run,dataset,run_role,kind,panel_code,panel,detector,budget_nominal,budget_target,attack_strength,n_total,n_A_B,n_A_J,n_timely_A_B,n_matched_contract_pass,n_all_trial_contract_pass,coverage_budget,coverage_joint,matched_burden_timely_at_k,matched_burden_contract_pass_rate,all_trial_contract_pass_rate,mean_tiw_clean_matched,mean_tiw_corrupted_matched,mean_cad_win_matched,mean_false_alert_events_corrupted_matched,matched_tol_budget,matched_tol_tiw,safety_eps,tiw_cap
cfpb_online_recal1_seed0,CFPB,canonical_on,corr_mix,all_only,control,T2,1.0,1.0,0.5,80,0,0,0,0,15,0.0,0.0,nan,nan,0.1875,nan,nan,nan,nan,0.1,0.1,0.1,0.15
cfpb_online_recal1_seed0,CFPB,canonical_on,corr_mix,all_only,control,cusum_factor_cov_lrt,1.0,1.0,0.5,80,80,0,37,0,0,1.0,0.0,0.4625,0.0,0.0,0.29137931034482756,0.29137931034482756,0.0,0.9543103448275861,0.1,0.1,0.1,0.15
cfpb_online_recal1_seed0,CFPB,canonical_on,corr_mix,all_only,control,ewma_factor_cov_lrt,1.0,1.0,0.5,80,0,0,0,0,7,0.0,0.0,nan,nan,0.0875,nan,nan,nan,nan,0.1,0.1,0.1,0.15
cfpb_online_recal1_seed0,CFPB,canonical_on,corr_mix,all_only,control,factor_cov_change,1.0,1.0,0.5,80,0,0,0,0,6,0.0,0.0,nan,nan,0.075,nan,nan,nan,nan,0.1,0.1,0.1,0.15
cfpb_online_recal1_seed0,CFPB,canonical_on,corr_mix,all_only,control,factor_cov_delta,1.0,1.0,0.5,80,0,0,0,0,12,0.0,0.0,nan,nan,0.15,nan,nan,nan,nan,0.1,0.1,0.1,0.15
cfpb_online_recal1_seed0,CFPB,canonical_on,corr_mix,all_only,control,factor_cov_lrt,1.0,1.0,0.5,80,0,0,0,0,6,0.0,0.0,nan,nan,0.075,nan,nan,nan,nan,0.1,0.1,0.1,0.15
cfpb_online_recal1_seed0,CFPB,canonical_on,corr_mix,all_only,control,factor_cov_lrt_delta,1.0,1.0,0.5,80,56,56,7,7,16,0.7,0.7,0.125,0.125,0.2,0.13546798029556653,0.13546798029556653,0.0,0.8275862068965517,0.1,0.1,0.1,0.15
cfpb_online_recal1_seed0,CFPB,canonical_on,corr_mix,all_only,control,fused_fisher,1.0,1.0,0.5,80,0,0,0,0,11,0.0,0.0,nan,nan,0.1375,nan,nan,nan,nan,0.1,0.1,0.1,0.15
cfpb_online_recal1_seed0,CFPB,canonical_on,corr_mix,all_only,control,fused_fisher_lrt_delta,1.0,1.0,0.5,80,0,0,0,0,12,0.0,0.0,nan,nan,0.15,nan,nan,nan,nan,0.1,0.1,0.1,0.15
cfpb_online_recal1_seed0,CFPB,canonical_on,corr_mix,all_only,control,fused_sp,1.0,1.0,0.5,80,0,0,0,0,13,0.0,0.0,nan,nan,0.1625,nan,nan,nan,nan,0.1,0.1,0.1,0.15
cfpb_online_recal1_seed0,CFPB,canonical_on,corr_mix,all_only,control,fused_sp_lrt_delta,1.0,1.0,0.5,80,0,0,0,0,10,0.0,0.0,nan,nan,0.125,nan,nan,nan,nan,0.1,0.1,0.1,0.15
cfpb_online_recal1_seed0,CFPB,canonical_on,corr_mix,all_only,control,max_abs,1.0,1.0,0.5,80,80,14,22,10,10,1.0,0.175,0.275,0.125,0.125,0.1877155172413793,0.1877155172413793,0.0,0.9594827586206897,0.1,0.1,0.1,0.15
cfpb_online_recal1_seed0,CFPB,canonical_on,corr_mix,all_only,control,pc_t2,1.0,1.0,0.5,80,0,0,0,0,5,0.0,0.0,nan,nan,0.0625,nan,nan,nan,nan,0.1,0.1,0.1,0.15
cfpb_online_recal1_seed0,CFPB,canonical_on,corr_mix,all_only,control,res_energy,1.0,1.0,0.5,80,0,0,0,0,17,0.0,0.0,nan,nan,0.2125,nan,nan,nan,nan,0.1,0.1,0.1,0.15
cfpb_online_recal1_seed0,CFPB,canonical_on,corr_mix,all_only,control,stale,1.0,1.0,0.5,80,60,9,5,5,17,0.75,0.1125,0.08333333333333333,0.08333333333333333,0.2125,0.16178160919540233,0.16178160919540233,0.0,0.8275862068965519,0.1,0.1,0.1,0.15
cfpb_online_recal1_seed0,CFPB,canonical_on,corr_mix,full,full,T2,1.0,1.0,0.5,80,0,0,0,0,9,0.0,0.0,nan,nan,0.1125,nan,nan,nan,nan,0.1,0.1,0.1,0.15
cfpb_online_recal1_seed0,CFPB,canonical_on,corr_mix,full,full,cusum_factor_cov_lrt,1.0,1.0,0.5,80,80,0,32,0,0,1.0,0.0,0.4,0.0,0.0,0.25323275862068967,0.2543103448275862,0.035416666666666666,1.114655172413793,0.1,0.1,0.1,0.15
cfpb_online_recal1_seed0,CFPB,canonical_on,corr_mix,full,full,ewma_factor_cov_lrt,1.0,1.0,0.5,80,0,0,0,0,11,0.0,0.0,nan,nan,0.1375,nan,nan,nan,nan,0.1,0.1,0.1,0.15
cfpb_online_recal1_seed0,CFPB,canonical_on,corr_mix,full,full,factor_cov_change,1.0,1.0,0.5,80,0,0,0,0,11,0.0,0.0,nan,nan,0.1375,nan,nan,nan,nan,0.1,0.1,0.1,0.15
cfpb_online_recal1_seed0,CFPB,canonical_on,corr_mix,full,full,factor_cov_delta,1.0,1.0,0.5,80,0,0,0,0,11,0.0,0.0,nan,nan,0.1375,nan,nan,nan,nan,0.1,0.1,0.1,0.15
cfpb_online_recal1_seed0,CFPB,canonical_on,corr_mix,full,full,factor_cov_lrt,1.0,1.0,0.5,80,0,0,0,0,9,0.0,0.0,nan,nan,0.1125,nan,nan,nan,nan,0.1,0.1,0.1,0.15
cfpb_online_recal1_seed0,CFPB,canonical_on,corr_mix,full,full,factor_cov_lrt_delta,1.0,1.0,0.5,80,4,4,1,0,0,0.05,0.05,0.25,0.0,0.0,0.10344827586206896,0.10344827586206896,0.20833333333333331,1.2413793103448276,0.1,0.1,0.1,0.15
cfpb_online_recal1_seed0,CFPB,canonical_on,corr_mix,full,full,fused_fisher,1.0,1.0,0.5,80,0,0,0,0,16,0.0,0.0,nan,nan,0.2,nan,nan,nan,nan,0.1,0.1,0.1,0.15
cfpb_online_recal1_seed0,CFPB,canonical_on,corr_mix,full,full,fused_fisher_lrt_delta,1.0,1.0,0.5,80,0,0,0,0,14,0.0,0.0,nan,nan,0.175,nan,nan,nan,nan,0.1,0.1,0.1,0.15
cfpb_online_recal1_seed0,CFPB,canonical_on,corr_mix,full,full,fused_sp,1.0,1.0,0.5,80,56,5,6,5,16,0.7,0.0625,0.10714285714285714,0.08928571428571429,0.2,0.18165024630541873,0.18165024630541873,0.0,0.8275862068965517,0.1,0.1,0.1,0.15
cfpb_online_recal1_seed0,CFPB,canonical_on,corr_mix,full,full,fused_sp_lrt_delta,1.0,1.0,0.5,80,56,5,6,5,16,0.7,0.0625,0.10714285714285714,0.08928571428571429,0.2,0.18165024630541873,0.18165024630541873,0.0,0.8275862068965517,0.1,0.1,0.1,0.15
cfpb_online_recal1_seed0,CFPB,canonical_on,corr_mix,full,full,max_abs,1.0,1.0,0.5,80,0,0,0,0,6,0.0,0.0,nan,nan,0.075,nan,nan,nan,nan,0.1,0.1,0.1,0.15
cfpb_online_recal1_seed0,CFPB,canonical_on,corr_mix,full,full,pc_t2,1.0,1.0,0.5,80,0,0,0,0,17,0.0,0.0,nan,nan,0.2125,nan,nan,nan,nan,0.1,0.1,0.1,0.15
cfpb_online_recal1_seed0,CFPB,canonical_on,corr_mix,full,full,res_energy,1.0,1.0,0.5,80,55,4,6,4,8,0.6875,0.05,0.10909090909090909,0.07272727272727272,0.1,0.21724137931034473,0.21724137931034473,0.0,0.8275862068965522,0.1,0.1,0.1,0.15
cfpb_online_recal1_seed0,CFPB,canonical_on,corr_mix,full,full,stale,1.0,1.0,0.5,80,53,5,9,2,5,0.6625,0.0625,0.16981132075471697,0.03773584905660377,0.0625,0.2075471698113207,0.20331815224463237,0.0880503144654088,0.8041639557579703,0.1,0.1,0.1,0.15
cfpb_online_recal1_seed0,CFPB,canonical_on,corr_mix,score_only,attacked,T2,1.0,1.0,0.5,80,52,0,3,0,2,0.65,0.0,0.057692307692307696,0.0,0.025,0.23872679045092837,0.23839522546419098,0.0,0.827586206896552,0.1,0.1,0.1,0.15
cfpb_online_recal1_seed0,CFPB,canonical_on,corr_mix,score_only,attacked,coh_resid_energy,1.0,1.0,0.5,80,80,14,21,14,14,1.0,0.175,0.2625,0.175,0.175,0.1872844827586207,0.18340517241379312,0.0,0.9206896551724139,0.1,0.1,0.1,0.15
cfpb_online_recal1_seed0,CFPB,canonical_on,corr_mix,score_only,attacked,coh_resid_t2,1.0,1.0,0.5,80,80,7,23,7,7,1.0,0.0875,0.2875,0.0875,0.0875,0.22133620689655173,0.22025862068965515,0.0,0.9413793103448278,0.1,0.1,0.1,0.15
cfpb_online_recal1_seed0,CFPB,canonical_on,corr_mix,score_only,attacked,cusum_coh_resid_t2,1.0,1.0,0.5,80,38,0,16,0,0,0.475,0.0,0.42105263157894735,0.0,0.0,0.2254990925589837,0.2254990925589837,0.04824561403508772,1.0508166969147006,0.1,0.1,0.1,0.15
cfpb_online_recal1_seed0,CFPB,canonical_on,corr_mix,score_only,attacked,cusum_factor_cov_lrt,1.0,1.0,0.5,80,77,0,50,0,0,0.9625,0.0,0.6493506493506493,0.0,0.0,0.4171518137035378,0.4178235557545902,0.006493506493506494,1.1500223914017016,0.1,0.1,0.1,0.15
cfpb_online_recal1_seed0,CFPB,canonical_on,corr_mix,score_only,attacked,ewma_coh_resid_t2,1.0,1.0,0.5,80,80,0,23,0,0,1.0,0.0,0.2875,0.0,0.0,0.2538793103448276,0.2543103448275862,0.020833333333333332,0.9413793103448278,0.1,0.1,0.1,0.15
cfpb_online_recal1_seed0,CFPB,canonical_on,corr_mix,score_only,attacked,ewma_factor_cov_lrt,1.0,1.0,0.5,80,0,0,0,0,13,0.0,0.0,nan,nan,0.1625,nan,nan,nan,nan,0.1,0.1,0.1,0.15
cfpb_online_recal1_seed0,CFPB,canonical_on,corr_mix,score_only,attacked,factor_cov_change,1.0,1.0,0.5,80,0,0,0,0,12,0.0,0.0,nan,nan,0.15,nan,nan,nan,nan,0.1,0.1,0.1,0.15
cfpb_online_recal1_seed0,CFPB,canonical_on,corr_mix,score_only,attacked,factor_cov_delta,1.0,1.0,0.5,80,0,0,0,0,11,0.0,0.0,nan,nan,0.1375,nan,nan,nan,nan,0.1,0.1,0.1,0.15
cfpb_online_recal1_seed0,CFPB,canonical_on,corr_mix,score_only,attacked,factor_cov_lrt,1.0,1.0,0.5,80,0,0,0,0,9,0.0,0.0,nan,nan,0.1125,nan,nan,nan,nan,0.1,0.1,0.1,0.15
cfpb_online_recal1_seed0,CFPB,canonical_on,corr_mix,score_only,attacked,factor_cov_lrt_delta,1.0,1.0,0.5,80,78,39,20,20,22,0.975,0.4875,0.2564102564102564,0.2564102564102564,0.275,0.15694076038903623,0.15782493368700265,0.0,0.9549071618037133,0.1,0.1,0.1,0.15
cfpb_online_recal1_seed0,CFPB,canonical_on,corr_mix,score_only,attacked,fused_fisher,1.0,1.0,0.5,80,77,36,18,18,21,0.9625,0.45,0.23376623376623376,0.23376623376623376,0.2625,0.15584415584415584,0.15248544558889385,0.04112554112554112,0.9189431258396774,0.1,0.1,0.1,0.15
cfpb_online_recal1_seed0,CFPB,canonical_on,corr_mix,score_only,attacked,fused_fisher_lrt_delta,1.0,1.0,0.5,80,0,0,0,0,14,0.0,0.0,nan,nan,0.175,nan,nan,nan,nan,0.1,0.1,0.1,0.15
cfpb_online_recal1_seed0,CFPB,canonical_on,corr_mix,score_only,attacked,fused_sp,1.0,1.0,0.5,80,55,2,5,1,4,0.6875,0.025,0.09090909090909091,0.01818181818181818,0.05,0.21849529780564259,0.21849529780564259,0.0,0.8275862068965522,0.1,0.1,0.1,0.15
cfpb_online_recal1_seed0,CFPB,canonical_on,corr_mix,score_only,attacked,fused_sp_lrt_delta,1.0,1.0,0.5,80,55,2,4,1,10,0.6875,0.025,0.07272727272727272,0.01818181818181818,0.125,0.20250783699059574,0.20250783699059574,0.0,0.8275862068965522,0.1,0.1,0.1,0.15
cfpb_online_recal1_seed0,CFPB,canonical_on,corr_mix,score_only,attacked,max_abs,1.0,1.0,0.5,80,0,0,0,0,6,0.0,0.0,nan,nan,0.075,nan,nan,nan,nan,0.1,0.1,0.1,0.15
cfpb_online_recal1_seed0,CFPB,canonical_on,corr_mix,score_only,attacked,pc_t2,1.0,1.0,0.5,80,58,6,4,3,13,0.725,0.075,0.06896551724137931,0.05172413793103448,0.1625,0.19857312722948872,0.19857312722948872,0.0,0.8275862068965518,0.1,0.1,0.1,0.15
cfpb_online_recal1_seed0,CFPB,canonical_on,corr_mix,score_only,attacked,res_energy,1.0,1.0,0.5,80,55,2,5,1,4,0.6875,0.025,0.09090909090909091,0.01818181818181818,0.05,0.21849529780564259,0.21849529780564259,0.0,0.8275862068965522,0.1,0.1,0.1,0.15
cfpb_online_recal1_seed0,CFPB,canonical_on,corr_mix,score_only,attacked,stale,1.0,1.0,0.5,80,0,0,0,0,15,0.0,0.0,nan,nan,0.1875,nan,nan,nan,nan,0.1,0.1,0.1,0.15
cfpb_online_recal1_seed0,CFPB,canonical_on,freeze,all_only,control,T2,1.0,1.0,1.0,80,0,0,0,0,15,0.0,0.0,nan,nan,0.1875,nan,nan,nan,nan,0.1,0.1,0.1,0.15
cfpb_online_recal1_seed0,CFPB,canonical_on,freeze,all_only,control,cusum_factor_cov_lrt,1.0,1.0,1.0,80,80,0,37,0,0,1.0,0.0,0.4625,0.0,0.0,0.29137931034482756,0.29137931034482756,0.0,0.9543103448275861,0.1,0.1,0.1,0.15
cfpb_online_recal1_seed0,CFPB,canonical_on,freeze,all_only,control,ewma_factor_cov_lrt,1.0,1.0,1.0,80,0,0,0,0,7,0.0,0.0,nan,nan,0.0875,nan,nan,nan,nan,0.1,0.1,0.1,0.15
cfpb_online_recal1_seed0,CFPB,canonical_on,freeze,all_only,control,factor_cov_change,1.0,1.0,1.0,80,0,0,0,0,6,0.0,0.0,nan,nan,0.075,nan,nan,nan,nan,0.1,0.1,0.1,0.15
cfpb_online_recal1_seed0,CFPB,canonical_on,freeze,all_only,control,factor_cov_delta,1.0,1.0,1.0,80,0,0,0,0,12,0.0,0.0,nan,nan,0.15,nan,nan,nan,nan,0.1,0.1,0.1,0.15
cfpb_online_recal1_seed0,CFPB,canonical_on,freeze,all_only,control,factor_cov_lrt,1.0,1.0,1.0,80,0,0,0,0,6,0.0,0.0,nan,nan,0.075,nan,nan,nan,nan,0.1,0.1,0.1,0.15
cfpb_online_recal1_seed0,CFPB,canonical_on,freeze,all_only,control,factor_cov_lrt_delta,1.0,1.0,1.0,80,56,56,7,7,16,0.7,0.7,0.125,0.125,0.2,0.13546798029556653,0.13546798029556653,0.0,0.8275862068965517,0.1,0.1,0.1,0.15
cfpb_online_recal1_seed0,CFPB,canonical_on,freeze,all_only,control,fused_fisher,1.0,1.0,1.0,80,0,0,0,0,11,0.0,0.0,nan,nan,0.1375,nan,nan,nan,nan,0.1,0.1,0.1,0.15
cfpb_online_recal1_seed0,CFPB,canonical_on,freeze,all_only,control,fused_fisher_lrt_delta,1.0,1.0,1.0,80,0,0,0,0,12,0.0,0.0,nan,nan,0.15,nan,nan,nan,nan,0.1,0.1,0.1,0.15
cfpb_online_recal1_seed0,CFPB,canonical_on,freeze,all_only,control,fused_sp,1.0,1.0,1.0,80,0,0,0,0,13,0.0,0.0,nan,nan,0.1625,nan,nan,nan,nan,0.1,0.1,0.1,0.15
cfpb_online_recal1_seed0,CFPB,canonical_on,freeze,all_only,control,fused_sp_lrt_delta,1.0,1.0,1.0,80,0,0,0,0,10,0.0,0.0,nan,nan,0.125,nan,nan,nan,nan,0.1,0.1,0.1,0.15
cfpb_online_recal1_seed0,CFPB,canonical_on,freeze,all_only,control,max_abs,1.0,1.0,1.0,80,80,14,22,10,10,1.0,0.175,0.275,0.125,0.125,0.1877155172413793,0.1877155172413793,0.0,0.9594827586206897,0.1,0.1,0.1,0.15
cfpb_online_recal1_seed0,CFPB,canonical_on,freeze,all_only,control,pc_t2,1.0,1.0,1.0,80,0,0,0,0,5,0.0,0.0,nan,nan,0.0625,nan,nan,nan,nan,0.1,0.1,0.1,0.15
cfpb_online_recal1_seed0,CFPB,canonical_on,freeze,all_only,control,res_energy,1.0,1.0,1.0,80,0,0,0,0,17,0.0,0.0,nan,nan,0.2125,nan,nan,nan,nan,0.1,0.1,0.1,0.15
cfpb_online_recal1_seed0,CFPB,canonical_on,freeze,all_only,control,stale,1.0,1.0,1.0,80,60,9,5,5,17,0.75,0.1125,0.08333333333333333,0.08333333333333333,0.2125,0.16178160919540233,0.16178160919540233,0.0,0.8275862068965519,0.1,0.1,0.1,0.15
cfpb_online_recal1_seed0,CFPB,canonical_on,freeze,full,full,T2,1.0,1.0,1.0,80,0,0,0,0,9,0.0,0.0,nan,nan,0.1125,nan,nan,nan,nan,0.1,0.1,0.1,0.15
cfpb_online_recal1_seed0,CFPB,canonical_on,freeze,full,full,cusum_factor_cov_lrt,1.0,1.0,1.0,80,80,0,57,0,0,1.0,0.0,0.7125,0.0,0.0,0.25323275862068967,0.25732758620689655,0.4854166666666666,1.1793103448275863,0.1,0.1,0.1,0.15
cfpb_online_recal1_seed0,CFPB,canonical_on,freeze,full,full,ewma_factor_cov_lrt,1.0,1.0,1.0,80,0,0,0,0,11,0.0,0.0,nan,nan,0.1375,nan,nan,nan,nan,0.1,0.1,0.1,0.15
cfpb_online_recal1_seed0,CFPB,canonical_on,freeze,full,full,factor_cov_change,1.0,1.0,1.0,80,0,0,0,0,8,0.0,0.0,nan,nan,0.1,nan,nan,nan,nan,0.1,0.1,0.1,0.15
cfpb_online_recal1_seed0,CFPB,canonical_on,freeze,full,full,factor_cov_delta,1.0,1.0,1.0,80,0,0,0,0,11,0.0,0.0,nan,nan,0.1375,nan,nan,nan,nan,0.1,0.1,0.1,0.15
cfpb_online_recal1_seed0,CFPB,canonical_on,freeze,full,full,factor_cov_lrt,1.0,1.0,1.0,80,0,0,0,0,18,0.0,0.0,nan,nan,0.225,nan,nan,nan,nan,0.1,0.1,0.1,0.15
cfpb_online_recal1_seed0,CFPB,canonical_on,freeze,full,full,factor_cov_lrt_delta,1.0,1.0,1.0,80,4,4,0,0,0,0.05,0.05,0.0,0.0,0.0,0.10344827586206896,0.11637931034482758,0.3333333333333333,1.3448275862068966,0.1,0.1,0.1,0.15
cfpb_online_recal1_seed0,CFPB,canonical_on,freeze,full,full,fused_fisher,1.0,1.0,1.0,80,0,0,0,0,16,0.0,0.0,nan,nan,0.2,nan,nan,nan,nan,0.1,0.1,0.1,0.15
cfpb_online_recal1_seed0,CFPB,canonical_on,freeze,full,full,fused_fisher_lrt_delta,1.0,1.0,1.0,80,0,0,0,0,14,0.0,0.0,nan,nan,0.175,nan,nan,nan,nan,0.1,0.1,0.1,0.15
cfpb_online_recal1_seed0,CFPB,canonical_on,freeze,full,full,fused_sp,1.0,1.0,1.0,80,56,5,8,5,16,0.7,0.0625,0.14285714285714285,0.08928571428571429,0.2,0.18165024630541873,0.1807266009852217,0.044642857142857144,0.8054187192118227,0.1,0.1,0.1,0.15
cfpb_online_recal1_seed0,CFPB,canonical_on,freeze,full,full,fused_sp_lrt_delta,1.0,1.0,1.0,80,56,5,4,1,12,0.7,0.0625,0.07142857142857142,0.017857142857142856,0.15,0.18165024630541873,0.1807266009852217,0.044642857142857144,0.8017241379310346,0.1,0.1,0.1,0.15
cfpb_online_recal1_seed0,CFPB,canonical_on,freeze,full,full,max_abs,1.0,1.0,1.0,80,0,0,0,0,6,0.0,0.0,nan,nan,0.075,nan,nan,nan,nan,0.1,0.1,0.1,0.15
cfpb_online_recal1_seed0,CFPB,canonical_on,freeze,full,full,pc_t2,1.0,1.0,1.0,80,0,0,0,0,17,0.0,0.0,nan,nan,0.2125,nan,nan,nan,nan,0.1,0.1,0.1,0.15
cfpb_online_recal1_seed0,CFPB,canonical_on,freeze,full,full,res_energy,1.0,1.0,1.0,80,55,4,9,4,8,0.6875,0.05,0.16363636363636364,0.07272727272727272,0.1,0.21724137931034473,0.21661442006269585,0.03939393939393939,0.8200626959247653,0.1,0.1,0.1,0.15
cfpb_online_recal1_seed0,CFPB,canonical_on,freeze,full,full,stale,1.0,1.0,1.0,80,53,5,34,5,10,0.6625,0.0625,0.6415094339622641,0.09433962264150944,0.125,0.2075471698113207,0.20949902407286924,0.5723270440251572,0.882238126219909,0.1,0.1,0.1,0.15
cfpb_online_recal1_seed0,CFPB,canonical_on,freeze,score_only,attacked,T2,1.0,1.0,1.0,80,52,0,4,0,2,0.65,0.0,0.07692307692307693,0.0,0.025,0.23872679045092837,0.23872679045092837,0.009615384615384616,0.827586206896552,0.1,0.1,0.1,0.15
cfpb_online_recal1_seed0,CFPB,canonical_on,freeze,score_only,attacked,coh_resid_energy,1.0,1.0,1.0,80,80,14,31,14,14,1.0,0.175,0.3875,0.175,0.175,0.1872844827586207,0.16918103448275862,0.19166666666666665,0.7525862068965518,0.1,0.1,0.1,0.15
cfpb_online_recal1_seed0,CFPB,canonical_on,freeze,score_only,attacked,coh_resid_t2,1.0,1.0,1.0,80,80,7,64,7,7,1.0,0.0875,0.8,0.0875,0.0875,0.22133620689655173,0.20150862068965517,0.4083333333333333,0.796551724137931,0.1,0.1,0.1,0.15
cfpb_online_recal1_seed0,CFPB,canonical_on,freeze,score_only,attacked,cusum_coh_resid_t2,1.0,1.0,1.0,80,38,0,31,0,0,0.475,0.0,0.8157894736842105,0.0,0.0,0.2254990925589837,0.2223230490018149,0.6535087719298245,1.0508166969147006,0.1,0.1,0.1,0.15
cfpb_online_recal1_seed0,CFPB,canonical_on,freeze,score_only,attacked,cusum_factor_cov_lrt,1.0,1.0,1.0,80,77,0,68,0,0,0.9625,0.0,0.8831168831168831,0.0,0.0,0.4171518137035378,0.4308105687416033,0.30519480519480513,1.1742051052395879,0.1,0.1,0.1,0.15
cfpb_online_recal1_seed0,CFPB,canonical_on,freeze,score_only,attacked,ewma_coh_resid_t2,1.0,1.0,1.0,80,80,0,54,0,0,1.0,0.0,0.675,0.0,0.0,0.2538793103448276,0.23426724137931038,0.4854166666666666,0.7706896551724137,0.1,0.1,0.1,0.15
cfpb_online_recal1_seed0,CFPB,canonical_on,freeze,score_only,attacked,ewma_factor_cov_lrt,1.0,1.0,1.0,80,0,0,0,0,22,0.0,0.0,nan,nan,0.275,nan,nan,nan,nan,0.1,0.1,0.1,0.15
cfpb_online_recal1_seed0,CFPB,canonical_on,freeze,score_only,attacked,factor_cov_change,1.0,1.0,1.0,80,0,0,0,0,8,0.0,0.0,nan,nan,0.1,nan,nan,nan,nan,0.1,0.1,0.1,0.15
cfpb_online_recal1_seed0,CFPB,canonical_on,freeze,score_only,attacked,factor_cov_delta,1.0,1.0,1.0,80,0,0,0,0,11,0.0,0.0,nan,nan,0.1375,nan,nan,nan,nan,0.1,0.1,0.1,0.15
cfpb_online_recal1_seed0,CFPB,canonical_on,freeze,score_only,attacked,factor_cov_lrt,1.0,1.0,1.0,80,0,0,0,0,26,0.0,0.0,nan,nan,0.325,nan,nan,nan,nan,0.1,0.1,0.1,0.15
cfpb_online_recal1_seed0,CFPB,canonical_on,freeze,score_only,attacked,factor_cov_lrt_delta,1.0,1.0,1.0,80,78,39,0,0,0,0.975,0.4875,0.0,0.0,0.0,0.15694076038903623,0.17617152961980553,0.14957264957264957,1.0238726790450927,0.1,0.1,0.1,0.15
cfpb_online_recal1_seed0,CFPB,canonical_on,freeze,score_only,attacked,fused_fisher,1.0,1.0,1.0,80,77,36,34,26,27,0.9625,0.45,0.44155844155844154,0.33766233766233766,0.3375,0.15584415584415584,0.15539632781012092,0.1753246753246753,0.8571428571428571,0.1,0.1,0.1,0.15
cfpb_online_recal1_seed0,CFPB,canonical_on,freeze,score_only,attacked,fused_fisher_lrt_delta,1.0,1.0,1.0,80,0,0,0,0,14,0.0,0.0,nan,nan,0.175,nan,nan,nan,nan,0.1,0.1,0.1,0.15
cfpb_online_recal1_seed0,CFPB,canonical_on,freeze,score_only,attacked,fused_sp,1.0,1.0,1.0,80,55,2,6,1,4,0.6875,0.025,0.10909090909090909,0.01818181818181818,0.05,0.21849529780564259,0.21974921630094035,0.006060606060606061,0.8426332288401258,0.1,0.1,0.1,0.15
cfpb_online_recal1_seed0,CFPB,canonical_on,freeze,score_only,attacked,fused_sp_lrt_delta,1.0,1.0,1.0,80,55,2,5,1,9,0.6875,0.025,0.09090909090909091,0.01818181818181818,0.1125,0.20250783699059574,0.2047021943573668,0.006060606060606061,0.8388714733542323,0.1,0.1,0.1,0.15
cfpb_online_recal1_seed0,CFPB,canonical_on,freeze,score_only,attacked,max_abs,1.0,1.0,1.0,80,0,0,0,0,6,0.0,0.0,nan,nan,0.075,nan,nan,nan,nan,0.1,0.1,0.1,0.15
cfpb_online_recal1_seed0,CFPB,canonical_on,freeze,score_only,attacked,pc_t2,1.0,1.0,1.0,80,58,6,6,3,13,0.725,0.075,0.10344827586206896,0.05172413793103448,0.1625,0.19857312722948872,0.19827586206896552,0.014367816091954021,0.8133174791914389,0.1,0.1,0.1,0.15
cfpb_online_recal1_seed0,CFPB,canonical_on,freeze,score_only,attacked,res_energy,1.0,1.0,1.0,80,55,2,8,1,4,0.6875,0.025,0.14545454545454545,0.01818181818181818,0.05,0.21849529780564259,0.22100313479623818,0.02727272727272727,0.8501567398119128,0.1,0.1,0.1,0.15
cfpb_online_recal1_seed0,CFPB,canonical_on,freeze,score_only,attacked,stale,1.0,1.0,1.0,80,0,0,0,0,19,0.0,0.0,nan,nan,0.2375,nan,nan,nan,nan,0.1,0.1,0.1,0.15
cfpb_online_recal0_seed0,CFPB,canonical_off,corr_mix,all_only,control,T2,1.0,1.0,0.5,80,47,0,29,0,0,0.5875,0.0,0.6170212765957447,0.0,0.0,0.3921496698459283,0.3921496698459283,0.0,1.2413793103448272,0.1,0.1,0.1,0.15
cfpb_online_recal0_seed0,CFPB,canonical_off,corr_mix,all_only,control,cusum_factor_cov_lrt,1.0,1.0,0.5,80,80,0,37,0,0,1.0,0.0,0.4625,0.0,0.0,0.29137931034482756,0.29137931034482756,0.0,0.9543103448275861,0.1,0.1,0.1,0.15
cfpb_online_recal0_seed0,CFPB,canonical_off,corr_mix,all_only,control,ewma_factor_cov_lrt,1.0,1.0,0.5,80,0,0,0,0,12,0.0,0.0,nan,nan,0.15,nan,nan,nan,nan,0.1,0.1,0.1,0.15
cfpb_online_recal0_seed0,CFPB,canonical_off,corr_mix,all_only,control,factor_cov_change,1.0,1.0,0.5,80,33,0,25,0,0,0.4125,0.0,0.7575757575757576,0.0,0.0,0.5276907001044933,0.5276907001044933,0.0,1.2413793103448276,0.1,0.1,0.1,0.15
cfpb_online_recal0_seed0,CFPB,canonical_off,corr_mix,all_only,control,factor_cov_delta,1.0,1.0,0.5,80,0,0,0,0,0,0.0,0.0,nan,nan,0.0,nan,nan,nan,nan,0.1,0.1,0.1,0.15
cfpb_online_recal0_seed0,CFPB,canonical_off,corr_mix,all_only,control,factor_cov_lrt,1.0,1.0,0.5,80,64,4,16,4,5,0.8,0.05,0.25,0.0625,0.0625,0.22117456896551724,0.22117456896551724,0.0,0.8275862068965517,0.1,0.1,0.1,0.15
cfpb_online_recal0_seed0,CFPB,canonical_off,corr_mix,all_only,control,factor_cov_lrt_delta,1.0,1.0,0.5,80,0,0,0,0,0,0.0,0.0,nan,nan,0.0,nan,nan,nan,nan,0.1,0.1,0.1,0.15
cfpb_online_recal0_seed0,CFPB,canonical_off,corr_mix,all_only,control,fused_fisher,1.0,1.0,0.5,80,35,0,23,0,0,0.4375,0.0,0.6571428571428571,0.0,0.0,0.4399014778325124,0.4399014778325124,0.0,1.2413793103448274,0.1,0.1,0.1,0.15
cfpb_online_recal0_seed0,CFPB,canonical_off,corr_mix,all_only,control,fused_fisher_lrt_delta,1.0,1.0,0.5,80,50,0,29,0,0,0.625,0.0,0.58,0.0,0.0,0.2889655172413793,0.2889655172413793,0.0,1.2413793103448274,0.1,0.1,0.1,0.15
cfpb_online_recal0_seed0,CFPB,canonical_off,corr_mix,all_only,control,fused_sp,1.0,1.0,0.5,80,0,0,0,0,0,0.0,0.0,nan,nan,0.0,nan,nan,nan,nan,0.1,0.1,0.1,0.15
cfpb_online_recal0_seed0,CFPB,canonical_off,corr_mix,all_only,control,fused_sp_lrt_delta,1.0,1.0,0.5,80,45,0,18,0,0,0.5625,0.0,0.4,0.0,0.0,0.2812260536398466,0.2812260536398466,0.0,1.2413793103448274,0.1,0.1,0.1,0.15
cfpb_online_recal0_seed0,CFPB,canonical_off,corr_mix,all_only,control,max_abs,1.0,1.0,0.5,80,0,0,0,0,0,0.0,0.0,nan,nan,0.0,nan,nan,nan,nan,0.1,0.1,0.1,0.15
cfpb_online_recal0_seed0,CFPB,canonical_off,corr_mix,all_only,control,pc_t2,1.0,1.0,0.5,80,80,0,25,0,0,1.0,0.0,0.3125,0.0,0.0,0.2650862068965517,0.2650862068965517,0.0,1.1560344827586206,0.1,0.1,0.1,0.15
cfpb_online_recal0_seed0,CFPB,canonical_off,corr_mix,all_only,control,res_energy,1.0,1.0,0.5,80,42,0,21,0,0,0.525,0.0,0.5,0.0,0.0,0.35714285714285704,0.35714285714285704,0.0,1.2364532019704433,0.1,0.1,0.1,0.15
cfpb_online_recal0_seed0,CFPB,canonical_off,corr_mix,all_only,control,stale,1.0,1.0,0.5,80,80,80,18,18,18,1.0,1.0,0.225,0.225,0.225,0.09375,0.09375,0.0,1.125,0.1,0.1,0.1,0.15
cfpb_online_recal0_seed0,CFPB,canonical_off,corr_mix,full,full,T2,1.0,1.0,0.5,80,80,0,49,0,0,1.0,0.0,0.6125,0.0,0.0,0.41918103448275856,0.4112068965517241,0.020833333333333332,1.153448275862069,0.1,0.1,0.1,0.15
cfpb_online_recal0_seed0,CFPB,canonical_off,corr_mix,full,full,cusum_factor_cov_lrt,1.0,1.0,0.5,80,80,0,32,0,0,1.0,0.0,0.4,0.0,0.0,0.25323275862068967,0.2543103448275862,0.035416666666666666,1.114655172413793,0.1,0.1,0.1,0.15
cfpb_online_recal0_seed0,CFPB,canonical_off,corr_mix,full,full,ewma_factor_cov_lrt,1.0,1.0,0.5,80,0,0,0,0,6,0.0,0.0,nan,nan,0.075,nan,nan,nan,nan,0.1,0.1,0.1,0.15
cfpb_online_recal0_seed0,CFPB,canonical_off,corr_mix,full,full,factor_cov_change,1.0,1.0,0.5,80,36,0,30,0,0,0.45,0.0,0.8333333333333334,0.0,0.0,0.49425287356321834,0.49425287356321834,0.0,1.2413793103448274,0.1,0.1,0.1,0.15
cfpb_online_recal0_seed0,CFPB,canonical_off,corr_mix,full,full,factor_cov_delta,1.0,1.0,0.5,80,2,0,2,0,0,0.025,0.0,1.0,0.0,0.0,0.41379310344827586,0.41379310344827586,0.0,1.2413793103448276,0.1,0.1,0.1,0.15
cfpb_online_recal0_seed0,CFPB,canonical_off,corr_mix,full,full,factor_cov_lrt,1.0,1.0,0.5,80,0,0,0,0,9,0.0,0.0,nan,nan,0.1125,nan,nan,nan,nan,0.1,0.1,0.1,0.15
cfpb_online_recal0_seed0,CFPB,canonical_off,corr_mix,full,full,factor_cov_lrt_delta,1.0,1.0,0.5,80,0,0,0,0,0,0.0,0.0,nan,nan,0.0,nan,nan,nan,nan,0.1,0.1,0.1,0.15
cfpb_online_recal0_seed0,CFPB,canonical_off,corr_mix,full,full,fused_fisher,1.0,1.0,0.5,80,45,0,22,0,0,0.5625,0.0,0.4888888888888889,0.0,0.0,0.33639846743295015,0.33295019157088124,0.1074074074074074,1.2137931034482756,0.1,0.1,0.1,0.15
cfpb_online_recal0_seed0,CFPB,canonical_off,corr_mix,full,full,fused_fisher_lrt_delta,1.0,1.0,0.5,80,0,0,0,0,0,0.0,0.0,nan,nan,0.0,nan,nan,nan,nan,0.1,0.1,0.1,0.15
cfpb_online_recal0_seed0,CFPB,canonical_off,corr_mix,full,full,fused_sp,1.0,1.0,0.5,80,0,0,0,0,0,0.0,0.0,nan,nan,0.0,nan,nan,nan,nan,0.1,0.1,0.1,0.15
cfpb_online_recal0_seed0,CFPB,canonical_off,corr_mix,full,full,fused_sp_lrt_delta,1.0,1.0,0.5,80,80,0,29,0,0,1.0,0.0,0.3625,0.0,0.0,0.2827586206896552,0.28405172413793106,0.04375,1.1327586206896552,0.1,0.1,0.1,0.15
cfpb_online_recal0_seed0,CFPB,canonical_off,corr_mix,full,full,max_abs,1.0,1.0,0.5,80,35,0,22,0,0,0.4375,0.0,0.6285714285714286,0.0,0.0,0.43004926108374375,0.43004926108374375,0.0,1.2413793103448274,0.1,0.1,0.1,0.15
cfpb_online_recal0_seed0,CFPB,canonical_off,corr_mix,full,full,pc_t2,1.0,1.0,0.5,80,41,0,31,0,0,0.5125,0.0,0.7560975609756098,0.0,0.0,0.40075693860386885,0.40075693860386885,0.0,1.2363330529857022,0.1,0.1,0.1,0.15
cfpb_online_recal0_seed0,CFPB,canonical_off,corr_mix,full,full,res_energy,1.0,1.0,0.5,80,80,0,28,0,0,1.0,0.0,0.35,0.0,0.0,0.2991379310344827,0.30043103448275865,0.04375,1.1405172413793103,0.1,0.1,0.1,0.15
cfpb_online_recal0_seed0,CFPB,canonical_off,corr_mix,full,full,stale,1.0,1.0,0.5,80,0,0,0,0,5,0.0,0.0,nan,nan,0.0625,nan,nan,nan,nan,0.1,0.1,0.1,0.15
cfpb_online_recal0_seed0,CFPB,canonical_off,corr_mix,score_only,attacked,T2,1.0,1.0,0.5,80,80,0,41,0,0,1.0,0.0,0.5125,0.0,0.0,0.40840517241379315,0.4112068965517242,0.03333333333333333,1.1586206896551725,0.1,0.1,0.1,0.15
cfpb_online_recal0_seed0,CFPB,canonical_off,corr_mix,score_only,attacked,coh_resid_energy,1.0,1.0,0.5,80,80,0,27,0,0,1.0,0.0,0.3375,0.0,0.0,0.2665948275862069,0.2665948275862069,0.0,0.9387931034482759,0.1,0.1,0.1,0.15
cfpb_online_recal0_seed0,CFPB,canonical_off,corr_mix,score_only,attacked,coh_resid_t2,1.0,1.0,0.5,80,3,0,3,0,0,0.0375,0.0,1.0,0.0,0.0,0.39655172413793105,0.39655172413793105,0.0,1.2413793103448276,0.1,0.1,0.1,0.15
cfpb_online_recal0_seed0,CFPB,canonical_off,corr_mix,score_only,attacked,cusum_coh_resid_t2,1.0,1.0,0.5,80,38,0,16,0,0,0.475,0.0,0.42105263157894735,0.0,0.0,0.2254990925589837,0.2254990925589837,0.04824561403508772,1.0508166969147006,0.1,0.1,0.1,0.15
cfpb_online_recal0_seed0,CFPB,canonical_off,corr_mix,score_only,attacked,cusum_factor_cov_lrt,1.0,1.0,0.5,80,77,0,50,0,0,0.9625,0.0,0.6493506493506493,0.0,0.0,0.4171518137035378,0.4178235557545902,0.006493506493506494,1.1500223914017016,0.1,0.1,0.1,0.15
cfpb_online_recal0_seed0,CFPB,canonical_off,corr_mix,score_only,attacked,ewma_coh_resid_t2,1.0,1.0,0.5,80,44,0,30,0,0,0.55,0.0,0.6818181818181818,0.0,0.0,0.54858934169279,0.5446708463949844,0.041666666666666664,1.189655172413793,0.1,0.1,0.1,0.15
cfpb_online_recal0_seed0,CFPB,canonical_off,corr_mix,score_only,attacked,ewma_factor_cov_lrt,1.0,1.0,0.5,80,80,0,37,0,0,1.0,0.0,0.4625,0.0,0.0,0.4086206896551724,0.4043103448275863,0.0,0.9982758620689655,0.1,0.1,0.1,0.15
cfpb_online_recal0_seed0,CFPB,canonical_off,corr_mix,score_only,attacked,factor_cov_change,1.0,1.0,0.5,80,39,0,35,0,0,0.4875,0.0,0.8974358974358975,0.0,0.0,0.47701149425287354,0.47701149425287354,0.0,1.2413793103448272,0.1,0.1,0.1,0.15
cfpb_online_recal0_seed0,CFPB,canonical_off,corr_mix,score_only,attacked,factor_cov_delta,1.0,1.0,0.5,80,0,0,0,0,0,0.0,0.0,nan,nan,0.0,nan,nan,nan,nan,0.1,0.1,0.1,0.15
cfpb_online_recal0_seed0,CFPB,canonical_off,corr_mix,score_only,attacked,factor_cov_lrt,1.0,1.0,0.5,80,80,0,33,0,0,1.0,0.0,0.4125,0.0,0.0,0.32844827586206893,0.3273706896551724,0.020833333333333332,0.993103448275862,0.1,0.1,0.1,0.15
cfpb_online_recal0_seed0,CFPB,canonical_off,corr_mix,score_only,attacked,factor_cov_lrt_delta,1.0,1.0,0.5,80,0,0,0,0,0,0.0,0.0,nan,nan,0.0,nan,nan,nan,nan,0.1,0.1,0.1,0.15
cfpb_online_recal0_seed0,CFPB,canonical_off,corr_mix,score_only,attacked,fused_fisher,1.0,1.0,0.5,80,44,0,24,0,0,0.55,0.0,0.5454545454545454,0.0,0.0,0.36363636363636365,0.36363636363636365,0.0,1.227272727272727,0.1,0.1,0.1,0.15
cfpb_online_recal0_seed0,CFPB,canonical_off,corr_mix,score_only,attacked,fused_fisher_lrt_delta,1.0,1.0,0.5,80,0,0,0,0,0,0.0,0.0,nan,nan,0.0,nan,nan,nan,nan,0.1,0.1,0.1,0.15
cfpb_online_recal0_seed0,CFPB,canonical_off,corr_mix,score_only,attacked,fused_sp,1.0,1.0,0.5,80,50,0,30,0,0,0.625,0.0,0.6,0.0,0.0,0.3820689655172414,0.3803448275862069,0.07,1.2206896551724138,0.1,0.1,0.1,0.15
cfpb_online_recal0_seed0,CFPB,canonical_off,corr_mix,score_only,attacked,fused_sp_lrt_delta,1.0,1.0,0.5,80,80,0,38,0,0,1.0,0.0,0.475,0.0,0.0,0.2991379310344827,0.30323275862068966,0.05833333333333333,1.1301724137931035,0.1,0.1,0.1,0.15
cfpb_online_recal0_seed0,CFPB,canonical_off,corr_mix,score_only,attacked,max_abs,1.0,1.0,0.5,80,31,0,21,0,0,0.3875,0.0,0.6774193548387096,0.0,0.0,0.4360400444938821,0.4360400444938821,0.0,1.2413793103448274,0.1,0.1,0.1,0.15
cfpb_online_recal0_seed0,CFPB,canonical_off,corr_mix,score_only,attacked,pc_t2,1.0,1.0,0.5,80,80,0,38,0,0,1.0,0.0,0.475,0.0,0.0,0.36142241379310347,0.36142241379310347,0.0,1.163793103448276,0.1,0.1,0.1,0.15
cfpb_online_recal0_seed0,CFPB,canonical_off,corr_mix,score_only,attacked,res_energy,1.0,1.0,0.5,80,80,0,38,0,0,1.0,0.0,0.475,0.0,0.0,0.3448275862068965,0.3377155172413794,0.07291666666666666,1.1379310344827587,0.1,0.1,0.1,0.15
cfpb_online_recal0_seed0,CFPB,canonical_off,corr_mix,score_only,attacked,stale,1.0,1.0,0.5,80,0,0,0,0,5,0.0,0.0,nan,nan,0.0625,nan,nan,nan,nan,0.1,0.1,0.1,0.15
cfpb_online_recal0_seed0,CFPB,canonical_off,freeze,all_only,control,T2,1.0,1.0,1.0,80,47,0,29,0,0,0.5875,0.0,0.6170212765957447,0.0,0.0,0.3921496698459283,0.3921496698459283,0.0,1.2413793103448272,0.1,0.1,0.1,0.15
cfpb_online_recal0_seed0,CFPB,canonical_off,freeze,all_only,control,cusum_factor_cov_lrt,1.0,1.0,1.0,80,80,0,37,0,0,1.0,0.0,0.4625,0.0,0.0,0.29137931034482756,0.29137931034482756,0.0,0.9543103448275861,0.1,0.1,0.1,0.15
cfpb_online_recal0_seed0,CFPB,canonical_off,freeze,all_only,control,ewma_factor_cov_lrt,1.0,1.0,1.0,80,0,0,0,0,12,0.0,0.0,nan,nan,0.15,nan,nan,nan,nan,0.1,0.1,0.1,0.15
cfpb_online_recal0_seed0,CFPB,canonical_off,freeze,all_only,control,factor_cov_change,1.0,1.0,1.0,80,33,0,25,0,0,0.4125,0.0,0.7575757575757576,0.0,0.0,0.5276907001044933,0.5276907001044933,0.0,1.2413793103448276,0.1,0.1,0.1,0.15
cfpb_online_recal0_seed0,CFPB,canonical_off,freeze,all_only,control,factor_cov_delta,1.0,1.0,1.0,80,0,0,0,0,0,0.0,0.0,nan,nan,0.0,nan,nan,nan,nan,0.1,0.1,0.1,0.15
cfpb_online_recal0_seed0,CFPB,canonical_off,freeze,all_only,control,factor_cov_lrt,1.0,1.0,1.0,80,64,4,16,4,5,0.8,0.05,0.25,0.0625,0.0625,0.22117456896551724,0.22117456896551724,0.0,0.8275862068965517,0.1,0.1,0.1,0.15
cfpb_online_recal0_seed0,CFPB,canonical_off,freeze,all_only,control,factor_cov_lrt_delta,1.0,1.0,1.0,80,0,0,0,0,0,0.0,0.0,nan,nan,0.0,nan,nan,nan,nan,0.1,0.1,0.1,0.15
cfpb_online_recal0_seed0,CFPB,canonical_off,freeze,all_only,control,fused_fisher,1.0,1.0,1.0,80,35,0,23,0,0,0.4375,0.0,0.6571428571428571,0.0,0.0,0.4399014778325124,0.4399014778325124,0.0,1.2413793103448274,0.1,0.1,0.1,0.15
cfpb_online_recal0_seed0,CFPB,canonical_off,freeze,all_only,control,fused_fisher_lrt_delta,1.0,1.0,1.0,80,50,0,29,0,0,0.625,0.0,0.58,0.0,0.0,0.2889655172413793,0.2889655172413793,0.0,1.2413793103448274,0.1,0.1,0.1,0.15
cfpb_online_recal0_seed0,CFPB,canonical_off,freeze,all_only,control,fused_sp,1.0,1.0,1.0,80,0,0,0,0,0,0.0,0.0,nan,nan,0.0,nan,nan,nan,nan,0.1,0.1,0.1,0.15
cfpb_online_recal0_seed0,CFPB,canonical_off,freeze,all_only,control,fused_sp_lrt_delta,1.0,1.0,1.0,80,45,0,18,0,0,0.5625,0.0,0.4,0.0,0.0,0.2812260536398466,0.2812260536398466,0.0,1.2413793103448274,0.1,0.1,0.1,0.15
cfpb_online_recal0_seed0,CFPB,canonical_off,freeze,all_only,control,max_abs,1.0,1.0,1.0,80,0,0,0,0,0,0.0,0.0,nan,nan,0.0,nan,nan,nan,nan,0.1,0.1,0.1,0.15
cfpb_online_recal0_seed0,CFPB,canonical_off,freeze,all_only,control,pc_t2,1.0,1.0,1.0,80,80,0,25,0,0,1.0,0.0,0.3125,0.0,0.0,0.2650862068965517,0.2650862068965517,0.0,1.1560344827586206,0.1,0.1,0.1,0.15
cfpb_online_recal0_seed0,CFPB,canonical_off,freeze,all_only,control,res_energy,1.0,1.0,1.0,80,42,0,21,0,0,0.525,0.0,0.5,0.0,0.0,0.35714285714285704,0.35714285714285704,0.0,1.2364532019704433,0.1,0.1,0.1,0.15
cfpb_online_recal0_seed0,CFPB,canonical_off,freeze,all_only,control,stale,1.0,1.0,1.0,80,80,80,18,18,18,1.0,1.0,0.225,0.225,0.225,0.09375,0.09375,0.0,1.125,0.1,0.1,0.1,0.15
cfpb_online_recal0_seed0,CFPB,canonical_off,freeze,full,full,T2,1.0,1.0,1.0,80,80,0,64,0,0,1.0,0.0,0.8,0.0,0.0,0.41918103448275856,0.4012931034482759,0.3416666666666667,1.1301724137931035,0.1,0.1,0.1,0.15
cfpb_online_recal0_seed0,CFPB,canonical_off,freeze,full,full,cusum_factor_cov_lrt,1.0,1.0,1.0,80,80,0,57,0,0,1.0,0.0,0.7125,0.0,0.0,0.25323275862068967,0.25732758620689655,0.4854166666666666,1.1793103448275863,0.1,0.1,0.1,0.15
cfpb_online_recal0_seed0,CFPB,canonical_off,freeze,full,full,ewma_factor_cov_lrt,1.0,1.0,1.0,80,0,0,0,0,6,0.0,0.0,nan,nan,0.075,nan,nan,nan,nan,0.1,0.1,0.1,0.15
cfpb_online_recal0_seed0,CFPB,canonical_off,freeze,full,full,factor_cov_change,1.0,1.0,1.0,80,36,0,23,0,0,0.45,0.0,0.6388888888888888,0.0,0.0,0.49425287356321834,0.5114942528735633,0.375,1.235632183908046,0.1,0.1,0.1,0.15
cfpb_online_recal0_seed0,CFPB,canonical_off,freeze,full,full,factor_cov_delta,1.0,1.0,1.0,80,2,0,2,0,0,0.025,0.0,1.0,0.0,0.0,0.41379310344827586,0.43103448275862066,0.3333333333333333,1.4482758620689655,0.1,0.1,0.1,0.15
cfpb_online_recal0_seed0,CFPB,canonical_off,freeze,full,full,factor_cov_lrt,1.0,1.0,1.0,80,0,0,0,0,18,0.0,0.0,nan,nan,0.225,nan,nan,nan,nan,0.1,0.1,0.1,0.15
cfpb_online_recal0_seed0,CFPB,canonical_off,freeze,full,full,factor_cov_lrt_delta,1.0,1.0,1.0,80,0,0,0,0,0,0.0,0.0,nan,nan,0.0,nan,nan,nan,nan,0.1,0.1,0.1,0.15
cfpb_online_recal0_seed0,CFPB,canonical_off,freeze,full,full,fused_fisher,1.0,1.0,1.0,80,45,0,26,0,0,0.5625,0.0,0.5777777777777777,0.0,0.0,0.33639846743295015,0.3314176245210728,0.3333333333333333,1.218390804597701,0.1,0.1,0.1,0.15
cfpb_online_recal0_seed0,CFPB,canonical_off,freeze,full,full,fused_fisher_lrt_delta,1.0,1.0,1.0,80,0,0,0,0,0,0.0,0.0,nan,nan,0.0,nan,nan,nan,nan,0.1,0.1,0.1,0.15
cfpb_online_recal0_seed0,CFPB,canonical_off,freeze,full,full,fused_sp,1.0,1.0,1.0,80,0,0,0,0,0,0.0,0.0,nan,nan,0.0,nan,nan,nan,nan,0.1,0.1,0.1,0.15
cfpb_online_recal0_seed0,CFPB,canonical_off,freeze,full,full,fused_sp_lrt_delta,1.0,1.0,1.0,80,80,0,29,0,0,1.0,0.0,0.3625,0.0,0.0,0.2827586206896552,0.2823275862068965,0.21875,1.1275862068965519,0.1,0.1,0.1,0.15
cfpb_online_recal0_seed0,CFPB,canonical_off,freeze,full,full,max_abs,1.0,1.0,1.0,80,35,0,24,0,0,0.4375,0.0,0.6857142857142857,0.0,0.0,0.43004926108374375,0.44039408866995067,0.18095238095238095,1.3241379310344827,0.1,0.1,0.1,0.15
cfpb_online_recal0_seed0,CFPB,canonical_off,freeze,full,full,pc_t2,1.0,1.0,1.0,80,41,0,31,0,0,0.5125,0.0,0.7560975609756098,0.0,0.0,0.40075693860386885,0.4142136248948696,0.15853658536585366,1.2918418839360806,0.1,0.1,0.1,0.15
cfpb_online_recal0_seed0,CFPB,canonical_off,freeze,full,full,res_energy,1.0,1.0,1.0,80,80,0,32,0,0,1.0,0.0,0.4,0.0,0.0,0.2991379310344827,0.3006465517241379,0.20416666666666666,1.1586206896551725,0.1,0.1,0.1,0.15
cfpb_online_recal0_seed0,CFPB,canonical_off,freeze,full,full,stale,1.0,1.0,1.0,80,0,0,0,0,60,0.0,0.0,nan,nan,0.75,nan,nan,nan,nan,0.1,0.1,0.1,0.15
cfpb_online_recal0_seed0,CFPB,canonical_off,freeze,score_only,attacked,T2,1.0,1.0,1.0,80,80,0,35,0,0,1.0,0.0,0.4375,0.0,0.0,0.40840517241379315,0.41336206896551725,0.14583333333333331,1.181896551724138,0.1,0.1,0.1,0.15
cfpb_online_recal0_seed0,CFPB,canonical_off,freeze,score_only,attacked,coh_resid_energy,1.0,1.0,1.0,80,80,0,39,0,0,1.0,0.0,0.4875,0.0,0.0,0.2665948275862069,0.26206896551724135,0.26875,0.9232758620689655,0.1,0.1,0.1,0.15
cfpb_online_recal0_seed0,CFPB,canonical_off,freeze,score_only,attacked,coh_resid_t2,1.0,1.0,1.0,80,3,0,3,0,0,0.0375,0.0,1.0,0.0,0.0,0.39655172413793105,0.3045977011494253,0.611111111111111,1.2413793103448276,0.1,0.1,0.1,0.15
cfpb_online_recal0_seed0,CFPB,canonical_off,freeze,score_only,attacked,cusum_coh_resid_t2,1.0,1.0,1.0,80,38,0,31,0,0,0.475,0.0,0.8157894736842105,0.0,0.0,0.2254990925589837,0.2223230490018149,0.6535087719298245,1.0508166969147006,0.1,0.1,0.1,0.15
cfpb_online_recal0_seed0,CFPB,canonical_off,freeze,score_only,attacked,cusum_factor_cov_lrt,1.0,1.0,1.0,80,77,0,68,0,0,0.9625,0.0,0.8831168831168831,0.0,0.0,0.4171518137035378,0.4308105687416033,0.30519480519480513,1.1742051052395879,0.1,0.1,0.1,0.15
cfpb_online_recal0_seed0,CFPB,canonical_off,freeze,score_only,attacked,ewma_coh_resid_t2,1.0,1.0,1.0,80,44,0,38,0,0,0.55,0.0,0.8636363636363636,0.0,0.0,0.54858934169279,0.4612068965517242,0.17424242424242423,1.025078369905956,0.1,0.1,0.1,0.15
cfpb_online_recal0_seed0,CFPB,canonical_off,freeze,score_only,attacked,ewma_factor_cov_lrt,1.0,1.0,1.0,80,80,0,68,0,0,1.0,0.0,0.85,0.0,0.0,0.4086206896551724,0.33448275862068966,0.38125,0.8586206896551725,0.1,0.1,0.1,0.15
cfpb_online_recal0_seed0,CFPB,canonical_off,freeze,score_only,attacked,factor_cov_change,1.0,1.0,1.0,80,39,0,29,0,0,0.4875,0.0,0.7435897435897436,0.0,0.0,0.47701149425287354,0.4809902740937223,0.358974358974359,1.2785145888594165,0.1,0.1,0.1,0.15
cfpb_online_recal0_seed0,CFPB,canonical_off,freeze,score_only,attacked,factor_cov_delta,1.0,1.0,1.0,80,0,0,0,0,0,0.0,0.0,nan,nan,0.0,nan,nan,nan,nan,0.1,0.1,0.1,0.15
cfpb_online_recal0_seed0,CFPB,canonical_off,freeze,score_only,attacked,factor_cov_lrt,1.0,1.0,1.0,80,80,0,69,0,0,1.0,0.0,0.8625,0.0,0.0,0.32844827586206893,0.24762931034482757,0.4958333333333334,0.6258620689655172,0.1,0.1,0.1,0.15
cfpb_online_recal0_seed0,CFPB,canonical_off,freeze,score_only,attacked,factor_cov_lrt_delta,1.0,1.0,1.0,80,0,0,0,0,0,0.0,0.0,nan,nan,0.0,nan,nan,nan,nan,0.1,0.1,0.1,0.15
cfpb_online_recal0_seed0,CFPB,canonical_off,freeze,score_only,attacked,fused_fisher,1.0,1.0,1.0,80,44,0,22,0,0,0.55,0.0,0.5,0.0,0.0,0.36363636363636365,0.368730407523511,0.32954545454545453,1.231974921630094,0.1,0.1,0.1,0.15
cfpb_online_recal0_seed0,CFPB,canonical_off,freeze,score_only,attacked,fused_fisher_lrt_delta,1.0,1.0,1.0,80,0,0,0,0,0,0.0,0.0,nan,nan,0.0,nan,nan,nan,nan,0.1,0.1,0.1,0.15
cfpb_online_recal0_seed0,CFPB,canonical_off,freeze,score_only,attacked,fused_sp,1.0,1.0,1.0,80,50,0,21,0,0,0.625,0.0,0.42,0.0,0.0,0.3820689655172414,0.39655172413793105,0.4033333333333334,1.2910344827586206,0.1,0.1,0.1,0.15
cfpb_online_recal0_seed0,CFPB,canonical_off,freeze,score_only,attacked,fused_sp_lrt_delta,1.0,1.0,1.0,80,80,0,26,0,0,1.0,0.0,0.325,0.0,0.0,0.2991379310344827,0.3068965517241379,0.19375,1.2206896551724138,0.1,0.1,0.1,0.15
cfpb_online_recal0_seed0,CFPB,canonical_off,freeze,score_only,attacked,max_abs,1.0,1.0,1.0,80,31,0,22,0,0,0.3875,0.0,0.7096774193548387,0.0,0.0,0.4360400444938821,0.4605116796440489,0.2311827956989247,1.2814238042269186,0.1,0.1,0.1,0.15
cfpb_online_recal0_seed0,CFPB,canonical_off,freeze,score_only,attacked,pc_t2,1.0,1.0,1.0,80,80,0,31,0,0,1.0,0.0,0.3875,0.0,0.0,0.36142241379310347,0.35969827586206893,0.13333333333333336,1.2103448275862068,0.1,0.1,0.1,0.15
cfpb_online_recal0_seed0,CFPB,canonical_off,freeze,score_only,attacked,res_energy,1.0,1.0,1.0,80,80,0,27,0,0,1.0,0.0,0.3375,0.0,0.0,0.3448275862068965,0.3495689655172414,0.22916666666666666,1.1974137931034483,0.1,0.1,0.1,0.15
cfpb_online_recal0_seed0,CFPB,canonical_off,freeze,score_only,attacked,stale,1.0,1.0,1.0,80,0,0,0,0,60,0.0,0.0,nan,nan,0.75,nan,nan,nan,nan,0.1,0.1,0.1,0.15
cfpb_online_recal1_tiw010_seed0,CFPB,tiw_010,corr_mix,all_only,control,T2,1.0,1.0,0.5,80,0,0,0,0,7,0.0,0.0,nan,nan,0.0875,nan,nan,nan,nan,0.1,0.1,0.1,0.1
cfpb_online_recal1_tiw010_seed0,CFPB,tiw_010,corr_mix,all_only,control,cusum_factor_cov_lrt,1.0,1.0,0.5,80,80,0,37,0,0,1.0,0.0,0.4625,0.0,0.0,0.29137931034482756,0.29137931034482756,0.0,0.9543103448275861,0.1,0.1,0.1,0.1
cfpb_online_recal1_tiw010_seed0,CFPB,tiw_010,corr_mix,all_only,control,ewma_factor_cov_lrt,1.0,1.0,0.5,80,0,0,0,0,6,0.0,0.0,nan,nan,0.075,nan,nan,nan,nan,0.1,0.1,0.1,0.1
cfpb_online_recal1_tiw010_seed0,CFPB,tiw_010,corr_mix,all_only,control,factor_cov_change,1.0,1.0,0.5,80,0,0,0,0,4,0.0,0.0,nan,nan,0.05,nan,nan,nan,nan,0.1,0.1,0.1,0.1
cfpb_online_recal1_tiw010_seed0,CFPB,tiw_010,corr_mix,all_only,control,factor_cov_delta,1.0,1.0,0.5,80,0,0,0,0,4,0.0,0.0,nan,nan,0.05,nan,nan,nan,nan,0.1,0.1,0.1,0.1
cfpb_online_recal1_tiw010_seed0,CFPB,tiw_010,corr_mix,all_only,control,factor_cov_lrt,1.0,1.0,0.5,80,0,0,0,0,4,0.0,0.0,nan,nan,0.05,nan,nan,nan,nan,0.1,0.1,0.1,0.1
cfpb_online_recal1_tiw010_seed0,CFPB,tiw_010,corr_mix,all_only,control,factor_cov_lrt_delta,1.0,1.0,0.5,80,0,0,0,0,9,0.0,0.0,nan,nan,0.1125,nan,nan,nan,nan,0.1,0.1,0.1,0.1
cfpb_online_recal1_tiw010_seed0,CFPB,tiw_010,corr_mix,all_only,control,fused_fisher,1.0,1.0,0.5,80,56,1,5,1,8,0.7,0.0125,0.08928571428571429,0.017857142857142856,0.1,0.13577586206896555,0.13577586206896555,0.0,0.8275862068965517,0.1,0.1,0.1,0.1
cfpb_online_recal1_tiw010_seed0,CFPB,tiw_010,corr_mix,all_only,control,fused_fisher_lrt_delta,1.0,1.0,0.5,80,0,0,0,0,10,0.0,0.0,nan,nan,0.125,nan,nan,nan,nan,0.1,0.1,0.1,0.1
cfpb_online_recal1_tiw010_seed0,CFPB,tiw_010,corr_mix,all_only,control,fused_sp,1.0,1.0,0.5,80,0,0,0,0,10,0.0,0.0,nan,nan,0.125,nan,nan,nan,nan,0.1,0.1,0.1,0.1
cfpb_online_recal1_tiw010_seed0,CFPB,tiw_010,corr_mix,all_only,control,fused_sp_lrt_delta,1.0,1.0,0.5,80,0,0,0,0,10,0.0,0.0,nan,nan,0.125,nan,nan,nan,nan,0.1,0.1,0.1,0.1
cfpb_online_recal1_tiw010_seed0,CFPB,tiw_010,corr_mix,all_only,control,max_abs,1.0,1.0,0.5,80,59,3,12,3,4,0.7375,0.0375,0.2033898305084746,0.05084745762711865,0.05,0.1729982466393922,0.1729982466393922,0.0,0.8275862068965519,0.1,0.1,0.1,0.1
cfpb_online_recal1_tiw010_seed0,CFPB,tiw_010,corr_mix,all_only,control,pc_t2,1.0,1.0,0.5,80,0,0,0,0,4,0.0,0.0,nan,nan,0.05,nan,nan,nan,nan,0.1,0.1,0.1,0.1
cfpb_online_recal1_tiw010_seed0,CFPB,tiw_010,corr_mix,all_only,control,res_energy,1.0,1.0,0.5,80,0,0,0,0,11,0.0,0.0,nan,nan,0.1375,nan,nan,nan,nan,0.1,0.1,0.1,0.1
cfpb_online_recal1_tiw010_seed0,CFPB,tiw_010,corr_mix,all_only,control,stale,1.0,1.0,0.5,80,0,0,0,0,8,0.0,0.0,nan,nan,0.1,nan,nan,nan,nan,0.1,0.1,0.1,0.1
cfpb_online_recal1_tiw010_seed0,CFPB,tiw_010,corr_mix,full,full,T2,1.0,1.0,0.5,80,65,3,8,3,4,0.8125,0.0375,0.12307692307692308,0.046153846153846156,0.05,0.17745358090185678,0.17559681697612733,0.0,0.8053050397877985,0.1,0.1,0.1,0.1
cfpb_online_recal1_tiw010_seed0,CFPB,tiw_010,corr_mix,full,full,cusum_factor_cov_lrt,1.0,1.0,0.5,80,80,0,32,0,0,1.0,0.0,0.4,0.0,0.0,0.25323275862068967,0.2543103448275862,0.035416666666666666,1.114655172413793,0.1,0.1,0.1,0.1
cfpb_online_recal1_tiw010_seed0,CFPB,tiw_010,corr_mix,full,full,ewma_factor_cov_lrt,1.0,1.0,0.5,80,0,0,0,0,8,0.0,0.0,nan,nan,0.1,nan,nan,nan,nan,0.1,0.1,0.1,0.1
cfpb_online_recal1_tiw010_seed0,CFPB,tiw_010,corr_mix,full,full,factor_cov_change,1.0,1.0,0.5,80,0,0,0,0,7,0.0,0.0,nan,nan,0.0875,nan,nan,nan,nan,0.1,0.1,0.1,0.1
cfpb_online_recal1_tiw010_seed0,CFPB,tiw_010,corr_mix,full,full,factor_cov_delta,1.0,1.0,0.5,80,0,0,0,0,7,0.0,0.0,nan,nan,0.0875,nan,nan,nan,nan,0.1,0.1,0.1,0.1
cfpb_online_recal1_tiw010_seed0,CFPB,tiw_010,corr_mix,full,full,factor_cov_lrt,1.0,1.0,0.5,80,0,0,0,0,9,0.0,0.0,nan,nan,0.1125,nan,nan,nan,nan,0.1,0.1,0.1,0.1
cfpb_online_recal1_tiw010_seed0,CFPB,tiw_010,corr_mix,full,full,factor_cov_lrt_delta,1.0,1.0,0.5,80,51,51,12,1,1,0.6375,0.6375,0.23529411764705882,0.0196078431372549,0.0125,0.10277214334009468,0.10344827586206899,0.029411764705882353,1.2413793103448274,0.1,0.1,0.1,0.1
cfpb_online_recal1_tiw010_seed0,CFPB,tiw_010,corr_mix,full,full,fused_fisher,1.0,1.0,0.5,80,0,0,0,0,12,0.0,0.0,nan,nan,0.15,nan,nan,nan,nan,0.1,0.1,0.1,0.1
cfpb_online_recal1_tiw010_seed0,CFPB,tiw_010,corr_mix,full,full,fused_fisher_lrt_delta,1.0,1.0,0.5,80,0,0,0,0,12,0.0,0.0,nan,nan,0.15,nan,nan,nan,nan,0.1,0.1,0.1,0.1
cfpb_online_recal1_tiw010_seed0,CFPB,tiw_010,corr_mix,full,full,fused_sp,1.0,1.0,0.5,80,56,5,6,5,8,0.7,0.0625,0.10714285714285714,0.08928571428571429,0.1,0.18165024630541873,0.18011083743842365,0.0,0.8091133004926109,0.1,0.1,0.1,0.1
cfpb_online_recal1_tiw010_seed0,CFPB,tiw_010,corr_mix,full,full,fused_sp_lrt_delta,1.0,1.0,0.5,80,56,5,5,5,8,0.7,0.0625,0.08928571428571429,0.08928571428571429,0.1,0.1647167487684729,0.1631773399014778,0.0,0.8091133004926109,0.1,0.1,0.1,0.1
cfpb_online_recal1_tiw010_seed0,CFPB,tiw_010,corr_mix,full,full,max_abs,1.0,1.0,0.5,80,0,0,0,0,10,0.0,0.0,nan,nan,0.125,nan,nan,nan,nan,0.1,0.1,0.1,0.1
cfpb_online_recal1_tiw010_seed0,CFPB,tiw_010,corr_mix,full,full,pc_t2,1.0,1.0,0.5,80,0,0,0,0,13,0.0,0.0,nan,nan,0.1625,nan,nan,nan,nan,0.1,0.1,0.1,0.1
cfpb_online_recal1_tiw010_seed0,CFPB,tiw_010,corr_mix,full,full,res_energy,1.0,1.0,0.5,80,55,0,5,0,4,0.6875,0.0,0.09090909090909091,0.0,0.05,0.200626959247649,0.200626959247649,0.0,0.8275862068965522,0.1,0.1,0.1,0.1
cfpb_online_recal1_tiw010_seed0,CFPB,tiw_010,corr_mix,full,full,stale,1.0,1.0,0.5,80,0,0,0,0,11,0.0,0.0,nan,nan,0.1375,nan,nan,nan,nan,0.1,0.1,0.1,0.1
cfpb_online_recal1_tiw010_seed0,CFPB,tiw_010,corr_mix,score_only,attacked,T2,1.0,1.0,0.5,80,54,0,4,0,0,0.675,0.0,0.07407407407407407,0.0,0.0,0.22126436781609188,0.22062579821200504,0.012345679012345678,0.81992337164751,0.1,0.1,0.1,0.1
cfpb_online_recal1_tiw010_seed0,CFPB,tiw_010,corr_mix,score_only,attacked,coh_resid_energy,1.0,1.0,0.5,80,48,5,7,5,8,0.6,0.0625,0.14583333333333334,0.10416666666666667,0.1,0.16343390804597702,0.1616379310344828,0.006944444444444444,0.8275862068965517,0.1,0.1,0.1,0.1
cfpb_online_recal1_tiw010_seed0,CFPB,tiw_010,corr_mix,score_only,attacked,coh_resid_t2,1.0,1.0,0.5,80,61,0,9,0,4,0.7625,0.0,0.14754098360655737,0.0,0.05,0.20011305822498593,0.19869983041266256,0.027322404371584702,0.827586206896552,0.1,0.1,0.1,0.1
cfpb_online_recal1_tiw010_seed0,CFPB,tiw_010,corr_mix,score_only,attacked,cusum_coh_resid_t2,1.0,1.0,0.5,80,38,0,16,0,0,0.475,0.0,0.42105263157894735,0.0,0.0,0.2254990925589837,0.2254990925589837,0.04824561403508772,1.0508166969147006,0.1,0.1,0.1,0.1
cfpb_online_recal1_tiw010_seed0,CFPB,tiw_010,corr_mix,score_only,attacked,cusum_factor_cov_lrt,1.0,1.0,0.5,80,77,0,50,0,0,0.9625,0.0,0.6493506493506493,0.0,0.0,0.4171518137035378,0.4178235557545902,0.006493506493506494,1.1500223914017016,0.1,0.1,0.1,0.1
cfpb_online_recal1_tiw010_seed0,CFPB,tiw_010,corr_mix,score_only,attacked,ewma_coh_resid_t2,1.0,1.0,0.5,80,80,0,23,0,0,1.0,0.0,0.2875,0.0,0.0,0.23793103448275862,0.2375,0.025,0.9362068965517242,0.1,0.1,0.1,0.1
cfpb_online_recal1_tiw010_seed0,CFPB,tiw_010,corr_mix,score_only,attacked,ewma_factor_cov_lrt,1.0,1.0,0.5,80,0,0,0,0,7,0.0,0.0,nan,nan,0.0875,nan,nan,nan,nan,0.1,0.1,0.1,0.1
cfpb_online_recal1_tiw010_seed0,CFPB,tiw_010,corr_mix,score_only,attacked,factor_cov_change,1.0,1.0,0.5,80,0,0,0,0,4,0.0,0.0,nan,nan,0.05,nan,nan,nan,nan,0.1,0.1,0.1,0.1
cfpb_online_recal1_tiw010_seed0,CFPB,tiw_010,corr_mix,score_only,attacked,factor_cov_delta,1.0,1.0,0.5,80,0,0,0,0,7,0.0,0.0,nan,nan,0.0875,nan,nan,nan,nan,0.1,0.1,0.1,0.1
cfpb_online_recal1_tiw010_seed0,CFPB,tiw_010,corr_mix,score_only,attacked,factor_cov_lrt,1.0,1.0,0.5,80,0,0,0,0,8,0.0,0.0,nan,nan,0.1,nan,nan,nan,nan,0.1,0.1,0.1,0.1
cfpb_online_recal1_tiw010_seed0,CFPB,tiw_010,corr_mix,score_only,attacked,factor_cov_lrt_delta,1.0,1.0,0.5,80,0,0,0,0,8,0.0,0.0,nan,nan,0.1,nan,nan,nan,nan,0.1,0.1,0.1,0.1
cfpb_online_recal1_tiw010_seed0,CFPB,tiw_010,corr_mix,score_only,attacked,fused_fisher,1.0,1.0,0.5,80,53,4,8,4,8,0.6625,0.05,0.1509433962264151,0.07547169811320754,0.1,0.14671437865972672,0.14150943396226412,0.059748427672955975,0.765126870527001,0.1,0.1,0.1,0.1
cfpb_online_recal1_tiw010_seed0,CFPB,tiw_010,corr_mix,score_only,attacked,fused_fisher_lrt_delta,1.0,1.0,0.5,80,0,0,0,0,12,0.0,0.0,nan,nan,0.15,nan,nan,nan,nan,0.1,0.1,0.1,0.1
cfpb_online_recal1_tiw010_seed0,CFPB,tiw_010,corr_mix,score_only,attacked,fused_sp,1.0,1.0,0.5,80,57,1,6,1,4,0.7125,0.0125,0.10526315789473684,0.017543859649122806,0.05,0.18360556563823358,0.18451300665456746,0.005847953216374269,0.8203266787658803,0.1,0.1,0.1,0.1
cfpb_online_recal1_tiw010_seed0,CFPB,tiw_010,corr_mix,score_only,attacked,fused_sp_lrt_delta,1.0,1.0,0.5,80,57,2,5,1,4,0.7125,0.025,0.08771929824561403,0.017543859649122806,0.05,0.16727162734422263,0.16727162734422263,0.0,0.8275862068965518,0.1,0.1,0.1,0.1
cfpb_online_recal1_tiw010_seed0,CFPB,tiw_010,corr_mix,score_only,attacked,max_abs,1.0,1.0,0.5,80,0,0,0,0,13,0.0,0.0,nan,nan,0.1625,nan,nan,nan,nan,0.1,0.1,0.1,0.1
cfpb_online_recal1_tiw010_seed0,CFPB,tiw_010,corr_mix,score_only,attacked,pc_t2,1.0,1.0,0.5,80,56,0,4,0,9,0.7,0.0,0.07142857142857142,0.0,0.1125,0.1366995073891626,0.13608374384236455,0.0,0.8201970443349753,0.1,0.1,0.1,0.1
cfpb_online_recal1_tiw010_seed0,CFPB,tiw_010,corr_mix,score_only,attacked,res_energy,1.0,1.0,0.5,80,55,0,4,0,3,0.6875,0.0,0.07272727272727272,0.0,0.0375,0.20250783699059574,0.2018808777429468,0.006060606060606061,0.8275862068965522,0.1,0.1,0.1,0.1
cfpb_online_recal1_tiw010_seed0,CFPB,tiw_010,corr_mix,score_only,attacked,stale,1.0,1.0,0.5,80,0,0,0,0,5,0.0,0.0,nan,nan,0.0625,nan,nan,nan,nan,0.1,0.1,0.1,0.1
cfpb_online_recal1_tiw010_seed0,CFPB,tiw_010,freeze,all_only,control,T2,1.0,1.0,1.0,80,0,0,0,0,7,0.0,0.0,nan,nan,0.0875,nan,nan,nan,nan,0.1,0.1,0.1,0.1
cfpb_online_recal1_tiw010_seed0,CFPB,tiw_010,freeze,all_only,control,cusum_factor_cov_lrt,1.0,1.0,1.0,80,80,0,37,0,0,1.0,0.0,0.4625,0.0,0.0,0.29137931034482756,0.29137931034482756,0.0,0.9543103448275861,0.1,0.1,0.1,0.1
cfpb_online_recal1_tiw010_seed0,CFPB,tiw_010,freeze,all_only,control,ewma_factor_cov_lrt,1.0,1.0,1.0,80,0,0,0,0,6,0.0,0.0,nan,nan,0.075,nan,nan,nan,nan,0.1,0.1,0.1,0.1
cfpb_online_recal1_tiw010_seed0,CFPB,tiw_010,freeze,all_only,control,factor_cov_change,1.0,1.0,1.0,80,0,0,0,0,4,0.0,0.0,nan,nan,0.05,nan,nan,nan,nan,0.1,0.1,0.1,0.1
cfpb_online_recal1_tiw010_seed0,CFPB,tiw_010,freeze,all_only,control,factor_cov_delta,1.0,1.0,1.0,80,0,0,0,0,4,0.0,0.0,nan,nan,0.05,nan,nan,nan,nan,0.1,0.1,0.1,0.1
cfpb_online_recal1_tiw010_seed0,CFPB,tiw_010,freeze,all_only,control,factor_cov_lrt,1.0,1.0,1.0,80,0,0,0,0,4,0.0,0.0,nan,nan,0.05,nan,nan,nan,nan,0.1,0.1,0.1,0.1
cfpb_online_recal1_tiw010_seed0,CFPB,tiw_010,freeze,all_only,control,factor_cov_lrt_delta,1.0,1.0,1.0,80,0,0,0,0,9,0.0,0.0,nan,nan,0.1125,nan,nan,nan,nan,0.1,0.1,0.1,0.1
cfpb_online_recal1_tiw010_seed0,CFPB,tiw_010,freeze,all_only,control,fused_fisher,1.0,1.0,1.0,80,56,1,5,1,8,0.7,0.0125,0.08928571428571429,0.017857142857142856,0.1,0.13577586206896555,0.13577586206896555,0.0,0.8275862068965517,0.1,0.1,0.1,0.1
cfpb_online_recal1_tiw010_seed0,CFPB,tiw_010,freeze,all_only,control,fused_fisher_lrt_delta,1.0,1.0,1.0,80,0,0,0,0,10,0.0,0.0,nan,nan,0.125,nan,nan,nan,nan,0.1,0.1,0.1,0.1
cfpb_online_recal1_tiw010_seed0,CFPB,tiw_010,freeze,all_only,control,fused_sp,1.0,1.0,1.0,80,0,0,0,0,10,0.0,0.0,nan,nan,0.125,nan,nan,nan,nan,0.1,0.1,0.1,0.1
cfpb_online_recal1_tiw010_seed0,CFPB,tiw_010,freeze,all_only,control,fused_sp_lrt_delta,1.0,1.0,1.0,80,0,0,0,0,10,0.0,0.0,nan,nan,0.125,nan,nan,nan,nan,0.1,0.1,0.1,0.1
cfpb_online_recal1_tiw010_seed0,CFPB,tiw_010,freeze,all_only,control,max_abs,1.0,1.0,1.0,80,59,3,12,3,4,0.7375,0.0375,0.2033898305084746,0.05084745762711865,0.05,0.1729982466393922,0.1729982466393922,0.0,0.8275862068965519,0.1,0.1,0.1,0.1
cfpb_online_recal1_tiw010_seed0,CFPB,tiw_010,freeze,all_only,control,pc_t2,1.0,1.0,1.0,80,0,0,0,0,4,0.0,0.0,nan,nan,0.05,nan,nan,nan,nan,0.1,0.1,0.1,0.1
cfpb_online_recal1_tiw010_seed0,CFPB,tiw_010,freeze,all_only,control,res_energy,1.0,1.0,1.0,80,0,0,0,0,11,0.0,0.0,nan,nan,0.1375,nan,nan,nan,nan,0.1,0.1,0.1,0.1
cfpb_online_recal1_tiw010_seed0,CFPB,tiw_010,freeze,all_only,control,stale,1.0,1.0,1.0,80,0,0,0,0,8,0.0,0.0,nan,nan,0.1,nan,nan,nan,nan,0.1,0.1,0.1,0.1
cfpb_online_recal1_tiw010_seed0,CFPB,tiw_010,freeze,full,full,T2,1.0,1.0,1.0,80,65,3,39,3,4,0.8125,0.0375,0.6,0.046153846153846156,0.05,0.17745358090185678,0.16074270557029183,0.31794871794871793,0.6907161803713529,0.1,0.1,0.1,0.1
cfpb_online_recal1_tiw010_seed0,CFPB,tiw_010,freeze,full,full,cusum_factor_cov_lrt,1.0,1.0,1.0,80,80,0,57,0,0,1.0,0.0,0.7125,0.0,0.0,0.25323275862068967,0.25732758620689655,0.4854166666666666,1.1793103448275863,0.1,0.1,0.1,0.1
cfpb_online_recal1_tiw010_seed0,CFPB,tiw_010,freeze,full,full,ewma_factor_cov_lrt,1.0,1.0,1.0,80,0,0,0,0,10,0.0,0.0,nan,nan,0.125,nan,nan,nan,nan,0.1,0.1,0.1,0.1
cfpb_online_recal1_tiw010_seed0,CFPB,tiw_010,freeze,full,full,factor_cov_change,1.0,1.0,1.0,80,0,0,0,0,4,0.0,0.0,nan,nan,0.05,nan,nan,nan,nan,0.1,0.1,0.1,0.1
cfpb_online_recal1_tiw010_seed0,CFPB,tiw_010,freeze,full,full,factor_cov_delta,1.0,1.0,1.0,80,0,0,0,0,7,0.0,0.0,nan,nan,0.0875,nan,nan,nan,nan,0.1,0.1,0.1,0.1
cfpb_online_recal1_tiw010_seed0,CFPB,tiw_010,freeze,full,full,factor_cov_lrt,1.0,1.0,1.0,80,0,0,0,0,9,0.0,0.0,nan,nan,0.1125,nan,nan,nan,nan,0.1,0.1,0.1,0.1
cfpb_online_recal1_tiw010_seed0,CFPB,tiw_010,freeze,full,full,factor_cov_lrt_delta,1.0,1.0,1.0,80,51,51,0,0,0,0.6375,0.6375,0.0,0.0,0.0,0.10277214334009468,0.10818120351588913,0.1732026143790849,1.257606490872211,0.1,0.1,0.1,0.1
cfpb_online_recal1_tiw010_seed0,CFPB,tiw_010,freeze,full,full,fused_fisher,1.0,1.0,1.0,80,0,0,0,0,12,0.0,0.0,nan,nan,0.15,nan,nan,nan,nan,0.1,0.1,0.1,0.1
cfpb_online_recal1_tiw010_seed0,CFPB,tiw_010,freeze,full,full,fused_fisher_lrt_delta,1.0,1.0,1.0,80,0,0,0,0,12,0.0,0.0,nan,nan,0.15,nan,nan,nan,nan,0.1,0.1,0.1,0.1
cfpb_online_recal1_tiw010_seed0,CFPB,tiw_010,freeze,full,full,fused_sp,1.0,1.0,1.0,80,56,5,7,5,8,0.7,0.0625,0.125,0.08928571428571429,0.1,0.18165024630541873,0.17518472906403942,0.038690476190476185,0.7869458128078818,0.1,0.1,0.1,0.1
cfpb_online_recal1_tiw010_seed0,CFPB,tiw_010,freeze,full,full,fused_sp_lrt_delta,1.0,1.0,1.0,80,56,5,3,1,4,0.7,0.0625,0.05357142857142857,0.017857142857142856,0.05,0.1647167487684729,0.16225369458128078,0.041666666666666664,0.8017241379310346,0.1,0.1,0.1,0.1
cfpb_online_recal1_tiw010_seed0,CFPB,tiw_010,freeze,full,full,max_abs,1.0,1.0,1.0,80,0,0,0,0,10,0.0,0.0,nan,nan,0.125,nan,nan,nan,nan,0.1,0.1,0.1,0.1
cfpb_online_recal1_tiw010_seed0,CFPB,tiw_010,freeze,full,full,pc_t2,1.0,1.0,1.0,80,0,0,0,0,13,0.0,0.0,nan,nan,0.1625,nan,nan,nan,nan,0.1,0.1,0.1,0.1
cfpb_online_recal1_tiw010_seed0,CFPB,tiw_010,freeze,full,full,res_energy,1.0,1.0,1.0,80,55,0,6,0,4,0.6875,0.0,0.10909090909090909,0.0,0.05,0.200626959247649,0.1962382445141067,0.03333333333333333,0.8050156739811916,0.1,0.1,0.1,0.1
cfpb_online_recal1_tiw010_seed0,CFPB,tiw_010,freeze,full,full,stale,1.0,1.0,1.0,80,0,0,0,0,16,0.0,0.0,nan,nan,0.2,nan,nan,nan,nan,0.1,0.1,0.1,0.1
cfpb_online_recal1_tiw010_seed0,CFPB,tiw_010,freeze,score_only,attacked,T2,1.0,1.0,1.0,80,54,0,4,0,0,0.675,0.0,0.07407407407407407,0.0,0.0,0.22126436781609188,0.2231800766283524,0.021604938271604937,0.8429118773946364,0.1,0.1,0.1,0.1
cfpb_online_recal1_tiw010_seed0,CFPB,tiw_010,freeze,score_only,attacked,coh_resid_energy,1.0,1.0,1.0,80,48,5,15,5,8,0.6,0.0625,0.3125,0.10416666666666667,0.1,0.16343390804597702,0.14727011494252873,0.19097222222222224,0.6551724137931035,0.1,0.1,0.1,0.1
cfpb_online_recal1_tiw010_seed0,CFPB,tiw_010,freeze,score_only,attacked,coh_resid_t2,1.0,1.0,1.0,80,61,0,43,0,4,0.7625,0.0,0.7049180327868853,0.0,0.05,0.20011305822498593,0.19050310910118715,0.37704918032786877,0.7529677784058793,0.1,0.1,0.1,0.1
cfpb_online_recal1_tiw010_seed0,CFPB,tiw_010,freeze,score_only,attacked,cusum_coh_resid_t2,1.0,1.0,1.0,80,38,0,31,0,0,0.475,0.0,0.8157894736842105,0.0,0.0,0.2254990925589837,0.2223230490018149,0.6535087719298245,1.0508166969147006,0.1,0.1,0.1,0.1
cfpb_online_recal1_tiw010_seed0,CFPB,tiw_010,freeze,score_only,attacked,cusum_factor_cov_lrt,1.0,1.0,1.0,80,77,0,68,0,0,0.9625,0.0,0.8831168831168831,0.0,0.0,0.4171518137035378,0.4308105687416033,0.30519480519480513,1.1742051052395879,0.1,0.1,0.1,0.1
cfpb_online_recal1_tiw010_seed0,CFPB,tiw_010,freeze,score_only,attacked,ewma_coh_resid_t2,1.0,1.0,1.0,80,80,0,55,0,0,1.0,0.0,0.6875,0.0,0.0,0.23793103448275862,0.2105603448275862,0.5041666666666667,0.7396551724137931,0.1,0.1,0.1,0.1
cfpb_online_recal1_tiw010_seed0,CFPB,tiw_010,freeze,score_only,attacked,ewma_factor_cov_lrt,1.0,1.0,1.0,80,0,0,0,0,10,0.0,0.0,nan,nan,0.125,nan,nan,nan,nan,0.1,0.1,0.1,0.1
cfpb_online_recal1_tiw010_seed0,CFPB,tiw_010,freeze,score_only,attacked,factor_cov_change,1.0,1.0,1.0,80,0,0,0,0,0,0.0,0.0,nan,nan,0.0,nan,nan,nan,nan,0.1,0.1,0.1,0.1
cfpb_online_recal1_tiw010_seed0,CFPB,tiw_010,freeze,score_only,attacked,factor_cov_delta,1.0,1.0,1.0,80,0,0,0,0,7,0.0,0.0,nan,nan,0.0875,nan,nan,nan,nan,0.1,0.1,0.1,0.1
cfpb_online_recal1_tiw010_seed0,CFPB,tiw_010,freeze,score_only,attacked,factor_cov_lrt,1.0,1.0,1.0,80,0,0,0,0,13,0.0,0.0,nan,nan,0.1625,nan,nan,nan,nan,0.1,0.1,0.1,0.1
cfpb_online_recal1_tiw010_seed0,CFPB,tiw_010,freeze,score_only,attacked,factor_cov_lrt_delta,1.0,1.0,1.0,80,0,0,0,0,0,0.0,0.0,nan,nan,0.0,nan,nan,nan,nan,0.1,0.1,0.1,0.1
cfpb_online_recal1_tiw010_seed0,CFPB,tiw_010,freeze,score_only,attacked,fused_fisher,1.0,1.0,1.0,80,53,4,20,4,8,0.6625,0.05,0.37735849056603776,0.07547169811320754,0.1,0.14671437865972672,0.13337670787247885,0.11006289308176098,0.6402081977878986,0.1,0.1,0.1,0.1
cfpb_online_recal1_tiw010_seed0,CFPB,tiw_010,freeze,score_only,attacked,fused_fisher_lrt_delta,1.0,1.0,1.0,80,0,0,0,0,12,0.0,0.0,nan,nan,0.15,nan,nan,nan,nan,0.1,0.1,0.1,0.1
cfpb_online_recal1_tiw010_seed0,CFPB,tiw_010,freeze,score_only,attacked,fused_sp,1.0,1.0,1.0,80,57,1,5,1,4,0.7125,0.0125,0.08771929824561403,0.017543859649122806,0.05,0.18360556563823358,0.1857229280096794,0.03216374269005848,0.8348457350272234,0.1,0.1,0.1,0.1
cfpb_online_recal1_tiw010_seed0,CFPB,tiw_010,freeze,score_only,attacked,fused_sp_lrt_delta,1.0,1.0,1.0,80,57,2,4,1,4,0.7125,0.025,0.07017543859649122,0.017543859649122806,0.05,0.16727162734422263,0.1690865093768905,0.029239766081871343,0.8275862068965518,0.1,0.1,0.1,0.1
cfpb_online_recal1_tiw010_seed0,CFPB,tiw_010,freeze,score_only,attacked,max_abs,1.0,1.0,1.0,80,0,0,0,0,13,0.0,0.0,nan,nan,0.1625,nan,nan,nan,nan,0.1,0.1,0.1,0.1
cfpb_online_recal1_tiw010_seed0,CFPB,tiw_010,freeze,score_only,attacked,pc_t2,1.0,1.0,1.0,80,56,0,6,0,9,0.7,0.0,0.10714285714285714,0.0,0.1125,0.1366995073891626,0.1366995073891626,0.005952380952380952,0.8275862068965517,0.1,0.1,0.1,0.1
cfpb_online_recal1_tiw010_seed0,CFPB,tiw_010,freeze,score_only,attacked,res_energy,1.0,1.0,1.0,80,55,0,3,0,3,0.6875,0.0,0.05454545454545454,0.0,0.0375,0.20250783699059574,0.20470219435736686,0.03333333333333333,0.8501567398119128,0.1,0.1,0.1,0.1
cfpb_online_recal1_tiw010_seed0,CFPB,tiw_010,freeze,score_only,attacked,stale,1.0,1.0,1.0,80,0,0,0,0,20,0.0,0.0,nan,nan,0.25,nan,nan,nan,nan,0.1,0.1,0.1,0.1
cfpb_online_recal1_tiw020_seed0,CFPB,tiw_020,corr_mix,all_only,control,T2,1.0,1.0,0.5,80,0,0,0,0,19,0.0,0.0,nan,nan,0.2375,nan,nan,nan,nan,0.1,0.1,0.1,0.2
cfpb_online_recal1_tiw020_seed0,CFPB,tiw_020,corr_mix,all_only,control,cusum_factor_cov_lrt,1.0,1.0,0.5,80,80,0,37,0,0,1.0,0.0,0.4625,0.0,0.0,0.29137931034482756,0.29137931034482756,0.0,0.9543103448275861,0.1,0.1,0.1,0.2
cfpb_online_recal1_tiw020_seed0,CFPB,tiw_020,corr_mix,all_only,control,ewma_factor_cov_lrt,1.0,1.0,0.5,80,0,0,0,0,19,0.0,0.0,nan,nan,0.2375,nan,nan,nan,nan,0.1,0.1,0.1,0.2
cfpb_online_recal1_tiw020_seed0,CFPB,tiw_020,corr_mix,all_only,control,factor_cov_change,1.0,1.0,0.5,80,0,0,0,0,18,0.0,0.0,nan,nan,0.225,nan,nan,nan,nan,0.1,0.1,0.1,0.2
cfpb_online_recal1_tiw020_seed0,CFPB,tiw_020,corr_mix,all_only,control,factor_cov_delta,1.0,1.0,0.5,80,0,0,0,0,18,0.0,0.0,nan,nan,0.225,nan,nan,nan,nan,0.1,0.1,0.1,0.2
cfpb_online_recal1_tiw020_seed0,CFPB,tiw_020,corr_mix,all_only,control,factor_cov_lrt,1.0,1.0,0.5,80,60,60,4,4,17,0.75,0.75,0.06666666666666667,0.06666666666666667,0.2125,0.20316091954022994,0.20316091954022994,0.0,0.8275862068965519,0.1,0.1,0.1,0.2
cfpb_online_recal1_tiw020_seed0,CFPB,tiw_020,corr_mix,all_only,control,factor_cov_lrt_delta,1.0,1.0,0.5,80,80,80,19,19,19,1.0,1.0,0.2375,0.2375,0.2375,0.1726293103448276,0.1726293103448276,0.0,0.9568965517241381,0.1,0.1,0.1,0.2
cfpb_online_recal1_tiw020_seed0,CFPB,tiw_020,corr_mix,all_only,control,fused_fisher,1.0,1.0,0.5,80,0,0,0,0,17,0.0,0.0,nan,nan,0.2125,nan,nan,nan,nan,0.1,0.1,0.1,0.2
cfpb_online_recal1_tiw020_seed0,CFPB,tiw_020,corr_mix,all_only,control,fused_fisher_lrt_delta,1.0,1.0,0.5,80,0,0,0,0,12,0.0,0.0,nan,nan,0.15,nan,nan,nan,nan,0.1,0.1,0.1,0.2
cfpb_online_recal1_tiw020_seed0,CFPB,tiw_020,corr_mix,all_only,control,fused_sp,1.0,1.0,0.5,80,0,0,0,0,16,0.0,0.0,nan,nan,0.2,nan,nan,nan,nan,0.1,0.1,0.1,0.2
cfpb_online_recal1_tiw020_seed0,CFPB,tiw_020,corr_mix,all_only,control,fused_sp_lrt_delta,1.0,1.0,0.5,80,0,0,0,0,13,0.0,0.0,nan,nan,0.1625,nan,nan,nan,nan,0.1,0.1,0.1,0.2
cfpb_online_recal1_tiw020_seed0,CFPB,tiw_020,corr_mix,all_only,control,max_abs,1.0,1.0,0.5,80,80,20,26,18,18,1.0,0.25,0.325,0.225,0.225,0.21982758620689652,0.21982758620689652,0.0,0.9465517241379311,0.1,0.1,0.1,0.2
cfpb_online_recal1_tiw020_seed0,CFPB,tiw_020,corr_mix,all_only,control,pc_t2,1.0,1.0,0.5,80,58,17,8,8,10,0.725,0.2125,0.13793103448275862,0.13793103448275862,0.125,0.22235434007134364,0.22235434007134364,0.0,0.8275862068965518,0.1,0.1,0.1,0.2
cfpb_online_recal1_tiw020_seed0,CFPB,tiw_020,corr_mix,all_only,control,res_energy,1.0,1.0,0.5,80,0,0,0,0,18,0.0,0.0,nan,nan,0.225,nan,nan,nan,nan,0.1,0.1,0.1,0.2
cfpb_online_recal1_tiw020_seed0,CFPB,tiw_020,corr_mix,all_only,control,stale,1.0,1.0,0.5,80,58,58,0,0,11,0.725,0.725,0.0,0.0,0.1375,0.06896551724137932,0.06896551724137932,0.0,0.8275862068965518,0.1,0.1,0.1,0.2
cfpb_online_recal1_tiw020_seed0,CFPB,tiw_020,corr_mix,full,full,T2,1.0,1.0,0.5,80,80,13,28,1,1,1.0,0.1625,0.35,0.0125,0.0125,0.2530172413793103,0.25366379310344833,0.0625,1.1508620689655173,0.1,0.1,0.1,0.2
cfpb_online_recal1_tiw020_seed0,CFPB,tiw_020,corr_mix,full,full,cusum_factor_cov_lrt,1.0,1.0,0.5,80,80,26,32,12,12,1.0,0.325,0.4,0.15,0.15,0.25323275862068967,0.2543103448275862,0.035416666666666666,1.114655172413793,0.1,0.1,0.1,0.2
cfpb_online_recal1_tiw020_seed0,CFPB,tiw_020,corr_mix,full,full,ewma_factor_cov_lrt,1.0,1.0,0.5,80,0,0,0,0,8,0.0,0.0,nan,nan,0.1,nan,nan,nan,nan,0.1,0.1,0.1,0.2
cfpb_online_recal1_tiw020_seed0,CFPB,tiw_020,corr_mix,full,full,factor_cov_change,1.0,1.0,0.5,80,0,0,0,0,15,0.0,0.0,nan,nan,0.1875,nan,nan,nan,nan,0.1,0.1,0.1,0.2
cfpb_online_recal1_tiw020_seed0,CFPB,tiw_020,corr_mix,full,full,factor_cov_delta,1.0,1.0,0.5,80,61,14,10,10,18,0.7625,0.175,0.16393442622950818,0.16393442622950818,0.225,0.2249858677218768,0.22272470322215937,0.0,0.8004522328999436,0.1,0.1,0.1,0.2
cfpb_online_recal1_tiw020_seed0,CFPB,tiw_020,corr_mix,full,full,factor_cov_lrt,1.0,1.0,0.5,80,0,0,0,0,11,0.0,0.0,nan,nan,0.1375,nan,nan,nan,nan,0.1,0.1,0.1,0.2
cfpb_online_recal1_tiw020_seed0,CFPB,tiw_020,corr_mix,full,full,factor_cov_lrt_delta,1.0,1.0,0.5,80,4,4,1,0,0,0.05,0.05,0.25,0.0,0.0,0.10344827586206896,0.10344827586206896,0.20833333333333331,1.2413793103448276,0.1,0.1,0.1,0.2
cfpb_online_recal1_tiw020_seed0,CFPB,tiw_020,corr_mix,full,full,fused_fisher,1.0,1.0,0.5,80,60,60,12,12,24,0.75,0.75,0.2,0.2,0.3,0.1781609195402299,0.17672413793103453,0.019444444444444445,0.8034482758620691,0.1,0.1,0.1,0.2
cfpb_online_recal1_tiw020_seed0,CFPB,tiw_020,corr_mix,full,full,fused_fisher_lrt_delta,1.0,1.0,0.5,80,0,0,0,0,17,0.0,0.0,nan,nan,0.2125,nan,nan,nan,nan,0.1,0.1,0.1,0.2
cfpb_online_recal1_tiw020_seed0,CFPB,tiw_020,corr_mix,full,full,fused_sp,1.0,1.0,0.5,80,56,9,9,9,20,0.7,0.1125,0.16071428571428573,0.16071428571428573,0.25,0.23029556650246308,0.23029556650246308,0.0,0.8275862068965517,0.1,0.1,0.1,0.2
cfpb_online_recal1_tiw020_seed0,CFPB,tiw_020,corr_mix,full,full,fused_sp_lrt_delta,1.0,1.0,0.5,80,56,56,7,7,20,0.7,0.7,0.125,0.125,0.25,0.1982758620689655,0.1982758620689655,0.0,0.8275862068965517,0.1,0.1,0.1,0.2
cfpb_online_recal1_tiw020_seed0,CFPB,tiw_020,corr_mix,full,full,max_abs,1.0,1.0,0.5,80,80,3,28,3,3,1.0,0.0375,0.35,0.0375,0.0375,0.2849137931034483,0.2849137931034483,0.0,1.1379310344827587,0.1,0.1,0.1,0.2
cfpb_online_recal1_tiw020_seed0,CFPB,tiw_020,corr_mix,full,full,pc_t2,1.0,1.0,0.5,80,59,9,11,9,19,0.7375,0.1125,0.1864406779661017,0.15254237288135594,0.2375,0.2457627118644068,0.2457627118644068,0.0,0.8275862068965519,0.1,0.1,0.1,0.2
cfpb_online_recal1_tiw020_seed0,CFPB,tiw_020,corr_mix,full,full,res_energy,1.0,1.0,0.5,80,55,8,6,6,14,0.6875,0.1,0.10909090909090909,0.10909090909090909,0.175,0.22978056426332288,0.229153605015674,0.0,0.8200626959247653,0.1,0.1,0.1,0.2
cfpb_online_recal1_tiw020_seed0,CFPB,tiw_020,corr_mix,full,full,stale,1.0,1.0,0.5,80,80,80,22,18,18,1.0,1.0,0.275,0.225,0.225,0.13857758620689656,0.12995689655172413,0.07708333333333332,1.068103448275862,0.1,0.1,0.1,0.2
cfpb_online_recal1_tiw020_seed0,CFPB,tiw_020,corr_mix,score_only,attacked,T2,1.0,1.0,0.5,80,80,10,20,9,9,1.0,0.125,0.25,0.1125,0.1125,0.25495689655172415,0.2510775862068966,0.01875,0.8922413793103449,0.1,0.1,0.1,0.2
cfpb_online_recal1_tiw020_seed0,CFPB,tiw_020,corr_mix,score_only,attacked,coh_resid_energy,1.0,1.0,0.5,80,80,40,22,22,22,1.0,0.5,0.275,0.275,0.275,0.20538793103448275,0.20323275862068968,0.0,0.9129310344827587,0.1,0.1,0.1,0.2
cfpb_online_recal1_tiw020_seed0,CFPB,tiw_020,corr_mix,score_only,attacked,coh_resid_t2,1.0,1.0,0.5,80,80,12,24,4,4,1.0,0.15,0.3,0.05,0.05,0.25323275862068967,0.24913793103448273,0.03958333333333333,1.0887931034482758,0.1,0.1,0.1,0.2
cfpb_online_recal1_tiw020_seed0,CFPB,tiw_020,corr_mix,score_only,attacked,cusum_coh_resid_t2,1.0,1.0,0.5,80,38,19,16,5,5,0.475,0.2375,0.42105263157894735,0.13157894736842105,0.0625,0.2254990925589837,0.2254990925589837,0.04824561403508772,1.0508166969147006,0.1,0.1,0.1,0.2
cfpb_online_recal1_tiw020_seed0,CFPB,tiw_020,corr_mix,score_only,attacked,cusum_factor_cov_lrt,1.0,1.0,0.5,80,77,0,50,0,0,0.9625,0.0,0.6493506493506493,0.0,0.0,0.4171518137035378,0.4178235557545902,0.006493506493506494,1.1500223914017016,0.1,0.1,0.1,0.2
cfpb_online_recal1_tiw020_seed0,CFPB,tiw_020,corr_mix,score_only,attacked,ewma_coh_resid_t2,1.0,1.0,0.5,80,80,0,28,0,0,1.0,0.0,0.35,0.0,0.0,0.3165948275862069,0.3146551724137931,0.0,0.949137931034483,0.1,0.1,0.1,0.2
cfpb_online_recal1_tiw020_seed0,CFPB,tiw_020,corr_mix,score_only,attacked,ewma_factor_cov_lrt,1.0,1.0,0.5,80,0,0,0,0,13,0.0,0.0,nan,nan,0.1625,nan,nan,nan,nan,0.1,0.1,0.1,0.2
cfpb_online_recal1_tiw020_seed0,CFPB,tiw_020,corr_mix,score_only,attacked,factor_cov_change,1.0,1.0,0.5,80,0,0,0,0,16,0.0,0.0,nan,nan,0.2,nan,nan,nan,nan,0.1,0.1,0.1,0.2
cfpb_online_recal1_tiw020_seed0,CFPB,tiw_020,corr_mix,score_only,attacked,factor_cov_delta,1.0,1.0,0.5,80,61,14,10,10,18,0.7625,0.175,0.16393442622950818,0.16393442622950818,0.225,0.2249858677218768,0.2249858677218768,0.0,0.827586206896552,0.1,0.1,0.1,0.2
cfpb_online_recal1_tiw020_seed0,CFPB,tiw_020,corr_mix,score_only,attacked,factor_cov_lrt,1.0,1.0,0.5,80,0,0,0,0,11,0.0,0.0,nan,nan,0.1375,nan,nan,nan,nan,0.1,0.1,0.1,0.2
cfpb_online_recal1_tiw020_seed0,CFPB,tiw_020,corr_mix,score_only,attacked,factor_cov_lrt_delta,1.0,1.0,0.5,80,80,37,24,18,18,1.0,0.4625,0.3,0.225,0.225,0.21853448275862072,0.22155172413793106,0.039583333333333325,1.1508620689655173,0.1,0.1,0.1,0.2
cfpb_online_recal1_tiw020_seed0,CFPB,tiw_020,corr_mix,score_only,attacked,fused_fisher,1.0,1.0,0.5,80,41,41,17,3,3,0.5125,0.5125,0.4146341463414634,0.07317073170731707,0.0375,0.1770395290159798,0.1770395290159798,0.0,1.2262405382674517,0.1,0.1,0.1,0.2
cfpb_online_recal1_tiw020_seed0,CFPB,tiw_020,corr_mix,score_only,attacked,fused_fisher_lrt_delta,1.0,1.0,0.5,80,58,8,6,6,14,0.725,0.1,0.10344827586206896,0.10344827586206896,0.175,0.2303804994054697,0.23097502972651607,0.034482758620689655,0.8347205707491083,0.1,0.1,0.1,0.2
cfpb_online_recal1_tiw020_seed0,CFPB,tiw_020,corr_mix,score_only,attacked,fused_sp,1.0,1.0,0.5,80,55,6,5,5,16,0.6875,0.075,0.09090909090909091,0.09090909090909091,0.2,0.21849529780564259,0.21849529780564259,0.0,0.8275862068965522,0.1,0.1,0.1,0.2
cfpb_online_recal1_tiw020_seed0,CFPB,tiw_020,corr_mix,score_only,attacked,fused_sp_lrt_delta,1.0,1.0,0.5,80,55,6,5,5,16,0.6875,0.075,0.09090909090909091,0.09090909090909091,0.2,0.21849529780564259,0.21849529780564259,0.0,0.8275862068965522,0.1,0.1,0.1,0.2
cfpb_online_recal1_tiw020_seed0,CFPB,tiw_020,corr_mix,score_only,attacked,max_abs,1.0,1.0,0.5,80,80,9,23,9,9,1.0,0.1125,0.2875,0.1125,0.1125,0.25452586206896555,0.25452586206896555,0.0,0.9568965517241381,0.1,0.1,0.1,0.2
cfpb_online_recal1_tiw020_seed0,CFPB,tiw_020,corr_mix,score_only,attacked,pc_t2,1.0,1.0,0.5,80,58,8,5,5,19,0.725,0.1,0.08620689655172414,0.08620689655172414,0.2375,0.21521997621878708,0.21521997621878708,0.0,0.8275862068965518,0.1,0.1,0.1,0.2
cfpb_online_recal1_tiw020_seed0,CFPB,tiw_020,corr_mix,score_only,attacked,res_energy,1.0,1.0,0.5,80,55,6,9,5,17,0.6875,0.075,0.16363636363636364,0.09090909090909091,0.2125,0.23385579937304074,0.23385579937304074,0.0303030303030303,0.8275862068965522,0.1,0.1,0.1,0.2
cfpb_online_recal1_tiw020_seed0,CFPB,tiw_020,corr_mix,score_only,attacked,stale,1.0,1.0,0.5,80,0,0,0,0,15,0.0,0.0,nan,nan,0.1875,nan,nan,nan,nan,0.1,0.1,0.1,0.2
cfpb_online_recal1_tiw020_seed0,CFPB,tiw_020,freeze,all_only,control,T2,1.0,1.0,1.0,80,0,0,0,0,19,0.0,0.0,nan,nan,0.2375,nan,nan,nan,nan,0.1,0.1,0.1,0.2
cfpb_online_recal1_tiw020_seed0,CFPB,tiw_020,freeze,all_only,control,cusum_factor_cov_lrt,1.0,1.0,1.0,80,80,0,37,0,0,1.0,0.0,0.4625,0.0,0.0,0.29137931034482756,0.29137931034482756,0.0,0.9543103448275861,0.1,0.1,0.1,0.2
cfpb_online_recal1_tiw020_seed0,CFPB,tiw_020,freeze,all_only,control,ewma_factor_cov_lrt,1.0,1.0,1.0,80,0,0,0,0,19,0.0,0.0,nan,nan,0.2375,nan,nan,nan,nan,0.1,0.1,0.1,0.2
cfpb_online_recal1_tiw020_seed0,CFPB,tiw_020,freeze,all_only,control,factor_cov_change,1.0,1.0,1.0,80,0,0,0,0,18,0.0,0.0,nan,nan,0.225,nan,nan,nan,nan,0.1,0.1,0.1,0.2
cfpb_online_recal1_tiw020_seed0,CFPB,tiw_020,freeze,all_only,control,factor_cov_delta,1.0,1.0,1.0,80,0,0,0,0,18,0.0,0.0,nan,nan,0.225,nan,nan,nan,nan,0.1,0.1,0.1,0.2
cfpb_online_recal1_tiw020_seed0,CFPB,tiw_020,freeze,all_only,control,factor_cov_lrt,1.0,1.0,1.0,80,60,60,4,4,17,0.75,0.75,0.06666666666666667,0.06666666666666667,0.2125,0.20316091954022994,0.20316091954022994,0.0,0.8275862068965519,0.1,0.1,0.1,0.2
cfpb_online_recal1_tiw020_seed0,CFPB,tiw_020,freeze,all_only,control,factor_cov_lrt_delta,1.0,1.0,1.0,80,80,80,19,19,19,1.0,1.0,0.2375,0.2375,0.2375,0.1726293103448276,0.1726293103448276,0.0,0.9568965517241381,0.1,0.1,0.1,0.2
cfpb_online_recal1_tiw020_seed0,CFPB,tiw_020,freeze,all_only,control,fused_fisher,1.0,1.0,1.0,80,0,0,0,0,17,0.0,0.0,nan,nan,0.2125,nan,nan,nan,nan,0.1,0.1,0.1,0.2
cfpb_online_recal1_tiw020_seed0,CFPB,tiw_020,freeze,all_only,control,fused_fisher_lrt_delta,1.0,1.0,1.0,80,0,0,0,0,12,0.0,0.0,nan,nan,0.15,nan,nan,nan,nan,0.1,0.1,0.1,0.2
cfpb_online_recal1_tiw020_seed0,CFPB,tiw_020,freeze,all_only,control,fused_sp,1.0,1.0,1.0,80,0,0,0,0,16,0.0,0.0,nan,nan,0.2,nan,nan,nan,nan,0.1,0.1,0.1,0.2
cfpb_online_recal1_tiw020_seed0,CFPB,tiw_020,freeze,all_only,control,fused_sp_lrt_delta,1.0,1.0,1.0,80,0,0,0,0,13,0.0,0.0,nan,nan,0.1625,nan,nan,nan,nan,0.1,0.1,0.1,0.2
cfpb_online_recal1_tiw020_seed0,CFPB,tiw_020,freeze,all_only,control,max_abs,1.0,1.0,1.0,80,80,20,26,18,18,1.0,0.25,0.325,0.225,0.225,0.21982758620689652,0.21982758620689652,0.0,0.9465517241379311,0.1,0.1,0.1,0.2
cfpb_online_recal1_tiw020_seed0,CFPB,tiw_020,freeze,all_only,control,pc_t2,1.0,1.0,1.0,80,58,17,8,8,10,0.725,0.2125,0.13793103448275862,0.13793103448275862,0.125,0.22235434007134364,0.22235434007134364,0.0,0.8275862068965518,0.1,0.1,0.1,0.2
cfpb_online_recal1_tiw020_seed0,CFPB,tiw_020,freeze,all_only,control,res_energy,1.0,1.0,1.0,80,0,0,0,0,18,0.0,0.0,nan,nan,0.225,nan,nan,nan,nan,0.1,0.1,0.1,0.2
cfpb_online_recal1_tiw020_seed0,CFPB,tiw_020,freeze,all_only,control,stale,1.0,1.0,1.0,80,58,58,0,0,11,0.725,0.725,0.0,0.0,0.1375,0.06896551724137932,0.06896551724137932,0.0,0.8275862068965518,0.1,0.1,0.1,0.2
cfpb_online_recal1_tiw020_seed0,CFPB,tiw_020,freeze,full,full,T2,1.0,1.0,1.0,80,80,13,52,1,1,1.0,0.1625,0.65,0.0125,0.0125,0.2530172413793103,0.23189655172413795,0.4145833333333333,0.8922413793103449,0.1,0.1,0.1,0.2
cfpb_online_recal1_tiw020_seed0,CFPB,tiw_020,freeze,full,full,cusum_factor_cov_lrt,1.0,1.0,1.0,80,80,26,57,19,19,1.0,0.325,0.7125,0.2375,0.2375,0.25323275862068967,0.25732758620689655,0.4854166666666666,1.1793103448275863,0.1,0.1,0.1,0.2
cfpb_online_recal1_tiw020_seed0,CFPB,tiw_020,freeze,full,full,ewma_factor_cov_lrt,1.0,1.0,1.0,80,0,0,0,0,16,0.0,0.0,nan,nan,0.2,nan,nan,nan,nan,0.1,0.1,0.1,0.2
cfpb_online_recal1_tiw020_seed0,CFPB,tiw_020,freeze,full,full,factor_cov_change,1.0,1.0,1.0,80,0,0,0,0,10,0.0,0.0,nan,nan,0.125,nan,nan,nan,nan,0.1,0.1,0.1,0.2
cfpb_online_recal1_tiw020_seed0,CFPB,tiw_020,freeze,full,full,factor_cov_delta,1.0,1.0,1.0,80,61,14,10,10,18,0.7625,0.175,0.16393442622950818,0.16393442622950818,0.225,0.2249858677218768,0.22526851328434144,0.0273224043715847,0.7699265121537593,0.1,0.1,0.1,0.2
cfpb_online_recal1_tiw020_seed0,CFPB,tiw_020,freeze,full,full,factor_cov_lrt,1.0,1.0,1.0,80,0,0,0,0,18,0.0,0.0,nan,nan,0.225,nan,nan,nan,nan,0.1,0.1,0.1,0.2
cfpb_online_recal1_tiw020_seed0,CFPB,tiw_020,freeze,full,full,factor_cov_lrt_delta,1.0,1.0,1.0,80,4,4,0,0,0,0.05,0.05,0.0,0.0,0.0,0.10344827586206896,0.11637931034482758,0.3333333333333333,1.3448275862068966,0.1,0.1,0.1,0.2
cfpb_online_recal1_tiw020_seed0,CFPB,tiw_020,freeze,full,full,fused_fisher,1.0,1.0,1.0,80,60,60,14,14,25,0.75,0.75,0.23333333333333334,0.23333333333333334,0.3125,0.1781609195402299,0.18045977011494255,0.03888888888888888,0.7931034482758623,0.1,0.1,0.1,0.2
cfpb_online_recal1_tiw020_seed0,CFPB,tiw_020,freeze,full,full,fused_fisher_lrt_delta,1.0,1.0,1.0,80,0,0,0,0,17,0.0,0.0,nan,nan,0.2125,nan,nan,nan,nan,0.1,0.1,0.1,0.2
cfpb_online_recal1_tiw020_seed0,CFPB,tiw_020,freeze,full,full,fused_sp,1.0,1.0,1.0,80,56,9,10,9,20,0.7,0.1125,0.17857142857142858,0.16071428571428573,0.25,0.23029556650246308,0.22814039408866996,0.041666666666666664,0.8054187192118227,0.1,0.1,0.1,0.2
cfpb_online_recal1_tiw020_seed0,CFPB,tiw_020,freeze,full,full,fused_sp_lrt_delta,1.0,1.0,1.0,80,56,56,4,4,15,0.7,0.7,0.07142857142857142,0.07142857142857142,0.1875,0.1982758620689655,0.1961206896551724,0.044642857142857144,0.8201970443349753,0.1,0.1,0.1,0.2
cfpb_online_recal1_tiw020_seed0,CFPB,tiw_020,freeze,full,full,max_abs,1.0,1.0,1.0,80,80,3,27,3,3,1.0,0.0375,0.3375,0.0375,0.0375,0.2849137931034483,0.2808189655172414,0.041666666666666664,1.1172413793103448,0.1,0.1,0.1,0.2
cfpb_online_recal1_tiw020_seed0,CFPB,tiw_020,freeze,full,full,pc_t2,1.0,1.0,1.0,80,59,9,11,9,19,0.7375,0.1125,0.1864406779661017,0.15254237288135594,0.2375,0.2457627118644068,0.24313267095265928,0.0,0.8170660432495619,0.1,0.1,0.1,0.2
cfpb_online_recal1_tiw020_seed0,CFPB,tiw_020,freeze,full,full,res_energy,1.0,1.0,1.0,80,55,8,7,6,14,0.6875,0.1,0.12727272727272726,0.10909090909090909,0.175,0.22978056426332288,0.22946708463949844,0.01818181818181818,0.8163009404388719,0.1,0.1,0.1,0.2
cfpb_online_recal1_tiw020_seed0,CFPB,tiw_020,freeze,full,full,stale,1.0,1.0,1.0,80,80,80,58,38,38,1.0,1.0,0.725,0.475,0.475,0.13857758620689656,0.11163793103448276,0.6604166666666667,0.9129310344827587,0.1,0.1,0.1,0.2
cfpb_online_recal1_tiw020_seed0,CFPB,tiw_020,freeze,score_only,attacked,T2,1.0,1.0,1.0,80,80,10,21,9,9,1.0,0.125,0.2625,0.1125,0.1125,0.25495689655172415,0.25862068965517243,0.06666666666666667,0.9594827586206897,0.1,0.1,0.1,0.2
cfpb_online_recal1_tiw020_seed0,CFPB,tiw_020,freeze,score_only,attacked,coh_resid_energy,1.0,1.0,1.0,80,80,40,32,27,27,1.0,0.5,0.4,0.3375,0.3375,0.20538793103448275,0.1879310344827586,0.18333333333333332,0.7655172413793103,0.1,0.1,0.1,0.2
cfpb_online_recal1_tiw020_seed0,CFPB,tiw_020,freeze,score_only,attacked,coh_resid_t2,1.0,1.0,1.0,80,80,12,60,4,4,1.0,0.15,0.75,0.05,0.05,0.25323275862068967,0.23275862068965517,0.4729166666666666,0.9103448275862069,0.1,0.1,0.1,0.2
cfpb_online_recal1_tiw020_seed0,CFPB,tiw_020,freeze,score_only,attacked,cusum_coh_resid_t2,1.0,1.0,1.0,80,38,19,31,15,15,0.475,0.2375,0.8157894736842105,0.39473684210526316,0.1875,0.2254990925589837,0.2223230490018149,0.6535087719298245,1.0508166969147006,0.1,0.1,0.1,0.2
cfpb_online_recal1_tiw020_seed0,CFPB,tiw_020,freeze,score_only,attacked,cusum_factor_cov_lrt,1.0,1.0,1.0,80,77,0,68,0,0,0.9625,0.0,0.8831168831168831,0.0,0.0,0.4171518137035378,0.4308105687416033,0.30519480519480513,1.1742051052395879,0.1,0.1,0.1,0.2
cfpb_online_recal1_tiw020_seed0,CFPB,tiw_020,freeze,score_only,attacked,ewma_coh_resid_t2,1.0,1.0,1.0,80,80,0,58,0,0,1.0,0.0,0.725,0.0,0.0,0.3165948275862069,0.28771551724137934,0.40625,0.7836206896551724,0.1,0.1,0.1,0.2
cfpb_online_recal1_tiw020_seed0,CFPB,tiw_020,freeze,score_only,attacked,ewma_factor_cov_lrt,1.0,1.0,1.0,80,0,0,0,0,20,0.0,0.0,nan,nan,0.25,nan,nan,nan,nan,0.1,0.1,0.1,0.2
cfpb_online_recal1_tiw020_seed0,CFPB,tiw_020,freeze,score_only,attacked,factor_cov_change,1.0,1.0,1.0,80,0,0,0,0,12,0.0,0.0,nan,nan,0.15,nan,nan,nan,nan,0.1,0.1,0.1,0.2
cfpb_online_recal1_tiw020_seed0,CFPB,tiw_020,freeze,score_only,attacked,factor_cov_delta,1.0,1.0,1.0,80,61,14,10,10,16,0.7625,0.175,0.16393442622950818,0.16393442622950818,0.2,0.2249858677218768,0.23176936122102884,0.07650273224043715,0.7767100056529115,0.1,0.1,0.1,0.2
cfpb_online_recal1_tiw020_seed0,CFPB,tiw_020,freeze,score_only,attacked,factor_cov_lrt,1.0,1.0,1.0,80,0,0,0,0,26,0.0,0.0,nan,nan,0.325,nan,nan,nan,nan,0.1,0.1,0.1,0.2
cfpb_online_recal1_tiw020_seed0,CFPB,tiw_020,freeze,score_only,attacked,factor_cov_lrt_delta,1.0,1.0,1.0,80,80,37,0,0,0,1.0,0.4625,0.0,0.0,0.0,0.21853448275862072,0.24568965517241378,0.2208333333333333,1.2387931034482762,0.1,0.1,0.1,0.2
cfpb_online_recal1_tiw020_seed0,CFPB,tiw_020,freeze,score_only,attacked,fused_fisher,1.0,1.0,1.0,80,41,41,24,1,1,0.5125,0.5125,0.5853658536585366,0.024390243902439025,0.0125,0.1770395290159798,0.17283431455004203,0.27235772357723576,0.9789739276703111,0.1,0.1,0.1,0.2
cfpb_online_recal1_tiw020_seed0,CFPB,tiw_020,freeze,score_only,attacked,fused_fisher_lrt_delta,1.0,1.0,1.0,80,58,8,6,6,14,0.725,0.1,0.10344827586206896,0.10344827586206896,0.175,0.2303804994054697,0.23305588585017833,0.04597701149425287,0.8418549346016647,0.1,0.1,0.1,0.2
cfpb_online_recal1_tiw020_seed0,CFPB,tiw_020,freeze,score_only,attacked,fused_sp,1.0,1.0,1.0,80,55,6,6,5,17,0.6875,0.075,0.10909090909090909,0.09090909090909091,0.2125,0.21849529780564259,0.21974921630094035,0.006060606060606061,0.8426332288401258,0.1,0.1,0.1,0.2
cfpb_online_recal1_tiw020_seed0,CFPB,tiw_020,freeze,score_only,attacked,fused_sp_lrt_delta,1.0,1.0,1.0,80,55,6,6,5,13,0.6875,0.075,0.10909090909090909,0.09090909090909091,0.1625,0.21849529780564259,0.22100313479623818,0.00909090909090909,0.8351097178683389,0.1,0.1,0.1,0.2
cfpb_online_recal1_tiw020_seed0,CFPB,tiw_020,freeze,score_only,attacked,max_abs,1.0,1.0,1.0,80,80,9,24,9,9,1.0,0.1125,0.3,0.1125,0.1125,0.25452586206896555,0.25732758620689655,0.05416666666666666,0.9543103448275863,0.1,0.1,0.1,0.2
cfpb_online_recal1_tiw020_seed0,CFPB,tiw_020,freeze,score_only,attacked,pc_t2,1.0,1.0,1.0,80,58,8,8,5,17,0.725,0.1,0.13793103448275862,0.08620689655172414,0.2125,0.21521997621878708,0.21521997621878708,0.014367816091954021,0.8240190249702737,0.1,0.1,0.1,0.2
cfpb_online_recal1_tiw020_seed0,CFPB,tiw_020,freeze,score_only,attacked,res_energy,1.0,1.0,1.0,80,55,6,8,5,13,0.6875,0.075,0.14545454545454545,0.09090909090909091,0.1625,0.23385579937304074,0.2373040752351097,0.01515151515151515,0.8426332288401258,0.1,0.1,0.1,0.2
cfpb_online_recal1_tiw020_seed0,CFPB,tiw_020,freeze,score_only,attacked,stale,1.0,1.0,1.0,80,0,0,0,0,58,0.0,0.0,nan,nan,0.725,nan,nan,nan,nan,0.1,0.1,0.1,0.2
cfpb_recal_win36_seed0,CFPB,sensitivity_win36,corr_mix,all_only,control,T2,1.0,1.0,0.5,80,0,0,0,0,14,0.0,0.0,nan,nan,0.175,nan,nan,nan,nan,0.1,0.1,0.1,0.15
cfpb_recal_win36_seed0,CFPB,sensitivity_win36,corr_mix,all_only,control,cusum_factor_cov_lrt,1.0,1.0,0.5,80,80,0,37,0,0,1.0,0.0,0.4625,0.0,0.0,0.29137931034482756,0.29137931034482756,0.0,0.9543103448275861,0.1,0.1,0.1,0.15
cfpb_recal_win36_seed0,CFPB,sensitivity_win36,corr_mix,all_only,control,ewma_factor_cov_lrt,1.0,1.0,0.5,80,0,0,0,0,14,0.0,0.0,nan,nan,0.175,nan,nan,nan,nan,0.1,0.1,0.1,0.15
cfpb_recal_win36_seed0,CFPB,sensitivity_win36,corr_mix,all_only,control,factor_cov_change,1.0,1.0,0.5,80,0,0,0,0,14,0.0,0.0,nan,nan,0.175,nan,nan,nan,nan,0.1,0.1,0.1,0.15
cfpb_recal_win36_seed0,CFPB,sensitivity_win36,corr_mix,all_only,control,factor_cov_delta,1.0,1.0,0.5,80,67,10,6,6,16,0.8375,0.125,0.08955223880597014,0.08955223880597014,0.2,0.17858980957282558,0.17858980957282558,0.0,0.8275862068965518,0.1,0.1,0.1,0.15
cfpb_recal_win36_seed0,CFPB,sensitivity_win36,corr_mix,all_only,control,factor_cov_lrt,1.0,1.0,0.5,80,56,56,5,5,15,0.7,0.7,0.08928571428571429,0.08928571428571429,0.1875,0.13454433497536947,0.13454433497536947,0.0,0.8275862068965517,0.1,0.1,0.1,0.15
cfpb_recal_win36_seed0,CFPB,sensitivity_win36,corr_mix,all_only,control,factor_cov_lrt_delta,1.0,1.0,0.5,80,57,57,5,5,14,0.7125,0.7125,0.08771929824561403,0.08771929824561403,0.175,0.1358136721113128,0.1358136721113128,0.0,0.8275862068965518,0.1,0.1,0.1,0.15
cfpb_recal_win36_seed0,CFPB,sensitivity_win36,corr_mix,all_only,control,fused_fisher,1.0,1.0,0.5,80,0,0,0,0,14,0.0,0.0,nan,nan,0.175,nan,nan,nan,nan,0.1,0.1,0.1,0.15
cfpb_recal_win36_seed0,CFPB,sensitivity_win36,corr_mix,all_only,control,fused_fisher_lrt_delta,1.0,1.0,0.5,80,0,0,0,0,12,0.0,0.0,nan,nan,0.15,nan,nan,nan,nan,0.1,0.1,0.1,0.15
cfpb_recal_win36_seed0,CFPB,sensitivity_win36,corr_mix,all_only,control,fused_sp,1.0,1.0,0.5,80,0,0,0,0,12,0.0,0.0,nan,nan,0.15,nan,nan,nan,nan,0.1,0.1,0.1,0.15
cfpb_recal_win36_seed0,CFPB,sensitivity_win36,corr_mix,all_only,control,fused_sp_lrt_delta,1.0,1.0,0.5,80,0,0,0,0,10,0.0,0.0,nan,nan,0.125,nan,nan,nan,nan,0.1,0.1,0.1,0.15
cfpb_recal_win36_seed0,CFPB,sensitivity_win36,corr_mix,all_only,control,max_abs,1.0,1.0,0.5,80,59,15,12,9,10,0.7375,0.1875,0.2033898305084746,0.15254237288135594,0.125,0.1729982466393922,0.1729982466393922,0.0,0.8275862068965519,0.1,0.1,0.1,0.15
cfpb_recal_win36_seed0,CFPB,sensitivity_win36,corr_mix,all_only,control,pc_t2,1.0,1.0,0.5,80,0,0,0,0,12,0.0,0.0,nan,nan,0.15,nan,nan,nan,nan,0.1,0.1,0.1,0.15
cfpb_recal_win36_seed0,CFPB,sensitivity_win36,corr_mix,all_only,control,res_energy,1.0,1.0,0.5,80,0,0,0,0,17,0.0,0.0,nan,nan,0.2125,nan,nan,nan,nan,0.1,0.1,0.1,0.15
cfpb_recal_win36_seed0,CFPB,sensitivity_win36,corr_mix,all_only,control,stale,1.0,1.0,0.5,80,55,55,6,6,22,0.6875,0.6875,0.10909090909090909,0.10909090909090909,0.275,0.14326018808777427,0.14326018808777427,0.0,0.8275862068965522,0.1,0.1,0.1,0.15
cfpb_recal_win36_seed0,CFPB,sensitivity_win36,corr_mix,full,full,T2,1.0,1.0,0.5,80,65,11,8,7,15,0.8125,0.1375,0.12307692307692308,0.1076923076923077,0.1875,0.17745358090185678,0.17559681697612733,0.0,0.8275862068965517,0.1,0.1,0.1,0.15
cfpb_recal_win36_seed0,CFPB,sensitivity_win36,corr_mix,full,full,cusum_factor_cov_lrt,1.0,1.0,0.5,80,80,0,32,0,0,1.0,0.0,0.4,0.0,0.0,0.25323275862068967,0.2543103448275862,0.035416666666666666,1.114655172413793,0.1,0.1,0.1,0.15
cfpb_recal_win36_seed0,CFPB,sensitivity_win36,corr_mix,full,full,ewma_factor_cov_lrt,1.0,1.0,0.5,80,0,0,0,0,6,0.0,0.0,nan,nan,0.075,nan,nan,nan,nan,0.1,0.1,0.1,0.15
cfpb_recal_win36_seed0,CFPB,sensitivity_win36,corr_mix,full,full,factor_cov_change,1.0,1.0,0.5,80,0,0,0,0,12,0.0,0.0,nan,nan,0.15,nan,nan,nan,nan,0.1,0.1,0.1,0.15
cfpb_recal_win36_seed0,CFPB,sensitivity_win36,corr_mix,full,full,factor_cov_delta,1.0,1.0,0.5,80,0,0,0,0,12,0.0,0.0,nan,nan,0.15,nan,nan,nan,nan,0.1,0.1,0.1,0.15
cfpb_recal_win36_seed0,CFPB,sensitivity_win36,corr_mix,full,full,factor_cov_lrt,1.0,1.0,0.5,80,0,0,0,0,9,0.0,0.0,nan,nan,0.1125,nan,nan,nan,nan,0.1,0.1,0.1,0.15
cfpb_recal_win36_seed0,CFPB,sensitivity_win36,corr_mix,full,full,factor_cov_lrt_delta,1.0,1.0,0.5,80,51,51,12,1,1,0.6375,0.6375,0.23529411764705882,0.0196078431372549,0.0125,0.10277214334009468,0.1017579445571332,0.029411764705882353,1.2210953346855982,0.1,0.1,0.1,0.15
cfpb_recal_win36_seed0,CFPB,sensitivity_win36,corr_mix,full,full,fused_fisher,1.0,1.0,0.5,80,0,0,0,0,14,0.0,0.0,nan,nan,0.175,nan,nan,nan,nan,0.1,0.1,0.1,0.15
cfpb_recal_win36_seed0,CFPB,sensitivity_win36,corr_mix,full,full,fused_fisher_lrt_delta,1.0,1.0,0.5,80,0,0,0,0,12,0.0,0.0,nan,nan,0.15,nan,nan,nan,nan,0.1,0.1,0.1,0.15
cfpb_recal_win36_seed0,CFPB,sensitivity_win36,corr_mix,full,full,fused_sp,1.0,1.0,0.5,80,56,5,6,5,16,0.7,0.0625,0.10714285714285714,0.08928571428571429,0.2,0.18165024630541873,0.18165024630541873,0.0,0.8275862068965517,0.1,0.1,0.1,0.15
cfpb_recal_win36_seed0,CFPB,sensitivity_win36,corr_mix,full,full,fused_sp_lrt_delta,1.0,1.0,0.5,80,56,5,6,5,16,0.7,0.0625,0.10714285714285714,0.08928571428571429,0.2,0.18165024630541873,0.18165024630541873,0.0,0.8275862068965517,0.1,0.1,0.1,0.15
cfpb_recal_win36_seed0,CFPB,sensitivity_win36,corr_mix,full,full,max_abs,1.0,1.0,0.5,80,0,0,0,0,12,0.0,0.0,nan,nan,0.15,nan,nan,nan,nan,0.1,0.1,0.1,0.15
cfpb_recal_win36_seed0,CFPB,sensitivity_win36,corr_mix,full,full,pc_t2,1.0,1.0,0.5,80,0,0,0,0,15,0.0,0.0,nan,nan,0.1875,nan,nan,nan,nan,0.1,0.1,0.1,0.15
cfpb_recal_win36_seed0,CFPB,sensitivity_win36,corr_mix,full,full,res_energy,1.0,1.0,0.5,80,55,4,5,4,14,0.6875,0.05,0.09090909090909091,0.07272727272727272,0.175,0.200626959247649,0.200626959247649,0.0,0.8275862068965522,0.1,0.1,0.1,0.15
cfpb_recal_win36_seed0,CFPB,sensitivity_win36,corr_mix,full,full,stale,1.0,1.0,0.5,80,44,4,5,3,21,0.55,0.05,0.11363636363636363,0.06818181818181818,0.2625,0.19905956112852674,0.19592476489028218,0.056818181818181816,0.8181818181818185,0.1,0.1,0.1,0.15
cfpb_recal_win36_seed0,CFPB,sensitivity_win36,corr_mix,score_only,attacked,T2,1.0,1.0,0.5,80,53,1,2,0,6,0.6625,0.0125,0.03773584905660377,0.0,0.075,0.22186076772934277,0.22186076772934277,0.0,0.827586206896552,0.1,0.1,0.1,0.15
cfpb_recal_win36_seed0,CFPB,sensitivity_win36,corr_mix,score_only,attacked,coh_resid_energy,1.0,1.0,0.5,80,48,5,7,5,18,0.6,0.0625,0.14583333333333334,0.10416666666666667,0.225,0.16343390804597702,0.1616379310344828,0.006944444444444444,0.8275862068965517,0.1,0.1,0.1,0.15
cfpb_recal_win36_seed0,CFPB,sensitivity_win36,corr_mix,score_only,attacked,coh_resid_t2,1.0,1.0,0.5,80,61,4,10,4,14,0.7625,0.05,0.16393442622950818,0.06557377049180328,0.175,0.20011305822498593,0.20011305822498593,0.030054644808743168,0.827586206896552,0.1,0.1,0.1,0.15
cfpb_recal_win36_seed0,CFPB,sensitivity_win36,corr_mix,score_only,attacked,cusum_coh_resid_t2,1.0,1.0,0.5,80,38,0,16,0,0,0.475,0.0,0.42105263157894735,0.0,0.0,0.2254990925589837,0.2254990925589837,0.04824561403508772,1.0508166969147006,0.1,0.1,0.1,0.15
cfpb_recal_win36_seed0,CFPB,sensitivity_win36,corr_mix,score_only,attacked,cusum_factor_cov_lrt,1.0,1.0,0.5,80,77,0,50,0,0,0.9625,0.0,0.6493506493506493,0.0,0.0,0.4171518137035378,0.4178235557545902,0.006493506493506494,1.1500223914017016,0.1,0.1,0.1,0.15
cfpb_recal_win36_seed0,CFPB,sensitivity_win36,corr_mix,score_only,attacked,ewma_coh_resid_t2,1.0,1.0,0.5,80,80,4,23,4,4,1.0,0.05,0.2875,0.05,0.05,0.23793103448275862,0.2375,0.025,0.9362068965517242,0.1,0.1,0.1,0.15
cfpb_recal_win36_seed0,CFPB,sensitivity_win36,corr_mix,score_only,attacked,ewma_factor_cov_lrt,1.0,1.0,0.5,80,0,0,0,0,13,0.0,0.0,nan,nan,0.1625,nan,nan,nan,nan,0.1,0.1,0.1,0.15
cfpb_recal_win36_seed0,CFPB,sensitivity_win36,corr_mix,score_only,attacked,factor_cov_change,1.0,1.0,0.5,80,0,0,0,0,14,0.0,0.0,nan,nan,0.175,nan,nan,nan,nan,0.1,0.1,0.1,0.15
cfpb_recal_win36_seed0,CFPB,sensitivity_win36,corr_mix,score_only,attacked,factor_cov_delta,1.0,1.0,0.5,80,0,0,0,0,12,0.0,0.0,nan,nan,0.15,nan,nan,nan,nan,0.1,0.1,0.1,0.15
cfpb_recal_win36_seed0,CFPB,sensitivity_win36,corr_mix,score_only,attacked,factor_cov_lrt,1.0,1.0,0.5,80,0,0,0,0,9,0.0,0.0,nan,nan,0.1125,nan,nan,nan,nan,0.1,0.1,0.1,0.15
cfpb_recal_win36_seed0,CFPB,sensitivity_win36,corr_mix,score_only,attacked,factor_cov_lrt_delta,1.0,1.0,0.5,80,0,0,0,0,11,0.0,0.0,nan,nan,0.1375,nan,nan,nan,nan,0.1,0.1,0.1,0.15
cfpb_recal_win36_seed0,CFPB,sensitivity_win36,corr_mix,score_only,attacked,fused_fisher,1.0,1.0,0.5,80,0,0,0,0,19,0.0,0.0,nan,nan,0.2375,nan,nan,nan,nan,0.1,0.1,0.1,0.15
cfpb_recal_win36_seed0,CFPB,sensitivity_win36,corr_mix,score_only,attacked,fused_fisher_lrt_delta,1.0,1.0,0.5,80,0,0,0,0,16,0.0,0.0,nan,nan,0.2,nan,nan,nan,nan,0.1,0.1,0.1,0.15
cfpb_recal_win36_seed0,CFPB,sensitivity_win36,corr_mix,score_only,attacked,fused_sp,1.0,1.0,0.5,80,55,2,4,1,10,0.6875,0.025,0.07272727272727272,0.01818181818181818,0.125,0.20250783699059574,0.20219435736677127,0.006060606060606061,0.8275862068965522,0.1,0.1,0.1,0.15
cfpb_recal_win36_seed0,CFPB,sensitivity_win36,corr_mix,score_only,attacked,fused_sp_lrt_delta,1.0,1.0,0.5,80,55,2,3,1,10,0.6875,0.025,0.05454545454545454,0.01818181818181818,0.125,0.18620689655172423,0.18589341692789976,0.0,0.8275862068965522,0.1,0.1,0.1,0.15
cfpb_recal_win36_seed0,CFPB,sensitivity_win36,corr_mix,score_only,attacked,max_abs,1.0,1.0,0.5,80,0,0,0,0,17,0.0,0.0,nan,nan,0.2125,nan,nan,nan,nan,0.1,0.1,0.1,0.15
cfpb_recal_win36_seed0,CFPB,sensitivity_win36,corr_mix,score_only,attacked,pc_t2,1.0,1.0,0.5,80,58,7,5,5,16,0.725,0.0875,0.08620689655172414,0.08620689655172414,0.2,0.16854934601664687,0.16676575505350774,0.0,0.8061831153388824,0.1,0.1,0.1,0.15
cfpb_recal_win36_seed0,CFPB,sensitivity_win36,corr_mix,score_only,attacked,res_energy,1.0,1.0,0.5,80,55,2,5,1,4,0.6875,0.025,0.09090909090909091,0.01818181818181818,0.05,0.21849529780564259,0.21849529780564259,0.0,0.8275862068965522,0.1,0.1,0.1,0.15
cfpb_recal_win36_seed0,CFPB,sensitivity_win36,corr_mix,score_only,attacked,stale,1.0,1.0,0.5,80,47,7,8,6,21,0.5875,0.0875,0.1702127659574468,0.1276595744680851,0.2625,0.19369038884812922,0.1907556859867939,0.05319148936170213,0.8187820983125463,0.1,0.1,0.1,0.15
cfpb_recal_win36_seed0,CFPB,sensitivity_win36,freeze,all_only,control,T2,1.0,1.0,1.0,80,0,0,0,0,14,0.0,0.0,nan,nan,0.175,nan,nan,nan,nan,0.1,0.1,0.1,0.15
cfpb_recal_win36_seed0,CFPB,sensitivity_win36,freeze,all_only,control,cusum_factor_cov_lrt,1.0,1.0,1.0,80,80,0,37,0,0,1.0,0.0,0.4625,0.0,0.0,0.29137931034482756,0.29137931034482756,0.0,0.9543103448275861,0.1,0.1,0.1,0.15
cfpb_recal_win36_seed0,CFPB,sensitivity_win36,freeze,all_only,control,ewma_factor_cov_lrt,1.0,1.0,1.0,80,0,0,0,0,14,0.0,0.0,nan,nan,0.175,nan,nan,nan,nan,0.1,0.1,0.1,0.15
cfpb_recal_win36_seed0,CFPB,sensitivity_win36,freeze,all_only,control,factor_cov_change,1.0,1.0,1.0,80,0,0,0,0,14,0.0,0.0,nan,nan,0.175,nan,nan,nan,nan,0.1,0.1,0.1,0.15
cfpb_recal_win36_seed0,CFPB,sensitivity_win36,freeze,all_only,control,factor_cov_delta,1.0,1.0,1.0,80,67,10,6,6,16,0.8375,0.125,0.08955223880597014,0.08955223880597014,0.2,0.17858980957282558,0.17858980957282558,0.0,0.8275862068965518,0.1,0.1,0.1,0.15
cfpb_recal_win36_seed0,CFPB,sensitivity_win36,freeze,all_only,control,factor_cov_lrt,1.0,1.0,1.0,80,56,56,5,5,15,0.7,0.7,0.08928571428571429,0.08928571428571429,0.1875,0.13454433497536947,0.13454433497536947,0.0,0.8275862068965517,0.1,0.1,0.1,0.15
cfpb_recal_win36_seed0,CFPB,sensitivity_win36,freeze,all_only,control,factor_cov_lrt_delta,1.0,1.0,1.0,80,57,57,5,5,14,0.7125,0.7125,0.08771929824561403,0.08771929824561403,0.175,0.1358136721113128,0.1358136721113128,0.0,0.8275862068965518,0.1,0.1,0.1,0.15
cfpb_recal_win36_seed0,CFPB,sensitivity_win36,freeze,all_only,control,fused_fisher,1.0,1.0,1.0,80,0,0,0,0,14,0.0,0.0,nan,nan,0.175,nan,nan,nan,nan,0.1,0.1,0.1,0.15
cfpb_recal_win36_seed0,CFPB,sensitivity_win36,freeze,all_only,control,fused_fisher_lrt_delta,1.0,1.0,1.0,80,0,0,0,0,12,0.0,0.0,nan,nan,0.15,nan,nan,nan,nan,0.1,0.1,0.1,0.15
cfpb_recal_win36_seed0,CFPB,sensitivity_win36,freeze,all_only,control,fused_sp,1.0,1.0,1.0,80,0,0,0,0,12,0.0,0.0,nan,nan,0.15,nan,nan,nan,nan,0.1,0.1,0.1,0.15
cfpb_recal_win36_seed0,CFPB,sensitivity_win36,freeze,all_only,control,fused_sp_lrt_delta,1.0,1.0,1.0,80,0,0,0,0,10,0.0,0.0,nan,nan,0.125,nan,nan,nan,nan,0.1,0.1,0.1,0.15
cfpb_recal_win36_seed0,CFPB,sensitivity_win36,freeze,all_only,control,max_abs,1.0,1.0,1.0,80,59,15,12,9,10,0.7375,0.1875,0.2033898305084746,0.15254237288135594,0.125,0.1729982466393922,0.1729982466393922,0.0,0.8275862068965519,0.1,0.1,0.1,0.15
cfpb_recal_win36_seed0,CFPB,sensitivity_win36,freeze,all_only,control,pc_t2,1.0,1.0,1.0,80,0,0,0,0,12,0.0,0.0,nan,nan,0.15,nan,nan,nan,nan,0.1,0.1,0.1,0.15
cfpb_recal_win36_seed0,CFPB,sensitivity_win36,freeze,all_only,control,res_energy,1.0,1.0,1.0,80,0,0,0,0,17,0.0,0.0,nan,nan,0.2125,nan,nan,nan,nan,0.1,0.1,0.1,0.15
cfpb_recal_win36_seed0,CFPB,sensitivity_win36,freeze,all_only,control,stale,1.0,1.0,1.0,80,55,55,6,6,22,0.6875,0.6875,0.10909090909090909,0.10909090909090909,0.275,0.14326018808777427,0.14326018808777427,0.0,0.8275862068965522,0.1,0.1,0.1,0.15
cfpb_recal_win36_seed0,CFPB,sensitivity_win36,freeze,full,full,T2,1.0,1.0,1.0,80,65,11,39,7,15,0.8125,0.1375,0.6,0.1076923076923077,0.1875,0.17745358090185678,0.16074270557029183,0.31794871794871793,0.6907161803713529,0.1,0.1,0.1,0.15
cfpb_recal_win36_seed0,CFPB,sensitivity_win36,freeze,full,full,cusum_factor_cov_lrt,1.0,1.0,1.0,80,80,0,57,0,0,1.0,0.0,0.7125,0.0,0.0,0.25323275862068967,0.25732758620689655,0.4854166666666666,1.1793103448275863,0.1,0.1,0.1,0.15
cfpb_recal_win36_seed0,CFPB,sensitivity_win36,freeze,full,full,ewma_factor_cov_lrt,1.0,1.0,1.0,80,0,0,0,0,6,0.0,0.0,nan,nan,0.075,nan,nan,nan,nan,0.1,0.1,0.1,0.15
cfpb_recal_win36_seed0,CFPB,sensitivity_win36,freeze,full,full,factor_cov_change,1.0,1.0,1.0,80,0,0,0,0,8,0.0,0.0,nan,nan,0.1,nan,nan,nan,nan,0.1,0.1,0.1,0.15
cfpb_recal_win36_seed0,CFPB,sensitivity_win36,freeze,full,full,factor_cov_delta,1.0,1.0,1.0,80,0,0,0,0,12,0.0,0.0,nan,nan,0.15,nan,nan,nan,nan,0.1,0.1,0.1,0.15
cfpb_recal_win36_seed0,CFPB,sensitivity_win36,freeze,full,full,factor_cov_lrt,1.0,1.0,1.0,80,0,0,0,0,16,0.0,0.0,nan,nan,0.2,nan,nan,nan,nan,0.1,0.1,0.1,0.15
cfpb_recal_win36_seed0,CFPB,sensitivity_win36,freeze,full,full,factor_cov_lrt_delta,1.0,1.0,1.0,80,51,51,0,0,0,0.6375,0.6375,0.0,0.0,0.0,0.10277214334009468,0.10784313725490197,0.1732026143790849,1.2535496957403651,0.1,0.1,0.1,0.15
cfpb_recal_win36_seed0,CFPB,sensitivity_win36,freeze,full,full,fused_fisher,1.0,1.0,1.0,80,0,0,0,0,23,0.0,0.0,nan,nan,0.2875,nan,nan,nan,nan,0.1,0.1,0.1,0.15
cfpb_recal_win36_seed0,CFPB,sensitivity_win36,freeze,full,full,fused_fisher_lrt_delta,1.0,1.0,1.0,80,0,0,0,0,14,0.0,0.0,nan,nan,0.175,nan,nan,nan,nan,0.1,0.1,0.1,0.15
cfpb_recal_win36_seed0,CFPB,sensitivity_win36,freeze,full,full,fused_sp,1.0,1.0,1.0,80,56,5,7,5,16,0.7,0.0625,0.125,0.08928571428571429,0.2,0.18165024630541873,0.17672413793103448,0.038690476190476185,0.7869458128078818,0.1,0.1,0.1,0.15
cfpb_recal_win36_seed0,CFPB,sensitivity_win36,freeze,full,full,fused_sp_lrt_delta,1.0,1.0,1.0,80,56,5,3,1,12,0.7,0.0625,0.05357142857142857,0.017857142857142856,0.15,0.18165024630541873,0.1807266009852217,0.038690476190476185,0.8017241379310346,0.1,0.1,0.1,0.15
cfpb_recal_win36_seed0,CFPB,sensitivity_win36,freeze,full,full,max_abs,1.0,1.0,1.0,80,0,0,0,0,13,0.0,0.0,nan,nan,0.1625,nan,nan,nan,nan,0.1,0.1,0.1,0.15
cfpb_recal_win36_seed0,CFPB,sensitivity_win36,freeze,full,full,pc_t2,1.0,1.0,1.0,80,0,0,0,0,16,0.0,0.0,nan,nan,0.2,nan,nan,nan,nan,0.1,0.1,0.1,0.15
cfpb_recal_win36_seed0,CFPB,sensitivity_win36,freeze,full,full,res_energy,1.0,1.0,1.0,80,55,4,6,4,14,0.6875,0.05,0.10909090909090909,0.07272727272727272,0.175,0.200626959247649,0.1962382445141067,0.03333333333333333,0.8050156739811916,0.1,0.1,0.1,0.15
cfpb_recal_win36_seed0,CFPB,sensitivity_win36,freeze,full,full,stale,1.0,1.0,1.0,80,44,4,32,3,27,0.55,0.05,0.7272727272727273,0.06818181818181818,0.3375,0.19905956112852674,0.18142633228840122,0.712121212121212,0.7429467084639498,0.1,0.1,0.1,0.15
cfpb_recal_win36_seed0,CFPB,sensitivity_win36,freeze,score_only,attacked,T2,1.0,1.0,1.0,80,53,1,3,0,6,0.6625,0.0125,0.05660377358490566,0.0,0.075,0.22186076772934277,0.22186076772934277,0.003144654088050314,0.827586206896552,0.1,0.1,0.1,0.15
cfpb_recal_win36_seed0,CFPB,sensitivity_win36,freeze,score_only,attacked,coh_resid_energy,1.0,1.0,1.0,80,48,5,15,5,23,0.6,0.0625,0.3125,0.10416666666666667,0.2875,0.16343390804597702,0.14727011494252873,0.19097222222222224,0.6551724137931035,0.1,0.1,0.1,0.15
cfpb_recal_win36_seed0,CFPB,sensitivity_win36,freeze,score_only,attacked,coh_resid_t2,1.0,1.0,1.0,80,61,4,43,4,14,0.7625,0.05,0.7049180327868853,0.06557377049180328,0.175,0.20011305822498593,0.19050310910118715,0.37704918032786877,0.7529677784058793,0.1,0.1,0.1,0.15
cfpb_recal_win36_seed0,CFPB,sensitivity_win36,freeze,score_only,attacked,cusum_coh_resid_t2,1.0,1.0,1.0,80,38,0,31,0,0,0.475,0.0,0.8157894736842105,0.0,0.0,0.2254990925589837,0.2223230490018149,0.6535087719298245,1.0508166969147006,0.1,0.1,0.1,0.15
cfpb_recal_win36_seed0,CFPB,sensitivity_win36,freeze,score_only,attacked,cusum_factor_cov_lrt,1.0,1.0,1.0,80,77,0,68,0,0,0.9625,0.0,0.8831168831168831,0.0,0.0,0.4171518137035378,0.4308105687416033,0.30519480519480513,1.1742051052395879,0.1,0.1,0.1,0.15
cfpb_recal_win36_seed0,CFPB,sensitivity_win36,freeze,score_only,attacked,ewma_coh_resid_t2,1.0,1.0,1.0,80,80,4,55,4,4,1.0,0.05,0.6875,0.05,0.05,0.23793103448275862,0.2105603448275862,0.5041666666666667,0.7396551724137931,0.1,0.1,0.1,0.15
cfpb_recal_win36_seed0,CFPB,sensitivity_win36,freeze,score_only,attacked,ewma_factor_cov_lrt,1.0,1.0,1.0,80,0,0,0,0,22,0.0,0.0,nan,nan,0.275,nan,nan,nan,nan,0.1,0.1,0.1,0.15
cfpb_recal_win36_seed0,CFPB,sensitivity_win36,freeze,score_only,attacked,factor_cov_change,1.0,1.0,1.0,80,0,0,0,0,10,0.0,0.0,nan,nan,0.125,nan,nan,nan,nan,0.1,0.1,0.1,0.15
cfpb_recal_win36_seed0,CFPB,sensitivity_win36,freeze,score_only,attacked,factor_cov_delta,1.0,1.0,1.0,80,0,0,0,0,12,0.0,0.0,nan,nan,0.15,nan,nan,nan,nan,0.1,0.1,0.1,0.15
cfpb_recal_win36_seed0,CFPB,sensitivity_win36,freeze,score_only,attacked,factor_cov_lrt,1.0,1.0,1.0,80,0,0,0,0,26,0.0,0.0,nan,nan,0.325,nan,nan,nan,nan,0.1,0.1,0.1,0.15
cfpb_recal_win36_seed0,CFPB,sensitivity_win36,freeze,score_only,attacked,factor_cov_lrt_delta,1.0,1.0,1.0,80,0,0,0,0,0,0.0,0.0,nan,nan,0.0,nan,nan,nan,nan,0.1,0.1,0.1,0.15
cfpb_recal_win36_seed0,CFPB,sensitivity_win36,freeze,score_only,attacked,fused_fisher,1.0,1.0,1.0,80,0,0,0,0,20,0.0,0.0,nan,nan,0.25,nan,nan,nan,nan,0.1,0.1,0.1,0.15
cfpb_recal_win36_seed0,CFPB,sensitivity_win36,freeze,score_only,attacked,fused_fisher_lrt_delta,1.0,1.0,1.0,80,0,0,0,0,14,0.0,0.0,nan,nan,0.175,nan,nan,nan,nan,0.1,0.1,0.1,0.15
cfpb_recal_win36_seed0,CFPB,sensitivity_win36,freeze,score_only,attacked,fused_sp,1.0,1.0,1.0,80,55,2,5,1,13,0.6875,0.025,0.09090909090909091,0.01818181818181818,0.1625,0.20250783699059574,0.2034482758620691,0.012121212121212121,0.8426332288401258,0.1,0.1,0.1,0.15
cfpb_recal_win36_seed0,CFPB,sensitivity_win36,freeze,score_only,attacked,fused_sp_lrt_delta,1.0,1.0,1.0,80,55,2,2,1,9,0.6875,0.025,0.03636363636363636,0.01818181818181818,0.1125,0.18620689655172423,0.18871473354231982,0.01515151515151515,0.8501567398119125,0.1,0.1,0.1,0.15
cfpb_recal_win36_seed0,CFPB,sensitivity_win36,freeze,score_only,attacked,max_abs,1.0,1.0,1.0,80,0,0,0,0,17,0.0,0.0,nan,nan,0.2125,nan,nan,nan,nan,0.1,0.1,0.1,0.15
cfpb_recal_win36_seed0,CFPB,sensitivity_win36,freeze,score_only,attacked,pc_t2,1.0,1.0,1.0,80,58,7,6,5,14,0.725,0.0875,0.10344827586206896,0.08620689655172414,0.175,0.16854934601664687,0.16854934601664687,0.02011494252873563,0.8275862068965518,0.1,0.1,0.1,0.15
cfpb_recal_win36_seed0,CFPB,sensitivity_win36,freeze,score_only,attacked,res_energy,1.0,1.0,1.0,80,55,2,8,1,4,0.6875,0.025,0.14545454545454545,0.01818181818181818,0.05,0.21849529780564259,0.22100313479623818,0.02727272727272727,0.8501567398119128,0.1,0.1,0.1,0.15
cfpb_recal_win36_seed0,CFPB,sensitivity_win36,freeze,score_only,attacked,stale,1.0,1.0,1.0,80,47,7,33,6,25,0.5875,0.0875,0.7021276595744681,0.1276595744680851,0.3125,0.19369038884812922,0.1848862802641233,0.6453900709219857,0.7263389581804844,0.1,0.1,0.1,0.15
cfpb_recal_eta015_seed0,CFPB,sensitivity_eta015,corr_mix,all_only,control,T2,1.0,1.0,0.5,80,0,0,0,0,5,0.0,0.0,nan,nan,0.0625,nan,nan,nan,nan,0.1,0.1,0.1,0.15
cfpb_recal_eta015_seed0,CFPB,sensitivity_eta015,corr_mix,all_only,control,cusum_factor_cov_lrt,1.0,1.0,0.5,80,80,0,37,0,0,1.0,0.0,0.4625,0.0,0.0,0.29137931034482756,0.29137931034482756,0.0,0.9543103448275861,0.1,0.1,0.1,0.15
cfpb_recal_eta015_seed0,CFPB,sensitivity_eta015,corr_mix,all_only,control,ewma_factor_cov_lrt,1.0,1.0,0.5,80,0,0,0,0,7,0.0,0.0,nan,nan,0.0875,nan,nan,nan,nan,0.1,0.1,0.1,0.15
cfpb_recal_eta015_seed0,CFPB,sensitivity_eta015,corr_mix,all_only,control,factor_cov_change,1.0,1.0,0.5,80,0,0,0,0,1,0.0,0.0,nan,nan,0.0125,nan,nan,nan,nan,0.1,0.1,0.1,0.15
cfpb_recal_eta015_seed0,CFPB,sensitivity_eta015,corr_mix,all_only,control,factor_cov_delta,1.0,1.0,0.5,80,0,0,0,0,11,0.0,0.0,nan,nan,0.1375,nan,nan,nan,nan,0.1,0.1,0.1,0.15
cfpb_recal_eta015_seed0,CFPB,sensitivity_eta015,corr_mix,all_only,control,factor_cov_lrt,1.0,1.0,0.5,80,0,0,0,0,6,0.0,0.0,nan,nan,0.075,nan,nan,nan,nan,0.1,0.1,0.1,0.15
cfpb_recal_eta015_seed0,CFPB,sensitivity_eta015,corr_mix,all_only,control,factor_cov_lrt_delta,1.0,1.0,0.5,80,56,56,7,7,16,0.7,0.7,0.125,0.125,0.2,0.13546798029556653,0.13546798029556653,0.0,0.8275862068965517,0.1,0.1,0.1,0.15
cfpb_recal_eta015_seed0,CFPB,sensitivity_eta015,corr_mix,all_only,control,fused_fisher,1.0,1.0,0.5,80,61,11,10,7,11,0.7625,0.1375,0.16393442622950818,0.11475409836065574,0.1375,0.1927642736009045,0.1927642736009045,0.0,0.827586206896552,0.1,0.1,0.1,0.15
cfpb_recal_eta015_seed0,CFPB,sensitivity_eta015,corr_mix,all_only,control,fused_fisher_lrt_delta,1.0,1.0,0.5,80,0,0,0,0,13,0.0,0.0,nan,nan,0.1625,nan,nan,nan,nan,0.1,0.1,0.1,0.15
cfpb_recal_eta015_seed0,CFPB,sensitivity_eta015,corr_mix,all_only,control,fused_sp,1.0,1.0,0.5,80,0,0,0,0,11,0.0,0.0,nan,nan,0.1375,nan,nan,nan,nan,0.1,0.1,0.1,0.15
cfpb_recal_eta015_seed0,CFPB,sensitivity_eta015,corr_mix,all_only,control,fused_sp_lrt_delta,1.0,1.0,0.5,80,0,0,0,0,14,0.0,0.0,nan,nan,0.175,nan,nan,nan,nan,0.1,0.1,0.1,0.15
cfpb_recal_eta015_seed0,CFPB,sensitivity_eta015,corr_mix,all_only,control,max_abs,1.0,1.0,0.5,80,56,0,12,0,1,0.7,0.0,0.21428571428571427,0.0,0.0125,0.24045566502463053,0.24045566502463053,0.0,0.8275862068965517,0.1,0.1,0.1,0.15
cfpb_recal_eta015_seed0,CFPB,sensitivity_eta015,corr_mix,all_only,control,pc_t2,1.0,1.0,0.5,80,80,8,25,0,0,1.0,0.1,0.3125,0.0,0.0,0.20301724137931032,0.20301724137931032,0.0,1.1456896551724138,0.1,0.1,0.1,0.15
cfpb_recal_eta015_seed0,CFPB,sensitivity_eta015,corr_mix,all_only,control,res_energy,1.0,1.0,0.5,80,0,0,0,0,10,0.0,0.0,nan,nan,0.125,nan,nan,nan,nan,0.1,0.1,0.1,0.15
cfpb_recal_eta015_seed0,CFPB,sensitivity_eta015,corr_mix,all_only,control,stale,1.0,1.0,0.5,80,61,61,0,0,8,0.7625,0.7625,0.0,0.0,0.1,0.06896551724137931,0.06896551724137931,0.0,0.827586206896552,0.1,0.1,0.1,0.15
cfpb_recal_eta015_seed0,CFPB,sensitivity_eta015,corr_mix,full,full,T2,1.0,1.0,0.5,80,80,0,26,0,0,1.0,0.0,0.325,0.0,0.0,0.25280172413793106,0.24762931034482763,0.01875,1.078448275862069,0.1,0.1,0.1,0.15
cfpb_recal_eta015_seed0,CFPB,sensitivity_eta015,corr_mix,full,full,cusum_factor_cov_lrt,1.0,1.0,0.5,80,80,0,32,0,0,1.0,0.0,0.4,0.0,0.0,0.25323275862068967,0.2543103448275862,0.035416666666666666,1.114655172413793,0.1,0.1,0.1,0.15
cfpb_recal_eta015_seed0,CFPB,sensitivity_eta015,corr_mix,full,full,ewma_factor_cov_lrt,1.0,1.0,0.5,80,0,0,0,0,10,0.0,0.0,nan,nan,0.125,nan,nan,nan,nan,0.1,0.1,0.1,0.15
cfpb_recal_eta015_seed0,CFPB,sensitivity_eta015,corr_mix,full,full,factor_cov_change,1.0,1.0,0.5,80,0,0,0,0,11,0.0,0.0,nan,nan,0.1375,nan,nan,nan,nan,0.1,0.1,0.1,0.15
cfpb_recal_eta015_seed0,CFPB,sensitivity_eta015,corr_mix,full,full,factor_cov_delta,1.0,1.0,0.5,80,0,0,0,0,11,0.0,0.0,nan,nan,0.1375,nan,nan,nan,nan,0.1,0.1,0.1,0.15
cfpb_recal_eta015_seed0,CFPB,sensitivity_eta015,corr_mix,full,full,factor_cov_lrt,1.0,1.0,0.5,80,0,0,0,0,9,0.0,0.0,nan,nan,0.1125,nan,nan,nan,nan,0.1,0.1,0.1,0.15
cfpb_recal_eta015_seed0,CFPB,sensitivity_eta015,corr_mix,full,full,factor_cov_lrt_delta,1.0,1.0,0.5,80,0,0,0,0,0,0.0,0.0,nan,nan,0.0,nan,nan,nan,nan,0.1,0.1,0.1,0.15
cfpb_recal_eta015_seed0,CFPB,sensitivity_eta015,corr_mix,full,full,fused_fisher,1.0,1.0,0.5,80,0,0,0,0,17,0.0,0.0,nan,nan,0.2125,nan,nan,nan,nan,0.1,0.1,0.1,0.15
cfpb_recal_eta015_seed0,CFPB,sensitivity_eta015,corr_mix,full,full,fused_fisher_lrt_delta,1.0,1.0,0.5,80,0,0,0,0,10,0.0,0.0,nan,nan,0.125,nan,nan,nan,nan,0.1,0.1,0.1,0.15
cfpb_recal_eta015_seed0,CFPB,sensitivity_eta015,corr_mix,full,full,fused_sp,1.0,1.0,0.5,80,56,5,9,5,10,0.7,0.0625,0.16071428571428573,0.08928571428571429,0.125,0.23029556650246308,0.23029556650246308,0.0,0.8275862068965517,0.1,0.1,0.1,0.15
cfpb_recal_eta015_seed0,CFPB,sensitivity_eta015,corr_mix,full,full,fused_sp_lrt_delta,1.0,1.0,0.5,80,56,5,7,5,16,0.7,0.0625,0.125,0.08928571428571429,0.2,0.1982758620689655,0.1982758620689655,0.0,0.8275862068965517,0.1,0.1,0.1,0.15
cfpb_recal_eta015_seed0,CFPB,sensitivity_eta015,corr_mix,full,full,max_abs,1.0,1.0,0.5,80,56,1,7,1,4,0.7,0.0125,0.125,0.017857142857142856,0.05,0.23399014778325125,0.23399014778325125,0.0,0.8275862068965517,0.1,0.1,0.1,0.15
cfpb_recal_eta015_seed0,CFPB,sensitivity_eta015,corr_mix,full,full,pc_t2,1.0,1.0,0.5,80,59,3,11,3,4,0.7375,0.0375,0.1864406779661017,0.05084745762711865,0.05,0.23027469316189364,0.23027469316189364,0.0,0.8275862068965519,0.1,0.1,0.1,0.15
cfpb_recal_eta015_seed0,CFPB,sensitivity_eta015,corr_mix,full,full,res_energy,1.0,1.0,0.5,80,55,5,6,5,9,0.6875,0.0625,0.10909090909090909,0.09090909090909091,0.1125,0.22978056426332288,0.229153605015674,0.0,0.8200626959247653,0.1,0.1,0.1,0.15
cfpb_recal_eta015_seed0,CFPB,sensitivity_eta015,corr_mix,full,full,stale,1.0,1.0,0.5,80,49,5,9,2,5,0.6125,0.0625,0.1836734693877551,0.04081632653061224,0.0625,0.20619282195636876,0.20443349753694579,0.05442176870748299,0.8064743138634765,0.1,0.1,0.1,0.15
cfpb_recal_eta015_seed0,CFPB,sensitivity_eta015,corr_mix,score_only,attacked,T2,1.0,1.0,0.5,80,53,0,4,0,0,0.6625,0.0,0.07547169811320754,0.0,0.0,0.2713077423552375,0.2709824333116461,0.006289308176100628,0.827586206896552,0.1,0.1,0.1,0.15
cfpb_recal_eta015_seed0,CFPB,sensitivity_eta015,corr_mix,score_only,attacked,coh_resid_energy,1.0,1.0,0.5,80,80,8,24,8,8,1.0,0.1,0.3,0.1,0.1,0.20237068965517238,0.20150862068965517,0.0,0.949137931034483,0.1,0.1,0.1,0.15
cfpb_recal_eta015_seed0,CFPB,sensitivity_eta015,corr_mix,score_only,attacked,coh_resid_t2,1.0,1.0,0.5,80,80,4,26,4,4,1.0,0.05,0.325,0.05,0.05,0.23728448275862074,0.23728448275862074,0.020833333333333332,0.9543103448275861,0.1,0.1,0.1,0.15
cfpb_recal_eta015_seed0,CFPB,sensitivity_eta015,corr_mix,score_only,attacked,cusum_coh_resid_t2,1.0,1.0,0.5,80,38,0,16,0,0,0.475,0.0,0.42105263157894735,0.0,0.0,0.2254990925589837,0.2254990925589837,0.04824561403508772,1.0508166969147006,0.1,0.1,0.1,0.15
cfpb_recal_eta015_seed0,CFPB,sensitivity_eta015,corr_mix,score_only,attacked,cusum_factor_cov_lrt,1.0,1.0,0.5,80,77,0,50,0,0,0.9625,0.0,0.6493506493506493,0.0,0.0,0.4171518137035378,0.4178235557545902,0.006493506493506494,1.1500223914017016,0.1,0.1,0.1,0.15
cfpb_recal_eta015_seed0,CFPB,sensitivity_eta015,corr_mix,score_only,attacked,ewma_coh_resid_t2,1.0,1.0,0.5,80,80,0,24,0,0,1.0,0.0,0.3,0.0,0.0,0.3010775862068965,0.2991379310344827,0.014583333333333332,0.9465517241379311,0.1,0.1,0.1,0.15
cfpb_recal_eta015_seed0,CFPB,sensitivity_eta015,corr_mix,score_only,attacked,ewma_factor_cov_lrt,1.0,1.0,0.5,80,0,0,0,0,13,0.0,0.0,nan,nan,0.1625,nan,nan,nan,nan,0.1,0.1,0.1,0.15
cfpb_recal_eta015_seed0,CFPB,sensitivity_eta015,corr_mix,score_only,attacked,factor_cov_change,1.0,1.0,0.5,80,0,0,0,0,12,0.0,0.0,nan,nan,0.15,nan,nan,nan,nan,0.1,0.1,0.1,0.15
cfpb_recal_eta015_seed0,CFPB,sensitivity_eta015,corr_mix,score_only,attacked,factor_cov_delta,1.0,1.0,0.5,80,0,0,0,0,11,0.0,0.0,nan,nan,0.1375,nan,nan,nan,nan,0.1,0.1,0.1,0.15
cfpb_recal_eta015_seed0,CFPB,sensitivity_eta015,corr_mix,score_only,attacked,factor_cov_lrt,1.0,1.0,0.5,80,0,0,0,0,11,0.0,0.0,nan,nan,0.1375,nan,nan,nan,nan,0.1,0.1,0.1,0.15
cfpb_recal_eta015_seed0,CFPB,sensitivity_eta015,corr_mix,score_only,attacked,factor_cov_lrt_delta,1.0,1.0,0.5,80,80,18,22,10,10,1.0,0.225,0.275,0.125,0.125,0.17262931034482762,0.17241379310344832,0.010416666666666666,1.1172413793103448,0.1,0.1,0.1,0.15
cfpb_recal_eta015_seed0,CFPB,sensitivity_eta015,corr_mix,score_only,attacked,fused_fisher,1.0,1.0,0.5,80,41,4,19,0,0,0.5125,0.05,0.4634146341463415,0.0,0.0,0.19217830109335576,0.19217830109335576,0.0,1.2262405382674517,0.1,0.1,0.1,0.15
cfpb_recal_eta015_seed0,CFPB,sensitivity_eta015,corr_mix,score_only,attacked,fused_fisher_lrt_delta,1.0,1.0,0.5,80,0,0,0,0,10,0.0,0.0,nan,nan,0.125,nan,nan,nan,nan,0.1,0.1,0.1,0.15
cfpb_recal_eta015_seed0,CFPB,sensitivity_eta015,corr_mix,score_only,attacked,fused_sp,1.0,1.0,0.5,80,55,1,9,1,4,0.6875,0.0125,0.16363636363636364,0.01818181818181818,0.05,0.23385579937304074,0.23385579937304074,0.0303030303030303,0.8275862068965522,0.1,0.1,0.1,0.15
cfpb_recal_eta015_seed0,CFPB,sensitivity_eta015,corr_mix,score_only,attacked,fused_sp_lrt_delta,1.0,1.0,0.5,80,55,2,5,1,4,0.6875,0.025,0.09090909090909091,0.01818181818181818,0.05,0.21849529780564259,0.21849529780564259,0.0,0.8275862068965522,0.1,0.1,0.1,0.15
cfpb_recal_eta015_seed0,CFPB,sensitivity_eta015,corr_mix,score_only,attacked,max_abs,1.0,1.0,0.5,80,59,0,11,0,1,0.7375,0.0,0.1864406779661017,0.0,0.0125,0.2457627118644068,0.2457627118644068,0.0,0.8275862068965519,0.1,0.1,0.1,0.15
cfpb_recal_eta015_seed0,CFPB,sensitivity_eta015,corr_mix,score_only,attacked,pc_t2,1.0,1.0,0.5,80,58,6,5,3,3,0.725,0.075,0.08620689655172414,0.05172413793103448,0.0375,0.21521997621878708,0.21521997621878708,0.0,0.8275862068965518,0.1,0.1,0.1,0.15
cfpb_recal_eta015_seed0,CFPB,sensitivity_eta015,corr_mix,score_only,attacked,res_energy,1.0,1.0,0.5,80,55,1,9,1,4,0.6875,0.0125,0.16363636363636364,0.01818181818181818,0.05,0.23385579937304074,0.23385579937304074,0.0303030303030303,0.8275862068965522,0.1,0.1,0.1,0.15
cfpb_recal_eta015_seed0,CFPB,sensitivity_eta015,corr_mix,score_only,attacked,stale,1.0,1.0,0.5,80,0,0,0,0,15,0.0,0.0,nan,nan,0.1875,nan,nan,nan,nan,0.1,0.1,0.1,0.15
cfpb_recal_eta015_seed0,CFPB,sensitivity_eta015,freeze,all_only,control,T2,1.0,1.0,1.0,80,0,0,0,0,5,0.0,0.0,nan,nan,0.0625,nan,nan,nan,nan,0.1,0.1,0.1,0.15
cfpb_recal_eta015_seed0,CFPB,sensitivity_eta015,freeze,all_only,control,cusum_factor_cov_lrt,1.0,1.0,1.0,80,80,0,37,0,0,1.0,0.0,0.4625,0.0,0.0,0.29137931034482756,0.29137931034482756,0.0,0.9543103448275861,0.1,0.1,0.1,0.15
cfpb_recal_eta015_seed0,CFPB,sensitivity_eta015,freeze,all_only,control,ewma_factor_cov_lrt,1.0,1.0,1.0,80,0,0,0,0,7,0.0,0.0,nan,nan,0.0875,nan,nan,nan,nan,0.1,0.1,0.1,0.15
cfpb_recal_eta015_seed0,CFPB,sensitivity_eta015,freeze,all_only,control,factor_cov_change,1.0,1.0,1.0,80,0,0,0,0,1,0.0,0.0,nan,nan,0.0125,nan,nan,nan,nan,0.1,0.1,0.1,0.15
cfpb_recal_eta015_seed0,CFPB,sensitivity_eta015,freeze,all_only,control,factor_cov_delta,1.0,1.0,1.0,80,0,0,0,0,11,0.0,0.0,nan,nan,0.1375,nan,nan,nan,nan,0.1,0.1,0.1,0.15
cfpb_recal_eta015_seed0,CFPB,sensitivity_eta015,freeze,all_only,control,factor_cov_lrt,1.0,1.0,1.0,80,0,0,0,0,6,0.0,0.0,nan,nan,0.075,nan,nan,nan,nan,0.1,0.1,0.1,0.15
cfpb_recal_eta015_seed0,CFPB,sensitivity_eta015,freeze,all_only,control,factor_cov_lrt_delta,1.0,1.0,1.0,80,56,56,7,7,16,0.7,0.7,0.125,0.125,0.2,0.13546798029556653,0.13546798029556653,0.0,0.8275862068965517,0.1,0.1,0.1,0.15
cfpb_recal_eta015_seed0,CFPB,sensitivity_eta015,freeze,all_only,control,fused_fisher,1.0,1.0,1.0,80,61,11,10,7,11,0.7625,0.1375,0.16393442622950818,0.11475409836065574,0.1375,0.1927642736009045,0.1927642736009045,0.0,0.827586206896552,0.1,0.1,0.1,0.15
cfpb_recal_eta015_seed0,CFPB,sensitivity_eta015,freeze,all_only,control,fused_fisher_lrt_delta,1.0,1.0,1.0,80,0,0,0,0,13,0.0,0.0,nan,nan,0.1625,nan,nan,nan,nan,0.1,0.1,0.1,0.15
cfpb_recal_eta015_seed0,CFPB,sensitivity_eta015,freeze,all_only,control,fused_sp,1.0,1.0,1.0,80,0,0,0,0,11,0.0,0.0,nan,nan,0.1375,nan,nan,nan,nan,0.1,0.1,0.1,0.15
cfpb_recal_eta015_seed0,CFPB,sensitivity_eta015,freeze,all_only,control,fused_sp_lrt_delta,1.0,1.0,1.0,80,0,0,0,0,14,0.0,0.0,nan,nan,0.175,nan,nan,nan,nan,0.1,0.1,0.1,0.15
cfpb_recal_eta015_seed0,CFPB,sensitivity_eta015,freeze,all_only,control,max_abs,1.0,1.0,1.0,80,56,0,12,0,1,0.7,0.0,0.21428571428571427,0.0,0.0125,0.24045566502463053,0.24045566502463053,0.0,0.8275862068965517,0.1,0.1,0.1,0.15
cfpb_recal_eta015_seed0,CFPB,sensitivity_eta015,freeze,all_only,control,pc_t2,1.0,1.0,1.0,80,80,8,25,0,0,1.0,0.1,0.3125,0.0,0.0,0.20301724137931032,0.20301724137931032,0.0,1.1456896551724138,0.1,0.1,0.1,0.15
cfpb_recal_eta015_seed0,CFPB,sensitivity_eta015,freeze,all_only,control,res_energy,1.0,1.0,1.0,80,0,0,0,0,10,0.0,0.0,nan,nan,0.125,nan,nan,nan,nan,0.1,0.1,0.1,0.15
cfpb_recal_eta015_seed0,CFPB,sensitivity_eta015,freeze,all_only,control,stale,1.0,1.0,1.0,80,61,61,0,0,8,0.7625,0.7625,0.0,0.0,0.1,0.06896551724137931,0.06896551724137931,0.0,0.827586206896552,0.1,0.1,0.1,0.15
cfpb_recal_eta015_seed0,CFPB,sensitivity_eta015,freeze,full,full,T2,1.0,1.0,1.0,80,80,0,54,0,0,1.0,0.0,0.675,0.0,0.0,0.25280172413793106,0.23146551724137931,0.4229166666666667,0.8870689655172415,0.1,0.1,0.1,0.15
cfpb_recal_eta015_seed0,CFPB,sensitivity_eta015,freeze,full,full,cusum_factor_cov_lrt,1.0,1.0,1.0,80,80,0,57,0,0,1.0,0.0,0.7125,0.0,0.0,0.25323275862068967,0.25732758620689655,0.4854166666666666,1.1793103448275863,0.1,0.1,0.1,0.15
cfpb_recal_eta015_seed0,CFPB,sensitivity_eta015,freeze,full,full,ewma_factor_cov_lrt,1.0,1.0,1.0,80,0,0,0,0,11,0.0,0.0,nan,nan,0.1375,nan,nan,nan,nan,0.1,0.1,0.1,0.15
cfpb_recal_eta015_seed0,CFPB,sensitivity_eta015,freeze,full,full,factor_cov_change,1.0,1.0,1.0,80,0,0,0,0,8,0.0,0.0,nan,nan,0.1,nan,nan,nan,nan,0.1,0.1,0.1,0.15
cfpb_recal_eta015_seed0,CFPB,sensitivity_eta015,freeze,full,full,factor_cov_delta,1.0,1.0,1.0,80,0,0,0,0,11,0.0,0.0,nan,nan,0.1375,nan,nan,nan,nan,0.1,0.1,0.1,0.15
cfpb_recal_eta015_seed0,CFPB,sensitivity_eta015,freeze,full,full,factor_cov_lrt,1.0,1.0,1.0,80,0,0,0,0,18,0.0,0.0,nan,nan,0.225,nan,nan,nan,nan,0.1,0.1,0.1,0.15
cfpb_recal_eta015_seed0,CFPB,sensitivity_eta015,freeze,full,full,factor_cov_lrt_delta,1.0,1.0,1.0,80,0,0,0,0,0,0.0,0.0,nan,nan,0.0,nan,nan,nan,nan,0.1,0.1,0.1,0.15
cfpb_recal_eta015_seed0,CFPB,sensitivity_eta015,freeze,full,full,fused_fisher,1.0,1.0,1.0,80,0,0,0,0,17,0.0,0.0,nan,nan,0.2125,nan,nan,nan,nan,0.1,0.1,0.1,0.15
cfpb_recal_eta015_seed0,CFPB,sensitivity_eta015,freeze,full,full,fused_fisher_lrt_delta,1.0,1.0,1.0,80,0,0,0,0,10,0.0,0.0,nan,nan,0.125,nan,nan,nan,nan,0.1,0.1,0.1,0.15
cfpb_recal_eta015_seed0,CFPB,sensitivity_eta015,freeze,full,full,fused_sp,1.0,1.0,1.0,80,56,5,10,5,10,0.7,0.0625,0.17857142857142858,0.08928571428571429,0.125,0.23029556650246308,0.22967980295566504,0.041666666666666664,0.8054187192118227,0.1,0.1,0.1,0.15
cfpb_recal_eta015_seed0,CFPB,sensitivity_eta015,freeze,full,full,fused_sp_lrt_delta,1.0,1.0,1.0,80,56,5,4,1,12,0.7,0.0625,0.07142857142857142,0.017857142857142856,0.15,0.1982758620689655,0.19766009852216748,0.05357142857142857,0.8201970443349753,0.1,0.1,0.1,0.15
cfpb_recal_eta015_seed0,CFPB,sensitivity_eta015,freeze,full,full,max_abs,1.0,1.0,1.0,80,56,1,9,1,4,0.7,0.0125,0.16071428571428573,0.017857142857142856,0.05,0.23399014778325125,0.23368226600985226,0.020833333333333332,0.8238916256157636,0.1,0.1,0.1,0.15
cfpb_recal_eta015_seed0,CFPB,sensitivity_eta015,freeze,full,full,pc_t2,1.0,1.0,1.0,80,59,3,11,3,4,0.7375,0.0375,0.1864406779661017,0.05084745762711865,0.05,0.23027469316189364,0.22910578609000584,0.01694915254237288,0.8240794856808886,0.1,0.1,0.1,0.15
cfpb_recal_eta015_seed0,CFPB,sensitivity_eta015,freeze,full,full,res_energy,1.0,1.0,1.0,80,55,5,7,5,9,0.6875,0.0625,0.12727272727272726,0.09090909090909091,0.1125,0.22978056426332288,0.22884012539184953,0.01818181818181818,0.8163009404388719,0.1,0.1,0.1,0.15
cfpb_recal_eta015_seed0,CFPB,sensitivity_eta015,freeze,full,full,stale,1.0,1.0,1.0,80,49,5,33,5,10,0.6125,0.0625,0.673469387755102,0.10204081632653061,0.125,0.20619282195636876,0.17452498240675582,0.5782312925170068,0.6544686840253343,0.1,0.1,0.1,0.15
cfpb_recal_eta015_seed0,CFPB,sensitivity_eta015,freeze,score_only,attacked,T2,1.0,1.0,1.0,80,53,0,4,0,0,0.6625,0.0,0.07547169811320754,0.0,0.0,0.2713077423552375,0.2709824333116461,0.031446540880503145,0.831489915419649,0.1,0.1,0.1,0.15
cfpb_recal_eta015_seed0,CFPB,sensitivity_eta015,freeze,score_only,attacked,coh_resid_energy,1.0,1.0,1.0,80,80,8,30,8,8,1.0,0.1,0.375,0.1,0.1,0.20237068965517238,0.17758620689655175,0.19791666666666666,0.7732758620689655,0.1,0.1,0.1,0.15
cfpb_recal_eta015_seed0,CFPB,sensitivity_eta015,freeze,score_only,attacked,coh_resid_t2,1.0,1.0,1.0,80,80,4,66,4,4,1.0,0.05,0.825,0.05,0.05,0.23728448275862074,0.2193965517241379,0.4979166666666666,0.8068965517241379,0.1,0.1,0.1,0.15
cfpb_recal_eta015_seed0,CFPB,sensitivity_eta015,freeze,score_only,attacked,cusum_coh_resid_t2,1.0,1.0,1.0,80,38,0,31,0,0,0.475,0.0,0.8157894736842105,0.0,0.0,0.2254990925589837,0.2223230490018149,0.6535087719298245,1.0508166969147006,0.1,0.1,0.1,0.15
cfpb_recal_eta015_seed0,CFPB,sensitivity_eta015,freeze,score_only,attacked,cusum_factor_cov_lrt,1.0,1.0,1.0,80,77,0,68,0,0,0.9625,0.0,0.8831168831168831,0.0,0.0,0.4171518137035378,0.4308105687416033,0.30519480519480513,1.1742051052395879,0.1,0.1,0.1,0.15
cfpb_recal_eta015_seed0,CFPB,sensitivity_eta015,freeze,score_only,attacked,ewma_coh_resid_t2,1.0,1.0,1.0,80,80,0,58,0,0,1.0,0.0,0.725,0.0,0.0,0.3010775862068965,0.2730603448275862,0.4375,0.778448275862069,0.1,0.1,0.1,0.15
cfpb_recal_eta015_seed0,CFPB,sensitivity_eta015,freeze,score_only,attacked,ewma_factor_cov_lrt,1.0,1.0,1.0,80,0,0,0,0,20,0.0,0.0,nan,nan,0.25,nan,nan,nan,nan,0.1,0.1,0.1,0.15
cfpb_recal_eta015_seed0,CFPB,sensitivity_eta015,freeze,score_only,attacked,factor_cov_change,1.0,1.0,1.0,80,0,0,0,0,8,0.0,0.0,nan,nan,0.1,nan,nan,nan,nan,0.1,0.1,0.1,0.15
cfpb_recal_eta015_seed0,CFPB,sensitivity_eta015,freeze,score_only,attacked,factor_cov_delta,1.0,1.0,1.0,80,0,0,0,0,11,0.0,0.0,nan,nan,0.1375,nan,nan,nan,nan,0.1,0.1,0.1,0.15
cfpb_recal_eta015_seed0,CFPB,sensitivity_eta015,freeze,score_only,attacked,factor_cov_lrt,1.0,1.0,1.0,80,0,0,0,0,14,0.0,0.0,nan,nan,0.175,nan,nan,nan,nan,0.1,0.1,0.1,0.15
cfpb_recal_eta015_seed0,CFPB,sensitivity_eta015,freeze,score_only,attacked,factor_cov_lrt_delta,1.0,1.0,1.0,80,80,18,0,0,0,1.0,0.225,0.0,0.0,0.0,0.17262931034482762,0.19655172413793104,0.1645833333333333,1.2336206896551727,0.1,0.1,0.1,0.15
cfpb_recal_eta015_seed0,CFPB,sensitivity_eta015,freeze,score_only,attacked,fused_fisher,1.0,1.0,1.0,80,41,4,26,0,0,0.5125,0.05,0.6341463414634146,0.0,0.0,0.19217830109335576,0.18587047939444912,0.2926829268292683,0.9638351555929353,0.1,0.1,0.1,0.15
cfpb_recal_eta015_seed0,CFPB,sensitivity_eta015,freeze,score_only,attacked,fused_fisher_lrt_delta,1.0,1.0,1.0,80,0,0,0,0,10,0.0,0.0,nan,nan,0.125,nan,nan,nan,nan,0.1,0.1,0.1,0.15
cfpb_recal_eta015_seed0,CFPB,sensitivity_eta015,freeze,score_only,attacked,fused_sp,1.0,1.0,1.0,80,55,1,8,1,4,0.6875,0.0125,0.14545454545454545,0.01818181818181818,0.05,0.23385579937304074,0.23699059561128524,0.0030303030303030303,0.8463949843260192,0.1,0.1,0.1,0.15
cfpb_recal_eta015_seed0,CFPB,sensitivity_eta015,freeze,score_only,attacked,fused_sp_lrt_delta,1.0,1.0,1.0,80,55,2,8,1,4,0.6875,0.025,0.14545454545454545,0.01818181818181818,0.05,0.21849529780564259,0.22068965517241376,0.021212121212121213,0.8351097178683389,0.1,0.1,0.1,0.15
cfpb_recal_eta015_seed0,CFPB,sensitivity_eta015,freeze,score_only,attacked,max_abs,1.0,1.0,1.0,80,59,0,12,0,1,0.7375,0.0,0.2033898305084746,0.0,0.0125,0.2457627118644068,0.24488603156049096,0.002824858757062147,0.8170660432495619,0.1,0.1,0.1,0.15
cfpb_recal_eta015_seed0,CFPB,sensitivity_eta015,freeze,score_only,attacked,pc_t2,1.0,1.0,1.0,80,58,6,8,3,3,0.725,0.075,0.13793103448275862,0.05172413793103448,0.0375,0.21521997621878708,0.21521997621878708,0.02011494252873563,0.8275862068965518,0.1,0.1,0.1,0.15
cfpb_recal_eta015_seed0,CFPB,sensitivity_eta015,freeze,score_only,attacked,res_energy,1.0,1.0,1.0,80,55,1,8,1,4,0.6875,0.0125,0.14545454545454545,0.01818181818181818,0.05,0.23385579937304074,0.2373040752351097,0.01515151515151515,0.8426332288401258,0.1,0.1,0.1,0.15
cfpb_recal_eta015_seed0,CFPB,sensitivity_eta015,freeze,score_only,attacked,stale,1.0,1.0,1.0,80,0,0,0,0,19,0.0,0.0,nan,nan,0.2375,nan,nan,nan,nan,0.1,0.1,0.1,0.15
cfpb_recal_upd3_seed0,CFPB,sensitivity_upd3,corr_mix,all_only,control,T2,1.0,1.0,0.5,80,57,0,5,0,0,0.7125,0.0,0.08771929824561403,0.0,0.0,0.2822141560798548,0.2822141560798548,0.0,0.8275862068965518,0.1,0.1,0.1,0.15
cfpb_recal_upd3_seed0,CFPB,sensitivity_upd3,corr_mix,all_only,control,cusum_factor_cov_lrt,1.0,1.0,0.5,80,80,0,37,0,0,1.0,0.0,0.4625,0.0,0.0,0.29137931034482756,0.29137931034482756,0.0,0.9543103448275861,0.1,0.1,0.1,0.15
cfpb_recal_upd3_seed0,CFPB,sensitivity_upd3,corr_mix,all_only,control,ewma_factor_cov_lrt,1.0,1.0,0.5,80,0,0,0,0,6,0.0,0.0,nan,nan,0.075,nan,nan,nan,nan,0.1,0.1,0.1,0.15
cfpb_recal_upd3_seed0,CFPB,sensitivity_upd3,corr_mix,all_only,control,factor_cov_change,1.0,1.0,0.5,80,61,0,15,0,0,0.7625,0.0,0.2459016393442623,0.0,0.0,0.27444884115319385,0.27444884115319385,0.0,0.827586206896552,0.1,0.1,0.1,0.15
cfpb_recal_upd3_seed0,CFPB,sensitivity_upd3,corr_mix,all_only,control,factor_cov_delta,1.0,1.0,0.5,80,0,0,0,0,11,0.0,0.0,nan,nan,0.1375,nan,nan,nan,nan,0.1,0.1,0.1,0.15
cfpb_recal_upd3_seed0,CFPB,sensitivity_upd3,corr_mix,all_only,control,factor_cov_lrt,1.0,1.0,0.5,80,0,0,0,0,6,0.0,0.0,nan,nan,0.075,nan,nan,nan,nan,0.1,0.1,0.1,0.15
cfpb_recal_upd3_seed0,CFPB,sensitivity_upd3,corr_mix,all_only,control,factor_cov_lrt_delta,1.0,1.0,0.5,80,80,80,18,18,18,1.0,1.0,0.225,0.225,0.225,0.14094827586206898,0.14094827586206898,0.0,0.9465517241379311,0.1,0.1,0.1,0.15
cfpb_recal_upd3_seed0,CFPB,sensitivity_upd3,corr_mix,all_only,control,fused_fisher,1.0,1.0,0.5,80,0,0,0,0,9,0.0,0.0,nan,nan,0.1125,nan,nan,nan,nan,0.1,0.1,0.1,0.15
cfpb_recal_upd3_seed0,CFPB,sensitivity_upd3,corr_mix,all_only,control,fused_fisher_lrt_delta,1.0,1.0,0.5,80,59,1,7,1,4,0.7375,0.0125,0.11864406779661017,0.01694915254237288,0.05,0.23407364114552892,0.23407364114552892,0.0,0.8275862068965519,0.1,0.1,0.1,0.15
cfpb_recal_upd3_seed0,CFPB,sensitivity_upd3,corr_mix,all_only,control,fused_sp,1.0,1.0,0.5,80,0,0,0,0,11,0.0,0.0,nan,nan,0.1375,nan,nan,nan,nan,0.1,0.1,0.1,0.15
cfpb_recal_upd3_seed0,CFPB,sensitivity_upd3,corr_mix,all_only,control,fused_sp_lrt_delta,1.0,1.0,0.5,80,0,0,0,0,16,0.0,0.0,nan,nan,0.2,nan,nan,nan,nan,0.1,0.1,0.1,0.15
cfpb_recal_upd3_seed0,CFPB,sensitivity_upd3,corr_mix,all_only,control,max_abs,1.0,1.0,0.5,80,80,0,22,0,0,1.0,0.0,0.275,0.0,0.0,0.25215517241379315,0.25215517241379315,0.0,0.9568965517241381,0.1,0.1,0.1,0.15
cfpb_recal_upd3_seed0,CFPB,sensitivity_upd3,corr_mix,all_only,control,pc_t2,1.0,1.0,0.5,80,80,4,26,0,0,1.0,0.05,0.325,0.0,0.0,0.21788793103448273,0.21788793103448273,0.0,1.1456896551724138,0.1,0.1,0.1,0.15
cfpb_recal_upd3_seed0,CFPB,sensitivity_upd3,corr_mix,all_only,control,res_energy,1.0,1.0,0.5,80,0,0,0,0,10,0.0,0.0,nan,nan,0.125,nan,nan,nan,nan,0.1,0.1,0.1,0.15
cfpb_recal_upd3_seed0,CFPB,sensitivity_upd3,corr_mix,all_only,control,stale,1.0,1.0,0.5,80,0,0,0,0,11,0.0,0.0,nan,nan,0.1375,nan,nan,nan,nan,0.1,0.1,0.1,0.15
cfpb_recal_upd3_seed0,CFPB,sensitivity_upd3,corr_mix,full,full,T2,1.0,1.0,0.5,80,80,0,38,0,0,1.0,0.0,0.475,0.0,0.0,0.2836206896551724,0.27198275862068966,0.08125,1.1198275862068967,0.1,0.1,0.1,0.15
cfpb_recal_upd3_seed0,CFPB,sensitivity_upd3,corr_mix,full,full,cusum_factor_cov_lrt,1.0,1.0,0.5,80,80,0,32,0,0,1.0,0.0,0.4,0.0,0.0,0.25323275862068967,0.2543103448275862,0.035416666666666666,1.114655172413793,0.1,0.1,0.1,0.15
cfpb_recal_upd3_seed0,CFPB,sensitivity_upd3,corr_mix,full,full,ewma_factor_cov_lrt,1.0,1.0,0.5,80,0,0,0,0,14,0.0,0.0,nan,nan,0.175,nan,nan,nan,nan,0.1,0.1,0.1,0.15
cfpb_recal_upd3_seed0,CFPB,sensitivity_upd3,corr_mix,full,full,factor_cov_change,1.0,1.0,0.5,80,0,0,0,0,11,0.0,0.0,nan,nan,0.1375,nan,nan,nan,nan,0.1,0.1,0.1,0.15
cfpb_recal_upd3_seed0,CFPB,sensitivity_upd3,corr_mix,full,full,factor_cov_delta,1.0,1.0,0.5,80,61,4,10,4,7,0.7625,0.05,0.16393442622950818,0.06557377049180328,0.0875,0.2249858677218768,0.2249858677218768,0.0,0.827586206896552,0.1,0.1,0.1,0.15
cfpb_recal_upd3_seed0,CFPB,sensitivity_upd3,corr_mix,full,full,factor_cov_lrt,1.0,1.0,0.5,80,0,0,0,0,9,0.0,0.0,nan,nan,0.1125,nan,nan,nan,nan,0.1,0.1,0.1,0.15
cfpb_recal_upd3_seed0,CFPB,sensitivity_upd3,corr_mix,full,full,factor_cov_lrt_delta,1.0,1.0,0.5,80,0,0,0,0,0,0.0,0.0,nan,nan,0.0,nan,nan,nan,nan,0.1,0.1,0.1,0.15
cfpb_recal_upd3_seed0,CFPB,sensitivity_upd3,corr_mix,full,full,fused_fisher,1.0,1.0,0.5,80,0,0,0,0,17,0.0,0.0,nan,nan,0.2125,nan,nan,nan,nan,0.1,0.1,0.1,0.15
cfpb_recal_upd3_seed0,CFPB,sensitivity_upd3,corr_mix,full,full,fused_fisher_lrt_delta,1.0,1.0,0.5,80,0,0,0,0,9,0.0,0.0,nan,nan,0.1125,nan,nan,nan,nan,0.1,0.1,0.1,0.15
cfpb_recal_upd3_seed0,CFPB,sensitivity_upd3,corr_mix,full,full,fused_sp,1.0,1.0,0.5,80,80,0,22,0,0,1.0,0.0,0.275,0.0,0.0,0.25258620689655176,0.25258620689655176,0.0,0.9362068965517242,0.1,0.1,0.1,0.15
cfpb_recal_upd3_seed0,CFPB,sensitivity_upd3,corr_mix,full,full,fused_sp_lrt_delta,1.0,1.0,0.5,80,80,8,24,8,8,1.0,0.1,0.3,0.1,0.1,0.21961206896551727,0.21961206896551727,0.0,0.946551724137931,0.1,0.1,0.1,0.15
cfpb_recal_upd3_seed0,CFPB,sensitivity_upd3,corr_mix,full,full,max_abs,1.0,1.0,0.5,80,80,3,18,3,3,1.0,0.0375,0.225,0.0375,0.0375,0.23836206896551726,0.23836206896551726,0.0,0.9491379310344827,0.1,0.1,0.1,0.15
cfpb_recal_upd3_seed0,CFPB,sensitivity_upd3,corr_mix,full,full,pc_t2,1.0,1.0,0.5,80,59,0,11,0,1,0.7375,0.0,0.1864406779661017,0.0,0.0125,0.2457627118644068,0.2457627118644068,0.0,0.8275862068965519,0.1,0.1,0.1,0.15
cfpb_recal_upd3_seed0,CFPB,sensitivity_upd3,corr_mix,full,full,res_energy,1.0,1.0,0.5,80,80,0,21,0,0,1.0,0.0,0.2625,0.0,0.0,0.25301724137931036,0.25086206896551727,0.0,0.9439655172413793,0.1,0.1,0.1,0.15
cfpb_recal_upd3_seed0,CFPB,sensitivity_upd3,corr_mix,full,full,stale,1.0,1.0,0.5,80,0,0,0,0,9,0.0,0.0,nan,nan,0.1125,nan,nan,nan,nan,0.1,0.1,0.1,0.15
cfpb_recal_upd3_seed0,CFPB,sensitivity_upd3,corr_mix,score_only,attacked,T2,1.0,1.0,0.5,80,80,0,20,0,0,1.0,0.0,0.25,0.0,0.0,0.3019396551724138,0.2969827586206897,0.10416666666666666,1.1327586206896552,0.1,0.1,0.1,0.15
cfpb_recal_upd3_seed0,CFPB,sensitivity_upd3,corr_mix,score_only,attacked,coh_resid_energy,1.0,1.0,0.5,80,80,8,24,8,8,1.0,0.1,0.3,0.1,0.1,0.20237068965517238,0.20237068965517238,0.0,0.949137931034483,0.1,0.1,0.1,0.15
cfpb_recal_upd3_seed0,CFPB,sensitivity_upd3,corr_mix,score_only,attacked,coh_resid_t2,1.0,1.0,0.5,80,44,0,29,0,0,0.55,0.0,0.6590909090909091,0.0,0.0,0.2574451410658308,0.25274294670846403,0.07196969696969696,1.1614420062695923,0.1,0.1,0.1,0.15
cfpb_recal_upd3_seed0,CFPB,sensitivity_upd3,corr_mix,score_only,attacked,cusum_coh_resid_t2,1.0,1.0,0.5,80,38,0,16,0,0,0.475,0.0,0.42105263157894735,0.0,0.0,0.2254990925589837,0.2254990925589837,0.04824561403508772,1.0508166969147006,0.1,0.1,0.1,0.15
cfpb_recal_upd3_seed0,CFPB,sensitivity_upd3,corr_mix,score_only,attacked,cusum_factor_cov_lrt,1.0,1.0,0.5,80,77,0,50,0,0,0.9625,0.0,0.6493506493506493,0.0,0.0,0.4171518137035378,0.4178235557545902,0.006493506493506494,1.1500223914017016,0.1,0.1,0.1,0.15
cfpb_recal_upd3_seed0,CFPB,sensitivity_upd3,corr_mix,score_only,attacked,ewma_coh_resid_t2,1.0,1.0,0.5,80,80,0,30,0,0,1.0,0.0,0.375,0.0,0.0,0.34784482758620694,0.34633620689655176,0.016666666666666666,0.9594827586206897,0.1,0.1,0.1,0.15
cfpb_recal_upd3_seed0,CFPB,sensitivity_upd3,corr_mix,score_only,attacked,ewma_factor_cov_lrt,1.0,1.0,0.5,80,0,0,0,0,11,0.0,0.0,nan,nan,0.1375,nan,nan,nan,nan,0.1,0.1,0.1,0.15
cfpb_recal_upd3_seed0,CFPB,sensitivity_upd3,corr_mix,score_only,attacked,factor_cov_change,1.0,1.0,0.5,80,0,0,0,0,12,0.0,0.0,nan,nan,0.15,nan,nan,nan,nan,0.1,0.1,0.1,0.15
cfpb_recal_upd3_seed0,CFPB,sensitivity_upd3,corr_mix,score_only,attacked,factor_cov_delta,1.0,1.0,0.5,80,61,4,10,4,7,0.7625,0.05,0.16393442622950818,0.06557377049180328,0.0875,0.2249858677218768,0.2249858677218768,0.0,0.827586206896552,0.1,0.1,0.1,0.15
cfpb_recal_upd3_seed0,CFPB,sensitivity_upd3,corr_mix,score_only,attacked,factor_cov_lrt,1.0,1.0,0.5,80,0,0,0,0,11,0.0,0.0,nan,nan,0.1375,nan,nan,nan,nan,0.1,0.1,0.1,0.15
cfpb_recal_upd3_seed0,CFPB,sensitivity_upd3,corr_mix,score_only,attacked,factor_cov_lrt_delta,1.0,1.0,0.5,80,80,8,23,4,4,1.0,0.1,0.2875,0.05,0.05,0.20323275862068962,0.20323275862068962,0.03125,1.1327586206896552,0.1,0.1,0.1,0.15
cfpb_recal_upd3_seed0,CFPB,sensitivity_upd3,corr_mix,score_only,attacked,fused_fisher,1.0,1.0,0.5,80,80,7,23,4,4,1.0,0.0875,0.2875,0.05,0.05,0.22004310344827588,0.21788793103448278,0.04791666666666666,1.1120689655172415,0.1,0.1,0.1,0.15
cfpb_recal_upd3_seed0,CFPB,sensitivity_upd3,corr_mix,score_only,attacked,fused_fisher_lrt_delta,1.0,1.0,0.5,80,80,4,21,4,4,1.0,0.05,0.2625,0.05,0.05,0.23771551724137932,0.2368534482758621,0.02708333333333333,0.9413793103448276,0.1,0.1,0.1,0.15
cfpb_recal_upd3_seed0,CFPB,sensitivity_upd3,corr_mix,score_only,attacked,fused_sp,1.0,1.0,0.5,80,80,3,20,3,3,1.0,0.0375,0.25,0.0375,0.0375,0.23793103448275862,0.23793103448275862,0.0,0.9439655172413793,0.1,0.1,0.1,0.15
cfpb_recal_upd3_seed0,CFPB,sensitivity_upd3,corr_mix,score_only,attacked,fused_sp_lrt_delta,1.0,1.0,0.5,80,80,3,20,3,3,1.0,0.0375,0.25,0.0375,0.0375,0.23793103448275862,0.23685344827586205,0.0,0.9310344827586207,0.1,0.1,0.1,0.15
cfpb_recal_upd3_seed0,CFPB,sensitivity_upd3,corr_mix,score_only,attacked,max_abs,1.0,1.0,0.5,80,80,0,23,0,0,1.0,0.0,0.2875,0.0,0.0,0.25452586206896555,0.25452586206896555,0.0,0.9568965517241381,0.1,0.1,0.1,0.15
cfpb_recal_upd3_seed0,CFPB,sensitivity_upd3,corr_mix,score_only,attacked,pc_t2,1.0,1.0,0.5,80,58,3,7,3,3,0.725,0.0375,0.1206896551724138,0.05172413793103448,0.0375,0.23127229488703924,0.23127229488703924,0.0,0.8275862068965518,0.1,0.1,0.1,0.15
cfpb_recal_upd3_seed0,CFPB,sensitivity_upd3,corr_mix,score_only,attacked,res_energy,1.0,1.0,0.5,80,80,0,26,0,0,1.0,0.0,0.325,0.0,0.0,0.2530172413793104,0.24784482758620693,0.049999999999999996,0.9387931034482758,0.1,0.1,0.1,0.15
cfpb_recal_upd3_seed0,CFPB,sensitivity_upd3,corr_mix,score_only,attacked,stale,1.0,1.0,0.5,80,0,0,0,0,14,0.0,0.0,nan,nan,0.175,nan,nan,nan,nan,0.1,0.1,0.1,0.15
cfpb_recal_upd3_seed0,CFPB,sensitivity_upd3,freeze,all_only,control,T2,1.0,1.0,1.0,80,57,0,5,0,0,0.7125,0.0,0.08771929824561403,0.0,0.0,0.2822141560798548,0.2822141560798548,0.0,0.8275862068965518,0.1,0.1,0.1,0.15
cfpb_recal_upd3_seed0,CFPB,sensitivity_upd3,freeze,all_only,control,cusum_factor_cov_lrt,1.0,1.0,1.0,80,80,0,37,0,0,1.0,0.0,0.4625,0.0,0.0,0.29137931034482756,0.29137931034482756,0.0,0.9543103448275861,0.1,0.1,0.1,0.15
cfpb_recal_upd3_seed0,CFPB,sensitivity_upd3,freeze,all_only,control,ewma_factor_cov_lrt,1.0,1.0,1.0,80,0,0,0,0,6,0.0,0.0,nan,nan,0.075,nan,nan,nan,nan,0.1,0.1,0.1,0.15
cfpb_recal_upd3_seed0,CFPB,sensitivity_upd3,freeze,all_only,control,factor_cov_change,1.0,1.0,1.0,80,61,0,15,0,0,0.7625,0.0,0.2459016393442623,0.0,0.0,0.27444884115319385,0.27444884115319385,0.0,0.827586206896552,0.1,0.1,0.1,0.15
cfpb_recal_upd3_seed0,CFPB,sensitivity_upd3,freeze,all_only,control,factor_cov_delta,1.0,1.0,1.0,80,0,0,0,0,11,0.0,0.0,nan,nan,0.1375,nan,nan,nan,nan,0.1,0.1,0.1,0.15
cfpb_recal_upd3_seed0,CFPB,sensitivity_upd3,freeze,all_only,control,factor_cov_lrt,1.0,1.0,1.0,80,0,0,0,0,6,0.0,0.0,nan,nan,0.075,nan,nan,nan,nan,0.1,0.1,0.1,0.15
cfpb_recal_upd3_seed0,CFPB,sensitivity_upd3,freeze,all_only,control,factor_cov_lrt_delta,1.0,1.0,1.0,80,80,80,18,18,18,1.0,1.0,0.225,0.225,0.225,0.14094827586206898,0.14094827586206898,0.0,0.9465517241379311,0.1,0.1,0.1,0.15
cfpb_recal_upd3_seed0,CFPB,sensitivity_upd3,freeze,all_only,control,fused_fisher,1.0,1.0,1.0,80,0,0,0,0,9,0.0,0.0,nan,nan,0.1125,nan,nan,nan,nan,0.1,0.1,0.1,0.15
cfpb_recal_upd3_seed0,CFPB,sensitivity_upd3,freeze,all_only,control,fused_fisher_lrt_delta,1.0,1.0,1.0,80,59,1,7,1,4,0.7375,0.0125,0.11864406779661017,0.01694915254237288,0.05,0.23407364114552892,0.23407364114552892,0.0,0.8275862068965519,0.1,0.1,0.1,0.15
cfpb_recal_upd3_seed0,CFPB,sensitivity_upd3,freeze,all_only,control,fused_sp,1.0,1.0,1.0,80,0,0,0,0,11,0.0,0.0,nan,nan,0.1375,nan,nan,nan,nan,0.1,0.1,0.1,0.15
cfpb_recal_upd3_seed0,CFPB,sensitivity_upd3,freeze,all_only,control,fused_sp_lrt_delta,1.0,1.0,1.0,80,0,0,0,0,16,0.0,0.0,nan,nan,0.2,nan,nan,nan,nan,0.1,0.1,0.1,0.15
cfpb_recal_upd3_seed0,CFPB,sensitivity_upd3,freeze,all_only,control,max_abs,1.0,1.0,1.0,80,80,0,22,0,0,1.0,0.0,0.275,0.0,0.0,0.25215517241379315,0.25215517241379315,0.0,0.9568965517241381,0.1,0.1,0.1,0.15
cfpb_recal_upd3_seed0,CFPB,sensitivity_upd3,freeze,all_only,control,pc_t2,1.0,1.0,1.0,80,80,4,26,0,0,1.0,0.05,0.325,0.0,0.0,0.21788793103448273,0.21788793103448273,0.0,1.1456896551724138,0.1,0.1,0.1,0.15
cfpb_recal_upd3_seed0,CFPB,sensitivity_upd3,freeze,all_only,control,res_energy,1.0,1.0,1.0,80,0,0,0,0,10,0.0,0.0,nan,nan,0.125,nan,nan,nan,nan,0.1,0.1,0.1,0.15
cfpb_recal_upd3_seed0,CFPB,sensitivity_upd3,freeze,all_only,control,stale,1.0,1.0,1.0,80,0,0,0,0,11,0.0,0.0,nan,nan,0.1375,nan,nan,nan,nan,0.1,0.1,0.1,0.15
cfpb_recal_upd3_seed0,CFPB,sensitivity_upd3,freeze,full,full,T2,1.0,1.0,1.0,80,80,0,58,0,0,1.0,0.0,0.725,0.0,0.0,0.2836206896551724,0.2504310344827586,0.4104166666666667,0.8896551724137932,0.1,0.1,0.1,0.15
cfpb_recal_upd3_seed0,CFPB,sensitivity_upd3,freeze,full,full,cusum_factor_cov_lrt,1.0,1.0,1.0,80,80,0,57,0,0,1.0,0.0,0.7125,0.0,0.0,0.25323275862068967,0.25732758620689655,0.4854166666666666,1.1793103448275863,0.1,0.1,0.1,0.15
cfpb_recal_upd3_seed0,CFPB,sensitivity_upd3,freeze,full,full,ewma_factor_cov_lrt,1.0,1.0,1.0,80,0,0,0,0,18,0.0,0.0,nan,nan,0.225,nan,nan,nan,nan,0.1,0.1,0.1,0.15
cfpb_recal_upd3_seed0,CFPB,sensitivity_upd3,freeze,full,full,factor_cov_change,1.0,1.0,1.0,80,0,0,0,0,7,0.0,0.0,nan,nan,0.0875,nan,nan,nan,nan,0.1,0.1,0.1,0.15
cfpb_recal_upd3_seed0,CFPB,sensitivity_upd3,freeze,full,full,factor_cov_delta,1.0,1.0,1.0,80,61,4,10,4,7,0.7625,0.05,0.16393442622950818,0.06557377049180328,0.0875,0.2249858677218768,0.2278123233465235,0.0273224043715847,0.8038439796495197,0.1,0.1,0.1,0.15
cfpb_recal_upd3_seed0,CFPB,sensitivity_upd3,freeze,full,full,factor_cov_lrt,1.0,1.0,1.0,80,0,0,0,0,18,0.0,0.0,nan,nan,0.225,nan,nan,nan,nan,0.1,0.1,0.1,0.15
cfpb_recal_upd3_seed0,CFPB,sensitivity_upd3,freeze,full,full,factor_cov_lrt_delta,1.0,1.0,1.0,80,0,0,0,0,0,0.0,0.0,nan,nan,0.0,nan,nan,nan,nan,0.1,0.1,0.1,0.15
cfpb_recal_upd3_seed0,CFPB,sensitivity_upd3,freeze,full,full,fused_fisher,1.0,1.0,1.0,80,0,0,0,0,17,0.0,0.0,nan,nan,0.2125,nan,nan,nan,nan,0.1,0.1,0.1,0.15
cfpb_recal_upd3_seed0,CFPB,sensitivity_upd3,freeze,full,full,fused_fisher_lrt_delta,1.0,1.0,1.0,80,0,0,0,0,9,0.0,0.0,nan,nan,0.1125,nan,nan,nan,nan,0.1,0.1,0.1,0.15
cfpb_recal_upd3_seed0,CFPB,sensitivity_upd3,freeze,full,full,fused_sp,1.0,1.0,1.0,80,80,0,20,0,0,1.0,0.0,0.25,0.0,0.0,0.25258620689655176,0.2487068965517242,0.09375,0.8948275862068964,0.1,0.1,0.1,0.15
cfpb_recal_upd3_seed0,CFPB,sensitivity_upd3,freeze,full,full,fused_sp_lrt_delta,1.0,1.0,1.0,80,80,8,18,4,4,1.0,0.1,0.225,0.05,0.05,0.21961206896551727,0.21271551724137927,0.11875,0.9025862068965516,0.1,0.1,0.1,0.15
cfpb_recal_upd3_seed0,CFPB,sensitivity_upd3,freeze,full,full,max_abs,1.0,1.0,1.0,80,80,3,20,3,3,1.0,0.0375,0.25,0.0375,0.0375,0.23836206896551726,0.24202586206896548,0.0375,0.9465517241379311,0.1,0.1,0.1,0.15
cfpb_recal_upd3_seed0,CFPB,sensitivity_upd3,freeze,full,full,pc_t2,1.0,1.0,1.0,80,59,0,12,0,1,0.7375,0.0,0.2033898305084746,0.0,0.0125,0.2457627118644068,0.24371712448860317,0.00847457627118644,0.8240794856808886,0.1,0.1,0.1,0.15
cfpb_recal_upd3_seed0,CFPB,sensitivity_upd3,freeze,full,full,res_energy,1.0,1.0,1.0,80,80,0,20,0,0,1.0,0.0,0.25,0.0,0.0,0.25301724137931036,0.24676724137931041,0.08541666666666667,0.9051724137931035,0.1,0.1,0.1,0.15
cfpb_recal_upd3_seed0,CFPB,sensitivity_upd3,freeze,full,full,stale,1.0,1.0,1.0,80,0,0,0,0,14,0.0,0.0,nan,nan,0.175,nan,nan,nan,nan,0.1,0.1,0.1,0.15
cfpb_recal_upd3_seed0,CFPB,sensitivity_upd3,freeze,score_only,attacked,T2,1.0,1.0,1.0,80,80,0,26,0,0,1.0,0.0,0.325,0.0,0.0,0.3019396551724138,0.3023706896551724,0.11041666666666665,1.1301724137931035,0.1,0.1,0.1,0.15
cfpb_recal_upd3_seed0,CFPB,sensitivity_upd3,freeze,score_only,attacked,coh_resid_energy,1.0,1.0,1.0,80,80,8,33,8,8,1.0,0.1,0.4125,0.1,0.1,0.20237068965517238,0.18426724137931033,0.22916666666666669,0.8198275862068967,0.1,0.1,0.1,0.15
cfpb_recal_upd3_seed0,CFPB,sensitivity_upd3,freeze,score_only,attacked,coh_resid_t2,1.0,1.0,1.0,80,44,0,38,0,0,0.55,0.0,0.8636363636363636,0.0,0.0,0.2574451410658308,0.2206112852664577,0.47348484848484856,0.8605015673981192,0.1,0.1,0.1,0.15
cfpb_recal_upd3_seed0,CFPB,sensitivity_upd3,freeze,score_only,attacked,cusum_coh_resid_t2,1.0,1.0,1.0,80,38,0,31,0,0,0.475,0.0,0.8157894736842105,0.0,0.0,0.2254990925589837,0.2223230490018149,0.6535087719298245,1.0508166969147006,0.1,0.1,0.1,0.15
cfpb_recal_upd3_seed0,CFPB,sensitivity_upd3,freeze,score_only,attacked,cusum_factor_cov_lrt,1.0,1.0,1.0,80,77,0,68,0,0,0.9625,0.0,0.8831168831168831,0.0,0.0,0.4171518137035378,0.4308105687416033,0.30519480519480513,1.1742051052395879,0.1,0.1,0.1,0.15
cfpb_recal_upd3_seed0,CFPB,sensitivity_upd3,freeze,score_only,attacked,ewma_coh_resid_t2,1.0,1.0,1.0,80,80,0,61,0,0,1.0,0.0,0.7625,0.0,0.0,0.34784482758620694,0.3025862068965517,0.4208333333333334,0.7939655172413793,0.1,0.1,0.1,0.15
cfpb_recal_upd3_seed0,CFPB,sensitivity_upd3,freeze,score_only,attacked,ewma_factor_cov_lrt,1.0,1.0,1.0,80,0,0,0,0,18,0.0,0.0,nan,nan,0.225,nan,nan,nan,nan,0.1,0.1,0.1,0.15
cfpb_recal_upd3_seed0,CFPB,sensitivity_upd3,freeze,score_only,attacked,factor_cov_change,1.0,1.0,1.0,80,0,0,0,0,8,0.0,0.0,nan,nan,0.1,nan,nan,nan,nan,0.1,0.1,0.1,0.15
cfpb_recal_upd3_seed0,CFPB,sensitivity_upd3,freeze,score_only,attacked,factor_cov_delta,1.0,1.0,1.0,80,61,4,10,4,7,0.7625,0.05,0.16393442622950818,0.06557377049180328,0.0875,0.2249858677218768,0.23374788015828155,0.07650273224043715,0.8004522328999436,0.1,0.1,0.1,0.15
cfpb_recal_upd3_seed0,CFPB,sensitivity_upd3,freeze,score_only,attacked,factor_cov_lrt,1.0,1.0,1.0,80,0,0,0,0,14,0.0,0.0,nan,nan,0.175,nan,nan,nan,nan,0.1,0.1,0.1,0.15
cfpb_recal_upd3_seed0,CFPB,sensitivity_upd3,freeze,score_only,attacked,factor_cov_lrt_delta,1.0,1.0,1.0,80,80,8,0,0,0,1.0,0.1,0.0,0.0,0.0,0.20323275862068962,0.22004310344827588,0.2020833333333333,1.228448275862069,0.1,0.1,0.1,0.15
cfpb_recal_upd3_seed0,CFPB,sensitivity_upd3,freeze,score_only,attacked,fused_fisher,1.0,1.0,1.0,80,80,7,37,4,4,1.0,0.0875,0.4625,0.05,0.05,0.22004310344827588,0.225,0.17708333333333331,1.0887931034482758,0.1,0.1,0.1,0.15
cfpb_recal_upd3_seed0,CFPB,sensitivity_upd3,freeze,score_only,attacked,fused_fisher_lrt_delta,1.0,1.0,1.0,80,80,4,16,4,4,1.0,0.05,0.2,0.05,0.05,0.23771551724137932,0.24094827586206896,0.14583333333333334,0.9439655172413793,0.1,0.1,0.1,0.15
cfpb_recal_upd3_seed0,CFPB,sensitivity_upd3,freeze,score_only,attacked,fused_sp,1.0,1.0,1.0,80,80,3,21,3,3,1.0,0.0375,0.2625,0.0375,0.0375,0.23793103448275862,0.2396551724137931,0.10624999999999998,0.9724137931034484,0.1,0.1,0.1,0.15
cfpb_recal_upd3_seed0,CFPB,sensitivity_upd3,freeze,score_only,attacked,fused_sp_lrt_delta,1.0,1.0,1.0,80,80,3,16,3,3,1.0,0.0375,0.2,0.0375,0.0375,0.23793103448275862,0.2336206896551724,0.1,0.9258620689655173,0.1,0.1,0.1,0.15
cfpb_recal_upd3_seed0,CFPB,sensitivity_upd3,freeze,score_only,attacked,max_abs,1.0,1.0,1.0,80,80,0,22,0,0,1.0,0.0,0.275,0.0,0.0,0.25452586206896555,0.256896551724138,0.05,0.928448275862069,0.1,0.1,0.1,0.15
cfpb_recal_upd3_seed0,CFPB,sensitivity_upd3,freeze,score_only,attacked,pc_t2,1.0,1.0,1.0,80,58,3,8,3,3,0.725,0.0375,0.13793103448275862,0.05172413793103448,0.0375,0.23127229488703924,0.2303804994054697,0.028735632183908042,0.8275862068965518,0.1,0.1,0.1,0.15
cfpb_recal_upd3_seed0,CFPB,sensitivity_upd3,freeze,score_only,attacked,res_energy,1.0,1.0,1.0,80,80,0,16,0,0,1.0,0.0,0.2,0.0,0.0,0.2530172413793104,0.2558189655172414,0.125,0.9543103448275863,0.1,0.1,0.1,0.15
cfpb_recal_upd3_seed0,CFPB,sensitivity_upd3,freeze,score_only,attacked,stale,1.0,1.0,1.0,80,0,0,0,0,25,0.0,0.0,nan,nan,0.3125,nan,nan,nan,nan,0.1,0.1,0.1,0.15
cfpb_recal_maxup110_seed0,CFPB,sensitivity_maxup110,corr_mix,all_only,control,T2,1.0,1.0,0.5,80,0,0,0,0,15,0.0,0.0,nan,nan,0.1875,nan,nan,nan,nan,0.1,0.1,0.1,0.15
cfpb_recal_maxup110_seed0,CFPB,sensitivity_maxup110,corr_mix,all_only,control,cusum_factor_cov_lrt,1.0,1.0,0.5,80,80,0,37,0,0,1.0,0.0,0.4625,0.0,0.0,0.29137931034482756,0.29137931034482756,0.0,0.9543103448275861,0.1,0.1,0.1,0.15
cfpb_recal_maxup110_seed0,CFPB,sensitivity_maxup110,corr_mix,all_only,control,ewma_factor_cov_lrt,1.0,1.0,0.5,80,0,0,0,0,6,0.0,0.0,nan,nan,0.075,nan,nan,nan,nan,0.1,0.1,0.1,0.15
cfpb_recal_maxup110_seed0,CFPB,sensitivity_maxup110,corr_mix,all_only,control,factor_cov_change,1.0,1.0,0.5,80,0,0,0,0,9,0.0,0.0,nan,nan,0.1125,nan,nan,nan,nan,0.1,0.1,0.1,0.15
cfpb_recal_maxup110_seed0,CFPB,sensitivity_maxup110,corr_mix,all_only,control,factor_cov_delta,1.0,1.0,0.5,80,0,0,0,0,12,0.0,0.0,nan,nan,0.15,nan,nan,nan,nan,0.1,0.1,0.1,0.15
cfpb_recal_maxup110_seed0,CFPB,sensitivity_maxup110,corr_mix,all_only,control,factor_cov_lrt,1.0,1.0,0.5,80,0,0,0,0,6,0.0,0.0,nan,nan,0.075,nan,nan,nan,nan,0.1,0.1,0.1,0.15
cfpb_recal_maxup110_seed0,CFPB,sensitivity_maxup110,corr_mix,all_only,control,factor_cov_lrt_delta,1.0,1.0,0.5,80,56,56,7,7,16,0.7,0.7,0.125,0.125,0.2,0.13546798029556653,0.13546798029556653,0.0,0.8275862068965517,0.1,0.1,0.1,0.15
cfpb_recal_maxup110_seed0,CFPB,sensitivity_maxup110,corr_mix,all_only,control,fused_fisher,1.0,1.0,0.5,80,0,0,0,0,11,0.0,0.0,nan,nan,0.1375,nan,nan,nan,nan,0.1,0.1,0.1,0.15
cfpb_recal_maxup110_seed0,CFPB,sensitivity_maxup110,corr_mix,all_only,control,fused_fisher_lrt_delta,1.0,1.0,0.5,80,0,0,0,0,12,0.0,0.0,nan,nan,0.15,nan,nan,nan,nan,0.1,0.1,0.1,0.15
cfpb_recal_maxup110_seed0,CFPB,sensitivity_maxup110,corr_mix,all_only,control,fused_sp,1.0,1.0,0.5,80,0,0,0,0,13,0.0,0.0,nan,nan,0.1625,nan,nan,nan,nan,0.1,0.1,0.1,0.15
cfpb_recal_maxup110_seed0,CFPB,sensitivity_maxup110,corr_mix,all_only,control,fused_sp_lrt_delta,1.0,1.0,0.5,80,0,0,0,0,10,0.0,0.0,nan,nan,0.125,nan,nan,nan,nan,0.1,0.1,0.1,0.15
cfpb_recal_maxup110_seed0,CFPB,sensitivity_maxup110,corr_mix,all_only,control,max_abs,1.0,1.0,0.5,80,80,14,22,10,10,1.0,0.175,0.275,0.125,0.125,0.1877155172413793,0.1877155172413793,0.0,0.9594827586206897,0.1,0.1,0.1,0.15
cfpb_recal_maxup110_seed0,CFPB,sensitivity_maxup110,corr_mix,all_only,control,pc_t2,1.0,1.0,0.5,80,63,13,8,6,11,0.7875,0.1625,0.12698412698412698,0.09523809523809523,0.1375,0.17542419266557205,0.17542419266557205,0.0,0.8275862068965522,0.1,0.1,0.1,0.15
cfpb_recal_maxup110_seed0,CFPB,sensitivity_maxup110,corr_mix,all_only,control,res_energy,1.0,1.0,0.5,80,0,0,0,0,17,0.0,0.0,nan,nan,0.2125,nan,nan,nan,nan,0.1,0.1,0.1,0.15
cfpb_recal_maxup110_seed0,CFPB,sensitivity_maxup110,corr_mix,all_only,control,stale,1.0,1.0,0.5,80,0,0,0,0,6,0.0,0.0,nan,nan,0.075,nan,nan,nan,nan,0.1,0.1,0.1,0.15
cfpb_recal_maxup110_seed0,CFPB,sensitivity_maxup110,corr_mix,full,full,T2,1.0,1.0,0.5,80,0,0,0,0,9,0.0,0.0,nan,nan,0.1125,nan,nan,nan,nan,0.1,0.1,0.1,0.15
cfpb_recal_maxup110_seed0,CFPB,sensitivity_maxup110,corr_mix,full,full,cusum_factor_cov_lrt,1.0,1.0,0.5,80,80,0,32,0,0,1.0,0.0,0.4,0.0,0.0,0.25323275862068967,0.2543103448275862,0.035416666666666666,1.114655172413793,0.1,0.1,0.1,0.15
cfpb_recal_maxup110_seed0,CFPB,sensitivity_maxup110,corr_mix,full,full,ewma_factor_cov_lrt,1.0,1.0,0.5,80,0,0,0,0,14,0.0,0.0,nan,nan,0.175,nan,nan,nan,nan,0.1,0.1,0.1,0.15
cfpb_recal_maxup110_seed0,CFPB,sensitivity_maxup110,corr_mix,full,full,factor_cov_change,1.0,1.0,0.5,80,0,0,0,0,11,0.0,0.0,nan,nan,0.1375,nan,nan,nan,nan,0.1,0.1,0.1,0.15
cfpb_recal_maxup110_seed0,CFPB,sensitivity_maxup110,corr_mix,full,full,factor_cov_delta,1.0,1.0,0.5,80,0,0,0,0,11,0.0,0.0,nan,nan,0.1375,nan,nan,nan,nan,0.1,0.1,0.1,0.15
cfpb_recal_maxup110_seed0,CFPB,sensitivity_maxup110,corr_mix,full,full,factor_cov_lrt,1.0,1.0,0.5,80,0,0,0,0,9,0.0,0.0,nan,nan,0.1125,nan,nan,nan,nan,0.1,0.1,0.1,0.15
cfpb_recal_maxup110_seed0,CFPB,sensitivity_maxup110,corr_mix,full,full,factor_cov_lrt_delta,1.0,1.0,0.5,80,4,4,1,0,0,0.05,0.05,0.25,0.0,0.0,0.10344827586206896,0.10344827586206896,0.20833333333333331,1.2413793103448276,0.1,0.1,0.1,0.15
cfpb_recal_maxup110_seed0,CFPB,sensitivity_maxup110,corr_mix,full,full,fused_fisher,1.0,1.0,0.5,80,0,0,0,0,16,0.0,0.0,nan,nan,0.2,nan,nan,nan,nan,0.1,0.1,0.1,0.15
cfpb_recal_maxup110_seed0,CFPB,sensitivity_maxup110,corr_mix,full,full,fused_fisher_lrt_delta,1.0,1.0,0.5,80,0,0,0,0,14,0.0,0.0,nan,nan,0.175,nan,nan,nan,nan,0.1,0.1,0.1,0.15
cfpb_recal_maxup110_seed0,CFPB,sensitivity_maxup110,corr_mix,full,full,fused_sp,1.0,1.0,0.5,80,56,5,6,5,16,0.7,0.0625,0.10714285714285714,0.08928571428571429,0.2,0.18165024630541873,0.18165024630541873,0.0,0.8275862068965517,0.1,0.1,0.1,0.15
cfpb_recal_maxup110_seed0,CFPB,sensitivity_maxup110,corr_mix,full,full,fused_sp_lrt_delta,1.0,1.0,0.5,80,56,5,6,5,16,0.7,0.0625,0.10714285714285714,0.08928571428571429,0.2,0.18165024630541873,0.18165024630541873,0.0,0.8275862068965517,0.1,0.1,0.1,0.15
cfpb_recal_maxup110_seed0,CFPB,sensitivity_maxup110,corr_mix,full,full,max_abs,1.0,1.0,0.5,80,0,0,0,0,6,0.0,0.0,nan,nan,0.075,nan,nan,nan,nan,0.1,0.1,0.1,0.15
cfpb_recal_maxup110_seed0,CFPB,sensitivity_maxup110,corr_mix,full,full,pc_t2,1.0,1.0,0.5,80,0,0,0,0,17,0.0,0.0,nan,nan,0.2125,nan,nan,nan,nan,0.1,0.1,0.1,0.15
cfpb_recal_maxup110_seed0,CFPB,sensitivity_maxup110,corr_mix,full,full,res_energy,1.0,1.0,0.5,80,55,4,6,4,8,0.6875,0.05,0.10909090909090909,0.07272727272727272,0.1,0.21724137931034473,0.21724137931034473,0.0,0.8275862068965522,0.1,0.1,0.1,0.15
cfpb_recal_maxup110_seed0,CFPB,sensitivity_maxup110,corr_mix,full,full,stale,1.0,1.0,0.5,80,52,4,5,4,9,0.65,0.05,0.09615384615384616,0.07692307692307693,0.1125,0.22778514588859414,0.22546419098143236,0.141025641025641,0.8037135278514591,0.1,0.1,0.1,0.15
cfpb_recal_maxup110_seed0,CFPB,sensitivity_maxup110,corr_mix,score_only,attacked,T2,1.0,1.0,0.5,80,52,0,3,0,2,0.65,0.0,0.057692307692307696,0.0,0.025,0.23872679045092837,0.23839522546419098,0.0,0.827586206896552,0.1,0.1,0.1,0.15
cfpb_recal_maxup110_seed0,CFPB,sensitivity_maxup110,corr_mix,score_only,attacked,coh_resid_energy,1.0,1.0,0.5,80,80,14,21,14,14,1.0,0.175,0.2625,0.175,0.175,0.1872844827586207,0.18297413793103448,0.0,0.9155172413793103,0.1,0.1,0.1,0.15
cfpb_recal_maxup110_seed0,CFPB,sensitivity_maxup110,corr_mix,score_only,attacked,coh_resid_t2,1.0,1.0,0.5,80,80,7,23,7,7,1.0,0.0875,0.2875,0.0875,0.0875,0.22133620689655173,0.22025862068965515,0.0,0.9413793103448278,0.1,0.1,0.1,0.15
cfpb_recal_maxup110_seed0,CFPB,sensitivity_maxup110,corr_mix,score_only,attacked,cusum_coh_resid_t2,1.0,1.0,0.5,80,38,0,16,0,0,0.475,0.0,0.42105263157894735,0.0,0.0,0.2254990925589837,0.2254990925589837,0.04824561403508772,1.0508166969147006,0.1,0.1,0.1,0.15
cfpb_recal_maxup110_seed0,CFPB,sensitivity_maxup110,corr_mix,score_only,attacked,cusum_factor_cov_lrt,1.0,1.0,0.5,80,77,0,50,0,0,0.9625,0.0,0.6493506493506493,0.0,0.0,0.4171518137035378,0.4178235557545902,0.006493506493506494,1.1500223914017016,0.1,0.1,0.1,0.15
cfpb_recal_maxup110_seed0,CFPB,sensitivity_maxup110,corr_mix,score_only,attacked,ewma_coh_resid_t2,1.0,1.0,0.5,80,80,0,23,0,0,1.0,0.0,0.2875,0.0,0.0,0.2538793103448276,0.2543103448275862,0.020833333333333332,0.9413793103448278,0.1,0.1,0.1,0.15
cfpb_recal_maxup110_seed0,CFPB,sensitivity_maxup110,corr_mix,score_only,attacked,ewma_factor_cov_lrt,1.0,1.0,0.5,80,0,0,0,0,13,0.0,0.0,nan,nan,0.1625,nan,nan,nan,nan,0.1,0.1,0.1,0.15
cfpb_recal_maxup110_seed0,CFPB,sensitivity_maxup110,corr_mix,score_only,attacked,factor_cov_change,1.0,1.0,0.5,80,0,0,0,0,12,0.0,0.0,nan,nan,0.15,nan,nan,nan,nan,0.1,0.1,0.1,0.15
cfpb_recal_maxup110_seed0,CFPB,sensitivity_maxup110,corr_mix,score_only,attacked,factor_cov_delta,1.0,1.0,0.5,80,0,0,0,0,11,0.0,0.0,nan,nan,0.1375,nan,nan,nan,nan,0.1,0.1,0.1,0.15
cfpb_recal_maxup110_seed0,CFPB,sensitivity_maxup110,corr_mix,score_only,attacked,factor_cov_lrt,1.0,1.0,0.5,80,0,0,0,0,9,0.0,0.0,nan,nan,0.1125,nan,nan,nan,nan,0.1,0.1,0.1,0.15
cfpb_recal_maxup110_seed0,CFPB,sensitivity_maxup110,corr_mix,score_only,attacked,factor_cov_lrt_delta,1.0,1.0,0.5,80,78,39,20,20,22,0.975,0.4875,0.2564102564102564,0.2564102564102564,0.275,0.15694076038903623,0.15782493368700265,0.0,0.9549071618037133,0.1,0.1,0.1,0.15
cfpb_recal_maxup110_seed0,CFPB,sensitivity_maxup110,corr_mix,score_only,attacked,fused_fisher,1.0,1.0,0.5,80,77,36,18,18,21,0.9625,0.45,0.23376623376623376,0.23376623376623376,0.2625,0.15584415584415584,0.15226153157187639,0.04112554112554112,0.9162561576354677,0.1,0.1,0.1,0.15
cfpb_recal_maxup110_seed0,CFPB,sensitivity_maxup110,corr_mix,score_only,attacked,fused_fisher_lrt_delta,1.0,1.0,0.5,80,0,0,0,0,14,0.0,0.0,nan,nan,0.175,nan,nan,nan,nan,0.1,0.1,0.1,0.15
cfpb_recal_maxup110_seed0,CFPB,sensitivity_maxup110,corr_mix,score_only,attacked,fused_sp,1.0,1.0,0.5,80,55,2,5,1,4,0.6875,0.025,0.09090909090909091,0.01818181818181818,0.05,0.21849529780564259,0.21849529780564259,0.0,0.8275862068965522,0.1,0.1,0.1,0.15
cfpb_recal_maxup110_seed0,CFPB,sensitivity_maxup110,corr_mix,score_only,attacked,fused_sp_lrt_delta,1.0,1.0,0.5,80,55,2,4,1,10,0.6875,0.025,0.07272727272727272,0.01818181818181818,0.125,0.20250783699059574,0.20250783699059574,0.0,0.8275862068965522,0.1,0.1,0.1,0.15
cfpb_recal_maxup110_seed0,CFPB,sensitivity_maxup110,corr_mix,score_only,attacked,max_abs,1.0,1.0,0.5,80,0,0,0,0,8,0.0,0.0,nan,nan,0.1,nan,nan,nan,nan,0.1,0.1,0.1,0.15
cfpb_recal_maxup110_seed0,CFPB,sensitivity_maxup110,corr_mix,score_only,attacked,pc_t2,1.0,1.0,0.5,80,58,6,4,3,13,0.725,0.075,0.06896551724137931,0.05172413793103448,0.1625,0.19857312722948872,0.19857312722948872,0.0,0.8275862068965518,0.1,0.1,0.1,0.15
cfpb_recal_maxup110_seed0,CFPB,sensitivity_maxup110,corr_mix,score_only,attacked,res_energy,1.0,1.0,0.5,80,55,2,5,1,4,0.6875,0.025,0.09090909090909091,0.01818181818181818,0.05,0.21849529780564259,0.21849529780564259,0.0,0.8275862068965522,0.1,0.1,0.1,0.15
cfpb_recal_maxup110_seed0,CFPB,sensitivity_maxup110,corr_mix,score_only,attacked,stale,1.0,1.0,0.5,80,0,0,0,0,12,0.0,0.0,nan,nan,0.15,nan,nan,nan,nan,0.1,0.1,0.1,0.15
cfpb_recal_maxup110_seed0,CFPB,sensitivity_maxup110,freeze,all_only,control,T2,1.0,1.0,1.0,80,0,0,0,0,15,0.0,0.0,nan,nan,0.1875,nan,nan,nan,nan,0.1,0.1,0.1,0.15
cfpb_recal_maxup110_seed0,CFPB,sensitivity_maxup110,freeze,all_only,control,cusum_factor_cov_lrt,1.0,1.0,1.0,80,80,0,37,0,0,1.0,0.0,0.4625,0.0,0.0,0.29137931034482756,0.29137931034482756,0.0,0.9543103448275861,0.1,0.1,0.1,0.15
cfpb_recal_maxup110_seed0,CFPB,sensitivity_maxup110,freeze,all_only,control,ewma_factor_cov_lrt,1.0,1.0,1.0,80,0,0,0,0,6,0.0,0.0,nan,nan,0.075,nan,nan,nan,nan,0.1,0.1,0.1,0.15
cfpb_recal_maxup110_seed0,CFPB,sensitivity_maxup110,freeze,all_only,control,factor_cov_change,1.0,1.0,1.0,80,0,0,0,0,9,0.0,0.0,nan,nan,0.1125,nan,nan,nan,nan,0.1,0.1,0.1,0.15
cfpb_recal_maxup110_seed0,CFPB,sensitivity_maxup110,freeze,all_only,control,factor_cov_delta,1.0,1.0,1.0,80,0,0,0,0,12,0.0,0.0,nan,nan,0.15,nan,nan,nan,nan,0.1,0.1,0.1,0.15
cfpb_recal_maxup110_seed0,CFPB,sensitivity_maxup110,freeze,all_only,control,factor_cov_lrt,1.0,1.0,1.0,80,0,0,0,0,6,0.0,0.0,nan,nan,0.075,nan,nan,nan,nan,0.1,0.1,0.1,0.15
cfpb_recal_maxup110_seed0,CFPB,sensitivity_maxup110,freeze,all_only,control,factor_cov_lrt_delta,1.0,1.0,1.0,80,56,56,7,7,16,0.7,0.7,0.125,0.125,0.2,0.13546798029556653,0.13546798029556653,0.0,0.8275862068965517,0.1,0.1,0.1,0.15
cfpb_recal_maxup110_seed0,CFPB,sensitivity_maxup110,freeze,all_only,control,fused_fisher,1.0,1.0,1.0,80,0,0,0,0,11,0.0,0.0,nan,nan,0.1375,nan,nan,nan,nan,0.1,0.1,0.1,0.15
cfpb_recal_maxup110_seed0,CFPB,sensitivity_maxup110,freeze,all_only,control,fused_fisher_lrt_delta,1.0,1.0,1.0,80,0,0,0,0,12,0.0,0.0,nan,nan,0.15,nan,nan,nan,nan,0.1,0.1,0.1,0.15
cfpb_recal_maxup110_seed0,CFPB,sensitivity_maxup110,freeze,all_only,control,fused_sp,1.0,1.0,1.0,80,0,0,0,0,13,0.0,0.0,nan,nan,0.1625,nan,nan,nan,nan,0.1,0.1,0.1,0.15
cfpb_recal_maxup110_seed0,CFPB,sensitivity_maxup110,freeze,all_only,control,fused_sp_lrt_delta,1.0,1.0,1.0,80,0,0,0,0,10,0.0,0.0,nan,nan,0.125,nan,nan,nan,nan,0.1,0.1,0.1,0.15
cfpb_recal_maxup110_seed0,CFPB,sensitivity_maxup110,freeze,all_only,control,max_abs,1.0,1.0,1.0,80,80,14,22,10,10,1.0,0.175,0.275,0.125,0.125,0.1877155172413793,0.1877155172413793,0.0,0.9594827586206897,0.1,0.1,0.1,0.15
cfpb_recal_maxup110_seed0,CFPB,sensitivity_maxup110,freeze,all_only,control,pc_t2,1.0,1.0,1.0,80,63,13,8,6,11,0.7875,0.1625,0.12698412698412698,0.09523809523809523,0.1375,0.17542419266557205,0.17542419266557205,0.0,0.8275862068965522,0.1,0.1,0.1,0.15
cfpb_recal_maxup110_seed0,CFPB,sensitivity_maxup110,freeze,all_only,control,res_energy,1.0,1.0,1.0,80,0,0,0,0,17,0.0,0.0,nan,nan,0.2125,nan,nan,nan,nan,0.1,0.1,0.1,0.15
cfpb_recal_maxup110_seed0,CFPB,sensitivity_maxup110,freeze,all_only,control,stale,1.0,1.0,1.0,80,0,0,0,0,6,0.0,0.0,nan,nan,0.075,nan,nan,nan,nan,0.1,0.1,0.1,0.15
cfpb_recal_maxup110_seed0,CFPB,sensitivity_maxup110,freeze,full,full,T2,1.0,1.0,1.0,80,0,0,0,0,9,0.0,0.0,nan,nan,0.1125,nan,nan,nan,nan,0.1,0.1,0.1,0.15
cfpb_recal_maxup110_seed0,CFPB,sensitivity_maxup110,freeze,full,full,cusum_factor_cov_lrt,1.0,1.0,1.0,80,80,0,57,0,0,1.0,0.0,0.7125,0.0,0.0,0.25323275862068967,0.25732758620689655,0.4854166666666666,1.1793103448275863,0.1,0.1,0.1,0.15
cfpb_recal_maxup110_seed0,CFPB,sensitivity_maxup110,freeze,full,full,ewma_factor_cov_lrt,1.0,1.0,1.0,80,0,0,0,0,14,0.0,0.0,nan,nan,0.175,nan,nan,nan,nan,0.1,0.1,0.1,0.15
cfpb_recal_maxup110_seed0,CFPB,sensitivity_maxup110,freeze,full,full,factor_cov_change,1.0,1.0,1.0,80,0,0,0,0,8,0.0,0.0,nan,nan,0.1,nan,nan,nan,nan,0.1,0.1,0.1,0.15
cfpb_recal_maxup110_seed0,CFPB,sensitivity_maxup110,freeze,full,full,factor_cov_delta,1.0,1.0,1.0,80,0,0,0,0,11,0.0,0.0,nan,nan,0.1375,nan,nan,nan,nan,0.1,0.1,0.1,0.15
cfpb_recal_maxup110_seed0,CFPB,sensitivity_maxup110,freeze,full,full,factor_cov_lrt,1.0,1.0,1.0,80,0,0,0,0,18,0.0,0.0,nan,nan,0.225,nan,nan,nan,nan,0.1,0.1,0.1,0.15
cfpb_recal_maxup110_seed0,CFPB,sensitivity_maxup110,freeze,full,full,factor_cov_lrt_delta,1.0,1.0,1.0,80,4,4,0,0,0,0.05,0.05,0.0,0.0,0.0,0.10344827586206896,0.11637931034482758,0.3333333333333333,1.3448275862068966,0.1,0.1,0.1,0.15
cfpb_recal_maxup110_seed0,CFPB,sensitivity_maxup110,freeze,full,full,fused_fisher,1.0,1.0,1.0,80,0,0,0,0,16,0.0,0.0,nan,nan,0.2,nan,nan,nan,nan,0.1,0.1,0.1,0.15
cfpb_recal_maxup110_seed0,CFPB,sensitivity_maxup110,freeze,full,full,fused_fisher_lrt_delta,1.0,1.0,1.0,80,0,0,0,0,14,0.0,0.0,nan,nan,0.175,nan,nan,nan,nan,0.1,0.1,0.1,0.15
cfpb_recal_maxup110_seed0,CFPB,sensitivity_maxup110,freeze,full,full,fused_sp,1.0,1.0,1.0,80,56,5,8,5,16,0.7,0.0625,0.14285714285714285,0.08928571428571429,0.2,0.18165024630541873,0.1807266009852217,0.044642857142857144,0.8054187192118227,0.1,0.1,0.1,0.15
cfpb_recal_maxup110_seed0,CFPB,sensitivity_maxup110,freeze,full,full,fused_sp_lrt_delta,1.0,1.0,1.0,80,56,5,4,1,12,0.7,0.0625,0.07142857142857142,0.017857142857142856,0.15,0.18165024630541873,0.1807266009852217,0.044642857142857144,0.8017241379310346,0.1,0.1,0.1,0.15
cfpb_recal_maxup110_seed0,CFPB,sensitivity_maxup110,freeze,full,full,max_abs,1.0,1.0,1.0,80,0,0,0,0,6,0.0,0.0,nan,nan,0.075,nan,nan,nan,nan,0.1,0.1,0.1,0.15
cfpb_recal_maxup110_seed0,CFPB,sensitivity_maxup110,freeze,full,full,pc_t2,1.0,1.0,1.0,80,0,0,0,0,17,0.0,0.0,nan,nan,0.2125,nan,nan,nan,nan,0.1,0.1,0.1,0.15
cfpb_recal_maxup110_seed0,CFPB,sensitivity_maxup110,freeze,full,full,res_energy,1.0,1.0,1.0,80,55,4,9,4,8,0.6875,0.05,0.16363636363636364,0.07272727272727272,0.1,0.21724137931034473,0.21661442006269585,0.03939393939393939,0.8200626959247653,0.1,0.1,0.1,0.15
cfpb_recal_maxup110_seed0,CFPB,sensitivity_maxup110,freeze,full,full,stale,1.0,1.0,1.0,80,52,4,30,4,9,0.65,0.05,0.5769230769230769,0.07692307692307693,0.1125,0.22778514588859414,0.23242705570291777,0.6217948717948718,0.8633952254641911,0.1,0.1,0.1,0.15
cfpb_recal_maxup110_seed0,CFPB,sensitivity_maxup110,freeze,score_only,attacked,T2,1.0,1.0,1.0,80,52,0,4,0,2,0.65,0.0,0.07692307692307693,0.0,0.025,0.23872679045092837,0.23872679045092837,0.009615384615384616,0.827586206896552,0.1,0.1,0.1,0.15
cfpb_recal_maxup110_seed0,CFPB,sensitivity_maxup110,freeze,score_only,attacked,coh_resid_energy,1.0,1.0,1.0,80,80,14,31,14,14,1.0,0.175,0.3875,0.175,0.175,0.1872844827586207,0.16853448275862068,0.19166666666666665,0.7525862068965518,0.1,0.1,0.1,0.15
cfpb_recal_maxup110_seed0,CFPB,sensitivity_maxup110,freeze,score_only,attacked,coh_resid_t2,1.0,1.0,1.0,80,80,7,64,7,7,1.0,0.0875,0.8,0.0875,0.0875,0.22133620689655173,0.20150862068965517,0.4083333333333333,0.796551724137931,0.1,0.1,0.1,0.15
cfpb_recal_maxup110_seed0,CFPB,sensitivity_maxup110,freeze,score_only,attacked,cusum_coh_resid_t2,1.0,1.0,1.0,80,38,0,31,0,0,0.475,0.0,0.8157894736842105,0.0,0.0,0.2254990925589837,0.2223230490018149,0.6535087719298245,1.0508166969147006,0.1,0.1,0.1,0.15
cfpb_recal_maxup110_seed0,CFPB,sensitivity_maxup110,freeze,score_only,attacked,cusum_factor_cov_lrt,1.0,1.0,1.0,80,77,0,68,0,0,0.9625,0.0,0.8831168831168831,0.0,0.0,0.4171518137035378,0.4308105687416033,0.30519480519480513,1.1742051052395879,0.1,0.1,0.1,0.15
cfpb_recal_maxup110_seed0,CFPB,sensitivity_maxup110,freeze,score_only,attacked,ewma_coh_resid_t2,1.0,1.0,1.0,80,80,0,54,0,0,1.0,0.0,0.675,0.0,0.0,0.2538793103448276,0.23426724137931038,0.4854166666666666,0.7706896551724137,0.1,0.1,0.1,0.15
cfpb_recal_maxup110_seed0,CFPB,sensitivity_maxup110,freeze,score_only,attacked,ewma_factor_cov_lrt,1.0,1.0,1.0,80,0,0,0,0,22,0.0,0.0,nan,nan,0.275,nan,nan,nan,nan,0.1,0.1,0.1,0.15
cfpb_recal_maxup110_seed0,CFPB,sensitivity_maxup110,freeze,score_only,attacked,factor_cov_change,1.0,1.0,1.0,80,0,0,0,0,8,0.0,0.0,nan,nan,0.1,nan,nan,nan,nan,0.1,0.1,0.1,0.15
cfpb_recal_maxup110_seed0,CFPB,sensitivity_maxup110,freeze,score_only,attacked,factor_cov_delta,1.0,1.0,1.0,80,0,0,0,0,11,0.0,0.0,nan,nan,0.1375,nan,nan,nan,nan,0.1,0.1,0.1,0.15
cfpb_recal_maxup110_seed0,CFPB,sensitivity_maxup110,freeze,score_only,attacked,factor_cov_lrt,1.0,1.0,1.0,80,0,0,0,0,26,0.0,0.0,nan,nan,0.325,nan,nan,nan,nan,0.1,0.1,0.1,0.15
cfpb_recal_maxup110_seed0,CFPB,sensitivity_maxup110,freeze,score_only,attacked,factor_cov_lrt_delta,1.0,1.0,1.0,80,78,39,0,0,0,0.975,0.4875,0.0,0.0,0.0,0.15694076038903623,0.17617152961980553,0.14957264957264957,1.0238726790450927,0.1,0.1,0.1,0.15
cfpb_recal_maxup110_seed0,CFPB,sensitivity_maxup110,freeze,score_only,attacked,fused_fisher,1.0,1.0,1.0,80,77,36,34,26,27,0.9625,0.45,0.44155844155844154,0.33766233766233766,0.3375,0.15584415584415584,0.1542767577250336,0.1753246753246753,0.8437080161218093,0.1,0.1,0.1,0.15
cfpb_recal_maxup110_seed0,CFPB,sensitivity_maxup110,freeze,score_only,attacked,fused_fisher_lrt_delta,1.0,1.0,1.0,80,0,0,0,0,14,0.0,0.0,nan,nan,0.175,nan,nan,nan,nan,0.1,0.1,0.1,0.15
cfpb_recal_maxup110_seed0,CFPB,sensitivity_maxup110,freeze,score_only,attacked,fused_sp,1.0,1.0,1.0,80,55,2,6,1,4,0.6875,0.025,0.10909090909090909,0.01818181818181818,0.05,0.21849529780564259,0.21974921630094035,0.006060606060606061,0.8426332288401258,0.1,0.1,0.1,0.15
cfpb_recal_maxup110_seed0,CFPB,sensitivity_maxup110,freeze,score_only,attacked,fused_sp_lrt_delta,1.0,1.0,1.0,80,55,2,5,1,9,0.6875,0.025,0.09090909090909091,0.01818181818181818,0.1125,0.20250783699059574,0.2047021943573668,0.006060606060606061,0.8388714733542323,0.1,0.1,0.1,0.15
cfpb_recal_maxup110_seed0,CFPB,sensitivity_maxup110,freeze,score_only,attacked,max_abs,1.0,1.0,1.0,80,0,0,0,0,8,0.0,0.0,nan,nan,0.1,nan,nan,nan,nan,0.1,0.1,0.1,0.15
cfpb_recal_maxup110_seed0,CFPB,sensitivity_maxup110,freeze,score_only,attacked,pc_t2,1.0,1.0,1.0,80,58,6,6,3,13,0.725,0.075,0.10344827586206896,0.05172413793103448,0.1625,0.19857312722948872,0.19827586206896552,0.014367816091954021,0.8133174791914389,0.1,0.1,0.1,0.15
cfpb_recal_maxup110_seed0,CFPB,sensitivity_maxup110,freeze,score_only,attacked,res_energy,1.0,1.0,1.0,80,55,2,8,1,4,0.6875,0.025,0.14545454545454545,0.01818181818181818,0.05,0.21849529780564259,0.22100313479623818,0.02727272727272727,0.8501567398119128,0.1,0.1,0.1,0.15
cfpb_recal_maxup110_seed0,CFPB,sensitivity_maxup110,freeze,score_only,attacked,stale,1.0,1.0,1.0,80,0,0,0,0,23,0.0,0.0,nan,nan,0.2875,nan,nan,nan,nan,0.1,0.1,0.1,0.15
cfpb_gradual_bias_seed0,CFPB,gradual_bias,gradual_bias,all_only,control,T2,1.0,1.0,1.0,80,0,0,0,0,15,0.0,0.0,nan,nan,0.1875,nan,nan,nan,nan,0.1,0.1,0.1,0.15
cfpb_gradual_bias_seed0,CFPB,gradual_bias,gradual_bias,all_only,control,cusum_factor_cov_lrt,1.0,1.0,1.0,80,80,0,37,0,0,1.0,0.0,0.4625,0.0,0.0,0.29137931034482756,0.29137931034482756,0.0,0.9543103448275861,0.1,0.1,0.1,0.15
cfpb_gradual_bias_seed0,CFPB,gradual_bias,gradual_bias,all_only,control,ewma_factor_cov_lrt,1.0,1.0,1.0,80,0,0,0,0,7,0.0,0.0,nan,nan,0.0875,nan,nan,nan,nan,0.1,0.1,0.1,0.15
cfpb_gradual_bias_seed0,CFPB,gradual_bias,gradual_bias,all_only,control,factor_cov_change,1.0,1.0,1.0,80,0,0,0,0,6,0.0,0.0,nan,nan,0.075,nan,nan,nan,nan,0.1,0.1,0.1,0.15
cfpb_gradual_bias_seed0,CFPB,gradual_bias,gradual_bias,all_only,control,factor_cov_delta,1.0,1.0,1.0,80,0,0,0,0,12,0.0,0.0,nan,nan,0.15,nan,nan,nan,nan,0.1,0.1,0.1,0.15
cfpb_gradual_bias_seed0,CFPB,gradual_bias,gradual_bias,all_only,control,factor_cov_lrt,1.0,1.0,1.0,80,0,0,0,0,6,0.0,0.0,nan,nan,0.075,nan,nan,nan,nan,0.1,0.1,0.1,0.15
cfpb_gradual_bias_seed0,CFPB,gradual_bias,gradual_bias,all_only,control,factor_cov_lrt_delta,1.0,1.0,1.0,80,56,56,7,7,16,0.7,0.7,0.125,0.125,0.2,0.13546798029556653,0.13546798029556653,0.0,0.8275862068965517,0.1,0.1,0.1,0.15
cfpb_gradual_bias_seed0,CFPB,gradual_bias,gradual_bias,all_only,control,fused_fisher,1.0,1.0,1.0,80,0,0,0,0,11,0.0,0.0,nan,nan,0.1375,nan,nan,nan,nan,0.1,0.1,0.1,0.15
cfpb_gradual_bias_seed0,CFPB,gradual_bias,gradual_bias,all_only,control,fused_fisher_lrt_delta,1.0,1.0,1.0,80,0,0,0,0,12,0.0,0.0,nan,nan,0.15,nan,nan,nan,nan,0.1,0.1,0.1,0.15
cfpb_gradual_bias_seed0,CFPB,gradual_bias,gradual_bias,all_only,control,fused_sp,1.0,1.0,1.0,80,0,0,0,0,13,0.0,0.0,nan,nan,0.1625,nan,nan,nan,nan,0.1,0.1,0.1,0.15
cfpb_gradual_bias_seed0,CFPB,gradual_bias,gradual_bias,all_only,control,fused_sp_lrt_delta,1.0,1.0,1.0,80,0,0,0,0,10,0.0,0.0,nan,nan,0.125,nan,nan,nan,nan,0.1,0.1,0.1,0.15
cfpb_gradual_bias_seed0,CFPB,gradual_bias,gradual_bias,all_only,control,max_abs,1.0,1.0,1.0,80,80,14,22,10,10,1.0,0.175,0.275,0.125,0.125,0.1877155172413793,0.1877155172413793,0.0,0.9594827586206897,0.1,0.1,0.1,0.15
cfpb_gradual_bias_seed0,CFPB,gradual_bias,gradual_bias,all_only,control,pc_t2,1.0,1.0,1.0,80,0,0,0,0,5,0.0,0.0,nan,nan,0.0625,nan,nan,nan,nan,0.1,0.1,0.1,0.15
cfpb_gradual_bias_seed0,CFPB,gradual_bias,gradual_bias,all_only,control,res_energy,1.0,1.0,1.0,80,0,0,0,0,17,0.0,0.0,nan,nan,0.2125,nan,nan,nan,nan,0.1,0.1,0.1,0.15
cfpb_gradual_bias_seed0,CFPB,gradual_bias,gradual_bias,all_only,control,stale,1.0,1.0,1.0,80,60,9,5,5,17,0.75,0.1125,0.08333333333333333,0.08333333333333333,0.2125,0.16178160919540233,0.16178160919540233,0.0,0.8275862068965519,0.1,0.1,0.1,0.15
cfpb_gradual_bias_seed0,CFPB,gradual_bias,gradual_bias,full,full,T2,1.0,1.0,1.0,80,0,0,0,0,9,0.0,0.0,nan,nan,0.1125,nan,nan,nan,nan,0.1,0.1,0.1,0.15
cfpb_gradual_bias_seed0,CFPB,gradual_bias,gradual_bias,full,full,cusum_factor_cov_lrt,1.0,1.0,1.0,80,80,0,32,0,0,1.0,0.0,0.4,0.0,0.0,0.25323275862068967,0.24956896551724136,0.05416666666666666,1.0913793103448275,0.1,0.1,0.1,0.15
cfpb_gradual_bias_seed0,CFPB,gradual_bias,gradual_bias,full,full,ewma_factor_cov_lrt,1.0,1.0,1.0,80,0,0,0,0,11,0.0,0.0,nan,nan,0.1375,nan,nan,nan,nan,0.1,0.1,0.1,0.15
cfpb_gradual_bias_seed0,CFPB,gradual_bias,gradual_bias,full,full,factor_cov_change,1.0,1.0,1.0,80,0,0,0,0,11,0.0,0.0,nan,nan,0.1375,nan,nan,nan,nan,0.1,0.1,0.1,0.15
cfpb_gradual_bias_seed0,CFPB,gradual_bias,gradual_bias,full,full,factor_cov_delta,1.0,1.0,1.0,80,0,0,0,0,11,0.0,0.0,nan,nan,0.1375,nan,nan,nan,nan,0.1,0.1,0.1,0.15
cfpb_gradual_bias_seed0,CFPB,gradual_bias,gradual_bias,full,full,factor_cov_lrt,1.0,1.0,1.0,80,0,0,0,0,9,0.0,0.0,nan,nan,0.1125,nan,nan,nan,nan,0.1,0.1,0.1,0.15
cfpb_gradual_bias_seed0,CFPB,gradual_bias,gradual_bias,full,full,factor_cov_lrt_delta,1.0,1.0,1.0,80,4,4,4,0,0,0.05,0.05,1.0,0.0,0.0,0.10344827586206896,0.09913793103448276,0.125,1.1896551724137931,0.1,0.1,0.1,0.15
cfpb_gradual_bias_seed0,CFPB,gradual_bias,gradual_bias,full,full,fused_fisher,1.0,1.0,1.0,80,0,0,0,0,16,0.0,0.0,nan,nan,0.2,nan,nan,nan,nan,0.1,0.1,0.1,0.15
cfpb_gradual_bias_seed0,CFPB,gradual_bias,gradual_bias,full,full,fused_fisher_lrt_delta,1.0,1.0,1.0,80,0,0,0,0,14,0.0,0.0,nan,nan,0.175,nan,nan,nan,nan,0.1,0.1,0.1,0.15
cfpb_gradual_bias_seed0,CFPB,gradual_bias,gradual_bias,full,full,fused_sp,1.0,1.0,1.0,80,56,5,6,5,16,0.7,0.0625,0.10714285714285714,0.08928571428571429,0.2,0.18165024630541873,0.18165024630541873,0.0,0.8275862068965517,0.1,0.1,0.1,0.15
cfpb_gradual_bias_seed0,CFPB,gradual_bias,gradual_bias,full,full,fused_sp_lrt_delta,1.0,1.0,1.0,80,56,5,6,5,16,0.7,0.0625,0.10714285714285714,0.08928571428571429,0.2,0.18165024630541873,0.18165024630541873,0.0,0.8275862068965517,0.1,0.1,0.1,0.15
cfpb_gradual_bias_seed0,CFPB,gradual_bias,gradual_bias,full,full,max_abs,1.0,1.0,1.0,80,0,0,0,0,6,0.0,0.0,nan,nan,0.075,nan,nan,nan,nan,0.1,0.1,0.1,0.15
cfpb_gradual_bias_seed0,CFPB,gradual_bias,gradual_bias,full,full,pc_t2,1.0,1.0,1.0,80,0,0,0,0,17,0.0,0.0,nan,nan,0.2125,nan,nan,nan,nan,0.1,0.1,0.1,0.15
cfpb_gradual_bias_seed0,CFPB,gradual_bias,gradual_bias,full,full,res_energy,1.0,1.0,1.0,80,55,4,6,4,8,0.6875,0.05,0.10909090909090909,0.07272727272727272,0.1,0.21724137931034473,0.21724137931034473,0.0,0.8275862068965522,0.1,0.1,0.1,0.15
cfpb_gradual_bias_seed0,CFPB,gradual_bias,gradual_bias,full,full,stale,1.0,1.0,1.0,80,53,5,12,2,5,0.6625,0.0625,0.22641509433962265,0.03773584905660377,0.0625,0.2075471698113207,0.20331815224463237,0.16666666666666666,0.8549121665582307,0.1,0.1,0.1,0.15
cfpb_gradual_bias_seed0,CFPB,gradual_bias,gradual_bias,score_only,attacked,T2,1.0,1.0,1.0,80,52,0,3,0,2,0.65,0.0,0.057692307692307696,0.0,0.025,0.23872679045092837,0.23872679045092837,0.01282051282051282,0.827586206896552,0.1,0.1,0.1,0.15
cfpb_gradual_bias_seed0,CFPB,gradual_bias,gradual_bias,score_only,attacked,coh_resid_energy,1.0,1.0,1.0,80,80,14,20,14,14,1.0,0.175,0.25,0.175,0.175,0.1872844827586207,0.18081896551724136,0.01875,0.9051724137931035,0.1,0.1,0.1,0.15
cfpb_gradual_bias_seed0,CFPB,gradual_bias,gradual_bias,score_only,attacked,coh_resid_t2,1.0,1.0,1.0,80,80,7,23,7,7,1.0,0.0875,0.2875,0.0875,0.0875,0.22133620689655173,0.20883620689655175,0.32708333333333334,0.8560344827586206,0.1,0.1,0.1,0.15
cfpb_gradual_bias_seed0,CFPB,gradual_bias,gradual_bias,score_only,attacked,cusum_coh_resid_t2,1.0,1.0,1.0,80,38,0,11,0,0,0.475,0.0,0.2894736842105263,0.0,0.0,0.2254990925589837,0.22504537205081673,0.4385964912280701,1.061705989110708,0.1,0.1,0.1,0.15
cfpb_gradual_bias_seed0,CFPB,gradual_bias,gradual_bias,score_only,attacked,cusum_factor_cov_lrt,1.0,1.0,1.0,80,77,0,50,0,0,0.9625,0.0,0.6493506493506493,0.0,0.0,0.4171518137035378,0.4169278996865204,0.010822510822510822,1.1634572324227495,0.1,0.1,0.1,0.15
cfpb_gradual_bias_seed0,CFPB,gradual_bias,gradual_bias,score_only,attacked,ewma_coh_resid_t2,1.0,1.0,1.0,80,80,0,23,0,0,1.0,0.0,0.2875,0.0,0.0,0.2538793103448276,0.24331896551724141,0.2770833333333333,0.8508620689655173,0.1,0.1,0.1,0.15
cfpb_gradual_bias_seed0,CFPB,gradual_bias,gradual_bias,score_only,attacked,ewma_factor_cov_lrt,1.0,1.0,1.0,80,0,0,0,0,13,0.0,0.0,nan,nan,0.1625,nan,nan,nan,nan,0.1,0.1,0.1,0.15
cfpb_gradual_bias_seed0,CFPB,gradual_bias,gradual_bias,score_only,attacked,factor_cov_change,1.0,1.0,1.0,80,0,0,0,0,12,0.0,0.0,nan,nan,0.15,nan,nan,nan,nan,0.1,0.1,0.1,0.15
cfpb_gradual_bias_seed0,CFPB,gradual_bias,gradual_bias,score_only,attacked,factor_cov_delta,1.0,1.0,1.0,80,0,0,0,0,11,0.0,0.0,nan,nan,0.1375,nan,nan,nan,nan,0.1,0.1,0.1,0.15
cfpb_gradual_bias_seed0,CFPB,gradual_bias,gradual_bias,score_only,attacked,factor_cov_lrt,1.0,1.0,1.0,80,0,0,0,0,9,0.0,0.0,nan,nan,0.1125,nan,nan,nan,nan,0.1,0.1,0.1,0.15
cfpb_gradual_bias_seed0,CFPB,gradual_bias,gradual_bias,score_only,attacked,factor_cov_lrt_delta,1.0,1.0,1.0,80,78,39,16,16,18,0.975,0.4875,0.20512820512820512,0.20512820512820512,0.225,0.15694076038903623,0.15893015030946064,0.029914529914529912,0.949602122015915,0.1,0.1,0.1,0.15
cfpb_gradual_bias_seed0,CFPB,gradual_bias,gradual_bias,score_only,attacked,fused_fisher,1.0,1.0,1.0,80,77,36,17,17,20,0.9625,0.45,0.22077922077922077,0.22077922077922077,0.25,0.15584415584415584,0.15158978952082397,0.04978354978354978,0.9081952530228392,0.1,0.1,0.1,0.15
cfpb_gradual_bias_seed0,CFPB,gradual_bias,gradual_bias,score_only,attacked,fused_fisher_lrt_delta,1.0,1.0,1.0,80,0,0,0,0,14,0.0,0.0,nan,nan,0.175,nan,nan,nan,nan,0.1,0.1,0.1,0.15
cfpb_gradual_bias_seed0,CFPB,gradual_bias,gradual_bias,score_only,attacked,fused_sp,1.0,1.0,1.0,80,55,2,5,1,4,0.6875,0.025,0.09090909090909091,0.01818181818181818,0.05,0.21849529780564259,0.21849529780564259,0.0030303030303030303,0.8275862068965522,0.1,0.1,0.1,0.15
cfpb_gradual_bias_seed0,CFPB,gradual_bias,gradual_bias,score_only,attacked,fused_sp_lrt_delta,1.0,1.0,1.0,80,55,2,4,1,10,0.6875,0.025,0.07272727272727272,0.01818181818181818,0.125,0.20250783699059574,0.20282131661442018,0.0,0.8275862068965522,0.1,0.1,0.1,0.15
cfpb_gradual_bias_seed0,CFPB,gradual_bias,gradual_bias,score_only,attacked,max_abs,1.0,1.0,1.0,80,0,0,0,0,6,0.0,0.0,nan,nan,0.075,nan,nan,nan,nan,0.1,0.1,0.1,0.15
cfpb_gradual_bias_seed0,CFPB,gradual_bias,gradual_bias,score_only,attacked,pc_t2,1.0,1.0,1.0,80,58,6,4,3,13,0.725,0.075,0.06896551724137931,0.05172413793103448,0.1625,0.19857312722948872,0.1991676575505351,0.028735632183908042,0.8275862068965518,0.1,0.1,0.1,0.15
cfpb_gradual_bias_seed0,CFPB,gradual_bias,gradual_bias,score_only,attacked,res_energy,1.0,1.0,1.0,80,55,2,5,1,4,0.6875,0.025,0.09090909090909091,0.01818181818181818,0.05,0.21849529780564259,0.21849529780564259,0.0,0.8275862068965522,0.1,0.1,0.1,0.15
cfpb_gradual_bias_seed0,CFPB,gradual_bias,gradual_bias,score_only,attacked,stale,1.0,1.0,1.0,80,0,0,0,0,16,0.0,0.0,nan,nan,0.2,nan,nan,nan,nan,0.1,0.1,0.1,0.15
smap_A1_weekly_ledger_seed0,SMAP A-1,canonical,corr_mix,all_only,control,T2,1.0,1.0,1.0,30,30,30,3,3,3,1.0,1.0,0.1,0.1,0.1,0.02160596026490066,0.02160596026490066,0.0,0.9226269315673291,0.1,0.1,0.1,0.15
smap_A1_weekly_ledger_seed0,SMAP A-1,canonical,corr_mix,all_only,control,cusum_factor_cov_lrt,1.0,1.0,1.0,30,0,0,0,0,0,0.0,0.0,nan,nan,0.0,nan,nan,nan,nan,0.1,0.1,0.1,0.15
smap_A1_weekly_ledger_seed0,SMAP A-1,canonical,corr_mix,all_only,control,ewma_factor_cov_lrt,1.0,1.0,1.0,30,14,14,1,1,1,0.4666666666666667,0.4666666666666667,0.07142857142857142,0.07142857142857142,0.03333333333333333,0.02962393566698202,0.02962393566698202,0.0,0.860927152317881,0.1,0.1,0.1,0.15
smap_A1_weekly_ledger_seed0,SMAP A-1,canonical,corr_mix,all_only,control,factor_cov_change,1.0,1.0,1.0,30,30,30,1,1,1,1.0,1.0,0.03333333333333333,0.03333333333333333,0.03333333333333333,0.07488962472406183,0.07488962472406183,0.0,1.0173289183222958,0.1,0.1,0.1,0.15
smap_A1_weekly_ledger_seed0,SMAP A-1,canonical,corr_mix,all_only,control,factor_cov_delta,1.0,1.0,1.0,30,30,30,1,1,1,1.0,1.0,0.03333333333333333,0.03333333333333333,0.03333333333333333,0.031181015452538628,0.031181015452538628,0.0,0.9326710816777044,0.1,0.1,0.1,0.15
smap_A1_weekly_ledger_seed0,SMAP A-1,canonical,corr_mix,all_only,control,factor_cov_lrt,1.0,1.0,1.0,30,30,30,4,4,4,1.0,1.0,0.13333333333333333,0.13333333333333333,0.13333333333333333,0.08027041942604855,0.08027041942604855,0.0,0.971412803532009,0.1,0.1,0.1,0.15
smap_A1_weekly_ledger_seed0,SMAP A-1,canonical,corr_mix,all_only,control,factor_cov_lrt_delta,1.0,1.0,1.0,30,30,30,2,2,2,1.0,1.0,0.06666666666666667,0.06666666666666667,0.06666666666666667,0.023509933774834436,0.023509933774834436,0.0,1.014459161147903,0.1,0.1,0.1,0.15
smap_A1_weekly_ledger_seed0,SMAP A-1,canonical,corr_mix,all_only,control,fused_fisher,1.0,1.0,1.0,30,30,30,1,1,1,1.0,1.0,0.03333333333333333,0.03333333333333333,0.03333333333333333,0.027759381898454744,0.027759381898454744,0.0,1.0158940397350993,0.1,0.1,0.1,0.15
smap_A1_weekly_ledger_seed0,SMAP A-1,canonical,corr_mix,all_only,control,fused_fisher_lrt_delta,1.0,1.0,1.0,30,30,30,1,1,1,1.0,1.0,0.03333333333333333,0.03333333333333333,0.03333333333333333,0.028421633554083878,0.028421633554083878,0.0,1.0144591611479028,0.1,0.1,0.1,0.15
smap_A1_weekly_ledger_seed0,SMAP A-1,canonical,corr_mix,all_only,control,fused_sp,1.0,1.0,1.0,30,0,0,0,0,4,0.0,0.0,nan,nan,0.13333333333333333,nan,nan,nan,nan,0.1,0.1,0.1,0.15
smap_A1_weekly_ledger_seed0,SMAP A-1,canonical,corr_mix,all_only,control,fused_sp_lrt_delta,1.0,1.0,1.0,30,30,30,1,1,1,1.0,1.0,0.03333333333333333,0.03333333333333333,0.03333333333333333,0.018681015452538634,0.018681015452538634,0.0,0.9714128035320091,0.1,0.1,0.1,0.15
smap_A1_weekly_ledger_seed0,SMAP A-1,canonical,corr_mix,all_only,control,max_abs,1.0,1.0,1.0,30,30,30,1,1,1,1.0,1.0,0.03333333333333333,0.03333333333333333,0.03333333333333333,0.01788079470198675,0.01788079470198675,0.0,0.9298013245033114,0.1,0.1,0.1,0.15
smap_A1_weekly_ledger_seed0,SMAP A-1,canonical,corr_mix,all_only,control,pc_t2,1.0,1.0,1.0,30,30,30,3,3,3,1.0,1.0,0.1,0.1,0.1,0.020115894039735096,0.020115894039735096,0.0,0.9240618101545254,0.1,0.1,0.1,0.15
smap_A1_weekly_ledger_seed0,SMAP A-1,canonical,corr_mix,all_only,control,res_energy,1.0,1.0,1.0,30,30,30,3,3,3,1.0,1.0,0.1,0.1,0.1,0.10532560706401767,0.10532560706401767,0.0,0.8881898454746137,0.1,0.1,0.1,0.15
smap_A1_weekly_ledger_seed0,SMAP A-1,canonical,corr_mix,all_only,control,stale,1.0,1.0,1.0,30,30,0,17,0,0,1.0,0.0,0.5666666666666667,0.0,0.0,0.49130794701986763,0.49130794701986763,0.0,1.0316777041942602,0.1,0.1,0.1,0.15
smap_A1_weekly_ledger_seed0,SMAP A-1,canonical,corr_mix,full,full,T2,1.0,1.0,1.0,30,30,30,14,14,14,1.0,1.0,0.4666666666666667,0.4666666666666667,0.4666666666666667,0.02673841059602649,0.02571743929359824,0.0653846153846154,1.014459161147903,0.1,0.1,0.1,0.15
smap_A1_weekly_ledger_seed0,SMAP A-1,canonical,corr_mix,full,full,cusum_factor_cov_lrt,1.0,1.0,1.0,30,4,4,0,0,0,0.13333333333333333,0.13333333333333333,0.0,0.0,0.0,0.020695364238410598,0.020695364238410598,0.0,1.076158940397351,0.1,0.1,0.1,0.15
smap_A1_weekly_ledger_seed0,SMAP A-1,canonical,corr_mix,full,full,ewma_factor_cov_lrt,1.0,1.0,1.0,30,30,30,1,1,1,1.0,1.0,0.03333333333333333,0.03333333333333333,0.03333333333333333,0.04594370860927153,0.04602649006622516,0.026923076923076925,0.9570640176600443,0.1,0.1,0.1,0.15
smap_A1_weekly_ledger_seed0,SMAP A-1,canonical,corr_mix,full,full,factor_cov_change,1.0,1.0,1.0,30,30,30,3,3,3,1.0,1.0,0.1,0.1,0.1,0.06846026490066226,0.0688465783664459,0.03076923076923077,0.8924944812362029,0.1,0.1,0.1,0.15
smap_A1_weekly_ledger_seed0,SMAP A-1,canonical,corr_mix,full,full,factor_cov_delta,1.0,1.0,1.0,30,30,30,3,3,3,1.0,1.0,0.1,0.1,0.1,0.020253863134657834,0.020364238410596022,0.002564102564102564,1.057505518763797,0.1,0.1,0.1,0.15
smap_A1_weekly_ledger_seed0,SMAP A-1,canonical,corr_mix,full,full,factor_cov_lrt,1.0,1.0,1.0,30,30,30,6,6,6,1.0,1.0,0.2,0.2,0.2,0.10929911699779248,0.11194812362030905,0.06025641025641026,0.9628035320088303,0.1,0.1,0.1,0.15
smap_A1_weekly_ledger_seed0,SMAP A-1,canonical,corr_mix,full,full,factor_cov_lrt_delta,1.0,1.0,1.0,30,30,30,4,4,4,1.0,1.0,0.13333333333333333,0.13333333333333333,0.13333333333333333,0.017853200883002206,0.01782560706401766,0.002564102564102564,0.9269315673289185,0.1,0.1,0.1,0.15
smap_A1_weekly_ledger_seed0,SMAP A-1,canonical,corr_mix,full,full,fused_fisher,1.0,1.0,1.0,30,30,30,4,4,4,1.0,1.0,0.13333333333333333,0.13333333333333333,0.13333333333333333,0.05060706401766005,0.04906181015452538,0.06282051282051283,0.9599337748344372,0.1,0.1,0.1,0.15
smap_A1_weekly_ledger_seed0,SMAP A-1,canonical,corr_mix,full,full,fused_fisher_lrt_delta,1.0,1.0,1.0,30,30,30,3,3,3,1.0,1.0,0.1,0.1,0.1,0.025855408388520972,0.025745033112582784,0.03333333333333333,1.0072847682119206,0.1,0.1,0.1,0.15
smap_A1_weekly_ledger_seed0,SMAP A-1,canonical,corr_mix,full,full,fused_sp,1.0,1.0,1.0,30,30,30,6,6,6,1.0,1.0,0.2,0.2,0.2,0.0416942604856512,0.0405905077262693,0.044871794871794886,0.9513245033112585,0.1,0.1,0.1,0.15
smap_A1_weekly_ledger_seed0,SMAP A-1,canonical,corr_mix,full,full,fused_sp_lrt_delta,1.0,1.0,1.0,30,30,30,4,4,4,1.0,1.0,0.13333333333333333,0.13333333333333333,0.13333333333333333,0.018681015452538634,0.018625827814569538,0.002564102564102564,0.9269315673289185,0.1,0.1,0.1,0.15
smap_A1_weekly_ledger_seed0,SMAP A-1,canonical,corr_mix,full,full,max_abs,1.0,1.0,1.0,30,30,30,6,6,6,1.0,1.0,0.2,0.2,0.2,0.03824503311258278,0.037831125827814574,0.20769230769230773,1.0460264900662253,0.1,0.1,0.1,0.15
smap_A1_weekly_ledger_seed0,SMAP A-1,canonical,corr_mix,full,full,pc_t2,1.0,1.0,1.0,30,30,30,3,3,3,1.0,1.0,0.1,0.1,0.1,0.022654525386313466,0.022654525386313466,0.01282051282051282,0.9671081677704196,0.1,0.1,0.1,0.15
smap_A1_weekly_ledger_seed0,SMAP A-1,canonical,corr_mix,full,full,res_energy,1.0,1.0,1.0,30,30,30,8,8,8,1.0,1.0,0.26666666666666666,0.26666666666666666,0.26666666666666666,0.03184326710816777,0.031539735099337746,0.09102564102564101,0.9642384105960267,0.1,0.1,0.1,0.15
smap_A1_weekly_ledger_seed0,SMAP A-1,canonical,corr_mix,full,full,stale,1.0,1.0,1.0,30,30,0,17,0,0,1.0,0.0,0.5666666666666667,0.0,0.0,0.49130794701986763,0.49130794701986763,0.0,1.0316777041942602,0.1,0.1,0.1,0.15
smap_A1_weekly_ledger_seed0,SMAP A-1,canonical,corr_mix,score_only,attacked,T2,1.0,1.0,1.0,30,30,30,7,7,7,1.0,1.0,0.23333333333333334,0.23333333333333334,0.23333333333333334,0.027511037527593818,0.026931567328918327,0.06538461538461539,0.9441501103752763,0.1,0.1,0.1,0.15
smap_A1_weekly_ledger_seed0,SMAP A-1,canonical,corr_mix,score_only,attacked,coh_resid_energy,1.0,1.0,1.0,30,30,30,4,4,4,1.0,1.0,0.13333333333333333,0.13333333333333333,0.13333333333333333,0.019481236203090505,0.019343267108167767,0.002564102564102564,0.9254966887417222,0.1,0.1,0.1,0.15
smap_A1_weekly_ledger_seed0,SMAP A-1,canonical,corr_mix,score_only,attacked,coh_resid_t2,1.0,1.0,1.0,30,30,30,9,9,9,1.0,1.0,0.3,0.3,0.3,0.021937086092715236,0.021440397350993384,0.044871794871794886,0.9915011037527593,0.1,0.1,0.1,0.15
smap_A1_weekly_ledger_seed0,SMAP A-1,canonical,corr_mix,score_only,attacked,cusum_coh_resid_t2,1.0,1.0,1.0,30,12,12,6,6,9,0.4,0.4,0.5,0.5,0.3,0.02207505518763797,0.02207505518763797,0.04487179487179487,0.9649558498896248,0.1,0.1,0.1,0.15
smap_A1_weekly_ledger_seed0,SMAP A-1,canonical,corr_mix,score_only,attacked,cusum_factor_cov_lrt,1.0,1.0,1.0,30,0,0,0,0,3,0.0,0.0,nan,nan,0.1,nan,nan,nan,nan,0.1,0.1,0.1,0.15
smap_A1_weekly_ledger_seed0,SMAP A-1,canonical,corr_mix,score_only,attacked,ewma_coh_resid_t2,1.0,1.0,1.0,30,19,19,6,6,11,0.6333333333333333,0.6333333333333333,0.3157894736842105,0.3157894736842105,0.36666666666666664,0.09175670965493203,0.08892471244336005,0.10728744939271255,0.8382711746253051,0.1,0.1,0.1,0.15
smap_A1_weekly_ledger_seed0,SMAP A-1,canonical,corr_mix,score_only,attacked,ewma_factor_cov_lrt,1.0,1.0,1.0,30,30,30,1,1,1,1.0,1.0,0.03333333333333333,0.03333333333333333,0.03333333333333333,0.07146799116997792,0.06997792494481235,0.19743589743589737,0.9943708609271523,0.1,0.1,0.1,0.15
smap_A1_weekly_ledger_seed0,SMAP A-1,canonical,corr_mix,score_only,attacked,factor_cov_change,1.0,1.0,1.0,30,30,30,5,5,5,1.0,1.0,0.16666666666666666,0.16666666666666666,0.16666666666666666,0.055849889624724064,0.055242825607064026,0.038461538461538464,0.9613686534216339,0.1,0.1,0.1,0.15
smap_A1_weekly_ledger_seed0,SMAP A-1,canonical,corr_mix,score_only,attacked,factor_cov_delta,1.0,1.0,1.0,30,30,30,2,2,2,1.0,1.0,0.06666666666666667,0.06666666666666667,0.06666666666666667,0.018653421633554088,0.018570640176600442,0.010256410256410256,0.9656732891832233,0.1,0.1,0.1,0.15
smap_A1_weekly_ledger_seed0,SMAP A-1,canonical,corr_mix,score_only,attacked,factor_cov_lrt,1.0,1.0,1.0,30,30,30,7,7,7,1.0,1.0,0.23333333333333334,0.23333333333333334,0.23333333333333334,0.0975717439293598,0.09746136865342163,0.08846153846153847,0.9628035320088303,0.1,0.1,0.1,0.15
smap_A1_weekly_ledger_seed0,SMAP A-1,canonical,corr_mix,score_only,attacked,factor_cov_lrt_delta,1.0,1.0,1.0,30,30,30,2,2,2,1.0,1.0,0.06666666666666667,0.06666666666666667,0.06666666666666667,0.021054083885209716,0.02124724061810155,0.015384615384615387,1.0144591611479028,0.1,0.1,0.1,0.15
smap_A1_weekly_ledger_seed0,SMAP A-1,canonical,corr_mix,score_only,attacked,fused_fisher,1.0,1.0,1.0,30,20,20,3,3,6,0.6666666666666666,0.6666666666666666,0.15,0.15,0.2,0.02566225165562914,0.02495860927152318,0.023076923076923078,0.8350993377483444,0.1,0.1,0.1,0.15
smap_A1_weekly_ledger_seed0,SMAP A-1,canonical,corr_mix,score_only,attacked,fused_fisher_lrt_delta,1.0,1.0,1.0,30,30,30,9,9,9,1.0,1.0,0.3,0.3,0.3,0.018625827814569538,0.01810154525386314,0.04102564102564103,0.8982339955849891,0.1,0.1,0.1,0.15
smap_A1_weekly_ledger_seed0,SMAP A-1,canonical,corr_mix,score_only,attacked,fused_sp,1.0,1.0,1.0,30,30,30,6,6,6,1.0,1.0,0.2,0.2,0.2,0.04191501103752759,0.04081125827814568,0.03333333333333333,0.8623620309050773,0.1,0.1,0.1,0.15
smap_A1_weekly_ledger_seed0,SMAP A-1,canonical,corr_mix,score_only,attacked,fused_sp_lrt_delta,1.0,1.0,1.0,30,30,30,2,2,2,1.0,1.0,0.06666666666666667,0.06666666666666667,0.06666666666666667,0.01948123620309051,0.0195364238410596,0.005128205128205128,1.0158940397350993,0.1,0.1,0.1,0.15
smap_A1_weekly_ledger_seed0,SMAP A-1,canonical,corr_mix,score_only,attacked,max_abs,1.0,1.0,1.0,30,30,30,6,6,6,1.0,1.0,0.2,0.2,0.2,0.03984547461368653,0.03940397350993377,0.27564102564102566,1.0445916114790288,0.1,0.1,0.1,0.15
smap_A1_weekly_ledger_seed0,SMAP A-1,canonical,corr_mix,score_only,attacked,pc_t2,1.0,1.0,1.0,30,30,30,11,11,11,1.0,1.0,0.36666666666666664,0.36666666666666664,0.36666666666666664,0.026655629139072854,0.026158940397350998,0.12307692307692308,0.9441501103752762,0.1,0.1,0.1,0.15
smap_A1_weekly_ledger_seed0,SMAP A-1,canonical,corr_mix,score_only,attacked,res_energy,1.0,1.0,1.0,30,30,30,3,3,3,1.0,1.0,0.1,0.1,0.1,0.02682119205298013,0.02671081677704194,0.03461538461538462,0.9714128035320091,0.1,0.1,0.1,0.15
smap_A1_weekly_ledger_seed0,SMAP A-1,canonical,corr_mix,score_only,attacked,stale,1.0,1.0,1.0,30,30,0,17,0,0,1.0,0.0,0.5666666666666667,0.0,0.0,0.448896247240618,0.448896247240618,0.0,0.9470198675496692,0.1,0.1,0.1,0.15
smap_A1_weekly_ledger_seed0,SMAP A-1,canonical,freeze,all_only,control,T2,1.0,1.0,1.0,30,30,30,3,3,3,1.0,1.0,0.1,0.1,0.1,0.02160596026490066,0.02160596026490066,0.0,0.9226269315673291,0.1,0.1,0.1,0.15
smap_A1_weekly_ledger_seed0,SMAP A-1,canonical,freeze,all_only,control,cusum_factor_cov_lrt,1.0,1.0,1.0,30,0,0,0,0,0,0.0,0.0,nan,nan,0.0,nan,nan,nan,nan,0.1,0.1,0.1,0.15
smap_A1_weekly_ledger_seed0,SMAP A-1,canonical,freeze,all_only,control,ewma_factor_cov_lrt,1.0,1.0,1.0,30,14,14,1,1,1,0.4666666666666667,0.4666666666666667,0.07142857142857142,0.07142857142857142,0.03333333333333333,0.02962393566698202,0.02962393566698202,0.0,0.860927152317881,0.1,0.1,0.1,0.15
smap_A1_weekly_ledger_seed0,SMAP A-1,canonical,freeze,all_only,control,factor_cov_change,1.0,1.0,1.0,30,30,30,1,1,1,1.0,1.0,0.03333333333333333,0.03333333333333333,0.03333333333333333,0.07488962472406183,0.07488962472406183,0.0,1.0173289183222958,0.1,0.1,0.1,0.15
smap_A1_weekly_ledger_seed0,SMAP A-1,canonical,freeze,all_only,control,factor_cov_delta,1.0,1.0,1.0,30,30,30,1,1,1,1.0,1.0,0.03333333333333333,0.03333333333333333,0.03333333333333333,0.031181015452538628,0.031181015452538628,0.0,0.9326710816777044,0.1,0.1,0.1,0.15
smap_A1_weekly_ledger_seed0,SMAP A-1,canonical,freeze,all_only,control,factor_cov_lrt,1.0,1.0,1.0,30,30,30,4,4,4,1.0,1.0,0.13333333333333333,0.13333333333333333,0.13333333333333333,0.08027041942604855,0.08027041942604855,0.0,0.971412803532009,0.1,0.1,0.1,0.15
smap_A1_weekly_ledger_seed0,SMAP A-1,canonical,freeze,all_only,control,factor_cov_lrt_delta,1.0,1.0,1.0,30,30,30,2,2,2,1.0,1.0,0.06666666666666667,0.06666666666666667,0.06666666666666667,0.023509933774834436,0.023509933774834436,0.0,1.014459161147903,0.1,0.1,0.1,0.15
smap_A1_weekly_ledger_seed0,SMAP A-1,canonical,freeze,all_only,control,fused_fisher,1.0,1.0,1.0,30,30,30,1,1,1,1.0,1.0,0.03333333333333333,0.03333333333333333,0.03333333333333333,0.027759381898454744,0.027759381898454744,0.0,1.0158940397350993,0.1,0.1,0.1,0.15
smap_A1_weekly_ledger_seed0,SMAP A-1,canonical,freeze,all_only,control,fused_fisher_lrt_delta,1.0,1.0,1.0,30,30,30,1,1,1,1.0,1.0,0.03333333333333333,0.03333333333333333,0.03333333333333333,0.028421633554083878,0.028421633554083878,0.0,1.0144591611479028,0.1,0.1,0.1,0.15
smap_A1_weekly_ledger_seed0,SMAP A-1,canonical,freeze,all_only,control,fused_sp,1.0,1.0,1.0,30,0,0,0,0,4,0.0,0.0,nan,nan,0.13333333333333333,nan,nan,nan,nan,0.1,0.1,0.1,0.15
smap_A1_weekly_ledger_seed0,SMAP A-1,canonical,freeze,all_only,control,fused_sp_lrt_delta,1.0,1.0,1.0,30,30,30,1,1,1,1.0,1.0,0.03333333333333333,0.03333333333333333,0.03333333333333333,0.018681015452538634,0.018681015452538634,0.0,0.9714128035320091,0.1,0.1,0.1,0.15
smap_A1_weekly_ledger_seed0,SMAP A-1,canonical,freeze,all_only,control,max_abs,1.0,1.0,1.0,30,30,30,1,1,1,1.0,1.0,0.03333333333333333,0.03333333333333333,0.03333333333333333,0.01788079470198675,0.01788079470198675,0.0,0.9298013245033114,0.1,0.1,0.1,0.15
smap_A1_weekly_ledger_seed0,SMAP A-1,canonical,freeze,all_only,control,pc_t2,1.0,1.0,1.0,30,30,30,3,3,3,1.0,1.0,0.1,0.1,0.1,0.020115894039735096,0.020115894039735096,0.0,0.9240618101545254,0.1,0.1,0.1,0.15
smap_A1_weekly_ledger_seed0,SMAP A-1,canonical,freeze,all_only,control,res_energy,1.0,1.0,1.0,30,30,30,3,3,3,1.0,1.0,0.1,0.1,0.1,0.10532560706401767,0.10532560706401767,0.0,0.8881898454746137,0.1,0.1,0.1,0.15
smap_A1_weekly_ledger_seed0,SMAP A-1,canonical,freeze,all_only,control,stale,1.0,1.0,1.0,30,30,0,17,0,0,1.0,0.0,0.5666666666666667,0.0,0.0,0.49130794701986763,0.49130794701986763,0.0,1.0316777041942602,0.1,0.1,0.1,0.15
smap_A1_weekly_ledger_seed0,SMAP A-1,canonical,freeze,full,full,T2,1.0,1.0,1.0,30,30,30,5,5,5,1.0,1.0,0.16666666666666666,0.16666666666666666,0.16666666666666666,0.02673841059602649,0.026490066225165563,0.026923076923076925,1.0474613686534218,0.1,0.1,0.1,0.15
smap_A1_weekly_ledger_seed0,SMAP A-1,canonical,freeze,full,full,cusum_factor_cov_lrt,1.0,1.0,1.0,30,4,4,0,0,0,0.13333333333333333,0.13333333333333333,0.0,0.0,0.0,0.020695364238410598,0.020695364238410598,0.0,1.076158940397351,0.1,0.1,0.1,0.15
smap_A1_weekly_ledger_seed0,SMAP A-1,canonical,freeze,full,full,ewma_factor_cov_lrt,1.0,1.0,1.0,30,30,30,2,2,2,1.0,1.0,0.06666666666666667,0.06666666666666667,0.06666666666666667,0.04594370860927153,0.04552980132450331,0.017948717948717947,0.9541942604856514,0.1,0.1,0.1,0.15
smap_A1_weekly_ledger_seed0,SMAP A-1,canonical,freeze,full,full,factor_cov_change,1.0,1.0,1.0,30,30,30,3,3,3,1.0,1.0,0.1,0.1,0.1,0.06846026490066226,0.07041942604856512,0.029487179487179487,0.8967991169977926,0.1,0.1,0.1,0.15
smap_A1_weekly_ledger_seed0,SMAP A-1,canonical,freeze,full,full,factor_cov_delta,1.0,1.0,1.0,30,30,30,1,1,1,1.0,1.0,0.03333333333333333,0.03333333333333333,0.03333333333333333,0.020253863134657834,0.02066777041942604,0.021794871794871794,1.0704194260485653,0.1,0.1,0.1,0.15
smap_A1_weekly_ledger_seed0,SMAP A-1,canonical,freeze,full,full,factor_cov_lrt,1.0,1.0,1.0,30,30,30,10,10,10,1.0,1.0,0.3333333333333333,0.3333333333333333,0.3333333333333333,0.10929911699779248,0.111341059602649,0.08974358974358974,0.9584988962472408,0.1,0.1,0.1,0.15
smap_A1_weekly_ledger_seed0,SMAP A-1,canonical,freeze,full,full,factor_cov_lrt_delta,1.0,1.0,1.0,30,30,30,3,3,3,1.0,1.0,0.1,0.1,0.1,0.017853200883002206,0.017908388520971305,0.005128205128205128,0.9312362030905079,0.1,0.1,0.1,0.15
smap_A1_weekly_ledger_seed0,SMAP A-1,canonical,freeze,full,full,fused_fisher,1.0,1.0,1.0,30,30,30,3,3,3,1.0,1.0,0.1,0.1,0.1,0.05060706401766005,0.05005518763796911,0.05384615384615385,0.971412803532009,0.1,0.1,0.1,0.15
smap_A1_weekly_ledger_seed0,SMAP A-1,canonical,freeze,full,full,fused_fisher_lrt_delta,1.0,1.0,1.0,30,30,30,6,6,6,1.0,1.0,0.2,0.2,0.2,0.025855408388520972,0.025662251655629142,0.04871794871794872,1.005849889624724,0.1,0.1,0.1,0.15
smap_A1_weekly_ledger_seed0,SMAP A-1,canonical,freeze,full,full,fused_sp,1.0,1.0,1.0,30,30,30,5,5,5,1.0,1.0,0.16666666666666666,0.16666666666666666,0.16666666666666666,0.0416942604856512,0.04092163355408387,0.03589743589743591,0.9656732891832231,0.1,0.1,0.1,0.15
smap_A1_weekly_ledger_seed0,SMAP A-1,canonical,freeze,full,full,fused_sp_lrt_delta,1.0,1.0,1.0,30,30,30,3,3,3,1.0,1.0,0.1,0.1,0.1,0.018681015452538634,0.018736203090507726,0.005128205128205128,0.9312362030905079,0.1,0.1,0.1,0.15
smap_A1_weekly_ledger_seed0,SMAP A-1,canonical,freeze,full,full,max_abs,1.0,1.0,1.0,30,30,30,4,4,4,1.0,1.0,0.13333333333333333,0.13333333333333333,0.13333333333333333,0.03824503311258278,0.038079470198675504,0.1217948717948718,1.057505518763797,0.1,0.1,0.1,0.15
smap_A1_weekly_ledger_seed0,SMAP A-1,canonical,freeze,full,full,pc_t2,1.0,1.0,1.0,30,30,30,3,3,3,1.0,1.0,0.1,0.1,0.1,0.022654525386313466,0.022378587196467993,0.03461538461538462,0.9642384105960268,0.1,0.1,0.1,0.15
smap_A1_weekly_ledger_seed0,SMAP A-1,canonical,freeze,full,full,res_energy,1.0,1.0,1.0,30,30,30,6,6,6,1.0,1.0,0.2,0.2,0.2,0.03184326710816777,0.03178807947019867,0.05256410256410257,0.974282560706402,0.1,0.1,0.1,0.15
smap_A1_weekly_ledger_seed0,SMAP A-1,canonical,freeze,full,full,stale,1.0,1.0,1.0,30,30,0,17,0,0,1.0,0.0,0.5666666666666667,0.0,0.0,0.49130794701986763,0.49130794701986763,0.0,1.0316777041942602,0.1,0.1,0.1,0.15
smap_A1_weekly_ledger_seed0,SMAP A-1,canonical,freeze,score_only,attacked,T2,1.0,1.0,1.0,30,30,30,1,1,1,1.0,1.0,0.03333333333333333,0.03333333333333333,0.03333333333333333,0.027511037527593818,0.02784216335540839,0.04102564102564102,0.9828918322295807,0.1,0.1,0.1,0.15
smap_A1_weekly_ledger_seed0,SMAP A-1,canonical,freeze,score_only,attacked,coh_resid_energy,1.0,1.0,1.0,30,30,30,10,10,10,1.0,1.0,0.3333333333333333,0.3333333333333333,0.3333333333333333,0.019481236203090505,0.019094922737306844,0.048717948717948725,0.9140176600441502,0.1,0.1,0.1,0.15
smap_A1_weekly_ledger_seed0,SMAP A-1,canonical,freeze,score_only,attacked,coh_resid_t2,1.0,1.0,1.0,30,30,30,8,8,8,1.0,1.0,0.26666666666666666,0.26666666666666666,0.26666666666666666,0.021937086092715236,0.02160596026490066,0.02820512820512821,0.9986754966887418,0.1,0.1,0.1,0.15
smap_A1_weekly_ledger_seed0,SMAP A-1,canonical,freeze,score_only,attacked,cusum_coh_resid_t2,1.0,1.0,1.0,30,12,12,6,6,9,0.4,0.4,0.5,0.5,0.3,0.02207505518763797,0.021868101545253867,0.1955128205128205,0.9649558498896248,0.1,0.1,0.1,0.15
smap_A1_weekly_ledger_seed0,SMAP A-1,canonical,freeze,score_only,attacked,cusum_factor_cov_lrt,1.0,1.0,1.0,30,0,0,0,0,0,0.0,0.0,nan,nan,0.0,nan,nan,nan,nan,0.1,0.1,0.1,0.15
smap_A1_weekly_ledger_seed0,SMAP A-1,canonical,freeze,score_only,attacked,ewma_coh_resid_t2,1.0,1.0,1.0,30,19,19,4,4,9,0.6333333333333333,0.6333333333333333,0.21052631578947367,0.21052631578947367,0.3,0.09175670965493203,0.09071104914604392,0.032388663967611336,0.8495991634715928,0.1,0.1,0.1,0.15
smap_A1_weekly_ledger_seed0,SMAP A-1,canonical,freeze,score_only,attacked,ewma_factor_cov_lrt,1.0,1.0,1.0,30,30,30,6,6,6,1.0,1.0,0.2,0.2,0.2,0.07146799116997792,0.07022626931567327,0.514102564102564,0.995805739514349,0.1,0.1,0.1,0.15
smap_A1_weekly_ledger_seed0,SMAP A-1,canonical,freeze,score_only,attacked,factor_cov_change,1.0,1.0,1.0,30,30,30,3,3,3,1.0,1.0,0.1,0.1,0.1,0.055849889624724064,0.05662251655629139,0.06410256410256412,0.9800220750551879,0.1,0.1,0.1,0.15
smap_A1_weekly_ledger_seed0,SMAP A-1,canonical,freeze,score_only,attacked,factor_cov_delta,1.0,1.0,1.0,30,30,30,2,2,2,1.0,1.0,0.06666666666666667,0.06666666666666667,0.06666666666666667,0.018653421633554088,0.019012141280353206,0.017948717948717947,0.9871964679911701,0.1,0.1,0.1,0.15
smap_A1_weekly_ledger_seed0,SMAP A-1,canonical,freeze,score_only,attacked,factor_cov_lrt,1.0,1.0,1.0,30,30,30,7,7,7,1.0,1.0,0.23333333333333334,0.23333333333333334,0.23333333333333334,0.0975717439293598,0.09754415011037526,0.1076923076923077,0.968543046357616,0.1,0.1,0.1,0.15
smap_A1_weekly_ledger_seed0,SMAP A-1,canonical,freeze,score_only,attacked,factor_cov_lrt_delta,1.0,1.0,1.0,30,30,30,0,0,0,1.0,1.0,0.0,0.0,0.0,0.021054083885209716,0.021495584988962476,0.021794871794871794,1.024503311258278,0.1,0.1,0.1,0.15
smap_A1_weekly_ledger_seed0,SMAP A-1,canonical,freeze,score_only,attacked,fused_fisher,1.0,1.0,1.0,30,20,20,0,0,1,0.6666666666666666,0.6666666666666666,0.0,0.0,0.03333333333333333,0.02566225165562914,0.025951986754966887,0.0,0.8630794701986757,0.1,0.1,0.1,0.15
smap_A1_weekly_ledger_seed0,SMAP A-1,canonical,freeze,score_only,attacked,fused_fisher_lrt_delta,1.0,1.0,1.0,30,30,30,1,1,1,1.0,1.0,0.03333333333333333,0.03333333333333333,0.03333333333333333,0.018625827814569538,0.01892935982339956,0.02179487179487179,0.9355408388520972,0.1,0.1,0.1,0.15
smap_A1_weekly_ledger_seed0,SMAP A-1,canonical,freeze,score_only,attacked,fused_sp,1.0,1.0,1.0,30,30,30,1,1,1,1.0,1.0,0.03333333333333333,0.03333333333333333,0.03333333333333333,0.04191501103752759,0.04158388520971301,0.014102564102564101,0.9025386313465784,0.1,0.1,0.1,0.15
smap_A1_weekly_ledger_seed0,SMAP A-1,canonical,freeze,score_only,attacked,fused_sp_lrt_delta,1.0,1.0,1.0,30,30,30,0,0,0,1.0,1.0,0.0,0.0,0.0,0.01948123620309051,0.020253863134657834,0.02307692307692308,1.0288079470198674,0.1,0.1,0.1,0.15
smap_A1_weekly_ledger_seed0,SMAP A-1,canonical,freeze,score_only,attacked,max_abs,1.0,1.0,1.0,30,30,30,3,3,3,1.0,1.0,0.1,0.1,0.1,0.03984547461368653,0.03998344370860927,0.18076923076923074,1.057505518763797,0.1,0.1,0.1,0.15
smap_A1_weekly_ledger_seed0,SMAP A-1,canonical,freeze,score_only,attacked,pc_t2,1.0,1.0,1.0,30,30,30,2,2,2,1.0,1.0,0.06666666666666667,0.06666666666666667,0.06666666666666667,0.026655629139072854,0.027179911699779253,0.06923076923076923,0.9785871964679913,0.1,0.1,0.1,0.15
smap_A1_weekly_ledger_seed0,SMAP A-1,canonical,freeze,score_only,attacked,res_energy,1.0,1.0,1.0,30,30,30,1,1,1,1.0,1.0,0.03333333333333333,0.03333333333333333,0.03333333333333333,0.02682119205298013,0.027262693156732895,0.028205128205128206,0.9814569536423844,0.1,0.1,0.1,0.15
smap_A1_weekly_ledger_seed0,SMAP A-1,canonical,freeze,score_only,attacked,stale,1.0,1.0,1.0,30,30,0,17,0,0,1.0,0.0,0.5666666666666667,0.0,0.0,0.448896247240618,0.44828918322295797,0.012820512820512822,0.949889624724062,0.1,0.1,0.1,0.15
smap_D15_weekly_ledger_seed0,SMAP D-15,canonical,corr_mix,all_only,control,T2,1.0,1.0,1.0,30,30,30,0,0,0,1.0,1.0,0.0,0.0,0.0,0.019621749408983456,0.019621749408983456,0.0,0.8543735224586289,0.1,0.1,0.1,0.15
smap_D15_weekly_ledger_seed0,SMAP D-15,canonical,corr_mix,all_only,control,cusum_factor_cov_lrt,1.0,1.0,1.0,30,6,6,2,0,0,0.2,0.2,0.3333333333333333,0.0,0.0,0.020094562647754135,0.020094562647754135,0.0,1.0449172576832153,0.1,0.1,0.1,0.15
smap_D15_weekly_ledger_seed0,SMAP D-15,canonical,corr_mix,all_only,control,ewma_factor_cov_lrt,1.0,1.0,1.0,30,0,0,0,0,0,0.0,0.0,nan,nan,0.0,nan,nan,nan,nan,0.1,0.1,0.1,0.15
smap_D15_weekly_ledger_seed0,SMAP D-15,canonical,corr_mix,all_only,control,factor_cov_change,1.0,1.0,1.0,30,30,30,7,1,1,1.0,1.0,0.23333333333333334,0.03333333333333333,0.03333333333333333,0.11430260047281322,0.11430260047281322,0.0,1.038770685579196,0.1,0.1,0.1,0.15
smap_D15_weekly_ledger_seed0,SMAP D-15,canonical,corr_mix,all_only,control,factor_cov_delta,1.0,1.0,1.0,30,30,30,0,0,0,1.0,1.0,0.0,0.0,0.0,0.019621749408983456,0.019621749408983456,0.0,0.8543735224586289,0.1,0.1,0.1,0.15
smap_D15_weekly_ledger_seed0,SMAP D-15,canonical,corr_mix,all_only,control,factor_cov_lrt,1.0,1.0,1.0,30,30,5,9,1,1,1.0,0.16666666666666666,0.3,0.03333333333333333,0.03333333333333333,0.1780141843971631,0.1780141843971631,0.0,1.0633569739952717,0.1,0.1,0.1,0.15
smap_D15_weekly_ledger_seed0,SMAP D-15,canonical,corr_mix,all_only,control,factor_cov_lrt_delta,1.0,1.0,1.0,30,21,21,0,0,1,0.7,0.7,0.0,0.0,0.03333333333333333,0.014184397163120569,0.014184397163120569,0.0,0.7375886524822695,0.1,0.1,0.1,0.15
smap_D15_weekly_ledger_seed0,SMAP D-15,canonical,corr_mix,all_only,control,fused_fisher,1.0,1.0,1.0,30,26,26,4,4,4,0.8666666666666667,0.8666666666666667,0.15384615384615385,0.15384615384615385,0.13333333333333333,0.09192580469176215,0.09192580469176215,0.0,0.7375886524822695,0.1,0.1,0.1,0.15
smap_D15_weekly_ledger_seed0,SMAP D-15,canonical,corr_mix,all_only,control,fused_fisher_lrt_delta,1.0,1.0,1.0,30,30,30,3,3,3,1.0,1.0,0.1,0.1,0.1,0.01950354609929078,0.01950354609929078,0.0,1.0141843971631206,0.1,0.1,0.1,0.15
smap_D15_weekly_ledger_seed0,SMAP D-15,canonical,corr_mix,all_only,control,fused_sp,1.0,1.0,1.0,30,30,30,2,2,2,1.0,1.0,0.06666666666666667,0.06666666666666667,0.06666666666666667,0.04539007092198581,0.04539007092198581,0.0,0.8666666666666667,0.1,0.1,0.1,0.15
smap_D15_weekly_ledger_seed0,SMAP D-15,canonical,corr_mix,all_only,control,fused_sp_lrt_delta,1.0,1.0,1.0,30,21,21,0,0,1,0.7,0.7,0.0,0.0,0.03333333333333333,0.014184397163120569,0.014184397163120569,0.0,0.7375886524822695,0.1,0.1,0.1,0.15
smap_D15_weekly_ledger_seed0,SMAP D-15,canonical,corr_mix,all_only,control,max_abs,1.0,1.0,1.0,30,0,0,0,0,0,0.0,0.0,nan,nan,0.0,nan,nan,nan,nan,0.1,0.1,0.1,0.15
smap_D15_weekly_ledger_seed0,SMAP D-15,canonical,corr_mix,all_only,control,pc_t2,1.0,1.0,1.0,30,30,30,0,0,0,1.0,1.0,0.0,0.0,0.0,0.019621749408983456,0.019621749408983456,0.0,0.8543735224586289,0.1,0.1,0.1,0.15
smap_D15_weekly_ledger_seed0,SMAP D-15,canonical,corr_mix,all_only,control,res_energy,1.0,1.0,1.0,30,30,30,2,2,2,1.0,1.0,0.06666666666666667,0.06666666666666667,0.06666666666666667,0.10070921985815601,0.10070921985815601,0.0,0.8851063829787235,0.1,0.1,0.1,0.15
smap_D15_weekly_ledger_seed0,SMAP D-15,canonical,corr_mix,all_only,control,stale,1.0,1.0,1.0,30,30,0,18,0,0,1.0,0.0,0.6,0.0,0.0,0.4839243498817967,0.4839243498817967,0.0,1.094089834515366,0.1,0.1,0.1,0.15
smap_D15_weekly_ledger_seed0,SMAP D-15,canonical,corr_mix,full,full,T2,1.0,1.0,1.0,30,22,22,20,20,26,0.7333333333333333,0.7333333333333333,0.9090909090909091,0.9090909090909091,0.8666666666666667,0.024822695035460987,0.020309477756286266,0.059440559440559454,0.6202450032237263,0.1,0.1,0.1,0.15
smap_D15_weekly_ledger_seed0,SMAP D-15,canonical,corr_mix,full,full,cusum_factor_cov_lrt,1.0,1.0,1.0,30,14,14,2,1,1,0.4666666666666667,0.4666666666666667,0.14285714285714285,0.07142857142857142,0.03333333333333333,0.022796352583586626,0.022796352583586626,0.052197802197802186,1.0536980749746707,0.1,0.1,0.1,0.15
smap_D15_weekly_ledger_seed0,SMAP D-15,canonical,corr_mix,full,full,ewma_factor_cov_lrt,1.0,1.0,1.0,30,0,0,0,0,3,0.0,0.0,nan,nan,0.1,nan,nan,nan,nan,0.1,0.1,0.1,0.15
smap_D15_weekly_ledger_seed0,SMAP D-15,canonical,corr_mix,full,full,factor_cov_change,1.0,1.0,1.0,30,18,18,3,0,0,0.6,0.6,0.16666666666666666,0.0,0.0,0.052009456264775406,0.05555555555555555,0.05341880341880342,1.106382978723404,0.1,0.1,0.1,0.15
smap_D15_weekly_ledger_seed0,SMAP D-15,canonical,corr_mix,full,full,factor_cov_delta,1.0,1.0,1.0,30,30,30,0,0,0,1.0,1.0,0.0,0.0,0.0,0.0351063829787234,0.03581560283687943,0.02564102564102564,1.0264775413711582,0.1,0.1,0.1,0.15
smap_D15_weekly_ledger_seed0,SMAP D-15,canonical,corr_mix,full,full,factor_cov_lrt,1.0,1.0,1.0,30,21,21,0,0,0,0.7,0.7,0.0,0.0,0.0,0.017561634582911184,0.01975683890577508,0.003663003663003663,0.7727119216480919,0.1,0.1,0.1,0.15
smap_D15_weekly_ledger_seed0,SMAP D-15,canonical,corr_mix,full,full,factor_cov_lrt_delta,1.0,1.0,1.0,30,30,30,1,1,1,1.0,1.0,0.03333333333333333,0.03333333333333333,0.03333333333333333,0.016193853427895987,0.01643026004728133,0.012820512820512824,0.8543735224586289,0.1,0.1,0.1,0.15
smap_D15_weekly_ledger_seed0,SMAP D-15,canonical,corr_mix,full,full,fused_fisher,1.0,1.0,1.0,30,30,30,4,4,4,1.0,1.0,0.13333333333333333,0.13333333333333333,0.13333333333333333,0.01643026004728133,0.015957446808510644,0.008974358974358975,0.8297872340425533,0.1,0.1,0.1,0.15
smap_D15_weekly_ledger_seed0,SMAP D-15,canonical,corr_mix,full,full,fused_fisher_lrt_delta,1.0,1.0,1.0,30,30,30,9,9,9,1.0,1.0,0.3,0.3,0.3,0.016548463356974002,0.015011820330969271,0.04102564102564103,0.7806146572104019,0.1,0.1,0.1,0.15
smap_D15_weekly_ledger_seed0,SMAP D-15,canonical,corr_mix,full,full,fused_sp,1.0,1.0,1.0,30,30,30,13,13,13,1.0,1.0,0.43333333333333335,0.43333333333333335,0.43333333333333335,0.02316784869976359,0.02021276595744681,0.06794871794871796,0.7683215130023641,0.1,0.1,0.1,0.15
smap_D15_weekly_ledger_seed0,SMAP D-15,canonical,corr_mix,full,full,fused_sp_lrt_delta,1.0,1.0,1.0,30,24,24,0,0,0,0.8,0.8,0.0,0.0,0.0,0.014184397163120567,0.014036643026004728,0.0,0.7299054373522457,0.1,0.1,0.1,0.15
smap_D15_weekly_ledger_seed0,SMAP D-15,canonical,corr_mix,full,full,max_abs,1.0,1.0,1.0,30,30,30,5,4,4,1.0,1.0,0.16666666666666666,0.13333333333333333,0.13333333333333333,0.03333333333333334,0.035579196217494086,0.01153846153846154,1.0695035460992908,0.1,0.1,0.1,0.15
smap_D15_weekly_ledger_seed0,SMAP D-15,canonical,corr_mix,full,full,pc_t2,1.0,1.0,1.0,30,30,30,1,1,1,1.0,1.0,0.03333333333333333,0.03333333333333333,0.03333333333333333,0.019621749408983456,0.018794326241134755,0.006410256410256411,0.8236406619385342,0.1,0.1,0.1,0.15
smap_D15_weekly_ledger_seed0,SMAP D-15,canonical,corr_mix,full,full,res_energy,1.0,1.0,1.0,30,30,30,13,13,13,1.0,1.0,0.43333333333333335,0.43333333333333335,0.43333333333333335,0.02316784869976359,0.02021276595744681,0.06794871794871796,0.7683215130023641,0.1,0.1,0.1,0.15
smap_D15_weekly_ledger_seed0,SMAP D-15,canonical,corr_mix,full,full,stale,1.0,1.0,1.0,30,30,0,18,0,0,1.0,0.0,0.6,0.0,0.0,0.4839243498817967,0.4839243498817967,0.0,1.094089834515366,0.1,0.1,0.1,0.15
smap_D15_weekly_ledger_seed0,SMAP D-15,canonical,corr_mix,score_only,attacked,T2,1.0,1.0,1.0,30,22,22,16,16,24,0.7333333333333333,0.7333333333333333,0.7272727272727273,0.7272727272727273,0.8,0.01418439716312057,0.01128304319793681,0.05769230769230771,0.5867182462927142,0.1,0.1,0.1,0.15
smap_D15_weekly_ledger_seed0,SMAP D-15,canonical,corr_mix,score_only,attacked,coh_resid_energy,1.0,1.0,1.0,30,22,22,6,0,0,0.7333333333333333,0.7333333333333333,0.2727272727272727,0.0,0.0,0.021276595744680844,0.021760154738878133,0.015734265734265732,1.131528046421663,0.1,0.1,0.1,0.15
smap_D15_weekly_ledger_seed0,SMAP D-15,canonical,corr_mix,score_only,attacked,coh_resid_t2,1.0,1.0,1.0,30,22,22,16,16,24,0.7333333333333333,0.7333333333333333,0.7272727272727273,0.7272727272727273,0.8,0.01418439716312057,0.011121856866537714,0.05944055944055944,0.5783365570599611,0.1,0.1,0.1,0.15
smap_D15_weekly_ledger_seed0,SMAP D-15,canonical,corr_mix,score_only,attacked,cusum_coh_resid_t2,1.0,1.0,1.0,30,17,17,15,8,9,0.5666666666666667,0.5666666666666667,0.8823529411764706,0.47058823529411764,0.3,0.020442219440967878,0.019190654985398417,0.8710407239819005,0.9328327075511056,0.1,0.1,0.1,0.15
smap_D15_weekly_ledger_seed0,SMAP D-15,canonical,corr_mix,score_only,attacked,cusum_factor_cov_lrt,1.0,1.0,1.0,30,18,18,1,0,1,0.6,0.6,0.05555555555555555,0.0,0.03333333333333333,0.017336485421591802,0.018912529550827423,0.05769230769230768,0.8707643814026792,0.1,0.1,0.1,0.15
smap_D15_weekly_ledger_seed0,SMAP D-15,canonical,corr_mix,score_only,attacked,ewma_coh_resid_t2,1.0,1.0,1.0,30,22,22,18,18,26,0.7333333333333333,0.7333333333333333,0.8181818181818182,0.8181818181818182,0.8666666666666667,0.024822695035460987,0.015473887814313353,0.1398601398601399,0.46937459703417145,0.1,0.1,0.1,0.15
smap_D15_weekly_ledger_seed0,SMAP D-15,canonical,corr_mix,score_only,attacked,ewma_factor_cov_lrt,1.0,1.0,1.0,30,30,30,2,1,1,1.0,1.0,0.06666666666666667,0.03333333333333333,0.03333333333333333,0.0355791962174941,0.039834515366430255,0.05384615384615385,1.044917257683215,0.1,0.1,0.1,0.15
smap_D15_weekly_ledger_seed0,SMAP D-15,canonical,corr_mix,score_only,attacked,factor_cov_change,1.0,1.0,1.0,30,30,30,1,0,0,1.0,1.0,0.03333333333333333,0.0,0.0,0.1062647754137116,0.10035460992907803,0.08076923076923076,1.0264775413711582,0.1,0.1,0.1,0.15
smap_D15_weekly_ledger_seed0,SMAP D-15,canonical,corr_mix,score_only,attacked,factor_cov_delta,1.0,1.0,1.0,30,30,30,5,5,5,1.0,1.0,0.16666666666666666,0.16666666666666666,0.16666666666666666,0.022340425531914895,0.02293144208037825,0.015384615384615385,1.0141843971631204,0.1,0.1,0.1,0.15
smap_D15_weekly_ledger_seed0,SMAP D-15,canonical,corr_mix,score_only,attacked,factor_cov_lrt,1.0,1.0,1.0,30,20,20,0,0,0,0.6666666666666666,0.6666666666666666,0.0,0.0,0.0,0.017553191489361707,0.01968085106382979,0.0038461538461538464,0.7652482269503547,0.1,0.1,0.1,0.15
smap_D15_weekly_ledger_seed0,SMAP D-15,canonical,corr_mix,score_only,attacked,factor_cov_lrt_delta,1.0,1.0,1.0,30,30,30,1,1,1,1.0,1.0,0.03333333333333333,0.03333333333333333,0.03333333333333333,0.019621749408983456,0.0198581560283688,0.012820512820512822,1.0203309692671394,0.1,0.1,0.1,0.15
smap_D15_weekly_ledger_seed0,SMAP D-15,canonical,corr_mix,score_only,attacked,fused_fisher,1.0,1.0,1.0,30,22,22,0,0,4,0.7333333333333333,0.7333333333333333,0.0,0.0,0.13333333333333333,0.01418439716312057,0.012733720180528691,0.01223776223776224,0.6621534493874918,0.1,0.1,0.1,0.15
smap_D15_weekly_ledger_seed0,SMAP D-15,canonical,corr_mix,score_only,attacked,fused_fisher_lrt_delta,1.0,1.0,1.0,30,21,21,5,5,8,0.7,0.7,0.23809523809523808,0.23809523809523808,0.26666666666666666,0.014184397163120569,0.011313745356298546,0.02564102564102564,0.5883147585275244,0.1,0.1,0.1,0.15
smap_D15_weekly_ledger_seed0,SMAP D-15,canonical,corr_mix,score_only,attacked,fused_sp,1.0,1.0,1.0,30,30,30,12,5,5,1.0,1.0,0.4,0.16666666666666666,0.16666666666666666,0.03321513002364067,0.02978723404255319,0.19230769230769232,0.8359338061465722,0.1,0.1,0.1,0.15
smap_D15_weekly_ledger_seed0,SMAP D-15,canonical,corr_mix,score_only,attacked,fused_sp_lrt_delta,1.0,1.0,1.0,30,30,30,3,3,3,1.0,1.0,0.1,0.1,0.1,0.019621749408983456,0.019030732860520098,0.012820512820512822,0.9895981087470448,0.1,0.1,0.1,0.15
smap_D15_weekly_ledger_seed0,SMAP D-15,canonical,corr_mix,score_only,attacked,max_abs,1.0,1.0,1.0,30,30,30,5,4,4,1.0,1.0,0.16666666666666666,0.13333333333333333,0.13333333333333333,0.03333333333333334,0.035579196217494086,0.01153846153846154,1.0695035460992908,0.1,0.1,0.1,0.15
smap_D15_weekly_ledger_seed0,SMAP D-15,canonical,corr_mix,score_only,attacked,pc_t2,1.0,1.0,1.0,30,22,22,0,0,1,0.7333333333333333,0.7333333333333333,0.0,0.0,0.03333333333333333,0.01418439716312057,0.01418439716312057,0.0,0.7375886524822696,0.1,0.1,0.1,0.15
smap_D15_weekly_ledger_seed0,SMAP D-15,canonical,corr_mix,score_only,attacked,res_energy,1.0,1.0,1.0,30,30,30,13,13,13,1.0,1.0,0.43333333333333335,0.43333333333333335,0.43333333333333335,0.022222222222222223,0.01820330969267139,0.27435897435897433,0.7252955082742315,0.1,0.1,0.1,0.15
smap_D15_weekly_ledger_seed0,SMAP D-15,canonical,corr_mix,score_only,attacked,stale,1.0,1.0,1.0,30,1,0,1,0,0,0.03333333333333333,0.0,1.0,0.0,0.0,0.5035460992907801,0.5035460992907801,0.0,1.1063829787234043,0.1,0.1,0.1,0.15
smap_D15_weekly_ledger_seed0,SMAP D-15,canonical,freeze,all_only,control,T2,1.0,1.0,1.0,30,30,30,0,0,0,1.0,1.0,0.0,0.0,0.0,0.019621749408983456,0.019621749408983456,0.0,0.8543735224586289,0.1,0.1,0.1,0.15
smap_D15_weekly_ledger_seed0,SMAP D-15,canonical,freeze,all_only,control,cusum_factor_cov_lrt,1.0,1.0,1.0,30,6,6,2,0,0,0.2,0.2,0.3333333333333333,0.0,0.0,0.020094562647754135,0.020094562647754135,0.0,1.0449172576832153,0.1,0.1,0.1,0.15
smap_D15_weekly_ledger_seed0,SMAP D-15,canonical,freeze,all_only,control,ewma_factor_cov_lrt,1.0,1.0,1.0,30,0,0,0,0,0,0.0,0.0,nan,nan,0.0,nan,nan,nan,nan,0.1,0.1,0.1,0.15
smap_D15_weekly_ledger_seed0,SMAP D-15,canonical,freeze,all_only,control,factor_cov_change,1.0,1.0,1.0,30,30,30,7,1,1,1.0,1.0,0.23333333333333334,0.03333333333333333,0.03333333333333333,0.11430260047281322,0.11430260047281322,0.0,1.038770685579196,0.1,0.1,0.1,0.15
smap_D15_weekly_ledger_seed0,SMAP D-15,canonical,freeze,all_only,control,factor_cov_delta,1.0,1.0,1.0,30,30,30,0,0,0,1.0,1.0,0.0,0.0,0.0,0.019621749408983456,0.019621749408983456,0.0,0.8543735224586289,0.1,0.1,0.1,0.15
smap_D15_weekly_ledger_seed0,SMAP D-15,canonical,freeze,all_only,control,factor_cov_lrt,1.0,1.0,1.0,30,30,5,9,1,1,1.0,0.16666666666666666,0.3,0.03333333333333333,0.03333333333333333,0.1780141843971631,0.1780141843971631,0.0,1.0633569739952717,0.1,0.1,0.1,0.15
smap_D15_weekly_ledger_seed0,SMAP D-15,canonical,freeze,all_only,control,factor_cov_lrt_delta,1.0,1.0,1.0,30,21,21,0,0,1,0.7,0.7,0.0,0.0,0.03333333333333333,0.014184397163120569,0.014184397163120569,0.0,0.7375886524822695,0.1,0.1,0.1,0.15
smap_D15_weekly_ledger_seed0,SMAP D-15,canonical,freeze,all_only,control,fused_fisher,1.0,1.0,1.0,30,26,26,4,4,4,0.8666666666666667,0.8666666666666667,0.15384615384615385,0.15384615384615385,0.13333333333333333,0.09192580469176215,0.09192580469176215,0.0,0.7375886524822695,0.1,0.1,0.1,0.15
smap_D15_weekly_ledger_seed0,SMAP D-15,canonical,freeze,all_only,control,fused_fisher_lrt_delta,1.0,1.0,1.0,30,30,30,3,3,3,1.0,1.0,0.1,0.1,0.1,0.01950354609929078,0.01950354609929078,0.0,1.0141843971631206,0.1,0.1,0.1,0.15
smap_D15_weekly_ledger_seed0,SMAP D-15,canonical,freeze,all_only,control,fused_sp,1.0,1.0,1.0,30,30,30,2,2,2,1.0,1.0,0.06666666666666667,0.06666666666666667,0.06666666666666667,0.04539007092198581,0.04539007092198581,0.0,0.8666666666666667,0.1,0.1,0.1,0.15
smap_D15_weekly_ledger_seed0,SMAP D-15,canonical,freeze,all_only,control,fused_sp_lrt_delta,1.0,1.0,1.0,30,21,21,0,0,1,0.7,0.7,0.0,0.0,0.03333333333333333,0.014184397163120569,0.014184397163120569,0.0,0.7375886524822695,0.1,0.1,0.1,0.15
smap_D15_weekly_ledger_seed0,SMAP D-15,canonical,freeze,all_only,control,max_abs,1.0,1.0,1.0,30,0,0,0,0,0,0.0,0.0,nan,nan,0.0,nan,nan,nan,nan,0.1,0.1,0.1,0.15
smap_D15_weekly_ledger_seed0,SMAP D-15,canonical,freeze,all_only,control,pc_t2,1.0,1.0,1.0,30,30,30,0,0,0,1.0,1.0,0.0,0.0,0.0,0.019621749408983456,0.019621749408983456,0.0,0.8543735224586289,0.1,0.1,0.1,0.15
smap_D15_weekly_ledger_seed0,SMAP D-15,canonical,freeze,all_only,control,res_energy,1.0,1.0,1.0,30,30,30,2,2,2,1.0,1.0,0.06666666666666667,0.06666666666666667,0.06666666666666667,0.10070921985815601,0.10070921985815601,0.0,0.8851063829787235,0.1,0.1,0.1,0.15
smap_D15_weekly_ledger_seed0,SMAP D-15,canonical,freeze,all_only,control,stale,1.0,1.0,1.0,30,30,0,18,0,0,1.0,0.0,0.6,0.0,0.0,0.4839243498817967,0.4839243498817967,0.0,1.094089834515366,0.1,0.1,0.1,0.15
smap_D15_weekly_ledger_seed0,SMAP D-15,canonical,freeze,full,full,T2,1.0,1.0,1.0,30,22,22,0,0,1,0.7333333333333333,0.7333333333333333,0.0,0.0,0.03333333333333333,0.024822695035460987,0.024661508704061894,0.0,0.7711154094132818,0.1,0.1,0.1,0.15
smap_D15_weekly_ledger_seed0,SMAP D-15,canonical,freeze,full,full,cusum_factor_cov_lrt,1.0,1.0,1.0,30,14,14,9,2,2,0.4666666666666667,0.4666666666666667,0.6428571428571429,0.14285714285714285,0.06666666666666667,0.022796352583586626,0.02304964539007092,0.060439560439560426,1.0668693009118542,0.1,0.1,0.1,0.15
smap_D15_weekly_ledger_seed0,SMAP D-15,canonical,freeze,full,full,ewma_factor_cov_lrt,1.0,1.0,1.0,30,0,0,0,0,4,0.0,0.0,nan,nan,0.13333333333333333,nan,nan,nan,nan,0.1,0.1,0.1,0.15
smap_D15_weekly_ledger_seed0,SMAP D-15,canonical,freeze,full,full,factor_cov_change,1.0,1.0,1.0,30,18,18,1,0,0,0.6,0.6,0.05555555555555555,0.0,0.0,0.052009456264775406,0.05299448384554768,0.08760683760683761,1.1166272655634357,0.1,0.1,0.1,0.15
smap_D15_weekly_ledger_seed0,SMAP D-15,canonical,freeze,full,full,factor_cov_delta,1.0,1.0,1.0,30,30,30,0,0,0,1.0,1.0,0.0,0.0,0.0,0.0351063829787234,0.04137115839243499,0.04230769230769232,1.100236406619385,0.1,0.1,0.1,0.15
smap_D15_weekly_ledger_seed0,SMAP D-15,canonical,freeze,full,full,factor_cov_lrt,1.0,1.0,1.0,30,21,21,10,10,17,0.7,0.7,0.47619047619047616,0.47619047619047616,0.5666666666666667,0.017561634582911184,0.017055048969942588,0.06043956043956043,0.6585612968591692,0.1,0.1,0.1,0.15
smap_D15_weekly_ledger_seed0,SMAP D-15,canonical,freeze,full,full,factor_cov_lrt_delta,1.0,1.0,1.0,30,30,30,2,2,2,1.0,1.0,0.06666666666666667,0.06666666666666667,0.06666666666666667,0.016193853427895987,0.017139479905437356,0.029487179487179483,0.8912529550827425,0.1,0.1,0.1,0.15
smap_D15_weekly_ledger_seed0,SMAP D-15,canonical,freeze,full,full,fused_fisher,1.0,1.0,1.0,30,30,30,1,1,1,1.0,1.0,0.03333333333333333,0.03333333333333333,0.03333333333333333,0.01643026004728133,0.017257683215130028,0.01282051282051282,0.8973995271867614,0.1,0.1,0.1,0.15
smap_D15_weekly_ledger_seed0,SMAP D-15,canonical,freeze,full,full,fused_fisher_lrt_delta,1.0,1.0,1.0,30,30,30,1,1,1,1.0,1.0,0.03333333333333333,0.03333333333333333,0.03333333333333333,0.016548463356974002,0.01666666666666667,0.02179487179487179,0.8666666666666668,0.1,0.1,0.1,0.15
smap_D15_weekly_ledger_seed0,SMAP D-15,canonical,freeze,full,full,fused_sp,1.0,1.0,1.0,30,30,30,1,1,1,1.0,1.0,0.03333333333333333,0.03333333333333333,0.03333333333333333,0.02316784869976359,0.02316784869976359,0.025641025641025644,0.8851063829787235,0.1,0.1,0.1,0.15
smap_D15_weekly_ledger_seed0,SMAP D-15,canonical,freeze,full,full,fused_sp_lrt_delta,1.0,1.0,1.0,30,24,24,0,0,0,0.8,0.8,0.0,0.0,0.0,0.014184397163120567,0.013002364066193853,0.008012820512820514,0.6761229314420802,0.1,0.1,0.1,0.15
smap_D15_weekly_ledger_seed0,SMAP D-15,canonical,freeze,full,full,max_abs,1.0,1.0,1.0,30,30,30,1,0,0,1.0,1.0,0.03333333333333333,0.0,0.0,0.03333333333333334,0.034751773049645385,0.02179487179487179,1.0879432624113474,0.1,0.1,0.1,0.15
smap_D15_weekly_ledger_seed0,SMAP D-15,canonical,freeze,full,full,pc_t2,1.0,1.0,1.0,30,30,30,0,0,0,1.0,1.0,0.0,0.0,0.0,0.019621749408983456,0.02021276595744681,0.017948717948717947,0.8973995271867614,0.1,0.1,0.1,0.15
smap_D15_weekly_ledger_seed0,SMAP D-15,canonical,freeze,full,full,res_energy,1.0,1.0,1.0,30,30,30,1,1,1,1.0,1.0,0.03333333333333333,0.03333333333333333,0.03333333333333333,0.02316784869976359,0.023640661938534275,0.025641025641025644,0.8851063829787235,0.1,0.1,0.1,0.15
smap_D15_weekly_ledger_seed0,SMAP D-15,canonical,freeze,full,full,stale,1.0,1.0,1.0,30,30,0,18,0,0,1.0,0.0,0.6,0.0,0.0,0.4839243498817967,0.4839243498817967,0.0,1.094089834515366,0.1,0.1,0.1,0.15
smap_D15_weekly_ledger_seed0,SMAP D-15,canonical,freeze,score_only,attacked,T2,1.0,1.0,1.0,30,22,22,0,0,0,0.7333333333333333,0.7333333333333333,0.0,0.0,0.0,0.01418439716312057,0.014345583494519669,0.0,0.7459703417150224,0.1,0.1,0.1,0.15
smap_D15_weekly_ledger_seed0,SMAP D-15,canonical,freeze,score_only,attacked,coh_resid_energy,1.0,1.0,1.0,30,22,22,0,0,0,0.7333333333333333,0.7333333333333333,0.0,0.0,0.0,0.021276595744680844,0.022404900064474525,0.0402097902097902,1.1482914248871692,0.1,0.1,0.1,0.15
smap_D15_weekly_ledger_seed0,SMAP D-15,canonical,freeze,score_only,attacked,coh_resid_t2,1.0,1.0,1.0,30,22,22,0,0,0,0.7333333333333333,0.7333333333333333,0.0,0.0,0.0,0.01418439716312057,0.01418439716312057,0.0,0.7375886524822696,0.1,0.1,0.1,0.15
smap_D15_weekly_ledger_seed0,SMAP D-15,canonical,freeze,score_only,attacked,cusum_coh_resid_t2,1.0,1.0,1.0,30,17,17,1,1,1,0.5666666666666667,0.5666666666666667,0.058823529411764705,0.058823529411764705,0.03333333333333333,0.020442219440967878,0.02002503128911139,0.03167420814479638,0.9870671672924489,0.1,0.1,0.1,0.15
smap_D15_weekly_ledger_seed0,SMAP D-15,canonical,freeze,score_only,attacked,cusum_factor_cov_lrt,1.0,1.0,1.0,30,18,18,11,9,10,0.6,0.6,0.6111111111111112,0.5,0.3333333333333333,0.017336485421591802,0.018124507486209612,0.2393162393162393,0.8912529550827423,0.1,0.1,0.1,0.15
smap_D15_weekly_ledger_seed0,SMAP D-15,canonical,freeze,score_only,attacked,ewma_coh_resid_t2,1.0,1.0,1.0,30,22,22,0,0,0,0.7333333333333333,0.7333333333333333,0.0,0.0,0.0,0.024822695035460987,0.024661508704061894,0.0,0.7711154094132818,0.1,0.1,0.1,0.15
smap_D15_weekly_ledger_seed0,SMAP D-15,canonical,freeze,score_only,attacked,ewma_factor_cov_lrt,1.0,1.0,1.0,30,30,30,13,8,8,1.0,1.0,0.43333333333333335,0.26666666666666666,0.26666666666666666,0.0355791962174941,0.03238770685579197,0.5782051282051283,0.8973995271867613,0.1,0.1,0.1,0.15
smap_D15_weekly_ledger_seed0,SMAP D-15,canonical,freeze,score_only,attacked,factor_cov_change,1.0,1.0,1.0,30,30,30,2,1,1,1.0,1.0,0.06666666666666667,0.03333333333333333,0.03333333333333333,0.1062647754137116,0.11122931442080382,0.07179487179487179,1.0203309692671392,0.1,0.1,0.1,0.15
smap_D15_weekly_ledger_seed0,SMAP D-15,canonical,freeze,score_only,attacked,factor_cov_delta,1.0,1.0,1.0,30,30,30,2,2,2,1.0,1.0,0.06666666666666667,0.06666666666666667,0.06666666666666667,0.022340425531914895,0.02387706855791962,0.026923076923076925,1.0695035460992905,0.1,0.1,0.1,0.15
smap_D15_weekly_ledger_seed0,SMAP D-15,canonical,freeze,score_only,attacked,factor_cov_lrt,1.0,1.0,1.0,30,20,20,15,15,25,0.6666666666666666,0.6666666666666666,0.75,0.75,0.8333333333333334,0.017553191489361707,0.014539007092198583,0.075,0.5808510638297871,0.1,0.1,0.1,0.15
smap_D15_weekly_ledger_seed0,SMAP D-15,canonical,freeze,score_only,attacked,factor_cov_lrt_delta,1.0,1.0,1.0,30,30,30,3,3,3,1.0,1.0,0.1,0.1,0.1,0.019621749408983456,0.02234042553191489,0.023076923076923075,1.1125295508274233,0.1,0.1,0.1,0.15
smap_D15_weekly_ledger_seed0,SMAP D-15,canonical,freeze,score_only,attacked,fused_fisher,1.0,1.0,1.0,30,22,22,0,0,0,0.7333333333333333,0.7333333333333333,0.0,0.0,0.0,0.01418439716312057,0.014345583494519669,0.0,0.7459703417150224,0.1,0.1,0.1,0.15
smap_D15_weekly_ledger_seed0,SMAP D-15,canonical,freeze,score_only,attacked,fused_fisher_lrt_delta,1.0,1.0,1.0,30,21,21,0,0,0,0.7,0.7,0.0,0.0,0.0,0.014184397163120569,0.014184397163120569,0.0,0.7375886524822695,0.1,0.1,0.1,0.15
smap_D15_weekly_ledger_seed0,SMAP D-15,canonical,freeze,score_only,attacked,fused_sp,1.0,1.0,1.0,30,30,30,0,0,0,1.0,1.0,0.0,0.0,0.0,0.03321513002364067,0.04763593380614657,0.05384615384615386,1.0756501182033096,0.1,0.1,0.1,0.15
smap_D15_weekly_ledger_seed0,SMAP D-15,canonical,freeze,score_only,attacked,fused_sp_lrt_delta,1.0,1.0,1.0,30,30,30,0,0,0,1.0,1.0,0.0,0.0,0.0,0.019621749408983456,0.021867612293144205,0.017948717948717947,1.1125295508274233,0.1,0.1,0.1,0.15
smap_D15_weekly_ledger_seed0,SMAP D-15,canonical,freeze,score_only,attacked,max_abs,1.0,1.0,1.0,30,30,30,1,0,0,1.0,1.0,0.03333333333333333,0.0,0.0,0.03333333333333334,0.034988179669030735,0.02179487179487179,1.0879432624113474,0.1,0.1,0.1,0.15
smap_D15_weekly_ledger_seed0,SMAP D-15,canonical,freeze,score_only,attacked,pc_t2,1.0,1.0,1.0,30,22,22,0,0,0,0.7333333333333333,0.7333333333333333,0.0,0.0,0.0,0.01418439716312057,0.014345583494519669,0.0,0.7459703417150224,0.1,0.1,0.1,0.15
smap_D15_weekly_ledger_seed0,SMAP D-15,canonical,freeze,score_only,attacked,res_energy,1.0,1.0,1.0,30,30,30,0,0,0,1.0,1.0,0.0,0.0,0.0,0.022222222222222223,0.029078014184397163,0.028205128205128202,0.9096926713947991,0.1,0.1,0.1,0.15
smap_D15_weekly_ledger_seed0,SMAP D-15,canonical,freeze,score_only,attacked,stale,1.0,1.0,1.0,30,1,0,1,0,0,0.03333333333333333,0.0,1.0,0.0,0.0,0.5035460992907801,0.5035460992907801,0.0,1.1063829787234043,0.1,0.1,0.1,0.15
smap_A1_gradual_bias_seed0,SMAP A-1,gradual_bias,gradual_bias,all_only,control,T2,1.0,1.0,1.0,30,30,30,3,3,3,1.0,1.0,0.1,0.1,0.1,0.02160596026490066,0.02160596026490066,0.0,0.9226269315673291,0.1,0.1,0.1,0.15
smap_A1_gradual_bias_seed0,SMAP A-1,gradual_bias,gradual_bias,all_only,control,cusum_factor_cov_lrt,1.0,1.0,1.0,30,0,0,0,0,0,0.0,0.0,nan,nan,0.0,nan,nan,nan,nan,0.1,0.1,0.1,0.15
smap_A1_gradual_bias_seed0,SMAP A-1,gradual_bias,gradual_bias,all_only,control,ewma_factor_cov_lrt,1.0,1.0,1.0,30,14,14,1,1,1,0.4666666666666667,0.4666666666666667,0.07142857142857142,0.07142857142857142,0.03333333333333333,0.02962393566698202,0.02962393566698202,0.0,0.860927152317881,0.1,0.1,0.1,0.15
smap_A1_gradual_bias_seed0,SMAP A-1,gradual_bias,gradual_bias,all_only,control,factor_cov_change,1.0,1.0,1.0,30,30,30,1,1,1,1.0,1.0,0.03333333333333333,0.03333333333333333,0.03333333333333333,0.07488962472406183,0.07488962472406183,0.0,1.0173289183222958,0.1,0.1,0.1,0.15
smap_A1_gradual_bias_seed0,SMAP A-1,gradual_bias,gradual_bias,all_only,control,factor_cov_delta,1.0,1.0,1.0,30,30,30,1,1,1,1.0,1.0,0.03333333333333333,0.03333333333333333,0.03333333333333333,0.031181015452538628,0.031181015452538628,0.0,0.9326710816777044,0.1,0.1,0.1,0.15
smap_A1_gradual_bias_seed0,SMAP A-1,gradual_bias,gradual_bias,all_only,control,factor_cov_lrt,1.0,1.0,1.0,30,30,30,4,4,4,1.0,1.0,0.13333333333333333,0.13333333333333333,0.13333333333333333,0.08027041942604855,0.08027041942604855,0.0,0.971412803532009,0.1,0.1,0.1,0.15
smap_A1_gradual_bias_seed0,SMAP A-1,gradual_bias,gradual_bias,all_only,control,factor_cov_lrt_delta,1.0,1.0,1.0,30,30,30,2,2,2,1.0,1.0,0.06666666666666667,0.06666666666666667,0.06666666666666667,0.023509933774834436,0.023509933774834436,0.0,1.014459161147903,0.1,0.1,0.1,0.15
smap_A1_gradual_bias_seed0,SMAP A-1,gradual_bias,gradual_bias,all_only,control,fused_fisher,1.0,1.0,1.0,30,30,30,1,1,1,1.0,1.0,0.03333333333333333,0.03333333333333333,0.03333333333333333,0.027759381898454744,0.027759381898454744,0.0,1.0158940397350993,0.1,0.1,0.1,0.15
smap_A1_gradual_bias_seed0,SMAP A-1,gradual_bias,gradual_bias,all_only,control,fused_fisher_lrt_delta,1.0,1.0,1.0,30,30,30,1,1,1,1.0,1.0,0.03333333333333333,0.03333333333333333,0.03333333333333333,0.028421633554083878,0.028421633554083878,0.0,1.0144591611479028,0.1,0.1,0.1,0.15
smap_A1_gradual_bias_seed0,SMAP A-1,gradual_bias,gradual_bias,all_only,control,fused_sp,1.0,1.0,1.0,30,0,0,0,0,4,0.0,0.0,nan,nan,0.13333333333333333,nan,nan,nan,nan,0.1,0.1,0.1,0.15
smap_A1_gradual_bias_seed0,SMAP A-1,gradual_bias,gradual_bias,all_only,control,fused_sp_lrt_delta,1.0,1.0,1.0,30,30,30,1,1,1,1.0,1.0,0.03333333333333333,0.03333333333333333,0.03333333333333333,0.018681015452538634,0.018681015452538634,0.0,0.9714128035320091,0.1,0.1,0.1,0.15
smap_A1_gradual_bias_seed0,SMAP A-1,gradual_bias,gradual_bias,all_only,control,max_abs,1.0,1.0,1.0,30,30,30,1,1,1,1.0,1.0,0.03333333333333333,0.03333333333333333,0.03333333333333333,0.01788079470198675,0.01788079470198675,0.0,0.9298013245033114,0.1,0.1,0.1,0.15
smap_A1_gradual_bias_seed0,SMAP A-1,gradual_bias,gradual_bias,all_only,control,pc_t2,1.0,1.0,1.0,30,30,30,3,3,3,1.0,1.0,0.1,0.1,0.1,0.020115894039735096,0.020115894039735096,0.0,0.9240618101545254,0.1,0.1,0.1,0.15
smap_A1_gradual_bias_seed0,SMAP A-1,gradual_bias,gradual_bias,all_only,control,res_energy,1.0,1.0,1.0,30,30,30,3,3,3,1.0,1.0,0.1,0.1,0.1,0.10532560706401767,0.10532560706401767,0.0,0.8881898454746137,0.1,0.1,0.1,0.15
smap_A1_gradual_bias_seed0,SMAP A-1,gradual_bias,gradual_bias,all_only,control,stale,1.0,1.0,1.0,30,30,0,17,0,0,1.0,0.0,0.5666666666666667,0.0,0.0,0.49130794701986763,0.49130794701986763,0.0,1.0316777041942602,0.1,0.1,0.1,0.15
smap_A1_gradual_bias_seed0,SMAP A-1,gradual_bias,gradual_bias,full,full,T2,1.0,1.0,1.0,30,30,30,2,2,2,1.0,1.0,0.06666666666666667,0.06666666666666667,0.06666666666666667,0.02673841059602649,0.025965783664459167,0.10256410256410257,1.0259381898454747,0.1,0.1,0.1,0.15
smap_A1_gradual_bias_seed0,SMAP A-1,gradual_bias,gradual_bias,full,full,cusum_factor_cov_lrt,1.0,1.0,1.0,30,4,4,0,0,0,0.13333333333333333,0.13333333333333333,0.0,0.0,0.0,0.020695364238410598,0.020695364238410598,0.019230769230769232,1.076158940397351,0.1,0.1,0.1,0.15
smap_A1_gradual_bias_seed0,SMAP A-1,gradual_bias,gradual_bias,full,full,ewma_factor_cov_lrt,1.0,1.0,1.0,30,30,30,2,2,2,1.0,1.0,0.06666666666666667,0.06666666666666667,0.06666666666666667,0.04594370860927153,0.04663355408388521,0.028205128205128206,0.9699779249448125,0.1,0.1,0.1,0.15
smap_A1_gradual_bias_seed0,SMAP A-1,gradual_bias,gradual_bias,full,full,factor_cov_change,1.0,1.0,1.0,30,30,30,3,3,3,1.0,1.0,0.1,0.1,0.1,0.06846026490066226,0.06829470198675497,0.020512820512820513,0.8867549668874172,0.1,0.1,0.1,0.15
smap_A1_gradual_bias_seed0,SMAP A-1,gradual_bias,gradual_bias,full,full,factor_cov_delta,1.0,1.0,1.0,30,30,30,3,3,3,1.0,1.0,0.1,0.1,0.1,0.020253863134657834,0.020253863134657834,0.0,1.0532008830022077,0.1,0.1,0.1,0.15
smap_A1_gradual_bias_seed0,SMAP A-1,gradual_bias,gradual_bias,full,full,factor_cov_lrt,1.0,1.0,1.0,30,30,30,9,9,9,1.0,1.0,0.3,0.3,0.3,0.10929911699779248,0.1124448123620309,0.08846153846153845,0.9656732891832233,0.1,0.1,0.1,0.15
smap_A1_gradual_bias_seed0,SMAP A-1,gradual_bias,gradual_bias,full,full,factor_cov_lrt_delta,1.0,1.0,1.0,30,30,30,4,4,4,1.0,1.0,0.13333333333333333,0.13333333333333333,0.13333333333333333,0.017853200883002206,0.01782560706401766,0.002564102564102564,0.9269315673289183,0.1,0.1,0.1,0.15
smap_A1_gradual_bias_seed0,SMAP A-1,gradual_bias,gradual_bias,full,full,fused_fisher,1.0,1.0,1.0,30,30,30,4,4,4,1.0,1.0,0.13333333333333333,0.13333333333333333,0.13333333333333333,0.05060706401766005,0.05022075055187638,0.017948717948717947,0.9728476821192055,0.1,0.1,0.1,0.15
smap_A1_gradual_bias_seed0,SMAP A-1,gradual_bias,gradual_bias,full,full,fused_fisher_lrt_delta,1.0,1.0,1.0,30,30,30,3,3,3,1.0,1.0,0.1,0.1,0.1,0.025855408388520972,0.025634657836644592,0.03461538461538462,1.005849889624724,0.1,0.1,0.1,0.15
smap_A1_gradual_bias_seed0,SMAP A-1,gradual_bias,gradual_bias,full,full,fused_sp,1.0,1.0,1.0,30,30,30,2,2,2,1.0,1.0,0.06666666666666667,0.06666666666666667,0.06666666666666667,0.0416942604856512,0.0416942604856512,0.0,0.971412803532009,0.1,0.1,0.1,0.15
smap_A1_gradual_bias_seed0,SMAP A-1,gradual_bias,gradual_bias,full,full,fused_sp_lrt_delta,1.0,1.0,1.0,30,30,30,4,4,4,1.0,1.0,0.13333333333333333,0.13333333333333333,0.13333333333333333,0.018681015452538634,0.018625827814569538,0.002564102564102564,0.9269315673289183,0.1,0.1,0.1,0.15
smap_A1_gradual_bias_seed0,SMAP A-1,gradual_bias,gradual_bias,full,full,max_abs,1.0,1.0,1.0,30,30,30,5,5,5,1.0,1.0,0.16666666666666666,0.16666666666666666,0.16666666666666666,0.03824503311258278,0.03824503311258278,0.010256410256410256,1.057505518763797,0.1,0.1,0.1,0.15
smap_A1_gradual_bias_seed0,SMAP A-1,gradual_bias,gradual_bias,full,full,pc_t2,1.0,1.0,1.0,30,30,30,3,3,3,1.0,1.0,0.1,0.1,0.1,0.022654525386313466,0.022599337748344373,0.0038461538461538464,0.9656732891832233,0.1,0.1,0.1,0.15
smap_A1_gradual_bias_seed0,SMAP A-1,gradual_bias,gradual_bias,full,full,res_energy,1.0,1.0,1.0,30,30,30,3,3,3,1.0,1.0,0.1,0.1,0.1,0.03184326710816777,0.032422737306843266,0.0,0.9728476821192055,0.1,0.1,0.1,0.15
smap_A1_gradual_bias_seed0,SMAP A-1,gradual_bias,gradual_bias,full,full,stale,1.0,1.0,1.0,30,30,0,17,0,0,1.0,0.0,0.5666666666666667,0.0,0.0,0.49130794701986763,0.49130794701986763,0.0,1.0316777041942602,0.1,0.1,0.1,0.15
smap_A1_gradual_bias_seed0,SMAP A-1,gradual_bias,gradual_bias,score_only,attacked,T2,1.0,1.0,1.0,30,30,30,3,3,3,1.0,1.0,0.1,0.1,0.1,0.027511037527593818,0.027511037527593818,0.0,0.9671081677704196,0.1,0.1,0.1,0.15
smap_A1_gradual_bias_seed0,SMAP A-1,gradual_bias,gradual_bias,score_only,attacked,coh_resid_energy,1.0,1.0,1.0,30,30,30,4,4,4,1.0,1.0,0.13333333333333333,0.13333333333333333,0.13333333333333333,0.019481236203090505,0.019481236203090505,0.0,0.9298013245033115,0.1,0.1,0.1,0.15
smap_A1_gradual_bias_seed0,SMAP A-1,gradual_bias,gradual_bias,score_only,attacked,coh_resid_t2,1.0,1.0,1.0,30,30,30,5,5,5,1.0,1.0,0.16666666666666666,0.16666666666666666,0.16666666666666666,0.021937086092715236,0.021937086092715236,0.0,1.0115894039735098,0.1,0.1,0.1,0.15
smap_A1_gradual_bias_seed0,SMAP A-1,gradual_bias,gradual_bias,score_only,attacked,cusum_coh_resid_t2,1.0,1.0,1.0,30,12,12,5,5,6,0.4,0.4,0.4166666666666667,0.4166666666666667,0.2,0.02207505518763797,0.02207505518763797,0.0,0.9685430463576159,0.1,0.1,0.1,0.15
smap_A1_gradual_bias_seed0,SMAP A-1,gradual_bias,gradual_bias,score_only,attacked,cusum_factor_cov_lrt,1.0,1.0,1.0,30,0,0,0,0,0,0.0,0.0,nan,nan,0.0,nan,nan,nan,nan,0.1,0.1,0.1,0.15
smap_A1_gradual_bias_seed0,SMAP A-1,gradual_bias,gradual_bias,score_only,attacked,ewma_coh_resid_t2,1.0,1.0,1.0,30,19,19,3,3,6,0.6333333333333333,0.6333333333333333,0.15789473684210525,0.15789473684210525,0.2,0.09175670965493203,0.09175670965493203,0.0,0.8609271523178809,0.1,0.1,0.1,0.15
smap_A1_gradual_bias_seed0,SMAP A-1,gradual_bias,gradual_bias,score_only,attacked,ewma_factor_cov_lrt,1.0,1.0,1.0,30,30,30,3,3,3,1.0,1.0,0.1,0.1,0.1,0.07146799116997792,0.07243377483443708,0.03846153846153846,1.0230684326710817,0.1,0.1,0.1,0.15
smap_A1_gradual_bias_seed0,SMAP A-1,gradual_bias,gradual_bias,score_only,attacked,factor_cov_change,1.0,1.0,1.0,30,30,30,4,4,4,1.0,1.0,0.13333333333333333,0.13333333333333333,0.13333333333333333,0.055849889624724064,0.055905077262693156,0.0,0.9714128035320092,0.1,0.1,0.1,0.15
smap_A1_gradual_bias_seed0,SMAP A-1,gradual_bias,gradual_bias,score_only,attacked,factor_cov_delta,1.0,1.0,1.0,30,30,30,1,1,1,1.0,1.0,0.03333333333333333,0.03333333333333333,0.03333333333333333,0.018653421633554088,0.018653421633554088,0.0,0.9699779249448125,0.1,0.1,0.1,0.15
smap_A1_gradual_bias_seed0,SMAP A-1,gradual_bias,gradual_bias,score_only,attacked,factor_cov_lrt,1.0,1.0,1.0,30,30,30,4,4,4,1.0,1.0,0.13333333333333333,0.13333333333333333,0.13333333333333333,0.0975717439293598,0.09881346578366443,0.02820512820512821,0.9814569536423844,0.1,0.1,0.1,0.15
smap_A1_gradual_bias_seed0,SMAP A-1,gradual_bias,gradual_bias,score_only,attacked,factor_cov_lrt_delta,1.0,1.0,1.0,30,30,30,2,2,2,1.0,1.0,0.06666666666666667,0.06666666666666667,0.06666666666666667,0.021054083885209716,0.021192052980132454,0.014102564102564103,1.0144591611479028,0.1,0.1,0.1,0.15
smap_A1_gradual_bias_seed0,SMAP A-1,gradual_bias,gradual_bias,score_only,attacked,fused_fisher,1.0,1.0,1.0,30,20,20,0,0,1,0.6666666666666666,0.6666666666666666,0.0,0.0,0.03333333333333333,0.02566225165562914,0.026076158940397352,0.0,0.8480132450331128,0.1,0.1,0.1,0.15
smap_A1_gradual_bias_seed0,SMAP A-1,gradual_bias,gradual_bias,score_only,attacked,fused_fisher_lrt_delta,1.0,1.0,1.0,30,30,30,1,1,1,1.0,1.0,0.03333333333333333,0.03333333333333333,0.03333333333333333,0.018625827814569538,0.018543046357615892,0.02051282051282051,0.9111479028697573,0.1,0.1,0.1,0.15
smap_A1_gradual_bias_seed0,SMAP A-1,gradual_bias,gradual_bias,score_only,attacked,fused_sp,1.0,1.0,1.0,30,30,30,1,1,1,1.0,1.0,0.03333333333333333,0.03333333333333333,0.03333333333333333,0.04191501103752759,0.038603752759381896,0.0,0.8881898454746138,0.1,0.1,0.1,0.15
smap_A1_gradual_bias_seed0,SMAP A-1,gradual_bias,gradual_bias,score_only,attacked,fused_sp_lrt_delta,1.0,1.0,1.0,30,30,30,2,2,2,1.0,1.0,0.06666666666666667,0.06666666666666667,0.06666666666666667,0.01948123620309051,0.01967439293598234,0.01153846153846154,1.0158940397350993,0.1,0.1,0.1,0.15
smap_A1_gradual_bias_seed0,SMAP A-1,gradual_bias,gradual_bias,score_only,attacked,max_abs,1.0,1.0,1.0,30,30,30,6,6,6,1.0,1.0,0.2,0.2,0.2,0.03984547461368653,0.03951434878587197,0.2269230769230769,1.0474613686534218,0.1,0.1,0.1,0.15
smap_A1_gradual_bias_seed0,SMAP A-1,gradual_bias,gradual_bias,score_only,attacked,pc_t2,1.0,1.0,1.0,30,30,30,3,3,3,1.0,1.0,0.1,0.1,0.1,0.026655629139072854,0.027511037527593825,0.0,0.9656732891832233,0.1,0.1,0.1,0.15
smap_A1_gradual_bias_seed0,SMAP A-1,gradual_bias,gradual_bias,score_only,attacked,res_energy,1.0,1.0,1.0,30,30,30,1,1,1,1.0,1.0,0.03333333333333333,0.03333333333333333,0.03333333333333333,0.02682119205298013,0.02682119205298013,0.0,0.9714128035320091,0.1,0.1,0.1,0.15
smap_A1_gradual_bias_seed0,SMAP A-1,gradual_bias,gradual_bias,score_only,attacked,stale,1.0,1.0,1.0,30,30,0,17,0,0,1.0,0.0,0.5666666666666667,0.0,0.0,0.448896247240618,0.4376655629139073,0.0,0.919757174392936,0.1,0.1,0.1,0.15
smap_D15_gradual_bias_seed0,SMAP D-15,gradual_bias,gradual_bias,all_only,control,T2,1.0,1.0,1.0,30,30,30,0,0,0,1.0,1.0,0.0,0.0,0.0,0.019621749408983456,0.019621749408983456,0.0,0.8543735224586289,0.1,0.1,0.1,0.15
smap_D15_gradual_bias_seed0,SMAP D-15,gradual_bias,gradual_bias,all_only,control,cusum_factor_cov_lrt,1.0,1.0,1.0,30,6,6,2,0,0,0.2,0.2,0.3333333333333333,0.0,0.0,0.020094562647754135,0.020094562647754135,0.0,1.0449172576832153,0.1,0.1,0.1,0.15
smap_D15_gradual_bias_seed0,SMAP D-15,gradual_bias,gradual_bias,all_only,control,ewma_factor_cov_lrt,1.0,1.0,1.0,30,0,0,0,0,0,0.0,0.0,nan,nan,0.0,nan,nan,nan,nan,0.1,0.1,0.1,0.15
smap_D15_gradual_bias_seed0,SMAP D-15,gradual_bias,gradual_bias,all_only,control,factor_cov_change,1.0,1.0,1.0,30,30,30,7,1,1,1.0,1.0,0.23333333333333334,0.03333333333333333,0.03333333333333333,0.11430260047281322,0.11430260047281322,0.0,1.038770685579196,0.1,0.1,0.1,0.15
smap_D15_gradual_bias_seed0,SMAP D-15,gradual_bias,gradual_bias,all_only,control,factor_cov_delta,1.0,1.0,1.0,30,30,30,0,0,0,1.0,1.0,0.0,0.0,0.0,0.019621749408983456,0.019621749408983456,0.0,0.8543735224586289,0.1,0.1,0.1,0.15
smap_D15_gradual_bias_seed0,SMAP D-15,gradual_bias,gradual_bias,all_only,control,factor_cov_lrt,1.0,1.0,1.0,30,30,5,9,1,1,1.0,0.16666666666666666,0.3,0.03333333333333333,0.03333333333333333,0.1780141843971631,0.1780141843971631,0.0,1.0633569739952717,0.1,0.1,0.1,0.15
smap_D15_gradual_bias_seed0,SMAP D-15,gradual_bias,gradual_bias,all_only,control,factor_cov_lrt_delta,1.0,1.0,1.0,30,21,21,0,0,1,0.7,0.7,0.0,0.0,0.03333333333333333,0.014184397163120569,0.014184397163120569,0.0,0.7375886524822695,0.1,0.1,0.1,0.15
smap_D15_gradual_bias_seed0,SMAP D-15,gradual_bias,gradual_bias,all_only,control,fused_fisher,1.0,1.0,1.0,30,26,26,4,4,4,0.8666666666666667,0.8666666666666667,0.15384615384615385,0.15384615384615385,0.13333333333333333,0.09192580469176215,0.09192580469176215,0.0,0.7375886524822695,0.1,0.1,0.1,0.15
smap_D15_gradual_bias_seed0,SMAP D-15,gradual_bias,gradual_bias,all_only,control,fused_fisher_lrt_delta,1.0,1.0,1.0,30,30,30,3,3,3,1.0,1.0,0.1,0.1,0.1,0.01950354609929078,0.01950354609929078,0.0,1.0141843971631206,0.1,0.1,0.1,0.15
smap_D15_gradual_bias_seed0,SMAP D-15,gradual_bias,gradual_bias,all_only,control,fused_sp,1.0,1.0,1.0,30,30,30,2,2,2,1.0,1.0,0.06666666666666667,0.06666666666666667,0.06666666666666667,0.04539007092198581,0.04539007092198581,0.0,0.8666666666666667,0.1,0.1,0.1,0.15
smap_D15_gradual_bias_seed0,SMAP D-15,gradual_bias,gradual_bias,all_only,control,fused_sp_lrt_delta,1.0,1.0,1.0,30,21,21,0,0,1,0.7,0.7,0.0,0.0,0.03333333333333333,0.014184397163120569,0.014184397163120569,0.0,0.7375886524822695,0.1,0.1,0.1,0.15
smap_D15_gradual_bias_seed0,SMAP D-15,gradual_bias,gradual_bias,all_only,control,max_abs,1.0,1.0,1.0,30,0,0,0,0,0,0.0,0.0,nan,nan,0.0,nan,nan,nan,nan,0.1,0.1,0.1,0.15
smap_D15_gradual_bias_seed0,SMAP D-15,gradual_bias,gradual_bias,all_only,control,pc_t2,1.0,1.0,1.0,30,30,30,0,0,0,1.0,1.0,0.0,0.0,0.0,0.019621749408983456,0.019621749408983456,0.0,0.8543735224586289,0.1,0.1,0.1,0.15
smap_D15_gradual_bias_seed0,SMAP D-15,gradual_bias,gradual_bias,all_only,control,res_energy,1.0,1.0,1.0,30,30,30,2,2,2,1.0,1.0,0.06666666666666667,0.06666666666666667,0.06666666666666667,0.10070921985815601,0.10070921985815601,0.0,0.8851063829787235,0.1,0.1,0.1,0.15
smap_D15_gradual_bias_seed0,SMAP D-15,gradual_bias,gradual_bias,all_only,control,stale,1.0,1.0,1.0,30,30,0,18,0,0,1.0,0.0,0.6,0.0,0.0,0.4839243498817967,0.4839243498817967,0.0,1.094089834515366,0.1,0.1,0.1,0.15
smap_D15_gradual_bias_seed0,SMAP D-15,gradual_bias,gradual_bias,full,full,T2,1.0,1.0,1.0,30,22,22,0,0,1,0.7333333333333333,0.7333333333333333,0.0,0.0,0.03333333333333333,0.024822695035460987,0.0241779497098646,0.0,0.7627337201805287,0.1,0.1,0.1,0.15
smap_D15_gradual_bias_seed0,SMAP D-15,gradual_bias,gradual_bias,full,full,cusum_factor_cov_lrt,1.0,1.0,1.0,30,14,14,2,1,1,0.4666666666666667,0.4666666666666667,0.14285714285714285,0.07142857142857142,0.03333333333333333,0.022796352583586626,0.022289766970618036,0.046703296703296704,1.027355623100304,0.1,0.1,0.1,0.15
smap_D15_gradual_bias_seed0,SMAP D-15,gradual_bias,gradual_bias,full,full,ewma_factor_cov_lrt,1.0,1.0,1.0,30,0,0,0,0,2,0.0,0.0,nan,nan,0.06666666666666667,nan,nan,nan,nan,0.1,0.1,0.1,0.15
smap_D15_gradual_bias_seed0,SMAP D-15,gradual_bias,gradual_bias,full,full,factor_cov_change,1.0,1.0,1.0,30,18,18,4,0,0,0.6,0.6,0.2222222222222222,0.0,0.0,0.052009456264775406,0.052009456264775406,0.0,1.106382978723404,0.1,0.1,0.1,0.15
smap_D15_gradual_bias_seed0,SMAP D-15,gradual_bias,gradual_bias,full,full,factor_cov_delta,1.0,1.0,1.0,30,30,30,0,0,0,1.0,1.0,0.0,0.0,0.0,0.0351063829787234,0.0351063829787234,0.0,0.9895981087470449,0.1,0.1,0.1,0.15
smap_D15_gradual_bias_seed0,SMAP D-15,gradual_bias,gradual_bias,full,full,factor_cov_lrt,1.0,1.0,1.0,30,21,21,1,1,2,0.7,0.7,0.047619047619047616,0.047619047619047616,0.06666666666666667,0.017561634582911184,0.01941911516379602,0.0018315018315018315,0.7551502870651807,0.1,0.1,0.1,0.15
smap_D15_gradual_bias_seed0,SMAP D-15,gradual_bias,gradual_bias,full,full,factor_cov_lrt_delta,1.0,1.0,1.0,30,30,30,2,2,2,1.0,1.0,0.06666666666666667,0.06666666666666667,0.06666666666666667,0.016193853427895987,0.017021276595744685,0.008974358974358975,0.8851063829787233,0.1,0.1,0.1,0.15
smap_D15_gradual_bias_seed0,SMAP D-15,gradual_bias,gradual_bias,full,full,fused_fisher,1.0,1.0,1.0,30,30,30,2,2,2,1.0,1.0,0.06666666666666667,0.06666666666666667,0.06666666666666667,0.01643026004728133,0.01643026004728133,0.0,0.8543735224586289,0.1,0.1,0.1,0.15
smap_D15_gradual_bias_seed0,SMAP D-15,gradual_bias,gradual_bias,full,full,fused_fisher_lrt_delta,1.0,1.0,1.0,30,30,30,4,4,4,1.0,1.0,0.13333333333333333,0.13333333333333333,0.13333333333333333,0.016548463356974002,0.016193853427895987,0.011538461538461537,0.8359338061465722,0.1,0.1,0.1,0.15
smap_D15_gradual_bias_seed0,SMAP D-15,gradual_bias,gradual_bias,full,full,fused_sp,1.0,1.0,1.0,30,30,30,2,2,2,1.0,1.0,0.06666666666666667,0.06666666666666667,0.06666666666666667,0.02316784869976359,0.02316784869976359,0.0,0.854373522458629,0.1,0.1,0.1,0.15
smap_D15_gradual_bias_seed0,SMAP D-15,gradual_bias,gradual_bias,full,full,fused_sp_lrt_delta,1.0,1.0,1.0,30,24,24,0,0,0,0.8,0.8,0.0,0.0,0.0,0.014184397163120567,0.014036643026004728,0.004807692307692308,0.7299054373522459,0.1,0.1,0.1,0.15
smap_D15_gradual_bias_seed0,SMAP D-15,gradual_bias,gradual_bias,full,full,max_abs,1.0,1.0,1.0,30,30,30,9,7,7,1.0,1.0,0.3,0.23333333333333334,0.23333333333333334,0.03333333333333334,0.03333333333333334,0.03974358974358974,1.0141843971631204,0.1,0.1,0.1,0.15
smap_D15_gradual_bias_seed0,SMAP D-15,gradual_bias,gradual_bias,full,full,pc_t2,1.0,1.0,1.0,30,30,30,1,1,1,1.0,1.0,0.03333333333333333,0.03333333333333333,0.03333333333333333,0.019621749408983456,0.019621749408983456,0.0,0.8420803782505911,0.1,0.1,0.1,0.15
smap_D15_gradual_bias_seed0,SMAP D-15,gradual_bias,gradual_bias,full,full,res_energy,1.0,1.0,1.0,30,30,30,2,2,2,1.0,1.0,0.06666666666666667,0.06666666666666667,0.06666666666666667,0.02316784869976359,0.02316784869976359,0.0,0.854373522458629,0.1,0.1,0.1,0.15
smap_D15_gradual_bias_seed0,SMAP D-15,gradual_bias,gradual_bias,full,full,stale,1.0,1.0,1.0,30,30,0,18,0,0,1.0,0.0,0.6,0.0,0.0,0.4839243498817967,0.4839243498817967,0.0,1.094089834515366,0.1,0.1,0.1,0.15
smap_D15_gradual_bias_seed0,SMAP D-15,gradual_bias,gradual_bias,score_only,attacked,T2,1.0,1.0,1.0,30,22,22,0,0,3,0.7333333333333333,0.7333333333333333,0.0,0.0,0.1,0.01418439716312057,0.01418439716312057,0.0,0.7375886524822696,0.1,0.1,0.1,0.15
smap_D15_gradual_bias_seed0,SMAP D-15,gradual_bias,gradual_bias,score_only,attacked,coh_resid_energy,1.0,1.0,1.0,30,22,22,7,0,0,0.7333333333333333,0.7333333333333333,0.3181818181818182,0.0,0.0,0.021276595744680844,0.021276595744680844,0.0,1.1063829787234039,0.1,0.1,0.1,0.15
smap_D15_gradual_bias_seed0,SMAP D-15,gradual_bias,gradual_bias,score_only,attacked,coh_resid_t2,1.0,1.0,1.0,30,22,22,0,0,3,0.7333333333333333,0.7333333333333333,0.0,0.0,0.1,0.01418439716312057,0.01418439716312057,0.0,0.7375886524822696,0.1,0.1,0.1,0.15
smap_D15_gradual_bias_seed0,SMAP D-15,gradual_bias,gradual_bias,score_only,attacked,cusum_coh_resid_t2,1.0,1.0,1.0,30,17,17,1,1,2,0.5666666666666667,0.5666666666666667,0.058823529411764705,0.058823529411764705,0.06666666666666667,0.020442219440967878,0.020442219440967878,0.0,0.9762202753441803,0.1,0.1,0.1,0.15
smap_D15_gradual_bias_seed0,SMAP D-15,gradual_bias,gradual_bias,score_only,attacked,cusum_factor_cov_lrt,1.0,1.0,1.0,30,18,18,6,5,5,0.6,0.6,0.3333333333333333,0.2777777777777778,0.16666666666666666,0.017336485421591802,0.017730496453900707,0.03632478632478633,0.8912529550827423,0.1,0.1,0.1,0.15
smap_D15_gradual_bias_seed0,SMAP D-15,gradual_bias,gradual_bias,score_only,attacked,ewma_coh_resid_t2,1.0,1.0,1.0,30,22,22,0,0,2,0.7333333333333333,0.7333333333333333,0.0,0.0,0.06666666666666667,0.024822695035460987,0.024822695035460987,0.0,0.7375886524822696,0.1,0.1,0.1,0.15
smap_D15_gradual_bias_seed0,SMAP D-15,gradual_bias,gradual_bias,score_only,attacked,ewma_factor_cov_lrt,1.0,1.0,1.0,30,30,30,4,4,4,1.0,1.0,0.13333333333333333,0.13333333333333333,0.13333333333333333,0.0355791962174941,0.0384160756501182,0.051282051282051294,1.051063829787234,0.1,0.1,0.1,0.15
smap_D15_gradual_bias_seed0,SMAP D-15,gradual_bias,gradual_bias,score_only,attacked,factor_cov_change,1.0,1.0,1.0,30,30,30,5,4,4,1.0,1.0,0.16666666666666666,0.13333333333333333,0.13333333333333333,0.1062647754137116,0.1062647754137116,0.0,1.0018912529550825,0.1,0.1,0.1,0.15
smap_D15_gradual_bias_seed0,SMAP D-15,gradual_bias,gradual_bias,score_only,attacked,factor_cov_delta,1.0,1.0,1.0,30,30,30,5,5,5,1.0,1.0,0.16666666666666666,0.16666666666666666,0.16666666666666666,0.022340425531914895,0.022340425531914895,0.0,0.9895981087470448,0.1,0.1,0.1,0.15
smap_D15_gradual_bias_seed0,SMAP D-15,gradual_bias,gradual_bias,score_only,attacked,factor_cov_lrt,1.0,1.0,1.0,30,20,20,1,1,2,0.6666666666666666,0.6666666666666666,0.05,0.05,0.06666666666666667,0.017553191489361707,0.01968085106382979,0.0,0.7560283687943262,0.1,0.1,0.1,0.15
smap_D15_gradual_bias_seed0,SMAP D-15,gradual_bias,gradual_bias,score_only,attacked,factor_cov_lrt_delta,1.0,1.0,1.0,30,30,30,2,2,2,1.0,1.0,0.06666666666666667,0.06666666666666667,0.06666666666666667,0.019621749408983456,0.020330969267139478,0.008974358974358975,1.0203309692671394,0.1,0.1,0.1,0.15
smap_D15_gradual_bias_seed0,SMAP D-15,gradual_bias,gradual_bias,score_only,attacked,fused_fisher,1.0,1.0,1.0,30,22,22,0,0,3,0.7333333333333333,0.7333333333333333,0.0,0.0,0.1,0.01418439716312057,0.011444229529335909,0.013986013986013986,0.5950999355254672,0.1,0.1,0.1,0.15
smap_D15_gradual_bias_seed0,SMAP D-15,gradual_bias,gradual_bias,score_only,attacked,fused_fisher_lrt_delta,1.0,1.0,1.0,30,21,21,0,0,3,0.7,0.7,0.0,0.0,0.1,0.014184397163120569,0.011144883485309013,0.02564102564102564,0.5795339412360687,0.1,0.1,0.1,0.15
smap_D15_gradual_bias_seed0,SMAP D-15,gradual_bias,gradual_bias,score_only,attacked,fused_sp,1.0,1.0,1.0,30,30,30,4,4,4,1.0,1.0,0.13333333333333333,0.13333333333333333,0.13333333333333333,0.03321513002364067,0.02955082742316785,0.04487179487179487,0.9711583924349882,0.1,0.1,0.1,0.15
smap_D15_gradual_bias_seed0,SMAP D-15,gradual_bias,gradual_bias,score_only,attacked,fused_sp_lrt_delta,1.0,1.0,1.0,30,30,30,2,2,2,1.0,1.0,0.06666666666666667,0.06666666666666667,0.06666666666666667,0.019621749408983456,0.019267139479905437,0.006410256410256411,1.0018912529550827,0.1,0.1,0.1,0.15
smap_D15_gradual_bias_seed0,SMAP D-15,gradual_bias,gradual_bias,score_only,attacked,max_abs,1.0,1.0,1.0,30,30,30,9,7,7,1.0,1.0,0.3,0.23333333333333334,0.23333333333333334,0.03333333333333334,0.03333333333333334,0.03974358974358974,1.0141843971631204,0.1,0.1,0.1,0.15
smap_D15_gradual_bias_seed0,SMAP D-15,gradual_bias,gradual_bias,score_only,attacked,pc_t2,1.0,1.0,1.0,30,22,22,0,0,3,0.7333333333333333,0.7333333333333333,0.0,0.0,0.1,0.01418439716312057,0.01418439716312057,0.0,0.7375886524822696,0.1,0.1,0.1,0.15
smap_D15_gradual_bias_seed0,SMAP D-15,gradual_bias,gradual_bias,score_only,attacked,res_energy,1.0,1.0,1.0,30,30,30,3,3,3,1.0,1.0,0.1,0.1,0.1,0.022222222222222223,0.02340425531914894,0.02564102564102564,0.8359338061465721,0.1,0.1,0.1,0.15
smap_D15_gradual_bias_seed0,SMAP D-15,gradual_bias,gradual_bias,score_only,attacked,stale,1.0,1.0,1.0,30,1,0,1,0,0,0.03333333333333333,0.0,1.0,0.0,0.0,0.5035460992907801,0.40425531914893614,0.0,0.9219858156028369,0.1,0.1,0.1,0.15
