kind,panel,detector,budget,attack_strength,matched_mode,matched_budget_band,matched_tol_budget,tiw_cap,matched_tol_tiw,n_trials_total,n_trials_budget,n_trials_joint,n_trials_primary,coverage_budget,coverage_joint,coverage_primary,fae_null_mean_primary,tiw_null_mean_primary,false_alert_events_count_mean_primary,detect_rate,detect_rate_null,uplift_detect_rate,event_success_rate,event_timely_sla_rate,event_anywarn_success_rate,event_anywarn_timely_sla_rate,event_preexisting_warning_rate,contract_pass_full_rate,contract_pass_full_anywarn_rate,event_sla_months,median_delay,median_delay_null,delay_p50,delay_p90,delay_null_p50,delay_null_p90,event_delay_p50,event_delay_p90,event_time_to_trigger_p50,event_time_to_trigger_p90,median_delay_uncens,median_delay_null_uncens,mean_false_alarm_months_per_year,mean_false_alert_events_per_year,mean_time_in_warning,mean_p_star,mean_effect_size,mean_fae_null,mean_tiw_null,mean_cad_win,mean_cad_post,mean_dtiw_win,mean_abs_dtiw_win,mean_dtiw_post,row_status,infeasible_reason
gradual_bias,all_only,T2,1.0,0.25,budget_only,count,0.1,0.15,0.1,30,30,30,30,1.0,1.0,1.0,0.8543735224586289,0.019621749408983456,4.633333333333334,0.36666666666666664,0.36666666666666664,0.0,0.36666666666666664,0.0,0.36666666666666664,0.0,0.0,0.0,0.0,4.0,26.0,26.0,26.0,26.0,26.0,26.0,26.0,26.0,26.0,26.0,15.0,15.0,1.0203309692671394,0.8543735224586289,0.019621749408983456,0.020294593204858803,0.0,0.8543735224586289,0.019621749408983456,0.0,0.0,0.0,0.0,0.0,OK,
gradual_bias,all_only,T2,1.0,0.5,budget_only,count,0.1,0.15,0.1,30,30,30,30,1.0,1.0,1.0,0.8543735224586289,0.019621749408983456,4.633333333333334,0.36666666666666664,0.36666666666666664,0.0,0.36666666666666664,0.0,0.36666666666666664,0.0,0.0,0.0,0.0,4.0,26.0,26.0,26.0,26.0,26.0,26.0,26.0,26.0,26.0,26.0,15.0,15.0,1.0203309692671394,0.8543735224586289,0.019621749408983456,0.020294593204858803,0.0,0.8543735224586289,0.019621749408983456,0.0,0.0,0.0,0.0,0.0,OK,
gradual_bias,all_only,T2,1.0,0.75,budget_only,count,0.1,0.15,0.1,30,30,30,30,1.0,1.0,1.0,0.8543735224586289,0.019621749408983456,4.633333333333334,0.36666666666666664,0.36666666666666664,0.0,0.36666666666666664,0.0,0.36666666666666664,0.0,0.0,0.0,0.0,4.0,26.0,26.0,26.0,26.0,26.0,26.0,26.0,26.0,26.0,26.0,15.0,15.0,1.0203309692671394,0.8543735224586289,0.019621749408983456,0.020294593204858803,0.0,0.8543735224586289,0.019621749408983456,0.0,0.0,0.0,0.0,0.0,OK,
gradual_bias,all_only,T2,1.0,1.0,budget_only,count,0.1,0.15,0.1,30,30,30,30,1.0,1.0,1.0,0.8543735224586289,0.019621749408983456,4.633333333333334,0.36666666666666664,0.36666666666666664,0.0,0.36666666666666664,0.0,0.36666666666666664,0.0,0.0,0.0,0.0,4.0,26.0,26.0,26.0,26.0,26.0,26.0,26.0,26.0,26.0,26.0,15.0,15.0,1.0203309692671394,0.8543735224586289,0.019621749408983456,0.020294593204858803,0.0,0.8543735224586289,0.019621749408983456,0.0,0.0,0.0,0.0,0.0,OK,
gradual_bias,all_only,T2,INFEASIBLE,0.25,budget_only,count,INFEASIBLE,INFEASIBLE,INFEASIBLE,INFEASIBLE,INFEASIBLE,INFEASIBLE,INFEASIBLE,INFEASIBLE,INFEASIBLE,INFEASIBLE,INFEASIBLE,INFEASIBLE,INFEASIBLE,INFEASIBLE,INFEASIBLE,INFEASIBLE,INFEASIBLE,INFEASIBLE,INFEASIBLE,INFEASIBLE,INFEASIBLE,INFEASIBLE,INFEASIBLE,,INFEASIBLE,INFEASIBLE,INFEASIBLE,INFEASIBLE,INFEASIBLE,INFEASIBLE,INFEASIBLE,INFEASIBLE,INFEASIBLE,INFEASIBLE,INFEASIBLE,INFEASIBLE,INFEASIBLE,INFEASIBLE,INFEASIBLE,INFEASIBLE,INFEASIBLE,INFEASIBLE,INFEASIBLE,INFEASIBLE,INFEASIBLE,INFEASIBLE,INFEASIBLE,INFEASIBLE,INFEASIBLE,no_trials_in_band
gradual_bias,all_only,T2,INFEASIBLE,0.5,budget_only,count,INFEASIBLE,INFEASIBLE,INFEASIBLE,INFEASIBLE,INFEASIBLE,INFEASIBLE,INFEASIBLE,INFEASIBLE,INFEASIBLE,INFEASIBLE,INFEASIBLE,INFEASIBLE,INFEASIBLE,INFEASIBLE,INFEASIBLE,INFEASIBLE,INFEASIBLE,INFEASIBLE,INFEASIBLE,INFEASIBLE,INFEASIBLE,INFEASIBLE,INFEASIBLE,,INFEASIBLE,INFEASIBLE,INFEASIBLE,INFEASIBLE,INFEASIBLE,INFEASIBLE,INFEASIBLE,INFEASIBLE,INFEASIBLE,INFEASIBLE,INFEASIBLE,INFEASIBLE,INFEASIBLE,INFEASIBLE,INFEASIBLE,INFEASIBLE,INFEASIBLE,INFEASIBLE,INFEASIBLE,INFEASIBLE,INFEASIBLE,INFEASIBLE,INFEASIBLE,INFEASIBLE,INFEASIBLE,no_trials_in_band
gradual_bias,all_only,T2,INFEASIBLE,0.75,budget_only,count,INFEASIBLE,INFEASIBLE,INFEASIBLE,INFEASIBLE,INFEASIBLE,INFEASIBLE,INFEASIBLE,INFEASIBLE,INFEASIBLE,INFEASIBLE,INFEASIBLE,INFEASIBLE,INFEASIBLE,INFEASIBLE,INFEASIBLE,INFEASIBLE,INFEASIBLE,INFEASIBLE,INFEASIBLE,INFEASIBLE,INFEASIBLE,INFEASIBLE,INFEASIBLE,,INFEASIBLE,INFEASIBLE,INFEASIBLE,INFEASIBLE,INFEASIBLE,INFEASIBLE,INFEASIBLE,INFEASIBLE,INFEASIBLE,INFEASIBLE,INFEASIBLE,INFEASIBLE,INFEASIBLE,INFEASIBLE,INFEASIBLE,INFEASIBLE,INFEASIBLE,INFEASIBLE,INFEASIBLE,INFEASIBLE,INFEASIBLE,INFEASIBLE,INFEASIBLE,INFEASIBLE,INFEASIBLE,no_trials_in_band
gradual_bias,all_only,T2,INFEASIBLE,1.0,budget_only,count,INFEASIBLE,INFEASIBLE,INFEASIBLE,INFEASIBLE,INFEASIBLE,INFEASIBLE,INFEASIBLE,INFEASIBLE,INFEASIBLE,INFEASIBLE,INFEASIBLE,INFEASIBLE,INFEASIBLE,INFEASIBLE,INFEASIBLE,INFEASIBLE,INFEASIBLE,INFEASIBLE,INFEASIBLE,INFEASIBLE,INFEASIBLE,INFEASIBLE,INFEASIBLE,,INFEASIBLE,INFEASIBLE,INFEASIBLE,INFEASIBLE,INFEASIBLE,INFEASIBLE,INFEASIBLE,INFEASIBLE,INFEASIBLE,INFEASIBLE,INFEASIBLE,INFEASIBLE,INFEASIBLE,INFEASIBLE,INFEASIBLE,INFEASIBLE,INFEASIBLE,INFEASIBLE,INFEASIBLE,INFEASIBLE,INFEASIBLE,INFEASIBLE,INFEASIBLE,INFEASIBLE,INFEASIBLE,no_trials_in_band
gradual_bias,all_only,cusum_factor_cov_lrt,1.0,0.25,budget_only,count,0.1,0.15,0.1,30,6,6,6,0.2,0.2,0.2,1.0449172576832153,0.020094562647754135,5.666666666666667,0.8333333333333334,0.8333333333333334,0.0,0.8333333333333334,0.3333333333333333,0.8333333333333334,0.3333333333333333,0.0,0.0,0.0,4.0,10.0,10.0,10.0,18.5,10.0,18.5,10.0,18.5,10.0,18.5,9.0,9.0,1.0449172576832153,1.0449172576832153,0.020094562647754135,NA,-0.3390941408377693,1.0449172576832153,0.020094562647754135,0.0,0.0,0.0,0.0,0.0,OK,
gradual_bias,all_only,cusum_factor_cov_lrt,1.0,0.5,budget_only,count,0.1,0.15,0.1,30,6,6,6,0.2,0.2,0.2,1.0449172576832153,0.020094562647754135,5.666666666666667,0.8333333333333334,0.8333333333333334,0.0,0.8333333333333334,0.3333333333333333,0.8333333333333334,0.3333333333333333,0.0,0.0,0.0,4.0,10.0,10.0,10.0,18.5,10.0,18.5,10.0,18.5,10.0,18.5,9.0,9.0,1.0449172576832153,1.0449172576832153,0.020094562647754135,NA,-0.3390941408377693,1.0449172576832153,0.020094562647754135,0.0,0.0,0.0,0.0,0.0,OK,
gradual_bias,all_only,cusum_factor_cov_lrt,1.0,0.75,budget_only,count,0.1,0.15,0.1,30,6,6,6,0.2,0.2,0.2,1.0449172576832153,0.020094562647754135,5.666666666666667,0.8333333333333334,0.8333333333333334,0.0,0.8333333333333334,0.3333333333333333,0.8333333333333334,0.3333333333333333,0.0,0.0,0.0,4.0,10.0,10.0,10.0,18.5,10.0,18.5,10.0,18.5,10.0,18.5,9.0,9.0,1.0449172576832153,1.0449172576832153,0.020094562647754135,NA,-0.3390941408377693,1.0449172576832153,0.020094562647754135,0.0,0.0,0.0,0.0,0.0,OK,
gradual_bias,all_only,cusum_factor_cov_lrt,1.0,1.0,budget_only,count,0.1,0.15,0.1,30,6,6,6,0.2,0.2,0.2,1.0449172576832153,0.020094562647754135,5.666666666666667,0.8333333333333334,0.8333333333333334,0.0,0.8333333333333334,0.3333333333333333,0.8333333333333334,0.3333333333333333,0.0,0.0,0.0,4.0,10.0,10.0,10.0,18.5,10.0,18.5,10.0,18.5,10.0,18.5,9.0,9.0,1.0449172576832153,1.0449172576832153,0.020094562647754135,NA,-0.3390941408377693,1.0449172576832153,0.020094562647754135,0.0,0.0,0.0,0.0,0.0,OK,
gradual_bias,all_only,cusum_factor_cov_lrt,2.0,0.25,budget_only,count,0.1,0.15,0.1,30,1,1,1,0.03333333333333333,0.03333333333333333,0.03333333333333333,1.6595744680851063,0.031914893617021274,9.0,0.0,0.0,0.0,0.0,0.0,0.0,0.0,0.0,0.0,0.0,4.0,26.0,26.0,26.0,26.0,26.0,26.0,26.0,26.0,26.0,26.0,NA,NA,1.6595744680851063,1.6595744680851063,0.031914893617021274,NA,-0.988259385164778,1.6595744680851063,0.031914893617021274,0.0,0.0,0.0,0.0,0.0,OK,
gradual_bias,all_only,cusum_factor_cov_lrt,2.0,0.5,budget_only,count,0.1,0.15,0.1,30,1,1,1,0.03333333333333333,0.03333333333333333,0.03333333333333333,1.6595744680851063,0.031914893617021274,9.0,0.0,0.0,0.0,0.0,0.0,0.0,0.0,0.0,0.0,0.0,4.0,26.0,26.0,26.0,26.0,26.0,26.0,26.0,26.0,26.0,26.0,NA,NA,1.6595744680851063,1.6595744680851063,0.031914893617021274,NA,-0.988259385164778,1.6595744680851063,0.031914893617021274,0.0,0.0,0.0,0.0,0.0,OK,
gradual_bias,all_only,cusum_factor_cov_lrt,2.0,0.75,budget_only,count,0.1,0.15,0.1,30,1,1,1,0.03333333333333333,0.03333333333333333,0.03333333333333333,1.6595744680851063,0.031914893617021274,9.0,0.0,0.0,0.0,0.0,0.0,0.0,0.0,0.0,0.0,0.0,4.0,26.0,26.0,26.0,26.0,26.0,26.0,26.0,26.0,26.0,26.0,NA,NA,1.6595744680851063,1.6595744680851063,0.031914893617021274,NA,-0.988259385164778,1.6595744680851063,0.031914893617021274,0.0,0.0,0.0,0.0,0.0,OK,
gradual_bias,all_only,cusum_factor_cov_lrt,2.0,1.0,budget_only,count,0.1,0.15,0.1,30,1,1,1,0.03333333333333333,0.03333333333333333,0.03333333333333333,1.6595744680851063,0.031914893617021274,9.0,0.0,0.0,0.0,0.0,0.0,0.0,0.0,0.0,0.0,0.0,4.0,26.0,26.0,26.0,26.0,26.0,26.0,26.0,26.0,26.0,26.0,NA,NA,1.6595744680851063,1.6595744680851063,0.031914893617021274,NA,-0.988259385164778,1.6595744680851063,0.031914893617021274,0.0,0.0,0.0,0.0,0.0,OK,
gradual_bias,all_only,ewma_factor_cov_lrt,INFEASIBLE,0.25,budget_only,count,INFEASIBLE,INFEASIBLE,INFEASIBLE,INFEASIBLE,INFEASIBLE,INFEASIBLE,INFEASIBLE,INFEASIBLE,INFEASIBLE,INFEASIBLE,INFEASIBLE,INFEASIBLE,INFEASIBLE,INFEASIBLE,INFEASIBLE,INFEASIBLE,INFEASIBLE,INFEASIBLE,INFEASIBLE,INFEASIBLE,INFEASIBLE,INFEASIBLE,INFEASIBLE,,INFEASIBLE,INFEASIBLE,INFEASIBLE,INFEASIBLE,INFEASIBLE,INFEASIBLE,INFEASIBLE,INFEASIBLE,INFEASIBLE,INFEASIBLE,INFEASIBLE,INFEASIBLE,INFEASIBLE,INFEASIBLE,INFEASIBLE,INFEASIBLE,INFEASIBLE,INFEASIBLE,INFEASIBLE,INFEASIBLE,INFEASIBLE,INFEASIBLE,INFEASIBLE,INFEASIBLE,INFEASIBLE,no_trials_in_band
gradual_bias,all_only,ewma_factor_cov_lrt,INFEASIBLE,0.5,budget_only,count,INFEASIBLE,INFEASIBLE,INFEASIBLE,INFEASIBLE,INFEASIBLE,INFEASIBLE,INFEASIBLE,INFEASIBLE,INFEASIBLE,INFEASIBLE,INFEASIBLE,INFEASIBLE,INFEASIBLE,INFEASIBLE,INFEASIBLE,INFEASIBLE,INFEASIBLE,INFEASIBLE,INFEASIBLE,INFEASIBLE,INFEASIBLE,INFEASIBLE,INFEASIBLE,,INFEASIBLE,INFEASIBLE,INFEASIBLE,INFEASIBLE,INFEASIBLE,INFEASIBLE,INFEASIBLE,INFEASIBLE,INFEASIBLE,INFEASIBLE,INFEASIBLE,INFEASIBLE,INFEASIBLE,INFEASIBLE,INFEASIBLE,INFEASIBLE,INFEASIBLE,INFEASIBLE,INFEASIBLE,INFEASIBLE,INFEASIBLE,INFEASIBLE,INFEASIBLE,INFEASIBLE,INFEASIBLE,no_trials_in_band
gradual_bias,all_only,ewma_factor_cov_lrt,INFEASIBLE,0.75,budget_only,count,INFEASIBLE,INFEASIBLE,INFEASIBLE,INFEASIBLE,INFEASIBLE,INFEASIBLE,INFEASIBLE,INFEASIBLE,INFEASIBLE,INFEASIBLE,INFEASIBLE,INFEASIBLE,INFEASIBLE,INFEASIBLE,INFEASIBLE,INFEASIBLE,INFEASIBLE,INFEASIBLE,INFEASIBLE,INFEASIBLE,INFEASIBLE,INFEASIBLE,INFEASIBLE,,INFEASIBLE,INFEASIBLE,INFEASIBLE,INFEASIBLE,INFEASIBLE,INFEASIBLE,INFEASIBLE,INFEASIBLE,INFEASIBLE,INFEASIBLE,INFEASIBLE,INFEASIBLE,INFEASIBLE,INFEASIBLE,INFEASIBLE,INFEASIBLE,INFEASIBLE,INFEASIBLE,INFEASIBLE,INFEASIBLE,INFEASIBLE,INFEASIBLE,INFEASIBLE,INFEASIBLE,INFEASIBLE,no_trials_in_band
gradual_bias,all_only,ewma_factor_cov_lrt,INFEASIBLE,1.0,budget_only,count,INFEASIBLE,INFEASIBLE,INFEASIBLE,INFEASIBLE,INFEASIBLE,INFEASIBLE,INFEASIBLE,INFEASIBLE,INFEASIBLE,INFEASIBLE,INFEASIBLE,INFEASIBLE,INFEASIBLE,INFEASIBLE,INFEASIBLE,INFEASIBLE,INFEASIBLE,INFEASIBLE,INFEASIBLE,INFEASIBLE,INFEASIBLE,INFEASIBLE,INFEASIBLE,,INFEASIBLE,INFEASIBLE,INFEASIBLE,INFEASIBLE,INFEASIBLE,INFEASIBLE,INFEASIBLE,INFEASIBLE,INFEASIBLE,INFEASIBLE,INFEASIBLE,INFEASIBLE,INFEASIBLE,INFEASIBLE,INFEASIBLE,INFEASIBLE,INFEASIBLE,INFEASIBLE,INFEASIBLE,INFEASIBLE,INFEASIBLE,INFEASIBLE,INFEASIBLE,INFEASIBLE,INFEASIBLE,no_trials_in_band
gradual_bias,all_only,ewma_factor_cov_lrt,INFEASIBLE,0.25,budget_only,count,INFEASIBLE,INFEASIBLE,INFEASIBLE,INFEASIBLE,INFEASIBLE,INFEASIBLE,INFEASIBLE,INFEASIBLE,INFEASIBLE,INFEASIBLE,INFEASIBLE,INFEASIBLE,INFEASIBLE,INFEASIBLE,INFEASIBLE,INFEASIBLE,INFEASIBLE,INFEASIBLE,INFEASIBLE,INFEASIBLE,INFEASIBLE,INFEASIBLE,INFEASIBLE,,INFEASIBLE,INFEASIBLE,INFEASIBLE,INFEASIBLE,INFEASIBLE,INFEASIBLE,INFEASIBLE,INFEASIBLE,INFEASIBLE,INFEASIBLE,INFEASIBLE,INFEASIBLE,INFEASIBLE,INFEASIBLE,INFEASIBLE,INFEASIBLE,INFEASIBLE,INFEASIBLE,INFEASIBLE,INFEASIBLE,INFEASIBLE,INFEASIBLE,INFEASIBLE,INFEASIBLE,INFEASIBLE,no_trials_in_band
gradual_bias,all_only,ewma_factor_cov_lrt,INFEASIBLE,0.5,budget_only,count,INFEASIBLE,INFEASIBLE,INFEASIBLE,INFEASIBLE,INFEASIBLE,INFEASIBLE,INFEASIBLE,INFEASIBLE,INFEASIBLE,INFEASIBLE,INFEASIBLE,INFEASIBLE,INFEASIBLE,INFEASIBLE,INFEASIBLE,INFEASIBLE,INFEASIBLE,INFEASIBLE,INFEASIBLE,INFEASIBLE,INFEASIBLE,INFEASIBLE,INFEASIBLE,,INFEASIBLE,INFEASIBLE,INFEASIBLE,INFEASIBLE,INFEASIBLE,INFEASIBLE,INFEASIBLE,INFEASIBLE,INFEASIBLE,INFEASIBLE,INFEASIBLE,INFEASIBLE,INFEASIBLE,INFEASIBLE,INFEASIBLE,INFEASIBLE,INFEASIBLE,INFEASIBLE,INFEASIBLE,INFEASIBLE,INFEASIBLE,INFEASIBLE,INFEASIBLE,INFEASIBLE,INFEASIBLE,no_trials_in_band
gradual_bias,all_only,ewma_factor_cov_lrt,INFEASIBLE,0.75,budget_only,count,INFEASIBLE,INFEASIBLE,INFEASIBLE,INFEASIBLE,INFEASIBLE,INFEASIBLE,INFEASIBLE,INFEASIBLE,INFEASIBLE,INFEASIBLE,INFEASIBLE,INFEASIBLE,INFEASIBLE,INFEASIBLE,INFEASIBLE,INFEASIBLE,INFEASIBLE,INFEASIBLE,INFEASIBLE,INFEASIBLE,INFEASIBLE,INFEASIBLE,INFEASIBLE,,INFEASIBLE,INFEASIBLE,INFEASIBLE,INFEASIBLE,INFEASIBLE,INFEASIBLE,INFEASIBLE,INFEASIBLE,INFEASIBLE,INFEASIBLE,INFEASIBLE,INFEASIBLE,INFEASIBLE,INFEASIBLE,INFEASIBLE,INFEASIBLE,INFEASIBLE,INFEASIBLE,INFEASIBLE,INFEASIBLE,INFEASIBLE,INFEASIBLE,INFEASIBLE,INFEASIBLE,INFEASIBLE,no_trials_in_band
gradual_bias,all_only,ewma_factor_cov_lrt,INFEASIBLE,1.0,budget_only,count,INFEASIBLE,INFEASIBLE,INFEASIBLE,INFEASIBLE,INFEASIBLE,INFEASIBLE,INFEASIBLE,INFEASIBLE,INFEASIBLE,INFEASIBLE,INFEASIBLE,INFEASIBLE,INFEASIBLE,INFEASIBLE,INFEASIBLE,INFEASIBLE,INFEASIBLE,INFEASIBLE,INFEASIBLE,INFEASIBLE,INFEASIBLE,INFEASIBLE,INFEASIBLE,,INFEASIBLE,INFEASIBLE,INFEASIBLE,INFEASIBLE,INFEASIBLE,INFEASIBLE,INFEASIBLE,INFEASIBLE,INFEASIBLE,INFEASIBLE,INFEASIBLE,INFEASIBLE,INFEASIBLE,INFEASIBLE,INFEASIBLE,INFEASIBLE,INFEASIBLE,INFEASIBLE,INFEASIBLE,INFEASIBLE,INFEASIBLE,INFEASIBLE,INFEASIBLE,INFEASIBLE,INFEASIBLE,no_trials_in_band
gradual_bias,all_only,factor_cov_change,1.0,0.25,budget_only,count,0.1,0.15,0.1,30,30,30,30,1.0,1.0,1.0,1.038770685579196,0.11430260047281322,5.633333333333334,0.4666666666666667,0.4666666666666667,0.0,0.6666666666666666,0.23333333333333334,0.6666666666666666,0.23333333333333334,0.2,0.03333333333333333,0.03333333333333333,4.0,26.0,26.0,26.0,26.0,26.0,26.0,20.0,26.0,26.0,26.0,18.5,18.5,5.9437352245862884,1.038770685579196,0.11430260047281322,0.33409558876152445,0.20003773485707857,1.038770685579196,0.11430260047281322,0.0,0.0,0.0,0.0,0.0,OK,
gradual_bias,all_only,factor_cov_change,1.0,0.5,budget_only,count,0.1,0.15,0.1,30,30,30,30,1.0,1.0,1.0,1.038770685579196,0.11430260047281322,5.633333333333334,0.4666666666666667,0.4666666666666667,0.0,0.6666666666666666,0.23333333333333334,0.6666666666666666,0.23333333333333334,0.2,0.03333333333333333,0.03333333333333333,4.0,26.0,26.0,26.0,26.0,26.0,26.0,20.0,26.0,26.0,26.0,18.5,18.5,5.9437352245862884,1.038770685579196,0.11430260047281322,0.33409558876152445,0.20003773485707857,1.038770685579196,0.11430260047281322,0.0,0.0,0.0,0.0,0.0,OK,
gradual_bias,all_only,factor_cov_change,1.0,0.75,budget_only,count,0.1,0.15,0.1,30,30,30,30,1.0,1.0,1.0,1.038770685579196,0.11430260047281322,5.633333333333334,0.4666666666666667,0.4666666666666667,0.0,0.6666666666666666,0.23333333333333334,0.6666666666666666,0.23333333333333334,0.2,0.03333333333333333,0.03333333333333333,4.0,26.0,26.0,26.0,26.0,26.0,26.0,20.0,26.0,26.0,26.0,18.5,18.5,5.9437352245862884,1.038770685579196,0.11430260047281322,0.33409558876152445,0.20003773485707857,1.038770685579196,0.11430260047281322,0.0,0.0,0.0,0.0,0.0,OK,
gradual_bias,all_only,factor_cov_change,1.0,1.0,budget_only,count,0.1,0.15,0.1,30,30,30,30,1.0,1.0,1.0,1.038770685579196,0.11430260047281322,5.633333333333334,0.4666666666666667,0.4666666666666667,0.0,0.6666666666666666,0.23333333333333334,0.6666666666666666,0.23333333333333334,0.2,0.03333333333333333,0.03333333333333333,4.0,26.0,26.0,26.0,26.0,26.0,26.0,20.0,26.0,26.0,26.0,18.5,18.5,5.9437352245862884,1.038770685579196,0.11430260047281322,0.33409558876152445,0.20003773485707857,1.038770685579196,0.11430260047281322,0.0,0.0,0.0,0.0,0.0,OK,
gradual_bias,all_only,factor_cov_change,2.0,0.25,budget_only,count,0.1,0.15,0.1,30,14,14,14,0.4666666666666667,0.4666666666666667,0.4666666666666667,1.6595744680851066,0.1469098277608916,9.0,0.2857142857142857,0.2857142857142857,0.0,0.6428571428571429,0.35714285714285715,0.6428571428571429,0.35714285714285715,0.35714285714285715,0.35714285714285715,0.35714285714285715,4.0,26.0,26.0,26.0,26.0,26.0,26.0,22.0,26.0,26.0,26.0,22.0,22.0,7.639311043566363,1.6595744680851066,0.1469098277608916,0.9094273818307756,0.3214501342040448,1.6595744680851066,0.1469098277608916,0.0,0.0,0.0,0.0,0.0,OK,
gradual_bias,all_only,factor_cov_change,2.0,0.5,budget_only,count,0.1,0.15,0.1,30,14,14,14,0.4666666666666667,0.4666666666666667,0.4666666666666667,1.6595744680851066,0.1469098277608916,9.0,0.2857142857142857,0.2857142857142857,0.0,0.6428571428571429,0.35714285714285715,0.6428571428571429,0.35714285714285715,0.35714285714285715,0.35714285714285715,0.35714285714285715,4.0,26.0,26.0,26.0,26.0,26.0,26.0,22.0,26.0,26.0,26.0,22.0,22.0,7.639311043566363,1.6595744680851066,0.1469098277608916,0.9094273818307756,0.3214501342040448,1.6595744680851066,0.1469098277608916,0.0,0.0,0.0,0.0,0.0,OK,
gradual_bias,all_only,factor_cov_change,2.0,0.75,budget_only,count,0.1,0.15,0.1,30,14,14,14,0.4666666666666667,0.4666666666666667,0.4666666666666667,1.6595744680851066,0.1469098277608916,9.0,0.2857142857142857,0.2857142857142857,0.0,0.6428571428571429,0.35714285714285715,0.6428571428571429,0.35714285714285715,0.35714285714285715,0.35714285714285715,0.35714285714285715,4.0,26.0,26.0,26.0,26.0,26.0,26.0,22.0,26.0,26.0,26.0,22.0,22.0,7.639311043566363,1.6595744680851066,0.1469098277608916,0.9094273818307756,0.3214501342040448,1.6595744680851066,0.1469098277608916,0.0,0.0,0.0,0.0,0.0,OK,
gradual_bias,all_only,factor_cov_change,2.0,1.0,budget_only,count,0.1,0.15,0.1,30,14,14,14,0.4666666666666667,0.4666666666666667,0.4666666666666667,1.6595744680851066,0.1469098277608916,9.0,0.2857142857142857,0.2857142857142857,0.0,0.6428571428571429,0.35714285714285715,0.6428571428571429,0.35714285714285715,0.35714285714285715,0.35714285714285715,0.35714285714285715,4.0,26.0,26.0,26.0,26.0,26.0,26.0,22.0,26.0,26.0,26.0,22.0,22.0,7.639311043566363,1.6595744680851066,0.1469098277608916,0.9094273818307756,0.3214501342040448,1.6595744680851066,0.1469098277608916,0.0,0.0,0.0,0.0,0.0,OK,
gradual_bias,all_only,factor_cov_delta,1.0,0.25,budget_only,count,0.1,0.15,0.1,30,30,30,30,1.0,1.0,1.0,0.8543735224586289,0.019621749408983456,4.633333333333334,0.36666666666666664,0.36666666666666664,0.0,0.36666666666666664,0.0,0.36666666666666664,0.0,0.0,0.0,0.0,4.0,26.0,26.0,26.0,26.0,26.0,26.0,26.0,26.0,26.0,26.0,15.0,15.0,1.0203309692671394,0.8543735224586289,0.019621749408983456,0.020294593204858803,2.378304202792081e-06,0.8543735224586289,0.019621749408983456,0.0,0.0,0.0,0.0,0.0,OK,
gradual_bias,all_only,factor_cov_delta,1.0,0.5,budget_only,count,0.1,0.15,0.1,30,30,30,30,1.0,1.0,1.0,0.8543735224586289,0.019621749408983456,4.633333333333334,0.36666666666666664,0.36666666666666664,0.0,0.36666666666666664,0.0,0.36666666666666664,0.0,0.0,0.0,0.0,4.0,26.0,26.0,26.0,26.0,26.0,26.0,26.0,26.0,26.0,26.0,15.0,15.0,1.0203309692671394,0.8543735224586289,0.019621749408983456,0.020294593204858803,2.378304202792081e-06,0.8543735224586289,0.019621749408983456,0.0,0.0,0.0,0.0,0.0,OK,
gradual_bias,all_only,factor_cov_delta,1.0,0.75,budget_only,count,0.1,0.15,0.1,30,30,30,30,1.0,1.0,1.0,0.8543735224586289,0.019621749408983456,4.633333333333334,0.36666666666666664,0.36666666666666664,0.0,0.36666666666666664,0.0,0.36666666666666664,0.0,0.0,0.0,0.0,4.0,26.0,26.0,26.0,26.0,26.0,26.0,26.0,26.0,26.0,26.0,15.0,15.0,1.0203309692671394,0.8543735224586289,0.019621749408983456,0.020294593204858803,2.378304202792081e-06,0.8543735224586289,0.019621749408983456,0.0,0.0,0.0,0.0,0.0,OK,
gradual_bias,all_only,factor_cov_delta,1.0,1.0,budget_only,count,0.1,0.15,0.1,30,30,30,30,1.0,1.0,1.0,0.8543735224586289,0.019621749408983456,4.633333333333334,0.36666666666666664,0.36666666666666664,0.0,0.36666666666666664,0.0,0.36666666666666664,0.0,0.0,0.0,0.0,4.0,26.0,26.0,26.0,26.0,26.0,26.0,26.0,26.0,26.0,26.0,15.0,15.0,1.0203309692671394,0.8543735224586289,0.019621749408983456,0.020294593204858803,2.378304202792081e-06,0.8543735224586289,0.019621749408983456,0.0,0.0,0.0,0.0,0.0,OK,
gradual_bias,all_only,factor_cov_delta,2.0,0.25,budget_only,count,0.1,0.15,0.1,30,9,9,9,0.3,0.3,0.3,1.6595744680851063,0.0417651694247439,9.0,0.1111111111111111,0.1111111111111111,0.0,0.2222222222222222,0.1111111111111111,0.2222222222222222,0.1111111111111111,0.1111111111111111,0.1111111111111111,0.1111111111111111,4.0,26.0,26.0,26.0,26.0,26.0,26.0,26.0,26.0,26.0,26.0,25.0,25.0,2.171788810086683,1.6595744680851063,0.0417651694247439,0.98,6.023345402697247e-10,1.6595744680851063,0.0417651694247439,0.0,0.0,0.0,0.0,0.0,OK,
gradual_bias,all_only,factor_cov_delta,2.0,0.5,budget_only,count,0.1,0.15,0.1,30,9,9,9,0.3,0.3,0.3,1.6595744680851063,0.0417651694247439,9.0,0.1111111111111111,0.1111111111111111,0.0,0.2222222222222222,0.1111111111111111,0.2222222222222222,0.1111111111111111,0.1111111111111111,0.1111111111111111,0.1111111111111111,4.0,26.0,26.0,26.0,26.0,26.0,26.0,26.0,26.0,26.0,26.0,25.0,25.0,2.171788810086683,1.6595744680851063,0.0417651694247439,0.98,6.023345402697247e-10,1.6595744680851063,0.0417651694247439,0.0,0.0,0.0,0.0,0.0,OK,
gradual_bias,all_only,factor_cov_delta,2.0,0.75,budget_only,count,0.1,0.15,0.1,30,9,9,9,0.3,0.3,0.3,1.6595744680851063,0.0417651694247439,9.0,0.1111111111111111,0.1111111111111111,0.0,0.2222222222222222,0.1111111111111111,0.2222222222222222,0.1111111111111111,0.1111111111111111,0.1111111111111111,0.1111111111111111,4.0,26.0,26.0,26.0,26.0,26.0,26.0,26.0,26.0,26.0,26.0,25.0,25.0,2.171788810086683,1.6595744680851063,0.0417651694247439,0.98,6.023345402697247e-10,1.6595744680851063,0.0417651694247439,0.0,0.0,0.0,0.0,0.0,OK,
gradual_bias,all_only,factor_cov_delta,2.0,1.0,budget_only,count,0.1,0.15,0.1,30,9,9,9,0.3,0.3,0.3,1.6595744680851063,0.0417651694247439,9.0,0.1111111111111111,0.1111111111111111,0.0,0.2222222222222222,0.1111111111111111,0.2222222222222222,0.1111111111111111,0.1111111111111111,0.1111111111111111,0.1111111111111111,4.0,26.0,26.0,26.0,26.0,26.0,26.0,26.0,26.0,26.0,26.0,25.0,25.0,2.171788810086683,1.6595744680851063,0.0417651694247439,0.98,6.023345402697247e-10,1.6595744680851063,0.0417651694247439,0.0,0.0,0.0,0.0,0.0,OK,
gradual_bias,all_only,factor_cov_lrt,1.0,0.25,budget_only,count,0.1,0.15,0.1,30,30,5,30,1.0,0.16666666666666666,1.0,1.0633569739952717,0.1780141843971631,5.766666666666667,0.4,0.4,0.0,0.6,0.3,0.6,0.3,0.2,0.03333333333333333,0.03333333333333333,4.0,26.0,26.0,26.0,26.0,26.0,26.0,20.0,26.0,26.0,26.0,14.5,14.5,9.25673758865248,1.0633569739952717,0.1780141843971631,0.6644288488758611,-0.21308644295497667,1.0633569739952717,0.1780141843971631,0.0,0.0,0.0,0.0,0.0,OK,
gradual_bias,all_only,factor_cov_lrt,1.0,0.5,budget_only,count,0.1,0.15,0.1,30,30,5,30,1.0,0.16666666666666666,1.0,1.0633569739952717,0.1780141843971631,5.766666666666667,0.4,0.4,0.0,0.6,0.3,0.6,0.3,0.2,0.03333333333333333,0.03333333333333333,4.0,26.0,26.0,26.0,26.0,26.0,26.0,20.0,26.0,26.0,26.0,14.5,14.5,9.25673758865248,1.0633569739952717,0.1780141843971631,0.6644288488758611,-0.21308644295497667,1.0633569739952717,0.1780141843971631,0.0,0.0,0.0,0.0,0.0,OK,
gradual_bias,all_only,factor_cov_lrt,1.0,0.75,budget_only,count,0.1,0.15,0.1,30,30,5,30,1.0,0.16666666666666666,1.0,1.0633569739952717,0.1780141843971631,5.766666666666667,0.4,0.4,0.0,0.6,0.3,0.6,0.3,0.2,0.03333333333333333,0.03333333333333333,4.0,26.0,26.0,26.0,26.0,26.0,26.0,20.0,26.0,26.0,26.0,14.5,14.5,9.25673758865248,1.0633569739952717,0.1780141843971631,0.6644288488758611,-0.21308644295497667,1.0633569739952717,0.1780141843971631,0.0,0.0,0.0,0.0,0.0,OK,
gradual_bias,all_only,factor_cov_lrt,1.0,1.0,budget_only,count,0.1,0.15,0.1,30,30,5,30,1.0,0.16666666666666666,1.0,1.0633569739952717,0.1780141843971631,5.766666666666667,0.4,0.4,0.0,0.6,0.3,0.6,0.3,0.2,0.03333333333333333,0.03333333333333333,4.0,26.0,26.0,26.0,26.0,26.0,26.0,20.0,26.0,26.0,26.0,14.5,14.5,9.25673758865248,1.0633569739952717,0.1780141843971631,0.6644288488758611,-0.21308644295497667,1.0633569739952717,0.1780141843971631,0.0,0.0,0.0,0.0,0.0,OK,
gradual_bias,all_only,factor_cov_lrt,INFEASIBLE,0.25,budget_only,count,INFEASIBLE,INFEASIBLE,INFEASIBLE,INFEASIBLE,INFEASIBLE,INFEASIBLE,INFEASIBLE,INFEASIBLE,INFEASIBLE,INFEASIBLE,INFEASIBLE,INFEASIBLE,INFEASIBLE,INFEASIBLE,INFEASIBLE,INFEASIBLE,INFEASIBLE,INFEASIBLE,INFEASIBLE,INFEASIBLE,INFEASIBLE,INFEASIBLE,INFEASIBLE,,INFEASIBLE,INFEASIBLE,INFEASIBLE,INFEASIBLE,INFEASIBLE,INFEASIBLE,INFEASIBLE,INFEASIBLE,INFEASIBLE,INFEASIBLE,INFEASIBLE,INFEASIBLE,INFEASIBLE,INFEASIBLE,INFEASIBLE,INFEASIBLE,INFEASIBLE,INFEASIBLE,INFEASIBLE,INFEASIBLE,INFEASIBLE,INFEASIBLE,INFEASIBLE,INFEASIBLE,INFEASIBLE,no_trials_in_band
gradual_bias,all_only,factor_cov_lrt,INFEASIBLE,0.5,budget_only,count,INFEASIBLE,INFEASIBLE,INFEASIBLE,INFEASIBLE,INFEASIBLE,INFEASIBLE,INFEASIBLE,INFEASIBLE,INFEASIBLE,INFEASIBLE,INFEASIBLE,INFEASIBLE,INFEASIBLE,INFEASIBLE,INFEASIBLE,INFEASIBLE,INFEASIBLE,INFEASIBLE,INFEASIBLE,INFEASIBLE,INFEASIBLE,INFEASIBLE,INFEASIBLE,,INFEASIBLE,INFEASIBLE,INFEASIBLE,INFEASIBLE,INFEASIBLE,INFEASIBLE,INFEASIBLE,INFEASIBLE,INFEASIBLE,INFEASIBLE,INFEASIBLE,INFEASIBLE,INFEASIBLE,INFEASIBLE,INFEASIBLE,INFEASIBLE,INFEASIBLE,INFEASIBLE,INFEASIBLE,INFEASIBLE,INFEASIBLE,INFEASIBLE,INFEASIBLE,INFEASIBLE,INFEASIBLE,no_trials_in_band
gradual_bias,all_only,factor_cov_lrt,INFEASIBLE,0.75,budget_only,count,INFEASIBLE,INFEASIBLE,INFEASIBLE,INFEASIBLE,INFEASIBLE,INFEASIBLE,INFEASIBLE,INFEASIBLE,INFEASIBLE,INFEASIBLE,INFEASIBLE,INFEASIBLE,INFEASIBLE,INFEASIBLE,INFEASIBLE,INFEASIBLE,INFEASIBLE,INFEASIBLE,INFEASIBLE,INFEASIBLE,INFEASIBLE,INFEASIBLE,INFEASIBLE,,INFEASIBLE,INFEASIBLE,INFEASIBLE,INFEASIBLE,INFEASIBLE,INFEASIBLE,INFEASIBLE,INFEASIBLE,INFEASIBLE,INFEASIBLE,INFEASIBLE,INFEASIBLE,INFEASIBLE,INFEASIBLE,INFEASIBLE,INFEASIBLE,INFEASIBLE,INFEASIBLE,INFEASIBLE,INFEASIBLE,INFEASIBLE,INFEASIBLE,INFEASIBLE,INFEASIBLE,INFEASIBLE,no_trials_in_band
gradual_bias,all_only,factor_cov_lrt,INFEASIBLE,1.0,budget_only,count,INFEASIBLE,INFEASIBLE,INFEASIBLE,INFEASIBLE,INFEASIBLE,INFEASIBLE,INFEASIBLE,INFEASIBLE,INFEASIBLE,INFEASIBLE,INFEASIBLE,INFEASIBLE,INFEASIBLE,INFEASIBLE,INFEASIBLE,INFEASIBLE,INFEASIBLE,INFEASIBLE,INFEASIBLE,INFEASIBLE,INFEASIBLE,INFEASIBLE,INFEASIBLE,,INFEASIBLE,INFEASIBLE,INFEASIBLE,INFEASIBLE,INFEASIBLE,INFEASIBLE,INFEASIBLE,INFEASIBLE,INFEASIBLE,INFEASIBLE,INFEASIBLE,INFEASIBLE,INFEASIBLE,INFEASIBLE,INFEASIBLE,INFEASIBLE,INFEASIBLE,INFEASIBLE,INFEASIBLE,INFEASIBLE,INFEASIBLE,INFEASIBLE,INFEASIBLE,INFEASIBLE,INFEASIBLE,no_trials_in_band
gradual_bias,all_only,factor_cov_lrt_delta,1.0,0.25,budget_only,count,0.1,0.15,0.1,30,21,21,21,0.7,0.7,0.7,0.7375886524822695,0.014184397163120569,4.0,0.0,0.0,0.0,0.0,0.0,0.0,0.0,0.0,0.0,0.0,4.0,26.0,26.0,26.0,26.0,26.0,26.0,26.0,26.0,26.0,26.0,NA,NA,0.7375886524822695,0.7375886524822695,0.014184397163120569,0.020294593204858803,0.06656367029883928,0.7375886524822695,0.014184397163120569,0.0,0.0,0.0,0.0,0.0,OK,
gradual_bias,all_only,factor_cov_lrt_delta,1.0,0.5,budget_only,count,0.1,0.15,0.1,30,21,21,21,0.7,0.7,0.7,0.7375886524822695,0.014184397163120569,4.0,0.0,0.0,0.0,0.0,0.0,0.0,0.0,0.0,0.0,0.0,4.0,26.0,26.0,26.0,26.0,26.0,26.0,26.0,26.0,26.0,26.0,NA,NA,0.7375886524822695,0.7375886524822695,0.014184397163120569,0.020294593204858803,0.06656367029883928,0.7375886524822695,0.014184397163120569,0.0,0.0,0.0,0.0,0.0,OK,
gradual_bias,all_only,factor_cov_lrt_delta,1.0,0.75,budget_only,count,0.1,0.15,0.1,30,21,21,21,0.7,0.7,0.7,0.7375886524822695,0.014184397163120569,4.0,0.0,0.0,0.0,0.0,0.0,0.0,0.0,0.0,0.0,0.0,4.0,26.0,26.0,26.0,26.0,26.0,26.0,26.0,26.0,26.0,26.0,NA,NA,0.7375886524822695,0.7375886524822695,0.014184397163120569,0.020294593204858803,0.06656367029883928,0.7375886524822695,0.014184397163120569,0.0,0.0,0.0,0.0,0.0,OK,
gradual_bias,all_only,factor_cov_lrt_delta,1.0,1.0,budget_only,count,0.1,0.15,0.1,30,21,21,21,0.7,0.7,0.7,0.7375886524822695,0.014184397163120569,4.0,0.0,0.0,0.0,0.0,0.0,0.0,0.0,0.0,0.0,0.0,4.0,26.0,26.0,26.0,26.0,26.0,26.0,26.0,26.0,26.0,26.0,NA,NA,0.7375886524822695,0.7375886524822695,0.014184397163120569,0.020294593204858803,0.06656367029883928,0.7375886524822695,0.014184397163120569,0.0,0.0,0.0,0.0,0.0,OK,
gradual_bias,all_only,factor_cov_lrt_delta,INFEASIBLE,0.25,budget_only,count,INFEASIBLE,INFEASIBLE,INFEASIBLE,INFEASIBLE,INFEASIBLE,INFEASIBLE,INFEASIBLE,INFEASIBLE,INFEASIBLE,INFEASIBLE,INFEASIBLE,INFEASIBLE,INFEASIBLE,INFEASIBLE,INFEASIBLE,INFEASIBLE,INFEASIBLE,INFEASIBLE,INFEASIBLE,INFEASIBLE,INFEASIBLE,INFEASIBLE,INFEASIBLE,,INFEASIBLE,INFEASIBLE,INFEASIBLE,INFEASIBLE,INFEASIBLE,INFEASIBLE,INFEASIBLE,INFEASIBLE,INFEASIBLE,INFEASIBLE,INFEASIBLE,INFEASIBLE,INFEASIBLE,INFEASIBLE,INFEASIBLE,INFEASIBLE,INFEASIBLE,INFEASIBLE,INFEASIBLE,INFEASIBLE,INFEASIBLE,INFEASIBLE,INFEASIBLE,INFEASIBLE,INFEASIBLE,no_trials_in_band
gradual_bias,all_only,factor_cov_lrt_delta,INFEASIBLE,0.5,budget_only,count,INFEASIBLE,INFEASIBLE,INFEASIBLE,INFEASIBLE,INFEASIBLE,INFEASIBLE,INFEASIBLE,INFEASIBLE,INFEASIBLE,INFEASIBLE,INFEASIBLE,INFEASIBLE,INFEASIBLE,INFEASIBLE,INFEASIBLE,INFEASIBLE,INFEASIBLE,INFEASIBLE,INFEASIBLE,INFEASIBLE,INFEASIBLE,INFEASIBLE,INFEASIBLE,,INFEASIBLE,INFEASIBLE,INFEASIBLE,INFEASIBLE,INFEASIBLE,INFEASIBLE,INFEASIBLE,INFEASIBLE,INFEASIBLE,INFEASIBLE,INFEASIBLE,INFEASIBLE,INFEASIBLE,INFEASIBLE,INFEASIBLE,INFEASIBLE,INFEASIBLE,INFEASIBLE,INFEASIBLE,INFEASIBLE,INFEASIBLE,INFEASIBLE,INFEASIBLE,INFEASIBLE,INFEASIBLE,no_trials_in_band
gradual_bias,all_only,factor_cov_lrt_delta,INFEASIBLE,0.75,budget_only,count,INFEASIBLE,INFEASIBLE,INFEASIBLE,INFEASIBLE,INFEASIBLE,INFEASIBLE,INFEASIBLE,INFEASIBLE,INFEASIBLE,INFEASIBLE,INFEASIBLE,INFEASIBLE,INFEASIBLE,INFEASIBLE,INFEASIBLE,INFEASIBLE,INFEASIBLE,INFEASIBLE,INFEASIBLE,INFEASIBLE,INFEASIBLE,INFEASIBLE,INFEASIBLE,,INFEASIBLE,INFEASIBLE,INFEASIBLE,INFEASIBLE,INFEASIBLE,INFEASIBLE,INFEASIBLE,INFEASIBLE,INFEASIBLE,INFEASIBLE,INFEASIBLE,INFEASIBLE,INFEASIBLE,INFEASIBLE,INFEASIBLE,INFEASIBLE,INFEASIBLE,INFEASIBLE,INFEASIBLE,INFEASIBLE,INFEASIBLE,INFEASIBLE,INFEASIBLE,INFEASIBLE,INFEASIBLE,no_trials_in_band
gradual_bias,all_only,factor_cov_lrt_delta,INFEASIBLE,1.0,budget_only,count,INFEASIBLE,INFEASIBLE,INFEASIBLE,INFEASIBLE,INFEASIBLE,INFEASIBLE,INFEASIBLE,INFEASIBLE,INFEASIBLE,INFEASIBLE,INFEASIBLE,INFEASIBLE,INFEASIBLE,INFEASIBLE,INFEASIBLE,INFEASIBLE,INFEASIBLE,INFEASIBLE,INFEASIBLE,INFEASIBLE,INFEASIBLE,INFEASIBLE,INFEASIBLE,,INFEASIBLE,INFEASIBLE,INFEASIBLE,INFEASIBLE,INFEASIBLE,INFEASIBLE,INFEASIBLE,INFEASIBLE,INFEASIBLE,INFEASIBLE,INFEASIBLE,INFEASIBLE,INFEASIBLE,INFEASIBLE,INFEASIBLE,INFEASIBLE,INFEASIBLE,INFEASIBLE,INFEASIBLE,INFEASIBLE,INFEASIBLE,INFEASIBLE,INFEASIBLE,INFEASIBLE,INFEASIBLE,no_trials_in_band
gradual_bias,all_only,fused_fisher,1.0,0.25,budget_only,count,0.1,0.15,0.1,30,26,26,26,0.8666666666666667,0.8666666666666667,0.8666666666666667,0.7375886524822695,0.09192580469176215,4.0,0.23076923076923078,0.23076923076923078,0.0,0.38461538461538464,0.15384615384615385,0.38461538461538464,0.15384615384615385,0.15384615384615385,0.15384615384615385,0.15384615384615385,4.0,26.0,26.0,26.0,26.0,26.0,26.0,26.0,26.0,26.0,26.0,24.5,24.5,4.780141843971631,0.7375886524822695,0.09192580469176215,9.313225746154785e-06,0.12993450046918448,0.7375886524822695,0.09192580469176215,0.0,0.0,0.0,0.0,0.0,OK,
gradual_bias,all_only,fused_fisher,1.0,0.5,budget_only,count,0.1,0.15,0.1,30,26,26,26,0.8666666666666667,0.8666666666666667,0.8666666666666667,0.7375886524822695,0.09192580469176215,4.0,0.23076923076923078,0.23076923076923078,0.0,0.38461538461538464,0.15384615384615385,0.38461538461538464,0.15384615384615385,0.15384615384615385,0.15384615384615385,0.15384615384615385,4.0,26.0,26.0,26.0,26.0,26.0,26.0,26.0,26.0,26.0,26.0,24.5,24.5,4.780141843971631,0.7375886524822695,0.09192580469176215,9.313225746154785e-06,0.12993450046918448,0.7375886524822695,0.09192580469176215,0.0,0.0,0.0,0.0,0.0,OK,
gradual_bias,all_only,fused_fisher,1.0,0.75,budget_only,count,0.1,0.15,0.1,30,26,26,26,0.8666666666666667,0.8666666666666667,0.8666666666666667,0.7375886524822695,0.09192580469176215,4.0,0.23076923076923078,0.23076923076923078,0.0,0.38461538461538464,0.15384615384615385,0.38461538461538464,0.15384615384615385,0.15384615384615385,0.15384615384615385,0.15384615384615385,4.0,26.0,26.0,26.0,26.0,26.0,26.0,26.0,26.0,26.0,26.0,24.5,24.5,4.780141843971631,0.7375886524822695,0.09192580469176215,9.313225746154785e-06,0.12993450046918448,0.7375886524822695,0.09192580469176215,0.0,0.0,0.0,0.0,0.0,OK,
gradual_bias,all_only,fused_fisher,1.0,1.0,budget_only,count,0.1,0.15,0.1,30,26,26,26,0.8666666666666667,0.8666666666666667,0.8666666666666667,0.7375886524822695,0.09192580469176215,4.0,0.23076923076923078,0.23076923076923078,0.0,0.38461538461538464,0.15384615384615385,0.38461538461538464,0.15384615384615385,0.15384615384615385,0.15384615384615385,0.15384615384615385,4.0,26.0,26.0,26.0,26.0,26.0,26.0,26.0,26.0,26.0,26.0,24.5,24.5,4.780141843971631,0.7375886524822695,0.09192580469176215,9.313225746154785e-06,0.12993450046918448,0.7375886524822695,0.09192580469176215,0.0,0.0,0.0,0.0,0.0,OK,
gradual_bias,all_only,fused_fisher,INFEASIBLE,0.25,budget_only,count,INFEASIBLE,INFEASIBLE,INFEASIBLE,INFEASIBLE,INFEASIBLE,INFEASIBLE,INFEASIBLE,INFEASIBLE,INFEASIBLE,INFEASIBLE,INFEASIBLE,INFEASIBLE,INFEASIBLE,INFEASIBLE,INFEASIBLE,INFEASIBLE,INFEASIBLE,INFEASIBLE,INFEASIBLE,INFEASIBLE,INFEASIBLE,INFEASIBLE,INFEASIBLE,,INFEASIBLE,INFEASIBLE,INFEASIBLE,INFEASIBLE,INFEASIBLE,INFEASIBLE,INFEASIBLE,INFEASIBLE,INFEASIBLE,INFEASIBLE,INFEASIBLE,INFEASIBLE,INFEASIBLE,INFEASIBLE,INFEASIBLE,INFEASIBLE,INFEASIBLE,INFEASIBLE,INFEASIBLE,INFEASIBLE,INFEASIBLE,INFEASIBLE,INFEASIBLE,INFEASIBLE,INFEASIBLE,no_trials_in_band
gradual_bias,all_only,fused_fisher,INFEASIBLE,0.5,budget_only,count,INFEASIBLE,INFEASIBLE,INFEASIBLE,INFEASIBLE,INFEASIBLE,INFEASIBLE,INFEASIBLE,INFEASIBLE,INFEASIBLE,INFEASIBLE,INFEASIBLE,INFEASIBLE,INFEASIBLE,INFEASIBLE,INFEASIBLE,INFEASIBLE,INFEASIBLE,INFEASIBLE,INFEASIBLE,INFEASIBLE,INFEASIBLE,INFEASIBLE,INFEASIBLE,,INFEASIBLE,INFEASIBLE,INFEASIBLE,INFEASIBLE,INFEASIBLE,INFEASIBLE,INFEASIBLE,INFEASIBLE,INFEASIBLE,INFEASIBLE,INFEASIBLE,INFEASIBLE,INFEASIBLE,INFEASIBLE,INFEASIBLE,INFEASIBLE,INFEASIBLE,INFEASIBLE,INFEASIBLE,INFEASIBLE,INFEASIBLE,INFEASIBLE,INFEASIBLE,INFEASIBLE,INFEASIBLE,no_trials_in_band
gradual_bias,all_only,fused_fisher,INFEASIBLE,0.75,budget_only,count,INFEASIBLE,INFEASIBLE,INFEASIBLE,INFEASIBLE,INFEASIBLE,INFEASIBLE,INFEASIBLE,INFEASIBLE,INFEASIBLE,INFEASIBLE,INFEASIBLE,INFEASIBLE,INFEASIBLE,INFEASIBLE,INFEASIBLE,INFEASIBLE,INFEASIBLE,INFEASIBLE,INFEASIBLE,INFEASIBLE,INFEASIBLE,INFEASIBLE,INFEASIBLE,,INFEASIBLE,INFEASIBLE,INFEASIBLE,INFEASIBLE,INFEASIBLE,INFEASIBLE,INFEASIBLE,INFEASIBLE,INFEASIBLE,INFEASIBLE,INFEASIBLE,INFEASIBLE,INFEASIBLE,INFEASIBLE,INFEASIBLE,INFEASIBLE,INFEASIBLE,INFEASIBLE,INFEASIBLE,INFEASIBLE,INFEASIBLE,INFEASIBLE,INFEASIBLE,INFEASIBLE,INFEASIBLE,no_trials_in_band
gradual_bias,all_only,fused_fisher,INFEASIBLE,1.0,budget_only,count,INFEASIBLE,INFEASIBLE,INFEASIBLE,INFEASIBLE,INFEASIBLE,INFEASIBLE,INFEASIBLE,INFEASIBLE,INFEASIBLE,INFEASIBLE,INFEASIBLE,INFEASIBLE,INFEASIBLE,INFEASIBLE,INFEASIBLE,INFEASIBLE,INFEASIBLE,INFEASIBLE,INFEASIBLE,INFEASIBLE,INFEASIBLE,INFEASIBLE,INFEASIBLE,,INFEASIBLE,INFEASIBLE,INFEASIBLE,INFEASIBLE,INFEASIBLE,INFEASIBLE,INFEASIBLE,INFEASIBLE,INFEASIBLE,INFEASIBLE,INFEASIBLE,INFEASIBLE,INFEASIBLE,INFEASIBLE,INFEASIBLE,INFEASIBLE,INFEASIBLE,INFEASIBLE,INFEASIBLE,INFEASIBLE,INFEASIBLE,INFEASIBLE,INFEASIBLE,INFEASIBLE,INFEASIBLE,no_trials_in_band
gradual_bias,all_only,fused_fisher_lrt_delta,1.0,0.25,budget_only,count,0.1,0.15,0.1,30,30,30,30,1.0,1.0,1.0,1.0141843971631206,0.01950354609929078,5.5,0.5,0.5,0.0,0.5,0.1,0.5,0.1,0.0,0.1,0.1,4.0,25.5,25.5,25.5,26.0,25.5,26.0,25.5,26.0,25.5,26.0,13.0,13.0,1.0141843971631206,1.0141843971631206,0.01950354609929078,0.014241159089097342,0.07529029351782685,1.0141843971631206,0.01950354609929078,0.0,0.0,0.0,0.0,0.0,OK,
gradual_bias,all_only,fused_fisher_lrt_delta,1.0,0.5,budget_only,count,0.1,0.15,0.1,30,30,30,30,1.0,1.0,1.0,1.0141843971631206,0.01950354609929078,5.5,0.5,0.5,0.0,0.5,0.1,0.5,0.1,0.0,0.1,0.1,4.0,25.5,25.5,25.5,26.0,25.5,26.0,25.5,26.0,25.5,26.0,13.0,13.0,1.0141843971631206,1.0141843971631206,0.01950354609929078,0.014241159089097342,0.07529029351782685,1.0141843971631206,0.01950354609929078,0.0,0.0,0.0,0.0,0.0,OK,
gradual_bias,all_only,fused_fisher_lrt_delta,1.0,0.75,budget_only,count,0.1,0.15,0.1,30,30,30,30,1.0,1.0,1.0,1.0141843971631206,0.01950354609929078,5.5,0.5,0.5,0.0,0.5,0.1,0.5,0.1,0.0,0.1,0.1,4.0,25.5,25.5,25.5,26.0,25.5,26.0,25.5,26.0,25.5,26.0,13.0,13.0,1.0141843971631206,1.0141843971631206,0.01950354609929078,0.014241159089097342,0.07529029351782685,1.0141843971631206,0.01950354609929078,0.0,0.0,0.0,0.0,0.0,OK,
gradual_bias,all_only,fused_fisher_lrt_delta,1.0,1.0,budget_only,count,0.1,0.15,0.1,30,30,30,30,1.0,1.0,1.0,1.0141843971631206,0.01950354609929078,5.5,0.5,0.5,0.0,0.5,0.1,0.5,0.1,0.0,0.1,0.1,4.0,25.5,25.5,25.5,26.0,25.5,26.0,25.5,26.0,25.5,26.0,13.0,13.0,1.0141843971631206,1.0141843971631206,0.01950354609929078,0.014241159089097342,0.07529029351782685,1.0141843971631206,0.01950354609929078,0.0,0.0,0.0,0.0,0.0,OK,
gradual_bias,all_only,fused_fisher_lrt_delta,INFEASIBLE,0.25,budget_only,count,INFEASIBLE,INFEASIBLE,INFEASIBLE,INFEASIBLE,INFEASIBLE,INFEASIBLE,INFEASIBLE,INFEASIBLE,INFEASIBLE,INFEASIBLE,INFEASIBLE,INFEASIBLE,INFEASIBLE,INFEASIBLE,INFEASIBLE,INFEASIBLE,INFEASIBLE,INFEASIBLE,INFEASIBLE,INFEASIBLE,INFEASIBLE,INFEASIBLE,INFEASIBLE,,INFEASIBLE,INFEASIBLE,INFEASIBLE,INFEASIBLE,INFEASIBLE,INFEASIBLE,INFEASIBLE,INFEASIBLE,INFEASIBLE,INFEASIBLE,INFEASIBLE,INFEASIBLE,INFEASIBLE,INFEASIBLE,INFEASIBLE,INFEASIBLE,INFEASIBLE,INFEASIBLE,INFEASIBLE,INFEASIBLE,INFEASIBLE,INFEASIBLE,INFEASIBLE,INFEASIBLE,INFEASIBLE,no_trials_in_band
gradual_bias,all_only,fused_fisher_lrt_delta,INFEASIBLE,0.5,budget_only,count,INFEASIBLE,INFEASIBLE,INFEASIBLE,INFEASIBLE,INFEASIBLE,INFEASIBLE,INFEASIBLE,INFEASIBLE,INFEASIBLE,INFEASIBLE,INFEASIBLE,INFEASIBLE,INFEASIBLE,INFEASIBLE,INFEASIBLE,INFEASIBLE,INFEASIBLE,INFEASIBLE,INFEASIBLE,INFEASIBLE,INFEASIBLE,INFEASIBLE,INFEASIBLE,,INFEASIBLE,INFEASIBLE,INFEASIBLE,INFEASIBLE,INFEASIBLE,INFEASIBLE,INFEASIBLE,INFEASIBLE,INFEASIBLE,INFEASIBLE,INFEASIBLE,INFEASIBLE,INFEASIBLE,INFEASIBLE,INFEASIBLE,INFEASIBLE,INFEASIBLE,INFEASIBLE,INFEASIBLE,INFEASIBLE,INFEASIBLE,INFEASIBLE,INFEASIBLE,INFEASIBLE,INFEASIBLE,no_trials_in_band
gradual_bias,all_only,fused_fisher_lrt_delta,INFEASIBLE,0.75,budget_only,count,INFEASIBLE,INFEASIBLE,INFEASIBLE,INFEASIBLE,INFEASIBLE,INFEASIBLE,INFEASIBLE,INFEASIBLE,INFEASIBLE,INFEASIBLE,INFEASIBLE,INFEASIBLE,INFEASIBLE,INFEASIBLE,INFEASIBLE,INFEASIBLE,INFEASIBLE,INFEASIBLE,INFEASIBLE,INFEASIBLE,INFEASIBLE,INFEASIBLE,INFEASIBLE,,INFEASIBLE,INFEASIBLE,INFEASIBLE,INFEASIBLE,INFEASIBLE,INFEASIBLE,INFEASIBLE,INFEASIBLE,INFEASIBLE,INFEASIBLE,INFEASIBLE,INFEASIBLE,INFEASIBLE,INFEASIBLE,INFEASIBLE,INFEASIBLE,INFEASIBLE,INFEASIBLE,INFEASIBLE,INFEASIBLE,INFEASIBLE,INFEASIBLE,INFEASIBLE,INFEASIBLE,INFEASIBLE,no_trials_in_band
gradual_bias,all_only,fused_fisher_lrt_delta,INFEASIBLE,1.0,budget_only,count,INFEASIBLE,INFEASIBLE,INFEASIBLE,INFEASIBLE,INFEASIBLE,INFEASIBLE,INFEASIBLE,INFEASIBLE,INFEASIBLE,INFEASIBLE,INFEASIBLE,INFEASIBLE,INFEASIBLE,INFEASIBLE,INFEASIBLE,INFEASIBLE,INFEASIBLE,INFEASIBLE,INFEASIBLE,INFEASIBLE,INFEASIBLE,INFEASIBLE,INFEASIBLE,,INFEASIBLE,INFEASIBLE,INFEASIBLE,INFEASIBLE,INFEASIBLE,INFEASIBLE,INFEASIBLE,INFEASIBLE,INFEASIBLE,INFEASIBLE,INFEASIBLE,INFEASIBLE,INFEASIBLE,INFEASIBLE,INFEASIBLE,INFEASIBLE,INFEASIBLE,INFEASIBLE,INFEASIBLE,INFEASIBLE,INFEASIBLE,INFEASIBLE,INFEASIBLE,INFEASIBLE,INFEASIBLE,no_trials_in_band
gradual_bias,all_only,fused_sp,1.0,0.25,budget_only,count,0.1,0.15,0.1,30,30,30,30,1.0,1.0,1.0,0.8666666666666667,0.04539007092198581,4.7,0.3,0.3,0.0,0.3,0.06666666666666667,0.3,0.06666666666666667,0.0,0.06666666666666667,0.06666666666666667,4.0,26.0,26.0,26.0,26.0,26.0,26.0,26.0,26.0,26.0,26.0,14.0,14.0,2.3602836879432627,0.8666666666666667,0.04539007092198581,0.020294593204858803,-0.03203709191278005,0.8666666666666667,0.04539007092198581,0.0,0.0,0.0,0.0,0.0,OK,
gradual_bias,all_only,fused_sp,1.0,0.5,budget_only,count,0.1,0.15,0.1,30,30,30,30,1.0,1.0,1.0,0.8666666666666667,0.04539007092198581,4.7,0.3,0.3,0.0,0.3,0.06666666666666667,0.3,0.06666666666666667,0.0,0.06666666666666667,0.06666666666666667,4.0,26.0,26.0,26.0,26.0,26.0,26.0,26.0,26.0,26.0,26.0,14.0,14.0,2.3602836879432627,0.8666666666666667,0.04539007092198581,0.020294593204858803,-0.03203709191278005,0.8666666666666667,0.04539007092198581,0.0,0.0,0.0,0.0,0.0,OK,
gradual_bias,all_only,fused_sp,1.0,0.75,budget_only,count,0.1,0.15,0.1,30,30,30,30,1.0,1.0,1.0,0.8666666666666667,0.04539007092198581,4.7,0.3,0.3,0.0,0.3,0.06666666666666667,0.3,0.06666666666666667,0.0,0.06666666666666667,0.06666666666666667,4.0,26.0,26.0,26.0,26.0,26.0,26.0,26.0,26.0,26.0,26.0,14.0,14.0,2.3602836879432627,0.8666666666666667,0.04539007092198581,0.020294593204858803,-0.03203709191278005,0.8666666666666667,0.04539007092198581,0.0,0.0,0.0,0.0,0.0,OK,
gradual_bias,all_only,fused_sp,1.0,1.0,budget_only,count,0.1,0.15,0.1,30,30,30,30,1.0,1.0,1.0,0.8666666666666667,0.04539007092198581,4.7,0.3,0.3,0.0,0.3,0.06666666666666667,0.3,0.06666666666666667,0.0,0.06666666666666667,0.06666666666666667,4.0,26.0,26.0,26.0,26.0,26.0,26.0,26.0,26.0,26.0,26.0,14.0,14.0,2.3602836879432627,0.8666666666666667,0.04539007092198581,0.020294593204858803,-0.03203709191278005,0.8666666666666667,0.04539007092198581,0.0,0.0,0.0,0.0,0.0,OK,
gradual_bias,all_only,fused_sp,INFEASIBLE,0.25,budget_only,count,INFEASIBLE,INFEASIBLE,INFEASIBLE,INFEASIBLE,INFEASIBLE,INFEASIBLE,INFEASIBLE,INFEASIBLE,INFEASIBLE,INFEASIBLE,INFEASIBLE,INFEASIBLE,INFEASIBLE,INFEASIBLE,INFEASIBLE,INFEASIBLE,INFEASIBLE,INFEASIBLE,INFEASIBLE,INFEASIBLE,INFEASIBLE,INFEASIBLE,INFEASIBLE,,INFEASIBLE,INFEASIBLE,INFEASIBLE,INFEASIBLE,INFEASIBLE,INFEASIBLE,INFEASIBLE,INFEASIBLE,INFEASIBLE,INFEASIBLE,INFEASIBLE,INFEASIBLE,INFEASIBLE,INFEASIBLE,INFEASIBLE,INFEASIBLE,INFEASIBLE,INFEASIBLE,INFEASIBLE,INFEASIBLE,INFEASIBLE,INFEASIBLE,INFEASIBLE,INFEASIBLE,INFEASIBLE,no_trials_in_band
gradual_bias,all_only,fused_sp,INFEASIBLE,0.5,budget_only,count,INFEASIBLE,INFEASIBLE,INFEASIBLE,INFEASIBLE,INFEASIBLE,INFEASIBLE,INFEASIBLE,INFEASIBLE,INFEASIBLE,INFEASIBLE,INFEASIBLE,INFEASIBLE,INFEASIBLE,INFEASIBLE,INFEASIBLE,INFEASIBLE,INFEASIBLE,INFEASIBLE,INFEASIBLE,INFEASIBLE,INFEASIBLE,INFEASIBLE,INFEASIBLE,,INFEASIBLE,INFEASIBLE,INFEASIBLE,INFEASIBLE,INFEASIBLE,INFEASIBLE,INFEASIBLE,INFEASIBLE,INFEASIBLE,INFEASIBLE,INFEASIBLE,INFEASIBLE,INFEASIBLE,INFEASIBLE,INFEASIBLE,INFEASIBLE,INFEASIBLE,INFEASIBLE,INFEASIBLE,INFEASIBLE,INFEASIBLE,INFEASIBLE,INFEASIBLE,INFEASIBLE,INFEASIBLE,no_trials_in_band
gradual_bias,all_only,fused_sp,INFEASIBLE,0.75,budget_only,count,INFEASIBLE,INFEASIBLE,INFEASIBLE,INFEASIBLE,INFEASIBLE,INFEASIBLE,INFEASIBLE,INFEASIBLE,INFEASIBLE,INFEASIBLE,INFEASIBLE,INFEASIBLE,INFEASIBLE,INFEASIBLE,INFEASIBLE,INFEASIBLE,INFEASIBLE,INFEASIBLE,INFEASIBLE,INFEASIBLE,INFEASIBLE,INFEASIBLE,INFEASIBLE,,INFEASIBLE,INFEASIBLE,INFEASIBLE,INFEASIBLE,INFEASIBLE,INFEASIBLE,INFEASIBLE,INFEASIBLE,INFEASIBLE,INFEASIBLE,INFEASIBLE,INFEASIBLE,INFEASIBLE,INFEASIBLE,INFEASIBLE,INFEASIBLE,INFEASIBLE,INFEASIBLE,INFEASIBLE,INFEASIBLE,INFEASIBLE,INFEASIBLE,INFEASIBLE,INFEASIBLE,INFEASIBLE,no_trials_in_band
gradual_bias,all_only,fused_sp,INFEASIBLE,1.0,budget_only,count,INFEASIBLE,INFEASIBLE,INFEASIBLE,INFEASIBLE,INFEASIBLE,INFEASIBLE,INFEASIBLE,INFEASIBLE,INFEASIBLE,INFEASIBLE,INFEASIBLE,INFEASIBLE,INFEASIBLE,INFEASIBLE,INFEASIBLE,INFEASIBLE,INFEASIBLE,INFEASIBLE,INFEASIBLE,INFEASIBLE,INFEASIBLE,INFEASIBLE,INFEASIBLE,,INFEASIBLE,INFEASIBLE,INFEASIBLE,INFEASIBLE,INFEASIBLE,INFEASIBLE,INFEASIBLE,INFEASIBLE,INFEASIBLE,INFEASIBLE,INFEASIBLE,INFEASIBLE,INFEASIBLE,INFEASIBLE,INFEASIBLE,INFEASIBLE,INFEASIBLE,INFEASIBLE,INFEASIBLE,INFEASIBLE,INFEASIBLE,INFEASIBLE,INFEASIBLE,INFEASIBLE,INFEASIBLE,no_trials_in_band
gradual_bias,all_only,fused_sp_lrt_delta,1.0,0.25,budget_only,count,0.1,0.15,0.1,30,21,21,21,0.7,0.7,0.7,0.7375886524822695,0.014184397163120569,4.0,0.0,0.0,0.0,0.0,0.0,0.0,0.0,0.0,0.0,0.0,4.0,26.0,26.0,26.0,26.0,26.0,26.0,26.0,26.0,26.0,26.0,NA,NA,0.7375886524822695,0.7375886524822695,0.014184397163120569,0.020294593204858803,-0.24276574022236672,0.7375886524822695,0.014184397163120569,0.0,0.0,0.0,0.0,0.0,OK,
gradual_bias,all_only,fused_sp_lrt_delta,1.0,0.5,budget_only,count,0.1,0.15,0.1,30,21,21,21,0.7,0.7,0.7,0.7375886524822695,0.014184397163120569,4.0,0.0,0.0,0.0,0.0,0.0,0.0,0.0,0.0,0.0,0.0,4.0,26.0,26.0,26.0,26.0,26.0,26.0,26.0,26.0,26.0,26.0,NA,NA,0.7375886524822695,0.7375886524822695,0.014184397163120569,0.020294593204858803,-0.24276574022236672,0.7375886524822695,0.014184397163120569,0.0,0.0,0.0,0.0,0.0,OK,
gradual_bias,all_only,fused_sp_lrt_delta,1.0,0.75,budget_only,count,0.1,0.15,0.1,30,21,21,21,0.7,0.7,0.7,0.7375886524822695,0.014184397163120569,4.0,0.0,0.0,0.0,0.0,0.0,0.0,0.0,0.0,0.0,0.0,4.0,26.0,26.0,26.0,26.0,26.0,26.0,26.0,26.0,26.0,26.0,NA,NA,0.7375886524822695,0.7375886524822695,0.014184397163120569,0.020294593204858803,-0.24276574022236672,0.7375886524822695,0.014184397163120569,0.0,0.0,0.0,0.0,0.0,OK,
gradual_bias,all_only,fused_sp_lrt_delta,1.0,1.0,budget_only,count,0.1,0.15,0.1,30,21,21,21,0.7,0.7,0.7,0.7375886524822695,0.014184397163120569,4.0,0.0,0.0,0.0,0.0,0.0,0.0,0.0,0.0,0.0,0.0,4.0,26.0,26.0,26.0,26.0,26.0,26.0,26.0,26.0,26.0,26.0,NA,NA,0.7375886524822695,0.7375886524822695,0.014184397163120569,0.020294593204858803,-0.24276574022236672,0.7375886524822695,0.014184397163120569,0.0,0.0,0.0,0.0,0.0,OK,
gradual_bias,all_only,fused_sp_lrt_delta,INFEASIBLE,0.25,budget_only,count,INFEASIBLE,INFEASIBLE,INFEASIBLE,INFEASIBLE,INFEASIBLE,INFEASIBLE,INFEASIBLE,INFEASIBLE,INFEASIBLE,INFEASIBLE,INFEASIBLE,INFEASIBLE,INFEASIBLE,INFEASIBLE,INFEASIBLE,INFEASIBLE,INFEASIBLE,INFEASIBLE,INFEASIBLE,INFEASIBLE,INFEASIBLE,INFEASIBLE,INFEASIBLE,,INFEASIBLE,INFEASIBLE,INFEASIBLE,INFEASIBLE,INFEASIBLE,INFEASIBLE,INFEASIBLE,INFEASIBLE,INFEASIBLE,INFEASIBLE,INFEASIBLE,INFEASIBLE,INFEASIBLE,INFEASIBLE,INFEASIBLE,INFEASIBLE,INFEASIBLE,INFEASIBLE,INFEASIBLE,INFEASIBLE,INFEASIBLE,INFEASIBLE,INFEASIBLE,INFEASIBLE,INFEASIBLE,no_trials_in_band
gradual_bias,all_only,fused_sp_lrt_delta,INFEASIBLE,0.5,budget_only,count,INFEASIBLE,INFEASIBLE,INFEASIBLE,INFEASIBLE,INFEASIBLE,INFEASIBLE,INFEASIBLE,INFEASIBLE,INFEASIBLE,INFEASIBLE,INFEASIBLE,INFEASIBLE,INFEASIBLE,INFEASIBLE,INFEASIBLE,INFEASIBLE,INFEASIBLE,INFEASIBLE,INFEASIBLE,INFEASIBLE,INFEASIBLE,INFEASIBLE,INFEASIBLE,,INFEASIBLE,INFEASIBLE,INFEASIBLE,INFEASIBLE,INFEASIBLE,INFEASIBLE,INFEASIBLE,INFEASIBLE,INFEASIBLE,INFEASIBLE,INFEASIBLE,INFEASIBLE,INFEASIBLE,INFEASIBLE,INFEASIBLE,INFEASIBLE,INFEASIBLE,INFEASIBLE,INFEASIBLE,INFEASIBLE,INFEASIBLE,INFEASIBLE,INFEASIBLE,INFEASIBLE,INFEASIBLE,no_trials_in_band
gradual_bias,all_only,fused_sp_lrt_delta,INFEASIBLE,0.75,budget_only,count,INFEASIBLE,INFEASIBLE,INFEASIBLE,INFEASIBLE,INFEASIBLE,INFEASIBLE,INFEASIBLE,INFEASIBLE,INFEASIBLE,INFEASIBLE,INFEASIBLE,INFEASIBLE,INFEASIBLE,INFEASIBLE,INFEASIBLE,INFEASIBLE,INFEASIBLE,INFEASIBLE,INFEASIBLE,INFEASIBLE,INFEASIBLE,INFEASIBLE,INFEASIBLE,,INFEASIBLE,INFEASIBLE,INFEASIBLE,INFEASIBLE,INFEASIBLE,INFEASIBLE,INFEASIBLE,INFEASIBLE,INFEASIBLE,INFEASIBLE,INFEASIBLE,INFEASIBLE,INFEASIBLE,INFEASIBLE,INFEASIBLE,INFEASIBLE,INFEASIBLE,INFEASIBLE,INFEASIBLE,INFEASIBLE,INFEASIBLE,INFEASIBLE,INFEASIBLE,INFEASIBLE,INFEASIBLE,no_trials_in_band
gradual_bias,all_only,fused_sp_lrt_delta,INFEASIBLE,1.0,budget_only,count,INFEASIBLE,INFEASIBLE,INFEASIBLE,INFEASIBLE,INFEASIBLE,INFEASIBLE,INFEASIBLE,INFEASIBLE,INFEASIBLE,INFEASIBLE,INFEASIBLE,INFEASIBLE,INFEASIBLE,INFEASIBLE,INFEASIBLE,INFEASIBLE,INFEASIBLE,INFEASIBLE,INFEASIBLE,INFEASIBLE,INFEASIBLE,INFEASIBLE,INFEASIBLE,,INFEASIBLE,INFEASIBLE,INFEASIBLE,INFEASIBLE,INFEASIBLE,INFEASIBLE,INFEASIBLE,INFEASIBLE,INFEASIBLE,INFEASIBLE,INFEASIBLE,INFEASIBLE,INFEASIBLE,INFEASIBLE,INFEASIBLE,INFEASIBLE,INFEASIBLE,INFEASIBLE,INFEASIBLE,INFEASIBLE,INFEASIBLE,INFEASIBLE,INFEASIBLE,INFEASIBLE,INFEASIBLE,no_trials_in_band
gradual_bias,all_only,max_abs,INFEASIBLE,0.25,budget_only,count,INFEASIBLE,INFEASIBLE,INFEASIBLE,INFEASIBLE,INFEASIBLE,INFEASIBLE,INFEASIBLE,INFEASIBLE,INFEASIBLE,INFEASIBLE,INFEASIBLE,INFEASIBLE,INFEASIBLE,INFEASIBLE,INFEASIBLE,INFEASIBLE,INFEASIBLE,INFEASIBLE,INFEASIBLE,INFEASIBLE,INFEASIBLE,INFEASIBLE,INFEASIBLE,,INFEASIBLE,INFEASIBLE,INFEASIBLE,INFEASIBLE,INFEASIBLE,INFEASIBLE,INFEASIBLE,INFEASIBLE,INFEASIBLE,INFEASIBLE,INFEASIBLE,INFEASIBLE,INFEASIBLE,INFEASIBLE,INFEASIBLE,INFEASIBLE,INFEASIBLE,INFEASIBLE,INFEASIBLE,INFEASIBLE,INFEASIBLE,INFEASIBLE,INFEASIBLE,INFEASIBLE,INFEASIBLE,no_trials_in_band
gradual_bias,all_only,max_abs,INFEASIBLE,0.5,budget_only,count,INFEASIBLE,INFEASIBLE,INFEASIBLE,INFEASIBLE,INFEASIBLE,INFEASIBLE,INFEASIBLE,INFEASIBLE,INFEASIBLE,INFEASIBLE,INFEASIBLE,INFEASIBLE,INFEASIBLE,INFEASIBLE,INFEASIBLE,INFEASIBLE,INFEASIBLE,INFEASIBLE,INFEASIBLE,INFEASIBLE,INFEASIBLE,INFEASIBLE,INFEASIBLE,,INFEASIBLE,INFEASIBLE,INFEASIBLE,INFEASIBLE,INFEASIBLE,INFEASIBLE,INFEASIBLE,INFEASIBLE,INFEASIBLE,INFEASIBLE,INFEASIBLE,INFEASIBLE,INFEASIBLE,INFEASIBLE,INFEASIBLE,INFEASIBLE,INFEASIBLE,INFEASIBLE,INFEASIBLE,INFEASIBLE,INFEASIBLE,INFEASIBLE,INFEASIBLE,INFEASIBLE,INFEASIBLE,no_trials_in_band
gradual_bias,all_only,max_abs,INFEASIBLE,0.75,budget_only,count,INFEASIBLE,INFEASIBLE,INFEASIBLE,INFEASIBLE,INFEASIBLE,INFEASIBLE,INFEASIBLE,INFEASIBLE,INFEASIBLE,INFEASIBLE,INFEASIBLE,INFEASIBLE,INFEASIBLE,INFEASIBLE,INFEASIBLE,INFEASIBLE,INFEASIBLE,INFEASIBLE,INFEASIBLE,INFEASIBLE,INFEASIBLE,INFEASIBLE,INFEASIBLE,,INFEASIBLE,INFEASIBLE,INFEASIBLE,INFEASIBLE,INFEASIBLE,INFEASIBLE,INFEASIBLE,INFEASIBLE,INFEASIBLE,INFEASIBLE,INFEASIBLE,INFEASIBLE,INFEASIBLE,INFEASIBLE,INFEASIBLE,INFEASIBLE,INFEASIBLE,INFEASIBLE,INFEASIBLE,INFEASIBLE,INFEASIBLE,INFEASIBLE,INFEASIBLE,INFEASIBLE,INFEASIBLE,no_trials_in_band
gradual_bias,all_only,max_abs,INFEASIBLE,1.0,budget_only,count,INFEASIBLE,INFEASIBLE,INFEASIBLE,INFEASIBLE,INFEASIBLE,INFEASIBLE,INFEASIBLE,INFEASIBLE,INFEASIBLE,INFEASIBLE,INFEASIBLE,INFEASIBLE,INFEASIBLE,INFEASIBLE,INFEASIBLE,INFEASIBLE,INFEASIBLE,INFEASIBLE,INFEASIBLE,INFEASIBLE,INFEASIBLE,INFEASIBLE,INFEASIBLE,,INFEASIBLE,INFEASIBLE,INFEASIBLE,INFEASIBLE,INFEASIBLE,INFEASIBLE,INFEASIBLE,INFEASIBLE,INFEASIBLE,INFEASIBLE,INFEASIBLE,INFEASIBLE,INFEASIBLE,INFEASIBLE,INFEASIBLE,INFEASIBLE,INFEASIBLE,INFEASIBLE,INFEASIBLE,INFEASIBLE,INFEASIBLE,INFEASIBLE,INFEASIBLE,INFEASIBLE,INFEASIBLE,no_trials_in_band
gradual_bias,all_only,max_abs,INFEASIBLE,0.25,budget_only,count,INFEASIBLE,INFEASIBLE,INFEASIBLE,INFEASIBLE,INFEASIBLE,INFEASIBLE,INFEASIBLE,INFEASIBLE,INFEASIBLE,INFEASIBLE,INFEASIBLE,INFEASIBLE,INFEASIBLE,INFEASIBLE,INFEASIBLE,INFEASIBLE,INFEASIBLE,INFEASIBLE,INFEASIBLE,INFEASIBLE,INFEASIBLE,INFEASIBLE,INFEASIBLE,,INFEASIBLE,INFEASIBLE,INFEASIBLE,INFEASIBLE,INFEASIBLE,INFEASIBLE,INFEASIBLE,INFEASIBLE,INFEASIBLE,INFEASIBLE,INFEASIBLE,INFEASIBLE,INFEASIBLE,INFEASIBLE,INFEASIBLE,INFEASIBLE,INFEASIBLE,INFEASIBLE,INFEASIBLE,INFEASIBLE,INFEASIBLE,INFEASIBLE,INFEASIBLE,INFEASIBLE,INFEASIBLE,no_trials_in_band
gradual_bias,all_only,max_abs,INFEASIBLE,0.5,budget_only,count,INFEASIBLE,INFEASIBLE,INFEASIBLE,INFEASIBLE,INFEASIBLE,INFEASIBLE,INFEASIBLE,INFEASIBLE,INFEASIBLE,INFEASIBLE,INFEASIBLE,INFEASIBLE,INFEASIBLE,INFEASIBLE,INFEASIBLE,INFEASIBLE,INFEASIBLE,INFEASIBLE,INFEASIBLE,INFEASIBLE,INFEASIBLE,INFEASIBLE,INFEASIBLE,,INFEASIBLE,INFEASIBLE,INFEASIBLE,INFEASIBLE,INFEASIBLE,INFEASIBLE,INFEASIBLE,INFEASIBLE,INFEASIBLE,INFEASIBLE,INFEASIBLE,INFEASIBLE,INFEASIBLE,INFEASIBLE,INFEASIBLE,INFEASIBLE,INFEASIBLE,INFEASIBLE,INFEASIBLE,INFEASIBLE,INFEASIBLE,INFEASIBLE,INFEASIBLE,INFEASIBLE,INFEASIBLE,no_trials_in_band
gradual_bias,all_only,max_abs,INFEASIBLE,0.75,budget_only,count,INFEASIBLE,INFEASIBLE,INFEASIBLE,INFEASIBLE,INFEASIBLE,INFEASIBLE,INFEASIBLE,INFEASIBLE,INFEASIBLE,INFEASIBLE,INFEASIBLE,INFEASIBLE,INFEASIBLE,INFEASIBLE,INFEASIBLE,INFEASIBLE,INFEASIBLE,INFEASIBLE,INFEASIBLE,INFEASIBLE,INFEASIBLE,INFEASIBLE,INFEASIBLE,,INFEASIBLE,INFEASIBLE,INFEASIBLE,INFEASIBLE,INFEASIBLE,INFEASIBLE,INFEASIBLE,INFEASIBLE,INFEASIBLE,INFEASIBLE,INFEASIBLE,INFEASIBLE,INFEASIBLE,INFEASIBLE,INFEASIBLE,INFEASIBLE,INFEASIBLE,INFEASIBLE,INFEASIBLE,INFEASIBLE,INFEASIBLE,INFEASIBLE,INFEASIBLE,INFEASIBLE,INFEASIBLE,no_trials_in_band
gradual_bias,all_only,max_abs,INFEASIBLE,1.0,budget_only,count,INFEASIBLE,INFEASIBLE,INFEASIBLE,INFEASIBLE,INFEASIBLE,INFEASIBLE,INFEASIBLE,INFEASIBLE,INFEASIBLE,INFEASIBLE,INFEASIBLE,INFEASIBLE,INFEASIBLE,INFEASIBLE,INFEASIBLE,INFEASIBLE,INFEASIBLE,INFEASIBLE,INFEASIBLE,INFEASIBLE,INFEASIBLE,INFEASIBLE,INFEASIBLE,,INFEASIBLE,INFEASIBLE,INFEASIBLE,INFEASIBLE,INFEASIBLE,INFEASIBLE,INFEASIBLE,INFEASIBLE,INFEASIBLE,INFEASIBLE,INFEASIBLE,INFEASIBLE,INFEASIBLE,INFEASIBLE,INFEASIBLE,INFEASIBLE,INFEASIBLE,INFEASIBLE,INFEASIBLE,INFEASIBLE,INFEASIBLE,INFEASIBLE,INFEASIBLE,INFEASIBLE,INFEASIBLE,no_trials_in_band
gradual_bias,all_only,pc_t2,1.0,0.25,budget_only,count,0.1,0.15,0.1,30,30,30,30,1.0,1.0,1.0,0.8543735224586289,0.019621749408983456,4.633333333333334,0.36666666666666664,0.36666666666666664,0.0,0.36666666666666664,0.0,0.36666666666666664,0.0,0.0,0.0,0.0,4.0,26.0,26.0,26.0,26.0,26.0,26.0,26.0,26.0,26.0,26.0,15.0,15.0,1.0203309692671394,0.8543735224586289,0.019621749408983456,0.020294593204858803,0.0,0.8543735224586289,0.019621749408983456,0.0,0.0,0.0,0.0,0.0,OK,
gradual_bias,all_only,pc_t2,1.0,0.5,budget_only,count,0.1,0.15,0.1,30,30,30,30,1.0,1.0,1.0,0.8543735224586289,0.019621749408983456,4.633333333333334,0.36666666666666664,0.36666666666666664,0.0,0.36666666666666664,0.0,0.36666666666666664,0.0,0.0,0.0,0.0,4.0,26.0,26.0,26.0,26.0,26.0,26.0,26.0,26.0,26.0,26.0,15.0,15.0,1.0203309692671394,0.8543735224586289,0.019621749408983456,0.020294593204858803,0.0,0.8543735224586289,0.019621749408983456,0.0,0.0,0.0,0.0,0.0,OK,
gradual_bias,all_only,pc_t2,1.0,0.75,budget_only,count,0.1,0.15,0.1,30,30,30,30,1.0,1.0,1.0,0.8543735224586289,0.019621749408983456,4.633333333333334,0.36666666666666664,0.36666666666666664,0.0,0.36666666666666664,0.0,0.36666666666666664,0.0,0.0,0.0,0.0,4.0,26.0,26.0,26.0,26.0,26.0,26.0,26.0,26.0,26.0,26.0,15.0,15.0,1.0203309692671394,0.8543735224586289,0.019621749408983456,0.020294593204858803,0.0,0.8543735224586289,0.019621749408983456,0.0,0.0,0.0,0.0,0.0,OK,
gradual_bias,all_only,pc_t2,1.0,1.0,budget_only,count,0.1,0.15,0.1,30,30,30,30,1.0,1.0,1.0,0.8543735224586289,0.019621749408983456,4.633333333333334,0.36666666666666664,0.36666666666666664,0.0,0.36666666666666664,0.0,0.36666666666666664,0.0,0.0,0.0,0.0,4.0,26.0,26.0,26.0,26.0,26.0,26.0,26.0,26.0,26.0,26.0,15.0,15.0,1.0203309692671394,0.8543735224586289,0.019621749408983456,0.020294593204858803,0.0,0.8543735224586289,0.019621749408983456,0.0,0.0,0.0,0.0,0.0,OK,
gradual_bias,all_only,pc_t2,INFEASIBLE,0.25,budget_only,count,INFEASIBLE,INFEASIBLE,INFEASIBLE,INFEASIBLE,INFEASIBLE,INFEASIBLE,INFEASIBLE,INFEASIBLE,INFEASIBLE,INFEASIBLE,INFEASIBLE,INFEASIBLE,INFEASIBLE,INFEASIBLE,INFEASIBLE,INFEASIBLE,INFEASIBLE,INFEASIBLE,INFEASIBLE,INFEASIBLE,INFEASIBLE,INFEASIBLE,INFEASIBLE,,INFEASIBLE,INFEASIBLE,INFEASIBLE,INFEASIBLE,INFEASIBLE,INFEASIBLE,INFEASIBLE,INFEASIBLE,INFEASIBLE,INFEASIBLE,INFEASIBLE,INFEASIBLE,INFEASIBLE,INFEASIBLE,INFEASIBLE,INFEASIBLE,INFEASIBLE,INFEASIBLE,INFEASIBLE,INFEASIBLE,INFEASIBLE,INFEASIBLE,INFEASIBLE,INFEASIBLE,INFEASIBLE,no_trials_in_band
gradual_bias,all_only,pc_t2,INFEASIBLE,0.5,budget_only,count,INFEASIBLE,INFEASIBLE,INFEASIBLE,INFEASIBLE,INFEASIBLE,INFEASIBLE,INFEASIBLE,INFEASIBLE,INFEASIBLE,INFEASIBLE,INFEASIBLE,INFEASIBLE,INFEASIBLE,INFEASIBLE,INFEASIBLE,INFEASIBLE,INFEASIBLE,INFEASIBLE,INFEASIBLE,INFEASIBLE,INFEASIBLE,INFEASIBLE,INFEASIBLE,,INFEASIBLE,INFEASIBLE,INFEASIBLE,INFEASIBLE,INFEASIBLE,INFEASIBLE,INFEASIBLE,INFEASIBLE,INFEASIBLE,INFEASIBLE,INFEASIBLE,INFEASIBLE,INFEASIBLE,INFEASIBLE,INFEASIBLE,INFEASIBLE,INFEASIBLE,INFEASIBLE,INFEASIBLE,INFEASIBLE,INFEASIBLE,INFEASIBLE,INFEASIBLE,INFEASIBLE,INFEASIBLE,no_trials_in_band
gradual_bias,all_only,pc_t2,INFEASIBLE,0.75,budget_only,count,INFEASIBLE,INFEASIBLE,INFEASIBLE,INFEASIBLE,INFEASIBLE,INFEASIBLE,INFEASIBLE,INFEASIBLE,INFEASIBLE,INFEASIBLE,INFEASIBLE,INFEASIBLE,INFEASIBLE,INFEASIBLE,INFEASIBLE,INFEASIBLE,INFEASIBLE,INFEASIBLE,INFEASIBLE,INFEASIBLE,INFEASIBLE,INFEASIBLE,INFEASIBLE,,INFEASIBLE,INFEASIBLE,INFEASIBLE,INFEASIBLE,INFEASIBLE,INFEASIBLE,INFEASIBLE,INFEASIBLE,INFEASIBLE,INFEASIBLE,INFEASIBLE,INFEASIBLE,INFEASIBLE,INFEASIBLE,INFEASIBLE,INFEASIBLE,INFEASIBLE,INFEASIBLE,INFEASIBLE,INFEASIBLE,INFEASIBLE,INFEASIBLE,INFEASIBLE,INFEASIBLE,INFEASIBLE,no_trials_in_band
gradual_bias,all_only,pc_t2,INFEASIBLE,1.0,budget_only,count,INFEASIBLE,INFEASIBLE,INFEASIBLE,INFEASIBLE,INFEASIBLE,INFEASIBLE,INFEASIBLE,INFEASIBLE,INFEASIBLE,INFEASIBLE,INFEASIBLE,INFEASIBLE,INFEASIBLE,INFEASIBLE,INFEASIBLE,INFEASIBLE,INFEASIBLE,INFEASIBLE,INFEASIBLE,INFEASIBLE,INFEASIBLE,INFEASIBLE,INFEASIBLE,,INFEASIBLE,INFEASIBLE,INFEASIBLE,INFEASIBLE,INFEASIBLE,INFEASIBLE,INFEASIBLE,INFEASIBLE,INFEASIBLE,INFEASIBLE,INFEASIBLE,INFEASIBLE,INFEASIBLE,INFEASIBLE,INFEASIBLE,INFEASIBLE,INFEASIBLE,INFEASIBLE,INFEASIBLE,INFEASIBLE,INFEASIBLE,INFEASIBLE,INFEASIBLE,INFEASIBLE,INFEASIBLE,no_trials_in_band
gradual_bias,all_only,res_energy,1.0,0.25,budget_only,count,0.1,0.15,0.1,30,30,30,30,1.0,1.0,1.0,0.8851063829787235,0.10070921985815601,4.8,0.3,0.3,0.0,0.36666666666666664,0.06666666666666667,0.36666666666666664,0.06666666666666667,0.06666666666666667,0.06666666666666667,0.06666666666666667,4.0,26.0,26.0,26.0,26.0,26.0,26.0,26.0,26.0,26.0,26.0,16.0,16.0,5.2368794326241135,0.8851063829787235,0.10070921985815601,0.09981968072590121,0.0,0.8851063829787235,0.10070921985815601,0.0,0.0,0.0,0.0,0.0,OK,
gradual_bias,all_only,res_energy,1.0,0.5,budget_only,count,0.1,0.15,0.1,30,30,30,30,1.0,1.0,1.0,0.8851063829787235,0.10070921985815601,4.8,0.3,0.3,0.0,0.36666666666666664,0.06666666666666667,0.36666666666666664,0.06666666666666667,0.06666666666666667,0.06666666666666667,0.06666666666666667,4.0,26.0,26.0,26.0,26.0,26.0,26.0,26.0,26.0,26.0,26.0,16.0,16.0,5.2368794326241135,0.8851063829787235,0.10070921985815601,0.09981968072590121,0.0,0.8851063829787235,0.10070921985815601,0.0,0.0,0.0,0.0,0.0,OK,
gradual_bias,all_only,res_energy,1.0,0.75,budget_only,count,0.1,0.15,0.1,30,30,30,30,1.0,1.0,1.0,0.8851063829787235,0.10070921985815601,4.8,0.3,0.3,0.0,0.36666666666666664,0.06666666666666667,0.36666666666666664,0.06666666666666667,0.06666666666666667,0.06666666666666667,0.06666666666666667,4.0,26.0,26.0,26.0,26.0,26.0,26.0,26.0,26.0,26.0,26.0,16.0,16.0,5.2368794326241135,0.8851063829787235,0.10070921985815601,0.09981968072590121,0.0,0.8851063829787235,0.10070921985815601,0.0,0.0,0.0,0.0,0.0,OK,
gradual_bias,all_only,res_energy,1.0,1.0,budget_only,count,0.1,0.15,0.1,30,30,30,30,1.0,1.0,1.0,0.8851063829787235,0.10070921985815601,4.8,0.3,0.3,0.0,0.36666666666666664,0.06666666666666667,0.36666666666666664,0.06666666666666667,0.06666666666666667,0.06666666666666667,0.06666666666666667,4.0,26.0,26.0,26.0,26.0,26.0,26.0,26.0,26.0,26.0,26.0,16.0,16.0,5.2368794326241135,0.8851063829787235,0.10070921985815601,0.09981968072590121,0.0,0.8851063829787235,0.10070921985815601,0.0,0.0,0.0,0.0,0.0,OK,
gradual_bias,all_only,res_energy,INFEASIBLE,0.25,budget_only,count,INFEASIBLE,INFEASIBLE,INFEASIBLE,INFEASIBLE,INFEASIBLE,INFEASIBLE,INFEASIBLE,INFEASIBLE,INFEASIBLE,INFEASIBLE,INFEASIBLE,INFEASIBLE,INFEASIBLE,INFEASIBLE,INFEASIBLE,INFEASIBLE,INFEASIBLE,INFEASIBLE,INFEASIBLE,INFEASIBLE,INFEASIBLE,INFEASIBLE,INFEASIBLE,,INFEASIBLE,INFEASIBLE,INFEASIBLE,INFEASIBLE,INFEASIBLE,INFEASIBLE,INFEASIBLE,INFEASIBLE,INFEASIBLE,INFEASIBLE,INFEASIBLE,INFEASIBLE,INFEASIBLE,INFEASIBLE,INFEASIBLE,INFEASIBLE,INFEASIBLE,INFEASIBLE,INFEASIBLE,INFEASIBLE,INFEASIBLE,INFEASIBLE,INFEASIBLE,INFEASIBLE,INFEASIBLE,no_trials_in_band
gradual_bias,all_only,res_energy,INFEASIBLE,0.5,budget_only,count,INFEASIBLE,INFEASIBLE,INFEASIBLE,INFEASIBLE,INFEASIBLE,INFEASIBLE,INFEASIBLE,INFEASIBLE,INFEASIBLE,INFEASIBLE,INFEASIBLE,INFEASIBLE,INFEASIBLE,INFEASIBLE,INFEASIBLE,INFEASIBLE,INFEASIBLE,INFEASIBLE,INFEASIBLE,INFEASIBLE,INFEASIBLE,INFEASIBLE,INFEASIBLE,,INFEASIBLE,INFEASIBLE,INFEASIBLE,INFEASIBLE,INFEASIBLE,INFEASIBLE,INFEASIBLE,INFEASIBLE,INFEASIBLE,INFEASIBLE,INFEASIBLE,INFEASIBLE,INFEASIBLE,INFEASIBLE,INFEASIBLE,INFEASIBLE,INFEASIBLE,INFEASIBLE,INFEASIBLE,INFEASIBLE,INFEASIBLE,INFEASIBLE,INFEASIBLE,INFEASIBLE,INFEASIBLE,no_trials_in_band
gradual_bias,all_only,res_energy,INFEASIBLE,0.75,budget_only,count,INFEASIBLE,INFEASIBLE,INFEASIBLE,INFEASIBLE,INFEASIBLE,INFEASIBLE,INFEASIBLE,INFEASIBLE,INFEASIBLE,INFEASIBLE,INFEASIBLE,INFEASIBLE,INFEASIBLE,INFEASIBLE,INFEASIBLE,INFEASIBLE,INFEASIBLE,INFEASIBLE,INFEASIBLE,INFEASIBLE,INFEASIBLE,INFEASIBLE,INFEASIBLE,,INFEASIBLE,INFEASIBLE,INFEASIBLE,INFEASIBLE,INFEASIBLE,INFEASIBLE,INFEASIBLE,INFEASIBLE,INFEASIBLE,INFEASIBLE,INFEASIBLE,INFEASIBLE,INFEASIBLE,INFEASIBLE,INFEASIBLE,INFEASIBLE,INFEASIBLE,INFEASIBLE,INFEASIBLE,INFEASIBLE,INFEASIBLE,INFEASIBLE,INFEASIBLE,INFEASIBLE,INFEASIBLE,no_trials_in_band
gradual_bias,all_only,res_energy,INFEASIBLE,1.0,budget_only,count,INFEASIBLE,INFEASIBLE,INFEASIBLE,INFEASIBLE,INFEASIBLE,INFEASIBLE,INFEASIBLE,INFEASIBLE,INFEASIBLE,INFEASIBLE,INFEASIBLE,INFEASIBLE,INFEASIBLE,INFEASIBLE,INFEASIBLE,INFEASIBLE,INFEASIBLE,INFEASIBLE,INFEASIBLE,INFEASIBLE,INFEASIBLE,INFEASIBLE,INFEASIBLE,,INFEASIBLE,INFEASIBLE,INFEASIBLE,INFEASIBLE,INFEASIBLE,INFEASIBLE,INFEASIBLE,INFEASIBLE,INFEASIBLE,INFEASIBLE,INFEASIBLE,INFEASIBLE,INFEASIBLE,INFEASIBLE,INFEASIBLE,INFEASIBLE,INFEASIBLE,INFEASIBLE,INFEASIBLE,INFEASIBLE,INFEASIBLE,INFEASIBLE,INFEASIBLE,INFEASIBLE,INFEASIBLE,no_trials_in_band
gradual_bias,all_only,stale,1.0,0.25,budget_only,count,0.1,0.15,0.1,30,30,0,30,1.0,0.0,1.0,1.094089834515366,0.4839243498817967,5.933333333333334,0.4,0.4,0.0,0.9666666666666667,0.6,0.9666666666666667,0.6,0.5666666666666667,0.0,0.0,4.0,26.0,26.0,26.0,26.0,26.0,26.0,0.0,23.200000000000003,26.0,26.0,17.0,17.0,25.164066193853426,1.094089834515366,0.4839243498817967,1.0000000000000002e-06,0.07697804566131967,1.094089834515366,0.4839243498817967,0.0,0.0,0.0,0.0,0.0,OK,
gradual_bias,all_only,stale,1.0,0.5,budget_only,count,0.1,0.15,0.1,30,30,0,30,1.0,0.0,1.0,1.094089834515366,0.4839243498817967,5.933333333333334,0.4,0.4,0.0,0.9666666666666667,0.6,0.9666666666666667,0.6,0.5666666666666667,0.0,0.0,4.0,26.0,26.0,26.0,26.0,26.0,26.0,0.0,23.200000000000003,26.0,26.0,17.0,17.0,25.164066193853426,1.094089834515366,0.4839243498817967,1.0000000000000002e-06,0.07697804566131967,1.094089834515366,0.4839243498817967,0.0,0.0,0.0,0.0,0.0,OK,
gradual_bias,all_only,stale,1.0,0.75,budget_only,count,0.1,0.15,0.1,30,30,0,30,1.0,0.0,1.0,1.094089834515366,0.4839243498817967,5.933333333333334,0.4,0.4,0.0,0.9666666666666667,0.6,0.9666666666666667,0.6,0.5666666666666667,0.0,0.0,4.0,26.0,26.0,26.0,26.0,26.0,26.0,0.0,23.200000000000003,26.0,26.0,17.0,17.0,25.164066193853426,1.094089834515366,0.4839243498817967,1.0000000000000002e-06,0.07697804566131967,1.094089834515366,0.4839243498817967,0.0,0.0,0.0,0.0,0.0,OK,
gradual_bias,all_only,stale,1.0,1.0,budget_only,count,0.1,0.15,0.1,30,30,0,30,1.0,0.0,1.0,1.094089834515366,0.4839243498817967,5.933333333333334,0.4,0.4,0.0,0.9666666666666667,0.6,0.9666666666666667,0.6,0.5666666666666667,0.0,0.0,4.0,26.0,26.0,26.0,26.0,26.0,26.0,0.0,23.200000000000003,26.0,26.0,17.0,17.0,25.164066193853426,1.094089834515366,0.4839243498817967,1.0000000000000002e-06,0.07697804566131967,1.094089834515366,0.4839243498817967,0.0,0.0,0.0,0.0,0.0,OK,
gradual_bias,all_only,stale,INFEASIBLE,0.25,budget_only,count,INFEASIBLE,INFEASIBLE,INFEASIBLE,INFEASIBLE,INFEASIBLE,INFEASIBLE,INFEASIBLE,INFEASIBLE,INFEASIBLE,INFEASIBLE,INFEASIBLE,INFEASIBLE,INFEASIBLE,INFEASIBLE,INFEASIBLE,INFEASIBLE,INFEASIBLE,INFEASIBLE,INFEASIBLE,INFEASIBLE,INFEASIBLE,INFEASIBLE,INFEASIBLE,,INFEASIBLE,INFEASIBLE,INFEASIBLE,INFEASIBLE,INFEASIBLE,INFEASIBLE,INFEASIBLE,INFEASIBLE,INFEASIBLE,INFEASIBLE,INFEASIBLE,INFEASIBLE,INFEASIBLE,INFEASIBLE,INFEASIBLE,INFEASIBLE,INFEASIBLE,INFEASIBLE,INFEASIBLE,INFEASIBLE,INFEASIBLE,INFEASIBLE,INFEASIBLE,INFEASIBLE,INFEASIBLE,no_trials_in_band
gradual_bias,all_only,stale,INFEASIBLE,0.5,budget_only,count,INFEASIBLE,INFEASIBLE,INFEASIBLE,INFEASIBLE,INFEASIBLE,INFEASIBLE,INFEASIBLE,INFEASIBLE,INFEASIBLE,INFEASIBLE,INFEASIBLE,INFEASIBLE,INFEASIBLE,INFEASIBLE,INFEASIBLE,INFEASIBLE,INFEASIBLE,INFEASIBLE,INFEASIBLE,INFEASIBLE,INFEASIBLE,INFEASIBLE,INFEASIBLE,,INFEASIBLE,INFEASIBLE,INFEASIBLE,INFEASIBLE,INFEASIBLE,INFEASIBLE,INFEASIBLE,INFEASIBLE,INFEASIBLE,INFEASIBLE,INFEASIBLE,INFEASIBLE,INFEASIBLE,INFEASIBLE,INFEASIBLE,INFEASIBLE,INFEASIBLE,INFEASIBLE,INFEASIBLE,INFEASIBLE,INFEASIBLE,INFEASIBLE,INFEASIBLE,INFEASIBLE,INFEASIBLE,no_trials_in_band
gradual_bias,all_only,stale,INFEASIBLE,0.75,budget_only,count,INFEASIBLE,INFEASIBLE,INFEASIBLE,INFEASIBLE,INFEASIBLE,INFEASIBLE,INFEASIBLE,INFEASIBLE,INFEASIBLE,INFEASIBLE,INFEASIBLE,INFEASIBLE,INFEASIBLE,INFEASIBLE,INFEASIBLE,INFEASIBLE,INFEASIBLE,INFEASIBLE,INFEASIBLE,INFEASIBLE,INFEASIBLE,INFEASIBLE,INFEASIBLE,,INFEASIBLE,INFEASIBLE,INFEASIBLE,INFEASIBLE,INFEASIBLE,INFEASIBLE,INFEASIBLE,INFEASIBLE,INFEASIBLE,INFEASIBLE,INFEASIBLE,INFEASIBLE,INFEASIBLE,INFEASIBLE,INFEASIBLE,INFEASIBLE,INFEASIBLE,INFEASIBLE,INFEASIBLE,INFEASIBLE,INFEASIBLE,INFEASIBLE,INFEASIBLE,INFEASIBLE,INFEASIBLE,no_trials_in_band
gradual_bias,all_only,stale,INFEASIBLE,1.0,budget_only,count,INFEASIBLE,INFEASIBLE,INFEASIBLE,INFEASIBLE,INFEASIBLE,INFEASIBLE,INFEASIBLE,INFEASIBLE,INFEASIBLE,INFEASIBLE,INFEASIBLE,INFEASIBLE,INFEASIBLE,INFEASIBLE,INFEASIBLE,INFEASIBLE,INFEASIBLE,INFEASIBLE,INFEASIBLE,INFEASIBLE,INFEASIBLE,INFEASIBLE,INFEASIBLE,,INFEASIBLE,INFEASIBLE,INFEASIBLE,INFEASIBLE,INFEASIBLE,INFEASIBLE,INFEASIBLE,INFEASIBLE,INFEASIBLE,INFEASIBLE,INFEASIBLE,INFEASIBLE,INFEASIBLE,INFEASIBLE,INFEASIBLE,INFEASIBLE,INFEASIBLE,INFEASIBLE,INFEASIBLE,INFEASIBLE,INFEASIBLE,INFEASIBLE,INFEASIBLE,INFEASIBLE,INFEASIBLE,no_trials_in_band
gradual_bias,full,T2,1.0,0.25,budget_only,count,0.1,0.15,0.1,30,22,22,22,0.7333333333333333,0.7333333333333333,0.7333333333333333,0.7375886524822696,0.024822695035460987,4.0,0.0,0.0,0.0,0.0,0.0,0.0,0.0,0.0,0.0,0.0,4.0,26.0,26.0,26.0,26.0,26.0,26.0,26.0,26.0,26.0,26.0,NA,NA,1.2991618310767246,0.7459703417150226,0.024983881366860087,3.051757812500001e-06,-0.06506030858563551,0.7375886524822696,0.024822695035460987,0.0,0.0,0.0,0.0,0.0,OK,
gradual_bias,full,T2,1.0,0.5,budget_only,count,0.1,0.15,0.1,30,22,22,22,0.7333333333333333,0.7333333333333333,0.7333333333333333,0.7375886524822696,0.024822695035460987,4.0,0.0,0.0,0.0,0.0,0.0,0.0,0.0,0.0,0.0,0.0,4.0,26.0,26.0,26.0,26.0,26.0,26.0,26.0,26.0,26.0,26.0,NA,NA,1.3075435203094776,0.7543520309477756,0.025145067698259183,3.051757812500001e-06,-0.09870499449065182,0.7375886524822696,0.024822695035460987,0.0,0.0,0.0,0.0,0.0,OK,
gradual_bias,full,T2,1.0,0.75,budget_only,count,0.1,0.15,0.1,30,22,22,22,0.7333333333333333,0.7333333333333333,0.7333333333333333,0.7375886524822696,0.024822695035460987,4.0,0.0,0.0,0.0,0.0,0.0,0.0,0.0,0.0,0.0,0.0,4.0,26.0,26.0,26.0,26.0,26.0,26.0,26.0,26.0,26.0,26.0,NA,NA,1.3159252095422305,0.7627337201805287,0.025306254029658283,3.051757812500001e-06,-0.10236216041308355,0.7375886524822696,0.024822695035460987,0.0,0.01515151515151515,0.0,0.0,0.01515151515151515,OK,
gradual_bias,full,T2,1.0,1.0,budget_only,count,0.1,0.15,0.1,30,22,22,22,0.7333333333333333,0.7333333333333333,0.7333333333333333,0.7375886524822696,0.024822695035460987,4.0,0.0,0.0,0.0,0.0,0.0,0.0,0.0,0.0,0.0,0.0,4.0,26.0,26.0,26.0,26.0,26.0,26.0,26.0,26.0,26.0,26.0,NA,NA,1.2572533849129592,0.7627337201805287,0.0241779497098646,3.051757812500001e-06,-0.07193704142402163,0.7375886524822696,0.024822695035460987,0.0,0.01515151515151515,0.0,0.0,0.01515151515151515,OK,
gradual_bias,full,T2,INFEASIBLE,0.25,budget_only,count,INFEASIBLE,INFEASIBLE,INFEASIBLE,INFEASIBLE,INFEASIBLE,INFEASIBLE,INFEASIBLE,INFEASIBLE,INFEASIBLE,INFEASIBLE,INFEASIBLE,INFEASIBLE,INFEASIBLE,INFEASIBLE,INFEASIBLE,INFEASIBLE,INFEASIBLE,INFEASIBLE,INFEASIBLE,INFEASIBLE,INFEASIBLE,INFEASIBLE,INFEASIBLE,,INFEASIBLE,INFEASIBLE,INFEASIBLE,INFEASIBLE,INFEASIBLE,INFEASIBLE,INFEASIBLE,INFEASIBLE,INFEASIBLE,INFEASIBLE,INFEASIBLE,INFEASIBLE,INFEASIBLE,INFEASIBLE,INFEASIBLE,INFEASIBLE,INFEASIBLE,INFEASIBLE,INFEASIBLE,INFEASIBLE,INFEASIBLE,INFEASIBLE,INFEASIBLE,INFEASIBLE,INFEASIBLE,no_trials_in_band
gradual_bias,full,T2,INFEASIBLE,0.5,budget_only,count,INFEASIBLE,INFEASIBLE,INFEASIBLE,INFEASIBLE,INFEASIBLE,INFEASIBLE,INFEASIBLE,INFEASIBLE,INFEASIBLE,INFEASIBLE,INFEASIBLE,INFEASIBLE,INFEASIBLE,INFEASIBLE,INFEASIBLE,INFEASIBLE,INFEASIBLE,INFEASIBLE,INFEASIBLE,INFEASIBLE,INFEASIBLE,INFEASIBLE,INFEASIBLE,,INFEASIBLE,INFEASIBLE,INFEASIBLE,INFEASIBLE,INFEASIBLE,INFEASIBLE,INFEASIBLE,INFEASIBLE,INFEASIBLE,INFEASIBLE,INFEASIBLE,INFEASIBLE,INFEASIBLE,INFEASIBLE,INFEASIBLE,INFEASIBLE,INFEASIBLE,INFEASIBLE,INFEASIBLE,INFEASIBLE,INFEASIBLE,INFEASIBLE,INFEASIBLE,INFEASIBLE,INFEASIBLE,no_trials_in_band
gradual_bias,full,T2,INFEASIBLE,0.75,budget_only,count,INFEASIBLE,INFEASIBLE,INFEASIBLE,INFEASIBLE,INFEASIBLE,INFEASIBLE,INFEASIBLE,INFEASIBLE,INFEASIBLE,INFEASIBLE,INFEASIBLE,INFEASIBLE,INFEASIBLE,INFEASIBLE,INFEASIBLE,INFEASIBLE,INFEASIBLE,INFEASIBLE,INFEASIBLE,INFEASIBLE,INFEASIBLE,INFEASIBLE,INFEASIBLE,,INFEASIBLE,INFEASIBLE,INFEASIBLE,INFEASIBLE,INFEASIBLE,INFEASIBLE,INFEASIBLE,INFEASIBLE,INFEASIBLE,INFEASIBLE,INFEASIBLE,INFEASIBLE,INFEASIBLE,INFEASIBLE,INFEASIBLE,INFEASIBLE,INFEASIBLE,INFEASIBLE,INFEASIBLE,INFEASIBLE,INFEASIBLE,INFEASIBLE,INFEASIBLE,INFEASIBLE,INFEASIBLE,no_trials_in_band
gradual_bias,full,T2,INFEASIBLE,1.0,budget_only,count,INFEASIBLE,INFEASIBLE,INFEASIBLE,INFEASIBLE,INFEASIBLE,INFEASIBLE,INFEASIBLE,INFEASIBLE,INFEASIBLE,INFEASIBLE,INFEASIBLE,INFEASIBLE,INFEASIBLE,INFEASIBLE,INFEASIBLE,INFEASIBLE,INFEASIBLE,INFEASIBLE,INFEASIBLE,INFEASIBLE,INFEASIBLE,INFEASIBLE,INFEASIBLE,,INFEASIBLE,INFEASIBLE,INFEASIBLE,INFEASIBLE,INFEASIBLE,INFEASIBLE,INFEASIBLE,INFEASIBLE,INFEASIBLE,INFEASIBLE,INFEASIBLE,INFEASIBLE,INFEASIBLE,INFEASIBLE,INFEASIBLE,INFEASIBLE,INFEASIBLE,INFEASIBLE,INFEASIBLE,INFEASIBLE,INFEASIBLE,INFEASIBLE,INFEASIBLE,INFEASIBLE,INFEASIBLE,no_trials_in_band
gradual_bias,full,cusum_factor_cov_lrt,1.0,0.25,budget_only,count,0.1,0.15,0.1,30,14,14,14,0.4666666666666667,0.4666666666666667,0.4666666666666667,1.0536980749746707,0.022796352583586626,5.714285714285714,0.6428571428571429,0.6428571428571429,0.0,0.6428571428571429,0.21428571428571427,0.6428571428571429,0.21428571428571427,0.0,0.14285714285714285,0.14285714285714285,4.0,19.5,19.5,19.5,26.0,19.5,26.0,19.5,26.0,19.5,26.0,14.0,14.0,1.198581560283688,1.0668693009118542,0.02304964539007092,NA,0.1498007431044551,1.0536980749746707,0.022796352583586626,0.03296703296703297,0.023809523809523808,0.0,0.01098901098901099,0.023809523809523808,OK,
gradual_bias,full,cusum_factor_cov_lrt,1.0,0.5,budget_only,count,0.1,0.15,0.1,30,14,14,14,0.4666666666666667,0.4666666666666667,0.4666666666666667,1.0536980749746707,0.022796352583586626,5.714285714285714,0.5714285714285714,0.6428571428571429,-0.07142857142857151,0.5714285714285714,0.14285714285714285,0.5714285714285714,0.14285714285714285,0.0,0.07142857142857142,0.07142857142857142,4.0,17.5,19.5,17.5,26.0,19.5,26.0,17.5,26.0,17.5,26.0,11.0,14.0,1.1722391084093213,1.0405268490374875,0.022543059777102328,NA,0.17999968379455814,1.0536980749746707,0.022796352583586626,0.03846153846153846,0.0,0.0,0.01098901098901099,0.0,OK,
gradual_bias,full,cusum_factor_cov_lrt,1.0,0.75,budget_only,count,0.1,0.15,0.1,30,14,14,14,0.4666666666666667,0.4666666666666667,0.4666666666666667,1.0536980749746707,0.022796352583586626,5.714285714285714,0.5,0.6428571428571429,-0.1428571428571429,0.5,0.14285714285714285,0.5,0.14285714285714285,0.0,0.07142857142857142,0.07142857142857142,4.0,22.5,19.5,22.5,26.0,19.5,26.0,22.5,26.0,22.5,26.0,14.0,14.0,1.1854103343465046,1.0536980749746707,0.022796352583586626,NA,0.13193361061425662,1.0536980749746707,0.022796352583586626,0.03296703296703296,0.0,-0.005494505494505495,0.016483516483516484,0.0,OK,
gradual_bias,full,cusum_factor_cov_lrt,1.0,1.0,budget_only,count,0.1,0.15,0.1,30,14,14,14,0.4666666666666667,0.4666666666666667,0.4666666666666667,1.0536980749746707,0.022796352583586626,5.714285714285714,0.7857142857142857,0.6428571428571429,0.1428571428571428,0.7857142857142857,0.14285714285714285,0.7857142857142857,0.14285714285714285,0.0,0.07142857142857142,0.07142857142857142,4.0,15.0,19.5,15.0,26.0,19.5,26.0,15.0,26.0,15.0,26.0,14.0,14.0,1.1590678824721379,1.027355623100304,0.022289766970618036,NA,0.14886294524688878,1.0536980749746707,0.022796352583586626,0.046703296703296704,0.0,0.008241758241758242,0.013736263736263738,0.0,OK,
gradual_bias,full,cusum_factor_cov_lrt,2.0,0.25,budget_only,count,0.1,0.15,0.1,30,27,27,27,0.9,0.9,0.9,1.6868925663251901,0.056474914630943,9.148148148148149,0.8888888888888888,0.8518518518518519,0.03703703703703698,0.9259259259259259,0.2222222222222222,0.9259259259259259,0.2222222222222222,0.037037037037037035,0.2222222222222222,0.2222222222222222,4.0,12.0,14.0,12.0,24.200000000000006,14.0,26.0,9.0,20.60000000000001,12.0,24.200000000000006,9.0,12.0,3.1279222484896243,1.6732335172051482,0.06015235093249278,NA,0.15067205080390142,1.6868925663251901,0.056474914630943,0.07977207977207977,0.037037037037037035,0.002849002849002849,0.019943019943019946,0.012345679012345678,OK,
gradual_bias,full,cusum_factor_cov_lrt,2.0,0.5,budget_only,count,0.1,0.15,0.1,30,27,27,27,0.9,0.9,0.9,1.6868925663251901,0.056474914630943,9.148148148148149,0.8148148148148148,0.8518518518518519,-0.03703703703703709,0.8518518518518519,0.2222222222222222,0.8518518518518519,0.2222222222222222,0.037037037037037035,0.2222222222222222,0.2222222222222222,4.0,12.0,14.0,12.0,26.0,14.0,26.0,9.0,26.0,12.0,26.0,8.5,12.0,3.168899395849751,1.7005516154452323,0.06094037299711058,NA,0.17702968311196163,1.6868925663251901,0.056474914630943,0.08404558404558404,0.07407407407407407,0.01566951566951567,0.044159544159544165,0.04938271604938271,OK,
gradual_bias,full,cusum_factor_cov_lrt,2.0,0.75,budget_only,count,0.1,0.15,0.1,30,27,27,27,0.9,0.9,0.9,1.6868925663251901,0.056474914630943,9.148148148148149,0.9259259259259259,0.8518518518518519,0.07407407407407407,0.9629629629629629,0.2962962962962963,0.9629629629629629,0.2962962962962963,0.037037037037037035,0.2962962962962963,0.2962962962962963,4.0,13.0,14.0,13.0,22.0,14.0,26.0,9.0,22.0,13.0,22.0,9.0,12.0,3.162069871289729,1.6732335172051482,0.06080903598634095,NA,0.14533927431374394,1.6868925663251901,0.056474914630943,0.07977207977207978,0.04938271604938271,0.008547008547008548,0.02849002849002849,0.024691358024691357,OK,
gradual_bias,full,cusum_factor_cov_lrt,2.0,1.0,budget_only,count,0.1,0.15,0.1,30,27,27,27,0.9,0.9,0.9,1.6868925663251901,0.056474914630943,9.148148148148149,0.8888888888888888,0.8518518518518519,0.03703703703703698,0.9259259259259259,0.2222222222222222,0.9259259259259259,0.2222222222222222,0.037037037037037035,0.2222222222222222,0.2222222222222222,4.0,14.0,14.0,14.0,24.200000000000006,14.0,26.0,10.0,21.200000000000006,14.0,24.200000000000006,9.5,12.0,3.2167060677698975,1.6868925663251901,0.06185973207249803,NA,0.16621945384679795,1.6868925663251901,0.056474914630943,0.08689458689458689,0.04938271604938271,0.01282051282051282,0.03561253561253561,0.024691358024691357,OK,
gradual_bias,full,ewma_factor_cov_lrt,INFEASIBLE,0.25,budget_only,count,INFEASIBLE,INFEASIBLE,INFEASIBLE,INFEASIBLE,INFEASIBLE,INFEASIBLE,INFEASIBLE,INFEASIBLE,INFEASIBLE,INFEASIBLE,INFEASIBLE,INFEASIBLE,INFEASIBLE,INFEASIBLE,INFEASIBLE,INFEASIBLE,INFEASIBLE,INFEASIBLE,INFEASIBLE,INFEASIBLE,INFEASIBLE,INFEASIBLE,INFEASIBLE,,INFEASIBLE,INFEASIBLE,INFEASIBLE,INFEASIBLE,INFEASIBLE,INFEASIBLE,INFEASIBLE,INFEASIBLE,INFEASIBLE,INFEASIBLE,INFEASIBLE,INFEASIBLE,INFEASIBLE,INFEASIBLE,INFEASIBLE,INFEASIBLE,INFEASIBLE,INFEASIBLE,INFEASIBLE,INFEASIBLE,INFEASIBLE,INFEASIBLE,INFEASIBLE,INFEASIBLE,INFEASIBLE,no_trials_in_band
gradual_bias,full,ewma_factor_cov_lrt,INFEASIBLE,0.5,budget_only,count,INFEASIBLE,INFEASIBLE,INFEASIBLE,INFEASIBLE,INFEASIBLE,INFEASIBLE,INFEASIBLE,INFEASIBLE,INFEASIBLE,INFEASIBLE,INFEASIBLE,INFEASIBLE,INFEASIBLE,INFEASIBLE,INFEASIBLE,INFEASIBLE,INFEASIBLE,INFEASIBLE,INFEASIBLE,INFEASIBLE,INFEASIBLE,INFEASIBLE,INFEASIBLE,,INFEASIBLE,INFEASIBLE,INFEASIBLE,INFEASIBLE,INFEASIBLE,INFEASIBLE,INFEASIBLE,INFEASIBLE,INFEASIBLE,INFEASIBLE,INFEASIBLE,INFEASIBLE,INFEASIBLE,INFEASIBLE,INFEASIBLE,INFEASIBLE,INFEASIBLE,INFEASIBLE,INFEASIBLE,INFEASIBLE,INFEASIBLE,INFEASIBLE,INFEASIBLE,INFEASIBLE,INFEASIBLE,no_trials_in_band
gradual_bias,full,ewma_factor_cov_lrt,INFEASIBLE,0.75,budget_only,count,INFEASIBLE,INFEASIBLE,INFEASIBLE,INFEASIBLE,INFEASIBLE,INFEASIBLE,INFEASIBLE,INFEASIBLE,INFEASIBLE,INFEASIBLE,INFEASIBLE,INFEASIBLE,INFEASIBLE,INFEASIBLE,INFEASIBLE,INFEASIBLE,INFEASIBLE,INFEASIBLE,INFEASIBLE,INFEASIBLE,INFEASIBLE,INFEASIBLE,INFEASIBLE,,INFEASIBLE,INFEASIBLE,INFEASIBLE,INFEASIBLE,INFEASIBLE,INFEASIBLE,INFEASIBLE,INFEASIBLE,INFEASIBLE,INFEASIBLE,INFEASIBLE,INFEASIBLE,INFEASIBLE,INFEASIBLE,INFEASIBLE,INFEASIBLE,INFEASIBLE,INFEASIBLE,INFEASIBLE,INFEASIBLE,INFEASIBLE,INFEASIBLE,INFEASIBLE,INFEASIBLE,INFEASIBLE,no_trials_in_band
gradual_bias,full,ewma_factor_cov_lrt,INFEASIBLE,1.0,budget_only,count,INFEASIBLE,INFEASIBLE,INFEASIBLE,INFEASIBLE,INFEASIBLE,INFEASIBLE,INFEASIBLE,INFEASIBLE,INFEASIBLE,INFEASIBLE,INFEASIBLE,INFEASIBLE,INFEASIBLE,INFEASIBLE,INFEASIBLE,INFEASIBLE,INFEASIBLE,INFEASIBLE,INFEASIBLE,INFEASIBLE,INFEASIBLE,INFEASIBLE,INFEASIBLE,,INFEASIBLE,INFEASIBLE,INFEASIBLE,INFEASIBLE,INFEASIBLE,INFEASIBLE,INFEASIBLE,INFEASIBLE,INFEASIBLE,INFEASIBLE,INFEASIBLE,INFEASIBLE,INFEASIBLE,INFEASIBLE,INFEASIBLE,INFEASIBLE,INFEASIBLE,INFEASIBLE,INFEASIBLE,INFEASIBLE,INFEASIBLE,INFEASIBLE,INFEASIBLE,INFEASIBLE,INFEASIBLE,no_trials_in_band
gradual_bias,full,ewma_factor_cov_lrt,INFEASIBLE,0.25,budget_only,count,INFEASIBLE,INFEASIBLE,INFEASIBLE,INFEASIBLE,INFEASIBLE,INFEASIBLE,INFEASIBLE,INFEASIBLE,INFEASIBLE,INFEASIBLE,INFEASIBLE,INFEASIBLE,INFEASIBLE,INFEASIBLE,INFEASIBLE,INFEASIBLE,INFEASIBLE,INFEASIBLE,INFEASIBLE,INFEASIBLE,INFEASIBLE,INFEASIBLE,INFEASIBLE,,INFEASIBLE,INFEASIBLE,INFEASIBLE,INFEASIBLE,INFEASIBLE,INFEASIBLE,INFEASIBLE,INFEASIBLE,INFEASIBLE,INFEASIBLE,INFEASIBLE,INFEASIBLE,INFEASIBLE,INFEASIBLE,INFEASIBLE,INFEASIBLE,INFEASIBLE,INFEASIBLE,INFEASIBLE,INFEASIBLE,INFEASIBLE,INFEASIBLE,INFEASIBLE,INFEASIBLE,INFEASIBLE,no_trials_in_band
gradual_bias,full,ewma_factor_cov_lrt,INFEASIBLE,0.5,budget_only,count,INFEASIBLE,INFEASIBLE,INFEASIBLE,INFEASIBLE,INFEASIBLE,INFEASIBLE,INFEASIBLE,INFEASIBLE,INFEASIBLE,INFEASIBLE,INFEASIBLE,INFEASIBLE,INFEASIBLE,INFEASIBLE,INFEASIBLE,INFEASIBLE,INFEASIBLE,INFEASIBLE,INFEASIBLE,INFEASIBLE,INFEASIBLE,INFEASIBLE,INFEASIBLE,,INFEASIBLE,INFEASIBLE,INFEASIBLE,INFEASIBLE,INFEASIBLE,INFEASIBLE,INFEASIBLE,INFEASIBLE,INFEASIBLE,INFEASIBLE,INFEASIBLE,INFEASIBLE,INFEASIBLE,INFEASIBLE,INFEASIBLE,INFEASIBLE,INFEASIBLE,INFEASIBLE,INFEASIBLE,INFEASIBLE,INFEASIBLE,INFEASIBLE,INFEASIBLE,INFEASIBLE,INFEASIBLE,no_trials_in_band
gradual_bias,full,ewma_factor_cov_lrt,INFEASIBLE,0.75,budget_only,count,INFEASIBLE,INFEASIBLE,INFEASIBLE,INFEASIBLE,INFEASIBLE,INFEASIBLE,INFEASIBLE,INFEASIBLE,INFEASIBLE,INFEASIBLE,INFEASIBLE,INFEASIBLE,INFEASIBLE,INFEASIBLE,INFEASIBLE,INFEASIBLE,INFEASIBLE,INFEASIBLE,INFEASIBLE,INFEASIBLE,INFEASIBLE,INFEASIBLE,INFEASIBLE,,INFEASIBLE,INFEASIBLE,INFEASIBLE,INFEASIBLE,INFEASIBLE,INFEASIBLE,INFEASIBLE,INFEASIBLE,INFEASIBLE,INFEASIBLE,INFEASIBLE,INFEASIBLE,INFEASIBLE,INFEASIBLE,INFEASIBLE,INFEASIBLE,INFEASIBLE,INFEASIBLE,INFEASIBLE,INFEASIBLE,INFEASIBLE,INFEASIBLE,INFEASIBLE,INFEASIBLE,INFEASIBLE,no_trials_in_band
gradual_bias,full,ewma_factor_cov_lrt,INFEASIBLE,1.0,budget_only,count,INFEASIBLE,INFEASIBLE,INFEASIBLE,INFEASIBLE,INFEASIBLE,INFEASIBLE,INFEASIBLE,INFEASIBLE,INFEASIBLE,INFEASIBLE,INFEASIBLE,INFEASIBLE,INFEASIBLE,INFEASIBLE,INFEASIBLE,INFEASIBLE,INFEASIBLE,INFEASIBLE,INFEASIBLE,INFEASIBLE,INFEASIBLE,INFEASIBLE,INFEASIBLE,,INFEASIBLE,INFEASIBLE,INFEASIBLE,INFEASIBLE,INFEASIBLE,INFEASIBLE,INFEASIBLE,INFEASIBLE,INFEASIBLE,INFEASIBLE,INFEASIBLE,INFEASIBLE,INFEASIBLE,INFEASIBLE,INFEASIBLE,INFEASIBLE,INFEASIBLE,INFEASIBLE,INFEASIBLE,INFEASIBLE,INFEASIBLE,INFEASIBLE,INFEASIBLE,INFEASIBLE,INFEASIBLE,no_trials_in_band
gradual_bias,full,factor_cov_change,1.0,0.25,budget_only,count,0.1,0.15,0.1,30,18,18,18,0.6,0.6,0.6,1.106382978723404,0.052009456264775406,6.0,1.0,1.0,0.0,1.0,0.2222222222222222,1.0,0.2222222222222222,0.0,0.0,0.0,4.0,11.5,11.5,11.5,22.6,11.5,22.6,11.5,22.6,11.5,22.6,11.5,11.5,2.7044917257683214,1.106382978723404,0.052009456264775406,0.05873343323689557,0.018718973708889756,1.106382978723404,0.052009456264775406,0.0,0.0,0.0,0.0,0.0,OK,
gradual_bias,full,factor_cov_change,1.0,0.5,budget_only,count,0.1,0.15,0.1,30,18,18,18,0.6,0.6,0.6,1.106382978723404,0.052009456264775406,6.0,1.0,1.0,0.0,1.0,0.2222222222222222,1.0,0.2222222222222222,0.0,0.0,0.0,4.0,11.5,11.5,11.5,22.6,11.5,22.6,11.5,22.6,11.5,22.6,11.5,11.5,2.7044917257683214,1.106382978723404,0.052009456264775406,0.05873343323689557,0.018718952592441933,1.106382978723404,0.052009456264775406,0.0,0.0,0.0,0.0,0.0,OK,
gradual_bias,full,factor_cov_change,1.0,0.75,budget_only,count,0.1,0.15,0.1,30,18,18,18,0.6,0.6,0.6,1.106382978723404,0.052009456264775406,6.0,1.0,1.0,0.0,1.0,0.2222222222222222,1.0,0.2222222222222222,0.0,0.0,0.0,4.0,11.5,11.5,11.5,22.6,11.5,22.6,11.5,22.6,11.5,22.6,11.5,11.5,2.7044917257683214,1.106382978723404,0.052009456264775406,0.05873343323689557,0.018718931476130077,1.106382978723404,0.052009456264775406,0.0,0.0,0.0,0.0,0.0,OK,
gradual_bias,full,factor_cov_change,1.0,1.0,budget_only,count,0.1,0.15,0.1,30,18,18,18,0.6,0.6,0.6,1.106382978723404,0.052009456264775406,6.0,1.0,1.0,0.0,1.0,0.2222222222222222,1.0,0.2222222222222222,0.0,0.0,0.0,4.0,11.5,11.5,11.5,22.6,11.5,22.6,11.5,22.6,11.5,22.6,11.5,11.5,2.7044917257683214,1.106382978723404,0.052009456264775406,0.05873343323689557,0.01871891035995397,1.106382978723404,0.052009456264775406,0.0,0.0,0.0,0.0,0.0,OK,
gradual_bias,full,factor_cov_change,INFEASIBLE,0.25,budget_only,count,INFEASIBLE,INFEASIBLE,INFEASIBLE,INFEASIBLE,INFEASIBLE,INFEASIBLE,INFEASIBLE,INFEASIBLE,INFEASIBLE,INFEASIBLE,INFEASIBLE,INFEASIBLE,INFEASIBLE,INFEASIBLE,INFEASIBLE,INFEASIBLE,INFEASIBLE,INFEASIBLE,INFEASIBLE,INFEASIBLE,INFEASIBLE,INFEASIBLE,INFEASIBLE,,INFEASIBLE,INFEASIBLE,INFEASIBLE,INFEASIBLE,INFEASIBLE,INFEASIBLE,INFEASIBLE,INFEASIBLE,INFEASIBLE,INFEASIBLE,INFEASIBLE,INFEASIBLE,INFEASIBLE,INFEASIBLE,INFEASIBLE,INFEASIBLE,INFEASIBLE,INFEASIBLE,INFEASIBLE,INFEASIBLE,INFEASIBLE,INFEASIBLE,INFEASIBLE,INFEASIBLE,INFEASIBLE,no_trials_in_band
gradual_bias,full,factor_cov_change,INFEASIBLE,0.5,budget_only,count,INFEASIBLE,INFEASIBLE,INFEASIBLE,INFEASIBLE,INFEASIBLE,INFEASIBLE,INFEASIBLE,INFEASIBLE,INFEASIBLE,INFEASIBLE,INFEASIBLE,INFEASIBLE,INFEASIBLE,INFEASIBLE,INFEASIBLE,INFEASIBLE,INFEASIBLE,INFEASIBLE,INFEASIBLE,INFEASIBLE,INFEASIBLE,INFEASIBLE,INFEASIBLE,,INFEASIBLE,INFEASIBLE,INFEASIBLE,INFEASIBLE,INFEASIBLE,INFEASIBLE,INFEASIBLE,INFEASIBLE,INFEASIBLE,INFEASIBLE,INFEASIBLE,INFEASIBLE,INFEASIBLE,INFEASIBLE,INFEASIBLE,INFEASIBLE,INFEASIBLE,INFEASIBLE,INFEASIBLE,INFEASIBLE,INFEASIBLE,INFEASIBLE,INFEASIBLE,INFEASIBLE,INFEASIBLE,no_trials_in_band
gradual_bias,full,factor_cov_change,INFEASIBLE,0.75,budget_only,count,INFEASIBLE,INFEASIBLE,INFEASIBLE,INFEASIBLE,INFEASIBLE,INFEASIBLE,INFEASIBLE,INFEASIBLE,INFEASIBLE,INFEASIBLE,INFEASIBLE,INFEASIBLE,INFEASIBLE,INFEASIBLE,INFEASIBLE,INFEASIBLE,INFEASIBLE,INFEASIBLE,INFEASIBLE,INFEASIBLE,INFEASIBLE,INFEASIBLE,INFEASIBLE,,INFEASIBLE,INFEASIBLE,INFEASIBLE,INFEASIBLE,INFEASIBLE,INFEASIBLE,INFEASIBLE,INFEASIBLE,INFEASIBLE,INFEASIBLE,INFEASIBLE,INFEASIBLE,INFEASIBLE,INFEASIBLE,INFEASIBLE,INFEASIBLE,INFEASIBLE,INFEASIBLE,INFEASIBLE,INFEASIBLE,INFEASIBLE,INFEASIBLE,INFEASIBLE,INFEASIBLE,INFEASIBLE,no_trials_in_band
gradual_bias,full,factor_cov_change,INFEASIBLE,1.0,budget_only,count,INFEASIBLE,INFEASIBLE,INFEASIBLE,INFEASIBLE,INFEASIBLE,INFEASIBLE,INFEASIBLE,INFEASIBLE,INFEASIBLE,INFEASIBLE,INFEASIBLE,INFEASIBLE,INFEASIBLE,INFEASIBLE,INFEASIBLE,INFEASIBLE,INFEASIBLE,INFEASIBLE,INFEASIBLE,INFEASIBLE,INFEASIBLE,INFEASIBLE,INFEASIBLE,,INFEASIBLE,INFEASIBLE,INFEASIBLE,INFEASIBLE,INFEASIBLE,INFEASIBLE,INFEASIBLE,INFEASIBLE,INFEASIBLE,INFEASIBLE,INFEASIBLE,INFEASIBLE,INFEASIBLE,INFEASIBLE,INFEASIBLE,INFEASIBLE,INFEASIBLE,INFEASIBLE,INFEASIBLE,INFEASIBLE,INFEASIBLE,INFEASIBLE,INFEASIBLE,INFEASIBLE,INFEASIBLE,no_trials_in_band
gradual_bias,full,factor_cov_delta,1.0,0.25,budget_only,count,0.1,0.15,0.1,30,30,30,30,1.0,1.0,1.0,0.9895981087470449,0.0351063829787234,5.366666666666666,0.6333333333333333,0.6333333333333333,0.0,0.6333333333333333,0.0,0.6333333333333333,0.0,0.0,0.0,0.0,4.0,21.5,21.5,21.5,26.0,21.5,26.0,21.5,26.0,21.5,26.0,15.0,15.0,1.825531914893617,0.9895981087470449,0.0351063829787234,0.03363732529821174,-0.026898655775272878,0.9895981087470449,0.0351063829787234,0.0,0.0,0.0,0.0,0.0,OK,
gradual_bias,full,factor_cov_delta,1.0,0.5,budget_only,count,0.1,0.15,0.1,30,30,30,30,1.0,1.0,1.0,0.9895981087470449,0.0351063829787234,5.366666666666666,0.6333333333333333,0.6333333333333333,0.0,0.6333333333333333,0.0,0.6333333333333333,0.0,0.0,0.0,0.0,4.0,21.5,21.5,21.5,26.0,21.5,26.0,21.5,26.0,21.5,26.0,15.0,15.0,1.825531914893617,0.9895981087470449,0.0351063829787234,0.03363732529821174,-0.026898617047296455,0.9895981087470449,0.0351063829787234,0.0,0.0,0.0,0.0,0.0,OK,
gradual_bias,full,factor_cov_delta,1.0,0.75,budget_only,count,0.1,0.15,0.1,30,30,30,30,1.0,1.0,1.0,0.9895981087470449,0.0351063829787234,5.366666666666666,0.6333333333333333,0.6333333333333333,0.0,0.6333333333333333,0.0,0.6333333333333333,0.0,0.0,0.0,0.0,4.0,21.5,21.5,21.5,26.0,21.5,26.0,21.5,26.0,21.5,26.0,15.0,15.0,1.825531914893617,0.9895981087470449,0.0351063829787234,0.03363732529821174,-0.02689857831931967,0.9895981087470449,0.0351063829787234,0.0,0.0,0.0,0.0,0.0,OK,
gradual_bias,full,factor_cov_delta,1.0,1.0,budget_only,count,0.1,0.15,0.1,30,30,30,30,1.0,1.0,1.0,0.9895981087470449,0.0351063829787234,5.366666666666666,0.6333333333333333,0.6333333333333333,0.0,0.6333333333333333,0.0,0.6333333333333333,0.0,0.0,0.0,0.0,4.0,21.5,21.5,21.5,26.0,21.5,26.0,21.5,26.0,21.5,26.0,15.0,15.0,1.825531914893617,0.9895981087470449,0.0351063829787234,0.03363732529821174,-0.026898539591342748,0.9895981087470449,0.0351063829787234,0.0,0.0,0.0,0.0,0.0,OK,
gradual_bias,full,factor_cov_delta,INFEASIBLE,0.25,budget_only,count,INFEASIBLE,INFEASIBLE,INFEASIBLE,INFEASIBLE,INFEASIBLE,INFEASIBLE,INFEASIBLE,INFEASIBLE,INFEASIBLE,INFEASIBLE,INFEASIBLE,INFEASIBLE,INFEASIBLE,INFEASIBLE,INFEASIBLE,INFEASIBLE,INFEASIBLE,INFEASIBLE,INFEASIBLE,INFEASIBLE,INFEASIBLE,INFEASIBLE,INFEASIBLE,,INFEASIBLE,INFEASIBLE,INFEASIBLE,INFEASIBLE,INFEASIBLE,INFEASIBLE,INFEASIBLE,INFEASIBLE,INFEASIBLE,INFEASIBLE,INFEASIBLE,INFEASIBLE,INFEASIBLE,INFEASIBLE,INFEASIBLE,INFEASIBLE,INFEASIBLE,INFEASIBLE,INFEASIBLE,INFEASIBLE,INFEASIBLE,INFEASIBLE,INFEASIBLE,INFEASIBLE,INFEASIBLE,no_trials_in_band
gradual_bias,full,factor_cov_delta,INFEASIBLE,0.5,budget_only,count,INFEASIBLE,INFEASIBLE,INFEASIBLE,INFEASIBLE,INFEASIBLE,INFEASIBLE,INFEASIBLE,INFEASIBLE,INFEASIBLE,INFEASIBLE,INFEASIBLE,INFEASIBLE,INFEASIBLE,INFEASIBLE,INFEASIBLE,INFEASIBLE,INFEASIBLE,INFEASIBLE,INFEASIBLE,INFEASIBLE,INFEASIBLE,INFEASIBLE,INFEASIBLE,,INFEASIBLE,INFEASIBLE,INFEASIBLE,INFEASIBLE,INFEASIBLE,INFEASIBLE,INFEASIBLE,INFEASIBLE,INFEASIBLE,INFEASIBLE,INFEASIBLE,INFEASIBLE,INFEASIBLE,INFEASIBLE,INFEASIBLE,INFEASIBLE,INFEASIBLE,INFEASIBLE,INFEASIBLE,INFEASIBLE,INFEASIBLE,INFEASIBLE,INFEASIBLE,INFEASIBLE,INFEASIBLE,no_trials_in_band
gradual_bias,full,factor_cov_delta,INFEASIBLE,0.75,budget_only,count,INFEASIBLE,INFEASIBLE,INFEASIBLE,INFEASIBLE,INFEASIBLE,INFEASIBLE,INFEASIBLE,INFEASIBLE,INFEASIBLE,INFEASIBLE,INFEASIBLE,INFEASIBLE,INFEASIBLE,INFEASIBLE,INFEASIBLE,INFEASIBLE,INFEASIBLE,INFEASIBLE,INFEASIBLE,INFEASIBLE,INFEASIBLE,INFEASIBLE,INFEASIBLE,,INFEASIBLE,INFEASIBLE,INFEASIBLE,INFEASIBLE,INFEASIBLE,INFEASIBLE,INFEASIBLE,INFEASIBLE,INFEASIBLE,INFEASIBLE,INFEASIBLE,INFEASIBLE,INFEASIBLE,INFEASIBLE,INFEASIBLE,INFEASIBLE,INFEASIBLE,INFEASIBLE,INFEASIBLE,INFEASIBLE,INFEASIBLE,INFEASIBLE,INFEASIBLE,INFEASIBLE,INFEASIBLE,no_trials_in_band
gradual_bias,full,factor_cov_delta,INFEASIBLE,1.0,budget_only,count,INFEASIBLE,INFEASIBLE,INFEASIBLE,INFEASIBLE,INFEASIBLE,INFEASIBLE,INFEASIBLE,INFEASIBLE,INFEASIBLE,INFEASIBLE,INFEASIBLE,INFEASIBLE,INFEASIBLE,INFEASIBLE,INFEASIBLE,INFEASIBLE,INFEASIBLE,INFEASIBLE,INFEASIBLE,INFEASIBLE,INFEASIBLE,INFEASIBLE,INFEASIBLE,,INFEASIBLE,INFEASIBLE,INFEASIBLE,INFEASIBLE,INFEASIBLE,INFEASIBLE,INFEASIBLE,INFEASIBLE,INFEASIBLE,INFEASIBLE,INFEASIBLE,INFEASIBLE,INFEASIBLE,INFEASIBLE,INFEASIBLE,INFEASIBLE,INFEASIBLE,INFEASIBLE,INFEASIBLE,INFEASIBLE,INFEASIBLE,INFEASIBLE,INFEASIBLE,INFEASIBLE,INFEASIBLE,no_trials_in_band
gradual_bias,full,factor_cov_lrt,1.0,0.25,budget_only,count,0.1,0.15,0.1,30,21,21,21,0.7,0.7,0.7,0.7375886524822695,0.017561634582911184,4.0,0.047619047619047616,0.0,0.047619047619047616,0.09523809523809523,0.047619047619047616,0.09523809523809523,0.047619047619047616,0.047619047619047616,0.047619047619047616,0.047619047619047616,4.0,26.0,26.0,26.0,26.0,26.0,26.0,26.0,26.0,26.0,26.0,21.0,NA,1.0361364403917597,0.7551502870651807,0.019925700776764612,1.0000000000000002e-06,0.10547757856967757,0.7375886524822695,0.017561634582911184,0.0018315018315018315,0.0,0.0018315018315018315,0.0018315018315018315,0.0,OK,
gradual_bias,full,factor_cov_lrt,1.0,0.5,budget_only,count,0.1,0.15,0.1,30,21,21,21,0.7,0.7,0.7,0.7375886524822695,0.017561634582911184,4.0,0.047619047619047616,0.0,0.047619047619047616,0.09523809523809523,0.047619047619047616,0.09523809523809523,0.047619047619047616,0.047619047619047616,0.047619047619047616,0.047619047619047616,4.0,26.0,26.0,26.0,26.0,26.0,26.0,26.0,26.0,26.0,26.0,21.0,NA,1.009793988517393,0.7551502870651807,0.01941911516379602,1.0000000000000002e-06,0.12745157562676923,0.7375886524822695,0.017561634582911184,0.0018315018315018315,0.0,0.0018315018315018315,0.0018315018315018315,0.0,OK,
gradual_bias,full,factor_cov_lrt,1.0,0.75,budget_only,count,0.1,0.15,0.1,30,21,21,21,0.7,0.7,0.7,0.7375886524822695,0.017561634582911184,4.0,0.047619047619047616,0.0,0.047619047619047616,0.09523809523809523,0.047619047619047616,0.09523809523809523,0.047619047619047616,0.047619047619047616,0.047619047619047616,0.047619047619047616,4.0,26.0,26.0,26.0,26.0,26.0,26.0,26.0,26.0,26.0,26.0,21.0,NA,1.009793988517393,0.7551502870651807,0.01941911516379602,1.0000000000000002e-06,0.14839487583869337,0.7375886524822695,0.017561634582911184,0.0018315018315018315,0.015873015873015872,0.0018315018315018315,0.0018315018315018315,0.015873015873015872,OK,
gradual_bias,full,factor_cov_lrt,1.0,1.0,budget_only,count,0.1,0.15,0.1,30,21,21,21,0.7,0.7,0.7,0.7375886524822695,0.017561634582911184,4.0,0.047619047619047616,0.0,0.047619047619047616,0.09523809523809523,0.047619047619047616,0.09523809523809523,0.047619047619047616,0.047619047619047616,0.047619047619047616,0.047619047619047616,4.0,26.0,26.0,26.0,26.0,26.0,26.0,26.0,26.0,26.0,26.0,21.0,NA,1.009793988517393,0.7551502870651807,0.01941911516379602,1.0000000000000002e-06,0.12873941541558415,0.7375886524822695,0.017561634582911184,0.0018315018315018315,0.015873015873015872,0.0018315018315018315,0.0018315018315018315,0.015873015873015872,OK,
gradual_bias,full,factor_cov_lrt,INFEASIBLE,0.25,budget_only,count,INFEASIBLE,INFEASIBLE,INFEASIBLE,INFEASIBLE,INFEASIBLE,INFEASIBLE,INFEASIBLE,INFEASIBLE,INFEASIBLE,INFEASIBLE,INFEASIBLE,INFEASIBLE,INFEASIBLE,INFEASIBLE,INFEASIBLE,INFEASIBLE,INFEASIBLE,INFEASIBLE,INFEASIBLE,INFEASIBLE,INFEASIBLE,INFEASIBLE,INFEASIBLE,,INFEASIBLE,INFEASIBLE,INFEASIBLE,INFEASIBLE,INFEASIBLE,INFEASIBLE,INFEASIBLE,INFEASIBLE,INFEASIBLE,INFEASIBLE,INFEASIBLE,INFEASIBLE,INFEASIBLE,INFEASIBLE,INFEASIBLE,INFEASIBLE,INFEASIBLE,INFEASIBLE,INFEASIBLE,INFEASIBLE,INFEASIBLE,INFEASIBLE,INFEASIBLE,INFEASIBLE,INFEASIBLE,no_trials_in_band
gradual_bias,full,factor_cov_lrt,INFEASIBLE,0.5,budget_only,count,INFEASIBLE,INFEASIBLE,INFEASIBLE,INFEASIBLE,INFEASIBLE,INFEASIBLE,INFEASIBLE,INFEASIBLE,INFEASIBLE,INFEASIBLE,INFEASIBLE,INFEASIBLE,INFEASIBLE,INFEASIBLE,INFEASIBLE,INFEASIBLE,INFEASIBLE,INFEASIBLE,INFEASIBLE,INFEASIBLE,INFEASIBLE,INFEASIBLE,INFEASIBLE,,INFEASIBLE,INFEASIBLE,INFEASIBLE,INFEASIBLE,INFEASIBLE,INFEASIBLE,INFEASIBLE,INFEASIBLE,INFEASIBLE,INFEASIBLE,INFEASIBLE,INFEASIBLE,INFEASIBLE,INFEASIBLE,INFEASIBLE,INFEASIBLE,INFEASIBLE,INFEASIBLE,INFEASIBLE,INFEASIBLE,INFEASIBLE,INFEASIBLE,INFEASIBLE,INFEASIBLE,INFEASIBLE,no_trials_in_band
gradual_bias,full,factor_cov_lrt,INFEASIBLE,0.75,budget_only,count,INFEASIBLE,INFEASIBLE,INFEASIBLE,INFEASIBLE,INFEASIBLE,INFEASIBLE,INFEASIBLE,INFEASIBLE,INFEASIBLE,INFEASIBLE,INFEASIBLE,INFEASIBLE,INFEASIBLE,INFEASIBLE,INFEASIBLE,INFEASIBLE,INFEASIBLE,INFEASIBLE,INFEASIBLE,INFEASIBLE,INFEASIBLE,INFEASIBLE,INFEASIBLE,,INFEASIBLE,INFEASIBLE,INFEASIBLE,INFEASIBLE,INFEASIBLE,INFEASIBLE,INFEASIBLE,INFEASIBLE,INFEASIBLE,INFEASIBLE,INFEASIBLE,INFEASIBLE,INFEASIBLE,INFEASIBLE,INFEASIBLE,INFEASIBLE,INFEASIBLE,INFEASIBLE,INFEASIBLE,INFEASIBLE,INFEASIBLE,INFEASIBLE,INFEASIBLE,INFEASIBLE,INFEASIBLE,no_trials_in_band
gradual_bias,full,factor_cov_lrt,INFEASIBLE,1.0,budget_only,count,INFEASIBLE,INFEASIBLE,INFEASIBLE,INFEASIBLE,INFEASIBLE,INFEASIBLE,INFEASIBLE,INFEASIBLE,INFEASIBLE,INFEASIBLE,INFEASIBLE,INFEASIBLE,INFEASIBLE,INFEASIBLE,INFEASIBLE,INFEASIBLE,INFEASIBLE,INFEASIBLE,INFEASIBLE,INFEASIBLE,INFEASIBLE,INFEASIBLE,INFEASIBLE,,INFEASIBLE,INFEASIBLE,INFEASIBLE,INFEASIBLE,INFEASIBLE,INFEASIBLE,INFEASIBLE,INFEASIBLE,INFEASIBLE,INFEASIBLE,INFEASIBLE,INFEASIBLE,INFEASIBLE,INFEASIBLE,INFEASIBLE,INFEASIBLE,INFEASIBLE,INFEASIBLE,INFEASIBLE,INFEASIBLE,INFEASIBLE,INFEASIBLE,INFEASIBLE,INFEASIBLE,INFEASIBLE,no_trials_in_band
gradual_bias,full,factor_cov_lrt_delta,1.0,0.25,budget_only,count,0.1,0.15,0.1,30,30,30,30,1.0,1.0,1.0,0.842080378250591,0.016193853427895987,4.566666666666666,0.3,0.43333333333333335,-0.13333333333333336,0.3,0.06666666666666667,0.3,0.06666666666666667,0.0,0.06666666666666667,0.06666666666666667,4.0,26.0,26.0,26.0,26.0,26.0,26.0,26.0,26.0,26.0,26.0,10.0,15.0,0.8851063829787233,0.8851063829787233,0.017021276595744685,0.014241159089097342,0.30633437042039763,0.842080378250591,0.016193853427895987,0.010256410256410256,0.02222222222222222,-0.005128205128205128,0.005128205128205128,0.02222222222222222,OK,
gradual_bias,full,factor_cov_lrt_delta,1.0,0.5,budget_only,count,0.1,0.15,0.1,30,30,30,30,1.0,1.0,1.0,0.842080378250591,0.016193853427895987,4.566666666666666,0.3,0.43333333333333335,-0.13333333333333336,0.3,0.06666666666666667,0.3,0.06666666666666667,0.0,0.06666666666666667,0.06666666666666667,4.0,26.0,26.0,26.0,26.0,26.0,26.0,26.0,26.0,26.0,26.0,10.0,15.0,0.8728132387706857,0.8728132387706857,0.016784869976359345,0.014241159089097342,0.31311644328732774,0.842080378250591,0.016193853427895987,0.007692307692307693,0.0,-0.005128205128205128,0.005128205128205128,0.0,OK,
gradual_bias,full,factor_cov_lrt_delta,1.0,0.75,budget_only,count,0.1,0.15,0.1,30,30,30,30,1.0,1.0,1.0,0.842080378250591,0.016193853427895987,4.566666666666666,0.3,0.43333333333333335,-0.13333333333333336,0.3,0.1,0.3,0.1,0.0,0.1,0.1,4.0,26.0,26.0,26.0,26.0,26.0,26.0,26.0,26.0,26.0,26.0,10.0,15.0,0.8789598108747045,0.8789598108747045,0.016903073286052013,0.014241159089097342,166266.31204783526,0.842080378250591,0.016193853427895987,0.01282051282051282,0.0,-0.005128205128205128,0.005128205128205128,0.0,OK,
gradual_bias,full,factor_cov_lrt_delta,1.0,1.0,budget_only,count,0.1,0.15,0.1,30,30,30,30,1.0,1.0,1.0,0.842080378250591,0.016193853427895987,4.566666666666666,0.3333333333333333,0.43333333333333335,-0.10000000000000003,0.3333333333333333,0.06666666666666667,0.3333333333333333,0.06666666666666667,0.0,0.06666666666666667,0.06666666666666667,4.0,26.0,26.0,26.0,26.0,26.0,26.0,26.0,26.0,26.0,26.0,12.5,15.0,0.8851063829787233,0.8851063829787233,0.017021276595744685,0.014241159089097342,13406717.502072893,0.842080378250591,0.016193853427895987,0.008974358974358975,0.01111111111111111,-0.0038461538461538464,0.008974358974358975,0.01111111111111111,OK,
gradual_bias,full,factor_cov_lrt_delta,INFEASIBLE,0.25,budget_only,count,INFEASIBLE,INFEASIBLE,INFEASIBLE,INFEASIBLE,INFEASIBLE,INFEASIBLE,INFEASIBLE,INFEASIBLE,INFEASIBLE,INFEASIBLE,INFEASIBLE,INFEASIBLE,INFEASIBLE,INFEASIBLE,INFEASIBLE,INFEASIBLE,INFEASIBLE,INFEASIBLE,INFEASIBLE,INFEASIBLE,INFEASIBLE,INFEASIBLE,INFEASIBLE,,INFEASIBLE,INFEASIBLE,INFEASIBLE,INFEASIBLE,INFEASIBLE,INFEASIBLE,INFEASIBLE,INFEASIBLE,INFEASIBLE,INFEASIBLE,INFEASIBLE,INFEASIBLE,INFEASIBLE,INFEASIBLE,INFEASIBLE,INFEASIBLE,INFEASIBLE,INFEASIBLE,INFEASIBLE,INFEASIBLE,INFEASIBLE,INFEASIBLE,INFEASIBLE,INFEASIBLE,INFEASIBLE,no_trials_in_band
gradual_bias,full,factor_cov_lrt_delta,INFEASIBLE,0.5,budget_only,count,INFEASIBLE,INFEASIBLE,INFEASIBLE,INFEASIBLE,INFEASIBLE,INFEASIBLE,INFEASIBLE,INFEASIBLE,INFEASIBLE,INFEASIBLE,INFEASIBLE,INFEASIBLE,INFEASIBLE,INFEASIBLE,INFEASIBLE,INFEASIBLE,INFEASIBLE,INFEASIBLE,INFEASIBLE,INFEASIBLE,INFEASIBLE,INFEASIBLE,INFEASIBLE,,INFEASIBLE,INFEASIBLE,INFEASIBLE,INFEASIBLE,INFEASIBLE,INFEASIBLE,INFEASIBLE,INFEASIBLE,INFEASIBLE,INFEASIBLE,INFEASIBLE,INFEASIBLE,INFEASIBLE,INFEASIBLE,INFEASIBLE,INFEASIBLE,INFEASIBLE,INFEASIBLE,INFEASIBLE,INFEASIBLE,INFEASIBLE,INFEASIBLE,INFEASIBLE,INFEASIBLE,INFEASIBLE,no_trials_in_band
gradual_bias,full,factor_cov_lrt_delta,INFEASIBLE,0.75,budget_only,count,INFEASIBLE,INFEASIBLE,INFEASIBLE,INFEASIBLE,INFEASIBLE,INFEASIBLE,INFEASIBLE,INFEASIBLE,INFEASIBLE,INFEASIBLE,INFEASIBLE,INFEASIBLE,INFEASIBLE,INFEASIBLE,INFEASIBLE,INFEASIBLE,INFEASIBLE,INFEASIBLE,INFEASIBLE,INFEASIBLE,INFEASIBLE,INFEASIBLE,INFEASIBLE,,INFEASIBLE,INFEASIBLE,INFEASIBLE,INFEASIBLE,INFEASIBLE,INFEASIBLE,INFEASIBLE,INFEASIBLE,INFEASIBLE,INFEASIBLE,INFEASIBLE,INFEASIBLE,INFEASIBLE,INFEASIBLE,INFEASIBLE,INFEASIBLE,INFEASIBLE,INFEASIBLE,INFEASIBLE,INFEASIBLE,INFEASIBLE,INFEASIBLE,INFEASIBLE,INFEASIBLE,INFEASIBLE,no_trials_in_band
gradual_bias,full,factor_cov_lrt_delta,INFEASIBLE,1.0,budget_only,count,INFEASIBLE,INFEASIBLE,INFEASIBLE,INFEASIBLE,INFEASIBLE,INFEASIBLE,INFEASIBLE,INFEASIBLE,INFEASIBLE,INFEASIBLE,INFEASIBLE,INFEASIBLE,INFEASIBLE,INFEASIBLE,INFEASIBLE,INFEASIBLE,INFEASIBLE,INFEASIBLE,INFEASIBLE,INFEASIBLE,INFEASIBLE,INFEASIBLE,INFEASIBLE,,INFEASIBLE,INFEASIBLE,INFEASIBLE,INFEASIBLE,INFEASIBLE,INFEASIBLE,INFEASIBLE,INFEASIBLE,INFEASIBLE,INFEASIBLE,INFEASIBLE,INFEASIBLE,INFEASIBLE,INFEASIBLE,INFEASIBLE,INFEASIBLE,INFEASIBLE,INFEASIBLE,INFEASIBLE,INFEASIBLE,INFEASIBLE,INFEASIBLE,INFEASIBLE,INFEASIBLE,INFEASIBLE,no_trials_in_band
gradual_bias,full,fused_fisher,1.0,0.25,budget_only,count,0.1,0.15,0.1,30,30,30,30,1.0,1.0,1.0,0.8543735224586289,0.01643026004728133,4.633333333333334,0.3333333333333333,0.3333333333333333,0.0,0.36666666666666664,0.06666666666666667,0.36666666666666664,0.06666666666666667,0.03333333333333333,0.06666666666666667,0.06666666666666667,4.0,26.0,26.0,26.0,26.0,26.0,26.0,26.0,26.0,26.0,26.0,11.0,11.0,0.8543735224586289,0.8543735224586289,0.01643026004728133,1.0000000000000002e-06,-0.10676685135859576,0.8543735224586289,0.01643026004728133,0.0,0.0,0.0,0.0,0.0,OK,
gradual_bias,full,fused_fisher,1.0,0.5,budget_only,count,0.1,0.15,0.1,30,30,30,30,1.0,1.0,1.0,0.8543735224586289,0.01643026004728133,4.633333333333334,0.3333333333333333,0.3333333333333333,0.0,0.36666666666666664,0.06666666666666667,0.36666666666666664,0.06666666666666667,0.03333333333333333,0.06666666666666667,0.06666666666666667,4.0,26.0,26.0,26.0,26.0,26.0,26.0,26.0,26.0,26.0,26.0,11.0,11.0,0.8543735224586289,0.8543735224586289,0.01643026004728133,1.0000000000000002e-06,-0.10676685135859576,0.8543735224586289,0.01643026004728133,0.0,0.0,0.0,0.0,0.0,OK,
gradual_bias,full,fused_fisher,1.0,0.75,budget_only,count,0.1,0.15,0.1,30,30,30,30,1.0,1.0,1.0,0.8543735224586289,0.01643026004728133,4.633333333333334,0.3333333333333333,0.3333333333333333,0.0,0.36666666666666664,0.06666666666666667,0.36666666666666664,0.06666666666666667,0.03333333333333333,0.06666666666666667,0.06666666666666667,4.0,26.0,26.0,26.0,26.0,26.0,26.0,26.0,26.0,26.0,26.0,11.0,11.0,0.8543735224586289,0.8543735224586289,0.01643026004728133,1.0000000000000002e-06,-0.10676685135859576,0.8543735224586289,0.01643026004728133,0.0,0.0,0.0,0.0,0.0,OK,
gradual_bias,full,fused_fisher,1.0,1.0,budget_only,count,0.1,0.15,0.1,30,30,30,30,1.0,1.0,1.0,0.8543735224586289,0.01643026004728133,4.633333333333334,0.3333333333333333,0.3333333333333333,0.0,0.36666666666666664,0.06666666666666667,0.36666666666666664,0.06666666666666667,0.03333333333333333,0.06666666666666667,0.06666666666666667,4.0,26.0,26.0,26.0,26.0,26.0,26.0,26.0,26.0,26.0,26.0,11.0,11.0,0.8543735224586289,0.8543735224586289,0.01643026004728133,1.0000000000000002e-06,-0.10676685135859576,0.8543735224586289,0.01643026004728133,0.0,0.0,0.0,0.0,0.0,OK,
gradual_bias,full,fused_fisher,INFEASIBLE,0.25,budget_only,count,INFEASIBLE,INFEASIBLE,INFEASIBLE,INFEASIBLE,INFEASIBLE,INFEASIBLE,INFEASIBLE,INFEASIBLE,INFEASIBLE,INFEASIBLE,INFEASIBLE,INFEASIBLE,INFEASIBLE,INFEASIBLE,INFEASIBLE,INFEASIBLE,INFEASIBLE,INFEASIBLE,INFEASIBLE,INFEASIBLE,INFEASIBLE,INFEASIBLE,INFEASIBLE,,INFEASIBLE,INFEASIBLE,INFEASIBLE,INFEASIBLE,INFEASIBLE,INFEASIBLE,INFEASIBLE,INFEASIBLE,INFEASIBLE,INFEASIBLE,INFEASIBLE,INFEASIBLE,INFEASIBLE,INFEASIBLE,INFEASIBLE,INFEASIBLE,INFEASIBLE,INFEASIBLE,INFEASIBLE,INFEASIBLE,INFEASIBLE,INFEASIBLE,INFEASIBLE,INFEASIBLE,INFEASIBLE,no_trials_in_band
gradual_bias,full,fused_fisher,INFEASIBLE,0.5,budget_only,count,INFEASIBLE,INFEASIBLE,INFEASIBLE,INFEASIBLE,INFEASIBLE,INFEASIBLE,INFEASIBLE,INFEASIBLE,INFEASIBLE,INFEASIBLE,INFEASIBLE,INFEASIBLE,INFEASIBLE,INFEASIBLE,INFEASIBLE,INFEASIBLE,INFEASIBLE,INFEASIBLE,INFEASIBLE,INFEASIBLE,INFEASIBLE,INFEASIBLE,INFEASIBLE,,INFEASIBLE,INFEASIBLE,INFEASIBLE,INFEASIBLE,INFEASIBLE,INFEASIBLE,INFEASIBLE,INFEASIBLE,INFEASIBLE,INFEASIBLE,INFEASIBLE,INFEASIBLE,INFEASIBLE,INFEASIBLE,INFEASIBLE,INFEASIBLE,INFEASIBLE,INFEASIBLE,INFEASIBLE,INFEASIBLE,INFEASIBLE,INFEASIBLE,INFEASIBLE,INFEASIBLE,INFEASIBLE,no_trials_in_band
gradual_bias,full,fused_fisher,INFEASIBLE,0.75,budget_only,count,INFEASIBLE,INFEASIBLE,INFEASIBLE,INFEASIBLE,INFEASIBLE,INFEASIBLE,INFEASIBLE,INFEASIBLE,INFEASIBLE,INFEASIBLE,INFEASIBLE,INFEASIBLE,INFEASIBLE,INFEASIBLE,INFEASIBLE,INFEASIBLE,INFEASIBLE,INFEASIBLE,INFEASIBLE,INFEASIBLE,INFEASIBLE,INFEASIBLE,INFEASIBLE,,INFEASIBLE,INFEASIBLE,INFEASIBLE,INFEASIBLE,INFEASIBLE,INFEASIBLE,INFEASIBLE,INFEASIBLE,INFEASIBLE,INFEASIBLE,INFEASIBLE,INFEASIBLE,INFEASIBLE,INFEASIBLE,INFEASIBLE,INFEASIBLE,INFEASIBLE,INFEASIBLE,INFEASIBLE,INFEASIBLE,INFEASIBLE,INFEASIBLE,INFEASIBLE,INFEASIBLE,INFEASIBLE,no_trials_in_band
gradual_bias,full,fused_fisher,INFEASIBLE,1.0,budget_only,count,INFEASIBLE,INFEASIBLE,INFEASIBLE,INFEASIBLE,INFEASIBLE,INFEASIBLE,INFEASIBLE,INFEASIBLE,INFEASIBLE,INFEASIBLE,INFEASIBLE,INFEASIBLE,INFEASIBLE,INFEASIBLE,INFEASIBLE,INFEASIBLE,INFEASIBLE,INFEASIBLE,INFEASIBLE,INFEASIBLE,INFEASIBLE,INFEASIBLE,INFEASIBLE,,INFEASIBLE,INFEASIBLE,INFEASIBLE,INFEASIBLE,INFEASIBLE,INFEASIBLE,INFEASIBLE,INFEASIBLE,INFEASIBLE,INFEASIBLE,INFEASIBLE,INFEASIBLE,INFEASIBLE,INFEASIBLE,INFEASIBLE,INFEASIBLE,INFEASIBLE,INFEASIBLE,INFEASIBLE,INFEASIBLE,INFEASIBLE,INFEASIBLE,INFEASIBLE,INFEASIBLE,INFEASIBLE,no_trials_in_band
gradual_bias,full,fused_fisher_lrt_delta,1.0,0.25,budget_only,count,0.1,0.15,0.1,30,30,30,30,1.0,1.0,1.0,0.8605200945626479,0.016548463356974002,4.666666666666667,0.4,0.3,0.10000000000000003,0.43333333333333335,0.1,0.43333333333333335,0.1,0.03333333333333333,0.1,0.1,4.0,26.0,26.0,26.0,26.0,26.0,26.0,26.0,26.0,26.0,26.0,13.0,15.0,0.84822695035461,0.842080378250591,0.01631205673758866,1.0000000000000002e-06,0.0487226258538785,0.8605200945626479,0.016548463356974002,0.014102564102564105,0.03333333333333333,0.0038461538461538464,0.0038461538461538464,0.01111111111111111,OK,
gradual_bias,full,fused_fisher_lrt_delta,1.0,0.5,budget_only,count,0.1,0.15,0.1,30,30,30,30,1.0,1.0,1.0,0.8605200945626479,0.016548463356974002,4.666666666666667,0.43333333333333335,0.3,0.13333333333333336,0.4666666666666667,0.1,0.4666666666666667,0.1,0.03333333333333333,0.1,0.1,4.0,26.0,26.0,26.0,26.0,26.0,26.0,26.0,26.0,26.0,26.0,12.0,15.0,0.8359338061465722,0.8359338061465722,0.016075650118203316,1.0000000000000002e-06,0.07198854277862586,0.8605200945626479,0.016548463356974002,0.015384615384615385,0.02222222222222222,0.005128205128205128,0.005128205128205128,0.0,OK,
gradual_bias,full,fused_fisher_lrt_delta,1.0,0.75,budget_only,count,0.1,0.15,0.1,30,30,30,30,1.0,1.0,1.0,0.8605200945626479,0.016548463356974002,4.666666666666667,0.36666666666666664,0.3,0.06666666666666665,0.4,0.1,0.4,0.1,0.03333333333333333,0.1,0.1,4.0,26.0,26.0,26.0,26.0,26.0,26.0,26.0,26.0,26.0,26.0,11.0,15.0,0.84822695035461,0.84822695035461,0.01631205673758866,1.0000000000000002e-06,0.07519943569145641,0.8605200945626479,0.016548463356974002,0.015384615384615385,0.02222222222222222,0.002564102564102564,0.002564102564102564,0.02222222222222222,OK,
gradual_bias,full,fused_fisher_lrt_delta,1.0,1.0,budget_only,count,0.1,0.15,0.1,30,30,30,30,1.0,1.0,1.0,0.8605200945626479,0.016548463356974002,4.666666666666667,0.43333333333333335,0.3,0.13333333333333336,0.4666666666666667,0.13333333333333333,0.4666666666666667,0.13333333333333333,0.03333333333333333,0.13333333333333333,0.13333333333333333,4.0,26.0,26.0,26.0,26.0,26.0,26.0,26.0,26.0,26.0,26.0,12.0,15.0,0.842080378250591,0.8359338061465722,0.016193853427895987,1.0000000000000002e-06,0.08080363213349076,0.8605200945626479,0.016548463356974002,0.011538461538461537,0.01111111111111111,0.006410256410256411,0.006410256410256411,-0.01111111111111111,OK,
gradual_bias,full,fused_fisher_lrt_delta,INFEASIBLE,0.25,budget_only,count,INFEASIBLE,INFEASIBLE,INFEASIBLE,INFEASIBLE,INFEASIBLE,INFEASIBLE,INFEASIBLE,INFEASIBLE,INFEASIBLE,INFEASIBLE,INFEASIBLE,INFEASIBLE,INFEASIBLE,INFEASIBLE,INFEASIBLE,INFEASIBLE,INFEASIBLE,INFEASIBLE,INFEASIBLE,INFEASIBLE,INFEASIBLE,INFEASIBLE,INFEASIBLE,,INFEASIBLE,INFEASIBLE,INFEASIBLE,INFEASIBLE,INFEASIBLE,INFEASIBLE,INFEASIBLE,INFEASIBLE,INFEASIBLE,INFEASIBLE,INFEASIBLE,INFEASIBLE,INFEASIBLE,INFEASIBLE,INFEASIBLE,INFEASIBLE,INFEASIBLE,INFEASIBLE,INFEASIBLE,INFEASIBLE,INFEASIBLE,INFEASIBLE,INFEASIBLE,INFEASIBLE,INFEASIBLE,no_trials_in_band
gradual_bias,full,fused_fisher_lrt_delta,INFEASIBLE,0.5,budget_only,count,INFEASIBLE,INFEASIBLE,INFEASIBLE,INFEASIBLE,INFEASIBLE,INFEASIBLE,INFEASIBLE,INFEASIBLE,INFEASIBLE,INFEASIBLE,INFEASIBLE,INFEASIBLE,INFEASIBLE,INFEASIBLE,INFEASIBLE,INFEASIBLE,INFEASIBLE,INFEASIBLE,INFEASIBLE,INFEASIBLE,INFEASIBLE,INFEASIBLE,INFEASIBLE,,INFEASIBLE,INFEASIBLE,INFEASIBLE,INFEASIBLE,INFEASIBLE,INFEASIBLE,INFEASIBLE,INFEASIBLE,INFEASIBLE,INFEASIBLE,INFEASIBLE,INFEASIBLE,INFEASIBLE,INFEASIBLE,INFEASIBLE,INFEASIBLE,INFEASIBLE,INFEASIBLE,INFEASIBLE,INFEASIBLE,INFEASIBLE,INFEASIBLE,INFEASIBLE,INFEASIBLE,INFEASIBLE,no_trials_in_band
gradual_bias,full,fused_fisher_lrt_delta,INFEASIBLE,0.75,budget_only,count,INFEASIBLE,INFEASIBLE,INFEASIBLE,INFEASIBLE,INFEASIBLE,INFEASIBLE,INFEASIBLE,INFEASIBLE,INFEASIBLE,INFEASIBLE,INFEASIBLE,INFEASIBLE,INFEASIBLE,INFEASIBLE,INFEASIBLE,INFEASIBLE,INFEASIBLE,INFEASIBLE,INFEASIBLE,INFEASIBLE,INFEASIBLE,INFEASIBLE,INFEASIBLE,,INFEASIBLE,INFEASIBLE,INFEASIBLE,INFEASIBLE,INFEASIBLE,INFEASIBLE,INFEASIBLE,INFEASIBLE,INFEASIBLE,INFEASIBLE,INFEASIBLE,INFEASIBLE,INFEASIBLE,INFEASIBLE,INFEASIBLE,INFEASIBLE,INFEASIBLE,INFEASIBLE,INFEASIBLE,INFEASIBLE,INFEASIBLE,INFEASIBLE,INFEASIBLE,INFEASIBLE,INFEASIBLE,no_trials_in_band
gradual_bias,full,fused_fisher_lrt_delta,INFEASIBLE,1.0,budget_only,count,INFEASIBLE,INFEASIBLE,INFEASIBLE,INFEASIBLE,INFEASIBLE,INFEASIBLE,INFEASIBLE,INFEASIBLE,INFEASIBLE,INFEASIBLE,INFEASIBLE,INFEASIBLE,INFEASIBLE,INFEASIBLE,INFEASIBLE,INFEASIBLE,INFEASIBLE,INFEASIBLE,INFEASIBLE,INFEASIBLE,INFEASIBLE,INFEASIBLE,INFEASIBLE,,INFEASIBLE,INFEASIBLE,INFEASIBLE,INFEASIBLE,INFEASIBLE,INFEASIBLE,INFEASIBLE,INFEASIBLE,INFEASIBLE,INFEASIBLE,INFEASIBLE,INFEASIBLE,INFEASIBLE,INFEASIBLE,INFEASIBLE,INFEASIBLE,INFEASIBLE,INFEASIBLE,INFEASIBLE,INFEASIBLE,INFEASIBLE,INFEASIBLE,INFEASIBLE,INFEASIBLE,INFEASIBLE,no_trials_in_band
gradual_bias,full,fused_sp,1.0,0.25,budget_only,count,0.1,0.15,0.1,30,30,30,30,1.0,1.0,1.0,0.854373522458629,0.02316784869976359,4.633333333333334,0.36666666666666664,0.36666666666666664,0.0,0.36666666666666664,0.06666666666666667,0.36666666666666664,0.06666666666666667,0.0,0.06666666666666667,0.06666666666666667,4.0,26.0,26.0,26.0,26.0,26.0,26.0,26.0,26.0,26.0,26.0,13.0,13.0,1.2047281323877073,0.854373522458629,0.02316784869976359,0.04121453227134665,-0.20946345165998273,0.854373522458629,0.02316784869976359,0.0,0.0,0.0,0.0,0.0,OK,
gradual_bias,full,fused_sp,1.0,0.5,budget_only,count,0.1,0.15,0.1,30,30,30,30,1.0,1.0,1.0,0.854373522458629,0.02316784869976359,4.633333333333334,0.36666666666666664,0.36666666666666664,0.0,0.36666666666666664,0.06666666666666667,0.36666666666666664,0.06666666666666667,0.0,0.06666666666666667,0.06666666666666667,4.0,26.0,26.0,26.0,26.0,26.0,26.0,26.0,26.0,26.0,26.0,13.0,13.0,1.2047281323877073,0.854373522458629,0.02316784869976359,0.04121453227134665,-0.20946345889672052,0.854373522458629,0.02316784869976359,0.0,0.0,0.0,0.0,0.0,OK,
gradual_bias,full,fused_sp,1.0,0.75,budget_only,count,0.1,0.15,0.1,30,30,30,30,1.0,1.0,1.0,0.854373522458629,0.02316784869976359,4.633333333333334,0.36666666666666664,0.36666666666666664,0.0,0.36666666666666664,0.06666666666666667,0.36666666666666664,0.06666666666666667,0.0,0.06666666666666667,0.06666666666666667,4.0,26.0,26.0,26.0,26.0,26.0,26.0,26.0,26.0,26.0,26.0,13.0,13.0,1.2047281323877073,0.854373522458629,0.02316784869976359,0.04121453227134665,-0.2094634661334059,0.854373522458629,0.02316784869976359,0.0,0.0,0.0,0.0,0.0,OK,
gradual_bias,full,fused_sp,1.0,1.0,budget_only,count,0.1,0.15,0.1,30,30,30,30,1.0,1.0,1.0,0.854373522458629,0.02316784869976359,4.633333333333334,0.36666666666666664,0.36666666666666664,0.0,0.36666666666666664,0.06666666666666667,0.36666666666666664,0.06666666666666667,0.0,0.06666666666666667,0.06666666666666667,4.0,26.0,26.0,26.0,26.0,26.0,26.0,26.0,26.0,26.0,26.0,13.0,13.0,1.2047281323877073,0.854373522458629,0.02316784869976359,0.04121453227134665,-0.20946347337003887,0.854373522458629,0.02316784869976359,0.0,0.0,0.0,0.0,0.0,OK,
gradual_bias,full,fused_sp,2.0,0.25,budget_only,count,0.1,0.15,0.1,30,8,2,8,0.26666666666666666,0.06666666666666667,0.26666666666666666,1.6595744680851063,0.17375886524822692,9.0,0.5,0.5,0.0,0.5,0.125,0.5,0.125,0.0,0.125,0.125,4.0,25.0,25.0,25.0,26.0,25.0,26.0,25.0,26.0,25.0,26.0,15.0,15.0,9.035460992907801,1.6595744680851063,0.17375886524822692,0.31562720889131124,-0.04726878940720941,1.6595744680851063,0.17375886524822692,0.0,0.0,0.0,0.0,0.0,OK,
gradual_bias,full,fused_sp,2.0,0.5,budget_only,count,0.1,0.15,0.1,30,8,2,8,0.26666666666666666,0.06666666666666667,0.26666666666666666,1.6595744680851063,0.17375886524822692,9.0,0.5,0.5,0.0,0.5,0.125,0.5,0.125,0.0,0.125,0.125,4.0,25.0,25.0,25.0,26.0,25.0,26.0,25.0,26.0,25.0,26.0,15.0,15.0,9.035460992907801,1.6595744680851063,0.17375886524822692,0.31562720889131124,-0.04726878940720941,1.6595744680851063,0.17375886524822692,0.0,0.0,0.0,0.0,0.0,OK,
gradual_bias,full,fused_sp,2.0,0.75,budget_only,count,0.1,0.15,0.1,30,8,2,8,0.26666666666666666,0.06666666666666667,0.26666666666666666,1.6595744680851063,0.17375886524822692,9.0,0.5,0.5,0.0,0.5,0.125,0.5,0.125,0.0,0.125,0.125,4.0,25.0,25.0,25.0,26.0,25.0,26.0,25.0,26.0,25.0,26.0,15.0,15.0,9.035460992907801,1.6595744680851063,0.17375886524822692,0.31562720889131124,-0.04726878940720941,1.6595744680851063,0.17375886524822692,0.0,0.0,0.0,0.0,0.0,OK,
gradual_bias,full,fused_sp,2.0,1.0,budget_only,count,0.1,0.15,0.1,30,8,2,8,0.26666666666666666,0.06666666666666667,0.26666666666666666,1.6595744680851063,0.17375886524822692,9.0,0.5,0.5,0.0,0.5,0.125,0.5,0.125,0.0,0.125,0.125,4.0,25.0,25.0,25.0,26.0,25.0,26.0,25.0,26.0,25.0,26.0,15.0,15.0,9.035460992907801,1.6595744680851063,0.17375886524822692,0.31562720889131124,-0.04726878940720941,1.6595744680851063,0.17375886524822692,0.0,0.0,0.0,0.0,0.0,OK,
gradual_bias,full,fused_sp_lrt_delta,1.0,0.25,budget_only,count,0.1,0.15,0.1,30,24,24,24,0.8,0.8,0.8,0.7375886524822693,0.014184397163120567,4.0,0.08333333333333333,0.0,0.08333333333333333,0.08333333333333333,0.0,0.08333333333333333,0.0,0.0,0.0,0.0,4.0,26.0,26.0,26.0,26.0,26.0,26.0,26.0,26.0,26.0,26.0,13.5,NA,0.7299054373522457,0.7299054373522457,0.01403664302600473,0.0002893078383172255,0.2179495998103355,0.7375886524822693,0.014184397163120567,0.0032051282051282055,0.013888888888888888,0.0032051282051282055,0.0032051282051282055,0.013888888888888888,OK,
gradual_bias,full,fused_sp_lrt_delta,1.0,0.5,budget_only,count,0.1,0.15,0.1,30,24,24,24,0.8,0.8,0.8,0.7375886524822693,0.014184397163120567,4.0,0.041666666666666664,0.0,0.041666666666666664,0.041666666666666664,0.0,0.041666666666666664,0.0,0.0,0.0,0.0,4.0,26.0,26.0,26.0,26.0,26.0,26.0,26.0,26.0,26.0,26.0,19.0,NA,0.722222222222222,0.722222222222222,0.01388888888888889,0.0002893078383172255,0.7261034651371824,0.7375886524822693,0.014184397163120567,0.0016025641025641027,0.0,0.0016025641025641027,0.0016025641025641027,0.0,OK,
gradual_bias,full,fused_sp_lrt_delta,1.0,0.75,budget_only,count,0.1,0.15,0.1,30,24,24,24,0.8,0.8,0.8,0.7375886524822693,0.014184397163120567,4.0,0.0,0.0,0.0,0.0,0.0,0.0,0.0,0.0,0.0,0.0,4.0,26.0,26.0,26.0,26.0,26.0,26.0,26.0,26.0,26.0,26.0,NA,NA,0.7145390070921985,0.7145390070921985,0.013741134751773049,0.0002893078383172255,181940.02040776596,0.7375886524822693,0.014184397163120567,0.0,0.0,0.0,0.0,0.0,OK,
gradual_bias,full,fused_sp_lrt_delta,1.0,1.0,budget_only,count,0.1,0.15,0.1,30,24,24,24,0.8,0.8,0.8,0.7375886524822693,0.014184397163120567,4.0,0.125,0.0,0.125,0.125,0.0,0.125,0.0,0.0,0.0,0.0,4.0,26.0,26.0,26.0,26.0,26.0,26.0,26.0,26.0,26.0,26.0,20.0,NA,0.7299054373522459,0.7299054373522459,0.014036643026004728,0.0002893078383172255,12961129.502185164,0.7375886524822693,0.014184397163120567,0.004807692307692308,0.013888888888888888,0.004807692307692308,0.004807692307692308,0.013888888888888888,OK,
gradual_bias,full,fused_sp_lrt_delta,INFEASIBLE,0.25,budget_only,count,INFEASIBLE,INFEASIBLE,INFEASIBLE,INFEASIBLE,INFEASIBLE,INFEASIBLE,INFEASIBLE,INFEASIBLE,INFEASIBLE,INFEASIBLE,INFEASIBLE,INFEASIBLE,INFEASIBLE,INFEASIBLE,INFEASIBLE,INFEASIBLE,INFEASIBLE,INFEASIBLE,INFEASIBLE,INFEASIBLE,INFEASIBLE,INFEASIBLE,INFEASIBLE,,INFEASIBLE,INFEASIBLE,INFEASIBLE,INFEASIBLE,INFEASIBLE,INFEASIBLE,INFEASIBLE,INFEASIBLE,INFEASIBLE,INFEASIBLE,INFEASIBLE,INFEASIBLE,INFEASIBLE,INFEASIBLE,INFEASIBLE,INFEASIBLE,INFEASIBLE,INFEASIBLE,INFEASIBLE,INFEASIBLE,INFEASIBLE,INFEASIBLE,INFEASIBLE,INFEASIBLE,INFEASIBLE,no_trials_in_band
gradual_bias,full,fused_sp_lrt_delta,INFEASIBLE,0.5,budget_only,count,INFEASIBLE,INFEASIBLE,INFEASIBLE,INFEASIBLE,INFEASIBLE,INFEASIBLE,INFEASIBLE,INFEASIBLE,INFEASIBLE,INFEASIBLE,INFEASIBLE,INFEASIBLE,INFEASIBLE,INFEASIBLE,INFEASIBLE,INFEASIBLE,INFEASIBLE,INFEASIBLE,INFEASIBLE,INFEASIBLE,INFEASIBLE,INFEASIBLE,INFEASIBLE,,INFEASIBLE,INFEASIBLE,INFEASIBLE,INFEASIBLE,INFEASIBLE,INFEASIBLE,INFEASIBLE,INFEASIBLE,INFEASIBLE,INFEASIBLE,INFEASIBLE,INFEASIBLE,INFEASIBLE,INFEASIBLE,INFEASIBLE,INFEASIBLE,INFEASIBLE,INFEASIBLE,INFEASIBLE,INFEASIBLE,INFEASIBLE,INFEASIBLE,INFEASIBLE,INFEASIBLE,INFEASIBLE,no_trials_in_band
gradual_bias,full,fused_sp_lrt_delta,INFEASIBLE,0.75,budget_only,count,INFEASIBLE,INFEASIBLE,INFEASIBLE,INFEASIBLE,INFEASIBLE,INFEASIBLE,INFEASIBLE,INFEASIBLE,INFEASIBLE,INFEASIBLE,INFEASIBLE,INFEASIBLE,INFEASIBLE,INFEASIBLE,INFEASIBLE,INFEASIBLE,INFEASIBLE,INFEASIBLE,INFEASIBLE,INFEASIBLE,INFEASIBLE,INFEASIBLE,INFEASIBLE,,INFEASIBLE,INFEASIBLE,INFEASIBLE,INFEASIBLE,INFEASIBLE,INFEASIBLE,INFEASIBLE,INFEASIBLE,INFEASIBLE,INFEASIBLE,INFEASIBLE,INFEASIBLE,INFEASIBLE,INFEASIBLE,INFEASIBLE,INFEASIBLE,INFEASIBLE,INFEASIBLE,INFEASIBLE,INFEASIBLE,INFEASIBLE,INFEASIBLE,INFEASIBLE,INFEASIBLE,INFEASIBLE,no_trials_in_band
gradual_bias,full,fused_sp_lrt_delta,INFEASIBLE,1.0,budget_only,count,INFEASIBLE,INFEASIBLE,INFEASIBLE,INFEASIBLE,INFEASIBLE,INFEASIBLE,INFEASIBLE,INFEASIBLE,INFEASIBLE,INFEASIBLE,INFEASIBLE,INFEASIBLE,INFEASIBLE,INFEASIBLE,INFEASIBLE,INFEASIBLE,INFEASIBLE,INFEASIBLE,INFEASIBLE,INFEASIBLE,INFEASIBLE,INFEASIBLE,INFEASIBLE,,INFEASIBLE,INFEASIBLE,INFEASIBLE,INFEASIBLE,INFEASIBLE,INFEASIBLE,INFEASIBLE,INFEASIBLE,INFEASIBLE,INFEASIBLE,INFEASIBLE,INFEASIBLE,INFEASIBLE,INFEASIBLE,INFEASIBLE,INFEASIBLE,INFEASIBLE,INFEASIBLE,INFEASIBLE,INFEASIBLE,INFEASIBLE,INFEASIBLE,INFEASIBLE,INFEASIBLE,INFEASIBLE,no_trials_in_band
gradual_bias,full,max_abs,1.0,0.25,budget_only,count,0.1,0.15,0.1,30,30,30,30,1.0,1.0,1.0,1.0141843971631204,0.03333333333333334,5.5,0.7,0.5333333333333333,0.16666666666666663,0.7333333333333333,0.3,0.7333333333333333,0.3,0.03333333333333333,0.23333333333333334,0.23333333333333334,4.0,12.0,24.5,12.0,26.0,24.5,26.0,11.5,26.0,12.0,26.0,6.0,5.5,1.7333333333333336,1.0141843971631204,0.03333333333333334,0.04666437208391654,-0.09999956247378683,1.0141843971631204,0.03333333333333334,0.03974358974358974,0.0,0.03461538461538462,0.03461538461538462,0.0,OK,
gradual_bias,full,max_abs,1.0,0.5,budget_only,count,0.1,0.15,0.1,30,30,30,30,1.0,1.0,1.0,1.0141843971631204,0.03333333333333334,5.5,0.7,0.5333333333333333,0.16666666666666663,0.7333333333333333,0.3,0.7333333333333333,0.3,0.03333333333333333,0.23333333333333334,0.23333333333333334,4.0,12.0,24.5,12.0,26.0,24.5,26.0,11.5,26.0,12.0,26.0,6.0,5.5,1.7333333333333336,1.0141843971631204,0.03333333333333334,0.04666437208391654,-0.09999914586737216,1.0141843971631204,0.03333333333333334,0.03974358974358974,0.0,0.03461538461538462,0.03461538461538462,0.0,OK,
gradual_bias,full,max_abs,1.0,0.75,budget_only,count,0.1,0.15,0.1,30,30,30,30,1.0,1.0,1.0,1.0141843971631204,0.03333333333333334,5.5,0.7,0.5333333333333333,0.16666666666666663,0.7333333333333333,0.3,0.7333333333333333,0.3,0.03333333333333333,0.23333333333333334,0.23333333333333334,4.0,12.0,24.5,12.0,26.0,24.5,26.0,11.5,26.0,12.0,26.0,6.0,5.5,1.7333333333333336,1.0141843971631204,0.03333333333333334,0.04666437208391654,-0.09999870003364594,1.0141843971631204,0.03333333333333334,0.03974358974358974,0.0,0.03461538461538462,0.03461538461538462,0.0,OK,
gradual_bias,full,max_abs,1.0,1.0,budget_only,count,0.1,0.15,0.1,30,30,30,30,1.0,1.0,1.0,1.0141843971631204,0.03333333333333334,5.5,0.7,0.5333333333333333,0.16666666666666663,0.7333333333333333,0.3,0.7333333333333333,0.3,0.03333333333333333,0.23333333333333334,0.23333333333333334,4.0,12.0,24.5,12.0,26.0,24.5,26.0,11.5,26.0,12.0,26.0,6.0,5.5,1.7333333333333336,1.0141843971631204,0.03333333333333334,0.04666437208391654,-0.09999824085886552,1.0141843971631204,0.03333333333333334,0.03974358974358974,0.0,0.03461538461538462,0.03461538461538462,0.0,OK,
gradual_bias,full,max_abs,INFEASIBLE,0.25,budget_only,count,INFEASIBLE,INFEASIBLE,INFEASIBLE,INFEASIBLE,INFEASIBLE,INFEASIBLE,INFEASIBLE,INFEASIBLE,INFEASIBLE,INFEASIBLE,INFEASIBLE,INFEASIBLE,INFEASIBLE,INFEASIBLE,INFEASIBLE,INFEASIBLE,INFEASIBLE,INFEASIBLE,INFEASIBLE,INFEASIBLE,INFEASIBLE,INFEASIBLE,INFEASIBLE,,INFEASIBLE,INFEASIBLE,INFEASIBLE,INFEASIBLE,INFEASIBLE,INFEASIBLE,INFEASIBLE,INFEASIBLE,INFEASIBLE,INFEASIBLE,INFEASIBLE,INFEASIBLE,INFEASIBLE,INFEASIBLE,INFEASIBLE,INFEASIBLE,INFEASIBLE,INFEASIBLE,INFEASIBLE,INFEASIBLE,INFEASIBLE,INFEASIBLE,INFEASIBLE,INFEASIBLE,INFEASIBLE,no_trials_in_band
gradual_bias,full,max_abs,INFEASIBLE,0.5,budget_only,count,INFEASIBLE,INFEASIBLE,INFEASIBLE,INFEASIBLE,INFEASIBLE,INFEASIBLE,INFEASIBLE,INFEASIBLE,INFEASIBLE,INFEASIBLE,INFEASIBLE,INFEASIBLE,INFEASIBLE,INFEASIBLE,INFEASIBLE,INFEASIBLE,INFEASIBLE,INFEASIBLE,INFEASIBLE,INFEASIBLE,INFEASIBLE,INFEASIBLE,INFEASIBLE,,INFEASIBLE,INFEASIBLE,INFEASIBLE,INFEASIBLE,INFEASIBLE,INFEASIBLE,INFEASIBLE,INFEASIBLE,INFEASIBLE,INFEASIBLE,INFEASIBLE,INFEASIBLE,INFEASIBLE,INFEASIBLE,INFEASIBLE,INFEASIBLE,INFEASIBLE,INFEASIBLE,INFEASIBLE,INFEASIBLE,INFEASIBLE,INFEASIBLE,INFEASIBLE,INFEASIBLE,INFEASIBLE,no_trials_in_band
gradual_bias,full,max_abs,INFEASIBLE,0.75,budget_only,count,INFEASIBLE,INFEASIBLE,INFEASIBLE,INFEASIBLE,INFEASIBLE,INFEASIBLE,INFEASIBLE,INFEASIBLE,INFEASIBLE,INFEASIBLE,INFEASIBLE,INFEASIBLE,INFEASIBLE,INFEASIBLE,INFEASIBLE,INFEASIBLE,INFEASIBLE,INFEASIBLE,INFEASIBLE,INFEASIBLE,INFEASIBLE,INFEASIBLE,INFEASIBLE,,INFEASIBLE,INFEASIBLE,INFEASIBLE,INFEASIBLE,INFEASIBLE,INFEASIBLE,INFEASIBLE,INFEASIBLE,INFEASIBLE,INFEASIBLE,INFEASIBLE,INFEASIBLE,INFEASIBLE,INFEASIBLE,INFEASIBLE,INFEASIBLE,INFEASIBLE,INFEASIBLE,INFEASIBLE,INFEASIBLE,INFEASIBLE,INFEASIBLE,INFEASIBLE,INFEASIBLE,INFEASIBLE,no_trials_in_band
gradual_bias,full,max_abs,INFEASIBLE,1.0,budget_only,count,INFEASIBLE,INFEASIBLE,INFEASIBLE,INFEASIBLE,INFEASIBLE,INFEASIBLE,INFEASIBLE,INFEASIBLE,INFEASIBLE,INFEASIBLE,INFEASIBLE,INFEASIBLE,INFEASIBLE,INFEASIBLE,INFEASIBLE,INFEASIBLE,INFEASIBLE,INFEASIBLE,INFEASIBLE,INFEASIBLE,INFEASIBLE,INFEASIBLE,INFEASIBLE,,INFEASIBLE,INFEASIBLE,INFEASIBLE,INFEASIBLE,INFEASIBLE,INFEASIBLE,INFEASIBLE,INFEASIBLE,INFEASIBLE,INFEASIBLE,INFEASIBLE,INFEASIBLE,INFEASIBLE,INFEASIBLE,INFEASIBLE,INFEASIBLE,INFEASIBLE,INFEASIBLE,INFEASIBLE,INFEASIBLE,INFEASIBLE,INFEASIBLE,INFEASIBLE,INFEASIBLE,INFEASIBLE,no_trials_in_band
gradual_bias,full,pc_t2,1.0,0.25,budget_only,count,0.1,0.15,0.1,30,30,30,30,1.0,1.0,1.0,0.8420803782505911,0.019621749408983456,4.566666666666666,0.43333333333333335,0.43333333333333335,0.0,0.43333333333333335,0.03333333333333333,0.43333333333333335,0.03333333333333333,0.0,0.03333333333333333,0.03333333333333333,4.0,26.0,26.0,26.0,26.0,26.0,26.0,26.0,26.0,26.0,26.0,10.0,10.0,1.0203309692671394,0.8420803782505911,0.019621749408983456,0.012013798747827436,0.04804834712823916,0.8420803782505911,0.019621749408983456,0.0,0.0,0.0,0.0,0.0,OK,
gradual_bias,full,pc_t2,1.0,0.5,budget_only,count,0.1,0.15,0.1,30,30,30,30,1.0,1.0,1.0,0.8420803782505911,0.019621749408983456,4.566666666666666,0.43333333333333335,0.43333333333333335,0.0,0.43333333333333335,0.03333333333333333,0.43333333333333335,0.03333333333333333,0.0,0.03333333333333333,0.03333333333333333,4.0,26.0,26.0,26.0,26.0,26.0,26.0,26.0,26.0,26.0,26.0,10.0,10.0,1.0203309692671394,0.8420803782505911,0.019621749408983456,0.012013798747827436,0.04804831365448369,0.8420803782505911,0.019621749408983456,0.0,0.0,0.0,0.0,0.0,OK,
gradual_bias,full,pc_t2,1.0,0.75,budget_only,count,0.1,0.15,0.1,30,30,30,30,1.0,1.0,1.0,0.8420803782505911,0.019621749408983456,4.566666666666666,0.43333333333333335,0.43333333333333335,0.0,0.43333333333333335,0.03333333333333333,0.43333333333333335,0.03333333333333333,0.0,0.03333333333333333,0.03333333333333333,4.0,26.0,26.0,26.0,26.0,26.0,26.0,26.0,26.0,26.0,26.0,10.0,10.0,1.0203309692671394,0.8420803782505911,0.019621749408983456,0.012013798747827436,0.0480482801856246,0.8420803782505911,0.019621749408983456,0.0,0.0,0.0,0.0,0.0,OK,
gradual_bias,full,pc_t2,1.0,1.0,budget_only,count,0.1,0.15,0.1,30,30,30,30,1.0,1.0,1.0,0.8420803782505911,0.019621749408983456,4.566666666666666,0.43333333333333335,0.43333333333333335,0.0,0.43333333333333335,0.03333333333333333,0.43333333333333335,0.03333333333333333,0.0,0.03333333333333333,0.03333333333333333,4.0,26.0,26.0,26.0,26.0,26.0,26.0,26.0,26.0,26.0,26.0,10.0,10.0,1.0203309692671394,0.8420803782505911,0.019621749408983456,0.012013798747827436,0.04804824672166184,0.8420803782505911,0.019621749408983456,0.0,0.0,0.0,0.0,0.0,OK,
gradual_bias,full,pc_t2,INFEASIBLE,0.25,budget_only,count,INFEASIBLE,INFEASIBLE,INFEASIBLE,INFEASIBLE,INFEASIBLE,INFEASIBLE,INFEASIBLE,INFEASIBLE,INFEASIBLE,INFEASIBLE,INFEASIBLE,INFEASIBLE,INFEASIBLE,INFEASIBLE,INFEASIBLE,INFEASIBLE,INFEASIBLE,INFEASIBLE,INFEASIBLE,INFEASIBLE,INFEASIBLE,INFEASIBLE,INFEASIBLE,,INFEASIBLE,INFEASIBLE,INFEASIBLE,INFEASIBLE,INFEASIBLE,INFEASIBLE,INFEASIBLE,INFEASIBLE,INFEASIBLE,INFEASIBLE,INFEASIBLE,INFEASIBLE,INFEASIBLE,INFEASIBLE,INFEASIBLE,INFEASIBLE,INFEASIBLE,INFEASIBLE,INFEASIBLE,INFEASIBLE,INFEASIBLE,INFEASIBLE,INFEASIBLE,INFEASIBLE,INFEASIBLE,no_trials_in_band
gradual_bias,full,pc_t2,INFEASIBLE,0.5,budget_only,count,INFEASIBLE,INFEASIBLE,INFEASIBLE,INFEASIBLE,INFEASIBLE,INFEASIBLE,INFEASIBLE,INFEASIBLE,INFEASIBLE,INFEASIBLE,INFEASIBLE,INFEASIBLE,INFEASIBLE,INFEASIBLE,INFEASIBLE,INFEASIBLE,INFEASIBLE,INFEASIBLE,INFEASIBLE,INFEASIBLE,INFEASIBLE,INFEASIBLE,INFEASIBLE,,INFEASIBLE,INFEASIBLE,INFEASIBLE,INFEASIBLE,INFEASIBLE,INFEASIBLE,INFEASIBLE,INFEASIBLE,INFEASIBLE,INFEASIBLE,INFEASIBLE,INFEASIBLE,INFEASIBLE,INFEASIBLE,INFEASIBLE,INFEASIBLE,INFEASIBLE,INFEASIBLE,INFEASIBLE,INFEASIBLE,INFEASIBLE,INFEASIBLE,INFEASIBLE,INFEASIBLE,INFEASIBLE,no_trials_in_band
gradual_bias,full,pc_t2,INFEASIBLE,0.75,budget_only,count,INFEASIBLE,INFEASIBLE,INFEASIBLE,INFEASIBLE,INFEASIBLE,INFEASIBLE,INFEASIBLE,INFEASIBLE,INFEASIBLE,INFEASIBLE,INFEASIBLE,INFEASIBLE,INFEASIBLE,INFEASIBLE,INFEASIBLE,INFEASIBLE,INFEASIBLE,INFEASIBLE,INFEASIBLE,INFEASIBLE,INFEASIBLE,INFEASIBLE,INFEASIBLE,,INFEASIBLE,INFEASIBLE,INFEASIBLE,INFEASIBLE,INFEASIBLE,INFEASIBLE,INFEASIBLE,INFEASIBLE,INFEASIBLE,INFEASIBLE,INFEASIBLE,INFEASIBLE,INFEASIBLE,INFEASIBLE,INFEASIBLE,INFEASIBLE,INFEASIBLE,INFEASIBLE,INFEASIBLE,INFEASIBLE,INFEASIBLE,INFEASIBLE,INFEASIBLE,INFEASIBLE,INFEASIBLE,no_trials_in_band
gradual_bias,full,pc_t2,INFEASIBLE,1.0,budget_only,count,INFEASIBLE,INFEASIBLE,INFEASIBLE,INFEASIBLE,INFEASIBLE,INFEASIBLE,INFEASIBLE,INFEASIBLE,INFEASIBLE,INFEASIBLE,INFEASIBLE,INFEASIBLE,INFEASIBLE,INFEASIBLE,INFEASIBLE,INFEASIBLE,INFEASIBLE,INFEASIBLE,INFEASIBLE,INFEASIBLE,INFEASIBLE,INFEASIBLE,INFEASIBLE,,INFEASIBLE,INFEASIBLE,INFEASIBLE,INFEASIBLE,INFEASIBLE,INFEASIBLE,INFEASIBLE,INFEASIBLE,INFEASIBLE,INFEASIBLE,INFEASIBLE,INFEASIBLE,INFEASIBLE,INFEASIBLE,INFEASIBLE,INFEASIBLE,INFEASIBLE,INFEASIBLE,INFEASIBLE,INFEASIBLE,INFEASIBLE,INFEASIBLE,INFEASIBLE,INFEASIBLE,INFEASIBLE,no_trials_in_band
gradual_bias,full,res_energy,1.0,0.25,budget_only,count,0.1,0.15,0.1,30,30,30,30,1.0,1.0,1.0,0.854373522458629,0.02316784869976359,4.633333333333334,0.36666666666666664,0.36666666666666664,0.0,0.36666666666666664,0.06666666666666667,0.36666666666666664,0.06666666666666667,0.0,0.06666666666666667,0.06666666666666667,4.0,26.0,26.0,26.0,26.0,26.0,26.0,26.0,26.0,26.0,26.0,13.0,13.0,1.2047281323877073,0.854373522458629,0.02316784869976359,0.04121453227134665,-0.005934646221059559,0.854373522458629,0.02316784869976359,0.0,0.0,0.0,0.0,0.0,OK,
gradual_bias,full,res_energy,1.0,0.5,budget_only,count,0.1,0.15,0.1,30,30,30,30,1.0,1.0,1.0,0.854373522458629,0.02316784869976359,4.633333333333334,0.36666666666666664,0.36666666666666664,0.0,0.36666666666666664,0.06666666666666667,0.36666666666666664,0.06666666666666667,0.0,0.06666666666666667,0.06666666666666667,4.0,26.0,26.0,26.0,26.0,26.0,26.0,26.0,26.0,26.0,26.0,13.0,13.0,1.2047281323877073,0.854373522458629,0.02316784869976359,0.04121453227134665,-0.0059361487811828316,0.854373522458629,0.02316784869976359,0.0,0.0,0.0,0.0,0.0,OK,
gradual_bias,full,res_energy,1.0,0.75,budget_only,count,0.1,0.15,0.1,30,30,30,30,1.0,1.0,1.0,0.854373522458629,0.02316784869976359,4.633333333333334,0.36666666666666664,0.36666666666666664,0.0,0.36666666666666664,0.06666666666666667,0.36666666666666664,0.06666666666666667,0.0,0.06666666666666667,0.06666666666666667,4.0,26.0,26.0,26.0,26.0,26.0,26.0,26.0,26.0,26.0,26.0,13.0,13.0,1.2047281323877073,0.854373522458629,0.02316784869976359,0.04121453227134665,-0.005937651193697563,0.854373522458629,0.02316784869976359,0.0,0.0,0.0,0.0,0.0,OK,
gradual_bias,full,res_energy,1.0,1.0,budget_only,count,0.1,0.15,0.1,30,30,30,30,1.0,1.0,1.0,0.854373522458629,0.02316784869976359,4.633333333333334,0.36666666666666664,0.36666666666666664,0.0,0.36666666666666664,0.06666666666666667,0.36666666666666664,0.06666666666666667,0.0,0.06666666666666667,0.06666666666666667,4.0,26.0,26.0,26.0,26.0,26.0,26.0,26.0,26.0,26.0,26.0,13.0,13.0,1.2047281323877073,0.854373522458629,0.02316784869976359,0.04121453227134665,-0.00593915345860739,0.854373522458629,0.02316784869976359,0.0,0.0,0.0,0.0,0.0,OK,
gradual_bias,full,res_energy,INFEASIBLE,0.25,budget_only,count,INFEASIBLE,INFEASIBLE,INFEASIBLE,INFEASIBLE,INFEASIBLE,INFEASIBLE,INFEASIBLE,INFEASIBLE,INFEASIBLE,INFEASIBLE,INFEASIBLE,INFEASIBLE,INFEASIBLE,INFEASIBLE,INFEASIBLE,INFEASIBLE,INFEASIBLE,INFEASIBLE,INFEASIBLE,INFEASIBLE,INFEASIBLE,INFEASIBLE,INFEASIBLE,,INFEASIBLE,INFEASIBLE,INFEASIBLE,INFEASIBLE,INFEASIBLE,INFEASIBLE,INFEASIBLE,INFEASIBLE,INFEASIBLE,INFEASIBLE,INFEASIBLE,INFEASIBLE,INFEASIBLE,INFEASIBLE,INFEASIBLE,INFEASIBLE,INFEASIBLE,INFEASIBLE,INFEASIBLE,INFEASIBLE,INFEASIBLE,INFEASIBLE,INFEASIBLE,INFEASIBLE,INFEASIBLE,no_trials_in_band
gradual_bias,full,res_energy,INFEASIBLE,0.5,budget_only,count,INFEASIBLE,INFEASIBLE,INFEASIBLE,INFEASIBLE,INFEASIBLE,INFEASIBLE,INFEASIBLE,INFEASIBLE,INFEASIBLE,INFEASIBLE,INFEASIBLE,INFEASIBLE,INFEASIBLE,INFEASIBLE,INFEASIBLE,INFEASIBLE,INFEASIBLE,INFEASIBLE,INFEASIBLE,INFEASIBLE,INFEASIBLE,INFEASIBLE,INFEASIBLE,,INFEASIBLE,INFEASIBLE,INFEASIBLE,INFEASIBLE,INFEASIBLE,INFEASIBLE,INFEASIBLE,INFEASIBLE,INFEASIBLE,INFEASIBLE,INFEASIBLE,INFEASIBLE,INFEASIBLE,INFEASIBLE,INFEASIBLE,INFEASIBLE,INFEASIBLE,INFEASIBLE,INFEASIBLE,INFEASIBLE,INFEASIBLE,INFEASIBLE,INFEASIBLE,INFEASIBLE,INFEASIBLE,no_trials_in_band
gradual_bias,full,res_energy,INFEASIBLE,0.75,budget_only,count,INFEASIBLE,INFEASIBLE,INFEASIBLE,INFEASIBLE,INFEASIBLE,INFEASIBLE,INFEASIBLE,INFEASIBLE,INFEASIBLE,INFEASIBLE,INFEASIBLE,INFEASIBLE,INFEASIBLE,INFEASIBLE,INFEASIBLE,INFEASIBLE,INFEASIBLE,INFEASIBLE,INFEASIBLE,INFEASIBLE,INFEASIBLE,INFEASIBLE,INFEASIBLE,,INFEASIBLE,INFEASIBLE,INFEASIBLE,INFEASIBLE,INFEASIBLE,INFEASIBLE,INFEASIBLE,INFEASIBLE,INFEASIBLE,INFEASIBLE,INFEASIBLE,INFEASIBLE,INFEASIBLE,INFEASIBLE,INFEASIBLE,INFEASIBLE,INFEASIBLE,INFEASIBLE,INFEASIBLE,INFEASIBLE,INFEASIBLE,INFEASIBLE,INFEASIBLE,INFEASIBLE,INFEASIBLE,no_trials_in_band
gradual_bias,full,res_energy,INFEASIBLE,1.0,budget_only,count,INFEASIBLE,INFEASIBLE,INFEASIBLE,INFEASIBLE,INFEASIBLE,INFEASIBLE,INFEASIBLE,INFEASIBLE,INFEASIBLE,INFEASIBLE,INFEASIBLE,INFEASIBLE,INFEASIBLE,INFEASIBLE,INFEASIBLE,INFEASIBLE,INFEASIBLE,INFEASIBLE,INFEASIBLE,INFEASIBLE,INFEASIBLE,INFEASIBLE,INFEASIBLE,,INFEASIBLE,INFEASIBLE,INFEASIBLE,INFEASIBLE,INFEASIBLE,INFEASIBLE,INFEASIBLE,INFEASIBLE,INFEASIBLE,INFEASIBLE,INFEASIBLE,INFEASIBLE,INFEASIBLE,INFEASIBLE,INFEASIBLE,INFEASIBLE,INFEASIBLE,INFEASIBLE,INFEASIBLE,INFEASIBLE,INFEASIBLE,INFEASIBLE,INFEASIBLE,INFEASIBLE,INFEASIBLE,no_trials_in_band
gradual_bias,full,stale,1.0,0.25,budget_only,count,0.1,0.15,0.1,30,30,0,30,1.0,0.0,1.0,1.094089834515366,0.4839243498817967,5.933333333333334,0.4,0.4,0.0,0.9666666666666667,0.6,0.9666666666666667,0.6,0.5666666666666667,0.0,0.0,4.0,26.0,26.0,26.0,26.0,26.0,26.0,0.0,23.200000000000003,26.0,26.0,17.0,17.0,25.164066193853426,1.094089834515366,0.4839243498817967,1.0000000000000002e-06,0.07697804566131967,1.094089834515366,0.4839243498817967,0.0,0.0,0.0,0.0,0.0,OK,
gradual_bias,full,stale,1.0,0.5,budget_only,count,0.1,0.15,0.1,30,30,0,30,1.0,0.0,1.0,1.094089834515366,0.4839243498817967,5.933333333333334,0.4,0.4,0.0,0.9666666666666667,0.6,0.9666666666666667,0.6,0.5666666666666667,0.0,0.0,4.0,26.0,26.0,26.0,26.0,26.0,26.0,0.0,23.200000000000003,26.0,26.0,17.0,17.0,25.164066193853426,1.094089834515366,0.4839243498817967,1.0000000000000002e-06,0.07697804566131967,1.094089834515366,0.4839243498817967,0.0,0.0,0.0,0.0,0.0,OK,
gradual_bias,full,stale,1.0,0.75,budget_only,count,0.1,0.15,0.1,30,30,0,30,1.0,0.0,1.0,1.094089834515366,0.4839243498817967,5.933333333333334,0.4,0.4,0.0,0.9666666666666667,0.6,0.9666666666666667,0.6,0.5666666666666667,0.0,0.0,4.0,26.0,26.0,26.0,26.0,26.0,26.0,0.0,23.200000000000003,26.0,26.0,17.0,17.0,25.164066193853426,1.094089834515366,0.4839243498817967,1.0000000000000002e-06,0.07697804566131967,1.094089834515366,0.4839243498817967,0.0,0.0,0.0,0.0,0.0,OK,
gradual_bias,full,stale,1.0,1.0,budget_only,count,0.1,0.15,0.1,30,30,0,30,1.0,0.0,1.0,1.094089834515366,0.4839243498817967,5.933333333333334,0.4,0.4,0.0,0.9666666666666667,0.6,0.9666666666666667,0.6,0.5666666666666667,0.0,0.0,4.0,26.0,26.0,26.0,26.0,26.0,26.0,0.0,23.200000000000003,26.0,26.0,17.0,17.0,25.164066193853426,1.094089834515366,0.4839243498817967,1.0000000000000002e-06,0.07697804566131967,1.094089834515366,0.4839243498817967,0.0,0.0,0.0,0.0,0.0,OK,
gradual_bias,full,stale,INFEASIBLE,0.25,budget_only,count,INFEASIBLE,INFEASIBLE,INFEASIBLE,INFEASIBLE,INFEASIBLE,INFEASIBLE,INFEASIBLE,INFEASIBLE,INFEASIBLE,INFEASIBLE,INFEASIBLE,INFEASIBLE,INFEASIBLE,INFEASIBLE,INFEASIBLE,INFEASIBLE,INFEASIBLE,INFEASIBLE,INFEASIBLE,INFEASIBLE,INFEASIBLE,INFEASIBLE,INFEASIBLE,,INFEASIBLE,INFEASIBLE,INFEASIBLE,INFEASIBLE,INFEASIBLE,INFEASIBLE,INFEASIBLE,INFEASIBLE,INFEASIBLE,INFEASIBLE,INFEASIBLE,INFEASIBLE,INFEASIBLE,INFEASIBLE,INFEASIBLE,INFEASIBLE,INFEASIBLE,INFEASIBLE,INFEASIBLE,INFEASIBLE,INFEASIBLE,INFEASIBLE,INFEASIBLE,INFEASIBLE,INFEASIBLE,no_trials_in_band
gradual_bias,full,stale,INFEASIBLE,0.5,budget_only,count,INFEASIBLE,INFEASIBLE,INFEASIBLE,INFEASIBLE,INFEASIBLE,INFEASIBLE,INFEASIBLE,INFEASIBLE,INFEASIBLE,INFEASIBLE,INFEASIBLE,INFEASIBLE,INFEASIBLE,INFEASIBLE,INFEASIBLE,INFEASIBLE,INFEASIBLE,INFEASIBLE,INFEASIBLE,INFEASIBLE,INFEASIBLE,INFEASIBLE,INFEASIBLE,,INFEASIBLE,INFEASIBLE,INFEASIBLE,INFEASIBLE,INFEASIBLE,INFEASIBLE,INFEASIBLE,INFEASIBLE,INFEASIBLE,INFEASIBLE,INFEASIBLE,INFEASIBLE,INFEASIBLE,INFEASIBLE,INFEASIBLE,INFEASIBLE,INFEASIBLE,INFEASIBLE,INFEASIBLE,INFEASIBLE,INFEASIBLE,INFEASIBLE,INFEASIBLE,INFEASIBLE,INFEASIBLE,no_trials_in_band
gradual_bias,full,stale,INFEASIBLE,0.75,budget_only,count,INFEASIBLE,INFEASIBLE,INFEASIBLE,INFEASIBLE,INFEASIBLE,INFEASIBLE,INFEASIBLE,INFEASIBLE,INFEASIBLE,INFEASIBLE,INFEASIBLE,INFEASIBLE,INFEASIBLE,INFEASIBLE,INFEASIBLE,INFEASIBLE,INFEASIBLE,INFEASIBLE,INFEASIBLE,INFEASIBLE,INFEASIBLE,INFEASIBLE,INFEASIBLE,,INFEASIBLE,INFEASIBLE,INFEASIBLE,INFEASIBLE,INFEASIBLE,INFEASIBLE,INFEASIBLE,INFEASIBLE,INFEASIBLE,INFEASIBLE,INFEASIBLE,INFEASIBLE,INFEASIBLE,INFEASIBLE,INFEASIBLE,INFEASIBLE,INFEASIBLE,INFEASIBLE,INFEASIBLE,INFEASIBLE,INFEASIBLE,INFEASIBLE,INFEASIBLE,INFEASIBLE,INFEASIBLE,no_trials_in_band
gradual_bias,full,stale,INFEASIBLE,1.0,budget_only,count,INFEASIBLE,INFEASIBLE,INFEASIBLE,INFEASIBLE,INFEASIBLE,INFEASIBLE,INFEASIBLE,INFEASIBLE,INFEASIBLE,INFEASIBLE,INFEASIBLE,INFEASIBLE,INFEASIBLE,INFEASIBLE,INFEASIBLE,INFEASIBLE,INFEASIBLE,INFEASIBLE,INFEASIBLE,INFEASIBLE,INFEASIBLE,INFEASIBLE,INFEASIBLE,,INFEASIBLE,INFEASIBLE,INFEASIBLE,INFEASIBLE,INFEASIBLE,INFEASIBLE,INFEASIBLE,INFEASIBLE,INFEASIBLE,INFEASIBLE,INFEASIBLE,INFEASIBLE,INFEASIBLE,INFEASIBLE,INFEASIBLE,INFEASIBLE,INFEASIBLE,INFEASIBLE,INFEASIBLE,INFEASIBLE,INFEASIBLE,INFEASIBLE,INFEASIBLE,INFEASIBLE,INFEASIBLE,no_trials_in_band
gradual_bias,score_only,T2,1.0,0.25,budget_only,count,0.1,0.15,0.1,30,22,22,22,0.7333333333333333,0.7333333333333333,0.7333333333333333,0.7375886524822696,0.01418439716312057,4.0,0.0,0.0,0.0,0.0,0.0,0.0,0.0,0.0,0.0,0.0,4.0,26.0,26.0,26.0,26.0,26.0,26.0,26.0,26.0,26.0,26.0,NA,NA,0.7375886524822696,0.7375886524822696,0.01418439716312057,0.004920851967110119,-0.08841629984542265,0.7375886524822696,0.01418439716312057,0.0,0.0,0.0,0.0,0.0,OK,
gradual_bias,score_only,T2,1.0,0.5,budget_only,count,0.1,0.15,0.1,30,22,22,22,0.7333333333333333,0.7333333333333333,0.7333333333333333,0.7375886524822696,0.01418439716312057,4.0,0.0,0.0,0.0,0.0,0.0,0.0,0.0,0.0,0.0,0.0,4.0,26.0,26.0,26.0,26.0,26.0,26.0,26.0,26.0,26.0,26.0,NA,NA,0.7375886524822696,0.7375886524822696,0.01418439716312057,0.004920851967110119,-0.09396621223306499,0.7375886524822696,0.01418439716312057,0.0,0.0,0.0,0.0,0.0,OK,
gradual_bias,score_only,T2,1.0,0.75,budget_only,count,0.1,0.15,0.1,30,22,22,22,0.7333333333333333,0.7333333333333333,0.7333333333333333,0.7375886524822696,0.01418439716312057,4.0,0.0,0.0,0.0,0.0,0.0,0.0,0.0,0.0,0.0,0.0,4.0,26.0,26.0,26.0,26.0,26.0,26.0,26.0,26.0,26.0,26.0,NA,NA,0.7375886524822696,0.7375886524822696,0.01418439716312057,0.004920851967110119,-0.06992197543483912,0.7375886524822696,0.01418439716312057,0.0,0.0,0.0,0.0,0.0,OK,
gradual_bias,score_only,T2,1.0,1.0,budget_only,count,0.1,0.15,0.1,30,22,22,22,0.7333333333333333,0.7333333333333333,0.7333333333333333,0.7375886524822696,0.01418439716312057,4.0,0.0,0.0,0.0,0.0,0.0,0.0,0.0,0.0,0.0,0.0,4.0,26.0,26.0,26.0,26.0,26.0,26.0,26.0,26.0,26.0,26.0,NA,NA,0.7375886524822696,0.7375886524822696,0.01418439716312057,0.004920851967110119,-0.025313161992284106,0.7375886524822696,0.01418439716312057,0.0,0.0,0.0,0.0,0.0,OK,
gradual_bias,score_only,T2,INFEASIBLE,0.25,budget_only,count,INFEASIBLE,INFEASIBLE,INFEASIBLE,INFEASIBLE,INFEASIBLE,INFEASIBLE,INFEASIBLE,INFEASIBLE,INFEASIBLE,INFEASIBLE,INFEASIBLE,INFEASIBLE,INFEASIBLE,INFEASIBLE,INFEASIBLE,INFEASIBLE,INFEASIBLE,INFEASIBLE,INFEASIBLE,INFEASIBLE,INFEASIBLE,INFEASIBLE,INFEASIBLE,,INFEASIBLE,INFEASIBLE,INFEASIBLE,INFEASIBLE,INFEASIBLE,INFEASIBLE,INFEASIBLE,INFEASIBLE,INFEASIBLE,INFEASIBLE,INFEASIBLE,INFEASIBLE,INFEASIBLE,INFEASIBLE,INFEASIBLE,INFEASIBLE,INFEASIBLE,INFEASIBLE,INFEASIBLE,INFEASIBLE,INFEASIBLE,INFEASIBLE,INFEASIBLE,INFEASIBLE,INFEASIBLE,no_trials_in_band
gradual_bias,score_only,T2,INFEASIBLE,0.5,budget_only,count,INFEASIBLE,INFEASIBLE,INFEASIBLE,INFEASIBLE,INFEASIBLE,INFEASIBLE,INFEASIBLE,INFEASIBLE,INFEASIBLE,INFEASIBLE,INFEASIBLE,INFEASIBLE,INFEASIBLE,INFEASIBLE,INFEASIBLE,INFEASIBLE,INFEASIBLE,INFEASIBLE,INFEASIBLE,INFEASIBLE,INFEASIBLE,INFEASIBLE,INFEASIBLE,,INFEASIBLE,INFEASIBLE,INFEASIBLE,INFEASIBLE,INFEASIBLE,INFEASIBLE,INFEASIBLE,INFEASIBLE,INFEASIBLE,INFEASIBLE,INFEASIBLE,INFEASIBLE,INFEASIBLE,INFEASIBLE,INFEASIBLE,INFEASIBLE,INFEASIBLE,INFEASIBLE,INFEASIBLE,INFEASIBLE,INFEASIBLE,INFEASIBLE,INFEASIBLE,INFEASIBLE,INFEASIBLE,no_trials_in_band
gradual_bias,score_only,T2,INFEASIBLE,0.75,budget_only,count,INFEASIBLE,INFEASIBLE,INFEASIBLE,INFEASIBLE,INFEASIBLE,INFEASIBLE,INFEASIBLE,INFEASIBLE,INFEASIBLE,INFEASIBLE,INFEASIBLE,INFEASIBLE,INFEASIBLE,INFEASIBLE,INFEASIBLE,INFEASIBLE,INFEASIBLE,INFEASIBLE,INFEASIBLE,INFEASIBLE,INFEASIBLE,INFEASIBLE,INFEASIBLE,,INFEASIBLE,INFEASIBLE,INFEASIBLE,INFEASIBLE,INFEASIBLE,INFEASIBLE,INFEASIBLE,INFEASIBLE,INFEASIBLE,INFEASIBLE,INFEASIBLE,INFEASIBLE,INFEASIBLE,INFEASIBLE,INFEASIBLE,INFEASIBLE,INFEASIBLE,INFEASIBLE,INFEASIBLE,INFEASIBLE,INFEASIBLE,INFEASIBLE,INFEASIBLE,INFEASIBLE,INFEASIBLE,no_trials_in_band
gradual_bias,score_only,T2,INFEASIBLE,1.0,budget_only,count,INFEASIBLE,INFEASIBLE,INFEASIBLE,INFEASIBLE,INFEASIBLE,INFEASIBLE,INFEASIBLE,INFEASIBLE,INFEASIBLE,INFEASIBLE,INFEASIBLE,INFEASIBLE,INFEASIBLE,INFEASIBLE,INFEASIBLE,INFEASIBLE,INFEASIBLE,INFEASIBLE,INFEASIBLE,INFEASIBLE,INFEASIBLE,INFEASIBLE,INFEASIBLE,,INFEASIBLE,INFEASIBLE,INFEASIBLE,INFEASIBLE,INFEASIBLE,INFEASIBLE,INFEASIBLE,INFEASIBLE,INFEASIBLE,INFEASIBLE,INFEASIBLE,INFEASIBLE,INFEASIBLE,INFEASIBLE,INFEASIBLE,INFEASIBLE,INFEASIBLE,INFEASIBLE,INFEASIBLE,INFEASIBLE,INFEASIBLE,INFEASIBLE,INFEASIBLE,INFEASIBLE,INFEASIBLE,no_trials_in_band
gradual_bias,score_only,coh_resid_energy,1.0,0.25,budget_only,count,0.1,0.15,0.1,30,22,22,22,0.7333333333333333,0.7333333333333333,0.7333333333333333,1.1063829787234039,0.021276595744680844,6.0,1.0,1.0,0.0,1.0,0.3181818181818182,1.0,0.3181818181818182,0.0,0.0,0.0,4.0,7.5,7.5,7.5,24.800000000000004,7.5,24.800000000000004,7.5,24.800000000000004,7.5,24.800000000000004,7.5,7.5,1.1063829787234039,1.1063829787234039,0.021276595744680844,0.01756510775974823,0.08091689023011917,1.1063829787234039,0.021276595744680844,0.0,0.0,0.0,0.0,0.0,OK,
gradual_bias,score_only,coh_resid_energy,1.0,0.5,budget_only,count,0.1,0.15,0.1,30,22,22,22,0.7333333333333333,0.7333333333333333,0.7333333333333333,1.1063829787234039,0.021276595744680844,6.0,1.0,1.0,0.0,1.0,0.3181818181818182,1.0,0.3181818181818182,0.0,0.0,0.0,4.0,7.5,7.5,7.5,24.800000000000004,7.5,24.800000000000004,7.5,24.800000000000004,7.5,24.800000000000004,7.5,7.5,1.1063829787234039,1.1063829787234039,0.021276595744680844,0.01756510775974823,0.08091660220326066,1.1063829787234039,0.021276595744680844,0.0,0.0,0.0,0.0,0.0,OK,
gradual_bias,score_only,coh_resid_energy,1.0,0.75,budget_only,count,0.1,0.15,0.1,30,22,22,22,0.7333333333333333,0.7333333333333333,0.7333333333333333,1.1063829787234039,0.021276595744680844,6.0,1.0,1.0,0.0,1.0,0.3181818181818182,1.0,0.3181818181818182,0.0,0.0,0.0,4.0,7.5,7.5,7.5,24.800000000000004,7.5,24.800000000000004,7.5,24.800000000000004,7.5,24.800000000000004,7.5,7.5,1.1063829787234039,1.1063829787234039,0.021276595744680844,0.01756510775974823,0.08091631418883671,1.1063829787234039,0.021276595744680844,0.0,0.0,0.0,0.0,0.0,OK,
gradual_bias,score_only,coh_resid_energy,1.0,1.0,budget_only,count,0.1,0.15,0.1,30,22,22,22,0.7333333333333333,0.7333333333333333,0.7333333333333333,1.1063829787234039,0.021276595744680844,6.0,1.0,1.0,0.0,1.0,0.3181818181818182,1.0,0.3181818181818182,0.0,0.0,0.0,4.0,7.5,7.5,7.5,24.800000000000004,7.5,24.800000000000004,7.5,24.800000000000004,7.5,24.800000000000004,7.5,7.5,1.1063829787234039,1.1063829787234039,0.021276595744680844,0.01756510775974823,0.08091602618684729,1.1063829787234039,0.021276595744680844,0.0,0.0,0.0,0.0,0.0,OK,
gradual_bias,score_only,coh_resid_energy,INFEASIBLE,0.25,budget_only,count,INFEASIBLE,INFEASIBLE,INFEASIBLE,INFEASIBLE,INFEASIBLE,INFEASIBLE,INFEASIBLE,INFEASIBLE,INFEASIBLE,INFEASIBLE,INFEASIBLE,INFEASIBLE,INFEASIBLE,INFEASIBLE,INFEASIBLE,INFEASIBLE,INFEASIBLE,INFEASIBLE,INFEASIBLE,INFEASIBLE,INFEASIBLE,INFEASIBLE,INFEASIBLE,,INFEASIBLE,INFEASIBLE,INFEASIBLE,INFEASIBLE,INFEASIBLE,INFEASIBLE,INFEASIBLE,INFEASIBLE,INFEASIBLE,INFEASIBLE,INFEASIBLE,INFEASIBLE,INFEASIBLE,INFEASIBLE,INFEASIBLE,INFEASIBLE,INFEASIBLE,INFEASIBLE,INFEASIBLE,INFEASIBLE,INFEASIBLE,INFEASIBLE,INFEASIBLE,INFEASIBLE,INFEASIBLE,no_trials_in_band
gradual_bias,score_only,coh_resid_energy,INFEASIBLE,0.5,budget_only,count,INFEASIBLE,INFEASIBLE,INFEASIBLE,INFEASIBLE,INFEASIBLE,INFEASIBLE,INFEASIBLE,INFEASIBLE,INFEASIBLE,INFEASIBLE,INFEASIBLE,INFEASIBLE,INFEASIBLE,INFEASIBLE,INFEASIBLE,INFEASIBLE,INFEASIBLE,INFEASIBLE,INFEASIBLE,INFEASIBLE,INFEASIBLE,INFEASIBLE,INFEASIBLE,,INFEASIBLE,INFEASIBLE,INFEASIBLE,INFEASIBLE,INFEASIBLE,INFEASIBLE,INFEASIBLE,INFEASIBLE,INFEASIBLE,INFEASIBLE,INFEASIBLE,INFEASIBLE,INFEASIBLE,INFEASIBLE,INFEASIBLE,INFEASIBLE,INFEASIBLE,INFEASIBLE,INFEASIBLE,INFEASIBLE,INFEASIBLE,INFEASIBLE,INFEASIBLE,INFEASIBLE,INFEASIBLE,no_trials_in_band
gradual_bias,score_only,coh_resid_energy,INFEASIBLE,0.75,budget_only,count,INFEASIBLE,INFEASIBLE,INFEASIBLE,INFEASIBLE,INFEASIBLE,INFEASIBLE,INFEASIBLE,INFEASIBLE,INFEASIBLE,INFEASIBLE,INFEASIBLE,INFEASIBLE,INFEASIBLE,INFEASIBLE,INFEASIBLE,INFEASIBLE,INFEASIBLE,INFEASIBLE,INFEASIBLE,INFEASIBLE,INFEASIBLE,INFEASIBLE,INFEASIBLE,,INFEASIBLE,INFEASIBLE,INFEASIBLE,INFEASIBLE,INFEASIBLE,INFEASIBLE,INFEASIBLE,INFEASIBLE,INFEASIBLE,INFEASIBLE,INFEASIBLE,INFEASIBLE,INFEASIBLE,INFEASIBLE,INFEASIBLE,INFEASIBLE,INFEASIBLE,INFEASIBLE,INFEASIBLE,INFEASIBLE,INFEASIBLE,INFEASIBLE,INFEASIBLE,INFEASIBLE,INFEASIBLE,no_trials_in_band
gradual_bias,score_only,coh_resid_energy,INFEASIBLE,1.0,budget_only,count,INFEASIBLE,INFEASIBLE,INFEASIBLE,INFEASIBLE,INFEASIBLE,INFEASIBLE,INFEASIBLE,INFEASIBLE,INFEASIBLE,INFEASIBLE,INFEASIBLE,INFEASIBLE,INFEASIBLE,INFEASIBLE,INFEASIBLE,INFEASIBLE,INFEASIBLE,INFEASIBLE,INFEASIBLE,INFEASIBLE,INFEASIBLE,INFEASIBLE,INFEASIBLE,,INFEASIBLE,INFEASIBLE,INFEASIBLE,INFEASIBLE,INFEASIBLE,INFEASIBLE,INFEASIBLE,INFEASIBLE,INFEASIBLE,INFEASIBLE,INFEASIBLE,INFEASIBLE,INFEASIBLE,INFEASIBLE,INFEASIBLE,INFEASIBLE,INFEASIBLE,INFEASIBLE,INFEASIBLE,INFEASIBLE,INFEASIBLE,INFEASIBLE,INFEASIBLE,INFEASIBLE,INFEASIBLE,no_trials_in_band
gradual_bias,score_only,coh_resid_t2,1.0,0.25,budget_only,count,0.1,0.15,0.1,30,22,22,22,0.7333333333333333,0.7333333333333333,0.7333333333333333,0.7375886524822696,0.01418439716312057,4.0,0.0,0.0,0.0,0.0,0.0,0.0,0.0,0.0,0.0,0.0,4.0,26.0,26.0,26.0,26.0,26.0,26.0,26.0,26.0,26.0,26.0,NA,NA,0.7375886524822696,0.7375886524822696,0.01418439716312057,0.002423094073622638,-0.05067310925044708,0.7375886524822696,0.01418439716312057,0.0,0.0,0.0,0.0,0.0,OK,
gradual_bias,score_only,coh_resid_t2,1.0,0.5,budget_only,count,0.1,0.15,0.1,30,22,22,22,0.7333333333333333,0.7333333333333333,0.7333333333333333,0.7375886524822696,0.01418439716312057,4.0,0.0,0.0,0.0,0.0,0.0,0.0,0.0,0.0,0.0,0.0,4.0,26.0,26.0,26.0,26.0,26.0,26.0,26.0,26.0,26.0,26.0,NA,NA,0.7375886524822696,0.7375886524822696,0.01418439716312057,0.002423094073622638,-0.050674781603366165,0.7375886524822696,0.01418439716312057,0.0,0.0,0.0,0.0,0.0,OK,
gradual_bias,score_only,coh_resid_t2,1.0,0.75,budget_only,count,0.1,0.15,0.1,30,22,22,22,0.7333333333333333,0.7333333333333333,0.7333333333333333,0.7375886524822696,0.01418439716312057,4.0,0.0,0.0,0.0,0.0,0.0,0.0,0.0,0.0,0.0,0.0,4.0,26.0,26.0,26.0,26.0,26.0,26.0,26.0,26.0,26.0,26.0,NA,NA,0.7375886524822696,0.7375886524822696,0.01418439716312057,0.002423094073622638,-0.05067474078208089,0.7375886524822696,0.01418439716312057,0.0,0.0,0.0,0.0,0.0,OK,
gradual_bias,score_only,coh_resid_t2,1.0,1.0,budget_only,count,0.1,0.15,0.1,30,22,22,22,0.7333333333333333,0.7333333333333333,0.7333333333333333,0.7375886524822696,0.01418439716312057,4.0,0.0,0.0,0.0,0.0,0.0,0.0,0.0,0.0,0.0,0.0,4.0,26.0,26.0,26.0,26.0,26.0,26.0,26.0,26.0,26.0,26.0,NA,NA,0.7375886524822696,0.7375886524822696,0.01418439716312057,0.002423094073622638,-0.05067319009813833,0.7375886524822696,0.01418439716312057,0.0,0.0,0.0,0.0,0.0,OK,
gradual_bias,score_only,coh_resid_t2,2.0,0.25,budget_only,count,0.1,0.15,0.1,30,30,30,30,1.0,1.0,1.0,1.6964539007092199,0.048581560283687944,9.2,0.8333333333333334,0.8333333333333334,0.0,0.9,0.23333333333333334,0.9,0.23333333333333334,0.06666666666666667,0.23333333333333334,0.23333333333333334,4.0,14.5,14.5,14.5,26.0,14.5,26.0,12.0,25.1,14.5,26.0,11.0,11.0,2.526241134751773,1.6964539007092199,0.048581560283687944,0.21912518799484845,0.0330942505870286,1.6964539007092199,0.048581560283687944,0.0,0.0,0.0,0.0,0.0,OK,
gradual_bias,score_only,coh_resid_t2,2.0,0.5,budget_only,count,0.1,0.15,0.1,30,30,30,30,1.0,1.0,1.0,1.6964539007092199,0.048581560283687944,9.2,0.8333333333333334,0.8333333333333334,0.0,0.9,0.23333333333333334,0.9,0.23333333333333334,0.06666666666666667,0.23333333333333334,0.23333333333333334,4.0,14.5,14.5,14.5,26.0,14.5,26.0,12.0,25.1,14.5,26.0,11.0,11.0,2.526241134751773,1.6964539007092199,0.048581560283687944,0.21912518799484845,0.0330936131470829,1.6964539007092199,0.048581560283687944,0.0,0.0,0.0,0.0,0.0,OK,
gradual_bias,score_only,coh_resid_t2,2.0,0.75,budget_only,count,0.1,0.15,0.1,30,30,30,30,1.0,1.0,1.0,1.6964539007092199,0.048581560283687944,9.2,0.8333333333333334,0.8333333333333334,0.0,0.9,0.23333333333333334,0.9,0.23333333333333334,0.06666666666666667,0.23333333333333334,0.23333333333333334,4.0,14.5,14.5,14.5,26.0,14.5,26.0,12.0,25.1,14.5,26.0,11.0,11.0,2.526241134751773,1.6964539007092199,0.048581560283687944,0.21912518799484845,0.03309474536539667,1.6964539007092199,0.048581560283687944,0.0,0.0,0.0,0.0,0.0,OK,
gradual_bias,score_only,coh_resid_t2,2.0,1.0,budget_only,count,0.1,0.15,0.1,30,30,30,30,1.0,1.0,1.0,1.6964539007092199,0.048581560283687944,9.2,0.8333333333333334,0.8333333333333334,0.0,0.9,0.23333333333333334,0.9,0.23333333333333334,0.06666666666666667,0.23333333333333334,0.23333333333333334,4.0,14.5,14.5,14.5,26.0,14.5,26.0,12.0,25.1,14.5,26.0,11.0,11.0,2.526241134751773,1.6964539007092199,0.048581560283687944,0.21912518799484845,0.03309731090682835,1.6964539007092199,0.048581560283687944,0.0,0.0,0.0,0.0,0.0,OK,
gradual_bias,score_only,cusum_coh_resid_t2,1.0,0.25,budget_only,count,0.1,0.15,0.1,30,17,17,17,0.5666666666666667,0.5666666666666667,0.5666666666666667,0.9762202753441803,0.020442219440967878,5.294117647058823,0.7647058823529411,0.7647058823529411,0.0,0.7647058823529411,0.058823529411764705,0.7647058823529411,0.058823529411764705,0.0,0.058823529411764705,0.058823529411764705,4.0,14.0,14.0,14.0,26.0,14.0,26.0,14.0,26.0,14.0,26.0,9.0,9.0,1.0629954109303297,0.9762202753441803,0.020442219440967878,NA,0.020397707801879144,0.9762202753441803,0.020442219440967878,0.0,0.0,0.0,0.0,0.0,OK,
gradual_bias,score_only,cusum_coh_resid_t2,1.0,0.5,budget_only,count,0.1,0.15,0.1,30,17,17,17,0.5666666666666667,0.5666666666666667,0.5666666666666667,0.9762202753441803,0.020442219440967878,5.294117647058823,0.7647058823529411,0.7647058823529411,0.0,0.7647058823529411,0.058823529411764705,0.7647058823529411,0.058823529411764705,0.0,0.058823529411764705,0.058823529411764705,4.0,14.0,14.0,14.0,26.0,14.0,26.0,14.0,26.0,14.0,26.0,9.0,9.0,1.0629954109303297,0.9762202753441803,0.020442219440967878,NA,0.020396194850104205,0.9762202753441803,0.020442219440967878,0.0,0.0,0.0,0.0,0.0,OK,
gradual_bias,score_only,cusum_coh_resid_t2,1.0,0.75,budget_only,count,0.1,0.15,0.1,30,17,17,17,0.5666666666666667,0.5666666666666667,0.5666666666666667,0.9762202753441803,0.020442219440967878,5.294117647058823,0.7647058823529411,0.7647058823529411,0.0,0.7647058823529411,0.058823529411764705,0.7647058823529411,0.058823529411764705,0.0,0.058823529411764705,0.058823529411764705,4.0,14.0,14.0,14.0,26.0,14.0,26.0,14.0,26.0,14.0,26.0,9.0,9.0,1.0629954109303297,0.9762202753441803,0.020442219440967878,NA,0.020396515959884374,0.9762202753441803,0.020442219440967878,0.0,0.0,0.0,0.0,0.0,OK,
gradual_bias,score_only,cusum_coh_resid_t2,1.0,1.0,budget_only,count,0.1,0.15,0.1,30,17,17,17,0.5666666666666667,0.5666666666666667,0.5666666666666667,0.9762202753441803,0.020442219440967878,5.294117647058823,0.7647058823529411,0.7647058823529411,0.0,0.7647058823529411,0.058823529411764705,0.7647058823529411,0.058823529411764705,0.0,0.058823529411764705,0.058823529411764705,4.0,14.0,14.0,14.0,26.0,14.0,26.0,14.0,26.0,14.0,26.0,9.0,9.0,1.0629954109303297,0.9762202753441803,0.020442219440967878,NA,0.020398097001205685,0.9762202753441803,0.020442219440967878,0.0,0.0,0.0,0.0,0.0,OK,
gradual_bias,score_only,cusum_coh_resid_t2,2.0,0.25,budget_only,count,0.1,0.15,0.1,30,19,19,19,0.6333333333333333,0.6333333333333333,0.6333333333333333,1.6692795819335575,0.0759611795446062,9.052631578947368,0.8947368421052632,0.8947368421052632,0.0,0.8947368421052632,0.3157894736842105,0.8947368421052632,0.3157894736842105,0.0,0.3157894736842105,0.3157894736842105,4.0,12.0,12.0,12.0,25.2,12.0,25.2,12.0,25.2,12.0,25.2,10.0,10.0,3.9499813363195213,1.6692795819335575,0.0759611795446062,NA,0.07276960967507977,1.6692795819335575,0.0759611795446062,0.0,0.0,0.0,0.0,0.0,OK,
gradual_bias,score_only,cusum_coh_resid_t2,2.0,0.5,budget_only,count,0.1,0.15,0.1,30,19,19,19,0.6333333333333333,0.6333333333333333,0.6333333333333333,1.6692795819335575,0.0759611795446062,9.052631578947368,0.8947368421052632,0.8947368421052632,0.0,0.8947368421052632,0.3157894736842105,0.8947368421052632,0.3157894736842105,0.0,0.3157894736842105,0.3157894736842105,4.0,12.0,12.0,12.0,25.2,12.0,25.2,12.0,25.2,12.0,25.2,10.0,10.0,3.9499813363195213,1.6692795819335575,0.0759611795446062,NA,0.07276997426366345,1.6692795819335575,0.0759611795446062,0.0,0.0,0.0,0.0,0.0,OK,
gradual_bias,score_only,cusum_coh_resid_t2,2.0,0.75,budget_only,count,0.1,0.15,0.1,30,19,19,19,0.6333333333333333,0.6333333333333333,0.6333333333333333,1.6692795819335575,0.0759611795446062,9.052631578947368,0.8947368421052632,0.8947368421052632,0.0,0.8947368421052632,0.3157894736842105,0.8947368421052632,0.3157894736842105,0.0,0.3157894736842105,0.3157894736842105,4.0,12.0,12.0,12.0,25.2,12.0,25.2,12.0,25.2,12.0,25.2,10.0,10.0,3.9499813363195213,1.6692795819335575,0.0759611795446062,NA,0.07277210513816797,1.6692795819335575,0.0759611795446062,0.0,0.0,0.0,0.0,0.0,OK,
gradual_bias,score_only,cusum_coh_resid_t2,2.0,1.0,budget_only,count,0.1,0.15,0.1,30,19,19,19,0.6333333333333333,0.6333333333333333,0.6333333333333333,1.6692795819335575,0.0759611795446062,9.052631578947368,0.8947368421052632,0.8947368421052632,0.0,0.8947368421052632,0.3157894736842105,0.8947368421052632,0.3157894736842105,0.0,0.3157894736842105,0.3157894736842105,4.0,12.0,12.0,12.0,25.2,12.0,25.2,12.0,25.2,12.0,25.2,10.0,10.0,3.9499813363195213,1.6692795819335575,0.0759611795446062,NA,0.07277570626666902,1.6692795819335575,0.0759611795446062,0.0,0.0,0.0,0.0,0.0,OK,
gradual_bias,score_only,cusum_factor_cov_lrt,1.0,0.25,budget_only,count,0.1,0.15,0.1,30,18,18,18,0.6,0.6,0.6,0.8707643814026792,0.017336485421591802,4.722222222222222,0.5555555555555556,0.6666666666666666,-0.11111111111111105,0.5555555555555556,0.2777777777777778,0.5555555555555556,0.2777777777777778,0.0,0.2777777777777778,0.2777777777777778,4.0,19.5,16.5,19.5,26.0,16.5,26.0,19.5,26.0,19.5,26.0,4.5,6.0,0.9219858156028368,0.8912529550827423,0.017730496453900707,NA,0.13735733095876768,0.8707643814026792,0.017336485421591802,0.021367521367521368,0.037037037037037035,-0.004273504273504274,0.004273504273504274,0.037037037037037035,OK,
gradual_bias,score_only,cusum_factor_cov_lrt,1.0,0.5,budget_only,count,0.1,0.15,0.1,30,18,18,18,0.6,0.6,0.6,0.8707643814026792,0.017336485421591802,4.722222222222222,0.6666666666666666,0.6666666666666666,0.0,0.6666666666666666,0.3888888888888889,0.6666666666666666,0.3888888888888889,0.0,0.3333333333333333,0.3333333333333333,4.0,17.5,16.5,17.5,26.0,16.5,26.0,17.5,26.0,17.5,26.0,4.0,6.0,0.8912529550827423,0.8605200945626477,0.01713947990543735,NA,0.1446179467934996,0.8707643814026792,0.017336485421591802,0.021367521367521368,0.0,0.0,0.0,0.0,OK,
gradual_bias,score_only,cusum_factor_cov_lrt,1.0,0.75,budget_only,count,0.1,0.15,0.1,30,18,18,18,0.6,0.6,0.6,0.8707643814026792,0.017336485421591802,4.722222222222222,0.5555555555555556,0.6666666666666666,-0.11111111111111105,0.5555555555555556,0.2222222222222222,0.5555555555555556,0.2222222222222222,0.0,0.2222222222222222,0.2222222222222222,4.0,20.5,16.5,20.5,26.0,16.5,26.0,20.5,26.0,20.5,26.0,8.0,6.0,0.9117415287628052,0.8810086682427108,0.017533490937746254,NA,0.18234658712695806,0.8707643814026792,0.017336485421591802,0.02136752136752137,0.018518518518518517,-0.004273504273504274,0.004273504273504274,0.018518518518518517,OK,
gradual_bias,score_only,cusum_factor_cov_lrt,1.0,1.0,budget_only,count,0.1,0.15,0.1,30,18,18,18,0.6,0.6,0.6,0.8707643814026792,0.017336485421591802,4.722222222222222,0.7222222222222222,0.6666666666666666,0.05555555555555558,0.7222222222222222,0.3333333333333333,0.7222222222222222,0.3333333333333333,0.0,0.2777777777777778,0.2777777777777778,4.0,14.5,16.5,14.5,26.0,16.5,26.0,14.5,26.0,14.5,26.0,11.0,6.0,0.9219858156028368,0.8912529550827423,0.017730496453900707,NA,0.1258013615991627,0.8707643814026792,0.017336485421591802,0.03632478632478633,0.018518518518518517,0.002136752136752137,0.010683760683760684,0.018518518518518517,OK,
gradual_bias,score_only,cusum_factor_cov_lrt,2.0,0.25,budget_only,count,0.1,0.15,0.1,30,20,20,20,0.6666666666666666,0.6666666666666666,0.6666666666666666,1.6780141843971634,0.06063829787234043,9.1,0.85,0.75,0.09999999999999998,0.9,0.2,0.9,0.2,0.05,0.2,0.2,4.0,13.0,17.0,13.0,26.0,17.0,26.0,12.0,23.300000000000004,13.0,26.0,11.0,11.0,3.190070921985815,1.6595744680851066,0.06134751773049647,NA,-0.0035921758585613695,1.6780141843971634,0.06063829787234043,0.057692307692307696,0.0,0.019230769230769235,0.02692307692307692,0.0,OK,
gradual_bias,score_only,cusum_factor_cov_lrt,2.0,0.5,budget_only,count,0.1,0.15,0.1,30,20,20,20,0.6666666666666666,0.6666666666666666,0.6666666666666666,1.6780141843971634,0.06063829787234043,9.1,0.8,0.75,0.050000000000000044,0.85,0.25,0.85,0.25,0.05,0.25,0.25,4.0,12.0,17.0,12.0,26.0,17.0,26.0,9.5,26.0,12.0,26.0,9.0,11.0,3.245390070921986,1.678014184397163,0.06241134751773051,NA,-0.001122978260806366,1.6780141843971634,0.06063829787234043,0.06153846153846154,0.03333333333333333,0.015384615384615385,0.03076923076923077,0.03333333333333333,OK,
gradual_bias,score_only,cusum_factor_cov_lrt,2.0,0.75,budget_only,count,0.1,0.15,0.1,30,20,20,20,0.6666666666666666,0.6666666666666666,0.6666666666666666,1.6780141843971634,0.06063829787234043,9.1,0.85,0.75,0.09999999999999998,0.9,0.2,0.9,0.2,0.05,0.2,0.2,4.0,12.0,17.0,12.0,26.0,17.0,26.0,10.5,23.300000000000004,12.0,26.0,10.0,11.0,3.3099290780141843,1.6595744680851066,0.06365248226950355,NA,0.12196011149275347,1.6780141843971634,0.06063829787234043,0.061538461538461556,0.0,0.026923076923076928,0.038461538461538464,0.0,OK,
gradual_bias,score_only,cusum_factor_cov_lrt,2.0,1.0,budget_only,count,0.1,0.15,0.1,30,20,20,20,0.6666666666666666,0.6666666666666666,0.6666666666666666,1.6780141843971634,0.06063829787234043,9.1,0.85,0.75,0.09999999999999998,0.9,0.25,0.9,0.25,0.05,0.25,0.25,4.0,12.0,17.0,12.0,26.0,17.0,26.0,10.5,23.300000000000004,12.0,26.0,10.0,11.0,3.254609929078014,1.6595744680851066,0.06258865248226952,NA,0.0002788597241632806,1.6780141843971634,0.06063829787234043,0.06730769230769232,0.0,0.021153846153846155,0.028846153846153848,0.0,OK,
gradual_bias,score_only,ewma_coh_resid_t2,1.0,0.25,budget_only,count,0.1,0.15,0.1,30,22,22,22,0.7333333333333333,0.7333333333333333,0.7333333333333333,0.7375886524822696,0.024822695035460987,4.0,0.0,0.0,0.0,0.0,0.0,0.0,0.0,0.0,0.0,0.0,4.0,26.0,26.0,26.0,26.0,26.0,26.0,26.0,26.0,26.0,26.0,NA,NA,1.2907801418439713,0.7375886524822696,0.024822695035460987,0.004920851967110119,-0.15655019943122303,0.7375886524822696,0.024822695035460987,0.0,0.0,0.0,0.0,0.0,OK,
gradual_bias,score_only,ewma_coh_resid_t2,1.0,0.5,budget_only,count,0.1,0.15,0.1,30,22,22,22,0.7333333333333333,0.7333333333333333,0.7333333333333333,0.7375886524822696,0.024822695035460987,4.0,0.0,0.0,0.0,0.0,0.0,0.0,0.0,0.0,0.0,0.0,4.0,26.0,26.0,26.0,26.0,26.0,26.0,26.0,26.0,26.0,26.0,NA,NA,1.2907801418439713,0.7375886524822696,0.024822695035460987,0.004920851967110119,-0.15655027871742516,0.7375886524822696,0.024822695035460987,0.0,0.0,0.0,0.0,0.0,OK,
gradual_bias,score_only,ewma_coh_resid_t2,1.0,0.75,budget_only,count,0.1,0.15,0.1,30,22,22,22,0.7333333333333333,0.7333333333333333,0.7333333333333333,0.7375886524822696,0.024822695035460987,4.0,0.0,0.0,0.0,0.0,0.0,0.0,0.0,0.0,0.0,0.0,4.0,26.0,26.0,26.0,26.0,26.0,26.0,26.0,26.0,26.0,26.0,NA,NA,1.2907801418439713,0.7375886524822696,0.024822695035460987,0.004920851967110119,-0.15654970057641182,0.7375886524822696,0.024822695035460987,0.0,0.0,0.0,0.0,0.0,OK,
gradual_bias,score_only,ewma_coh_resid_t2,1.0,1.0,budget_only,count,0.1,0.15,0.1,30,22,22,22,0.7333333333333333,0.7333333333333333,0.7333333333333333,0.7375886524822696,0.024822695035460987,4.0,0.0,0.0,0.0,0.0,0.0,0.0,0.0,0.0,0.0,0.0,4.0,26.0,26.0,26.0,26.0,26.0,26.0,26.0,26.0,26.0,26.0,NA,NA,1.2907801418439713,0.7375886524822696,0.024822695035460987,0.004920851967110119,-0.15654846500934863,0.7375886524822696,0.024822695035460987,0.0,0.0,0.0,0.0,0.0,OK,
gradual_bias,score_only,ewma_coh_resid_t2,INFEASIBLE,0.25,budget_only,count,INFEASIBLE,INFEASIBLE,INFEASIBLE,INFEASIBLE,INFEASIBLE,INFEASIBLE,INFEASIBLE,INFEASIBLE,INFEASIBLE,INFEASIBLE,INFEASIBLE,INFEASIBLE,INFEASIBLE,INFEASIBLE,INFEASIBLE,INFEASIBLE,INFEASIBLE,INFEASIBLE,INFEASIBLE,INFEASIBLE,INFEASIBLE,INFEASIBLE,INFEASIBLE,,INFEASIBLE,INFEASIBLE,INFEASIBLE,INFEASIBLE,INFEASIBLE,INFEASIBLE,INFEASIBLE,INFEASIBLE,INFEASIBLE,INFEASIBLE,INFEASIBLE,INFEASIBLE,INFEASIBLE,INFEASIBLE,INFEASIBLE,INFEASIBLE,INFEASIBLE,INFEASIBLE,INFEASIBLE,INFEASIBLE,INFEASIBLE,INFEASIBLE,INFEASIBLE,INFEASIBLE,INFEASIBLE,no_trials_in_band
gradual_bias,score_only,ewma_coh_resid_t2,INFEASIBLE,0.5,budget_only,count,INFEASIBLE,INFEASIBLE,INFEASIBLE,INFEASIBLE,INFEASIBLE,INFEASIBLE,INFEASIBLE,INFEASIBLE,INFEASIBLE,INFEASIBLE,INFEASIBLE,INFEASIBLE,INFEASIBLE,INFEASIBLE,INFEASIBLE,INFEASIBLE,INFEASIBLE,INFEASIBLE,INFEASIBLE,INFEASIBLE,INFEASIBLE,INFEASIBLE,INFEASIBLE,,INFEASIBLE,INFEASIBLE,INFEASIBLE,INFEASIBLE,INFEASIBLE,INFEASIBLE,INFEASIBLE,INFEASIBLE,INFEASIBLE,INFEASIBLE,INFEASIBLE,INFEASIBLE,INFEASIBLE,INFEASIBLE,INFEASIBLE,INFEASIBLE,INFEASIBLE,INFEASIBLE,INFEASIBLE,INFEASIBLE,INFEASIBLE,INFEASIBLE,INFEASIBLE,INFEASIBLE,INFEASIBLE,no_trials_in_band
gradual_bias,score_only,ewma_coh_resid_t2,INFEASIBLE,0.75,budget_only,count,INFEASIBLE,INFEASIBLE,INFEASIBLE,INFEASIBLE,INFEASIBLE,INFEASIBLE,INFEASIBLE,INFEASIBLE,INFEASIBLE,INFEASIBLE,INFEASIBLE,INFEASIBLE,INFEASIBLE,INFEASIBLE,INFEASIBLE,INFEASIBLE,INFEASIBLE,INFEASIBLE,INFEASIBLE,INFEASIBLE,INFEASIBLE,INFEASIBLE,INFEASIBLE,,INFEASIBLE,INFEASIBLE,INFEASIBLE,INFEASIBLE,INFEASIBLE,INFEASIBLE,INFEASIBLE,INFEASIBLE,INFEASIBLE,INFEASIBLE,INFEASIBLE,INFEASIBLE,INFEASIBLE,INFEASIBLE,INFEASIBLE,INFEASIBLE,INFEASIBLE,INFEASIBLE,INFEASIBLE,INFEASIBLE,INFEASIBLE,INFEASIBLE,INFEASIBLE,INFEASIBLE,INFEASIBLE,no_trials_in_band
gradual_bias,score_only,ewma_coh_resid_t2,INFEASIBLE,1.0,budget_only,count,INFEASIBLE,INFEASIBLE,INFEASIBLE,INFEASIBLE,INFEASIBLE,INFEASIBLE,INFEASIBLE,INFEASIBLE,INFEASIBLE,INFEASIBLE,INFEASIBLE,INFEASIBLE,INFEASIBLE,INFEASIBLE,INFEASIBLE,INFEASIBLE,INFEASIBLE,INFEASIBLE,INFEASIBLE,INFEASIBLE,INFEASIBLE,INFEASIBLE,INFEASIBLE,,INFEASIBLE,INFEASIBLE,INFEASIBLE,INFEASIBLE,INFEASIBLE,INFEASIBLE,INFEASIBLE,INFEASIBLE,INFEASIBLE,INFEASIBLE,INFEASIBLE,INFEASIBLE,INFEASIBLE,INFEASIBLE,INFEASIBLE,INFEASIBLE,INFEASIBLE,INFEASIBLE,INFEASIBLE,INFEASIBLE,INFEASIBLE,INFEASIBLE,INFEASIBLE,INFEASIBLE,INFEASIBLE,no_trials_in_band
gradual_bias,score_only,ewma_factor_cov_lrt,1.0,0.25,budget_only,count,0.1,0.15,0.1,30,30,30,30,1.0,1.0,1.0,1.0264775413711584,0.0355791962174941,5.566666666666666,0.5,0.43333333333333335,0.06666666666666665,0.5,0.13333333333333333,0.5,0.13333333333333333,0.0,0.13333333333333333,0.13333333333333333,4.0,25.5,26.0,25.5,26.0,26.0,26.0,25.5,26.0,25.5,26.0,11.0,10.0,1.9914893617021276,1.0695035460992908,0.03829787234042554,0.17105694144590058,0.11042484891788792,1.0264775413711584,0.0355791962174941,0.04487179487179487,0.09999999999999999,-0.008974358974358975,0.021794871794871794,0.03333333333333333,OK,
gradual_bias,score_only,ewma_factor_cov_lrt,1.0,0.5,budget_only,count,0.1,0.15,0.1,30,30,30,30,1.0,1.0,1.0,1.0264775413711584,0.0355791962174941,5.566666666666666,0.4,0.43333333333333335,-0.033333333333333326,0.4,0.13333333333333333,0.4,0.13333333333333333,0.0,0.13333333333333333,0.13333333333333333,4.0,26.0,26.0,26.0,26.0,26.0,26.0,26.0,26.0,26.0,26.0,8.0,10.0,1.9914893617021276,1.0817966903073284,0.03829787234042552,0.17105694144590058,0.09719381305631589,1.0264775413711584,0.0355791962174941,0.05512820512820514,0.08888888888888888,-0.006410256410256411,0.026923076923076925,0.02222222222222222,OK,
gradual_bias,score_only,ewma_factor_cov_lrt,1.0,0.75,budget_only,count,0.1,0.15,0.1,30,30,30,30,1.0,1.0,1.0,1.0264775413711584,0.0355791962174941,5.566666666666666,0.5,0.43333333333333335,0.06666666666666665,0.5,0.03333333333333333,0.5,0.03333333333333333,0.0,0.03333333333333333,0.03333333333333333,4.0,25.5,26.0,25.5,26.0,26.0,26.0,25.5,26.0,25.5,26.0,11.0,10.0,1.9177304964539006,1.038770685579196,0.036879432624113466,0.17105694144590058,0.06678590592063134,1.0264775413711584,0.0355791962174941,0.053846153846153856,0.04444444444444444,0.005128205128205127,0.030769230769230767,-0.02222222222222222,OK,
gradual_bias,score_only,ewma_factor_cov_lrt,1.0,1.0,budget_only,count,0.1,0.15,0.1,30,30,30,30,1.0,1.0,1.0,1.0264775413711584,0.0355791962174941,5.566666666666666,0.4666666666666667,0.43333333333333335,0.033333333333333326,0.4666666666666667,0.13333333333333333,0.4666666666666667,0.13333333333333333,0.0,0.13333333333333333,0.13333333333333333,4.0,26.0,26.0,26.0,26.0,26.0,26.0,26.0,26.0,26.0,26.0,12.0,10.0,1.9976359338061467,1.051063829787234,0.0384160756501182,0.17105694144590058,0.043221313071857254,1.0264775413711584,0.0355791962174941,0.051282051282051294,0.08888888888888888,-0.010256410256410256,0.030769230769230767,0.022222222222222223,OK,
gradual_bias,score_only,ewma_factor_cov_lrt,2.0,0.25,budget_only,count,0.1,0.15,0.1,30,10,10,10,0.3333333333333333,0.3333333333333333,0.3333333333333333,1.6595744680851063,0.1102836879432624,9.0,0.1,0.1,0.0,0.4,0.3,0.4,0.3,0.3,0.3,0.3,4.0,26.0,26.0,26.0,26.0,26.0,26.0,26.0,26.0,26.0,26.0,24.0,24.0,5.771631205673758,1.6042553191489362,0.11099290780141843,0.9800000000000001,0.04856544497544168,1.6595744680851063,0.1102836879432624,0.019230769230769232,0.16666666666666666,-0.0038461538461538464,0.019230769230769232,-0.1,OK,
gradual_bias,score_only,ewma_factor_cov_lrt,2.0,0.5,budget_only,count,0.1,0.15,0.1,30,10,10,10,0.3333333333333333,0.3333333333333333,0.3333333333333333,1.6595744680851063,0.1102836879432624,9.0,0.1,0.1,0.0,0.4,0.3,0.4,0.3,0.3,0.3,0.3,4.0,26.0,26.0,26.0,26.0,26.0,26.0,26.0,26.0,26.0,26.0,25.0,24.0,5.587234042553191,1.622695035460993,0.1074468085106383,0.9800000000000001,0.003261781298466701,1.6595744680851063,0.1102836879432624,0.015384615384615385,0.16666666666666666,-0.015384615384615385,0.015384615384615385,-0.03333333333333334,OK,
gradual_bias,score_only,ewma_factor_cov_lrt,2.0,0.75,budget_only,count,0.1,0.15,0.1,30,10,10,10,0.3333333333333333,0.3333333333333333,0.3333333333333333,1.6595744680851063,0.1102836879432624,9.0,0.0,0.1,-0.1,0.3,0.3,0.3,0.3,0.3,0.3,0.3,4.0,26.0,26.0,26.0,26.0,26.0,26.0,26.0,26.0,26.0,26.0,NA,24.0,5.826950354609929,1.622695035460993,0.11205673758865249,0.9800000000000001,-0.055427867427141765,1.6595744680851063,0.1102836879432624,0.015384615384615385,0.13333333333333333,-0.007692307692307693,0.015384615384615385,-0.06666666666666668,OK,
gradual_bias,score_only,ewma_factor_cov_lrt,2.0,1.0,budget_only,count,0.1,0.15,0.1,30,10,10,10,0.3333333333333333,0.3333333333333333,0.3333333333333333,1.6595744680851063,0.1102836879432624,9.0,0.0,0.1,-0.1,0.3,0.3,0.3,0.3,0.3,0.3,0.3,4.0,26.0,26.0,26.0,26.0,26.0,26.0,26.0,26.0,26.0,26.0,NA,24.0,5.790070921985815,1.622695035460993,0.11134751773049648,0.9800000000000001,-0.0348971481864935,1.6595744680851063,0.1102836879432624,0.019230769230769232,0.13333333333333333,-0.011538461538461539,0.019230769230769232,-0.06666666666666668,OK,
gradual_bias,score_only,factor_cov_change,1.0,0.25,budget_only,count,0.1,0.15,0.1,30,30,30,30,1.0,1.0,1.0,1.0018912529550825,0.1062647754137116,5.433333333333334,0.6333333333333333,0.6333333333333333,0.0,0.6666666666666666,0.16666666666666666,0.6666666666666666,0.16666666666666666,0.03333333333333333,0.13333333333333333,0.13333333333333333,4.0,19.0,19.0,19.0,26.0,19.0,26.0,15.5,26.0,19.0,26.0,9.0,9.0,5.525768321513003,1.0018912529550825,0.1062647754137116,0.021649033754470793,-0.05417679559205473,1.0018912529550825,0.1062647754137116,0.0,0.0,0.0,0.0,0.0,OK,
gradual_bias,score_only,factor_cov_change,1.0,0.5,budget_only,count,0.1,0.15,0.1,30,30,30,30,1.0,1.0,1.0,1.0018912529550825,0.1062647754137116,5.433333333333334,0.6333333333333333,0.6333333333333333,0.0,0.6666666666666666,0.16666666666666666,0.6666666666666666,0.16666666666666666,0.03333333333333333,0.13333333333333333,0.13333333333333333,4.0,19.0,19.0,19.0,26.0,19.0,26.0,15.5,26.0,19.0,26.0,9.0,9.0,5.525768321513003,1.0018912529550825,0.1062647754137116,0.021649033754470793,-0.05417683993424117,1.0018912529550825,0.1062647754137116,0.0,0.0,0.0,0.0,0.0,OK,
gradual_bias,score_only,factor_cov_change,1.0,0.75,budget_only,count,0.1,0.15,0.1,30,30,30,30,1.0,1.0,1.0,1.0018912529550825,0.1062647754137116,5.433333333333334,0.6333333333333333,0.6333333333333333,0.0,0.6666666666666666,0.16666666666666666,0.6666666666666666,0.16666666666666666,0.03333333333333333,0.13333333333333333,0.13333333333333333,4.0,19.0,19.0,19.0,26.0,19.0,26.0,15.5,26.0,19.0,26.0,9.0,9.0,5.525768321513003,1.0018912529550825,0.1062647754137116,0.021649033754470793,-0.0541768842762577,1.0018912529550825,0.1062647754137116,0.0,0.0,0.0,0.0,0.0,OK,
gradual_bias,score_only,factor_cov_change,1.0,1.0,budget_only,count,0.1,0.15,0.1,30,30,30,30,1.0,1.0,1.0,1.0018912529550825,0.1062647754137116,5.433333333333334,0.6333333333333333,0.6333333333333333,0.0,0.6666666666666666,0.16666666666666666,0.6666666666666666,0.16666666666666666,0.03333333333333333,0.13333333333333333,0.13333333333333333,4.0,19.0,19.0,19.0,26.0,19.0,26.0,15.5,26.0,19.0,26.0,9.0,9.0,5.525768321513003,1.0018912529550825,0.1062647754137116,0.021649033754470793,-0.05417692861810464,1.0018912529550825,0.1062647754137116,0.0,0.0,0.0,0.0,0.0,OK,
gradual_bias,score_only,factor_cov_change,INFEASIBLE,0.25,budget_only,count,INFEASIBLE,INFEASIBLE,INFEASIBLE,INFEASIBLE,INFEASIBLE,INFEASIBLE,INFEASIBLE,INFEASIBLE,INFEASIBLE,INFEASIBLE,INFEASIBLE,INFEASIBLE,INFEASIBLE,INFEASIBLE,INFEASIBLE,INFEASIBLE,INFEASIBLE,INFEASIBLE,INFEASIBLE,INFEASIBLE,INFEASIBLE,INFEASIBLE,INFEASIBLE,,INFEASIBLE,INFEASIBLE,INFEASIBLE,INFEASIBLE,INFEASIBLE,INFEASIBLE,INFEASIBLE,INFEASIBLE,INFEASIBLE,INFEASIBLE,INFEASIBLE,INFEASIBLE,INFEASIBLE,INFEASIBLE,INFEASIBLE,INFEASIBLE,INFEASIBLE,INFEASIBLE,INFEASIBLE,INFEASIBLE,INFEASIBLE,INFEASIBLE,INFEASIBLE,INFEASIBLE,INFEASIBLE,no_trials_in_band
gradual_bias,score_only,factor_cov_change,INFEASIBLE,0.5,budget_only,count,INFEASIBLE,INFEASIBLE,INFEASIBLE,INFEASIBLE,INFEASIBLE,INFEASIBLE,INFEASIBLE,INFEASIBLE,INFEASIBLE,INFEASIBLE,INFEASIBLE,INFEASIBLE,INFEASIBLE,INFEASIBLE,INFEASIBLE,INFEASIBLE,INFEASIBLE,INFEASIBLE,INFEASIBLE,INFEASIBLE,INFEASIBLE,INFEASIBLE,INFEASIBLE,,INFEASIBLE,INFEASIBLE,INFEASIBLE,INFEASIBLE,INFEASIBLE,INFEASIBLE,INFEASIBLE,INFEASIBLE,INFEASIBLE,INFEASIBLE,INFEASIBLE,INFEASIBLE,INFEASIBLE,INFEASIBLE,INFEASIBLE,INFEASIBLE,INFEASIBLE,INFEASIBLE,INFEASIBLE,INFEASIBLE,INFEASIBLE,INFEASIBLE,INFEASIBLE,INFEASIBLE,INFEASIBLE,no_trials_in_band
gradual_bias,score_only,factor_cov_change,INFEASIBLE,0.75,budget_only,count,INFEASIBLE,INFEASIBLE,INFEASIBLE,INFEASIBLE,INFEASIBLE,INFEASIBLE,INFEASIBLE,INFEASIBLE,INFEASIBLE,INFEASIBLE,INFEASIBLE,INFEASIBLE,INFEASIBLE,INFEASIBLE,INFEASIBLE,INFEASIBLE,INFEASIBLE,INFEASIBLE,INFEASIBLE,INFEASIBLE,INFEASIBLE,INFEASIBLE,INFEASIBLE,,INFEASIBLE,INFEASIBLE,INFEASIBLE,INFEASIBLE,INFEASIBLE,INFEASIBLE,INFEASIBLE,INFEASIBLE,INFEASIBLE,INFEASIBLE,INFEASIBLE,INFEASIBLE,INFEASIBLE,INFEASIBLE,INFEASIBLE,INFEASIBLE,INFEASIBLE,INFEASIBLE,INFEASIBLE,INFEASIBLE,INFEASIBLE,INFEASIBLE,INFEASIBLE,INFEASIBLE,INFEASIBLE,no_trials_in_band
gradual_bias,score_only,factor_cov_change,INFEASIBLE,1.0,budget_only,count,INFEASIBLE,INFEASIBLE,INFEASIBLE,INFEASIBLE,INFEASIBLE,INFEASIBLE,INFEASIBLE,INFEASIBLE,INFEASIBLE,INFEASIBLE,INFEASIBLE,INFEASIBLE,INFEASIBLE,INFEASIBLE,INFEASIBLE,INFEASIBLE,INFEASIBLE,INFEASIBLE,INFEASIBLE,INFEASIBLE,INFEASIBLE,INFEASIBLE,INFEASIBLE,,INFEASIBLE,INFEASIBLE,INFEASIBLE,INFEASIBLE,INFEASIBLE,INFEASIBLE,INFEASIBLE,INFEASIBLE,INFEASIBLE,INFEASIBLE,INFEASIBLE,INFEASIBLE,INFEASIBLE,INFEASIBLE,INFEASIBLE,INFEASIBLE,INFEASIBLE,INFEASIBLE,INFEASIBLE,INFEASIBLE,INFEASIBLE,INFEASIBLE,INFEASIBLE,INFEASIBLE,INFEASIBLE,no_trials_in_band
gradual_bias,score_only,factor_cov_delta,1.0,0.25,budget_only,count,0.1,0.15,0.1,30,30,30,30,1.0,1.0,1.0,0.9895981087470448,0.022340425531914895,5.366666666666666,0.6333333333333333,0.6333333333333333,0.0,0.6333333333333333,0.16666666666666666,0.6333333333333333,0.16666666666666666,0.0,0.16666666666666666,0.16666666666666666,4.0,18.0,18.0,18.0,26.0,18.0,26.0,18.0,26.0,18.0,26.0,11.0,11.0,1.1617021276595743,0.9895981087470448,0.022340425531914895,0.04121453227134665,0.00012477740690571652,0.9895981087470448,0.022340425531914895,0.0,0.0,0.0,0.0,0.0,OK,
gradual_bias,score_only,factor_cov_delta,1.0,0.5,budget_only,count,0.1,0.15,0.1,30,30,30,30,1.0,1.0,1.0,0.9895981087470448,0.022340425531914895,5.366666666666666,0.6333333333333333,0.6333333333333333,0.0,0.6333333333333333,0.16666666666666666,0.6333333333333333,0.16666666666666666,0.0,0.16666666666666666,0.16666666666666666,4.0,18.0,18.0,18.0,26.0,18.0,26.0,18.0,26.0,18.0,26.0,11.0,11.0,1.1617021276595743,0.9895981087470448,0.022340425531914895,0.04121453227134665,0.0001247638235226158,0.9895981087470448,0.022340425531914895,0.0,0.0,0.0,0.0,0.0,OK,
gradual_bias,score_only,factor_cov_delta,1.0,0.75,budget_only,count,0.1,0.15,0.1,30,30,30,30,1.0,1.0,1.0,0.9895981087470448,0.022340425531914895,5.366666666666666,0.6333333333333333,0.6333333333333333,0.0,0.6333333333333333,0.16666666666666666,0.6333333333333333,0.16666666666666666,0.0,0.16666666666666666,0.16666666666666666,4.0,18.0,18.0,18.0,26.0,18.0,26.0,18.0,26.0,18.0,26.0,11.0,11.0,1.1617021276595743,0.9895981087470448,0.022340425531914895,0.04121453227134665,0.00012475024037729803,0.9895981087470448,0.022340425531914895,0.0,0.0,0.0,0.0,0.0,OK,
gradual_bias,score_only,factor_cov_delta,1.0,1.0,budget_only,count,0.1,0.15,0.1,30,30,30,30,1.0,1.0,1.0,0.9895981087470448,0.022340425531914895,5.366666666666666,0.6333333333333333,0.6333333333333333,0.0,0.6333333333333333,0.16666666666666666,0.6333333333333333,0.16666666666666666,0.0,0.16666666666666666,0.16666666666666666,4.0,18.0,18.0,18.0,26.0,18.0,26.0,18.0,26.0,18.0,26.0,11.0,11.0,1.1617021276595743,0.9895981087470448,0.022340425531914895,0.04121453227134665,0.00012473665746983811,0.9895981087470448,0.022340425531914895,0.0,0.0,0.0,0.0,0.0,OK,
gradual_bias,score_only,factor_cov_delta,INFEASIBLE,0.25,budget_only,count,INFEASIBLE,INFEASIBLE,INFEASIBLE,INFEASIBLE,INFEASIBLE,INFEASIBLE,INFEASIBLE,INFEASIBLE,INFEASIBLE,INFEASIBLE,INFEASIBLE,INFEASIBLE,INFEASIBLE,INFEASIBLE,INFEASIBLE,INFEASIBLE,INFEASIBLE,INFEASIBLE,INFEASIBLE,INFEASIBLE,INFEASIBLE,INFEASIBLE,INFEASIBLE,,INFEASIBLE,INFEASIBLE,INFEASIBLE,INFEASIBLE,INFEASIBLE,INFEASIBLE,INFEASIBLE,INFEASIBLE,INFEASIBLE,INFEASIBLE,INFEASIBLE,INFEASIBLE,INFEASIBLE,INFEASIBLE,INFEASIBLE,INFEASIBLE,INFEASIBLE,INFEASIBLE,INFEASIBLE,INFEASIBLE,INFEASIBLE,INFEASIBLE,INFEASIBLE,INFEASIBLE,INFEASIBLE,no_trials_in_band
gradual_bias,score_only,factor_cov_delta,INFEASIBLE,0.5,budget_only,count,INFEASIBLE,INFEASIBLE,INFEASIBLE,INFEASIBLE,INFEASIBLE,INFEASIBLE,INFEASIBLE,INFEASIBLE,INFEASIBLE,INFEASIBLE,INFEASIBLE,INFEASIBLE,INFEASIBLE,INFEASIBLE,INFEASIBLE,INFEASIBLE,INFEASIBLE,INFEASIBLE,INFEASIBLE,INFEASIBLE,INFEASIBLE,INFEASIBLE,INFEASIBLE,,INFEASIBLE,INFEASIBLE,INFEASIBLE,INFEASIBLE,INFEASIBLE,INFEASIBLE,INFEASIBLE,INFEASIBLE,INFEASIBLE,INFEASIBLE,INFEASIBLE,INFEASIBLE,INFEASIBLE,INFEASIBLE,INFEASIBLE,INFEASIBLE,INFEASIBLE,INFEASIBLE,INFEASIBLE,INFEASIBLE,INFEASIBLE,INFEASIBLE,INFEASIBLE,INFEASIBLE,INFEASIBLE,no_trials_in_band
gradual_bias,score_only,factor_cov_delta,INFEASIBLE,0.75,budget_only,count,INFEASIBLE,INFEASIBLE,INFEASIBLE,INFEASIBLE,INFEASIBLE,INFEASIBLE,INFEASIBLE,INFEASIBLE,INFEASIBLE,INFEASIBLE,INFEASIBLE,INFEASIBLE,INFEASIBLE,INFEASIBLE,INFEASIBLE,INFEASIBLE,INFEASIBLE,INFEASIBLE,INFEASIBLE,INFEASIBLE,INFEASIBLE,INFEASIBLE,INFEASIBLE,,INFEASIBLE,INFEASIBLE,INFEASIBLE,INFEASIBLE,INFEASIBLE,INFEASIBLE,INFEASIBLE,INFEASIBLE,INFEASIBLE,INFEASIBLE,INFEASIBLE,INFEASIBLE,INFEASIBLE,INFEASIBLE,INFEASIBLE,INFEASIBLE,INFEASIBLE,INFEASIBLE,INFEASIBLE,INFEASIBLE,INFEASIBLE,INFEASIBLE,INFEASIBLE,INFEASIBLE,INFEASIBLE,no_trials_in_band
gradual_bias,score_only,factor_cov_delta,INFEASIBLE,1.0,budget_only,count,INFEASIBLE,INFEASIBLE,INFEASIBLE,INFEASIBLE,INFEASIBLE,INFEASIBLE,INFEASIBLE,INFEASIBLE,INFEASIBLE,INFEASIBLE,INFEASIBLE,INFEASIBLE,INFEASIBLE,INFEASIBLE,INFEASIBLE,INFEASIBLE,INFEASIBLE,INFEASIBLE,INFEASIBLE,INFEASIBLE,INFEASIBLE,INFEASIBLE,INFEASIBLE,,INFEASIBLE,INFEASIBLE,INFEASIBLE,INFEASIBLE,INFEASIBLE,INFEASIBLE,INFEASIBLE,INFEASIBLE,INFEASIBLE,INFEASIBLE,INFEASIBLE,INFEASIBLE,INFEASIBLE,INFEASIBLE,INFEASIBLE,INFEASIBLE,INFEASIBLE,INFEASIBLE,INFEASIBLE,INFEASIBLE,INFEASIBLE,INFEASIBLE,INFEASIBLE,INFEASIBLE,INFEASIBLE,no_trials_in_band
gradual_bias,score_only,factor_cov_lrt,1.0,0.25,budget_only,count,0.1,0.15,0.1,30,20,20,20,0.6666666666666666,0.6666666666666666,0.6666666666666666,0.7375886524822695,0.017553191489361707,4.0,0.05,0.0,0.05,0.1,0.05,0.1,0.05,0.05,0.05,0.05,4.0,26.0,26.0,26.0,26.0,26.0,26.0,26.0,26.0,26.0,26.0,25.0,NA,1.0141843971631208,0.7560283687943262,0.019503546099290787,1.0000000000000002e-06,-0.04318661164714254,0.7375886524822695,0.017553191489361707,0.0019230769230769232,0.05,0.0019230769230769232,0.0019230769230769232,-0.016666666666666666,OK,
gradual_bias,score_only,factor_cov_lrt,1.0,0.5,budget_only,count,0.1,0.15,0.1,30,20,20,20,0.6666666666666666,0.6666666666666666,0.6666666666666666,0.7375886524822695,0.017553191489361707,4.0,0.05,0.0,0.05,0.1,0.05,0.1,0.05,0.05,0.05,0.05,4.0,26.0,26.0,26.0,26.0,26.0,26.0,26.0,26.0,26.0,26.0,25.0,NA,1.0049645390070923,0.7468085106382978,0.01932624113475178,1.0000000000000002e-06,0.024009850454801526,0.7375886524822695,0.017553191489361707,0.0019230769230769232,0.03333333333333333,0.0019230769230769232,0.0019230769230769232,-0.03333333333333333,OK,
gradual_bias,score_only,factor_cov_lrt,1.0,0.75,budget_only,count,0.1,0.15,0.1,30,20,20,20,0.6666666666666666,0.6666666666666666,0.6666666666666666,0.7375886524822695,0.017553191489361707,4.0,0.0,0.0,0.0,0.05,0.05,0.05,0.05,0.05,0.05,0.05,4.0,26.0,26.0,26.0,26.0,26.0,26.0,26.0,26.0,26.0,26.0,NA,NA,1.0141843971631208,0.7560283687943262,0.019503546099290787,1.0000000000000002e-06,-0.011436925186878989,0.7375886524822695,0.017553191489361707,0.0,0.016666666666666666,0.0,0.0,-0.016666666666666666,OK,
gradual_bias,score_only,factor_cov_lrt,1.0,1.0,budget_only,count,0.1,0.15,0.1,30,20,20,20,0.6666666666666666,0.6666666666666666,0.6666666666666666,0.7375886524822695,0.017553191489361707,4.0,0.0,0.0,0.0,0.05,0.05,0.05,0.05,0.05,0.05,0.05,4.0,26.0,26.0,26.0,26.0,26.0,26.0,26.0,26.0,26.0,26.0,NA,NA,1.023404255319149,0.7560283687943262,0.01968085106382979,1.0000000000000002e-06,-0.056308470111896956,0.7375886524822695,0.017553191489361707,0.0,0.03333333333333333,0.0,0.0,-0.03333333333333333,OK,
gradual_bias,score_only,factor_cov_lrt,INFEASIBLE,0.25,budget_only,count,INFEASIBLE,INFEASIBLE,INFEASIBLE,INFEASIBLE,INFEASIBLE,INFEASIBLE,INFEASIBLE,INFEASIBLE,INFEASIBLE,INFEASIBLE,INFEASIBLE,INFEASIBLE,INFEASIBLE,INFEASIBLE,INFEASIBLE,INFEASIBLE,INFEASIBLE,INFEASIBLE,INFEASIBLE,INFEASIBLE,INFEASIBLE,INFEASIBLE,INFEASIBLE,,INFEASIBLE,INFEASIBLE,INFEASIBLE,INFEASIBLE,INFEASIBLE,INFEASIBLE,INFEASIBLE,INFEASIBLE,INFEASIBLE,INFEASIBLE,INFEASIBLE,INFEASIBLE,INFEASIBLE,INFEASIBLE,INFEASIBLE,INFEASIBLE,INFEASIBLE,INFEASIBLE,INFEASIBLE,INFEASIBLE,INFEASIBLE,INFEASIBLE,INFEASIBLE,INFEASIBLE,INFEASIBLE,no_trials_in_band
gradual_bias,score_only,factor_cov_lrt,INFEASIBLE,0.5,budget_only,count,INFEASIBLE,INFEASIBLE,INFEASIBLE,INFEASIBLE,INFEASIBLE,INFEASIBLE,INFEASIBLE,INFEASIBLE,INFEASIBLE,INFEASIBLE,INFEASIBLE,INFEASIBLE,INFEASIBLE,INFEASIBLE,INFEASIBLE,INFEASIBLE,INFEASIBLE,INFEASIBLE,INFEASIBLE,INFEASIBLE,INFEASIBLE,INFEASIBLE,INFEASIBLE,,INFEASIBLE,INFEASIBLE,INFEASIBLE,INFEASIBLE,INFEASIBLE,INFEASIBLE,INFEASIBLE,INFEASIBLE,INFEASIBLE,INFEASIBLE,INFEASIBLE,INFEASIBLE,INFEASIBLE,INFEASIBLE,INFEASIBLE,INFEASIBLE,INFEASIBLE,INFEASIBLE,INFEASIBLE,INFEASIBLE,INFEASIBLE,INFEASIBLE,INFEASIBLE,INFEASIBLE,INFEASIBLE,no_trials_in_band
gradual_bias,score_only,factor_cov_lrt,INFEASIBLE,0.75,budget_only,count,INFEASIBLE,INFEASIBLE,INFEASIBLE,INFEASIBLE,INFEASIBLE,INFEASIBLE,INFEASIBLE,INFEASIBLE,INFEASIBLE,INFEASIBLE,INFEASIBLE,INFEASIBLE,INFEASIBLE,INFEASIBLE,INFEASIBLE,INFEASIBLE,INFEASIBLE,INFEASIBLE,INFEASIBLE,INFEASIBLE,INFEASIBLE,INFEASIBLE,INFEASIBLE,,INFEASIBLE,INFEASIBLE,INFEASIBLE,INFEASIBLE,INFEASIBLE,INFEASIBLE,INFEASIBLE,INFEASIBLE,INFEASIBLE,INFEASIBLE,INFEASIBLE,INFEASIBLE,INFEASIBLE,INFEASIBLE,INFEASIBLE,INFEASIBLE,INFEASIBLE,INFEASIBLE,INFEASIBLE,INFEASIBLE,INFEASIBLE,INFEASIBLE,INFEASIBLE,INFEASIBLE,INFEASIBLE,no_trials_in_band
gradual_bias,score_only,factor_cov_lrt,INFEASIBLE,1.0,budget_only,count,INFEASIBLE,INFEASIBLE,INFEASIBLE,INFEASIBLE,INFEASIBLE,INFEASIBLE,INFEASIBLE,INFEASIBLE,INFEASIBLE,INFEASIBLE,INFEASIBLE,INFEASIBLE,INFEASIBLE,INFEASIBLE,INFEASIBLE,INFEASIBLE,INFEASIBLE,INFEASIBLE,INFEASIBLE,INFEASIBLE,INFEASIBLE,INFEASIBLE,INFEASIBLE,,INFEASIBLE,INFEASIBLE,INFEASIBLE,INFEASIBLE,INFEASIBLE,INFEASIBLE,INFEASIBLE,INFEASIBLE,INFEASIBLE,INFEASIBLE,INFEASIBLE,INFEASIBLE,INFEASIBLE,INFEASIBLE,INFEASIBLE,INFEASIBLE,INFEASIBLE,INFEASIBLE,INFEASIBLE,INFEASIBLE,INFEASIBLE,INFEASIBLE,INFEASIBLE,INFEASIBLE,INFEASIBLE,no_trials_in_band
gradual_bias,score_only,factor_cov_lrt_delta,1.0,0.25,budget_only,count,0.1,0.15,0.1,30,30,30,30,1.0,1.0,1.0,1.0203309692671394,0.019621749408983456,5.533333333333333,0.43333333333333335,0.4666666666666667,-0.033333333333333326,0.43333333333333335,0.06666666666666667,0.43333333333333335,0.06666666666666667,0.0,0.06666666666666667,0.06666666666666667,4.0,26.0,26.0,26.0,26.0,26.0,26.0,26.0,26.0,26.0,26.0,15.0,11.5,1.057210401891253,1.0203309692671394,0.020330969267139478,0.00970590199018114,2.06113796398939,1.0203309692671394,0.019621749408983456,0.008974358974358975,0.01111111111111111,-0.001282051282051282,0.0038461538461538464,-0.01111111111111111,OK,
gradual_bias,score_only,factor_cov_lrt_delta,1.0,0.5,budget_only,count,0.1,0.15,0.1,30,30,30,30,1.0,1.0,1.0,1.0203309692671394,0.019621749408983456,5.533333333333333,0.4666666666666667,0.4666666666666667,0.0,0.4666666666666667,0.06666666666666667,0.4666666666666667,0.06666666666666667,0.0,0.06666666666666667,0.06666666666666667,4.0,26.0,26.0,26.0,26.0,26.0,26.0,26.0,26.0,26.0,26.0,16.5,11.5,1.063356973995272,1.0264775413711584,0.020449172576832153,0.00970590199018114,0.40532084685289266,1.0203309692671394,0.019621749408983456,0.010256410256410256,0.01111111111111111,0.0,0.005128205128205128,-0.01111111111111111,OK,
gradual_bias,score_only,factor_cov_lrt_delta,1.0,0.75,budget_only,count,0.1,0.15,0.1,30,30,30,30,1.0,1.0,1.0,1.0203309692671394,0.019621749408983456,5.533333333333333,0.43333333333333335,0.4666666666666667,-0.033333333333333326,0.43333333333333335,0.06666666666666667,0.43333333333333335,0.06666666666666667,0.0,0.06666666666666667,0.06666666666666667,4.0,26.0,26.0,26.0,26.0,26.0,26.0,26.0,26.0,26.0,26.0,15.0,11.5,1.0940898345153665,1.0449172576832149,0.021040189125295507,0.00970590199018114,0.3866318618011417,1.0203309692671394,0.019621749408983456,0.008974358974358975,0.01111111111111111,-0.001282051282051282,0.0038461538461538464,-0.01111111111111111,OK,
gradual_bias,score_only,factor_cov_lrt_delta,1.0,1.0,budget_only,count,0.1,0.15,0.1,30,30,30,30,1.0,1.0,1.0,1.0203309692671394,0.019621749408983456,5.533333333333333,0.43333333333333335,0.4666666666666667,-0.033333333333333326,0.43333333333333335,0.06666666666666667,0.43333333333333335,0.06666666666666667,0.0,0.06666666666666667,0.06666666666666667,4.0,26.0,26.0,26.0,26.0,26.0,26.0,26.0,26.0,26.0,26.0,15.0,11.5,1.057210401891253,1.0203309692671394,0.020330969267139478,0.00970590199018114,0.34978627573613896,1.0203309692671394,0.019621749408983456,0.008974358974358975,0.01111111111111111,-0.001282051282051282,0.0038461538461538464,-0.01111111111111111,OK,
gradual_bias,score_only,factor_cov_lrt_delta,INFEASIBLE,0.25,budget_only,count,INFEASIBLE,INFEASIBLE,INFEASIBLE,INFEASIBLE,INFEASIBLE,INFEASIBLE,INFEASIBLE,INFEASIBLE,INFEASIBLE,INFEASIBLE,INFEASIBLE,INFEASIBLE,INFEASIBLE,INFEASIBLE,INFEASIBLE,INFEASIBLE,INFEASIBLE,INFEASIBLE,INFEASIBLE,INFEASIBLE,INFEASIBLE,INFEASIBLE,INFEASIBLE,,INFEASIBLE,INFEASIBLE,INFEASIBLE,INFEASIBLE,INFEASIBLE,INFEASIBLE,INFEASIBLE,INFEASIBLE,INFEASIBLE,INFEASIBLE,INFEASIBLE,INFEASIBLE,INFEASIBLE,INFEASIBLE,INFEASIBLE,INFEASIBLE,INFEASIBLE,INFEASIBLE,INFEASIBLE,INFEASIBLE,INFEASIBLE,INFEASIBLE,INFEASIBLE,INFEASIBLE,INFEASIBLE,no_trials_in_band
gradual_bias,score_only,factor_cov_lrt_delta,INFEASIBLE,0.5,budget_only,count,INFEASIBLE,INFEASIBLE,INFEASIBLE,INFEASIBLE,INFEASIBLE,INFEASIBLE,INFEASIBLE,INFEASIBLE,INFEASIBLE,INFEASIBLE,INFEASIBLE,INFEASIBLE,INFEASIBLE,INFEASIBLE,INFEASIBLE,INFEASIBLE,INFEASIBLE,INFEASIBLE,INFEASIBLE,INFEASIBLE,INFEASIBLE,INFEASIBLE,INFEASIBLE,,INFEASIBLE,INFEASIBLE,INFEASIBLE,INFEASIBLE,INFEASIBLE,INFEASIBLE,INFEASIBLE,INFEASIBLE,INFEASIBLE,INFEASIBLE,INFEASIBLE,INFEASIBLE,INFEASIBLE,INFEASIBLE,INFEASIBLE,INFEASIBLE,INFEASIBLE,INFEASIBLE,INFEASIBLE,INFEASIBLE,INFEASIBLE,INFEASIBLE,INFEASIBLE,INFEASIBLE,INFEASIBLE,no_trials_in_band
gradual_bias,score_only,factor_cov_lrt_delta,INFEASIBLE,0.75,budget_only,count,INFEASIBLE,INFEASIBLE,INFEASIBLE,INFEASIBLE,INFEASIBLE,INFEASIBLE,INFEASIBLE,INFEASIBLE,INFEASIBLE,INFEASIBLE,INFEASIBLE,INFEASIBLE,INFEASIBLE,INFEASIBLE,INFEASIBLE,INFEASIBLE,INFEASIBLE,INFEASIBLE,INFEASIBLE,INFEASIBLE,INFEASIBLE,INFEASIBLE,INFEASIBLE,,INFEASIBLE,INFEASIBLE,INFEASIBLE,INFEASIBLE,INFEASIBLE,INFEASIBLE,INFEASIBLE,INFEASIBLE,INFEASIBLE,INFEASIBLE,INFEASIBLE,INFEASIBLE,INFEASIBLE,INFEASIBLE,INFEASIBLE,INFEASIBLE,INFEASIBLE,INFEASIBLE,INFEASIBLE,INFEASIBLE,INFEASIBLE,INFEASIBLE,INFEASIBLE,INFEASIBLE,INFEASIBLE,no_trials_in_band
gradual_bias,score_only,factor_cov_lrt_delta,INFEASIBLE,1.0,budget_only,count,INFEASIBLE,INFEASIBLE,INFEASIBLE,INFEASIBLE,INFEASIBLE,INFEASIBLE,INFEASIBLE,INFEASIBLE,INFEASIBLE,INFEASIBLE,INFEASIBLE,INFEASIBLE,INFEASIBLE,INFEASIBLE,INFEASIBLE,INFEASIBLE,INFEASIBLE,INFEASIBLE,INFEASIBLE,INFEASIBLE,INFEASIBLE,INFEASIBLE,INFEASIBLE,,INFEASIBLE,INFEASIBLE,INFEASIBLE,INFEASIBLE,INFEASIBLE,INFEASIBLE,INFEASIBLE,INFEASIBLE,INFEASIBLE,INFEASIBLE,INFEASIBLE,INFEASIBLE,INFEASIBLE,INFEASIBLE,INFEASIBLE,INFEASIBLE,INFEASIBLE,INFEASIBLE,INFEASIBLE,INFEASIBLE,INFEASIBLE,INFEASIBLE,INFEASIBLE,INFEASIBLE,INFEASIBLE,no_trials_in_band
gradual_bias,score_only,fused_fisher,1.0,0.25,budget_only,count,0.1,0.15,0.1,30,22,22,22,0.7333333333333333,0.7333333333333333,0.7333333333333333,0.7375886524822696,0.01418439716312057,4.0,0.22727272727272727,0.0,0.22727272727272727,0.22727272727272727,0.0,0.22727272727272727,0.0,0.0,0.0,0.0,4.0,26.0,26.0,26.0,26.0,26.0,26.0,26.0,26.0,26.0,26.0,20.0,NA,0.5950999355254672,0.5950999355254672,0.011444229529335909,1.0000000000000002e-06,0.39829714113768516,0.7375886524822696,0.01418439716312057,0.008741258741258742,0.045454545454545456,0.008741258741258742,0.008741258741258742,-0.045454545454545456,OK,
gradual_bias,score_only,fused_fisher,1.0,0.5,budget_only,count,0.1,0.15,0.1,30,22,22,22,0.7333333333333333,0.7333333333333333,0.7333333333333333,0.7375886524822696,0.01418439716312057,4.0,0.2727272727272727,0.0,0.2727272727272727,0.2727272727272727,0.0,0.2727272727272727,0.0,0.0,0.0,0.0,4.0,26.0,26.0,26.0,26.0,26.0,26.0,26.0,26.0,26.0,26.0,19.0,NA,0.5950999355254672,0.5950999355254672,0.011444229529335909,1.0000000000000002e-06,0.41365262592567564,0.7375886524822696,0.01418439716312057,0.01048951048951049,0.045454545454545456,0.01048951048951049,0.01048951048951049,-0.045454545454545456,OK,
gradual_bias,score_only,fused_fisher,1.0,0.75,budget_only,count,0.1,0.15,0.1,30,22,22,22,0.7333333333333333,0.7333333333333333,0.7333333333333333,0.7375886524822696,0.01418439716312057,4.0,0.36363636363636365,0.0,0.36363636363636365,0.36363636363636365,0.0,0.36363636363636365,0.0,0.0,0.0,0.0,4.0,26.0,26.0,26.0,26.0,26.0,26.0,26.0,26.0,26.0,26.0,21.0,NA,0.5950999355254672,0.5950999355254672,0.011444229529335909,1.0000000000000002e-06,0.44972655907446696,0.7375886524822696,0.01418439716312057,0.013986013986013986,0.045454545454545456,0.013986013986013986,0.013986013986013986,-0.045454545454545456,OK,
gradual_bias,score_only,fused_fisher,1.0,1.0,budget_only,count,0.1,0.15,0.1,30,22,22,22,0.7333333333333333,0.7333333333333333,0.7333333333333333,0.7375886524822696,0.01418439716312057,4.0,0.36363636363636365,0.0,0.36363636363636365,0.36363636363636365,0.0,0.36363636363636365,0.0,0.0,0.0,0.0,4.0,26.0,26.0,26.0,26.0,26.0,26.0,26.0,26.0,26.0,26.0,19.0,NA,0.5950999355254672,0.5950999355254672,0.011444229529335909,1.0000000000000002e-06,0.5051513536416039,0.7375886524822696,0.01418439716312057,0.013986013986013986,0.045454545454545456,0.013986013986013986,0.013986013986013986,-0.045454545454545456,OK,
gradual_bias,score_only,fused_fisher,INFEASIBLE,0.25,budget_only,count,INFEASIBLE,INFEASIBLE,INFEASIBLE,INFEASIBLE,INFEASIBLE,INFEASIBLE,INFEASIBLE,INFEASIBLE,INFEASIBLE,INFEASIBLE,INFEASIBLE,INFEASIBLE,INFEASIBLE,INFEASIBLE,INFEASIBLE,INFEASIBLE,INFEASIBLE,INFEASIBLE,INFEASIBLE,INFEASIBLE,INFEASIBLE,INFEASIBLE,INFEASIBLE,,INFEASIBLE,INFEASIBLE,INFEASIBLE,INFEASIBLE,INFEASIBLE,INFEASIBLE,INFEASIBLE,INFEASIBLE,INFEASIBLE,INFEASIBLE,INFEASIBLE,INFEASIBLE,INFEASIBLE,INFEASIBLE,INFEASIBLE,INFEASIBLE,INFEASIBLE,INFEASIBLE,INFEASIBLE,INFEASIBLE,INFEASIBLE,INFEASIBLE,INFEASIBLE,INFEASIBLE,INFEASIBLE,no_trials_in_band
gradual_bias,score_only,fused_fisher,INFEASIBLE,0.5,budget_only,count,INFEASIBLE,INFEASIBLE,INFEASIBLE,INFEASIBLE,INFEASIBLE,INFEASIBLE,INFEASIBLE,INFEASIBLE,INFEASIBLE,INFEASIBLE,INFEASIBLE,INFEASIBLE,INFEASIBLE,INFEASIBLE,INFEASIBLE,INFEASIBLE,INFEASIBLE,INFEASIBLE,INFEASIBLE,INFEASIBLE,INFEASIBLE,INFEASIBLE,INFEASIBLE,,INFEASIBLE,INFEASIBLE,INFEASIBLE,INFEASIBLE,INFEASIBLE,INFEASIBLE,INFEASIBLE,INFEASIBLE,INFEASIBLE,INFEASIBLE,INFEASIBLE,INFEASIBLE,INFEASIBLE,INFEASIBLE,INFEASIBLE,INFEASIBLE,INFEASIBLE,INFEASIBLE,INFEASIBLE,INFEASIBLE,INFEASIBLE,INFEASIBLE,INFEASIBLE,INFEASIBLE,INFEASIBLE,no_trials_in_band
gradual_bias,score_only,fused_fisher,INFEASIBLE,0.75,budget_only,count,INFEASIBLE,INFEASIBLE,INFEASIBLE,INFEASIBLE,INFEASIBLE,INFEASIBLE,INFEASIBLE,INFEASIBLE,INFEASIBLE,INFEASIBLE,INFEASIBLE,INFEASIBLE,INFEASIBLE,INFEASIBLE,INFEASIBLE,INFEASIBLE,INFEASIBLE,INFEASIBLE,INFEASIBLE,INFEASIBLE,INFEASIBLE,INFEASIBLE,INFEASIBLE,,INFEASIBLE,INFEASIBLE,INFEASIBLE,INFEASIBLE,INFEASIBLE,INFEASIBLE,INFEASIBLE,INFEASIBLE,INFEASIBLE,INFEASIBLE,INFEASIBLE,INFEASIBLE,INFEASIBLE,INFEASIBLE,INFEASIBLE,INFEASIBLE,INFEASIBLE,INFEASIBLE,INFEASIBLE,INFEASIBLE,INFEASIBLE,INFEASIBLE,INFEASIBLE,INFEASIBLE,INFEASIBLE,no_trials_in_band
gradual_bias,score_only,fused_fisher,INFEASIBLE,1.0,budget_only,count,INFEASIBLE,INFEASIBLE,INFEASIBLE,INFEASIBLE,INFEASIBLE,INFEASIBLE,INFEASIBLE,INFEASIBLE,INFEASIBLE,INFEASIBLE,INFEASIBLE,INFEASIBLE,INFEASIBLE,INFEASIBLE,INFEASIBLE,INFEASIBLE,INFEASIBLE,INFEASIBLE,INFEASIBLE,INFEASIBLE,INFEASIBLE,INFEASIBLE,INFEASIBLE,,INFEASIBLE,INFEASIBLE,INFEASIBLE,INFEASIBLE,INFEASIBLE,INFEASIBLE,INFEASIBLE,INFEASIBLE,INFEASIBLE,INFEASIBLE,INFEASIBLE,INFEASIBLE,INFEASIBLE,INFEASIBLE,INFEASIBLE,INFEASIBLE,INFEASIBLE,INFEASIBLE,INFEASIBLE,INFEASIBLE,INFEASIBLE,INFEASIBLE,INFEASIBLE,INFEASIBLE,INFEASIBLE,no_trials_in_band
gradual_bias,score_only,fused_fisher_lrt_delta,1.0,0.25,budget_only,count,0.1,0.15,0.1,30,21,21,21,0.7,0.7,0.7,0.7375886524822695,0.014184397163120569,4.0,0.5238095238095238,0.0,0.5238095238095238,0.5238095238095238,0.0,0.5238095238095238,0.0,0.0,0.0,0.0,4.0,25.0,26.0,25.0,26.0,26.0,26.0,25.0,26.0,25.0,26.0,15.0,NA,0.5795339412360687,0.5795339412360687,0.011144883485309013,1.0000000000000002e-06,0.5261666214251226,0.7375886524822695,0.014184397163120569,0.020146520146520144,0.0,0.020146520146520144,0.020146520146520144,0.0,OK,
gradual_bias,score_only,fused_fisher_lrt_delta,1.0,0.5,budget_only,count,0.1,0.15,0.1,30,21,21,21,0.7,0.7,0.7,0.7375886524822695,0.014184397163120569,4.0,0.5238095238095238,0.0,0.5238095238095238,0.5238095238095238,0.0,0.5238095238095238,0.0,0.0,0.0,0.0,4.0,25.0,26.0,25.0,26.0,26.0,26.0,25.0,26.0,25.0,26.0,15.0,NA,0.5795339412360687,0.5795339412360687,0.011144883485309013,1.0000000000000002e-06,0.52818926052583,0.7375886524822695,0.014184397163120569,0.020146520146520144,0.0,0.020146520146520144,0.020146520146520144,0.0,OK,
gradual_bias,score_only,fused_fisher_lrt_delta,1.0,0.75,budget_only,count,0.1,0.15,0.1,30,21,21,21,0.7,0.7,0.7,0.7375886524822695,0.014184397163120569,4.0,0.5238095238095238,0.0,0.5238095238095238,0.5238095238095238,0.0,0.5238095238095238,0.0,0.0,0.0,0.0,4.0,25.0,26.0,25.0,26.0,26.0,26.0,25.0,26.0,25.0,26.0,15.0,NA,0.5795339412360687,0.5795339412360687,0.011144883485309013,1.0000000000000002e-06,0.5469874186463939,0.7375886524822695,0.014184397163120569,0.02197802197802198,0.0,0.02197802197802198,0.02197802197802198,0.0,OK,
gradual_bias,score_only,fused_fisher_lrt_delta,1.0,1.0,budget_only,count,0.1,0.15,0.1,30,21,21,21,0.7,0.7,0.7,0.7375886524822695,0.014184397163120569,4.0,0.6666666666666666,0.0,0.6666666666666666,0.6666666666666666,0.0,0.6666666666666666,0.0,0.0,0.0,0.0,4.0,22.0,26.0,22.0,26.0,26.0,26.0,22.0,26.0,22.0,26.0,14.5,NA,0.5795339412360687,0.5795339412360687,0.011144883485309013,1.0000000000000002e-06,0.6121194450758873,0.7375886524822695,0.014184397163120569,0.02564102564102564,0.0,0.02564102564102564,0.02564102564102564,0.0,OK,
gradual_bias,score_only,fused_fisher_lrt_delta,INFEASIBLE,0.25,budget_only,count,INFEASIBLE,INFEASIBLE,INFEASIBLE,INFEASIBLE,INFEASIBLE,INFEASIBLE,INFEASIBLE,INFEASIBLE,INFEASIBLE,INFEASIBLE,INFEASIBLE,INFEASIBLE,INFEASIBLE,INFEASIBLE,INFEASIBLE,INFEASIBLE,INFEASIBLE,INFEASIBLE,INFEASIBLE,INFEASIBLE,INFEASIBLE,INFEASIBLE,INFEASIBLE,,INFEASIBLE,INFEASIBLE,INFEASIBLE,INFEASIBLE,INFEASIBLE,INFEASIBLE,INFEASIBLE,INFEASIBLE,INFEASIBLE,INFEASIBLE,INFEASIBLE,INFEASIBLE,INFEASIBLE,INFEASIBLE,INFEASIBLE,INFEASIBLE,INFEASIBLE,INFEASIBLE,INFEASIBLE,INFEASIBLE,INFEASIBLE,INFEASIBLE,INFEASIBLE,INFEASIBLE,INFEASIBLE,no_trials_in_band
gradual_bias,score_only,fused_fisher_lrt_delta,INFEASIBLE,0.5,budget_only,count,INFEASIBLE,INFEASIBLE,INFEASIBLE,INFEASIBLE,INFEASIBLE,INFEASIBLE,INFEASIBLE,INFEASIBLE,INFEASIBLE,INFEASIBLE,INFEASIBLE,INFEASIBLE,INFEASIBLE,INFEASIBLE,INFEASIBLE,INFEASIBLE,INFEASIBLE,INFEASIBLE,INFEASIBLE,INFEASIBLE,INFEASIBLE,INFEASIBLE,INFEASIBLE,,INFEASIBLE,INFEASIBLE,INFEASIBLE,INFEASIBLE,INFEASIBLE,INFEASIBLE,INFEASIBLE,INFEASIBLE,INFEASIBLE,INFEASIBLE,INFEASIBLE,INFEASIBLE,INFEASIBLE,INFEASIBLE,INFEASIBLE,INFEASIBLE,INFEASIBLE,INFEASIBLE,INFEASIBLE,INFEASIBLE,INFEASIBLE,INFEASIBLE,INFEASIBLE,INFEASIBLE,INFEASIBLE,no_trials_in_band
gradual_bias,score_only,fused_fisher_lrt_delta,INFEASIBLE,0.75,budget_only,count,INFEASIBLE,INFEASIBLE,INFEASIBLE,INFEASIBLE,INFEASIBLE,INFEASIBLE,INFEASIBLE,INFEASIBLE,INFEASIBLE,INFEASIBLE,INFEASIBLE,INFEASIBLE,INFEASIBLE,INFEASIBLE,INFEASIBLE,INFEASIBLE,INFEASIBLE,INFEASIBLE,INFEASIBLE,INFEASIBLE,INFEASIBLE,INFEASIBLE,INFEASIBLE,,INFEASIBLE,INFEASIBLE,INFEASIBLE,INFEASIBLE,INFEASIBLE,INFEASIBLE,INFEASIBLE,INFEASIBLE,INFEASIBLE,INFEASIBLE,INFEASIBLE,INFEASIBLE,INFEASIBLE,INFEASIBLE,INFEASIBLE,INFEASIBLE,INFEASIBLE,INFEASIBLE,INFEASIBLE,INFEASIBLE,INFEASIBLE,INFEASIBLE,INFEASIBLE,INFEASIBLE,INFEASIBLE,no_trials_in_band
gradual_bias,score_only,fused_fisher_lrt_delta,INFEASIBLE,1.0,budget_only,count,INFEASIBLE,INFEASIBLE,INFEASIBLE,INFEASIBLE,INFEASIBLE,INFEASIBLE,INFEASIBLE,INFEASIBLE,INFEASIBLE,INFEASIBLE,INFEASIBLE,INFEASIBLE,INFEASIBLE,INFEASIBLE,INFEASIBLE,INFEASIBLE,INFEASIBLE,INFEASIBLE,INFEASIBLE,INFEASIBLE,INFEASIBLE,INFEASIBLE,INFEASIBLE,,INFEASIBLE,INFEASIBLE,INFEASIBLE,INFEASIBLE,INFEASIBLE,INFEASIBLE,INFEASIBLE,INFEASIBLE,INFEASIBLE,INFEASIBLE,INFEASIBLE,INFEASIBLE,INFEASIBLE,INFEASIBLE,INFEASIBLE,INFEASIBLE,INFEASIBLE,INFEASIBLE,INFEASIBLE,INFEASIBLE,INFEASIBLE,INFEASIBLE,INFEASIBLE,INFEASIBLE,INFEASIBLE,no_trials_in_band
gradual_bias,score_only,fused_sp,1.0,0.25,budget_only,count,0.1,0.15,0.1,30,30,30,30,1.0,1.0,1.0,1.0080378250591016,0.03321513002364067,5.466666666666667,0.5666666666666667,0.5666666666666667,0.0,0.5666666666666667,0.13333333333333333,0.5666666666666667,0.13333333333333333,0.0,0.13333333333333333,0.13333333333333333,4.0,23.5,23.5,23.5,26.0,23.5,26.0,23.5,26.0,23.5,26.0,13.0,13.0,1.5550827423167848,1.0141843971631206,0.02990543735224586,0.04251529828121912,0.39298259755738274,1.0080378250591016,0.03321513002364067,0.0,0.02222222222222222,0.0,0.0,-0.02222222222222222,OK,
gradual_bias,score_only,fused_sp,1.0,0.5,budget_only,count,0.1,0.15,0.1,30,30,30,30,1.0,1.0,1.0,1.0080378250591016,0.03321513002364067,5.466666666666667,0.5666666666666667,0.5666666666666667,0.0,0.5666666666666667,0.13333333333333333,0.5666666666666667,0.13333333333333333,0.0,0.13333333333333333,0.13333333333333333,4.0,23.5,23.5,23.5,26.0,23.5,26.0,23.5,26.0,23.5,26.0,12.0,13.0,1.6288416075650116,1.0080378250591016,0.031323877068557916,0.04251529828121912,0.4647852407977743,1.0080378250591016,0.03321513002364067,0.012820512820512824,0.08888888888888888,-0.002564102564102564,0.007692307692307693,0.022222222222222216,OK,
gradual_bias,score_only,fused_sp,1.0,0.75,budget_only,count,0.1,0.15,0.1,30,30,30,30,1.0,1.0,1.0,1.0080378250591016,0.03321513002364067,5.466666666666667,0.7666666666666667,0.5666666666666667,0.20000000000000007,0.7666666666666667,0.13333333333333333,0.7666666666666667,0.13333333333333333,0.0,0.13333333333333333,0.13333333333333333,4.0,21.0,23.5,21.0,26.0,23.5,26.0,21.0,26.0,21.0,26.0,18.0,13.0,1.5366430260047277,0.9711583924349884,0.029550827423167846,0.04251529828121912,0.6139742063286052,1.0080378250591016,0.03321513002364067,0.028205128205128206,0.07777777777777778,0.015384615384615385,0.017948717948717947,-0.011111111111111106,OK,
gradual_bias,score_only,fused_sp,1.0,1.0,budget_only,count,0.1,0.15,0.1,30,30,30,30,1.0,1.0,1.0,1.0080378250591016,0.03321513002364067,5.466666666666667,0.8,0.5666666666666667,0.2333333333333334,0.8,0.13333333333333333,0.8,0.13333333333333333,0.0,0.13333333333333333,0.13333333333333333,4.0,21.0,23.5,21.0,26.0,23.5,26.0,21.0,26.0,21.0,26.0,18.5,13.0,1.536643026004728,0.9711583924349882,0.02955082742316785,0.04251529828121912,0.7718932382319289,1.0080378250591016,0.03321513002364067,0.04487179487179487,0.1,0.024358974358974363,0.029487179487179487,0.011111111111111115,OK,
gradual_bias,score_only,fused_sp,INFEASIBLE,0.25,budget_only,count,INFEASIBLE,INFEASIBLE,INFEASIBLE,INFEASIBLE,INFEASIBLE,INFEASIBLE,INFEASIBLE,INFEASIBLE,INFEASIBLE,INFEASIBLE,INFEASIBLE,INFEASIBLE,INFEASIBLE,INFEASIBLE,INFEASIBLE,INFEASIBLE,INFEASIBLE,INFEASIBLE,INFEASIBLE,INFEASIBLE,INFEASIBLE,INFEASIBLE,INFEASIBLE,,INFEASIBLE,INFEASIBLE,INFEASIBLE,INFEASIBLE,INFEASIBLE,INFEASIBLE,INFEASIBLE,INFEASIBLE,INFEASIBLE,INFEASIBLE,INFEASIBLE,INFEASIBLE,INFEASIBLE,INFEASIBLE,INFEASIBLE,INFEASIBLE,INFEASIBLE,INFEASIBLE,INFEASIBLE,INFEASIBLE,INFEASIBLE,INFEASIBLE,INFEASIBLE,INFEASIBLE,INFEASIBLE,no_trials_in_band
gradual_bias,score_only,fused_sp,INFEASIBLE,0.5,budget_only,count,INFEASIBLE,INFEASIBLE,INFEASIBLE,INFEASIBLE,INFEASIBLE,INFEASIBLE,INFEASIBLE,INFEASIBLE,INFEASIBLE,INFEASIBLE,INFEASIBLE,INFEASIBLE,INFEASIBLE,INFEASIBLE,INFEASIBLE,INFEASIBLE,INFEASIBLE,INFEASIBLE,INFEASIBLE,INFEASIBLE,INFEASIBLE,INFEASIBLE,INFEASIBLE,,INFEASIBLE,INFEASIBLE,INFEASIBLE,INFEASIBLE,INFEASIBLE,INFEASIBLE,INFEASIBLE,INFEASIBLE,INFEASIBLE,INFEASIBLE,INFEASIBLE,INFEASIBLE,INFEASIBLE,INFEASIBLE,INFEASIBLE,INFEASIBLE,INFEASIBLE,INFEASIBLE,INFEASIBLE,INFEASIBLE,INFEASIBLE,INFEASIBLE,INFEASIBLE,INFEASIBLE,INFEASIBLE,no_trials_in_band
gradual_bias,score_only,fused_sp,INFEASIBLE,0.75,budget_only,count,INFEASIBLE,INFEASIBLE,INFEASIBLE,INFEASIBLE,INFEASIBLE,INFEASIBLE,INFEASIBLE,INFEASIBLE,INFEASIBLE,INFEASIBLE,INFEASIBLE,INFEASIBLE,INFEASIBLE,INFEASIBLE,INFEASIBLE,INFEASIBLE,INFEASIBLE,INFEASIBLE,INFEASIBLE,INFEASIBLE,INFEASIBLE,INFEASIBLE,INFEASIBLE,,INFEASIBLE,INFEASIBLE,INFEASIBLE,INFEASIBLE,INFEASIBLE,INFEASIBLE,INFEASIBLE,INFEASIBLE,INFEASIBLE,INFEASIBLE,INFEASIBLE,INFEASIBLE,INFEASIBLE,INFEASIBLE,INFEASIBLE,INFEASIBLE,INFEASIBLE,INFEASIBLE,INFEASIBLE,INFEASIBLE,INFEASIBLE,INFEASIBLE,INFEASIBLE,INFEASIBLE,INFEASIBLE,no_trials_in_band
gradual_bias,score_only,fused_sp,INFEASIBLE,1.0,budget_only,count,INFEASIBLE,INFEASIBLE,INFEASIBLE,INFEASIBLE,INFEASIBLE,INFEASIBLE,INFEASIBLE,INFEASIBLE,INFEASIBLE,INFEASIBLE,INFEASIBLE,INFEASIBLE,INFEASIBLE,INFEASIBLE,INFEASIBLE,INFEASIBLE,INFEASIBLE,INFEASIBLE,INFEASIBLE,INFEASIBLE,INFEASIBLE,INFEASIBLE,INFEASIBLE,,INFEASIBLE,INFEASIBLE,INFEASIBLE,INFEASIBLE,INFEASIBLE,INFEASIBLE,INFEASIBLE,INFEASIBLE,INFEASIBLE,INFEASIBLE,INFEASIBLE,INFEASIBLE,INFEASIBLE,INFEASIBLE,INFEASIBLE,INFEASIBLE,INFEASIBLE,INFEASIBLE,INFEASIBLE,INFEASIBLE,INFEASIBLE,INFEASIBLE,INFEASIBLE,INFEASIBLE,INFEASIBLE,no_trials_in_band
gradual_bias,score_only,fused_sp_lrt_delta,1.0,0.25,budget_only,count,0.1,0.15,0.1,30,30,30,30,1.0,1.0,1.0,1.0203309692671394,0.019621749408983456,5.533333333333333,0.43333333333333335,0.4666666666666667,-0.033333333333333326,0.43333333333333335,0.06666666666666667,0.43333333333333335,0.06666666666666667,0.0,0.06666666666666667,0.06666666666666667,4.0,26.0,26.0,26.0,26.0,26.0,26.0,26.0,26.0,26.0,26.0,18.0,11.0,1.0018912529550827,1.0018912529550827,0.019267139479905437,0.007517076343338334,1.4574310034461135,1.0203309692671394,0.019621749408983456,0.006410256410256411,0.01111111111111111,0.001282051282051282,0.006410256410256411,-0.01111111111111111,OK,
gradual_bias,score_only,fused_sp_lrt_delta,1.0,0.5,budget_only,count,0.1,0.15,0.1,30,30,30,30,1.0,1.0,1.0,1.0203309692671394,0.019621749408983456,5.533333333333333,0.4666666666666667,0.4666666666666667,0.0,0.4666666666666667,0.06666666666666667,0.4666666666666667,0.06666666666666667,0.0,0.06666666666666667,0.06666666666666667,4.0,26.0,26.0,26.0,26.0,26.0,26.0,26.0,26.0,26.0,26.0,18.5,11.0,1.0018912529550827,1.0018912529550827,0.019267139479905437,0.007517076343338334,0.776448616318249,1.0203309692671394,0.019621749408983456,0.007692307692307693,0.01111111111111111,0.002564102564102564,0.007692307692307693,-0.01111111111111111,OK,
gradual_bias,score_only,fused_sp_lrt_delta,1.0,0.75,budget_only,count,0.1,0.15,0.1,30,30,30,30,1.0,1.0,1.0,1.0203309692671394,0.019621749408983456,5.533333333333333,0.43333333333333335,0.4666666666666667,-0.033333333333333326,0.43333333333333335,0.06666666666666667,0.43333333333333335,0.06666666666666667,0.0,0.06666666666666667,0.06666666666666667,4.0,26.0,26.0,26.0,26.0,26.0,26.0,26.0,26.0,26.0,26.0,18.0,11.0,1.0141843971631206,1.0141843971631206,0.01950354609929078,0.007517076343338334,0.8644360138399267,1.0203309692671394,0.019621749408983456,0.006410256410256411,0.01111111111111111,0.001282051282051282,0.006410256410256411,-0.01111111111111111,OK,
gradual_bias,score_only,fused_sp_lrt_delta,1.0,1.0,budget_only,count,0.1,0.15,0.1,30,30,30,30,1.0,1.0,1.0,1.0203309692671394,0.019621749408983456,5.533333333333333,0.43333333333333335,0.4666666666666667,-0.033333333333333326,0.43333333333333335,0.06666666666666667,0.43333333333333335,0.06666666666666667,0.0,0.06666666666666667,0.06666666666666667,4.0,26.0,26.0,26.0,26.0,26.0,26.0,26.0,26.0,26.0,26.0,18.0,11.0,1.0018912529550827,1.0018912529550827,0.019267139479905437,0.007517076343338334,1.1475914441298967,1.0203309692671394,0.019621749408983456,0.006410256410256411,0.01111111111111111,0.001282051282051282,0.006410256410256411,-0.01111111111111111,OK,
gradual_bias,score_only,fused_sp_lrt_delta,INFEASIBLE,0.25,budget_only,count,INFEASIBLE,INFEASIBLE,INFEASIBLE,INFEASIBLE,INFEASIBLE,INFEASIBLE,INFEASIBLE,INFEASIBLE,INFEASIBLE,INFEASIBLE,INFEASIBLE,INFEASIBLE,INFEASIBLE,INFEASIBLE,INFEASIBLE,INFEASIBLE,INFEASIBLE,INFEASIBLE,INFEASIBLE,INFEASIBLE,INFEASIBLE,INFEASIBLE,INFEASIBLE,,INFEASIBLE,INFEASIBLE,INFEASIBLE,INFEASIBLE,INFEASIBLE,INFEASIBLE,INFEASIBLE,INFEASIBLE,INFEASIBLE,INFEASIBLE,INFEASIBLE,INFEASIBLE,INFEASIBLE,INFEASIBLE,INFEASIBLE,INFEASIBLE,INFEASIBLE,INFEASIBLE,INFEASIBLE,INFEASIBLE,INFEASIBLE,INFEASIBLE,INFEASIBLE,INFEASIBLE,INFEASIBLE,no_trials_in_band
gradual_bias,score_only,fused_sp_lrt_delta,INFEASIBLE,0.5,budget_only,count,INFEASIBLE,INFEASIBLE,INFEASIBLE,INFEASIBLE,INFEASIBLE,INFEASIBLE,INFEASIBLE,INFEASIBLE,INFEASIBLE,INFEASIBLE,INFEASIBLE,INFEASIBLE,INFEASIBLE,INFEASIBLE,INFEASIBLE,INFEASIBLE,INFEASIBLE,INFEASIBLE,INFEASIBLE,INFEASIBLE,INFEASIBLE,INFEASIBLE,INFEASIBLE,,INFEASIBLE,INFEASIBLE,INFEASIBLE,INFEASIBLE,INFEASIBLE,INFEASIBLE,INFEASIBLE,INFEASIBLE,INFEASIBLE,INFEASIBLE,INFEASIBLE,INFEASIBLE,INFEASIBLE,INFEASIBLE,INFEASIBLE,INFEASIBLE,INFEASIBLE,INFEASIBLE,INFEASIBLE,INFEASIBLE,INFEASIBLE,INFEASIBLE,INFEASIBLE,INFEASIBLE,INFEASIBLE,no_trials_in_band
gradual_bias,score_only,fused_sp_lrt_delta,INFEASIBLE,0.75,budget_only,count,INFEASIBLE,INFEASIBLE,INFEASIBLE,INFEASIBLE,INFEASIBLE,INFEASIBLE,INFEASIBLE,INFEASIBLE,INFEASIBLE,INFEASIBLE,INFEASIBLE,INFEASIBLE,INFEASIBLE,INFEASIBLE,INFEASIBLE,INFEASIBLE,INFEASIBLE,INFEASIBLE,INFEASIBLE,INFEASIBLE,INFEASIBLE,INFEASIBLE,INFEASIBLE,,INFEASIBLE,INFEASIBLE,INFEASIBLE,INFEASIBLE,INFEASIBLE,INFEASIBLE,INFEASIBLE,INFEASIBLE,INFEASIBLE,INFEASIBLE,INFEASIBLE,INFEASIBLE,INFEASIBLE,INFEASIBLE,INFEASIBLE,INFEASIBLE,INFEASIBLE,INFEASIBLE,INFEASIBLE,INFEASIBLE,INFEASIBLE,INFEASIBLE,INFEASIBLE,INFEASIBLE,INFEASIBLE,no_trials_in_band
gradual_bias,score_only,fused_sp_lrt_delta,INFEASIBLE,1.0,budget_only,count,INFEASIBLE,INFEASIBLE,INFEASIBLE,INFEASIBLE,INFEASIBLE,INFEASIBLE,INFEASIBLE,INFEASIBLE,INFEASIBLE,INFEASIBLE,INFEASIBLE,INFEASIBLE,INFEASIBLE,INFEASIBLE,INFEASIBLE,INFEASIBLE,INFEASIBLE,INFEASIBLE,INFEASIBLE,INFEASIBLE,INFEASIBLE,INFEASIBLE,INFEASIBLE,,INFEASIBLE,INFEASIBLE,INFEASIBLE,INFEASIBLE,INFEASIBLE,INFEASIBLE,INFEASIBLE,INFEASIBLE,INFEASIBLE,INFEASIBLE,INFEASIBLE,INFEASIBLE,INFEASIBLE,INFEASIBLE,INFEASIBLE,INFEASIBLE,INFEASIBLE,INFEASIBLE,INFEASIBLE,INFEASIBLE,INFEASIBLE,INFEASIBLE,INFEASIBLE,INFEASIBLE,INFEASIBLE,no_trials_in_band
gradual_bias,score_only,max_abs,1.0,0.25,budget_only,count,0.1,0.15,0.1,30,30,30,30,1.0,1.0,1.0,1.0141843971631204,0.03333333333333334,5.5,0.7,0.5333333333333333,0.16666666666666663,0.7333333333333333,0.3,0.7333333333333333,0.3,0.03333333333333333,0.23333333333333334,0.23333333333333334,4.0,12.0,24.5,12.0,26.0,24.5,26.0,11.5,26.0,12.0,26.0,6.0,5.5,1.7333333333333336,1.0141843971631204,0.03333333333333334,0.04666437208391654,-0.09999956247378683,1.0141843971631204,0.03333333333333334,0.03974358974358974,0.0,0.03461538461538462,0.03461538461538462,0.0,OK,
gradual_bias,score_only,max_abs,1.0,0.5,budget_only,count,0.1,0.15,0.1,30,30,30,30,1.0,1.0,1.0,1.0141843971631204,0.03333333333333334,5.5,0.7,0.5333333333333333,0.16666666666666663,0.7333333333333333,0.3,0.7333333333333333,0.3,0.03333333333333333,0.23333333333333334,0.23333333333333334,4.0,12.0,24.5,12.0,26.0,24.5,26.0,11.5,26.0,12.0,26.0,6.0,5.5,1.7333333333333336,1.0141843971631204,0.03333333333333334,0.04666437208391654,-0.09999914586737216,1.0141843971631204,0.03333333333333334,0.03974358974358974,0.0,0.03461538461538462,0.03461538461538462,0.0,OK,
gradual_bias,score_only,max_abs,1.0,0.75,budget_only,count,0.1,0.15,0.1,30,30,30,30,1.0,1.0,1.0,1.0141843971631204,0.03333333333333334,5.5,0.7,0.5333333333333333,0.16666666666666663,0.7333333333333333,0.3,0.7333333333333333,0.3,0.03333333333333333,0.23333333333333334,0.23333333333333334,4.0,12.0,24.5,12.0,26.0,24.5,26.0,11.5,26.0,12.0,26.0,6.0,5.5,1.7333333333333336,1.0141843971631204,0.03333333333333334,0.04666437208391654,-0.09999870003364594,1.0141843971631204,0.03333333333333334,0.03974358974358974,0.0,0.03461538461538462,0.03461538461538462,0.0,OK,
gradual_bias,score_only,max_abs,1.0,1.0,budget_only,count,0.1,0.15,0.1,30,30,30,30,1.0,1.0,1.0,1.0141843971631204,0.03333333333333334,5.5,0.7,0.5333333333333333,0.16666666666666663,0.7333333333333333,0.3,0.7333333333333333,0.3,0.03333333333333333,0.23333333333333334,0.23333333333333334,4.0,12.0,24.5,12.0,26.0,24.5,26.0,11.5,26.0,12.0,26.0,6.0,5.5,1.7333333333333336,1.0141843971631204,0.03333333333333334,0.04666437208391654,-0.09999824085886552,1.0141843971631204,0.03333333333333334,0.03974358974358974,0.0,0.03461538461538462,0.03461538461538462,0.0,OK,
gradual_bias,score_only,max_abs,INFEASIBLE,0.25,budget_only,count,INFEASIBLE,INFEASIBLE,INFEASIBLE,INFEASIBLE,INFEASIBLE,INFEASIBLE,INFEASIBLE,INFEASIBLE,INFEASIBLE,INFEASIBLE,INFEASIBLE,INFEASIBLE,INFEASIBLE,INFEASIBLE,INFEASIBLE,INFEASIBLE,INFEASIBLE,INFEASIBLE,INFEASIBLE,INFEASIBLE,INFEASIBLE,INFEASIBLE,INFEASIBLE,,INFEASIBLE,INFEASIBLE,INFEASIBLE,INFEASIBLE,INFEASIBLE,INFEASIBLE,INFEASIBLE,INFEASIBLE,INFEASIBLE,INFEASIBLE,INFEASIBLE,INFEASIBLE,INFEASIBLE,INFEASIBLE,INFEASIBLE,INFEASIBLE,INFEASIBLE,INFEASIBLE,INFEASIBLE,INFEASIBLE,INFEASIBLE,INFEASIBLE,INFEASIBLE,INFEASIBLE,INFEASIBLE,no_trials_in_band
gradual_bias,score_only,max_abs,INFEASIBLE,0.5,budget_only,count,INFEASIBLE,INFEASIBLE,INFEASIBLE,INFEASIBLE,INFEASIBLE,INFEASIBLE,INFEASIBLE,INFEASIBLE,INFEASIBLE,INFEASIBLE,INFEASIBLE,INFEASIBLE,INFEASIBLE,INFEASIBLE,INFEASIBLE,INFEASIBLE,INFEASIBLE,INFEASIBLE,INFEASIBLE,INFEASIBLE,INFEASIBLE,INFEASIBLE,INFEASIBLE,,INFEASIBLE,INFEASIBLE,INFEASIBLE,INFEASIBLE,INFEASIBLE,INFEASIBLE,INFEASIBLE,INFEASIBLE,INFEASIBLE,INFEASIBLE,INFEASIBLE,INFEASIBLE,INFEASIBLE,INFEASIBLE,INFEASIBLE,INFEASIBLE,INFEASIBLE,INFEASIBLE,INFEASIBLE,INFEASIBLE,INFEASIBLE,INFEASIBLE,INFEASIBLE,INFEASIBLE,INFEASIBLE,no_trials_in_band
gradual_bias,score_only,max_abs,INFEASIBLE,0.75,budget_only,count,INFEASIBLE,INFEASIBLE,INFEASIBLE,INFEASIBLE,INFEASIBLE,INFEASIBLE,INFEASIBLE,INFEASIBLE,INFEASIBLE,INFEASIBLE,INFEASIBLE,INFEASIBLE,INFEASIBLE,INFEASIBLE,INFEASIBLE,INFEASIBLE,INFEASIBLE,INFEASIBLE,INFEASIBLE,INFEASIBLE,INFEASIBLE,INFEASIBLE,INFEASIBLE,,INFEASIBLE,INFEASIBLE,INFEASIBLE,INFEASIBLE,INFEASIBLE,INFEASIBLE,INFEASIBLE,INFEASIBLE,INFEASIBLE,INFEASIBLE,INFEASIBLE,INFEASIBLE,INFEASIBLE,INFEASIBLE,INFEASIBLE,INFEASIBLE,INFEASIBLE,INFEASIBLE,INFEASIBLE,INFEASIBLE,INFEASIBLE,INFEASIBLE,INFEASIBLE,INFEASIBLE,INFEASIBLE,no_trials_in_band
gradual_bias,score_only,max_abs,INFEASIBLE,1.0,budget_only,count,INFEASIBLE,INFEASIBLE,INFEASIBLE,INFEASIBLE,INFEASIBLE,INFEASIBLE,INFEASIBLE,INFEASIBLE,INFEASIBLE,INFEASIBLE,INFEASIBLE,INFEASIBLE,INFEASIBLE,INFEASIBLE,INFEASIBLE,INFEASIBLE,INFEASIBLE,INFEASIBLE,INFEASIBLE,INFEASIBLE,INFEASIBLE,INFEASIBLE,INFEASIBLE,,INFEASIBLE,INFEASIBLE,INFEASIBLE,INFEASIBLE,INFEASIBLE,INFEASIBLE,INFEASIBLE,INFEASIBLE,INFEASIBLE,INFEASIBLE,INFEASIBLE,INFEASIBLE,INFEASIBLE,INFEASIBLE,INFEASIBLE,INFEASIBLE,INFEASIBLE,INFEASIBLE,INFEASIBLE,INFEASIBLE,INFEASIBLE,INFEASIBLE,INFEASIBLE,INFEASIBLE,INFEASIBLE,no_trials_in_band
gradual_bias,score_only,pc_t2,1.0,0.25,budget_only,count,0.1,0.15,0.1,30,22,22,22,0.7333333333333333,0.7333333333333333,0.7333333333333333,0.7375886524822696,0.01418439716312057,4.0,0.0,0.0,0.0,0.0,0.0,0.0,0.0,0.0,0.0,0.0,4.0,26.0,26.0,26.0,26.0,26.0,26.0,26.0,26.0,26.0,26.0,NA,NA,0.7375886524822696,0.7375886524822696,0.01418439716312057,0.0034530692490419056,-0.021015379548088502,0.7375886524822696,0.01418439716312057,0.0,0.0,0.0,0.0,0.0,OK,
gradual_bias,score_only,pc_t2,1.0,0.5,budget_only,count,0.1,0.15,0.1,30,22,22,22,0.7333333333333333,0.7333333333333333,0.7333333333333333,0.7375886524822696,0.01418439716312057,4.0,0.0,0.0,0.0,0.0,0.0,0.0,0.0,0.0,0.0,0.0,4.0,26.0,26.0,26.0,26.0,26.0,26.0,26.0,26.0,26.0,26.0,NA,NA,0.7375886524822696,0.7375886524822696,0.01418439716312057,0.0034530692490419056,-0.02101627813513658,0.7375886524822696,0.01418439716312057,0.0,0.0,0.0,0.0,0.0,OK,
gradual_bias,score_only,pc_t2,1.0,0.75,budget_only,count,0.1,0.15,0.1,30,22,22,22,0.7333333333333333,0.7333333333333333,0.7333333333333333,0.7375886524822696,0.01418439716312057,4.0,0.0,0.0,0.0,0.0,0.0,0.0,0.0,0.0,0.0,0.0,4.0,26.0,26.0,26.0,26.0,26.0,26.0,26.0,26.0,26.0,26.0,NA,NA,0.7375886524822696,0.7375886524822696,0.01418439716312057,0.0034530692490419056,-0.02101717669072693,0.7375886524822696,0.01418439716312057,0.0,0.0,0.0,0.0,0.0,OK,
gradual_bias,score_only,pc_t2,1.0,1.0,budget_only,count,0.1,0.15,0.1,30,22,22,22,0.7333333333333333,0.7333333333333333,0.7333333333333333,0.7375886524822696,0.01418439716312057,4.0,0.0,0.0,0.0,0.0,0.0,0.0,0.0,0.0,0.0,0.0,4.0,26.0,26.0,26.0,26.0,26.0,26.0,26.0,26.0,26.0,26.0,NA,NA,0.7375886524822696,0.7375886524822696,0.01418439716312057,0.0034530692490419056,-0.021018075214859634,0.7375886524822696,0.01418439716312057,0.0,0.0,0.0,0.0,0.0,OK,
gradual_bias,score_only,pc_t2,INFEASIBLE,0.25,budget_only,count,INFEASIBLE,INFEASIBLE,INFEASIBLE,INFEASIBLE,INFEASIBLE,INFEASIBLE,INFEASIBLE,INFEASIBLE,INFEASIBLE,INFEASIBLE,INFEASIBLE,INFEASIBLE,INFEASIBLE,INFEASIBLE,INFEASIBLE,INFEASIBLE,INFEASIBLE,INFEASIBLE,INFEASIBLE,INFEASIBLE,INFEASIBLE,INFEASIBLE,INFEASIBLE,,INFEASIBLE,INFEASIBLE,INFEASIBLE,INFEASIBLE,INFEASIBLE,INFEASIBLE,INFEASIBLE,INFEASIBLE,INFEASIBLE,INFEASIBLE,INFEASIBLE,INFEASIBLE,INFEASIBLE,INFEASIBLE,INFEASIBLE,INFEASIBLE,INFEASIBLE,INFEASIBLE,INFEASIBLE,INFEASIBLE,INFEASIBLE,INFEASIBLE,INFEASIBLE,INFEASIBLE,INFEASIBLE,no_trials_in_band
gradual_bias,score_only,pc_t2,INFEASIBLE,0.5,budget_only,count,INFEASIBLE,INFEASIBLE,INFEASIBLE,INFEASIBLE,INFEASIBLE,INFEASIBLE,INFEASIBLE,INFEASIBLE,INFEASIBLE,INFEASIBLE,INFEASIBLE,INFEASIBLE,INFEASIBLE,INFEASIBLE,INFEASIBLE,INFEASIBLE,INFEASIBLE,INFEASIBLE,INFEASIBLE,INFEASIBLE,INFEASIBLE,INFEASIBLE,INFEASIBLE,,INFEASIBLE,INFEASIBLE,INFEASIBLE,INFEASIBLE,INFEASIBLE,INFEASIBLE,INFEASIBLE,INFEASIBLE,INFEASIBLE,INFEASIBLE,INFEASIBLE,INFEASIBLE,INFEASIBLE,INFEASIBLE,INFEASIBLE,INFEASIBLE,INFEASIBLE,INFEASIBLE,INFEASIBLE,INFEASIBLE,INFEASIBLE,INFEASIBLE,INFEASIBLE,INFEASIBLE,INFEASIBLE,no_trials_in_band
gradual_bias,score_only,pc_t2,INFEASIBLE,0.75,budget_only,count,INFEASIBLE,INFEASIBLE,INFEASIBLE,INFEASIBLE,INFEASIBLE,INFEASIBLE,INFEASIBLE,INFEASIBLE,INFEASIBLE,INFEASIBLE,INFEASIBLE,INFEASIBLE,INFEASIBLE,INFEASIBLE,INFEASIBLE,INFEASIBLE,INFEASIBLE,INFEASIBLE,INFEASIBLE,INFEASIBLE,INFEASIBLE,INFEASIBLE,INFEASIBLE,,INFEASIBLE,INFEASIBLE,INFEASIBLE,INFEASIBLE,INFEASIBLE,INFEASIBLE,INFEASIBLE,INFEASIBLE,INFEASIBLE,INFEASIBLE,INFEASIBLE,INFEASIBLE,INFEASIBLE,INFEASIBLE,INFEASIBLE,INFEASIBLE,INFEASIBLE,INFEASIBLE,INFEASIBLE,INFEASIBLE,INFEASIBLE,INFEASIBLE,INFEASIBLE,INFEASIBLE,INFEASIBLE,no_trials_in_band
gradual_bias,score_only,pc_t2,INFEASIBLE,1.0,budget_only,count,INFEASIBLE,INFEASIBLE,INFEASIBLE,INFEASIBLE,INFEASIBLE,INFEASIBLE,INFEASIBLE,INFEASIBLE,INFEASIBLE,INFEASIBLE,INFEASIBLE,INFEASIBLE,INFEASIBLE,INFEASIBLE,INFEASIBLE,INFEASIBLE,INFEASIBLE,INFEASIBLE,INFEASIBLE,INFEASIBLE,INFEASIBLE,INFEASIBLE,INFEASIBLE,,INFEASIBLE,INFEASIBLE,INFEASIBLE,INFEASIBLE,INFEASIBLE,INFEASIBLE,INFEASIBLE,INFEASIBLE,INFEASIBLE,INFEASIBLE,INFEASIBLE,INFEASIBLE,INFEASIBLE,INFEASIBLE,INFEASIBLE,INFEASIBLE,INFEASIBLE,INFEASIBLE,INFEASIBLE,INFEASIBLE,INFEASIBLE,INFEASIBLE,INFEASIBLE,INFEASIBLE,INFEASIBLE,no_trials_in_band
gradual_bias,score_only,res_energy,1.0,0.25,budget_only,count,0.1,0.15,0.1,30,30,30,30,1.0,1.0,1.0,0.8236406619385342,0.022222222222222223,4.466666666666667,0.4666666666666667,0.5333333333333333,-0.06666666666666665,0.4666666666666667,0.1,0.4666666666666667,0.1,0.0,0.1,0.1,4.0,26.0,23.0,26.0,26.0,23.0,26.0,26.0,26.0,26.0,26.0,10.0,10.5,1.192434988179669,0.8359338061465722,0.02293144208037825,0.0070125393775205035,0.30450756966399994,0.8236406619385342,0.022222222222222223,0.017948717948717947,0.05555555555555555,0.010256410256410256,0.015384615384615385,0.05555555555555555,OK,
gradual_bias,score_only,res_energy,1.0,0.5,budget_only,count,0.1,0.15,0.1,30,30,30,30,1.0,1.0,1.0,0.8236406619385342,0.022222222222222223,4.466666666666667,0.5666666666666667,0.5333333333333333,0.033333333333333326,0.5666666666666667,0.1,0.5666666666666667,0.1,0.0,0.1,0.1,4.0,21.5,23.0,21.5,26.0,23.0,26.0,21.5,26.0,21.5,26.0,16.0,10.5,1.1432624113475174,0.8174940898345153,0.02198581560283688,0.0070125393775205035,0.3420877503315075,0.8236406619385342,0.022222222222222223,0.019230769230769232,0.05555555555555555,0.006410256410256411,0.011538461538461537,0.05555555555555555,OK,
gradual_bias,score_only,res_energy,1.0,0.75,budget_only,count,0.1,0.15,0.1,30,30,30,30,1.0,1.0,1.0,0.8236406619385342,0.022222222222222223,4.466666666666667,0.5333333333333333,0.5333333333333333,0.0,0.5333333333333333,0.1,0.5333333333333333,0.1,0.0,0.1,0.1,4.0,25.0,23.0,25.0,26.0,23.0,26.0,25.0,26.0,25.0,26.0,13.5,10.5,1.2108747044917254,0.8359338061465721,0.023286052009456264,0.0070125393775205035,0.42678949017927365,0.8236406619385342,0.022222222222222223,0.017948717948717947,0.11111111111111112,0.005128205128205128,0.017948717948717947,0.11111111111111112,OK,
gradual_bias,score_only,res_energy,1.0,1.0,budget_only,count,0.1,0.15,0.1,30,30,30,30,1.0,1.0,1.0,0.8236406619385342,0.022222222222222223,4.466666666666667,0.6666666666666666,0.5333333333333333,0.1333333333333333,0.6666666666666666,0.1,0.6666666666666666,0.1,0.0,0.1,0.1,4.0,22.5,23.0,22.5,26.0,23.0,26.0,22.5,26.0,22.5,26.0,16.0,10.5,1.2170212765957444,0.8359338061465721,0.02340425531914894,0.0070125393775205035,0.5246659582024576,0.8236406619385342,0.022222222222222223,0.02564102564102564,0.11111111111111112,0.010256410256410256,0.02051282051282051,0.11111111111111112,OK,
gradual_bias,score_only,res_energy,INFEASIBLE,0.25,budget_only,count,INFEASIBLE,INFEASIBLE,INFEASIBLE,INFEASIBLE,INFEASIBLE,INFEASIBLE,INFEASIBLE,INFEASIBLE,INFEASIBLE,INFEASIBLE,INFEASIBLE,INFEASIBLE,INFEASIBLE,INFEASIBLE,INFEASIBLE,INFEASIBLE,INFEASIBLE,INFEASIBLE,INFEASIBLE,INFEASIBLE,INFEASIBLE,INFEASIBLE,INFEASIBLE,,INFEASIBLE,INFEASIBLE,INFEASIBLE,INFEASIBLE,INFEASIBLE,INFEASIBLE,INFEASIBLE,INFEASIBLE,INFEASIBLE,INFEASIBLE,INFEASIBLE,INFEASIBLE,INFEASIBLE,INFEASIBLE,INFEASIBLE,INFEASIBLE,INFEASIBLE,INFEASIBLE,INFEASIBLE,INFEASIBLE,INFEASIBLE,INFEASIBLE,INFEASIBLE,INFEASIBLE,INFEASIBLE,no_trials_in_band
gradual_bias,score_only,res_energy,INFEASIBLE,0.5,budget_only,count,INFEASIBLE,INFEASIBLE,INFEASIBLE,INFEASIBLE,INFEASIBLE,INFEASIBLE,INFEASIBLE,INFEASIBLE,INFEASIBLE,INFEASIBLE,INFEASIBLE,INFEASIBLE,INFEASIBLE,INFEASIBLE,INFEASIBLE,INFEASIBLE,INFEASIBLE,INFEASIBLE,INFEASIBLE,INFEASIBLE,INFEASIBLE,INFEASIBLE,INFEASIBLE,,INFEASIBLE,INFEASIBLE,INFEASIBLE,INFEASIBLE,INFEASIBLE,INFEASIBLE,INFEASIBLE,INFEASIBLE,INFEASIBLE,INFEASIBLE,INFEASIBLE,INFEASIBLE,INFEASIBLE,INFEASIBLE,INFEASIBLE,INFEASIBLE,INFEASIBLE,INFEASIBLE,INFEASIBLE,INFEASIBLE,INFEASIBLE,INFEASIBLE,INFEASIBLE,INFEASIBLE,INFEASIBLE,no_trials_in_band
gradual_bias,score_only,res_energy,INFEASIBLE,0.75,budget_only,count,INFEASIBLE,INFEASIBLE,INFEASIBLE,INFEASIBLE,INFEASIBLE,INFEASIBLE,INFEASIBLE,INFEASIBLE,INFEASIBLE,INFEASIBLE,INFEASIBLE,INFEASIBLE,INFEASIBLE,INFEASIBLE,INFEASIBLE,INFEASIBLE,INFEASIBLE,INFEASIBLE,INFEASIBLE,INFEASIBLE,INFEASIBLE,INFEASIBLE,INFEASIBLE,,INFEASIBLE,INFEASIBLE,INFEASIBLE,INFEASIBLE,INFEASIBLE,INFEASIBLE,INFEASIBLE,INFEASIBLE,INFEASIBLE,INFEASIBLE,INFEASIBLE,INFEASIBLE,INFEASIBLE,INFEASIBLE,INFEASIBLE,INFEASIBLE,INFEASIBLE,INFEASIBLE,INFEASIBLE,INFEASIBLE,INFEASIBLE,INFEASIBLE,INFEASIBLE,INFEASIBLE,INFEASIBLE,no_trials_in_band
gradual_bias,score_only,res_energy,INFEASIBLE,1.0,budget_only,count,INFEASIBLE,INFEASIBLE,INFEASIBLE,INFEASIBLE,INFEASIBLE,INFEASIBLE,INFEASIBLE,INFEASIBLE,INFEASIBLE,INFEASIBLE,INFEASIBLE,INFEASIBLE,INFEASIBLE,INFEASIBLE,INFEASIBLE,INFEASIBLE,INFEASIBLE,INFEASIBLE,INFEASIBLE,INFEASIBLE,INFEASIBLE,INFEASIBLE,INFEASIBLE,,INFEASIBLE,INFEASIBLE,INFEASIBLE,INFEASIBLE,INFEASIBLE,INFEASIBLE,INFEASIBLE,INFEASIBLE,INFEASIBLE,INFEASIBLE,INFEASIBLE,INFEASIBLE,INFEASIBLE,INFEASIBLE,INFEASIBLE,INFEASIBLE,INFEASIBLE,INFEASIBLE,INFEASIBLE,INFEASIBLE,INFEASIBLE,INFEASIBLE,INFEASIBLE,INFEASIBLE,INFEASIBLE,no_trials_in_band
gradual_bias,score_only,stale,1.0,0.25,budget_only,count,0.1,0.15,0.1,30,1,0,1,0.03333333333333333,0.0,0.03333333333333333,1.1063829787234043,0.5035460992907801,6.0,0.0,0.0,0.0,1.0,1.0,1.0,1.0,1.0,0.0,0.0,4.0,26.0,26.0,26.0,26.0,26.0,26.0,0.0,0.0,26.0,26.0,NA,NA,21.02127659574468,0.9219858156028369,0.40425531914893614,1e-06,0.24199288256227758,1.1063829787234043,0.5035460992907801,0.0,0.0,0.0,0.0,0.0,OK,
gradual_bias,score_only,stale,1.0,0.5,budget_only,count,0.1,0.15,0.1,30,1,0,1,0.03333333333333333,0.0,0.03333333333333333,1.1063829787234043,0.5035460992907801,6.0,0.0,0.0,0.0,1.0,1.0,1.0,1.0,1.0,0.0,0.0,4.0,26.0,26.0,26.0,26.0,26.0,26.0,0.0,0.0,26.0,26.0,NA,NA,21.02127659574468,0.9219858156028369,0.40425531914893614,1e-06,0.24199288256227758,1.1063829787234043,0.5035460992907801,0.0,0.0,0.0,0.0,0.0,OK,
gradual_bias,score_only,stale,1.0,0.75,budget_only,count,0.1,0.15,0.1,30,1,0,1,0.03333333333333333,0.0,0.03333333333333333,1.1063829787234043,0.5035460992907801,6.0,0.0,0.0,0.0,1.0,1.0,1.0,1.0,1.0,0.0,0.0,4.0,26.0,26.0,26.0,26.0,26.0,26.0,0.0,0.0,26.0,26.0,NA,NA,21.02127659574468,0.9219858156028369,0.40425531914893614,1e-06,0.24199288256227758,1.1063829787234043,0.5035460992907801,0.0,0.0,0.0,0.0,0.0,OK,
gradual_bias,score_only,stale,1.0,1.0,budget_only,count,0.1,0.15,0.1,30,1,0,1,0.03333333333333333,0.0,0.03333333333333333,1.1063829787234043,0.5035460992907801,6.0,0.0,0.0,0.0,1.0,1.0,1.0,1.0,1.0,0.0,0.0,4.0,26.0,26.0,26.0,26.0,26.0,26.0,0.0,0.0,26.0,26.0,NA,NA,21.02127659574468,0.9219858156028369,0.40425531914893614,1e-06,0.24199288256227758,1.1063829787234043,0.5035460992907801,0.0,0.0,0.0,0.0,0.0,OK,
gradual_bias,score_only,stale,INFEASIBLE,0.25,budget_only,count,INFEASIBLE,INFEASIBLE,INFEASIBLE,INFEASIBLE,INFEASIBLE,INFEASIBLE,INFEASIBLE,INFEASIBLE,INFEASIBLE,INFEASIBLE,INFEASIBLE,INFEASIBLE,INFEASIBLE,INFEASIBLE,INFEASIBLE,INFEASIBLE,INFEASIBLE,INFEASIBLE,INFEASIBLE,INFEASIBLE,INFEASIBLE,INFEASIBLE,INFEASIBLE,,INFEASIBLE,INFEASIBLE,INFEASIBLE,INFEASIBLE,INFEASIBLE,INFEASIBLE,INFEASIBLE,INFEASIBLE,INFEASIBLE,INFEASIBLE,INFEASIBLE,INFEASIBLE,INFEASIBLE,INFEASIBLE,INFEASIBLE,INFEASIBLE,INFEASIBLE,INFEASIBLE,INFEASIBLE,INFEASIBLE,INFEASIBLE,INFEASIBLE,INFEASIBLE,INFEASIBLE,INFEASIBLE,no_trials_in_band
gradual_bias,score_only,stale,INFEASIBLE,0.5,budget_only,count,INFEASIBLE,INFEASIBLE,INFEASIBLE,INFEASIBLE,INFEASIBLE,INFEASIBLE,INFEASIBLE,INFEASIBLE,INFEASIBLE,INFEASIBLE,INFEASIBLE,INFEASIBLE,INFEASIBLE,INFEASIBLE,INFEASIBLE,INFEASIBLE,INFEASIBLE,INFEASIBLE,INFEASIBLE,INFEASIBLE,INFEASIBLE,INFEASIBLE,INFEASIBLE,,INFEASIBLE,INFEASIBLE,INFEASIBLE,INFEASIBLE,INFEASIBLE,INFEASIBLE,INFEASIBLE,INFEASIBLE,INFEASIBLE,INFEASIBLE,INFEASIBLE,INFEASIBLE,INFEASIBLE,INFEASIBLE,INFEASIBLE,INFEASIBLE,INFEASIBLE,INFEASIBLE,INFEASIBLE,INFEASIBLE,INFEASIBLE,INFEASIBLE,INFEASIBLE,INFEASIBLE,INFEASIBLE,no_trials_in_band
gradual_bias,score_only,stale,INFEASIBLE,0.75,budget_only,count,INFEASIBLE,INFEASIBLE,INFEASIBLE,INFEASIBLE,INFEASIBLE,INFEASIBLE,INFEASIBLE,INFEASIBLE,INFEASIBLE,INFEASIBLE,INFEASIBLE,INFEASIBLE,INFEASIBLE,INFEASIBLE,INFEASIBLE,INFEASIBLE,INFEASIBLE,INFEASIBLE,INFEASIBLE,INFEASIBLE,INFEASIBLE,INFEASIBLE,INFEASIBLE,,INFEASIBLE,INFEASIBLE,INFEASIBLE,INFEASIBLE,INFEASIBLE,INFEASIBLE,INFEASIBLE,INFEASIBLE,INFEASIBLE,INFEASIBLE,INFEASIBLE,INFEASIBLE,INFEASIBLE,INFEASIBLE,INFEASIBLE,INFEASIBLE,INFEASIBLE,INFEASIBLE,INFEASIBLE,INFEASIBLE,INFEASIBLE,INFEASIBLE,INFEASIBLE,INFEASIBLE,INFEASIBLE,no_trials_in_band
gradual_bias,score_only,stale,INFEASIBLE,1.0,budget_only,count,INFEASIBLE,INFEASIBLE,INFEASIBLE,INFEASIBLE,INFEASIBLE,INFEASIBLE,INFEASIBLE,INFEASIBLE,INFEASIBLE,INFEASIBLE,INFEASIBLE,INFEASIBLE,INFEASIBLE,INFEASIBLE,INFEASIBLE,INFEASIBLE,INFEASIBLE,INFEASIBLE,INFEASIBLE,INFEASIBLE,INFEASIBLE,INFEASIBLE,INFEASIBLE,,INFEASIBLE,INFEASIBLE,INFEASIBLE,INFEASIBLE,INFEASIBLE,INFEASIBLE,INFEASIBLE,INFEASIBLE,INFEASIBLE,INFEASIBLE,INFEASIBLE,INFEASIBLE,INFEASIBLE,INFEASIBLE,INFEASIBLE,INFEASIBLE,INFEASIBLE,INFEASIBLE,INFEASIBLE,INFEASIBLE,INFEASIBLE,INFEASIBLE,INFEASIBLE,INFEASIBLE,INFEASIBLE,no_trials_in_band
