incident_regime_id,panel,detector,kind,attack_strength,budget,n_trials,contract_pass_full_rate,event_timely_sla_rate,budget_overshoot_rate,tiw_overshoot_rate,regime_start,regime_end
0,all_only,T2,corr_mix,0.15,1.0,16,0.8125,0.8125,0.0,0.0,2020-01-01,2022-12-01
0,all_only,T2,corr_mix,0.25,1.0,16,0.8125,0.8125,0.0,0.0,2020-01-01,2022-12-01
0,all_only,T2,corr_mix,0.35,1.0,16,0.8125,0.8125,0.0,0.0,2020-01-01,2022-12-01
0,all_only,T2,corr_mix,0.5,1.0,16,0.8125,0.8125,0.0,0.0,2020-01-01,2022-12-01
0,all_only,T2,freeze,0.25,1.0,16,0.8125,0.8125,0.0,0.0,2020-01-01,2022-12-01
0,all_only,T2,freeze,0.5,1.0,16,0.8125,0.8125,0.0,0.0,2020-01-01,2022-12-01
0,all_only,T2,freeze,0.75,1.0,16,0.8125,0.8125,0.0,0.0,2020-01-01,2022-12-01
0,all_only,T2,freeze,1.0,1.0,16,0.8125,0.8125,0.0,0.0,2020-01-01,2022-12-01
0,all_only,cusum_factor_cov_lrt,corr_mix,0.15,1.0,16,0.0,0.4375,0.25,1.0,2020-01-01,2022-12-01
0,all_only,cusum_factor_cov_lrt,corr_mix,0.25,1.0,16,0.0,0.4375,0.25,1.0,2020-01-01,2022-12-01
0,all_only,cusum_factor_cov_lrt,corr_mix,0.35,1.0,16,0.0,0.4375,0.25,1.0,2020-01-01,2022-12-01
0,all_only,cusum_factor_cov_lrt,corr_mix,0.5,1.0,16,0.0,0.4375,0.25,1.0,2020-01-01,2022-12-01
0,all_only,cusum_factor_cov_lrt,freeze,0.25,1.0,16,0.0,0.4375,0.25,1.0,2020-01-01,2022-12-01
0,all_only,cusum_factor_cov_lrt,freeze,0.5,1.0,16,0.0,0.4375,0.25,1.0,2020-01-01,2022-12-01
0,all_only,cusum_factor_cov_lrt,freeze,0.75,1.0,16,0.0,0.4375,0.25,1.0,2020-01-01,2022-12-01
0,all_only,cusum_factor_cov_lrt,freeze,1.0,1.0,16,0.0,0.4375,0.25,1.0,2020-01-01,2022-12-01
0,all_only,ewma_factor_cov_lrt,corr_mix,0.15,1.0,16,0.0,0.0,0.0,0.0,2020-01-01,2022-12-01
0,all_only,ewma_factor_cov_lrt,corr_mix,0.25,1.0,16,0.0,0.0,0.0,0.0,2020-01-01,2022-12-01
0,all_only,ewma_factor_cov_lrt,corr_mix,0.35,1.0,16,0.0,0.0,0.0,0.0,2020-01-01,2022-12-01
0,all_only,ewma_factor_cov_lrt,corr_mix,0.5,1.0,16,0.0,0.0,0.0,0.0,2020-01-01,2022-12-01
0,all_only,ewma_factor_cov_lrt,freeze,0.25,1.0,16,0.0,0.0,0.0,0.0,2020-01-01,2022-12-01
0,all_only,ewma_factor_cov_lrt,freeze,0.5,1.0,16,0.0,0.0,0.0,0.0,2020-01-01,2022-12-01
0,all_only,ewma_factor_cov_lrt,freeze,0.75,1.0,16,0.0,0.0,0.0,0.0,2020-01-01,2022-12-01
0,all_only,ewma_factor_cov_lrt,freeze,1.0,1.0,16,0.0,0.0,0.0,0.0,2020-01-01,2022-12-01
0,all_only,factor_cov_change,corr_mix,0.15,1.0,16,0.5625,0.75,0.0,0.1875,2020-01-01,2022-12-01
0,all_only,factor_cov_change,corr_mix,0.25,1.0,16,0.5625,0.75,0.0,0.1875,2020-01-01,2022-12-01
0,all_only,factor_cov_change,corr_mix,0.35,1.0,16,0.5625,0.75,0.0,0.1875,2020-01-01,2022-12-01
0,all_only,factor_cov_change,corr_mix,0.5,1.0,16,0.5625,0.75,0.0,0.1875,2020-01-01,2022-12-01
0,all_only,factor_cov_change,freeze,0.25,1.0,16,0.5625,0.75,0.0,0.1875,2020-01-01,2022-12-01
0,all_only,factor_cov_change,freeze,0.5,1.0,16,0.5625,0.75,0.0,0.1875,2020-01-01,2022-12-01
0,all_only,factor_cov_change,freeze,0.75,1.0,16,0.5625,0.75,0.0,0.1875,2020-01-01,2022-12-01
0,all_only,factor_cov_change,freeze,1.0,1.0,16,0.5625,0.75,0.0,0.1875,2020-01-01,2022-12-01
0,all_only,factor_cov_delta,corr_mix,0.15,1.0,16,0.5,0.75,0.0,0.25,2020-01-01,2022-12-01
0,all_only,factor_cov_delta,corr_mix,0.25,1.0,16,0.5,0.75,0.0,0.25,2020-01-01,2022-12-01
0,all_only,factor_cov_delta,corr_mix,0.35,1.0,16,0.5,0.75,0.0,0.25,2020-01-01,2022-12-01
0,all_only,factor_cov_delta,corr_mix,0.5,1.0,16,0.5,0.75,0.0,0.25,2020-01-01,2022-12-01
0,all_only,factor_cov_delta,freeze,0.25,1.0,16,0.5,0.75,0.0,0.25,2020-01-01,2022-12-01
0,all_only,factor_cov_delta,freeze,0.5,1.0,16,0.5,0.75,0.0,0.25,2020-01-01,2022-12-01
0,all_only,factor_cov_delta,freeze,0.75,1.0,16,0.5,0.75,0.0,0.25,2020-01-01,2022-12-01
0,all_only,factor_cov_delta,freeze,1.0,1.0,16,0.5,0.75,0.0,0.25,2020-01-01,2022-12-01
0,all_only,factor_cov_lrt,corr_mix,0.15,1.0,16,0.0,0.0,0.0,0.0,2020-01-01,2022-12-01
0,all_only,factor_cov_lrt,corr_mix,0.25,1.0,16,0.0,0.0,0.0,0.0,2020-01-01,2022-12-01
0,all_only,factor_cov_lrt,corr_mix,0.35,1.0,16,0.0,0.0,0.0,0.0,2020-01-01,2022-12-01
0,all_only,factor_cov_lrt,corr_mix,0.5,1.0,16,0.0,0.0,0.0,0.0,2020-01-01,2022-12-01
0,all_only,factor_cov_lrt,freeze,0.25,1.0,16,0.0,0.0,0.0,0.0,2020-01-01,2022-12-01
0,all_only,factor_cov_lrt,freeze,0.5,1.0,16,0.0,0.0,0.0,0.0,2020-01-01,2022-12-01
0,all_only,factor_cov_lrt,freeze,0.75,1.0,16,0.0,0.0,0.0,0.0,2020-01-01,2022-12-01
0,all_only,factor_cov_lrt,freeze,1.0,1.0,16,0.0,0.0,0.0,0.0,2020-01-01,2022-12-01
0,all_only,factor_cov_lrt_delta,corr_mix,0.15,1.0,16,0.4375,0.4375,0.0,0.0,2020-01-01,2022-12-01
0,all_only,factor_cov_lrt_delta,corr_mix,0.25,1.0,16,0.4375,0.4375,0.0,0.0,2020-01-01,2022-12-01
0,all_only,factor_cov_lrt_delta,corr_mix,0.35,1.0,16,0.4375,0.4375,0.0,0.0,2020-01-01,2022-12-01
0,all_only,factor_cov_lrt_delta,corr_mix,0.5,1.0,16,0.4375,0.4375,0.0,0.0,2020-01-01,2022-12-01
0,all_only,factor_cov_lrt_delta,freeze,0.25,1.0,16,0.4375,0.4375,0.0,0.0,2020-01-01,2022-12-01
0,all_only,factor_cov_lrt_delta,freeze,0.5,1.0,16,0.4375,0.4375,0.0,0.0,2020-01-01,2022-12-01
0,all_only,factor_cov_lrt_delta,freeze,0.75,1.0,16,0.4375,0.4375,0.0,0.0,2020-01-01,2022-12-01
0,all_only,factor_cov_lrt_delta,freeze,1.0,1.0,16,0.4375,0.4375,0.0,0.0,2020-01-01,2022-12-01
0,all_only,fused_fisher,corr_mix,0.15,1.0,16,0.5,0.625,0.0,0.25,2020-01-01,2022-12-01
0,all_only,fused_fisher,corr_mix,0.25,1.0,16,0.5,0.625,0.0,0.25,2020-01-01,2022-12-01
0,all_only,fused_fisher,corr_mix,0.35,1.0,16,0.5,0.625,0.0,0.25,2020-01-01,2022-12-01
0,all_only,fused_fisher,corr_mix,0.5,1.0,16,0.5,0.625,0.0,0.25,2020-01-01,2022-12-01
0,all_only,fused_fisher,freeze,0.25,1.0,16,0.5,0.625,0.0,0.25,2020-01-01,2022-12-01
0,all_only,fused_fisher,freeze,0.5,1.0,16,0.5,0.625,0.0,0.25,2020-01-01,2022-12-01
0,all_only,fused_fisher,freeze,0.75,1.0,16,0.5,0.625,0.0,0.25,2020-01-01,2022-12-01
0,all_only,fused_fisher,freeze,1.0,1.0,16,0.5,0.625,0.0,0.25,2020-01-01,2022-12-01
0,all_only,fused_fisher_lrt_delta,corr_mix,0.15,1.0,16,0.625,0.625,0.0,0.0,2020-01-01,2022-12-01
0,all_only,fused_fisher_lrt_delta,corr_mix,0.25,1.0,16,0.625,0.625,0.0,0.0,2020-01-01,2022-12-01
0,all_only,fused_fisher_lrt_delta,corr_mix,0.35,1.0,16,0.625,0.625,0.0,0.0,2020-01-01,2022-12-01
0,all_only,fused_fisher_lrt_delta,corr_mix,0.5,1.0,16,0.625,0.625,0.0,0.0,2020-01-01,2022-12-01
0,all_only,fused_fisher_lrt_delta,freeze,0.25,1.0,16,0.625,0.625,0.0,0.0,2020-01-01,2022-12-01
0,all_only,fused_fisher_lrt_delta,freeze,0.5,1.0,16,0.625,0.625,0.0,0.0,2020-01-01,2022-12-01
0,all_only,fused_fisher_lrt_delta,freeze,0.75,1.0,16,0.625,0.625,0.0,0.0,2020-01-01,2022-12-01
0,all_only,fused_fisher_lrt_delta,freeze,1.0,1.0,16,0.625,0.625,0.0,0.0,2020-01-01,2022-12-01
0,all_only,fused_sp,corr_mix,0.15,1.0,16,0.625,0.625,0.0,0.0,2020-01-01,2022-12-01
0,all_only,fused_sp,corr_mix,0.25,1.0,16,0.625,0.625,0.0,0.0,2020-01-01,2022-12-01
0,all_only,fused_sp,corr_mix,0.35,1.0,16,0.625,0.625,0.0,0.0,2020-01-01,2022-12-01
0,all_only,fused_sp,corr_mix,0.5,1.0,16,0.625,0.625,0.0,0.0,2020-01-01,2022-12-01
0,all_only,fused_sp,freeze,0.25,1.0,16,0.625,0.625,0.0,0.0,2020-01-01,2022-12-01
0,all_only,fused_sp,freeze,0.5,1.0,16,0.625,0.625,0.0,0.0,2020-01-01,2022-12-01
0,all_only,fused_sp,freeze,0.75,1.0,16,0.625,0.625,0.0,0.0,2020-01-01,2022-12-01
0,all_only,fused_sp,freeze,1.0,1.0,16,0.625,0.625,0.0,0.0,2020-01-01,2022-12-01
0,all_only,fused_sp_lrt_delta,corr_mix,0.15,1.0,16,0.5,0.5,0.0,0.0,2020-01-01,2022-12-01
0,all_only,fused_sp_lrt_delta,corr_mix,0.25,1.0,16,0.5,0.5,0.0,0.0,2020-01-01,2022-12-01
0,all_only,fused_sp_lrt_delta,corr_mix,0.35,1.0,16,0.5,0.5,0.0,0.0,2020-01-01,2022-12-01
0,all_only,fused_sp_lrt_delta,corr_mix,0.5,1.0,16,0.5,0.5,0.0,0.0,2020-01-01,2022-12-01
0,all_only,fused_sp_lrt_delta,freeze,0.25,1.0,16,0.5,0.5,0.0,0.0,2020-01-01,2022-12-01
0,all_only,fused_sp_lrt_delta,freeze,0.5,1.0,16,0.5,0.5,0.0,0.0,2020-01-01,2022-12-01
0,all_only,fused_sp_lrt_delta,freeze,0.75,1.0,16,0.5,0.5,0.0,0.0,2020-01-01,2022-12-01
0,all_only,fused_sp_lrt_delta,freeze,1.0,1.0,16,0.5,0.5,0.0,0.0,2020-01-01,2022-12-01
0,all_only,max_abs,corr_mix,0.15,1.0,16,0.625,0.75,0.0,0.125,2020-01-01,2022-12-01
0,all_only,max_abs,corr_mix,0.25,1.0,16,0.625,0.75,0.0,0.125,2020-01-01,2022-12-01
0,all_only,max_abs,corr_mix,0.35,1.0,16,0.625,0.75,0.0,0.125,2020-01-01,2022-12-01
0,all_only,max_abs,corr_mix,0.5,1.0,16,0.625,0.75,0.0,0.125,2020-01-01,2022-12-01
0,all_only,max_abs,freeze,0.25,1.0,16,0.625,0.75,0.0,0.125,2020-01-01,2022-12-01
0,all_only,max_abs,freeze,0.5,1.0,16,0.625,0.75,0.0,0.125,2020-01-01,2022-12-01
0,all_only,max_abs,freeze,0.75,1.0,16,0.625,0.75,0.0,0.125,2020-01-01,2022-12-01
0,all_only,max_abs,freeze,1.0,1.0,16,0.625,0.75,0.0,0.125,2020-01-01,2022-12-01
0,all_only,pc_t2,corr_mix,0.15,1.0,16,0.4375,0.4375,0.0,0.125,2020-01-01,2022-12-01
0,all_only,pc_t2,corr_mix,0.25,1.0,16,0.4375,0.4375,0.0,0.125,2020-01-01,2022-12-01
0,all_only,pc_t2,corr_mix,0.35,1.0,16,0.4375,0.4375,0.0,0.125,2020-01-01,2022-12-01
0,all_only,pc_t2,corr_mix,0.5,1.0,16,0.4375,0.4375,0.0,0.125,2020-01-01,2022-12-01
0,all_only,pc_t2,freeze,0.25,1.0,16,0.4375,0.4375,0.0,0.125,2020-01-01,2022-12-01
0,all_only,pc_t2,freeze,0.5,1.0,16,0.4375,0.4375,0.0,0.125,2020-01-01,2022-12-01
0,all_only,pc_t2,freeze,0.75,1.0,16,0.4375,0.4375,0.0,0.125,2020-01-01,2022-12-01
0,all_only,pc_t2,freeze,1.0,1.0,16,0.4375,0.4375,0.0,0.125,2020-01-01,2022-12-01
0,all_only,res_energy,corr_mix,0.15,1.0,16,0.875,0.875,0.0,0.125,2020-01-01,2022-12-01
0,all_only,res_energy,corr_mix,0.25,1.0,16,0.875,0.875,0.0,0.125,2020-01-01,2022-12-01
0,all_only,res_energy,corr_mix,0.35,1.0,16,0.875,0.875,0.0,0.125,2020-01-01,2022-12-01
0,all_only,res_energy,corr_mix,0.5,1.0,16,0.875,0.875,0.0,0.125,2020-01-01,2022-12-01
0,all_only,res_energy,freeze,0.25,1.0,16,0.875,0.875,0.0,0.125,2020-01-01,2022-12-01
0,all_only,res_energy,freeze,0.5,1.0,16,0.875,0.875,0.0,0.125,2020-01-01,2022-12-01
0,all_only,res_energy,freeze,0.75,1.0,16,0.875,0.875,0.0,0.125,2020-01-01,2022-12-01
0,all_only,res_energy,freeze,1.0,1.0,16,0.875,0.875,0.0,0.125,2020-01-01,2022-12-01
0,all_only,stale,corr_mix,0.15,1.0,16,0.25,0.25,0.0,0.0,2020-01-01,2022-12-01
0,all_only,stale,corr_mix,0.25,1.0,16,0.25,0.25,0.0,0.0,2020-01-01,2022-12-01
0,all_only,stale,corr_mix,0.35,1.0,16,0.25,0.25,0.0,0.0,2020-01-01,2022-12-01
0,all_only,stale,corr_mix,0.5,1.0,16,0.25,0.25,0.0,0.0,2020-01-01,2022-12-01
0,all_only,stale,freeze,0.25,1.0,16,0.25,0.25,0.0,0.0,2020-01-01,2022-12-01
0,all_only,stale,freeze,0.5,1.0,16,0.25,0.25,0.0,0.0,2020-01-01,2022-12-01
0,all_only,stale,freeze,0.75,1.0,16,0.25,0.25,0.0,0.0,2020-01-01,2022-12-01
0,all_only,stale,freeze,1.0,1.0,16,0.25,0.25,0.0,0.0,2020-01-01,2022-12-01
0,full,T2,corr_mix,0.15,1.0,16,0.5625,0.75,0.0,0.1875,2020-01-01,2022-12-01
0,full,T2,corr_mix,0.25,1.0,16,0.5625,0.75,0.0,0.1875,2020-01-01,2022-12-01
0,full,T2,corr_mix,0.35,1.0,16,0.5625,0.75,0.0,0.1875,2020-01-01,2022-12-01
0,full,T2,corr_mix,0.5,1.0,16,0.5625,0.75,0.0,0.1875,2020-01-01,2022-12-01
0,full,T2,freeze,0.25,1.0,16,0.5625,0.75,0.0,0.1875,2020-01-01,2022-12-01
0,full,T2,freeze,0.5,1.0,16,0.5625,0.75,0.0,0.1875,2020-01-01,2022-12-01
0,full,T2,freeze,0.75,1.0,16,0.5625,0.75,0.0,0.1875,2020-01-01,2022-12-01
0,full,T2,freeze,1.0,1.0,16,0.5625,0.75,0.0,0.1875,2020-01-01,2022-12-01
0,full,cusum_factor_cov_lrt,corr_mix,0.15,1.0,16,0.0,0.375,0.125,1.0,2020-01-01,2022-12-01
0,full,cusum_factor_cov_lrt,corr_mix,0.25,1.0,16,0.0,0.375,0.125,1.0,2020-01-01,2022-12-01
0,full,cusum_factor_cov_lrt,corr_mix,0.35,1.0,16,0.0,0.375,0.125,1.0,2020-01-01,2022-12-01
0,full,cusum_factor_cov_lrt,corr_mix,0.5,1.0,16,0.0,0.375,0.125,1.0,2020-01-01,2022-12-01
0,full,cusum_factor_cov_lrt,freeze,0.25,1.0,16,0.0,0.3125,0.125,1.0,2020-01-01,2022-12-01
0,full,cusum_factor_cov_lrt,freeze,0.5,1.0,16,0.0,0.3125,0.125,1.0,2020-01-01,2022-12-01
0,full,cusum_factor_cov_lrt,freeze,0.75,1.0,16,0.0,0.5625,0.125,1.0,2020-01-01,2022-12-01
0,full,cusum_factor_cov_lrt,freeze,1.0,1.0,16,0.0,0.75,0.125,1.0,2020-01-01,2022-12-01
0,full,ewma_factor_cov_lrt,corr_mix,0.15,1.0,16,0.125,0.125,0.0,0.0,2020-01-01,2022-12-01
0,full,ewma_factor_cov_lrt,corr_mix,0.25,1.0,16,0.125,0.125,0.0,0.0,2020-01-01,2022-12-01
0,full,ewma_factor_cov_lrt,corr_mix,0.35,1.0,16,0.125,0.125,0.0,0.0,2020-01-01,2022-12-01
0,full,ewma_factor_cov_lrt,corr_mix,0.5,1.0,16,0.125,0.125,0.0,0.0,2020-01-01,2022-12-01
0,full,ewma_factor_cov_lrt,freeze,0.25,1.0,16,0.125,0.125,0.0,0.0,2020-01-01,2022-12-01
0,full,ewma_factor_cov_lrt,freeze,0.5,1.0,16,0.125,0.125,0.0,0.0,2020-01-01,2022-12-01
0,full,ewma_factor_cov_lrt,freeze,0.75,1.0,16,0.125,0.125,0.0,0.0,2020-01-01,2022-12-01
0,full,ewma_factor_cov_lrt,freeze,1.0,1.0,16,0.125,0.125,0.0,0.0,2020-01-01,2022-12-01
0,full,factor_cov_change,corr_mix,0.15,1.0,16,0.5,0.625,0.0,0.125,2020-01-01,2022-12-01
0,full,factor_cov_change,corr_mix,0.25,1.0,16,0.5,0.625,0.0,0.125,2020-01-01,2022-12-01
0,full,factor_cov_change,corr_mix,0.35,1.0,16,0.5,0.625,0.0,0.125,2020-01-01,2022-12-01
0,full,factor_cov_change,corr_mix,0.5,1.0,16,0.5,0.625,0.0,0.125,2020-01-01,2022-12-01
0,full,factor_cov_change,freeze,0.25,1.0,16,0.5,0.625,0.0,0.125,2020-01-01,2022-12-01
0,full,factor_cov_change,freeze,0.5,1.0,16,0.5,0.625,0.0,0.125,2020-01-01,2022-12-01
0,full,factor_cov_change,freeze,0.75,1.0,16,0.5,0.625,0.0,0.125,2020-01-01,2022-12-01
0,full,factor_cov_change,freeze,1.0,1.0,16,0.3125,0.4375,0.0,0.125,2020-01-01,2022-12-01
0,full,factor_cov_delta,corr_mix,0.15,1.0,16,0.4375,0.75,0.0,0.3125,2020-01-01,2022-12-01
0,full,factor_cov_delta,corr_mix,0.25,1.0,16,0.4375,0.75,0.0,0.3125,2020-01-01,2022-12-01
0,full,factor_cov_delta,corr_mix,0.35,1.0,16,0.4375,0.75,0.0,0.3125,2020-01-01,2022-12-01
0,full,factor_cov_delta,corr_mix,0.5,1.0,16,0.4375,0.75,0.0,0.3125,2020-01-01,2022-12-01
0,full,factor_cov_delta,freeze,0.25,1.0,16,0.4375,0.75,0.0,0.3125,2020-01-01,2022-12-01
0,full,factor_cov_delta,freeze,0.5,1.0,16,0.4375,0.75,0.0,0.3125,2020-01-01,2022-12-01
0,full,factor_cov_delta,freeze,0.75,1.0,16,0.4375,0.75,0.0,0.3125,2020-01-01,2022-12-01
0,full,factor_cov_delta,freeze,1.0,1.0,16,0.4375,0.75,0.0,0.3125,2020-01-01,2022-12-01
0,full,factor_cov_lrt,corr_mix,0.15,1.0,16,0.3125,0.3125,0.0,0.0,2020-01-01,2022-12-01
0,full,factor_cov_lrt,corr_mix,0.25,1.0,16,0.1875,0.1875,0.0,0.0,2020-01-01,2022-12-01
0,full,factor_cov_lrt,corr_mix,0.35,1.0,16,0.1875,0.1875,0.0,0.0,2020-01-01,2022-12-01
0,full,factor_cov_lrt,corr_mix,0.5,1.0,16,0.1875,0.1875,0.0,0.0,2020-01-01,2022-12-01
0,full,factor_cov_lrt,freeze,0.25,1.0,16,0.3125,0.3125,0.0,0.0,2020-01-01,2022-12-01
0,full,factor_cov_lrt,freeze,0.5,1.0,16,0.3125,0.3125,0.0,0.0,2020-01-01,2022-12-01
0,full,factor_cov_lrt,freeze,0.75,1.0,16,0.125,0.125,0.0,0.0,2020-01-01,2022-12-01
0,full,factor_cov_lrt,freeze,1.0,1.0,16,0.75,0.75,0.0,0.0,2020-01-01,2022-12-01
0,full,factor_cov_lrt_delta,corr_mix,0.15,1.0,16,0.0,0.1875,1.0,0.0,2020-01-01,2022-12-01
0,full,factor_cov_lrt_delta,corr_mix,0.25,1.0,16,0.0,0.1875,1.0,0.0,2020-01-01,2022-12-01
0,full,factor_cov_lrt_delta,corr_mix,0.35,1.0,16,0.0,0.1875,1.0,0.0,2020-01-01,2022-12-01
0,full,factor_cov_lrt_delta,corr_mix,0.5,1.0,16,0.0,0.1875,1.0,0.0,2020-01-01,2022-12-01
0,full,factor_cov_lrt_delta,freeze,0.25,1.0,16,0.0,0.1875,1.0,0.0,2020-01-01,2022-12-01
0,full,factor_cov_lrt_delta,freeze,0.5,1.0,16,0.0,0.0625,1.0,0.0,2020-01-01,2022-12-01
0,full,factor_cov_lrt_delta,freeze,0.75,1.0,16,0.0,0.0,1.0,0.0,2020-01-01,2022-12-01
0,full,factor_cov_lrt_delta,freeze,1.0,1.0,16,0.0,0.0,1.0,0.0,2020-01-01,2022-12-01
0,full,fused_fisher,corr_mix,0.15,1.0,16,0.75,0.75,0.0,0.125,2020-01-01,2022-12-01
0,full,fused_fisher,corr_mix,0.25,1.0,16,0.75,0.75,0.0,0.125,2020-01-01,2022-12-01
0,full,fused_fisher,corr_mix,0.35,1.0,16,0.75,0.75,0.0,0.125,2020-01-01,2022-12-01
0,full,fused_fisher,corr_mix,0.5,1.0,16,0.75,0.75,0.0,0.125,2020-01-01,2022-12-01
0,full,fused_fisher,freeze,0.25,1.0,16,0.75,0.75,0.0,0.125,2020-01-01,2022-12-01
0,full,fused_fisher,freeze,0.5,1.0,16,0.75,0.75,0.0,0.125,2020-01-01,2022-12-01
0,full,fused_fisher,freeze,0.75,1.0,16,0.75,0.75,0.0,0.125,2020-01-01,2022-12-01
0,full,fused_fisher,freeze,1.0,1.0,16,0.75,0.75,0.0,0.125,2020-01-01,2022-12-01
0,full,fused_fisher_lrt_delta,corr_mix,0.15,1.0,16,0.875,0.875,0.0,0.0,2020-01-01,2022-12-01
0,full,fused_fisher_lrt_delta,corr_mix,0.25,1.0,16,0.875,0.875,0.0,0.0,2020-01-01,2022-12-01
0,full,fused_fisher_lrt_delta,corr_mix,0.35,1.0,16,0.875,0.875,0.0,0.0,2020-01-01,2022-12-01
0,full,fused_fisher_lrt_delta,corr_mix,0.5,1.0,16,0.875,0.875,0.0,0.0,2020-01-01,2022-12-01
0,full,fused_fisher_lrt_delta,freeze,0.25,1.0,16,0.875,0.875,0.0,0.0,2020-01-01,2022-12-01
0,full,fused_fisher_lrt_delta,freeze,0.5,1.0,16,0.875,0.875,0.0,0.0,2020-01-01,2022-12-01
0,full,fused_fisher_lrt_delta,freeze,0.75,1.0,16,0.875,0.875,0.0,0.0,2020-01-01,2022-12-01
0,full,fused_fisher_lrt_delta,freeze,1.0,1.0,16,0.875,0.875,0.0,0.0,2020-01-01,2022-12-01
0,full,fused_sp,corr_mix,0.15,1.0,16,0.875,0.875,0.0,0.0,2020-01-01,2022-12-01
0,full,fused_sp,corr_mix,0.25,1.0,16,0.875,0.875,0.0,0.0,2020-01-01,2022-12-01
0,full,fused_sp,corr_mix,0.35,1.0,16,0.875,0.875,0.0,0.0,2020-01-01,2022-12-01
0,full,fused_sp,corr_mix,0.5,1.0,16,0.875,0.875,0.0,0.0,2020-01-01,2022-12-01
0,full,fused_sp,freeze,0.25,1.0,16,0.875,0.875,0.0,0.0,2020-01-01,2022-12-01
0,full,fused_sp,freeze,0.5,1.0,16,0.875,0.875,0.0,0.0,2020-01-01,2022-12-01
0,full,fused_sp,freeze,0.75,1.0,16,0.875,0.875,0.0,0.0,2020-01-01,2022-12-01
0,full,fused_sp,freeze,1.0,1.0,16,0.875,0.875,0.0,0.0,2020-01-01,2022-12-01
0,full,fused_sp_lrt_delta,corr_mix,0.15,1.0,16,0.875,0.875,0.0,0.0,2020-01-01,2022-12-01
0,full,fused_sp_lrt_delta,corr_mix,0.25,1.0,16,0.875,0.875,0.0,0.0,2020-01-01,2022-12-01
0,full,fused_sp_lrt_delta,corr_mix,0.35,1.0,16,0.875,0.875,0.0,0.0,2020-01-01,2022-12-01
0,full,fused_sp_lrt_delta,corr_mix,0.5,1.0,16,0.875,0.875,0.0,0.0,2020-01-01,2022-12-01
0,full,fused_sp_lrt_delta,freeze,0.25,1.0,16,0.625,0.625,0.0,0.0,2020-01-01,2022-12-01
0,full,fused_sp_lrt_delta,freeze,0.5,1.0,16,0.625,0.625,0.0,0.0,2020-01-01,2022-12-01
0,full,fused_sp_lrt_delta,freeze,0.75,1.0,16,0.625,0.625,0.0,0.0,2020-01-01,2022-12-01
0,full,fused_sp_lrt_delta,freeze,1.0,1.0,16,0.625,0.625,0.0,0.0,2020-01-01,2022-12-01
0,full,max_abs,corr_mix,0.15,1.0,16,0.25,0.625,0.0,0.6875,2020-01-01,2022-12-01
0,full,max_abs,corr_mix,0.25,1.0,16,0.25,0.625,0.0,0.6875,2020-01-01,2022-12-01
0,full,max_abs,corr_mix,0.35,1.0,16,0.25,0.625,0.0,0.6875,2020-01-01,2022-12-01
0,full,max_abs,corr_mix,0.5,1.0,16,0.25,0.625,0.0,0.6875,2020-01-01,2022-12-01
0,full,max_abs,freeze,0.25,1.0,16,0.25,0.625,0.0,0.6875,2020-01-01,2022-12-01
0,full,max_abs,freeze,0.5,1.0,16,0.25,0.625,0.0,0.6875,2020-01-01,2022-12-01
0,full,max_abs,freeze,0.75,1.0,16,0.25,0.625,0.0,0.6875,2020-01-01,2022-12-01
0,full,max_abs,freeze,1.0,1.0,16,0.25,0.625,0.0,0.6875,2020-01-01,2022-12-01
0,full,pc_t2,corr_mix,0.15,1.0,16,0.9375,0.9375,0.0,0.0,2020-01-01,2022-12-01
0,full,pc_t2,corr_mix,0.25,1.0,16,0.9375,0.9375,0.0,0.0,2020-01-01,2022-12-01
0,full,pc_t2,corr_mix,0.35,1.0,16,0.9375,0.9375,0.0,0.0,2020-01-01,2022-12-01
0,full,pc_t2,corr_mix,0.5,1.0,16,0.9375,0.9375,0.0,0.0,2020-01-01,2022-12-01
0,full,pc_t2,freeze,0.25,1.0,16,0.9375,0.9375,0.0,0.0,2020-01-01,2022-12-01
0,full,pc_t2,freeze,0.5,1.0,16,0.9375,0.9375,0.0,0.0,2020-01-01,2022-12-01
0,full,pc_t2,freeze,0.75,1.0,16,0.9375,0.9375,0.0,0.0,2020-01-01,2022-12-01
0,full,pc_t2,freeze,1.0,1.0,16,0.9375,0.9375,0.0,0.0,2020-01-01,2022-12-01
0,full,res_energy,corr_mix,0.15,1.0,16,0.5,0.875,0.0,0.5,2020-01-01,2022-12-01
0,full,res_energy,corr_mix,0.25,1.0,16,0.5,0.875,0.0,0.5,2020-01-01,2022-12-01
0,full,res_energy,corr_mix,0.35,1.0,16,0.5,0.875,0.0,0.5,2020-01-01,2022-12-01
0,full,res_energy,corr_mix,0.5,1.0,16,0.5,0.875,0.0,0.5,2020-01-01,2022-12-01
0,full,res_energy,freeze,0.25,1.0,16,0.5,0.875,0.0,0.5,2020-01-01,2022-12-01
0,full,res_energy,freeze,0.5,1.0,16,0.5,0.875,0.0,0.5,2020-01-01,2022-12-01
0,full,res_energy,freeze,0.75,1.0,16,0.5,0.875,0.0,0.5,2020-01-01,2022-12-01
0,full,res_energy,freeze,1.0,1.0,16,0.5,0.875,0.0,0.5,2020-01-01,2022-12-01
0,full,stale,corr_mix,0.15,1.0,16,0.0,0.0,0.0,1.0,2020-01-01,2022-12-01
0,full,stale,corr_mix,0.25,1.0,16,0.0,0.0,0.0,1.0,2020-01-01,2022-12-01
0,full,stale,corr_mix,0.35,1.0,16,0.0,0.0,0.0,1.0,2020-01-01,2022-12-01
0,full,stale,corr_mix,0.5,1.0,16,0.0,0.0,0.0,1.0,2020-01-01,2022-12-01
0,full,stale,freeze,0.25,1.0,16,0.0,0.4375,0.0,1.0,2020-01-01,2022-12-01
0,full,stale,freeze,0.5,1.0,16,0.0,0.4375,0.0,1.0,2020-01-01,2022-12-01
0,full,stale,freeze,0.75,1.0,16,0.0,0.5,0.0,1.0,2020-01-01,2022-12-01
0,full,stale,freeze,1.0,1.0,16,0.0,0.5,0.0,1.0,2020-01-01,2022-12-01
0,score_only,T2,corr_mix,0.15,1.0,16,0.125,0.75,0.0,0.875,2020-01-01,2022-12-01
0,score_only,T2,corr_mix,0.25,1.0,16,0.125,0.75,0.0,0.875,2020-01-01,2022-12-01
0,score_only,T2,corr_mix,0.35,1.0,16,0.125,0.75,0.0,0.875,2020-01-01,2022-12-01
0,score_only,T2,corr_mix,0.5,1.0,16,0.125,0.75,0.0,0.875,2020-01-01,2022-12-01
0,score_only,T2,freeze,0.25,1.0,16,0.125,0.75,0.0,0.875,2020-01-01,2022-12-01
0,score_only,T2,freeze,0.5,1.0,16,0.125,0.75,0.0,0.875,2020-01-01,2022-12-01
0,score_only,T2,freeze,0.75,1.0,16,0.125,0.5,0.0,0.875,2020-01-01,2022-12-01
0,score_only,T2,freeze,1.0,1.0,16,0.125,0.75,0.0,0.875,2020-01-01,2022-12-01
0,score_only,coh_resid_energy,corr_mix,0.15,1.0,16,0.875,0.875,0.0,0.125,2020-01-01,2022-12-01
0,score_only,coh_resid_energy,corr_mix,0.25,1.0,16,0.875,0.875,0.0,0.125,2020-01-01,2022-12-01
0,score_only,coh_resid_energy,corr_mix,0.35,1.0,16,0.875,0.875,0.0,0.125,2020-01-01,2022-12-01
0,score_only,coh_resid_energy,corr_mix,0.5,1.0,16,0.875,0.875,0.0,0.125,2020-01-01,2022-12-01
0,score_only,coh_resid_energy,freeze,0.25,1.0,16,0.875,0.875,0.0,0.125,2020-01-01,2022-12-01
0,score_only,coh_resid_energy,freeze,0.5,1.0,16,0.875,0.875,0.0,0.125,2020-01-01,2022-12-01
0,score_only,coh_resid_energy,freeze,0.75,1.0,16,0.875,0.875,0.0,0.125,2020-01-01,2022-12-01
0,score_only,coh_resid_energy,freeze,1.0,1.0,16,0.875,0.875,0.0,0.125,2020-01-01,2022-12-01
0,score_only,coh_resid_t2,corr_mix,0.15,1.0,16,0.4375,0.875,0.0,0.5625,2020-01-01,2022-12-01
0,score_only,coh_resid_t2,corr_mix,0.25,1.0,16,0.4375,0.875,0.0,0.5625,2020-01-01,2022-12-01
0,score_only,coh_resid_t2,corr_mix,0.35,1.0,16,0.4375,0.875,0.0,0.5625,2020-01-01,2022-12-01
0,score_only,coh_resid_t2,corr_mix,0.5,1.0,16,0.4375,0.875,0.0,0.5625,2020-01-01,2022-12-01
0,score_only,coh_resid_t2,freeze,0.25,1.0,16,0.4375,0.875,0.0,0.5625,2020-01-01,2022-12-01
0,score_only,coh_resid_t2,freeze,0.5,1.0,16,0.4375,0.875,0.0,0.5625,2020-01-01,2022-12-01
0,score_only,coh_resid_t2,freeze,0.75,1.0,16,0.4375,0.875,0.0,0.5625,2020-01-01,2022-12-01
0,score_only,coh_resid_t2,freeze,1.0,1.0,16,0.4375,0.875,0.0,0.5625,2020-01-01,2022-12-01
0,score_only,cusum_coh_resid_t2,corr_mix,0.15,1.0,16,0.0,0.875,1.0,1.0,2020-01-01,2022-12-01
0,score_only,cusum_coh_resid_t2,corr_mix,0.25,1.0,16,0.0,0.875,1.0,1.0,2020-01-01,2022-12-01
0,score_only,cusum_coh_resid_t2,corr_mix,0.35,1.0,16,0.0,0.875,1.0,1.0,2020-01-01,2022-12-01
0,score_only,cusum_coh_resid_t2,corr_mix,0.5,1.0,16,0.0,0.875,1.0,1.0,2020-01-01,2022-12-01
0,score_only,cusum_coh_resid_t2,freeze,0.25,1.0,16,0.0,0.875,1.0,1.0,2020-01-01,2022-12-01
0,score_only,cusum_coh_resid_t2,freeze,0.5,1.0,16,0.0,0.875,1.0,1.0,2020-01-01,2022-12-01
0,score_only,cusum_coh_resid_t2,freeze,0.75,1.0,16,0.0,0.875,1.0,1.0,2020-01-01,2022-12-01
0,score_only,cusum_coh_resid_t2,freeze,1.0,1.0,16,0.0,0.875,1.0,1.0,2020-01-01,2022-12-01
0,score_only,cusum_factor_cov_lrt,corr_mix,0.15,1.0,16,0.0,0.4375,1.0,1.0,2020-01-01,2022-12-01
0,score_only,cusum_factor_cov_lrt,corr_mix,0.25,1.0,16,0.0,0.4375,1.0,1.0,2020-01-01,2022-12-01
0,score_only,cusum_factor_cov_lrt,corr_mix,0.35,1.0,16,0.0,0.4375,1.0,1.0,2020-01-01,2022-12-01
0,score_only,cusum_factor_cov_lrt,corr_mix,0.5,1.0,16,0.0,0.4375,1.0,1.0,2020-01-01,2022-12-01
0,score_only,cusum_factor_cov_lrt,freeze,0.25,1.0,16,0.0,0.4375,1.0,1.0,2020-01-01,2022-12-01
0,score_only,cusum_factor_cov_lrt,freeze,0.5,1.0,16,0.0,0.375,1.0,1.0,2020-01-01,2022-12-01
0,score_only,cusum_factor_cov_lrt,freeze,0.75,1.0,16,0.0,0.375,1.0,1.0,2020-01-01,2022-12-01
0,score_only,cusum_factor_cov_lrt,freeze,1.0,1.0,16,0.0,0.625,1.0,1.0,2020-01-01,2022-12-01
0,score_only,ewma_coh_resid_t2,corr_mix,0.15,1.0,16,0.0,0.875,0.0,1.0,2020-01-01,2022-12-01
0,score_only,ewma_coh_resid_t2,corr_mix,0.25,1.0,16,0.0,0.875,0.0,1.0,2020-01-01,2022-12-01
0,score_only,ewma_coh_resid_t2,corr_mix,0.35,1.0,16,0.0,0.875,0.0,1.0,2020-01-01,2022-12-01
0,score_only,ewma_coh_resid_t2,corr_mix,0.5,1.0,16,0.0,0.875,0.0,1.0,2020-01-01,2022-12-01
0,score_only,ewma_coh_resid_t2,freeze,0.25,1.0,16,0.0,0.875,0.0,1.0,2020-01-01,2022-12-01
0,score_only,ewma_coh_resid_t2,freeze,0.5,1.0,16,0.0,0.875,0.0,1.0,2020-01-01,2022-12-01
0,score_only,ewma_coh_resid_t2,freeze,0.75,1.0,16,0.0,0.875,0.0,1.0,2020-01-01,2022-12-01
0,score_only,ewma_coh_resid_t2,freeze,1.0,1.0,16,0.0,0.875,0.0,1.0,2020-01-01,2022-12-01
0,score_only,ewma_factor_cov_lrt,corr_mix,0.15,1.0,16,0.4375,0.4375,0.0,0.0,2020-01-01,2022-12-01
0,score_only,ewma_factor_cov_lrt,corr_mix,0.25,1.0,16,0.4375,0.4375,0.0,0.0,2020-01-01,2022-12-01
0,score_only,ewma_factor_cov_lrt,corr_mix,0.35,1.0,16,0.4375,0.4375,0.0,0.0,2020-01-01,2022-12-01
0,score_only,ewma_factor_cov_lrt,corr_mix,0.5,1.0,16,0.4375,0.4375,0.0,0.0,2020-01-01,2022-12-01
0,score_only,ewma_factor_cov_lrt,freeze,0.25,1.0,16,0.375,0.375,0.0,0.0,2020-01-01,2022-12-01
0,score_only,ewma_factor_cov_lrt,freeze,0.5,1.0,16,0.375,0.375,0.0,0.0,2020-01-01,2022-12-01
0,score_only,ewma_factor_cov_lrt,freeze,0.75,1.0,16,0.625,0.625,0.0,0.0,2020-01-01,2022-12-01
0,score_only,ewma_factor_cov_lrt,freeze,1.0,1.0,16,1.0,1.0,0.0,0.0,2020-01-01,2022-12-01
0,score_only,factor_cov_change,corr_mix,0.15,1.0,16,0.5,0.625,0.0,0.25,2020-01-01,2022-12-01
0,score_only,factor_cov_change,corr_mix,0.25,1.0,16,0.5,0.625,0.0,0.25,2020-01-01,2022-12-01
0,score_only,factor_cov_change,corr_mix,0.35,1.0,16,0.5,0.625,0.0,0.25,2020-01-01,2022-12-01
0,score_only,factor_cov_change,corr_mix,0.5,1.0,16,0.5,0.625,0.0,0.25,2020-01-01,2022-12-01
0,score_only,factor_cov_change,freeze,0.25,1.0,16,0.5,0.625,0.0,0.25,2020-01-01,2022-12-01
0,score_only,factor_cov_change,freeze,0.5,1.0,16,0.5,0.625,0.0,0.25,2020-01-01,2022-12-01
0,score_only,factor_cov_change,freeze,0.75,1.0,16,0.25,0.375,0.0,0.25,2020-01-01,2022-12-01
0,score_only,factor_cov_change,freeze,1.0,1.0,16,0.25,0.375,0.0,0.25,2020-01-01,2022-12-01
0,score_only,factor_cov_delta,corr_mix,0.15,1.0,16,0.4375,0.75,0.0,0.3125,2020-01-01,2022-12-01
0,score_only,factor_cov_delta,corr_mix,0.25,1.0,16,0.4375,0.75,0.0,0.3125,2020-01-01,2022-12-01
0,score_only,factor_cov_delta,corr_mix,0.35,1.0,16,0.4375,0.75,0.0,0.3125,2020-01-01,2022-12-01
0,score_only,factor_cov_delta,corr_mix,0.5,1.0,16,0.4375,0.75,0.0,0.3125,2020-01-01,2022-12-01
0,score_only,factor_cov_delta,freeze,0.25,1.0,16,0.4375,0.625,0.0,0.3125,2020-01-01,2022-12-01
0,score_only,factor_cov_delta,freeze,0.5,1.0,16,0.4375,0.625,0.0,0.3125,2020-01-01,2022-12-01
0,score_only,factor_cov_delta,freeze,0.75,1.0,16,0.4375,0.625,0.0,0.3125,2020-01-01,2022-12-01
0,score_only,factor_cov_delta,freeze,1.0,1.0,16,0.4375,0.625,0.0,0.3125,2020-01-01,2022-12-01
0,score_only,factor_cov_lrt,corr_mix,0.15,1.0,16,0.3125,0.3125,0.0,0.0,2020-01-01,2022-12-01
0,score_only,factor_cov_lrt,corr_mix,0.25,1.0,16,0.3125,0.3125,0.0,0.0,2020-01-01,2022-12-01
0,score_only,factor_cov_lrt,corr_mix,0.35,1.0,16,0.3125,0.3125,0.0,0.0,2020-01-01,2022-12-01
0,score_only,factor_cov_lrt,corr_mix,0.5,1.0,16,0.3125,0.3125,0.0,0.0,2020-01-01,2022-12-01
0,score_only,factor_cov_lrt,freeze,0.25,1.0,16,0.3125,0.3125,0.0,0.0,2020-01-01,2022-12-01
0,score_only,factor_cov_lrt,freeze,0.5,1.0,16,0.25,0.25,0.0,0.0,2020-01-01,2022-12-01
0,score_only,factor_cov_lrt,freeze,0.75,1.0,16,0.375,0.375,0.0,0.0,2020-01-01,2022-12-01
0,score_only,factor_cov_lrt,freeze,1.0,1.0,16,0.75,0.75,0.0,0.0,2020-01-01,2022-12-01
0,score_only,factor_cov_lrt_delta,corr_mix,0.15,1.0,16,0.5,0.5,0.0,0.125,2020-01-01,2022-12-01
0,score_only,factor_cov_lrt_delta,corr_mix,0.25,1.0,16,0.5,0.5,0.0,0.125,2020-01-01,2022-12-01
0,score_only,factor_cov_lrt_delta,corr_mix,0.35,1.0,16,0.5,0.5,0.0,0.125,2020-01-01,2022-12-01
0,score_only,factor_cov_lrt_delta,corr_mix,0.5,1.0,16,0.5,0.5,0.0,0.125,2020-01-01,2022-12-01
0,score_only,factor_cov_lrt_delta,freeze,0.25,1.0,16,0.3125,0.3125,0.0,0.125,2020-01-01,2022-12-01
0,score_only,factor_cov_lrt_delta,freeze,0.5,1.0,16,0.25,0.25,0.0,0.125,2020-01-01,2022-12-01
0,score_only,factor_cov_lrt_delta,freeze,0.75,1.0,16,0.0,0.0,0.0,0.125,2020-01-01,2022-12-01
0,score_only,factor_cov_lrt_delta,freeze,1.0,1.0,16,0.0,0.0,0.0,0.125,2020-01-01,2022-12-01
0,score_only,fused_fisher,corr_mix,0.15,1.0,16,0.75,0.75,0.0,0.25,2020-01-01,2022-12-01
0,score_only,fused_fisher,corr_mix,0.25,1.0,16,0.75,0.75,0.0,0.25,2020-01-01,2022-12-01
0,score_only,fused_fisher,corr_mix,0.35,1.0,16,0.75,0.75,0.0,0.25,2020-01-01,2022-12-01
0,score_only,fused_fisher,corr_mix,0.5,1.0,16,0.75,0.75,0.0,0.25,2020-01-01,2022-12-01
0,score_only,fused_fisher,freeze,0.25,1.0,16,0.75,0.75,0.0,0.25,2020-01-01,2022-12-01
0,score_only,fused_fisher,freeze,0.5,1.0,16,0.75,0.75,0.0,0.25,2020-01-01,2022-12-01
0,score_only,fused_fisher,freeze,0.75,1.0,16,0.75,0.75,0.0,0.25,2020-01-01,2022-12-01
0,score_only,fused_fisher,freeze,1.0,1.0,16,0.75,0.75,0.0,0.25,2020-01-01,2022-12-01
0,score_only,fused_fisher_lrt_delta,corr_mix,0.15,1.0,16,0.875,0.875,0.0,0.0,2020-01-01,2022-12-01
0,score_only,fused_fisher_lrt_delta,corr_mix,0.25,1.0,16,0.875,0.875,0.0,0.0,2020-01-01,2022-12-01
0,score_only,fused_fisher_lrt_delta,corr_mix,0.35,1.0,16,0.875,0.875,0.0,0.0,2020-01-01,2022-12-01
0,score_only,fused_fisher_lrt_delta,corr_mix,0.5,1.0,16,0.875,0.875,0.0,0.0,2020-01-01,2022-12-01
0,score_only,fused_fisher_lrt_delta,freeze,0.25,1.0,16,0.875,0.875,0.0,0.0,2020-01-01,2022-12-01
0,score_only,fused_fisher_lrt_delta,freeze,0.5,1.0,16,0.875,0.875,0.0,0.0,2020-01-01,2022-12-01
0,score_only,fused_fisher_lrt_delta,freeze,0.75,1.0,16,0.875,0.875,0.0,0.0,2020-01-01,2022-12-01
0,score_only,fused_fisher_lrt_delta,freeze,1.0,1.0,16,0.875,0.875,0.0,0.0,2020-01-01,2022-12-01
0,score_only,fused_sp,corr_mix,0.15,1.0,16,0.25,0.625,0.0,0.6875,2020-01-01,2022-12-01
0,score_only,fused_sp,corr_mix,0.25,1.0,16,0.25,0.625,0.0,0.6875,2020-01-01,2022-12-01
0,score_only,fused_sp,corr_mix,0.35,1.0,16,0.25,0.625,0.0,0.6875,2020-01-01,2022-12-01
0,score_only,fused_sp,corr_mix,0.5,1.0,16,0.25,0.625,0.0,0.6875,2020-01-01,2022-12-01
0,score_only,fused_sp,freeze,0.25,1.0,16,0.25,0.8125,0.0,0.6875,2020-01-01,2022-12-01
0,score_only,fused_sp,freeze,0.5,1.0,16,0.25,0.8125,0.0,0.6875,2020-01-01,2022-12-01
0,score_only,fused_sp,freeze,0.75,1.0,16,0.25,0.8125,0.0,0.6875,2020-01-01,2022-12-01
0,score_only,fused_sp,freeze,1.0,1.0,16,0.25,0.8125,0.0,0.6875,2020-01-01,2022-12-01
0,score_only,fused_sp_lrt_delta,corr_mix,0.15,1.0,16,0.625,0.625,0.0,0.0,2020-01-01,2022-12-01
0,score_only,fused_sp_lrt_delta,corr_mix,0.25,1.0,16,0.625,0.625,0.0,0.0,2020-01-01,2022-12-01
0,score_only,fused_sp_lrt_delta,corr_mix,0.35,1.0,16,0.625,0.625,0.0,0.0,2020-01-01,2022-12-01
0,score_only,fused_sp_lrt_delta,corr_mix,0.5,1.0,16,0.625,0.625,0.0,0.0,2020-01-01,2022-12-01
0,score_only,fused_sp_lrt_delta,freeze,0.25,1.0,16,0.375,0.375,0.0,0.0,2020-01-01,2022-12-01
0,score_only,fused_sp_lrt_delta,freeze,0.5,1.0,16,0.375,0.375,0.0,0.0,2020-01-01,2022-12-01
0,score_only,fused_sp_lrt_delta,freeze,0.75,1.0,16,0.375,0.375,0.0,0.0,2020-01-01,2022-12-01
0,score_only,fused_sp_lrt_delta,freeze,1.0,1.0,16,0.5625,0.5625,0.0,0.0,2020-01-01,2022-12-01
0,score_only,max_abs,corr_mix,0.15,1.0,16,0.375,0.9375,0.0,0.625,2020-01-01,2022-12-01
0,score_only,max_abs,corr_mix,0.25,1.0,16,0.375,0.9375,0.0,0.625,2020-01-01,2022-12-01
0,score_only,max_abs,corr_mix,0.35,1.0,16,0.375,0.9375,0.0,0.625,2020-01-01,2022-12-01
0,score_only,max_abs,corr_mix,0.5,1.0,16,0.375,0.9375,0.0,0.625,2020-01-01,2022-12-01
0,score_only,max_abs,freeze,0.25,1.0,16,0.375,0.9375,0.0,0.625,2020-01-01,2022-12-01
0,score_only,max_abs,freeze,0.5,1.0,16,0.375,0.9375,0.0,0.625,2020-01-01,2022-12-01
0,score_only,max_abs,freeze,0.75,1.0,16,0.375,0.9375,0.0,0.625,2020-01-01,2022-12-01
0,score_only,max_abs,freeze,1.0,1.0,16,0.375,0.9375,0.0,0.625,2020-01-01,2022-12-01
0,score_only,pc_t2,corr_mix,0.15,1.0,16,0.8125,0.8125,0.0,0.0,2020-01-01,2022-12-01
0,score_only,pc_t2,corr_mix,0.25,1.0,16,0.8125,0.8125,0.0,0.0,2020-01-01,2022-12-01
0,score_only,pc_t2,corr_mix,0.35,1.0,16,0.8125,0.8125,0.0,0.0,2020-01-01,2022-12-01
0,score_only,pc_t2,corr_mix,0.5,1.0,16,0.8125,0.8125,0.0,0.0,2020-01-01,2022-12-01
0,score_only,pc_t2,freeze,0.25,1.0,16,0.8125,0.8125,0.0,0.0,2020-01-01,2022-12-01
0,score_only,pc_t2,freeze,0.5,1.0,16,0.8125,0.8125,0.0,0.0,2020-01-01,2022-12-01
0,score_only,pc_t2,freeze,0.75,1.0,16,0.8125,0.8125,0.0,0.0,2020-01-01,2022-12-01
0,score_only,pc_t2,freeze,1.0,1.0,16,0.8125,0.8125,0.0,0.0,2020-01-01,2022-12-01
0,score_only,res_energy,corr_mix,0.15,1.0,16,0.25,0.625,0.0,0.6875,2020-01-01,2022-12-01
0,score_only,res_energy,corr_mix,0.25,1.0,16,0.25,0.625,0.0,0.6875,2020-01-01,2022-12-01
0,score_only,res_energy,corr_mix,0.35,1.0,16,0.25,0.8125,0.0,0.6875,2020-01-01,2022-12-01
0,score_only,res_energy,corr_mix,0.5,1.0,16,0.25,0.8125,0.0,0.6875,2020-01-01,2022-12-01
0,score_only,res_energy,freeze,0.25,1.0,16,0.25,0.625,0.0,0.6875,2020-01-01,2022-12-01
0,score_only,res_energy,freeze,0.5,1.0,16,0.25,0.375,0.0,0.6875,2020-01-01,2022-12-01
0,score_only,res_energy,freeze,0.75,1.0,16,0.25,0.5625,0.0,0.6875,2020-01-01,2022-12-01
0,score_only,res_energy,freeze,1.0,1.0,16,0.25,0.5625,0.0,0.6875,2020-01-01,2022-12-01
0,score_only,stale,corr_mix,0.15,1.0,16,0.0,0.0,0.0,1.0,2020-01-01,2022-12-01
0,score_only,stale,corr_mix,0.25,1.0,16,0.0,0.0,0.0,1.0,2020-01-01,2022-12-01
0,score_only,stale,corr_mix,0.35,1.0,16,0.0,0.0,0.0,1.0,2020-01-01,2022-12-01
0,score_only,stale,corr_mix,0.5,1.0,16,0.0,0.0,0.0,1.0,2020-01-01,2022-12-01
0,score_only,stale,freeze,0.25,1.0,16,0.0,0.4375,0.0,1.0,2020-01-01,2022-12-01
0,score_only,stale,freeze,0.5,1.0,16,0.0,0.4375,0.0,1.0,2020-01-01,2022-12-01
0,score_only,stale,freeze,0.75,1.0,16,0.0,0.5,0.0,1.0,2020-01-01,2022-12-01
0,score_only,stale,freeze,1.0,1.0,16,0.0,0.5,0.0,1.0,2020-01-01,2022-12-01
1,all_only,T2,corr_mix,0.15,1.0,13,0.15384615384615385,0.23076923076923078,0.0,0.8461538461538461,2021-01-01,2023-12-01
1,all_only,T2,corr_mix,0.25,1.0,13,0.15384615384615385,0.23076923076923078,0.0,0.8461538461538461,2021-01-01,2023-12-01
1,all_only,T2,corr_mix,0.35,1.0,13,0.15384615384615385,0.23076923076923078,0.0,0.8461538461538461,2021-01-01,2023-12-01
1,all_only,T2,corr_mix,0.5,1.0,13,0.15384615384615385,0.23076923076923078,0.0,0.8461538461538461,2021-01-01,2023-12-01
1,all_only,T2,freeze,0.25,1.0,13,0.15384615384615385,0.23076923076923078,0.0,0.8461538461538461,2021-01-01,2023-12-01
1,all_only,T2,freeze,0.5,1.0,13,0.15384615384615385,0.23076923076923078,0.0,0.8461538461538461,2021-01-01,2023-12-01
1,all_only,T2,freeze,0.75,1.0,13,0.15384615384615385,0.23076923076923078,0.0,0.8461538461538461,2021-01-01,2023-12-01
1,all_only,T2,freeze,1.0,1.0,13,0.15384615384615385,0.23076923076923078,0.0,0.8461538461538461,2021-01-01,2023-12-01
1,all_only,cusum_factor_cov_lrt,corr_mix,0.15,1.0,13,0.0,0.46153846153846156,0.0,1.0,2021-01-01,2023-12-01
1,all_only,cusum_factor_cov_lrt,corr_mix,0.25,1.0,13,0.0,0.46153846153846156,0.0,1.0,2021-01-01,2023-12-01
1,all_only,cusum_factor_cov_lrt,corr_mix,0.35,1.0,13,0.0,0.46153846153846156,0.0,1.0,2021-01-01,2023-12-01
1,all_only,cusum_factor_cov_lrt,corr_mix,0.5,1.0,13,0.0,0.46153846153846156,0.0,1.0,2021-01-01,2023-12-01
1,all_only,cusum_factor_cov_lrt,freeze,0.25,1.0,13,0.0,0.46153846153846156,0.0,1.0,2021-01-01,2023-12-01
1,all_only,cusum_factor_cov_lrt,freeze,0.5,1.0,13,0.0,0.46153846153846156,0.0,1.0,2021-01-01,2023-12-01
1,all_only,cusum_factor_cov_lrt,freeze,0.75,1.0,13,0.0,0.46153846153846156,0.0,1.0,2021-01-01,2023-12-01
1,all_only,cusum_factor_cov_lrt,freeze,1.0,1.0,13,0.0,0.46153846153846156,0.0,1.0,2021-01-01,2023-12-01
1,all_only,ewma_factor_cov_lrt,corr_mix,0.15,1.0,13,0.46153846153846156,0.46153846153846156,0.0,0.0,2021-01-01,2023-12-01
1,all_only,ewma_factor_cov_lrt,corr_mix,0.25,1.0,13,0.46153846153846156,0.46153846153846156,0.0,0.0,2021-01-01,2023-12-01
1,all_only,ewma_factor_cov_lrt,corr_mix,0.35,1.0,13,0.46153846153846156,0.46153846153846156,0.0,0.0,2021-01-01,2023-12-01
1,all_only,ewma_factor_cov_lrt,corr_mix,0.5,1.0,13,0.46153846153846156,0.46153846153846156,0.0,0.0,2021-01-01,2023-12-01
1,all_only,ewma_factor_cov_lrt,freeze,0.25,1.0,13,0.46153846153846156,0.46153846153846156,0.0,0.0,2021-01-01,2023-12-01
1,all_only,ewma_factor_cov_lrt,freeze,0.5,1.0,13,0.46153846153846156,0.46153846153846156,0.0,0.0,2021-01-01,2023-12-01
1,all_only,ewma_factor_cov_lrt,freeze,0.75,1.0,13,0.46153846153846156,0.46153846153846156,0.0,0.0,2021-01-01,2023-12-01
1,all_only,ewma_factor_cov_lrt,freeze,1.0,1.0,13,0.46153846153846156,0.46153846153846156,0.0,0.0,2021-01-01,2023-12-01
1,all_only,factor_cov_change,corr_mix,0.15,1.0,13,0.0,0.23076923076923078,0.0,1.0,2021-01-01,2023-12-01
1,all_only,factor_cov_change,corr_mix,0.25,1.0,13,0.0,0.23076923076923078,0.0,1.0,2021-01-01,2023-12-01
1,all_only,factor_cov_change,corr_mix,0.35,1.0,13,0.0,0.23076923076923078,0.0,1.0,2021-01-01,2023-12-01
1,all_only,factor_cov_change,corr_mix,0.5,1.0,13,0.0,0.23076923076923078,0.0,1.0,2021-01-01,2023-12-01
1,all_only,factor_cov_change,freeze,0.25,1.0,13,0.0,0.23076923076923078,0.0,1.0,2021-01-01,2023-12-01
1,all_only,factor_cov_change,freeze,0.5,1.0,13,0.0,0.23076923076923078,0.0,1.0,2021-01-01,2023-12-01
1,all_only,factor_cov_change,freeze,0.75,1.0,13,0.0,0.23076923076923078,0.0,1.0,2021-01-01,2023-12-01
1,all_only,factor_cov_change,freeze,1.0,1.0,13,0.0,0.23076923076923078,0.0,1.0,2021-01-01,2023-12-01
1,all_only,factor_cov_delta,corr_mix,0.15,1.0,13,0.3076923076923077,0.46153846153846156,0.0,0.6923076923076923,2021-01-01,2023-12-01
1,all_only,factor_cov_delta,corr_mix,0.25,1.0,13,0.3076923076923077,0.46153846153846156,0.0,0.6923076923076923,2021-01-01,2023-12-01
1,all_only,factor_cov_delta,corr_mix,0.35,1.0,13,0.3076923076923077,0.46153846153846156,0.0,0.6923076923076923,2021-01-01,2023-12-01
1,all_only,factor_cov_delta,corr_mix,0.5,1.0,13,0.3076923076923077,0.46153846153846156,0.0,0.6923076923076923,2021-01-01,2023-12-01
1,all_only,factor_cov_delta,freeze,0.25,1.0,13,0.3076923076923077,0.46153846153846156,0.0,0.6923076923076923,2021-01-01,2023-12-01
1,all_only,factor_cov_delta,freeze,0.5,1.0,13,0.3076923076923077,0.46153846153846156,0.0,0.6923076923076923,2021-01-01,2023-12-01
1,all_only,factor_cov_delta,freeze,0.75,1.0,13,0.3076923076923077,0.46153846153846156,0.0,0.6923076923076923,2021-01-01,2023-12-01
1,all_only,factor_cov_delta,freeze,1.0,1.0,13,0.3076923076923077,0.46153846153846156,0.0,0.6923076923076923,2021-01-01,2023-12-01
1,all_only,factor_cov_lrt,corr_mix,0.15,1.0,13,0.46153846153846156,0.46153846153846156,0.0,0.0,2021-01-01,2023-12-01
1,all_only,factor_cov_lrt,corr_mix,0.25,1.0,13,0.46153846153846156,0.46153846153846156,0.0,0.0,2021-01-01,2023-12-01
1,all_only,factor_cov_lrt,corr_mix,0.35,1.0,13,0.46153846153846156,0.46153846153846156,0.0,0.0,2021-01-01,2023-12-01
1,all_only,factor_cov_lrt,corr_mix,0.5,1.0,13,0.46153846153846156,0.46153846153846156,0.0,0.0,2021-01-01,2023-12-01
1,all_only,factor_cov_lrt,freeze,0.25,1.0,13,0.46153846153846156,0.46153846153846156,0.0,0.0,2021-01-01,2023-12-01
1,all_only,factor_cov_lrt,freeze,0.5,1.0,13,0.46153846153846156,0.46153846153846156,0.0,0.0,2021-01-01,2023-12-01
1,all_only,factor_cov_lrt,freeze,0.75,1.0,13,0.46153846153846156,0.46153846153846156,0.0,0.0,2021-01-01,2023-12-01
1,all_only,factor_cov_lrt,freeze,1.0,1.0,13,0.46153846153846156,0.46153846153846156,0.0,0.0,2021-01-01,2023-12-01
1,all_only,factor_cov_lrt_delta,corr_mix,0.15,1.0,13,0.6923076923076923,0.6923076923076923,0.0,0.0,2021-01-01,2023-12-01
1,all_only,factor_cov_lrt_delta,corr_mix,0.25,1.0,13,0.6923076923076923,0.6923076923076923,0.0,0.0,2021-01-01,2023-12-01
1,all_only,factor_cov_lrt_delta,corr_mix,0.35,1.0,13,0.6923076923076923,0.6923076923076923,0.0,0.0,2021-01-01,2023-12-01
1,all_only,factor_cov_lrt_delta,corr_mix,0.5,1.0,13,0.6923076923076923,0.6923076923076923,0.0,0.0,2021-01-01,2023-12-01
1,all_only,factor_cov_lrt_delta,freeze,0.25,1.0,13,0.6923076923076923,0.6923076923076923,0.0,0.0,2021-01-01,2023-12-01
1,all_only,factor_cov_lrt_delta,freeze,0.5,1.0,13,0.6923076923076923,0.6923076923076923,0.0,0.0,2021-01-01,2023-12-01
1,all_only,factor_cov_lrt_delta,freeze,0.75,1.0,13,0.6923076923076923,0.6923076923076923,0.0,0.0,2021-01-01,2023-12-01
1,all_only,factor_cov_lrt_delta,freeze,1.0,1.0,13,0.6923076923076923,0.6923076923076923,0.0,0.0,2021-01-01,2023-12-01
1,all_only,fused_fisher,corr_mix,0.15,1.0,13,0.23076923076923078,0.46153846153846156,0.0,0.7692307692307693,2021-01-01,2023-12-01
1,all_only,fused_fisher,corr_mix,0.25,1.0,13,0.23076923076923078,0.46153846153846156,0.0,0.7692307692307693,2021-01-01,2023-12-01
1,all_only,fused_fisher,corr_mix,0.35,1.0,13,0.23076923076923078,0.46153846153846156,0.0,0.7692307692307693,2021-01-01,2023-12-01
1,all_only,fused_fisher,corr_mix,0.5,1.0,13,0.23076923076923078,0.46153846153846156,0.0,0.7692307692307693,2021-01-01,2023-12-01
1,all_only,fused_fisher,freeze,0.25,1.0,13,0.23076923076923078,0.46153846153846156,0.0,0.7692307692307693,2021-01-01,2023-12-01
1,all_only,fused_fisher,freeze,0.5,1.0,13,0.23076923076923078,0.46153846153846156,0.0,0.7692307692307693,2021-01-01,2023-12-01
1,all_only,fused_fisher,freeze,0.75,1.0,13,0.23076923076923078,0.46153846153846156,0.0,0.7692307692307693,2021-01-01,2023-12-01
1,all_only,fused_fisher,freeze,1.0,1.0,13,0.23076923076923078,0.46153846153846156,0.0,0.7692307692307693,2021-01-01,2023-12-01
1,all_only,fused_fisher_lrt_delta,corr_mix,0.15,1.0,13,0.15384615384615385,0.15384615384615385,0.0,0.0,2021-01-01,2023-12-01
1,all_only,fused_fisher_lrt_delta,corr_mix,0.25,1.0,13,0.15384615384615385,0.15384615384615385,0.0,0.0,2021-01-01,2023-12-01
1,all_only,fused_fisher_lrt_delta,corr_mix,0.35,1.0,13,0.15384615384615385,0.15384615384615385,0.0,0.0,2021-01-01,2023-12-01
1,all_only,fused_fisher_lrt_delta,corr_mix,0.5,1.0,13,0.15384615384615385,0.15384615384615385,0.0,0.0,2021-01-01,2023-12-01
1,all_only,fused_fisher_lrt_delta,freeze,0.25,1.0,13,0.15384615384615385,0.15384615384615385,0.0,0.0,2021-01-01,2023-12-01
1,all_only,fused_fisher_lrt_delta,freeze,0.5,1.0,13,0.15384615384615385,0.15384615384615385,0.0,0.0,2021-01-01,2023-12-01
1,all_only,fused_fisher_lrt_delta,freeze,0.75,1.0,13,0.15384615384615385,0.15384615384615385,0.0,0.0,2021-01-01,2023-12-01
1,all_only,fused_fisher_lrt_delta,freeze,1.0,1.0,13,0.15384615384615385,0.15384615384615385,0.0,0.0,2021-01-01,2023-12-01
1,all_only,fused_sp,corr_mix,0.15,1.0,13,0.23076923076923078,0.23076923076923078,0.0,0.0,2021-01-01,2023-12-01
1,all_only,fused_sp,corr_mix,0.25,1.0,13,0.23076923076923078,0.23076923076923078,0.0,0.0,2021-01-01,2023-12-01
1,all_only,fused_sp,corr_mix,0.35,1.0,13,0.23076923076923078,0.23076923076923078,0.0,0.0,2021-01-01,2023-12-01
1,all_only,fused_sp,corr_mix,0.5,1.0,13,0.23076923076923078,0.23076923076923078,0.0,0.0,2021-01-01,2023-12-01
1,all_only,fused_sp,freeze,0.25,1.0,13,0.23076923076923078,0.23076923076923078,0.0,0.0,2021-01-01,2023-12-01
1,all_only,fused_sp,freeze,0.5,1.0,13,0.23076923076923078,0.23076923076923078,0.0,0.0,2021-01-01,2023-12-01
1,all_only,fused_sp,freeze,0.75,1.0,13,0.23076923076923078,0.23076923076923078,0.0,0.0,2021-01-01,2023-12-01
1,all_only,fused_sp,freeze,1.0,1.0,13,0.23076923076923078,0.23076923076923078,0.0,0.0,2021-01-01,2023-12-01
1,all_only,fused_sp_lrt_delta,corr_mix,0.15,1.0,13,0.15384615384615385,0.15384615384615385,0.0,0.0,2021-01-01,2023-12-01
1,all_only,fused_sp_lrt_delta,corr_mix,0.25,1.0,13,0.15384615384615385,0.15384615384615385,0.0,0.0,2021-01-01,2023-12-01
1,all_only,fused_sp_lrt_delta,corr_mix,0.35,1.0,13,0.15384615384615385,0.15384615384615385,0.0,0.0,2021-01-01,2023-12-01
1,all_only,fused_sp_lrt_delta,corr_mix,0.5,1.0,13,0.15384615384615385,0.15384615384615385,0.0,0.0,2021-01-01,2023-12-01
1,all_only,fused_sp_lrt_delta,freeze,0.25,1.0,13,0.15384615384615385,0.15384615384615385,0.0,0.0,2021-01-01,2023-12-01
1,all_only,fused_sp_lrt_delta,freeze,0.5,1.0,13,0.15384615384615385,0.15384615384615385,0.0,0.0,2021-01-01,2023-12-01
1,all_only,fused_sp_lrt_delta,freeze,0.75,1.0,13,0.15384615384615385,0.15384615384615385,0.0,0.0,2021-01-01,2023-12-01
1,all_only,fused_sp_lrt_delta,freeze,1.0,1.0,13,0.15384615384615385,0.15384615384615385,0.0,0.0,2021-01-01,2023-12-01
1,all_only,max_abs,corr_mix,0.15,1.0,13,0.0,0.3076923076923077,0.0,1.0,2021-01-01,2023-12-01
1,all_only,max_abs,corr_mix,0.25,1.0,13,0.0,0.3076923076923077,0.0,1.0,2021-01-01,2023-12-01
1,all_only,max_abs,corr_mix,0.35,1.0,13,0.0,0.3076923076923077,0.0,1.0,2021-01-01,2023-12-01
1,all_only,max_abs,corr_mix,0.5,1.0,13,0.0,0.3076923076923077,0.0,1.0,2021-01-01,2023-12-01
1,all_only,max_abs,freeze,0.25,1.0,13,0.0,0.3076923076923077,0.0,1.0,2021-01-01,2023-12-01
1,all_only,max_abs,freeze,0.5,1.0,13,0.0,0.3076923076923077,0.0,1.0,2021-01-01,2023-12-01
1,all_only,max_abs,freeze,0.75,1.0,13,0.0,0.3076923076923077,0.0,1.0,2021-01-01,2023-12-01
1,all_only,max_abs,freeze,1.0,1.0,13,0.0,0.3076923076923077,0.0,1.0,2021-01-01,2023-12-01
1,all_only,pc_t2,corr_mix,0.15,1.0,13,0.3076923076923077,0.46153846153846156,0.0,0.6923076923076923,2021-01-01,2023-12-01
1,all_only,pc_t2,corr_mix,0.25,1.0,13,0.3076923076923077,0.46153846153846156,0.0,0.6923076923076923,2021-01-01,2023-12-01
1,all_only,pc_t2,corr_mix,0.35,1.0,13,0.3076923076923077,0.46153846153846156,0.0,0.6923076923076923,2021-01-01,2023-12-01
1,all_only,pc_t2,corr_mix,0.5,1.0,13,0.3076923076923077,0.46153846153846156,0.0,0.6923076923076923,2021-01-01,2023-12-01
1,all_only,pc_t2,freeze,0.25,1.0,13,0.3076923076923077,0.46153846153846156,0.0,0.6923076923076923,2021-01-01,2023-12-01
1,all_only,pc_t2,freeze,0.5,1.0,13,0.3076923076923077,0.46153846153846156,0.0,0.6923076923076923,2021-01-01,2023-12-01
1,all_only,pc_t2,freeze,0.75,1.0,13,0.3076923076923077,0.46153846153846156,0.0,0.6923076923076923,2021-01-01,2023-12-01
1,all_only,pc_t2,freeze,1.0,1.0,13,0.3076923076923077,0.46153846153846156,0.0,0.6923076923076923,2021-01-01,2023-12-01
1,all_only,res_energy,corr_mix,0.15,1.0,13,0.23076923076923078,0.46153846153846156,0.0,0.7692307692307693,2021-01-01,2023-12-01
1,all_only,res_energy,corr_mix,0.25,1.0,13,0.23076923076923078,0.46153846153846156,0.0,0.7692307692307693,2021-01-01,2023-12-01
1,all_only,res_energy,corr_mix,0.35,1.0,13,0.23076923076923078,0.46153846153846156,0.0,0.7692307692307693,2021-01-01,2023-12-01
1,all_only,res_energy,corr_mix,0.5,1.0,13,0.23076923076923078,0.46153846153846156,0.0,0.7692307692307693,2021-01-01,2023-12-01
1,all_only,res_energy,freeze,0.25,1.0,13,0.23076923076923078,0.46153846153846156,0.0,0.7692307692307693,2021-01-01,2023-12-01
1,all_only,res_energy,freeze,0.5,1.0,13,0.23076923076923078,0.46153846153846156,0.0,0.7692307692307693,2021-01-01,2023-12-01
1,all_only,res_energy,freeze,0.75,1.0,13,0.23076923076923078,0.46153846153846156,0.0,0.7692307692307693,2021-01-01,2023-12-01
1,all_only,res_energy,freeze,1.0,1.0,13,0.23076923076923078,0.46153846153846156,0.0,0.7692307692307693,2021-01-01,2023-12-01
1,all_only,stale,corr_mix,0.15,1.0,13,0.0,0.0,0.0,0.0,2021-01-01,2023-12-01
1,all_only,stale,corr_mix,0.25,1.0,13,0.0,0.0,0.0,0.0,2021-01-01,2023-12-01
1,all_only,stale,corr_mix,0.35,1.0,13,0.0,0.0,0.0,0.0,2021-01-01,2023-12-01
1,all_only,stale,corr_mix,0.5,1.0,13,0.0,0.0,0.0,0.0,2021-01-01,2023-12-01
1,all_only,stale,freeze,0.25,1.0,13,0.0,0.0,0.0,0.0,2021-01-01,2023-12-01
1,all_only,stale,freeze,0.5,1.0,13,0.0,0.0,0.0,0.0,2021-01-01,2023-12-01
1,all_only,stale,freeze,0.75,1.0,13,0.0,0.0,0.0,0.0,2021-01-01,2023-12-01
1,all_only,stale,freeze,1.0,1.0,13,0.0,0.0,0.0,0.0,2021-01-01,2023-12-01
1,full,T2,corr_mix,0.15,1.0,13,0.0,0.23076923076923078,0.0,1.0,2021-01-01,2023-12-01
1,full,T2,corr_mix,0.25,1.0,13,0.0,0.23076923076923078,0.0,1.0,2021-01-01,2023-12-01
1,full,T2,corr_mix,0.35,1.0,13,0.0,0.23076923076923078,0.0,1.0,2021-01-01,2023-12-01
1,full,T2,corr_mix,0.5,1.0,13,0.0,0.23076923076923078,0.0,1.0,2021-01-01,2023-12-01
1,full,T2,freeze,0.25,1.0,13,0.0,0.23076923076923078,0.0,1.0,2021-01-01,2023-12-01
1,full,T2,freeze,0.5,1.0,13,0.0,0.23076923076923078,0.0,1.0,2021-01-01,2023-12-01
1,full,T2,freeze,0.75,1.0,13,0.0,0.7692307692307693,0.0,1.0,2021-01-01,2023-12-01
1,full,T2,freeze,1.0,1.0,13,0.0,0.7692307692307693,0.0,1.0,2021-01-01,2023-12-01
1,full,cusum_factor_cov_lrt,corr_mix,0.15,1.0,13,0.0,0.46153846153846156,1.0,1.0,2021-01-01,2023-12-01
1,full,cusum_factor_cov_lrt,corr_mix,0.25,1.0,13,0.0,0.46153846153846156,1.0,1.0,2021-01-01,2023-12-01
1,full,cusum_factor_cov_lrt,corr_mix,0.35,1.0,13,0.0,0.46153846153846156,1.0,1.0,2021-01-01,2023-12-01
1,full,cusum_factor_cov_lrt,corr_mix,0.5,1.0,13,0.0,0.46153846153846156,1.0,1.0,2021-01-01,2023-12-01
1,full,cusum_factor_cov_lrt,freeze,0.25,1.0,13,0.0,0.46153846153846156,1.0,1.0,2021-01-01,2023-12-01
1,full,cusum_factor_cov_lrt,freeze,0.5,1.0,13,0.0,0.46153846153846156,1.0,1.0,2021-01-01,2023-12-01
1,full,cusum_factor_cov_lrt,freeze,0.75,1.0,13,0.0,0.46153846153846156,1.0,1.0,2021-01-01,2023-12-01
1,full,cusum_factor_cov_lrt,freeze,1.0,1.0,13,0.0,0.46153846153846156,1.0,1.0,2021-01-01,2023-12-01
1,full,ewma_factor_cov_lrt,corr_mix,0.15,1.0,13,0.9230769230769231,0.9230769230769231,0.0,0.0,2021-01-01,2023-12-01
1,full,ewma_factor_cov_lrt,corr_mix,0.25,1.0,13,0.9230769230769231,0.9230769230769231,0.0,0.0,2021-01-01,2023-12-01
1,full,ewma_factor_cov_lrt,corr_mix,0.35,1.0,13,0.9230769230769231,0.9230769230769231,0.0,0.0,2021-01-01,2023-12-01
1,full,ewma_factor_cov_lrt,corr_mix,0.5,1.0,13,0.9230769230769231,0.9230769230769231,0.0,0.0,2021-01-01,2023-12-01
1,full,ewma_factor_cov_lrt,freeze,0.25,1.0,13,0.9230769230769231,0.9230769230769231,0.0,0.0,2021-01-01,2023-12-01
1,full,ewma_factor_cov_lrt,freeze,0.5,1.0,13,0.9230769230769231,0.9230769230769231,0.0,0.0,2021-01-01,2023-12-01
1,full,ewma_factor_cov_lrt,freeze,0.75,1.0,13,0.9230769230769231,0.9230769230769231,0.0,0.0,2021-01-01,2023-12-01
1,full,ewma_factor_cov_lrt,freeze,1.0,1.0,13,0.9230769230769231,0.9230769230769231,0.0,0.0,2021-01-01,2023-12-01
1,full,factor_cov_change,corr_mix,0.15,1.0,13,0.23076923076923078,0.46153846153846156,0.0,0.7692307692307693,2021-01-01,2023-12-01
1,full,factor_cov_change,corr_mix,0.25,1.0,13,0.23076923076923078,0.46153846153846156,0.0,0.7692307692307693,2021-01-01,2023-12-01
1,full,factor_cov_change,corr_mix,0.35,1.0,13,0.23076923076923078,0.46153846153846156,0.0,0.7692307692307693,2021-01-01,2023-12-01
1,full,factor_cov_change,corr_mix,0.5,1.0,13,0.23076923076923078,0.46153846153846156,0.0,0.7692307692307693,2021-01-01,2023-12-01
1,full,factor_cov_change,freeze,0.25,1.0,13,0.23076923076923078,0.46153846153846156,0.0,0.7692307692307693,2021-01-01,2023-12-01
1,full,factor_cov_change,freeze,0.5,1.0,13,0.23076923076923078,0.46153846153846156,0.0,0.7692307692307693,2021-01-01,2023-12-01
1,full,factor_cov_change,freeze,0.75,1.0,13,0.23076923076923078,0.46153846153846156,0.0,0.7692307692307693,2021-01-01,2023-12-01
1,full,factor_cov_change,freeze,1.0,1.0,13,0.23076923076923078,0.46153846153846156,0.0,0.7692307692307693,2021-01-01,2023-12-01
1,full,factor_cov_delta,corr_mix,0.15,1.0,13,0.3076923076923077,0.46153846153846156,0.0,0.6923076923076923,2021-01-01,2023-12-01
1,full,factor_cov_delta,corr_mix,0.25,1.0,13,0.3076923076923077,0.46153846153846156,0.0,0.6923076923076923,2021-01-01,2023-12-01
1,full,factor_cov_delta,corr_mix,0.35,1.0,13,0.3076923076923077,0.46153846153846156,0.0,0.6923076923076923,2021-01-01,2023-12-01
1,full,factor_cov_delta,corr_mix,0.5,1.0,13,0.3076923076923077,0.46153846153846156,0.0,0.6923076923076923,2021-01-01,2023-12-01
1,full,factor_cov_delta,freeze,0.25,1.0,13,0.3076923076923077,0.46153846153846156,0.0,0.6923076923076923,2021-01-01,2023-12-01
1,full,factor_cov_delta,freeze,0.5,1.0,13,0.3076923076923077,0.46153846153846156,0.0,0.6923076923076923,2021-01-01,2023-12-01
1,full,factor_cov_delta,freeze,0.75,1.0,13,0.3076923076923077,0.46153846153846156,0.0,0.6923076923076923,2021-01-01,2023-12-01
1,full,factor_cov_delta,freeze,1.0,1.0,13,0.3076923076923077,0.46153846153846156,0.0,0.6923076923076923,2021-01-01,2023-12-01
1,full,factor_cov_lrt,corr_mix,0.15,1.0,13,0.46153846153846156,0.46153846153846156,0.0,0.0,2021-01-01,2023-12-01
1,full,factor_cov_lrt,corr_mix,0.25,1.0,13,0.46153846153846156,0.46153846153846156,0.0,0.0,2021-01-01,2023-12-01
1,full,factor_cov_lrt,corr_mix,0.35,1.0,13,0.46153846153846156,0.46153846153846156,0.0,0.0,2021-01-01,2023-12-01
1,full,factor_cov_lrt,corr_mix,0.5,1.0,13,0.46153846153846156,0.46153846153846156,0.0,0.0,2021-01-01,2023-12-01
1,full,factor_cov_lrt,freeze,0.25,1.0,13,0.46153846153846156,0.46153846153846156,0.0,0.0,2021-01-01,2023-12-01
1,full,factor_cov_lrt,freeze,0.5,1.0,13,0.46153846153846156,0.46153846153846156,0.0,0.0,2021-01-01,2023-12-01
1,full,factor_cov_lrt,freeze,0.75,1.0,13,0.46153846153846156,0.46153846153846156,0.0,0.0,2021-01-01,2023-12-01
1,full,factor_cov_lrt,freeze,1.0,1.0,13,0.46153846153846156,0.46153846153846156,0.0,0.0,2021-01-01,2023-12-01
1,full,factor_cov_lrt_delta,corr_mix,0.15,1.0,13,0.0,0.23076923076923078,1.0,0.0,2021-01-01,2023-12-01
1,full,factor_cov_lrt_delta,corr_mix,0.25,1.0,13,0.0,0.23076923076923078,1.0,0.0,2021-01-01,2023-12-01
1,full,factor_cov_lrt_delta,corr_mix,0.35,1.0,13,0.0,0.23076923076923078,1.0,0.0,2021-01-01,2023-12-01
1,full,factor_cov_lrt_delta,corr_mix,0.5,1.0,13,0.0,0.23076923076923078,1.0,0.0,2021-01-01,2023-12-01
1,full,factor_cov_lrt_delta,freeze,0.25,1.0,13,0.0,0.23076923076923078,1.0,0.0,2021-01-01,2023-12-01
1,full,factor_cov_lrt_delta,freeze,0.5,1.0,13,0.0,0.07692307692307693,1.0,0.0,2021-01-01,2023-12-01
1,full,factor_cov_lrt_delta,freeze,0.75,1.0,13,0.0,0.0,1.0,0.0,2021-01-01,2023-12-01
1,full,factor_cov_lrt_delta,freeze,1.0,1.0,13,0.0,0.0,1.0,0.0,2021-01-01,2023-12-01
1,full,fused_fisher,corr_mix,0.15,1.0,13,0.3076923076923077,0.3076923076923077,0.0,0.6923076923076923,2021-01-01,2023-12-01
1,full,fused_fisher,corr_mix,0.25,1.0,13,0.3076923076923077,0.3076923076923077,0.0,0.6923076923076923,2021-01-01,2023-12-01
1,full,fused_fisher,corr_mix,0.35,1.0,13,0.3076923076923077,0.3076923076923077,0.0,0.6923076923076923,2021-01-01,2023-12-01
1,full,fused_fisher,corr_mix,0.5,1.0,13,0.3076923076923077,0.3076923076923077,0.0,0.6923076923076923,2021-01-01,2023-12-01
1,full,fused_fisher,freeze,0.25,1.0,13,0.3076923076923077,0.3076923076923077,0.0,0.6923076923076923,2021-01-01,2023-12-01
1,full,fused_fisher,freeze,0.5,1.0,13,0.3076923076923077,0.3076923076923077,0.0,0.6923076923076923,2021-01-01,2023-12-01
1,full,fused_fisher,freeze,0.75,1.0,13,0.3076923076923077,0.46153846153846156,0.0,0.6923076923076923,2021-01-01,2023-12-01
1,full,fused_fisher,freeze,1.0,1.0,13,0.3076923076923077,0.46153846153846156,0.0,0.6923076923076923,2021-01-01,2023-12-01
1,full,fused_fisher_lrt_delta,corr_mix,0.15,1.0,13,0.0,0.23076923076923078,0.0,1.0,2021-01-01,2023-12-01
1,full,fused_fisher_lrt_delta,corr_mix,0.25,1.0,13,0.0,0.23076923076923078,0.0,1.0,2021-01-01,2023-12-01
1,full,fused_fisher_lrt_delta,corr_mix,0.35,1.0,13,0.0,0.23076923076923078,0.0,1.0,2021-01-01,2023-12-01
1,full,fused_fisher_lrt_delta,corr_mix,0.5,1.0,13,0.0,0.23076923076923078,0.0,1.0,2021-01-01,2023-12-01
1,full,fused_fisher_lrt_delta,freeze,0.25,1.0,13,0.0,0.23076923076923078,0.0,1.0,2021-01-01,2023-12-01
1,full,fused_fisher_lrt_delta,freeze,0.5,1.0,13,0.0,0.23076923076923078,0.0,1.0,2021-01-01,2023-12-01
1,full,fused_fisher_lrt_delta,freeze,0.75,1.0,13,0.0,0.23076923076923078,0.0,1.0,2021-01-01,2023-12-01
1,full,fused_fisher_lrt_delta,freeze,1.0,1.0,13,0.0,0.23076923076923078,0.0,1.0,2021-01-01,2023-12-01
1,full,fused_sp,corr_mix,0.15,1.0,13,0.15384615384615385,0.23076923076923078,0.0,0.8461538461538461,2021-01-01,2023-12-01
1,full,fused_sp,corr_mix,0.25,1.0,13,0.15384615384615385,0.23076923076923078,0.0,0.8461538461538461,2021-01-01,2023-12-01
1,full,fused_sp,corr_mix,0.35,1.0,13,0.15384615384615385,0.23076923076923078,0.0,0.8461538461538461,2021-01-01,2023-12-01
1,full,fused_sp,corr_mix,0.5,1.0,13,0.15384615384615385,0.23076923076923078,0.0,0.8461538461538461,2021-01-01,2023-12-01
1,full,fused_sp,freeze,0.25,1.0,13,0.15384615384615385,0.23076923076923078,0.0,0.8461538461538461,2021-01-01,2023-12-01
1,full,fused_sp,freeze,0.5,1.0,13,0.15384615384615385,0.23076923076923078,0.0,0.8461538461538461,2021-01-01,2023-12-01
1,full,fused_sp,freeze,0.75,1.0,13,0.15384615384615385,0.3076923076923077,0.0,0.8461538461538461,2021-01-01,2023-12-01
1,full,fused_sp,freeze,1.0,1.0,13,0.15384615384615385,0.3076923076923077,0.0,0.8461538461538461,2021-01-01,2023-12-01
1,full,fused_sp_lrt_delta,corr_mix,0.15,1.0,13,0.15384615384615385,0.23076923076923078,0.0,0.8461538461538461,2021-01-01,2023-12-01
1,full,fused_sp_lrt_delta,corr_mix,0.25,1.0,13,0.15384615384615385,0.23076923076923078,0.0,0.8461538461538461,2021-01-01,2023-12-01
1,full,fused_sp_lrt_delta,corr_mix,0.35,1.0,13,0.15384615384615385,0.23076923076923078,0.0,0.8461538461538461,2021-01-01,2023-12-01
1,full,fused_sp_lrt_delta,corr_mix,0.5,1.0,13,0.15384615384615385,0.23076923076923078,0.0,0.8461538461538461,2021-01-01,2023-12-01
1,full,fused_sp_lrt_delta,freeze,0.25,1.0,13,0.15384615384615385,0.23076923076923078,0.0,0.8461538461538461,2021-01-01,2023-12-01
1,full,fused_sp_lrt_delta,freeze,0.5,1.0,13,0.15384615384615385,0.23076923076923078,0.0,0.8461538461538461,2021-01-01,2023-12-01
1,full,fused_sp_lrt_delta,freeze,0.75,1.0,13,0.15384615384615385,0.23076923076923078,0.0,0.8461538461538461,2021-01-01,2023-12-01
1,full,fused_sp_lrt_delta,freeze,1.0,1.0,13,0.15384615384615385,0.3076923076923077,0.0,0.8461538461538461,2021-01-01,2023-12-01
1,full,max_abs,corr_mix,0.15,1.0,13,0.15384615384615385,0.46153846153846156,0.0,0.8461538461538461,2021-01-01,2023-12-01
1,full,max_abs,corr_mix,0.25,1.0,13,0.15384615384615385,0.46153846153846156,0.0,0.8461538461538461,2021-01-01,2023-12-01
1,full,max_abs,corr_mix,0.35,1.0,13,0.15384615384615385,0.46153846153846156,0.0,0.8461538461538461,2021-01-01,2023-12-01
1,full,max_abs,corr_mix,0.5,1.0,13,0.15384615384615385,0.46153846153846156,0.0,0.8461538461538461,2021-01-01,2023-12-01
1,full,max_abs,freeze,0.25,1.0,13,0.15384615384615385,0.46153846153846156,0.0,0.8461538461538461,2021-01-01,2023-12-01
1,full,max_abs,freeze,0.5,1.0,13,0.15384615384615385,0.46153846153846156,0.0,0.8461538461538461,2021-01-01,2023-12-01
1,full,max_abs,freeze,0.75,1.0,13,0.15384615384615385,0.46153846153846156,0.0,0.8461538461538461,2021-01-01,2023-12-01
1,full,max_abs,freeze,1.0,1.0,13,0.15384615384615385,0.46153846153846156,0.0,0.8461538461538461,2021-01-01,2023-12-01
1,full,pc_t2,corr_mix,0.15,1.0,13,0.15384615384615385,0.3076923076923077,0.0,0.8461538461538461,2021-01-01,2023-12-01
1,full,pc_t2,corr_mix,0.25,1.0,13,0.15384615384615385,0.3076923076923077,0.0,0.8461538461538461,2021-01-01,2023-12-01
1,full,pc_t2,corr_mix,0.35,1.0,13,0.15384615384615385,0.3076923076923077,0.0,0.8461538461538461,2021-01-01,2023-12-01
1,full,pc_t2,corr_mix,0.5,1.0,13,0.15384615384615385,0.3076923076923077,0.0,0.8461538461538461,2021-01-01,2023-12-01
1,full,pc_t2,freeze,0.25,1.0,13,0.15384615384615385,0.3076923076923077,0.0,0.8461538461538461,2021-01-01,2023-12-01
1,full,pc_t2,freeze,0.5,1.0,13,0.15384615384615385,0.3076923076923077,0.0,0.8461538461538461,2021-01-01,2023-12-01
1,full,pc_t2,freeze,0.75,1.0,13,0.15384615384615385,0.3076923076923077,0.0,0.8461538461538461,2021-01-01,2023-12-01
1,full,pc_t2,freeze,1.0,1.0,13,0.15384615384615385,0.3076923076923077,0.0,0.8461538461538461,2021-01-01,2023-12-01
1,full,res_energy,corr_mix,0.15,1.0,13,0.0,0.3076923076923077,0.0,1.0,2021-01-01,2023-12-01
1,full,res_energy,corr_mix,0.25,1.0,13,0.0,0.3076923076923077,0.0,1.0,2021-01-01,2023-12-01
1,full,res_energy,corr_mix,0.35,1.0,13,0.0,0.3076923076923077,0.0,1.0,2021-01-01,2023-12-01
1,full,res_energy,corr_mix,0.5,1.0,13,0.0,0.3076923076923077,0.0,1.0,2021-01-01,2023-12-01
1,full,res_energy,freeze,0.25,1.0,13,0.0,0.3076923076923077,0.0,1.0,2021-01-01,2023-12-01
1,full,res_energy,freeze,0.5,1.0,13,0.0,0.3076923076923077,0.0,1.0,2021-01-01,2023-12-01
1,full,res_energy,freeze,0.75,1.0,13,0.0,0.3076923076923077,0.0,1.0,2021-01-01,2023-12-01
1,full,res_energy,freeze,1.0,1.0,13,0.0,0.46153846153846156,0.0,1.0,2021-01-01,2023-12-01
1,full,stale,corr_mix,0.15,1.0,13,0.0,0.0,0.0,1.0,2021-01-01,2023-12-01
1,full,stale,corr_mix,0.25,1.0,13,0.0,0.0,0.0,1.0,2021-01-01,2023-12-01
1,full,stale,corr_mix,0.35,1.0,13,0.0,0.0,0.0,1.0,2021-01-01,2023-12-01
1,full,stale,corr_mix,0.5,1.0,13,0.0,0.0,0.0,1.0,2021-01-01,2023-12-01
1,full,stale,freeze,0.25,1.0,13,0.0,0.0,0.0,1.0,2021-01-01,2023-12-01
1,full,stale,freeze,0.5,1.0,13,0.0,0.46153846153846156,0.0,1.0,2021-01-01,2023-12-01
1,full,stale,freeze,0.75,1.0,13,0.0,0.5384615384615384,0.0,1.0,2021-01-01,2023-12-01
1,full,stale,freeze,1.0,1.0,13,0.0,0.5384615384615384,0.0,1.0,2021-01-01,2023-12-01
1,score_only,T2,corr_mix,0.15,1.0,13,0.0,0.46153846153846156,0.0,1.0,2021-01-01,2023-12-01
1,score_only,T2,corr_mix,0.25,1.0,13,0.0,0.46153846153846156,0.0,1.0,2021-01-01,2023-12-01
1,score_only,T2,corr_mix,0.35,1.0,13,0.0,0.46153846153846156,0.0,1.0,2021-01-01,2023-12-01
1,score_only,T2,corr_mix,0.5,1.0,13,0.0,0.46153846153846156,0.0,1.0,2021-01-01,2023-12-01
1,score_only,T2,freeze,0.25,1.0,13,0.0,0.46153846153846156,0.0,1.0,2021-01-01,2023-12-01
1,score_only,T2,freeze,0.5,1.0,13,0.0,0.46153846153846156,0.0,1.0,2021-01-01,2023-12-01
1,score_only,T2,freeze,0.75,1.0,13,0.0,0.46153846153846156,0.0,1.0,2021-01-01,2023-12-01
1,score_only,T2,freeze,1.0,1.0,13,0.0,0.46153846153846156,0.0,1.0,2021-01-01,2023-12-01
1,score_only,coh_resid_energy,corr_mix,0.15,1.0,13,0.0,0.23076923076923078,0.0,1.0,2021-01-01,2023-12-01
1,score_only,coh_resid_energy,corr_mix,0.25,1.0,13,0.0,0.23076923076923078,0.0,1.0,2021-01-01,2023-12-01
1,score_only,coh_resid_energy,corr_mix,0.35,1.0,13,0.0,0.23076923076923078,0.0,1.0,2021-01-01,2023-12-01
1,score_only,coh_resid_energy,corr_mix,0.5,1.0,13,0.0,0.23076923076923078,0.0,1.0,2021-01-01,2023-12-01
1,score_only,coh_resid_energy,freeze,0.25,1.0,13,0.0,0.23076923076923078,0.0,1.0,2021-01-01,2023-12-01
1,score_only,coh_resid_energy,freeze,0.5,1.0,13,0.0,0.23076923076923078,0.0,1.0,2021-01-01,2023-12-01
1,score_only,coh_resid_energy,freeze,0.75,1.0,13,0.0,0.3076923076923077,0.0,1.0,2021-01-01,2023-12-01
1,score_only,coh_resid_energy,freeze,1.0,1.0,13,0.0,0.3076923076923077,0.0,1.0,2021-01-01,2023-12-01
1,score_only,coh_resid_t2,corr_mix,0.15,1.0,13,0.0,0.3076923076923077,0.0,1.0,2021-01-01,2023-12-01
1,score_only,coh_resid_t2,corr_mix,0.25,1.0,13,0.0,0.3076923076923077,0.0,1.0,2021-01-01,2023-12-01
1,score_only,coh_resid_t2,corr_mix,0.35,1.0,13,0.0,0.3076923076923077,0.0,1.0,2021-01-01,2023-12-01
1,score_only,coh_resid_t2,corr_mix,0.5,1.0,13,0.0,0.3076923076923077,0.0,1.0,2021-01-01,2023-12-01
1,score_only,coh_resid_t2,freeze,0.25,1.0,13,0.0,0.3076923076923077,0.0,1.0,2021-01-01,2023-12-01
1,score_only,coh_resid_t2,freeze,0.5,1.0,13,0.0,0.6153846153846154,0.0,1.0,2021-01-01,2023-12-01
1,score_only,coh_resid_t2,freeze,0.75,1.0,13,0.0,0.6923076923076923,0.0,1.0,2021-01-01,2023-12-01
1,score_only,coh_resid_t2,freeze,1.0,1.0,13,0.0,1.0,0.0,1.0,2021-01-01,2023-12-01
1,score_only,cusum_coh_resid_t2,corr_mix,0.15,1.0,13,0.0,0.15384615384615385,1.0,1.0,2021-01-01,2023-12-01
1,score_only,cusum_coh_resid_t2,corr_mix,0.25,1.0,13,0.0,0.15384615384615385,1.0,1.0,2021-01-01,2023-12-01
1,score_only,cusum_coh_resid_t2,corr_mix,0.35,1.0,13,0.0,0.15384615384615385,1.0,1.0,2021-01-01,2023-12-01
1,score_only,cusum_coh_resid_t2,corr_mix,0.5,1.0,13,0.0,0.15384615384615385,1.0,1.0,2021-01-01,2023-12-01
1,score_only,cusum_coh_resid_t2,freeze,0.25,1.0,13,0.0,0.23076923076923078,1.0,1.0,2021-01-01,2023-12-01
1,score_only,cusum_coh_resid_t2,freeze,0.5,1.0,13,0.0,0.23076923076923078,1.0,1.0,2021-01-01,2023-12-01
1,score_only,cusum_coh_resid_t2,freeze,0.75,1.0,13,0.0,0.23076923076923078,1.0,1.0,2021-01-01,2023-12-01
1,score_only,cusum_coh_resid_t2,freeze,1.0,1.0,13,0.0,0.23076923076923078,1.0,1.0,2021-01-01,2023-12-01
1,score_only,cusum_factor_cov_lrt,corr_mix,0.15,1.0,13,0.0,0.9230769230769231,0.3076923076923077,1.0,2021-01-01,2023-12-01
1,score_only,cusum_factor_cov_lrt,corr_mix,0.25,1.0,13,0.0,0.9230769230769231,0.3076923076923077,1.0,2021-01-01,2023-12-01
1,score_only,cusum_factor_cov_lrt,corr_mix,0.35,1.0,13,0.0,0.9230769230769231,0.3076923076923077,1.0,2021-01-01,2023-12-01
1,score_only,cusum_factor_cov_lrt,corr_mix,0.5,1.0,13,0.0,0.9230769230769231,0.3076923076923077,1.0,2021-01-01,2023-12-01
1,score_only,cusum_factor_cov_lrt,freeze,0.25,1.0,13,0.0,0.9230769230769231,0.3076923076923077,1.0,2021-01-01,2023-12-01
1,score_only,cusum_factor_cov_lrt,freeze,0.5,1.0,13,0.0,0.9230769230769231,0.3076923076923077,1.0,2021-01-01,2023-12-01
1,score_only,cusum_factor_cov_lrt,freeze,0.75,1.0,13,0.0,0.9230769230769231,0.3076923076923077,1.0,2021-01-01,2023-12-01
1,score_only,cusum_factor_cov_lrt,freeze,1.0,1.0,13,0.0,0.9230769230769231,0.3076923076923077,1.0,2021-01-01,2023-12-01
1,score_only,ewma_coh_resid_t2,corr_mix,0.15,1.0,13,0.0,0.23076923076923078,0.0,1.0,2021-01-01,2023-12-01
1,score_only,ewma_coh_resid_t2,corr_mix,0.25,1.0,13,0.0,0.23076923076923078,0.0,1.0,2021-01-01,2023-12-01
1,score_only,ewma_coh_resid_t2,corr_mix,0.35,1.0,13,0.0,0.23076923076923078,0.0,1.0,2021-01-01,2023-12-01
1,score_only,ewma_coh_resid_t2,corr_mix,0.5,1.0,13,0.0,0.23076923076923078,0.0,1.0,2021-01-01,2023-12-01
1,score_only,ewma_coh_resid_t2,freeze,0.25,1.0,13,0.0,0.23076923076923078,0.0,1.0,2021-01-01,2023-12-01
1,score_only,ewma_coh_resid_t2,freeze,0.5,1.0,13,0.0,0.23076923076923078,0.0,1.0,2021-01-01,2023-12-01
1,score_only,ewma_coh_resid_t2,freeze,0.75,1.0,13,0.0,0.38461538461538464,0.0,1.0,2021-01-01,2023-12-01
1,score_only,ewma_coh_resid_t2,freeze,1.0,1.0,13,0.0,0.6923076923076923,0.0,1.0,2021-01-01,2023-12-01
1,score_only,ewma_factor_cov_lrt,corr_mix,0.15,1.0,13,0.46153846153846156,0.46153846153846156,0.0,0.5384615384615384,2021-01-01,2023-12-01
1,score_only,ewma_factor_cov_lrt,corr_mix,0.25,1.0,13,0.46153846153846156,0.46153846153846156,0.0,0.5384615384615384,2021-01-01,2023-12-01
1,score_only,ewma_factor_cov_lrt,corr_mix,0.35,1.0,13,0.46153846153846156,0.46153846153846156,0.0,0.5384615384615384,2021-01-01,2023-12-01
1,score_only,ewma_factor_cov_lrt,corr_mix,0.5,1.0,13,0.46153846153846156,0.46153846153846156,0.0,0.5384615384615384,2021-01-01,2023-12-01
1,score_only,ewma_factor_cov_lrt,freeze,0.25,1.0,13,0.46153846153846156,0.46153846153846156,0.0,0.5384615384615384,2021-01-01,2023-12-01
1,score_only,ewma_factor_cov_lrt,freeze,0.5,1.0,13,0.46153846153846156,0.46153846153846156,0.0,0.5384615384615384,2021-01-01,2023-12-01
1,score_only,ewma_factor_cov_lrt,freeze,0.75,1.0,13,0.46153846153846156,0.46153846153846156,0.0,0.5384615384615384,2021-01-01,2023-12-01
1,score_only,ewma_factor_cov_lrt,freeze,1.0,1.0,13,0.46153846153846156,0.46153846153846156,0.0,0.5384615384615384,2021-01-01,2023-12-01
1,score_only,factor_cov_change,corr_mix,0.15,1.0,13,0.3076923076923077,0.46153846153846156,0.0,0.6923076923076923,2021-01-01,2023-12-01
1,score_only,factor_cov_change,corr_mix,0.25,1.0,13,0.3076923076923077,0.46153846153846156,0.0,0.6923076923076923,2021-01-01,2023-12-01
1,score_only,factor_cov_change,corr_mix,0.35,1.0,13,0.3076923076923077,0.46153846153846156,0.0,0.6923076923076923,2021-01-01,2023-12-01
1,score_only,factor_cov_change,corr_mix,0.5,1.0,13,0.3076923076923077,0.46153846153846156,0.0,0.6923076923076923,2021-01-01,2023-12-01
1,score_only,factor_cov_change,freeze,0.25,1.0,13,0.3076923076923077,0.46153846153846156,0.0,0.6923076923076923,2021-01-01,2023-12-01
1,score_only,factor_cov_change,freeze,0.5,1.0,13,0.3076923076923077,0.46153846153846156,0.0,0.6923076923076923,2021-01-01,2023-12-01
1,score_only,factor_cov_change,freeze,0.75,1.0,13,0.3076923076923077,0.46153846153846156,0.0,0.6923076923076923,2021-01-01,2023-12-01
1,score_only,factor_cov_change,freeze,1.0,1.0,13,0.3076923076923077,0.46153846153846156,0.0,0.6923076923076923,2021-01-01,2023-12-01
1,score_only,factor_cov_delta,corr_mix,0.15,1.0,13,0.3076923076923077,0.46153846153846156,0.0,0.6923076923076923,2021-01-01,2023-12-01
1,score_only,factor_cov_delta,corr_mix,0.25,1.0,13,0.3076923076923077,0.46153846153846156,0.0,0.6923076923076923,2021-01-01,2023-12-01
1,score_only,factor_cov_delta,corr_mix,0.35,1.0,13,0.3076923076923077,0.46153846153846156,0.0,0.6923076923076923,2021-01-01,2023-12-01
1,score_only,factor_cov_delta,corr_mix,0.5,1.0,13,0.3076923076923077,0.46153846153846156,0.0,0.6923076923076923,2021-01-01,2023-12-01
1,score_only,factor_cov_delta,freeze,0.25,1.0,13,0.3076923076923077,0.46153846153846156,0.0,0.6923076923076923,2021-01-01,2023-12-01
1,score_only,factor_cov_delta,freeze,0.5,1.0,13,0.3076923076923077,0.46153846153846156,0.0,0.6923076923076923,2021-01-01,2023-12-01
1,score_only,factor_cov_delta,freeze,0.75,1.0,13,0.3076923076923077,0.46153846153846156,0.0,0.6923076923076923,2021-01-01,2023-12-01
1,score_only,factor_cov_delta,freeze,1.0,1.0,13,0.3076923076923077,0.46153846153846156,0.0,0.6923076923076923,2021-01-01,2023-12-01
1,score_only,factor_cov_lrt,corr_mix,0.15,1.0,13,0.3076923076923077,0.3076923076923077,0.0,0.0,2021-01-01,2023-12-01
1,score_only,factor_cov_lrt,corr_mix,0.25,1.0,13,0.3076923076923077,0.3076923076923077,0.0,0.0,2021-01-01,2023-12-01
1,score_only,factor_cov_lrt,corr_mix,0.35,1.0,13,0.3076923076923077,0.3076923076923077,0.0,0.0,2021-01-01,2023-12-01
1,score_only,factor_cov_lrt,corr_mix,0.5,1.0,13,0.3076923076923077,0.3076923076923077,0.0,0.0,2021-01-01,2023-12-01
1,score_only,factor_cov_lrt,freeze,0.25,1.0,13,0.3076923076923077,0.3076923076923077,0.0,0.0,2021-01-01,2023-12-01
1,score_only,factor_cov_lrt,freeze,0.5,1.0,13,0.3076923076923077,0.3076923076923077,0.0,0.0,2021-01-01,2023-12-01
1,score_only,factor_cov_lrt,freeze,0.75,1.0,13,0.3076923076923077,0.3076923076923077,0.0,0.0,2021-01-01,2023-12-01
1,score_only,factor_cov_lrt,freeze,1.0,1.0,13,0.46153846153846156,0.46153846153846156,0.0,0.0,2021-01-01,2023-12-01
1,score_only,factor_cov_lrt_delta,corr_mix,0.15,1.0,13,0.6923076923076923,0.6923076923076923,0.0,0.07692307692307693,2021-01-01,2023-12-01
1,score_only,factor_cov_lrt_delta,corr_mix,0.25,1.0,13,0.6923076923076923,0.6923076923076923,0.0,0.07692307692307693,2021-01-01,2023-12-01
1,score_only,factor_cov_lrt_delta,corr_mix,0.35,1.0,13,0.6923076923076923,0.6923076923076923,0.0,0.07692307692307693,2021-01-01,2023-12-01
1,score_only,factor_cov_lrt_delta,corr_mix,0.5,1.0,13,0.6923076923076923,0.6923076923076923,0.0,0.07692307692307693,2021-01-01,2023-12-01
1,score_only,factor_cov_lrt_delta,freeze,0.25,1.0,13,0.23076923076923078,0.23076923076923078,0.0,0.07692307692307693,2021-01-01,2023-12-01
1,score_only,factor_cov_lrt_delta,freeze,0.5,1.0,13,0.15384615384615385,0.15384615384615385,0.0,0.07692307692307693,2021-01-01,2023-12-01
1,score_only,factor_cov_lrt_delta,freeze,0.75,1.0,13,0.0,0.0,0.0,0.07692307692307693,2021-01-01,2023-12-01
1,score_only,factor_cov_lrt_delta,freeze,1.0,1.0,13,0.0,0.0,0.0,0.07692307692307693,2021-01-01,2023-12-01
1,score_only,fused_fisher,corr_mix,0.15,1.0,13,0.15384615384615385,0.15384615384615385,0.0,0.6923076923076923,2021-01-01,2023-12-01
1,score_only,fused_fisher,corr_mix,0.25,1.0,13,0.15384615384615385,0.15384615384615385,0.0,0.6923076923076923,2021-01-01,2023-12-01
1,score_only,fused_fisher,corr_mix,0.35,1.0,13,0.15384615384615385,0.15384615384615385,0.0,0.6923076923076923,2021-01-01,2023-12-01
1,score_only,fused_fisher,corr_mix,0.5,1.0,13,0.15384615384615385,0.15384615384615385,0.0,0.6923076923076923,2021-01-01,2023-12-01
1,score_only,fused_fisher,freeze,0.25,1.0,13,0.3076923076923077,0.3076923076923077,0.0,0.6923076923076923,2021-01-01,2023-12-01
1,score_only,fused_fisher,freeze,0.5,1.0,13,0.3076923076923077,0.3076923076923077,0.0,0.6923076923076923,2021-01-01,2023-12-01
1,score_only,fused_fisher,freeze,0.75,1.0,13,0.3076923076923077,0.3076923076923077,0.0,0.6923076923076923,2021-01-01,2023-12-01
1,score_only,fused_fisher,freeze,1.0,1.0,13,0.3076923076923077,0.46153846153846156,0.0,0.6923076923076923,2021-01-01,2023-12-01
1,score_only,fused_fisher_lrt_delta,corr_mix,0.15,1.0,13,0.0,0.23076923076923078,0.0,1.0,2021-01-01,2023-12-01
1,score_only,fused_fisher_lrt_delta,corr_mix,0.25,1.0,13,0.0,0.23076923076923078,0.0,1.0,2021-01-01,2023-12-01
1,score_only,fused_fisher_lrt_delta,corr_mix,0.35,1.0,13,0.0,0.23076923076923078,0.0,1.0,2021-01-01,2023-12-01
1,score_only,fused_fisher_lrt_delta,corr_mix,0.5,1.0,13,0.0,0.23076923076923078,0.0,1.0,2021-01-01,2023-12-01
1,score_only,fused_fisher_lrt_delta,freeze,0.25,1.0,13,0.0,0.15384615384615385,0.0,1.0,2021-01-01,2023-12-01
1,score_only,fused_fisher_lrt_delta,freeze,0.5,1.0,13,0.0,0.15384615384615385,0.0,1.0,2021-01-01,2023-12-01
1,score_only,fused_fisher_lrt_delta,freeze,0.75,1.0,13,0.0,0.0,0.0,1.0,2021-01-01,2023-12-01
1,score_only,fused_fisher_lrt_delta,freeze,1.0,1.0,13,0.0,0.0,0.0,1.0,2021-01-01,2023-12-01
1,score_only,fused_sp,corr_mix,0.15,1.0,13,0.0,0.3076923076923077,0.0,1.0,2021-01-01,2023-12-01
1,score_only,fused_sp,corr_mix,0.25,1.0,13,0.0,0.3076923076923077,0.0,1.0,2021-01-01,2023-12-01
1,score_only,fused_sp,corr_mix,0.35,1.0,13,0.0,0.3076923076923077,0.0,1.0,2021-01-01,2023-12-01
1,score_only,fused_sp,corr_mix,0.5,1.0,13,0.0,0.3076923076923077,0.0,1.0,2021-01-01,2023-12-01
1,score_only,fused_sp,freeze,0.25,1.0,13,0.0,0.3076923076923077,0.0,1.0,2021-01-01,2023-12-01
1,score_only,fused_sp,freeze,0.5,1.0,13,0.0,0.3076923076923077,0.0,1.0,2021-01-01,2023-12-01
1,score_only,fused_sp,freeze,0.75,1.0,13,0.0,0.3076923076923077,0.0,1.0,2021-01-01,2023-12-01
1,score_only,fused_sp,freeze,1.0,1.0,13,0.0,0.3076923076923077,0.0,1.0,2021-01-01,2023-12-01
1,score_only,fused_sp_lrt_delta,corr_mix,0.15,1.0,13,0.0,0.23076923076923078,0.0,1.0,2021-01-01,2023-12-01
1,score_only,fused_sp_lrt_delta,corr_mix,0.25,1.0,13,0.0,0.23076923076923078,0.0,1.0,2021-01-01,2023-12-01
1,score_only,fused_sp_lrt_delta,corr_mix,0.35,1.0,13,0.0,0.23076923076923078,0.0,1.0,2021-01-01,2023-12-01
1,score_only,fused_sp_lrt_delta,corr_mix,0.5,1.0,13,0.0,0.23076923076923078,0.0,1.0,2021-01-01,2023-12-01
1,score_only,fused_sp_lrt_delta,freeze,0.25,1.0,13,0.0,0.23076923076923078,0.0,1.0,2021-01-01,2023-12-01
1,score_only,fused_sp_lrt_delta,freeze,0.5,1.0,13,0.0,0.23076923076923078,0.0,1.0,2021-01-01,2023-12-01
1,score_only,fused_sp_lrt_delta,freeze,0.75,1.0,13,0.0,0.23076923076923078,0.0,1.0,2021-01-01,2023-12-01
1,score_only,fused_sp_lrt_delta,freeze,1.0,1.0,13,0.0,0.23076923076923078,0.0,1.0,2021-01-01,2023-12-01
1,score_only,max_abs,corr_mix,0.15,1.0,13,0.15384615384615385,0.46153846153846156,0.0,0.8461538461538461,2021-01-01,2023-12-01
1,score_only,max_abs,corr_mix,0.25,1.0,13,0.15384615384615385,0.46153846153846156,0.0,0.8461538461538461,2021-01-01,2023-12-01
1,score_only,max_abs,corr_mix,0.35,1.0,13,0.15384615384615385,0.46153846153846156,0.0,0.8461538461538461,2021-01-01,2023-12-01
1,score_only,max_abs,corr_mix,0.5,1.0,13,0.15384615384615385,0.46153846153846156,0.0,0.8461538461538461,2021-01-01,2023-12-01
1,score_only,max_abs,freeze,0.25,1.0,13,0.15384615384615385,0.46153846153846156,0.0,0.8461538461538461,2021-01-01,2023-12-01
1,score_only,max_abs,freeze,0.5,1.0,13,0.15384615384615385,0.46153846153846156,0.0,0.8461538461538461,2021-01-01,2023-12-01
1,score_only,max_abs,freeze,0.75,1.0,13,0.15384615384615385,0.46153846153846156,0.0,0.8461538461538461,2021-01-01,2023-12-01
1,score_only,max_abs,freeze,1.0,1.0,13,0.15384615384615385,0.46153846153846156,0.0,0.8461538461538461,2021-01-01,2023-12-01
1,score_only,pc_t2,corr_mix,0.15,1.0,13,0.0,0.23076923076923078,0.0,1.0,2021-01-01,2023-12-01
1,score_only,pc_t2,corr_mix,0.25,1.0,13,0.0,0.23076923076923078,0.0,1.0,2021-01-01,2023-12-01
1,score_only,pc_t2,corr_mix,0.35,1.0,13,0.0,0.23076923076923078,0.0,1.0,2021-01-01,2023-12-01
1,score_only,pc_t2,corr_mix,0.5,1.0,13,0.0,0.23076923076923078,0.0,1.0,2021-01-01,2023-12-01
1,score_only,pc_t2,freeze,0.25,1.0,13,0.0,0.23076923076923078,0.0,1.0,2021-01-01,2023-12-01
1,score_only,pc_t2,freeze,0.5,1.0,13,0.0,0.23076923076923078,0.0,1.0,2021-01-01,2023-12-01
1,score_only,pc_t2,freeze,0.75,1.0,13,0.0,0.23076923076923078,0.0,1.0,2021-01-01,2023-12-01
1,score_only,pc_t2,freeze,1.0,1.0,13,0.0,0.3076923076923077,0.0,1.0,2021-01-01,2023-12-01
1,score_only,res_energy,corr_mix,0.15,1.0,13,0.0,0.3076923076923077,0.0,1.0,2021-01-01,2023-12-01
1,score_only,res_energy,corr_mix,0.25,1.0,13,0.0,0.3076923076923077,0.0,1.0,2021-01-01,2023-12-01
1,score_only,res_energy,corr_mix,0.35,1.0,13,0.0,0.3076923076923077,0.0,1.0,2021-01-01,2023-12-01
1,score_only,res_energy,corr_mix,0.5,1.0,13,0.0,0.3076923076923077,0.0,1.0,2021-01-01,2023-12-01
1,score_only,res_energy,freeze,0.25,1.0,13,0.0,0.3076923076923077,0.0,1.0,2021-01-01,2023-12-01
1,score_only,res_energy,freeze,0.5,1.0,13,0.0,0.3076923076923077,0.0,1.0,2021-01-01,2023-12-01
1,score_only,res_energy,freeze,0.75,1.0,13,0.0,0.3076923076923077,0.0,1.0,2021-01-01,2023-12-01
1,score_only,res_energy,freeze,1.0,1.0,13,0.0,0.46153846153846156,0.0,1.0,2021-01-01,2023-12-01
1,score_only,stale,corr_mix,0.15,1.0,13,0.0,0.0,0.0,1.0,2021-01-01,2023-12-01
1,score_only,stale,corr_mix,0.25,1.0,13,0.0,0.0,0.0,1.0,2021-01-01,2023-12-01
1,score_only,stale,corr_mix,0.35,1.0,13,0.0,0.0,0.0,1.0,2021-01-01,2023-12-01
1,score_only,stale,corr_mix,0.5,1.0,13,0.0,0.0,0.0,1.0,2021-01-01,2023-12-01
1,score_only,stale,freeze,0.25,1.0,13,0.0,0.0,0.0,1.0,2021-01-01,2023-12-01
1,score_only,stale,freeze,0.5,1.0,13,0.0,0.0,0.0,1.0,2021-01-01,2023-12-01
1,score_only,stale,freeze,0.75,1.0,13,0.0,0.15384615384615385,0.0,1.0,2021-01-01,2023-12-01
1,score_only,stale,freeze,1.0,1.0,13,0.0,0.15384615384615385,0.0,1.0,2021-01-01,2023-12-01
2,all_only,T2,corr_mix,0.15,1.0,51,0.0,0.0,0.0,1.0,2022-01-01,2024-12-01
2,all_only,T2,corr_mix,0.25,1.0,51,0.0,0.0,0.0,1.0,2022-01-01,2024-12-01
2,all_only,T2,corr_mix,0.35,1.0,51,0.0,0.0,0.0,1.0,2022-01-01,2024-12-01
2,all_only,T2,corr_mix,0.5,1.0,51,0.0,0.0,0.0,1.0,2022-01-01,2024-12-01
2,all_only,T2,freeze,0.25,1.0,51,0.0,0.0,0.0,1.0,2022-01-01,2024-12-01
2,all_only,T2,freeze,0.5,1.0,51,0.0,0.0,0.0,1.0,2022-01-01,2024-12-01
2,all_only,T2,freeze,0.75,1.0,51,0.0,0.0,0.0,1.0,2022-01-01,2024-12-01
2,all_only,T2,freeze,1.0,1.0,51,0.0,0.0,0.0,1.0,2022-01-01,2024-12-01
2,all_only,cusum_factor_cov_lrt,corr_mix,0.15,1.0,51,0.0,0.47058823529411764,0.0196078431372549,1.0,2022-01-01,2024-12-01
2,all_only,cusum_factor_cov_lrt,corr_mix,0.25,1.0,51,0.0,0.47058823529411764,0.0196078431372549,1.0,2022-01-01,2024-12-01
2,all_only,cusum_factor_cov_lrt,corr_mix,0.35,1.0,51,0.0,0.47058823529411764,0.0196078431372549,1.0,2022-01-01,2024-12-01
2,all_only,cusum_factor_cov_lrt,corr_mix,0.5,1.0,51,0.0,0.47058823529411764,0.0196078431372549,1.0,2022-01-01,2024-12-01
2,all_only,cusum_factor_cov_lrt,freeze,0.25,1.0,51,0.0,0.47058823529411764,0.0196078431372549,1.0,2022-01-01,2024-12-01
2,all_only,cusum_factor_cov_lrt,freeze,0.5,1.0,51,0.0,0.47058823529411764,0.0196078431372549,1.0,2022-01-01,2024-12-01
2,all_only,cusum_factor_cov_lrt,freeze,0.75,1.0,51,0.0,0.47058823529411764,0.0196078431372549,1.0,2022-01-01,2024-12-01
2,all_only,cusum_factor_cov_lrt,freeze,1.0,1.0,51,0.0,0.47058823529411764,0.0196078431372549,1.0,2022-01-01,2024-12-01
2,all_only,ewma_factor_cov_lrt,corr_mix,0.15,1.0,51,0.0,0.0,0.0,0.0,2022-01-01,2024-12-01
2,all_only,ewma_factor_cov_lrt,corr_mix,0.25,1.0,51,0.0,0.0,0.0,0.0,2022-01-01,2024-12-01
2,all_only,ewma_factor_cov_lrt,corr_mix,0.35,1.0,51,0.0,0.0,0.0,0.0,2022-01-01,2024-12-01
2,all_only,ewma_factor_cov_lrt,corr_mix,0.5,1.0,51,0.0,0.0,0.0,0.0,2022-01-01,2024-12-01
2,all_only,ewma_factor_cov_lrt,freeze,0.25,1.0,51,0.0,0.0,0.0,0.0,2022-01-01,2024-12-01
2,all_only,ewma_factor_cov_lrt,freeze,0.5,1.0,51,0.0,0.0,0.0,0.0,2022-01-01,2024-12-01
2,all_only,ewma_factor_cov_lrt,freeze,0.75,1.0,51,0.0,0.0,0.0,0.0,2022-01-01,2024-12-01
2,all_only,ewma_factor_cov_lrt,freeze,1.0,1.0,51,0.0,0.0,0.0,0.0,2022-01-01,2024-12-01
2,all_only,factor_cov_change,corr_mix,0.15,1.0,51,0.0,0.0,0.0,1.0,2022-01-01,2024-12-01
2,all_only,factor_cov_change,corr_mix,0.25,1.0,51,0.0,0.0,0.0,1.0,2022-01-01,2024-12-01
2,all_only,factor_cov_change,corr_mix,0.35,1.0,51,0.0,0.0,0.0,1.0,2022-01-01,2024-12-01
2,all_only,factor_cov_change,corr_mix,0.5,1.0,51,0.0,0.0,0.0,1.0,2022-01-01,2024-12-01
2,all_only,factor_cov_change,freeze,0.25,1.0,51,0.0,0.0,0.0,1.0,2022-01-01,2024-12-01
2,all_only,factor_cov_change,freeze,0.5,1.0,51,0.0,0.0,0.0,1.0,2022-01-01,2024-12-01
2,all_only,factor_cov_change,freeze,0.75,1.0,51,0.0,0.0,0.0,1.0,2022-01-01,2024-12-01
2,all_only,factor_cov_change,freeze,1.0,1.0,51,0.0,0.0,0.0,1.0,2022-01-01,2024-12-01
2,all_only,factor_cov_delta,corr_mix,0.15,1.0,51,0.0,0.0,0.0,1.0,2022-01-01,2024-12-01
2,all_only,factor_cov_delta,corr_mix,0.25,1.0,51,0.0,0.0,0.0,1.0,2022-01-01,2024-12-01
2,all_only,factor_cov_delta,corr_mix,0.35,1.0,51,0.0,0.0,0.0,1.0,2022-01-01,2024-12-01
2,all_only,factor_cov_delta,corr_mix,0.5,1.0,51,0.0,0.0,0.0,1.0,2022-01-01,2024-12-01
2,all_only,factor_cov_delta,freeze,0.25,1.0,51,0.0,0.0,0.0,1.0,2022-01-01,2024-12-01
2,all_only,factor_cov_delta,freeze,0.5,1.0,51,0.0,0.0,0.0,1.0,2022-01-01,2024-12-01
2,all_only,factor_cov_delta,freeze,0.75,1.0,51,0.0,0.0,0.0,1.0,2022-01-01,2024-12-01
2,all_only,factor_cov_delta,freeze,1.0,1.0,51,0.0,0.0,0.0,1.0,2022-01-01,2024-12-01
2,all_only,factor_cov_lrt,corr_mix,0.15,1.0,51,0.0,0.0,0.0,0.0,2022-01-01,2024-12-01
2,all_only,factor_cov_lrt,corr_mix,0.25,1.0,51,0.0,0.0,0.0,0.0,2022-01-01,2024-12-01
2,all_only,factor_cov_lrt,corr_mix,0.35,1.0,51,0.0,0.0,0.0,0.0,2022-01-01,2024-12-01
2,all_only,factor_cov_lrt,corr_mix,0.5,1.0,51,0.0,0.0,0.0,0.0,2022-01-01,2024-12-01
2,all_only,factor_cov_lrt,freeze,0.25,1.0,51,0.0,0.0,0.0,0.0,2022-01-01,2024-12-01
2,all_only,factor_cov_lrt,freeze,0.5,1.0,51,0.0,0.0,0.0,0.0,2022-01-01,2024-12-01
2,all_only,factor_cov_lrt,freeze,0.75,1.0,51,0.0,0.0,0.0,0.0,2022-01-01,2024-12-01
2,all_only,factor_cov_lrt,freeze,1.0,1.0,51,0.0,0.0,0.0,0.0,2022-01-01,2024-12-01
2,all_only,factor_cov_lrt_delta,corr_mix,0.15,1.0,51,0.0,0.0,0.0,0.0,2022-01-01,2024-12-01
2,all_only,factor_cov_lrt_delta,corr_mix,0.25,1.0,51,0.0,0.0,0.0,0.0,2022-01-01,2024-12-01
2,all_only,factor_cov_lrt_delta,corr_mix,0.35,1.0,51,0.0,0.0,0.0,0.0,2022-01-01,2024-12-01
2,all_only,factor_cov_lrt_delta,corr_mix,0.5,1.0,51,0.0,0.0,0.0,0.0,2022-01-01,2024-12-01
2,all_only,factor_cov_lrt_delta,freeze,0.25,1.0,51,0.0,0.0,0.0,0.0,2022-01-01,2024-12-01
2,all_only,factor_cov_lrt_delta,freeze,0.5,1.0,51,0.0,0.0,0.0,0.0,2022-01-01,2024-12-01
2,all_only,factor_cov_lrt_delta,freeze,0.75,1.0,51,0.0,0.0,0.0,0.0,2022-01-01,2024-12-01
2,all_only,factor_cov_lrt_delta,freeze,1.0,1.0,51,0.0,0.0,0.0,0.0,2022-01-01,2024-12-01
2,all_only,fused_fisher,corr_mix,0.15,1.0,51,0.0,0.0392156862745098,0.0,1.0,2022-01-01,2024-12-01
2,all_only,fused_fisher,corr_mix,0.25,1.0,51,0.0,0.0392156862745098,0.0,1.0,2022-01-01,2024-12-01
2,all_only,fused_fisher,corr_mix,0.35,1.0,51,0.0,0.0392156862745098,0.0,1.0,2022-01-01,2024-12-01
2,all_only,fused_fisher,corr_mix,0.5,1.0,51,0.0,0.0392156862745098,0.0,1.0,2022-01-01,2024-12-01
2,all_only,fused_fisher,freeze,0.25,1.0,51,0.0,0.0392156862745098,0.0,1.0,2022-01-01,2024-12-01
2,all_only,fused_fisher,freeze,0.5,1.0,51,0.0,0.0392156862745098,0.0,1.0,2022-01-01,2024-12-01
2,all_only,fused_fisher,freeze,0.75,1.0,51,0.0,0.0392156862745098,0.0,1.0,2022-01-01,2024-12-01
2,all_only,fused_fisher,freeze,1.0,1.0,51,0.0,0.0392156862745098,0.0,1.0,2022-01-01,2024-12-01
2,all_only,fused_fisher_lrt_delta,corr_mix,0.15,1.0,51,0.0,0.0,0.0,0.0,2022-01-01,2024-12-01
2,all_only,fused_fisher_lrt_delta,corr_mix,0.25,1.0,51,0.0,0.0,0.0,0.0,2022-01-01,2024-12-01
2,all_only,fused_fisher_lrt_delta,corr_mix,0.35,1.0,51,0.0,0.0,0.0,0.0,2022-01-01,2024-12-01
2,all_only,fused_fisher_lrt_delta,corr_mix,0.5,1.0,51,0.0,0.0,0.0,0.0,2022-01-01,2024-12-01
2,all_only,fused_fisher_lrt_delta,freeze,0.25,1.0,51,0.0,0.0,0.0,0.0,2022-01-01,2024-12-01
2,all_only,fused_fisher_lrt_delta,freeze,0.5,1.0,51,0.0,0.0,0.0,0.0,2022-01-01,2024-12-01
2,all_only,fused_fisher_lrt_delta,freeze,0.75,1.0,51,0.0,0.0,0.0,0.0,2022-01-01,2024-12-01
2,all_only,fused_fisher_lrt_delta,freeze,1.0,1.0,51,0.0,0.0,0.0,0.0,2022-01-01,2024-12-01
2,all_only,fused_sp,corr_mix,0.15,1.0,51,0.0,0.0,0.0,0.0,2022-01-01,2024-12-01
2,all_only,fused_sp,corr_mix,0.25,1.0,51,0.0,0.0,0.0,0.0,2022-01-01,2024-12-01
2,all_only,fused_sp,corr_mix,0.35,1.0,51,0.0,0.0,0.0,0.0,2022-01-01,2024-12-01
2,all_only,fused_sp,corr_mix,0.5,1.0,51,0.0,0.0,0.0,0.0,2022-01-01,2024-12-01
2,all_only,fused_sp,freeze,0.25,1.0,51,0.0,0.0,0.0,0.0,2022-01-01,2024-12-01
2,all_only,fused_sp,freeze,0.5,1.0,51,0.0,0.0,0.0,0.0,2022-01-01,2024-12-01
2,all_only,fused_sp,freeze,0.75,1.0,51,0.0,0.0,0.0,0.0,2022-01-01,2024-12-01
2,all_only,fused_sp,freeze,1.0,1.0,51,0.0,0.0,0.0,0.0,2022-01-01,2024-12-01
2,all_only,fused_sp_lrt_delta,corr_mix,0.15,1.0,51,0.0,0.0,0.0,0.0,2022-01-01,2024-12-01
2,all_only,fused_sp_lrt_delta,corr_mix,0.25,1.0,51,0.0,0.0,0.0,0.0,2022-01-01,2024-12-01
2,all_only,fused_sp_lrt_delta,corr_mix,0.35,1.0,51,0.0,0.0,0.0,0.0,2022-01-01,2024-12-01
2,all_only,fused_sp_lrt_delta,corr_mix,0.5,1.0,51,0.0,0.0,0.0,0.0,2022-01-01,2024-12-01
2,all_only,fused_sp_lrt_delta,freeze,0.25,1.0,51,0.0,0.0,0.0,0.0,2022-01-01,2024-12-01
2,all_only,fused_sp_lrt_delta,freeze,0.5,1.0,51,0.0,0.0,0.0,0.0,2022-01-01,2024-12-01
2,all_only,fused_sp_lrt_delta,freeze,0.75,1.0,51,0.0,0.0,0.0,0.0,2022-01-01,2024-12-01
2,all_only,fused_sp_lrt_delta,freeze,1.0,1.0,51,0.0,0.0,0.0,0.0,2022-01-01,2024-12-01
2,all_only,max_abs,corr_mix,0.15,1.0,51,0.0,0.11764705882352941,0.0,1.0,2022-01-01,2024-12-01
2,all_only,max_abs,corr_mix,0.25,1.0,51,0.0,0.11764705882352941,0.0,1.0,2022-01-01,2024-12-01
2,all_only,max_abs,corr_mix,0.35,1.0,51,0.0,0.11764705882352941,0.0,1.0,2022-01-01,2024-12-01
2,all_only,max_abs,corr_mix,0.5,1.0,51,0.0,0.11764705882352941,0.0,1.0,2022-01-01,2024-12-01
2,all_only,max_abs,freeze,0.25,1.0,51,0.0,0.11764705882352941,0.0,1.0,2022-01-01,2024-12-01
2,all_only,max_abs,freeze,0.5,1.0,51,0.0,0.11764705882352941,0.0,1.0,2022-01-01,2024-12-01
2,all_only,max_abs,freeze,0.75,1.0,51,0.0,0.11764705882352941,0.0,1.0,2022-01-01,2024-12-01
2,all_only,max_abs,freeze,1.0,1.0,51,0.0,0.11764705882352941,0.0,1.0,2022-01-01,2024-12-01
2,all_only,pc_t2,corr_mix,0.15,1.0,51,0.0,0.0392156862745098,0.0,1.0,2022-01-01,2024-12-01
2,all_only,pc_t2,corr_mix,0.25,1.0,51,0.0,0.0392156862745098,0.0,1.0,2022-01-01,2024-12-01
2,all_only,pc_t2,corr_mix,0.35,1.0,51,0.0,0.0392156862745098,0.0,1.0,2022-01-01,2024-12-01
2,all_only,pc_t2,corr_mix,0.5,1.0,51,0.0,0.0392156862745098,0.0,1.0,2022-01-01,2024-12-01
2,all_only,pc_t2,freeze,0.25,1.0,51,0.0,0.0392156862745098,0.0,1.0,2022-01-01,2024-12-01
2,all_only,pc_t2,freeze,0.5,1.0,51,0.0,0.0392156862745098,0.0,1.0,2022-01-01,2024-12-01
2,all_only,pc_t2,freeze,0.75,1.0,51,0.0,0.0392156862745098,0.0,1.0,2022-01-01,2024-12-01
2,all_only,pc_t2,freeze,1.0,1.0,51,0.0,0.0392156862745098,0.0,1.0,2022-01-01,2024-12-01
2,all_only,res_energy,corr_mix,0.15,1.0,51,0.0,0.0,0.0,1.0,2022-01-01,2024-12-01
2,all_only,res_energy,corr_mix,0.25,1.0,51,0.0,0.0,0.0,1.0,2022-01-01,2024-12-01
2,all_only,res_energy,corr_mix,0.35,1.0,51,0.0,0.0,0.0,1.0,2022-01-01,2024-12-01
2,all_only,res_energy,corr_mix,0.5,1.0,51,0.0,0.0,0.0,1.0,2022-01-01,2024-12-01
2,all_only,res_energy,freeze,0.25,1.0,51,0.0,0.0,0.0,1.0,2022-01-01,2024-12-01
2,all_only,res_energy,freeze,0.5,1.0,51,0.0,0.0,0.0,1.0,2022-01-01,2024-12-01
2,all_only,res_energy,freeze,0.75,1.0,51,0.0,0.0,0.0,1.0,2022-01-01,2024-12-01
2,all_only,res_energy,freeze,1.0,1.0,51,0.0,0.0,0.0,1.0,2022-01-01,2024-12-01
2,all_only,stale,corr_mix,0.15,1.0,51,0.0392156862745098,0.0392156862745098,0.0,0.0,2022-01-01,2024-12-01
2,all_only,stale,corr_mix,0.25,1.0,51,0.0392156862745098,0.0392156862745098,0.0,0.0,2022-01-01,2024-12-01
2,all_only,stale,corr_mix,0.35,1.0,51,0.0392156862745098,0.0392156862745098,0.0,0.0,2022-01-01,2024-12-01
2,all_only,stale,corr_mix,0.5,1.0,51,0.0392156862745098,0.0392156862745098,0.0,0.0,2022-01-01,2024-12-01
2,all_only,stale,freeze,0.25,1.0,51,0.0392156862745098,0.0392156862745098,0.0,0.0,2022-01-01,2024-12-01
2,all_only,stale,freeze,0.5,1.0,51,0.0392156862745098,0.0392156862745098,0.0,0.0,2022-01-01,2024-12-01
2,all_only,stale,freeze,0.75,1.0,51,0.0392156862745098,0.0392156862745098,0.0,0.0,2022-01-01,2024-12-01
2,all_only,stale,freeze,1.0,1.0,51,0.0392156862745098,0.0392156862745098,0.0,0.0,2022-01-01,2024-12-01
2,full,T2,corr_mix,0.15,1.0,51,0.0,0.058823529411764705,0.0,1.0,2022-01-01,2024-12-01
2,full,T2,corr_mix,0.25,1.0,51,0.0,0.058823529411764705,0.0,1.0,2022-01-01,2024-12-01
2,full,T2,corr_mix,0.35,1.0,51,0.0,0.058823529411764705,0.0,1.0,2022-01-01,2024-12-01
2,full,T2,corr_mix,0.5,1.0,51,0.0,0.09803921568627451,0.0,1.0,2022-01-01,2024-12-01
2,full,T2,freeze,0.25,1.0,51,0.0,0.0784313725490196,0.0,1.0,2022-01-01,2024-12-01
2,full,T2,freeze,0.5,1.0,51,0.0,0.21568627450980393,0.0,1.0,2022-01-01,2024-12-01
2,full,T2,freeze,0.75,1.0,51,0.0,0.37254901960784315,0.0,1.0,2022-01-01,2024-12-01
2,full,T2,freeze,1.0,1.0,51,0.0,0.6470588235294118,0.0,1.0,2022-01-01,2024-12-01
2,full,cusum_factor_cov_lrt,corr_mix,0.15,1.0,51,0.0,0.39215686274509803,0.45098039215686275,1.0,2022-01-01,2024-12-01
2,full,cusum_factor_cov_lrt,corr_mix,0.25,1.0,51,0.0,0.39215686274509803,0.45098039215686275,1.0,2022-01-01,2024-12-01
2,full,cusum_factor_cov_lrt,corr_mix,0.35,1.0,51,0.0,0.39215686274509803,0.45098039215686275,1.0,2022-01-01,2024-12-01
2,full,cusum_factor_cov_lrt,corr_mix,0.5,1.0,51,0.0,0.39215686274509803,0.45098039215686275,1.0,2022-01-01,2024-12-01
2,full,cusum_factor_cov_lrt,freeze,0.25,1.0,51,0.0,0.37254901960784315,0.45098039215686275,1.0,2022-01-01,2024-12-01
2,full,cusum_factor_cov_lrt,freeze,0.5,1.0,51,0.0,0.35294117647058826,0.45098039215686275,1.0,2022-01-01,2024-12-01
2,full,cusum_factor_cov_lrt,freeze,0.75,1.0,51,0.0,0.47058823529411764,0.45098039215686275,1.0,2022-01-01,2024-12-01
2,full,cusum_factor_cov_lrt,freeze,1.0,1.0,51,0.0,0.7647058823529411,0.45098039215686275,1.0,2022-01-01,2024-12-01
2,full,ewma_factor_cov_lrt,corr_mix,0.15,1.0,51,0.0,0.0,0.0,0.0,2022-01-01,2024-12-01
2,full,ewma_factor_cov_lrt,corr_mix,0.25,1.0,51,0.0,0.0,0.0,0.0,2022-01-01,2024-12-01
2,full,ewma_factor_cov_lrt,corr_mix,0.35,1.0,51,0.0,0.0,0.0,0.0,2022-01-01,2024-12-01
2,full,ewma_factor_cov_lrt,corr_mix,0.5,1.0,51,0.0,0.0,0.0,0.0,2022-01-01,2024-12-01
2,full,ewma_factor_cov_lrt,freeze,0.25,1.0,51,0.0,0.0,0.0,0.0,2022-01-01,2024-12-01
2,full,ewma_factor_cov_lrt,freeze,0.5,1.0,51,0.0,0.0,0.0,0.0,2022-01-01,2024-12-01
2,full,ewma_factor_cov_lrt,freeze,0.75,1.0,51,0.0,0.0,0.0,0.0,2022-01-01,2024-12-01
2,full,ewma_factor_cov_lrt,freeze,1.0,1.0,51,0.0,0.0,0.0,0.0,2022-01-01,2024-12-01
2,full,factor_cov_change,corr_mix,0.15,1.0,51,0.0,0.0,0.0,1.0,2022-01-01,2024-12-01
2,full,factor_cov_change,corr_mix,0.25,1.0,51,0.0,0.0,0.0,1.0,2022-01-01,2024-12-01
2,full,factor_cov_change,corr_mix,0.35,1.0,51,0.0,0.0,0.0,1.0,2022-01-01,2024-12-01
2,full,factor_cov_change,corr_mix,0.5,1.0,51,0.0,0.0,0.0,1.0,2022-01-01,2024-12-01
2,full,factor_cov_change,freeze,0.25,1.0,51,0.0,0.0,0.0,1.0,2022-01-01,2024-12-01
2,full,factor_cov_change,freeze,0.5,1.0,51,0.0,0.0,0.0,1.0,2022-01-01,2024-12-01
2,full,factor_cov_change,freeze,0.75,1.0,51,0.0,0.0,0.0,1.0,2022-01-01,2024-12-01
2,full,factor_cov_change,freeze,1.0,1.0,51,0.0,0.0,0.0,1.0,2022-01-01,2024-12-01
2,full,factor_cov_delta,corr_mix,0.15,1.0,51,0.0,0.0,0.0,1.0,2022-01-01,2024-12-01
2,full,factor_cov_delta,corr_mix,0.25,1.0,51,0.0,0.0,0.0,1.0,2022-01-01,2024-12-01
2,full,factor_cov_delta,corr_mix,0.35,1.0,51,0.0,0.0,0.0,1.0,2022-01-01,2024-12-01
2,full,factor_cov_delta,corr_mix,0.5,1.0,51,0.0,0.0,0.0,1.0,2022-01-01,2024-12-01
2,full,factor_cov_delta,freeze,0.25,1.0,51,0.0,0.0,0.0,1.0,2022-01-01,2024-12-01
2,full,factor_cov_delta,freeze,0.5,1.0,51,0.0,0.0,0.0,1.0,2022-01-01,2024-12-01
2,full,factor_cov_delta,freeze,0.75,1.0,51,0.0,0.0,0.0,1.0,2022-01-01,2024-12-01
2,full,factor_cov_delta,freeze,1.0,1.0,51,0.0,0.0,0.0,1.0,2022-01-01,2024-12-01
2,full,factor_cov_lrt,corr_mix,0.15,1.0,51,0.0,0.0,0.0,0.0,2022-01-01,2024-12-01
2,full,factor_cov_lrt,corr_mix,0.25,1.0,51,0.0,0.0,0.0,0.0,2022-01-01,2024-12-01
2,full,factor_cov_lrt,corr_mix,0.35,1.0,51,0.0,0.0,0.0,0.0,2022-01-01,2024-12-01
2,full,factor_cov_lrt,corr_mix,0.5,1.0,51,0.0,0.0,0.0,0.0,2022-01-01,2024-12-01
2,full,factor_cov_lrt,freeze,0.25,1.0,51,0.0,0.0,0.0,0.0,2022-01-01,2024-12-01
2,full,factor_cov_lrt,freeze,0.5,1.0,51,0.0,0.0,0.0,0.0,2022-01-01,2024-12-01
2,full,factor_cov_lrt,freeze,0.75,1.0,51,0.0,0.0,0.0,0.0,2022-01-01,2024-12-01
2,full,factor_cov_lrt,freeze,1.0,1.0,51,0.0,0.0,0.0,0.0,2022-01-01,2024-12-01
2,full,factor_cov_lrt_delta,corr_mix,0.15,1.0,51,0.0,0.19607843137254902,1.0,0.0,2022-01-01,2024-12-01
2,full,factor_cov_lrt_delta,corr_mix,0.25,1.0,51,0.0,0.13725490196078433,1.0,0.0,2022-01-01,2024-12-01
2,full,factor_cov_lrt_delta,corr_mix,0.35,1.0,51,0.0,0.11764705882352941,1.0,0.0,2022-01-01,2024-12-01
2,full,factor_cov_lrt_delta,corr_mix,0.5,1.0,51,0.0,0.11764705882352941,1.0,0.0,2022-01-01,2024-12-01
2,full,factor_cov_lrt_delta,freeze,0.25,1.0,51,0.0,0.11764705882352941,1.0,0.0,2022-01-01,2024-12-01
2,full,factor_cov_lrt_delta,freeze,0.5,1.0,51,0.0,0.0,1.0,0.0,2022-01-01,2024-12-01
2,full,factor_cov_lrt_delta,freeze,0.75,1.0,51,0.0,0.0,1.0,0.0,2022-01-01,2024-12-01
2,full,factor_cov_lrt_delta,freeze,1.0,1.0,51,0.0,0.0,1.0,0.0,2022-01-01,2024-12-01
2,full,fused_fisher,corr_mix,0.15,1.0,51,0.0,0.0,0.0,1.0,2022-01-01,2024-12-01
2,full,fused_fisher,corr_mix,0.25,1.0,51,0.0,0.0,0.0,1.0,2022-01-01,2024-12-01
2,full,fused_fisher,corr_mix,0.35,1.0,51,0.0,0.0,0.0,1.0,2022-01-01,2024-12-01
2,full,fused_fisher,corr_mix,0.5,1.0,51,0.0,0.0,0.0,1.0,2022-01-01,2024-12-01
2,full,fused_fisher,freeze,0.25,1.0,51,0.0,0.0196078431372549,0.0,1.0,2022-01-01,2024-12-01
2,full,fused_fisher,freeze,0.5,1.0,51,0.0,0.0196078431372549,0.0,1.0,2022-01-01,2024-12-01
2,full,fused_fisher,freeze,0.75,1.0,51,0.0,0.11764705882352941,0.0,1.0,2022-01-01,2024-12-01
2,full,fused_fisher,freeze,1.0,1.0,51,0.0,0.11764705882352941,0.0,1.0,2022-01-01,2024-12-01
2,full,fused_fisher_lrt_delta,corr_mix,0.15,1.0,51,0.0,0.0,0.0,1.0,2022-01-01,2024-12-01
2,full,fused_fisher_lrt_delta,corr_mix,0.25,1.0,51,0.0,0.0,0.0,1.0,2022-01-01,2024-12-01
2,full,fused_fisher_lrt_delta,corr_mix,0.35,1.0,51,0.0,0.0,0.0,1.0,2022-01-01,2024-12-01
2,full,fused_fisher_lrt_delta,corr_mix,0.5,1.0,51,0.0,0.0,0.0,1.0,2022-01-01,2024-12-01
2,full,fused_fisher_lrt_delta,freeze,0.25,1.0,51,0.0,0.0,0.0,1.0,2022-01-01,2024-12-01
2,full,fused_fisher_lrt_delta,freeze,0.5,1.0,51,0.0,0.0,0.0,1.0,2022-01-01,2024-12-01
2,full,fused_fisher_lrt_delta,freeze,0.75,1.0,51,0.0,0.0,0.0,1.0,2022-01-01,2024-12-01
2,full,fused_fisher_lrt_delta,freeze,1.0,1.0,51,0.0,0.0,0.0,1.0,2022-01-01,2024-12-01
2,full,fused_sp,corr_mix,0.15,1.0,51,0.0,0.0392156862745098,0.0,1.0,2022-01-01,2024-12-01
2,full,fused_sp,corr_mix,0.25,1.0,51,0.0,0.0392156862745098,0.0,1.0,2022-01-01,2024-12-01
2,full,fused_sp,corr_mix,0.35,1.0,51,0.0,0.0392156862745098,0.0,1.0,2022-01-01,2024-12-01
2,full,fused_sp,corr_mix,0.5,1.0,51,0.0,0.0392156862745098,0.0,1.0,2022-01-01,2024-12-01
2,full,fused_sp,freeze,0.25,1.0,51,0.0,0.0196078431372549,0.0,1.0,2022-01-01,2024-12-01
2,full,fused_sp,freeze,0.5,1.0,51,0.0,0.0,0.0,1.0,2022-01-01,2024-12-01
2,full,fused_sp,freeze,0.75,1.0,51,0.0,0.0,0.0,1.0,2022-01-01,2024-12-01
2,full,fused_sp,freeze,1.0,1.0,51,0.0,0.0196078431372549,0.0,1.0,2022-01-01,2024-12-01
2,full,fused_sp_lrt_delta,corr_mix,0.15,1.0,51,0.0,0.0392156862745098,0.0,1.0,2022-01-01,2024-12-01
2,full,fused_sp_lrt_delta,corr_mix,0.25,1.0,51,0.0,0.0392156862745098,0.0,1.0,2022-01-01,2024-12-01
2,full,fused_sp_lrt_delta,corr_mix,0.35,1.0,51,0.0,0.0392156862745098,0.0,1.0,2022-01-01,2024-12-01
2,full,fused_sp_lrt_delta,corr_mix,0.5,1.0,51,0.0,0.0392156862745098,0.0,1.0,2022-01-01,2024-12-01
2,full,fused_sp_lrt_delta,freeze,0.25,1.0,51,0.0,0.0196078431372549,0.0,1.0,2022-01-01,2024-12-01
2,full,fused_sp_lrt_delta,freeze,0.5,1.0,51,0.0,0.0,0.0,1.0,2022-01-01,2024-12-01
2,full,fused_sp_lrt_delta,freeze,0.75,1.0,51,0.0,0.0,0.0,1.0,2022-01-01,2024-12-01
2,full,fused_sp_lrt_delta,freeze,1.0,1.0,51,0.0,0.0196078431372549,0.0,1.0,2022-01-01,2024-12-01
2,full,max_abs,corr_mix,0.15,1.0,51,0.0,0.0,0.0,1.0,2022-01-01,2024-12-01
2,full,max_abs,corr_mix,0.25,1.0,51,0.0,0.0,0.0,1.0,2022-01-01,2024-12-01
2,full,max_abs,corr_mix,0.35,1.0,51,0.0,0.0,0.0,1.0,2022-01-01,2024-12-01
2,full,max_abs,corr_mix,0.5,1.0,51,0.0,0.0,0.0,1.0,2022-01-01,2024-12-01
2,full,max_abs,freeze,0.25,1.0,51,0.0,0.0,0.0,1.0,2022-01-01,2024-12-01
2,full,max_abs,freeze,0.5,1.0,51,0.0,0.0,0.0,1.0,2022-01-01,2024-12-01
2,full,max_abs,freeze,0.75,1.0,51,0.0,0.0,0.0,1.0,2022-01-01,2024-12-01
2,full,max_abs,freeze,1.0,1.0,51,0.0,0.0,0.0,1.0,2022-01-01,2024-12-01
2,full,pc_t2,corr_mix,0.15,1.0,51,0.0,0.0,0.0,1.0,2022-01-01,2024-12-01
2,full,pc_t2,corr_mix,0.25,1.0,51,0.0,0.0,0.0,1.0,2022-01-01,2024-12-01
2,full,pc_t2,corr_mix,0.35,1.0,51,0.0,0.0,0.0,1.0,2022-01-01,2024-12-01
2,full,pc_t2,corr_mix,0.5,1.0,51,0.0,0.0,0.0,1.0,2022-01-01,2024-12-01
2,full,pc_t2,freeze,0.25,1.0,51,0.0,0.0,0.0,1.0,2022-01-01,2024-12-01
2,full,pc_t2,freeze,0.5,1.0,51,0.0,0.0,0.0,1.0,2022-01-01,2024-12-01
2,full,pc_t2,freeze,0.75,1.0,51,0.0,0.0,0.0,1.0,2022-01-01,2024-12-01
2,full,pc_t2,freeze,1.0,1.0,51,0.0,0.0,0.0,1.0,2022-01-01,2024-12-01
2,full,res_energy,corr_mix,0.15,1.0,51,0.0,0.0392156862745098,0.0,1.0,2022-01-01,2024-12-01
2,full,res_energy,corr_mix,0.25,1.0,51,0.0,0.0392156862745098,0.0,1.0,2022-01-01,2024-12-01
2,full,res_energy,corr_mix,0.35,1.0,51,0.0,0.0392156862745098,0.0,1.0,2022-01-01,2024-12-01
2,full,res_energy,corr_mix,0.5,1.0,51,0.0,0.0392156862745098,0.0,1.0,2022-01-01,2024-12-01
2,full,res_energy,freeze,0.25,1.0,51,0.0,0.0196078431372549,0.0,1.0,2022-01-01,2024-12-01
2,full,res_energy,freeze,0.5,1.0,51,0.0,0.0,0.0,1.0,2022-01-01,2024-12-01
2,full,res_energy,freeze,0.75,1.0,51,0.0,0.0,0.0,1.0,2022-01-01,2024-12-01
2,full,res_energy,freeze,1.0,1.0,51,0.0,0.0196078431372549,0.0,1.0,2022-01-01,2024-12-01
2,full,stale,corr_mix,0.15,1.0,51,0.17647058823529413,0.47058823529411764,0.0,0.8235294117647058,2022-01-01,2024-12-01
2,full,stale,corr_mix,0.25,1.0,51,0.17647058823529413,0.47058823529411764,0.0,0.8235294117647058,2022-01-01,2024-12-01
2,full,stale,corr_mix,0.35,1.0,51,0.17647058823529413,0.47058823529411764,0.0,0.8235294117647058,2022-01-01,2024-12-01
2,full,stale,corr_mix,0.5,1.0,51,0.17647058823529413,0.47058823529411764,0.0,0.8235294117647058,2022-01-01,2024-12-01
2,full,stale,freeze,0.25,1.0,51,0.17647058823529413,0.5294117647058824,0.0,0.8235294117647058,2022-01-01,2024-12-01
2,full,stale,freeze,0.5,1.0,51,0.17647058823529413,0.6274509803921569,0.0,0.8235294117647058,2022-01-01,2024-12-01
2,full,stale,freeze,0.75,1.0,51,0.17647058823529413,0.7058823529411765,0.0,0.8235294117647058,2022-01-01,2024-12-01
2,full,stale,freeze,1.0,1.0,51,0.17647058823529413,0.7647058823529411,0.0,0.8235294117647058,2022-01-01,2024-12-01
2,score_only,T2,corr_mix,0.15,1.0,51,0.0,0.0392156862745098,0.0,1.0,2022-01-01,2024-12-01
2,score_only,T2,corr_mix,0.25,1.0,51,0.0,0.0392156862745098,0.0,1.0,2022-01-01,2024-12-01
2,score_only,T2,corr_mix,0.35,1.0,51,0.0,0.0392156862745098,0.0,1.0,2022-01-01,2024-12-01
2,score_only,T2,corr_mix,0.5,1.0,51,0.0,0.0392156862745098,0.0,1.0,2022-01-01,2024-12-01
2,score_only,T2,freeze,0.25,1.0,51,0.0,0.0196078431372549,0.0,1.0,2022-01-01,2024-12-01
2,score_only,T2,freeze,0.5,1.0,51,0.0,0.0,0.0,1.0,2022-01-01,2024-12-01
2,score_only,T2,freeze,0.75,1.0,51,0.0,0.0,0.0,1.0,2022-01-01,2024-12-01
2,score_only,T2,freeze,1.0,1.0,51,0.0,0.0196078431372549,0.0,1.0,2022-01-01,2024-12-01
2,score_only,coh_resid_energy,corr_mix,0.15,1.0,51,0.0,0.0784313725490196,0.0,1.0,2022-01-01,2024-12-01
2,score_only,coh_resid_energy,corr_mix,0.25,1.0,51,0.0,0.0784313725490196,0.0,1.0,2022-01-01,2024-12-01
2,score_only,coh_resid_energy,corr_mix,0.35,1.0,51,0.0,0.0784313725490196,0.0,1.0,2022-01-01,2024-12-01
2,score_only,coh_resid_energy,corr_mix,0.5,1.0,51,0.0,0.0784313725490196,0.0,1.0,2022-01-01,2024-12-01
2,score_only,coh_resid_energy,freeze,0.25,1.0,51,0.0,0.058823529411764705,0.0,1.0,2022-01-01,2024-12-01
2,score_only,coh_resid_energy,freeze,0.5,1.0,51,0.0,0.13725490196078433,0.0,1.0,2022-01-01,2024-12-01
2,score_only,coh_resid_energy,freeze,0.75,1.0,51,0.0,0.21568627450980393,0.0,1.0,2022-01-01,2024-12-01
2,score_only,coh_resid_energy,freeze,1.0,1.0,51,0.0,0.2549019607843137,0.0,1.0,2022-01-01,2024-12-01
2,score_only,coh_resid_t2,corr_mix,0.15,1.0,51,0.0,0.09803921568627451,0.0,1.0,2022-01-01,2024-12-01
2,score_only,coh_resid_t2,corr_mix,0.25,1.0,51,0.0,0.09803921568627451,0.0,1.0,2022-01-01,2024-12-01
2,score_only,coh_resid_t2,corr_mix,0.35,1.0,51,0.0,0.09803921568627451,0.0,1.0,2022-01-01,2024-12-01
2,score_only,coh_resid_t2,corr_mix,0.5,1.0,51,0.0,0.09803921568627451,0.0,1.0,2022-01-01,2024-12-01
2,score_only,coh_resid_t2,freeze,0.25,1.0,51,0.0,0.0784313725490196,0.0,1.0,2022-01-01,2024-12-01
2,score_only,coh_resid_t2,freeze,0.5,1.0,51,0.0,0.23529411764705882,0.0,1.0,2022-01-01,2024-12-01
2,score_only,coh_resid_t2,freeze,0.75,1.0,51,0.0,0.5098039215686274,0.0,1.0,2022-01-01,2024-12-01
2,score_only,coh_resid_t2,freeze,1.0,1.0,51,0.0,0.7254901960784313,0.0,1.0,2022-01-01,2024-12-01
2,score_only,cusum_coh_resid_t2,corr_mix,0.15,1.0,51,0.0,0.37254901960784315,0.3137254901960784,1.0,2022-01-01,2024-12-01
2,score_only,cusum_coh_resid_t2,corr_mix,0.25,1.0,51,0.0,0.37254901960784315,0.3137254901960784,1.0,2022-01-01,2024-12-01
2,score_only,cusum_coh_resid_t2,corr_mix,0.35,1.0,51,0.0,0.4117647058823529,0.3137254901960784,1.0,2022-01-01,2024-12-01
2,score_only,cusum_coh_resid_t2,corr_mix,0.5,1.0,51,0.0,0.5098039215686274,0.3137254901960784,1.0,2022-01-01,2024-12-01
2,score_only,cusum_coh_resid_t2,freeze,0.25,1.0,51,0.0,0.43137254901960786,0.3137254901960784,1.0,2022-01-01,2024-12-01
2,score_only,cusum_coh_resid_t2,freeze,0.5,1.0,51,0.0,0.5882352941176471,0.3137254901960784,1.0,2022-01-01,2024-12-01
2,score_only,cusum_coh_resid_t2,freeze,0.75,1.0,51,0.0,0.7647058823529411,0.3137254901960784,1.0,2022-01-01,2024-12-01
2,score_only,cusum_coh_resid_t2,freeze,1.0,1.0,51,0.0,0.803921568627451,0.3137254901960784,1.0,2022-01-01,2024-12-01
2,score_only,cusum_factor_cov_lrt,corr_mix,0.15,1.0,51,0.0,0.6470588235294118,0.6078431372549019,1.0,2022-01-01,2024-12-01
2,score_only,cusum_factor_cov_lrt,corr_mix,0.25,1.0,51,0.0,0.6470588235294118,0.6078431372549019,1.0,2022-01-01,2024-12-01
2,score_only,cusum_factor_cov_lrt,corr_mix,0.35,1.0,51,0.0,0.6470588235294118,0.6078431372549019,1.0,2022-01-01,2024-12-01
2,score_only,cusum_factor_cov_lrt,corr_mix,0.5,1.0,51,0.0,0.6470588235294118,0.6078431372549019,1.0,2022-01-01,2024-12-01
2,score_only,cusum_factor_cov_lrt,freeze,0.25,1.0,51,0.0,0.5882352941176471,0.6078431372549019,1.0,2022-01-01,2024-12-01
2,score_only,cusum_factor_cov_lrt,freeze,0.5,1.0,51,0.0,0.5882352941176471,0.6078431372549019,1.0,2022-01-01,2024-12-01
2,score_only,cusum_factor_cov_lrt,freeze,0.75,1.0,51,0.0,0.7647058823529411,0.6078431372549019,1.0,2022-01-01,2024-12-01
2,score_only,cusum_factor_cov_lrt,freeze,1.0,1.0,51,0.0,0.9607843137254902,0.6078431372549019,1.0,2022-01-01,2024-12-01
2,score_only,ewma_coh_resid_t2,corr_mix,0.15,1.0,51,0.0,0.09803921568627451,0.0,1.0,2022-01-01,2024-12-01
2,score_only,ewma_coh_resid_t2,corr_mix,0.25,1.0,51,0.0,0.09803921568627451,0.0,1.0,2022-01-01,2024-12-01
2,score_only,ewma_coh_resid_t2,corr_mix,0.35,1.0,51,0.0,0.09803921568627451,0.0,1.0,2022-01-01,2024-12-01
2,score_only,ewma_coh_resid_t2,corr_mix,0.5,1.0,51,0.0,0.11764705882352941,0.0,1.0,2022-01-01,2024-12-01
2,score_only,ewma_coh_resid_t2,freeze,0.25,1.0,51,0.0,0.11764705882352941,0.0,1.0,2022-01-01,2024-12-01
2,score_only,ewma_coh_resid_t2,freeze,0.5,1.0,51,0.0,0.21568627450980393,0.0,1.0,2022-01-01,2024-12-01
2,score_only,ewma_coh_resid_t2,freeze,0.75,1.0,51,0.0,0.35294117647058826,0.0,1.0,2022-01-01,2024-12-01
2,score_only,ewma_coh_resid_t2,freeze,1.0,1.0,51,0.0,0.6078431372549019,0.0,1.0,2022-01-01,2024-12-01
2,score_only,ewma_factor_cov_lrt,corr_mix,0.15,1.0,51,0.0,0.0,0.0,1.0,2022-01-01,2024-12-01
2,score_only,ewma_factor_cov_lrt,corr_mix,0.25,1.0,51,0.0,0.0,0.0,1.0,2022-01-01,2024-12-01
2,score_only,ewma_factor_cov_lrt,corr_mix,0.35,1.0,51,0.0,0.0,0.0,1.0,2022-01-01,2024-12-01
2,score_only,ewma_factor_cov_lrt,corr_mix,0.5,1.0,51,0.0,0.0,0.0,1.0,2022-01-01,2024-12-01
2,score_only,ewma_factor_cov_lrt,freeze,0.25,1.0,51,0.0,0.0,0.0,1.0,2022-01-01,2024-12-01
2,score_only,ewma_factor_cov_lrt,freeze,0.5,1.0,51,0.0,0.0,0.0,1.0,2022-01-01,2024-12-01
2,score_only,ewma_factor_cov_lrt,freeze,0.75,1.0,51,0.0,0.0,0.0,1.0,2022-01-01,2024-12-01
2,score_only,ewma_factor_cov_lrt,freeze,1.0,1.0,51,0.0,0.0,0.0,1.0,2022-01-01,2024-12-01
2,score_only,factor_cov_change,corr_mix,0.15,1.0,51,0.0,0.0,0.0,1.0,2022-01-01,2024-12-01
2,score_only,factor_cov_change,corr_mix,0.25,1.0,51,0.0,0.0,0.0,1.0,2022-01-01,2024-12-01
2,score_only,factor_cov_change,corr_mix,0.35,1.0,51,0.0,0.0,0.0,1.0,2022-01-01,2024-12-01
2,score_only,factor_cov_change,corr_mix,0.5,1.0,51,0.0,0.0,0.0,1.0,2022-01-01,2024-12-01
2,score_only,factor_cov_change,freeze,0.25,1.0,51,0.0,0.0,0.0,1.0,2022-01-01,2024-12-01
2,score_only,factor_cov_change,freeze,0.5,1.0,51,0.0,0.0,0.0,1.0,2022-01-01,2024-12-01
2,score_only,factor_cov_change,freeze,0.75,1.0,51,0.0,0.0,0.0,1.0,2022-01-01,2024-12-01
2,score_only,factor_cov_change,freeze,1.0,1.0,51,0.0,0.0,0.0,1.0,2022-01-01,2024-12-01
2,score_only,factor_cov_delta,corr_mix,0.15,1.0,51,0.0,0.0,0.0,1.0,2022-01-01,2024-12-01
2,score_only,factor_cov_delta,corr_mix,0.25,1.0,51,0.0,0.0,0.0,1.0,2022-01-01,2024-12-01
2,score_only,factor_cov_delta,corr_mix,0.35,1.0,51,0.0,0.0,0.0,1.0,2022-01-01,2024-12-01
2,score_only,factor_cov_delta,corr_mix,0.5,1.0,51,0.0,0.0,0.0,1.0,2022-01-01,2024-12-01
2,score_only,factor_cov_delta,freeze,0.25,1.0,51,0.0,0.0,0.0,1.0,2022-01-01,2024-12-01
2,score_only,factor_cov_delta,freeze,0.5,1.0,51,0.0,0.0,0.0,1.0,2022-01-01,2024-12-01
2,score_only,factor_cov_delta,freeze,0.75,1.0,51,0.0,0.0,0.0,1.0,2022-01-01,2024-12-01
2,score_only,factor_cov_delta,freeze,1.0,1.0,51,0.0,0.0,0.0,1.0,2022-01-01,2024-12-01
2,score_only,factor_cov_lrt,corr_mix,0.15,1.0,51,0.0,0.0,0.0,0.0,2022-01-01,2024-12-01
2,score_only,factor_cov_lrt,corr_mix,0.25,1.0,51,0.0,0.0,0.0,0.0,2022-01-01,2024-12-01
2,score_only,factor_cov_lrt,corr_mix,0.35,1.0,51,0.0,0.0,0.0,0.0,2022-01-01,2024-12-01
2,score_only,factor_cov_lrt,corr_mix,0.5,1.0,51,0.0,0.0,0.0,0.0,2022-01-01,2024-12-01
2,score_only,factor_cov_lrt,freeze,0.25,1.0,51,0.0,0.0,0.0,0.0,2022-01-01,2024-12-01
2,score_only,factor_cov_lrt,freeze,0.5,1.0,51,0.0,0.0,0.0,0.0,2022-01-01,2024-12-01
2,score_only,factor_cov_lrt,freeze,0.75,1.0,51,0.0,0.0,0.0,0.0,2022-01-01,2024-12-01
2,score_only,factor_cov_lrt,freeze,1.0,1.0,51,0.1568627450980392,0.1568627450980392,0.0,0.0,2022-01-01,2024-12-01
2,score_only,factor_cov_lrt_delta,corr_mix,0.15,1.0,51,0.09803921568627451,0.09803921568627451,0.0,0.7058823529411765,2022-01-01,2024-12-01
2,score_only,factor_cov_lrt_delta,corr_mix,0.25,1.0,51,0.09803921568627451,0.09803921568627451,0.0,0.7058823529411765,2022-01-01,2024-12-01
2,score_only,factor_cov_lrt_delta,corr_mix,0.35,1.0,51,0.09803921568627451,0.09803921568627451,0.0,0.7058823529411765,2022-01-01,2024-12-01
2,score_only,factor_cov_lrt_delta,corr_mix,0.5,1.0,51,0.09803921568627451,0.09803921568627451,0.0,0.7058823529411765,2022-01-01,2024-12-01
2,score_only,factor_cov_lrt_delta,freeze,0.25,1.0,51,0.058823529411764705,0.058823529411764705,0.0,0.7058823529411765,2022-01-01,2024-12-01
2,score_only,factor_cov_lrt_delta,freeze,0.5,1.0,51,0.0,0.0,0.0,0.7058823529411765,2022-01-01,2024-12-01
2,score_only,factor_cov_lrt_delta,freeze,0.75,1.0,51,0.0,0.0,0.0,0.7058823529411765,2022-01-01,2024-12-01
2,score_only,factor_cov_lrt_delta,freeze,1.0,1.0,51,0.0,0.0,0.0,0.7058823529411765,2022-01-01,2024-12-01
2,score_only,fused_fisher,corr_mix,0.15,1.0,51,0.13725490196078433,0.13725490196078433,0.0,0.5490196078431373,2022-01-01,2024-12-01
2,score_only,fused_fisher,corr_mix,0.25,1.0,51,0.13725490196078433,0.13725490196078433,0.0,0.5490196078431373,2022-01-01,2024-12-01
2,score_only,fused_fisher,corr_mix,0.35,1.0,51,0.13725490196078433,0.13725490196078433,0.0,0.5490196078431373,2022-01-01,2024-12-01
2,score_only,fused_fisher,corr_mix,0.5,1.0,51,0.13725490196078433,0.13725490196078433,0.0,0.5490196078431373,2022-01-01,2024-12-01
2,score_only,fused_fisher,freeze,0.25,1.0,51,0.0784313725490196,0.0784313725490196,0.0,0.5490196078431373,2022-01-01,2024-12-01
2,score_only,fused_fisher,freeze,0.5,1.0,51,0.11764705882352941,0.1568627450980392,0.0,0.5490196078431373,2022-01-01,2024-12-01
2,score_only,fused_fisher,freeze,0.75,1.0,51,0.21568627450980393,0.29411764705882354,0.0,0.5490196078431373,2022-01-01,2024-12-01
2,score_only,fused_fisher,freeze,1.0,1.0,51,0.21568627450980393,0.3333333333333333,0.0,0.5490196078431373,2022-01-01,2024-12-01
2,score_only,fused_fisher_lrt_delta,corr_mix,0.15,1.0,51,0.0,0.0,0.0,1.0,2022-01-01,2024-12-01
2,score_only,fused_fisher_lrt_delta,corr_mix,0.25,1.0,51,0.0,0.0,0.0,1.0,2022-01-01,2024-12-01
2,score_only,fused_fisher_lrt_delta,corr_mix,0.35,1.0,51,0.0,0.0,0.0,1.0,2022-01-01,2024-12-01
2,score_only,fused_fisher_lrt_delta,corr_mix,0.5,1.0,51,0.0,0.0,0.0,1.0,2022-01-01,2024-12-01
2,score_only,fused_fisher_lrt_delta,freeze,0.25,1.0,51,0.0,0.0,0.0,1.0,2022-01-01,2024-12-01
2,score_only,fused_fisher_lrt_delta,freeze,0.5,1.0,51,0.0,0.0,0.0,1.0,2022-01-01,2024-12-01
2,score_only,fused_fisher_lrt_delta,freeze,0.75,1.0,51,0.0,0.0,0.0,1.0,2022-01-01,2024-12-01
2,score_only,fused_fisher_lrt_delta,freeze,1.0,1.0,51,0.0,0.0,0.0,1.0,2022-01-01,2024-12-01
2,score_only,fused_sp,corr_mix,0.15,1.0,51,0.0,0.0392156862745098,0.0,1.0,2022-01-01,2024-12-01
2,score_only,fused_sp,corr_mix,0.25,1.0,51,0.0,0.0392156862745098,0.0,1.0,2022-01-01,2024-12-01
2,score_only,fused_sp,corr_mix,0.35,1.0,51,0.0,0.0392156862745098,0.0,1.0,2022-01-01,2024-12-01
2,score_only,fused_sp,corr_mix,0.5,1.0,51,0.0,0.0392156862745098,0.0,1.0,2022-01-01,2024-12-01
2,score_only,fused_sp,freeze,0.25,1.0,51,0.0,0.0392156862745098,0.0,1.0,2022-01-01,2024-12-01
2,score_only,fused_sp,freeze,0.5,1.0,51,0.0,0.0,0.0,1.0,2022-01-01,2024-12-01
2,score_only,fused_sp,freeze,0.75,1.0,51,0.0,0.0,0.0,1.0,2022-01-01,2024-12-01
2,score_only,fused_sp,freeze,1.0,1.0,51,0.0,0.0196078431372549,0.0,1.0,2022-01-01,2024-12-01
2,score_only,fused_sp_lrt_delta,corr_mix,0.15,1.0,51,0.0,0.0392156862745098,0.0,1.0,2022-01-01,2024-12-01
2,score_only,fused_sp_lrt_delta,corr_mix,0.25,1.0,51,0.0,0.0392156862745098,0.0,1.0,2022-01-01,2024-12-01
2,score_only,fused_sp_lrt_delta,corr_mix,0.35,1.0,51,0.0,0.0392156862745098,0.0,1.0,2022-01-01,2024-12-01
2,score_only,fused_sp_lrt_delta,corr_mix,0.5,1.0,51,0.0,0.0392156862745098,0.0,1.0,2022-01-01,2024-12-01
2,score_only,fused_sp_lrt_delta,freeze,0.25,1.0,51,0.0,0.0196078431372549,0.0,1.0,2022-01-01,2024-12-01
2,score_only,fused_sp_lrt_delta,freeze,0.5,1.0,51,0.0,0.0,0.0,1.0,2022-01-01,2024-12-01
2,score_only,fused_sp_lrt_delta,freeze,0.75,1.0,51,0.0,0.0,0.0,1.0,2022-01-01,2024-12-01
2,score_only,fused_sp_lrt_delta,freeze,1.0,1.0,51,0.0,0.0196078431372549,0.0,1.0,2022-01-01,2024-12-01
2,score_only,max_abs,corr_mix,0.15,1.0,51,0.0,0.0,0.0,1.0,2022-01-01,2024-12-01
2,score_only,max_abs,corr_mix,0.25,1.0,51,0.0,0.0,0.0,1.0,2022-01-01,2024-12-01
2,score_only,max_abs,corr_mix,0.35,1.0,51,0.0,0.0,0.0,1.0,2022-01-01,2024-12-01
2,score_only,max_abs,corr_mix,0.5,1.0,51,0.0,0.0,0.0,1.0,2022-01-01,2024-12-01
2,score_only,max_abs,freeze,0.25,1.0,51,0.0,0.0,0.0,1.0,2022-01-01,2024-12-01
2,score_only,max_abs,freeze,0.5,1.0,51,0.0,0.0,0.0,1.0,2022-01-01,2024-12-01
2,score_only,max_abs,freeze,0.75,1.0,51,0.0,0.0,0.0,1.0,2022-01-01,2024-12-01
2,score_only,max_abs,freeze,1.0,1.0,51,0.0,0.0,0.0,1.0,2022-01-01,2024-12-01
2,score_only,pc_t2,corr_mix,0.15,1.0,51,0.0,0.0392156862745098,0.0,1.0,2022-01-01,2024-12-01
2,score_only,pc_t2,corr_mix,0.25,1.0,51,0.0,0.0392156862745098,0.0,1.0,2022-01-01,2024-12-01
2,score_only,pc_t2,corr_mix,0.35,1.0,51,0.0,0.0392156862745098,0.0,1.0,2022-01-01,2024-12-01
2,score_only,pc_t2,corr_mix,0.5,1.0,51,0.0,0.0392156862745098,0.0,1.0,2022-01-01,2024-12-01
2,score_only,pc_t2,freeze,0.25,1.0,51,0.0,0.0,0.0,1.0,2022-01-01,2024-12-01
2,score_only,pc_t2,freeze,0.5,1.0,51,0.0,0.0,0.0,1.0,2022-01-01,2024-12-01
2,score_only,pc_t2,freeze,0.75,1.0,51,0.0,0.0,0.0,1.0,2022-01-01,2024-12-01
2,score_only,pc_t2,freeze,1.0,1.0,51,0.0,0.0196078431372549,0.0,1.0,2022-01-01,2024-12-01
2,score_only,res_energy,corr_mix,0.15,1.0,51,0.0,0.0392156862745098,0.0,1.0,2022-01-01,2024-12-01
2,score_only,res_energy,corr_mix,0.25,1.0,51,0.0,0.0392156862745098,0.0,1.0,2022-01-01,2024-12-01
2,score_only,res_energy,corr_mix,0.35,1.0,51,0.0,0.0392156862745098,0.0,1.0,2022-01-01,2024-12-01
2,score_only,res_energy,corr_mix,0.5,1.0,51,0.0,0.0392156862745098,0.0,1.0,2022-01-01,2024-12-01
2,score_only,res_energy,freeze,0.25,1.0,51,0.0,0.0392156862745098,0.0,1.0,2022-01-01,2024-12-01
2,score_only,res_energy,freeze,0.5,1.0,51,0.0,0.0,0.0,1.0,2022-01-01,2024-12-01
2,score_only,res_energy,freeze,0.75,1.0,51,0.0,0.0,0.0,1.0,2022-01-01,2024-12-01
2,score_only,res_energy,freeze,1.0,1.0,51,0.0,0.0196078431372549,0.0,1.0,2022-01-01,2024-12-01
2,score_only,stale,corr_mix,0.15,1.0,51,0.23529411764705882,0.23529411764705882,0.0,0.47058823529411764,2022-01-01,2024-12-01
2,score_only,stale,corr_mix,0.25,1.0,51,0.23529411764705882,0.23529411764705882,0.0,0.47058823529411764,2022-01-01,2024-12-01
2,score_only,stale,corr_mix,0.35,1.0,51,0.23529411764705882,0.23529411764705882,0.0,0.47058823529411764,2022-01-01,2024-12-01
2,score_only,stale,corr_mix,0.5,1.0,51,0.23529411764705882,0.23529411764705882,0.0,0.47058823529411764,2022-01-01,2024-12-01
2,score_only,stale,freeze,0.25,1.0,51,0.23529411764705882,0.23529411764705882,0.0,0.47058823529411764,2022-01-01,2024-12-01
2,score_only,stale,freeze,0.5,1.0,51,0.29411764705882354,0.3333333333333333,0.0,0.47058823529411764,2022-01-01,2024-12-01
2,score_only,stale,freeze,0.75,1.0,51,0.45098039215686275,0.6274509803921569,0.0,0.47058823529411764,2022-01-01,2024-12-01
2,score_only,stale,freeze,1.0,1.0,51,0.45098039215686275,0.6470588235294118,0.0,0.47058823529411764,2022-01-01,2024-12-01
