kind,panel,detector,budget,attack_strength,matched_mode,matched_budget_band,matched_tol_budget,tiw_cap,matched_tol_tiw,n_trials_total,n_trials_budget,n_trials_joint,n_trials_primary,coverage_budget,coverage_joint,coverage_primary,fae_null_mean_primary,tiw_null_mean_primary,false_alert_events_count_mean_primary,detect_rate,detect_rate_null,uplift_detect_rate,event_success_rate,event_timely_sla_rate,event_anywarn_success_rate,event_anywarn_timely_sla_rate,event_preexisting_warning_rate,contract_pass_full_rate,contract_pass_full_anywarn_rate,event_sla_months,median_delay,median_delay_null,delay_p50,delay_p90,delay_null_p50,delay_null_p90,event_delay_p50,event_delay_p90,event_time_to_trigger_p50,event_time_to_trigger_p90,median_delay_uncens,median_delay_null_uncens,mean_false_alarm_months_per_year,mean_false_alert_events_per_year,mean_time_in_warning,mean_p_star,mean_effect_size,mean_fae_null,mean_tiw_null,mean_cad_win,mean_cad_post,mean_dtiw_win,mean_abs_dtiw_win,mean_dtiw_post,row_status,infeasible_reason
corr_mix,all_only,T2,INFEASIBLE,0.15,budget_only,count,INFEASIBLE,INFEASIBLE,INFEASIBLE,INFEASIBLE,INFEASIBLE,INFEASIBLE,INFEASIBLE,INFEASIBLE,INFEASIBLE,INFEASIBLE,INFEASIBLE,INFEASIBLE,INFEASIBLE,INFEASIBLE,INFEASIBLE,INFEASIBLE,INFEASIBLE,INFEASIBLE,INFEASIBLE,INFEASIBLE,INFEASIBLE,INFEASIBLE,INFEASIBLE,,INFEASIBLE,INFEASIBLE,INFEASIBLE,INFEASIBLE,INFEASIBLE,INFEASIBLE,INFEASIBLE,INFEASIBLE,INFEASIBLE,INFEASIBLE,INFEASIBLE,INFEASIBLE,INFEASIBLE,INFEASIBLE,INFEASIBLE,INFEASIBLE,INFEASIBLE,INFEASIBLE,INFEASIBLE,INFEASIBLE,INFEASIBLE,INFEASIBLE,INFEASIBLE,INFEASIBLE,INFEASIBLE,no_trials_in_band
corr_mix,all_only,T2,INFEASIBLE,0.25,budget_only,count,INFEASIBLE,INFEASIBLE,INFEASIBLE,INFEASIBLE,INFEASIBLE,INFEASIBLE,INFEASIBLE,INFEASIBLE,INFEASIBLE,INFEASIBLE,INFEASIBLE,INFEASIBLE,INFEASIBLE,INFEASIBLE,INFEASIBLE,INFEASIBLE,INFEASIBLE,INFEASIBLE,INFEASIBLE,INFEASIBLE,INFEASIBLE,INFEASIBLE,INFEASIBLE,,INFEASIBLE,INFEASIBLE,INFEASIBLE,INFEASIBLE,INFEASIBLE,INFEASIBLE,INFEASIBLE,INFEASIBLE,INFEASIBLE,INFEASIBLE,INFEASIBLE,INFEASIBLE,INFEASIBLE,INFEASIBLE,INFEASIBLE,INFEASIBLE,INFEASIBLE,INFEASIBLE,INFEASIBLE,INFEASIBLE,INFEASIBLE,INFEASIBLE,INFEASIBLE,INFEASIBLE,INFEASIBLE,no_trials_in_band
corr_mix,all_only,T2,INFEASIBLE,0.35,budget_only,count,INFEASIBLE,INFEASIBLE,INFEASIBLE,INFEASIBLE,INFEASIBLE,INFEASIBLE,INFEASIBLE,INFEASIBLE,INFEASIBLE,INFEASIBLE,INFEASIBLE,INFEASIBLE,INFEASIBLE,INFEASIBLE,INFEASIBLE,INFEASIBLE,INFEASIBLE,INFEASIBLE,INFEASIBLE,INFEASIBLE,INFEASIBLE,INFEASIBLE,INFEASIBLE,,INFEASIBLE,INFEASIBLE,INFEASIBLE,INFEASIBLE,INFEASIBLE,INFEASIBLE,INFEASIBLE,INFEASIBLE,INFEASIBLE,INFEASIBLE,INFEASIBLE,INFEASIBLE,INFEASIBLE,INFEASIBLE,INFEASIBLE,INFEASIBLE,INFEASIBLE,INFEASIBLE,INFEASIBLE,INFEASIBLE,INFEASIBLE,INFEASIBLE,INFEASIBLE,INFEASIBLE,INFEASIBLE,no_trials_in_band
corr_mix,all_only,T2,INFEASIBLE,0.5,budget_only,count,INFEASIBLE,INFEASIBLE,INFEASIBLE,INFEASIBLE,INFEASIBLE,INFEASIBLE,INFEASIBLE,INFEASIBLE,INFEASIBLE,INFEASIBLE,INFEASIBLE,INFEASIBLE,INFEASIBLE,INFEASIBLE,INFEASIBLE,INFEASIBLE,INFEASIBLE,INFEASIBLE,INFEASIBLE,INFEASIBLE,INFEASIBLE,INFEASIBLE,INFEASIBLE,,INFEASIBLE,INFEASIBLE,INFEASIBLE,INFEASIBLE,INFEASIBLE,INFEASIBLE,INFEASIBLE,INFEASIBLE,INFEASIBLE,INFEASIBLE,INFEASIBLE,INFEASIBLE,INFEASIBLE,INFEASIBLE,INFEASIBLE,INFEASIBLE,INFEASIBLE,INFEASIBLE,INFEASIBLE,INFEASIBLE,INFEASIBLE,INFEASIBLE,INFEASIBLE,INFEASIBLE,INFEASIBLE,no_trials_in_band
corr_mix,all_only,cusum_factor_cov_lrt,1.0,0.15,budget_only,count,0.1,0.15,0.1,80,80,0,80,1.0,0.0,1.0,0.9543103448275861,0.29137931034482756,4.6125,0.55,0.55,0.0,0.75,0.4625,0.75,0.4625,0.25,0.0,0.0,1.0,5.0,5.0,5.0,6.0,5.0,6.0,2.0,6.0,5.0,6.0,2.0,2.0,3.496551724137931,0.9543103448275861,0.29137931034482756,NA,0.32033419404596924,0.9543103448275861,0.29137931034482756,0.0,0.0,0.0,0.0,0.0,OK,
corr_mix,all_only,cusum_factor_cov_lrt,1.0,0.25,budget_only,count,0.1,0.15,0.1,80,80,0,80,1.0,0.0,1.0,0.9543103448275861,0.29137931034482756,4.6125,0.55,0.55,0.0,0.75,0.4625,0.75,0.4625,0.25,0.0,0.0,1.0,5.0,5.0,5.0,6.0,5.0,6.0,2.0,6.0,5.0,6.0,2.0,2.0,3.496551724137931,0.9543103448275861,0.29137931034482756,NA,0.32033419404596924,0.9543103448275861,0.29137931034482756,0.0,0.0,0.0,0.0,0.0,OK,
corr_mix,all_only,cusum_factor_cov_lrt,1.0,0.35,budget_only,count,0.1,0.15,0.1,80,80,0,80,1.0,0.0,1.0,0.9543103448275861,0.29137931034482756,4.6125,0.55,0.55,0.0,0.75,0.4625,0.75,0.4625,0.25,0.0,0.0,1.0,5.0,5.0,5.0,6.0,5.0,6.0,2.0,6.0,5.0,6.0,2.0,2.0,3.496551724137931,0.9543103448275861,0.29137931034482756,NA,0.32033419404596924,0.9543103448275861,0.29137931034482756,0.0,0.0,0.0,0.0,0.0,OK,
corr_mix,all_only,cusum_factor_cov_lrt,1.0,0.5,budget_only,count,0.1,0.15,0.1,80,80,0,80,1.0,0.0,1.0,0.9543103448275861,0.29137931034482756,4.6125,0.55,0.55,0.0,0.75,0.4625,0.75,0.4625,0.25,0.0,0.0,1.0,5.0,5.0,5.0,6.0,5.0,6.0,2.0,6.0,5.0,6.0,2.0,2.0,3.496551724137931,0.9543103448275861,0.29137931034482756,NA,0.32033419404596924,0.9543103448275861,0.29137931034482756,0.0,0.0,0.0,0.0,0.0,OK,
corr_mix,all_only,ewma_factor_cov_lrt,INFEASIBLE,0.15,budget_only,count,INFEASIBLE,INFEASIBLE,INFEASIBLE,INFEASIBLE,INFEASIBLE,INFEASIBLE,INFEASIBLE,INFEASIBLE,INFEASIBLE,INFEASIBLE,INFEASIBLE,INFEASIBLE,INFEASIBLE,INFEASIBLE,INFEASIBLE,INFEASIBLE,INFEASIBLE,INFEASIBLE,INFEASIBLE,INFEASIBLE,INFEASIBLE,INFEASIBLE,INFEASIBLE,,INFEASIBLE,INFEASIBLE,INFEASIBLE,INFEASIBLE,INFEASIBLE,INFEASIBLE,INFEASIBLE,INFEASIBLE,INFEASIBLE,INFEASIBLE,INFEASIBLE,INFEASIBLE,INFEASIBLE,INFEASIBLE,INFEASIBLE,INFEASIBLE,INFEASIBLE,INFEASIBLE,INFEASIBLE,INFEASIBLE,INFEASIBLE,INFEASIBLE,INFEASIBLE,INFEASIBLE,INFEASIBLE,no_trials_in_band
corr_mix,all_only,ewma_factor_cov_lrt,INFEASIBLE,0.25,budget_only,count,INFEASIBLE,INFEASIBLE,INFEASIBLE,INFEASIBLE,INFEASIBLE,INFEASIBLE,INFEASIBLE,INFEASIBLE,INFEASIBLE,INFEASIBLE,INFEASIBLE,INFEASIBLE,INFEASIBLE,INFEASIBLE,INFEASIBLE,INFEASIBLE,INFEASIBLE,INFEASIBLE,INFEASIBLE,INFEASIBLE,INFEASIBLE,INFEASIBLE,INFEASIBLE,,INFEASIBLE,INFEASIBLE,INFEASIBLE,INFEASIBLE,INFEASIBLE,INFEASIBLE,INFEASIBLE,INFEASIBLE,INFEASIBLE,INFEASIBLE,INFEASIBLE,INFEASIBLE,INFEASIBLE,INFEASIBLE,INFEASIBLE,INFEASIBLE,INFEASIBLE,INFEASIBLE,INFEASIBLE,INFEASIBLE,INFEASIBLE,INFEASIBLE,INFEASIBLE,INFEASIBLE,INFEASIBLE,no_trials_in_band
corr_mix,all_only,ewma_factor_cov_lrt,INFEASIBLE,0.35,budget_only,count,INFEASIBLE,INFEASIBLE,INFEASIBLE,INFEASIBLE,INFEASIBLE,INFEASIBLE,INFEASIBLE,INFEASIBLE,INFEASIBLE,INFEASIBLE,INFEASIBLE,INFEASIBLE,INFEASIBLE,INFEASIBLE,INFEASIBLE,INFEASIBLE,INFEASIBLE,INFEASIBLE,INFEASIBLE,INFEASIBLE,INFEASIBLE,INFEASIBLE,INFEASIBLE,,INFEASIBLE,INFEASIBLE,INFEASIBLE,INFEASIBLE,INFEASIBLE,INFEASIBLE,INFEASIBLE,INFEASIBLE,INFEASIBLE,INFEASIBLE,INFEASIBLE,INFEASIBLE,INFEASIBLE,INFEASIBLE,INFEASIBLE,INFEASIBLE,INFEASIBLE,INFEASIBLE,INFEASIBLE,INFEASIBLE,INFEASIBLE,INFEASIBLE,INFEASIBLE,INFEASIBLE,INFEASIBLE,no_trials_in_band
corr_mix,all_only,ewma_factor_cov_lrt,INFEASIBLE,0.5,budget_only,count,INFEASIBLE,INFEASIBLE,INFEASIBLE,INFEASIBLE,INFEASIBLE,INFEASIBLE,INFEASIBLE,INFEASIBLE,INFEASIBLE,INFEASIBLE,INFEASIBLE,INFEASIBLE,INFEASIBLE,INFEASIBLE,INFEASIBLE,INFEASIBLE,INFEASIBLE,INFEASIBLE,INFEASIBLE,INFEASIBLE,INFEASIBLE,INFEASIBLE,INFEASIBLE,,INFEASIBLE,INFEASIBLE,INFEASIBLE,INFEASIBLE,INFEASIBLE,INFEASIBLE,INFEASIBLE,INFEASIBLE,INFEASIBLE,INFEASIBLE,INFEASIBLE,INFEASIBLE,INFEASIBLE,INFEASIBLE,INFEASIBLE,INFEASIBLE,INFEASIBLE,INFEASIBLE,INFEASIBLE,INFEASIBLE,INFEASIBLE,INFEASIBLE,INFEASIBLE,INFEASIBLE,INFEASIBLE,no_trials_in_band
corr_mix,all_only,factor_cov_change,INFEASIBLE,0.15,budget_only,count,INFEASIBLE,INFEASIBLE,INFEASIBLE,INFEASIBLE,INFEASIBLE,INFEASIBLE,INFEASIBLE,INFEASIBLE,INFEASIBLE,INFEASIBLE,INFEASIBLE,INFEASIBLE,INFEASIBLE,INFEASIBLE,INFEASIBLE,INFEASIBLE,INFEASIBLE,INFEASIBLE,INFEASIBLE,INFEASIBLE,INFEASIBLE,INFEASIBLE,INFEASIBLE,,INFEASIBLE,INFEASIBLE,INFEASIBLE,INFEASIBLE,INFEASIBLE,INFEASIBLE,INFEASIBLE,INFEASIBLE,INFEASIBLE,INFEASIBLE,INFEASIBLE,INFEASIBLE,INFEASIBLE,INFEASIBLE,INFEASIBLE,INFEASIBLE,INFEASIBLE,INFEASIBLE,INFEASIBLE,INFEASIBLE,INFEASIBLE,INFEASIBLE,INFEASIBLE,INFEASIBLE,INFEASIBLE,no_trials_in_band
corr_mix,all_only,factor_cov_change,INFEASIBLE,0.25,budget_only,count,INFEASIBLE,INFEASIBLE,INFEASIBLE,INFEASIBLE,INFEASIBLE,INFEASIBLE,INFEASIBLE,INFEASIBLE,INFEASIBLE,INFEASIBLE,INFEASIBLE,INFEASIBLE,INFEASIBLE,INFEASIBLE,INFEASIBLE,INFEASIBLE,INFEASIBLE,INFEASIBLE,INFEASIBLE,INFEASIBLE,INFEASIBLE,INFEASIBLE,INFEASIBLE,,INFEASIBLE,INFEASIBLE,INFEASIBLE,INFEASIBLE,INFEASIBLE,INFEASIBLE,INFEASIBLE,INFEASIBLE,INFEASIBLE,INFEASIBLE,INFEASIBLE,INFEASIBLE,INFEASIBLE,INFEASIBLE,INFEASIBLE,INFEASIBLE,INFEASIBLE,INFEASIBLE,INFEASIBLE,INFEASIBLE,INFEASIBLE,INFEASIBLE,INFEASIBLE,INFEASIBLE,INFEASIBLE,no_trials_in_band
corr_mix,all_only,factor_cov_change,INFEASIBLE,0.35,budget_only,count,INFEASIBLE,INFEASIBLE,INFEASIBLE,INFEASIBLE,INFEASIBLE,INFEASIBLE,INFEASIBLE,INFEASIBLE,INFEASIBLE,INFEASIBLE,INFEASIBLE,INFEASIBLE,INFEASIBLE,INFEASIBLE,INFEASIBLE,INFEASIBLE,INFEASIBLE,INFEASIBLE,INFEASIBLE,INFEASIBLE,INFEASIBLE,INFEASIBLE,INFEASIBLE,,INFEASIBLE,INFEASIBLE,INFEASIBLE,INFEASIBLE,INFEASIBLE,INFEASIBLE,INFEASIBLE,INFEASIBLE,INFEASIBLE,INFEASIBLE,INFEASIBLE,INFEASIBLE,INFEASIBLE,INFEASIBLE,INFEASIBLE,INFEASIBLE,INFEASIBLE,INFEASIBLE,INFEASIBLE,INFEASIBLE,INFEASIBLE,INFEASIBLE,INFEASIBLE,INFEASIBLE,INFEASIBLE,no_trials_in_band
corr_mix,all_only,factor_cov_change,INFEASIBLE,0.5,budget_only,count,INFEASIBLE,INFEASIBLE,INFEASIBLE,INFEASIBLE,INFEASIBLE,INFEASIBLE,INFEASIBLE,INFEASIBLE,INFEASIBLE,INFEASIBLE,INFEASIBLE,INFEASIBLE,INFEASIBLE,INFEASIBLE,INFEASIBLE,INFEASIBLE,INFEASIBLE,INFEASIBLE,INFEASIBLE,INFEASIBLE,INFEASIBLE,INFEASIBLE,INFEASIBLE,,INFEASIBLE,INFEASIBLE,INFEASIBLE,INFEASIBLE,INFEASIBLE,INFEASIBLE,INFEASIBLE,INFEASIBLE,INFEASIBLE,INFEASIBLE,INFEASIBLE,INFEASIBLE,INFEASIBLE,INFEASIBLE,INFEASIBLE,INFEASIBLE,INFEASIBLE,INFEASIBLE,INFEASIBLE,INFEASIBLE,INFEASIBLE,INFEASIBLE,INFEASIBLE,INFEASIBLE,INFEASIBLE,no_trials_in_band
corr_mix,all_only,factor_cov_delta,INFEASIBLE,0.15,budget_only,count,INFEASIBLE,INFEASIBLE,INFEASIBLE,INFEASIBLE,INFEASIBLE,INFEASIBLE,INFEASIBLE,INFEASIBLE,INFEASIBLE,INFEASIBLE,INFEASIBLE,INFEASIBLE,INFEASIBLE,INFEASIBLE,INFEASIBLE,INFEASIBLE,INFEASIBLE,INFEASIBLE,INFEASIBLE,INFEASIBLE,INFEASIBLE,INFEASIBLE,INFEASIBLE,,INFEASIBLE,INFEASIBLE,INFEASIBLE,INFEASIBLE,INFEASIBLE,INFEASIBLE,INFEASIBLE,INFEASIBLE,INFEASIBLE,INFEASIBLE,INFEASIBLE,INFEASIBLE,INFEASIBLE,INFEASIBLE,INFEASIBLE,INFEASIBLE,INFEASIBLE,INFEASIBLE,INFEASIBLE,INFEASIBLE,INFEASIBLE,INFEASIBLE,INFEASIBLE,INFEASIBLE,INFEASIBLE,no_trials_in_band
corr_mix,all_only,factor_cov_delta,INFEASIBLE,0.25,budget_only,count,INFEASIBLE,INFEASIBLE,INFEASIBLE,INFEASIBLE,INFEASIBLE,INFEASIBLE,INFEASIBLE,INFEASIBLE,INFEASIBLE,INFEASIBLE,INFEASIBLE,INFEASIBLE,INFEASIBLE,INFEASIBLE,INFEASIBLE,INFEASIBLE,INFEASIBLE,INFEASIBLE,INFEASIBLE,INFEASIBLE,INFEASIBLE,INFEASIBLE,INFEASIBLE,,INFEASIBLE,INFEASIBLE,INFEASIBLE,INFEASIBLE,INFEASIBLE,INFEASIBLE,INFEASIBLE,INFEASIBLE,INFEASIBLE,INFEASIBLE,INFEASIBLE,INFEASIBLE,INFEASIBLE,INFEASIBLE,INFEASIBLE,INFEASIBLE,INFEASIBLE,INFEASIBLE,INFEASIBLE,INFEASIBLE,INFEASIBLE,INFEASIBLE,INFEASIBLE,INFEASIBLE,INFEASIBLE,no_trials_in_band
corr_mix,all_only,factor_cov_delta,INFEASIBLE,0.35,budget_only,count,INFEASIBLE,INFEASIBLE,INFEASIBLE,INFEASIBLE,INFEASIBLE,INFEASIBLE,INFEASIBLE,INFEASIBLE,INFEASIBLE,INFEASIBLE,INFEASIBLE,INFEASIBLE,INFEASIBLE,INFEASIBLE,INFEASIBLE,INFEASIBLE,INFEASIBLE,INFEASIBLE,INFEASIBLE,INFEASIBLE,INFEASIBLE,INFEASIBLE,INFEASIBLE,,INFEASIBLE,INFEASIBLE,INFEASIBLE,INFEASIBLE,INFEASIBLE,INFEASIBLE,INFEASIBLE,INFEASIBLE,INFEASIBLE,INFEASIBLE,INFEASIBLE,INFEASIBLE,INFEASIBLE,INFEASIBLE,INFEASIBLE,INFEASIBLE,INFEASIBLE,INFEASIBLE,INFEASIBLE,INFEASIBLE,INFEASIBLE,INFEASIBLE,INFEASIBLE,INFEASIBLE,INFEASIBLE,no_trials_in_band
corr_mix,all_only,factor_cov_delta,INFEASIBLE,0.5,budget_only,count,INFEASIBLE,INFEASIBLE,INFEASIBLE,INFEASIBLE,INFEASIBLE,INFEASIBLE,INFEASIBLE,INFEASIBLE,INFEASIBLE,INFEASIBLE,INFEASIBLE,INFEASIBLE,INFEASIBLE,INFEASIBLE,INFEASIBLE,INFEASIBLE,INFEASIBLE,INFEASIBLE,INFEASIBLE,INFEASIBLE,INFEASIBLE,INFEASIBLE,INFEASIBLE,,INFEASIBLE,INFEASIBLE,INFEASIBLE,INFEASIBLE,INFEASIBLE,INFEASIBLE,INFEASIBLE,INFEASIBLE,INFEASIBLE,INFEASIBLE,INFEASIBLE,INFEASIBLE,INFEASIBLE,INFEASIBLE,INFEASIBLE,INFEASIBLE,INFEASIBLE,INFEASIBLE,INFEASIBLE,INFEASIBLE,INFEASIBLE,INFEASIBLE,INFEASIBLE,INFEASIBLE,INFEASIBLE,no_trials_in_band
corr_mix,all_only,factor_cov_lrt,INFEASIBLE,0.15,budget_only,count,INFEASIBLE,INFEASIBLE,INFEASIBLE,INFEASIBLE,INFEASIBLE,INFEASIBLE,INFEASIBLE,INFEASIBLE,INFEASIBLE,INFEASIBLE,INFEASIBLE,INFEASIBLE,INFEASIBLE,INFEASIBLE,INFEASIBLE,INFEASIBLE,INFEASIBLE,INFEASIBLE,INFEASIBLE,INFEASIBLE,INFEASIBLE,INFEASIBLE,INFEASIBLE,,INFEASIBLE,INFEASIBLE,INFEASIBLE,INFEASIBLE,INFEASIBLE,INFEASIBLE,INFEASIBLE,INFEASIBLE,INFEASIBLE,INFEASIBLE,INFEASIBLE,INFEASIBLE,INFEASIBLE,INFEASIBLE,INFEASIBLE,INFEASIBLE,INFEASIBLE,INFEASIBLE,INFEASIBLE,INFEASIBLE,INFEASIBLE,INFEASIBLE,INFEASIBLE,INFEASIBLE,INFEASIBLE,no_trials_in_band
corr_mix,all_only,factor_cov_lrt,INFEASIBLE,0.25,budget_only,count,INFEASIBLE,INFEASIBLE,INFEASIBLE,INFEASIBLE,INFEASIBLE,INFEASIBLE,INFEASIBLE,INFEASIBLE,INFEASIBLE,INFEASIBLE,INFEASIBLE,INFEASIBLE,INFEASIBLE,INFEASIBLE,INFEASIBLE,INFEASIBLE,INFEASIBLE,INFEASIBLE,INFEASIBLE,INFEASIBLE,INFEASIBLE,INFEASIBLE,INFEASIBLE,,INFEASIBLE,INFEASIBLE,INFEASIBLE,INFEASIBLE,INFEASIBLE,INFEASIBLE,INFEASIBLE,INFEASIBLE,INFEASIBLE,INFEASIBLE,INFEASIBLE,INFEASIBLE,INFEASIBLE,INFEASIBLE,INFEASIBLE,INFEASIBLE,INFEASIBLE,INFEASIBLE,INFEASIBLE,INFEASIBLE,INFEASIBLE,INFEASIBLE,INFEASIBLE,INFEASIBLE,INFEASIBLE,no_trials_in_band
corr_mix,all_only,factor_cov_lrt,INFEASIBLE,0.35,budget_only,count,INFEASIBLE,INFEASIBLE,INFEASIBLE,INFEASIBLE,INFEASIBLE,INFEASIBLE,INFEASIBLE,INFEASIBLE,INFEASIBLE,INFEASIBLE,INFEASIBLE,INFEASIBLE,INFEASIBLE,INFEASIBLE,INFEASIBLE,INFEASIBLE,INFEASIBLE,INFEASIBLE,INFEASIBLE,INFEASIBLE,INFEASIBLE,INFEASIBLE,INFEASIBLE,,INFEASIBLE,INFEASIBLE,INFEASIBLE,INFEASIBLE,INFEASIBLE,INFEASIBLE,INFEASIBLE,INFEASIBLE,INFEASIBLE,INFEASIBLE,INFEASIBLE,INFEASIBLE,INFEASIBLE,INFEASIBLE,INFEASIBLE,INFEASIBLE,INFEASIBLE,INFEASIBLE,INFEASIBLE,INFEASIBLE,INFEASIBLE,INFEASIBLE,INFEASIBLE,INFEASIBLE,INFEASIBLE,no_trials_in_band
corr_mix,all_only,factor_cov_lrt,INFEASIBLE,0.5,budget_only,count,INFEASIBLE,INFEASIBLE,INFEASIBLE,INFEASIBLE,INFEASIBLE,INFEASIBLE,INFEASIBLE,INFEASIBLE,INFEASIBLE,INFEASIBLE,INFEASIBLE,INFEASIBLE,INFEASIBLE,INFEASIBLE,INFEASIBLE,INFEASIBLE,INFEASIBLE,INFEASIBLE,INFEASIBLE,INFEASIBLE,INFEASIBLE,INFEASIBLE,INFEASIBLE,,INFEASIBLE,INFEASIBLE,INFEASIBLE,INFEASIBLE,INFEASIBLE,INFEASIBLE,INFEASIBLE,INFEASIBLE,INFEASIBLE,INFEASIBLE,INFEASIBLE,INFEASIBLE,INFEASIBLE,INFEASIBLE,INFEASIBLE,INFEASIBLE,INFEASIBLE,INFEASIBLE,INFEASIBLE,INFEASIBLE,INFEASIBLE,INFEASIBLE,INFEASIBLE,INFEASIBLE,INFEASIBLE,no_trials_in_band
corr_mix,all_only,factor_cov_lrt_delta,1.0,0.15,budget_only,count,0.1,0.15,0.1,80,56,56,56,0.7,0.7,0.7,0.8275862068965517,0.13546798029556653,4.0,0.017857142857142856,0.017857142857142856,0.0,0.14285714285714285,0.125,0.14285714285714285,0.125,0.125,0.125,0.125,1.0,6.0,6.0,6.0,6.0,6.0,6.0,6.0,6.0,6.0,6.0,5.0,5.0,1.6256157635467983,0.8275862068965517,0.13546798029556653,0.03887692536394865,-0.027752120736517484,0.8275862068965517,0.13546798029556653,0.0,0.0,0.0,0.0,0.0,OK,
corr_mix,all_only,factor_cov_lrt_delta,1.0,0.25,budget_only,count,0.1,0.15,0.1,80,56,56,56,0.7,0.7,0.7,0.8275862068965517,0.13546798029556653,4.0,0.017857142857142856,0.017857142857142856,0.0,0.14285714285714285,0.125,0.14285714285714285,0.125,0.125,0.125,0.125,1.0,6.0,6.0,6.0,6.0,6.0,6.0,6.0,6.0,6.0,6.0,5.0,5.0,1.6256157635467983,0.8275862068965517,0.13546798029556653,0.03887692536394865,-0.027752120736517484,0.8275862068965517,0.13546798029556653,0.0,0.0,0.0,0.0,0.0,OK,
corr_mix,all_only,factor_cov_lrt_delta,1.0,0.35,budget_only,count,0.1,0.15,0.1,80,56,56,56,0.7,0.7,0.7,0.8275862068965517,0.13546798029556653,4.0,0.017857142857142856,0.017857142857142856,0.0,0.14285714285714285,0.125,0.14285714285714285,0.125,0.125,0.125,0.125,1.0,6.0,6.0,6.0,6.0,6.0,6.0,6.0,6.0,6.0,6.0,5.0,5.0,1.6256157635467983,0.8275862068965517,0.13546798029556653,0.03887692536394865,-0.027752120736517484,0.8275862068965517,0.13546798029556653,0.0,0.0,0.0,0.0,0.0,OK,
corr_mix,all_only,factor_cov_lrt_delta,1.0,0.5,budget_only,count,0.1,0.15,0.1,80,56,56,56,0.7,0.7,0.7,0.8275862068965517,0.13546798029556653,4.0,0.017857142857142856,0.017857142857142856,0.0,0.14285714285714285,0.125,0.14285714285714285,0.125,0.125,0.125,0.125,1.0,6.0,6.0,6.0,6.0,6.0,6.0,6.0,6.0,6.0,6.0,5.0,5.0,1.6256157635467983,0.8275862068965517,0.13546798029556653,0.03887692536394865,-0.027752120736517484,0.8275862068965517,0.13546798029556653,0.0,0.0,0.0,0.0,0.0,OK,
corr_mix,all_only,fused_fisher,INFEASIBLE,0.15,budget_only,count,INFEASIBLE,INFEASIBLE,INFEASIBLE,INFEASIBLE,INFEASIBLE,INFEASIBLE,INFEASIBLE,INFEASIBLE,INFEASIBLE,INFEASIBLE,INFEASIBLE,INFEASIBLE,INFEASIBLE,INFEASIBLE,INFEASIBLE,INFEASIBLE,INFEASIBLE,INFEASIBLE,INFEASIBLE,INFEASIBLE,INFEASIBLE,INFEASIBLE,INFEASIBLE,,INFEASIBLE,INFEASIBLE,INFEASIBLE,INFEASIBLE,INFEASIBLE,INFEASIBLE,INFEASIBLE,INFEASIBLE,INFEASIBLE,INFEASIBLE,INFEASIBLE,INFEASIBLE,INFEASIBLE,INFEASIBLE,INFEASIBLE,INFEASIBLE,INFEASIBLE,INFEASIBLE,INFEASIBLE,INFEASIBLE,INFEASIBLE,INFEASIBLE,INFEASIBLE,INFEASIBLE,INFEASIBLE,no_trials_in_band
corr_mix,all_only,fused_fisher,INFEASIBLE,0.25,budget_only,count,INFEASIBLE,INFEASIBLE,INFEASIBLE,INFEASIBLE,INFEASIBLE,INFEASIBLE,INFEASIBLE,INFEASIBLE,INFEASIBLE,INFEASIBLE,INFEASIBLE,INFEASIBLE,INFEASIBLE,INFEASIBLE,INFEASIBLE,INFEASIBLE,INFEASIBLE,INFEASIBLE,INFEASIBLE,INFEASIBLE,INFEASIBLE,INFEASIBLE,INFEASIBLE,,INFEASIBLE,INFEASIBLE,INFEASIBLE,INFEASIBLE,INFEASIBLE,INFEASIBLE,INFEASIBLE,INFEASIBLE,INFEASIBLE,INFEASIBLE,INFEASIBLE,INFEASIBLE,INFEASIBLE,INFEASIBLE,INFEASIBLE,INFEASIBLE,INFEASIBLE,INFEASIBLE,INFEASIBLE,INFEASIBLE,INFEASIBLE,INFEASIBLE,INFEASIBLE,INFEASIBLE,INFEASIBLE,no_trials_in_band
corr_mix,all_only,fused_fisher,INFEASIBLE,0.35,budget_only,count,INFEASIBLE,INFEASIBLE,INFEASIBLE,INFEASIBLE,INFEASIBLE,INFEASIBLE,INFEASIBLE,INFEASIBLE,INFEASIBLE,INFEASIBLE,INFEASIBLE,INFEASIBLE,INFEASIBLE,INFEASIBLE,INFEASIBLE,INFEASIBLE,INFEASIBLE,INFEASIBLE,INFEASIBLE,INFEASIBLE,INFEASIBLE,INFEASIBLE,INFEASIBLE,,INFEASIBLE,INFEASIBLE,INFEASIBLE,INFEASIBLE,INFEASIBLE,INFEASIBLE,INFEASIBLE,INFEASIBLE,INFEASIBLE,INFEASIBLE,INFEASIBLE,INFEASIBLE,INFEASIBLE,INFEASIBLE,INFEASIBLE,INFEASIBLE,INFEASIBLE,INFEASIBLE,INFEASIBLE,INFEASIBLE,INFEASIBLE,INFEASIBLE,INFEASIBLE,INFEASIBLE,INFEASIBLE,no_trials_in_band
corr_mix,all_only,fused_fisher,INFEASIBLE,0.5,budget_only,count,INFEASIBLE,INFEASIBLE,INFEASIBLE,INFEASIBLE,INFEASIBLE,INFEASIBLE,INFEASIBLE,INFEASIBLE,INFEASIBLE,INFEASIBLE,INFEASIBLE,INFEASIBLE,INFEASIBLE,INFEASIBLE,INFEASIBLE,INFEASIBLE,INFEASIBLE,INFEASIBLE,INFEASIBLE,INFEASIBLE,INFEASIBLE,INFEASIBLE,INFEASIBLE,,INFEASIBLE,INFEASIBLE,INFEASIBLE,INFEASIBLE,INFEASIBLE,INFEASIBLE,INFEASIBLE,INFEASIBLE,INFEASIBLE,INFEASIBLE,INFEASIBLE,INFEASIBLE,INFEASIBLE,INFEASIBLE,INFEASIBLE,INFEASIBLE,INFEASIBLE,INFEASIBLE,INFEASIBLE,INFEASIBLE,INFEASIBLE,INFEASIBLE,INFEASIBLE,INFEASIBLE,INFEASIBLE,no_trials_in_band
corr_mix,all_only,fused_fisher_lrt_delta,INFEASIBLE,0.15,budget_only,count,INFEASIBLE,INFEASIBLE,INFEASIBLE,INFEASIBLE,INFEASIBLE,INFEASIBLE,INFEASIBLE,INFEASIBLE,INFEASIBLE,INFEASIBLE,INFEASIBLE,INFEASIBLE,INFEASIBLE,INFEASIBLE,INFEASIBLE,INFEASIBLE,INFEASIBLE,INFEASIBLE,INFEASIBLE,INFEASIBLE,INFEASIBLE,INFEASIBLE,INFEASIBLE,,INFEASIBLE,INFEASIBLE,INFEASIBLE,INFEASIBLE,INFEASIBLE,INFEASIBLE,INFEASIBLE,INFEASIBLE,INFEASIBLE,INFEASIBLE,INFEASIBLE,INFEASIBLE,INFEASIBLE,INFEASIBLE,INFEASIBLE,INFEASIBLE,INFEASIBLE,INFEASIBLE,INFEASIBLE,INFEASIBLE,INFEASIBLE,INFEASIBLE,INFEASIBLE,INFEASIBLE,INFEASIBLE,no_trials_in_band
corr_mix,all_only,fused_fisher_lrt_delta,INFEASIBLE,0.25,budget_only,count,INFEASIBLE,INFEASIBLE,INFEASIBLE,INFEASIBLE,INFEASIBLE,INFEASIBLE,INFEASIBLE,INFEASIBLE,INFEASIBLE,INFEASIBLE,INFEASIBLE,INFEASIBLE,INFEASIBLE,INFEASIBLE,INFEASIBLE,INFEASIBLE,INFEASIBLE,INFEASIBLE,INFEASIBLE,INFEASIBLE,INFEASIBLE,INFEASIBLE,INFEASIBLE,,INFEASIBLE,INFEASIBLE,INFEASIBLE,INFEASIBLE,INFEASIBLE,INFEASIBLE,INFEASIBLE,INFEASIBLE,INFEASIBLE,INFEASIBLE,INFEASIBLE,INFEASIBLE,INFEASIBLE,INFEASIBLE,INFEASIBLE,INFEASIBLE,INFEASIBLE,INFEASIBLE,INFEASIBLE,INFEASIBLE,INFEASIBLE,INFEASIBLE,INFEASIBLE,INFEASIBLE,INFEASIBLE,no_trials_in_band
corr_mix,all_only,fused_fisher_lrt_delta,INFEASIBLE,0.35,budget_only,count,INFEASIBLE,INFEASIBLE,INFEASIBLE,INFEASIBLE,INFEASIBLE,INFEASIBLE,INFEASIBLE,INFEASIBLE,INFEASIBLE,INFEASIBLE,INFEASIBLE,INFEASIBLE,INFEASIBLE,INFEASIBLE,INFEASIBLE,INFEASIBLE,INFEASIBLE,INFEASIBLE,INFEASIBLE,INFEASIBLE,INFEASIBLE,INFEASIBLE,INFEASIBLE,,INFEASIBLE,INFEASIBLE,INFEASIBLE,INFEASIBLE,INFEASIBLE,INFEASIBLE,INFEASIBLE,INFEASIBLE,INFEASIBLE,INFEASIBLE,INFEASIBLE,INFEASIBLE,INFEASIBLE,INFEASIBLE,INFEASIBLE,INFEASIBLE,INFEASIBLE,INFEASIBLE,INFEASIBLE,INFEASIBLE,INFEASIBLE,INFEASIBLE,INFEASIBLE,INFEASIBLE,INFEASIBLE,no_trials_in_band
corr_mix,all_only,fused_fisher_lrt_delta,INFEASIBLE,0.5,budget_only,count,INFEASIBLE,INFEASIBLE,INFEASIBLE,INFEASIBLE,INFEASIBLE,INFEASIBLE,INFEASIBLE,INFEASIBLE,INFEASIBLE,INFEASIBLE,INFEASIBLE,INFEASIBLE,INFEASIBLE,INFEASIBLE,INFEASIBLE,INFEASIBLE,INFEASIBLE,INFEASIBLE,INFEASIBLE,INFEASIBLE,INFEASIBLE,INFEASIBLE,INFEASIBLE,,INFEASIBLE,INFEASIBLE,INFEASIBLE,INFEASIBLE,INFEASIBLE,INFEASIBLE,INFEASIBLE,INFEASIBLE,INFEASIBLE,INFEASIBLE,INFEASIBLE,INFEASIBLE,INFEASIBLE,INFEASIBLE,INFEASIBLE,INFEASIBLE,INFEASIBLE,INFEASIBLE,INFEASIBLE,INFEASIBLE,INFEASIBLE,INFEASIBLE,INFEASIBLE,INFEASIBLE,INFEASIBLE,no_trials_in_band
corr_mix,all_only,fused_sp,INFEASIBLE,0.15,budget_only,count,INFEASIBLE,INFEASIBLE,INFEASIBLE,INFEASIBLE,INFEASIBLE,INFEASIBLE,INFEASIBLE,INFEASIBLE,INFEASIBLE,INFEASIBLE,INFEASIBLE,INFEASIBLE,INFEASIBLE,INFEASIBLE,INFEASIBLE,INFEASIBLE,INFEASIBLE,INFEASIBLE,INFEASIBLE,INFEASIBLE,INFEASIBLE,INFEASIBLE,INFEASIBLE,,INFEASIBLE,INFEASIBLE,INFEASIBLE,INFEASIBLE,INFEASIBLE,INFEASIBLE,INFEASIBLE,INFEASIBLE,INFEASIBLE,INFEASIBLE,INFEASIBLE,INFEASIBLE,INFEASIBLE,INFEASIBLE,INFEASIBLE,INFEASIBLE,INFEASIBLE,INFEASIBLE,INFEASIBLE,INFEASIBLE,INFEASIBLE,INFEASIBLE,INFEASIBLE,INFEASIBLE,INFEASIBLE,no_trials_in_band
corr_mix,all_only,fused_sp,INFEASIBLE,0.25,budget_only,count,INFEASIBLE,INFEASIBLE,INFEASIBLE,INFEASIBLE,INFEASIBLE,INFEASIBLE,INFEASIBLE,INFEASIBLE,INFEASIBLE,INFEASIBLE,INFEASIBLE,INFEASIBLE,INFEASIBLE,INFEASIBLE,INFEASIBLE,INFEASIBLE,INFEASIBLE,INFEASIBLE,INFEASIBLE,INFEASIBLE,INFEASIBLE,INFEASIBLE,INFEASIBLE,,INFEASIBLE,INFEASIBLE,INFEASIBLE,INFEASIBLE,INFEASIBLE,INFEASIBLE,INFEASIBLE,INFEASIBLE,INFEASIBLE,INFEASIBLE,INFEASIBLE,INFEASIBLE,INFEASIBLE,INFEASIBLE,INFEASIBLE,INFEASIBLE,INFEASIBLE,INFEASIBLE,INFEASIBLE,INFEASIBLE,INFEASIBLE,INFEASIBLE,INFEASIBLE,INFEASIBLE,INFEASIBLE,no_trials_in_band
corr_mix,all_only,fused_sp,INFEASIBLE,0.35,budget_only,count,INFEASIBLE,INFEASIBLE,INFEASIBLE,INFEASIBLE,INFEASIBLE,INFEASIBLE,INFEASIBLE,INFEASIBLE,INFEASIBLE,INFEASIBLE,INFEASIBLE,INFEASIBLE,INFEASIBLE,INFEASIBLE,INFEASIBLE,INFEASIBLE,INFEASIBLE,INFEASIBLE,INFEASIBLE,INFEASIBLE,INFEASIBLE,INFEASIBLE,INFEASIBLE,,INFEASIBLE,INFEASIBLE,INFEASIBLE,INFEASIBLE,INFEASIBLE,INFEASIBLE,INFEASIBLE,INFEASIBLE,INFEASIBLE,INFEASIBLE,INFEASIBLE,INFEASIBLE,INFEASIBLE,INFEASIBLE,INFEASIBLE,INFEASIBLE,INFEASIBLE,INFEASIBLE,INFEASIBLE,INFEASIBLE,INFEASIBLE,INFEASIBLE,INFEASIBLE,INFEASIBLE,INFEASIBLE,no_trials_in_band
corr_mix,all_only,fused_sp,INFEASIBLE,0.5,budget_only,count,INFEASIBLE,INFEASIBLE,INFEASIBLE,INFEASIBLE,INFEASIBLE,INFEASIBLE,INFEASIBLE,INFEASIBLE,INFEASIBLE,INFEASIBLE,INFEASIBLE,INFEASIBLE,INFEASIBLE,INFEASIBLE,INFEASIBLE,INFEASIBLE,INFEASIBLE,INFEASIBLE,INFEASIBLE,INFEASIBLE,INFEASIBLE,INFEASIBLE,INFEASIBLE,,INFEASIBLE,INFEASIBLE,INFEASIBLE,INFEASIBLE,INFEASIBLE,INFEASIBLE,INFEASIBLE,INFEASIBLE,INFEASIBLE,INFEASIBLE,INFEASIBLE,INFEASIBLE,INFEASIBLE,INFEASIBLE,INFEASIBLE,INFEASIBLE,INFEASIBLE,INFEASIBLE,INFEASIBLE,INFEASIBLE,INFEASIBLE,INFEASIBLE,INFEASIBLE,INFEASIBLE,INFEASIBLE,no_trials_in_band
corr_mix,all_only,fused_sp_lrt_delta,INFEASIBLE,0.15,budget_only,count,INFEASIBLE,INFEASIBLE,INFEASIBLE,INFEASIBLE,INFEASIBLE,INFEASIBLE,INFEASIBLE,INFEASIBLE,INFEASIBLE,INFEASIBLE,INFEASIBLE,INFEASIBLE,INFEASIBLE,INFEASIBLE,INFEASIBLE,INFEASIBLE,INFEASIBLE,INFEASIBLE,INFEASIBLE,INFEASIBLE,INFEASIBLE,INFEASIBLE,INFEASIBLE,,INFEASIBLE,INFEASIBLE,INFEASIBLE,INFEASIBLE,INFEASIBLE,INFEASIBLE,INFEASIBLE,INFEASIBLE,INFEASIBLE,INFEASIBLE,INFEASIBLE,INFEASIBLE,INFEASIBLE,INFEASIBLE,INFEASIBLE,INFEASIBLE,INFEASIBLE,INFEASIBLE,INFEASIBLE,INFEASIBLE,INFEASIBLE,INFEASIBLE,INFEASIBLE,INFEASIBLE,INFEASIBLE,no_trials_in_band
corr_mix,all_only,fused_sp_lrt_delta,INFEASIBLE,0.25,budget_only,count,INFEASIBLE,INFEASIBLE,INFEASIBLE,INFEASIBLE,INFEASIBLE,INFEASIBLE,INFEASIBLE,INFEASIBLE,INFEASIBLE,INFEASIBLE,INFEASIBLE,INFEASIBLE,INFEASIBLE,INFEASIBLE,INFEASIBLE,INFEASIBLE,INFEASIBLE,INFEASIBLE,INFEASIBLE,INFEASIBLE,INFEASIBLE,INFEASIBLE,INFEASIBLE,,INFEASIBLE,INFEASIBLE,INFEASIBLE,INFEASIBLE,INFEASIBLE,INFEASIBLE,INFEASIBLE,INFEASIBLE,INFEASIBLE,INFEASIBLE,INFEASIBLE,INFEASIBLE,INFEASIBLE,INFEASIBLE,INFEASIBLE,INFEASIBLE,INFEASIBLE,INFEASIBLE,INFEASIBLE,INFEASIBLE,INFEASIBLE,INFEASIBLE,INFEASIBLE,INFEASIBLE,INFEASIBLE,no_trials_in_band
corr_mix,all_only,fused_sp_lrt_delta,INFEASIBLE,0.35,budget_only,count,INFEASIBLE,INFEASIBLE,INFEASIBLE,INFEASIBLE,INFEASIBLE,INFEASIBLE,INFEASIBLE,INFEASIBLE,INFEASIBLE,INFEASIBLE,INFEASIBLE,INFEASIBLE,INFEASIBLE,INFEASIBLE,INFEASIBLE,INFEASIBLE,INFEASIBLE,INFEASIBLE,INFEASIBLE,INFEASIBLE,INFEASIBLE,INFEASIBLE,INFEASIBLE,,INFEASIBLE,INFEASIBLE,INFEASIBLE,INFEASIBLE,INFEASIBLE,INFEASIBLE,INFEASIBLE,INFEASIBLE,INFEASIBLE,INFEASIBLE,INFEASIBLE,INFEASIBLE,INFEASIBLE,INFEASIBLE,INFEASIBLE,INFEASIBLE,INFEASIBLE,INFEASIBLE,INFEASIBLE,INFEASIBLE,INFEASIBLE,INFEASIBLE,INFEASIBLE,INFEASIBLE,INFEASIBLE,no_trials_in_band
corr_mix,all_only,fused_sp_lrt_delta,INFEASIBLE,0.5,budget_only,count,INFEASIBLE,INFEASIBLE,INFEASIBLE,INFEASIBLE,INFEASIBLE,INFEASIBLE,INFEASIBLE,INFEASIBLE,INFEASIBLE,INFEASIBLE,INFEASIBLE,INFEASIBLE,INFEASIBLE,INFEASIBLE,INFEASIBLE,INFEASIBLE,INFEASIBLE,INFEASIBLE,INFEASIBLE,INFEASIBLE,INFEASIBLE,INFEASIBLE,INFEASIBLE,,INFEASIBLE,INFEASIBLE,INFEASIBLE,INFEASIBLE,INFEASIBLE,INFEASIBLE,INFEASIBLE,INFEASIBLE,INFEASIBLE,INFEASIBLE,INFEASIBLE,INFEASIBLE,INFEASIBLE,INFEASIBLE,INFEASIBLE,INFEASIBLE,INFEASIBLE,INFEASIBLE,INFEASIBLE,INFEASIBLE,INFEASIBLE,INFEASIBLE,INFEASIBLE,INFEASIBLE,INFEASIBLE,no_trials_in_band
corr_mix,all_only,max_abs,1.0,0.15,budget_only,count,0.1,0.15,0.1,80,80,14,80,1.0,0.175,1.0,0.9594827586206897,0.1877155172413793,4.6375,0.4375,0.4375,0.0,0.5,0.275,0.5,0.275,0.0875,0.125,0.125,1.0,6.0,6.0,6.0,6.0,6.0,6.0,5.5,6.0,6.0,6.0,2.0,2.0,2.2525862068965514,0.9594827586206897,0.1877155172413793,0.002553417563890208,0.19536458802947992,0.9594827586206897,0.1877155172413793,0.0,0.0,0.0,0.0,0.0,OK,
corr_mix,all_only,max_abs,1.0,0.25,budget_only,count,0.1,0.15,0.1,80,80,14,80,1.0,0.175,1.0,0.9594827586206897,0.1877155172413793,4.6375,0.4375,0.4375,0.0,0.5,0.275,0.5,0.275,0.0875,0.125,0.125,1.0,6.0,6.0,6.0,6.0,6.0,6.0,5.5,6.0,6.0,6.0,2.0,2.0,2.2525862068965514,0.9594827586206897,0.1877155172413793,0.002553417563890208,0.19536458802947992,0.9594827586206897,0.1877155172413793,0.0,0.0,0.0,0.0,0.0,OK,
corr_mix,all_only,max_abs,1.0,0.35,budget_only,count,0.1,0.15,0.1,80,80,14,80,1.0,0.175,1.0,0.9594827586206897,0.1877155172413793,4.6375,0.4375,0.4375,0.0,0.5,0.275,0.5,0.275,0.0875,0.125,0.125,1.0,6.0,6.0,6.0,6.0,6.0,6.0,5.5,6.0,6.0,6.0,2.0,2.0,2.2525862068965514,0.9594827586206897,0.1877155172413793,0.002553417563890208,0.19536458802947992,0.9594827586206897,0.1877155172413793,0.0,0.0,0.0,0.0,0.0,OK,
corr_mix,all_only,max_abs,1.0,0.5,budget_only,count,0.1,0.15,0.1,80,80,14,80,1.0,0.175,1.0,0.9594827586206897,0.1877155172413793,4.6375,0.4375,0.4375,0.0,0.5,0.275,0.5,0.275,0.0875,0.125,0.125,1.0,6.0,6.0,6.0,6.0,6.0,6.0,5.5,6.0,6.0,6.0,2.0,2.0,2.2525862068965514,0.9594827586206897,0.1877155172413793,0.002553417563890208,0.19536458802947992,0.9594827586206897,0.1877155172413793,0.0,0.0,0.0,0.0,0.0,OK,
corr_mix,all_only,pc_t2,1.0,0.15,budget_only,count,0.1,0.15,0.1,80,63,13,63,0.7875,0.1625,0.7875,0.8275862068965522,0.17542419266557205,4.0,0.12698412698412698,0.12698412698412698,0.0,0.23809523809523808,0.12698412698412698,0.23809523809523808,0.12698412698412698,0.1111111111111111,0.09523809523809523,0.09523809523809523,1.0,6.0,6.0,6.0,6.0,6.0,6.0,6.0,6.0,6.0,6.0,2.5,2.5,2.1050903119868645,0.8275862068965522,0.17542419266557205,0.014747536218212245,-0.006887470123678355,0.8275862068965522,0.17542419266557205,0.0,0.0,0.0,0.0,0.0,OK,
corr_mix,all_only,pc_t2,1.0,0.25,budget_only,count,0.1,0.15,0.1,80,63,13,63,0.7875,0.1625,0.7875,0.8275862068965522,0.17542419266557205,4.0,0.12698412698412698,0.12698412698412698,0.0,0.23809523809523808,0.12698412698412698,0.23809523809523808,0.12698412698412698,0.1111111111111111,0.09523809523809523,0.09523809523809523,1.0,6.0,6.0,6.0,6.0,6.0,6.0,6.0,6.0,6.0,6.0,2.5,2.5,2.1050903119868645,0.8275862068965522,0.17542419266557205,0.014747536218212245,-0.006887470123678355,0.8275862068965522,0.17542419266557205,0.0,0.0,0.0,0.0,0.0,OK,
corr_mix,all_only,pc_t2,1.0,0.35,budget_only,count,0.1,0.15,0.1,80,63,13,63,0.7875,0.1625,0.7875,0.8275862068965522,0.17542419266557205,4.0,0.12698412698412698,0.12698412698412698,0.0,0.23809523809523808,0.12698412698412698,0.23809523809523808,0.12698412698412698,0.1111111111111111,0.09523809523809523,0.09523809523809523,1.0,6.0,6.0,6.0,6.0,6.0,6.0,6.0,6.0,6.0,6.0,2.5,2.5,2.1050903119868645,0.8275862068965522,0.17542419266557205,0.014747536218212245,-0.006887470123678355,0.8275862068965522,0.17542419266557205,0.0,0.0,0.0,0.0,0.0,OK,
corr_mix,all_only,pc_t2,1.0,0.5,budget_only,count,0.1,0.15,0.1,80,63,13,63,0.7875,0.1625,0.7875,0.8275862068965522,0.17542419266557205,4.0,0.12698412698412698,0.12698412698412698,0.0,0.23809523809523808,0.12698412698412698,0.23809523809523808,0.12698412698412698,0.1111111111111111,0.09523809523809523,0.09523809523809523,1.0,6.0,6.0,6.0,6.0,6.0,6.0,6.0,6.0,6.0,6.0,2.5,2.5,2.1050903119868645,0.8275862068965522,0.17542419266557205,0.014747536218212245,-0.006887470123678355,0.8275862068965522,0.17542419266557205,0.0,0.0,0.0,0.0,0.0,OK,
corr_mix,all_only,res_energy,INFEASIBLE,0.15,budget_only,count,INFEASIBLE,INFEASIBLE,INFEASIBLE,INFEASIBLE,INFEASIBLE,INFEASIBLE,INFEASIBLE,INFEASIBLE,INFEASIBLE,INFEASIBLE,INFEASIBLE,INFEASIBLE,INFEASIBLE,INFEASIBLE,INFEASIBLE,INFEASIBLE,INFEASIBLE,INFEASIBLE,INFEASIBLE,INFEASIBLE,INFEASIBLE,INFEASIBLE,INFEASIBLE,,INFEASIBLE,INFEASIBLE,INFEASIBLE,INFEASIBLE,INFEASIBLE,INFEASIBLE,INFEASIBLE,INFEASIBLE,INFEASIBLE,INFEASIBLE,INFEASIBLE,INFEASIBLE,INFEASIBLE,INFEASIBLE,INFEASIBLE,INFEASIBLE,INFEASIBLE,INFEASIBLE,INFEASIBLE,INFEASIBLE,INFEASIBLE,INFEASIBLE,INFEASIBLE,INFEASIBLE,INFEASIBLE,no_trials_in_band
corr_mix,all_only,res_energy,INFEASIBLE,0.25,budget_only,count,INFEASIBLE,INFEASIBLE,INFEASIBLE,INFEASIBLE,INFEASIBLE,INFEASIBLE,INFEASIBLE,INFEASIBLE,INFEASIBLE,INFEASIBLE,INFEASIBLE,INFEASIBLE,INFEASIBLE,INFEASIBLE,INFEASIBLE,INFEASIBLE,INFEASIBLE,INFEASIBLE,INFEASIBLE,INFEASIBLE,INFEASIBLE,INFEASIBLE,INFEASIBLE,,INFEASIBLE,INFEASIBLE,INFEASIBLE,INFEASIBLE,INFEASIBLE,INFEASIBLE,INFEASIBLE,INFEASIBLE,INFEASIBLE,INFEASIBLE,INFEASIBLE,INFEASIBLE,INFEASIBLE,INFEASIBLE,INFEASIBLE,INFEASIBLE,INFEASIBLE,INFEASIBLE,INFEASIBLE,INFEASIBLE,INFEASIBLE,INFEASIBLE,INFEASIBLE,INFEASIBLE,INFEASIBLE,no_trials_in_band
corr_mix,all_only,res_energy,INFEASIBLE,0.35,budget_only,count,INFEASIBLE,INFEASIBLE,INFEASIBLE,INFEASIBLE,INFEASIBLE,INFEASIBLE,INFEASIBLE,INFEASIBLE,INFEASIBLE,INFEASIBLE,INFEASIBLE,INFEASIBLE,INFEASIBLE,INFEASIBLE,INFEASIBLE,INFEASIBLE,INFEASIBLE,INFEASIBLE,INFEASIBLE,INFEASIBLE,INFEASIBLE,INFEASIBLE,INFEASIBLE,,INFEASIBLE,INFEASIBLE,INFEASIBLE,INFEASIBLE,INFEASIBLE,INFEASIBLE,INFEASIBLE,INFEASIBLE,INFEASIBLE,INFEASIBLE,INFEASIBLE,INFEASIBLE,INFEASIBLE,INFEASIBLE,INFEASIBLE,INFEASIBLE,INFEASIBLE,INFEASIBLE,INFEASIBLE,INFEASIBLE,INFEASIBLE,INFEASIBLE,INFEASIBLE,INFEASIBLE,INFEASIBLE,no_trials_in_band
corr_mix,all_only,res_energy,INFEASIBLE,0.5,budget_only,count,INFEASIBLE,INFEASIBLE,INFEASIBLE,INFEASIBLE,INFEASIBLE,INFEASIBLE,INFEASIBLE,INFEASIBLE,INFEASIBLE,INFEASIBLE,INFEASIBLE,INFEASIBLE,INFEASIBLE,INFEASIBLE,INFEASIBLE,INFEASIBLE,INFEASIBLE,INFEASIBLE,INFEASIBLE,INFEASIBLE,INFEASIBLE,INFEASIBLE,INFEASIBLE,,INFEASIBLE,INFEASIBLE,INFEASIBLE,INFEASIBLE,INFEASIBLE,INFEASIBLE,INFEASIBLE,INFEASIBLE,INFEASIBLE,INFEASIBLE,INFEASIBLE,INFEASIBLE,INFEASIBLE,INFEASIBLE,INFEASIBLE,INFEASIBLE,INFEASIBLE,INFEASIBLE,INFEASIBLE,INFEASIBLE,INFEASIBLE,INFEASIBLE,INFEASIBLE,INFEASIBLE,INFEASIBLE,no_trials_in_band
corr_mix,all_only,stale,INFEASIBLE,0.15,budget_only,count,INFEASIBLE,INFEASIBLE,INFEASIBLE,INFEASIBLE,INFEASIBLE,INFEASIBLE,INFEASIBLE,INFEASIBLE,INFEASIBLE,INFEASIBLE,INFEASIBLE,INFEASIBLE,INFEASIBLE,INFEASIBLE,INFEASIBLE,INFEASIBLE,INFEASIBLE,INFEASIBLE,INFEASIBLE,INFEASIBLE,INFEASIBLE,INFEASIBLE,INFEASIBLE,,INFEASIBLE,INFEASIBLE,INFEASIBLE,INFEASIBLE,INFEASIBLE,INFEASIBLE,INFEASIBLE,INFEASIBLE,INFEASIBLE,INFEASIBLE,INFEASIBLE,INFEASIBLE,INFEASIBLE,INFEASIBLE,INFEASIBLE,INFEASIBLE,INFEASIBLE,INFEASIBLE,INFEASIBLE,INFEASIBLE,INFEASIBLE,INFEASIBLE,INFEASIBLE,INFEASIBLE,INFEASIBLE,no_trials_in_band
corr_mix,all_only,stale,INFEASIBLE,0.25,budget_only,count,INFEASIBLE,INFEASIBLE,INFEASIBLE,INFEASIBLE,INFEASIBLE,INFEASIBLE,INFEASIBLE,INFEASIBLE,INFEASIBLE,INFEASIBLE,INFEASIBLE,INFEASIBLE,INFEASIBLE,INFEASIBLE,INFEASIBLE,INFEASIBLE,INFEASIBLE,INFEASIBLE,INFEASIBLE,INFEASIBLE,INFEASIBLE,INFEASIBLE,INFEASIBLE,,INFEASIBLE,INFEASIBLE,INFEASIBLE,INFEASIBLE,INFEASIBLE,INFEASIBLE,INFEASIBLE,INFEASIBLE,INFEASIBLE,INFEASIBLE,INFEASIBLE,INFEASIBLE,INFEASIBLE,INFEASIBLE,INFEASIBLE,INFEASIBLE,INFEASIBLE,INFEASIBLE,INFEASIBLE,INFEASIBLE,INFEASIBLE,INFEASIBLE,INFEASIBLE,INFEASIBLE,INFEASIBLE,no_trials_in_band
corr_mix,all_only,stale,INFEASIBLE,0.35,budget_only,count,INFEASIBLE,INFEASIBLE,INFEASIBLE,INFEASIBLE,INFEASIBLE,INFEASIBLE,INFEASIBLE,INFEASIBLE,INFEASIBLE,INFEASIBLE,INFEASIBLE,INFEASIBLE,INFEASIBLE,INFEASIBLE,INFEASIBLE,INFEASIBLE,INFEASIBLE,INFEASIBLE,INFEASIBLE,INFEASIBLE,INFEASIBLE,INFEASIBLE,INFEASIBLE,,INFEASIBLE,INFEASIBLE,INFEASIBLE,INFEASIBLE,INFEASIBLE,INFEASIBLE,INFEASIBLE,INFEASIBLE,INFEASIBLE,INFEASIBLE,INFEASIBLE,INFEASIBLE,INFEASIBLE,INFEASIBLE,INFEASIBLE,INFEASIBLE,INFEASIBLE,INFEASIBLE,INFEASIBLE,INFEASIBLE,INFEASIBLE,INFEASIBLE,INFEASIBLE,INFEASIBLE,INFEASIBLE,no_trials_in_band
corr_mix,all_only,stale,INFEASIBLE,0.5,budget_only,count,INFEASIBLE,INFEASIBLE,INFEASIBLE,INFEASIBLE,INFEASIBLE,INFEASIBLE,INFEASIBLE,INFEASIBLE,INFEASIBLE,INFEASIBLE,INFEASIBLE,INFEASIBLE,INFEASIBLE,INFEASIBLE,INFEASIBLE,INFEASIBLE,INFEASIBLE,INFEASIBLE,INFEASIBLE,INFEASIBLE,INFEASIBLE,INFEASIBLE,INFEASIBLE,,INFEASIBLE,INFEASIBLE,INFEASIBLE,INFEASIBLE,INFEASIBLE,INFEASIBLE,INFEASIBLE,INFEASIBLE,INFEASIBLE,INFEASIBLE,INFEASIBLE,INFEASIBLE,INFEASIBLE,INFEASIBLE,INFEASIBLE,INFEASIBLE,INFEASIBLE,INFEASIBLE,INFEASIBLE,INFEASIBLE,INFEASIBLE,INFEASIBLE,INFEASIBLE,INFEASIBLE,INFEASIBLE,no_trials_in_band
corr_mix,full,T2,INFEASIBLE,0.15,budget_only,count,INFEASIBLE,INFEASIBLE,INFEASIBLE,INFEASIBLE,INFEASIBLE,INFEASIBLE,INFEASIBLE,INFEASIBLE,INFEASIBLE,INFEASIBLE,INFEASIBLE,INFEASIBLE,INFEASIBLE,INFEASIBLE,INFEASIBLE,INFEASIBLE,INFEASIBLE,INFEASIBLE,INFEASIBLE,INFEASIBLE,INFEASIBLE,INFEASIBLE,INFEASIBLE,,INFEASIBLE,INFEASIBLE,INFEASIBLE,INFEASIBLE,INFEASIBLE,INFEASIBLE,INFEASIBLE,INFEASIBLE,INFEASIBLE,INFEASIBLE,INFEASIBLE,INFEASIBLE,INFEASIBLE,INFEASIBLE,INFEASIBLE,INFEASIBLE,INFEASIBLE,INFEASIBLE,INFEASIBLE,INFEASIBLE,INFEASIBLE,INFEASIBLE,INFEASIBLE,INFEASIBLE,INFEASIBLE,no_trials_in_band
corr_mix,full,T2,INFEASIBLE,0.25,budget_only,count,INFEASIBLE,INFEASIBLE,INFEASIBLE,INFEASIBLE,INFEASIBLE,INFEASIBLE,INFEASIBLE,INFEASIBLE,INFEASIBLE,INFEASIBLE,INFEASIBLE,INFEASIBLE,INFEASIBLE,INFEASIBLE,INFEASIBLE,INFEASIBLE,INFEASIBLE,INFEASIBLE,INFEASIBLE,INFEASIBLE,INFEASIBLE,INFEASIBLE,INFEASIBLE,,INFEASIBLE,INFEASIBLE,INFEASIBLE,INFEASIBLE,INFEASIBLE,INFEASIBLE,INFEASIBLE,INFEASIBLE,INFEASIBLE,INFEASIBLE,INFEASIBLE,INFEASIBLE,INFEASIBLE,INFEASIBLE,INFEASIBLE,INFEASIBLE,INFEASIBLE,INFEASIBLE,INFEASIBLE,INFEASIBLE,INFEASIBLE,INFEASIBLE,INFEASIBLE,INFEASIBLE,INFEASIBLE,no_trials_in_band
corr_mix,full,T2,INFEASIBLE,0.35,budget_only,count,INFEASIBLE,INFEASIBLE,INFEASIBLE,INFEASIBLE,INFEASIBLE,INFEASIBLE,INFEASIBLE,INFEASIBLE,INFEASIBLE,INFEASIBLE,INFEASIBLE,INFEASIBLE,INFEASIBLE,INFEASIBLE,INFEASIBLE,INFEASIBLE,INFEASIBLE,INFEASIBLE,INFEASIBLE,INFEASIBLE,INFEASIBLE,INFEASIBLE,INFEASIBLE,,INFEASIBLE,INFEASIBLE,INFEASIBLE,INFEASIBLE,INFEASIBLE,INFEASIBLE,INFEASIBLE,INFEASIBLE,INFEASIBLE,INFEASIBLE,INFEASIBLE,INFEASIBLE,INFEASIBLE,INFEASIBLE,INFEASIBLE,INFEASIBLE,INFEASIBLE,INFEASIBLE,INFEASIBLE,INFEASIBLE,INFEASIBLE,INFEASIBLE,INFEASIBLE,INFEASIBLE,INFEASIBLE,no_trials_in_band
corr_mix,full,T2,INFEASIBLE,0.5,budget_only,count,INFEASIBLE,INFEASIBLE,INFEASIBLE,INFEASIBLE,INFEASIBLE,INFEASIBLE,INFEASIBLE,INFEASIBLE,INFEASIBLE,INFEASIBLE,INFEASIBLE,INFEASIBLE,INFEASIBLE,INFEASIBLE,INFEASIBLE,INFEASIBLE,INFEASIBLE,INFEASIBLE,INFEASIBLE,INFEASIBLE,INFEASIBLE,INFEASIBLE,INFEASIBLE,,INFEASIBLE,INFEASIBLE,INFEASIBLE,INFEASIBLE,INFEASIBLE,INFEASIBLE,INFEASIBLE,INFEASIBLE,INFEASIBLE,INFEASIBLE,INFEASIBLE,INFEASIBLE,INFEASIBLE,INFEASIBLE,INFEASIBLE,INFEASIBLE,INFEASIBLE,INFEASIBLE,INFEASIBLE,INFEASIBLE,INFEASIBLE,INFEASIBLE,INFEASIBLE,INFEASIBLE,INFEASIBLE,no_trials_in_band
corr_mix,full,cusum_factor_cov_lrt,1.0,0.15,budget_only,count,0.1,0.15,0.1,80,80,0,80,1.0,0.0,1.0,1.1120689655172413,0.25323275862068967,5.375,0.5625,0.5625,0.0,0.725,0.4,0.725,0.4,0.1625,0.0,0.0,1.0,4.0,4.0,4.0,6.0,4.0,6.0,3.0,6.0,4.0,6.0,2.0,2.0,3.038793103448276,1.1120689655172413,0.25323275862068967,NA,0.31710600731572214,1.1120689655172413,0.25323275862068967,0.02291666666666667,0.0,0.02291666666666667,0.02291666666666667,0.0,OK,
corr_mix,full,cusum_factor_cov_lrt,1.0,0.25,budget_only,count,0.1,0.15,0.1,80,80,0,80,1.0,0.0,1.0,1.1120689655172413,0.25323275862068967,5.375,0.5625,0.5625,0.0,0.725,0.4,0.725,0.4,0.1625,0.0,0.0,1.0,4.0,4.0,4.0,6.0,4.0,6.0,3.0,6.0,4.0,6.0,2.0,2.0,3.0543103448275866,1.1172413793103448,0.25452586206896555,NA,0.320188191200918,1.1120689655172413,0.25323275862068967,0.035416666666666666,0.04219409282700422,0.035416666666666666,0.035416666666666666,0.03375527426160338,OK,
corr_mix,full,cusum_factor_cov_lrt,1.0,0.35,budget_only,count,0.1,0.15,0.1,80,80,0,80,1.0,0.0,1.0,1.1120689655172413,0.25323275862068967,5.375,0.5625,0.5625,0.0,0.725,0.4,0.725,0.4,0.1625,0.0,0.0,1.0,4.0,4.0,4.0,6.0,4.0,6.0,3.0,6.0,4.0,6.0,2.0,2.0,3.0517241379310347,1.114655172413793,0.2543103448275862,NA,0.3215070014695073,1.1120689655172413,0.25323275862068967,0.035416666666666666,0.03797468354430379,0.035416666666666666,0.035416666666666666,0.02953586497890296,OK,
corr_mix,full,cusum_factor_cov_lrt,1.0,0.5,budget_only,count,0.1,0.15,0.1,80,80,0,80,1.0,0.0,1.0,1.1120689655172413,0.25323275862068967,5.375,0.5625,0.5625,0.0,0.725,0.4,0.725,0.4,0.1625,0.0,0.0,1.0,4.0,4.0,4.0,6.0,4.0,6.0,3.0,6.0,4.0,6.0,2.0,2.0,3.0517241379310347,1.114655172413793,0.2543103448275862,NA,0.3262847681208715,1.1120689655172413,0.25323275862068967,0.035416666666666666,0.03797468354430379,0.035416666666666666,0.035416666666666666,0.02953586497890296,OK,
corr_mix,full,ewma_factor_cov_lrt,INFEASIBLE,0.15,budget_only,count,INFEASIBLE,INFEASIBLE,INFEASIBLE,INFEASIBLE,INFEASIBLE,INFEASIBLE,INFEASIBLE,INFEASIBLE,INFEASIBLE,INFEASIBLE,INFEASIBLE,INFEASIBLE,INFEASIBLE,INFEASIBLE,INFEASIBLE,INFEASIBLE,INFEASIBLE,INFEASIBLE,INFEASIBLE,INFEASIBLE,INFEASIBLE,INFEASIBLE,INFEASIBLE,,INFEASIBLE,INFEASIBLE,INFEASIBLE,INFEASIBLE,INFEASIBLE,INFEASIBLE,INFEASIBLE,INFEASIBLE,INFEASIBLE,INFEASIBLE,INFEASIBLE,INFEASIBLE,INFEASIBLE,INFEASIBLE,INFEASIBLE,INFEASIBLE,INFEASIBLE,INFEASIBLE,INFEASIBLE,INFEASIBLE,INFEASIBLE,INFEASIBLE,INFEASIBLE,INFEASIBLE,INFEASIBLE,no_trials_in_band
corr_mix,full,ewma_factor_cov_lrt,INFEASIBLE,0.25,budget_only,count,INFEASIBLE,INFEASIBLE,INFEASIBLE,INFEASIBLE,INFEASIBLE,INFEASIBLE,INFEASIBLE,INFEASIBLE,INFEASIBLE,INFEASIBLE,INFEASIBLE,INFEASIBLE,INFEASIBLE,INFEASIBLE,INFEASIBLE,INFEASIBLE,INFEASIBLE,INFEASIBLE,INFEASIBLE,INFEASIBLE,INFEASIBLE,INFEASIBLE,INFEASIBLE,,INFEASIBLE,INFEASIBLE,INFEASIBLE,INFEASIBLE,INFEASIBLE,INFEASIBLE,INFEASIBLE,INFEASIBLE,INFEASIBLE,INFEASIBLE,INFEASIBLE,INFEASIBLE,INFEASIBLE,INFEASIBLE,INFEASIBLE,INFEASIBLE,INFEASIBLE,INFEASIBLE,INFEASIBLE,INFEASIBLE,INFEASIBLE,INFEASIBLE,INFEASIBLE,INFEASIBLE,INFEASIBLE,no_trials_in_band
corr_mix,full,ewma_factor_cov_lrt,INFEASIBLE,0.35,budget_only,count,INFEASIBLE,INFEASIBLE,INFEASIBLE,INFEASIBLE,INFEASIBLE,INFEASIBLE,INFEASIBLE,INFEASIBLE,INFEASIBLE,INFEASIBLE,INFEASIBLE,INFEASIBLE,INFEASIBLE,INFEASIBLE,INFEASIBLE,INFEASIBLE,INFEASIBLE,INFEASIBLE,INFEASIBLE,INFEASIBLE,INFEASIBLE,INFEASIBLE,INFEASIBLE,,INFEASIBLE,INFEASIBLE,INFEASIBLE,INFEASIBLE,INFEASIBLE,INFEASIBLE,INFEASIBLE,INFEASIBLE,INFEASIBLE,INFEASIBLE,INFEASIBLE,INFEASIBLE,INFEASIBLE,INFEASIBLE,INFEASIBLE,INFEASIBLE,INFEASIBLE,INFEASIBLE,INFEASIBLE,INFEASIBLE,INFEASIBLE,INFEASIBLE,INFEASIBLE,INFEASIBLE,INFEASIBLE,no_trials_in_band
corr_mix,full,ewma_factor_cov_lrt,INFEASIBLE,0.5,budget_only,count,INFEASIBLE,INFEASIBLE,INFEASIBLE,INFEASIBLE,INFEASIBLE,INFEASIBLE,INFEASIBLE,INFEASIBLE,INFEASIBLE,INFEASIBLE,INFEASIBLE,INFEASIBLE,INFEASIBLE,INFEASIBLE,INFEASIBLE,INFEASIBLE,INFEASIBLE,INFEASIBLE,INFEASIBLE,INFEASIBLE,INFEASIBLE,INFEASIBLE,INFEASIBLE,,INFEASIBLE,INFEASIBLE,INFEASIBLE,INFEASIBLE,INFEASIBLE,INFEASIBLE,INFEASIBLE,INFEASIBLE,INFEASIBLE,INFEASIBLE,INFEASIBLE,INFEASIBLE,INFEASIBLE,INFEASIBLE,INFEASIBLE,INFEASIBLE,INFEASIBLE,INFEASIBLE,INFEASIBLE,INFEASIBLE,INFEASIBLE,INFEASIBLE,INFEASIBLE,INFEASIBLE,INFEASIBLE,no_trials_in_band
corr_mix,full,factor_cov_change,INFEASIBLE,0.15,budget_only,count,INFEASIBLE,INFEASIBLE,INFEASIBLE,INFEASIBLE,INFEASIBLE,INFEASIBLE,INFEASIBLE,INFEASIBLE,INFEASIBLE,INFEASIBLE,INFEASIBLE,INFEASIBLE,INFEASIBLE,INFEASIBLE,INFEASIBLE,INFEASIBLE,INFEASIBLE,INFEASIBLE,INFEASIBLE,INFEASIBLE,INFEASIBLE,INFEASIBLE,INFEASIBLE,,INFEASIBLE,INFEASIBLE,INFEASIBLE,INFEASIBLE,INFEASIBLE,INFEASIBLE,INFEASIBLE,INFEASIBLE,INFEASIBLE,INFEASIBLE,INFEASIBLE,INFEASIBLE,INFEASIBLE,INFEASIBLE,INFEASIBLE,INFEASIBLE,INFEASIBLE,INFEASIBLE,INFEASIBLE,INFEASIBLE,INFEASIBLE,INFEASIBLE,INFEASIBLE,INFEASIBLE,INFEASIBLE,no_trials_in_band
corr_mix,full,factor_cov_change,INFEASIBLE,0.25,budget_only,count,INFEASIBLE,INFEASIBLE,INFEASIBLE,INFEASIBLE,INFEASIBLE,INFEASIBLE,INFEASIBLE,INFEASIBLE,INFEASIBLE,INFEASIBLE,INFEASIBLE,INFEASIBLE,INFEASIBLE,INFEASIBLE,INFEASIBLE,INFEASIBLE,INFEASIBLE,INFEASIBLE,INFEASIBLE,INFEASIBLE,INFEASIBLE,INFEASIBLE,INFEASIBLE,,INFEASIBLE,INFEASIBLE,INFEASIBLE,INFEASIBLE,INFEASIBLE,INFEASIBLE,INFEASIBLE,INFEASIBLE,INFEASIBLE,INFEASIBLE,INFEASIBLE,INFEASIBLE,INFEASIBLE,INFEASIBLE,INFEASIBLE,INFEASIBLE,INFEASIBLE,INFEASIBLE,INFEASIBLE,INFEASIBLE,INFEASIBLE,INFEASIBLE,INFEASIBLE,INFEASIBLE,INFEASIBLE,no_trials_in_band
corr_mix,full,factor_cov_change,INFEASIBLE,0.35,budget_only,count,INFEASIBLE,INFEASIBLE,INFEASIBLE,INFEASIBLE,INFEASIBLE,INFEASIBLE,INFEASIBLE,INFEASIBLE,INFEASIBLE,INFEASIBLE,INFEASIBLE,INFEASIBLE,INFEASIBLE,INFEASIBLE,INFEASIBLE,INFEASIBLE,INFEASIBLE,INFEASIBLE,INFEASIBLE,INFEASIBLE,INFEASIBLE,INFEASIBLE,INFEASIBLE,,INFEASIBLE,INFEASIBLE,INFEASIBLE,INFEASIBLE,INFEASIBLE,INFEASIBLE,INFEASIBLE,INFEASIBLE,INFEASIBLE,INFEASIBLE,INFEASIBLE,INFEASIBLE,INFEASIBLE,INFEASIBLE,INFEASIBLE,INFEASIBLE,INFEASIBLE,INFEASIBLE,INFEASIBLE,INFEASIBLE,INFEASIBLE,INFEASIBLE,INFEASIBLE,INFEASIBLE,INFEASIBLE,no_trials_in_band
corr_mix,full,factor_cov_change,INFEASIBLE,0.5,budget_only,count,INFEASIBLE,INFEASIBLE,INFEASIBLE,INFEASIBLE,INFEASIBLE,INFEASIBLE,INFEASIBLE,INFEASIBLE,INFEASIBLE,INFEASIBLE,INFEASIBLE,INFEASIBLE,INFEASIBLE,INFEASIBLE,INFEASIBLE,INFEASIBLE,INFEASIBLE,INFEASIBLE,INFEASIBLE,INFEASIBLE,INFEASIBLE,INFEASIBLE,INFEASIBLE,,INFEASIBLE,INFEASIBLE,INFEASIBLE,INFEASIBLE,INFEASIBLE,INFEASIBLE,INFEASIBLE,INFEASIBLE,INFEASIBLE,INFEASIBLE,INFEASIBLE,INFEASIBLE,INFEASIBLE,INFEASIBLE,INFEASIBLE,INFEASIBLE,INFEASIBLE,INFEASIBLE,INFEASIBLE,INFEASIBLE,INFEASIBLE,INFEASIBLE,INFEASIBLE,INFEASIBLE,INFEASIBLE,no_trials_in_band
corr_mix,full,factor_cov_delta,INFEASIBLE,0.15,budget_only,count,INFEASIBLE,INFEASIBLE,INFEASIBLE,INFEASIBLE,INFEASIBLE,INFEASIBLE,INFEASIBLE,INFEASIBLE,INFEASIBLE,INFEASIBLE,INFEASIBLE,INFEASIBLE,INFEASIBLE,INFEASIBLE,INFEASIBLE,INFEASIBLE,INFEASIBLE,INFEASIBLE,INFEASIBLE,INFEASIBLE,INFEASIBLE,INFEASIBLE,INFEASIBLE,,INFEASIBLE,INFEASIBLE,INFEASIBLE,INFEASIBLE,INFEASIBLE,INFEASIBLE,INFEASIBLE,INFEASIBLE,INFEASIBLE,INFEASIBLE,INFEASIBLE,INFEASIBLE,INFEASIBLE,INFEASIBLE,INFEASIBLE,INFEASIBLE,INFEASIBLE,INFEASIBLE,INFEASIBLE,INFEASIBLE,INFEASIBLE,INFEASIBLE,INFEASIBLE,INFEASIBLE,INFEASIBLE,no_trials_in_band
corr_mix,full,factor_cov_delta,INFEASIBLE,0.25,budget_only,count,INFEASIBLE,INFEASIBLE,INFEASIBLE,INFEASIBLE,INFEASIBLE,INFEASIBLE,INFEASIBLE,INFEASIBLE,INFEASIBLE,INFEASIBLE,INFEASIBLE,INFEASIBLE,INFEASIBLE,INFEASIBLE,INFEASIBLE,INFEASIBLE,INFEASIBLE,INFEASIBLE,INFEASIBLE,INFEASIBLE,INFEASIBLE,INFEASIBLE,INFEASIBLE,,INFEASIBLE,INFEASIBLE,INFEASIBLE,INFEASIBLE,INFEASIBLE,INFEASIBLE,INFEASIBLE,INFEASIBLE,INFEASIBLE,INFEASIBLE,INFEASIBLE,INFEASIBLE,INFEASIBLE,INFEASIBLE,INFEASIBLE,INFEASIBLE,INFEASIBLE,INFEASIBLE,INFEASIBLE,INFEASIBLE,INFEASIBLE,INFEASIBLE,INFEASIBLE,INFEASIBLE,INFEASIBLE,no_trials_in_band
corr_mix,full,factor_cov_delta,INFEASIBLE,0.35,budget_only,count,INFEASIBLE,INFEASIBLE,INFEASIBLE,INFEASIBLE,INFEASIBLE,INFEASIBLE,INFEASIBLE,INFEASIBLE,INFEASIBLE,INFEASIBLE,INFEASIBLE,INFEASIBLE,INFEASIBLE,INFEASIBLE,INFEASIBLE,INFEASIBLE,INFEASIBLE,INFEASIBLE,INFEASIBLE,INFEASIBLE,INFEASIBLE,INFEASIBLE,INFEASIBLE,,INFEASIBLE,INFEASIBLE,INFEASIBLE,INFEASIBLE,INFEASIBLE,INFEASIBLE,INFEASIBLE,INFEASIBLE,INFEASIBLE,INFEASIBLE,INFEASIBLE,INFEASIBLE,INFEASIBLE,INFEASIBLE,INFEASIBLE,INFEASIBLE,INFEASIBLE,INFEASIBLE,INFEASIBLE,INFEASIBLE,INFEASIBLE,INFEASIBLE,INFEASIBLE,INFEASIBLE,INFEASIBLE,no_trials_in_band
corr_mix,full,factor_cov_delta,INFEASIBLE,0.5,budget_only,count,INFEASIBLE,INFEASIBLE,INFEASIBLE,INFEASIBLE,INFEASIBLE,INFEASIBLE,INFEASIBLE,INFEASIBLE,INFEASIBLE,INFEASIBLE,INFEASIBLE,INFEASIBLE,INFEASIBLE,INFEASIBLE,INFEASIBLE,INFEASIBLE,INFEASIBLE,INFEASIBLE,INFEASIBLE,INFEASIBLE,INFEASIBLE,INFEASIBLE,INFEASIBLE,,INFEASIBLE,INFEASIBLE,INFEASIBLE,INFEASIBLE,INFEASIBLE,INFEASIBLE,INFEASIBLE,INFEASIBLE,INFEASIBLE,INFEASIBLE,INFEASIBLE,INFEASIBLE,INFEASIBLE,INFEASIBLE,INFEASIBLE,INFEASIBLE,INFEASIBLE,INFEASIBLE,INFEASIBLE,INFEASIBLE,INFEASIBLE,INFEASIBLE,INFEASIBLE,INFEASIBLE,INFEASIBLE,no_trials_in_band
corr_mix,full,factor_cov_lrt,INFEASIBLE,0.15,budget_only,count,INFEASIBLE,INFEASIBLE,INFEASIBLE,INFEASIBLE,INFEASIBLE,INFEASIBLE,INFEASIBLE,INFEASIBLE,INFEASIBLE,INFEASIBLE,INFEASIBLE,INFEASIBLE,INFEASIBLE,INFEASIBLE,INFEASIBLE,INFEASIBLE,INFEASIBLE,INFEASIBLE,INFEASIBLE,INFEASIBLE,INFEASIBLE,INFEASIBLE,INFEASIBLE,,INFEASIBLE,INFEASIBLE,INFEASIBLE,INFEASIBLE,INFEASIBLE,INFEASIBLE,INFEASIBLE,INFEASIBLE,INFEASIBLE,INFEASIBLE,INFEASIBLE,INFEASIBLE,INFEASIBLE,INFEASIBLE,INFEASIBLE,INFEASIBLE,INFEASIBLE,INFEASIBLE,INFEASIBLE,INFEASIBLE,INFEASIBLE,INFEASIBLE,INFEASIBLE,INFEASIBLE,INFEASIBLE,no_trials_in_band
corr_mix,full,factor_cov_lrt,INFEASIBLE,0.25,budget_only,count,INFEASIBLE,INFEASIBLE,INFEASIBLE,INFEASIBLE,INFEASIBLE,INFEASIBLE,INFEASIBLE,INFEASIBLE,INFEASIBLE,INFEASIBLE,INFEASIBLE,INFEASIBLE,INFEASIBLE,INFEASIBLE,INFEASIBLE,INFEASIBLE,INFEASIBLE,INFEASIBLE,INFEASIBLE,INFEASIBLE,INFEASIBLE,INFEASIBLE,INFEASIBLE,,INFEASIBLE,INFEASIBLE,INFEASIBLE,INFEASIBLE,INFEASIBLE,INFEASIBLE,INFEASIBLE,INFEASIBLE,INFEASIBLE,INFEASIBLE,INFEASIBLE,INFEASIBLE,INFEASIBLE,INFEASIBLE,INFEASIBLE,INFEASIBLE,INFEASIBLE,INFEASIBLE,INFEASIBLE,INFEASIBLE,INFEASIBLE,INFEASIBLE,INFEASIBLE,INFEASIBLE,INFEASIBLE,no_trials_in_band
corr_mix,full,factor_cov_lrt,INFEASIBLE,0.35,budget_only,count,INFEASIBLE,INFEASIBLE,INFEASIBLE,INFEASIBLE,INFEASIBLE,INFEASIBLE,INFEASIBLE,INFEASIBLE,INFEASIBLE,INFEASIBLE,INFEASIBLE,INFEASIBLE,INFEASIBLE,INFEASIBLE,INFEASIBLE,INFEASIBLE,INFEASIBLE,INFEASIBLE,INFEASIBLE,INFEASIBLE,INFEASIBLE,INFEASIBLE,INFEASIBLE,,INFEASIBLE,INFEASIBLE,INFEASIBLE,INFEASIBLE,INFEASIBLE,INFEASIBLE,INFEASIBLE,INFEASIBLE,INFEASIBLE,INFEASIBLE,INFEASIBLE,INFEASIBLE,INFEASIBLE,INFEASIBLE,INFEASIBLE,INFEASIBLE,INFEASIBLE,INFEASIBLE,INFEASIBLE,INFEASIBLE,INFEASIBLE,INFEASIBLE,INFEASIBLE,INFEASIBLE,INFEASIBLE,no_trials_in_band
corr_mix,full,factor_cov_lrt,INFEASIBLE,0.5,budget_only,count,INFEASIBLE,INFEASIBLE,INFEASIBLE,INFEASIBLE,INFEASIBLE,INFEASIBLE,INFEASIBLE,INFEASIBLE,INFEASIBLE,INFEASIBLE,INFEASIBLE,INFEASIBLE,INFEASIBLE,INFEASIBLE,INFEASIBLE,INFEASIBLE,INFEASIBLE,INFEASIBLE,INFEASIBLE,INFEASIBLE,INFEASIBLE,INFEASIBLE,INFEASIBLE,,INFEASIBLE,INFEASIBLE,INFEASIBLE,INFEASIBLE,INFEASIBLE,INFEASIBLE,INFEASIBLE,INFEASIBLE,INFEASIBLE,INFEASIBLE,INFEASIBLE,INFEASIBLE,INFEASIBLE,INFEASIBLE,INFEASIBLE,INFEASIBLE,INFEASIBLE,INFEASIBLE,INFEASIBLE,INFEASIBLE,INFEASIBLE,INFEASIBLE,INFEASIBLE,INFEASIBLE,INFEASIBLE,no_trials_in_band
corr_mix,full,factor_cov_lrt_delta,1.0,0.15,budget_only,count,0.1,0.15,0.1,80,4,4,4,0.05,0.05,0.05,1.2413793103448276,0.10344827586206896,6.0,1.0,1.0,0.0,1.0,1.0,1.0,1.0,0.0,0.0,0.0,1.0,0.0,0.0,0.0,0.7000000000000002,0.0,0.7000000000000002,0.0,0.7000000000000002,0.0,0.7000000000000002,0.0,0.0,1.2413793103448276,1.2413793103448276,0.10344827586206896,0.10806137345336028,0.186805719298616,1.2413793103448276,0.10344827586206896,0.08333333333333333,0.0,-0.08333333333333333,0.08333333333333333,0.0,OK,
corr_mix,full,factor_cov_lrt_delta,1.0,0.25,budget_only,count,0.1,0.15,0.1,80,4,4,4,0.05,0.05,0.05,1.2413793103448276,0.10344827586206896,6.0,0.5,1.0,-0.5,0.5,0.5,0.5,0.5,0.0,0.0,0.0,1.0,3.5,0.0,3.5,6.0,0.0,0.7000000000000002,3.5,6.0,3.5,6.0,0.5,0.0,1.2413793103448276,1.2413793103448276,0.10344827586206896,0.10806137345336028,0.17240157936259135,1.2413793103448276,0.10344827586206896,0.16666666666666666,0.0,-0.16666666666666666,0.16666666666666666,0.0,OK,
corr_mix,full,factor_cov_lrt_delta,1.0,0.35,budget_only,count,0.1,0.15,0.1,80,4,4,4,0.05,0.05,0.05,1.2413793103448276,0.10344827586206896,6.0,0.5,1.0,-0.5,0.5,0.25,0.5,0.25,0.0,0.0,0.0,1.0,5.5,0.0,5.5,6.0,0.0,0.7000000000000002,5.5,6.0,5.5,6.0,3.0,0.0,1.2413793103448276,1.2413793103448276,0.10344827586206896,0.10806137345336028,0.15899724346745392,1.2413793103448276,0.10344827586206896,0.20833333333333331,0.0,-0.20833333333333331,0.20833333333333331,0.0,OK,
corr_mix,full,factor_cov_lrt_delta,1.0,0.5,budget_only,count,0.1,0.15,0.1,80,4,4,4,0.05,0.05,0.05,1.2413793103448276,0.10344827586206896,6.0,0.5,1.0,-0.5,0.5,0.25,0.5,0.25,0.0,0.0,0.0,1.0,5.5,0.0,5.5,6.0,0.0,0.7000000000000002,5.5,6.0,5.5,6.0,3.0,0.0,1.2413793103448276,1.2413793103448276,0.10344827586206896,0.10806137345336028,0.14369500636529503,1.2413793103448276,0.10344827586206896,0.20833333333333331,0.0,-0.20833333333333331,0.20833333333333331,0.0,OK,
corr_mix,full,fused_fisher,INFEASIBLE,0.15,budget_only,count,INFEASIBLE,INFEASIBLE,INFEASIBLE,INFEASIBLE,INFEASIBLE,INFEASIBLE,INFEASIBLE,INFEASIBLE,INFEASIBLE,INFEASIBLE,INFEASIBLE,INFEASIBLE,INFEASIBLE,INFEASIBLE,INFEASIBLE,INFEASIBLE,INFEASIBLE,INFEASIBLE,INFEASIBLE,INFEASIBLE,INFEASIBLE,INFEASIBLE,INFEASIBLE,,INFEASIBLE,INFEASIBLE,INFEASIBLE,INFEASIBLE,INFEASIBLE,INFEASIBLE,INFEASIBLE,INFEASIBLE,INFEASIBLE,INFEASIBLE,INFEASIBLE,INFEASIBLE,INFEASIBLE,INFEASIBLE,INFEASIBLE,INFEASIBLE,INFEASIBLE,INFEASIBLE,INFEASIBLE,INFEASIBLE,INFEASIBLE,INFEASIBLE,INFEASIBLE,INFEASIBLE,INFEASIBLE,no_trials_in_band
corr_mix,full,fused_fisher,INFEASIBLE,0.25,budget_only,count,INFEASIBLE,INFEASIBLE,INFEASIBLE,INFEASIBLE,INFEASIBLE,INFEASIBLE,INFEASIBLE,INFEASIBLE,INFEASIBLE,INFEASIBLE,INFEASIBLE,INFEASIBLE,INFEASIBLE,INFEASIBLE,INFEASIBLE,INFEASIBLE,INFEASIBLE,INFEASIBLE,INFEASIBLE,INFEASIBLE,INFEASIBLE,INFEASIBLE,INFEASIBLE,,INFEASIBLE,INFEASIBLE,INFEASIBLE,INFEASIBLE,INFEASIBLE,INFEASIBLE,INFEASIBLE,INFEASIBLE,INFEASIBLE,INFEASIBLE,INFEASIBLE,INFEASIBLE,INFEASIBLE,INFEASIBLE,INFEASIBLE,INFEASIBLE,INFEASIBLE,INFEASIBLE,INFEASIBLE,INFEASIBLE,INFEASIBLE,INFEASIBLE,INFEASIBLE,INFEASIBLE,INFEASIBLE,no_trials_in_band
corr_mix,full,fused_fisher,INFEASIBLE,0.35,budget_only,count,INFEASIBLE,INFEASIBLE,INFEASIBLE,INFEASIBLE,INFEASIBLE,INFEASIBLE,INFEASIBLE,INFEASIBLE,INFEASIBLE,INFEASIBLE,INFEASIBLE,INFEASIBLE,INFEASIBLE,INFEASIBLE,INFEASIBLE,INFEASIBLE,INFEASIBLE,INFEASIBLE,INFEASIBLE,INFEASIBLE,INFEASIBLE,INFEASIBLE,INFEASIBLE,,INFEASIBLE,INFEASIBLE,INFEASIBLE,INFEASIBLE,INFEASIBLE,INFEASIBLE,INFEASIBLE,INFEASIBLE,INFEASIBLE,INFEASIBLE,INFEASIBLE,INFEASIBLE,INFEASIBLE,INFEASIBLE,INFEASIBLE,INFEASIBLE,INFEASIBLE,INFEASIBLE,INFEASIBLE,INFEASIBLE,INFEASIBLE,INFEASIBLE,INFEASIBLE,INFEASIBLE,INFEASIBLE,no_trials_in_band
corr_mix,full,fused_fisher,INFEASIBLE,0.5,budget_only,count,INFEASIBLE,INFEASIBLE,INFEASIBLE,INFEASIBLE,INFEASIBLE,INFEASIBLE,INFEASIBLE,INFEASIBLE,INFEASIBLE,INFEASIBLE,INFEASIBLE,INFEASIBLE,INFEASIBLE,INFEASIBLE,INFEASIBLE,INFEASIBLE,INFEASIBLE,INFEASIBLE,INFEASIBLE,INFEASIBLE,INFEASIBLE,INFEASIBLE,INFEASIBLE,,INFEASIBLE,INFEASIBLE,INFEASIBLE,INFEASIBLE,INFEASIBLE,INFEASIBLE,INFEASIBLE,INFEASIBLE,INFEASIBLE,INFEASIBLE,INFEASIBLE,INFEASIBLE,INFEASIBLE,INFEASIBLE,INFEASIBLE,INFEASIBLE,INFEASIBLE,INFEASIBLE,INFEASIBLE,INFEASIBLE,INFEASIBLE,INFEASIBLE,INFEASIBLE,INFEASIBLE,INFEASIBLE,no_trials_in_band
corr_mix,full,fused_fisher_lrt_delta,INFEASIBLE,0.15,budget_only,count,INFEASIBLE,INFEASIBLE,INFEASIBLE,INFEASIBLE,INFEASIBLE,INFEASIBLE,INFEASIBLE,INFEASIBLE,INFEASIBLE,INFEASIBLE,INFEASIBLE,INFEASIBLE,INFEASIBLE,INFEASIBLE,INFEASIBLE,INFEASIBLE,INFEASIBLE,INFEASIBLE,INFEASIBLE,INFEASIBLE,INFEASIBLE,INFEASIBLE,INFEASIBLE,,INFEASIBLE,INFEASIBLE,INFEASIBLE,INFEASIBLE,INFEASIBLE,INFEASIBLE,INFEASIBLE,INFEASIBLE,INFEASIBLE,INFEASIBLE,INFEASIBLE,INFEASIBLE,INFEASIBLE,INFEASIBLE,INFEASIBLE,INFEASIBLE,INFEASIBLE,INFEASIBLE,INFEASIBLE,INFEASIBLE,INFEASIBLE,INFEASIBLE,INFEASIBLE,INFEASIBLE,INFEASIBLE,no_trials_in_band
corr_mix,full,fused_fisher_lrt_delta,INFEASIBLE,0.25,budget_only,count,INFEASIBLE,INFEASIBLE,INFEASIBLE,INFEASIBLE,INFEASIBLE,INFEASIBLE,INFEASIBLE,INFEASIBLE,INFEASIBLE,INFEASIBLE,INFEASIBLE,INFEASIBLE,INFEASIBLE,INFEASIBLE,INFEASIBLE,INFEASIBLE,INFEASIBLE,INFEASIBLE,INFEASIBLE,INFEASIBLE,INFEASIBLE,INFEASIBLE,INFEASIBLE,,INFEASIBLE,INFEASIBLE,INFEASIBLE,INFEASIBLE,INFEASIBLE,INFEASIBLE,INFEASIBLE,INFEASIBLE,INFEASIBLE,INFEASIBLE,INFEASIBLE,INFEASIBLE,INFEASIBLE,INFEASIBLE,INFEASIBLE,INFEASIBLE,INFEASIBLE,INFEASIBLE,INFEASIBLE,INFEASIBLE,INFEASIBLE,INFEASIBLE,INFEASIBLE,INFEASIBLE,INFEASIBLE,no_trials_in_band
corr_mix,full,fused_fisher_lrt_delta,INFEASIBLE,0.35,budget_only,count,INFEASIBLE,INFEASIBLE,INFEASIBLE,INFEASIBLE,INFEASIBLE,INFEASIBLE,INFEASIBLE,INFEASIBLE,INFEASIBLE,INFEASIBLE,INFEASIBLE,INFEASIBLE,INFEASIBLE,INFEASIBLE,INFEASIBLE,INFEASIBLE,INFEASIBLE,INFEASIBLE,INFEASIBLE,INFEASIBLE,INFEASIBLE,INFEASIBLE,INFEASIBLE,,INFEASIBLE,INFEASIBLE,INFEASIBLE,INFEASIBLE,INFEASIBLE,INFEASIBLE,INFEASIBLE,INFEASIBLE,INFEASIBLE,INFEASIBLE,INFEASIBLE,INFEASIBLE,INFEASIBLE,INFEASIBLE,INFEASIBLE,INFEASIBLE,INFEASIBLE,INFEASIBLE,INFEASIBLE,INFEASIBLE,INFEASIBLE,INFEASIBLE,INFEASIBLE,INFEASIBLE,INFEASIBLE,no_trials_in_band
corr_mix,full,fused_fisher_lrt_delta,INFEASIBLE,0.5,budget_only,count,INFEASIBLE,INFEASIBLE,INFEASIBLE,INFEASIBLE,INFEASIBLE,INFEASIBLE,INFEASIBLE,INFEASIBLE,INFEASIBLE,INFEASIBLE,INFEASIBLE,INFEASIBLE,INFEASIBLE,INFEASIBLE,INFEASIBLE,INFEASIBLE,INFEASIBLE,INFEASIBLE,INFEASIBLE,INFEASIBLE,INFEASIBLE,INFEASIBLE,INFEASIBLE,,INFEASIBLE,INFEASIBLE,INFEASIBLE,INFEASIBLE,INFEASIBLE,INFEASIBLE,INFEASIBLE,INFEASIBLE,INFEASIBLE,INFEASIBLE,INFEASIBLE,INFEASIBLE,INFEASIBLE,INFEASIBLE,INFEASIBLE,INFEASIBLE,INFEASIBLE,INFEASIBLE,INFEASIBLE,INFEASIBLE,INFEASIBLE,INFEASIBLE,INFEASIBLE,INFEASIBLE,INFEASIBLE,no_trials_in_band
corr_mix,full,fused_sp,1.0,0.15,budget_only,count,0.1,0.15,0.1,80,56,5,56,0.7,0.0625,0.7,0.8275862068965517,0.18165024630541873,4.0,0.07142857142857142,0.07142857142857142,0.0,0.10714285714285714,0.10714285714285714,0.10714285714285714,0.10714285714285714,0.03571428571428571,0.08928571428571429,0.08928571428571429,1.0,6.0,6.0,6.0,6.0,6.0,6.0,6.0,6.0,6.0,6.0,1.0,1.0,2.179802955665025,0.8275862068965517,0.18165024630541873,0.0012672024061031577,-0.26253242397090054,0.8275862068965517,0.18165024630541873,0.0,0.0,0.0,0.0,0.0,OK,
corr_mix,full,fused_sp,1.0,0.25,budget_only,count,0.1,0.15,0.1,80,56,5,56,0.7,0.0625,0.7,0.8275862068965517,0.18165024630541873,4.0,0.07142857142857142,0.07142857142857142,0.0,0.10714285714285714,0.10714285714285714,0.10714285714285714,0.10714285714285714,0.03571428571428571,0.08928571428571429,0.08928571428571429,1.0,6.0,6.0,6.0,6.0,6.0,6.0,6.0,6.0,6.0,6.0,1.0,1.0,2.179802955665025,0.8275862068965517,0.18165024630541873,0.0012672024061031577,-0.25899305966662395,0.8275862068965517,0.18165024630541873,0.0,0.0,0.0,0.0,0.0,OK,
corr_mix,full,fused_sp,1.0,0.35,budget_only,count,0.1,0.15,0.1,80,56,5,56,0.7,0.0625,0.7,0.8275862068965517,0.18165024630541873,4.0,0.07142857142857142,0.07142857142857142,0.0,0.10714285714285714,0.10714285714285714,0.10714285714285714,0.10714285714285714,0.03571428571428571,0.08928571428571429,0.08928571428571429,1.0,6.0,6.0,6.0,6.0,6.0,6.0,6.0,6.0,6.0,6.0,1.0,1.0,2.179802955665025,0.8275862068965517,0.18165024630541873,0.0012672024061031577,-0.25186139673419444,0.8275862068965517,0.18165024630541873,0.0,0.0,0.0,0.0,0.0,OK,
corr_mix,full,fused_sp,1.0,0.5,budget_only,count,0.1,0.15,0.1,80,56,5,56,0.7,0.0625,0.7,0.8275862068965517,0.18165024630541873,4.0,0.07142857142857142,0.07142857142857142,0.0,0.10714285714285714,0.10714285714285714,0.10714285714285714,0.10714285714285714,0.03571428571428571,0.08928571428571429,0.08928571428571429,1.0,6.0,6.0,6.0,6.0,6.0,6.0,6.0,6.0,6.0,6.0,1.0,1.0,2.179802955665025,0.8275862068965517,0.18165024630541873,0.0012672024061031577,-0.23401660663478077,0.8275862068965517,0.18165024630541873,0.0,0.0,0.0,0.0,0.0,OK,
corr_mix,full,fused_sp_lrt_delta,1.0,0.15,budget_only,count,0.1,0.15,0.1,80,56,5,56,0.7,0.0625,0.7,0.8275862068965517,0.18165024630541873,4.0,0.07142857142857142,0.07142857142857142,0.0,0.10714285714285714,0.10714285714285714,0.10714285714285714,0.10714285714285714,0.03571428571428571,0.08928571428571429,0.08928571428571429,1.0,6.0,6.0,6.0,6.0,6.0,6.0,6.0,6.0,6.0,6.0,1.0,1.0,2.179802955665025,0.8275862068965517,0.18165024630541873,0.0008437043243919567,-0.2946266030690593,0.8275862068965517,0.18165024630541873,0.0,0.0,0.0,0.0,0.0,OK,
corr_mix,full,fused_sp_lrt_delta,1.0,0.25,budget_only,count,0.1,0.15,0.1,80,56,5,56,0.7,0.0625,0.7,0.8275862068965517,0.18165024630541873,4.0,0.07142857142857142,0.07142857142857142,0.0,0.10714285714285714,0.10714285714285714,0.10714285714285714,0.10714285714285714,0.03571428571428571,0.08928571428571429,0.08928571428571429,1.0,6.0,6.0,6.0,6.0,6.0,6.0,6.0,6.0,6.0,6.0,1.0,1.0,2.179802955665025,0.8275862068965517,0.18165024630541873,0.0008437043243919567,-0.2908355471241701,0.8275862068965517,0.18165024630541873,0.0,0.0,0.0,0.0,0.0,OK,
corr_mix,full,fused_sp_lrt_delta,1.0,0.35,budget_only,count,0.1,0.15,0.1,80,56,5,56,0.7,0.0625,0.7,0.8275862068965517,0.18165024630541873,4.0,0.07142857142857142,0.07142857142857142,0.0,0.10714285714285714,0.10714285714285714,0.10714285714285714,0.10714285714285714,0.03571428571428571,0.08928571428571429,0.08928571428571429,1.0,6.0,6.0,6.0,6.0,6.0,6.0,6.0,6.0,6.0,6.0,1.0,1.0,2.179802955665025,0.8275862068965517,0.18165024630541873,0.0008437043243919567,-0.2830115726278154,0.8275862068965517,0.18165024630541873,0.0,0.0,0.0,0.0,0.0,OK,
corr_mix,full,fused_sp_lrt_delta,1.0,0.5,budget_only,count,0.1,0.15,0.1,80,56,5,56,0.7,0.0625,0.7,0.8275862068965517,0.18165024630541873,4.0,0.07142857142857142,0.07142857142857142,0.0,0.10714285714285714,0.10714285714285714,0.10714285714285714,0.10714285714285714,0.03571428571428571,0.08928571428571429,0.08928571428571429,1.0,6.0,6.0,6.0,6.0,6.0,6.0,6.0,6.0,6.0,6.0,1.0,1.0,2.179802955665025,0.8275862068965517,0.18165024630541873,0.0008437043243919567,-0.26298975574570027,0.8275862068965517,0.18165024630541873,0.0,0.0,0.0,0.0,0.0,OK,
corr_mix,full,max_abs,INFEASIBLE,0.15,budget_only,count,INFEASIBLE,INFEASIBLE,INFEASIBLE,INFEASIBLE,INFEASIBLE,INFEASIBLE,INFEASIBLE,INFEASIBLE,INFEASIBLE,INFEASIBLE,INFEASIBLE,INFEASIBLE,INFEASIBLE,INFEASIBLE,INFEASIBLE,INFEASIBLE,INFEASIBLE,INFEASIBLE,INFEASIBLE,INFEASIBLE,INFEASIBLE,INFEASIBLE,INFEASIBLE,,INFEASIBLE,INFEASIBLE,INFEASIBLE,INFEASIBLE,INFEASIBLE,INFEASIBLE,INFEASIBLE,INFEASIBLE,INFEASIBLE,INFEASIBLE,INFEASIBLE,INFEASIBLE,INFEASIBLE,INFEASIBLE,INFEASIBLE,INFEASIBLE,INFEASIBLE,INFEASIBLE,INFEASIBLE,INFEASIBLE,INFEASIBLE,INFEASIBLE,INFEASIBLE,INFEASIBLE,INFEASIBLE,no_trials_in_band
corr_mix,full,max_abs,INFEASIBLE,0.25,budget_only,count,INFEASIBLE,INFEASIBLE,INFEASIBLE,INFEASIBLE,INFEASIBLE,INFEASIBLE,INFEASIBLE,INFEASIBLE,INFEASIBLE,INFEASIBLE,INFEASIBLE,INFEASIBLE,INFEASIBLE,INFEASIBLE,INFEASIBLE,INFEASIBLE,INFEASIBLE,INFEASIBLE,INFEASIBLE,INFEASIBLE,INFEASIBLE,INFEASIBLE,INFEASIBLE,,INFEASIBLE,INFEASIBLE,INFEASIBLE,INFEASIBLE,INFEASIBLE,INFEASIBLE,INFEASIBLE,INFEASIBLE,INFEASIBLE,INFEASIBLE,INFEASIBLE,INFEASIBLE,INFEASIBLE,INFEASIBLE,INFEASIBLE,INFEASIBLE,INFEASIBLE,INFEASIBLE,INFEASIBLE,INFEASIBLE,INFEASIBLE,INFEASIBLE,INFEASIBLE,INFEASIBLE,INFEASIBLE,no_trials_in_band
corr_mix,full,max_abs,INFEASIBLE,0.35,budget_only,count,INFEASIBLE,INFEASIBLE,INFEASIBLE,INFEASIBLE,INFEASIBLE,INFEASIBLE,INFEASIBLE,INFEASIBLE,INFEASIBLE,INFEASIBLE,INFEASIBLE,INFEASIBLE,INFEASIBLE,INFEASIBLE,INFEASIBLE,INFEASIBLE,INFEASIBLE,INFEASIBLE,INFEASIBLE,INFEASIBLE,INFEASIBLE,INFEASIBLE,INFEASIBLE,,INFEASIBLE,INFEASIBLE,INFEASIBLE,INFEASIBLE,INFEASIBLE,INFEASIBLE,INFEASIBLE,INFEASIBLE,INFEASIBLE,INFEASIBLE,INFEASIBLE,INFEASIBLE,INFEASIBLE,INFEASIBLE,INFEASIBLE,INFEASIBLE,INFEASIBLE,INFEASIBLE,INFEASIBLE,INFEASIBLE,INFEASIBLE,INFEASIBLE,INFEASIBLE,INFEASIBLE,INFEASIBLE,no_trials_in_band
corr_mix,full,max_abs,INFEASIBLE,0.5,budget_only,count,INFEASIBLE,INFEASIBLE,INFEASIBLE,INFEASIBLE,INFEASIBLE,INFEASIBLE,INFEASIBLE,INFEASIBLE,INFEASIBLE,INFEASIBLE,INFEASIBLE,INFEASIBLE,INFEASIBLE,INFEASIBLE,INFEASIBLE,INFEASIBLE,INFEASIBLE,INFEASIBLE,INFEASIBLE,INFEASIBLE,INFEASIBLE,INFEASIBLE,INFEASIBLE,,INFEASIBLE,INFEASIBLE,INFEASIBLE,INFEASIBLE,INFEASIBLE,INFEASIBLE,INFEASIBLE,INFEASIBLE,INFEASIBLE,INFEASIBLE,INFEASIBLE,INFEASIBLE,INFEASIBLE,INFEASIBLE,INFEASIBLE,INFEASIBLE,INFEASIBLE,INFEASIBLE,INFEASIBLE,INFEASIBLE,INFEASIBLE,INFEASIBLE,INFEASIBLE,INFEASIBLE,INFEASIBLE,no_trials_in_band
corr_mix,full,pc_t2,INFEASIBLE,0.15,budget_only,count,INFEASIBLE,INFEASIBLE,INFEASIBLE,INFEASIBLE,INFEASIBLE,INFEASIBLE,INFEASIBLE,INFEASIBLE,INFEASIBLE,INFEASIBLE,INFEASIBLE,INFEASIBLE,INFEASIBLE,INFEASIBLE,INFEASIBLE,INFEASIBLE,INFEASIBLE,INFEASIBLE,INFEASIBLE,INFEASIBLE,INFEASIBLE,INFEASIBLE,INFEASIBLE,,INFEASIBLE,INFEASIBLE,INFEASIBLE,INFEASIBLE,INFEASIBLE,INFEASIBLE,INFEASIBLE,INFEASIBLE,INFEASIBLE,INFEASIBLE,INFEASIBLE,INFEASIBLE,INFEASIBLE,INFEASIBLE,INFEASIBLE,INFEASIBLE,INFEASIBLE,INFEASIBLE,INFEASIBLE,INFEASIBLE,INFEASIBLE,INFEASIBLE,INFEASIBLE,INFEASIBLE,INFEASIBLE,no_trials_in_band
corr_mix,full,pc_t2,INFEASIBLE,0.25,budget_only,count,INFEASIBLE,INFEASIBLE,INFEASIBLE,INFEASIBLE,INFEASIBLE,INFEASIBLE,INFEASIBLE,INFEASIBLE,INFEASIBLE,INFEASIBLE,INFEASIBLE,INFEASIBLE,INFEASIBLE,INFEASIBLE,INFEASIBLE,INFEASIBLE,INFEASIBLE,INFEASIBLE,INFEASIBLE,INFEASIBLE,INFEASIBLE,INFEASIBLE,INFEASIBLE,,INFEASIBLE,INFEASIBLE,INFEASIBLE,INFEASIBLE,INFEASIBLE,INFEASIBLE,INFEASIBLE,INFEASIBLE,INFEASIBLE,INFEASIBLE,INFEASIBLE,INFEASIBLE,INFEASIBLE,INFEASIBLE,INFEASIBLE,INFEASIBLE,INFEASIBLE,INFEASIBLE,INFEASIBLE,INFEASIBLE,INFEASIBLE,INFEASIBLE,INFEASIBLE,INFEASIBLE,INFEASIBLE,no_trials_in_band
corr_mix,full,pc_t2,INFEASIBLE,0.35,budget_only,count,INFEASIBLE,INFEASIBLE,INFEASIBLE,INFEASIBLE,INFEASIBLE,INFEASIBLE,INFEASIBLE,INFEASIBLE,INFEASIBLE,INFEASIBLE,INFEASIBLE,INFEASIBLE,INFEASIBLE,INFEASIBLE,INFEASIBLE,INFEASIBLE,INFEASIBLE,INFEASIBLE,INFEASIBLE,INFEASIBLE,INFEASIBLE,INFEASIBLE,INFEASIBLE,,INFEASIBLE,INFEASIBLE,INFEASIBLE,INFEASIBLE,INFEASIBLE,INFEASIBLE,INFEASIBLE,INFEASIBLE,INFEASIBLE,INFEASIBLE,INFEASIBLE,INFEASIBLE,INFEASIBLE,INFEASIBLE,INFEASIBLE,INFEASIBLE,INFEASIBLE,INFEASIBLE,INFEASIBLE,INFEASIBLE,INFEASIBLE,INFEASIBLE,INFEASIBLE,INFEASIBLE,INFEASIBLE,no_trials_in_band
corr_mix,full,pc_t2,INFEASIBLE,0.5,budget_only,count,INFEASIBLE,INFEASIBLE,INFEASIBLE,INFEASIBLE,INFEASIBLE,INFEASIBLE,INFEASIBLE,INFEASIBLE,INFEASIBLE,INFEASIBLE,INFEASIBLE,INFEASIBLE,INFEASIBLE,INFEASIBLE,INFEASIBLE,INFEASIBLE,INFEASIBLE,INFEASIBLE,INFEASIBLE,INFEASIBLE,INFEASIBLE,INFEASIBLE,INFEASIBLE,,INFEASIBLE,INFEASIBLE,INFEASIBLE,INFEASIBLE,INFEASIBLE,INFEASIBLE,INFEASIBLE,INFEASIBLE,INFEASIBLE,INFEASIBLE,INFEASIBLE,INFEASIBLE,INFEASIBLE,INFEASIBLE,INFEASIBLE,INFEASIBLE,INFEASIBLE,INFEASIBLE,INFEASIBLE,INFEASIBLE,INFEASIBLE,INFEASIBLE,INFEASIBLE,INFEASIBLE,INFEASIBLE,no_trials_in_band
corr_mix,full,res_energy,1.0,0.15,budget_only,count,0.1,0.15,0.1,80,55,4,55,0.6875,0.05,0.6875,0.8275862068965522,0.21724137931034473,4.0,0.0,0.0,0.0,0.10909090909090909,0.10909090909090909,0.10909090909090909,0.10909090909090909,0.10909090909090909,0.07272727272727272,0.07272727272727272,1.0,6.0,6.0,6.0,6.0,6.0,6.0,6.0,6.0,6.0,6.0,NA,NA,2.606896551724137,0.8275862068965522,0.21724137931034473,0.0028703532180436053,-0.2727324028508945,0.8275862068965522,0.21724137931034473,0.0,0.0,0.0,0.0,0.0,OK,
corr_mix,full,res_energy,1.0,0.25,budget_only,count,0.1,0.15,0.1,80,55,4,55,0.6875,0.05,0.6875,0.8275862068965522,0.21724137931034473,4.0,0.0,0.0,0.0,0.10909090909090909,0.10909090909090909,0.10909090909090909,0.10909090909090909,0.10909090909090909,0.07272727272727272,0.07272727272727272,1.0,6.0,6.0,6.0,6.0,6.0,6.0,6.0,6.0,6.0,6.0,NA,NA,2.606896551724137,0.8275862068965522,0.21724137931034473,0.0028703532180436053,-0.26935393949187747,0.8275862068965522,0.21724137931034473,0.0,0.0,0.0,0.0,0.0,OK,
corr_mix,full,res_energy,1.0,0.35,budget_only,count,0.1,0.15,0.1,80,55,4,55,0.6875,0.05,0.6875,0.8275862068965522,0.21724137931034473,4.0,0.0,0.0,0.0,0.10909090909090909,0.10909090909090909,0.10909090909090909,0.10909090909090909,0.10909090909090909,0.07272727272727272,0.07272727272727272,1.0,6.0,6.0,6.0,6.0,6.0,6.0,6.0,6.0,6.0,6.0,NA,NA,2.606896551724137,0.8275862068965522,0.21724137931034473,0.0028703532180436053,-0.26184239194396747,0.8275862068965522,0.21724137931034473,0.0,0.0,0.0,0.0,0.0,OK,
corr_mix,full,res_energy,1.0,0.5,budget_only,count,0.1,0.15,0.1,80,55,4,55,0.6875,0.05,0.6875,0.8275862068965522,0.21724137931034473,4.0,0.0,0.0,0.0,0.10909090909090909,0.10909090909090909,0.10909090909090909,0.10909090909090909,0.10909090909090909,0.07272727272727272,0.07272727272727272,1.0,6.0,6.0,6.0,6.0,6.0,6.0,6.0,6.0,6.0,6.0,NA,NA,2.606896551724137,0.8275862068965522,0.21724137931034473,0.0028703532180436053,-0.24207118655412113,0.8275862068965522,0.21724137931034473,0.0,0.0,0.0,0.0,0.0,OK,
corr_mix,full,stale,1.0,0.15,budget_only,count,0.1,0.15,0.1,80,52,4,52,0.65,0.05,0.65,0.827586206896552,0.22778514588859414,4.0,0.15384615384615385,0.15384615384615385,0.0,0.19230769230769232,0.09615384615384616,0.19230769230769232,0.09615384615384616,0.038461538461538464,0.07692307692307693,0.07692307692307693,1.0,6.0,6.0,6.0,6.0,6.0,6.0,6.0,6.0,6.0,6.0,2.0,2.0,2.7334217506631306,0.827586206896552,0.22778514588859414,0.360635523448262,0.16346153846153846,0.827586206896552,0.22778514588859414,0.0,0.0,0.0,0.0,0.0,OK,
corr_mix,full,stale,1.0,0.25,budget_only,count,0.1,0.15,0.1,80,52,4,52,0.65,0.05,0.65,0.827586206896552,0.22778514588859414,4.0,0.21153846153846154,0.15384615384615385,0.05769230769230768,0.25,0.09615384615384616,0.25,0.09615384615384616,0.038461538461538464,0.07692307692307693,0.07692307692307693,1.0,6.0,6.0,6.0,6.0,6.0,6.0,6.0,6.0,6.0,6.0,2.0,2.0,2.7334217506631306,0.827586206896552,0.22778514588859414,0.360635523448262,0.16346153846153846,0.827586206896552,0.22778514588859414,0.009615384615384616,0.0,0.009615384615384616,0.009615384615384616,0.0,OK,
corr_mix,full,stale,1.0,0.35,budget_only,count,0.1,0.15,0.1,80,52,4,52,0.65,0.05,0.65,0.827586206896552,0.22778514588859414,4.0,0.21153846153846154,0.15384615384615385,0.05769230769230768,0.25,0.09615384615384616,0.25,0.09615384615384616,0.038461538461538464,0.07692307692307693,0.07692307692307693,1.0,6.0,6.0,6.0,6.0,6.0,6.0,6.0,6.0,6.0,6.0,2.0,2.0,2.741379310344828,0.8355437665782497,0.22844827586206895,0.360635523448262,0.16346153846153846,0.827586206896552,0.22778514588859414,0.009615384615384616,0.01282051282051282,0.009615384615384616,0.009615384615384616,0.01282051282051282,OK,
corr_mix,full,stale,1.0,0.5,budget_only,count,0.1,0.15,0.1,80,52,4,52,0.65,0.05,0.65,0.827586206896552,0.22778514588859414,4.0,0.5192307692307693,0.15384615384615385,0.3653846153846154,0.5576923076923077,0.09615384615384616,0.5576923076923077,0.09615384615384616,0.038461538461538464,0.07692307692307693,0.07692307692307693,1.0,5.0,6.0,5.0,6.0,6.0,6.0,5.0,6.0,5.0,6.0,3.0,2.0,2.7055702917771884,0.8037135278514591,0.22546419098143236,0.360635523448262,0.4423076923076923,0.827586206896552,0.22778514588859414,0.141025641025641,0.08974358974358973,0.1346153846153846,0.1346153846153846,-0.07692307692307691,OK,
corr_mix,score_only,T2,1.0,0.15,budget_only,count,0.1,0.15,0.1,80,52,0,52,0.65,0.0,0.65,0.827586206896552,0.23872679045092837,4.0,0.019230769230769232,0.019230769230769232,0.0,0.07692307692307693,0.057692307692307696,0.07692307692307693,0.057692307692307696,0.057692307692307696,0.0,0.0,1.0,6.0,6.0,6.0,6.0,6.0,6.0,6.0,6.0,6.0,6.0,2.0,2.0,2.864721485411141,0.827586206896552,0.23872679045092837,0.004218040779909174,-0.1388948722967847,0.827586206896552,0.23872679045092837,0.0,0.0,0.0,0.0,0.0,OK,
corr_mix,score_only,T2,1.0,0.25,budget_only,count,0.1,0.15,0.1,80,52,0,52,0.65,0.0,0.65,0.827586206896552,0.23872679045092837,4.0,0.019230769230769232,0.019230769230769232,0.0,0.07692307692307693,0.057692307692307696,0.07692307692307693,0.057692307692307696,0.057692307692307696,0.0,0.0,1.0,6.0,6.0,6.0,6.0,6.0,6.0,6.0,6.0,6.0,6.0,2.0,2.0,2.864721485411141,0.827586206896552,0.23872679045092837,0.004218040779909174,-0.12457037006143677,0.827586206896552,0.23872679045092837,0.0,0.0,0.0,0.0,0.0,OK,
corr_mix,score_only,T2,1.0,0.35,budget_only,count,0.1,0.15,0.1,80,52,0,52,0.65,0.0,0.65,0.827586206896552,0.23872679045092837,4.0,0.019230769230769232,0.019230769230769232,0.0,0.07692307692307693,0.057692307692307696,0.07692307692307693,0.057692307692307696,0.057692307692307696,0.0,0.0,1.0,6.0,6.0,6.0,6.0,6.0,6.0,6.0,6.0,6.0,6.0,2.0,2.0,2.864721485411141,0.827586206896552,0.23872679045092837,0.004218040779909174,-0.06189203637824105,0.827586206896552,0.23872679045092837,0.0,0.0,0.0,0.0,0.0,OK,
corr_mix,score_only,T2,1.0,0.5,budget_only,count,0.1,0.15,0.1,80,52,0,52,0.65,0.0,0.65,0.827586206896552,0.23872679045092837,4.0,0.019230769230769232,0.019230769230769232,0.0,0.07692307692307693,0.057692307692307696,0.07692307692307693,0.057692307692307696,0.057692307692307696,0.0,0.0,1.0,6.0,6.0,6.0,6.0,6.0,6.0,6.0,6.0,6.0,6.0,2.0,2.0,2.8607427055702925,0.827586206896552,0.23839522546419098,0.004218040779909174,0.10336959817379283,0.827586206896552,0.23872679045092837,0.0,0.0065359477124183,0.0,0.0,-0.0065359477124183,OK,
corr_mix,score_only,coh_resid_energy,1.0,0.15,budget_only,count,0.1,0.15,0.1,80,80,14,80,1.0,0.175,1.0,0.946551724137931,0.1872844827586207,4.575,0.4375,0.4375,0.0,0.5,0.2625,0.5,0.2625,0.075,0.175,0.175,1.0,6.0,6.0,6.0,6.0,6.0,6.0,5.5,6.0,6.0,6.0,2.0,2.0,2.2474137931034486,0.946551724137931,0.1872844827586207,0.005485741119929514,0.1617996898914919,0.946551724137931,0.1872844827586207,0.0,0.0,0.0,0.0,0.0,OK,
corr_mix,score_only,coh_resid_energy,1.0,0.25,budget_only,count,0.1,0.15,0.1,80,80,14,80,1.0,0.175,1.0,0.946551724137931,0.1872844827586207,4.575,0.4375,0.4375,0.0,0.5,0.2625,0.5,0.2625,0.075,0.175,0.175,1.0,6.0,6.0,6.0,6.0,6.0,6.0,5.5,6.0,6.0,6.0,2.0,2.0,2.200862068965517,0.9206896551724139,0.18340517241379312,0.005485741119929514,0.16522385754778032,0.946551724137931,0.1872844827586207,0.0,0.0,0.0,0.0,0.0,OK,
corr_mix,score_only,coh_resid_energy,1.0,0.35,budget_only,count,0.1,0.15,0.1,80,80,14,80,1.0,0.175,1.0,0.946551724137931,0.1872844827586207,4.575,0.4375,0.4375,0.0,0.5,0.2625,0.5,0.2625,0.075,0.175,0.175,1.0,6.0,6.0,6.0,6.0,6.0,6.0,5.5,6.0,6.0,6.0,2.0,2.0,2.200862068965517,0.9206896551724139,0.18340517241379312,0.005485741119929514,0.1707905605202807,0.946551724137931,0.1872844827586207,0.0,0.0,0.0,0.0,0.0,OK,
corr_mix,score_only,coh_resid_energy,1.0,0.5,budget_only,count,0.1,0.15,0.1,80,80,14,80,1.0,0.175,1.0,0.946551724137931,0.1872844827586207,4.575,0.4375,0.4375,0.0,0.5,0.2625,0.5,0.2625,0.075,0.175,0.175,1.0,6.0,6.0,6.0,6.0,6.0,6.0,5.5,6.0,6.0,6.0,2.0,2.0,2.1956896551724134,0.9155172413793103,0.18297413793103448,0.005485741119929514,0.1830354690866514,0.946551724137931,0.1872844827586207,0.0,0.008438818565400843,0.0,0.0,-0.008438818565400843,OK,
corr_mix,score_only,coh_resid_t2,1.0,0.15,budget_only,count,0.1,0.15,0.1,80,80,7,80,1.0,0.0875,1.0,0.9543103448275861,0.22133620689655173,4.6125,0.3875,0.3875,0.0,0.4625,0.2875,0.4625,0.2875,0.15,0.0875,0.0875,1.0,6.0,6.0,6.0,6.0,6.0,6.0,6.0,6.0,6.0,6.0,2.0,2.0,2.645689655172414,0.9439655172413793,0.2204741379310345,0.0090853358852878,0.07486047937954202,0.9543103448275861,0.22133620689655173,0.0,0.0,0.0,0.0,0.0,OK,
corr_mix,score_only,coh_resid_t2,1.0,0.25,budget_only,count,0.1,0.15,0.1,80,80,7,80,1.0,0.0875,1.0,0.9543103448275861,0.22133620689655173,4.6125,0.3875,0.3875,0.0,0.4625,0.2875,0.4625,0.2875,0.15,0.0875,0.0875,1.0,6.0,6.0,6.0,6.0,6.0,6.0,6.0,6.0,6.0,6.0,2.0,2.0,2.645689655172414,0.9439655172413793,0.2204741379310345,0.0090853358852878,0.09214968268741366,0.9543103448275861,0.22133620689655173,0.0,0.0,0.0,0.0,0.0,OK,
corr_mix,score_only,coh_resid_t2,1.0,0.35,budget_only,count,0.1,0.15,0.1,80,80,7,80,1.0,0.0875,1.0,0.9543103448275861,0.22133620689655173,4.6125,0.3875,0.3875,0.0,0.4625,0.2875,0.4625,0.2875,0.15,0.0875,0.0875,1.0,6.0,6.0,6.0,6.0,6.0,6.0,6.0,6.0,6.0,6.0,2.0,2.0,2.645689655172414,0.9439655172413793,0.2204741379310345,0.0090853358852878,0.14190158654562862,0.9543103448275861,0.22133620689655173,0.0,0.0,0.0,0.0,0.0,OK,
corr_mix,score_only,coh_resid_t2,1.0,0.5,budget_only,count,0.1,0.15,0.1,80,80,7,80,1.0,0.0875,1.0,0.9543103448275861,0.22133620689655173,4.6125,0.3875,0.3875,0.0,0.4625,0.2875,0.4625,0.2875,0.15,0.0875,0.0875,1.0,6.0,6.0,6.0,6.0,6.0,6.0,6.0,6.0,6.0,6.0,2.0,2.0,2.6431034482758626,0.9413793103448278,0.22025862068965515,0.0090853358852878,0.28235208729053934,0.9543103448275861,0.22133620689655173,0.0,0.0,0.0,0.0,0.0,OK,
corr_mix,score_only,cusum_coh_resid_t2,1.0,0.15,budget_only,count,0.1,0.15,0.1,80,38,0,38,0.475,0.0,0.475,1.0508166969147006,0.2254990925589837,5.078947368421052,0.47368421052631576,0.47368421052631576,0.0,0.5526315789473685,0.2894736842105263,0.5526315789473685,0.2894736842105263,0.10526315789473684,0.0,0.0,1.0,6.0,6.0,6.0,6.0,6.0,6.0,3.5,6.0,6.0,6.0,2.0,2.0,2.7059891107078036,1.0508166969147006,0.2254990925589837,NA,-0.2370871349274434,1.0508166969147006,0.2254990925589837,0.0,0.0,0.0,0.0,0.0,OK,
corr_mix,score_only,cusum_coh_resid_t2,1.0,0.25,budget_only,count,0.1,0.15,0.1,80,38,0,38,0.475,0.0,0.475,1.0508166969147006,0.2254990925589837,5.078947368421052,0.47368421052631576,0.47368421052631576,0.0,0.5526315789473685,0.2894736842105263,0.5526315789473685,0.2894736842105263,0.10526315789473684,0.0,0.0,1.0,6.0,6.0,6.0,6.0,6.0,6.0,3.5,6.0,6.0,6.0,2.0,2.0,2.7059891107078036,1.0508166969147006,0.2254990925589837,NA,-0.21713308739344195,1.0508166969147006,0.2254990925589837,0.0,0.0,0.0,0.0,0.0,OK,
corr_mix,score_only,cusum_coh_resid_t2,1.0,0.35,budget_only,count,0.1,0.15,0.1,80,38,0,38,0.475,0.0,0.475,1.0508166969147006,0.2254990925589837,5.078947368421052,0.47368421052631576,0.47368421052631576,0.0,0.5526315789473685,0.2894736842105263,0.5526315789473685,0.2894736842105263,0.10526315789473684,0.0,0.0,1.0,6.0,6.0,6.0,6.0,6.0,6.0,3.5,6.0,6.0,6.0,2.0,2.0,2.7059891107078036,1.0508166969147006,0.2254990925589837,NA,-0.1678698719175187,1.0508166969147006,0.2254990925589837,0.0,0.0,0.0,0.0,0.0,OK,
corr_mix,score_only,cusum_coh_resid_t2,1.0,0.5,budget_only,count,0.1,0.15,0.1,80,38,0,38,0.475,0.0,0.475,1.0508166969147006,0.2254990925589837,5.078947368421052,0.7368421052631579,0.47368421052631576,0.2631578947368421,0.7631578947368421,0.42105263157894735,0.7631578947368421,0.42105263157894735,0.10526315789473684,0.0,0.0,1.0,3.0,6.0,3.0,6.0,6.0,6.0,2.0,6.0,3.0,6.0,2.0,2.0,2.7059891107078036,1.0508166969147006,0.2254990925589837,NA,-0.03678278179370333,1.0508166969147006,0.2254990925589837,0.04824561403508772,0.0,0.04824561403508772,0.04824561403508772,0.0,OK,
corr_mix,score_only,cusum_factor_cov_lrt,1.0,0.15,budget_only,count,0.1,0.15,0.1,80,77,0,77,0.9625,0.0,0.9625,1.1500223914017016,0.4171518137035378,5.558441558441558,0.5194805194805194,0.5194805194805194,0.0,0.9090909090909091,0.6493506493506493,0.9090909090909091,0.6493506493506493,0.42857142857142855,0.0,0.0,1.0,5.0,5.0,5.0,6.0,5.0,6.0,0.0,5.0,5.0,6.0,2.0,2.0,5.013882669055082,1.1500223914017016,0.4178235557545902,NA,0.30041496153873676,1.1500223914017016,0.4171518137035378,0.006493506493506494,0.013157894736842105,-0.0064935064935064965,0.0064935064935064965,0.013157894736842105,OK,
corr_mix,score_only,cusum_factor_cov_lrt,1.0,0.25,budget_only,count,0.1,0.15,0.1,80,77,0,77,0.9625,0.0,0.9625,1.1500223914017016,0.4171518137035378,5.558441558441558,0.5194805194805194,0.5194805194805194,0.0,0.9090909090909091,0.6493506493506493,0.9090909090909091,0.6493506493506493,0.42857142857142855,0.0,0.0,1.0,5.0,5.0,5.0,6.0,5.0,6.0,0.0,5.0,5.0,6.0,2.0,2.0,5.013882669055082,1.1500223914017016,0.4178235557545902,NA,0.3052053065877504,1.1500223914017016,0.4171518137035378,0.006493506493506494,0.013157894736842105,-0.0064935064935064965,0.0064935064935064965,0.013157894736842105,OK,
corr_mix,score_only,cusum_factor_cov_lrt,1.0,0.35,budget_only,count,0.1,0.15,0.1,80,77,0,77,0.9625,0.0,0.9625,1.1500223914017016,0.4171518137035378,5.558441558441558,0.5194805194805194,0.5194805194805194,0.0,0.9090909090909091,0.6493506493506493,0.9090909090909091,0.6493506493506493,0.42857142857142855,0.0,0.0,1.0,5.0,5.0,5.0,6.0,5.0,6.0,0.0,5.0,5.0,6.0,2.0,2.0,5.013882669055082,1.1500223914017016,0.4178235557545902,NA,0.3104952980523389,1.1500223914017016,0.4171518137035378,0.006493506493506494,0.013157894736842105,-0.0064935064935064965,0.0064935064935064965,0.013157894736842105,OK,
corr_mix,score_only,cusum_factor_cov_lrt,1.0,0.5,budget_only,count,0.1,0.15,0.1,80,77,0,77,0.9625,0.0,0.9625,1.1500223914017016,0.4171518137035378,5.558441558441558,0.5194805194805194,0.5194805194805194,0.0,0.9090909090909091,0.6493506493506493,0.9090909090909091,0.6493506493506493,0.42857142857142855,0.0,0.0,1.0,5.0,5.0,5.0,6.0,5.0,6.0,0.0,5.0,5.0,6.0,2.0,2.0,5.013882669055082,1.1500223914017016,0.4178235557545902,NA,0.3190214173950711,1.1500223914017016,0.4171518137035378,0.006493506493506494,0.013157894736842105,-0.0064935064935064965,0.0064935064935064965,0.013157894736842105,OK,
corr_mix,score_only,ewma_coh_resid_t2,1.0,0.15,budget_only,count,0.1,0.15,0.1,80,80,0,80,1.0,0.0,1.0,0.9543103448275861,0.2538793103448276,4.6125,0.4125,0.4125,0.0,0.4875,0.275,0.4875,0.275,0.125,0.0,0.0,1.0,6.0,6.0,6.0,6.0,6.0,6.0,6.0,6.0,6.0,6.0,2.0,2.0,3.036206896551724,0.9439655172413793,0.2530172413793104,0.0074045382994429605,0.23154121053244242,0.9543103448275861,0.2538793103448276,0.0,0.0,0.0,0.0,0.0,OK,
corr_mix,score_only,ewma_coh_resid_t2,1.0,0.25,budget_only,count,0.1,0.15,0.1,80,80,0,80,1.0,0.0,1.0,0.9543103448275861,0.2538793103448276,4.6125,0.4125,0.4125,0.0,0.4875,0.275,0.4875,0.275,0.125,0.0,0.0,1.0,6.0,6.0,6.0,6.0,6.0,6.0,6.0,6.0,6.0,6.0,2.0,2.0,3.036206896551724,0.9439655172413793,0.2530172413793104,0.0074045382994429605,0.2554407390890402,0.9543103448275861,0.2538793103448276,0.0,0.0,0.0,0.0,0.0,OK,
corr_mix,score_only,ewma_coh_resid_t2,1.0,0.35,budget_only,count,0.1,0.15,0.1,80,80,0,80,1.0,0.0,1.0,0.9543103448275861,0.2538793103448276,4.6125,0.4125,0.4125,0.0,0.4875,0.275,0.4875,0.275,0.125,0.0,0.0,1.0,6.0,6.0,6.0,6.0,6.0,6.0,6.0,6.0,6.0,6.0,2.0,2.0,3.036206896551724,0.9439655172413793,0.2530172413793104,0.0074045382994429605,0.30347568606435094,0.9543103448275861,0.2538793103448276,0.0,0.0,0.0,0.0,0.0,OK,
corr_mix,score_only,ewma_coh_resid_t2,1.0,0.5,budget_only,count,0.1,0.15,0.1,80,80,0,80,1.0,0.0,1.0,0.9543103448275861,0.2538793103448276,4.6125,0.425,0.4125,0.012500000000000011,0.5,0.2875,0.5,0.2875,0.125,0.0,0.0,1.0,6.0,6.0,6.0,6.0,6.0,6.0,5.5,6.0,6.0,6.0,2.0,2.0,3.0517241379310343,0.9413793103448278,0.2543103448275862,0.0074045382994429605,0.4242193206969979,0.9543103448275861,0.2538793103448276,0.020833333333333332,0.012658227848101266,0.020833333333333332,0.020833333333333332,0.012658227848101266,OK,
corr_mix,score_only,ewma_factor_cov_lrt,INFEASIBLE,0.15,budget_only,count,INFEASIBLE,INFEASIBLE,INFEASIBLE,INFEASIBLE,INFEASIBLE,INFEASIBLE,INFEASIBLE,INFEASIBLE,INFEASIBLE,INFEASIBLE,INFEASIBLE,INFEASIBLE,INFEASIBLE,INFEASIBLE,INFEASIBLE,INFEASIBLE,INFEASIBLE,INFEASIBLE,INFEASIBLE,INFEASIBLE,INFEASIBLE,INFEASIBLE,INFEASIBLE,,INFEASIBLE,INFEASIBLE,INFEASIBLE,INFEASIBLE,INFEASIBLE,INFEASIBLE,INFEASIBLE,INFEASIBLE,INFEASIBLE,INFEASIBLE,INFEASIBLE,INFEASIBLE,INFEASIBLE,INFEASIBLE,INFEASIBLE,INFEASIBLE,INFEASIBLE,INFEASIBLE,INFEASIBLE,INFEASIBLE,INFEASIBLE,INFEASIBLE,INFEASIBLE,INFEASIBLE,INFEASIBLE,no_trials_in_band
corr_mix,score_only,ewma_factor_cov_lrt,INFEASIBLE,0.25,budget_only,count,INFEASIBLE,INFEASIBLE,INFEASIBLE,INFEASIBLE,INFEASIBLE,INFEASIBLE,INFEASIBLE,INFEASIBLE,INFEASIBLE,INFEASIBLE,INFEASIBLE,INFEASIBLE,INFEASIBLE,INFEASIBLE,INFEASIBLE,INFEASIBLE,INFEASIBLE,INFEASIBLE,INFEASIBLE,INFEASIBLE,INFEASIBLE,INFEASIBLE,INFEASIBLE,,INFEASIBLE,INFEASIBLE,INFEASIBLE,INFEASIBLE,INFEASIBLE,INFEASIBLE,INFEASIBLE,INFEASIBLE,INFEASIBLE,INFEASIBLE,INFEASIBLE,INFEASIBLE,INFEASIBLE,INFEASIBLE,INFEASIBLE,INFEASIBLE,INFEASIBLE,INFEASIBLE,INFEASIBLE,INFEASIBLE,INFEASIBLE,INFEASIBLE,INFEASIBLE,INFEASIBLE,INFEASIBLE,no_trials_in_band
corr_mix,score_only,ewma_factor_cov_lrt,INFEASIBLE,0.35,budget_only,count,INFEASIBLE,INFEASIBLE,INFEASIBLE,INFEASIBLE,INFEASIBLE,INFEASIBLE,INFEASIBLE,INFEASIBLE,INFEASIBLE,INFEASIBLE,INFEASIBLE,INFEASIBLE,INFEASIBLE,INFEASIBLE,INFEASIBLE,INFEASIBLE,INFEASIBLE,INFEASIBLE,INFEASIBLE,INFEASIBLE,INFEASIBLE,INFEASIBLE,INFEASIBLE,,INFEASIBLE,INFEASIBLE,INFEASIBLE,INFEASIBLE,INFEASIBLE,INFEASIBLE,INFEASIBLE,INFEASIBLE,INFEASIBLE,INFEASIBLE,INFEASIBLE,INFEASIBLE,INFEASIBLE,INFEASIBLE,INFEASIBLE,INFEASIBLE,INFEASIBLE,INFEASIBLE,INFEASIBLE,INFEASIBLE,INFEASIBLE,INFEASIBLE,INFEASIBLE,INFEASIBLE,INFEASIBLE,no_trials_in_band
corr_mix,score_only,ewma_factor_cov_lrt,INFEASIBLE,0.5,budget_only,count,INFEASIBLE,INFEASIBLE,INFEASIBLE,INFEASIBLE,INFEASIBLE,INFEASIBLE,INFEASIBLE,INFEASIBLE,INFEASIBLE,INFEASIBLE,INFEASIBLE,INFEASIBLE,INFEASIBLE,INFEASIBLE,INFEASIBLE,INFEASIBLE,INFEASIBLE,INFEASIBLE,INFEASIBLE,INFEASIBLE,INFEASIBLE,INFEASIBLE,INFEASIBLE,,INFEASIBLE,INFEASIBLE,INFEASIBLE,INFEASIBLE,INFEASIBLE,INFEASIBLE,INFEASIBLE,INFEASIBLE,INFEASIBLE,INFEASIBLE,INFEASIBLE,INFEASIBLE,INFEASIBLE,INFEASIBLE,INFEASIBLE,INFEASIBLE,INFEASIBLE,INFEASIBLE,INFEASIBLE,INFEASIBLE,INFEASIBLE,INFEASIBLE,INFEASIBLE,INFEASIBLE,INFEASIBLE,no_trials_in_band
corr_mix,score_only,factor_cov_change,INFEASIBLE,0.15,budget_only,count,INFEASIBLE,INFEASIBLE,INFEASIBLE,INFEASIBLE,INFEASIBLE,INFEASIBLE,INFEASIBLE,INFEASIBLE,INFEASIBLE,INFEASIBLE,INFEASIBLE,INFEASIBLE,INFEASIBLE,INFEASIBLE,INFEASIBLE,INFEASIBLE,INFEASIBLE,INFEASIBLE,INFEASIBLE,INFEASIBLE,INFEASIBLE,INFEASIBLE,INFEASIBLE,,INFEASIBLE,INFEASIBLE,INFEASIBLE,INFEASIBLE,INFEASIBLE,INFEASIBLE,INFEASIBLE,INFEASIBLE,INFEASIBLE,INFEASIBLE,INFEASIBLE,INFEASIBLE,INFEASIBLE,INFEASIBLE,INFEASIBLE,INFEASIBLE,INFEASIBLE,INFEASIBLE,INFEASIBLE,INFEASIBLE,INFEASIBLE,INFEASIBLE,INFEASIBLE,INFEASIBLE,INFEASIBLE,no_trials_in_band
corr_mix,score_only,factor_cov_change,INFEASIBLE,0.25,budget_only,count,INFEASIBLE,INFEASIBLE,INFEASIBLE,INFEASIBLE,INFEASIBLE,INFEASIBLE,INFEASIBLE,INFEASIBLE,INFEASIBLE,INFEASIBLE,INFEASIBLE,INFEASIBLE,INFEASIBLE,INFEASIBLE,INFEASIBLE,INFEASIBLE,INFEASIBLE,INFEASIBLE,INFEASIBLE,INFEASIBLE,INFEASIBLE,INFEASIBLE,INFEASIBLE,,INFEASIBLE,INFEASIBLE,INFEASIBLE,INFEASIBLE,INFEASIBLE,INFEASIBLE,INFEASIBLE,INFEASIBLE,INFEASIBLE,INFEASIBLE,INFEASIBLE,INFEASIBLE,INFEASIBLE,INFEASIBLE,INFEASIBLE,INFEASIBLE,INFEASIBLE,INFEASIBLE,INFEASIBLE,INFEASIBLE,INFEASIBLE,INFEASIBLE,INFEASIBLE,INFEASIBLE,INFEASIBLE,no_trials_in_band
corr_mix,score_only,factor_cov_change,INFEASIBLE,0.35,budget_only,count,INFEASIBLE,INFEASIBLE,INFEASIBLE,INFEASIBLE,INFEASIBLE,INFEASIBLE,INFEASIBLE,INFEASIBLE,INFEASIBLE,INFEASIBLE,INFEASIBLE,INFEASIBLE,INFEASIBLE,INFEASIBLE,INFEASIBLE,INFEASIBLE,INFEASIBLE,INFEASIBLE,INFEASIBLE,INFEASIBLE,INFEASIBLE,INFEASIBLE,INFEASIBLE,,INFEASIBLE,INFEASIBLE,INFEASIBLE,INFEASIBLE,INFEASIBLE,INFEASIBLE,INFEASIBLE,INFEASIBLE,INFEASIBLE,INFEASIBLE,INFEASIBLE,INFEASIBLE,INFEASIBLE,INFEASIBLE,INFEASIBLE,INFEASIBLE,INFEASIBLE,INFEASIBLE,INFEASIBLE,INFEASIBLE,INFEASIBLE,INFEASIBLE,INFEASIBLE,INFEASIBLE,INFEASIBLE,no_trials_in_band
corr_mix,score_only,factor_cov_change,INFEASIBLE,0.5,budget_only,count,INFEASIBLE,INFEASIBLE,INFEASIBLE,INFEASIBLE,INFEASIBLE,INFEASIBLE,INFEASIBLE,INFEASIBLE,INFEASIBLE,INFEASIBLE,INFEASIBLE,INFEASIBLE,INFEASIBLE,INFEASIBLE,INFEASIBLE,INFEASIBLE,INFEASIBLE,INFEASIBLE,INFEASIBLE,INFEASIBLE,INFEASIBLE,INFEASIBLE,INFEASIBLE,,INFEASIBLE,INFEASIBLE,INFEASIBLE,INFEASIBLE,INFEASIBLE,INFEASIBLE,INFEASIBLE,INFEASIBLE,INFEASIBLE,INFEASIBLE,INFEASIBLE,INFEASIBLE,INFEASIBLE,INFEASIBLE,INFEASIBLE,INFEASIBLE,INFEASIBLE,INFEASIBLE,INFEASIBLE,INFEASIBLE,INFEASIBLE,INFEASIBLE,INFEASIBLE,INFEASIBLE,INFEASIBLE,no_trials_in_band
corr_mix,score_only,factor_cov_delta,INFEASIBLE,0.15,budget_only,count,INFEASIBLE,INFEASIBLE,INFEASIBLE,INFEASIBLE,INFEASIBLE,INFEASIBLE,INFEASIBLE,INFEASIBLE,INFEASIBLE,INFEASIBLE,INFEASIBLE,INFEASIBLE,INFEASIBLE,INFEASIBLE,INFEASIBLE,INFEASIBLE,INFEASIBLE,INFEASIBLE,INFEASIBLE,INFEASIBLE,INFEASIBLE,INFEASIBLE,INFEASIBLE,,INFEASIBLE,INFEASIBLE,INFEASIBLE,INFEASIBLE,INFEASIBLE,INFEASIBLE,INFEASIBLE,INFEASIBLE,INFEASIBLE,INFEASIBLE,INFEASIBLE,INFEASIBLE,INFEASIBLE,INFEASIBLE,INFEASIBLE,INFEASIBLE,INFEASIBLE,INFEASIBLE,INFEASIBLE,INFEASIBLE,INFEASIBLE,INFEASIBLE,INFEASIBLE,INFEASIBLE,INFEASIBLE,no_trials_in_band
corr_mix,score_only,factor_cov_delta,INFEASIBLE,0.25,budget_only,count,INFEASIBLE,INFEASIBLE,INFEASIBLE,INFEASIBLE,INFEASIBLE,INFEASIBLE,INFEASIBLE,INFEASIBLE,INFEASIBLE,INFEASIBLE,INFEASIBLE,INFEASIBLE,INFEASIBLE,INFEASIBLE,INFEASIBLE,INFEASIBLE,INFEASIBLE,INFEASIBLE,INFEASIBLE,INFEASIBLE,INFEASIBLE,INFEASIBLE,INFEASIBLE,,INFEASIBLE,INFEASIBLE,INFEASIBLE,INFEASIBLE,INFEASIBLE,INFEASIBLE,INFEASIBLE,INFEASIBLE,INFEASIBLE,INFEASIBLE,INFEASIBLE,INFEASIBLE,INFEASIBLE,INFEASIBLE,INFEASIBLE,INFEASIBLE,INFEASIBLE,INFEASIBLE,INFEASIBLE,INFEASIBLE,INFEASIBLE,INFEASIBLE,INFEASIBLE,INFEASIBLE,INFEASIBLE,no_trials_in_band
corr_mix,score_only,factor_cov_delta,INFEASIBLE,0.35,budget_only,count,INFEASIBLE,INFEASIBLE,INFEASIBLE,INFEASIBLE,INFEASIBLE,INFEASIBLE,INFEASIBLE,INFEASIBLE,INFEASIBLE,INFEASIBLE,INFEASIBLE,INFEASIBLE,INFEASIBLE,INFEASIBLE,INFEASIBLE,INFEASIBLE,INFEASIBLE,INFEASIBLE,INFEASIBLE,INFEASIBLE,INFEASIBLE,INFEASIBLE,INFEASIBLE,,INFEASIBLE,INFEASIBLE,INFEASIBLE,INFEASIBLE,INFEASIBLE,INFEASIBLE,INFEASIBLE,INFEASIBLE,INFEASIBLE,INFEASIBLE,INFEASIBLE,INFEASIBLE,INFEASIBLE,INFEASIBLE,INFEASIBLE,INFEASIBLE,INFEASIBLE,INFEASIBLE,INFEASIBLE,INFEASIBLE,INFEASIBLE,INFEASIBLE,INFEASIBLE,INFEASIBLE,INFEASIBLE,no_trials_in_band
corr_mix,score_only,factor_cov_delta,INFEASIBLE,0.5,budget_only,count,INFEASIBLE,INFEASIBLE,INFEASIBLE,INFEASIBLE,INFEASIBLE,INFEASIBLE,INFEASIBLE,INFEASIBLE,INFEASIBLE,INFEASIBLE,INFEASIBLE,INFEASIBLE,INFEASIBLE,INFEASIBLE,INFEASIBLE,INFEASIBLE,INFEASIBLE,INFEASIBLE,INFEASIBLE,INFEASIBLE,INFEASIBLE,INFEASIBLE,INFEASIBLE,,INFEASIBLE,INFEASIBLE,INFEASIBLE,INFEASIBLE,INFEASIBLE,INFEASIBLE,INFEASIBLE,INFEASIBLE,INFEASIBLE,INFEASIBLE,INFEASIBLE,INFEASIBLE,INFEASIBLE,INFEASIBLE,INFEASIBLE,INFEASIBLE,INFEASIBLE,INFEASIBLE,INFEASIBLE,INFEASIBLE,INFEASIBLE,INFEASIBLE,INFEASIBLE,INFEASIBLE,INFEASIBLE,no_trials_in_band
corr_mix,score_only,factor_cov_lrt,INFEASIBLE,0.15,budget_only,count,INFEASIBLE,INFEASIBLE,INFEASIBLE,INFEASIBLE,INFEASIBLE,INFEASIBLE,INFEASIBLE,INFEASIBLE,INFEASIBLE,INFEASIBLE,INFEASIBLE,INFEASIBLE,INFEASIBLE,INFEASIBLE,INFEASIBLE,INFEASIBLE,INFEASIBLE,INFEASIBLE,INFEASIBLE,INFEASIBLE,INFEASIBLE,INFEASIBLE,INFEASIBLE,,INFEASIBLE,INFEASIBLE,INFEASIBLE,INFEASIBLE,INFEASIBLE,INFEASIBLE,INFEASIBLE,INFEASIBLE,INFEASIBLE,INFEASIBLE,INFEASIBLE,INFEASIBLE,INFEASIBLE,INFEASIBLE,INFEASIBLE,INFEASIBLE,INFEASIBLE,INFEASIBLE,INFEASIBLE,INFEASIBLE,INFEASIBLE,INFEASIBLE,INFEASIBLE,INFEASIBLE,INFEASIBLE,no_trials_in_band
corr_mix,score_only,factor_cov_lrt,INFEASIBLE,0.25,budget_only,count,INFEASIBLE,INFEASIBLE,INFEASIBLE,INFEASIBLE,INFEASIBLE,INFEASIBLE,INFEASIBLE,INFEASIBLE,INFEASIBLE,INFEASIBLE,INFEASIBLE,INFEASIBLE,INFEASIBLE,INFEASIBLE,INFEASIBLE,INFEASIBLE,INFEASIBLE,INFEASIBLE,INFEASIBLE,INFEASIBLE,INFEASIBLE,INFEASIBLE,INFEASIBLE,,INFEASIBLE,INFEASIBLE,INFEASIBLE,INFEASIBLE,INFEASIBLE,INFEASIBLE,INFEASIBLE,INFEASIBLE,INFEASIBLE,INFEASIBLE,INFEASIBLE,INFEASIBLE,INFEASIBLE,INFEASIBLE,INFEASIBLE,INFEASIBLE,INFEASIBLE,INFEASIBLE,INFEASIBLE,INFEASIBLE,INFEASIBLE,INFEASIBLE,INFEASIBLE,INFEASIBLE,INFEASIBLE,no_trials_in_band
corr_mix,score_only,factor_cov_lrt,INFEASIBLE,0.35,budget_only,count,INFEASIBLE,INFEASIBLE,INFEASIBLE,INFEASIBLE,INFEASIBLE,INFEASIBLE,INFEASIBLE,INFEASIBLE,INFEASIBLE,INFEASIBLE,INFEASIBLE,INFEASIBLE,INFEASIBLE,INFEASIBLE,INFEASIBLE,INFEASIBLE,INFEASIBLE,INFEASIBLE,INFEASIBLE,INFEASIBLE,INFEASIBLE,INFEASIBLE,INFEASIBLE,,INFEASIBLE,INFEASIBLE,INFEASIBLE,INFEASIBLE,INFEASIBLE,INFEASIBLE,INFEASIBLE,INFEASIBLE,INFEASIBLE,INFEASIBLE,INFEASIBLE,INFEASIBLE,INFEASIBLE,INFEASIBLE,INFEASIBLE,INFEASIBLE,INFEASIBLE,INFEASIBLE,INFEASIBLE,INFEASIBLE,INFEASIBLE,INFEASIBLE,INFEASIBLE,INFEASIBLE,INFEASIBLE,no_trials_in_band
corr_mix,score_only,factor_cov_lrt,INFEASIBLE,0.5,budget_only,count,INFEASIBLE,INFEASIBLE,INFEASIBLE,INFEASIBLE,INFEASIBLE,INFEASIBLE,INFEASIBLE,INFEASIBLE,INFEASIBLE,INFEASIBLE,INFEASIBLE,INFEASIBLE,INFEASIBLE,INFEASIBLE,INFEASIBLE,INFEASIBLE,INFEASIBLE,INFEASIBLE,INFEASIBLE,INFEASIBLE,INFEASIBLE,INFEASIBLE,INFEASIBLE,,INFEASIBLE,INFEASIBLE,INFEASIBLE,INFEASIBLE,INFEASIBLE,INFEASIBLE,INFEASIBLE,INFEASIBLE,INFEASIBLE,INFEASIBLE,INFEASIBLE,INFEASIBLE,INFEASIBLE,INFEASIBLE,INFEASIBLE,INFEASIBLE,INFEASIBLE,INFEASIBLE,INFEASIBLE,INFEASIBLE,INFEASIBLE,INFEASIBLE,INFEASIBLE,INFEASIBLE,INFEASIBLE,no_trials_in_band
corr_mix,score_only,factor_cov_lrt_delta,1.0,0.15,budget_only,count,0.1,0.15,0.1,80,78,39,78,0.975,0.4875,0.975,0.952254641909814,0.15694076038903623,4.602564102564102,0.41025641025641024,0.41025641025641024,0.0,0.5,0.2564102564102564,0.5,0.2564102564102564,0.08974358974358974,0.2564102564102564,0.2564102564102564,1.0,6.0,6.0,6.0,6.0,6.0,6.0,5.5,6.0,6.0,6.0,2.0,2.0,1.8859416445623338,0.9549071618037133,0.15716180371352784,0.06745701986861259,0.08473464597107078,0.952254641909814,0.15694076038903623,0.0,0.004329004329004329,0.0,0.0,0.004329004329004329,OK,
corr_mix,score_only,factor_cov_lrt_delta,1.0,0.25,budget_only,count,0.1,0.15,0.1,80,78,39,78,0.975,0.4875,0.975,0.952254641909814,0.15694076038903623,4.602564102564102,0.41025641025641024,0.41025641025641024,0.0,0.5,0.2564102564102564,0.5,0.2564102564102564,0.08974358974358974,0.2564102564102564,0.2564102564102564,1.0,6.0,6.0,6.0,6.0,6.0,6.0,5.5,6.0,6.0,6.0,2.0,2.0,1.8938992042440315,0.9549071618037133,0.15782493368700265,0.06745701986861259,0.08303310358156199,0.952254641909814,0.15694076038903623,0.0,0.017316017316017316,0.0,0.0,0.017316017316017316,OK,
corr_mix,score_only,factor_cov_lrt_delta,1.0,0.35,budget_only,count,0.1,0.15,0.1,80,78,39,78,0.975,0.4875,0.975,0.952254641909814,0.15694076038903623,4.602564102564102,0.41025641025641024,0.41025641025641024,0.0,0.5,0.2564102564102564,0.5,0.2564102564102564,0.08974358974358974,0.2564102564102564,0.2564102564102564,1.0,6.0,6.0,6.0,6.0,6.0,6.0,5.5,6.0,6.0,6.0,2.0,2.0,1.8938992042440315,0.9549071618037133,0.15782493368700265,0.06745701986861259,0.08255652052396781,0.952254641909814,0.15694076038903623,0.0,0.017316017316017316,0.0,0.0,0.017316017316017316,OK,
corr_mix,score_only,factor_cov_lrt_delta,1.0,0.5,budget_only,count,0.1,0.15,0.1,80,78,39,78,0.975,0.4875,0.975,0.952254641909814,0.15694076038903623,4.602564102564102,0.41025641025641024,0.41025641025641024,0.0,0.5,0.2564102564102564,0.5,0.2564102564102564,0.08974358974358974,0.2564102564102564,0.2564102564102564,1.0,6.0,6.0,6.0,6.0,6.0,6.0,5.5,6.0,6.0,6.0,2.0,2.0,1.8938992042440315,0.9549071618037133,0.15782493368700265,0.06745701986861259,0.08406741718462987,0.952254641909814,0.15694076038903623,0.0,0.017316017316017316,0.0,0.0,0.017316017316017316,OK,
corr_mix,score_only,fused_fisher,1.0,0.15,budget_only,count,0.1,0.15,0.1,80,77,36,77,0.9625,0.45,0.9625,0.9592476489028211,0.15584415584415584,4.636363636363637,0.36363636363636365,0.36363636363636365,0.0,0.4675324675324675,0.23376623376623376,0.4675324675324675,0.23376623376623376,0.1038961038961039,0.23376623376623376,0.23376623376623376,1.0,6.0,6.0,6.0,6.0,6.0,6.0,6.0,6.0,6.0,6.0,2.0,2.0,1.8701298701298699,0.9592476489028211,0.15584415584415584,0.011518197961368066,-0.17927603148896532,0.9592476489028211,0.15584415584415584,0.0,0.0,0.0,0.0,0.0,OK,
corr_mix,score_only,fused_fisher,1.0,0.25,budget_only,count,0.1,0.15,0.1,80,77,36,77,0.9625,0.45,0.9625,0.9592476489028211,0.15584415584415584,4.636363636363637,0.36363636363636365,0.36363636363636365,0.0,0.4675324675324675,0.23376623376623376,0.4675324675324675,0.23376623376623376,0.1038961038961039,0.23376623376623376,0.23376623376623376,1.0,6.0,6.0,6.0,6.0,6.0,6.0,6.0,6.0,6.0,6.0,2.0,2.0,1.835199283475145,0.9243170622480967,0.1529332736229288,0.011518197961368066,-0.16386478020572337,0.9592476489028211,0.15584415584415584,0.0,0.0,0.0,0.0,0.0,OK,
corr_mix,score_only,fused_fisher,1.0,0.35,budget_only,count,0.1,0.15,0.1,80,77,36,77,0.9625,0.45,0.9625,0.9592476489028211,0.15584415584415584,4.636363636363637,0.36363636363636365,0.36363636363636365,0.0,0.4675324675324675,0.23376623376623376,0.4675324675324675,0.23376623376623376,0.1038961038961039,0.23376623376623376,0.23376623376623376,1.0,6.0,6.0,6.0,6.0,6.0,6.0,6.0,6.0,6.0,6.0,2.0,2.0,1.835199283475145,0.9243170622480967,0.1529332736229288,0.011518197961368066,-0.14731634726765291,0.9592476489028211,0.15584415584415584,0.0,0.0,0.0,0.0,0.0,OK,
corr_mix,score_only,fused_fisher,1.0,0.5,budget_only,count,0.1,0.15,0.1,80,77,36,77,0.9625,0.45,0.9625,0.9592476489028211,0.15584415584415584,4.636363636363637,0.4805194805194805,0.36363636363636365,0.11688311688311687,0.5844155844155844,0.23376623376623376,0.5844155844155844,0.23376623376623376,0.1038961038961039,0.23376623376623376,0.23376623376623376,1.0,6.0,6.0,6.0,6.0,6.0,6.0,4.0,6.0,6.0,6.0,2.0,2.0,1.827138378862517,0.9162561576354677,0.15226153157187639,0.011518197961368066,-0.0594974236561594,0.9592476489028211,0.15584415584415584,0.04112554112554112,0.0,0.04112554112554112,0.04112554112554112,0.0,OK,
corr_mix,score_only,fused_fisher_lrt_delta,INFEASIBLE,0.15,budget_only,count,INFEASIBLE,INFEASIBLE,INFEASIBLE,INFEASIBLE,INFEASIBLE,INFEASIBLE,INFEASIBLE,INFEASIBLE,INFEASIBLE,INFEASIBLE,INFEASIBLE,INFEASIBLE,INFEASIBLE,INFEASIBLE,INFEASIBLE,INFEASIBLE,INFEASIBLE,INFEASIBLE,INFEASIBLE,INFEASIBLE,INFEASIBLE,INFEASIBLE,INFEASIBLE,,INFEASIBLE,INFEASIBLE,INFEASIBLE,INFEASIBLE,INFEASIBLE,INFEASIBLE,INFEASIBLE,INFEASIBLE,INFEASIBLE,INFEASIBLE,INFEASIBLE,INFEASIBLE,INFEASIBLE,INFEASIBLE,INFEASIBLE,INFEASIBLE,INFEASIBLE,INFEASIBLE,INFEASIBLE,INFEASIBLE,INFEASIBLE,INFEASIBLE,INFEASIBLE,INFEASIBLE,INFEASIBLE,no_trials_in_band
corr_mix,score_only,fused_fisher_lrt_delta,INFEASIBLE,0.25,budget_only,count,INFEASIBLE,INFEASIBLE,INFEASIBLE,INFEASIBLE,INFEASIBLE,INFEASIBLE,INFEASIBLE,INFEASIBLE,INFEASIBLE,INFEASIBLE,INFEASIBLE,INFEASIBLE,INFEASIBLE,INFEASIBLE,INFEASIBLE,INFEASIBLE,INFEASIBLE,INFEASIBLE,INFEASIBLE,INFEASIBLE,INFEASIBLE,INFEASIBLE,INFEASIBLE,,INFEASIBLE,INFEASIBLE,INFEASIBLE,INFEASIBLE,INFEASIBLE,INFEASIBLE,INFEASIBLE,INFEASIBLE,INFEASIBLE,INFEASIBLE,INFEASIBLE,INFEASIBLE,INFEASIBLE,INFEASIBLE,INFEASIBLE,INFEASIBLE,INFEASIBLE,INFEASIBLE,INFEASIBLE,INFEASIBLE,INFEASIBLE,INFEASIBLE,INFEASIBLE,INFEASIBLE,INFEASIBLE,no_trials_in_band
corr_mix,score_only,fused_fisher_lrt_delta,INFEASIBLE,0.35,budget_only,count,INFEASIBLE,INFEASIBLE,INFEASIBLE,INFEASIBLE,INFEASIBLE,INFEASIBLE,INFEASIBLE,INFEASIBLE,INFEASIBLE,INFEASIBLE,INFEASIBLE,INFEASIBLE,INFEASIBLE,INFEASIBLE,INFEASIBLE,INFEASIBLE,INFEASIBLE,INFEASIBLE,INFEASIBLE,INFEASIBLE,INFEASIBLE,INFEASIBLE,INFEASIBLE,,INFEASIBLE,INFEASIBLE,INFEASIBLE,INFEASIBLE,INFEASIBLE,INFEASIBLE,INFEASIBLE,INFEASIBLE,INFEASIBLE,INFEASIBLE,INFEASIBLE,INFEASIBLE,INFEASIBLE,INFEASIBLE,INFEASIBLE,INFEASIBLE,INFEASIBLE,INFEASIBLE,INFEASIBLE,INFEASIBLE,INFEASIBLE,INFEASIBLE,INFEASIBLE,INFEASIBLE,INFEASIBLE,no_trials_in_band
corr_mix,score_only,fused_fisher_lrt_delta,INFEASIBLE,0.5,budget_only,count,INFEASIBLE,INFEASIBLE,INFEASIBLE,INFEASIBLE,INFEASIBLE,INFEASIBLE,INFEASIBLE,INFEASIBLE,INFEASIBLE,INFEASIBLE,INFEASIBLE,INFEASIBLE,INFEASIBLE,INFEASIBLE,INFEASIBLE,INFEASIBLE,INFEASIBLE,INFEASIBLE,INFEASIBLE,INFEASIBLE,INFEASIBLE,INFEASIBLE,INFEASIBLE,,INFEASIBLE,INFEASIBLE,INFEASIBLE,INFEASIBLE,INFEASIBLE,INFEASIBLE,INFEASIBLE,INFEASIBLE,INFEASIBLE,INFEASIBLE,INFEASIBLE,INFEASIBLE,INFEASIBLE,INFEASIBLE,INFEASIBLE,INFEASIBLE,INFEASIBLE,INFEASIBLE,INFEASIBLE,INFEASIBLE,INFEASIBLE,INFEASIBLE,INFEASIBLE,INFEASIBLE,INFEASIBLE,no_trials_in_band
corr_mix,score_only,fused_sp,1.0,0.15,budget_only,count,0.1,0.15,0.1,80,55,2,55,0.6875,0.025,0.6875,0.8275862068965522,0.21849529780564259,4.0,0.01818181818181818,0.01818181818181818,0.0,0.10909090909090909,0.09090909090909091,0.10909090909090909,0.09090909090909091,0.09090909090909091,0.01818181818181818,0.01818181818181818,1.0,6.0,6.0,6.0,6.0,6.0,6.0,6.0,6.0,6.0,6.0,2.0,2.0,2.6219435736677097,0.8275862068965522,0.21849529780564259,0.0009348522216168421,-0.07081691081806268,0.8275862068965522,0.21849529780564259,0.0,0.0,0.0,0.0,0.0,OK,
corr_mix,score_only,fused_sp,1.0,0.25,budget_only,count,0.1,0.15,0.1,80,55,2,55,0.6875,0.025,0.6875,0.8275862068965522,0.21849529780564259,4.0,0.01818181818181818,0.01818181818181818,0.0,0.10909090909090909,0.09090909090909091,0.10909090909090909,0.09090909090909091,0.09090909090909091,0.01818181818181818,0.01818181818181818,1.0,6.0,6.0,6.0,6.0,6.0,6.0,6.0,6.0,6.0,6.0,2.0,2.0,2.6219435736677097,0.8275862068965522,0.21849529780564259,0.0009348522216168421,-0.05857668086665587,0.8275862068965522,0.21849529780564259,0.0,0.0,0.0,0.0,0.0,OK,
corr_mix,score_only,fused_sp,1.0,0.35,budget_only,count,0.1,0.15,0.1,80,55,2,55,0.6875,0.025,0.6875,0.8275862068965522,0.21849529780564259,4.0,0.01818181818181818,0.01818181818181818,0.0,0.10909090909090909,0.09090909090909091,0.10909090909090909,0.09090909090909091,0.09090909090909091,0.01818181818181818,0.01818181818181818,1.0,6.0,6.0,6.0,6.0,6.0,6.0,6.0,6.0,6.0,6.0,2.0,2.0,2.6219435736677097,0.8275862068965522,0.21849529780564259,0.0009348522216168421,-0.03382499534539474,0.8275862068965522,0.21849529780564259,0.0,0.0,0.0,0.0,0.0,OK,
corr_mix,score_only,fused_sp,1.0,0.5,budget_only,count,0.1,0.15,0.1,80,55,2,55,0.6875,0.025,0.6875,0.8275862068965522,0.21849529780564259,4.0,0.01818181818181818,0.01818181818181818,0.0,0.10909090909090909,0.09090909090909091,0.10909090909090909,0.09090909090909091,0.09090909090909091,0.01818181818181818,0.01818181818181818,1.0,6.0,6.0,6.0,6.0,6.0,6.0,6.0,6.0,6.0,6.0,2.0,2.0,2.6219435736677097,0.8275862068965522,0.21849529780564259,0.0009348522216168421,0.022171676334911614,0.8275862068965522,0.21849529780564259,0.0,0.0,0.0,0.0,0.0,OK,
corr_mix,score_only,fused_sp_lrt_delta,1.0,0.15,budget_only,count,0.1,0.15,0.1,80,55,2,55,0.6875,0.025,0.6875,0.8275862068965522,0.20250783699059574,4.0,0.01818181818181818,0.01818181818181818,0.0,0.09090909090909091,0.07272727272727272,0.09090909090909091,0.07272727272727272,0.07272727272727272,0.01818181818181818,0.01818181818181818,1.0,6.0,6.0,6.0,6.0,6.0,6.0,6.0,6.0,6.0,6.0,2.0,2.0,2.430094043887147,0.8275862068965522,0.20250783699059574,0.0012833422429108393,-0.10801111424596911,0.8275862068965522,0.20250783699059574,0.0,0.0,0.0,0.0,0.0,OK,
corr_mix,score_only,fused_sp_lrt_delta,1.0,0.25,budget_only,count,0.1,0.15,0.1,80,55,2,55,0.6875,0.025,0.6875,0.8275862068965522,0.20250783699059574,4.0,0.01818181818181818,0.01818181818181818,0.0,0.09090909090909091,0.07272727272727272,0.09090909090909091,0.07272727272727272,0.07272727272727272,0.01818181818181818,0.01818181818181818,1.0,6.0,6.0,6.0,6.0,6.0,6.0,6.0,6.0,6.0,6.0,2.0,2.0,2.430094043887147,0.8275862068965522,0.20250783699059574,0.0012833422429108393,-0.0966314091049775,0.8275862068965522,0.20250783699059574,0.0,0.0,0.0,0.0,0.0,OK,
corr_mix,score_only,fused_sp_lrt_delta,1.0,0.35,budget_only,count,0.1,0.15,0.1,80,55,2,55,0.6875,0.025,0.6875,0.8275862068965522,0.20250783699059574,4.0,0.01818181818181818,0.01818181818181818,0.0,0.09090909090909091,0.07272727272727272,0.09090909090909091,0.07272727272727272,0.07272727272727272,0.01818181818181818,0.01818181818181818,1.0,6.0,6.0,6.0,6.0,6.0,6.0,6.0,6.0,6.0,6.0,2.0,2.0,2.430094043887147,0.8275862068965522,0.20250783699059574,0.0012833422429108393,-0.0729985157555778,0.8275862068965522,0.20250783699059574,0.0,0.0,0.0,0.0,0.0,OK,
corr_mix,score_only,fused_sp_lrt_delta,1.0,0.5,budget_only,count,0.1,0.15,0.1,80,55,2,55,0.6875,0.025,0.6875,0.8275862068965522,0.20250783699059574,4.0,0.01818181818181818,0.01818181818181818,0.0,0.09090909090909091,0.07272727272727272,0.09090909090909091,0.07272727272727272,0.07272727272727272,0.01818181818181818,0.01818181818181818,1.0,6.0,6.0,6.0,6.0,6.0,6.0,6.0,6.0,6.0,6.0,2.0,2.0,2.430094043887147,0.8275862068965522,0.20250783699059574,0.0012833422429108393,-0.01292682126663817,0.8275862068965522,0.20250783699059574,0.0,0.0,0.0,0.0,0.0,OK,
corr_mix,score_only,max_abs,INFEASIBLE,0.15,budget_only,count,INFEASIBLE,INFEASIBLE,INFEASIBLE,INFEASIBLE,INFEASIBLE,INFEASIBLE,INFEASIBLE,INFEASIBLE,INFEASIBLE,INFEASIBLE,INFEASIBLE,INFEASIBLE,INFEASIBLE,INFEASIBLE,INFEASIBLE,INFEASIBLE,INFEASIBLE,INFEASIBLE,INFEASIBLE,INFEASIBLE,INFEASIBLE,INFEASIBLE,INFEASIBLE,,INFEASIBLE,INFEASIBLE,INFEASIBLE,INFEASIBLE,INFEASIBLE,INFEASIBLE,INFEASIBLE,INFEASIBLE,INFEASIBLE,INFEASIBLE,INFEASIBLE,INFEASIBLE,INFEASIBLE,INFEASIBLE,INFEASIBLE,INFEASIBLE,INFEASIBLE,INFEASIBLE,INFEASIBLE,INFEASIBLE,INFEASIBLE,INFEASIBLE,INFEASIBLE,INFEASIBLE,INFEASIBLE,no_trials_in_band
corr_mix,score_only,max_abs,INFEASIBLE,0.25,budget_only,count,INFEASIBLE,INFEASIBLE,INFEASIBLE,INFEASIBLE,INFEASIBLE,INFEASIBLE,INFEASIBLE,INFEASIBLE,INFEASIBLE,INFEASIBLE,INFEASIBLE,INFEASIBLE,INFEASIBLE,INFEASIBLE,INFEASIBLE,INFEASIBLE,INFEASIBLE,INFEASIBLE,INFEASIBLE,INFEASIBLE,INFEASIBLE,INFEASIBLE,INFEASIBLE,,INFEASIBLE,INFEASIBLE,INFEASIBLE,INFEASIBLE,INFEASIBLE,INFEASIBLE,INFEASIBLE,INFEASIBLE,INFEASIBLE,INFEASIBLE,INFEASIBLE,INFEASIBLE,INFEASIBLE,INFEASIBLE,INFEASIBLE,INFEASIBLE,INFEASIBLE,INFEASIBLE,INFEASIBLE,INFEASIBLE,INFEASIBLE,INFEASIBLE,INFEASIBLE,INFEASIBLE,INFEASIBLE,no_trials_in_band
corr_mix,score_only,max_abs,INFEASIBLE,0.35,budget_only,count,INFEASIBLE,INFEASIBLE,INFEASIBLE,INFEASIBLE,INFEASIBLE,INFEASIBLE,INFEASIBLE,INFEASIBLE,INFEASIBLE,INFEASIBLE,INFEASIBLE,INFEASIBLE,INFEASIBLE,INFEASIBLE,INFEASIBLE,INFEASIBLE,INFEASIBLE,INFEASIBLE,INFEASIBLE,INFEASIBLE,INFEASIBLE,INFEASIBLE,INFEASIBLE,,INFEASIBLE,INFEASIBLE,INFEASIBLE,INFEASIBLE,INFEASIBLE,INFEASIBLE,INFEASIBLE,INFEASIBLE,INFEASIBLE,INFEASIBLE,INFEASIBLE,INFEASIBLE,INFEASIBLE,INFEASIBLE,INFEASIBLE,INFEASIBLE,INFEASIBLE,INFEASIBLE,INFEASIBLE,INFEASIBLE,INFEASIBLE,INFEASIBLE,INFEASIBLE,INFEASIBLE,INFEASIBLE,no_trials_in_band
corr_mix,score_only,max_abs,INFEASIBLE,0.5,budget_only,count,INFEASIBLE,INFEASIBLE,INFEASIBLE,INFEASIBLE,INFEASIBLE,INFEASIBLE,INFEASIBLE,INFEASIBLE,INFEASIBLE,INFEASIBLE,INFEASIBLE,INFEASIBLE,INFEASIBLE,INFEASIBLE,INFEASIBLE,INFEASIBLE,INFEASIBLE,INFEASIBLE,INFEASIBLE,INFEASIBLE,INFEASIBLE,INFEASIBLE,INFEASIBLE,,INFEASIBLE,INFEASIBLE,INFEASIBLE,INFEASIBLE,INFEASIBLE,INFEASIBLE,INFEASIBLE,INFEASIBLE,INFEASIBLE,INFEASIBLE,INFEASIBLE,INFEASIBLE,INFEASIBLE,INFEASIBLE,INFEASIBLE,INFEASIBLE,INFEASIBLE,INFEASIBLE,INFEASIBLE,INFEASIBLE,INFEASIBLE,INFEASIBLE,INFEASIBLE,INFEASIBLE,INFEASIBLE,no_trials_in_band
corr_mix,score_only,pc_t2,1.0,0.15,budget_only,count,0.1,0.15,0.1,80,58,6,58,0.725,0.075,0.725,0.8275862068965518,0.19857312722948872,4.0,0.06896551724137931,0.06896551724137931,0.0,0.1206896551724138,0.06896551724137931,0.1206896551724138,0.06896551724137931,0.05172413793103448,0.05172413793103448,0.05172413793103448,1.0,6.0,6.0,6.0,6.0,6.0,6.0,6.0,6.0,6.0,6.0,2.0,2.0,2.382877526753864,0.8275862068965518,0.19857312722948872,0.0016754501370672453,-0.017762260223012943,0.8275862068965518,0.19857312722948872,0.0,0.0,0.0,0.0,0.0,OK,
corr_mix,score_only,pc_t2,1.0,0.25,budget_only,count,0.1,0.15,0.1,80,58,6,58,0.725,0.075,0.725,0.8275862068965518,0.19857312722948872,4.0,0.06896551724137931,0.06896551724137931,0.0,0.1206896551724138,0.06896551724137931,0.1206896551724138,0.06896551724137931,0.05172413793103448,0.05172413793103448,0.05172413793103448,1.0,6.0,6.0,6.0,6.0,6.0,6.0,6.0,6.0,6.0,6.0,2.0,2.0,2.382877526753864,0.8275862068965518,0.19857312722948872,0.0016754501370672453,-0.016767969819869687,0.8275862068965518,0.19857312722948872,0.0,0.0,0.0,0.0,0.0,OK,
corr_mix,score_only,pc_t2,1.0,0.35,budget_only,count,0.1,0.15,0.1,80,58,6,58,0.725,0.075,0.725,0.8275862068965518,0.19857312722948872,4.0,0.06896551724137931,0.06896551724137931,0.0,0.1206896551724138,0.06896551724137931,0.1206896551724138,0.06896551724137931,0.05172413793103448,0.05172413793103448,0.05172413793103448,1.0,6.0,6.0,6.0,6.0,6.0,6.0,6.0,6.0,6.0,6.0,2.0,2.0,2.382877526753864,0.8275862068965518,0.19857312722948872,0.0016754501370672453,-0.015242548682606917,0.8275862068965518,0.19857312722948872,0.0,0.0,0.0,0.0,0.0,OK,
corr_mix,score_only,pc_t2,1.0,0.5,budget_only,count,0.1,0.15,0.1,80,58,6,58,0.725,0.075,0.725,0.8275862068965518,0.19857312722948872,4.0,0.06896551724137931,0.06896551724137931,0.0,0.1206896551724138,0.06896551724137931,0.1206896551724138,0.06896551724137931,0.05172413793103448,0.05172413793103448,0.05172413793103448,1.0,6.0,6.0,6.0,6.0,6.0,6.0,6.0,6.0,6.0,6.0,2.0,2.0,2.382877526753864,0.8275862068965518,0.19857312722948872,0.0016754501370672453,-0.011883340022924353,0.8275862068965518,0.19857312722948872,0.0,0.0,0.0,0.0,0.0,OK,
corr_mix,score_only,res_energy,1.0,0.15,budget_only,count,0.1,0.15,0.1,80,55,2,55,0.6875,0.025,0.6875,0.8275862068965522,0.21849529780564259,4.0,0.01818181818181818,0.01818181818181818,0.0,0.10909090909090909,0.09090909090909091,0.10909090909090909,0.09090909090909091,0.09090909090909091,0.01818181818181818,0.01818181818181818,1.0,6.0,6.0,6.0,6.0,6.0,6.0,6.0,6.0,6.0,6.0,2.0,2.0,2.6219435736677097,0.8275862068965522,0.21849529780564259,0.004285766610755043,-0.12439974255028327,0.8275862068965522,0.21849529780564259,0.0,0.0,0.0,0.0,0.0,OK,
corr_mix,score_only,res_energy,1.0,0.25,budget_only,count,0.1,0.15,0.1,80,55,2,55,0.6875,0.025,0.6875,0.8275862068965522,0.21849529780564259,4.0,0.01818181818181818,0.01818181818181818,0.0,0.10909090909090909,0.09090909090909091,0.10909090909090909,0.09090909090909091,0.09090909090909091,0.01818181818181818,0.01818181818181818,1.0,6.0,6.0,6.0,6.0,6.0,6.0,6.0,6.0,6.0,6.0,2.0,2.0,2.6219435736677097,0.8275862068965522,0.21849529780564259,0.004285766610755043,-0.11243838753208693,0.8275862068965522,0.21849529780564259,0.0,0.0,0.0,0.0,0.0,OK,
corr_mix,score_only,res_energy,1.0,0.35,budget_only,count,0.1,0.15,0.1,80,55,2,55,0.6875,0.025,0.6875,0.8275862068965522,0.21849529780564259,4.0,0.01818181818181818,0.01818181818181818,0.0,0.10909090909090909,0.09090909090909091,0.10909090909090909,0.09090909090909091,0.09090909090909091,0.01818181818181818,0.01818181818181818,1.0,6.0,6.0,6.0,6.0,6.0,6.0,6.0,6.0,6.0,6.0,2.0,2.0,2.6219435736677097,0.8275862068965522,0.21849529780564259,0.004285766610755043,-0.08745253036710653,0.8275862068965522,0.21849529780564259,0.0,0.0,0.0,0.0,0.0,OK,
corr_mix,score_only,res_energy,1.0,0.5,budget_only,count,0.1,0.15,0.1,80,55,2,55,0.6875,0.025,0.6875,0.8275862068965522,0.21849529780564259,4.0,0.01818181818181818,0.01818181818181818,0.0,0.10909090909090909,0.09090909090909091,0.10909090909090909,0.09090909090909091,0.09090909090909091,0.01818181818181818,0.01818181818181818,1.0,6.0,6.0,6.0,6.0,6.0,6.0,6.0,6.0,6.0,6.0,2.0,2.0,2.6219435736677097,0.8275862068965522,0.21849529780564259,0.004285766610755043,-0.023832542673314163,0.8275862068965522,0.21849529780564259,0.0,0.0,0.0,0.0,0.0,OK,
corr_mix,score_only,stale,INFEASIBLE,0.15,budget_only,count,INFEASIBLE,INFEASIBLE,INFEASIBLE,INFEASIBLE,INFEASIBLE,INFEASIBLE,INFEASIBLE,INFEASIBLE,INFEASIBLE,INFEASIBLE,INFEASIBLE,INFEASIBLE,INFEASIBLE,INFEASIBLE,INFEASIBLE,INFEASIBLE,INFEASIBLE,INFEASIBLE,INFEASIBLE,INFEASIBLE,INFEASIBLE,INFEASIBLE,INFEASIBLE,,INFEASIBLE,INFEASIBLE,INFEASIBLE,INFEASIBLE,INFEASIBLE,INFEASIBLE,INFEASIBLE,INFEASIBLE,INFEASIBLE,INFEASIBLE,INFEASIBLE,INFEASIBLE,INFEASIBLE,INFEASIBLE,INFEASIBLE,INFEASIBLE,INFEASIBLE,INFEASIBLE,INFEASIBLE,INFEASIBLE,INFEASIBLE,INFEASIBLE,INFEASIBLE,INFEASIBLE,INFEASIBLE,no_trials_in_band
corr_mix,score_only,stale,INFEASIBLE,0.25,budget_only,count,INFEASIBLE,INFEASIBLE,INFEASIBLE,INFEASIBLE,INFEASIBLE,INFEASIBLE,INFEASIBLE,INFEASIBLE,INFEASIBLE,INFEASIBLE,INFEASIBLE,INFEASIBLE,INFEASIBLE,INFEASIBLE,INFEASIBLE,INFEASIBLE,INFEASIBLE,INFEASIBLE,INFEASIBLE,INFEASIBLE,INFEASIBLE,INFEASIBLE,INFEASIBLE,,INFEASIBLE,INFEASIBLE,INFEASIBLE,INFEASIBLE,INFEASIBLE,INFEASIBLE,INFEASIBLE,INFEASIBLE,INFEASIBLE,INFEASIBLE,INFEASIBLE,INFEASIBLE,INFEASIBLE,INFEASIBLE,INFEASIBLE,INFEASIBLE,INFEASIBLE,INFEASIBLE,INFEASIBLE,INFEASIBLE,INFEASIBLE,INFEASIBLE,INFEASIBLE,INFEASIBLE,INFEASIBLE,no_trials_in_band
corr_mix,score_only,stale,INFEASIBLE,0.35,budget_only,count,INFEASIBLE,INFEASIBLE,INFEASIBLE,INFEASIBLE,INFEASIBLE,INFEASIBLE,INFEASIBLE,INFEASIBLE,INFEASIBLE,INFEASIBLE,INFEASIBLE,INFEASIBLE,INFEASIBLE,INFEASIBLE,INFEASIBLE,INFEASIBLE,INFEASIBLE,INFEASIBLE,INFEASIBLE,INFEASIBLE,INFEASIBLE,INFEASIBLE,INFEASIBLE,,INFEASIBLE,INFEASIBLE,INFEASIBLE,INFEASIBLE,INFEASIBLE,INFEASIBLE,INFEASIBLE,INFEASIBLE,INFEASIBLE,INFEASIBLE,INFEASIBLE,INFEASIBLE,INFEASIBLE,INFEASIBLE,INFEASIBLE,INFEASIBLE,INFEASIBLE,INFEASIBLE,INFEASIBLE,INFEASIBLE,INFEASIBLE,INFEASIBLE,INFEASIBLE,INFEASIBLE,INFEASIBLE,no_trials_in_band
corr_mix,score_only,stale,INFEASIBLE,0.5,budget_only,count,INFEASIBLE,INFEASIBLE,INFEASIBLE,INFEASIBLE,INFEASIBLE,INFEASIBLE,INFEASIBLE,INFEASIBLE,INFEASIBLE,INFEASIBLE,INFEASIBLE,INFEASIBLE,INFEASIBLE,INFEASIBLE,INFEASIBLE,INFEASIBLE,INFEASIBLE,INFEASIBLE,INFEASIBLE,INFEASIBLE,INFEASIBLE,INFEASIBLE,INFEASIBLE,,INFEASIBLE,INFEASIBLE,INFEASIBLE,INFEASIBLE,INFEASIBLE,INFEASIBLE,INFEASIBLE,INFEASIBLE,INFEASIBLE,INFEASIBLE,INFEASIBLE,INFEASIBLE,INFEASIBLE,INFEASIBLE,INFEASIBLE,INFEASIBLE,INFEASIBLE,INFEASIBLE,INFEASIBLE,INFEASIBLE,INFEASIBLE,INFEASIBLE,INFEASIBLE,INFEASIBLE,INFEASIBLE,no_trials_in_band
freeze,all_only,T2,INFEASIBLE,0.25,budget_only,count,INFEASIBLE,INFEASIBLE,INFEASIBLE,INFEASIBLE,INFEASIBLE,INFEASIBLE,INFEASIBLE,INFEASIBLE,INFEASIBLE,INFEASIBLE,INFEASIBLE,INFEASIBLE,INFEASIBLE,INFEASIBLE,INFEASIBLE,INFEASIBLE,INFEASIBLE,INFEASIBLE,INFEASIBLE,INFEASIBLE,INFEASIBLE,INFEASIBLE,INFEASIBLE,,INFEASIBLE,INFEASIBLE,INFEASIBLE,INFEASIBLE,INFEASIBLE,INFEASIBLE,INFEASIBLE,INFEASIBLE,INFEASIBLE,INFEASIBLE,INFEASIBLE,INFEASIBLE,INFEASIBLE,INFEASIBLE,INFEASIBLE,INFEASIBLE,INFEASIBLE,INFEASIBLE,INFEASIBLE,INFEASIBLE,INFEASIBLE,INFEASIBLE,INFEASIBLE,INFEASIBLE,INFEASIBLE,no_trials_in_band
freeze,all_only,T2,INFEASIBLE,0.5,budget_only,count,INFEASIBLE,INFEASIBLE,INFEASIBLE,INFEASIBLE,INFEASIBLE,INFEASIBLE,INFEASIBLE,INFEASIBLE,INFEASIBLE,INFEASIBLE,INFEASIBLE,INFEASIBLE,INFEASIBLE,INFEASIBLE,INFEASIBLE,INFEASIBLE,INFEASIBLE,INFEASIBLE,INFEASIBLE,INFEASIBLE,INFEASIBLE,INFEASIBLE,INFEASIBLE,,INFEASIBLE,INFEASIBLE,INFEASIBLE,INFEASIBLE,INFEASIBLE,INFEASIBLE,INFEASIBLE,INFEASIBLE,INFEASIBLE,INFEASIBLE,INFEASIBLE,INFEASIBLE,INFEASIBLE,INFEASIBLE,INFEASIBLE,INFEASIBLE,INFEASIBLE,INFEASIBLE,INFEASIBLE,INFEASIBLE,INFEASIBLE,INFEASIBLE,INFEASIBLE,INFEASIBLE,INFEASIBLE,no_trials_in_band
freeze,all_only,T2,INFEASIBLE,0.75,budget_only,count,INFEASIBLE,INFEASIBLE,INFEASIBLE,INFEASIBLE,INFEASIBLE,INFEASIBLE,INFEASIBLE,INFEASIBLE,INFEASIBLE,INFEASIBLE,INFEASIBLE,INFEASIBLE,INFEASIBLE,INFEASIBLE,INFEASIBLE,INFEASIBLE,INFEASIBLE,INFEASIBLE,INFEASIBLE,INFEASIBLE,INFEASIBLE,INFEASIBLE,INFEASIBLE,,INFEASIBLE,INFEASIBLE,INFEASIBLE,INFEASIBLE,INFEASIBLE,INFEASIBLE,INFEASIBLE,INFEASIBLE,INFEASIBLE,INFEASIBLE,INFEASIBLE,INFEASIBLE,INFEASIBLE,INFEASIBLE,INFEASIBLE,INFEASIBLE,INFEASIBLE,INFEASIBLE,INFEASIBLE,INFEASIBLE,INFEASIBLE,INFEASIBLE,INFEASIBLE,INFEASIBLE,INFEASIBLE,no_trials_in_band
freeze,all_only,T2,INFEASIBLE,1.0,budget_only,count,INFEASIBLE,INFEASIBLE,INFEASIBLE,INFEASIBLE,INFEASIBLE,INFEASIBLE,INFEASIBLE,INFEASIBLE,INFEASIBLE,INFEASIBLE,INFEASIBLE,INFEASIBLE,INFEASIBLE,INFEASIBLE,INFEASIBLE,INFEASIBLE,INFEASIBLE,INFEASIBLE,INFEASIBLE,INFEASIBLE,INFEASIBLE,INFEASIBLE,INFEASIBLE,,INFEASIBLE,INFEASIBLE,INFEASIBLE,INFEASIBLE,INFEASIBLE,INFEASIBLE,INFEASIBLE,INFEASIBLE,INFEASIBLE,INFEASIBLE,INFEASIBLE,INFEASIBLE,INFEASIBLE,INFEASIBLE,INFEASIBLE,INFEASIBLE,INFEASIBLE,INFEASIBLE,INFEASIBLE,INFEASIBLE,INFEASIBLE,INFEASIBLE,INFEASIBLE,INFEASIBLE,INFEASIBLE,no_trials_in_band
freeze,all_only,cusum_factor_cov_lrt,1.0,0.25,budget_only,count,0.1,0.15,0.1,80,80,0,80,1.0,0.0,1.0,0.9543103448275861,0.29137931034482756,4.6125,0.55,0.55,0.0,0.75,0.4625,0.75,0.4625,0.25,0.0,0.0,1.0,5.0,5.0,5.0,6.0,5.0,6.0,2.0,6.0,5.0,6.0,2.0,2.0,3.496551724137931,0.9543103448275861,0.29137931034482756,NA,0.32033419404596924,0.9543103448275861,0.29137931034482756,0.0,0.0,0.0,0.0,0.0,OK,
freeze,all_only,cusum_factor_cov_lrt,1.0,0.5,budget_only,count,0.1,0.15,0.1,80,80,0,80,1.0,0.0,1.0,0.9543103448275861,0.29137931034482756,4.6125,0.55,0.55,0.0,0.75,0.4625,0.75,0.4625,0.25,0.0,0.0,1.0,5.0,5.0,5.0,6.0,5.0,6.0,2.0,6.0,5.0,6.0,2.0,2.0,3.496551724137931,0.9543103448275861,0.29137931034482756,NA,0.32033419404596924,0.9543103448275861,0.29137931034482756,0.0,0.0,0.0,0.0,0.0,OK,
freeze,all_only,cusum_factor_cov_lrt,1.0,0.75,budget_only,count,0.1,0.15,0.1,80,80,0,80,1.0,0.0,1.0,0.9543103448275861,0.29137931034482756,4.6125,0.55,0.55,0.0,0.75,0.4625,0.75,0.4625,0.25,0.0,0.0,1.0,5.0,5.0,5.0,6.0,5.0,6.0,2.0,6.0,5.0,6.0,2.0,2.0,3.496551724137931,0.9543103448275861,0.29137931034482756,NA,0.32033419404596924,0.9543103448275861,0.29137931034482756,0.0,0.0,0.0,0.0,0.0,OK,
freeze,all_only,cusum_factor_cov_lrt,1.0,1.0,budget_only,count,0.1,0.15,0.1,80,80,0,80,1.0,0.0,1.0,0.9543103448275861,0.29137931034482756,4.6125,0.55,0.55,0.0,0.75,0.4625,0.75,0.4625,0.25,0.0,0.0,1.0,5.0,5.0,5.0,6.0,5.0,6.0,2.0,6.0,5.0,6.0,2.0,2.0,3.496551724137931,0.9543103448275861,0.29137931034482756,NA,0.32033419404596924,0.9543103448275861,0.29137931034482756,0.0,0.0,0.0,0.0,0.0,OK,
freeze,all_only,ewma_factor_cov_lrt,INFEASIBLE,0.25,budget_only,count,INFEASIBLE,INFEASIBLE,INFEASIBLE,INFEASIBLE,INFEASIBLE,INFEASIBLE,INFEASIBLE,INFEASIBLE,INFEASIBLE,INFEASIBLE,INFEASIBLE,INFEASIBLE,INFEASIBLE,INFEASIBLE,INFEASIBLE,INFEASIBLE,INFEASIBLE,INFEASIBLE,INFEASIBLE,INFEASIBLE,INFEASIBLE,INFEASIBLE,INFEASIBLE,,INFEASIBLE,INFEASIBLE,INFEASIBLE,INFEASIBLE,INFEASIBLE,INFEASIBLE,INFEASIBLE,INFEASIBLE,INFEASIBLE,INFEASIBLE,INFEASIBLE,INFEASIBLE,INFEASIBLE,INFEASIBLE,INFEASIBLE,INFEASIBLE,INFEASIBLE,INFEASIBLE,INFEASIBLE,INFEASIBLE,INFEASIBLE,INFEASIBLE,INFEASIBLE,INFEASIBLE,INFEASIBLE,no_trials_in_band
freeze,all_only,ewma_factor_cov_lrt,INFEASIBLE,0.5,budget_only,count,INFEASIBLE,INFEASIBLE,INFEASIBLE,INFEASIBLE,INFEASIBLE,INFEASIBLE,INFEASIBLE,INFEASIBLE,INFEASIBLE,INFEASIBLE,INFEASIBLE,INFEASIBLE,INFEASIBLE,INFEASIBLE,INFEASIBLE,INFEASIBLE,INFEASIBLE,INFEASIBLE,INFEASIBLE,INFEASIBLE,INFEASIBLE,INFEASIBLE,INFEASIBLE,,INFEASIBLE,INFEASIBLE,INFEASIBLE,INFEASIBLE,INFEASIBLE,INFEASIBLE,INFEASIBLE,INFEASIBLE,INFEASIBLE,INFEASIBLE,INFEASIBLE,INFEASIBLE,INFEASIBLE,INFEASIBLE,INFEASIBLE,INFEASIBLE,INFEASIBLE,INFEASIBLE,INFEASIBLE,INFEASIBLE,INFEASIBLE,INFEASIBLE,INFEASIBLE,INFEASIBLE,INFEASIBLE,no_trials_in_band
freeze,all_only,ewma_factor_cov_lrt,INFEASIBLE,0.75,budget_only,count,INFEASIBLE,INFEASIBLE,INFEASIBLE,INFEASIBLE,INFEASIBLE,INFEASIBLE,INFEASIBLE,INFEASIBLE,INFEASIBLE,INFEASIBLE,INFEASIBLE,INFEASIBLE,INFEASIBLE,INFEASIBLE,INFEASIBLE,INFEASIBLE,INFEASIBLE,INFEASIBLE,INFEASIBLE,INFEASIBLE,INFEASIBLE,INFEASIBLE,INFEASIBLE,,INFEASIBLE,INFEASIBLE,INFEASIBLE,INFEASIBLE,INFEASIBLE,INFEASIBLE,INFEASIBLE,INFEASIBLE,INFEASIBLE,INFEASIBLE,INFEASIBLE,INFEASIBLE,INFEASIBLE,INFEASIBLE,INFEASIBLE,INFEASIBLE,INFEASIBLE,INFEASIBLE,INFEASIBLE,INFEASIBLE,INFEASIBLE,INFEASIBLE,INFEASIBLE,INFEASIBLE,INFEASIBLE,no_trials_in_band
freeze,all_only,ewma_factor_cov_lrt,INFEASIBLE,1.0,budget_only,count,INFEASIBLE,INFEASIBLE,INFEASIBLE,INFEASIBLE,INFEASIBLE,INFEASIBLE,INFEASIBLE,INFEASIBLE,INFEASIBLE,INFEASIBLE,INFEASIBLE,INFEASIBLE,INFEASIBLE,INFEASIBLE,INFEASIBLE,INFEASIBLE,INFEASIBLE,INFEASIBLE,INFEASIBLE,INFEASIBLE,INFEASIBLE,INFEASIBLE,INFEASIBLE,,INFEASIBLE,INFEASIBLE,INFEASIBLE,INFEASIBLE,INFEASIBLE,INFEASIBLE,INFEASIBLE,INFEASIBLE,INFEASIBLE,INFEASIBLE,INFEASIBLE,INFEASIBLE,INFEASIBLE,INFEASIBLE,INFEASIBLE,INFEASIBLE,INFEASIBLE,INFEASIBLE,INFEASIBLE,INFEASIBLE,INFEASIBLE,INFEASIBLE,INFEASIBLE,INFEASIBLE,INFEASIBLE,no_trials_in_band
freeze,all_only,factor_cov_change,INFEASIBLE,0.25,budget_only,count,INFEASIBLE,INFEASIBLE,INFEASIBLE,INFEASIBLE,INFEASIBLE,INFEASIBLE,INFEASIBLE,INFEASIBLE,INFEASIBLE,INFEASIBLE,INFEASIBLE,INFEASIBLE,INFEASIBLE,INFEASIBLE,INFEASIBLE,INFEASIBLE,INFEASIBLE,INFEASIBLE,INFEASIBLE,INFEASIBLE,INFEASIBLE,INFEASIBLE,INFEASIBLE,,INFEASIBLE,INFEASIBLE,INFEASIBLE,INFEASIBLE,INFEASIBLE,INFEASIBLE,INFEASIBLE,INFEASIBLE,INFEASIBLE,INFEASIBLE,INFEASIBLE,INFEASIBLE,INFEASIBLE,INFEASIBLE,INFEASIBLE,INFEASIBLE,INFEASIBLE,INFEASIBLE,INFEASIBLE,INFEASIBLE,INFEASIBLE,INFEASIBLE,INFEASIBLE,INFEASIBLE,INFEASIBLE,no_trials_in_band
freeze,all_only,factor_cov_change,INFEASIBLE,0.5,budget_only,count,INFEASIBLE,INFEASIBLE,INFEASIBLE,INFEASIBLE,INFEASIBLE,INFEASIBLE,INFEASIBLE,INFEASIBLE,INFEASIBLE,INFEASIBLE,INFEASIBLE,INFEASIBLE,INFEASIBLE,INFEASIBLE,INFEASIBLE,INFEASIBLE,INFEASIBLE,INFEASIBLE,INFEASIBLE,INFEASIBLE,INFEASIBLE,INFEASIBLE,INFEASIBLE,,INFEASIBLE,INFEASIBLE,INFEASIBLE,INFEASIBLE,INFEASIBLE,INFEASIBLE,INFEASIBLE,INFEASIBLE,INFEASIBLE,INFEASIBLE,INFEASIBLE,INFEASIBLE,INFEASIBLE,INFEASIBLE,INFEASIBLE,INFEASIBLE,INFEASIBLE,INFEASIBLE,INFEASIBLE,INFEASIBLE,INFEASIBLE,INFEASIBLE,INFEASIBLE,INFEASIBLE,INFEASIBLE,no_trials_in_band
freeze,all_only,factor_cov_change,INFEASIBLE,0.75,budget_only,count,INFEASIBLE,INFEASIBLE,INFEASIBLE,INFEASIBLE,INFEASIBLE,INFEASIBLE,INFEASIBLE,INFEASIBLE,INFEASIBLE,INFEASIBLE,INFEASIBLE,INFEASIBLE,INFEASIBLE,INFEASIBLE,INFEASIBLE,INFEASIBLE,INFEASIBLE,INFEASIBLE,INFEASIBLE,INFEASIBLE,INFEASIBLE,INFEASIBLE,INFEASIBLE,,INFEASIBLE,INFEASIBLE,INFEASIBLE,INFEASIBLE,INFEASIBLE,INFEASIBLE,INFEASIBLE,INFEASIBLE,INFEASIBLE,INFEASIBLE,INFEASIBLE,INFEASIBLE,INFEASIBLE,INFEASIBLE,INFEASIBLE,INFEASIBLE,INFEASIBLE,INFEASIBLE,INFEASIBLE,INFEASIBLE,INFEASIBLE,INFEASIBLE,INFEASIBLE,INFEASIBLE,INFEASIBLE,no_trials_in_band
freeze,all_only,factor_cov_change,INFEASIBLE,1.0,budget_only,count,INFEASIBLE,INFEASIBLE,INFEASIBLE,INFEASIBLE,INFEASIBLE,INFEASIBLE,INFEASIBLE,INFEASIBLE,INFEASIBLE,INFEASIBLE,INFEASIBLE,INFEASIBLE,INFEASIBLE,INFEASIBLE,INFEASIBLE,INFEASIBLE,INFEASIBLE,INFEASIBLE,INFEASIBLE,INFEASIBLE,INFEASIBLE,INFEASIBLE,INFEASIBLE,,INFEASIBLE,INFEASIBLE,INFEASIBLE,INFEASIBLE,INFEASIBLE,INFEASIBLE,INFEASIBLE,INFEASIBLE,INFEASIBLE,INFEASIBLE,INFEASIBLE,INFEASIBLE,INFEASIBLE,INFEASIBLE,INFEASIBLE,INFEASIBLE,INFEASIBLE,INFEASIBLE,INFEASIBLE,INFEASIBLE,INFEASIBLE,INFEASIBLE,INFEASIBLE,INFEASIBLE,INFEASIBLE,no_trials_in_band
freeze,all_only,factor_cov_delta,INFEASIBLE,0.25,budget_only,count,INFEASIBLE,INFEASIBLE,INFEASIBLE,INFEASIBLE,INFEASIBLE,INFEASIBLE,INFEASIBLE,INFEASIBLE,INFEASIBLE,INFEASIBLE,INFEASIBLE,INFEASIBLE,INFEASIBLE,INFEASIBLE,INFEASIBLE,INFEASIBLE,INFEASIBLE,INFEASIBLE,INFEASIBLE,INFEASIBLE,INFEASIBLE,INFEASIBLE,INFEASIBLE,,INFEASIBLE,INFEASIBLE,INFEASIBLE,INFEASIBLE,INFEASIBLE,INFEASIBLE,INFEASIBLE,INFEASIBLE,INFEASIBLE,INFEASIBLE,INFEASIBLE,INFEASIBLE,INFEASIBLE,INFEASIBLE,INFEASIBLE,INFEASIBLE,INFEASIBLE,INFEASIBLE,INFEASIBLE,INFEASIBLE,INFEASIBLE,INFEASIBLE,INFEASIBLE,INFEASIBLE,INFEASIBLE,no_trials_in_band
freeze,all_only,factor_cov_delta,INFEASIBLE,0.5,budget_only,count,INFEASIBLE,INFEASIBLE,INFEASIBLE,INFEASIBLE,INFEASIBLE,INFEASIBLE,INFEASIBLE,INFEASIBLE,INFEASIBLE,INFEASIBLE,INFEASIBLE,INFEASIBLE,INFEASIBLE,INFEASIBLE,INFEASIBLE,INFEASIBLE,INFEASIBLE,INFEASIBLE,INFEASIBLE,INFEASIBLE,INFEASIBLE,INFEASIBLE,INFEASIBLE,,INFEASIBLE,INFEASIBLE,INFEASIBLE,INFEASIBLE,INFEASIBLE,INFEASIBLE,INFEASIBLE,INFEASIBLE,INFEASIBLE,INFEASIBLE,INFEASIBLE,INFEASIBLE,INFEASIBLE,INFEASIBLE,INFEASIBLE,INFEASIBLE,INFEASIBLE,INFEASIBLE,INFEASIBLE,INFEASIBLE,INFEASIBLE,INFEASIBLE,INFEASIBLE,INFEASIBLE,INFEASIBLE,no_trials_in_band
freeze,all_only,factor_cov_delta,INFEASIBLE,0.75,budget_only,count,INFEASIBLE,INFEASIBLE,INFEASIBLE,INFEASIBLE,INFEASIBLE,INFEASIBLE,INFEASIBLE,INFEASIBLE,INFEASIBLE,INFEASIBLE,INFEASIBLE,INFEASIBLE,INFEASIBLE,INFEASIBLE,INFEASIBLE,INFEASIBLE,INFEASIBLE,INFEASIBLE,INFEASIBLE,INFEASIBLE,INFEASIBLE,INFEASIBLE,INFEASIBLE,,INFEASIBLE,INFEASIBLE,INFEASIBLE,INFEASIBLE,INFEASIBLE,INFEASIBLE,INFEASIBLE,INFEASIBLE,INFEASIBLE,INFEASIBLE,INFEASIBLE,INFEASIBLE,INFEASIBLE,INFEASIBLE,INFEASIBLE,INFEASIBLE,INFEASIBLE,INFEASIBLE,INFEASIBLE,INFEASIBLE,INFEASIBLE,INFEASIBLE,INFEASIBLE,INFEASIBLE,INFEASIBLE,no_trials_in_band
freeze,all_only,factor_cov_delta,INFEASIBLE,1.0,budget_only,count,INFEASIBLE,INFEASIBLE,INFEASIBLE,INFEASIBLE,INFEASIBLE,INFEASIBLE,INFEASIBLE,INFEASIBLE,INFEASIBLE,INFEASIBLE,INFEASIBLE,INFEASIBLE,INFEASIBLE,INFEASIBLE,INFEASIBLE,INFEASIBLE,INFEASIBLE,INFEASIBLE,INFEASIBLE,INFEASIBLE,INFEASIBLE,INFEASIBLE,INFEASIBLE,,INFEASIBLE,INFEASIBLE,INFEASIBLE,INFEASIBLE,INFEASIBLE,INFEASIBLE,INFEASIBLE,INFEASIBLE,INFEASIBLE,INFEASIBLE,INFEASIBLE,INFEASIBLE,INFEASIBLE,INFEASIBLE,INFEASIBLE,INFEASIBLE,INFEASIBLE,INFEASIBLE,INFEASIBLE,INFEASIBLE,INFEASIBLE,INFEASIBLE,INFEASIBLE,INFEASIBLE,INFEASIBLE,no_trials_in_band
freeze,all_only,factor_cov_lrt,INFEASIBLE,0.25,budget_only,count,INFEASIBLE,INFEASIBLE,INFEASIBLE,INFEASIBLE,INFEASIBLE,INFEASIBLE,INFEASIBLE,INFEASIBLE,INFEASIBLE,INFEASIBLE,INFEASIBLE,INFEASIBLE,INFEASIBLE,INFEASIBLE,INFEASIBLE,INFEASIBLE,INFEASIBLE,INFEASIBLE,INFEASIBLE,INFEASIBLE,INFEASIBLE,INFEASIBLE,INFEASIBLE,,INFEASIBLE,INFEASIBLE,INFEASIBLE,INFEASIBLE,INFEASIBLE,INFEASIBLE,INFEASIBLE,INFEASIBLE,INFEASIBLE,INFEASIBLE,INFEASIBLE,INFEASIBLE,INFEASIBLE,INFEASIBLE,INFEASIBLE,INFEASIBLE,INFEASIBLE,INFEASIBLE,INFEASIBLE,INFEASIBLE,INFEASIBLE,INFEASIBLE,INFEASIBLE,INFEASIBLE,INFEASIBLE,no_trials_in_band
freeze,all_only,factor_cov_lrt,INFEASIBLE,0.5,budget_only,count,INFEASIBLE,INFEASIBLE,INFEASIBLE,INFEASIBLE,INFEASIBLE,INFEASIBLE,INFEASIBLE,INFEASIBLE,INFEASIBLE,INFEASIBLE,INFEASIBLE,INFEASIBLE,INFEASIBLE,INFEASIBLE,INFEASIBLE,INFEASIBLE,INFEASIBLE,INFEASIBLE,INFEASIBLE,INFEASIBLE,INFEASIBLE,INFEASIBLE,INFEASIBLE,,INFEASIBLE,INFEASIBLE,INFEASIBLE,INFEASIBLE,INFEASIBLE,INFEASIBLE,INFEASIBLE,INFEASIBLE,INFEASIBLE,INFEASIBLE,INFEASIBLE,INFEASIBLE,INFEASIBLE,INFEASIBLE,INFEASIBLE,INFEASIBLE,INFEASIBLE,INFEASIBLE,INFEASIBLE,INFEASIBLE,INFEASIBLE,INFEASIBLE,INFEASIBLE,INFEASIBLE,INFEASIBLE,no_trials_in_band
freeze,all_only,factor_cov_lrt,INFEASIBLE,0.75,budget_only,count,INFEASIBLE,INFEASIBLE,INFEASIBLE,INFEASIBLE,INFEASIBLE,INFEASIBLE,INFEASIBLE,INFEASIBLE,INFEASIBLE,INFEASIBLE,INFEASIBLE,INFEASIBLE,INFEASIBLE,INFEASIBLE,INFEASIBLE,INFEASIBLE,INFEASIBLE,INFEASIBLE,INFEASIBLE,INFEASIBLE,INFEASIBLE,INFEASIBLE,INFEASIBLE,,INFEASIBLE,INFEASIBLE,INFEASIBLE,INFEASIBLE,INFEASIBLE,INFEASIBLE,INFEASIBLE,INFEASIBLE,INFEASIBLE,INFEASIBLE,INFEASIBLE,INFEASIBLE,INFEASIBLE,INFEASIBLE,INFEASIBLE,INFEASIBLE,INFEASIBLE,INFEASIBLE,INFEASIBLE,INFEASIBLE,INFEASIBLE,INFEASIBLE,INFEASIBLE,INFEASIBLE,INFEASIBLE,no_trials_in_band
freeze,all_only,factor_cov_lrt,INFEASIBLE,1.0,budget_only,count,INFEASIBLE,INFEASIBLE,INFEASIBLE,INFEASIBLE,INFEASIBLE,INFEASIBLE,INFEASIBLE,INFEASIBLE,INFEASIBLE,INFEASIBLE,INFEASIBLE,INFEASIBLE,INFEASIBLE,INFEASIBLE,INFEASIBLE,INFEASIBLE,INFEASIBLE,INFEASIBLE,INFEASIBLE,INFEASIBLE,INFEASIBLE,INFEASIBLE,INFEASIBLE,,INFEASIBLE,INFEASIBLE,INFEASIBLE,INFEASIBLE,INFEASIBLE,INFEASIBLE,INFEASIBLE,INFEASIBLE,INFEASIBLE,INFEASIBLE,INFEASIBLE,INFEASIBLE,INFEASIBLE,INFEASIBLE,INFEASIBLE,INFEASIBLE,INFEASIBLE,INFEASIBLE,INFEASIBLE,INFEASIBLE,INFEASIBLE,INFEASIBLE,INFEASIBLE,INFEASIBLE,INFEASIBLE,no_trials_in_band
freeze,all_only,factor_cov_lrt_delta,1.0,0.25,budget_only,count,0.1,0.15,0.1,80,56,56,56,0.7,0.7,0.7,0.8275862068965517,0.13546798029556653,4.0,0.017857142857142856,0.017857142857142856,0.0,0.14285714285714285,0.125,0.14285714285714285,0.125,0.125,0.125,0.125,1.0,6.0,6.0,6.0,6.0,6.0,6.0,6.0,6.0,6.0,6.0,5.0,5.0,1.6256157635467983,0.8275862068965517,0.13546798029556653,0.03887692536394865,-0.027752120736517484,0.8275862068965517,0.13546798029556653,0.0,0.0,0.0,0.0,0.0,OK,
freeze,all_only,factor_cov_lrt_delta,1.0,0.5,budget_only,count,0.1,0.15,0.1,80,56,56,56,0.7,0.7,0.7,0.8275862068965517,0.13546798029556653,4.0,0.017857142857142856,0.017857142857142856,0.0,0.14285714285714285,0.125,0.14285714285714285,0.125,0.125,0.125,0.125,1.0,6.0,6.0,6.0,6.0,6.0,6.0,6.0,6.0,6.0,6.0,5.0,5.0,1.6256157635467983,0.8275862068965517,0.13546798029556653,0.03887692536394865,-0.027752120736517484,0.8275862068965517,0.13546798029556653,0.0,0.0,0.0,0.0,0.0,OK,
freeze,all_only,factor_cov_lrt_delta,1.0,0.75,budget_only,count,0.1,0.15,0.1,80,56,56,56,0.7,0.7,0.7,0.8275862068965517,0.13546798029556653,4.0,0.017857142857142856,0.017857142857142856,0.0,0.14285714285714285,0.125,0.14285714285714285,0.125,0.125,0.125,0.125,1.0,6.0,6.0,6.0,6.0,6.0,6.0,6.0,6.0,6.0,6.0,5.0,5.0,1.6256157635467983,0.8275862068965517,0.13546798029556653,0.03887692536394865,-0.027752120736517484,0.8275862068965517,0.13546798029556653,0.0,0.0,0.0,0.0,0.0,OK,
freeze,all_only,factor_cov_lrt_delta,1.0,1.0,budget_only,count,0.1,0.15,0.1,80,56,56,56,0.7,0.7,0.7,0.8275862068965517,0.13546798029556653,4.0,0.017857142857142856,0.017857142857142856,0.0,0.14285714285714285,0.125,0.14285714285714285,0.125,0.125,0.125,0.125,1.0,6.0,6.0,6.0,6.0,6.0,6.0,6.0,6.0,6.0,6.0,5.0,5.0,1.6256157635467983,0.8275862068965517,0.13546798029556653,0.03887692536394865,-0.027752120736517484,0.8275862068965517,0.13546798029556653,0.0,0.0,0.0,0.0,0.0,OK,
freeze,all_only,fused_fisher,INFEASIBLE,0.25,budget_only,count,INFEASIBLE,INFEASIBLE,INFEASIBLE,INFEASIBLE,INFEASIBLE,INFEASIBLE,INFEASIBLE,INFEASIBLE,INFEASIBLE,INFEASIBLE,INFEASIBLE,INFEASIBLE,INFEASIBLE,INFEASIBLE,INFEASIBLE,INFEASIBLE,INFEASIBLE,INFEASIBLE,INFEASIBLE,INFEASIBLE,INFEASIBLE,INFEASIBLE,INFEASIBLE,,INFEASIBLE,INFEASIBLE,INFEASIBLE,INFEASIBLE,INFEASIBLE,INFEASIBLE,INFEASIBLE,INFEASIBLE,INFEASIBLE,INFEASIBLE,INFEASIBLE,INFEASIBLE,INFEASIBLE,INFEASIBLE,INFEASIBLE,INFEASIBLE,INFEASIBLE,INFEASIBLE,INFEASIBLE,INFEASIBLE,INFEASIBLE,INFEASIBLE,INFEASIBLE,INFEASIBLE,INFEASIBLE,no_trials_in_band
freeze,all_only,fused_fisher,INFEASIBLE,0.5,budget_only,count,INFEASIBLE,INFEASIBLE,INFEASIBLE,INFEASIBLE,INFEASIBLE,INFEASIBLE,INFEASIBLE,INFEASIBLE,INFEASIBLE,INFEASIBLE,INFEASIBLE,INFEASIBLE,INFEASIBLE,INFEASIBLE,INFEASIBLE,INFEASIBLE,INFEASIBLE,INFEASIBLE,INFEASIBLE,INFEASIBLE,INFEASIBLE,INFEASIBLE,INFEASIBLE,,INFEASIBLE,INFEASIBLE,INFEASIBLE,INFEASIBLE,INFEASIBLE,INFEASIBLE,INFEASIBLE,INFEASIBLE,INFEASIBLE,INFEASIBLE,INFEASIBLE,INFEASIBLE,INFEASIBLE,INFEASIBLE,INFEASIBLE,INFEASIBLE,INFEASIBLE,INFEASIBLE,INFEASIBLE,INFEASIBLE,INFEASIBLE,INFEASIBLE,INFEASIBLE,INFEASIBLE,INFEASIBLE,no_trials_in_band
freeze,all_only,fused_fisher,INFEASIBLE,0.75,budget_only,count,INFEASIBLE,INFEASIBLE,INFEASIBLE,INFEASIBLE,INFEASIBLE,INFEASIBLE,INFEASIBLE,INFEASIBLE,INFEASIBLE,INFEASIBLE,INFEASIBLE,INFEASIBLE,INFEASIBLE,INFEASIBLE,INFEASIBLE,INFEASIBLE,INFEASIBLE,INFEASIBLE,INFEASIBLE,INFEASIBLE,INFEASIBLE,INFEASIBLE,INFEASIBLE,,INFEASIBLE,INFEASIBLE,INFEASIBLE,INFEASIBLE,INFEASIBLE,INFEASIBLE,INFEASIBLE,INFEASIBLE,INFEASIBLE,INFEASIBLE,INFEASIBLE,INFEASIBLE,INFEASIBLE,INFEASIBLE,INFEASIBLE,INFEASIBLE,INFEASIBLE,INFEASIBLE,INFEASIBLE,INFEASIBLE,INFEASIBLE,INFEASIBLE,INFEASIBLE,INFEASIBLE,INFEASIBLE,no_trials_in_band
freeze,all_only,fused_fisher,INFEASIBLE,1.0,budget_only,count,INFEASIBLE,INFEASIBLE,INFEASIBLE,INFEASIBLE,INFEASIBLE,INFEASIBLE,INFEASIBLE,INFEASIBLE,INFEASIBLE,INFEASIBLE,INFEASIBLE,INFEASIBLE,INFEASIBLE,INFEASIBLE,INFEASIBLE,INFEASIBLE,INFEASIBLE,INFEASIBLE,INFEASIBLE,INFEASIBLE,INFEASIBLE,INFEASIBLE,INFEASIBLE,,INFEASIBLE,INFEASIBLE,INFEASIBLE,INFEASIBLE,INFEASIBLE,INFEASIBLE,INFEASIBLE,INFEASIBLE,INFEASIBLE,INFEASIBLE,INFEASIBLE,INFEASIBLE,INFEASIBLE,INFEASIBLE,INFEASIBLE,INFEASIBLE,INFEASIBLE,INFEASIBLE,INFEASIBLE,INFEASIBLE,INFEASIBLE,INFEASIBLE,INFEASIBLE,INFEASIBLE,INFEASIBLE,no_trials_in_band
freeze,all_only,fused_fisher_lrt_delta,INFEASIBLE,0.25,budget_only,count,INFEASIBLE,INFEASIBLE,INFEASIBLE,INFEASIBLE,INFEASIBLE,INFEASIBLE,INFEASIBLE,INFEASIBLE,INFEASIBLE,INFEASIBLE,INFEASIBLE,INFEASIBLE,INFEASIBLE,INFEASIBLE,INFEASIBLE,INFEASIBLE,INFEASIBLE,INFEASIBLE,INFEASIBLE,INFEASIBLE,INFEASIBLE,INFEASIBLE,INFEASIBLE,,INFEASIBLE,INFEASIBLE,INFEASIBLE,INFEASIBLE,INFEASIBLE,INFEASIBLE,INFEASIBLE,INFEASIBLE,INFEASIBLE,INFEASIBLE,INFEASIBLE,INFEASIBLE,INFEASIBLE,INFEASIBLE,INFEASIBLE,INFEASIBLE,INFEASIBLE,INFEASIBLE,INFEASIBLE,INFEASIBLE,INFEASIBLE,INFEASIBLE,INFEASIBLE,INFEASIBLE,INFEASIBLE,no_trials_in_band
freeze,all_only,fused_fisher_lrt_delta,INFEASIBLE,0.5,budget_only,count,INFEASIBLE,INFEASIBLE,INFEASIBLE,INFEASIBLE,INFEASIBLE,INFEASIBLE,INFEASIBLE,INFEASIBLE,INFEASIBLE,INFEASIBLE,INFEASIBLE,INFEASIBLE,INFEASIBLE,INFEASIBLE,INFEASIBLE,INFEASIBLE,INFEASIBLE,INFEASIBLE,INFEASIBLE,INFEASIBLE,INFEASIBLE,INFEASIBLE,INFEASIBLE,,INFEASIBLE,INFEASIBLE,INFEASIBLE,INFEASIBLE,INFEASIBLE,INFEASIBLE,INFEASIBLE,INFEASIBLE,INFEASIBLE,INFEASIBLE,INFEASIBLE,INFEASIBLE,INFEASIBLE,INFEASIBLE,INFEASIBLE,INFEASIBLE,INFEASIBLE,INFEASIBLE,INFEASIBLE,INFEASIBLE,INFEASIBLE,INFEASIBLE,INFEASIBLE,INFEASIBLE,INFEASIBLE,no_trials_in_band
freeze,all_only,fused_fisher_lrt_delta,INFEASIBLE,0.75,budget_only,count,INFEASIBLE,INFEASIBLE,INFEASIBLE,INFEASIBLE,INFEASIBLE,INFEASIBLE,INFEASIBLE,INFEASIBLE,INFEASIBLE,INFEASIBLE,INFEASIBLE,INFEASIBLE,INFEASIBLE,INFEASIBLE,INFEASIBLE,INFEASIBLE,INFEASIBLE,INFEASIBLE,INFEASIBLE,INFEASIBLE,INFEASIBLE,INFEASIBLE,INFEASIBLE,,INFEASIBLE,INFEASIBLE,INFEASIBLE,INFEASIBLE,INFEASIBLE,INFEASIBLE,INFEASIBLE,INFEASIBLE,INFEASIBLE,INFEASIBLE,INFEASIBLE,INFEASIBLE,INFEASIBLE,INFEASIBLE,INFEASIBLE,INFEASIBLE,INFEASIBLE,INFEASIBLE,INFEASIBLE,INFEASIBLE,INFEASIBLE,INFEASIBLE,INFEASIBLE,INFEASIBLE,INFEASIBLE,no_trials_in_band
freeze,all_only,fused_fisher_lrt_delta,INFEASIBLE,1.0,budget_only,count,INFEASIBLE,INFEASIBLE,INFEASIBLE,INFEASIBLE,INFEASIBLE,INFEASIBLE,INFEASIBLE,INFEASIBLE,INFEASIBLE,INFEASIBLE,INFEASIBLE,INFEASIBLE,INFEASIBLE,INFEASIBLE,INFEASIBLE,INFEASIBLE,INFEASIBLE,INFEASIBLE,INFEASIBLE,INFEASIBLE,INFEASIBLE,INFEASIBLE,INFEASIBLE,,INFEASIBLE,INFEASIBLE,INFEASIBLE,INFEASIBLE,INFEASIBLE,INFEASIBLE,INFEASIBLE,INFEASIBLE,INFEASIBLE,INFEASIBLE,INFEASIBLE,INFEASIBLE,INFEASIBLE,INFEASIBLE,INFEASIBLE,INFEASIBLE,INFEASIBLE,INFEASIBLE,INFEASIBLE,INFEASIBLE,INFEASIBLE,INFEASIBLE,INFEASIBLE,INFEASIBLE,INFEASIBLE,no_trials_in_band
freeze,all_only,fused_sp,INFEASIBLE,0.25,budget_only,count,INFEASIBLE,INFEASIBLE,INFEASIBLE,INFEASIBLE,INFEASIBLE,INFEASIBLE,INFEASIBLE,INFEASIBLE,INFEASIBLE,INFEASIBLE,INFEASIBLE,INFEASIBLE,INFEASIBLE,INFEASIBLE,INFEASIBLE,INFEASIBLE,INFEASIBLE,INFEASIBLE,INFEASIBLE,INFEASIBLE,INFEASIBLE,INFEASIBLE,INFEASIBLE,,INFEASIBLE,INFEASIBLE,INFEASIBLE,INFEASIBLE,INFEASIBLE,INFEASIBLE,INFEASIBLE,INFEASIBLE,INFEASIBLE,INFEASIBLE,INFEASIBLE,INFEASIBLE,INFEASIBLE,INFEASIBLE,INFEASIBLE,INFEASIBLE,INFEASIBLE,INFEASIBLE,INFEASIBLE,INFEASIBLE,INFEASIBLE,INFEASIBLE,INFEASIBLE,INFEASIBLE,INFEASIBLE,no_trials_in_band
freeze,all_only,fused_sp,INFEASIBLE,0.5,budget_only,count,INFEASIBLE,INFEASIBLE,INFEASIBLE,INFEASIBLE,INFEASIBLE,INFEASIBLE,INFEASIBLE,INFEASIBLE,INFEASIBLE,INFEASIBLE,INFEASIBLE,INFEASIBLE,INFEASIBLE,INFEASIBLE,INFEASIBLE,INFEASIBLE,INFEASIBLE,INFEASIBLE,INFEASIBLE,INFEASIBLE,INFEASIBLE,INFEASIBLE,INFEASIBLE,,INFEASIBLE,INFEASIBLE,INFEASIBLE,INFEASIBLE,INFEASIBLE,INFEASIBLE,INFEASIBLE,INFEASIBLE,INFEASIBLE,INFEASIBLE,INFEASIBLE,INFEASIBLE,INFEASIBLE,INFEASIBLE,INFEASIBLE,INFEASIBLE,INFEASIBLE,INFEASIBLE,INFEASIBLE,INFEASIBLE,INFEASIBLE,INFEASIBLE,INFEASIBLE,INFEASIBLE,INFEASIBLE,no_trials_in_band
freeze,all_only,fused_sp,INFEASIBLE,0.75,budget_only,count,INFEASIBLE,INFEASIBLE,INFEASIBLE,INFEASIBLE,INFEASIBLE,INFEASIBLE,INFEASIBLE,INFEASIBLE,INFEASIBLE,INFEASIBLE,INFEASIBLE,INFEASIBLE,INFEASIBLE,INFEASIBLE,INFEASIBLE,INFEASIBLE,INFEASIBLE,INFEASIBLE,INFEASIBLE,INFEASIBLE,INFEASIBLE,INFEASIBLE,INFEASIBLE,,INFEASIBLE,INFEASIBLE,INFEASIBLE,INFEASIBLE,INFEASIBLE,INFEASIBLE,INFEASIBLE,INFEASIBLE,INFEASIBLE,INFEASIBLE,INFEASIBLE,INFEASIBLE,INFEASIBLE,INFEASIBLE,INFEASIBLE,INFEASIBLE,INFEASIBLE,INFEASIBLE,INFEASIBLE,INFEASIBLE,INFEASIBLE,INFEASIBLE,INFEASIBLE,INFEASIBLE,INFEASIBLE,no_trials_in_band
freeze,all_only,fused_sp,INFEASIBLE,1.0,budget_only,count,INFEASIBLE,INFEASIBLE,INFEASIBLE,INFEASIBLE,INFEASIBLE,INFEASIBLE,INFEASIBLE,INFEASIBLE,INFEASIBLE,INFEASIBLE,INFEASIBLE,INFEASIBLE,INFEASIBLE,INFEASIBLE,INFEASIBLE,INFEASIBLE,INFEASIBLE,INFEASIBLE,INFEASIBLE,INFEASIBLE,INFEASIBLE,INFEASIBLE,INFEASIBLE,,INFEASIBLE,INFEASIBLE,INFEASIBLE,INFEASIBLE,INFEASIBLE,INFEASIBLE,INFEASIBLE,INFEASIBLE,INFEASIBLE,INFEASIBLE,INFEASIBLE,INFEASIBLE,INFEASIBLE,INFEASIBLE,INFEASIBLE,INFEASIBLE,INFEASIBLE,INFEASIBLE,INFEASIBLE,INFEASIBLE,INFEASIBLE,INFEASIBLE,INFEASIBLE,INFEASIBLE,INFEASIBLE,no_trials_in_band
freeze,all_only,fused_sp_lrt_delta,INFEASIBLE,0.25,budget_only,count,INFEASIBLE,INFEASIBLE,INFEASIBLE,INFEASIBLE,INFEASIBLE,INFEASIBLE,INFEASIBLE,INFEASIBLE,INFEASIBLE,INFEASIBLE,INFEASIBLE,INFEASIBLE,INFEASIBLE,INFEASIBLE,INFEASIBLE,INFEASIBLE,INFEASIBLE,INFEASIBLE,INFEASIBLE,INFEASIBLE,INFEASIBLE,INFEASIBLE,INFEASIBLE,,INFEASIBLE,INFEASIBLE,INFEASIBLE,INFEASIBLE,INFEASIBLE,INFEASIBLE,INFEASIBLE,INFEASIBLE,INFEASIBLE,INFEASIBLE,INFEASIBLE,INFEASIBLE,INFEASIBLE,INFEASIBLE,INFEASIBLE,INFEASIBLE,INFEASIBLE,INFEASIBLE,INFEASIBLE,INFEASIBLE,INFEASIBLE,INFEASIBLE,INFEASIBLE,INFEASIBLE,INFEASIBLE,no_trials_in_band
freeze,all_only,fused_sp_lrt_delta,INFEASIBLE,0.5,budget_only,count,INFEASIBLE,INFEASIBLE,INFEASIBLE,INFEASIBLE,INFEASIBLE,INFEASIBLE,INFEASIBLE,INFEASIBLE,INFEASIBLE,INFEASIBLE,INFEASIBLE,INFEASIBLE,INFEASIBLE,INFEASIBLE,INFEASIBLE,INFEASIBLE,INFEASIBLE,INFEASIBLE,INFEASIBLE,INFEASIBLE,INFEASIBLE,INFEASIBLE,INFEASIBLE,,INFEASIBLE,INFEASIBLE,INFEASIBLE,INFEASIBLE,INFEASIBLE,INFEASIBLE,INFEASIBLE,INFEASIBLE,INFEASIBLE,INFEASIBLE,INFEASIBLE,INFEASIBLE,INFEASIBLE,INFEASIBLE,INFEASIBLE,INFEASIBLE,INFEASIBLE,INFEASIBLE,INFEASIBLE,INFEASIBLE,INFEASIBLE,INFEASIBLE,INFEASIBLE,INFEASIBLE,INFEASIBLE,no_trials_in_band
freeze,all_only,fused_sp_lrt_delta,INFEASIBLE,0.75,budget_only,count,INFEASIBLE,INFEASIBLE,INFEASIBLE,INFEASIBLE,INFEASIBLE,INFEASIBLE,INFEASIBLE,INFEASIBLE,INFEASIBLE,INFEASIBLE,INFEASIBLE,INFEASIBLE,INFEASIBLE,INFEASIBLE,INFEASIBLE,INFEASIBLE,INFEASIBLE,INFEASIBLE,INFEASIBLE,INFEASIBLE,INFEASIBLE,INFEASIBLE,INFEASIBLE,,INFEASIBLE,INFEASIBLE,INFEASIBLE,INFEASIBLE,INFEASIBLE,INFEASIBLE,INFEASIBLE,INFEASIBLE,INFEASIBLE,INFEASIBLE,INFEASIBLE,INFEASIBLE,INFEASIBLE,INFEASIBLE,INFEASIBLE,INFEASIBLE,INFEASIBLE,INFEASIBLE,INFEASIBLE,INFEASIBLE,INFEASIBLE,INFEASIBLE,INFEASIBLE,INFEASIBLE,INFEASIBLE,no_trials_in_band
freeze,all_only,fused_sp_lrt_delta,INFEASIBLE,1.0,budget_only,count,INFEASIBLE,INFEASIBLE,INFEASIBLE,INFEASIBLE,INFEASIBLE,INFEASIBLE,INFEASIBLE,INFEASIBLE,INFEASIBLE,INFEASIBLE,INFEASIBLE,INFEASIBLE,INFEASIBLE,INFEASIBLE,INFEASIBLE,INFEASIBLE,INFEASIBLE,INFEASIBLE,INFEASIBLE,INFEASIBLE,INFEASIBLE,INFEASIBLE,INFEASIBLE,,INFEASIBLE,INFEASIBLE,INFEASIBLE,INFEASIBLE,INFEASIBLE,INFEASIBLE,INFEASIBLE,INFEASIBLE,INFEASIBLE,INFEASIBLE,INFEASIBLE,INFEASIBLE,INFEASIBLE,INFEASIBLE,INFEASIBLE,INFEASIBLE,INFEASIBLE,INFEASIBLE,INFEASIBLE,INFEASIBLE,INFEASIBLE,INFEASIBLE,INFEASIBLE,INFEASIBLE,INFEASIBLE,no_trials_in_band
freeze,all_only,max_abs,1.0,0.25,budget_only,count,0.1,0.15,0.1,80,80,14,80,1.0,0.175,1.0,0.9594827586206897,0.1877155172413793,4.6375,0.4375,0.4375,0.0,0.5,0.275,0.5,0.275,0.0875,0.125,0.125,1.0,6.0,6.0,6.0,6.0,6.0,6.0,5.5,6.0,6.0,6.0,2.0,2.0,2.2525862068965514,0.9594827586206897,0.1877155172413793,0.002553417563890208,0.19536458802947992,0.9594827586206897,0.1877155172413793,0.0,0.0,0.0,0.0,0.0,OK,
freeze,all_only,max_abs,1.0,0.5,budget_only,count,0.1,0.15,0.1,80,80,14,80,1.0,0.175,1.0,0.9594827586206897,0.1877155172413793,4.6375,0.4375,0.4375,0.0,0.5,0.275,0.5,0.275,0.0875,0.125,0.125,1.0,6.0,6.0,6.0,6.0,6.0,6.0,5.5,6.0,6.0,6.0,2.0,2.0,2.2525862068965514,0.9594827586206897,0.1877155172413793,0.002553417563890208,0.19536458802947992,0.9594827586206897,0.1877155172413793,0.0,0.0,0.0,0.0,0.0,OK,
freeze,all_only,max_abs,1.0,0.75,budget_only,count,0.1,0.15,0.1,80,80,14,80,1.0,0.175,1.0,0.9594827586206897,0.1877155172413793,4.6375,0.4375,0.4375,0.0,0.5,0.275,0.5,0.275,0.0875,0.125,0.125,1.0,6.0,6.0,6.0,6.0,6.0,6.0,5.5,6.0,6.0,6.0,2.0,2.0,2.2525862068965514,0.9594827586206897,0.1877155172413793,0.002553417563890208,0.19536458802947992,0.9594827586206897,0.1877155172413793,0.0,0.0,0.0,0.0,0.0,OK,
freeze,all_only,max_abs,1.0,1.0,budget_only,count,0.1,0.15,0.1,80,80,14,80,1.0,0.175,1.0,0.9594827586206897,0.1877155172413793,4.6375,0.4375,0.4375,0.0,0.5,0.275,0.5,0.275,0.0875,0.125,0.125,1.0,6.0,6.0,6.0,6.0,6.0,6.0,5.5,6.0,6.0,6.0,2.0,2.0,2.2525862068965514,0.9594827586206897,0.1877155172413793,0.002553417563890208,0.19536458802947992,0.9594827586206897,0.1877155172413793,0.0,0.0,0.0,0.0,0.0,OK,
freeze,all_only,pc_t2,1.0,0.25,budget_only,count,0.1,0.15,0.1,80,63,13,63,0.7875,0.1625,0.7875,0.8275862068965522,0.17542419266557205,4.0,0.12698412698412698,0.12698412698412698,0.0,0.23809523809523808,0.12698412698412698,0.23809523809523808,0.12698412698412698,0.1111111111111111,0.09523809523809523,0.09523809523809523,1.0,6.0,6.0,6.0,6.0,6.0,6.0,6.0,6.0,6.0,6.0,2.5,2.5,2.1050903119868645,0.8275862068965522,0.17542419266557205,0.014747536218212245,-0.006887470123678355,0.8275862068965522,0.17542419266557205,0.0,0.0,0.0,0.0,0.0,OK,
freeze,all_only,pc_t2,1.0,0.5,budget_only,count,0.1,0.15,0.1,80,63,13,63,0.7875,0.1625,0.7875,0.8275862068965522,0.17542419266557205,4.0,0.12698412698412698,0.12698412698412698,0.0,0.23809523809523808,0.12698412698412698,0.23809523809523808,0.12698412698412698,0.1111111111111111,0.09523809523809523,0.09523809523809523,1.0,6.0,6.0,6.0,6.0,6.0,6.0,6.0,6.0,6.0,6.0,2.5,2.5,2.1050903119868645,0.8275862068965522,0.17542419266557205,0.014747536218212245,-0.006887470123678355,0.8275862068965522,0.17542419266557205,0.0,0.0,0.0,0.0,0.0,OK,
freeze,all_only,pc_t2,1.0,0.75,budget_only,count,0.1,0.15,0.1,80,63,13,63,0.7875,0.1625,0.7875,0.8275862068965522,0.17542419266557205,4.0,0.12698412698412698,0.12698412698412698,0.0,0.23809523809523808,0.12698412698412698,0.23809523809523808,0.12698412698412698,0.1111111111111111,0.09523809523809523,0.09523809523809523,1.0,6.0,6.0,6.0,6.0,6.0,6.0,6.0,6.0,6.0,6.0,2.5,2.5,2.1050903119868645,0.8275862068965522,0.17542419266557205,0.014747536218212245,-0.006887470123678355,0.8275862068965522,0.17542419266557205,0.0,0.0,0.0,0.0,0.0,OK,
freeze,all_only,pc_t2,1.0,1.0,budget_only,count,0.1,0.15,0.1,80,63,13,63,0.7875,0.1625,0.7875,0.8275862068965522,0.17542419266557205,4.0,0.12698412698412698,0.12698412698412698,0.0,0.23809523809523808,0.12698412698412698,0.23809523809523808,0.12698412698412698,0.1111111111111111,0.09523809523809523,0.09523809523809523,1.0,6.0,6.0,6.0,6.0,6.0,6.0,6.0,6.0,6.0,6.0,2.5,2.5,2.1050903119868645,0.8275862068965522,0.17542419266557205,0.014747536218212245,-0.006887470123678355,0.8275862068965522,0.17542419266557205,0.0,0.0,0.0,0.0,0.0,OK,
freeze,all_only,res_energy,INFEASIBLE,0.25,budget_only,count,INFEASIBLE,INFEASIBLE,INFEASIBLE,INFEASIBLE,INFEASIBLE,INFEASIBLE,INFEASIBLE,INFEASIBLE,INFEASIBLE,INFEASIBLE,INFEASIBLE,INFEASIBLE,INFEASIBLE,INFEASIBLE,INFEASIBLE,INFEASIBLE,INFEASIBLE,INFEASIBLE,INFEASIBLE,INFEASIBLE,INFEASIBLE,INFEASIBLE,INFEASIBLE,,INFEASIBLE,INFEASIBLE,INFEASIBLE,INFEASIBLE,INFEASIBLE,INFEASIBLE,INFEASIBLE,INFEASIBLE,INFEASIBLE,INFEASIBLE,INFEASIBLE,INFEASIBLE,INFEASIBLE,INFEASIBLE,INFEASIBLE,INFEASIBLE,INFEASIBLE,INFEASIBLE,INFEASIBLE,INFEASIBLE,INFEASIBLE,INFEASIBLE,INFEASIBLE,INFEASIBLE,INFEASIBLE,no_trials_in_band
freeze,all_only,res_energy,INFEASIBLE,0.5,budget_only,count,INFEASIBLE,INFEASIBLE,INFEASIBLE,INFEASIBLE,INFEASIBLE,INFEASIBLE,INFEASIBLE,INFEASIBLE,INFEASIBLE,INFEASIBLE,INFEASIBLE,INFEASIBLE,INFEASIBLE,INFEASIBLE,INFEASIBLE,INFEASIBLE,INFEASIBLE,INFEASIBLE,INFEASIBLE,INFEASIBLE,INFEASIBLE,INFEASIBLE,INFEASIBLE,,INFEASIBLE,INFEASIBLE,INFEASIBLE,INFEASIBLE,INFEASIBLE,INFEASIBLE,INFEASIBLE,INFEASIBLE,INFEASIBLE,INFEASIBLE,INFEASIBLE,INFEASIBLE,INFEASIBLE,INFEASIBLE,INFEASIBLE,INFEASIBLE,INFEASIBLE,INFEASIBLE,INFEASIBLE,INFEASIBLE,INFEASIBLE,INFEASIBLE,INFEASIBLE,INFEASIBLE,INFEASIBLE,no_trials_in_band
freeze,all_only,res_energy,INFEASIBLE,0.75,budget_only,count,INFEASIBLE,INFEASIBLE,INFEASIBLE,INFEASIBLE,INFEASIBLE,INFEASIBLE,INFEASIBLE,INFEASIBLE,INFEASIBLE,INFEASIBLE,INFEASIBLE,INFEASIBLE,INFEASIBLE,INFEASIBLE,INFEASIBLE,INFEASIBLE,INFEASIBLE,INFEASIBLE,INFEASIBLE,INFEASIBLE,INFEASIBLE,INFEASIBLE,INFEASIBLE,,INFEASIBLE,INFEASIBLE,INFEASIBLE,INFEASIBLE,INFEASIBLE,INFEASIBLE,INFEASIBLE,INFEASIBLE,INFEASIBLE,INFEASIBLE,INFEASIBLE,INFEASIBLE,INFEASIBLE,INFEASIBLE,INFEASIBLE,INFEASIBLE,INFEASIBLE,INFEASIBLE,INFEASIBLE,INFEASIBLE,INFEASIBLE,INFEASIBLE,INFEASIBLE,INFEASIBLE,INFEASIBLE,no_trials_in_band
freeze,all_only,res_energy,INFEASIBLE,1.0,budget_only,count,INFEASIBLE,INFEASIBLE,INFEASIBLE,INFEASIBLE,INFEASIBLE,INFEASIBLE,INFEASIBLE,INFEASIBLE,INFEASIBLE,INFEASIBLE,INFEASIBLE,INFEASIBLE,INFEASIBLE,INFEASIBLE,INFEASIBLE,INFEASIBLE,INFEASIBLE,INFEASIBLE,INFEASIBLE,INFEASIBLE,INFEASIBLE,INFEASIBLE,INFEASIBLE,,INFEASIBLE,INFEASIBLE,INFEASIBLE,INFEASIBLE,INFEASIBLE,INFEASIBLE,INFEASIBLE,INFEASIBLE,INFEASIBLE,INFEASIBLE,INFEASIBLE,INFEASIBLE,INFEASIBLE,INFEASIBLE,INFEASIBLE,INFEASIBLE,INFEASIBLE,INFEASIBLE,INFEASIBLE,INFEASIBLE,INFEASIBLE,INFEASIBLE,INFEASIBLE,INFEASIBLE,INFEASIBLE,no_trials_in_band
freeze,all_only,stale,INFEASIBLE,0.25,budget_only,count,INFEASIBLE,INFEASIBLE,INFEASIBLE,INFEASIBLE,INFEASIBLE,INFEASIBLE,INFEASIBLE,INFEASIBLE,INFEASIBLE,INFEASIBLE,INFEASIBLE,INFEASIBLE,INFEASIBLE,INFEASIBLE,INFEASIBLE,INFEASIBLE,INFEASIBLE,INFEASIBLE,INFEASIBLE,INFEASIBLE,INFEASIBLE,INFEASIBLE,INFEASIBLE,,INFEASIBLE,INFEASIBLE,INFEASIBLE,INFEASIBLE,INFEASIBLE,INFEASIBLE,INFEASIBLE,INFEASIBLE,INFEASIBLE,INFEASIBLE,INFEASIBLE,INFEASIBLE,INFEASIBLE,INFEASIBLE,INFEASIBLE,INFEASIBLE,INFEASIBLE,INFEASIBLE,INFEASIBLE,INFEASIBLE,INFEASIBLE,INFEASIBLE,INFEASIBLE,INFEASIBLE,INFEASIBLE,no_trials_in_band
freeze,all_only,stale,INFEASIBLE,0.5,budget_only,count,INFEASIBLE,INFEASIBLE,INFEASIBLE,INFEASIBLE,INFEASIBLE,INFEASIBLE,INFEASIBLE,INFEASIBLE,INFEASIBLE,INFEASIBLE,INFEASIBLE,INFEASIBLE,INFEASIBLE,INFEASIBLE,INFEASIBLE,INFEASIBLE,INFEASIBLE,INFEASIBLE,INFEASIBLE,INFEASIBLE,INFEASIBLE,INFEASIBLE,INFEASIBLE,,INFEASIBLE,INFEASIBLE,INFEASIBLE,INFEASIBLE,INFEASIBLE,INFEASIBLE,INFEASIBLE,INFEASIBLE,INFEASIBLE,INFEASIBLE,INFEASIBLE,INFEASIBLE,INFEASIBLE,INFEASIBLE,INFEASIBLE,INFEASIBLE,INFEASIBLE,INFEASIBLE,INFEASIBLE,INFEASIBLE,INFEASIBLE,INFEASIBLE,INFEASIBLE,INFEASIBLE,INFEASIBLE,no_trials_in_band
freeze,all_only,stale,INFEASIBLE,0.75,budget_only,count,INFEASIBLE,INFEASIBLE,INFEASIBLE,INFEASIBLE,INFEASIBLE,INFEASIBLE,INFEASIBLE,INFEASIBLE,INFEASIBLE,INFEASIBLE,INFEASIBLE,INFEASIBLE,INFEASIBLE,INFEASIBLE,INFEASIBLE,INFEASIBLE,INFEASIBLE,INFEASIBLE,INFEASIBLE,INFEASIBLE,INFEASIBLE,INFEASIBLE,INFEASIBLE,,INFEASIBLE,INFEASIBLE,INFEASIBLE,INFEASIBLE,INFEASIBLE,INFEASIBLE,INFEASIBLE,INFEASIBLE,INFEASIBLE,INFEASIBLE,INFEASIBLE,INFEASIBLE,INFEASIBLE,INFEASIBLE,INFEASIBLE,INFEASIBLE,INFEASIBLE,INFEASIBLE,INFEASIBLE,INFEASIBLE,INFEASIBLE,INFEASIBLE,INFEASIBLE,INFEASIBLE,INFEASIBLE,no_trials_in_band
freeze,all_only,stale,INFEASIBLE,1.0,budget_only,count,INFEASIBLE,INFEASIBLE,INFEASIBLE,INFEASIBLE,INFEASIBLE,INFEASIBLE,INFEASIBLE,INFEASIBLE,INFEASIBLE,INFEASIBLE,INFEASIBLE,INFEASIBLE,INFEASIBLE,INFEASIBLE,INFEASIBLE,INFEASIBLE,INFEASIBLE,INFEASIBLE,INFEASIBLE,INFEASIBLE,INFEASIBLE,INFEASIBLE,INFEASIBLE,,INFEASIBLE,INFEASIBLE,INFEASIBLE,INFEASIBLE,INFEASIBLE,INFEASIBLE,INFEASIBLE,INFEASIBLE,INFEASIBLE,INFEASIBLE,INFEASIBLE,INFEASIBLE,INFEASIBLE,INFEASIBLE,INFEASIBLE,INFEASIBLE,INFEASIBLE,INFEASIBLE,INFEASIBLE,INFEASIBLE,INFEASIBLE,INFEASIBLE,INFEASIBLE,INFEASIBLE,INFEASIBLE,no_trials_in_band
freeze,full,T2,INFEASIBLE,0.25,budget_only,count,INFEASIBLE,INFEASIBLE,INFEASIBLE,INFEASIBLE,INFEASIBLE,INFEASIBLE,INFEASIBLE,INFEASIBLE,INFEASIBLE,INFEASIBLE,INFEASIBLE,INFEASIBLE,INFEASIBLE,INFEASIBLE,INFEASIBLE,INFEASIBLE,INFEASIBLE,INFEASIBLE,INFEASIBLE,INFEASIBLE,INFEASIBLE,INFEASIBLE,INFEASIBLE,,INFEASIBLE,INFEASIBLE,INFEASIBLE,INFEASIBLE,INFEASIBLE,INFEASIBLE,INFEASIBLE,INFEASIBLE,INFEASIBLE,INFEASIBLE,INFEASIBLE,INFEASIBLE,INFEASIBLE,INFEASIBLE,INFEASIBLE,INFEASIBLE,INFEASIBLE,INFEASIBLE,INFEASIBLE,INFEASIBLE,INFEASIBLE,INFEASIBLE,INFEASIBLE,INFEASIBLE,INFEASIBLE,no_trials_in_band
freeze,full,T2,INFEASIBLE,0.5,budget_only,count,INFEASIBLE,INFEASIBLE,INFEASIBLE,INFEASIBLE,INFEASIBLE,INFEASIBLE,INFEASIBLE,INFEASIBLE,INFEASIBLE,INFEASIBLE,INFEASIBLE,INFEASIBLE,INFEASIBLE,INFEASIBLE,INFEASIBLE,INFEASIBLE,INFEASIBLE,INFEASIBLE,INFEASIBLE,INFEASIBLE,INFEASIBLE,INFEASIBLE,INFEASIBLE,,INFEASIBLE,INFEASIBLE,INFEASIBLE,INFEASIBLE,INFEASIBLE,INFEASIBLE,INFEASIBLE,INFEASIBLE,INFEASIBLE,INFEASIBLE,INFEASIBLE,INFEASIBLE,INFEASIBLE,INFEASIBLE,INFEASIBLE,INFEASIBLE,INFEASIBLE,INFEASIBLE,INFEASIBLE,INFEASIBLE,INFEASIBLE,INFEASIBLE,INFEASIBLE,INFEASIBLE,INFEASIBLE,no_trials_in_band
freeze,full,T2,INFEASIBLE,0.75,budget_only,count,INFEASIBLE,INFEASIBLE,INFEASIBLE,INFEASIBLE,INFEASIBLE,INFEASIBLE,INFEASIBLE,INFEASIBLE,INFEASIBLE,INFEASIBLE,INFEASIBLE,INFEASIBLE,INFEASIBLE,INFEASIBLE,INFEASIBLE,INFEASIBLE,INFEASIBLE,INFEASIBLE,INFEASIBLE,INFEASIBLE,INFEASIBLE,INFEASIBLE,INFEASIBLE,,INFEASIBLE,INFEASIBLE,INFEASIBLE,INFEASIBLE,INFEASIBLE,INFEASIBLE,INFEASIBLE,INFEASIBLE,INFEASIBLE,INFEASIBLE,INFEASIBLE,INFEASIBLE,INFEASIBLE,INFEASIBLE,INFEASIBLE,INFEASIBLE,INFEASIBLE,INFEASIBLE,INFEASIBLE,INFEASIBLE,INFEASIBLE,INFEASIBLE,INFEASIBLE,INFEASIBLE,INFEASIBLE,no_trials_in_band
freeze,full,T2,INFEASIBLE,1.0,budget_only,count,INFEASIBLE,INFEASIBLE,INFEASIBLE,INFEASIBLE,INFEASIBLE,INFEASIBLE,INFEASIBLE,INFEASIBLE,INFEASIBLE,INFEASIBLE,INFEASIBLE,INFEASIBLE,INFEASIBLE,INFEASIBLE,INFEASIBLE,INFEASIBLE,INFEASIBLE,INFEASIBLE,INFEASIBLE,INFEASIBLE,INFEASIBLE,INFEASIBLE,INFEASIBLE,,INFEASIBLE,INFEASIBLE,INFEASIBLE,INFEASIBLE,INFEASIBLE,INFEASIBLE,INFEASIBLE,INFEASIBLE,INFEASIBLE,INFEASIBLE,INFEASIBLE,INFEASIBLE,INFEASIBLE,INFEASIBLE,INFEASIBLE,INFEASIBLE,INFEASIBLE,INFEASIBLE,INFEASIBLE,INFEASIBLE,INFEASIBLE,INFEASIBLE,INFEASIBLE,INFEASIBLE,INFEASIBLE,no_trials_in_band
freeze,full,cusum_factor_cov_lrt,1.0,0.25,budget_only,count,0.1,0.15,0.1,80,80,0,80,1.0,0.0,1.0,1.1120689655172413,0.25323275862068967,5.375,0.5625,0.5625,0.0,0.7,0.375,0.7,0.375,0.1375,0.0,0.0,1.0,4.0,4.0,4.0,6.0,4.0,6.0,3.0,6.0,4.0,6.0,2.0,2.0,3.010344827586207,1.114655172413793,0.25086206896551727,NA,0.3184292219821484,1.1120689655172413,0.25323275862068967,0.07916666666666665,0.06329113924050633,-0.07916666666666665,0.07916666666666665,-0.0379746835443038,OK,
freeze,full,cusum_factor_cov_lrt,1.0,0.5,budget_only,count,0.1,0.15,0.1,80,80,0,80,1.0,0.0,1.0,1.1120689655172413,0.25323275862068967,5.375,0.7,0.5625,0.13749999999999996,0.8375,0.3625,0.8375,0.3625,0.1375,0.0,0.0,1.0,4.0,4.0,4.0,6.0,4.0,6.0,3.0,6.0,4.0,6.0,3.0,2.0,3.0362068965517244,1.1198275862068967,0.2530172413793104,NA,0.4420171992794984,1.1120689655172413,0.25323275862068967,0.13958333333333334,0.16877637130801687,0.0020833333333333285,0.11875,0.008438818565400848,OK,
freeze,full,cusum_factor_cov_lrt,1.0,0.75,budget_only,count,0.1,0.15,0.1,80,80,0,80,1.0,0.0,1.0,1.1120689655172413,0.25323275862068967,5.375,0.8875,0.5625,0.32499999999999996,0.9875,0.4875,0.9875,0.4875,0.1625,0.0,0.0,1.0,2.0,4.0,2.0,6.0,4.0,6.0,2.0,4.0,2.0,6.0,2.0,2.0,3.0827586206896553,1.1663793103448277,0.25689655172413794,NA,0.6923358067577643,1.1120689655172413,0.25323275862068967,0.31875,0.4641350210970464,0.2104166666666667,0.28125,0.1350210970464135,OK,
freeze,full,cusum_factor_cov_lrt,1.0,1.0,budget_only,count,0.1,0.15,0.1,80,80,0,80,1.0,0.0,1.0,1.1120689655172413,0.25323275862068967,5.375,0.9125,0.5625,0.35,1.0,0.7125,1.0,0.7125,0.1625,0.0,0.0,1.0,1.0,4.0,1.0,5.0,4.0,6.0,1.0,2.0,1.0,5.0,1.0,2.0,3.0879310344827586,1.1793103448275863,0.25732758620689655,NA,1.1447535386691252,1.1120689655172413,0.25323275862068967,0.4854166666666666,0.5527426160337553,0.4645833333333333,0.46875,0.1308016877637131,OK,
freeze,full,ewma_factor_cov_lrt,INFEASIBLE,0.25,budget_only,count,INFEASIBLE,INFEASIBLE,INFEASIBLE,INFEASIBLE,INFEASIBLE,INFEASIBLE,INFEASIBLE,INFEASIBLE,INFEASIBLE,INFEASIBLE,INFEASIBLE,INFEASIBLE,INFEASIBLE,INFEASIBLE,INFEASIBLE,INFEASIBLE,INFEASIBLE,INFEASIBLE,INFEASIBLE,INFEASIBLE,INFEASIBLE,INFEASIBLE,INFEASIBLE,,INFEASIBLE,INFEASIBLE,INFEASIBLE,INFEASIBLE,INFEASIBLE,INFEASIBLE,INFEASIBLE,INFEASIBLE,INFEASIBLE,INFEASIBLE,INFEASIBLE,INFEASIBLE,INFEASIBLE,INFEASIBLE,INFEASIBLE,INFEASIBLE,INFEASIBLE,INFEASIBLE,INFEASIBLE,INFEASIBLE,INFEASIBLE,INFEASIBLE,INFEASIBLE,INFEASIBLE,INFEASIBLE,no_trials_in_band
freeze,full,ewma_factor_cov_lrt,INFEASIBLE,0.5,budget_only,count,INFEASIBLE,INFEASIBLE,INFEASIBLE,INFEASIBLE,INFEASIBLE,INFEASIBLE,INFEASIBLE,INFEASIBLE,INFEASIBLE,INFEASIBLE,INFEASIBLE,INFEASIBLE,INFEASIBLE,INFEASIBLE,INFEASIBLE,INFEASIBLE,INFEASIBLE,INFEASIBLE,INFEASIBLE,INFEASIBLE,INFEASIBLE,INFEASIBLE,INFEASIBLE,,INFEASIBLE,INFEASIBLE,INFEASIBLE,INFEASIBLE,INFEASIBLE,INFEASIBLE,INFEASIBLE,INFEASIBLE,INFEASIBLE,INFEASIBLE,INFEASIBLE,INFEASIBLE,INFEASIBLE,INFEASIBLE,INFEASIBLE,INFEASIBLE,INFEASIBLE,INFEASIBLE,INFEASIBLE,INFEASIBLE,INFEASIBLE,INFEASIBLE,INFEASIBLE,INFEASIBLE,INFEASIBLE,no_trials_in_band
freeze,full,ewma_factor_cov_lrt,INFEASIBLE,0.75,budget_only,count,INFEASIBLE,INFEASIBLE,INFEASIBLE,INFEASIBLE,INFEASIBLE,INFEASIBLE,INFEASIBLE,INFEASIBLE,INFEASIBLE,INFEASIBLE,INFEASIBLE,INFEASIBLE,INFEASIBLE,INFEASIBLE,INFEASIBLE,INFEASIBLE,INFEASIBLE,INFEASIBLE,INFEASIBLE,INFEASIBLE,INFEASIBLE,INFEASIBLE,INFEASIBLE,,INFEASIBLE,INFEASIBLE,INFEASIBLE,INFEASIBLE,INFEASIBLE,INFEASIBLE,INFEASIBLE,INFEASIBLE,INFEASIBLE,INFEASIBLE,INFEASIBLE,INFEASIBLE,INFEASIBLE,INFEASIBLE,INFEASIBLE,INFEASIBLE,INFEASIBLE,INFEASIBLE,INFEASIBLE,INFEASIBLE,INFEASIBLE,INFEASIBLE,INFEASIBLE,INFEASIBLE,INFEASIBLE,no_trials_in_band
freeze,full,ewma_factor_cov_lrt,INFEASIBLE,1.0,budget_only,count,INFEASIBLE,INFEASIBLE,INFEASIBLE,INFEASIBLE,INFEASIBLE,INFEASIBLE,INFEASIBLE,INFEASIBLE,INFEASIBLE,INFEASIBLE,INFEASIBLE,INFEASIBLE,INFEASIBLE,INFEASIBLE,INFEASIBLE,INFEASIBLE,INFEASIBLE,INFEASIBLE,INFEASIBLE,INFEASIBLE,INFEASIBLE,INFEASIBLE,INFEASIBLE,,INFEASIBLE,INFEASIBLE,INFEASIBLE,INFEASIBLE,INFEASIBLE,INFEASIBLE,INFEASIBLE,INFEASIBLE,INFEASIBLE,INFEASIBLE,INFEASIBLE,INFEASIBLE,INFEASIBLE,INFEASIBLE,INFEASIBLE,INFEASIBLE,INFEASIBLE,INFEASIBLE,INFEASIBLE,INFEASIBLE,INFEASIBLE,INFEASIBLE,INFEASIBLE,INFEASIBLE,INFEASIBLE,no_trials_in_band
freeze,full,factor_cov_change,INFEASIBLE,0.25,budget_only,count,INFEASIBLE,INFEASIBLE,INFEASIBLE,INFEASIBLE,INFEASIBLE,INFEASIBLE,INFEASIBLE,INFEASIBLE,INFEASIBLE,INFEASIBLE,INFEASIBLE,INFEASIBLE,INFEASIBLE,INFEASIBLE,INFEASIBLE,INFEASIBLE,INFEASIBLE,INFEASIBLE,INFEASIBLE,INFEASIBLE,INFEASIBLE,INFEASIBLE,INFEASIBLE,,INFEASIBLE,INFEASIBLE,INFEASIBLE,INFEASIBLE,INFEASIBLE,INFEASIBLE,INFEASIBLE,INFEASIBLE,INFEASIBLE,INFEASIBLE,INFEASIBLE,INFEASIBLE,INFEASIBLE,INFEASIBLE,INFEASIBLE,INFEASIBLE,INFEASIBLE,INFEASIBLE,INFEASIBLE,INFEASIBLE,INFEASIBLE,INFEASIBLE,INFEASIBLE,INFEASIBLE,INFEASIBLE,no_trials_in_band
freeze,full,factor_cov_change,INFEASIBLE,0.5,budget_only,count,INFEASIBLE,INFEASIBLE,INFEASIBLE,INFEASIBLE,INFEASIBLE,INFEASIBLE,INFEASIBLE,INFEASIBLE,INFEASIBLE,INFEASIBLE,INFEASIBLE,INFEASIBLE,INFEASIBLE,INFEASIBLE,INFEASIBLE,INFEASIBLE,INFEASIBLE,INFEASIBLE,INFEASIBLE,INFEASIBLE,INFEASIBLE,INFEASIBLE,INFEASIBLE,,INFEASIBLE,INFEASIBLE,INFEASIBLE,INFEASIBLE,INFEASIBLE,INFEASIBLE,INFEASIBLE,INFEASIBLE,INFEASIBLE,INFEASIBLE,INFEASIBLE,INFEASIBLE,INFEASIBLE,INFEASIBLE,INFEASIBLE,INFEASIBLE,INFEASIBLE,INFEASIBLE,INFEASIBLE,INFEASIBLE,INFEASIBLE,INFEASIBLE,INFEASIBLE,INFEASIBLE,INFEASIBLE,no_trials_in_band
freeze,full,factor_cov_change,INFEASIBLE,0.75,budget_only,count,INFEASIBLE,INFEASIBLE,INFEASIBLE,INFEASIBLE,INFEASIBLE,INFEASIBLE,INFEASIBLE,INFEASIBLE,INFEASIBLE,INFEASIBLE,INFEASIBLE,INFEASIBLE,INFEASIBLE,INFEASIBLE,INFEASIBLE,INFEASIBLE,INFEASIBLE,INFEASIBLE,INFEASIBLE,INFEASIBLE,INFEASIBLE,INFEASIBLE,INFEASIBLE,,INFEASIBLE,INFEASIBLE,INFEASIBLE,INFEASIBLE,INFEASIBLE,INFEASIBLE,INFEASIBLE,INFEASIBLE,INFEASIBLE,INFEASIBLE,INFEASIBLE,INFEASIBLE,INFEASIBLE,INFEASIBLE,INFEASIBLE,INFEASIBLE,INFEASIBLE,INFEASIBLE,INFEASIBLE,INFEASIBLE,INFEASIBLE,INFEASIBLE,INFEASIBLE,INFEASIBLE,INFEASIBLE,no_trials_in_band
freeze,full,factor_cov_change,INFEASIBLE,1.0,budget_only,count,INFEASIBLE,INFEASIBLE,INFEASIBLE,INFEASIBLE,INFEASIBLE,INFEASIBLE,INFEASIBLE,INFEASIBLE,INFEASIBLE,INFEASIBLE,INFEASIBLE,INFEASIBLE,INFEASIBLE,INFEASIBLE,INFEASIBLE,INFEASIBLE,INFEASIBLE,INFEASIBLE,INFEASIBLE,INFEASIBLE,INFEASIBLE,INFEASIBLE,INFEASIBLE,,INFEASIBLE,INFEASIBLE,INFEASIBLE,INFEASIBLE,INFEASIBLE,INFEASIBLE,INFEASIBLE,INFEASIBLE,INFEASIBLE,INFEASIBLE,INFEASIBLE,INFEASIBLE,INFEASIBLE,INFEASIBLE,INFEASIBLE,INFEASIBLE,INFEASIBLE,INFEASIBLE,INFEASIBLE,INFEASIBLE,INFEASIBLE,INFEASIBLE,INFEASIBLE,INFEASIBLE,INFEASIBLE,no_trials_in_band
freeze,full,factor_cov_delta,INFEASIBLE,0.25,budget_only,count,INFEASIBLE,INFEASIBLE,INFEASIBLE,INFEASIBLE,INFEASIBLE,INFEASIBLE,INFEASIBLE,INFEASIBLE,INFEASIBLE,INFEASIBLE,INFEASIBLE,INFEASIBLE,INFEASIBLE,INFEASIBLE,INFEASIBLE,INFEASIBLE,INFEASIBLE,INFEASIBLE,INFEASIBLE,INFEASIBLE,INFEASIBLE,INFEASIBLE,INFEASIBLE,,INFEASIBLE,INFEASIBLE,INFEASIBLE,INFEASIBLE,INFEASIBLE,INFEASIBLE,INFEASIBLE,INFEASIBLE,INFEASIBLE,INFEASIBLE,INFEASIBLE,INFEASIBLE,INFEASIBLE,INFEASIBLE,INFEASIBLE,INFEASIBLE,INFEASIBLE,INFEASIBLE,INFEASIBLE,INFEASIBLE,INFEASIBLE,INFEASIBLE,INFEASIBLE,INFEASIBLE,INFEASIBLE,no_trials_in_band
freeze,full,factor_cov_delta,INFEASIBLE,0.5,budget_only,count,INFEASIBLE,INFEASIBLE,INFEASIBLE,INFEASIBLE,INFEASIBLE,INFEASIBLE,INFEASIBLE,INFEASIBLE,INFEASIBLE,INFEASIBLE,INFEASIBLE,INFEASIBLE,INFEASIBLE,INFEASIBLE,INFEASIBLE,INFEASIBLE,INFEASIBLE,INFEASIBLE,INFEASIBLE,INFEASIBLE,INFEASIBLE,INFEASIBLE,INFEASIBLE,,INFEASIBLE,INFEASIBLE,INFEASIBLE,INFEASIBLE,INFEASIBLE,INFEASIBLE,INFEASIBLE,INFEASIBLE,INFEASIBLE,INFEASIBLE,INFEASIBLE,INFEASIBLE,INFEASIBLE,INFEASIBLE,INFEASIBLE,INFEASIBLE,INFEASIBLE,INFEASIBLE,INFEASIBLE,INFEASIBLE,INFEASIBLE,INFEASIBLE,INFEASIBLE,INFEASIBLE,INFEASIBLE,no_trials_in_band
freeze,full,factor_cov_delta,INFEASIBLE,0.75,budget_only,count,INFEASIBLE,INFEASIBLE,INFEASIBLE,INFEASIBLE,INFEASIBLE,INFEASIBLE,INFEASIBLE,INFEASIBLE,INFEASIBLE,INFEASIBLE,INFEASIBLE,INFEASIBLE,INFEASIBLE,INFEASIBLE,INFEASIBLE,INFEASIBLE,INFEASIBLE,INFEASIBLE,INFEASIBLE,INFEASIBLE,INFEASIBLE,INFEASIBLE,INFEASIBLE,,INFEASIBLE,INFEASIBLE,INFEASIBLE,INFEASIBLE,INFEASIBLE,INFEASIBLE,INFEASIBLE,INFEASIBLE,INFEASIBLE,INFEASIBLE,INFEASIBLE,INFEASIBLE,INFEASIBLE,INFEASIBLE,INFEASIBLE,INFEASIBLE,INFEASIBLE,INFEASIBLE,INFEASIBLE,INFEASIBLE,INFEASIBLE,INFEASIBLE,INFEASIBLE,INFEASIBLE,INFEASIBLE,no_trials_in_band
freeze,full,factor_cov_delta,INFEASIBLE,1.0,budget_only,count,INFEASIBLE,INFEASIBLE,INFEASIBLE,INFEASIBLE,INFEASIBLE,INFEASIBLE,INFEASIBLE,INFEASIBLE,INFEASIBLE,INFEASIBLE,INFEASIBLE,INFEASIBLE,INFEASIBLE,INFEASIBLE,INFEASIBLE,INFEASIBLE,INFEASIBLE,INFEASIBLE,INFEASIBLE,INFEASIBLE,INFEASIBLE,INFEASIBLE,INFEASIBLE,,INFEASIBLE,INFEASIBLE,INFEASIBLE,INFEASIBLE,INFEASIBLE,INFEASIBLE,INFEASIBLE,INFEASIBLE,INFEASIBLE,INFEASIBLE,INFEASIBLE,INFEASIBLE,INFEASIBLE,INFEASIBLE,INFEASIBLE,INFEASIBLE,INFEASIBLE,INFEASIBLE,INFEASIBLE,INFEASIBLE,INFEASIBLE,INFEASIBLE,INFEASIBLE,INFEASIBLE,INFEASIBLE,no_trials_in_band
freeze,full,factor_cov_lrt,INFEASIBLE,0.25,budget_only,count,INFEASIBLE,INFEASIBLE,INFEASIBLE,INFEASIBLE,INFEASIBLE,INFEASIBLE,INFEASIBLE,INFEASIBLE,INFEASIBLE,INFEASIBLE,INFEASIBLE,INFEASIBLE,INFEASIBLE,INFEASIBLE,INFEASIBLE,INFEASIBLE,INFEASIBLE,INFEASIBLE,INFEASIBLE,INFEASIBLE,INFEASIBLE,INFEASIBLE,INFEASIBLE,,INFEASIBLE,INFEASIBLE,INFEASIBLE,INFEASIBLE,INFEASIBLE,INFEASIBLE,INFEASIBLE,INFEASIBLE,INFEASIBLE,INFEASIBLE,INFEASIBLE,INFEASIBLE,INFEASIBLE,INFEASIBLE,INFEASIBLE,INFEASIBLE,INFEASIBLE,INFEASIBLE,INFEASIBLE,INFEASIBLE,INFEASIBLE,INFEASIBLE,INFEASIBLE,INFEASIBLE,INFEASIBLE,no_trials_in_band
freeze,full,factor_cov_lrt,INFEASIBLE,0.5,budget_only,count,INFEASIBLE,INFEASIBLE,INFEASIBLE,INFEASIBLE,INFEASIBLE,INFEASIBLE,INFEASIBLE,INFEASIBLE,INFEASIBLE,INFEASIBLE,INFEASIBLE,INFEASIBLE,INFEASIBLE,INFEASIBLE,INFEASIBLE,INFEASIBLE,INFEASIBLE,INFEASIBLE,INFEASIBLE,INFEASIBLE,INFEASIBLE,INFEASIBLE,INFEASIBLE,,INFEASIBLE,INFEASIBLE,INFEASIBLE,INFEASIBLE,INFEASIBLE,INFEASIBLE,INFEASIBLE,INFEASIBLE,INFEASIBLE,INFEASIBLE,INFEASIBLE,INFEASIBLE,INFEASIBLE,INFEASIBLE,INFEASIBLE,INFEASIBLE,INFEASIBLE,INFEASIBLE,INFEASIBLE,INFEASIBLE,INFEASIBLE,INFEASIBLE,INFEASIBLE,INFEASIBLE,INFEASIBLE,no_trials_in_band
freeze,full,factor_cov_lrt,INFEASIBLE,0.75,budget_only,count,INFEASIBLE,INFEASIBLE,INFEASIBLE,INFEASIBLE,INFEASIBLE,INFEASIBLE,INFEASIBLE,INFEASIBLE,INFEASIBLE,INFEASIBLE,INFEASIBLE,INFEASIBLE,INFEASIBLE,INFEASIBLE,INFEASIBLE,INFEASIBLE,INFEASIBLE,INFEASIBLE,INFEASIBLE,INFEASIBLE,INFEASIBLE,INFEASIBLE,INFEASIBLE,,INFEASIBLE,INFEASIBLE,INFEASIBLE,INFEASIBLE,INFEASIBLE,INFEASIBLE,INFEASIBLE,INFEASIBLE,INFEASIBLE,INFEASIBLE,INFEASIBLE,INFEASIBLE,INFEASIBLE,INFEASIBLE,INFEASIBLE,INFEASIBLE,INFEASIBLE,INFEASIBLE,INFEASIBLE,INFEASIBLE,INFEASIBLE,INFEASIBLE,INFEASIBLE,INFEASIBLE,INFEASIBLE,no_trials_in_band
freeze,full,factor_cov_lrt,INFEASIBLE,1.0,budget_only,count,INFEASIBLE,INFEASIBLE,INFEASIBLE,INFEASIBLE,INFEASIBLE,INFEASIBLE,INFEASIBLE,INFEASIBLE,INFEASIBLE,INFEASIBLE,INFEASIBLE,INFEASIBLE,INFEASIBLE,INFEASIBLE,INFEASIBLE,INFEASIBLE,INFEASIBLE,INFEASIBLE,INFEASIBLE,INFEASIBLE,INFEASIBLE,INFEASIBLE,INFEASIBLE,,INFEASIBLE,INFEASIBLE,INFEASIBLE,INFEASIBLE,INFEASIBLE,INFEASIBLE,INFEASIBLE,INFEASIBLE,INFEASIBLE,INFEASIBLE,INFEASIBLE,INFEASIBLE,INFEASIBLE,INFEASIBLE,INFEASIBLE,INFEASIBLE,INFEASIBLE,INFEASIBLE,INFEASIBLE,INFEASIBLE,INFEASIBLE,INFEASIBLE,INFEASIBLE,INFEASIBLE,INFEASIBLE,no_trials_in_band
freeze,full,factor_cov_lrt_delta,1.0,0.25,budget_only,count,0.1,0.15,0.1,80,4,4,4,0.05,0.05,0.05,1.2413793103448276,0.10344827586206896,6.0,0.5,1.0,-0.5,0.5,0.25,0.5,0.25,0.0,0.0,0.0,1.0,5.5,0.0,5.5,6.0,0.0,0.7000000000000002,5.5,6.0,5.5,6.0,3.0,0.0,1.2413793103448276,1.2413793103448276,0.10344827586206896,0.10806137345336028,-0.036853809975162966,1.2413793103448276,0.10344827586206896,0.20833333333333331,0.0,-0.20833333333333331,0.20833333333333331,0.0,OK,
freeze,full,factor_cov_lrt_delta,1.0,0.5,budget_only,count,0.1,0.15,0.1,80,4,4,4,0.05,0.05,0.05,1.2413793103448276,0.10344827586206896,6.0,0.25,1.0,-0.75,0.25,0.25,0.25,0.25,0.0,0.0,0.0,1.0,6.0,0.0,6.0,6.0,0.0,0.7000000000000002,6.0,6.0,6.0,6.0,1.0,0.0,1.3448275862068966,1.293103448275862,0.11206896551724138,0.10806137345336028,-0.19942308443477075,1.2413793103448276,0.10344827586206896,0.29166666666666663,0.08333333333333333,-0.29166666666666663,0.29166666666666663,0.08333333333333333,OK,
freeze,full,factor_cov_lrt_delta,1.0,0.75,budget_only,count,0.1,0.15,0.1,80,4,4,4,0.05,0.05,0.05,1.2413793103448276,0.10344827586206896,6.0,0.0,1.0,-1.0,0.0,0.0,0.0,0.0,0.0,0.0,0.0,1.0,6.0,0.0,6.0,6.0,0.0,0.7000000000000002,6.0,6.0,6.0,6.0,NA,0.0,1.4482758620689655,1.293103448275862,0.1206896551724138,0.10806137345336028,-0.261067199681561,1.2413793103448276,0.10344827586206896,0.3333333333333333,0.08333333333333333,-0.3333333333333333,0.3333333333333333,0.08333333333333333,OK,
freeze,full,factor_cov_lrt_delta,1.0,1.0,budget_only,count,0.1,0.15,0.1,80,4,4,4,0.05,0.05,0.05,1.2413793103448276,0.10344827586206896,6.0,0.0,1.0,-1.0,0.0,0.0,0.0,0.0,0.0,0.0,0.0,1.0,6.0,0.0,6.0,6.0,0.0,0.7000000000000002,6.0,6.0,6.0,6.0,NA,0.0,1.396551724137931,1.3448275862068966,0.11637931034482758,0.10806137345336028,-0.29125863076400604,1.2413793103448276,0.10344827586206896,0.3333333333333333,0.16666666666666666,-0.3333333333333333,0.3333333333333333,0.16666666666666666,OK,
freeze,full,fused_fisher,INFEASIBLE,0.25,budget_only,count,INFEASIBLE,INFEASIBLE,INFEASIBLE,INFEASIBLE,INFEASIBLE,INFEASIBLE,INFEASIBLE,INFEASIBLE,INFEASIBLE,INFEASIBLE,INFEASIBLE,INFEASIBLE,INFEASIBLE,INFEASIBLE,INFEASIBLE,INFEASIBLE,INFEASIBLE,INFEASIBLE,INFEASIBLE,INFEASIBLE,INFEASIBLE,INFEASIBLE,INFEASIBLE,,INFEASIBLE,INFEASIBLE,INFEASIBLE,INFEASIBLE,INFEASIBLE,INFEASIBLE,INFEASIBLE,INFEASIBLE,INFEASIBLE,INFEASIBLE,INFEASIBLE,INFEASIBLE,INFEASIBLE,INFEASIBLE,INFEASIBLE,INFEASIBLE,INFEASIBLE,INFEASIBLE,INFEASIBLE,INFEASIBLE,INFEASIBLE,INFEASIBLE,INFEASIBLE,INFEASIBLE,INFEASIBLE,no_trials_in_band
freeze,full,fused_fisher,INFEASIBLE,0.5,budget_only,count,INFEASIBLE,INFEASIBLE,INFEASIBLE,INFEASIBLE,INFEASIBLE,INFEASIBLE,INFEASIBLE,INFEASIBLE,INFEASIBLE,INFEASIBLE,INFEASIBLE,INFEASIBLE,INFEASIBLE,INFEASIBLE,INFEASIBLE,INFEASIBLE,INFEASIBLE,INFEASIBLE,INFEASIBLE,INFEASIBLE,INFEASIBLE,INFEASIBLE,INFEASIBLE,,INFEASIBLE,INFEASIBLE,INFEASIBLE,INFEASIBLE,INFEASIBLE,INFEASIBLE,INFEASIBLE,INFEASIBLE,INFEASIBLE,INFEASIBLE,INFEASIBLE,INFEASIBLE,INFEASIBLE,INFEASIBLE,INFEASIBLE,INFEASIBLE,INFEASIBLE,INFEASIBLE,INFEASIBLE,INFEASIBLE,INFEASIBLE,INFEASIBLE,INFEASIBLE,INFEASIBLE,INFEASIBLE,no_trials_in_band
freeze,full,fused_fisher,INFEASIBLE,0.75,budget_only,count,INFEASIBLE,INFEASIBLE,INFEASIBLE,INFEASIBLE,INFEASIBLE,INFEASIBLE,INFEASIBLE,INFEASIBLE,INFEASIBLE,INFEASIBLE,INFEASIBLE,INFEASIBLE,INFEASIBLE,INFEASIBLE,INFEASIBLE,INFEASIBLE,INFEASIBLE,INFEASIBLE,INFEASIBLE,INFEASIBLE,INFEASIBLE,INFEASIBLE,INFEASIBLE,,INFEASIBLE,INFEASIBLE,INFEASIBLE,INFEASIBLE,INFEASIBLE,INFEASIBLE,INFEASIBLE,INFEASIBLE,INFEASIBLE,INFEASIBLE,INFEASIBLE,INFEASIBLE,INFEASIBLE,INFEASIBLE,INFEASIBLE,INFEASIBLE,INFEASIBLE,INFEASIBLE,INFEASIBLE,INFEASIBLE,INFEASIBLE,INFEASIBLE,INFEASIBLE,INFEASIBLE,INFEASIBLE,no_trials_in_band
freeze,full,fused_fisher,INFEASIBLE,1.0,budget_only,count,INFEASIBLE,INFEASIBLE,INFEASIBLE,INFEASIBLE,INFEASIBLE,INFEASIBLE,INFEASIBLE,INFEASIBLE,INFEASIBLE,INFEASIBLE,INFEASIBLE,INFEASIBLE,INFEASIBLE,INFEASIBLE,INFEASIBLE,INFEASIBLE,INFEASIBLE,INFEASIBLE,INFEASIBLE,INFEASIBLE,INFEASIBLE,INFEASIBLE,INFEASIBLE,,INFEASIBLE,INFEASIBLE,INFEASIBLE,INFEASIBLE,INFEASIBLE,INFEASIBLE,INFEASIBLE,INFEASIBLE,INFEASIBLE,INFEASIBLE,INFEASIBLE,INFEASIBLE,INFEASIBLE,INFEASIBLE,INFEASIBLE,INFEASIBLE,INFEASIBLE,INFEASIBLE,INFEASIBLE,INFEASIBLE,INFEASIBLE,INFEASIBLE,INFEASIBLE,INFEASIBLE,INFEASIBLE,no_trials_in_band
freeze,full,fused_fisher_lrt_delta,INFEASIBLE,0.25,budget_only,count,INFEASIBLE,INFEASIBLE,INFEASIBLE,INFEASIBLE,INFEASIBLE,INFEASIBLE,INFEASIBLE,INFEASIBLE,INFEASIBLE,INFEASIBLE,INFEASIBLE,INFEASIBLE,INFEASIBLE,INFEASIBLE,INFEASIBLE,INFEASIBLE,INFEASIBLE,INFEASIBLE,INFEASIBLE,INFEASIBLE,INFEASIBLE,INFEASIBLE,INFEASIBLE,,INFEASIBLE,INFEASIBLE,INFEASIBLE,INFEASIBLE,INFEASIBLE,INFEASIBLE,INFEASIBLE,INFEASIBLE,INFEASIBLE,INFEASIBLE,INFEASIBLE,INFEASIBLE,INFEASIBLE,INFEASIBLE,INFEASIBLE,INFEASIBLE,INFEASIBLE,INFEASIBLE,INFEASIBLE,INFEASIBLE,INFEASIBLE,INFEASIBLE,INFEASIBLE,INFEASIBLE,INFEASIBLE,no_trials_in_band
freeze,full,fused_fisher_lrt_delta,INFEASIBLE,0.5,budget_only,count,INFEASIBLE,INFEASIBLE,INFEASIBLE,INFEASIBLE,INFEASIBLE,INFEASIBLE,INFEASIBLE,INFEASIBLE,INFEASIBLE,INFEASIBLE,INFEASIBLE,INFEASIBLE,INFEASIBLE,INFEASIBLE,INFEASIBLE,INFEASIBLE,INFEASIBLE,INFEASIBLE,INFEASIBLE,INFEASIBLE,INFEASIBLE,INFEASIBLE,INFEASIBLE,,INFEASIBLE,INFEASIBLE,INFEASIBLE,INFEASIBLE,INFEASIBLE,INFEASIBLE,INFEASIBLE,INFEASIBLE,INFEASIBLE,INFEASIBLE,INFEASIBLE,INFEASIBLE,INFEASIBLE,INFEASIBLE,INFEASIBLE,INFEASIBLE,INFEASIBLE,INFEASIBLE,INFEASIBLE,INFEASIBLE,INFEASIBLE,INFEASIBLE,INFEASIBLE,INFEASIBLE,INFEASIBLE,no_trials_in_band
freeze,full,fused_fisher_lrt_delta,INFEASIBLE,0.75,budget_only,count,INFEASIBLE,INFEASIBLE,INFEASIBLE,INFEASIBLE,INFEASIBLE,INFEASIBLE,INFEASIBLE,INFEASIBLE,INFEASIBLE,INFEASIBLE,INFEASIBLE,INFEASIBLE,INFEASIBLE,INFEASIBLE,INFEASIBLE,INFEASIBLE,INFEASIBLE,INFEASIBLE,INFEASIBLE,INFEASIBLE,INFEASIBLE,INFEASIBLE,INFEASIBLE,,INFEASIBLE,INFEASIBLE,INFEASIBLE,INFEASIBLE,INFEASIBLE,INFEASIBLE,INFEASIBLE,INFEASIBLE,INFEASIBLE,INFEASIBLE,INFEASIBLE,INFEASIBLE,INFEASIBLE,INFEASIBLE,INFEASIBLE,INFEASIBLE,INFEASIBLE,INFEASIBLE,INFEASIBLE,INFEASIBLE,INFEASIBLE,INFEASIBLE,INFEASIBLE,INFEASIBLE,INFEASIBLE,no_trials_in_band
freeze,full,fused_fisher_lrt_delta,INFEASIBLE,1.0,budget_only,count,INFEASIBLE,INFEASIBLE,INFEASIBLE,INFEASIBLE,INFEASIBLE,INFEASIBLE,INFEASIBLE,INFEASIBLE,INFEASIBLE,INFEASIBLE,INFEASIBLE,INFEASIBLE,INFEASIBLE,INFEASIBLE,INFEASIBLE,INFEASIBLE,INFEASIBLE,INFEASIBLE,INFEASIBLE,INFEASIBLE,INFEASIBLE,INFEASIBLE,INFEASIBLE,,INFEASIBLE,INFEASIBLE,INFEASIBLE,INFEASIBLE,INFEASIBLE,INFEASIBLE,INFEASIBLE,INFEASIBLE,INFEASIBLE,INFEASIBLE,INFEASIBLE,INFEASIBLE,INFEASIBLE,INFEASIBLE,INFEASIBLE,INFEASIBLE,INFEASIBLE,INFEASIBLE,INFEASIBLE,INFEASIBLE,INFEASIBLE,INFEASIBLE,INFEASIBLE,INFEASIBLE,INFEASIBLE,no_trials_in_band
freeze,full,fused_sp,1.0,0.25,budget_only,count,0.1,0.15,0.1,80,56,5,56,0.7,0.0625,0.7,0.8275862068965517,0.18165024630541873,4.0,0.07142857142857142,0.07142857142857142,0.0,0.10714285714285714,0.10714285714285714,0.10714285714285714,0.10714285714285714,0.03571428571428571,0.08928571428571429,0.08928571428571429,1.0,6.0,6.0,6.0,6.0,6.0,6.0,6.0,6.0,6.0,6.0,1.0,1.0,2.179802955665025,0.8275862068965517,0.18165024630541873,0.0012672024061031577,-0.3766621920123539,0.8275862068965517,0.18165024630541873,0.0,0.0,0.0,0.0,0.0,OK,
freeze,full,fused_sp,1.0,0.5,budget_only,count,0.1,0.15,0.1,80,56,5,56,0.7,0.0625,0.7,0.8275862068965517,0.18165024630541873,4.0,0.07142857142857142,0.07142857142857142,0.0,0.10714285714285714,0.10714285714285714,0.10714285714285714,0.10714285714285714,0.03571428571428571,0.08928571428571429,0.08928571428571429,1.0,6.0,6.0,6.0,6.0,6.0,6.0,6.0,6.0,6.0,6.0,1.0,1.0,2.1761083743842367,0.8238916256157636,0.1813423645320197,0.0012672024061031577,-0.26619909856046714,0.8275862068965517,0.18165024630541873,0.002976190476190476,0.0,0.002976190476190476,0.002976190476190476,0.0,OK,
freeze,full,fused_sp,1.0,0.75,budget_only,count,0.1,0.15,0.1,80,56,5,56,0.7,0.0625,0.7,0.8275862068965517,0.18165024630541873,4.0,0.07142857142857142,0.07142857142857142,0.0,0.125,0.125,0.125,0.125,0.05357142857142857,0.08928571428571429,0.08928571428571429,1.0,6.0,6.0,6.0,6.0,6.0,6.0,6.0,6.0,6.0,6.0,1.0,1.0,2.1761083743842367,0.8238916256157636,0.1813423645320197,0.0012672024061031577,0.07879137929836659,0.8275862068965517,0.18165024630541873,0.005952380952380952,0.0,0.005952380952380952,0.005952380952380952,0.0,OK,
freeze,full,fused_sp,1.0,1.0,budget_only,count,0.1,0.15,0.1,80,56,5,56,0.7,0.0625,0.7,0.8275862068965517,0.18165024630541873,4.0,0.125,0.07142857142857142,0.053571428571428575,0.16071428571428573,0.14285714285714285,0.16071428571428573,0.14285714285714285,0.05357142857142857,0.08928571428571429,0.08928571428571429,1.0,6.0,6.0,6.0,6.0,6.0,6.0,6.0,6.0,6.0,6.0,0.0,1.0,2.1687192118226606,0.8054187192118227,0.1807266009852217,0.0012672024061031577,0.6388231534297726,0.8275862068965517,0.18165024630541873,0.044642857142857144,0.0303030303030303,0.044642857142857144,0.044642857142857144,-0.0303030303030303,OK,
freeze,full,fused_sp_lrt_delta,1.0,0.25,budget_only,count,0.1,0.15,0.1,80,56,5,56,0.7,0.0625,0.7,0.8275862068965517,0.18165024630541873,4.0,0.07142857142857142,0.07142857142857142,0.0,0.10714285714285714,0.03571428571428571,0.10714285714285714,0.03571428571428571,0.03571428571428571,0.017857142857142856,0.017857142857142856,1.0,6.0,6.0,6.0,6.0,6.0,6.0,6.0,6.0,6.0,6.0,2.0,1.0,2.179802955665025,0.8275862068965517,0.18165024630541873,0.0008437043243919567,-0.3218518049772718,0.8275862068965517,0.18165024630541873,0.011904761904761904,0.024242424242424242,-0.01190476190476191,0.01190476190476191,0.024242424242424242,OK,
freeze,full,fused_sp_lrt_delta,1.0,0.5,budget_only,count,0.1,0.15,0.1,80,56,5,56,0.7,0.0625,0.7,0.8275862068965517,0.18165024630541873,4.0,0.07142857142857142,0.07142857142857142,0.0,0.10714285714285714,0.03571428571428571,0.10714285714285714,0.03571428571428571,0.03571428571428571,0.017857142857142856,0.017857142857142856,1.0,6.0,6.0,6.0,6.0,6.0,6.0,6.0,6.0,6.0,6.0,2.0,1.0,2.1761083743842367,0.8238916256157636,0.1813423645320197,0.0008437043243919567,-0.17285234980774253,0.8275862068965517,0.18165024630541873,0.01488095238095238,0.024242424242424242,-0.008928571428571435,0.014880952380952385,0.024242424242424242,OK,
freeze,full,fused_sp_lrt_delta,1.0,0.75,budget_only,count,0.1,0.15,0.1,80,56,5,56,0.7,0.0625,0.7,0.8275862068965517,0.18165024630541873,4.0,0.07142857142857142,0.07142857142857142,0.0,0.10714285714285714,0.03571428571428571,0.10714285714285714,0.03571428571428571,0.03571428571428571,0.017857142857142856,0.017857142857142856,1.0,6.0,6.0,6.0,6.0,6.0,6.0,6.0,6.0,6.0,6.0,2.0,1.0,2.1761083743842367,0.8238916256157636,0.1813423645320197,0.0008437043243919567,0.1613776336415143,0.8275862068965517,0.18165024630541873,0.01488095238095238,0.024242424242424242,-0.008928571428571435,0.014880952380952385,0.024242424242424242,OK,
freeze,full,fused_sp_lrt_delta,1.0,1.0,budget_only,count,0.1,0.15,0.1,80,56,5,56,0.7,0.0625,0.7,0.8275862068965517,0.18165024630541873,4.0,0.125,0.07142857142857142,0.053571428571428575,0.16071428571428573,0.07142857142857142,0.16071428571428573,0.07142857142857142,0.05357142857142857,0.017857142857142856,0.017857142857142856,1.0,6.0,6.0,6.0,6.0,6.0,6.0,6.0,6.0,6.0,6.0,2.0,1.0,2.1687192118226606,0.8017241379310346,0.1807266009852217,0.0008437043243919567,0.7032518998120596,0.8275862068965517,0.18165024630541873,0.044642857142857144,0.0303030303030303,0.020833333333333325,0.044642857142857144,0.01818181818181818,OK,
freeze,full,max_abs,INFEASIBLE,0.25,budget_only,count,INFEASIBLE,INFEASIBLE,INFEASIBLE,INFEASIBLE,INFEASIBLE,INFEASIBLE,INFEASIBLE,INFEASIBLE,INFEASIBLE,INFEASIBLE,INFEASIBLE,INFEASIBLE,INFEASIBLE,INFEASIBLE,INFEASIBLE,INFEASIBLE,INFEASIBLE,INFEASIBLE,INFEASIBLE,INFEASIBLE,INFEASIBLE,INFEASIBLE,INFEASIBLE,,INFEASIBLE,INFEASIBLE,INFEASIBLE,INFEASIBLE,INFEASIBLE,INFEASIBLE,INFEASIBLE,INFEASIBLE,INFEASIBLE,INFEASIBLE,INFEASIBLE,INFEASIBLE,INFEASIBLE,INFEASIBLE,INFEASIBLE,INFEASIBLE,INFEASIBLE,INFEASIBLE,INFEASIBLE,INFEASIBLE,INFEASIBLE,INFEASIBLE,INFEASIBLE,INFEASIBLE,INFEASIBLE,no_trials_in_band
freeze,full,max_abs,INFEASIBLE,0.5,budget_only,count,INFEASIBLE,INFEASIBLE,INFEASIBLE,INFEASIBLE,INFEASIBLE,INFEASIBLE,INFEASIBLE,INFEASIBLE,INFEASIBLE,INFEASIBLE,INFEASIBLE,INFEASIBLE,INFEASIBLE,INFEASIBLE,INFEASIBLE,INFEASIBLE,INFEASIBLE,INFEASIBLE,INFEASIBLE,INFEASIBLE,INFEASIBLE,INFEASIBLE,INFEASIBLE,,INFEASIBLE,INFEASIBLE,INFEASIBLE,INFEASIBLE,INFEASIBLE,INFEASIBLE,INFEASIBLE,INFEASIBLE,INFEASIBLE,INFEASIBLE,INFEASIBLE,INFEASIBLE,INFEASIBLE,INFEASIBLE,INFEASIBLE,INFEASIBLE,INFEASIBLE,INFEASIBLE,INFEASIBLE,INFEASIBLE,INFEASIBLE,INFEASIBLE,INFEASIBLE,INFEASIBLE,INFEASIBLE,no_trials_in_band
freeze,full,max_abs,INFEASIBLE,0.75,budget_only,count,INFEASIBLE,INFEASIBLE,INFEASIBLE,INFEASIBLE,INFEASIBLE,INFEASIBLE,INFEASIBLE,INFEASIBLE,INFEASIBLE,INFEASIBLE,INFEASIBLE,INFEASIBLE,INFEASIBLE,INFEASIBLE,INFEASIBLE,INFEASIBLE,INFEASIBLE,INFEASIBLE,INFEASIBLE,INFEASIBLE,INFEASIBLE,INFEASIBLE,INFEASIBLE,,INFEASIBLE,INFEASIBLE,INFEASIBLE,INFEASIBLE,INFEASIBLE,INFEASIBLE,INFEASIBLE,INFEASIBLE,INFEASIBLE,INFEASIBLE,INFEASIBLE,INFEASIBLE,INFEASIBLE,INFEASIBLE,INFEASIBLE,INFEASIBLE,INFEASIBLE,INFEASIBLE,INFEASIBLE,INFEASIBLE,INFEASIBLE,INFEASIBLE,INFEASIBLE,INFEASIBLE,INFEASIBLE,no_trials_in_band
freeze,full,max_abs,INFEASIBLE,1.0,budget_only,count,INFEASIBLE,INFEASIBLE,INFEASIBLE,INFEASIBLE,INFEASIBLE,INFEASIBLE,INFEASIBLE,INFEASIBLE,INFEASIBLE,INFEASIBLE,INFEASIBLE,INFEASIBLE,INFEASIBLE,INFEASIBLE,INFEASIBLE,INFEASIBLE,INFEASIBLE,INFEASIBLE,INFEASIBLE,INFEASIBLE,INFEASIBLE,INFEASIBLE,INFEASIBLE,,INFEASIBLE,INFEASIBLE,INFEASIBLE,INFEASIBLE,INFEASIBLE,INFEASIBLE,INFEASIBLE,INFEASIBLE,INFEASIBLE,INFEASIBLE,INFEASIBLE,INFEASIBLE,INFEASIBLE,INFEASIBLE,INFEASIBLE,INFEASIBLE,INFEASIBLE,INFEASIBLE,INFEASIBLE,INFEASIBLE,INFEASIBLE,INFEASIBLE,INFEASIBLE,INFEASIBLE,INFEASIBLE,no_trials_in_band
freeze,full,pc_t2,INFEASIBLE,0.25,budget_only,count,INFEASIBLE,INFEASIBLE,INFEASIBLE,INFEASIBLE,INFEASIBLE,INFEASIBLE,INFEASIBLE,INFEASIBLE,INFEASIBLE,INFEASIBLE,INFEASIBLE,INFEASIBLE,INFEASIBLE,INFEASIBLE,INFEASIBLE,INFEASIBLE,INFEASIBLE,INFEASIBLE,INFEASIBLE,INFEASIBLE,INFEASIBLE,INFEASIBLE,INFEASIBLE,,INFEASIBLE,INFEASIBLE,INFEASIBLE,INFEASIBLE,INFEASIBLE,INFEASIBLE,INFEASIBLE,INFEASIBLE,INFEASIBLE,INFEASIBLE,INFEASIBLE,INFEASIBLE,INFEASIBLE,INFEASIBLE,INFEASIBLE,INFEASIBLE,INFEASIBLE,INFEASIBLE,INFEASIBLE,INFEASIBLE,INFEASIBLE,INFEASIBLE,INFEASIBLE,INFEASIBLE,INFEASIBLE,no_trials_in_band
freeze,full,pc_t2,INFEASIBLE,0.5,budget_only,count,INFEASIBLE,INFEASIBLE,INFEASIBLE,INFEASIBLE,INFEASIBLE,INFEASIBLE,INFEASIBLE,INFEASIBLE,INFEASIBLE,INFEASIBLE,INFEASIBLE,INFEASIBLE,INFEASIBLE,INFEASIBLE,INFEASIBLE,INFEASIBLE,INFEASIBLE,INFEASIBLE,INFEASIBLE,INFEASIBLE,INFEASIBLE,INFEASIBLE,INFEASIBLE,,INFEASIBLE,INFEASIBLE,INFEASIBLE,INFEASIBLE,INFEASIBLE,INFEASIBLE,INFEASIBLE,INFEASIBLE,INFEASIBLE,INFEASIBLE,INFEASIBLE,INFEASIBLE,INFEASIBLE,INFEASIBLE,INFEASIBLE,INFEASIBLE,INFEASIBLE,INFEASIBLE,INFEASIBLE,INFEASIBLE,INFEASIBLE,INFEASIBLE,INFEASIBLE,INFEASIBLE,INFEASIBLE,no_trials_in_band
freeze,full,pc_t2,INFEASIBLE,0.75,budget_only,count,INFEASIBLE,INFEASIBLE,INFEASIBLE,INFEASIBLE,INFEASIBLE,INFEASIBLE,INFEASIBLE,INFEASIBLE,INFEASIBLE,INFEASIBLE,INFEASIBLE,INFEASIBLE,INFEASIBLE,INFEASIBLE,INFEASIBLE,INFEASIBLE,INFEASIBLE,INFEASIBLE,INFEASIBLE,INFEASIBLE,INFEASIBLE,INFEASIBLE,INFEASIBLE,,INFEASIBLE,INFEASIBLE,INFEASIBLE,INFEASIBLE,INFEASIBLE,INFEASIBLE,INFEASIBLE,INFEASIBLE,INFEASIBLE,INFEASIBLE,INFEASIBLE,INFEASIBLE,INFEASIBLE,INFEASIBLE,INFEASIBLE,INFEASIBLE,INFEASIBLE,INFEASIBLE,INFEASIBLE,INFEASIBLE,INFEASIBLE,INFEASIBLE,INFEASIBLE,INFEASIBLE,INFEASIBLE,no_trials_in_band
freeze,full,pc_t2,INFEASIBLE,1.0,budget_only,count,INFEASIBLE,INFEASIBLE,INFEASIBLE,INFEASIBLE,INFEASIBLE,INFEASIBLE,INFEASIBLE,INFEASIBLE,INFEASIBLE,INFEASIBLE,INFEASIBLE,INFEASIBLE,INFEASIBLE,INFEASIBLE,INFEASIBLE,INFEASIBLE,INFEASIBLE,INFEASIBLE,INFEASIBLE,INFEASIBLE,INFEASIBLE,INFEASIBLE,INFEASIBLE,,INFEASIBLE,INFEASIBLE,INFEASIBLE,INFEASIBLE,INFEASIBLE,INFEASIBLE,INFEASIBLE,INFEASIBLE,INFEASIBLE,INFEASIBLE,INFEASIBLE,INFEASIBLE,INFEASIBLE,INFEASIBLE,INFEASIBLE,INFEASIBLE,INFEASIBLE,INFEASIBLE,INFEASIBLE,INFEASIBLE,INFEASIBLE,INFEASIBLE,INFEASIBLE,INFEASIBLE,INFEASIBLE,no_trials_in_band
freeze,full,res_energy,1.0,0.25,budget_only,count,0.1,0.15,0.1,80,55,4,55,0.6875,0.05,0.6875,0.8275862068965522,0.21724137931034473,4.0,0.0,0.0,0.0,0.10909090909090909,0.10909090909090909,0.10909090909090909,0.10909090909090909,0.10909090909090909,0.07272727272727272,0.07272727272727272,1.0,6.0,6.0,6.0,6.0,6.0,6.0,6.0,6.0,6.0,6.0,NA,NA,2.606896551724137,0.8163009404388719,0.21724137931034473,0.0028703532180436053,-0.3077473607420337,0.8275862068965522,0.21724137931034473,0.0,0.0,0.0,0.0,0.0,OK,
freeze,full,res_energy,1.0,0.5,budget_only,count,0.1,0.15,0.1,80,55,4,55,0.6875,0.05,0.6875,0.8275862068965522,0.21724137931034473,4.0,0.0,0.0,0.0,0.10909090909090909,0.10909090909090909,0.10909090909090909,0.10909090909090909,0.10909090909090909,0.07272727272727272,0.07272727272727272,1.0,6.0,6.0,6.0,6.0,6.0,6.0,6.0,6.0,6.0,6.0,NA,NA,2.603134796238243,0.8238244514106589,0.2169278996865203,0.0028703532180436053,-0.1677197239706144,0.8275862068965522,0.21724137931034473,0.0030303030303030303,0.0,0.0030303030303030307,0.0030303030303030307,0.0,OK,
freeze,full,res_energy,1.0,0.75,budget_only,count,0.1,0.15,0.1,80,55,4,55,0.6875,0.05,0.6875,0.8275862068965522,0.21724137931034473,4.0,0.0,0.0,0.0,0.10909090909090909,0.10909090909090909,0.10909090909090909,0.10909090909090909,0.10909090909090909,0.07272727272727272,0.07272727272727272,1.0,6.0,6.0,6.0,6.0,6.0,6.0,6.0,6.0,6.0,6.0,NA,NA,2.603134796238243,0.8238244514106589,0.2169278996865203,0.0028703532180436053,0.1554558431489139,0.8275862068965522,0.21724137931034473,0.006060606060606061,0.0,0.0060606060606060615,0.0060606060606060615,0.0,OK,
freeze,full,res_energy,1.0,1.0,budget_only,count,0.1,0.15,0.1,80,55,4,55,0.6875,0.05,0.6875,0.8275862068965522,0.21724137931034473,4.0,0.03636363636363636,0.0,0.03636363636363636,0.18181818181818182,0.16363636363636364,0.18181818181818182,0.16363636363636364,0.14545454545454545,0.07272727272727272,0.07272727272727272,1.0,6.0,6.0,6.0,6.0,6.0,6.0,6.0,6.0,6.0,6.0,1.5,NA,2.59937304075235,0.8200626959247653,0.21661442006269585,0.0028703532180436053,0.6964707495012544,0.8275862068965522,0.21724137931034473,0.03939393939393939,0.0,0.03939393939393939,0.03939393939393939,0.0,OK,
freeze,full,stale,1.0,0.25,budget_only,count,0.1,0.15,0.1,80,52,4,52,0.65,0.05,0.65,0.827586206896552,0.22778514588859414,4.0,0.5192307692307693,0.15384615384615385,0.3653846153846154,0.5576923076923077,0.28846153846153844,0.5576923076923077,0.28846153846153844,0.038461538461538464,0.07692307692307693,0.07692307692307693,1.0,5.0,6.0,5.0,6.0,6.0,6.0,5.0,6.0,5.0,6.0,2.0,2.0,2.7374005305039786,0.8315649867374008,0.22811671087533159,0.360635523448262,0.41346153846153844,0.827586206896552,0.22778514588859414,0.07051282051282051,0.07051282051282051,0.07051282051282051,0.07051282051282051,0.006410256410256414,OK,
freeze,full,stale,1.0,0.5,budget_only,count,0.1,0.15,0.1,80,52,4,52,0.65,0.05,0.65,0.827586206896552,0.22778514588859414,4.0,0.9423076923076923,0.15384615384615385,0.7884615384615384,0.9807692307692307,0.46153846153846156,0.9807692307692307,0.46153846153846156,0.038461538461538464,0.07692307692307693,0.07692307692307693,1.0,2.0,6.0,2.0,5.0,6.0,6.0,2.0,5.0,2.0,5.0,2.0,2.0,2.7214854111405837,0.8037135278514591,0.226790450928382,0.360635523448262,1.625,0.827586206896552,0.22778514588859414,0.4038461538461539,0.1794871794871795,0.4038461538461539,0.4038461538461539,-0.01282051282051282,OK,
freeze,full,stale,1.0,0.75,budget_only,count,0.1,0.15,0.1,80,52,4,52,0.65,0.05,0.65,0.827586206896552,0.22778514588859414,4.0,0.9615384615384616,0.15384615384615385,0.8076923076923077,1.0,0.5192307692307693,1.0,0.5192307692307693,0.038461538461538464,0.07692307692307693,0.07692307692307693,1.0,2.0,6.0,2.0,4.0,6.0,6.0,1.0,4.0,2.0,4.0,1.5,2.0,2.777188328912467,0.8275862068965518,0.2314323607427055,0.360635523448262,2.6346153846153846,0.827586206896552,0.22778514588859414,0.516025641025641,0.26282051282051283,0.516025641025641,0.516025641025641,0.0705128205128205,OK,
freeze,full,stale,1.0,1.0,budget_only,count,0.1,0.15,0.1,80,52,4,52,0.65,0.05,0.65,0.827586206896552,0.22778514588859414,4.0,0.9615384615384616,0.15384615384615385,0.8076923076923077,1.0,0.5769230769230769,1.0,0.5769230769230769,0.038461538461538464,0.07692307692307693,0.07692307692307693,1.0,1.0,6.0,1.0,3.0,6.0,6.0,1.0,3.0,1.0,3.0,1.0,2.0,2.789124668435013,0.8633952254641911,0.23242705570291777,0.360635523448262,3.326923076923077,0.827586206896552,0.22778514588859414,0.6217948717948718,0.3141025641025641,0.6217948717948718,0.6217948717948718,0.12179487179487178,OK,
freeze,score_only,T2,1.0,0.25,budget_only,count,0.1,0.15,0.1,80,52,0,52,0.65,0.0,0.65,0.827586206896552,0.23872679045092837,4.0,0.019230769230769232,0.019230769230769232,0.0,0.07692307692307693,0.057692307692307696,0.07692307692307693,0.057692307692307696,0.057692307692307696,0.0,0.0,1.0,6.0,6.0,6.0,6.0,6.0,6.0,6.0,6.0,6.0,6.0,2.0,2.0,2.864721485411141,0.827586206896552,0.23872679045092837,0.004218040779909174,-0.231222522642319,0.827586206896552,0.23872679045092837,0.0,0.0,0.0,0.0,0.0,OK,
freeze,score_only,T2,1.0,0.5,budget_only,count,0.1,0.15,0.1,80,52,0,52,0.65,0.0,0.65,0.827586206896552,0.23872679045092837,4.0,0.019230769230769232,0.019230769230769232,0.0,0.07692307692307693,0.057692307692307696,0.07692307692307693,0.057692307692307696,0.057692307692307696,0.0,0.0,1.0,6.0,6.0,6.0,6.0,6.0,6.0,6.0,6.0,6.0,6.0,2.0,2.0,2.864721485411141,0.827586206896552,0.23872679045092837,0.004218040779909174,-0.25359748669706733,0.827586206896552,0.23872679045092837,0.0,0.0,0.0,0.0,0.0,OK,
freeze,score_only,T2,1.0,0.75,budget_only,count,0.1,0.15,0.1,80,52,0,52,0.65,0.0,0.65,0.827586206896552,0.23872679045092837,4.0,0.019230769230769232,0.019230769230769232,0.0,0.07692307692307693,0.057692307692307696,0.07692307692307693,0.057692307692307696,0.057692307692307696,0.0,0.0,1.0,6.0,6.0,6.0,6.0,6.0,6.0,6.0,6.0,6.0,6.0,2.0,2.0,2.864721485411141,0.827586206896552,0.23872679045092837,0.004218040779909174,-0.1457987162108865,0.827586206896552,0.23872679045092837,0.0,0.0065359477124183,0.0,0.0,-0.0065359477124183,OK,
freeze,score_only,T2,1.0,1.0,budget_only,count,0.1,0.15,0.1,80,52,0,52,0.65,0.0,0.65,0.827586206896552,0.23872679045092837,4.0,0.019230769230769232,0.019230769230769232,0.0,0.09615384615384616,0.07692307692307693,0.09615384615384616,0.07692307692307693,0.07692307692307693,0.0,0.0,1.0,6.0,6.0,6.0,6.0,6.0,6.0,6.0,6.0,6.0,6.0,2.0,2.0,2.864721485411141,0.827586206896552,0.23872679045092837,0.004218040779909174,0.09556471561767453,0.827586206896552,0.23872679045092837,0.009615384615384616,0.0065359477124183,0.009615384615384616,0.009615384615384616,-0.0065359477124183,OK,
freeze,score_only,coh_resid_energy,1.0,0.25,budget_only,count,0.1,0.15,0.1,80,80,14,80,1.0,0.175,1.0,0.946551724137931,0.1872844827586207,4.575,0.3875,0.4375,-0.04999999999999999,0.45,0.25,0.45,0.25,0.075,0.175,0.175,1.0,6.0,6.0,6.0,6.0,6.0,6.0,6.0,6.0,6.0,6.0,2.0,2.0,2.2060344827586205,0.9336206896551722,0.18383620689655172,0.005485741119929514,0.22494902380467421,0.946551724137931,0.1872844827586207,0.03125,0.0,0.002083333333333334,0.01875,0.0,OK,
freeze,score_only,coh_resid_energy,1.0,0.5,budget_only,count,0.1,0.15,0.1,80,80,14,80,1.0,0.175,1.0,0.946551724137931,0.1872844827586207,4.575,0.475,0.4375,0.03749999999999998,0.5375,0.3,0.5375,0.3,0.0875,0.175,0.175,1.0,6.0,6.0,6.0,6.0,6.0,6.0,4.0,6.0,6.0,6.0,2.0,2.0,2.094827586206897,0.8327586206896551,0.17456896551724138,0.005485741119929514,0.5856930361629965,0.946551724137931,0.1872844827586207,0.07916666666666665,0.02109704641350211,0.03333333333333334,0.03333333333333334,-0.02109704641350211,OK,
freeze,score_only,coh_resid_energy,1.0,0.75,budget_only,count,0.1,0.15,0.1,80,80,14,80,1.0,0.175,1.0,0.946551724137931,0.1872844827586207,4.575,0.55,0.4375,0.11250000000000004,0.6375,0.3625,0.6375,0.3625,0.1125,0.175,0.175,1.0,4.5,6.0,4.5,6.0,6.0,6.0,3.0,6.0,4.5,6.0,2.0,2.0,2.035344827586207,0.7655172413793104,0.16961206896551723,0.005485741119929514,1.289978536846768,0.946551724137931,0.1872844827586207,0.13125,0.04641350210970464,0.08541666666666667,0.08541666666666667,-0.04641350210970464,OK,
freeze,score_only,coh_resid_energy,1.0,1.0,budget_only,count,0.1,0.15,0.1,80,80,14,80,1.0,0.175,1.0,0.946551724137931,0.1872844827586207,4.575,0.625,0.4375,0.1875,0.725,0.3875,0.725,0.3875,0.1125,0.175,0.175,1.0,3.0,6.0,3.0,6.0,6.0,6.0,3.0,6.0,3.0,6.0,2.0,2.0,2.0224137931034485,0.7525862068965518,0.16853448275862068,0.005485741119929514,2.3398188291667363,0.946551724137931,0.1872844827586207,0.19166666666666665,0.04641350210970464,0.14583333333333331,0.14583333333333331,-0.04641350210970464,OK,
freeze,score_only,coh_resid_t2,1.0,0.25,budget_only,count,0.1,0.15,0.1,80,80,7,80,1.0,0.0875,1.0,0.9543103448275861,0.22133620689655173,4.6125,0.35,0.3875,-0.03750000000000003,0.4375,0.275,0.4375,0.275,0.1625,0.0875,0.0875,1.0,6.0,6.0,6.0,6.0,6.0,6.0,6.0,6.0,6.0,6.0,3.0,2.0,2.5681034482758625,0.9051724137931034,0.21400862068965515,0.0090853358852878,1.4602951857715145,0.9543103448275861,0.22133620689655173,0.06874999999999999,0.012658227848101266,0.027083333333333338,0.06874999999999999,-0.012658227848101266,OK,
freeze,score_only,coh_resid_t2,1.0,0.5,budget_only,count,0.1,0.15,0.1,80,80,7,80,1.0,0.0875,1.0,0.9543103448275861,0.22133620689655173,4.6125,0.6875,0.3875,0.3,0.825,0.425,0.825,0.425,0.1875,0.0875,0.0875,1.0,4.0,6.0,4.0,6.0,6.0,6.0,2.0,6.0,4.0,6.0,2.0,2.0,2.4801724137931034,0.8482758620689654,0.20668103448275862,0.0090853358852878,5.684458185259572,0.9543103448275861,0.22133620689655173,0.17083333333333334,0.05485232067510548,0.1625,0.1625,-0.05485232067510548,OK,
freeze,score_only,coh_resid_t2,1.0,0.75,budget_only,count,0.1,0.15,0.1,80,80,7,80,1.0,0.0875,1.0,0.9543103448275861,0.22133620689655173,4.6125,0.8625,0.3875,0.47500000000000003,1.0,0.6125,1.0,0.6125,0.1875,0.0875,0.0875,1.0,2.0,6.0,2.0,6.0,6.0,6.0,1.0,4.0,2.0,6.0,2.0,2.0,2.4465517241379313,0.8172413793103448,0.2038793103448276,0.0090853358852878,12.863358447481328,0.9543103448275861,0.22133620689655173,0.27291666666666664,0.0590717299578059,0.2645833333333333,0.2645833333333333,-0.0590717299578059,OK,
freeze,score_only,coh_resid_t2,1.0,1.0,budget_only,count,0.1,0.15,0.1,80,80,7,80,1.0,0.0875,1.0,0.9543103448275861,0.22133620689655173,4.6125,0.8625,0.3875,0.47500000000000003,1.0,0.8,1.0,0.8,0.1875,0.0875,0.0875,1.0,1.0,6.0,1.0,6.0,6.0,6.0,0.0,2.0,1.0,6.0,0.0,2.0,2.418103448275862,0.796551724137931,0.20150862068965517,0.0090853358852878,22.924072836354767,0.9543103448275861,0.22133620689655173,0.4083333333333333,0.0590717299578059,0.3791666666666667,0.3791666666666667,-0.0590717299578059,OK,
freeze,score_only,cusum_coh_resid_t2,1.0,0.25,budget_only,count,0.1,0.15,0.1,80,38,0,38,0.475,0.0,0.475,1.0508166969147006,0.2254990925589837,5.078947368421052,0.47368421052631576,0.47368421052631576,0.0,0.5789473684210527,0.3684210526315789,0.5789473684210527,0.3684210526315789,0.13157894736842105,0.0,0.0,1.0,6.0,6.0,6.0,6.0,6.0,6.0,2.0,6.0,6.0,6.0,1.5,2.0,2.7114337568058073,1.061705989110708,0.22595281306715065,NA,0.44718228895821366,1.0508166969147006,0.2254990925589837,0.14473684210526316,0.02702702702702703,0.05701754385964912,0.10087719298245613,0.009009009009009009,OK,
freeze,score_only,cusum_coh_resid_t2,1.0,0.5,budget_only,count,0.1,0.15,0.1,80,38,0,38,0.475,0.0,0.475,1.0508166969147006,0.2254990925589837,5.078947368421052,0.9210526315789473,0.47368421052631576,0.4473684210526316,1.0,0.5263157894736842,1.0,0.5263157894736842,0.13157894736842105,0.0,0.0,1.0,2.0,6.0,2.0,5.0,6.0,6.0,1.0,4.0,2.0,5.0,2.0,2.0,2.667876588021778,1.0508166969147006,0.2223230490018149,NA,2.589977022233507,1.0508166969147006,0.2254990925589837,0.4605263157894737,0.10810810810810811,0.3640350877192982,0.425438596491228,-0.07207207207207209,OK,
freeze,score_only,cusum_coh_resid_t2,1.0,0.75,budget_only,count,0.1,0.15,0.1,80,38,0,38,0.475,0.0,0.475,1.0508166969147006,0.2254990925589837,5.078947368421052,0.9210526315789473,0.47368421052631576,0.4473684210526316,1.0,0.7631578947368421,1.0,0.7631578947368421,0.13157894736842105,0.0,0.0,1.0,1.0,6.0,1.0,4.300000000000004,6.0,6.0,0.0,2.0,1.0,4.300000000000004,1.0,2.0,2.667876588021778,1.0508166969147006,0.2223230490018149,NA,6.253162161682327,1.0508166969147006,0.2254990925589837,0.605263157894737,0.13513513513513514,0.5877192982456141,0.5877192982456141,-0.09909909909909911,OK,
freeze,score_only,cusum_coh_resid_t2,1.0,1.0,budget_only,count,0.1,0.15,0.1,80,38,0,38,0.475,0.0,0.475,1.0508166969147006,0.2254990925589837,5.078947368421052,0.9210526315789473,0.47368421052631576,0.4473684210526316,1.0,0.8157894736842105,1.0,0.8157894736842105,0.13157894736842105,0.0,0.0,1.0,1.0,6.0,1.0,4.300000000000004,6.0,6.0,0.0,2.0,1.0,4.300000000000004,0.0,2.0,2.667876588021778,1.0508166969147006,0.2223230490018149,NA,11.423506050935046,1.0508166969147006,0.2254990925589837,0.6535087719298245,0.13513513513513514,0.6447368421052632,0.6447368421052632,-0.09909909909909911,OK,
freeze,score_only,cusum_factor_cov_lrt,1.0,0.25,budget_only,count,0.1,0.15,0.1,80,77,0,77,0.9625,0.0,0.9625,1.1500223914017016,0.4171518137035378,5.558441558441558,0.5324675324675324,0.5194805194805194,0.012987012987012991,0.9090909090909091,0.6103896103896104,0.9090909090909091,0.6103896103896104,0.4155844155844156,0.0,0.0,1.0,5.0,5.0,5.0,6.0,5.0,6.0,0.0,5.0,5.0,6.0,2.0,2.0,5.083743842364532,1.1580832960143304,0.4236453201970443,NA,0.12653929354063048,1.1500223914017016,0.4171518137035378,0.08441558441558443,0.13157894736842105,-0.07575757575757576,0.07575757575757576,0.07894736842105261,OK,
freeze,score_only,cusum_factor_cov_lrt,1.0,0.5,budget_only,count,0.1,0.15,0.1,80,77,0,77,0.9625,0.0,0.9625,1.1500223914017016,0.4171518137035378,5.558441558441558,0.5064935064935064,0.5194805194805194,-0.012987012987012991,0.8441558441558441,0.5974025974025974,0.8441558441558441,0.5974025974025974,0.4155844155844156,0.0,0.0,1.0,5.0,5.0,5.0,6.0,5.0,6.0,1.0,6.0,5.0,6.0,3.0,2.0,5.150918047469771,1.1715181370353782,0.429243170622481,NA,0.06192495348365584,1.1500223914017016,0.4171518137035378,0.14935064935064934,0.2763157894736842,-0.10606060606060605,0.1406926406926407,0.14473684210526316,OK,
freeze,score_only,cusum_factor_cov_lrt,1.0,0.75,budget_only,count,0.1,0.15,0.1,80,77,0,77,0.9625,0.0,0.9625,1.1500223914017016,0.4171518137035378,5.558441558441558,0.6233766233766234,0.5194805194805194,0.10389610389610393,1.0,0.7012987012987013,1.0,0.7012987012987013,0.45454545454545453,0.0,0.0,1.0,2.0,5.0,2.0,6.0,5.0,6.0,0.0,2.0,2.0,6.0,2.0,2.0,5.148231079265562,1.1957008508732645,0.42901925660546353,NA,0.20377071222811124,1.1500223914017016,0.4171518137035378,0.25541125541125537,0.36403508771929827,0.18614718614718614,0.2510822510822511,0.14473684210526316,OK,
freeze,score_only,cusum_factor_cov_lrt,1.0,1.0,budget_only,count,0.1,0.15,0.1,80,77,0,77,0.9625,0.0,0.9625,1.1500223914017016,0.4171518137035378,5.558441558441558,0.5974025974025974,0.5194805194805194,0.07792207792207795,1.0,0.8831168831168831,1.0,0.8831168831168831,0.4805194805194805,0.0,0.0,1.0,2.0,5.0,2.0,6.0,5.0,6.0,0.0,2.0,2.0,6.0,1.0,2.0,5.1697268248992385,1.1742051052395879,0.4308105687416033,NA,3.099486449450276,1.1500223914017016,0.4171518137035378,0.30519480519480513,0.4342105263157894,0.30086580086580084,0.30086580086580084,-0.004385964912280705,OK,
freeze,score_only,ewma_coh_resid_t2,1.0,0.25,budget_only,count,0.1,0.15,0.1,80,80,0,80,1.0,0.0,1.0,0.9543103448275861,0.2538793103448276,4.6125,0.45,0.4125,0.03750000000000003,0.525,0.2875,0.525,0.2875,0.125,0.0,0.0,1.0,6.0,6.0,6.0,6.0,6.0,6.0,5.0,6.0,6.0,6.0,2.5,2.0,2.966379310344828,0.8793103448275861,0.247198275862069,0.0074045382994429605,0.7823680762510171,0.9543103448275861,0.2538793103448276,0.06666666666666665,0.012658227848101266,0.058333333333333334,0.06666666666666668,0.012658227848101266,OK,
freeze,score_only,ewma_coh_resid_t2,1.0,0.5,budget_only,count,0.1,0.15,0.1,80,80,0,80,1.0,0.0,1.0,0.9543103448275861,0.2538793103448276,4.6125,0.75,0.4125,0.3375,0.825,0.35,0.825,0.35,0.1375,0.0,0.0,1.0,4.0,6.0,4.0,6.0,6.0,6.0,3.0,6.0,4.0,6.0,3.0,2.0,2.893965517241379,0.8327586206896551,0.24116379310344832,0.0074045382994429605,1.8457767933147387,0.9543103448275861,0.2538793103448276,0.22916666666666666,0.0590717299578059,0.22916666666666669,0.22916666666666669,0.050632911392405056,OK,
freeze,score_only,ewma_coh_resid_t2,1.0,0.75,budget_only,count,0.1,0.15,0.1,80,80,0,80,1.0,0.0,1.0,0.9543103448275861,0.2538793103448276,4.6125,0.9,0.4125,0.48750000000000004,0.975,0.4625,0.975,0.4625,0.1375,0.0,0.0,1.0,2.0,6.0,2.0,5.1000000000000085,6.0,6.0,2.0,3.0,2.0,5.1000000000000085,2.0,2.0,2.8422413793103445,0.8017241379310345,0.2368534482758621,0.0074045382994429605,3.1137298652339984,0.9543103448275861,0.2538793103448276,0.38125,0.0759493670886076,0.38125,0.38125,0.050632911392405056,OK,
freeze,score_only,ewma_coh_resid_t2,1.0,1.0,budget_only,count,0.1,0.15,0.1,80,80,0,80,1.0,0.0,1.0,0.9543103448275861,0.2538793103448276,4.6125,0.9125,0.4125,0.5,1.0,0.675,1.0,0.675,0.1375,0.0,0.0,1.0,1.0,6.0,1.0,5.0,6.0,6.0,1.0,2.1000000000000085,1.0,5.0,1.0,2.0,2.811206896551724,0.7706896551724137,0.23426724137931038,0.0074045382994429605,4.696122179820209,0.9543103448275861,0.2538793103448276,0.4854166666666666,0.06329113924050633,0.4854166666666666,0.4854166666666666,0.02953586497890295,OK,
freeze,score_only,ewma_factor_cov_lrt,INFEASIBLE,0.25,budget_only,count,INFEASIBLE,INFEASIBLE,INFEASIBLE,INFEASIBLE,INFEASIBLE,INFEASIBLE,INFEASIBLE,INFEASIBLE,INFEASIBLE,INFEASIBLE,INFEASIBLE,INFEASIBLE,INFEASIBLE,INFEASIBLE,INFEASIBLE,INFEASIBLE,INFEASIBLE,INFEASIBLE,INFEASIBLE,INFEASIBLE,INFEASIBLE,INFEASIBLE,INFEASIBLE,,INFEASIBLE,INFEASIBLE,INFEASIBLE,INFEASIBLE,INFEASIBLE,INFEASIBLE,INFEASIBLE,INFEASIBLE,INFEASIBLE,INFEASIBLE,INFEASIBLE,INFEASIBLE,INFEASIBLE,INFEASIBLE,INFEASIBLE,INFEASIBLE,INFEASIBLE,INFEASIBLE,INFEASIBLE,INFEASIBLE,INFEASIBLE,INFEASIBLE,INFEASIBLE,INFEASIBLE,INFEASIBLE,no_trials_in_band
freeze,score_only,ewma_factor_cov_lrt,INFEASIBLE,0.5,budget_only,count,INFEASIBLE,INFEASIBLE,INFEASIBLE,INFEASIBLE,INFEASIBLE,INFEASIBLE,INFEASIBLE,INFEASIBLE,INFEASIBLE,INFEASIBLE,INFEASIBLE,INFEASIBLE,INFEASIBLE,INFEASIBLE,INFEASIBLE,INFEASIBLE,INFEASIBLE,INFEASIBLE,INFEASIBLE,INFEASIBLE,INFEASIBLE,INFEASIBLE,INFEASIBLE,,INFEASIBLE,INFEASIBLE,INFEASIBLE,INFEASIBLE,INFEASIBLE,INFEASIBLE,INFEASIBLE,INFEASIBLE,INFEASIBLE,INFEASIBLE,INFEASIBLE,INFEASIBLE,INFEASIBLE,INFEASIBLE,INFEASIBLE,INFEASIBLE,INFEASIBLE,INFEASIBLE,INFEASIBLE,INFEASIBLE,INFEASIBLE,INFEASIBLE,INFEASIBLE,INFEASIBLE,INFEASIBLE,no_trials_in_band
freeze,score_only,ewma_factor_cov_lrt,INFEASIBLE,0.75,budget_only,count,INFEASIBLE,INFEASIBLE,INFEASIBLE,INFEASIBLE,INFEASIBLE,INFEASIBLE,INFEASIBLE,INFEASIBLE,INFEASIBLE,INFEASIBLE,INFEASIBLE,INFEASIBLE,INFEASIBLE,INFEASIBLE,INFEASIBLE,INFEASIBLE,INFEASIBLE,INFEASIBLE,INFEASIBLE,INFEASIBLE,INFEASIBLE,INFEASIBLE,INFEASIBLE,,INFEASIBLE,INFEASIBLE,INFEASIBLE,INFEASIBLE,INFEASIBLE,INFEASIBLE,INFEASIBLE,INFEASIBLE,INFEASIBLE,INFEASIBLE,INFEASIBLE,INFEASIBLE,INFEASIBLE,INFEASIBLE,INFEASIBLE,INFEASIBLE,INFEASIBLE,INFEASIBLE,INFEASIBLE,INFEASIBLE,INFEASIBLE,INFEASIBLE,INFEASIBLE,INFEASIBLE,INFEASIBLE,no_trials_in_band
freeze,score_only,ewma_factor_cov_lrt,INFEASIBLE,1.0,budget_only,count,INFEASIBLE,INFEASIBLE,INFEASIBLE,INFEASIBLE,INFEASIBLE,INFEASIBLE,INFEASIBLE,INFEASIBLE,INFEASIBLE,INFEASIBLE,INFEASIBLE,INFEASIBLE,INFEASIBLE,INFEASIBLE,INFEASIBLE,INFEASIBLE,INFEASIBLE,INFEASIBLE,INFEASIBLE,INFEASIBLE,INFEASIBLE,INFEASIBLE,INFEASIBLE,,INFEASIBLE,INFEASIBLE,INFEASIBLE,INFEASIBLE,INFEASIBLE,INFEASIBLE,INFEASIBLE,INFEASIBLE,INFEASIBLE,INFEASIBLE,INFEASIBLE,INFEASIBLE,INFEASIBLE,INFEASIBLE,INFEASIBLE,INFEASIBLE,INFEASIBLE,INFEASIBLE,INFEASIBLE,INFEASIBLE,INFEASIBLE,INFEASIBLE,INFEASIBLE,INFEASIBLE,INFEASIBLE,no_trials_in_band
freeze,score_only,factor_cov_change,INFEASIBLE,0.25,budget_only,count,INFEASIBLE,INFEASIBLE,INFEASIBLE,INFEASIBLE,INFEASIBLE,INFEASIBLE,INFEASIBLE,INFEASIBLE,INFEASIBLE,INFEASIBLE,INFEASIBLE,INFEASIBLE,INFEASIBLE,INFEASIBLE,INFEASIBLE,INFEASIBLE,INFEASIBLE,INFEASIBLE,INFEASIBLE,INFEASIBLE,INFEASIBLE,INFEASIBLE,INFEASIBLE,,INFEASIBLE,INFEASIBLE,INFEASIBLE,INFEASIBLE,INFEASIBLE,INFEASIBLE,INFEASIBLE,INFEASIBLE,INFEASIBLE,INFEASIBLE,INFEASIBLE,INFEASIBLE,INFEASIBLE,INFEASIBLE,INFEASIBLE,INFEASIBLE,INFEASIBLE,INFEASIBLE,INFEASIBLE,INFEASIBLE,INFEASIBLE,INFEASIBLE,INFEASIBLE,INFEASIBLE,INFEASIBLE,no_trials_in_band
freeze,score_only,factor_cov_change,INFEASIBLE,0.5,budget_only,count,INFEASIBLE,INFEASIBLE,INFEASIBLE,INFEASIBLE,INFEASIBLE,INFEASIBLE,INFEASIBLE,INFEASIBLE,INFEASIBLE,INFEASIBLE,INFEASIBLE,INFEASIBLE,INFEASIBLE,INFEASIBLE,INFEASIBLE,INFEASIBLE,INFEASIBLE,INFEASIBLE,INFEASIBLE,INFEASIBLE,INFEASIBLE,INFEASIBLE,INFEASIBLE,,INFEASIBLE,INFEASIBLE,INFEASIBLE,INFEASIBLE,INFEASIBLE,INFEASIBLE,INFEASIBLE,INFEASIBLE,INFEASIBLE,INFEASIBLE,INFEASIBLE,INFEASIBLE,INFEASIBLE,INFEASIBLE,INFEASIBLE,INFEASIBLE,INFEASIBLE,INFEASIBLE,INFEASIBLE,INFEASIBLE,INFEASIBLE,INFEASIBLE,INFEASIBLE,INFEASIBLE,INFEASIBLE,no_trials_in_band
freeze,score_only,factor_cov_change,INFEASIBLE,0.75,budget_only,count,INFEASIBLE,INFEASIBLE,INFEASIBLE,INFEASIBLE,INFEASIBLE,INFEASIBLE,INFEASIBLE,INFEASIBLE,INFEASIBLE,INFEASIBLE,INFEASIBLE,INFEASIBLE,INFEASIBLE,INFEASIBLE,INFEASIBLE,INFEASIBLE,INFEASIBLE,INFEASIBLE,INFEASIBLE,INFEASIBLE,INFEASIBLE,INFEASIBLE,INFEASIBLE,,INFEASIBLE,INFEASIBLE,INFEASIBLE,INFEASIBLE,INFEASIBLE,INFEASIBLE,INFEASIBLE,INFEASIBLE,INFEASIBLE,INFEASIBLE,INFEASIBLE,INFEASIBLE,INFEASIBLE,INFEASIBLE,INFEASIBLE,INFEASIBLE,INFEASIBLE,INFEASIBLE,INFEASIBLE,INFEASIBLE,INFEASIBLE,INFEASIBLE,INFEASIBLE,INFEASIBLE,INFEASIBLE,no_trials_in_band
freeze,score_only,factor_cov_change,INFEASIBLE,1.0,budget_only,count,INFEASIBLE,INFEASIBLE,INFEASIBLE,INFEASIBLE,INFEASIBLE,INFEASIBLE,INFEASIBLE,INFEASIBLE,INFEASIBLE,INFEASIBLE,INFEASIBLE,INFEASIBLE,INFEASIBLE,INFEASIBLE,INFEASIBLE,INFEASIBLE,INFEASIBLE,INFEASIBLE,INFEASIBLE,INFEASIBLE,INFEASIBLE,INFEASIBLE,INFEASIBLE,,INFEASIBLE,INFEASIBLE,INFEASIBLE,INFEASIBLE,INFEASIBLE,INFEASIBLE,INFEASIBLE,INFEASIBLE,INFEASIBLE,INFEASIBLE,INFEASIBLE,INFEASIBLE,INFEASIBLE,INFEASIBLE,INFEASIBLE,INFEASIBLE,INFEASIBLE,INFEASIBLE,INFEASIBLE,INFEASIBLE,INFEASIBLE,INFEASIBLE,INFEASIBLE,INFEASIBLE,INFEASIBLE,no_trials_in_band
freeze,score_only,factor_cov_delta,INFEASIBLE,0.25,budget_only,count,INFEASIBLE,INFEASIBLE,INFEASIBLE,INFEASIBLE,INFEASIBLE,INFEASIBLE,INFEASIBLE,INFEASIBLE,INFEASIBLE,INFEASIBLE,INFEASIBLE,INFEASIBLE,INFEASIBLE,INFEASIBLE,INFEASIBLE,INFEASIBLE,INFEASIBLE,INFEASIBLE,INFEASIBLE,INFEASIBLE,INFEASIBLE,INFEASIBLE,INFEASIBLE,,INFEASIBLE,INFEASIBLE,INFEASIBLE,INFEASIBLE,INFEASIBLE,INFEASIBLE,INFEASIBLE,INFEASIBLE,INFEASIBLE,INFEASIBLE,INFEASIBLE,INFEASIBLE,INFEASIBLE,INFEASIBLE,INFEASIBLE,INFEASIBLE,INFEASIBLE,INFEASIBLE,INFEASIBLE,INFEASIBLE,INFEASIBLE,INFEASIBLE,INFEASIBLE,INFEASIBLE,INFEASIBLE,no_trials_in_band
freeze,score_only,factor_cov_delta,INFEASIBLE,0.5,budget_only,count,INFEASIBLE,INFEASIBLE,INFEASIBLE,INFEASIBLE,INFEASIBLE,INFEASIBLE,INFEASIBLE,INFEASIBLE,INFEASIBLE,INFEASIBLE,INFEASIBLE,INFEASIBLE,INFEASIBLE,INFEASIBLE,INFEASIBLE,INFEASIBLE,INFEASIBLE,INFEASIBLE,INFEASIBLE,INFEASIBLE,INFEASIBLE,INFEASIBLE,INFEASIBLE,,INFEASIBLE,INFEASIBLE,INFEASIBLE,INFEASIBLE,INFEASIBLE,INFEASIBLE,INFEASIBLE,INFEASIBLE,INFEASIBLE,INFEASIBLE,INFEASIBLE,INFEASIBLE,INFEASIBLE,INFEASIBLE,INFEASIBLE,INFEASIBLE,INFEASIBLE,INFEASIBLE,INFEASIBLE,INFEASIBLE,INFEASIBLE,INFEASIBLE,INFEASIBLE,INFEASIBLE,INFEASIBLE,no_trials_in_band
freeze,score_only,factor_cov_delta,INFEASIBLE,0.75,budget_only,count,INFEASIBLE,INFEASIBLE,INFEASIBLE,INFEASIBLE,INFEASIBLE,INFEASIBLE,INFEASIBLE,INFEASIBLE,INFEASIBLE,INFEASIBLE,INFEASIBLE,INFEASIBLE,INFEASIBLE,INFEASIBLE,INFEASIBLE,INFEASIBLE,INFEASIBLE,INFEASIBLE,INFEASIBLE,INFEASIBLE,INFEASIBLE,INFEASIBLE,INFEASIBLE,,INFEASIBLE,INFEASIBLE,INFEASIBLE,INFEASIBLE,INFEASIBLE,INFEASIBLE,INFEASIBLE,INFEASIBLE,INFEASIBLE,INFEASIBLE,INFEASIBLE,INFEASIBLE,INFEASIBLE,INFEASIBLE,INFEASIBLE,INFEASIBLE,INFEASIBLE,INFEASIBLE,INFEASIBLE,INFEASIBLE,INFEASIBLE,INFEASIBLE,INFEASIBLE,INFEASIBLE,INFEASIBLE,no_trials_in_band
freeze,score_only,factor_cov_delta,INFEASIBLE,1.0,budget_only,count,INFEASIBLE,INFEASIBLE,INFEASIBLE,INFEASIBLE,INFEASIBLE,INFEASIBLE,INFEASIBLE,INFEASIBLE,INFEASIBLE,INFEASIBLE,INFEASIBLE,INFEASIBLE,INFEASIBLE,INFEASIBLE,INFEASIBLE,INFEASIBLE,INFEASIBLE,INFEASIBLE,INFEASIBLE,INFEASIBLE,INFEASIBLE,INFEASIBLE,INFEASIBLE,,INFEASIBLE,INFEASIBLE,INFEASIBLE,INFEASIBLE,INFEASIBLE,INFEASIBLE,INFEASIBLE,INFEASIBLE,INFEASIBLE,INFEASIBLE,INFEASIBLE,INFEASIBLE,INFEASIBLE,INFEASIBLE,INFEASIBLE,INFEASIBLE,INFEASIBLE,INFEASIBLE,INFEASIBLE,INFEASIBLE,INFEASIBLE,INFEASIBLE,INFEASIBLE,INFEASIBLE,INFEASIBLE,no_trials_in_band
freeze,score_only,factor_cov_lrt,INFEASIBLE,0.25,budget_only,count,INFEASIBLE,INFEASIBLE,INFEASIBLE,INFEASIBLE,INFEASIBLE,INFEASIBLE,INFEASIBLE,INFEASIBLE,INFEASIBLE,INFEASIBLE,INFEASIBLE,INFEASIBLE,INFEASIBLE,INFEASIBLE,INFEASIBLE,INFEASIBLE,INFEASIBLE,INFEASIBLE,INFEASIBLE,INFEASIBLE,INFEASIBLE,INFEASIBLE,INFEASIBLE,,INFEASIBLE,INFEASIBLE,INFEASIBLE,INFEASIBLE,INFEASIBLE,INFEASIBLE,INFEASIBLE,INFEASIBLE,INFEASIBLE,INFEASIBLE,INFEASIBLE,INFEASIBLE,INFEASIBLE,INFEASIBLE,INFEASIBLE,INFEASIBLE,INFEASIBLE,INFEASIBLE,INFEASIBLE,INFEASIBLE,INFEASIBLE,INFEASIBLE,INFEASIBLE,INFEASIBLE,INFEASIBLE,no_trials_in_band
freeze,score_only,factor_cov_lrt,INFEASIBLE,0.5,budget_only,count,INFEASIBLE,INFEASIBLE,INFEASIBLE,INFEASIBLE,INFEASIBLE,INFEASIBLE,INFEASIBLE,INFEASIBLE,INFEASIBLE,INFEASIBLE,INFEASIBLE,INFEASIBLE,INFEASIBLE,INFEASIBLE,INFEASIBLE,INFEASIBLE,INFEASIBLE,INFEASIBLE,INFEASIBLE,INFEASIBLE,INFEASIBLE,INFEASIBLE,INFEASIBLE,,INFEASIBLE,INFEASIBLE,INFEASIBLE,INFEASIBLE,INFEASIBLE,INFEASIBLE,INFEASIBLE,INFEASIBLE,INFEASIBLE,INFEASIBLE,INFEASIBLE,INFEASIBLE,INFEASIBLE,INFEASIBLE,INFEASIBLE,INFEASIBLE,INFEASIBLE,INFEASIBLE,INFEASIBLE,INFEASIBLE,INFEASIBLE,INFEASIBLE,INFEASIBLE,INFEASIBLE,INFEASIBLE,no_trials_in_band
freeze,score_only,factor_cov_lrt,INFEASIBLE,0.75,budget_only,count,INFEASIBLE,INFEASIBLE,INFEASIBLE,INFEASIBLE,INFEASIBLE,INFEASIBLE,INFEASIBLE,INFEASIBLE,INFEASIBLE,INFEASIBLE,INFEASIBLE,INFEASIBLE,INFEASIBLE,INFEASIBLE,INFEASIBLE,INFEASIBLE,INFEASIBLE,INFEASIBLE,INFEASIBLE,INFEASIBLE,INFEASIBLE,INFEASIBLE,INFEASIBLE,,INFEASIBLE,INFEASIBLE,INFEASIBLE,INFEASIBLE,INFEASIBLE,INFEASIBLE,INFEASIBLE,INFEASIBLE,INFEASIBLE,INFEASIBLE,INFEASIBLE,INFEASIBLE,INFEASIBLE,INFEASIBLE,INFEASIBLE,INFEASIBLE,INFEASIBLE,INFEASIBLE,INFEASIBLE,INFEASIBLE,INFEASIBLE,INFEASIBLE,INFEASIBLE,INFEASIBLE,INFEASIBLE,no_trials_in_band
freeze,score_only,factor_cov_lrt,INFEASIBLE,1.0,budget_only,count,INFEASIBLE,INFEASIBLE,INFEASIBLE,INFEASIBLE,INFEASIBLE,INFEASIBLE,INFEASIBLE,INFEASIBLE,INFEASIBLE,INFEASIBLE,INFEASIBLE,INFEASIBLE,INFEASIBLE,INFEASIBLE,INFEASIBLE,INFEASIBLE,INFEASIBLE,INFEASIBLE,INFEASIBLE,INFEASIBLE,INFEASIBLE,INFEASIBLE,INFEASIBLE,,INFEASIBLE,INFEASIBLE,INFEASIBLE,INFEASIBLE,INFEASIBLE,INFEASIBLE,INFEASIBLE,INFEASIBLE,INFEASIBLE,INFEASIBLE,INFEASIBLE,INFEASIBLE,INFEASIBLE,INFEASIBLE,INFEASIBLE,INFEASIBLE,INFEASIBLE,INFEASIBLE,INFEASIBLE,INFEASIBLE,INFEASIBLE,INFEASIBLE,INFEASIBLE,INFEASIBLE,INFEASIBLE,no_trials_in_band
freeze,score_only,factor_cov_lrt_delta,1.0,0.25,budget_only,count,0.1,0.15,0.1,80,78,39,78,0.975,0.4875,0.975,0.952254641909814,0.15694076038903623,4.602564102564102,0.19230769230769232,0.41025641025641024,-0.21794871794871792,0.24358974358974358,0.14102564102564102,0.24358974358974358,0.14102564102564102,0.05128205128205128,0.14102564102564102,0.14102564102564102,1.0,6.0,6.0,6.0,6.0,6.0,6.0,6.0,6.0,6.0,6.0,2.0,2.0,1.909814323607427,0.962864721485411,0.15915119363395225,0.06745701986861259,-0.2829297635270361,0.952254641909814,0.15694076038903623,0.08333333333333333,0.021645021645021644,-0.08333333333333333,0.08333333333333333,-0.012987012987012988,OK,
freeze,score_only,factor_cov_lrt_delta,1.0,0.5,budget_only,count,0.1,0.15,0.1,80,78,39,78,0.975,0.4875,0.975,0.952254641909814,0.15694076038903623,4.602564102564102,0.1282051282051282,0.41025641025641024,-0.28205128205128205,0.15384615384615385,0.07692307692307693,0.15384615384615385,0.07692307692307693,0.02564102564102564,0.07692307692307693,0.07692307692307693,1.0,6.0,6.0,6.0,6.0,6.0,6.0,6.0,6.0,6.0,6.0,2.0,2.0,1.9204244031830233,0.962864721485411,0.16003536693191864,0.06745701986861259,-0.5635930912905455,0.952254641909814,0.15694076038903623,0.11965811965811965,0.051948051948051945,-0.11965811965811965,0.11965811965811965,0.017316017316017316,OK,
freeze,score_only,factor_cov_lrt_delta,1.0,0.75,budget_only,count,0.1,0.15,0.1,80,78,39,78,0.975,0.4875,0.975,0.952254641909814,0.15694076038903623,4.602564102564102,0.02564102564102564,0.41025641025641024,-0.3846153846153846,0.02564102564102564,0.0,0.02564102564102564,0.0,0.0,0.0,0.0,1.0,6.0,6.0,6.0,6.0,6.0,6.0,6.0,6.0,6.0,6.0,4.0,2.0,1.9310344827586199,0.962864721485411,0.16091954022988508,0.06745701986861259,-0.7295258855097261,0.952254641909814,0.15694076038903623,0.14529914529914528,0.0779220779220779,-0.14529914529914528,0.14529914529914528,0.03463203463203463,OK,
freeze,score_only,factor_cov_lrt_delta,1.0,1.0,budget_only,count,0.1,0.15,0.1,80,78,39,78,0.975,0.4875,0.975,0.952254641909814,0.15694076038903623,4.602564102564102,0.0,0.41025641025641024,-0.41025641025641024,0.0,0.0,0.0,0.0,0.0,0.0,0.0,1.0,6.0,6.0,6.0,6.0,6.0,6.0,6.0,6.0,6.0,6.0,NA,2.0,2.114058355437666,1.0238726790450927,0.17617152961980553,0.06745701986861259,-0.7381850160891101,0.952254641909814,0.15694076038903623,0.14957264957264957,0.41558441558441556,-0.14957264957264957,0.14957264957264957,0.41558441558441556,OK,
freeze,score_only,fused_fisher,1.0,0.25,budget_only,count,0.1,0.15,0.1,80,77,36,77,0.9625,0.45,0.9625,0.9592476489028211,0.15584415584415584,4.636363636363637,0.22077922077922077,0.36363636363636365,-0.14285714285714288,0.3246753246753247,0.24675324675324675,0.3246753246753247,0.24675324675324675,0.1038961038961039,0.24675324675324675,0.24675324675324675,1.0,6.0,6.0,6.0,6.0,6.0,6.0,6.0,6.0,6.0,6.0,0.0,2.0,1.9023734885803851,0.9216300940438871,0.15853112404836545,0.011518197961368066,-0.35784255080409677,0.9592476489028211,0.15584415584415584,0.04545454545454545,0.061403508771929814,-0.01515151515151515,0.04545454545454545,0.0,OK,
freeze,score_only,fused_fisher,1.0,0.5,budget_only,count,0.1,0.15,0.1,80,77,36,77,0.9625,0.45,0.9625,0.9592476489028211,0.15584415584415584,4.636363636363637,0.3116883116883117,0.36363636363636365,-0.051948051948051965,0.44155844155844154,0.2987012987012987,0.44155844155844154,0.2987012987012987,0.12987012987012986,0.2727272727272727,0.2727272727272727,1.0,6.0,6.0,6.0,6.0,6.0,6.0,6.0,6.0,6.0,6.0,1.0,2.0,1.9426780116435292,0.9243170622480965,0.1618898343036274,0.011518197961368066,-0.40294254728498374,0.9592476489028211,0.15584415584415584,0.09307359307359307,0.12280701754385966,0.028138528138528136,0.07142857142857144,0.061403508771929814,OK,
freeze,score_only,fused_fisher,1.0,0.75,budget_only,count,0.1,0.15,0.1,80,77,36,77,0.9625,0.45,0.9625,0.9592476489028211,0.15584415584415584,4.636363636363637,0.4025974025974026,0.36363636363636365,0.038961038961038974,0.4935064935064935,0.38961038961038963,0.4935064935064935,0.38961038961038963,0.14285714285714285,0.33766233766233766,0.33766233766233766,1.0,6.0,6.0,6.0,6.0,6.0,6.0,6.0,6.0,6.0,6.0,1.0,2.0,1.9346171070308997,0.8598298253470666,0.16121809225257502,0.011518197961368066,-0.2599716893415822,0.9592476489028211,0.15584415584415584,0.1623376623376623,0.23245614035087717,0.032467532467532464,0.1147186147186147,0.15350877192982457,OK,
freeze,score_only,fused_fisher,1.0,1.0,budget_only,count,0.1,0.15,0.1,80,77,36,77,0.9625,0.45,0.9625,0.9592476489028211,0.15584415584415584,4.636363636363637,0.4675324675324675,0.36363636363636365,0.10389610389610388,0.5844155844155844,0.44155844155844154,0.5844155844155844,0.44155844155844154,0.16883116883116883,0.33766233766233766,0.33766233766233766,1.0,6.0,6.0,6.0,6.0,6.0,6.0,2.0,6.0,6.0,6.0,1.0,2.0,1.851321092700403,0.8437080161218093,0.1542767577250336,0.011518197961368066,-0.04871993171580879,0.9592476489028211,0.15584415584415584,0.1753246753246753,0.21929824561403505,0.09740259740259741,0.12770562770562768,0.14912280701754388,OK,
freeze,score_only,fused_fisher_lrt_delta,INFEASIBLE,0.25,budget_only,count,INFEASIBLE,INFEASIBLE,INFEASIBLE,INFEASIBLE,INFEASIBLE,INFEASIBLE,INFEASIBLE,INFEASIBLE,INFEASIBLE,INFEASIBLE,INFEASIBLE,INFEASIBLE,INFEASIBLE,INFEASIBLE,INFEASIBLE,INFEASIBLE,INFEASIBLE,INFEASIBLE,INFEASIBLE,INFEASIBLE,INFEASIBLE,INFEASIBLE,INFEASIBLE,,INFEASIBLE,INFEASIBLE,INFEASIBLE,INFEASIBLE,INFEASIBLE,INFEASIBLE,INFEASIBLE,INFEASIBLE,INFEASIBLE,INFEASIBLE,INFEASIBLE,INFEASIBLE,INFEASIBLE,INFEASIBLE,INFEASIBLE,INFEASIBLE,INFEASIBLE,INFEASIBLE,INFEASIBLE,INFEASIBLE,INFEASIBLE,INFEASIBLE,INFEASIBLE,INFEASIBLE,INFEASIBLE,no_trials_in_band
freeze,score_only,fused_fisher_lrt_delta,INFEASIBLE,0.5,budget_only,count,INFEASIBLE,INFEASIBLE,INFEASIBLE,INFEASIBLE,INFEASIBLE,INFEASIBLE,INFEASIBLE,INFEASIBLE,INFEASIBLE,INFEASIBLE,INFEASIBLE,INFEASIBLE,INFEASIBLE,INFEASIBLE,INFEASIBLE,INFEASIBLE,INFEASIBLE,INFEASIBLE,INFEASIBLE,INFEASIBLE,INFEASIBLE,INFEASIBLE,INFEASIBLE,,INFEASIBLE,INFEASIBLE,INFEASIBLE,INFEASIBLE,INFEASIBLE,INFEASIBLE,INFEASIBLE,INFEASIBLE,INFEASIBLE,INFEASIBLE,INFEASIBLE,INFEASIBLE,INFEASIBLE,INFEASIBLE,INFEASIBLE,INFEASIBLE,INFEASIBLE,INFEASIBLE,INFEASIBLE,INFEASIBLE,INFEASIBLE,INFEASIBLE,INFEASIBLE,INFEASIBLE,INFEASIBLE,no_trials_in_band
freeze,score_only,fused_fisher_lrt_delta,INFEASIBLE,0.75,budget_only,count,INFEASIBLE,INFEASIBLE,INFEASIBLE,INFEASIBLE,INFEASIBLE,INFEASIBLE,INFEASIBLE,INFEASIBLE,INFEASIBLE,INFEASIBLE,INFEASIBLE,INFEASIBLE,INFEASIBLE,INFEASIBLE,INFEASIBLE,INFEASIBLE,INFEASIBLE,INFEASIBLE,INFEASIBLE,INFEASIBLE,INFEASIBLE,INFEASIBLE,INFEASIBLE,,INFEASIBLE,INFEASIBLE,INFEASIBLE,INFEASIBLE,INFEASIBLE,INFEASIBLE,INFEASIBLE,INFEASIBLE,INFEASIBLE,INFEASIBLE,INFEASIBLE,INFEASIBLE,INFEASIBLE,INFEASIBLE,INFEASIBLE,INFEASIBLE,INFEASIBLE,INFEASIBLE,INFEASIBLE,INFEASIBLE,INFEASIBLE,INFEASIBLE,INFEASIBLE,INFEASIBLE,INFEASIBLE,no_trials_in_band
freeze,score_only,fused_fisher_lrt_delta,INFEASIBLE,1.0,budget_only,count,INFEASIBLE,INFEASIBLE,INFEASIBLE,INFEASIBLE,INFEASIBLE,INFEASIBLE,INFEASIBLE,INFEASIBLE,INFEASIBLE,INFEASIBLE,INFEASIBLE,INFEASIBLE,INFEASIBLE,INFEASIBLE,INFEASIBLE,INFEASIBLE,INFEASIBLE,INFEASIBLE,INFEASIBLE,INFEASIBLE,INFEASIBLE,INFEASIBLE,INFEASIBLE,,INFEASIBLE,INFEASIBLE,INFEASIBLE,INFEASIBLE,INFEASIBLE,INFEASIBLE,INFEASIBLE,INFEASIBLE,INFEASIBLE,INFEASIBLE,INFEASIBLE,INFEASIBLE,INFEASIBLE,INFEASIBLE,INFEASIBLE,INFEASIBLE,INFEASIBLE,INFEASIBLE,INFEASIBLE,INFEASIBLE,INFEASIBLE,INFEASIBLE,INFEASIBLE,INFEASIBLE,INFEASIBLE,no_trials_in_band
freeze,score_only,fused_sp,1.0,0.25,budget_only,count,0.1,0.15,0.1,80,55,2,55,0.6875,0.025,0.6875,0.8275862068965522,0.21849529780564259,4.0,0.01818181818181818,0.01818181818181818,0.0,0.10909090909090909,0.09090909090909091,0.10909090909090909,0.09090909090909091,0.09090909090909091,0.01818181818181818,0.01818181818181818,1.0,6.0,6.0,6.0,6.0,6.0,6.0,6.0,6.0,6.0,6.0,2.0,2.0,2.6294670846394967,0.8351097178683391,0.21912225705329147,0.0009348522216168421,-0.3152921051920658,0.8275862068965522,0.21849529780564259,0.006060606060606061,0.0,-0.0060606060606060615,0.0060606060606060615,0.0,OK,
freeze,score_only,fused_sp,1.0,0.5,budget_only,count,0.1,0.15,0.1,80,55,2,55,0.6875,0.025,0.6875,0.8275862068965522,0.21849529780564259,4.0,0.01818181818181818,0.01818181818181818,0.0,0.10909090909090909,0.09090909090909091,0.10909090909090909,0.09090909090909091,0.09090909090909091,0.01818181818181818,0.01818181818181818,1.0,6.0,6.0,6.0,6.0,6.0,6.0,6.0,6.0,6.0,6.0,2.0,2.0,2.6294670846394967,0.8351097178683391,0.21912225705329147,0.0009348522216168421,-0.36439999484562774,0.8275862068965522,0.21849529780564259,0.01515151515151515,0.006172839506172839,-0.015151515151515154,0.015151515151515154,0.00617283950617284,OK,
freeze,score_only,fused_sp,1.0,0.75,budget_only,count,0.1,0.15,0.1,80,55,2,55,0.6875,0.025,0.6875,0.8275862068965522,0.21849529780564259,4.0,0.01818181818181818,0.01818181818181818,0.0,0.10909090909090909,0.09090909090909091,0.10909090909090909,0.09090909090909091,0.09090909090909091,0.01818181818181818,0.01818181818181818,1.0,6.0,6.0,6.0,6.0,6.0,6.0,6.0,6.0,6.0,6.0,2.0,2.0,2.6294670846394967,0.8351097178683391,0.21912225705329147,0.0009348522216168421,-0.19939739768832657,0.8275862068965522,0.21849529780564259,0.01515151515151515,0.006172839506172839,-0.015151515151515154,0.015151515151515154,0.00617283950617284,OK,
freeze,score_only,fused_sp,1.0,1.0,budget_only,count,0.1,0.15,0.1,80,55,2,55,0.6875,0.025,0.6875,0.8275862068965522,0.21849529780564259,4.0,0.01818181818181818,0.01818181818181818,0.0,0.12727272727272726,0.10909090909090909,0.12727272727272726,0.10909090909090909,0.10909090909090909,0.01818181818181818,0.01818181818181818,1.0,6.0,6.0,6.0,6.0,6.0,6.0,6.0,6.0,6.0,6.0,2.0,2.0,2.6369905956112834,0.8426332288401258,0.21974921630094035,0.0009348522216168421,0.13336871161587763,0.8275862068965522,0.21849529780564259,0.006060606060606061,0.012345679012345678,-1.5139404881252134e-18,0.0060606060606060615,0.012345679012345678,OK,
freeze,score_only,fused_sp_lrt_delta,1.0,0.25,budget_only,count,0.1,0.15,0.1,80,55,2,55,0.6875,0.025,0.6875,0.8275862068965522,0.20250783699059574,4.0,0.01818181818181818,0.01818181818181818,0.0,0.09090909090909091,0.07272727272727272,0.09090909090909091,0.07272727272727272,0.07272727272727272,0.01818181818181818,0.01818181818181818,1.0,6.0,6.0,6.0,6.0,6.0,6.0,6.0,6.0,6.0,6.0,2.0,2.0,2.43385579937304,0.8275862068965522,0.20282131661442018,0.0012833422429108393,-0.2678566477908861,0.8275862068965522,0.20250783699059574,0.01515151515151515,0.006172839506172839,-0.01515151515151515,0.01515151515151515,0.00617283950617284,OK,
freeze,score_only,fused_sp_lrt_delta,1.0,0.5,budget_only,count,0.1,0.15,0.1,80,55,2,55,0.6875,0.025,0.6875,0.8275862068965522,0.20250783699059574,4.0,0.01818181818181818,0.01818181818181818,0.0,0.09090909090909091,0.07272727272727272,0.09090909090909091,0.07272727272727272,0.07272727272727272,0.01818181818181818,0.01818181818181818,1.0,6.0,6.0,6.0,6.0,6.0,6.0,6.0,6.0,6.0,6.0,5.0,2.0,2.43385579937304,0.8275862068965522,0.20282131661442018,0.0012833422429108393,-0.286256077100383,0.8275862068965522,0.20250783699059574,0.01515151515151515,0.006172839506172839,-0.01515151515151515,0.01515151515151515,0.00617283950617284,OK,
freeze,score_only,fused_sp_lrt_delta,1.0,0.75,budget_only,count,0.1,0.15,0.1,80,55,2,55,0.6875,0.025,0.6875,0.8275862068965522,0.20250783699059574,4.0,0.01818181818181818,0.01818181818181818,0.0,0.09090909090909091,0.07272727272727272,0.09090909090909091,0.07272727272727272,0.07272727272727272,0.01818181818181818,0.01818181818181818,1.0,6.0,6.0,6.0,6.0,6.0,6.0,6.0,6.0,6.0,6.0,2.0,2.0,2.43385579937304,0.8275862068965522,0.20282131661442018,0.0012833422429108393,-0.13117117971753753,0.8275862068965522,0.20250783699059574,0.01515151515151515,0.006172839506172839,-0.01515151515151515,0.01515151515151515,0.00617283950617284,OK,
freeze,score_only,fused_sp_lrt_delta,1.0,1.0,budget_only,count,0.1,0.15,0.1,80,55,2,55,0.6875,0.025,0.6875,0.8275862068965522,0.20250783699059574,4.0,0.01818181818181818,0.01818181818181818,0.0,0.10909090909090909,0.09090909090909091,0.10909090909090909,0.09090909090909091,0.09090909090909091,0.01818181818181818,0.01818181818181818,1.0,6.0,6.0,6.0,6.0,6.0,6.0,6.0,6.0,6.0,6.0,2.0,2.0,2.456426332288401,0.8388714733542323,0.2047021943573668,0.0012833422429108393,0.13668634952212175,0.8275862068965522,0.20250783699059574,0.006060606060606061,0.12962962962962962,-1.5139404881252134e-18,0.0060606060606060615,0.10493827160493824,OK,
freeze,score_only,max_abs,INFEASIBLE,0.25,budget_only,count,INFEASIBLE,INFEASIBLE,INFEASIBLE,INFEASIBLE,INFEASIBLE,INFEASIBLE,INFEASIBLE,INFEASIBLE,INFEASIBLE,INFEASIBLE,INFEASIBLE,INFEASIBLE,INFEASIBLE,INFEASIBLE,INFEASIBLE,INFEASIBLE,INFEASIBLE,INFEASIBLE,INFEASIBLE,INFEASIBLE,INFEASIBLE,INFEASIBLE,INFEASIBLE,,INFEASIBLE,INFEASIBLE,INFEASIBLE,INFEASIBLE,INFEASIBLE,INFEASIBLE,INFEASIBLE,INFEASIBLE,INFEASIBLE,INFEASIBLE,INFEASIBLE,INFEASIBLE,INFEASIBLE,INFEASIBLE,INFEASIBLE,INFEASIBLE,INFEASIBLE,INFEASIBLE,INFEASIBLE,INFEASIBLE,INFEASIBLE,INFEASIBLE,INFEASIBLE,INFEASIBLE,INFEASIBLE,no_trials_in_band
freeze,score_only,max_abs,INFEASIBLE,0.5,budget_only,count,INFEASIBLE,INFEASIBLE,INFEASIBLE,INFEASIBLE,INFEASIBLE,INFEASIBLE,INFEASIBLE,INFEASIBLE,INFEASIBLE,INFEASIBLE,INFEASIBLE,INFEASIBLE,INFEASIBLE,INFEASIBLE,INFEASIBLE,INFEASIBLE,INFEASIBLE,INFEASIBLE,INFEASIBLE,INFEASIBLE,INFEASIBLE,INFEASIBLE,INFEASIBLE,,INFEASIBLE,INFEASIBLE,INFEASIBLE,INFEASIBLE,INFEASIBLE,INFEASIBLE,INFEASIBLE,INFEASIBLE,INFEASIBLE,INFEASIBLE,INFEASIBLE,INFEASIBLE,INFEASIBLE,INFEASIBLE,INFEASIBLE,INFEASIBLE,INFEASIBLE,INFEASIBLE,INFEASIBLE,INFEASIBLE,INFEASIBLE,INFEASIBLE,INFEASIBLE,INFEASIBLE,INFEASIBLE,no_trials_in_band
freeze,score_only,max_abs,INFEASIBLE,0.75,budget_only,count,INFEASIBLE,INFEASIBLE,INFEASIBLE,INFEASIBLE,INFEASIBLE,INFEASIBLE,INFEASIBLE,INFEASIBLE,INFEASIBLE,INFEASIBLE,INFEASIBLE,INFEASIBLE,INFEASIBLE,INFEASIBLE,INFEASIBLE,INFEASIBLE,INFEASIBLE,INFEASIBLE,INFEASIBLE,INFEASIBLE,INFEASIBLE,INFEASIBLE,INFEASIBLE,,INFEASIBLE,INFEASIBLE,INFEASIBLE,INFEASIBLE,INFEASIBLE,INFEASIBLE,INFEASIBLE,INFEASIBLE,INFEASIBLE,INFEASIBLE,INFEASIBLE,INFEASIBLE,INFEASIBLE,INFEASIBLE,INFEASIBLE,INFEASIBLE,INFEASIBLE,INFEASIBLE,INFEASIBLE,INFEASIBLE,INFEASIBLE,INFEASIBLE,INFEASIBLE,INFEASIBLE,INFEASIBLE,no_trials_in_band
freeze,score_only,max_abs,INFEASIBLE,1.0,budget_only,count,INFEASIBLE,INFEASIBLE,INFEASIBLE,INFEASIBLE,INFEASIBLE,INFEASIBLE,INFEASIBLE,INFEASIBLE,INFEASIBLE,INFEASIBLE,INFEASIBLE,INFEASIBLE,INFEASIBLE,INFEASIBLE,INFEASIBLE,INFEASIBLE,INFEASIBLE,INFEASIBLE,INFEASIBLE,INFEASIBLE,INFEASIBLE,INFEASIBLE,INFEASIBLE,,INFEASIBLE,INFEASIBLE,INFEASIBLE,INFEASIBLE,INFEASIBLE,INFEASIBLE,INFEASIBLE,INFEASIBLE,INFEASIBLE,INFEASIBLE,INFEASIBLE,INFEASIBLE,INFEASIBLE,INFEASIBLE,INFEASIBLE,INFEASIBLE,INFEASIBLE,INFEASIBLE,INFEASIBLE,INFEASIBLE,INFEASIBLE,INFEASIBLE,INFEASIBLE,INFEASIBLE,INFEASIBLE,no_trials_in_band
freeze,score_only,pc_t2,1.0,0.25,budget_only,count,0.1,0.15,0.1,80,58,6,58,0.725,0.075,0.725,0.8275862068965518,0.19857312722948872,4.0,0.06896551724137931,0.06896551724137931,0.0,0.1206896551724138,0.06896551724137931,0.1206896551724138,0.06896551724137931,0.05172413793103448,0.05172413793103448,0.05172413793103448,1.0,6.0,6.0,6.0,6.0,6.0,6.0,6.0,6.0,6.0,6.0,2.0,2.0,2.390011890606421,0.8240190249702737,0.1991676575505351,0.0016754501370672453,-0.14892854227479368,0.8275862068965518,0.19857312722948872,0.014367816091954021,0.017543859649122806,-0.014367816091954026,0.014367816091954026,0.005847953216374269,OK,
freeze,score_only,pc_t2,1.0,0.5,budget_only,count,0.1,0.15,0.1,80,58,6,58,0.725,0.075,0.725,0.8275862068965518,0.19857312722948872,4.0,0.06896551724137931,0.06896551724137931,0.0,0.1206896551724138,0.06896551724137931,0.1206896551724138,0.06896551724137931,0.05172413793103448,0.05172413793103448,0.05172413793103448,1.0,6.0,6.0,6.0,6.0,6.0,6.0,6.0,6.0,6.0,6.0,2.0,2.0,2.3793103448275863,0.8133174791914389,0.19827586206896552,0.0016754501370672453,-0.09989757836461496,0.8275862068965518,0.19857312722948872,0.014367816091954021,0.05263157894736842,-0.014367816091954026,0.014367816091954026,-0.029239766081871343,OK,
freeze,score_only,pc_t2,1.0,0.75,budget_only,count,0.1,0.15,0.1,80,58,6,58,0.725,0.075,0.725,0.8275862068965518,0.19857312722948872,4.0,0.06896551724137931,0.06896551724137931,0.0,0.1206896551724138,0.06896551724137931,0.1206896551724138,0.06896551724137931,0.05172413793103448,0.05172413793103448,0.05172413793103448,1.0,6.0,6.0,6.0,6.0,6.0,6.0,6.0,6.0,6.0,6.0,2.0,2.0,2.3793103448275863,0.8133174791914389,0.19827586206896552,0.0016754501370672453,0.08989453004650536,0.8275862068965518,0.19857312722948872,0.017241379310344827,0.05263157894736842,-0.011494252873563222,0.017241379310344827,-0.029239766081871343,OK,
freeze,score_only,pc_t2,1.0,1.0,budget_only,count,0.1,0.15,0.1,80,58,6,58,0.725,0.075,0.725,0.8275862068965518,0.19857312722948872,4.0,0.06896551724137931,0.06896551724137931,0.0,0.15517241379310345,0.10344827586206896,0.15517241379310345,0.10344827586206896,0.08620689655172414,0.05172413793103448,0.05172413793103448,1.0,6.0,6.0,6.0,6.0,6.0,6.0,6.0,6.0,6.0,6.0,2.0,2.0,2.3793103448275863,0.8133174791914389,0.19827586206896552,0.0016754501370672453,0.4432058377899434,0.8275862068965518,0.19857312722948872,0.014367816091954021,0.05263157894736842,0.002873563218390802,0.014367816091954023,-0.029239766081871343,OK,
freeze,score_only,res_energy,1.0,0.25,budget_only,count,0.1,0.15,0.1,80,55,2,55,0.6875,0.025,0.6875,0.8275862068965522,0.21849529780564259,4.0,0.01818181818181818,0.01818181818181818,0.0,0.10909090909090909,0.09090909090909091,0.10909090909090909,0.09090909090909091,0.09090909090909091,0.01818181818181818,0.01818181818181818,1.0,6.0,6.0,6.0,6.0,6.0,6.0,6.0,6.0,6.0,6.0,2.0,2.0,2.6369905956112834,0.8351097178683391,0.21974921630094035,0.004285766610755043,-0.2839898799536471,0.8275862068965522,0.21849529780564259,0.0,0.0,0.0,0.0,0.0,OK,
freeze,score_only,res_energy,1.0,0.5,budget_only,count,0.1,0.15,0.1,80,55,2,55,0.6875,0.025,0.6875,0.8275862068965522,0.21849529780564259,4.0,0.01818181818181818,0.01818181818181818,0.0,0.10909090909090909,0.09090909090909091,0.10909090909090909,0.09090909090909091,0.09090909090909091,0.01818181818181818,0.01818181818181818,1.0,6.0,6.0,6.0,6.0,6.0,6.0,6.0,6.0,6.0,6.0,2.0,2.0,2.6445141065830704,0.8426332288401258,0.22037617554858926,0.004285766610755043,-0.3030500523799501,0.8275862068965522,0.21849529780564259,0.01515151515151515,0.018518518518518517,-0.015151515151515154,0.015151515151515154,0.018518518518518517,OK,
freeze,score_only,res_energy,1.0,0.75,budget_only,count,0.1,0.15,0.1,80,55,2,55,0.6875,0.025,0.6875,0.8275862068965522,0.21849529780564259,4.0,0.0,0.01818181818181818,-0.01818181818181818,0.09090909090909091,0.09090909090909091,0.09090909090909091,0.09090909090909091,0.09090909090909091,0.01818181818181818,0.01818181818181818,1.0,6.0,6.0,6.0,6.0,6.0,6.0,6.0,6.0,6.0,6.0,NA,2.0,2.6520376175548575,0.8501567398119128,0.22100313479623818,0.004285766610755043,-0.16244656999036672,0.8275862068965522,0.21849529780564259,0.024242424242424242,0.018518518518518517,-0.024242424242424246,0.024242424242424246,0.018518518518518517,OK,
freeze,score_only,res_energy,1.0,1.0,budget_only,count,0.1,0.15,0.1,80,55,2,55,0.6875,0.025,0.6875,0.8275862068965522,0.21849529780564259,4.0,0.0,0.01818181818181818,-0.01818181818181818,0.14545454545454545,0.14545454545454545,0.14545454545454545,0.14545454545454545,0.14545454545454545,0.01818181818181818,0.01818181818181818,1.0,6.0,6.0,6.0,6.0,6.0,6.0,6.0,6.0,6.0,6.0,NA,2.0,2.6520376175548575,0.8501567398119128,0.22100313479623818,0.004285766610755043,0.13528699232344538,0.8275862068965522,0.21849529780564259,0.02727272727272727,0.018518518518518517,-0.00909090909090909,0.02727272727272728,0.018518518518518517,OK,
freeze,score_only,stale,INFEASIBLE,0.25,budget_only,count,INFEASIBLE,INFEASIBLE,INFEASIBLE,INFEASIBLE,INFEASIBLE,INFEASIBLE,INFEASIBLE,INFEASIBLE,INFEASIBLE,INFEASIBLE,INFEASIBLE,INFEASIBLE,INFEASIBLE,INFEASIBLE,INFEASIBLE,INFEASIBLE,INFEASIBLE,INFEASIBLE,INFEASIBLE,INFEASIBLE,INFEASIBLE,INFEASIBLE,INFEASIBLE,,INFEASIBLE,INFEASIBLE,INFEASIBLE,INFEASIBLE,INFEASIBLE,INFEASIBLE,INFEASIBLE,INFEASIBLE,INFEASIBLE,INFEASIBLE,INFEASIBLE,INFEASIBLE,INFEASIBLE,INFEASIBLE,INFEASIBLE,INFEASIBLE,INFEASIBLE,INFEASIBLE,INFEASIBLE,INFEASIBLE,INFEASIBLE,INFEASIBLE,INFEASIBLE,INFEASIBLE,INFEASIBLE,no_trials_in_band
freeze,score_only,stale,INFEASIBLE,0.5,budget_only,count,INFEASIBLE,INFEASIBLE,INFEASIBLE,INFEASIBLE,INFEASIBLE,INFEASIBLE,INFEASIBLE,INFEASIBLE,INFEASIBLE,INFEASIBLE,INFEASIBLE,INFEASIBLE,INFEASIBLE,INFEASIBLE,INFEASIBLE,INFEASIBLE,INFEASIBLE,INFEASIBLE,INFEASIBLE,INFEASIBLE,INFEASIBLE,INFEASIBLE,INFEASIBLE,,INFEASIBLE,INFEASIBLE,INFEASIBLE,INFEASIBLE,INFEASIBLE,INFEASIBLE,INFEASIBLE,INFEASIBLE,INFEASIBLE,INFEASIBLE,INFEASIBLE,INFEASIBLE,INFEASIBLE,INFEASIBLE,INFEASIBLE,INFEASIBLE,INFEASIBLE,INFEASIBLE,INFEASIBLE,INFEASIBLE,INFEASIBLE,INFEASIBLE,INFEASIBLE,INFEASIBLE,INFEASIBLE,no_trials_in_band
freeze,score_only,stale,INFEASIBLE,0.75,budget_only,count,INFEASIBLE,INFEASIBLE,INFEASIBLE,INFEASIBLE,INFEASIBLE,INFEASIBLE,INFEASIBLE,INFEASIBLE,INFEASIBLE,INFEASIBLE,INFEASIBLE,INFEASIBLE,INFEASIBLE,INFEASIBLE,INFEASIBLE,INFEASIBLE,INFEASIBLE,INFEASIBLE,INFEASIBLE,INFEASIBLE,INFEASIBLE,INFEASIBLE,INFEASIBLE,,INFEASIBLE,INFEASIBLE,INFEASIBLE,INFEASIBLE,INFEASIBLE,INFEASIBLE,INFEASIBLE,INFEASIBLE,INFEASIBLE,INFEASIBLE,INFEASIBLE,INFEASIBLE,INFEASIBLE,INFEASIBLE,INFEASIBLE,INFEASIBLE,INFEASIBLE,INFEASIBLE,INFEASIBLE,INFEASIBLE,INFEASIBLE,INFEASIBLE,INFEASIBLE,INFEASIBLE,INFEASIBLE,no_trials_in_band
freeze,score_only,stale,INFEASIBLE,1.0,budget_only,count,INFEASIBLE,INFEASIBLE,INFEASIBLE,INFEASIBLE,INFEASIBLE,INFEASIBLE,INFEASIBLE,INFEASIBLE,INFEASIBLE,INFEASIBLE,INFEASIBLE,INFEASIBLE,INFEASIBLE,INFEASIBLE,INFEASIBLE,INFEASIBLE,INFEASIBLE,INFEASIBLE,INFEASIBLE,INFEASIBLE,INFEASIBLE,INFEASIBLE,INFEASIBLE,,INFEASIBLE,INFEASIBLE,INFEASIBLE,INFEASIBLE,INFEASIBLE,INFEASIBLE,INFEASIBLE,INFEASIBLE,INFEASIBLE,INFEASIBLE,INFEASIBLE,INFEASIBLE,INFEASIBLE,INFEASIBLE,INFEASIBLE,INFEASIBLE,INFEASIBLE,INFEASIBLE,INFEASIBLE,INFEASIBLE,INFEASIBLE,INFEASIBLE,INFEASIBLE,INFEASIBLE,INFEASIBLE,no_trials_in_band
