kind,panel,detector,budget,attack_strength,matched_mode,matched_budget_band,matched_tol_budget,tiw_cap,matched_tol_tiw,n_trials_total,n_trials_budget,n_trials_joint,n_trials_primary,coverage_budget,coverage_joint,coverage_primary,fae_null_mean_primary,tiw_null_mean_primary,false_alert_events_count_mean_primary,detect_rate,detect_rate_null,uplift_detect_rate,event_success_rate,event_timely_sla_rate,event_anywarn_success_rate,event_anywarn_timely_sla_rate,event_preexisting_warning_rate,contract_pass_full_rate,contract_pass_full_anywarn_rate,event_sla_months,median_delay,median_delay_null,delay_p50,delay_p90,delay_null_p50,delay_null_p90,event_delay_p50,event_delay_p90,event_time_to_trigger_p50,event_time_to_trigger_p90,median_delay_uncens,median_delay_null_uncens,mean_false_alarm_months_per_year,mean_false_alert_events_per_year,mean_time_in_warning,mean_p_star,mean_effect_size,mean_fae_null,mean_tiw_null,mean_cad_win,mean_cad_post,mean_dtiw_win,mean_abs_dtiw_win,mean_dtiw_post,row_status,infeasible_reason
corr_mix,all_only,T2,INFEASIBLE,0.15,budget_only,count,INFEASIBLE,INFEASIBLE,INFEASIBLE,INFEASIBLE,INFEASIBLE,INFEASIBLE,INFEASIBLE,INFEASIBLE,INFEASIBLE,INFEASIBLE,INFEASIBLE,INFEASIBLE,INFEASIBLE,INFEASIBLE,INFEASIBLE,INFEASIBLE,INFEASIBLE,INFEASIBLE,INFEASIBLE,INFEASIBLE,INFEASIBLE,INFEASIBLE,INFEASIBLE,,INFEASIBLE,INFEASIBLE,INFEASIBLE,INFEASIBLE,INFEASIBLE,INFEASIBLE,INFEASIBLE,INFEASIBLE,INFEASIBLE,INFEASIBLE,INFEASIBLE,INFEASIBLE,INFEASIBLE,INFEASIBLE,INFEASIBLE,INFEASIBLE,INFEASIBLE,INFEASIBLE,INFEASIBLE,INFEASIBLE,INFEASIBLE,INFEASIBLE,INFEASIBLE,INFEASIBLE,INFEASIBLE,no_trials_in_band
corr_mix,all_only,T2,INFEASIBLE,0.25,budget_only,count,INFEASIBLE,INFEASIBLE,INFEASIBLE,INFEASIBLE,INFEASIBLE,INFEASIBLE,INFEASIBLE,INFEASIBLE,INFEASIBLE,INFEASIBLE,INFEASIBLE,INFEASIBLE,INFEASIBLE,INFEASIBLE,INFEASIBLE,INFEASIBLE,INFEASIBLE,INFEASIBLE,INFEASIBLE,INFEASIBLE,INFEASIBLE,INFEASIBLE,INFEASIBLE,,INFEASIBLE,INFEASIBLE,INFEASIBLE,INFEASIBLE,INFEASIBLE,INFEASIBLE,INFEASIBLE,INFEASIBLE,INFEASIBLE,INFEASIBLE,INFEASIBLE,INFEASIBLE,INFEASIBLE,INFEASIBLE,INFEASIBLE,INFEASIBLE,INFEASIBLE,INFEASIBLE,INFEASIBLE,INFEASIBLE,INFEASIBLE,INFEASIBLE,INFEASIBLE,INFEASIBLE,INFEASIBLE,no_trials_in_band
corr_mix,all_only,T2,INFEASIBLE,0.35,budget_only,count,INFEASIBLE,INFEASIBLE,INFEASIBLE,INFEASIBLE,INFEASIBLE,INFEASIBLE,INFEASIBLE,INFEASIBLE,INFEASIBLE,INFEASIBLE,INFEASIBLE,INFEASIBLE,INFEASIBLE,INFEASIBLE,INFEASIBLE,INFEASIBLE,INFEASIBLE,INFEASIBLE,INFEASIBLE,INFEASIBLE,INFEASIBLE,INFEASIBLE,INFEASIBLE,,INFEASIBLE,INFEASIBLE,INFEASIBLE,INFEASIBLE,INFEASIBLE,INFEASIBLE,INFEASIBLE,INFEASIBLE,INFEASIBLE,INFEASIBLE,INFEASIBLE,INFEASIBLE,INFEASIBLE,INFEASIBLE,INFEASIBLE,INFEASIBLE,INFEASIBLE,INFEASIBLE,INFEASIBLE,INFEASIBLE,INFEASIBLE,INFEASIBLE,INFEASIBLE,INFEASIBLE,INFEASIBLE,no_trials_in_band
corr_mix,all_only,T2,INFEASIBLE,0.5,budget_only,count,INFEASIBLE,INFEASIBLE,INFEASIBLE,INFEASIBLE,INFEASIBLE,INFEASIBLE,INFEASIBLE,INFEASIBLE,INFEASIBLE,INFEASIBLE,INFEASIBLE,INFEASIBLE,INFEASIBLE,INFEASIBLE,INFEASIBLE,INFEASIBLE,INFEASIBLE,INFEASIBLE,INFEASIBLE,INFEASIBLE,INFEASIBLE,INFEASIBLE,INFEASIBLE,,INFEASIBLE,INFEASIBLE,INFEASIBLE,INFEASIBLE,INFEASIBLE,INFEASIBLE,INFEASIBLE,INFEASIBLE,INFEASIBLE,INFEASIBLE,INFEASIBLE,INFEASIBLE,INFEASIBLE,INFEASIBLE,INFEASIBLE,INFEASIBLE,INFEASIBLE,INFEASIBLE,INFEASIBLE,INFEASIBLE,INFEASIBLE,INFEASIBLE,INFEASIBLE,INFEASIBLE,INFEASIBLE,no_trials_in_band
corr_mix,all_only,cusum_factor_cov_lrt,1.0,0.15,budget_only,count,0.1,0.15,0.1,80,80,0,80,1.0,0.0,1.0,0.9543103448275861,0.29137931034482756,4.6125,0.55,0.55,0.0,0.75,0.4625,0.75,0.4625,0.25,0.0,0.0,1.0,5.0,5.0,5.0,6.0,5.0,6.0,2.0,6.0,5.0,6.0,2.0,2.0,3.496551724137931,0.9543103448275861,0.29137931034482756,NA,0.32033419404596924,0.9543103448275861,0.29137931034482756,0.0,0.0,0.0,0.0,0.0,OK,
corr_mix,all_only,cusum_factor_cov_lrt,1.0,0.25,budget_only,count,0.1,0.15,0.1,80,80,0,80,1.0,0.0,1.0,0.9543103448275861,0.29137931034482756,4.6125,0.55,0.55,0.0,0.75,0.4625,0.75,0.4625,0.25,0.0,0.0,1.0,5.0,5.0,5.0,6.0,5.0,6.0,2.0,6.0,5.0,6.0,2.0,2.0,3.496551724137931,0.9543103448275861,0.29137931034482756,NA,0.32033419404596924,0.9543103448275861,0.29137931034482756,0.0,0.0,0.0,0.0,0.0,OK,
corr_mix,all_only,cusum_factor_cov_lrt,1.0,0.35,budget_only,count,0.1,0.15,0.1,80,80,0,80,1.0,0.0,1.0,0.9543103448275861,0.29137931034482756,4.6125,0.55,0.55,0.0,0.75,0.4625,0.75,0.4625,0.25,0.0,0.0,1.0,5.0,5.0,5.0,6.0,5.0,6.0,2.0,6.0,5.0,6.0,2.0,2.0,3.496551724137931,0.9543103448275861,0.29137931034482756,NA,0.32033419404596924,0.9543103448275861,0.29137931034482756,0.0,0.0,0.0,0.0,0.0,OK,
corr_mix,all_only,cusum_factor_cov_lrt,1.0,0.5,budget_only,count,0.1,0.15,0.1,80,80,0,80,1.0,0.0,1.0,0.9543103448275861,0.29137931034482756,4.6125,0.55,0.55,0.0,0.75,0.4625,0.75,0.4625,0.25,0.0,0.0,1.0,5.0,5.0,5.0,6.0,5.0,6.0,2.0,6.0,5.0,6.0,2.0,2.0,3.496551724137931,0.9543103448275861,0.29137931034482756,NA,0.32033419404596924,0.9543103448275861,0.29137931034482756,0.0,0.0,0.0,0.0,0.0,OK,
corr_mix,all_only,ewma_factor_cov_lrt,INFEASIBLE,0.15,budget_only,count,INFEASIBLE,INFEASIBLE,INFEASIBLE,INFEASIBLE,INFEASIBLE,INFEASIBLE,INFEASIBLE,INFEASIBLE,INFEASIBLE,INFEASIBLE,INFEASIBLE,INFEASIBLE,INFEASIBLE,INFEASIBLE,INFEASIBLE,INFEASIBLE,INFEASIBLE,INFEASIBLE,INFEASIBLE,INFEASIBLE,INFEASIBLE,INFEASIBLE,INFEASIBLE,,INFEASIBLE,INFEASIBLE,INFEASIBLE,INFEASIBLE,INFEASIBLE,INFEASIBLE,INFEASIBLE,INFEASIBLE,INFEASIBLE,INFEASIBLE,INFEASIBLE,INFEASIBLE,INFEASIBLE,INFEASIBLE,INFEASIBLE,INFEASIBLE,INFEASIBLE,INFEASIBLE,INFEASIBLE,INFEASIBLE,INFEASIBLE,INFEASIBLE,INFEASIBLE,INFEASIBLE,INFEASIBLE,no_trials_in_band
corr_mix,all_only,ewma_factor_cov_lrt,INFEASIBLE,0.25,budget_only,count,INFEASIBLE,INFEASIBLE,INFEASIBLE,INFEASIBLE,INFEASIBLE,INFEASIBLE,INFEASIBLE,INFEASIBLE,INFEASIBLE,INFEASIBLE,INFEASIBLE,INFEASIBLE,INFEASIBLE,INFEASIBLE,INFEASIBLE,INFEASIBLE,INFEASIBLE,INFEASIBLE,INFEASIBLE,INFEASIBLE,INFEASIBLE,INFEASIBLE,INFEASIBLE,,INFEASIBLE,INFEASIBLE,INFEASIBLE,INFEASIBLE,INFEASIBLE,INFEASIBLE,INFEASIBLE,INFEASIBLE,INFEASIBLE,INFEASIBLE,INFEASIBLE,INFEASIBLE,INFEASIBLE,INFEASIBLE,INFEASIBLE,INFEASIBLE,INFEASIBLE,INFEASIBLE,INFEASIBLE,INFEASIBLE,INFEASIBLE,INFEASIBLE,INFEASIBLE,INFEASIBLE,INFEASIBLE,no_trials_in_band
corr_mix,all_only,ewma_factor_cov_lrt,INFEASIBLE,0.35,budget_only,count,INFEASIBLE,INFEASIBLE,INFEASIBLE,INFEASIBLE,INFEASIBLE,INFEASIBLE,INFEASIBLE,INFEASIBLE,INFEASIBLE,INFEASIBLE,INFEASIBLE,INFEASIBLE,INFEASIBLE,INFEASIBLE,INFEASIBLE,INFEASIBLE,INFEASIBLE,INFEASIBLE,INFEASIBLE,INFEASIBLE,INFEASIBLE,INFEASIBLE,INFEASIBLE,,INFEASIBLE,INFEASIBLE,INFEASIBLE,INFEASIBLE,INFEASIBLE,INFEASIBLE,INFEASIBLE,INFEASIBLE,INFEASIBLE,INFEASIBLE,INFEASIBLE,INFEASIBLE,INFEASIBLE,INFEASIBLE,INFEASIBLE,INFEASIBLE,INFEASIBLE,INFEASIBLE,INFEASIBLE,INFEASIBLE,INFEASIBLE,INFEASIBLE,INFEASIBLE,INFEASIBLE,INFEASIBLE,no_trials_in_band
corr_mix,all_only,ewma_factor_cov_lrt,INFEASIBLE,0.5,budget_only,count,INFEASIBLE,INFEASIBLE,INFEASIBLE,INFEASIBLE,INFEASIBLE,INFEASIBLE,INFEASIBLE,INFEASIBLE,INFEASIBLE,INFEASIBLE,INFEASIBLE,INFEASIBLE,INFEASIBLE,INFEASIBLE,INFEASIBLE,INFEASIBLE,INFEASIBLE,INFEASIBLE,INFEASIBLE,INFEASIBLE,INFEASIBLE,INFEASIBLE,INFEASIBLE,,INFEASIBLE,INFEASIBLE,INFEASIBLE,INFEASIBLE,INFEASIBLE,INFEASIBLE,INFEASIBLE,INFEASIBLE,INFEASIBLE,INFEASIBLE,INFEASIBLE,INFEASIBLE,INFEASIBLE,INFEASIBLE,INFEASIBLE,INFEASIBLE,INFEASIBLE,INFEASIBLE,INFEASIBLE,INFEASIBLE,INFEASIBLE,INFEASIBLE,INFEASIBLE,INFEASIBLE,INFEASIBLE,no_trials_in_band
corr_mix,all_only,factor_cov_change,INFEASIBLE,0.15,budget_only,count,INFEASIBLE,INFEASIBLE,INFEASIBLE,INFEASIBLE,INFEASIBLE,INFEASIBLE,INFEASIBLE,INFEASIBLE,INFEASIBLE,INFEASIBLE,INFEASIBLE,INFEASIBLE,INFEASIBLE,INFEASIBLE,INFEASIBLE,INFEASIBLE,INFEASIBLE,INFEASIBLE,INFEASIBLE,INFEASIBLE,INFEASIBLE,INFEASIBLE,INFEASIBLE,,INFEASIBLE,INFEASIBLE,INFEASIBLE,INFEASIBLE,INFEASIBLE,INFEASIBLE,INFEASIBLE,INFEASIBLE,INFEASIBLE,INFEASIBLE,INFEASIBLE,INFEASIBLE,INFEASIBLE,INFEASIBLE,INFEASIBLE,INFEASIBLE,INFEASIBLE,INFEASIBLE,INFEASIBLE,INFEASIBLE,INFEASIBLE,INFEASIBLE,INFEASIBLE,INFEASIBLE,INFEASIBLE,no_trials_in_band
corr_mix,all_only,factor_cov_change,INFEASIBLE,0.25,budget_only,count,INFEASIBLE,INFEASIBLE,INFEASIBLE,INFEASIBLE,INFEASIBLE,INFEASIBLE,INFEASIBLE,INFEASIBLE,INFEASIBLE,INFEASIBLE,INFEASIBLE,INFEASIBLE,INFEASIBLE,INFEASIBLE,INFEASIBLE,INFEASIBLE,INFEASIBLE,INFEASIBLE,INFEASIBLE,INFEASIBLE,INFEASIBLE,INFEASIBLE,INFEASIBLE,,INFEASIBLE,INFEASIBLE,INFEASIBLE,INFEASIBLE,INFEASIBLE,INFEASIBLE,INFEASIBLE,INFEASIBLE,INFEASIBLE,INFEASIBLE,INFEASIBLE,INFEASIBLE,INFEASIBLE,INFEASIBLE,INFEASIBLE,INFEASIBLE,INFEASIBLE,INFEASIBLE,INFEASIBLE,INFEASIBLE,INFEASIBLE,INFEASIBLE,INFEASIBLE,INFEASIBLE,INFEASIBLE,no_trials_in_band
corr_mix,all_only,factor_cov_change,INFEASIBLE,0.35,budget_only,count,INFEASIBLE,INFEASIBLE,INFEASIBLE,INFEASIBLE,INFEASIBLE,INFEASIBLE,INFEASIBLE,INFEASIBLE,INFEASIBLE,INFEASIBLE,INFEASIBLE,INFEASIBLE,INFEASIBLE,INFEASIBLE,INFEASIBLE,INFEASIBLE,INFEASIBLE,INFEASIBLE,INFEASIBLE,INFEASIBLE,INFEASIBLE,INFEASIBLE,INFEASIBLE,,INFEASIBLE,INFEASIBLE,INFEASIBLE,INFEASIBLE,INFEASIBLE,INFEASIBLE,INFEASIBLE,INFEASIBLE,INFEASIBLE,INFEASIBLE,INFEASIBLE,INFEASIBLE,INFEASIBLE,INFEASIBLE,INFEASIBLE,INFEASIBLE,INFEASIBLE,INFEASIBLE,INFEASIBLE,INFEASIBLE,INFEASIBLE,INFEASIBLE,INFEASIBLE,INFEASIBLE,INFEASIBLE,no_trials_in_band
corr_mix,all_only,factor_cov_change,INFEASIBLE,0.5,budget_only,count,INFEASIBLE,INFEASIBLE,INFEASIBLE,INFEASIBLE,INFEASIBLE,INFEASIBLE,INFEASIBLE,INFEASIBLE,INFEASIBLE,INFEASIBLE,INFEASIBLE,INFEASIBLE,INFEASIBLE,INFEASIBLE,INFEASIBLE,INFEASIBLE,INFEASIBLE,INFEASIBLE,INFEASIBLE,INFEASIBLE,INFEASIBLE,INFEASIBLE,INFEASIBLE,,INFEASIBLE,INFEASIBLE,INFEASIBLE,INFEASIBLE,INFEASIBLE,INFEASIBLE,INFEASIBLE,INFEASIBLE,INFEASIBLE,INFEASIBLE,INFEASIBLE,INFEASIBLE,INFEASIBLE,INFEASIBLE,INFEASIBLE,INFEASIBLE,INFEASIBLE,INFEASIBLE,INFEASIBLE,INFEASIBLE,INFEASIBLE,INFEASIBLE,INFEASIBLE,INFEASIBLE,INFEASIBLE,no_trials_in_band
corr_mix,all_only,factor_cov_delta,1.0,0.15,budget_only,count,0.1,0.15,0.1,80,67,10,67,0.8375,0.125,0.8375,0.8275862068965518,0.17858980957282558,4.0,0.1044776119402985,0.1044776119402985,0.0,0.14925373134328357,0.08955223880597014,0.14925373134328357,0.08955223880597014,0.04477611940298507,0.08955223880597014,0.08955223880597014,1.0,6.0,6.0,6.0,6.0,6.0,6.0,6.0,6.0,6.0,6.0,2.0,2.0,2.1430777148739066,0.8275862068965518,0.17858980957282558,0.0017667702842446864,0.0376154039958023,0.8275862068965518,0.17858980957282558,0.0,0.0,0.0,0.0,0.0,OK,
corr_mix,all_only,factor_cov_delta,1.0,0.25,budget_only,count,0.1,0.15,0.1,80,67,10,67,0.8375,0.125,0.8375,0.8275862068965518,0.17858980957282558,4.0,0.1044776119402985,0.1044776119402985,0.0,0.14925373134328357,0.08955223880597014,0.14925373134328357,0.08955223880597014,0.04477611940298507,0.08955223880597014,0.08955223880597014,1.0,6.0,6.0,6.0,6.0,6.0,6.0,6.0,6.0,6.0,6.0,2.0,2.0,2.1430777148739066,0.8275862068965518,0.17858980957282558,0.0017667702842446864,0.0376154039958023,0.8275862068965518,0.17858980957282558,0.0,0.0,0.0,0.0,0.0,OK,
corr_mix,all_only,factor_cov_delta,1.0,0.35,budget_only,count,0.1,0.15,0.1,80,67,10,67,0.8375,0.125,0.8375,0.8275862068965518,0.17858980957282558,4.0,0.1044776119402985,0.1044776119402985,0.0,0.14925373134328357,0.08955223880597014,0.14925373134328357,0.08955223880597014,0.04477611940298507,0.08955223880597014,0.08955223880597014,1.0,6.0,6.0,6.0,6.0,6.0,6.0,6.0,6.0,6.0,6.0,2.0,2.0,2.1430777148739066,0.8275862068965518,0.17858980957282558,0.0017667702842446864,0.0376154039958023,0.8275862068965518,0.17858980957282558,0.0,0.0,0.0,0.0,0.0,OK,
corr_mix,all_only,factor_cov_delta,1.0,0.5,budget_only,count,0.1,0.15,0.1,80,67,10,67,0.8375,0.125,0.8375,0.8275862068965518,0.17858980957282558,4.0,0.1044776119402985,0.1044776119402985,0.0,0.14925373134328357,0.08955223880597014,0.14925373134328357,0.08955223880597014,0.04477611940298507,0.08955223880597014,0.08955223880597014,1.0,6.0,6.0,6.0,6.0,6.0,6.0,6.0,6.0,6.0,6.0,2.0,2.0,2.1430777148739066,0.8275862068965518,0.17858980957282558,0.0017667702842446864,0.0376154039958023,0.8275862068965518,0.17858980957282558,0.0,0.0,0.0,0.0,0.0,OK,
corr_mix,all_only,factor_cov_lrt,1.0,0.15,budget_only,count,0.1,0.15,0.1,80,56,56,56,0.7,0.7,0.7,0.8275862068965517,0.13454433497536947,4.0,0.05357142857142857,0.05357142857142857,0.0,0.14285714285714285,0.08928571428571429,0.14285714285714285,0.08928571428571429,0.08928571428571429,0.08928571428571429,0.08928571428571429,1.0,6.0,6.0,6.0,6.0,6.0,6.0,6.0,6.0,6.0,6.0,5.0,5.0,1.6145320197044335,0.8275862068965517,0.13454433497536947,0.04333687118883528,0.15918625319458757,0.8275862068965517,0.13454433497536947,0.0,0.0,0.0,0.0,0.0,OK,
corr_mix,all_only,factor_cov_lrt,1.0,0.25,budget_only,count,0.1,0.15,0.1,80,56,56,56,0.7,0.7,0.7,0.8275862068965517,0.13454433497536947,4.0,0.05357142857142857,0.05357142857142857,0.0,0.14285714285714285,0.08928571428571429,0.14285714285714285,0.08928571428571429,0.08928571428571429,0.08928571428571429,0.08928571428571429,1.0,6.0,6.0,6.0,6.0,6.0,6.0,6.0,6.0,6.0,6.0,5.0,5.0,1.6145320197044335,0.8275862068965517,0.13454433497536947,0.04333687118883528,0.15918625319458757,0.8275862068965517,0.13454433497536947,0.0,0.0,0.0,0.0,0.0,OK,
corr_mix,all_only,factor_cov_lrt,1.0,0.35,budget_only,count,0.1,0.15,0.1,80,56,56,56,0.7,0.7,0.7,0.8275862068965517,0.13454433497536947,4.0,0.05357142857142857,0.05357142857142857,0.0,0.14285714285714285,0.08928571428571429,0.14285714285714285,0.08928571428571429,0.08928571428571429,0.08928571428571429,0.08928571428571429,1.0,6.0,6.0,6.0,6.0,6.0,6.0,6.0,6.0,6.0,6.0,5.0,5.0,1.6145320197044335,0.8275862068965517,0.13454433497536947,0.04333687118883528,0.15918625319458757,0.8275862068965517,0.13454433497536947,0.0,0.0,0.0,0.0,0.0,OK,
corr_mix,all_only,factor_cov_lrt,1.0,0.5,budget_only,count,0.1,0.15,0.1,80,56,56,56,0.7,0.7,0.7,0.8275862068965517,0.13454433497536947,4.0,0.05357142857142857,0.05357142857142857,0.0,0.14285714285714285,0.08928571428571429,0.14285714285714285,0.08928571428571429,0.08928571428571429,0.08928571428571429,0.08928571428571429,1.0,6.0,6.0,6.0,6.0,6.0,6.0,6.0,6.0,6.0,6.0,5.0,5.0,1.6145320197044335,0.8275862068965517,0.13454433497536947,0.04333687118883528,0.15918625319458757,0.8275862068965517,0.13454433497536947,0.0,0.0,0.0,0.0,0.0,OK,
corr_mix,all_only,factor_cov_lrt_delta,1.0,0.15,budget_only,count,0.1,0.15,0.1,80,57,57,57,0.7125,0.7125,0.7125,0.8275862068965518,0.1358136721113128,4.0,0.03508771929824561,0.03508771929824561,0.0,0.12280701754385964,0.08771929824561403,0.12280701754385964,0.08771929824561403,0.08771929824561403,0.08771929824561403,0.08771929824561403,1.0,6.0,6.0,6.0,6.0,6.0,6.0,6.0,6.0,6.0,6.0,5.0,5.0,1.6297640653357532,0.8275862068965518,0.1358136721113128,0.04497001038309266,-0.026761938491859746,0.8275862068965518,0.1358136721113128,0.0,0.0,0.0,0.0,0.0,OK,
corr_mix,all_only,factor_cov_lrt_delta,1.0,0.25,budget_only,count,0.1,0.15,0.1,80,57,57,57,0.7125,0.7125,0.7125,0.8275862068965518,0.1358136721113128,4.0,0.03508771929824561,0.03508771929824561,0.0,0.12280701754385964,0.08771929824561403,0.12280701754385964,0.08771929824561403,0.08771929824561403,0.08771929824561403,0.08771929824561403,1.0,6.0,6.0,6.0,6.0,6.0,6.0,6.0,6.0,6.0,6.0,5.0,5.0,1.6297640653357532,0.8275862068965518,0.1358136721113128,0.04497001038309266,-0.026761938491859746,0.8275862068965518,0.1358136721113128,0.0,0.0,0.0,0.0,0.0,OK,
corr_mix,all_only,factor_cov_lrt_delta,1.0,0.35,budget_only,count,0.1,0.15,0.1,80,57,57,57,0.7125,0.7125,0.7125,0.8275862068965518,0.1358136721113128,4.0,0.03508771929824561,0.03508771929824561,0.0,0.12280701754385964,0.08771929824561403,0.12280701754385964,0.08771929824561403,0.08771929824561403,0.08771929824561403,0.08771929824561403,1.0,6.0,6.0,6.0,6.0,6.0,6.0,6.0,6.0,6.0,6.0,5.0,5.0,1.6297640653357532,0.8275862068965518,0.1358136721113128,0.04497001038309266,-0.026761938491859746,0.8275862068965518,0.1358136721113128,0.0,0.0,0.0,0.0,0.0,OK,
corr_mix,all_only,factor_cov_lrt_delta,1.0,0.5,budget_only,count,0.1,0.15,0.1,80,57,57,57,0.7125,0.7125,0.7125,0.8275862068965518,0.1358136721113128,4.0,0.03508771929824561,0.03508771929824561,0.0,0.12280701754385964,0.08771929824561403,0.12280701754385964,0.08771929824561403,0.08771929824561403,0.08771929824561403,0.08771929824561403,1.0,6.0,6.0,6.0,6.0,6.0,6.0,6.0,6.0,6.0,6.0,5.0,5.0,1.6297640653357532,0.8275862068965518,0.1358136721113128,0.04497001038309266,-0.026761938491859746,0.8275862068965518,0.1358136721113128,0.0,0.0,0.0,0.0,0.0,OK,
corr_mix,all_only,fused_fisher,INFEASIBLE,0.15,budget_only,count,INFEASIBLE,INFEASIBLE,INFEASIBLE,INFEASIBLE,INFEASIBLE,INFEASIBLE,INFEASIBLE,INFEASIBLE,INFEASIBLE,INFEASIBLE,INFEASIBLE,INFEASIBLE,INFEASIBLE,INFEASIBLE,INFEASIBLE,INFEASIBLE,INFEASIBLE,INFEASIBLE,INFEASIBLE,INFEASIBLE,INFEASIBLE,INFEASIBLE,INFEASIBLE,,INFEASIBLE,INFEASIBLE,INFEASIBLE,INFEASIBLE,INFEASIBLE,INFEASIBLE,INFEASIBLE,INFEASIBLE,INFEASIBLE,INFEASIBLE,INFEASIBLE,INFEASIBLE,INFEASIBLE,INFEASIBLE,INFEASIBLE,INFEASIBLE,INFEASIBLE,INFEASIBLE,INFEASIBLE,INFEASIBLE,INFEASIBLE,INFEASIBLE,INFEASIBLE,INFEASIBLE,INFEASIBLE,no_trials_in_band
corr_mix,all_only,fused_fisher,INFEASIBLE,0.25,budget_only,count,INFEASIBLE,INFEASIBLE,INFEASIBLE,INFEASIBLE,INFEASIBLE,INFEASIBLE,INFEASIBLE,INFEASIBLE,INFEASIBLE,INFEASIBLE,INFEASIBLE,INFEASIBLE,INFEASIBLE,INFEASIBLE,INFEASIBLE,INFEASIBLE,INFEASIBLE,INFEASIBLE,INFEASIBLE,INFEASIBLE,INFEASIBLE,INFEASIBLE,INFEASIBLE,,INFEASIBLE,INFEASIBLE,INFEASIBLE,INFEASIBLE,INFEASIBLE,INFEASIBLE,INFEASIBLE,INFEASIBLE,INFEASIBLE,INFEASIBLE,INFEASIBLE,INFEASIBLE,INFEASIBLE,INFEASIBLE,INFEASIBLE,INFEASIBLE,INFEASIBLE,INFEASIBLE,INFEASIBLE,INFEASIBLE,INFEASIBLE,INFEASIBLE,INFEASIBLE,INFEASIBLE,INFEASIBLE,no_trials_in_band
corr_mix,all_only,fused_fisher,INFEASIBLE,0.35,budget_only,count,INFEASIBLE,INFEASIBLE,INFEASIBLE,INFEASIBLE,INFEASIBLE,INFEASIBLE,INFEASIBLE,INFEASIBLE,INFEASIBLE,INFEASIBLE,INFEASIBLE,INFEASIBLE,INFEASIBLE,INFEASIBLE,INFEASIBLE,INFEASIBLE,INFEASIBLE,INFEASIBLE,INFEASIBLE,INFEASIBLE,INFEASIBLE,INFEASIBLE,INFEASIBLE,,INFEASIBLE,INFEASIBLE,INFEASIBLE,INFEASIBLE,INFEASIBLE,INFEASIBLE,INFEASIBLE,INFEASIBLE,INFEASIBLE,INFEASIBLE,INFEASIBLE,INFEASIBLE,INFEASIBLE,INFEASIBLE,INFEASIBLE,INFEASIBLE,INFEASIBLE,INFEASIBLE,INFEASIBLE,INFEASIBLE,INFEASIBLE,INFEASIBLE,INFEASIBLE,INFEASIBLE,INFEASIBLE,no_trials_in_band
corr_mix,all_only,fused_fisher,INFEASIBLE,0.5,budget_only,count,INFEASIBLE,INFEASIBLE,INFEASIBLE,INFEASIBLE,INFEASIBLE,INFEASIBLE,INFEASIBLE,INFEASIBLE,INFEASIBLE,INFEASIBLE,INFEASIBLE,INFEASIBLE,INFEASIBLE,INFEASIBLE,INFEASIBLE,INFEASIBLE,INFEASIBLE,INFEASIBLE,INFEASIBLE,INFEASIBLE,INFEASIBLE,INFEASIBLE,INFEASIBLE,,INFEASIBLE,INFEASIBLE,INFEASIBLE,INFEASIBLE,INFEASIBLE,INFEASIBLE,INFEASIBLE,INFEASIBLE,INFEASIBLE,INFEASIBLE,INFEASIBLE,INFEASIBLE,INFEASIBLE,INFEASIBLE,INFEASIBLE,INFEASIBLE,INFEASIBLE,INFEASIBLE,INFEASIBLE,INFEASIBLE,INFEASIBLE,INFEASIBLE,INFEASIBLE,INFEASIBLE,INFEASIBLE,no_trials_in_band
corr_mix,all_only,fused_fisher_lrt_delta,INFEASIBLE,0.15,budget_only,count,INFEASIBLE,INFEASIBLE,INFEASIBLE,INFEASIBLE,INFEASIBLE,INFEASIBLE,INFEASIBLE,INFEASIBLE,INFEASIBLE,INFEASIBLE,INFEASIBLE,INFEASIBLE,INFEASIBLE,INFEASIBLE,INFEASIBLE,INFEASIBLE,INFEASIBLE,INFEASIBLE,INFEASIBLE,INFEASIBLE,INFEASIBLE,INFEASIBLE,INFEASIBLE,,INFEASIBLE,INFEASIBLE,INFEASIBLE,INFEASIBLE,INFEASIBLE,INFEASIBLE,INFEASIBLE,INFEASIBLE,INFEASIBLE,INFEASIBLE,INFEASIBLE,INFEASIBLE,INFEASIBLE,INFEASIBLE,INFEASIBLE,INFEASIBLE,INFEASIBLE,INFEASIBLE,INFEASIBLE,INFEASIBLE,INFEASIBLE,INFEASIBLE,INFEASIBLE,INFEASIBLE,INFEASIBLE,no_trials_in_band
corr_mix,all_only,fused_fisher_lrt_delta,INFEASIBLE,0.25,budget_only,count,INFEASIBLE,INFEASIBLE,INFEASIBLE,INFEASIBLE,INFEASIBLE,INFEASIBLE,INFEASIBLE,INFEASIBLE,INFEASIBLE,INFEASIBLE,INFEASIBLE,INFEASIBLE,INFEASIBLE,INFEASIBLE,INFEASIBLE,INFEASIBLE,INFEASIBLE,INFEASIBLE,INFEASIBLE,INFEASIBLE,INFEASIBLE,INFEASIBLE,INFEASIBLE,,INFEASIBLE,INFEASIBLE,INFEASIBLE,INFEASIBLE,INFEASIBLE,INFEASIBLE,INFEASIBLE,INFEASIBLE,INFEASIBLE,INFEASIBLE,INFEASIBLE,INFEASIBLE,INFEASIBLE,INFEASIBLE,INFEASIBLE,INFEASIBLE,INFEASIBLE,INFEASIBLE,INFEASIBLE,INFEASIBLE,INFEASIBLE,INFEASIBLE,INFEASIBLE,INFEASIBLE,INFEASIBLE,no_trials_in_band
corr_mix,all_only,fused_fisher_lrt_delta,INFEASIBLE,0.35,budget_only,count,INFEASIBLE,INFEASIBLE,INFEASIBLE,INFEASIBLE,INFEASIBLE,INFEASIBLE,INFEASIBLE,INFEASIBLE,INFEASIBLE,INFEASIBLE,INFEASIBLE,INFEASIBLE,INFEASIBLE,INFEASIBLE,INFEASIBLE,INFEASIBLE,INFEASIBLE,INFEASIBLE,INFEASIBLE,INFEASIBLE,INFEASIBLE,INFEASIBLE,INFEASIBLE,,INFEASIBLE,INFEASIBLE,INFEASIBLE,INFEASIBLE,INFEASIBLE,INFEASIBLE,INFEASIBLE,INFEASIBLE,INFEASIBLE,INFEASIBLE,INFEASIBLE,INFEASIBLE,INFEASIBLE,INFEASIBLE,INFEASIBLE,INFEASIBLE,INFEASIBLE,INFEASIBLE,INFEASIBLE,INFEASIBLE,INFEASIBLE,INFEASIBLE,INFEASIBLE,INFEASIBLE,INFEASIBLE,no_trials_in_band
corr_mix,all_only,fused_fisher_lrt_delta,INFEASIBLE,0.5,budget_only,count,INFEASIBLE,INFEASIBLE,INFEASIBLE,INFEASIBLE,INFEASIBLE,INFEASIBLE,INFEASIBLE,INFEASIBLE,INFEASIBLE,INFEASIBLE,INFEASIBLE,INFEASIBLE,INFEASIBLE,INFEASIBLE,INFEASIBLE,INFEASIBLE,INFEASIBLE,INFEASIBLE,INFEASIBLE,INFEASIBLE,INFEASIBLE,INFEASIBLE,INFEASIBLE,,INFEASIBLE,INFEASIBLE,INFEASIBLE,INFEASIBLE,INFEASIBLE,INFEASIBLE,INFEASIBLE,INFEASIBLE,INFEASIBLE,INFEASIBLE,INFEASIBLE,INFEASIBLE,INFEASIBLE,INFEASIBLE,INFEASIBLE,INFEASIBLE,INFEASIBLE,INFEASIBLE,INFEASIBLE,INFEASIBLE,INFEASIBLE,INFEASIBLE,INFEASIBLE,INFEASIBLE,INFEASIBLE,no_trials_in_band
corr_mix,all_only,fused_sp,INFEASIBLE,0.15,budget_only,count,INFEASIBLE,INFEASIBLE,INFEASIBLE,INFEASIBLE,INFEASIBLE,INFEASIBLE,INFEASIBLE,INFEASIBLE,INFEASIBLE,INFEASIBLE,INFEASIBLE,INFEASIBLE,INFEASIBLE,INFEASIBLE,INFEASIBLE,INFEASIBLE,INFEASIBLE,INFEASIBLE,INFEASIBLE,INFEASIBLE,INFEASIBLE,INFEASIBLE,INFEASIBLE,,INFEASIBLE,INFEASIBLE,INFEASIBLE,INFEASIBLE,INFEASIBLE,INFEASIBLE,INFEASIBLE,INFEASIBLE,INFEASIBLE,INFEASIBLE,INFEASIBLE,INFEASIBLE,INFEASIBLE,INFEASIBLE,INFEASIBLE,INFEASIBLE,INFEASIBLE,INFEASIBLE,INFEASIBLE,INFEASIBLE,INFEASIBLE,INFEASIBLE,INFEASIBLE,INFEASIBLE,INFEASIBLE,no_trials_in_band
corr_mix,all_only,fused_sp,INFEASIBLE,0.25,budget_only,count,INFEASIBLE,INFEASIBLE,INFEASIBLE,INFEASIBLE,INFEASIBLE,INFEASIBLE,INFEASIBLE,INFEASIBLE,INFEASIBLE,INFEASIBLE,INFEASIBLE,INFEASIBLE,INFEASIBLE,INFEASIBLE,INFEASIBLE,INFEASIBLE,INFEASIBLE,INFEASIBLE,INFEASIBLE,INFEASIBLE,INFEASIBLE,INFEASIBLE,INFEASIBLE,,INFEASIBLE,INFEASIBLE,INFEASIBLE,INFEASIBLE,INFEASIBLE,INFEASIBLE,INFEASIBLE,INFEASIBLE,INFEASIBLE,INFEASIBLE,INFEASIBLE,INFEASIBLE,INFEASIBLE,INFEASIBLE,INFEASIBLE,INFEASIBLE,INFEASIBLE,INFEASIBLE,INFEASIBLE,INFEASIBLE,INFEASIBLE,INFEASIBLE,INFEASIBLE,INFEASIBLE,INFEASIBLE,no_trials_in_band
corr_mix,all_only,fused_sp,INFEASIBLE,0.35,budget_only,count,INFEASIBLE,INFEASIBLE,INFEASIBLE,INFEASIBLE,INFEASIBLE,INFEASIBLE,INFEASIBLE,INFEASIBLE,INFEASIBLE,INFEASIBLE,INFEASIBLE,INFEASIBLE,INFEASIBLE,INFEASIBLE,INFEASIBLE,INFEASIBLE,INFEASIBLE,INFEASIBLE,INFEASIBLE,INFEASIBLE,INFEASIBLE,INFEASIBLE,INFEASIBLE,,INFEASIBLE,INFEASIBLE,INFEASIBLE,INFEASIBLE,INFEASIBLE,INFEASIBLE,INFEASIBLE,INFEASIBLE,INFEASIBLE,INFEASIBLE,INFEASIBLE,INFEASIBLE,INFEASIBLE,INFEASIBLE,INFEASIBLE,INFEASIBLE,INFEASIBLE,INFEASIBLE,INFEASIBLE,INFEASIBLE,INFEASIBLE,INFEASIBLE,INFEASIBLE,INFEASIBLE,INFEASIBLE,no_trials_in_band
corr_mix,all_only,fused_sp,INFEASIBLE,0.5,budget_only,count,INFEASIBLE,INFEASIBLE,INFEASIBLE,INFEASIBLE,INFEASIBLE,INFEASIBLE,INFEASIBLE,INFEASIBLE,INFEASIBLE,INFEASIBLE,INFEASIBLE,INFEASIBLE,INFEASIBLE,INFEASIBLE,INFEASIBLE,INFEASIBLE,INFEASIBLE,INFEASIBLE,INFEASIBLE,INFEASIBLE,INFEASIBLE,INFEASIBLE,INFEASIBLE,,INFEASIBLE,INFEASIBLE,INFEASIBLE,INFEASIBLE,INFEASIBLE,INFEASIBLE,INFEASIBLE,INFEASIBLE,INFEASIBLE,INFEASIBLE,INFEASIBLE,INFEASIBLE,INFEASIBLE,INFEASIBLE,INFEASIBLE,INFEASIBLE,INFEASIBLE,INFEASIBLE,INFEASIBLE,INFEASIBLE,INFEASIBLE,INFEASIBLE,INFEASIBLE,INFEASIBLE,INFEASIBLE,no_trials_in_band
corr_mix,all_only,fused_sp_lrt_delta,INFEASIBLE,0.15,budget_only,count,INFEASIBLE,INFEASIBLE,INFEASIBLE,INFEASIBLE,INFEASIBLE,INFEASIBLE,INFEASIBLE,INFEASIBLE,INFEASIBLE,INFEASIBLE,INFEASIBLE,INFEASIBLE,INFEASIBLE,INFEASIBLE,INFEASIBLE,INFEASIBLE,INFEASIBLE,INFEASIBLE,INFEASIBLE,INFEASIBLE,INFEASIBLE,INFEASIBLE,INFEASIBLE,,INFEASIBLE,INFEASIBLE,INFEASIBLE,INFEASIBLE,INFEASIBLE,INFEASIBLE,INFEASIBLE,INFEASIBLE,INFEASIBLE,INFEASIBLE,INFEASIBLE,INFEASIBLE,INFEASIBLE,INFEASIBLE,INFEASIBLE,INFEASIBLE,INFEASIBLE,INFEASIBLE,INFEASIBLE,INFEASIBLE,INFEASIBLE,INFEASIBLE,INFEASIBLE,INFEASIBLE,INFEASIBLE,no_trials_in_band
corr_mix,all_only,fused_sp_lrt_delta,INFEASIBLE,0.25,budget_only,count,INFEASIBLE,INFEASIBLE,INFEASIBLE,INFEASIBLE,INFEASIBLE,INFEASIBLE,INFEASIBLE,INFEASIBLE,INFEASIBLE,INFEASIBLE,INFEASIBLE,INFEASIBLE,INFEASIBLE,INFEASIBLE,INFEASIBLE,INFEASIBLE,INFEASIBLE,INFEASIBLE,INFEASIBLE,INFEASIBLE,INFEASIBLE,INFEASIBLE,INFEASIBLE,,INFEASIBLE,INFEASIBLE,INFEASIBLE,INFEASIBLE,INFEASIBLE,INFEASIBLE,INFEASIBLE,INFEASIBLE,INFEASIBLE,INFEASIBLE,INFEASIBLE,INFEASIBLE,INFEASIBLE,INFEASIBLE,INFEASIBLE,INFEASIBLE,INFEASIBLE,INFEASIBLE,INFEASIBLE,INFEASIBLE,INFEASIBLE,INFEASIBLE,INFEASIBLE,INFEASIBLE,INFEASIBLE,no_trials_in_band
corr_mix,all_only,fused_sp_lrt_delta,INFEASIBLE,0.35,budget_only,count,INFEASIBLE,INFEASIBLE,INFEASIBLE,INFEASIBLE,INFEASIBLE,INFEASIBLE,INFEASIBLE,INFEASIBLE,INFEASIBLE,INFEASIBLE,INFEASIBLE,INFEASIBLE,INFEASIBLE,INFEASIBLE,INFEASIBLE,INFEASIBLE,INFEASIBLE,INFEASIBLE,INFEASIBLE,INFEASIBLE,INFEASIBLE,INFEASIBLE,INFEASIBLE,,INFEASIBLE,INFEASIBLE,INFEASIBLE,INFEASIBLE,INFEASIBLE,INFEASIBLE,INFEASIBLE,INFEASIBLE,INFEASIBLE,INFEASIBLE,INFEASIBLE,INFEASIBLE,INFEASIBLE,INFEASIBLE,INFEASIBLE,INFEASIBLE,INFEASIBLE,INFEASIBLE,INFEASIBLE,INFEASIBLE,INFEASIBLE,INFEASIBLE,INFEASIBLE,INFEASIBLE,INFEASIBLE,no_trials_in_band
corr_mix,all_only,fused_sp_lrt_delta,INFEASIBLE,0.5,budget_only,count,INFEASIBLE,INFEASIBLE,INFEASIBLE,INFEASIBLE,INFEASIBLE,INFEASIBLE,INFEASIBLE,INFEASIBLE,INFEASIBLE,INFEASIBLE,INFEASIBLE,INFEASIBLE,INFEASIBLE,INFEASIBLE,INFEASIBLE,INFEASIBLE,INFEASIBLE,INFEASIBLE,INFEASIBLE,INFEASIBLE,INFEASIBLE,INFEASIBLE,INFEASIBLE,,INFEASIBLE,INFEASIBLE,INFEASIBLE,INFEASIBLE,INFEASIBLE,INFEASIBLE,INFEASIBLE,INFEASIBLE,INFEASIBLE,INFEASIBLE,INFEASIBLE,INFEASIBLE,INFEASIBLE,INFEASIBLE,INFEASIBLE,INFEASIBLE,INFEASIBLE,INFEASIBLE,INFEASIBLE,INFEASIBLE,INFEASIBLE,INFEASIBLE,INFEASIBLE,INFEASIBLE,INFEASIBLE,no_trials_in_band
corr_mix,all_only,max_abs,1.0,0.15,budget_only,count,0.1,0.15,0.1,80,59,15,59,0.7375,0.1875,0.7375,0.8275862068965519,0.1729982466393922,4.0,0.15254237288135594,0.15254237288135594,0.0,0.3050847457627119,0.2033898305084746,0.3050847457627119,0.2033898305084746,0.15254237288135594,0.15254237288135594,0.15254237288135594,1.0,6.0,6.0,6.0,6.0,6.0,6.0,6.0,6.0,6.0,6.0,2.0,2.0,2.0759789596727067,0.8275862068965519,0.1729982466393922,0.00011849102014606121,-0.026369412401493566,0.8275862068965519,0.1729982466393922,0.0,0.0,0.0,0.0,0.0,OK,
corr_mix,all_only,max_abs,1.0,0.25,budget_only,count,0.1,0.15,0.1,80,59,15,59,0.7375,0.1875,0.7375,0.8275862068965519,0.1729982466393922,4.0,0.15254237288135594,0.15254237288135594,0.0,0.3050847457627119,0.2033898305084746,0.3050847457627119,0.2033898305084746,0.15254237288135594,0.15254237288135594,0.15254237288135594,1.0,6.0,6.0,6.0,6.0,6.0,6.0,6.0,6.0,6.0,6.0,2.0,2.0,2.0759789596727067,0.8275862068965519,0.1729982466393922,0.00011849102014606121,-0.026369412401493566,0.8275862068965519,0.1729982466393922,0.0,0.0,0.0,0.0,0.0,OK,
corr_mix,all_only,max_abs,1.0,0.35,budget_only,count,0.1,0.15,0.1,80,59,15,59,0.7375,0.1875,0.7375,0.8275862068965519,0.1729982466393922,4.0,0.15254237288135594,0.15254237288135594,0.0,0.3050847457627119,0.2033898305084746,0.3050847457627119,0.2033898305084746,0.15254237288135594,0.15254237288135594,0.15254237288135594,1.0,6.0,6.0,6.0,6.0,6.0,6.0,6.0,6.0,6.0,6.0,2.0,2.0,2.0759789596727067,0.8275862068965519,0.1729982466393922,0.00011849102014606121,-0.026369412401493566,0.8275862068965519,0.1729982466393922,0.0,0.0,0.0,0.0,0.0,OK,
corr_mix,all_only,max_abs,1.0,0.5,budget_only,count,0.1,0.15,0.1,80,59,15,59,0.7375,0.1875,0.7375,0.8275862068965519,0.1729982466393922,4.0,0.15254237288135594,0.15254237288135594,0.0,0.3050847457627119,0.2033898305084746,0.3050847457627119,0.2033898305084746,0.15254237288135594,0.15254237288135594,0.15254237288135594,1.0,6.0,6.0,6.0,6.0,6.0,6.0,6.0,6.0,6.0,6.0,2.0,2.0,2.0759789596727067,0.8275862068965519,0.1729982466393922,0.00011849102014606121,-0.026369412401493566,0.8275862068965519,0.1729982466393922,0.0,0.0,0.0,0.0,0.0,OK,
corr_mix,all_only,pc_t2,INFEASIBLE,0.15,budget_only,count,INFEASIBLE,INFEASIBLE,INFEASIBLE,INFEASIBLE,INFEASIBLE,INFEASIBLE,INFEASIBLE,INFEASIBLE,INFEASIBLE,INFEASIBLE,INFEASIBLE,INFEASIBLE,INFEASIBLE,INFEASIBLE,INFEASIBLE,INFEASIBLE,INFEASIBLE,INFEASIBLE,INFEASIBLE,INFEASIBLE,INFEASIBLE,INFEASIBLE,INFEASIBLE,,INFEASIBLE,INFEASIBLE,INFEASIBLE,INFEASIBLE,INFEASIBLE,INFEASIBLE,INFEASIBLE,INFEASIBLE,INFEASIBLE,INFEASIBLE,INFEASIBLE,INFEASIBLE,INFEASIBLE,INFEASIBLE,INFEASIBLE,INFEASIBLE,INFEASIBLE,INFEASIBLE,INFEASIBLE,INFEASIBLE,INFEASIBLE,INFEASIBLE,INFEASIBLE,INFEASIBLE,INFEASIBLE,no_trials_in_band
corr_mix,all_only,pc_t2,INFEASIBLE,0.25,budget_only,count,INFEASIBLE,INFEASIBLE,INFEASIBLE,INFEASIBLE,INFEASIBLE,INFEASIBLE,INFEASIBLE,INFEASIBLE,INFEASIBLE,INFEASIBLE,INFEASIBLE,INFEASIBLE,INFEASIBLE,INFEASIBLE,INFEASIBLE,INFEASIBLE,INFEASIBLE,INFEASIBLE,INFEASIBLE,INFEASIBLE,INFEASIBLE,INFEASIBLE,INFEASIBLE,,INFEASIBLE,INFEASIBLE,INFEASIBLE,INFEASIBLE,INFEASIBLE,INFEASIBLE,INFEASIBLE,INFEASIBLE,INFEASIBLE,INFEASIBLE,INFEASIBLE,INFEASIBLE,INFEASIBLE,INFEASIBLE,INFEASIBLE,INFEASIBLE,INFEASIBLE,INFEASIBLE,INFEASIBLE,INFEASIBLE,INFEASIBLE,INFEASIBLE,INFEASIBLE,INFEASIBLE,INFEASIBLE,no_trials_in_band
corr_mix,all_only,pc_t2,INFEASIBLE,0.35,budget_only,count,INFEASIBLE,INFEASIBLE,INFEASIBLE,INFEASIBLE,INFEASIBLE,INFEASIBLE,INFEASIBLE,INFEASIBLE,INFEASIBLE,INFEASIBLE,INFEASIBLE,INFEASIBLE,INFEASIBLE,INFEASIBLE,INFEASIBLE,INFEASIBLE,INFEASIBLE,INFEASIBLE,INFEASIBLE,INFEASIBLE,INFEASIBLE,INFEASIBLE,INFEASIBLE,,INFEASIBLE,INFEASIBLE,INFEASIBLE,INFEASIBLE,INFEASIBLE,INFEASIBLE,INFEASIBLE,INFEASIBLE,INFEASIBLE,INFEASIBLE,INFEASIBLE,INFEASIBLE,INFEASIBLE,INFEASIBLE,INFEASIBLE,INFEASIBLE,INFEASIBLE,INFEASIBLE,INFEASIBLE,INFEASIBLE,INFEASIBLE,INFEASIBLE,INFEASIBLE,INFEASIBLE,INFEASIBLE,no_trials_in_band
corr_mix,all_only,pc_t2,INFEASIBLE,0.5,budget_only,count,INFEASIBLE,INFEASIBLE,INFEASIBLE,INFEASIBLE,INFEASIBLE,INFEASIBLE,INFEASIBLE,INFEASIBLE,INFEASIBLE,INFEASIBLE,INFEASIBLE,INFEASIBLE,INFEASIBLE,INFEASIBLE,INFEASIBLE,INFEASIBLE,INFEASIBLE,INFEASIBLE,INFEASIBLE,INFEASIBLE,INFEASIBLE,INFEASIBLE,INFEASIBLE,,INFEASIBLE,INFEASIBLE,INFEASIBLE,INFEASIBLE,INFEASIBLE,INFEASIBLE,INFEASIBLE,INFEASIBLE,INFEASIBLE,INFEASIBLE,INFEASIBLE,INFEASIBLE,INFEASIBLE,INFEASIBLE,INFEASIBLE,INFEASIBLE,INFEASIBLE,INFEASIBLE,INFEASIBLE,INFEASIBLE,INFEASIBLE,INFEASIBLE,INFEASIBLE,INFEASIBLE,INFEASIBLE,no_trials_in_band
corr_mix,all_only,res_energy,INFEASIBLE,0.15,budget_only,count,INFEASIBLE,INFEASIBLE,INFEASIBLE,INFEASIBLE,INFEASIBLE,INFEASIBLE,INFEASIBLE,INFEASIBLE,INFEASIBLE,INFEASIBLE,INFEASIBLE,INFEASIBLE,INFEASIBLE,INFEASIBLE,INFEASIBLE,INFEASIBLE,INFEASIBLE,INFEASIBLE,INFEASIBLE,INFEASIBLE,INFEASIBLE,INFEASIBLE,INFEASIBLE,,INFEASIBLE,INFEASIBLE,INFEASIBLE,INFEASIBLE,INFEASIBLE,INFEASIBLE,INFEASIBLE,INFEASIBLE,INFEASIBLE,INFEASIBLE,INFEASIBLE,INFEASIBLE,INFEASIBLE,INFEASIBLE,INFEASIBLE,INFEASIBLE,INFEASIBLE,INFEASIBLE,INFEASIBLE,INFEASIBLE,INFEASIBLE,INFEASIBLE,INFEASIBLE,INFEASIBLE,INFEASIBLE,no_trials_in_band
corr_mix,all_only,res_energy,INFEASIBLE,0.25,budget_only,count,INFEASIBLE,INFEASIBLE,INFEASIBLE,INFEASIBLE,INFEASIBLE,INFEASIBLE,INFEASIBLE,INFEASIBLE,INFEASIBLE,INFEASIBLE,INFEASIBLE,INFEASIBLE,INFEASIBLE,INFEASIBLE,INFEASIBLE,INFEASIBLE,INFEASIBLE,INFEASIBLE,INFEASIBLE,INFEASIBLE,INFEASIBLE,INFEASIBLE,INFEASIBLE,,INFEASIBLE,INFEASIBLE,INFEASIBLE,INFEASIBLE,INFEASIBLE,INFEASIBLE,INFEASIBLE,INFEASIBLE,INFEASIBLE,INFEASIBLE,INFEASIBLE,INFEASIBLE,INFEASIBLE,INFEASIBLE,INFEASIBLE,INFEASIBLE,INFEASIBLE,INFEASIBLE,INFEASIBLE,INFEASIBLE,INFEASIBLE,INFEASIBLE,INFEASIBLE,INFEASIBLE,INFEASIBLE,no_trials_in_band
corr_mix,all_only,res_energy,INFEASIBLE,0.35,budget_only,count,INFEASIBLE,INFEASIBLE,INFEASIBLE,INFEASIBLE,INFEASIBLE,INFEASIBLE,INFEASIBLE,INFEASIBLE,INFEASIBLE,INFEASIBLE,INFEASIBLE,INFEASIBLE,INFEASIBLE,INFEASIBLE,INFEASIBLE,INFEASIBLE,INFEASIBLE,INFEASIBLE,INFEASIBLE,INFEASIBLE,INFEASIBLE,INFEASIBLE,INFEASIBLE,,INFEASIBLE,INFEASIBLE,INFEASIBLE,INFEASIBLE,INFEASIBLE,INFEASIBLE,INFEASIBLE,INFEASIBLE,INFEASIBLE,INFEASIBLE,INFEASIBLE,INFEASIBLE,INFEASIBLE,INFEASIBLE,INFEASIBLE,INFEASIBLE,INFEASIBLE,INFEASIBLE,INFEASIBLE,INFEASIBLE,INFEASIBLE,INFEASIBLE,INFEASIBLE,INFEASIBLE,INFEASIBLE,no_trials_in_band
corr_mix,all_only,res_energy,INFEASIBLE,0.5,budget_only,count,INFEASIBLE,INFEASIBLE,INFEASIBLE,INFEASIBLE,INFEASIBLE,INFEASIBLE,INFEASIBLE,INFEASIBLE,INFEASIBLE,INFEASIBLE,INFEASIBLE,INFEASIBLE,INFEASIBLE,INFEASIBLE,INFEASIBLE,INFEASIBLE,INFEASIBLE,INFEASIBLE,INFEASIBLE,INFEASIBLE,INFEASIBLE,INFEASIBLE,INFEASIBLE,,INFEASIBLE,INFEASIBLE,INFEASIBLE,INFEASIBLE,INFEASIBLE,INFEASIBLE,INFEASIBLE,INFEASIBLE,INFEASIBLE,INFEASIBLE,INFEASIBLE,INFEASIBLE,INFEASIBLE,INFEASIBLE,INFEASIBLE,INFEASIBLE,INFEASIBLE,INFEASIBLE,INFEASIBLE,INFEASIBLE,INFEASIBLE,INFEASIBLE,INFEASIBLE,INFEASIBLE,INFEASIBLE,no_trials_in_band
corr_mix,all_only,stale,1.0,0.15,budget_only,count,0.1,0.15,0.1,80,55,55,55,0.6875,0.6875,0.6875,0.8275862068965522,0.14326018808777427,4.0,0.10909090909090909,0.10909090909090909,0.0,0.18181818181818182,0.10909090909090909,0.18181818181818182,0.10909090909090909,0.07272727272727272,0.10909090909090909,0.10909090909090909,1.0,6.0,6.0,6.0,6.0,6.0,6.0,6.0,6.0,6.0,6.0,2.5,2.5,1.7191222570532916,0.8275862068965522,0.14326018808777427,0.21560422712700347,0.4818181818181818,0.8275862068965522,0.14326018808777427,0.0,0.0,0.0,0.0,0.0,OK,
corr_mix,all_only,stale,1.0,0.25,budget_only,count,0.1,0.15,0.1,80,55,55,55,0.6875,0.6875,0.6875,0.8275862068965522,0.14326018808777427,4.0,0.10909090909090909,0.10909090909090909,0.0,0.18181818181818182,0.10909090909090909,0.18181818181818182,0.10909090909090909,0.07272727272727272,0.10909090909090909,0.10909090909090909,1.0,6.0,6.0,6.0,6.0,6.0,6.0,6.0,6.0,6.0,6.0,2.5,2.5,1.7191222570532916,0.8275862068965522,0.14326018808777427,0.21560422712700347,0.4818181818181818,0.8275862068965522,0.14326018808777427,0.0,0.0,0.0,0.0,0.0,OK,
corr_mix,all_only,stale,1.0,0.35,budget_only,count,0.1,0.15,0.1,80,55,55,55,0.6875,0.6875,0.6875,0.8275862068965522,0.14326018808777427,4.0,0.10909090909090909,0.10909090909090909,0.0,0.18181818181818182,0.10909090909090909,0.18181818181818182,0.10909090909090909,0.07272727272727272,0.10909090909090909,0.10909090909090909,1.0,6.0,6.0,6.0,6.0,6.0,6.0,6.0,6.0,6.0,6.0,2.5,2.5,1.7191222570532916,0.8275862068965522,0.14326018808777427,0.21560422712700347,0.4818181818181818,0.8275862068965522,0.14326018808777427,0.0,0.0,0.0,0.0,0.0,OK,
corr_mix,all_only,stale,1.0,0.5,budget_only,count,0.1,0.15,0.1,80,55,55,55,0.6875,0.6875,0.6875,0.8275862068965522,0.14326018808777427,4.0,0.10909090909090909,0.10909090909090909,0.0,0.18181818181818182,0.10909090909090909,0.18181818181818182,0.10909090909090909,0.07272727272727272,0.10909090909090909,0.10909090909090909,1.0,6.0,6.0,6.0,6.0,6.0,6.0,6.0,6.0,6.0,6.0,2.5,2.5,1.7191222570532916,0.8275862068965522,0.14326018808777427,0.21560422712700347,0.4818181818181818,0.8275862068965522,0.14326018808777427,0.0,0.0,0.0,0.0,0.0,OK,
corr_mix,full,T2,1.0,0.15,budget_only,count,0.1,0.15,0.1,80,65,11,65,0.8125,0.1375,0.8125,0.8275862068965517,0.17745358090185678,4.0,0.1076923076923077,0.1076923076923077,0.0,0.18461538461538463,0.12307692307692308,0.18461538461538463,0.12307692307692308,0.07692307692307693,0.1076923076923077,0.1076923076923077,1.0,6.0,6.0,6.0,6.0,6.0,6.0,6.0,6.0,6.0,6.0,2.0,2.0,2.1294429708222813,0.8275862068965517,0.17745358090185678,0.0028383888060781975,0.03496442096228826,0.8275862068965517,0.17745358090185678,0.0,0.0,0.0,0.0,0.0,OK,
corr_mix,full,T2,1.0,0.25,budget_only,count,0.1,0.15,0.1,80,65,11,65,0.8125,0.1375,0.8125,0.8275862068965517,0.17745358090185678,4.0,0.1076923076923077,0.1076923076923077,0.0,0.18461538461538463,0.12307692307692308,0.18461538461538463,0.12307692307692308,0.07692307692307693,0.1076923076923077,0.1076923076923077,1.0,6.0,6.0,6.0,6.0,6.0,6.0,6.0,6.0,6.0,6.0,2.0,2.0,2.1294429708222813,0.8275862068965517,0.17745358090185678,0.0028383888060781975,0.038701177375737694,0.8275862068965517,0.17745358090185678,0.0,0.0,0.0,0.0,0.0,OK,
corr_mix,full,T2,1.0,0.35,budget_only,count,0.1,0.15,0.1,80,65,11,65,0.8125,0.1375,0.8125,0.8275862068965517,0.17745358090185678,4.0,0.1076923076923077,0.1076923076923077,0.0,0.18461538461538463,0.12307692307692308,0.18461538461538463,0.12307692307692308,0.07692307692307693,0.1076923076923077,0.1076923076923077,1.0,6.0,6.0,6.0,6.0,6.0,6.0,6.0,6.0,6.0,6.0,2.0,2.0,2.1294429708222813,0.8275862068965517,0.17745358090185678,0.0028383888060781975,0.09770700466391766,0.8275862068965517,0.17745358090185678,0.0,0.0,0.0,0.0,0.0,OK,
corr_mix,full,T2,1.0,0.5,budget_only,count,0.1,0.15,0.1,80,65,11,65,0.8125,0.1375,0.8125,0.8275862068965517,0.17745358090185678,4.0,0.1076923076923077,0.1076923076923077,0.0,0.18461538461538463,0.12307692307692308,0.18461538461538463,0.12307692307692308,0.07692307692307693,0.1076923076923077,0.1076923076923077,1.0,6.0,6.0,6.0,6.0,6.0,6.0,6.0,6.0,6.0,6.0,2.0,2.0,2.1071618037135282,0.8275862068965517,0.17559681697612733,0.0028383888060781975,0.30642695458958424,0.8275862068965517,0.17745358090185678,0.0,0.0,0.0,0.0,0.0,OK,
corr_mix,full,cusum_factor_cov_lrt,1.0,0.15,budget_only,count,0.1,0.15,0.1,80,80,0,80,1.0,0.0,1.0,1.1120689655172413,0.25323275862068967,5.375,0.5625,0.5625,0.0,0.725,0.4,0.725,0.4,0.1625,0.0,0.0,1.0,4.0,4.0,4.0,6.0,4.0,6.0,3.0,6.0,4.0,6.0,2.0,2.0,3.038793103448276,1.1120689655172413,0.25323275862068967,NA,0.31710600731572214,1.1120689655172413,0.25323275862068967,0.02291666666666667,0.0,0.02291666666666667,0.02291666666666667,0.0,OK,
corr_mix,full,cusum_factor_cov_lrt,1.0,0.25,budget_only,count,0.1,0.15,0.1,80,80,0,80,1.0,0.0,1.0,1.1120689655172413,0.25323275862068967,5.375,0.5625,0.5625,0.0,0.725,0.4,0.725,0.4,0.1625,0.0,0.0,1.0,4.0,4.0,4.0,6.0,4.0,6.0,3.0,6.0,4.0,6.0,2.0,2.0,3.0543103448275866,1.1172413793103448,0.25452586206896555,NA,0.320188191200918,1.1120689655172413,0.25323275862068967,0.035416666666666666,0.04219409282700422,0.035416666666666666,0.035416666666666666,0.03375527426160338,OK,
corr_mix,full,cusum_factor_cov_lrt,1.0,0.35,budget_only,count,0.1,0.15,0.1,80,80,0,80,1.0,0.0,1.0,1.1120689655172413,0.25323275862068967,5.375,0.5625,0.5625,0.0,0.725,0.4,0.725,0.4,0.1625,0.0,0.0,1.0,4.0,4.0,4.0,6.0,4.0,6.0,3.0,6.0,4.0,6.0,2.0,2.0,3.0517241379310347,1.114655172413793,0.2543103448275862,NA,0.3215070014695073,1.1120689655172413,0.25323275862068967,0.035416666666666666,0.03797468354430379,0.035416666666666666,0.035416666666666666,0.02953586497890296,OK,
corr_mix,full,cusum_factor_cov_lrt,1.0,0.5,budget_only,count,0.1,0.15,0.1,80,80,0,80,1.0,0.0,1.0,1.1120689655172413,0.25323275862068967,5.375,0.5625,0.5625,0.0,0.725,0.4,0.725,0.4,0.1625,0.0,0.0,1.0,4.0,4.0,4.0,6.0,4.0,6.0,3.0,6.0,4.0,6.0,2.0,2.0,3.0517241379310347,1.114655172413793,0.2543103448275862,NA,0.3262847681208715,1.1120689655172413,0.25323275862068967,0.035416666666666666,0.03797468354430379,0.035416666666666666,0.035416666666666666,0.02953586497890296,OK,
corr_mix,full,ewma_factor_cov_lrt,INFEASIBLE,0.15,budget_only,count,INFEASIBLE,INFEASIBLE,INFEASIBLE,INFEASIBLE,INFEASIBLE,INFEASIBLE,INFEASIBLE,INFEASIBLE,INFEASIBLE,INFEASIBLE,INFEASIBLE,INFEASIBLE,INFEASIBLE,INFEASIBLE,INFEASIBLE,INFEASIBLE,INFEASIBLE,INFEASIBLE,INFEASIBLE,INFEASIBLE,INFEASIBLE,INFEASIBLE,INFEASIBLE,,INFEASIBLE,INFEASIBLE,INFEASIBLE,INFEASIBLE,INFEASIBLE,INFEASIBLE,INFEASIBLE,INFEASIBLE,INFEASIBLE,INFEASIBLE,INFEASIBLE,INFEASIBLE,INFEASIBLE,INFEASIBLE,INFEASIBLE,INFEASIBLE,INFEASIBLE,INFEASIBLE,INFEASIBLE,INFEASIBLE,INFEASIBLE,INFEASIBLE,INFEASIBLE,INFEASIBLE,INFEASIBLE,no_trials_in_band
corr_mix,full,ewma_factor_cov_lrt,INFEASIBLE,0.25,budget_only,count,INFEASIBLE,INFEASIBLE,INFEASIBLE,INFEASIBLE,INFEASIBLE,INFEASIBLE,INFEASIBLE,INFEASIBLE,INFEASIBLE,INFEASIBLE,INFEASIBLE,INFEASIBLE,INFEASIBLE,INFEASIBLE,INFEASIBLE,INFEASIBLE,INFEASIBLE,INFEASIBLE,INFEASIBLE,INFEASIBLE,INFEASIBLE,INFEASIBLE,INFEASIBLE,,INFEASIBLE,INFEASIBLE,INFEASIBLE,INFEASIBLE,INFEASIBLE,INFEASIBLE,INFEASIBLE,INFEASIBLE,INFEASIBLE,INFEASIBLE,INFEASIBLE,INFEASIBLE,INFEASIBLE,INFEASIBLE,INFEASIBLE,INFEASIBLE,INFEASIBLE,INFEASIBLE,INFEASIBLE,INFEASIBLE,INFEASIBLE,INFEASIBLE,INFEASIBLE,INFEASIBLE,INFEASIBLE,no_trials_in_band
corr_mix,full,ewma_factor_cov_lrt,INFEASIBLE,0.35,budget_only,count,INFEASIBLE,INFEASIBLE,INFEASIBLE,INFEASIBLE,INFEASIBLE,INFEASIBLE,INFEASIBLE,INFEASIBLE,INFEASIBLE,INFEASIBLE,INFEASIBLE,INFEASIBLE,INFEASIBLE,INFEASIBLE,INFEASIBLE,INFEASIBLE,INFEASIBLE,INFEASIBLE,INFEASIBLE,INFEASIBLE,INFEASIBLE,INFEASIBLE,INFEASIBLE,,INFEASIBLE,INFEASIBLE,INFEASIBLE,INFEASIBLE,INFEASIBLE,INFEASIBLE,INFEASIBLE,INFEASIBLE,INFEASIBLE,INFEASIBLE,INFEASIBLE,INFEASIBLE,INFEASIBLE,INFEASIBLE,INFEASIBLE,INFEASIBLE,INFEASIBLE,INFEASIBLE,INFEASIBLE,INFEASIBLE,INFEASIBLE,INFEASIBLE,INFEASIBLE,INFEASIBLE,INFEASIBLE,no_trials_in_band
corr_mix,full,ewma_factor_cov_lrt,INFEASIBLE,0.5,budget_only,count,INFEASIBLE,INFEASIBLE,INFEASIBLE,INFEASIBLE,INFEASIBLE,INFEASIBLE,INFEASIBLE,INFEASIBLE,INFEASIBLE,INFEASIBLE,INFEASIBLE,INFEASIBLE,INFEASIBLE,INFEASIBLE,INFEASIBLE,INFEASIBLE,INFEASIBLE,INFEASIBLE,INFEASIBLE,INFEASIBLE,INFEASIBLE,INFEASIBLE,INFEASIBLE,,INFEASIBLE,INFEASIBLE,INFEASIBLE,INFEASIBLE,INFEASIBLE,INFEASIBLE,INFEASIBLE,INFEASIBLE,INFEASIBLE,INFEASIBLE,INFEASIBLE,INFEASIBLE,INFEASIBLE,INFEASIBLE,INFEASIBLE,INFEASIBLE,INFEASIBLE,INFEASIBLE,INFEASIBLE,INFEASIBLE,INFEASIBLE,INFEASIBLE,INFEASIBLE,INFEASIBLE,INFEASIBLE,no_trials_in_band
corr_mix,full,factor_cov_change,INFEASIBLE,0.15,budget_only,count,INFEASIBLE,INFEASIBLE,INFEASIBLE,INFEASIBLE,INFEASIBLE,INFEASIBLE,INFEASIBLE,INFEASIBLE,INFEASIBLE,INFEASIBLE,INFEASIBLE,INFEASIBLE,INFEASIBLE,INFEASIBLE,INFEASIBLE,INFEASIBLE,INFEASIBLE,INFEASIBLE,INFEASIBLE,INFEASIBLE,INFEASIBLE,INFEASIBLE,INFEASIBLE,,INFEASIBLE,INFEASIBLE,INFEASIBLE,INFEASIBLE,INFEASIBLE,INFEASIBLE,INFEASIBLE,INFEASIBLE,INFEASIBLE,INFEASIBLE,INFEASIBLE,INFEASIBLE,INFEASIBLE,INFEASIBLE,INFEASIBLE,INFEASIBLE,INFEASIBLE,INFEASIBLE,INFEASIBLE,INFEASIBLE,INFEASIBLE,INFEASIBLE,INFEASIBLE,INFEASIBLE,INFEASIBLE,no_trials_in_band
corr_mix,full,factor_cov_change,INFEASIBLE,0.25,budget_only,count,INFEASIBLE,INFEASIBLE,INFEASIBLE,INFEASIBLE,INFEASIBLE,INFEASIBLE,INFEASIBLE,INFEASIBLE,INFEASIBLE,INFEASIBLE,INFEASIBLE,INFEASIBLE,INFEASIBLE,INFEASIBLE,INFEASIBLE,INFEASIBLE,INFEASIBLE,INFEASIBLE,INFEASIBLE,INFEASIBLE,INFEASIBLE,INFEASIBLE,INFEASIBLE,,INFEASIBLE,INFEASIBLE,INFEASIBLE,INFEASIBLE,INFEASIBLE,INFEASIBLE,INFEASIBLE,INFEASIBLE,INFEASIBLE,INFEASIBLE,INFEASIBLE,INFEASIBLE,INFEASIBLE,INFEASIBLE,INFEASIBLE,INFEASIBLE,INFEASIBLE,INFEASIBLE,INFEASIBLE,INFEASIBLE,INFEASIBLE,INFEASIBLE,INFEASIBLE,INFEASIBLE,INFEASIBLE,no_trials_in_band
corr_mix,full,factor_cov_change,INFEASIBLE,0.35,budget_only,count,INFEASIBLE,INFEASIBLE,INFEASIBLE,INFEASIBLE,INFEASIBLE,INFEASIBLE,INFEASIBLE,INFEASIBLE,INFEASIBLE,INFEASIBLE,INFEASIBLE,INFEASIBLE,INFEASIBLE,INFEASIBLE,INFEASIBLE,INFEASIBLE,INFEASIBLE,INFEASIBLE,INFEASIBLE,INFEASIBLE,INFEASIBLE,INFEASIBLE,INFEASIBLE,,INFEASIBLE,INFEASIBLE,INFEASIBLE,INFEASIBLE,INFEASIBLE,INFEASIBLE,INFEASIBLE,INFEASIBLE,INFEASIBLE,INFEASIBLE,INFEASIBLE,INFEASIBLE,INFEASIBLE,INFEASIBLE,INFEASIBLE,INFEASIBLE,INFEASIBLE,INFEASIBLE,INFEASIBLE,INFEASIBLE,INFEASIBLE,INFEASIBLE,INFEASIBLE,INFEASIBLE,INFEASIBLE,no_trials_in_band
corr_mix,full,factor_cov_change,INFEASIBLE,0.5,budget_only,count,INFEASIBLE,INFEASIBLE,INFEASIBLE,INFEASIBLE,INFEASIBLE,INFEASIBLE,INFEASIBLE,INFEASIBLE,INFEASIBLE,INFEASIBLE,INFEASIBLE,INFEASIBLE,INFEASIBLE,INFEASIBLE,INFEASIBLE,INFEASIBLE,INFEASIBLE,INFEASIBLE,INFEASIBLE,INFEASIBLE,INFEASIBLE,INFEASIBLE,INFEASIBLE,,INFEASIBLE,INFEASIBLE,INFEASIBLE,INFEASIBLE,INFEASIBLE,INFEASIBLE,INFEASIBLE,INFEASIBLE,INFEASIBLE,INFEASIBLE,INFEASIBLE,INFEASIBLE,INFEASIBLE,INFEASIBLE,INFEASIBLE,INFEASIBLE,INFEASIBLE,INFEASIBLE,INFEASIBLE,INFEASIBLE,INFEASIBLE,INFEASIBLE,INFEASIBLE,INFEASIBLE,INFEASIBLE,no_trials_in_band
corr_mix,full,factor_cov_delta,INFEASIBLE,0.15,budget_only,count,INFEASIBLE,INFEASIBLE,INFEASIBLE,INFEASIBLE,INFEASIBLE,INFEASIBLE,INFEASIBLE,INFEASIBLE,INFEASIBLE,INFEASIBLE,INFEASIBLE,INFEASIBLE,INFEASIBLE,INFEASIBLE,INFEASIBLE,INFEASIBLE,INFEASIBLE,INFEASIBLE,INFEASIBLE,INFEASIBLE,INFEASIBLE,INFEASIBLE,INFEASIBLE,,INFEASIBLE,INFEASIBLE,INFEASIBLE,INFEASIBLE,INFEASIBLE,INFEASIBLE,INFEASIBLE,INFEASIBLE,INFEASIBLE,INFEASIBLE,INFEASIBLE,INFEASIBLE,INFEASIBLE,INFEASIBLE,INFEASIBLE,INFEASIBLE,INFEASIBLE,INFEASIBLE,INFEASIBLE,INFEASIBLE,INFEASIBLE,INFEASIBLE,INFEASIBLE,INFEASIBLE,INFEASIBLE,no_trials_in_band
corr_mix,full,factor_cov_delta,INFEASIBLE,0.25,budget_only,count,INFEASIBLE,INFEASIBLE,INFEASIBLE,INFEASIBLE,INFEASIBLE,INFEASIBLE,INFEASIBLE,INFEASIBLE,INFEASIBLE,INFEASIBLE,INFEASIBLE,INFEASIBLE,INFEASIBLE,INFEASIBLE,INFEASIBLE,INFEASIBLE,INFEASIBLE,INFEASIBLE,INFEASIBLE,INFEASIBLE,INFEASIBLE,INFEASIBLE,INFEASIBLE,,INFEASIBLE,INFEASIBLE,INFEASIBLE,INFEASIBLE,INFEASIBLE,INFEASIBLE,INFEASIBLE,INFEASIBLE,INFEASIBLE,INFEASIBLE,INFEASIBLE,INFEASIBLE,INFEASIBLE,INFEASIBLE,INFEASIBLE,INFEASIBLE,INFEASIBLE,INFEASIBLE,INFEASIBLE,INFEASIBLE,INFEASIBLE,INFEASIBLE,INFEASIBLE,INFEASIBLE,INFEASIBLE,no_trials_in_band
corr_mix,full,factor_cov_delta,INFEASIBLE,0.35,budget_only,count,INFEASIBLE,INFEASIBLE,INFEASIBLE,INFEASIBLE,INFEASIBLE,INFEASIBLE,INFEASIBLE,INFEASIBLE,INFEASIBLE,INFEASIBLE,INFEASIBLE,INFEASIBLE,INFEASIBLE,INFEASIBLE,INFEASIBLE,INFEASIBLE,INFEASIBLE,INFEASIBLE,INFEASIBLE,INFEASIBLE,INFEASIBLE,INFEASIBLE,INFEASIBLE,,INFEASIBLE,INFEASIBLE,INFEASIBLE,INFEASIBLE,INFEASIBLE,INFEASIBLE,INFEASIBLE,INFEASIBLE,INFEASIBLE,INFEASIBLE,INFEASIBLE,INFEASIBLE,INFEASIBLE,INFEASIBLE,INFEASIBLE,INFEASIBLE,INFEASIBLE,INFEASIBLE,INFEASIBLE,INFEASIBLE,INFEASIBLE,INFEASIBLE,INFEASIBLE,INFEASIBLE,INFEASIBLE,no_trials_in_band
corr_mix,full,factor_cov_delta,INFEASIBLE,0.5,budget_only,count,INFEASIBLE,INFEASIBLE,INFEASIBLE,INFEASIBLE,INFEASIBLE,INFEASIBLE,INFEASIBLE,INFEASIBLE,INFEASIBLE,INFEASIBLE,INFEASIBLE,INFEASIBLE,INFEASIBLE,INFEASIBLE,INFEASIBLE,INFEASIBLE,INFEASIBLE,INFEASIBLE,INFEASIBLE,INFEASIBLE,INFEASIBLE,INFEASIBLE,INFEASIBLE,,INFEASIBLE,INFEASIBLE,INFEASIBLE,INFEASIBLE,INFEASIBLE,INFEASIBLE,INFEASIBLE,INFEASIBLE,INFEASIBLE,INFEASIBLE,INFEASIBLE,INFEASIBLE,INFEASIBLE,INFEASIBLE,INFEASIBLE,INFEASIBLE,INFEASIBLE,INFEASIBLE,INFEASIBLE,INFEASIBLE,INFEASIBLE,INFEASIBLE,INFEASIBLE,INFEASIBLE,INFEASIBLE,no_trials_in_band
corr_mix,full,factor_cov_lrt,INFEASIBLE,0.15,budget_only,count,INFEASIBLE,INFEASIBLE,INFEASIBLE,INFEASIBLE,INFEASIBLE,INFEASIBLE,INFEASIBLE,INFEASIBLE,INFEASIBLE,INFEASIBLE,INFEASIBLE,INFEASIBLE,INFEASIBLE,INFEASIBLE,INFEASIBLE,INFEASIBLE,INFEASIBLE,INFEASIBLE,INFEASIBLE,INFEASIBLE,INFEASIBLE,INFEASIBLE,INFEASIBLE,,INFEASIBLE,INFEASIBLE,INFEASIBLE,INFEASIBLE,INFEASIBLE,INFEASIBLE,INFEASIBLE,INFEASIBLE,INFEASIBLE,INFEASIBLE,INFEASIBLE,INFEASIBLE,INFEASIBLE,INFEASIBLE,INFEASIBLE,INFEASIBLE,INFEASIBLE,INFEASIBLE,INFEASIBLE,INFEASIBLE,INFEASIBLE,INFEASIBLE,INFEASIBLE,INFEASIBLE,INFEASIBLE,no_trials_in_band
corr_mix,full,factor_cov_lrt,INFEASIBLE,0.25,budget_only,count,INFEASIBLE,INFEASIBLE,INFEASIBLE,INFEASIBLE,INFEASIBLE,INFEASIBLE,INFEASIBLE,INFEASIBLE,INFEASIBLE,INFEASIBLE,INFEASIBLE,INFEASIBLE,INFEASIBLE,INFEASIBLE,INFEASIBLE,INFEASIBLE,INFEASIBLE,INFEASIBLE,INFEASIBLE,INFEASIBLE,INFEASIBLE,INFEASIBLE,INFEASIBLE,,INFEASIBLE,INFEASIBLE,INFEASIBLE,INFEASIBLE,INFEASIBLE,INFEASIBLE,INFEASIBLE,INFEASIBLE,INFEASIBLE,INFEASIBLE,INFEASIBLE,INFEASIBLE,INFEASIBLE,INFEASIBLE,INFEASIBLE,INFEASIBLE,INFEASIBLE,INFEASIBLE,INFEASIBLE,INFEASIBLE,INFEASIBLE,INFEASIBLE,INFEASIBLE,INFEASIBLE,INFEASIBLE,no_trials_in_band
corr_mix,full,factor_cov_lrt,INFEASIBLE,0.35,budget_only,count,INFEASIBLE,INFEASIBLE,INFEASIBLE,INFEASIBLE,INFEASIBLE,INFEASIBLE,INFEASIBLE,INFEASIBLE,INFEASIBLE,INFEASIBLE,INFEASIBLE,INFEASIBLE,INFEASIBLE,INFEASIBLE,INFEASIBLE,INFEASIBLE,INFEASIBLE,INFEASIBLE,INFEASIBLE,INFEASIBLE,INFEASIBLE,INFEASIBLE,INFEASIBLE,,INFEASIBLE,INFEASIBLE,INFEASIBLE,INFEASIBLE,INFEASIBLE,INFEASIBLE,INFEASIBLE,INFEASIBLE,INFEASIBLE,INFEASIBLE,INFEASIBLE,INFEASIBLE,INFEASIBLE,INFEASIBLE,INFEASIBLE,INFEASIBLE,INFEASIBLE,INFEASIBLE,INFEASIBLE,INFEASIBLE,INFEASIBLE,INFEASIBLE,INFEASIBLE,INFEASIBLE,INFEASIBLE,no_trials_in_band
corr_mix,full,factor_cov_lrt,INFEASIBLE,0.5,budget_only,count,INFEASIBLE,INFEASIBLE,INFEASIBLE,INFEASIBLE,INFEASIBLE,INFEASIBLE,INFEASIBLE,INFEASIBLE,INFEASIBLE,INFEASIBLE,INFEASIBLE,INFEASIBLE,INFEASIBLE,INFEASIBLE,INFEASIBLE,INFEASIBLE,INFEASIBLE,INFEASIBLE,INFEASIBLE,INFEASIBLE,INFEASIBLE,INFEASIBLE,INFEASIBLE,,INFEASIBLE,INFEASIBLE,INFEASIBLE,INFEASIBLE,INFEASIBLE,INFEASIBLE,INFEASIBLE,INFEASIBLE,INFEASIBLE,INFEASIBLE,INFEASIBLE,INFEASIBLE,INFEASIBLE,INFEASIBLE,INFEASIBLE,INFEASIBLE,INFEASIBLE,INFEASIBLE,INFEASIBLE,INFEASIBLE,INFEASIBLE,INFEASIBLE,INFEASIBLE,INFEASIBLE,INFEASIBLE,no_trials_in_band
corr_mix,full,factor_cov_lrt_delta,1.0,0.15,budget_only,count,0.1,0.15,0.1,80,51,51,51,0.6375,0.6375,0.6375,1.2332657200811357,0.10277214334009468,5.96078431372549,0.9411764705882353,1.0,-0.05882352941176472,0.9411764705882353,0.23529411764705882,0.9411764705882353,0.23529411764705882,0.0,0.0196078431372549,0.0196078431372549,1.0,3.0,3.0,3.0,4.0,3.0,4.0,3.0,4.0,3.0,4.0,3.0,3.0,1.2251521298174441,1.2251521298174441,0.10209601081812036,0.08406642942120604,0.06153463535813186,1.2332657200811357,0.10277214334009468,0.0130718954248366,0.0,-0.0130718954248366,0.0130718954248366,0.0,OK,
corr_mix,full,factor_cov_lrt_delta,1.0,0.25,budget_only,count,0.1,0.15,0.1,80,51,51,51,0.6375,0.6375,0.6375,1.2332657200811357,0.10277214334009468,5.96078431372549,0.8431372549019608,1.0,-0.1568627450980392,0.8431372549019608,0.23529411764705882,0.8431372549019608,0.23529411764705882,0.0,0.0196078431372549,0.0196078431372549,1.0,3.0,3.0,3.0,6.0,3.0,4.0,3.0,6.0,3.0,6.0,2.0,3.0,1.2210953346855982,1.2210953346855982,0.1017579445571332,0.08406642942120604,0.06441358231686369,1.2332657200811357,0.10277214334009468,0.029411764705882353,0.0130718954248366,-0.029411764705882353,0.029411764705882353,0.0130718954248366,OK,
corr_mix,full,factor_cov_lrt_delta,1.0,0.35,budget_only,count,0.1,0.15,0.1,80,51,51,51,0.6375,0.6375,0.6375,1.2332657200811357,0.10277214334009468,5.96078431372549,0.8431372549019608,1.0,-0.1568627450980392,0.8431372549019608,0.23529411764705882,0.8431372549019608,0.23529411764705882,0.0,0.0196078431372549,0.0196078431372549,1.0,3.0,3.0,3.0,6.0,3.0,4.0,3.0,6.0,3.0,6.0,2.0,3.0,1.2210953346855982,1.2210953346855982,0.1017579445571332,0.08406642942120604,0.06370112309112137,1.2332657200811357,0.10277214334009468,0.029411764705882353,0.0130718954248366,-0.029411764705882353,0.029411764705882353,0.0130718954248366,OK,
corr_mix,full,factor_cov_lrt_delta,1.0,0.5,budget_only,count,0.1,0.15,0.1,80,51,51,51,0.6375,0.6375,0.6375,1.2332657200811357,0.10277214334009468,5.96078431372549,0.8431372549019608,1.0,-0.1568627450980392,0.8431372549019608,0.23529411764705882,0.8431372549019608,0.23529411764705882,0.0,0.0196078431372549,0.0196078431372549,1.0,3.0,3.0,3.0,6.0,3.0,4.0,3.0,6.0,3.0,6.0,2.0,3.0,1.2210953346855982,1.2210953346855982,0.1017579445571332,0.08406642942120604,0.062621652385744,1.2332657200811357,0.10277214334009468,0.029411764705882353,0.0130718954248366,-0.029411764705882353,0.029411764705882353,0.0130718954248366,OK,
corr_mix,full,fused_fisher,INFEASIBLE,0.15,budget_only,count,INFEASIBLE,INFEASIBLE,INFEASIBLE,INFEASIBLE,INFEASIBLE,INFEASIBLE,INFEASIBLE,INFEASIBLE,INFEASIBLE,INFEASIBLE,INFEASIBLE,INFEASIBLE,INFEASIBLE,INFEASIBLE,INFEASIBLE,INFEASIBLE,INFEASIBLE,INFEASIBLE,INFEASIBLE,INFEASIBLE,INFEASIBLE,INFEASIBLE,INFEASIBLE,,INFEASIBLE,INFEASIBLE,INFEASIBLE,INFEASIBLE,INFEASIBLE,INFEASIBLE,INFEASIBLE,INFEASIBLE,INFEASIBLE,INFEASIBLE,INFEASIBLE,INFEASIBLE,INFEASIBLE,INFEASIBLE,INFEASIBLE,INFEASIBLE,INFEASIBLE,INFEASIBLE,INFEASIBLE,INFEASIBLE,INFEASIBLE,INFEASIBLE,INFEASIBLE,INFEASIBLE,INFEASIBLE,no_trials_in_band
corr_mix,full,fused_fisher,INFEASIBLE,0.25,budget_only,count,INFEASIBLE,INFEASIBLE,INFEASIBLE,INFEASIBLE,INFEASIBLE,INFEASIBLE,INFEASIBLE,INFEASIBLE,INFEASIBLE,INFEASIBLE,INFEASIBLE,INFEASIBLE,INFEASIBLE,INFEASIBLE,INFEASIBLE,INFEASIBLE,INFEASIBLE,INFEASIBLE,INFEASIBLE,INFEASIBLE,INFEASIBLE,INFEASIBLE,INFEASIBLE,,INFEASIBLE,INFEASIBLE,INFEASIBLE,INFEASIBLE,INFEASIBLE,INFEASIBLE,INFEASIBLE,INFEASIBLE,INFEASIBLE,INFEASIBLE,INFEASIBLE,INFEASIBLE,INFEASIBLE,INFEASIBLE,INFEASIBLE,INFEASIBLE,INFEASIBLE,INFEASIBLE,INFEASIBLE,INFEASIBLE,INFEASIBLE,INFEASIBLE,INFEASIBLE,INFEASIBLE,INFEASIBLE,no_trials_in_band
corr_mix,full,fused_fisher,INFEASIBLE,0.35,budget_only,count,INFEASIBLE,INFEASIBLE,INFEASIBLE,INFEASIBLE,INFEASIBLE,INFEASIBLE,INFEASIBLE,INFEASIBLE,INFEASIBLE,INFEASIBLE,INFEASIBLE,INFEASIBLE,INFEASIBLE,INFEASIBLE,INFEASIBLE,INFEASIBLE,INFEASIBLE,INFEASIBLE,INFEASIBLE,INFEASIBLE,INFEASIBLE,INFEASIBLE,INFEASIBLE,,INFEASIBLE,INFEASIBLE,INFEASIBLE,INFEASIBLE,INFEASIBLE,INFEASIBLE,INFEASIBLE,INFEASIBLE,INFEASIBLE,INFEASIBLE,INFEASIBLE,INFEASIBLE,INFEASIBLE,INFEASIBLE,INFEASIBLE,INFEASIBLE,INFEASIBLE,INFEASIBLE,INFEASIBLE,INFEASIBLE,INFEASIBLE,INFEASIBLE,INFEASIBLE,INFEASIBLE,INFEASIBLE,no_trials_in_band
corr_mix,full,fused_fisher,INFEASIBLE,0.5,budget_only,count,INFEASIBLE,INFEASIBLE,INFEASIBLE,INFEASIBLE,INFEASIBLE,INFEASIBLE,INFEASIBLE,INFEASIBLE,INFEASIBLE,INFEASIBLE,INFEASIBLE,INFEASIBLE,INFEASIBLE,INFEASIBLE,INFEASIBLE,INFEASIBLE,INFEASIBLE,INFEASIBLE,INFEASIBLE,INFEASIBLE,INFEASIBLE,INFEASIBLE,INFEASIBLE,,INFEASIBLE,INFEASIBLE,INFEASIBLE,INFEASIBLE,INFEASIBLE,INFEASIBLE,INFEASIBLE,INFEASIBLE,INFEASIBLE,INFEASIBLE,INFEASIBLE,INFEASIBLE,INFEASIBLE,INFEASIBLE,INFEASIBLE,INFEASIBLE,INFEASIBLE,INFEASIBLE,INFEASIBLE,INFEASIBLE,INFEASIBLE,INFEASIBLE,INFEASIBLE,INFEASIBLE,INFEASIBLE,no_trials_in_band
corr_mix,full,fused_fisher_lrt_delta,INFEASIBLE,0.15,budget_only,count,INFEASIBLE,INFEASIBLE,INFEASIBLE,INFEASIBLE,INFEASIBLE,INFEASIBLE,INFEASIBLE,INFEASIBLE,INFEASIBLE,INFEASIBLE,INFEASIBLE,INFEASIBLE,INFEASIBLE,INFEASIBLE,INFEASIBLE,INFEASIBLE,INFEASIBLE,INFEASIBLE,INFEASIBLE,INFEASIBLE,INFEASIBLE,INFEASIBLE,INFEASIBLE,,INFEASIBLE,INFEASIBLE,INFEASIBLE,INFEASIBLE,INFEASIBLE,INFEASIBLE,INFEASIBLE,INFEASIBLE,INFEASIBLE,INFEASIBLE,INFEASIBLE,INFEASIBLE,INFEASIBLE,INFEASIBLE,INFEASIBLE,INFEASIBLE,INFEASIBLE,INFEASIBLE,INFEASIBLE,INFEASIBLE,INFEASIBLE,INFEASIBLE,INFEASIBLE,INFEASIBLE,INFEASIBLE,no_trials_in_band
corr_mix,full,fused_fisher_lrt_delta,INFEASIBLE,0.25,budget_only,count,INFEASIBLE,INFEASIBLE,INFEASIBLE,INFEASIBLE,INFEASIBLE,INFEASIBLE,INFEASIBLE,INFEASIBLE,INFEASIBLE,INFEASIBLE,INFEASIBLE,INFEASIBLE,INFEASIBLE,INFEASIBLE,INFEASIBLE,INFEASIBLE,INFEASIBLE,INFEASIBLE,INFEASIBLE,INFEASIBLE,INFEASIBLE,INFEASIBLE,INFEASIBLE,,INFEASIBLE,INFEASIBLE,INFEASIBLE,INFEASIBLE,INFEASIBLE,INFEASIBLE,INFEASIBLE,INFEASIBLE,INFEASIBLE,INFEASIBLE,INFEASIBLE,INFEASIBLE,INFEASIBLE,INFEASIBLE,INFEASIBLE,INFEASIBLE,INFEASIBLE,INFEASIBLE,INFEASIBLE,INFEASIBLE,INFEASIBLE,INFEASIBLE,INFEASIBLE,INFEASIBLE,INFEASIBLE,no_trials_in_band
corr_mix,full,fused_fisher_lrt_delta,INFEASIBLE,0.35,budget_only,count,INFEASIBLE,INFEASIBLE,INFEASIBLE,INFEASIBLE,INFEASIBLE,INFEASIBLE,INFEASIBLE,INFEASIBLE,INFEASIBLE,INFEASIBLE,INFEASIBLE,INFEASIBLE,INFEASIBLE,INFEASIBLE,INFEASIBLE,INFEASIBLE,INFEASIBLE,INFEASIBLE,INFEASIBLE,INFEASIBLE,INFEASIBLE,INFEASIBLE,INFEASIBLE,,INFEASIBLE,INFEASIBLE,INFEASIBLE,INFEASIBLE,INFEASIBLE,INFEASIBLE,INFEASIBLE,INFEASIBLE,INFEASIBLE,INFEASIBLE,INFEASIBLE,INFEASIBLE,INFEASIBLE,INFEASIBLE,INFEASIBLE,INFEASIBLE,INFEASIBLE,INFEASIBLE,INFEASIBLE,INFEASIBLE,INFEASIBLE,INFEASIBLE,INFEASIBLE,INFEASIBLE,INFEASIBLE,no_trials_in_band
corr_mix,full,fused_fisher_lrt_delta,INFEASIBLE,0.5,budget_only,count,INFEASIBLE,INFEASIBLE,INFEASIBLE,INFEASIBLE,INFEASIBLE,INFEASIBLE,INFEASIBLE,INFEASIBLE,INFEASIBLE,INFEASIBLE,INFEASIBLE,INFEASIBLE,INFEASIBLE,INFEASIBLE,INFEASIBLE,INFEASIBLE,INFEASIBLE,INFEASIBLE,INFEASIBLE,INFEASIBLE,INFEASIBLE,INFEASIBLE,INFEASIBLE,,INFEASIBLE,INFEASIBLE,INFEASIBLE,INFEASIBLE,INFEASIBLE,INFEASIBLE,INFEASIBLE,INFEASIBLE,INFEASIBLE,INFEASIBLE,INFEASIBLE,INFEASIBLE,INFEASIBLE,INFEASIBLE,INFEASIBLE,INFEASIBLE,INFEASIBLE,INFEASIBLE,INFEASIBLE,INFEASIBLE,INFEASIBLE,INFEASIBLE,INFEASIBLE,INFEASIBLE,INFEASIBLE,no_trials_in_band
corr_mix,full,fused_sp,1.0,0.15,budget_only,count,0.1,0.15,0.1,80,56,5,56,0.7,0.0625,0.7,0.8275862068965517,0.18165024630541873,4.0,0.07142857142857142,0.07142857142857142,0.0,0.10714285714285714,0.10714285714285714,0.10714285714285714,0.10714285714285714,0.03571428571428571,0.08928571428571429,0.08928571428571429,1.0,6.0,6.0,6.0,6.0,6.0,6.0,6.0,6.0,6.0,6.0,1.0,1.0,2.179802955665025,0.8275862068965517,0.18165024630541873,0.0003158748983815004,-0.26253242397090054,0.8275862068965517,0.18165024630541873,0.0,0.0,0.0,0.0,0.0,OK,
corr_mix,full,fused_sp,1.0,0.25,budget_only,count,0.1,0.15,0.1,80,56,5,56,0.7,0.0625,0.7,0.8275862068965517,0.18165024630541873,4.0,0.07142857142857142,0.07142857142857142,0.0,0.10714285714285714,0.10714285714285714,0.10714285714285714,0.10714285714285714,0.03571428571428571,0.08928571428571429,0.08928571428571429,1.0,6.0,6.0,6.0,6.0,6.0,6.0,6.0,6.0,6.0,6.0,1.0,1.0,2.179802955665025,0.8275862068965517,0.18165024630541873,0.0003158748983815004,-0.25899305966662395,0.8275862068965517,0.18165024630541873,0.0,0.0,0.0,0.0,0.0,OK,
corr_mix,full,fused_sp,1.0,0.35,budget_only,count,0.1,0.15,0.1,80,56,5,56,0.7,0.0625,0.7,0.8275862068965517,0.18165024630541873,4.0,0.07142857142857142,0.07142857142857142,0.0,0.10714285714285714,0.10714285714285714,0.10714285714285714,0.10714285714285714,0.03571428571428571,0.08928571428571429,0.08928571428571429,1.0,6.0,6.0,6.0,6.0,6.0,6.0,6.0,6.0,6.0,6.0,1.0,1.0,2.179802955665025,0.8275862068965517,0.18165024630541873,0.0003158748983815004,-0.25186139673419444,0.8275862068965517,0.18165024630541873,0.0,0.0,0.0,0.0,0.0,OK,
corr_mix,full,fused_sp,1.0,0.5,budget_only,count,0.1,0.15,0.1,80,56,5,56,0.7,0.0625,0.7,0.8275862068965517,0.18165024630541873,4.0,0.07142857142857142,0.07142857142857142,0.0,0.10714285714285714,0.10714285714285714,0.10714285714285714,0.10714285714285714,0.03571428571428571,0.08928571428571429,0.08928571428571429,1.0,6.0,6.0,6.0,6.0,6.0,6.0,6.0,6.0,6.0,6.0,1.0,1.0,2.179802955665025,0.8275862068965517,0.18165024630541873,0.0003158748983815004,-0.23401660663478077,0.8275862068965517,0.18165024630541873,0.0,0.0,0.0,0.0,0.0,OK,
corr_mix,full,fused_sp_lrt_delta,1.0,0.15,budget_only,count,0.1,0.15,0.1,80,56,5,56,0.7,0.0625,0.7,0.8275862068965517,0.18165024630541873,4.0,0.07142857142857142,0.07142857142857142,0.0,0.10714285714285714,0.10714285714285714,0.10714285714285714,0.10714285714285714,0.03571428571428571,0.08928571428571429,0.08928571428571429,1.0,6.0,6.0,6.0,6.0,6.0,6.0,6.0,6.0,6.0,6.0,1.0,1.0,2.179802955665025,0.8275862068965517,0.18165024630541873,0.00037132016783879767,-0.2946266030690593,0.8275862068965517,0.18165024630541873,0.0,0.0,0.0,0.0,0.0,OK,
corr_mix,full,fused_sp_lrt_delta,1.0,0.25,budget_only,count,0.1,0.15,0.1,80,56,5,56,0.7,0.0625,0.7,0.8275862068965517,0.18165024630541873,4.0,0.07142857142857142,0.07142857142857142,0.0,0.10714285714285714,0.10714285714285714,0.10714285714285714,0.10714285714285714,0.03571428571428571,0.08928571428571429,0.08928571428571429,1.0,6.0,6.0,6.0,6.0,6.0,6.0,6.0,6.0,6.0,6.0,1.0,1.0,2.179802955665025,0.8275862068965517,0.18165024630541873,0.00037132016783879767,-0.2908355471241701,0.8275862068965517,0.18165024630541873,0.0,0.0,0.0,0.0,0.0,OK,
corr_mix,full,fused_sp_lrt_delta,1.0,0.35,budget_only,count,0.1,0.15,0.1,80,56,5,56,0.7,0.0625,0.7,0.8275862068965517,0.18165024630541873,4.0,0.07142857142857142,0.07142857142857142,0.0,0.10714285714285714,0.10714285714285714,0.10714285714285714,0.10714285714285714,0.03571428571428571,0.08928571428571429,0.08928571428571429,1.0,6.0,6.0,6.0,6.0,6.0,6.0,6.0,6.0,6.0,6.0,1.0,1.0,2.179802955665025,0.8275862068965517,0.18165024630541873,0.00037132016783879767,-0.2830115726278154,0.8275862068965517,0.18165024630541873,0.0,0.0,0.0,0.0,0.0,OK,
corr_mix,full,fused_sp_lrt_delta,1.0,0.5,budget_only,count,0.1,0.15,0.1,80,56,5,56,0.7,0.0625,0.7,0.8275862068965517,0.18165024630541873,4.0,0.07142857142857142,0.07142857142857142,0.0,0.10714285714285714,0.10714285714285714,0.10714285714285714,0.10714285714285714,0.03571428571428571,0.08928571428571429,0.08928571428571429,1.0,6.0,6.0,6.0,6.0,6.0,6.0,6.0,6.0,6.0,6.0,1.0,1.0,2.179802955665025,0.8275862068965517,0.18165024630541873,0.00037132016783879767,-0.26298975574570027,0.8275862068965517,0.18165024630541873,0.0,0.0,0.0,0.0,0.0,OK,
corr_mix,full,max_abs,INFEASIBLE,0.15,budget_only,count,INFEASIBLE,INFEASIBLE,INFEASIBLE,INFEASIBLE,INFEASIBLE,INFEASIBLE,INFEASIBLE,INFEASIBLE,INFEASIBLE,INFEASIBLE,INFEASIBLE,INFEASIBLE,INFEASIBLE,INFEASIBLE,INFEASIBLE,INFEASIBLE,INFEASIBLE,INFEASIBLE,INFEASIBLE,INFEASIBLE,INFEASIBLE,INFEASIBLE,INFEASIBLE,,INFEASIBLE,INFEASIBLE,INFEASIBLE,INFEASIBLE,INFEASIBLE,INFEASIBLE,INFEASIBLE,INFEASIBLE,INFEASIBLE,INFEASIBLE,INFEASIBLE,INFEASIBLE,INFEASIBLE,INFEASIBLE,INFEASIBLE,INFEASIBLE,INFEASIBLE,INFEASIBLE,INFEASIBLE,INFEASIBLE,INFEASIBLE,INFEASIBLE,INFEASIBLE,INFEASIBLE,INFEASIBLE,no_trials_in_band
corr_mix,full,max_abs,INFEASIBLE,0.25,budget_only,count,INFEASIBLE,INFEASIBLE,INFEASIBLE,INFEASIBLE,INFEASIBLE,INFEASIBLE,INFEASIBLE,INFEASIBLE,INFEASIBLE,INFEASIBLE,INFEASIBLE,INFEASIBLE,INFEASIBLE,INFEASIBLE,INFEASIBLE,INFEASIBLE,INFEASIBLE,INFEASIBLE,INFEASIBLE,INFEASIBLE,INFEASIBLE,INFEASIBLE,INFEASIBLE,,INFEASIBLE,INFEASIBLE,INFEASIBLE,INFEASIBLE,INFEASIBLE,INFEASIBLE,INFEASIBLE,INFEASIBLE,INFEASIBLE,INFEASIBLE,INFEASIBLE,INFEASIBLE,INFEASIBLE,INFEASIBLE,INFEASIBLE,INFEASIBLE,INFEASIBLE,INFEASIBLE,INFEASIBLE,INFEASIBLE,INFEASIBLE,INFEASIBLE,INFEASIBLE,INFEASIBLE,INFEASIBLE,no_trials_in_band
corr_mix,full,max_abs,INFEASIBLE,0.35,budget_only,count,INFEASIBLE,INFEASIBLE,INFEASIBLE,INFEASIBLE,INFEASIBLE,INFEASIBLE,INFEASIBLE,INFEASIBLE,INFEASIBLE,INFEASIBLE,INFEASIBLE,INFEASIBLE,INFEASIBLE,INFEASIBLE,INFEASIBLE,INFEASIBLE,INFEASIBLE,INFEASIBLE,INFEASIBLE,INFEASIBLE,INFEASIBLE,INFEASIBLE,INFEASIBLE,,INFEASIBLE,INFEASIBLE,INFEASIBLE,INFEASIBLE,INFEASIBLE,INFEASIBLE,INFEASIBLE,INFEASIBLE,INFEASIBLE,INFEASIBLE,INFEASIBLE,INFEASIBLE,INFEASIBLE,INFEASIBLE,INFEASIBLE,INFEASIBLE,INFEASIBLE,INFEASIBLE,INFEASIBLE,INFEASIBLE,INFEASIBLE,INFEASIBLE,INFEASIBLE,INFEASIBLE,INFEASIBLE,no_trials_in_band
corr_mix,full,max_abs,INFEASIBLE,0.5,budget_only,count,INFEASIBLE,INFEASIBLE,INFEASIBLE,INFEASIBLE,INFEASIBLE,INFEASIBLE,INFEASIBLE,INFEASIBLE,INFEASIBLE,INFEASIBLE,INFEASIBLE,INFEASIBLE,INFEASIBLE,INFEASIBLE,INFEASIBLE,INFEASIBLE,INFEASIBLE,INFEASIBLE,INFEASIBLE,INFEASIBLE,INFEASIBLE,INFEASIBLE,INFEASIBLE,,INFEASIBLE,INFEASIBLE,INFEASIBLE,INFEASIBLE,INFEASIBLE,INFEASIBLE,INFEASIBLE,INFEASIBLE,INFEASIBLE,INFEASIBLE,INFEASIBLE,INFEASIBLE,INFEASIBLE,INFEASIBLE,INFEASIBLE,INFEASIBLE,INFEASIBLE,INFEASIBLE,INFEASIBLE,INFEASIBLE,INFEASIBLE,INFEASIBLE,INFEASIBLE,INFEASIBLE,INFEASIBLE,no_trials_in_band
corr_mix,full,pc_t2,INFEASIBLE,0.15,budget_only,count,INFEASIBLE,INFEASIBLE,INFEASIBLE,INFEASIBLE,INFEASIBLE,INFEASIBLE,INFEASIBLE,INFEASIBLE,INFEASIBLE,INFEASIBLE,INFEASIBLE,INFEASIBLE,INFEASIBLE,INFEASIBLE,INFEASIBLE,INFEASIBLE,INFEASIBLE,INFEASIBLE,INFEASIBLE,INFEASIBLE,INFEASIBLE,INFEASIBLE,INFEASIBLE,,INFEASIBLE,INFEASIBLE,INFEASIBLE,INFEASIBLE,INFEASIBLE,INFEASIBLE,INFEASIBLE,INFEASIBLE,INFEASIBLE,INFEASIBLE,INFEASIBLE,INFEASIBLE,INFEASIBLE,INFEASIBLE,INFEASIBLE,INFEASIBLE,INFEASIBLE,INFEASIBLE,INFEASIBLE,INFEASIBLE,INFEASIBLE,INFEASIBLE,INFEASIBLE,INFEASIBLE,INFEASIBLE,no_trials_in_band
corr_mix,full,pc_t2,INFEASIBLE,0.25,budget_only,count,INFEASIBLE,INFEASIBLE,INFEASIBLE,INFEASIBLE,INFEASIBLE,INFEASIBLE,INFEASIBLE,INFEASIBLE,INFEASIBLE,INFEASIBLE,INFEASIBLE,INFEASIBLE,INFEASIBLE,INFEASIBLE,INFEASIBLE,INFEASIBLE,INFEASIBLE,INFEASIBLE,INFEASIBLE,INFEASIBLE,INFEASIBLE,INFEASIBLE,INFEASIBLE,,INFEASIBLE,INFEASIBLE,INFEASIBLE,INFEASIBLE,INFEASIBLE,INFEASIBLE,INFEASIBLE,INFEASIBLE,INFEASIBLE,INFEASIBLE,INFEASIBLE,INFEASIBLE,INFEASIBLE,INFEASIBLE,INFEASIBLE,INFEASIBLE,INFEASIBLE,INFEASIBLE,INFEASIBLE,INFEASIBLE,INFEASIBLE,INFEASIBLE,INFEASIBLE,INFEASIBLE,INFEASIBLE,no_trials_in_band
corr_mix,full,pc_t2,INFEASIBLE,0.35,budget_only,count,INFEASIBLE,INFEASIBLE,INFEASIBLE,INFEASIBLE,INFEASIBLE,INFEASIBLE,INFEASIBLE,INFEASIBLE,INFEASIBLE,INFEASIBLE,INFEASIBLE,INFEASIBLE,INFEASIBLE,INFEASIBLE,INFEASIBLE,INFEASIBLE,INFEASIBLE,INFEASIBLE,INFEASIBLE,INFEASIBLE,INFEASIBLE,INFEASIBLE,INFEASIBLE,,INFEASIBLE,INFEASIBLE,INFEASIBLE,INFEASIBLE,INFEASIBLE,INFEASIBLE,INFEASIBLE,INFEASIBLE,INFEASIBLE,INFEASIBLE,INFEASIBLE,INFEASIBLE,INFEASIBLE,INFEASIBLE,INFEASIBLE,INFEASIBLE,INFEASIBLE,INFEASIBLE,INFEASIBLE,INFEASIBLE,INFEASIBLE,INFEASIBLE,INFEASIBLE,INFEASIBLE,INFEASIBLE,no_trials_in_band
corr_mix,full,pc_t2,INFEASIBLE,0.5,budget_only,count,INFEASIBLE,INFEASIBLE,INFEASIBLE,INFEASIBLE,INFEASIBLE,INFEASIBLE,INFEASIBLE,INFEASIBLE,INFEASIBLE,INFEASIBLE,INFEASIBLE,INFEASIBLE,INFEASIBLE,INFEASIBLE,INFEASIBLE,INFEASIBLE,INFEASIBLE,INFEASIBLE,INFEASIBLE,INFEASIBLE,INFEASIBLE,INFEASIBLE,INFEASIBLE,,INFEASIBLE,INFEASIBLE,INFEASIBLE,INFEASIBLE,INFEASIBLE,INFEASIBLE,INFEASIBLE,INFEASIBLE,INFEASIBLE,INFEASIBLE,INFEASIBLE,INFEASIBLE,INFEASIBLE,INFEASIBLE,INFEASIBLE,INFEASIBLE,INFEASIBLE,INFEASIBLE,INFEASIBLE,INFEASIBLE,INFEASIBLE,INFEASIBLE,INFEASIBLE,INFEASIBLE,INFEASIBLE,no_trials_in_band
corr_mix,full,res_energy,1.0,0.15,budget_only,count,0.1,0.15,0.1,80,55,4,55,0.6875,0.05,0.6875,0.8275862068965522,0.200626959247649,4.0,0.0,0.0,0.0,0.09090909090909091,0.09090909090909091,0.09090909090909091,0.09090909090909091,0.09090909090909091,0.07272727272727272,0.07272727272727272,1.0,6.0,6.0,6.0,6.0,6.0,6.0,6.0,6.0,6.0,6.0,NA,NA,2.4075235109717865,0.8275862068965522,0.200626959247649,0.0003859582346312761,-0.2727324028508945,0.8275862068965522,0.200626959247649,0.0,0.0,0.0,0.0,0.0,OK,
corr_mix,full,res_energy,1.0,0.25,budget_only,count,0.1,0.15,0.1,80,55,4,55,0.6875,0.05,0.6875,0.8275862068965522,0.200626959247649,4.0,0.0,0.0,0.0,0.09090909090909091,0.09090909090909091,0.09090909090909091,0.09090909090909091,0.09090909090909091,0.07272727272727272,0.07272727272727272,1.0,6.0,6.0,6.0,6.0,6.0,6.0,6.0,6.0,6.0,6.0,NA,NA,2.4075235109717865,0.8275862068965522,0.200626959247649,0.0003859582346312761,-0.26935393949187747,0.8275862068965522,0.200626959247649,0.0,0.0,0.0,0.0,0.0,OK,
corr_mix,full,res_energy,1.0,0.35,budget_only,count,0.1,0.15,0.1,80,55,4,55,0.6875,0.05,0.6875,0.8275862068965522,0.200626959247649,4.0,0.0,0.0,0.0,0.09090909090909091,0.09090909090909091,0.09090909090909091,0.09090909090909091,0.09090909090909091,0.07272727272727272,0.07272727272727272,1.0,6.0,6.0,6.0,6.0,6.0,6.0,6.0,6.0,6.0,6.0,NA,NA,2.4075235109717865,0.8275862068965522,0.200626959247649,0.0003859582346312761,-0.26184239194396747,0.8275862068965522,0.200626959247649,0.0,0.0,0.0,0.0,0.0,OK,
corr_mix,full,res_energy,1.0,0.5,budget_only,count,0.1,0.15,0.1,80,55,4,55,0.6875,0.05,0.6875,0.8275862068965522,0.200626959247649,4.0,0.0,0.0,0.0,0.09090909090909091,0.09090909090909091,0.09090909090909091,0.09090909090909091,0.09090909090909091,0.07272727272727272,0.07272727272727272,1.0,6.0,6.0,6.0,6.0,6.0,6.0,6.0,6.0,6.0,6.0,NA,NA,2.4075235109717865,0.8275862068965522,0.200626959247649,0.0003859582346312761,-0.24207118655412113,0.8275862068965522,0.200626959247649,0.0,0.0,0.0,0.0,0.0,OK,
corr_mix,full,stale,1.0,0.15,budget_only,count,0.1,0.15,0.1,80,44,4,44,0.55,0.05,0.55,0.827586206896552,0.19905956112852674,4.0,0.045454545454545456,0.045454545454545456,0.0,0.1590909090909091,0.11363636363636363,0.1590909090909091,0.11363636363636363,0.11363636363636363,0.06818181818181818,0.06818181818181818,1.0,6.0,6.0,6.0,6.0,6.0,6.0,6.0,6.0,6.0,6.0,3.0,3.0,2.3746081504702192,0.827586206896552,0.197884012539185,0.19726614876860654,0.056818181818181816,0.827586206896552,0.19905956112852674,0.0,0.0,0.0,0.0,0.0,OK,
corr_mix,full,stale,1.0,0.25,budget_only,count,0.1,0.15,0.1,80,44,4,44,0.55,0.05,0.55,0.827586206896552,0.19905956112852674,4.0,0.11363636363636363,0.045454545454545456,0.06818181818181818,0.22727272727272727,0.11363636363636363,0.22727272727272727,0.11363636363636363,0.11363636363636363,0.06818181818181818,0.06818181818181818,1.0,6.0,6.0,6.0,6.0,6.0,6.0,6.0,6.0,6.0,6.0,4.0,3.0,2.3416927899686524,0.827586206896552,0.195141065830721,0.19726614876860654,0.056818181818181816,0.827586206896552,0.19905956112852674,0.011363636363636364,0.0,0.011363636363636364,0.011363636363636364,0.0,OK,
corr_mix,full,stale,1.0,0.35,budget_only,count,0.1,0.15,0.1,80,44,4,44,0.55,0.05,0.55,0.827586206896552,0.19905956112852674,4.0,0.11363636363636363,0.045454545454545456,0.06818181818181818,0.22727272727272727,0.11363636363636363,0.22727272727272727,0.11363636363636363,0.11363636363636363,0.06818181818181818,0.06818181818181818,1.0,6.0,6.0,6.0,6.0,6.0,6.0,6.0,6.0,6.0,6.0,4.0,3.0,2.3510971786833856,0.8369905956112856,0.19592476489028218,0.19726614876860654,0.056818181818181816,0.827586206896552,0.19905956112852674,0.011363636363636364,0.015503875968992248,0.011363636363636364,0.011363636363636364,0.015503875968992248,OK,
corr_mix,full,stale,1.0,0.5,budget_only,count,0.1,0.15,0.1,80,44,4,44,0.55,0.05,0.55,0.827586206896552,0.19905956112852674,4.0,0.22727272727272727,0.045454545454545456,0.18181818181818182,0.3409090909090909,0.11363636363636363,0.3409090909090909,0.11363636363636363,0.11363636363636363,0.06818181818181818,0.06818181818181818,1.0,6.0,6.0,6.0,6.0,6.0,6.0,6.0,6.0,6.0,6.0,4.0,3.0,2.351097178683385,0.8181818181818185,0.19592476489028218,0.19726614876860654,0.19318181818181818,0.827586206896552,0.19905956112852674,0.056818181818181816,0.046511627906976744,0.056818181818181816,0.056818181818181816,-0.046511627906976744,OK,
corr_mix,score_only,T2,1.0,0.15,budget_only,count,0.1,0.15,0.1,80,53,1,53,0.6625,0.0125,0.6625,0.827586206896552,0.22186076772934277,4.0,0.018867924528301886,0.018867924528301886,0.0,0.05660377358490566,0.03773584905660377,0.05660377358490566,0.03773584905660377,0.03773584905660377,0.0,0.0,1.0,6.0,6.0,6.0,6.0,6.0,6.0,6.0,6.0,6.0,6.0,2.0,2.0,2.6623292127521134,0.827586206896552,0.22186076772934277,0.00024424292092086543,-0.12207489723749115,0.827586206896552,0.22186076772934277,0.0,0.0,0.0,0.0,0.0,OK,
corr_mix,score_only,T2,1.0,0.25,budget_only,count,0.1,0.15,0.1,80,53,1,53,0.6625,0.0125,0.6625,0.827586206896552,0.22186076772934277,4.0,0.018867924528301886,0.018867924528301886,0.0,0.05660377358490566,0.03773584905660377,0.05660377358490566,0.03773584905660377,0.03773584905660377,0.0,0.0,1.0,6.0,6.0,6.0,6.0,6.0,6.0,6.0,6.0,6.0,6.0,2.0,2.0,2.6623292127521134,0.827586206896552,0.22186076772934277,0.00024424292092086543,-0.10787135531695291,0.827586206896552,0.22186076772934277,0.0,0.0,0.0,0.0,0.0,OK,
corr_mix,score_only,T2,1.0,0.35,budget_only,count,0.1,0.15,0.1,80,53,1,53,0.6625,0.0125,0.6625,0.827586206896552,0.22186076772934277,4.0,0.018867924528301886,0.018867924528301886,0.0,0.05660377358490566,0.03773584905660377,0.05660377358490566,0.03773584905660377,0.03773584905660377,0.0,0.0,1.0,6.0,6.0,6.0,6.0,6.0,6.0,6.0,6.0,6.0,6.0,2.0,2.0,2.6623292127521134,0.827586206896552,0.22186076772934277,0.00024424292092086543,-0.045932019581699145,0.827586206896552,0.22186076772934277,0.0,0.0,0.0,0.0,0.0,OK,
corr_mix,score_only,T2,1.0,0.5,budget_only,count,0.1,0.15,0.1,80,53,1,53,0.6625,0.0125,0.6625,0.827586206896552,0.22186076772934277,4.0,0.018867924528301886,0.018867924528301886,0.0,0.05660377358490566,0.03773584905660377,0.05660377358490566,0.03773584905660377,0.03773584905660377,0.0,0.0,1.0,6.0,6.0,6.0,6.0,6.0,6.0,6.0,6.0,6.0,6.0,2.0,2.0,2.6623292127521134,0.827586206896552,0.22186076772934277,0.00024424292092086543,0.1174286993719114,0.827586206896552,0.22186076772934277,0.0,0.0,0.0,0.0,0.0,OK,
corr_mix,score_only,coh_resid_energy,1.0,0.15,budget_only,count,0.1,0.15,0.1,80,48,5,48,0.6,0.0625,0.6,0.8275862068965517,0.16343390804597702,4.0,0.125,0.08333333333333333,0.04166666666666667,0.14583333333333334,0.14583333333333334,0.14583333333333334,0.14583333333333334,0.020833333333333332,0.10416666666666667,0.10416666666666667,1.0,6.0,6.0,6.0,6.0,6.0,6.0,6.0,6.0,6.0,6.0,1.0,1.0,1.9612068965517242,0.8275862068965517,0.16343390804597702,0.000933497898371487,-0.16473279154071097,0.8275862068965517,0.16343390804597702,0.006944444444444444,0.0,0.006944444444444444,0.006944444444444444,0.0,OK,
corr_mix,score_only,coh_resid_energy,1.0,0.25,budget_only,count,0.1,0.15,0.1,80,48,5,48,0.6,0.0625,0.6,0.8275862068965517,0.16343390804597702,4.0,0.125,0.08333333333333333,0.04166666666666667,0.14583333333333334,0.14583333333333334,0.14583333333333334,0.14583333333333334,0.020833333333333332,0.10416666666666667,0.10416666666666667,1.0,6.0,6.0,6.0,6.0,6.0,6.0,6.0,6.0,6.0,6.0,1.0,1.0,1.9612068965517242,0.8275862068965517,0.16343390804597702,0.000933497898371487,-0.16295408839177858,0.8275862068965517,0.16343390804597702,0.006944444444444444,0.0,0.006944444444444444,0.006944444444444444,0.0,OK,
corr_mix,score_only,coh_resid_energy,1.0,0.35,budget_only,count,0.1,0.15,0.1,80,48,5,48,0.6,0.0625,0.6,0.8275862068965517,0.16343390804597702,4.0,0.125,0.08333333333333333,0.04166666666666667,0.14583333333333334,0.14583333333333334,0.14583333333333334,0.14583333333333334,0.020833333333333332,0.10416666666666667,0.10416666666666667,1.0,6.0,6.0,6.0,6.0,6.0,6.0,6.0,6.0,6.0,6.0,1.0,1.0,1.9612068965517242,0.8275862068965517,0.16343390804597702,0.000933497898371487,-0.15917885513498017,0.8275862068965517,0.16343390804597702,0.006944444444444444,0.0,0.006944444444444444,0.006944444444444444,0.0,OK,
corr_mix,score_only,coh_resid_energy,1.0,0.5,budget_only,count,0.1,0.15,0.1,80,48,5,48,0.6,0.0625,0.6,0.8275862068965517,0.16343390804597702,4.0,0.125,0.08333333333333333,0.04166666666666667,0.14583333333333334,0.14583333333333334,0.14583333333333334,0.14583333333333334,0.020833333333333332,0.10416666666666667,0.10416666666666667,1.0,6.0,6.0,6.0,6.0,6.0,6.0,6.0,6.0,6.0,6.0,1.0,1.0,1.939655172413793,0.8275862068965517,0.1616379310344828,0.000933497898371487,-0.14997651064799541,0.8275862068965517,0.16343390804597702,0.006944444444444444,0.0,0.006944444444444444,0.006944444444444444,0.0,OK,
corr_mix,score_only,coh_resid_t2,1.0,0.15,budget_only,count,0.1,0.15,0.1,80,61,4,61,0.7625,0.05,0.7625,0.827586206896552,0.20011305822498593,4.0,0.0,0.0,0.0,0.11475409836065574,0.11475409836065574,0.11475409836065574,0.11475409836065574,0.11475409836065574,0.06557377049180328,0.06557377049180328,1.0,6.0,6.0,6.0,6.0,6.0,6.0,6.0,6.0,6.0,6.0,NA,NA,2.4013566986998303,0.827586206896552,0.20011305822498593,0.002289886074759387,0.1503968232563687,0.827586206896552,0.20011305822498593,0.0,0.0,0.0,0.0,0.0,OK,
corr_mix,score_only,coh_resid_t2,1.0,0.25,budget_only,count,0.1,0.15,0.1,80,61,4,61,0.7625,0.05,0.7625,0.827586206896552,0.20011305822498593,4.0,0.0,0.0,0.0,0.13114754098360656,0.13114754098360656,0.13114754098360656,0.13114754098360656,0.13114754098360656,0.06557377049180328,0.06557377049180328,1.0,6.0,6.0,6.0,6.0,6.0,6.0,6.0,6.0,6.0,6.0,NA,NA,2.4013566986998303,0.827586206896552,0.20011305822498593,0.002289886074759387,0.16761784367180857,0.827586206896552,0.20011305822498593,0.00273224043715847,0.0,0.00273224043715847,0.00273224043715847,0.0,OK,
corr_mix,score_only,coh_resid_t2,1.0,0.35,budget_only,count,0.1,0.15,0.1,80,61,4,61,0.7625,0.05,0.7625,0.827586206896552,0.20011305822498593,4.0,0.0,0.0,0.0,0.13114754098360656,0.13114754098360656,0.13114754098360656,0.13114754098360656,0.13114754098360656,0.06557377049180328,0.06557377049180328,1.0,6.0,6.0,6.0,6.0,6.0,6.0,6.0,6.0,6.0,6.0,NA,NA,2.4013566986998303,0.827586206896552,0.20011305822498593,0.002289886074759387,0.22148047474092644,0.827586206896552,0.20011305822498593,0.00273224043715847,0.0,0.00273224043715847,0.00273224043715847,0.0,OK,
corr_mix,score_only,coh_resid_t2,1.0,0.5,budget_only,count,0.1,0.15,0.1,80,61,4,61,0.7625,0.05,0.7625,0.827586206896552,0.20011305822498593,4.0,0.16393442622950818,0.0,0.16393442622950818,0.29508196721311475,0.16393442622950818,0.29508196721311475,0.16393442622950818,0.13114754098360656,0.06557377049180328,0.06557377049180328,1.0,6.0,6.0,6.0,6.0,6.0,6.0,6.0,6.0,6.0,6.0,3.0,NA,2.4013566986998303,0.827586206896552,0.20011305822498593,0.002289886074759387,0.3764434397104592,0.827586206896552,0.20011305822498593,0.030054644808743168,0.0,0.030054644808743168,0.030054644808743168,0.0,OK,
corr_mix,score_only,cusum_coh_resid_t2,1.0,0.15,budget_only,count,0.1,0.15,0.1,80,38,0,38,0.475,0.0,0.475,1.0508166969147006,0.2254990925589837,5.078947368421052,0.47368421052631576,0.47368421052631576,0.0,0.5526315789473685,0.2894736842105263,0.5526315789473685,0.2894736842105263,0.10526315789473684,0.0,0.0,1.0,6.0,6.0,6.0,6.0,6.0,6.0,3.5,6.0,6.0,6.0,2.0,2.0,2.7059891107078036,1.0508166969147006,0.2254990925589837,NA,-0.2370871349274434,1.0508166969147006,0.2254990925589837,0.0,0.0,0.0,0.0,0.0,OK,
corr_mix,score_only,cusum_coh_resid_t2,1.0,0.25,budget_only,count,0.1,0.15,0.1,80,38,0,38,0.475,0.0,0.475,1.0508166969147006,0.2254990925589837,5.078947368421052,0.47368421052631576,0.47368421052631576,0.0,0.5526315789473685,0.2894736842105263,0.5526315789473685,0.2894736842105263,0.10526315789473684,0.0,0.0,1.0,6.0,6.0,6.0,6.0,6.0,6.0,3.5,6.0,6.0,6.0,2.0,2.0,2.7059891107078036,1.0508166969147006,0.2254990925589837,NA,-0.21713308739344195,1.0508166969147006,0.2254990925589837,0.0,0.0,0.0,0.0,0.0,OK,
corr_mix,score_only,cusum_coh_resid_t2,1.0,0.35,budget_only,count,0.1,0.15,0.1,80,38,0,38,0.475,0.0,0.475,1.0508166969147006,0.2254990925589837,5.078947368421052,0.47368421052631576,0.47368421052631576,0.0,0.5526315789473685,0.2894736842105263,0.5526315789473685,0.2894736842105263,0.10526315789473684,0.0,0.0,1.0,6.0,6.0,6.0,6.0,6.0,6.0,3.5,6.0,6.0,6.0,2.0,2.0,2.7059891107078036,1.0508166969147006,0.2254990925589837,NA,-0.1678698719175187,1.0508166969147006,0.2254990925589837,0.0,0.0,0.0,0.0,0.0,OK,
corr_mix,score_only,cusum_coh_resid_t2,1.0,0.5,budget_only,count,0.1,0.15,0.1,80,38,0,38,0.475,0.0,0.475,1.0508166969147006,0.2254990925589837,5.078947368421052,0.7368421052631579,0.47368421052631576,0.2631578947368421,0.7631578947368421,0.42105263157894735,0.7631578947368421,0.42105263157894735,0.10526315789473684,0.0,0.0,1.0,3.0,6.0,3.0,6.0,6.0,6.0,2.0,6.0,3.0,6.0,2.0,2.0,2.7059891107078036,1.0508166969147006,0.2254990925589837,NA,-0.03678278179370333,1.0508166969147006,0.2254990925589837,0.04824561403508772,0.0,0.04824561403508772,0.04824561403508772,0.0,OK,
corr_mix,score_only,cusum_factor_cov_lrt,1.0,0.15,budget_only,count,0.1,0.15,0.1,80,77,0,77,0.9625,0.0,0.9625,1.1500223914017016,0.4171518137035378,5.558441558441558,0.5194805194805194,0.5194805194805194,0.0,0.9090909090909091,0.6493506493506493,0.9090909090909091,0.6493506493506493,0.42857142857142855,0.0,0.0,1.0,5.0,5.0,5.0,6.0,5.0,6.0,0.0,5.0,5.0,6.0,2.0,2.0,5.013882669055082,1.1500223914017016,0.4178235557545902,NA,0.30041496153873676,1.1500223914017016,0.4171518137035378,0.006493506493506494,0.013157894736842105,-0.0064935064935064965,0.0064935064935064965,0.013157894736842105,OK,
corr_mix,score_only,cusum_factor_cov_lrt,1.0,0.25,budget_only,count,0.1,0.15,0.1,80,77,0,77,0.9625,0.0,0.9625,1.1500223914017016,0.4171518137035378,5.558441558441558,0.5194805194805194,0.5194805194805194,0.0,0.9090909090909091,0.6493506493506493,0.9090909090909091,0.6493506493506493,0.42857142857142855,0.0,0.0,1.0,5.0,5.0,5.0,6.0,5.0,6.0,0.0,5.0,5.0,6.0,2.0,2.0,5.013882669055082,1.1500223914017016,0.4178235557545902,NA,0.3052053065877504,1.1500223914017016,0.4171518137035378,0.006493506493506494,0.013157894736842105,-0.0064935064935064965,0.0064935064935064965,0.013157894736842105,OK,
corr_mix,score_only,cusum_factor_cov_lrt,1.0,0.35,budget_only,count,0.1,0.15,0.1,80,77,0,77,0.9625,0.0,0.9625,1.1500223914017016,0.4171518137035378,5.558441558441558,0.5194805194805194,0.5194805194805194,0.0,0.9090909090909091,0.6493506493506493,0.9090909090909091,0.6493506493506493,0.42857142857142855,0.0,0.0,1.0,5.0,5.0,5.0,6.0,5.0,6.0,0.0,5.0,5.0,6.0,2.0,2.0,5.013882669055082,1.1500223914017016,0.4178235557545902,NA,0.3104952980523389,1.1500223914017016,0.4171518137035378,0.006493506493506494,0.013157894736842105,-0.0064935064935064965,0.0064935064935064965,0.013157894736842105,OK,
corr_mix,score_only,cusum_factor_cov_lrt,1.0,0.5,budget_only,count,0.1,0.15,0.1,80,77,0,77,0.9625,0.0,0.9625,1.1500223914017016,0.4171518137035378,5.558441558441558,0.5194805194805194,0.5194805194805194,0.0,0.9090909090909091,0.6493506493506493,0.9090909090909091,0.6493506493506493,0.42857142857142855,0.0,0.0,1.0,5.0,5.0,5.0,6.0,5.0,6.0,0.0,5.0,5.0,6.0,2.0,2.0,5.013882669055082,1.1500223914017016,0.4178235557545902,NA,0.3190214173950711,1.1500223914017016,0.4171518137035378,0.006493506493506494,0.013157894736842105,-0.0064935064935064965,0.0064935064935064965,0.013157894736842105,OK,
corr_mix,score_only,ewma_coh_resid_t2,1.0,0.15,budget_only,count,0.1,0.15,0.1,80,80,4,80,1.0,0.05,1.0,0.9543103448275861,0.23793103448275862,4.6125,0.3,0.4125,-0.11249999999999999,0.375,0.275,0.375,0.275,0.125,0.05,0.05,1.0,6.0,6.0,6.0,6.0,6.0,6.0,6.0,6.0,6.0,6.0,1.5,2.0,2.839655172413793,0.9387931034482758,0.23663793103448277,0.00033853841311651045,0.23154121053244242,0.9543103448275861,0.23793103448275862,0.01875,0.008438818565400843,-0.01875,0.01875,-0.008438818565400843,OK,
corr_mix,score_only,ewma_coh_resid_t2,1.0,0.25,budget_only,count,0.1,0.15,0.1,80,80,4,80,1.0,0.05,1.0,0.9543103448275861,0.23793103448275862,4.6125,0.3875,0.4125,-0.024999999999999967,0.4625,0.275,0.4625,0.275,0.125,0.05,0.05,1.0,6.0,6.0,6.0,6.0,6.0,6.0,6.0,6.0,6.0,6.0,2.0,2.0,2.839655172413793,0.9387931034482758,0.23663793103448277,0.00033853841311651045,0.2554407390890402,0.9543103448275861,0.23793103448275862,0.004166666666666667,0.008438818565400843,-0.004166666666666667,0.004166666666666667,-0.008438818565400843,OK,
corr_mix,score_only,ewma_coh_resid_t2,1.0,0.35,budget_only,count,0.1,0.15,0.1,80,80,4,80,1.0,0.05,1.0,0.9543103448275861,0.23793103448275862,4.6125,0.3875,0.4125,-0.024999999999999967,0.4625,0.275,0.4625,0.275,0.125,0.05,0.05,1.0,6.0,6.0,6.0,6.0,6.0,6.0,6.0,6.0,6.0,6.0,2.0,2.0,2.837068965517241,0.9362068965517242,0.23642241379310347,0.00033853841311651045,0.30347568606435094,0.9543103448275861,0.23793103448275862,0.004166666666666667,0.008438818565400843,-0.004166666666666667,0.004166666666666667,-0.008438818565400843,OK,
corr_mix,score_only,ewma_coh_resid_t2,1.0,0.5,budget_only,count,0.1,0.15,0.1,80,80,4,80,1.0,0.05,1.0,0.9543103448275861,0.23793103448275862,4.6125,0.4,0.4125,-0.012499999999999956,0.475,0.2875,0.475,0.2875,0.125,0.05,0.05,1.0,6.0,6.0,6.0,6.0,6.0,6.0,6.0,6.0,6.0,6.0,2.0,2.0,2.85,0.9362068965517242,0.2375,0.00033853841311651045,0.4242193206969979,0.9543103448275861,0.23793103448275862,0.025,0.02109704641350211,0.016666666666666666,0.025,0.004219409282700422,OK,
corr_mix,score_only,ewma_factor_cov_lrt,INFEASIBLE,0.15,budget_only,count,INFEASIBLE,INFEASIBLE,INFEASIBLE,INFEASIBLE,INFEASIBLE,INFEASIBLE,INFEASIBLE,INFEASIBLE,INFEASIBLE,INFEASIBLE,INFEASIBLE,INFEASIBLE,INFEASIBLE,INFEASIBLE,INFEASIBLE,INFEASIBLE,INFEASIBLE,INFEASIBLE,INFEASIBLE,INFEASIBLE,INFEASIBLE,INFEASIBLE,INFEASIBLE,,INFEASIBLE,INFEASIBLE,INFEASIBLE,INFEASIBLE,INFEASIBLE,INFEASIBLE,INFEASIBLE,INFEASIBLE,INFEASIBLE,INFEASIBLE,INFEASIBLE,INFEASIBLE,INFEASIBLE,INFEASIBLE,INFEASIBLE,INFEASIBLE,INFEASIBLE,INFEASIBLE,INFEASIBLE,INFEASIBLE,INFEASIBLE,INFEASIBLE,INFEASIBLE,INFEASIBLE,INFEASIBLE,no_trials_in_band
corr_mix,score_only,ewma_factor_cov_lrt,INFEASIBLE,0.25,budget_only,count,INFEASIBLE,INFEASIBLE,INFEASIBLE,INFEASIBLE,INFEASIBLE,INFEASIBLE,INFEASIBLE,INFEASIBLE,INFEASIBLE,INFEASIBLE,INFEASIBLE,INFEASIBLE,INFEASIBLE,INFEASIBLE,INFEASIBLE,INFEASIBLE,INFEASIBLE,INFEASIBLE,INFEASIBLE,INFEASIBLE,INFEASIBLE,INFEASIBLE,INFEASIBLE,,INFEASIBLE,INFEASIBLE,INFEASIBLE,INFEASIBLE,INFEASIBLE,INFEASIBLE,INFEASIBLE,INFEASIBLE,INFEASIBLE,INFEASIBLE,INFEASIBLE,INFEASIBLE,INFEASIBLE,INFEASIBLE,INFEASIBLE,INFEASIBLE,INFEASIBLE,INFEASIBLE,INFEASIBLE,INFEASIBLE,INFEASIBLE,INFEASIBLE,INFEASIBLE,INFEASIBLE,INFEASIBLE,no_trials_in_band
corr_mix,score_only,ewma_factor_cov_lrt,INFEASIBLE,0.35,budget_only,count,INFEASIBLE,INFEASIBLE,INFEASIBLE,INFEASIBLE,INFEASIBLE,INFEASIBLE,INFEASIBLE,INFEASIBLE,INFEASIBLE,INFEASIBLE,INFEASIBLE,INFEASIBLE,INFEASIBLE,INFEASIBLE,INFEASIBLE,INFEASIBLE,INFEASIBLE,INFEASIBLE,INFEASIBLE,INFEASIBLE,INFEASIBLE,INFEASIBLE,INFEASIBLE,,INFEASIBLE,INFEASIBLE,INFEASIBLE,INFEASIBLE,INFEASIBLE,INFEASIBLE,INFEASIBLE,INFEASIBLE,INFEASIBLE,INFEASIBLE,INFEASIBLE,INFEASIBLE,INFEASIBLE,INFEASIBLE,INFEASIBLE,INFEASIBLE,INFEASIBLE,INFEASIBLE,INFEASIBLE,INFEASIBLE,INFEASIBLE,INFEASIBLE,INFEASIBLE,INFEASIBLE,INFEASIBLE,no_trials_in_band
corr_mix,score_only,ewma_factor_cov_lrt,INFEASIBLE,0.5,budget_only,count,INFEASIBLE,INFEASIBLE,INFEASIBLE,INFEASIBLE,INFEASIBLE,INFEASIBLE,INFEASIBLE,INFEASIBLE,INFEASIBLE,INFEASIBLE,INFEASIBLE,INFEASIBLE,INFEASIBLE,INFEASIBLE,INFEASIBLE,INFEASIBLE,INFEASIBLE,INFEASIBLE,INFEASIBLE,INFEASIBLE,INFEASIBLE,INFEASIBLE,INFEASIBLE,,INFEASIBLE,INFEASIBLE,INFEASIBLE,INFEASIBLE,INFEASIBLE,INFEASIBLE,INFEASIBLE,INFEASIBLE,INFEASIBLE,INFEASIBLE,INFEASIBLE,INFEASIBLE,INFEASIBLE,INFEASIBLE,INFEASIBLE,INFEASIBLE,INFEASIBLE,INFEASIBLE,INFEASIBLE,INFEASIBLE,INFEASIBLE,INFEASIBLE,INFEASIBLE,INFEASIBLE,INFEASIBLE,no_trials_in_band
corr_mix,score_only,factor_cov_change,INFEASIBLE,0.15,budget_only,count,INFEASIBLE,INFEASIBLE,INFEASIBLE,INFEASIBLE,INFEASIBLE,INFEASIBLE,INFEASIBLE,INFEASIBLE,INFEASIBLE,INFEASIBLE,INFEASIBLE,INFEASIBLE,INFEASIBLE,INFEASIBLE,INFEASIBLE,INFEASIBLE,INFEASIBLE,INFEASIBLE,INFEASIBLE,INFEASIBLE,INFEASIBLE,INFEASIBLE,INFEASIBLE,,INFEASIBLE,INFEASIBLE,INFEASIBLE,INFEASIBLE,INFEASIBLE,INFEASIBLE,INFEASIBLE,INFEASIBLE,INFEASIBLE,INFEASIBLE,INFEASIBLE,INFEASIBLE,INFEASIBLE,INFEASIBLE,INFEASIBLE,INFEASIBLE,INFEASIBLE,INFEASIBLE,INFEASIBLE,INFEASIBLE,INFEASIBLE,INFEASIBLE,INFEASIBLE,INFEASIBLE,INFEASIBLE,no_trials_in_band
corr_mix,score_only,factor_cov_change,INFEASIBLE,0.25,budget_only,count,INFEASIBLE,INFEASIBLE,INFEASIBLE,INFEASIBLE,INFEASIBLE,INFEASIBLE,INFEASIBLE,INFEASIBLE,INFEASIBLE,INFEASIBLE,INFEASIBLE,INFEASIBLE,INFEASIBLE,INFEASIBLE,INFEASIBLE,INFEASIBLE,INFEASIBLE,INFEASIBLE,INFEASIBLE,INFEASIBLE,INFEASIBLE,INFEASIBLE,INFEASIBLE,,INFEASIBLE,INFEASIBLE,INFEASIBLE,INFEASIBLE,INFEASIBLE,INFEASIBLE,INFEASIBLE,INFEASIBLE,INFEASIBLE,INFEASIBLE,INFEASIBLE,INFEASIBLE,INFEASIBLE,INFEASIBLE,INFEASIBLE,INFEASIBLE,INFEASIBLE,INFEASIBLE,INFEASIBLE,INFEASIBLE,INFEASIBLE,INFEASIBLE,INFEASIBLE,INFEASIBLE,INFEASIBLE,no_trials_in_band
corr_mix,score_only,factor_cov_change,INFEASIBLE,0.35,budget_only,count,INFEASIBLE,INFEASIBLE,INFEASIBLE,INFEASIBLE,INFEASIBLE,INFEASIBLE,INFEASIBLE,INFEASIBLE,INFEASIBLE,INFEASIBLE,INFEASIBLE,INFEASIBLE,INFEASIBLE,INFEASIBLE,INFEASIBLE,INFEASIBLE,INFEASIBLE,INFEASIBLE,INFEASIBLE,INFEASIBLE,INFEASIBLE,INFEASIBLE,INFEASIBLE,,INFEASIBLE,INFEASIBLE,INFEASIBLE,INFEASIBLE,INFEASIBLE,INFEASIBLE,INFEASIBLE,INFEASIBLE,INFEASIBLE,INFEASIBLE,INFEASIBLE,INFEASIBLE,INFEASIBLE,INFEASIBLE,INFEASIBLE,INFEASIBLE,INFEASIBLE,INFEASIBLE,INFEASIBLE,INFEASIBLE,INFEASIBLE,INFEASIBLE,INFEASIBLE,INFEASIBLE,INFEASIBLE,no_trials_in_band
corr_mix,score_only,factor_cov_change,INFEASIBLE,0.5,budget_only,count,INFEASIBLE,INFEASIBLE,INFEASIBLE,INFEASIBLE,INFEASIBLE,INFEASIBLE,INFEASIBLE,INFEASIBLE,INFEASIBLE,INFEASIBLE,INFEASIBLE,INFEASIBLE,INFEASIBLE,INFEASIBLE,INFEASIBLE,INFEASIBLE,INFEASIBLE,INFEASIBLE,INFEASIBLE,INFEASIBLE,INFEASIBLE,INFEASIBLE,INFEASIBLE,,INFEASIBLE,INFEASIBLE,INFEASIBLE,INFEASIBLE,INFEASIBLE,INFEASIBLE,INFEASIBLE,INFEASIBLE,INFEASIBLE,INFEASIBLE,INFEASIBLE,INFEASIBLE,INFEASIBLE,INFEASIBLE,INFEASIBLE,INFEASIBLE,INFEASIBLE,INFEASIBLE,INFEASIBLE,INFEASIBLE,INFEASIBLE,INFEASIBLE,INFEASIBLE,INFEASIBLE,INFEASIBLE,no_trials_in_band
corr_mix,score_only,factor_cov_delta,INFEASIBLE,0.15,budget_only,count,INFEASIBLE,INFEASIBLE,INFEASIBLE,INFEASIBLE,INFEASIBLE,INFEASIBLE,INFEASIBLE,INFEASIBLE,INFEASIBLE,INFEASIBLE,INFEASIBLE,INFEASIBLE,INFEASIBLE,INFEASIBLE,INFEASIBLE,INFEASIBLE,INFEASIBLE,INFEASIBLE,INFEASIBLE,INFEASIBLE,INFEASIBLE,INFEASIBLE,INFEASIBLE,,INFEASIBLE,INFEASIBLE,INFEASIBLE,INFEASIBLE,INFEASIBLE,INFEASIBLE,INFEASIBLE,INFEASIBLE,INFEASIBLE,INFEASIBLE,INFEASIBLE,INFEASIBLE,INFEASIBLE,INFEASIBLE,INFEASIBLE,INFEASIBLE,INFEASIBLE,INFEASIBLE,INFEASIBLE,INFEASIBLE,INFEASIBLE,INFEASIBLE,INFEASIBLE,INFEASIBLE,INFEASIBLE,no_trials_in_band
corr_mix,score_only,factor_cov_delta,INFEASIBLE,0.25,budget_only,count,INFEASIBLE,INFEASIBLE,INFEASIBLE,INFEASIBLE,INFEASIBLE,INFEASIBLE,INFEASIBLE,INFEASIBLE,INFEASIBLE,INFEASIBLE,INFEASIBLE,INFEASIBLE,INFEASIBLE,INFEASIBLE,INFEASIBLE,INFEASIBLE,INFEASIBLE,INFEASIBLE,INFEASIBLE,INFEASIBLE,INFEASIBLE,INFEASIBLE,INFEASIBLE,,INFEASIBLE,INFEASIBLE,INFEASIBLE,INFEASIBLE,INFEASIBLE,INFEASIBLE,INFEASIBLE,INFEASIBLE,INFEASIBLE,INFEASIBLE,INFEASIBLE,INFEASIBLE,INFEASIBLE,INFEASIBLE,INFEASIBLE,INFEASIBLE,INFEASIBLE,INFEASIBLE,INFEASIBLE,INFEASIBLE,INFEASIBLE,INFEASIBLE,INFEASIBLE,INFEASIBLE,INFEASIBLE,no_trials_in_band
corr_mix,score_only,factor_cov_delta,INFEASIBLE,0.35,budget_only,count,INFEASIBLE,INFEASIBLE,INFEASIBLE,INFEASIBLE,INFEASIBLE,INFEASIBLE,INFEASIBLE,INFEASIBLE,INFEASIBLE,INFEASIBLE,INFEASIBLE,INFEASIBLE,INFEASIBLE,INFEASIBLE,INFEASIBLE,INFEASIBLE,INFEASIBLE,INFEASIBLE,INFEASIBLE,INFEASIBLE,INFEASIBLE,INFEASIBLE,INFEASIBLE,,INFEASIBLE,INFEASIBLE,INFEASIBLE,INFEASIBLE,INFEASIBLE,INFEASIBLE,INFEASIBLE,INFEASIBLE,INFEASIBLE,INFEASIBLE,INFEASIBLE,INFEASIBLE,INFEASIBLE,INFEASIBLE,INFEASIBLE,INFEASIBLE,INFEASIBLE,INFEASIBLE,INFEASIBLE,INFEASIBLE,INFEASIBLE,INFEASIBLE,INFEASIBLE,INFEASIBLE,INFEASIBLE,no_trials_in_band
corr_mix,score_only,factor_cov_delta,INFEASIBLE,0.5,budget_only,count,INFEASIBLE,INFEASIBLE,INFEASIBLE,INFEASIBLE,INFEASIBLE,INFEASIBLE,INFEASIBLE,INFEASIBLE,INFEASIBLE,INFEASIBLE,INFEASIBLE,INFEASIBLE,INFEASIBLE,INFEASIBLE,INFEASIBLE,INFEASIBLE,INFEASIBLE,INFEASIBLE,INFEASIBLE,INFEASIBLE,INFEASIBLE,INFEASIBLE,INFEASIBLE,,INFEASIBLE,INFEASIBLE,INFEASIBLE,INFEASIBLE,INFEASIBLE,INFEASIBLE,INFEASIBLE,INFEASIBLE,INFEASIBLE,INFEASIBLE,INFEASIBLE,INFEASIBLE,INFEASIBLE,INFEASIBLE,INFEASIBLE,INFEASIBLE,INFEASIBLE,INFEASIBLE,INFEASIBLE,INFEASIBLE,INFEASIBLE,INFEASIBLE,INFEASIBLE,INFEASIBLE,INFEASIBLE,no_trials_in_band
corr_mix,score_only,factor_cov_lrt,INFEASIBLE,0.15,budget_only,count,INFEASIBLE,INFEASIBLE,INFEASIBLE,INFEASIBLE,INFEASIBLE,INFEASIBLE,INFEASIBLE,INFEASIBLE,INFEASIBLE,INFEASIBLE,INFEASIBLE,INFEASIBLE,INFEASIBLE,INFEASIBLE,INFEASIBLE,INFEASIBLE,INFEASIBLE,INFEASIBLE,INFEASIBLE,INFEASIBLE,INFEASIBLE,INFEASIBLE,INFEASIBLE,,INFEASIBLE,INFEASIBLE,INFEASIBLE,INFEASIBLE,INFEASIBLE,INFEASIBLE,INFEASIBLE,INFEASIBLE,INFEASIBLE,INFEASIBLE,INFEASIBLE,INFEASIBLE,INFEASIBLE,INFEASIBLE,INFEASIBLE,INFEASIBLE,INFEASIBLE,INFEASIBLE,INFEASIBLE,INFEASIBLE,INFEASIBLE,INFEASIBLE,INFEASIBLE,INFEASIBLE,INFEASIBLE,no_trials_in_band
corr_mix,score_only,factor_cov_lrt,INFEASIBLE,0.25,budget_only,count,INFEASIBLE,INFEASIBLE,INFEASIBLE,INFEASIBLE,INFEASIBLE,INFEASIBLE,INFEASIBLE,INFEASIBLE,INFEASIBLE,INFEASIBLE,INFEASIBLE,INFEASIBLE,INFEASIBLE,INFEASIBLE,INFEASIBLE,INFEASIBLE,INFEASIBLE,INFEASIBLE,INFEASIBLE,INFEASIBLE,INFEASIBLE,INFEASIBLE,INFEASIBLE,,INFEASIBLE,INFEASIBLE,INFEASIBLE,INFEASIBLE,INFEASIBLE,INFEASIBLE,INFEASIBLE,INFEASIBLE,INFEASIBLE,INFEASIBLE,INFEASIBLE,INFEASIBLE,INFEASIBLE,INFEASIBLE,INFEASIBLE,INFEASIBLE,INFEASIBLE,INFEASIBLE,INFEASIBLE,INFEASIBLE,INFEASIBLE,INFEASIBLE,INFEASIBLE,INFEASIBLE,INFEASIBLE,no_trials_in_band
corr_mix,score_only,factor_cov_lrt,INFEASIBLE,0.35,budget_only,count,INFEASIBLE,INFEASIBLE,INFEASIBLE,INFEASIBLE,INFEASIBLE,INFEASIBLE,INFEASIBLE,INFEASIBLE,INFEASIBLE,INFEASIBLE,INFEASIBLE,INFEASIBLE,INFEASIBLE,INFEASIBLE,INFEASIBLE,INFEASIBLE,INFEASIBLE,INFEASIBLE,INFEASIBLE,INFEASIBLE,INFEASIBLE,INFEASIBLE,INFEASIBLE,,INFEASIBLE,INFEASIBLE,INFEASIBLE,INFEASIBLE,INFEASIBLE,INFEASIBLE,INFEASIBLE,INFEASIBLE,INFEASIBLE,INFEASIBLE,INFEASIBLE,INFEASIBLE,INFEASIBLE,INFEASIBLE,INFEASIBLE,INFEASIBLE,INFEASIBLE,INFEASIBLE,INFEASIBLE,INFEASIBLE,INFEASIBLE,INFEASIBLE,INFEASIBLE,INFEASIBLE,INFEASIBLE,no_trials_in_band
corr_mix,score_only,factor_cov_lrt,INFEASIBLE,0.5,budget_only,count,INFEASIBLE,INFEASIBLE,INFEASIBLE,INFEASIBLE,INFEASIBLE,INFEASIBLE,INFEASIBLE,INFEASIBLE,INFEASIBLE,INFEASIBLE,INFEASIBLE,INFEASIBLE,INFEASIBLE,INFEASIBLE,INFEASIBLE,INFEASIBLE,INFEASIBLE,INFEASIBLE,INFEASIBLE,INFEASIBLE,INFEASIBLE,INFEASIBLE,INFEASIBLE,,INFEASIBLE,INFEASIBLE,INFEASIBLE,INFEASIBLE,INFEASIBLE,INFEASIBLE,INFEASIBLE,INFEASIBLE,INFEASIBLE,INFEASIBLE,INFEASIBLE,INFEASIBLE,INFEASIBLE,INFEASIBLE,INFEASIBLE,INFEASIBLE,INFEASIBLE,INFEASIBLE,INFEASIBLE,INFEASIBLE,INFEASIBLE,INFEASIBLE,INFEASIBLE,INFEASIBLE,INFEASIBLE,no_trials_in_band
corr_mix,score_only,factor_cov_lrt_delta,INFEASIBLE,0.15,budget_only,count,INFEASIBLE,INFEASIBLE,INFEASIBLE,INFEASIBLE,INFEASIBLE,INFEASIBLE,INFEASIBLE,INFEASIBLE,INFEASIBLE,INFEASIBLE,INFEASIBLE,INFEASIBLE,INFEASIBLE,INFEASIBLE,INFEASIBLE,INFEASIBLE,INFEASIBLE,INFEASIBLE,INFEASIBLE,INFEASIBLE,INFEASIBLE,INFEASIBLE,INFEASIBLE,,INFEASIBLE,INFEASIBLE,INFEASIBLE,INFEASIBLE,INFEASIBLE,INFEASIBLE,INFEASIBLE,INFEASIBLE,INFEASIBLE,INFEASIBLE,INFEASIBLE,INFEASIBLE,INFEASIBLE,INFEASIBLE,INFEASIBLE,INFEASIBLE,INFEASIBLE,INFEASIBLE,INFEASIBLE,INFEASIBLE,INFEASIBLE,INFEASIBLE,INFEASIBLE,INFEASIBLE,INFEASIBLE,no_trials_in_band
corr_mix,score_only,factor_cov_lrt_delta,INFEASIBLE,0.25,budget_only,count,INFEASIBLE,INFEASIBLE,INFEASIBLE,INFEASIBLE,INFEASIBLE,INFEASIBLE,INFEASIBLE,INFEASIBLE,INFEASIBLE,INFEASIBLE,INFEASIBLE,INFEASIBLE,INFEASIBLE,INFEASIBLE,INFEASIBLE,INFEASIBLE,INFEASIBLE,INFEASIBLE,INFEASIBLE,INFEASIBLE,INFEASIBLE,INFEASIBLE,INFEASIBLE,,INFEASIBLE,INFEASIBLE,INFEASIBLE,INFEASIBLE,INFEASIBLE,INFEASIBLE,INFEASIBLE,INFEASIBLE,INFEASIBLE,INFEASIBLE,INFEASIBLE,INFEASIBLE,INFEASIBLE,INFEASIBLE,INFEASIBLE,INFEASIBLE,INFEASIBLE,INFEASIBLE,INFEASIBLE,INFEASIBLE,INFEASIBLE,INFEASIBLE,INFEASIBLE,INFEASIBLE,INFEASIBLE,no_trials_in_band
corr_mix,score_only,factor_cov_lrt_delta,INFEASIBLE,0.35,budget_only,count,INFEASIBLE,INFEASIBLE,INFEASIBLE,INFEASIBLE,INFEASIBLE,INFEASIBLE,INFEASIBLE,INFEASIBLE,INFEASIBLE,INFEASIBLE,INFEASIBLE,INFEASIBLE,INFEASIBLE,INFEASIBLE,INFEASIBLE,INFEASIBLE,INFEASIBLE,INFEASIBLE,INFEASIBLE,INFEASIBLE,INFEASIBLE,INFEASIBLE,INFEASIBLE,,INFEASIBLE,INFEASIBLE,INFEASIBLE,INFEASIBLE,INFEASIBLE,INFEASIBLE,INFEASIBLE,INFEASIBLE,INFEASIBLE,INFEASIBLE,INFEASIBLE,INFEASIBLE,INFEASIBLE,INFEASIBLE,INFEASIBLE,INFEASIBLE,INFEASIBLE,INFEASIBLE,INFEASIBLE,INFEASIBLE,INFEASIBLE,INFEASIBLE,INFEASIBLE,INFEASIBLE,INFEASIBLE,no_trials_in_band
corr_mix,score_only,factor_cov_lrt_delta,INFEASIBLE,0.5,budget_only,count,INFEASIBLE,INFEASIBLE,INFEASIBLE,INFEASIBLE,INFEASIBLE,INFEASIBLE,INFEASIBLE,INFEASIBLE,INFEASIBLE,INFEASIBLE,INFEASIBLE,INFEASIBLE,INFEASIBLE,INFEASIBLE,INFEASIBLE,INFEASIBLE,INFEASIBLE,INFEASIBLE,INFEASIBLE,INFEASIBLE,INFEASIBLE,INFEASIBLE,INFEASIBLE,,INFEASIBLE,INFEASIBLE,INFEASIBLE,INFEASIBLE,INFEASIBLE,INFEASIBLE,INFEASIBLE,INFEASIBLE,INFEASIBLE,INFEASIBLE,INFEASIBLE,INFEASIBLE,INFEASIBLE,INFEASIBLE,INFEASIBLE,INFEASIBLE,INFEASIBLE,INFEASIBLE,INFEASIBLE,INFEASIBLE,INFEASIBLE,INFEASIBLE,INFEASIBLE,INFEASIBLE,INFEASIBLE,no_trials_in_band
corr_mix,score_only,fused_fisher,INFEASIBLE,0.15,budget_only,count,INFEASIBLE,INFEASIBLE,INFEASIBLE,INFEASIBLE,INFEASIBLE,INFEASIBLE,INFEASIBLE,INFEASIBLE,INFEASIBLE,INFEASIBLE,INFEASIBLE,INFEASIBLE,INFEASIBLE,INFEASIBLE,INFEASIBLE,INFEASIBLE,INFEASIBLE,INFEASIBLE,INFEASIBLE,INFEASIBLE,INFEASIBLE,INFEASIBLE,INFEASIBLE,,INFEASIBLE,INFEASIBLE,INFEASIBLE,INFEASIBLE,INFEASIBLE,INFEASIBLE,INFEASIBLE,INFEASIBLE,INFEASIBLE,INFEASIBLE,INFEASIBLE,INFEASIBLE,INFEASIBLE,INFEASIBLE,INFEASIBLE,INFEASIBLE,INFEASIBLE,INFEASIBLE,INFEASIBLE,INFEASIBLE,INFEASIBLE,INFEASIBLE,INFEASIBLE,INFEASIBLE,INFEASIBLE,no_trials_in_band
corr_mix,score_only,fused_fisher,INFEASIBLE,0.25,budget_only,count,INFEASIBLE,INFEASIBLE,INFEASIBLE,INFEASIBLE,INFEASIBLE,INFEASIBLE,INFEASIBLE,INFEASIBLE,INFEASIBLE,INFEASIBLE,INFEASIBLE,INFEASIBLE,INFEASIBLE,INFEASIBLE,INFEASIBLE,INFEASIBLE,INFEASIBLE,INFEASIBLE,INFEASIBLE,INFEASIBLE,INFEASIBLE,INFEASIBLE,INFEASIBLE,,INFEASIBLE,INFEASIBLE,INFEASIBLE,INFEASIBLE,INFEASIBLE,INFEASIBLE,INFEASIBLE,INFEASIBLE,INFEASIBLE,INFEASIBLE,INFEASIBLE,INFEASIBLE,INFEASIBLE,INFEASIBLE,INFEASIBLE,INFEASIBLE,INFEASIBLE,INFEASIBLE,INFEASIBLE,INFEASIBLE,INFEASIBLE,INFEASIBLE,INFEASIBLE,INFEASIBLE,INFEASIBLE,no_trials_in_band
corr_mix,score_only,fused_fisher,INFEASIBLE,0.35,budget_only,count,INFEASIBLE,INFEASIBLE,INFEASIBLE,INFEASIBLE,INFEASIBLE,INFEASIBLE,INFEASIBLE,INFEASIBLE,INFEASIBLE,INFEASIBLE,INFEASIBLE,INFEASIBLE,INFEASIBLE,INFEASIBLE,INFEASIBLE,INFEASIBLE,INFEASIBLE,INFEASIBLE,INFEASIBLE,INFEASIBLE,INFEASIBLE,INFEASIBLE,INFEASIBLE,,INFEASIBLE,INFEASIBLE,INFEASIBLE,INFEASIBLE,INFEASIBLE,INFEASIBLE,INFEASIBLE,INFEASIBLE,INFEASIBLE,INFEASIBLE,INFEASIBLE,INFEASIBLE,INFEASIBLE,INFEASIBLE,INFEASIBLE,INFEASIBLE,INFEASIBLE,INFEASIBLE,INFEASIBLE,INFEASIBLE,INFEASIBLE,INFEASIBLE,INFEASIBLE,INFEASIBLE,INFEASIBLE,no_trials_in_band
corr_mix,score_only,fused_fisher,INFEASIBLE,0.5,budget_only,count,INFEASIBLE,INFEASIBLE,INFEASIBLE,INFEASIBLE,INFEASIBLE,INFEASIBLE,INFEASIBLE,INFEASIBLE,INFEASIBLE,INFEASIBLE,INFEASIBLE,INFEASIBLE,INFEASIBLE,INFEASIBLE,INFEASIBLE,INFEASIBLE,INFEASIBLE,INFEASIBLE,INFEASIBLE,INFEASIBLE,INFEASIBLE,INFEASIBLE,INFEASIBLE,,INFEASIBLE,INFEASIBLE,INFEASIBLE,INFEASIBLE,INFEASIBLE,INFEASIBLE,INFEASIBLE,INFEASIBLE,INFEASIBLE,INFEASIBLE,INFEASIBLE,INFEASIBLE,INFEASIBLE,INFEASIBLE,INFEASIBLE,INFEASIBLE,INFEASIBLE,INFEASIBLE,INFEASIBLE,INFEASIBLE,INFEASIBLE,INFEASIBLE,INFEASIBLE,INFEASIBLE,INFEASIBLE,no_trials_in_band
corr_mix,score_only,fused_fisher_lrt_delta,INFEASIBLE,0.15,budget_only,count,INFEASIBLE,INFEASIBLE,INFEASIBLE,INFEASIBLE,INFEASIBLE,INFEASIBLE,INFEASIBLE,INFEASIBLE,INFEASIBLE,INFEASIBLE,INFEASIBLE,INFEASIBLE,INFEASIBLE,INFEASIBLE,INFEASIBLE,INFEASIBLE,INFEASIBLE,INFEASIBLE,INFEASIBLE,INFEASIBLE,INFEASIBLE,INFEASIBLE,INFEASIBLE,,INFEASIBLE,INFEASIBLE,INFEASIBLE,INFEASIBLE,INFEASIBLE,INFEASIBLE,INFEASIBLE,INFEASIBLE,INFEASIBLE,INFEASIBLE,INFEASIBLE,INFEASIBLE,INFEASIBLE,INFEASIBLE,INFEASIBLE,INFEASIBLE,INFEASIBLE,INFEASIBLE,INFEASIBLE,INFEASIBLE,INFEASIBLE,INFEASIBLE,INFEASIBLE,INFEASIBLE,INFEASIBLE,no_trials_in_band
corr_mix,score_only,fused_fisher_lrt_delta,INFEASIBLE,0.25,budget_only,count,INFEASIBLE,INFEASIBLE,INFEASIBLE,INFEASIBLE,INFEASIBLE,INFEASIBLE,INFEASIBLE,INFEASIBLE,INFEASIBLE,INFEASIBLE,INFEASIBLE,INFEASIBLE,INFEASIBLE,INFEASIBLE,INFEASIBLE,INFEASIBLE,INFEASIBLE,INFEASIBLE,INFEASIBLE,INFEASIBLE,INFEASIBLE,INFEASIBLE,INFEASIBLE,,INFEASIBLE,INFEASIBLE,INFEASIBLE,INFEASIBLE,INFEASIBLE,INFEASIBLE,INFEASIBLE,INFEASIBLE,INFEASIBLE,INFEASIBLE,INFEASIBLE,INFEASIBLE,INFEASIBLE,INFEASIBLE,INFEASIBLE,INFEASIBLE,INFEASIBLE,INFEASIBLE,INFEASIBLE,INFEASIBLE,INFEASIBLE,INFEASIBLE,INFEASIBLE,INFEASIBLE,INFEASIBLE,no_trials_in_band
corr_mix,score_only,fused_fisher_lrt_delta,INFEASIBLE,0.35,budget_only,count,INFEASIBLE,INFEASIBLE,INFEASIBLE,INFEASIBLE,INFEASIBLE,INFEASIBLE,INFEASIBLE,INFEASIBLE,INFEASIBLE,INFEASIBLE,INFEASIBLE,INFEASIBLE,INFEASIBLE,INFEASIBLE,INFEASIBLE,INFEASIBLE,INFEASIBLE,INFEASIBLE,INFEASIBLE,INFEASIBLE,INFEASIBLE,INFEASIBLE,INFEASIBLE,,INFEASIBLE,INFEASIBLE,INFEASIBLE,INFEASIBLE,INFEASIBLE,INFEASIBLE,INFEASIBLE,INFEASIBLE,INFEASIBLE,INFEASIBLE,INFEASIBLE,INFEASIBLE,INFEASIBLE,INFEASIBLE,INFEASIBLE,INFEASIBLE,INFEASIBLE,INFEASIBLE,INFEASIBLE,INFEASIBLE,INFEASIBLE,INFEASIBLE,INFEASIBLE,INFEASIBLE,INFEASIBLE,no_trials_in_band
corr_mix,score_only,fused_fisher_lrt_delta,INFEASIBLE,0.5,budget_only,count,INFEASIBLE,INFEASIBLE,INFEASIBLE,INFEASIBLE,INFEASIBLE,INFEASIBLE,INFEASIBLE,INFEASIBLE,INFEASIBLE,INFEASIBLE,INFEASIBLE,INFEASIBLE,INFEASIBLE,INFEASIBLE,INFEASIBLE,INFEASIBLE,INFEASIBLE,INFEASIBLE,INFEASIBLE,INFEASIBLE,INFEASIBLE,INFEASIBLE,INFEASIBLE,,INFEASIBLE,INFEASIBLE,INFEASIBLE,INFEASIBLE,INFEASIBLE,INFEASIBLE,INFEASIBLE,INFEASIBLE,INFEASIBLE,INFEASIBLE,INFEASIBLE,INFEASIBLE,INFEASIBLE,INFEASIBLE,INFEASIBLE,INFEASIBLE,INFEASIBLE,INFEASIBLE,INFEASIBLE,INFEASIBLE,INFEASIBLE,INFEASIBLE,INFEASIBLE,INFEASIBLE,INFEASIBLE,no_trials_in_band
corr_mix,score_only,fused_sp,1.0,0.15,budget_only,count,0.1,0.15,0.1,80,55,2,55,0.6875,0.025,0.6875,0.8275862068965522,0.20250783699059574,4.0,0.01818181818181818,0.01818181818181818,0.0,0.09090909090909091,0.07272727272727272,0.09090909090909091,0.07272727272727272,0.07272727272727272,0.01818181818181818,0.01818181818181818,1.0,6.0,6.0,6.0,6.0,6.0,6.0,6.0,6.0,6.0,6.0,2.0,2.0,2.430094043887147,0.8275862068965522,0.20250783699059574,0.0003402020380956905,-0.07081691081806268,0.8275862068965522,0.20250783699059574,0.0,0.0,0.0,0.0,0.0,OK,
corr_mix,score_only,fused_sp,1.0,0.25,budget_only,count,0.1,0.15,0.1,80,55,2,55,0.6875,0.025,0.6875,0.8275862068965522,0.20250783699059574,4.0,0.01818181818181818,0.01818181818181818,0.0,0.09090909090909091,0.07272727272727272,0.09090909090909091,0.07272727272727272,0.07272727272727272,0.01818181818181818,0.01818181818181818,1.0,6.0,6.0,6.0,6.0,6.0,6.0,6.0,6.0,6.0,6.0,2.0,2.0,2.430094043887147,0.8275862068965522,0.20250783699059574,0.0003402020380956905,-0.05857668086665587,0.8275862068965522,0.20250783699059574,0.0,0.0,0.0,0.0,0.0,OK,
corr_mix,score_only,fused_sp,1.0,0.35,budget_only,count,0.1,0.15,0.1,80,55,2,55,0.6875,0.025,0.6875,0.8275862068965522,0.20250783699059574,4.0,0.01818181818181818,0.01818181818181818,0.0,0.09090909090909091,0.07272727272727272,0.09090909090909091,0.07272727272727272,0.07272727272727272,0.01818181818181818,0.01818181818181818,1.0,6.0,6.0,6.0,6.0,6.0,6.0,6.0,6.0,6.0,6.0,2.0,2.0,2.430094043887147,0.8275862068965522,0.20250783699059574,0.0003402020380956905,-0.03382499534539474,0.8275862068965522,0.20250783699059574,0.0,0.0,0.0,0.0,0.0,OK,
corr_mix,score_only,fused_sp,1.0,0.5,budget_only,count,0.1,0.15,0.1,80,55,2,55,0.6875,0.025,0.6875,0.8275862068965522,0.20250783699059574,4.0,0.01818181818181818,0.01818181818181818,0.0,0.09090909090909091,0.07272727272727272,0.09090909090909091,0.07272727272727272,0.07272727272727272,0.01818181818181818,0.01818181818181818,1.0,6.0,6.0,6.0,6.0,6.0,6.0,6.0,6.0,6.0,6.0,2.0,2.0,2.426332288401253,0.8275862068965522,0.20219435736677127,0.0003402020380956905,0.022171676334911614,0.8275862068965522,0.20250783699059574,0.006060606060606061,0.0,-0.006060606060606061,0.006060606060606061,0.0,OK,
corr_mix,score_only,fused_sp_lrt_delta,1.0,0.15,budget_only,count,0.1,0.15,0.1,80,55,2,55,0.6875,0.025,0.6875,0.8275862068965522,0.18620689655172423,4.0,0.01818181818181818,0.01818181818181818,0.0,0.07272727272727272,0.05454545454545454,0.07272727272727272,0.05454545454545454,0.05454545454545454,0.01818181818181818,0.01818181818181818,1.0,6.0,6.0,6.0,6.0,6.0,6.0,6.0,6.0,6.0,6.0,2.0,2.0,2.2344827586206906,0.8275862068965522,0.18620689655172423,0.0008051207786739389,-0.10801111424596911,0.8275862068965522,0.18620689655172423,0.0,0.0,0.0,0.0,0.0,OK,
corr_mix,score_only,fused_sp_lrt_delta,1.0,0.25,budget_only,count,0.1,0.15,0.1,80,55,2,55,0.6875,0.025,0.6875,0.8275862068965522,0.18620689655172423,4.0,0.01818181818181818,0.01818181818181818,0.0,0.07272727272727272,0.05454545454545454,0.07272727272727272,0.05454545454545454,0.05454545454545454,0.01818181818181818,0.01818181818181818,1.0,6.0,6.0,6.0,6.0,6.0,6.0,6.0,6.0,6.0,6.0,2.0,2.0,2.2344827586206906,0.8275862068965522,0.18620689655172423,0.0008051207786739389,-0.0966314091049775,0.8275862068965522,0.18620689655172423,0.0,0.0,0.0,0.0,0.0,OK,
corr_mix,score_only,fused_sp_lrt_delta,1.0,0.35,budget_only,count,0.1,0.15,0.1,80,55,2,55,0.6875,0.025,0.6875,0.8275862068965522,0.18620689655172423,4.0,0.01818181818181818,0.01818181818181818,0.0,0.07272727272727272,0.05454545454545454,0.07272727272727272,0.05454545454545454,0.05454545454545454,0.01818181818181818,0.01818181818181818,1.0,6.0,6.0,6.0,6.0,6.0,6.0,6.0,6.0,6.0,6.0,2.0,2.0,2.2307210031347973,0.8275862068965522,0.18589341692789976,0.0008051207786739389,-0.0729985157555778,0.8275862068965522,0.18620689655172423,0.0,0.0,0.0,0.0,0.0,OK,
corr_mix,score_only,fused_sp_lrt_delta,1.0,0.5,budget_only,count,0.1,0.15,0.1,80,55,2,55,0.6875,0.025,0.6875,0.8275862068965522,0.18620689655172423,4.0,0.01818181818181818,0.01818181818181818,0.0,0.07272727272727272,0.05454545454545454,0.07272727272727272,0.05454545454545454,0.05454545454545454,0.01818181818181818,0.01818181818181818,1.0,6.0,6.0,6.0,6.0,6.0,6.0,6.0,6.0,6.0,6.0,2.0,2.0,2.2307210031347973,0.8275862068965522,0.18589341692789976,0.0008051207786739389,-0.01292682126663817,0.8275862068965522,0.18620689655172423,0.0,0.0,0.0,0.0,0.0,OK,
corr_mix,score_only,max_abs,INFEASIBLE,0.15,budget_only,count,INFEASIBLE,INFEASIBLE,INFEASIBLE,INFEASIBLE,INFEASIBLE,INFEASIBLE,INFEASIBLE,INFEASIBLE,INFEASIBLE,INFEASIBLE,INFEASIBLE,INFEASIBLE,INFEASIBLE,INFEASIBLE,INFEASIBLE,INFEASIBLE,INFEASIBLE,INFEASIBLE,INFEASIBLE,INFEASIBLE,INFEASIBLE,INFEASIBLE,INFEASIBLE,,INFEASIBLE,INFEASIBLE,INFEASIBLE,INFEASIBLE,INFEASIBLE,INFEASIBLE,INFEASIBLE,INFEASIBLE,INFEASIBLE,INFEASIBLE,INFEASIBLE,INFEASIBLE,INFEASIBLE,INFEASIBLE,INFEASIBLE,INFEASIBLE,INFEASIBLE,INFEASIBLE,INFEASIBLE,INFEASIBLE,INFEASIBLE,INFEASIBLE,INFEASIBLE,INFEASIBLE,INFEASIBLE,no_trials_in_band
corr_mix,score_only,max_abs,INFEASIBLE,0.25,budget_only,count,INFEASIBLE,INFEASIBLE,INFEASIBLE,INFEASIBLE,INFEASIBLE,INFEASIBLE,INFEASIBLE,INFEASIBLE,INFEASIBLE,INFEASIBLE,INFEASIBLE,INFEASIBLE,INFEASIBLE,INFEASIBLE,INFEASIBLE,INFEASIBLE,INFEASIBLE,INFEASIBLE,INFEASIBLE,INFEASIBLE,INFEASIBLE,INFEASIBLE,INFEASIBLE,,INFEASIBLE,INFEASIBLE,INFEASIBLE,INFEASIBLE,INFEASIBLE,INFEASIBLE,INFEASIBLE,INFEASIBLE,INFEASIBLE,INFEASIBLE,INFEASIBLE,INFEASIBLE,INFEASIBLE,INFEASIBLE,INFEASIBLE,INFEASIBLE,INFEASIBLE,INFEASIBLE,INFEASIBLE,INFEASIBLE,INFEASIBLE,INFEASIBLE,INFEASIBLE,INFEASIBLE,INFEASIBLE,no_trials_in_band
corr_mix,score_only,max_abs,INFEASIBLE,0.35,budget_only,count,INFEASIBLE,INFEASIBLE,INFEASIBLE,INFEASIBLE,INFEASIBLE,INFEASIBLE,INFEASIBLE,INFEASIBLE,INFEASIBLE,INFEASIBLE,INFEASIBLE,INFEASIBLE,INFEASIBLE,INFEASIBLE,INFEASIBLE,INFEASIBLE,INFEASIBLE,INFEASIBLE,INFEASIBLE,INFEASIBLE,INFEASIBLE,INFEASIBLE,INFEASIBLE,,INFEASIBLE,INFEASIBLE,INFEASIBLE,INFEASIBLE,INFEASIBLE,INFEASIBLE,INFEASIBLE,INFEASIBLE,INFEASIBLE,INFEASIBLE,INFEASIBLE,INFEASIBLE,INFEASIBLE,INFEASIBLE,INFEASIBLE,INFEASIBLE,INFEASIBLE,INFEASIBLE,INFEASIBLE,INFEASIBLE,INFEASIBLE,INFEASIBLE,INFEASIBLE,INFEASIBLE,INFEASIBLE,no_trials_in_band
corr_mix,score_only,max_abs,INFEASIBLE,0.5,budget_only,count,INFEASIBLE,INFEASIBLE,INFEASIBLE,INFEASIBLE,INFEASIBLE,INFEASIBLE,INFEASIBLE,INFEASIBLE,INFEASIBLE,INFEASIBLE,INFEASIBLE,INFEASIBLE,INFEASIBLE,INFEASIBLE,INFEASIBLE,INFEASIBLE,INFEASIBLE,INFEASIBLE,INFEASIBLE,INFEASIBLE,INFEASIBLE,INFEASIBLE,INFEASIBLE,,INFEASIBLE,INFEASIBLE,INFEASIBLE,INFEASIBLE,INFEASIBLE,INFEASIBLE,INFEASIBLE,INFEASIBLE,INFEASIBLE,INFEASIBLE,INFEASIBLE,INFEASIBLE,INFEASIBLE,INFEASIBLE,INFEASIBLE,INFEASIBLE,INFEASIBLE,INFEASIBLE,INFEASIBLE,INFEASIBLE,INFEASIBLE,INFEASIBLE,INFEASIBLE,INFEASIBLE,INFEASIBLE,no_trials_in_band
corr_mix,score_only,pc_t2,1.0,0.15,budget_only,count,0.1,0.15,0.1,80,58,7,58,0.725,0.0875,0.725,0.8275862068965518,0.16854934601664687,4.0,0.034482758620689655,0.034482758620689655,0.0,0.1206896551724138,0.08620689655172414,0.1206896551724138,0.08620689655172414,0.08620689655172414,0.08620689655172414,0.08620689655172414,1.0,6.0,6.0,6.0,6.0,6.0,6.0,6.0,6.0,6.0,6.0,4.0,4.0,2.022592152199762,0.8275862068965518,0.16854934601664687,0.0005978492534360009,0.042900779090044236,0.8275862068965518,0.16854934601664687,0.0,0.0,0.0,0.0,0.0,OK,
corr_mix,score_only,pc_t2,1.0,0.25,budget_only,count,0.1,0.15,0.1,80,58,7,58,0.725,0.0875,0.725,0.8275862068965518,0.16854934601664687,4.0,0.034482758620689655,0.034482758620689655,0.0,0.1206896551724138,0.08620689655172414,0.1206896551724138,0.08620689655172414,0.08620689655172414,0.08620689655172414,0.08620689655172414,1.0,6.0,6.0,6.0,6.0,6.0,6.0,6.0,6.0,6.0,6.0,4.0,4.0,2.008323424494649,0.8133174791914389,0.1673602853745541,0.0005978492534360009,0.0439232848792766,0.8275862068965518,0.16854934601664687,0.0,0.0,0.0,0.0,0.0,OK,
corr_mix,score_only,pc_t2,1.0,0.35,budget_only,count,0.1,0.15,0.1,80,58,7,58,0.725,0.0875,0.725,0.8275862068965518,0.16854934601664687,4.0,0.034482758620689655,0.034482758620689655,0.0,0.1206896551724138,0.08620689655172414,0.1206896551724138,0.08620689655172414,0.08620689655172414,0.08620689655172414,0.08620689655172414,1.0,6.0,6.0,6.0,6.0,6.0,6.0,6.0,6.0,6.0,6.0,4.0,4.0,2.0011890606420923,0.8061831153388824,0.16676575505350774,0.0005978492534360009,0.045492436648452844,0.8275862068965518,0.16854934601664687,0.0,0.011695906432748537,0.0,0.0,-0.011695906432748537,OK,
corr_mix,score_only,pc_t2,1.0,0.5,budget_only,count,0.1,0.15,0.1,80,58,7,58,0.725,0.0875,0.725,0.8275862068965518,0.16854934601664687,4.0,0.034482758620689655,0.034482758620689655,0.0,0.1206896551724138,0.08620689655172414,0.1206896551724138,0.08620689655172414,0.08620689655172414,0.08620689655172414,0.08620689655172414,1.0,6.0,6.0,6.0,6.0,6.0,6.0,6.0,6.0,6.0,6.0,4.0,4.0,2.0011890606420923,0.8061831153388824,0.16676575505350774,0.0005978492534360009,0.04900274466151318,0.8275862068965518,0.16854934601664687,0.0,0.011695906432748537,0.0,0.0,-0.011695906432748537,OK,
corr_mix,score_only,res_energy,1.0,0.15,budget_only,count,0.1,0.15,0.1,80,55,2,55,0.6875,0.025,0.6875,0.8275862068965522,0.21849529780564259,4.0,0.01818181818181818,0.01818181818181818,0.0,0.10909090909090909,0.09090909090909091,0.10909090909090909,0.09090909090909091,0.09090909090909091,0.01818181818181818,0.01818181818181818,1.0,6.0,6.0,6.0,6.0,6.0,6.0,6.0,6.0,6.0,6.0,2.0,2.0,2.6219435736677097,0.8275862068965522,0.21849529780564259,0.0008709779574656233,-0.12439974255028327,0.8275862068965522,0.21849529780564259,0.0,0.0,0.0,0.0,0.0,OK,
corr_mix,score_only,res_energy,1.0,0.25,budget_only,count,0.1,0.15,0.1,80,55,2,55,0.6875,0.025,0.6875,0.8275862068965522,0.21849529780564259,4.0,0.01818181818181818,0.01818181818181818,0.0,0.10909090909090909,0.09090909090909091,0.10909090909090909,0.09090909090909091,0.09090909090909091,0.01818181818181818,0.01818181818181818,1.0,6.0,6.0,6.0,6.0,6.0,6.0,6.0,6.0,6.0,6.0,2.0,2.0,2.6219435736677097,0.8275862068965522,0.21849529780564259,0.0008709779574656233,-0.11243838753208693,0.8275862068965522,0.21849529780564259,0.0,0.0,0.0,0.0,0.0,OK,
corr_mix,score_only,res_energy,1.0,0.35,budget_only,count,0.1,0.15,0.1,80,55,2,55,0.6875,0.025,0.6875,0.8275862068965522,0.21849529780564259,4.0,0.01818181818181818,0.01818181818181818,0.0,0.10909090909090909,0.09090909090909091,0.10909090909090909,0.09090909090909091,0.09090909090909091,0.01818181818181818,0.01818181818181818,1.0,6.0,6.0,6.0,6.0,6.0,6.0,6.0,6.0,6.0,6.0,2.0,2.0,2.6219435736677097,0.8275862068965522,0.21849529780564259,0.0008709779574656233,-0.08745253036710653,0.8275862068965522,0.21849529780564259,0.0,0.0,0.0,0.0,0.0,OK,
corr_mix,score_only,res_energy,1.0,0.5,budget_only,count,0.1,0.15,0.1,80,55,2,55,0.6875,0.025,0.6875,0.8275862068965522,0.21849529780564259,4.0,0.01818181818181818,0.01818181818181818,0.0,0.10909090909090909,0.09090909090909091,0.10909090909090909,0.09090909090909091,0.09090909090909091,0.01818181818181818,0.01818181818181818,1.0,6.0,6.0,6.0,6.0,6.0,6.0,6.0,6.0,6.0,6.0,2.0,2.0,2.6219435736677097,0.8275862068965522,0.21849529780564259,0.0008709779574656233,-0.023832542673314163,0.8275862068965522,0.21849529780564259,0.0,0.0,0.0,0.0,0.0,OK,
corr_mix,score_only,stale,1.0,0.15,budget_only,count,0.1,0.15,0.1,80,47,7,47,0.5875,0.0875,0.5875,0.8275862068965523,0.19369038884812922,4.0,0.06382978723404255,0.06382978723404255,0.0,0.2127659574468085,0.1702127659574468,0.2127659574468085,0.1702127659574468,0.14893617021276595,0.1276595744680851,0.1276595744680851,1.0,6.0,6.0,6.0,6.0,6.0,6.0,6.0,6.0,6.0,6.0,2.0,2.0,2.3242846661775487,0.8275862068965523,0.19369038884812922,0.16406125635591967,-0.10739614994934145,0.8275862068965523,0.19369038884812922,0.0,0.0,0.0,0.0,0.0,OK,
corr_mix,score_only,stale,1.0,0.25,budget_only,count,0.1,0.15,0.1,80,47,7,47,0.5875,0.0875,0.5875,0.8275862068965523,0.19369038884812922,4.0,0.06382978723404255,0.06382978723404255,0.0,0.2127659574468085,0.1702127659574468,0.2127659574468085,0.1702127659574468,0.14893617021276595,0.1276595744680851,0.1276595744680851,1.0,6.0,6.0,6.0,6.0,6.0,6.0,6.0,6.0,6.0,6.0,2.0,2.0,2.3242846661775487,0.8275862068965523,0.19369038884812922,0.16406125635591967,-0.06484295845997975,0.8275862068965523,0.19369038884812922,0.0,0.0,0.0,0.0,0.0,OK,
corr_mix,score_only,stale,1.0,0.35,budget_only,count,0.1,0.15,0.1,80,47,7,47,0.5875,0.0875,0.5875,0.8275862068965523,0.19369038884812922,4.0,0.06382978723404255,0.06382978723404255,0.0,0.2127659574468085,0.1702127659574468,0.2127659574468085,0.1702127659574468,0.14893617021276595,0.1276595744680851,0.1276595744680851,1.0,6.0,6.0,6.0,6.0,6.0,6.0,6.0,6.0,6.0,6.0,2.0,2.0,2.333088774761555,0.8363903154805582,0.19442406456346306,0.16406125635591967,-0.06484295845997975,0.8275862068965523,0.19369038884812922,0.0,0.014492753623188404,0.0,0.0,0.014492753623188404,OK,
corr_mix,score_only,stale,1.0,0.5,budget_only,count,0.1,0.15,0.1,80,47,7,47,0.5875,0.0875,0.5875,0.8275862068965523,0.19369038884812922,4.0,0.23404255319148937,0.06382978723404255,0.17021276595744683,0.3829787234042553,0.1702127659574468,0.3829787234042553,0.1702127659574468,0.14893617021276595,0.1276595744680851,0.1276595744680851,1.0,6.0,6.0,6.0,6.0,6.0,6.0,6.0,6.0,6.0,6.0,4.0,2.0,2.2890682318415254,0.8187820983125463,0.1907556859867939,0.16406125635591967,0.1160081053698075,0.8275862068965523,0.19369038884812922,0.05319148936170213,0.043478260869565216,0.05319148936170213,0.05319148936170213,-0.043478260869565216,OK,
freeze,all_only,T2,INFEASIBLE,0.25,budget_only,count,INFEASIBLE,INFEASIBLE,INFEASIBLE,INFEASIBLE,INFEASIBLE,INFEASIBLE,INFEASIBLE,INFEASIBLE,INFEASIBLE,INFEASIBLE,INFEASIBLE,INFEASIBLE,INFEASIBLE,INFEASIBLE,INFEASIBLE,INFEASIBLE,INFEASIBLE,INFEASIBLE,INFEASIBLE,INFEASIBLE,INFEASIBLE,INFEASIBLE,INFEASIBLE,,INFEASIBLE,INFEASIBLE,INFEASIBLE,INFEASIBLE,INFEASIBLE,INFEASIBLE,INFEASIBLE,INFEASIBLE,INFEASIBLE,INFEASIBLE,INFEASIBLE,INFEASIBLE,INFEASIBLE,INFEASIBLE,INFEASIBLE,INFEASIBLE,INFEASIBLE,INFEASIBLE,INFEASIBLE,INFEASIBLE,INFEASIBLE,INFEASIBLE,INFEASIBLE,INFEASIBLE,INFEASIBLE,no_trials_in_band
freeze,all_only,T2,INFEASIBLE,0.5,budget_only,count,INFEASIBLE,INFEASIBLE,INFEASIBLE,INFEASIBLE,INFEASIBLE,INFEASIBLE,INFEASIBLE,INFEASIBLE,INFEASIBLE,INFEASIBLE,INFEASIBLE,INFEASIBLE,INFEASIBLE,INFEASIBLE,INFEASIBLE,INFEASIBLE,INFEASIBLE,INFEASIBLE,INFEASIBLE,INFEASIBLE,INFEASIBLE,INFEASIBLE,INFEASIBLE,,INFEASIBLE,INFEASIBLE,INFEASIBLE,INFEASIBLE,INFEASIBLE,INFEASIBLE,INFEASIBLE,INFEASIBLE,INFEASIBLE,INFEASIBLE,INFEASIBLE,INFEASIBLE,INFEASIBLE,INFEASIBLE,INFEASIBLE,INFEASIBLE,INFEASIBLE,INFEASIBLE,INFEASIBLE,INFEASIBLE,INFEASIBLE,INFEASIBLE,INFEASIBLE,INFEASIBLE,INFEASIBLE,no_trials_in_band
freeze,all_only,T2,INFEASIBLE,0.75,budget_only,count,INFEASIBLE,INFEASIBLE,INFEASIBLE,INFEASIBLE,INFEASIBLE,INFEASIBLE,INFEASIBLE,INFEASIBLE,INFEASIBLE,INFEASIBLE,INFEASIBLE,INFEASIBLE,INFEASIBLE,INFEASIBLE,INFEASIBLE,INFEASIBLE,INFEASIBLE,INFEASIBLE,INFEASIBLE,INFEASIBLE,INFEASIBLE,INFEASIBLE,INFEASIBLE,,INFEASIBLE,INFEASIBLE,INFEASIBLE,INFEASIBLE,INFEASIBLE,INFEASIBLE,INFEASIBLE,INFEASIBLE,INFEASIBLE,INFEASIBLE,INFEASIBLE,INFEASIBLE,INFEASIBLE,INFEASIBLE,INFEASIBLE,INFEASIBLE,INFEASIBLE,INFEASIBLE,INFEASIBLE,INFEASIBLE,INFEASIBLE,INFEASIBLE,INFEASIBLE,INFEASIBLE,INFEASIBLE,no_trials_in_band
freeze,all_only,T2,INFEASIBLE,1.0,budget_only,count,INFEASIBLE,INFEASIBLE,INFEASIBLE,INFEASIBLE,INFEASIBLE,INFEASIBLE,INFEASIBLE,INFEASIBLE,INFEASIBLE,INFEASIBLE,INFEASIBLE,INFEASIBLE,INFEASIBLE,INFEASIBLE,INFEASIBLE,INFEASIBLE,INFEASIBLE,INFEASIBLE,INFEASIBLE,INFEASIBLE,INFEASIBLE,INFEASIBLE,INFEASIBLE,,INFEASIBLE,INFEASIBLE,INFEASIBLE,INFEASIBLE,INFEASIBLE,INFEASIBLE,INFEASIBLE,INFEASIBLE,INFEASIBLE,INFEASIBLE,INFEASIBLE,INFEASIBLE,INFEASIBLE,INFEASIBLE,INFEASIBLE,INFEASIBLE,INFEASIBLE,INFEASIBLE,INFEASIBLE,INFEASIBLE,INFEASIBLE,INFEASIBLE,INFEASIBLE,INFEASIBLE,INFEASIBLE,no_trials_in_band
freeze,all_only,cusum_factor_cov_lrt,1.0,0.25,budget_only,count,0.1,0.15,0.1,80,80,0,80,1.0,0.0,1.0,0.9543103448275861,0.29137931034482756,4.6125,0.55,0.55,0.0,0.75,0.4625,0.75,0.4625,0.25,0.0,0.0,1.0,5.0,5.0,5.0,6.0,5.0,6.0,2.0,6.0,5.0,6.0,2.0,2.0,3.496551724137931,0.9543103448275861,0.29137931034482756,NA,0.32033419404596924,0.9543103448275861,0.29137931034482756,0.0,0.0,0.0,0.0,0.0,OK,
freeze,all_only,cusum_factor_cov_lrt,1.0,0.5,budget_only,count,0.1,0.15,0.1,80,80,0,80,1.0,0.0,1.0,0.9543103448275861,0.29137931034482756,4.6125,0.55,0.55,0.0,0.75,0.4625,0.75,0.4625,0.25,0.0,0.0,1.0,5.0,5.0,5.0,6.0,5.0,6.0,2.0,6.0,5.0,6.0,2.0,2.0,3.496551724137931,0.9543103448275861,0.29137931034482756,NA,0.32033419404596924,0.9543103448275861,0.29137931034482756,0.0,0.0,0.0,0.0,0.0,OK,
freeze,all_only,cusum_factor_cov_lrt,1.0,0.75,budget_only,count,0.1,0.15,0.1,80,80,0,80,1.0,0.0,1.0,0.9543103448275861,0.29137931034482756,4.6125,0.55,0.55,0.0,0.75,0.4625,0.75,0.4625,0.25,0.0,0.0,1.0,5.0,5.0,5.0,6.0,5.0,6.0,2.0,6.0,5.0,6.0,2.0,2.0,3.496551724137931,0.9543103448275861,0.29137931034482756,NA,0.32033419404596924,0.9543103448275861,0.29137931034482756,0.0,0.0,0.0,0.0,0.0,OK,
freeze,all_only,cusum_factor_cov_lrt,1.0,1.0,budget_only,count,0.1,0.15,0.1,80,80,0,80,1.0,0.0,1.0,0.9543103448275861,0.29137931034482756,4.6125,0.55,0.55,0.0,0.75,0.4625,0.75,0.4625,0.25,0.0,0.0,1.0,5.0,5.0,5.0,6.0,5.0,6.0,2.0,6.0,5.0,6.0,2.0,2.0,3.496551724137931,0.9543103448275861,0.29137931034482756,NA,0.32033419404596924,0.9543103448275861,0.29137931034482756,0.0,0.0,0.0,0.0,0.0,OK,
freeze,all_only,ewma_factor_cov_lrt,INFEASIBLE,0.25,budget_only,count,INFEASIBLE,INFEASIBLE,INFEASIBLE,INFEASIBLE,INFEASIBLE,INFEASIBLE,INFEASIBLE,INFEASIBLE,INFEASIBLE,INFEASIBLE,INFEASIBLE,INFEASIBLE,INFEASIBLE,INFEASIBLE,INFEASIBLE,INFEASIBLE,INFEASIBLE,INFEASIBLE,INFEASIBLE,INFEASIBLE,INFEASIBLE,INFEASIBLE,INFEASIBLE,,INFEASIBLE,INFEASIBLE,INFEASIBLE,INFEASIBLE,INFEASIBLE,INFEASIBLE,INFEASIBLE,INFEASIBLE,INFEASIBLE,INFEASIBLE,INFEASIBLE,INFEASIBLE,INFEASIBLE,INFEASIBLE,INFEASIBLE,INFEASIBLE,INFEASIBLE,INFEASIBLE,INFEASIBLE,INFEASIBLE,INFEASIBLE,INFEASIBLE,INFEASIBLE,INFEASIBLE,INFEASIBLE,no_trials_in_band
freeze,all_only,ewma_factor_cov_lrt,INFEASIBLE,0.5,budget_only,count,INFEASIBLE,INFEASIBLE,INFEASIBLE,INFEASIBLE,INFEASIBLE,INFEASIBLE,INFEASIBLE,INFEASIBLE,INFEASIBLE,INFEASIBLE,INFEASIBLE,INFEASIBLE,INFEASIBLE,INFEASIBLE,INFEASIBLE,INFEASIBLE,INFEASIBLE,INFEASIBLE,INFEASIBLE,INFEASIBLE,INFEASIBLE,INFEASIBLE,INFEASIBLE,,INFEASIBLE,INFEASIBLE,INFEASIBLE,INFEASIBLE,INFEASIBLE,INFEASIBLE,INFEASIBLE,INFEASIBLE,INFEASIBLE,INFEASIBLE,INFEASIBLE,INFEASIBLE,INFEASIBLE,INFEASIBLE,INFEASIBLE,INFEASIBLE,INFEASIBLE,INFEASIBLE,INFEASIBLE,INFEASIBLE,INFEASIBLE,INFEASIBLE,INFEASIBLE,INFEASIBLE,INFEASIBLE,no_trials_in_band
freeze,all_only,ewma_factor_cov_lrt,INFEASIBLE,0.75,budget_only,count,INFEASIBLE,INFEASIBLE,INFEASIBLE,INFEASIBLE,INFEASIBLE,INFEASIBLE,INFEASIBLE,INFEASIBLE,INFEASIBLE,INFEASIBLE,INFEASIBLE,INFEASIBLE,INFEASIBLE,INFEASIBLE,INFEASIBLE,INFEASIBLE,INFEASIBLE,INFEASIBLE,INFEASIBLE,INFEASIBLE,INFEASIBLE,INFEASIBLE,INFEASIBLE,,INFEASIBLE,INFEASIBLE,INFEASIBLE,INFEASIBLE,INFEASIBLE,INFEASIBLE,INFEASIBLE,INFEASIBLE,INFEASIBLE,INFEASIBLE,INFEASIBLE,INFEASIBLE,INFEASIBLE,INFEASIBLE,INFEASIBLE,INFEASIBLE,INFEASIBLE,INFEASIBLE,INFEASIBLE,INFEASIBLE,INFEASIBLE,INFEASIBLE,INFEASIBLE,INFEASIBLE,INFEASIBLE,no_trials_in_band
freeze,all_only,ewma_factor_cov_lrt,INFEASIBLE,1.0,budget_only,count,INFEASIBLE,INFEASIBLE,INFEASIBLE,INFEASIBLE,INFEASIBLE,INFEASIBLE,INFEASIBLE,INFEASIBLE,INFEASIBLE,INFEASIBLE,INFEASIBLE,INFEASIBLE,INFEASIBLE,INFEASIBLE,INFEASIBLE,INFEASIBLE,INFEASIBLE,INFEASIBLE,INFEASIBLE,INFEASIBLE,INFEASIBLE,INFEASIBLE,INFEASIBLE,,INFEASIBLE,INFEASIBLE,INFEASIBLE,INFEASIBLE,INFEASIBLE,INFEASIBLE,INFEASIBLE,INFEASIBLE,INFEASIBLE,INFEASIBLE,INFEASIBLE,INFEASIBLE,INFEASIBLE,INFEASIBLE,INFEASIBLE,INFEASIBLE,INFEASIBLE,INFEASIBLE,INFEASIBLE,INFEASIBLE,INFEASIBLE,INFEASIBLE,INFEASIBLE,INFEASIBLE,INFEASIBLE,no_trials_in_band
freeze,all_only,factor_cov_change,INFEASIBLE,0.25,budget_only,count,INFEASIBLE,INFEASIBLE,INFEASIBLE,INFEASIBLE,INFEASIBLE,INFEASIBLE,INFEASIBLE,INFEASIBLE,INFEASIBLE,INFEASIBLE,INFEASIBLE,INFEASIBLE,INFEASIBLE,INFEASIBLE,INFEASIBLE,INFEASIBLE,INFEASIBLE,INFEASIBLE,INFEASIBLE,INFEASIBLE,INFEASIBLE,INFEASIBLE,INFEASIBLE,,INFEASIBLE,INFEASIBLE,INFEASIBLE,INFEASIBLE,INFEASIBLE,INFEASIBLE,INFEASIBLE,INFEASIBLE,INFEASIBLE,INFEASIBLE,INFEASIBLE,INFEASIBLE,INFEASIBLE,INFEASIBLE,INFEASIBLE,INFEASIBLE,INFEASIBLE,INFEASIBLE,INFEASIBLE,INFEASIBLE,INFEASIBLE,INFEASIBLE,INFEASIBLE,INFEASIBLE,INFEASIBLE,no_trials_in_band
freeze,all_only,factor_cov_change,INFEASIBLE,0.5,budget_only,count,INFEASIBLE,INFEASIBLE,INFEASIBLE,INFEASIBLE,INFEASIBLE,INFEASIBLE,INFEASIBLE,INFEASIBLE,INFEASIBLE,INFEASIBLE,INFEASIBLE,INFEASIBLE,INFEASIBLE,INFEASIBLE,INFEASIBLE,INFEASIBLE,INFEASIBLE,INFEASIBLE,INFEASIBLE,INFEASIBLE,INFEASIBLE,INFEASIBLE,INFEASIBLE,,INFEASIBLE,INFEASIBLE,INFEASIBLE,INFEASIBLE,INFEASIBLE,INFEASIBLE,INFEASIBLE,INFEASIBLE,INFEASIBLE,INFEASIBLE,INFEASIBLE,INFEASIBLE,INFEASIBLE,INFEASIBLE,INFEASIBLE,INFEASIBLE,INFEASIBLE,INFEASIBLE,INFEASIBLE,INFEASIBLE,INFEASIBLE,INFEASIBLE,INFEASIBLE,INFEASIBLE,INFEASIBLE,no_trials_in_band
freeze,all_only,factor_cov_change,INFEASIBLE,0.75,budget_only,count,INFEASIBLE,INFEASIBLE,INFEASIBLE,INFEASIBLE,INFEASIBLE,INFEASIBLE,INFEASIBLE,INFEASIBLE,INFEASIBLE,INFEASIBLE,INFEASIBLE,INFEASIBLE,INFEASIBLE,INFEASIBLE,INFEASIBLE,INFEASIBLE,INFEASIBLE,INFEASIBLE,INFEASIBLE,INFEASIBLE,INFEASIBLE,INFEASIBLE,INFEASIBLE,,INFEASIBLE,INFEASIBLE,INFEASIBLE,INFEASIBLE,INFEASIBLE,INFEASIBLE,INFEASIBLE,INFEASIBLE,INFEASIBLE,INFEASIBLE,INFEASIBLE,INFEASIBLE,INFEASIBLE,INFEASIBLE,INFEASIBLE,INFEASIBLE,INFEASIBLE,INFEASIBLE,INFEASIBLE,INFEASIBLE,INFEASIBLE,INFEASIBLE,INFEASIBLE,INFEASIBLE,INFEASIBLE,no_trials_in_band
freeze,all_only,factor_cov_change,INFEASIBLE,1.0,budget_only,count,INFEASIBLE,INFEASIBLE,INFEASIBLE,INFEASIBLE,INFEASIBLE,INFEASIBLE,INFEASIBLE,INFEASIBLE,INFEASIBLE,INFEASIBLE,INFEASIBLE,INFEASIBLE,INFEASIBLE,INFEASIBLE,INFEASIBLE,INFEASIBLE,INFEASIBLE,INFEASIBLE,INFEASIBLE,INFEASIBLE,INFEASIBLE,INFEASIBLE,INFEASIBLE,,INFEASIBLE,INFEASIBLE,INFEASIBLE,INFEASIBLE,INFEASIBLE,INFEASIBLE,INFEASIBLE,INFEASIBLE,INFEASIBLE,INFEASIBLE,INFEASIBLE,INFEASIBLE,INFEASIBLE,INFEASIBLE,INFEASIBLE,INFEASIBLE,INFEASIBLE,INFEASIBLE,INFEASIBLE,INFEASIBLE,INFEASIBLE,INFEASIBLE,INFEASIBLE,INFEASIBLE,INFEASIBLE,no_trials_in_band
freeze,all_only,factor_cov_delta,1.0,0.25,budget_only,count,0.1,0.15,0.1,80,67,10,67,0.8375,0.125,0.8375,0.8275862068965518,0.17858980957282558,4.0,0.1044776119402985,0.1044776119402985,0.0,0.14925373134328357,0.08955223880597014,0.14925373134328357,0.08955223880597014,0.04477611940298507,0.08955223880597014,0.08955223880597014,1.0,6.0,6.0,6.0,6.0,6.0,6.0,6.0,6.0,6.0,6.0,2.0,2.0,2.1430777148739066,0.8275862068965518,0.17858980957282558,0.0017667702842446864,0.0376154039958023,0.8275862068965518,0.17858980957282558,0.0,0.0,0.0,0.0,0.0,OK,
freeze,all_only,factor_cov_delta,1.0,0.5,budget_only,count,0.1,0.15,0.1,80,67,10,67,0.8375,0.125,0.8375,0.8275862068965518,0.17858980957282558,4.0,0.1044776119402985,0.1044776119402985,0.0,0.14925373134328357,0.08955223880597014,0.14925373134328357,0.08955223880597014,0.04477611940298507,0.08955223880597014,0.08955223880597014,1.0,6.0,6.0,6.0,6.0,6.0,6.0,6.0,6.0,6.0,6.0,2.0,2.0,2.1430777148739066,0.8275862068965518,0.17858980957282558,0.0017667702842446864,0.0376154039958023,0.8275862068965518,0.17858980957282558,0.0,0.0,0.0,0.0,0.0,OK,
freeze,all_only,factor_cov_delta,1.0,0.75,budget_only,count,0.1,0.15,0.1,80,67,10,67,0.8375,0.125,0.8375,0.8275862068965518,0.17858980957282558,4.0,0.1044776119402985,0.1044776119402985,0.0,0.14925373134328357,0.08955223880597014,0.14925373134328357,0.08955223880597014,0.04477611940298507,0.08955223880597014,0.08955223880597014,1.0,6.0,6.0,6.0,6.0,6.0,6.0,6.0,6.0,6.0,6.0,2.0,2.0,2.1430777148739066,0.8275862068965518,0.17858980957282558,0.0017667702842446864,0.0376154039958023,0.8275862068965518,0.17858980957282558,0.0,0.0,0.0,0.0,0.0,OK,
freeze,all_only,factor_cov_delta,1.0,1.0,budget_only,count,0.1,0.15,0.1,80,67,10,67,0.8375,0.125,0.8375,0.8275862068965518,0.17858980957282558,4.0,0.1044776119402985,0.1044776119402985,0.0,0.14925373134328357,0.08955223880597014,0.14925373134328357,0.08955223880597014,0.04477611940298507,0.08955223880597014,0.08955223880597014,1.0,6.0,6.0,6.0,6.0,6.0,6.0,6.0,6.0,6.0,6.0,2.0,2.0,2.1430777148739066,0.8275862068965518,0.17858980957282558,0.0017667702842446864,0.0376154039958023,0.8275862068965518,0.17858980957282558,0.0,0.0,0.0,0.0,0.0,OK,
freeze,all_only,factor_cov_lrt,1.0,0.25,budget_only,count,0.1,0.15,0.1,80,56,56,56,0.7,0.7,0.7,0.8275862068965517,0.13454433497536947,4.0,0.05357142857142857,0.05357142857142857,0.0,0.14285714285714285,0.08928571428571429,0.14285714285714285,0.08928571428571429,0.08928571428571429,0.08928571428571429,0.08928571428571429,1.0,6.0,6.0,6.0,6.0,6.0,6.0,6.0,6.0,6.0,6.0,5.0,5.0,1.6145320197044335,0.8275862068965517,0.13454433497536947,0.04333687118883528,0.15918625319458757,0.8275862068965517,0.13454433497536947,0.0,0.0,0.0,0.0,0.0,OK,
freeze,all_only,factor_cov_lrt,1.0,0.5,budget_only,count,0.1,0.15,0.1,80,56,56,56,0.7,0.7,0.7,0.8275862068965517,0.13454433497536947,4.0,0.05357142857142857,0.05357142857142857,0.0,0.14285714285714285,0.08928571428571429,0.14285714285714285,0.08928571428571429,0.08928571428571429,0.08928571428571429,0.08928571428571429,1.0,6.0,6.0,6.0,6.0,6.0,6.0,6.0,6.0,6.0,6.0,5.0,5.0,1.6145320197044335,0.8275862068965517,0.13454433497536947,0.04333687118883528,0.15918625319458757,0.8275862068965517,0.13454433497536947,0.0,0.0,0.0,0.0,0.0,OK,
freeze,all_only,factor_cov_lrt,1.0,0.75,budget_only,count,0.1,0.15,0.1,80,56,56,56,0.7,0.7,0.7,0.8275862068965517,0.13454433497536947,4.0,0.05357142857142857,0.05357142857142857,0.0,0.14285714285714285,0.08928571428571429,0.14285714285714285,0.08928571428571429,0.08928571428571429,0.08928571428571429,0.08928571428571429,1.0,6.0,6.0,6.0,6.0,6.0,6.0,6.0,6.0,6.0,6.0,5.0,5.0,1.6145320197044335,0.8275862068965517,0.13454433497536947,0.04333687118883528,0.15918625319458757,0.8275862068965517,0.13454433497536947,0.0,0.0,0.0,0.0,0.0,OK,
freeze,all_only,factor_cov_lrt,1.0,1.0,budget_only,count,0.1,0.15,0.1,80,56,56,56,0.7,0.7,0.7,0.8275862068965517,0.13454433497536947,4.0,0.05357142857142857,0.05357142857142857,0.0,0.14285714285714285,0.08928571428571429,0.14285714285714285,0.08928571428571429,0.08928571428571429,0.08928571428571429,0.08928571428571429,1.0,6.0,6.0,6.0,6.0,6.0,6.0,6.0,6.0,6.0,6.0,5.0,5.0,1.6145320197044335,0.8275862068965517,0.13454433497536947,0.04333687118883528,0.15918625319458757,0.8275862068965517,0.13454433497536947,0.0,0.0,0.0,0.0,0.0,OK,
freeze,all_only,factor_cov_lrt_delta,1.0,0.25,budget_only,count,0.1,0.15,0.1,80,57,57,57,0.7125,0.7125,0.7125,0.8275862068965518,0.1358136721113128,4.0,0.03508771929824561,0.03508771929824561,0.0,0.12280701754385964,0.08771929824561403,0.12280701754385964,0.08771929824561403,0.08771929824561403,0.08771929824561403,0.08771929824561403,1.0,6.0,6.0,6.0,6.0,6.0,6.0,6.0,6.0,6.0,6.0,5.0,5.0,1.6297640653357532,0.8275862068965518,0.1358136721113128,0.04497001038309266,-0.026761938491859746,0.8275862068965518,0.1358136721113128,0.0,0.0,0.0,0.0,0.0,OK,
freeze,all_only,factor_cov_lrt_delta,1.0,0.5,budget_only,count,0.1,0.15,0.1,80,57,57,57,0.7125,0.7125,0.7125,0.8275862068965518,0.1358136721113128,4.0,0.03508771929824561,0.03508771929824561,0.0,0.12280701754385964,0.08771929824561403,0.12280701754385964,0.08771929824561403,0.08771929824561403,0.08771929824561403,0.08771929824561403,1.0,6.0,6.0,6.0,6.0,6.0,6.0,6.0,6.0,6.0,6.0,5.0,5.0,1.6297640653357532,0.8275862068965518,0.1358136721113128,0.04497001038309266,-0.026761938491859746,0.8275862068965518,0.1358136721113128,0.0,0.0,0.0,0.0,0.0,OK,
freeze,all_only,factor_cov_lrt_delta,1.0,0.75,budget_only,count,0.1,0.15,0.1,80,57,57,57,0.7125,0.7125,0.7125,0.8275862068965518,0.1358136721113128,4.0,0.03508771929824561,0.03508771929824561,0.0,0.12280701754385964,0.08771929824561403,0.12280701754385964,0.08771929824561403,0.08771929824561403,0.08771929824561403,0.08771929824561403,1.0,6.0,6.0,6.0,6.0,6.0,6.0,6.0,6.0,6.0,6.0,5.0,5.0,1.6297640653357532,0.8275862068965518,0.1358136721113128,0.04497001038309266,-0.026761938491859746,0.8275862068965518,0.1358136721113128,0.0,0.0,0.0,0.0,0.0,OK,
freeze,all_only,factor_cov_lrt_delta,1.0,1.0,budget_only,count,0.1,0.15,0.1,80,57,57,57,0.7125,0.7125,0.7125,0.8275862068965518,0.1358136721113128,4.0,0.03508771929824561,0.03508771929824561,0.0,0.12280701754385964,0.08771929824561403,0.12280701754385964,0.08771929824561403,0.08771929824561403,0.08771929824561403,0.08771929824561403,1.0,6.0,6.0,6.0,6.0,6.0,6.0,6.0,6.0,6.0,6.0,5.0,5.0,1.6297640653357532,0.8275862068965518,0.1358136721113128,0.04497001038309266,-0.026761938491859746,0.8275862068965518,0.1358136721113128,0.0,0.0,0.0,0.0,0.0,OK,
freeze,all_only,fused_fisher,INFEASIBLE,0.25,budget_only,count,INFEASIBLE,INFEASIBLE,INFEASIBLE,INFEASIBLE,INFEASIBLE,INFEASIBLE,INFEASIBLE,INFEASIBLE,INFEASIBLE,INFEASIBLE,INFEASIBLE,INFEASIBLE,INFEASIBLE,INFEASIBLE,INFEASIBLE,INFEASIBLE,INFEASIBLE,INFEASIBLE,INFEASIBLE,INFEASIBLE,INFEASIBLE,INFEASIBLE,INFEASIBLE,,INFEASIBLE,INFEASIBLE,INFEASIBLE,INFEASIBLE,INFEASIBLE,INFEASIBLE,INFEASIBLE,INFEASIBLE,INFEASIBLE,INFEASIBLE,INFEASIBLE,INFEASIBLE,INFEASIBLE,INFEASIBLE,INFEASIBLE,INFEASIBLE,INFEASIBLE,INFEASIBLE,INFEASIBLE,INFEASIBLE,INFEASIBLE,INFEASIBLE,INFEASIBLE,INFEASIBLE,INFEASIBLE,no_trials_in_band
freeze,all_only,fused_fisher,INFEASIBLE,0.5,budget_only,count,INFEASIBLE,INFEASIBLE,INFEASIBLE,INFEASIBLE,INFEASIBLE,INFEASIBLE,INFEASIBLE,INFEASIBLE,INFEASIBLE,INFEASIBLE,INFEASIBLE,INFEASIBLE,INFEASIBLE,INFEASIBLE,INFEASIBLE,INFEASIBLE,INFEASIBLE,INFEASIBLE,INFEASIBLE,INFEASIBLE,INFEASIBLE,INFEASIBLE,INFEASIBLE,,INFEASIBLE,INFEASIBLE,INFEASIBLE,INFEASIBLE,INFEASIBLE,INFEASIBLE,INFEASIBLE,INFEASIBLE,INFEASIBLE,INFEASIBLE,INFEASIBLE,INFEASIBLE,INFEASIBLE,INFEASIBLE,INFEASIBLE,INFEASIBLE,INFEASIBLE,INFEASIBLE,INFEASIBLE,INFEASIBLE,INFEASIBLE,INFEASIBLE,INFEASIBLE,INFEASIBLE,INFEASIBLE,no_trials_in_band
freeze,all_only,fused_fisher,INFEASIBLE,0.75,budget_only,count,INFEASIBLE,INFEASIBLE,INFEASIBLE,INFEASIBLE,INFEASIBLE,INFEASIBLE,INFEASIBLE,INFEASIBLE,INFEASIBLE,INFEASIBLE,INFEASIBLE,INFEASIBLE,INFEASIBLE,INFEASIBLE,INFEASIBLE,INFEASIBLE,INFEASIBLE,INFEASIBLE,INFEASIBLE,INFEASIBLE,INFEASIBLE,INFEASIBLE,INFEASIBLE,,INFEASIBLE,INFEASIBLE,INFEASIBLE,INFEASIBLE,INFEASIBLE,INFEASIBLE,INFEASIBLE,INFEASIBLE,INFEASIBLE,INFEASIBLE,INFEASIBLE,INFEASIBLE,INFEASIBLE,INFEASIBLE,INFEASIBLE,INFEASIBLE,INFEASIBLE,INFEASIBLE,INFEASIBLE,INFEASIBLE,INFEASIBLE,INFEASIBLE,INFEASIBLE,INFEASIBLE,INFEASIBLE,no_trials_in_band
freeze,all_only,fused_fisher,INFEASIBLE,1.0,budget_only,count,INFEASIBLE,INFEASIBLE,INFEASIBLE,INFEASIBLE,INFEASIBLE,INFEASIBLE,INFEASIBLE,INFEASIBLE,INFEASIBLE,INFEASIBLE,INFEASIBLE,INFEASIBLE,INFEASIBLE,INFEASIBLE,INFEASIBLE,INFEASIBLE,INFEASIBLE,INFEASIBLE,INFEASIBLE,INFEASIBLE,INFEASIBLE,INFEASIBLE,INFEASIBLE,,INFEASIBLE,INFEASIBLE,INFEASIBLE,INFEASIBLE,INFEASIBLE,INFEASIBLE,INFEASIBLE,INFEASIBLE,INFEASIBLE,INFEASIBLE,INFEASIBLE,INFEASIBLE,INFEASIBLE,INFEASIBLE,INFEASIBLE,INFEASIBLE,INFEASIBLE,INFEASIBLE,INFEASIBLE,INFEASIBLE,INFEASIBLE,INFEASIBLE,INFEASIBLE,INFEASIBLE,INFEASIBLE,no_trials_in_band
freeze,all_only,fused_fisher_lrt_delta,INFEASIBLE,0.25,budget_only,count,INFEASIBLE,INFEASIBLE,INFEASIBLE,INFEASIBLE,INFEASIBLE,INFEASIBLE,INFEASIBLE,INFEASIBLE,INFEASIBLE,INFEASIBLE,INFEASIBLE,INFEASIBLE,INFEASIBLE,INFEASIBLE,INFEASIBLE,INFEASIBLE,INFEASIBLE,INFEASIBLE,INFEASIBLE,INFEASIBLE,INFEASIBLE,INFEASIBLE,INFEASIBLE,,INFEASIBLE,INFEASIBLE,INFEASIBLE,INFEASIBLE,INFEASIBLE,INFEASIBLE,INFEASIBLE,INFEASIBLE,INFEASIBLE,INFEASIBLE,INFEASIBLE,INFEASIBLE,INFEASIBLE,INFEASIBLE,INFEASIBLE,INFEASIBLE,INFEASIBLE,INFEASIBLE,INFEASIBLE,INFEASIBLE,INFEASIBLE,INFEASIBLE,INFEASIBLE,INFEASIBLE,INFEASIBLE,no_trials_in_band
freeze,all_only,fused_fisher_lrt_delta,INFEASIBLE,0.5,budget_only,count,INFEASIBLE,INFEASIBLE,INFEASIBLE,INFEASIBLE,INFEASIBLE,INFEASIBLE,INFEASIBLE,INFEASIBLE,INFEASIBLE,INFEASIBLE,INFEASIBLE,INFEASIBLE,INFEASIBLE,INFEASIBLE,INFEASIBLE,INFEASIBLE,INFEASIBLE,INFEASIBLE,INFEASIBLE,INFEASIBLE,INFEASIBLE,INFEASIBLE,INFEASIBLE,,INFEASIBLE,INFEASIBLE,INFEASIBLE,INFEASIBLE,INFEASIBLE,INFEASIBLE,INFEASIBLE,INFEASIBLE,INFEASIBLE,INFEASIBLE,INFEASIBLE,INFEASIBLE,INFEASIBLE,INFEASIBLE,INFEASIBLE,INFEASIBLE,INFEASIBLE,INFEASIBLE,INFEASIBLE,INFEASIBLE,INFEASIBLE,INFEASIBLE,INFEASIBLE,INFEASIBLE,INFEASIBLE,no_trials_in_band
freeze,all_only,fused_fisher_lrt_delta,INFEASIBLE,0.75,budget_only,count,INFEASIBLE,INFEASIBLE,INFEASIBLE,INFEASIBLE,INFEASIBLE,INFEASIBLE,INFEASIBLE,INFEASIBLE,INFEASIBLE,INFEASIBLE,INFEASIBLE,INFEASIBLE,INFEASIBLE,INFEASIBLE,INFEASIBLE,INFEASIBLE,INFEASIBLE,INFEASIBLE,INFEASIBLE,INFEASIBLE,INFEASIBLE,INFEASIBLE,INFEASIBLE,,INFEASIBLE,INFEASIBLE,INFEASIBLE,INFEASIBLE,INFEASIBLE,INFEASIBLE,INFEASIBLE,INFEASIBLE,INFEASIBLE,INFEASIBLE,INFEASIBLE,INFEASIBLE,INFEASIBLE,INFEASIBLE,INFEASIBLE,INFEASIBLE,INFEASIBLE,INFEASIBLE,INFEASIBLE,INFEASIBLE,INFEASIBLE,INFEASIBLE,INFEASIBLE,INFEASIBLE,INFEASIBLE,no_trials_in_band
freeze,all_only,fused_fisher_lrt_delta,INFEASIBLE,1.0,budget_only,count,INFEASIBLE,INFEASIBLE,INFEASIBLE,INFEASIBLE,INFEASIBLE,INFEASIBLE,INFEASIBLE,INFEASIBLE,INFEASIBLE,INFEASIBLE,INFEASIBLE,INFEASIBLE,INFEASIBLE,INFEASIBLE,INFEASIBLE,INFEASIBLE,INFEASIBLE,INFEASIBLE,INFEASIBLE,INFEASIBLE,INFEASIBLE,INFEASIBLE,INFEASIBLE,,INFEASIBLE,INFEASIBLE,INFEASIBLE,INFEASIBLE,INFEASIBLE,INFEASIBLE,INFEASIBLE,INFEASIBLE,INFEASIBLE,INFEASIBLE,INFEASIBLE,INFEASIBLE,INFEASIBLE,INFEASIBLE,INFEASIBLE,INFEASIBLE,INFEASIBLE,INFEASIBLE,INFEASIBLE,INFEASIBLE,INFEASIBLE,INFEASIBLE,INFEASIBLE,INFEASIBLE,INFEASIBLE,no_trials_in_band
freeze,all_only,fused_sp,INFEASIBLE,0.25,budget_only,count,INFEASIBLE,INFEASIBLE,INFEASIBLE,INFEASIBLE,INFEASIBLE,INFEASIBLE,INFEASIBLE,INFEASIBLE,INFEASIBLE,INFEASIBLE,INFEASIBLE,INFEASIBLE,INFEASIBLE,INFEASIBLE,INFEASIBLE,INFEASIBLE,INFEASIBLE,INFEASIBLE,INFEASIBLE,INFEASIBLE,INFEASIBLE,INFEASIBLE,INFEASIBLE,,INFEASIBLE,INFEASIBLE,INFEASIBLE,INFEASIBLE,INFEASIBLE,INFEASIBLE,INFEASIBLE,INFEASIBLE,INFEASIBLE,INFEASIBLE,INFEASIBLE,INFEASIBLE,INFEASIBLE,INFEASIBLE,INFEASIBLE,INFEASIBLE,INFEASIBLE,INFEASIBLE,INFEASIBLE,INFEASIBLE,INFEASIBLE,INFEASIBLE,INFEASIBLE,INFEASIBLE,INFEASIBLE,no_trials_in_band
freeze,all_only,fused_sp,INFEASIBLE,0.5,budget_only,count,INFEASIBLE,INFEASIBLE,INFEASIBLE,INFEASIBLE,INFEASIBLE,INFEASIBLE,INFEASIBLE,INFEASIBLE,INFEASIBLE,INFEASIBLE,INFEASIBLE,INFEASIBLE,INFEASIBLE,INFEASIBLE,INFEASIBLE,INFEASIBLE,INFEASIBLE,INFEASIBLE,INFEASIBLE,INFEASIBLE,INFEASIBLE,INFEASIBLE,INFEASIBLE,,INFEASIBLE,INFEASIBLE,INFEASIBLE,INFEASIBLE,INFEASIBLE,INFEASIBLE,INFEASIBLE,INFEASIBLE,INFEASIBLE,INFEASIBLE,INFEASIBLE,INFEASIBLE,INFEASIBLE,INFEASIBLE,INFEASIBLE,INFEASIBLE,INFEASIBLE,INFEASIBLE,INFEASIBLE,INFEASIBLE,INFEASIBLE,INFEASIBLE,INFEASIBLE,INFEASIBLE,INFEASIBLE,no_trials_in_band
freeze,all_only,fused_sp,INFEASIBLE,0.75,budget_only,count,INFEASIBLE,INFEASIBLE,INFEASIBLE,INFEASIBLE,INFEASIBLE,INFEASIBLE,INFEASIBLE,INFEASIBLE,INFEASIBLE,INFEASIBLE,INFEASIBLE,INFEASIBLE,INFEASIBLE,INFEASIBLE,INFEASIBLE,INFEASIBLE,INFEASIBLE,INFEASIBLE,INFEASIBLE,INFEASIBLE,INFEASIBLE,INFEASIBLE,INFEASIBLE,,INFEASIBLE,INFEASIBLE,INFEASIBLE,INFEASIBLE,INFEASIBLE,INFEASIBLE,INFEASIBLE,INFEASIBLE,INFEASIBLE,INFEASIBLE,INFEASIBLE,INFEASIBLE,INFEASIBLE,INFEASIBLE,INFEASIBLE,INFEASIBLE,INFEASIBLE,INFEASIBLE,INFEASIBLE,INFEASIBLE,INFEASIBLE,INFEASIBLE,INFEASIBLE,INFEASIBLE,INFEASIBLE,no_trials_in_band
freeze,all_only,fused_sp,INFEASIBLE,1.0,budget_only,count,INFEASIBLE,INFEASIBLE,INFEASIBLE,INFEASIBLE,INFEASIBLE,INFEASIBLE,INFEASIBLE,INFEASIBLE,INFEASIBLE,INFEASIBLE,INFEASIBLE,INFEASIBLE,INFEASIBLE,INFEASIBLE,INFEASIBLE,INFEASIBLE,INFEASIBLE,INFEASIBLE,INFEASIBLE,INFEASIBLE,INFEASIBLE,INFEASIBLE,INFEASIBLE,,INFEASIBLE,INFEASIBLE,INFEASIBLE,INFEASIBLE,INFEASIBLE,INFEASIBLE,INFEASIBLE,INFEASIBLE,INFEASIBLE,INFEASIBLE,INFEASIBLE,INFEASIBLE,INFEASIBLE,INFEASIBLE,INFEASIBLE,INFEASIBLE,INFEASIBLE,INFEASIBLE,INFEASIBLE,INFEASIBLE,INFEASIBLE,INFEASIBLE,INFEASIBLE,INFEASIBLE,INFEASIBLE,no_trials_in_band
freeze,all_only,fused_sp_lrt_delta,INFEASIBLE,0.25,budget_only,count,INFEASIBLE,INFEASIBLE,INFEASIBLE,INFEASIBLE,INFEASIBLE,INFEASIBLE,INFEASIBLE,INFEASIBLE,INFEASIBLE,INFEASIBLE,INFEASIBLE,INFEASIBLE,INFEASIBLE,INFEASIBLE,INFEASIBLE,INFEASIBLE,INFEASIBLE,INFEASIBLE,INFEASIBLE,INFEASIBLE,INFEASIBLE,INFEASIBLE,INFEASIBLE,,INFEASIBLE,INFEASIBLE,INFEASIBLE,INFEASIBLE,INFEASIBLE,INFEASIBLE,INFEASIBLE,INFEASIBLE,INFEASIBLE,INFEASIBLE,INFEASIBLE,INFEASIBLE,INFEASIBLE,INFEASIBLE,INFEASIBLE,INFEASIBLE,INFEASIBLE,INFEASIBLE,INFEASIBLE,INFEASIBLE,INFEASIBLE,INFEASIBLE,INFEASIBLE,INFEASIBLE,INFEASIBLE,no_trials_in_band
freeze,all_only,fused_sp_lrt_delta,INFEASIBLE,0.5,budget_only,count,INFEASIBLE,INFEASIBLE,INFEASIBLE,INFEASIBLE,INFEASIBLE,INFEASIBLE,INFEASIBLE,INFEASIBLE,INFEASIBLE,INFEASIBLE,INFEASIBLE,INFEASIBLE,INFEASIBLE,INFEASIBLE,INFEASIBLE,INFEASIBLE,INFEASIBLE,INFEASIBLE,INFEASIBLE,INFEASIBLE,INFEASIBLE,INFEASIBLE,INFEASIBLE,,INFEASIBLE,INFEASIBLE,INFEASIBLE,INFEASIBLE,INFEASIBLE,INFEASIBLE,INFEASIBLE,INFEASIBLE,INFEASIBLE,INFEASIBLE,INFEASIBLE,INFEASIBLE,INFEASIBLE,INFEASIBLE,INFEASIBLE,INFEASIBLE,INFEASIBLE,INFEASIBLE,INFEASIBLE,INFEASIBLE,INFEASIBLE,INFEASIBLE,INFEASIBLE,INFEASIBLE,INFEASIBLE,no_trials_in_band
freeze,all_only,fused_sp_lrt_delta,INFEASIBLE,0.75,budget_only,count,INFEASIBLE,INFEASIBLE,INFEASIBLE,INFEASIBLE,INFEASIBLE,INFEASIBLE,INFEASIBLE,INFEASIBLE,INFEASIBLE,INFEASIBLE,INFEASIBLE,INFEASIBLE,INFEASIBLE,INFEASIBLE,INFEASIBLE,INFEASIBLE,INFEASIBLE,INFEASIBLE,INFEASIBLE,INFEASIBLE,INFEASIBLE,INFEASIBLE,INFEASIBLE,,INFEASIBLE,INFEASIBLE,INFEASIBLE,INFEASIBLE,INFEASIBLE,INFEASIBLE,INFEASIBLE,INFEASIBLE,INFEASIBLE,INFEASIBLE,INFEASIBLE,INFEASIBLE,INFEASIBLE,INFEASIBLE,INFEASIBLE,INFEASIBLE,INFEASIBLE,INFEASIBLE,INFEASIBLE,INFEASIBLE,INFEASIBLE,INFEASIBLE,INFEASIBLE,INFEASIBLE,INFEASIBLE,no_trials_in_band
freeze,all_only,fused_sp_lrt_delta,INFEASIBLE,1.0,budget_only,count,INFEASIBLE,INFEASIBLE,INFEASIBLE,INFEASIBLE,INFEASIBLE,INFEASIBLE,INFEASIBLE,INFEASIBLE,INFEASIBLE,INFEASIBLE,INFEASIBLE,INFEASIBLE,INFEASIBLE,INFEASIBLE,INFEASIBLE,INFEASIBLE,INFEASIBLE,INFEASIBLE,INFEASIBLE,INFEASIBLE,INFEASIBLE,INFEASIBLE,INFEASIBLE,,INFEASIBLE,INFEASIBLE,INFEASIBLE,INFEASIBLE,INFEASIBLE,INFEASIBLE,INFEASIBLE,INFEASIBLE,INFEASIBLE,INFEASIBLE,INFEASIBLE,INFEASIBLE,INFEASIBLE,INFEASIBLE,INFEASIBLE,INFEASIBLE,INFEASIBLE,INFEASIBLE,INFEASIBLE,INFEASIBLE,INFEASIBLE,INFEASIBLE,INFEASIBLE,INFEASIBLE,INFEASIBLE,no_trials_in_band
freeze,all_only,max_abs,1.0,0.25,budget_only,count,0.1,0.15,0.1,80,59,15,59,0.7375,0.1875,0.7375,0.8275862068965519,0.1729982466393922,4.0,0.15254237288135594,0.15254237288135594,0.0,0.3050847457627119,0.2033898305084746,0.3050847457627119,0.2033898305084746,0.15254237288135594,0.15254237288135594,0.15254237288135594,1.0,6.0,6.0,6.0,6.0,6.0,6.0,6.0,6.0,6.0,6.0,2.0,2.0,2.0759789596727067,0.8275862068965519,0.1729982466393922,0.00011849102014606121,-0.026369412401493566,0.8275862068965519,0.1729982466393922,0.0,0.0,0.0,0.0,0.0,OK,
freeze,all_only,max_abs,1.0,0.5,budget_only,count,0.1,0.15,0.1,80,59,15,59,0.7375,0.1875,0.7375,0.8275862068965519,0.1729982466393922,4.0,0.15254237288135594,0.15254237288135594,0.0,0.3050847457627119,0.2033898305084746,0.3050847457627119,0.2033898305084746,0.15254237288135594,0.15254237288135594,0.15254237288135594,1.0,6.0,6.0,6.0,6.0,6.0,6.0,6.0,6.0,6.0,6.0,2.0,2.0,2.0759789596727067,0.8275862068965519,0.1729982466393922,0.00011849102014606121,-0.026369412401493566,0.8275862068965519,0.1729982466393922,0.0,0.0,0.0,0.0,0.0,OK,
freeze,all_only,max_abs,1.0,0.75,budget_only,count,0.1,0.15,0.1,80,59,15,59,0.7375,0.1875,0.7375,0.8275862068965519,0.1729982466393922,4.0,0.15254237288135594,0.15254237288135594,0.0,0.3050847457627119,0.2033898305084746,0.3050847457627119,0.2033898305084746,0.15254237288135594,0.15254237288135594,0.15254237288135594,1.0,6.0,6.0,6.0,6.0,6.0,6.0,6.0,6.0,6.0,6.0,2.0,2.0,2.0759789596727067,0.8275862068965519,0.1729982466393922,0.00011849102014606121,-0.026369412401493566,0.8275862068965519,0.1729982466393922,0.0,0.0,0.0,0.0,0.0,OK,
freeze,all_only,max_abs,1.0,1.0,budget_only,count,0.1,0.15,0.1,80,59,15,59,0.7375,0.1875,0.7375,0.8275862068965519,0.1729982466393922,4.0,0.15254237288135594,0.15254237288135594,0.0,0.3050847457627119,0.2033898305084746,0.3050847457627119,0.2033898305084746,0.15254237288135594,0.15254237288135594,0.15254237288135594,1.0,6.0,6.0,6.0,6.0,6.0,6.0,6.0,6.0,6.0,6.0,2.0,2.0,2.0759789596727067,0.8275862068965519,0.1729982466393922,0.00011849102014606121,-0.026369412401493566,0.8275862068965519,0.1729982466393922,0.0,0.0,0.0,0.0,0.0,OK,
freeze,all_only,pc_t2,INFEASIBLE,0.25,budget_only,count,INFEASIBLE,INFEASIBLE,INFEASIBLE,INFEASIBLE,INFEASIBLE,INFEASIBLE,INFEASIBLE,INFEASIBLE,INFEASIBLE,INFEASIBLE,INFEASIBLE,INFEASIBLE,INFEASIBLE,INFEASIBLE,INFEASIBLE,INFEASIBLE,INFEASIBLE,INFEASIBLE,INFEASIBLE,INFEASIBLE,INFEASIBLE,INFEASIBLE,INFEASIBLE,,INFEASIBLE,INFEASIBLE,INFEASIBLE,INFEASIBLE,INFEASIBLE,INFEASIBLE,INFEASIBLE,INFEASIBLE,INFEASIBLE,INFEASIBLE,INFEASIBLE,INFEASIBLE,INFEASIBLE,INFEASIBLE,INFEASIBLE,INFEASIBLE,INFEASIBLE,INFEASIBLE,INFEASIBLE,INFEASIBLE,INFEASIBLE,INFEASIBLE,INFEASIBLE,INFEASIBLE,INFEASIBLE,no_trials_in_band
freeze,all_only,pc_t2,INFEASIBLE,0.5,budget_only,count,INFEASIBLE,INFEASIBLE,INFEASIBLE,INFEASIBLE,INFEASIBLE,INFEASIBLE,INFEASIBLE,INFEASIBLE,INFEASIBLE,INFEASIBLE,INFEASIBLE,INFEASIBLE,INFEASIBLE,INFEASIBLE,INFEASIBLE,INFEASIBLE,INFEASIBLE,INFEASIBLE,INFEASIBLE,INFEASIBLE,INFEASIBLE,INFEASIBLE,INFEASIBLE,,INFEASIBLE,INFEASIBLE,INFEASIBLE,INFEASIBLE,INFEASIBLE,INFEASIBLE,INFEASIBLE,INFEASIBLE,INFEASIBLE,INFEASIBLE,INFEASIBLE,INFEASIBLE,INFEASIBLE,INFEASIBLE,INFEASIBLE,INFEASIBLE,INFEASIBLE,INFEASIBLE,INFEASIBLE,INFEASIBLE,INFEASIBLE,INFEASIBLE,INFEASIBLE,INFEASIBLE,INFEASIBLE,no_trials_in_band
freeze,all_only,pc_t2,INFEASIBLE,0.75,budget_only,count,INFEASIBLE,INFEASIBLE,INFEASIBLE,INFEASIBLE,INFEASIBLE,INFEASIBLE,INFEASIBLE,INFEASIBLE,INFEASIBLE,INFEASIBLE,INFEASIBLE,INFEASIBLE,INFEASIBLE,INFEASIBLE,INFEASIBLE,INFEASIBLE,INFEASIBLE,INFEASIBLE,INFEASIBLE,INFEASIBLE,INFEASIBLE,INFEASIBLE,INFEASIBLE,,INFEASIBLE,INFEASIBLE,INFEASIBLE,INFEASIBLE,INFEASIBLE,INFEASIBLE,INFEASIBLE,INFEASIBLE,INFEASIBLE,INFEASIBLE,INFEASIBLE,INFEASIBLE,INFEASIBLE,INFEASIBLE,INFEASIBLE,INFEASIBLE,INFEASIBLE,INFEASIBLE,INFEASIBLE,INFEASIBLE,INFEASIBLE,INFEASIBLE,INFEASIBLE,INFEASIBLE,INFEASIBLE,no_trials_in_band
freeze,all_only,pc_t2,INFEASIBLE,1.0,budget_only,count,INFEASIBLE,INFEASIBLE,INFEASIBLE,INFEASIBLE,INFEASIBLE,INFEASIBLE,INFEASIBLE,INFEASIBLE,INFEASIBLE,INFEASIBLE,INFEASIBLE,INFEASIBLE,INFEASIBLE,INFEASIBLE,INFEASIBLE,INFEASIBLE,INFEASIBLE,INFEASIBLE,INFEASIBLE,INFEASIBLE,INFEASIBLE,INFEASIBLE,INFEASIBLE,,INFEASIBLE,INFEASIBLE,INFEASIBLE,INFEASIBLE,INFEASIBLE,INFEASIBLE,INFEASIBLE,INFEASIBLE,INFEASIBLE,INFEASIBLE,INFEASIBLE,INFEASIBLE,INFEASIBLE,INFEASIBLE,INFEASIBLE,INFEASIBLE,INFEASIBLE,INFEASIBLE,INFEASIBLE,INFEASIBLE,INFEASIBLE,INFEASIBLE,INFEASIBLE,INFEASIBLE,INFEASIBLE,no_trials_in_band
freeze,all_only,res_energy,INFEASIBLE,0.25,budget_only,count,INFEASIBLE,INFEASIBLE,INFEASIBLE,INFEASIBLE,INFEASIBLE,INFEASIBLE,INFEASIBLE,INFEASIBLE,INFEASIBLE,INFEASIBLE,INFEASIBLE,INFEASIBLE,INFEASIBLE,INFEASIBLE,INFEASIBLE,INFEASIBLE,INFEASIBLE,INFEASIBLE,INFEASIBLE,INFEASIBLE,INFEASIBLE,INFEASIBLE,INFEASIBLE,,INFEASIBLE,INFEASIBLE,INFEASIBLE,INFEASIBLE,INFEASIBLE,INFEASIBLE,INFEASIBLE,INFEASIBLE,INFEASIBLE,INFEASIBLE,INFEASIBLE,INFEASIBLE,INFEASIBLE,INFEASIBLE,INFEASIBLE,INFEASIBLE,INFEASIBLE,INFEASIBLE,INFEASIBLE,INFEASIBLE,INFEASIBLE,INFEASIBLE,INFEASIBLE,INFEASIBLE,INFEASIBLE,no_trials_in_band
freeze,all_only,res_energy,INFEASIBLE,0.5,budget_only,count,INFEASIBLE,INFEASIBLE,INFEASIBLE,INFEASIBLE,INFEASIBLE,INFEASIBLE,INFEASIBLE,INFEASIBLE,INFEASIBLE,INFEASIBLE,INFEASIBLE,INFEASIBLE,INFEASIBLE,INFEASIBLE,INFEASIBLE,INFEASIBLE,INFEASIBLE,INFEASIBLE,INFEASIBLE,INFEASIBLE,INFEASIBLE,INFEASIBLE,INFEASIBLE,,INFEASIBLE,INFEASIBLE,INFEASIBLE,INFEASIBLE,INFEASIBLE,INFEASIBLE,INFEASIBLE,INFEASIBLE,INFEASIBLE,INFEASIBLE,INFEASIBLE,INFEASIBLE,INFEASIBLE,INFEASIBLE,INFEASIBLE,INFEASIBLE,INFEASIBLE,INFEASIBLE,INFEASIBLE,INFEASIBLE,INFEASIBLE,INFEASIBLE,INFEASIBLE,INFEASIBLE,INFEASIBLE,no_trials_in_band
freeze,all_only,res_energy,INFEASIBLE,0.75,budget_only,count,INFEASIBLE,INFEASIBLE,INFEASIBLE,INFEASIBLE,INFEASIBLE,INFEASIBLE,INFEASIBLE,INFEASIBLE,INFEASIBLE,INFEASIBLE,INFEASIBLE,INFEASIBLE,INFEASIBLE,INFEASIBLE,INFEASIBLE,INFEASIBLE,INFEASIBLE,INFEASIBLE,INFEASIBLE,INFEASIBLE,INFEASIBLE,INFEASIBLE,INFEASIBLE,,INFEASIBLE,INFEASIBLE,INFEASIBLE,INFEASIBLE,INFEASIBLE,INFEASIBLE,INFEASIBLE,INFEASIBLE,INFEASIBLE,INFEASIBLE,INFEASIBLE,INFEASIBLE,INFEASIBLE,INFEASIBLE,INFEASIBLE,INFEASIBLE,INFEASIBLE,INFEASIBLE,INFEASIBLE,INFEASIBLE,INFEASIBLE,INFEASIBLE,INFEASIBLE,INFEASIBLE,INFEASIBLE,no_trials_in_band
freeze,all_only,res_energy,INFEASIBLE,1.0,budget_only,count,INFEASIBLE,INFEASIBLE,INFEASIBLE,INFEASIBLE,INFEASIBLE,INFEASIBLE,INFEASIBLE,INFEASIBLE,INFEASIBLE,INFEASIBLE,INFEASIBLE,INFEASIBLE,INFEASIBLE,INFEASIBLE,INFEASIBLE,INFEASIBLE,INFEASIBLE,INFEASIBLE,INFEASIBLE,INFEASIBLE,INFEASIBLE,INFEASIBLE,INFEASIBLE,,INFEASIBLE,INFEASIBLE,INFEASIBLE,INFEASIBLE,INFEASIBLE,INFEASIBLE,INFEASIBLE,INFEASIBLE,INFEASIBLE,INFEASIBLE,INFEASIBLE,INFEASIBLE,INFEASIBLE,INFEASIBLE,INFEASIBLE,INFEASIBLE,INFEASIBLE,INFEASIBLE,INFEASIBLE,INFEASIBLE,INFEASIBLE,INFEASIBLE,INFEASIBLE,INFEASIBLE,INFEASIBLE,no_trials_in_band
freeze,all_only,stale,1.0,0.25,budget_only,count,0.1,0.15,0.1,80,55,55,55,0.6875,0.6875,0.6875,0.8275862068965522,0.14326018808777427,4.0,0.10909090909090909,0.10909090909090909,0.0,0.18181818181818182,0.10909090909090909,0.18181818181818182,0.10909090909090909,0.07272727272727272,0.10909090909090909,0.10909090909090909,1.0,6.0,6.0,6.0,6.0,6.0,6.0,6.0,6.0,6.0,6.0,2.5,2.5,1.7191222570532916,0.8275862068965522,0.14326018808777427,0.21560422712700347,0.4818181818181818,0.8275862068965522,0.14326018808777427,0.0,0.0,0.0,0.0,0.0,OK,
freeze,all_only,stale,1.0,0.5,budget_only,count,0.1,0.15,0.1,80,55,55,55,0.6875,0.6875,0.6875,0.8275862068965522,0.14326018808777427,4.0,0.10909090909090909,0.10909090909090909,0.0,0.18181818181818182,0.10909090909090909,0.18181818181818182,0.10909090909090909,0.07272727272727272,0.10909090909090909,0.10909090909090909,1.0,6.0,6.0,6.0,6.0,6.0,6.0,6.0,6.0,6.0,6.0,2.5,2.5,1.7191222570532916,0.8275862068965522,0.14326018808777427,0.21560422712700347,0.4818181818181818,0.8275862068965522,0.14326018808777427,0.0,0.0,0.0,0.0,0.0,OK,
freeze,all_only,stale,1.0,0.75,budget_only,count,0.1,0.15,0.1,80,55,55,55,0.6875,0.6875,0.6875,0.8275862068965522,0.14326018808777427,4.0,0.10909090909090909,0.10909090909090909,0.0,0.18181818181818182,0.10909090909090909,0.18181818181818182,0.10909090909090909,0.07272727272727272,0.10909090909090909,0.10909090909090909,1.0,6.0,6.0,6.0,6.0,6.0,6.0,6.0,6.0,6.0,6.0,2.5,2.5,1.7191222570532916,0.8275862068965522,0.14326018808777427,0.21560422712700347,0.4818181818181818,0.8275862068965522,0.14326018808777427,0.0,0.0,0.0,0.0,0.0,OK,
freeze,all_only,stale,1.0,1.0,budget_only,count,0.1,0.15,0.1,80,55,55,55,0.6875,0.6875,0.6875,0.8275862068965522,0.14326018808777427,4.0,0.10909090909090909,0.10909090909090909,0.0,0.18181818181818182,0.10909090909090909,0.18181818181818182,0.10909090909090909,0.07272727272727272,0.10909090909090909,0.10909090909090909,1.0,6.0,6.0,6.0,6.0,6.0,6.0,6.0,6.0,6.0,6.0,2.5,2.5,1.7191222570532916,0.8275862068965522,0.14326018808777427,0.21560422712700347,0.4818181818181818,0.8275862068965522,0.14326018808777427,0.0,0.0,0.0,0.0,0.0,OK,
freeze,full,T2,1.0,0.25,budget_only,count,0.1,0.15,0.1,80,65,11,65,0.8125,0.1375,0.8125,0.8275862068965517,0.17745358090185678,4.0,0.2153846153846154,0.1076923076923077,0.1076923076923077,0.27692307692307694,0.13846153846153847,0.27692307692307694,0.13846153846153847,0.07692307692307693,0.1076923076923077,0.1076923076923077,1.0,6.0,6.0,6.0,6.0,6.0,6.0,6.0,6.0,6.0,6.0,2.0,2.0,2.046684350132626,0.8084880636604775,0.17055702917771887,0.0028383888060781975,0.8319036452970051,0.8275862068965517,0.17745358090185678,0.03333333333333333,0.015384615384615385,0.03333333333333333,0.03333333333333333,-0.015384615384615385,OK,
freeze,full,T2,1.0,0.5,budget_only,count,0.1,0.15,0.1,80,65,11,65,0.8125,0.1375,0.8125,0.8275862068965517,0.17745358090185678,4.0,0.49230769230769234,0.1076923076923077,0.38461538461538464,0.5692307692307692,0.23076923076923078,0.5692307692307692,0.23076923076923078,0.07692307692307693,0.1076923076923077,0.1076923076923077,1.0,6.0,6.0,6.0,6.0,6.0,6.0,4.0,6.0,6.0,6.0,2.5,2.0,2.0116710875331565,0.7734748010610081,0.16763925729442972,0.0028383888060781975,3.334349486162376,0.8275862068965517,0.17745358090185678,0.11794871794871795,0.015384615384615385,0.11794871794871795,0.11794871794871795,-0.015384615384615385,OK,
freeze,full,T2,1.0,0.75,budget_only,count,0.1,0.15,0.1,80,65,11,65,0.8125,0.1375,0.8125,0.8275862068965517,0.17745358090185678,4.0,0.8461538461538461,0.1076923076923077,0.7384615384615385,0.9538461538461539,0.36923076923076925,0.9538461538461539,0.36923076923076925,0.1076923076923077,0.1076923076923077,0.1076923076923077,1.0,3.0,6.0,3.0,6.0,6.0,6.0,2.0,5.0,3.0,6.0,2.0,2.0,1.9575596816976129,0.7193633952254642,0.1631299734748011,0.0028383888060781975,7.534774466706735,0.8275862068965517,0.17745358090185678,0.24358974358974358,0.020512820512820513,0.24358974358974358,0.24358974358974358,-0.020512820512820513,OK,
freeze,full,T2,1.0,1.0,budget_only,count,0.1,0.15,0.1,80,65,11,65,0.8125,0.1375,0.8125,0.8275862068965517,0.17745358090185678,4.0,0.8923076923076924,0.1076923076923077,0.7846153846153847,1.0,0.6,1.0,0.6,0.1076923076923077,0.1076923076923077,0.1076923076923077,1.0,2.0,6.0,2.0,5.600000000000001,6.0,6.0,1.0,3.0,2.0,5.600000000000001,1.0,2.0,1.9289124668435018,0.6907161803713529,0.16074270557029183,0.0028383888060781975,13.44455360669243,0.8275862068965517,0.17745358090185678,0.31794871794871793,0.020512820512820513,0.31794871794871793,0.31794871794871793,-0.020512820512820513,OK,
freeze,full,cusum_factor_cov_lrt,1.0,0.25,budget_only,count,0.1,0.15,0.1,80,80,0,80,1.0,0.0,1.0,1.1120689655172413,0.25323275862068967,5.375,0.5625,0.5625,0.0,0.7,0.375,0.7,0.375,0.1375,0.0,0.0,1.0,4.0,4.0,4.0,6.0,4.0,6.0,3.0,6.0,4.0,6.0,2.0,2.0,3.010344827586207,1.114655172413793,0.25086206896551727,NA,0.3184292219821484,1.1120689655172413,0.25323275862068967,0.07916666666666665,0.06329113924050633,-0.07916666666666665,0.07916666666666665,-0.0379746835443038,OK,
freeze,full,cusum_factor_cov_lrt,1.0,0.5,budget_only,count,0.1,0.15,0.1,80,80,0,80,1.0,0.0,1.0,1.1120689655172413,0.25323275862068967,5.375,0.7,0.5625,0.13749999999999996,0.8375,0.3625,0.8375,0.3625,0.1375,0.0,0.0,1.0,4.0,4.0,4.0,6.0,4.0,6.0,3.0,6.0,4.0,6.0,3.0,2.0,3.0362068965517244,1.1198275862068967,0.2530172413793104,NA,0.4420171992794984,1.1120689655172413,0.25323275862068967,0.13958333333333334,0.16877637130801687,0.0020833333333333285,0.11875,0.008438818565400848,OK,
freeze,full,cusum_factor_cov_lrt,1.0,0.75,budget_only,count,0.1,0.15,0.1,80,80,0,80,1.0,0.0,1.0,1.1120689655172413,0.25323275862068967,5.375,0.8875,0.5625,0.32499999999999996,0.9875,0.4875,0.9875,0.4875,0.1625,0.0,0.0,1.0,2.0,4.0,2.0,6.0,4.0,6.0,2.0,4.0,2.0,6.0,2.0,2.0,3.0827586206896553,1.1663793103448277,0.25689655172413794,NA,0.6923358067577643,1.1120689655172413,0.25323275862068967,0.31875,0.4641350210970464,0.2104166666666667,0.28125,0.1350210970464135,OK,
freeze,full,cusum_factor_cov_lrt,1.0,1.0,budget_only,count,0.1,0.15,0.1,80,80,0,80,1.0,0.0,1.0,1.1120689655172413,0.25323275862068967,5.375,0.9125,0.5625,0.35,1.0,0.7125,1.0,0.7125,0.1625,0.0,0.0,1.0,1.0,4.0,1.0,5.0,4.0,6.0,1.0,2.0,1.0,5.0,1.0,2.0,3.0879310344827586,1.1793103448275863,0.25732758620689655,NA,1.1447535386691252,1.1120689655172413,0.25323275862068967,0.4854166666666666,0.5527426160337553,0.4645833333333333,0.46875,0.1308016877637131,OK,
freeze,full,ewma_factor_cov_lrt,INFEASIBLE,0.25,budget_only,count,INFEASIBLE,INFEASIBLE,INFEASIBLE,INFEASIBLE,INFEASIBLE,INFEASIBLE,INFEASIBLE,INFEASIBLE,INFEASIBLE,INFEASIBLE,INFEASIBLE,INFEASIBLE,INFEASIBLE,INFEASIBLE,INFEASIBLE,INFEASIBLE,INFEASIBLE,INFEASIBLE,INFEASIBLE,INFEASIBLE,INFEASIBLE,INFEASIBLE,INFEASIBLE,,INFEASIBLE,INFEASIBLE,INFEASIBLE,INFEASIBLE,INFEASIBLE,INFEASIBLE,INFEASIBLE,INFEASIBLE,INFEASIBLE,INFEASIBLE,INFEASIBLE,INFEASIBLE,INFEASIBLE,INFEASIBLE,INFEASIBLE,INFEASIBLE,INFEASIBLE,INFEASIBLE,INFEASIBLE,INFEASIBLE,INFEASIBLE,INFEASIBLE,INFEASIBLE,INFEASIBLE,INFEASIBLE,no_trials_in_band
freeze,full,ewma_factor_cov_lrt,INFEASIBLE,0.5,budget_only,count,INFEASIBLE,INFEASIBLE,INFEASIBLE,INFEASIBLE,INFEASIBLE,INFEASIBLE,INFEASIBLE,INFEASIBLE,INFEASIBLE,INFEASIBLE,INFEASIBLE,INFEASIBLE,INFEASIBLE,INFEASIBLE,INFEASIBLE,INFEASIBLE,INFEASIBLE,INFEASIBLE,INFEASIBLE,INFEASIBLE,INFEASIBLE,INFEASIBLE,INFEASIBLE,,INFEASIBLE,INFEASIBLE,INFEASIBLE,INFEASIBLE,INFEASIBLE,INFEASIBLE,INFEASIBLE,INFEASIBLE,INFEASIBLE,INFEASIBLE,INFEASIBLE,INFEASIBLE,INFEASIBLE,INFEASIBLE,INFEASIBLE,INFEASIBLE,INFEASIBLE,INFEASIBLE,INFEASIBLE,INFEASIBLE,INFEASIBLE,INFEASIBLE,INFEASIBLE,INFEASIBLE,INFEASIBLE,no_trials_in_band
freeze,full,ewma_factor_cov_lrt,INFEASIBLE,0.75,budget_only,count,INFEASIBLE,INFEASIBLE,INFEASIBLE,INFEASIBLE,INFEASIBLE,INFEASIBLE,INFEASIBLE,INFEASIBLE,INFEASIBLE,INFEASIBLE,INFEASIBLE,INFEASIBLE,INFEASIBLE,INFEASIBLE,INFEASIBLE,INFEASIBLE,INFEASIBLE,INFEASIBLE,INFEASIBLE,INFEASIBLE,INFEASIBLE,INFEASIBLE,INFEASIBLE,,INFEASIBLE,INFEASIBLE,INFEASIBLE,INFEASIBLE,INFEASIBLE,INFEASIBLE,INFEASIBLE,INFEASIBLE,INFEASIBLE,INFEASIBLE,INFEASIBLE,INFEASIBLE,INFEASIBLE,INFEASIBLE,INFEASIBLE,INFEASIBLE,INFEASIBLE,INFEASIBLE,INFEASIBLE,INFEASIBLE,INFEASIBLE,INFEASIBLE,INFEASIBLE,INFEASIBLE,INFEASIBLE,no_trials_in_band
freeze,full,ewma_factor_cov_lrt,INFEASIBLE,1.0,budget_only,count,INFEASIBLE,INFEASIBLE,INFEASIBLE,INFEASIBLE,INFEASIBLE,INFEASIBLE,INFEASIBLE,INFEASIBLE,INFEASIBLE,INFEASIBLE,INFEASIBLE,INFEASIBLE,INFEASIBLE,INFEASIBLE,INFEASIBLE,INFEASIBLE,INFEASIBLE,INFEASIBLE,INFEASIBLE,INFEASIBLE,INFEASIBLE,INFEASIBLE,INFEASIBLE,,INFEASIBLE,INFEASIBLE,INFEASIBLE,INFEASIBLE,INFEASIBLE,INFEASIBLE,INFEASIBLE,INFEASIBLE,INFEASIBLE,INFEASIBLE,INFEASIBLE,INFEASIBLE,INFEASIBLE,INFEASIBLE,INFEASIBLE,INFEASIBLE,INFEASIBLE,INFEASIBLE,INFEASIBLE,INFEASIBLE,INFEASIBLE,INFEASIBLE,INFEASIBLE,INFEASIBLE,INFEASIBLE,no_trials_in_band
freeze,full,factor_cov_change,INFEASIBLE,0.25,budget_only,count,INFEASIBLE,INFEASIBLE,INFEASIBLE,INFEASIBLE,INFEASIBLE,INFEASIBLE,INFEASIBLE,INFEASIBLE,INFEASIBLE,INFEASIBLE,INFEASIBLE,INFEASIBLE,INFEASIBLE,INFEASIBLE,INFEASIBLE,INFEASIBLE,INFEASIBLE,INFEASIBLE,INFEASIBLE,INFEASIBLE,INFEASIBLE,INFEASIBLE,INFEASIBLE,,INFEASIBLE,INFEASIBLE,INFEASIBLE,INFEASIBLE,INFEASIBLE,INFEASIBLE,INFEASIBLE,INFEASIBLE,INFEASIBLE,INFEASIBLE,INFEASIBLE,INFEASIBLE,INFEASIBLE,INFEASIBLE,INFEASIBLE,INFEASIBLE,INFEASIBLE,INFEASIBLE,INFEASIBLE,INFEASIBLE,INFEASIBLE,INFEASIBLE,INFEASIBLE,INFEASIBLE,INFEASIBLE,no_trials_in_band
freeze,full,factor_cov_change,INFEASIBLE,0.5,budget_only,count,INFEASIBLE,INFEASIBLE,INFEASIBLE,INFEASIBLE,INFEASIBLE,INFEASIBLE,INFEASIBLE,INFEASIBLE,INFEASIBLE,INFEASIBLE,INFEASIBLE,INFEASIBLE,INFEASIBLE,INFEASIBLE,INFEASIBLE,INFEASIBLE,INFEASIBLE,INFEASIBLE,INFEASIBLE,INFEASIBLE,INFEASIBLE,INFEASIBLE,INFEASIBLE,,INFEASIBLE,INFEASIBLE,INFEASIBLE,INFEASIBLE,INFEASIBLE,INFEASIBLE,INFEASIBLE,INFEASIBLE,INFEASIBLE,INFEASIBLE,INFEASIBLE,INFEASIBLE,INFEASIBLE,INFEASIBLE,INFEASIBLE,INFEASIBLE,INFEASIBLE,INFEASIBLE,INFEASIBLE,INFEASIBLE,INFEASIBLE,INFEASIBLE,INFEASIBLE,INFEASIBLE,INFEASIBLE,no_trials_in_band
freeze,full,factor_cov_change,INFEASIBLE,0.75,budget_only,count,INFEASIBLE,INFEASIBLE,INFEASIBLE,INFEASIBLE,INFEASIBLE,INFEASIBLE,INFEASIBLE,INFEASIBLE,INFEASIBLE,INFEASIBLE,INFEASIBLE,INFEASIBLE,INFEASIBLE,INFEASIBLE,INFEASIBLE,INFEASIBLE,INFEASIBLE,INFEASIBLE,INFEASIBLE,INFEASIBLE,INFEASIBLE,INFEASIBLE,INFEASIBLE,,INFEASIBLE,INFEASIBLE,INFEASIBLE,INFEASIBLE,INFEASIBLE,INFEASIBLE,INFEASIBLE,INFEASIBLE,INFEASIBLE,INFEASIBLE,INFEASIBLE,INFEASIBLE,INFEASIBLE,INFEASIBLE,INFEASIBLE,INFEASIBLE,INFEASIBLE,INFEASIBLE,INFEASIBLE,INFEASIBLE,INFEASIBLE,INFEASIBLE,INFEASIBLE,INFEASIBLE,INFEASIBLE,no_trials_in_band
freeze,full,factor_cov_change,INFEASIBLE,1.0,budget_only,count,INFEASIBLE,INFEASIBLE,INFEASIBLE,INFEASIBLE,INFEASIBLE,INFEASIBLE,INFEASIBLE,INFEASIBLE,INFEASIBLE,INFEASIBLE,INFEASIBLE,INFEASIBLE,INFEASIBLE,INFEASIBLE,INFEASIBLE,INFEASIBLE,INFEASIBLE,INFEASIBLE,INFEASIBLE,INFEASIBLE,INFEASIBLE,INFEASIBLE,INFEASIBLE,,INFEASIBLE,INFEASIBLE,INFEASIBLE,INFEASIBLE,INFEASIBLE,INFEASIBLE,INFEASIBLE,INFEASIBLE,INFEASIBLE,INFEASIBLE,INFEASIBLE,INFEASIBLE,INFEASIBLE,INFEASIBLE,INFEASIBLE,INFEASIBLE,INFEASIBLE,INFEASIBLE,INFEASIBLE,INFEASIBLE,INFEASIBLE,INFEASIBLE,INFEASIBLE,INFEASIBLE,INFEASIBLE,no_trials_in_band
freeze,full,factor_cov_delta,INFEASIBLE,0.25,budget_only,count,INFEASIBLE,INFEASIBLE,INFEASIBLE,INFEASIBLE,INFEASIBLE,INFEASIBLE,INFEASIBLE,INFEASIBLE,INFEASIBLE,INFEASIBLE,INFEASIBLE,INFEASIBLE,INFEASIBLE,INFEASIBLE,INFEASIBLE,INFEASIBLE,INFEASIBLE,INFEASIBLE,INFEASIBLE,INFEASIBLE,INFEASIBLE,INFEASIBLE,INFEASIBLE,,INFEASIBLE,INFEASIBLE,INFEASIBLE,INFEASIBLE,INFEASIBLE,INFEASIBLE,INFEASIBLE,INFEASIBLE,INFEASIBLE,INFEASIBLE,INFEASIBLE,INFEASIBLE,INFEASIBLE,INFEASIBLE,INFEASIBLE,INFEASIBLE,INFEASIBLE,INFEASIBLE,INFEASIBLE,INFEASIBLE,INFEASIBLE,INFEASIBLE,INFEASIBLE,INFEASIBLE,INFEASIBLE,no_trials_in_band
freeze,full,factor_cov_delta,INFEASIBLE,0.5,budget_only,count,INFEASIBLE,INFEASIBLE,INFEASIBLE,INFEASIBLE,INFEASIBLE,INFEASIBLE,INFEASIBLE,INFEASIBLE,INFEASIBLE,INFEASIBLE,INFEASIBLE,INFEASIBLE,INFEASIBLE,INFEASIBLE,INFEASIBLE,INFEASIBLE,INFEASIBLE,INFEASIBLE,INFEASIBLE,INFEASIBLE,INFEASIBLE,INFEASIBLE,INFEASIBLE,,INFEASIBLE,INFEASIBLE,INFEASIBLE,INFEASIBLE,INFEASIBLE,INFEASIBLE,INFEASIBLE,INFEASIBLE,INFEASIBLE,INFEASIBLE,INFEASIBLE,INFEASIBLE,INFEASIBLE,INFEASIBLE,INFEASIBLE,INFEASIBLE,INFEASIBLE,INFEASIBLE,INFEASIBLE,INFEASIBLE,INFEASIBLE,INFEASIBLE,INFEASIBLE,INFEASIBLE,INFEASIBLE,no_trials_in_band
freeze,full,factor_cov_delta,INFEASIBLE,0.75,budget_only,count,INFEASIBLE,INFEASIBLE,INFEASIBLE,INFEASIBLE,INFEASIBLE,INFEASIBLE,INFEASIBLE,INFEASIBLE,INFEASIBLE,INFEASIBLE,INFEASIBLE,INFEASIBLE,INFEASIBLE,INFEASIBLE,INFEASIBLE,INFEASIBLE,INFEASIBLE,INFEASIBLE,INFEASIBLE,INFEASIBLE,INFEASIBLE,INFEASIBLE,INFEASIBLE,,INFEASIBLE,INFEASIBLE,INFEASIBLE,INFEASIBLE,INFEASIBLE,INFEASIBLE,INFEASIBLE,INFEASIBLE,INFEASIBLE,INFEASIBLE,INFEASIBLE,INFEASIBLE,INFEASIBLE,INFEASIBLE,INFEASIBLE,INFEASIBLE,INFEASIBLE,INFEASIBLE,INFEASIBLE,INFEASIBLE,INFEASIBLE,INFEASIBLE,INFEASIBLE,INFEASIBLE,INFEASIBLE,no_trials_in_band
freeze,full,factor_cov_delta,INFEASIBLE,1.0,budget_only,count,INFEASIBLE,INFEASIBLE,INFEASIBLE,INFEASIBLE,INFEASIBLE,INFEASIBLE,INFEASIBLE,INFEASIBLE,INFEASIBLE,INFEASIBLE,INFEASIBLE,INFEASIBLE,INFEASIBLE,INFEASIBLE,INFEASIBLE,INFEASIBLE,INFEASIBLE,INFEASIBLE,INFEASIBLE,INFEASIBLE,INFEASIBLE,INFEASIBLE,INFEASIBLE,,INFEASIBLE,INFEASIBLE,INFEASIBLE,INFEASIBLE,INFEASIBLE,INFEASIBLE,INFEASIBLE,INFEASIBLE,INFEASIBLE,INFEASIBLE,INFEASIBLE,INFEASIBLE,INFEASIBLE,INFEASIBLE,INFEASIBLE,INFEASIBLE,INFEASIBLE,INFEASIBLE,INFEASIBLE,INFEASIBLE,INFEASIBLE,INFEASIBLE,INFEASIBLE,INFEASIBLE,INFEASIBLE,no_trials_in_band
freeze,full,factor_cov_lrt,INFEASIBLE,0.25,budget_only,count,INFEASIBLE,INFEASIBLE,INFEASIBLE,INFEASIBLE,INFEASIBLE,INFEASIBLE,INFEASIBLE,INFEASIBLE,INFEASIBLE,INFEASIBLE,INFEASIBLE,INFEASIBLE,INFEASIBLE,INFEASIBLE,INFEASIBLE,INFEASIBLE,INFEASIBLE,INFEASIBLE,INFEASIBLE,INFEASIBLE,INFEASIBLE,INFEASIBLE,INFEASIBLE,,INFEASIBLE,INFEASIBLE,INFEASIBLE,INFEASIBLE,INFEASIBLE,INFEASIBLE,INFEASIBLE,INFEASIBLE,INFEASIBLE,INFEASIBLE,INFEASIBLE,INFEASIBLE,INFEASIBLE,INFEASIBLE,INFEASIBLE,INFEASIBLE,INFEASIBLE,INFEASIBLE,INFEASIBLE,INFEASIBLE,INFEASIBLE,INFEASIBLE,INFEASIBLE,INFEASIBLE,INFEASIBLE,no_trials_in_band
freeze,full,factor_cov_lrt,INFEASIBLE,0.5,budget_only,count,INFEASIBLE,INFEASIBLE,INFEASIBLE,INFEASIBLE,INFEASIBLE,INFEASIBLE,INFEASIBLE,INFEASIBLE,INFEASIBLE,INFEASIBLE,INFEASIBLE,INFEASIBLE,INFEASIBLE,INFEASIBLE,INFEASIBLE,INFEASIBLE,INFEASIBLE,INFEASIBLE,INFEASIBLE,INFEASIBLE,INFEASIBLE,INFEASIBLE,INFEASIBLE,,INFEASIBLE,INFEASIBLE,INFEASIBLE,INFEASIBLE,INFEASIBLE,INFEASIBLE,INFEASIBLE,INFEASIBLE,INFEASIBLE,INFEASIBLE,INFEASIBLE,INFEASIBLE,INFEASIBLE,INFEASIBLE,INFEASIBLE,INFEASIBLE,INFEASIBLE,INFEASIBLE,INFEASIBLE,INFEASIBLE,INFEASIBLE,INFEASIBLE,INFEASIBLE,INFEASIBLE,INFEASIBLE,no_trials_in_band
freeze,full,factor_cov_lrt,INFEASIBLE,0.75,budget_only,count,INFEASIBLE,INFEASIBLE,INFEASIBLE,INFEASIBLE,INFEASIBLE,INFEASIBLE,INFEASIBLE,INFEASIBLE,INFEASIBLE,INFEASIBLE,INFEASIBLE,INFEASIBLE,INFEASIBLE,INFEASIBLE,INFEASIBLE,INFEASIBLE,INFEASIBLE,INFEASIBLE,INFEASIBLE,INFEASIBLE,INFEASIBLE,INFEASIBLE,INFEASIBLE,,INFEASIBLE,INFEASIBLE,INFEASIBLE,INFEASIBLE,INFEASIBLE,INFEASIBLE,INFEASIBLE,INFEASIBLE,INFEASIBLE,INFEASIBLE,INFEASIBLE,INFEASIBLE,INFEASIBLE,INFEASIBLE,INFEASIBLE,INFEASIBLE,INFEASIBLE,INFEASIBLE,INFEASIBLE,INFEASIBLE,INFEASIBLE,INFEASIBLE,INFEASIBLE,INFEASIBLE,INFEASIBLE,no_trials_in_band
freeze,full,factor_cov_lrt,INFEASIBLE,1.0,budget_only,count,INFEASIBLE,INFEASIBLE,INFEASIBLE,INFEASIBLE,INFEASIBLE,INFEASIBLE,INFEASIBLE,INFEASIBLE,INFEASIBLE,INFEASIBLE,INFEASIBLE,INFEASIBLE,INFEASIBLE,INFEASIBLE,INFEASIBLE,INFEASIBLE,INFEASIBLE,INFEASIBLE,INFEASIBLE,INFEASIBLE,INFEASIBLE,INFEASIBLE,INFEASIBLE,,INFEASIBLE,INFEASIBLE,INFEASIBLE,INFEASIBLE,INFEASIBLE,INFEASIBLE,INFEASIBLE,INFEASIBLE,INFEASIBLE,INFEASIBLE,INFEASIBLE,INFEASIBLE,INFEASIBLE,INFEASIBLE,INFEASIBLE,INFEASIBLE,INFEASIBLE,INFEASIBLE,INFEASIBLE,INFEASIBLE,INFEASIBLE,INFEASIBLE,INFEASIBLE,INFEASIBLE,INFEASIBLE,no_trials_in_band
freeze,full,factor_cov_lrt_delta,1.0,0.25,budget_only,count,0.1,0.15,0.1,80,51,51,51,0.6375,0.6375,0.6375,1.2332657200811357,0.10277214334009468,5.96078431372549,0.8235294117647058,1.0,-0.17647058823529416,0.8235294117647058,0.23529411764705882,0.8235294117647058,0.23529411764705882,0.0,0.0196078431372549,0.0196078431372549,1.0,3.0,3.0,3.0,6.0,3.0,4.0,3.0,6.0,3.0,6.0,2.0,3.0,1.2576064908722107,1.2292089249492897,0.10480054090601762,0.08406642942120604,-0.08354158478591073,1.2332657200811357,0.10277214334009468,0.032679738562091505,0.058823529411764705,-0.032679738562091505,0.032679738562091505,0.058823529411764705,OK,
freeze,full,factor_cov_lrt_delta,1.0,0.5,budget_only,count,0.1,0.15,0.1,80,51,51,51,0.6375,0.6375,0.6375,1.2332657200811357,0.10277214334009468,5.96078431372549,0.3333333333333333,1.0,-0.6666666666666667,0.3333333333333333,0.0784313725490196,0.3333333333333333,0.0784313725490196,0.0,0.0196078431372549,0.0196078431372549,1.0,6.0,3.0,6.0,6.0,3.0,4.0,6.0,6.0,6.0,6.0,3.0,3.0,1.32657200811359,1.2494929006085191,0.11054766734279921,0.08406642942120604,-0.18543805502322502,1.2332657200811357,0.10277214334009468,0.11764705882352942,0.12418300653594769,-0.11764705882352942,0.11764705882352942,0.0980392156862745,OK,
freeze,full,factor_cov_lrt_delta,1.0,0.75,budget_only,count,0.1,0.15,0.1,80,51,51,51,0.6375,0.6375,0.6375,1.2332657200811357,0.10277214334009468,5.96078431372549,0.0392156862745098,1.0,-0.9607843137254902,0.0392156862745098,0.0,0.0392156862745098,0.0,0.0,0.0,0.0,1.0,6.0,3.0,6.0,6.0,3.0,4.0,6.0,6.0,6.0,6.0,4.0,3.0,1.379310344827586,1.2738336713995944,0.1149425287356322,0.08406642942120604,-0.24790253388734704,1.2332657200811357,0.10277214334009468,0.16666666666666663,0.2418300653594771,-0.16666666666666663,0.16666666666666663,0.12418300653594769,OK,
freeze,full,factor_cov_lrt_delta,1.0,1.0,budget_only,count,0.1,0.15,0.1,80,51,51,51,0.6375,0.6375,0.6375,1.2332657200811357,0.10277214334009468,5.96078431372549,0.0392156862745098,1.0,-0.9607843137254902,0.0392156862745098,0.0,0.0392156862745098,0.0,0.0,0.0,0.0,1.0,6.0,3.0,6.0,6.0,3.0,4.0,6.0,6.0,6.0,6.0,4.0,3.0,1.2941176470588236,1.2535496957403651,0.10784313725490197,0.08406642942120604,-0.2961564616900649,1.2332657200811357,0.10277214334009468,0.1732026143790849,0.2941176470588235,-0.16013071895424835,0.1732026143790849,0.0849673202614379,OK,
freeze,full,fused_fisher,INFEASIBLE,0.25,budget_only,count,INFEASIBLE,INFEASIBLE,INFEASIBLE,INFEASIBLE,INFEASIBLE,INFEASIBLE,INFEASIBLE,INFEASIBLE,INFEASIBLE,INFEASIBLE,INFEASIBLE,INFEASIBLE,INFEASIBLE,INFEASIBLE,INFEASIBLE,INFEASIBLE,INFEASIBLE,INFEASIBLE,INFEASIBLE,INFEASIBLE,INFEASIBLE,INFEASIBLE,INFEASIBLE,,INFEASIBLE,INFEASIBLE,INFEASIBLE,INFEASIBLE,INFEASIBLE,INFEASIBLE,INFEASIBLE,INFEASIBLE,INFEASIBLE,INFEASIBLE,INFEASIBLE,INFEASIBLE,INFEASIBLE,INFEASIBLE,INFEASIBLE,INFEASIBLE,INFEASIBLE,INFEASIBLE,INFEASIBLE,INFEASIBLE,INFEASIBLE,INFEASIBLE,INFEASIBLE,INFEASIBLE,INFEASIBLE,no_trials_in_band
freeze,full,fused_fisher,INFEASIBLE,0.5,budget_only,count,INFEASIBLE,INFEASIBLE,INFEASIBLE,INFEASIBLE,INFEASIBLE,INFEASIBLE,INFEASIBLE,INFEASIBLE,INFEASIBLE,INFEASIBLE,INFEASIBLE,INFEASIBLE,INFEASIBLE,INFEASIBLE,INFEASIBLE,INFEASIBLE,INFEASIBLE,INFEASIBLE,INFEASIBLE,INFEASIBLE,INFEASIBLE,INFEASIBLE,INFEASIBLE,,INFEASIBLE,INFEASIBLE,INFEASIBLE,INFEASIBLE,INFEASIBLE,INFEASIBLE,INFEASIBLE,INFEASIBLE,INFEASIBLE,INFEASIBLE,INFEASIBLE,INFEASIBLE,INFEASIBLE,INFEASIBLE,INFEASIBLE,INFEASIBLE,INFEASIBLE,INFEASIBLE,INFEASIBLE,INFEASIBLE,INFEASIBLE,INFEASIBLE,INFEASIBLE,INFEASIBLE,INFEASIBLE,no_trials_in_band
freeze,full,fused_fisher,INFEASIBLE,0.75,budget_only,count,INFEASIBLE,INFEASIBLE,INFEASIBLE,INFEASIBLE,INFEASIBLE,INFEASIBLE,INFEASIBLE,INFEASIBLE,INFEASIBLE,INFEASIBLE,INFEASIBLE,INFEASIBLE,INFEASIBLE,INFEASIBLE,INFEASIBLE,INFEASIBLE,INFEASIBLE,INFEASIBLE,INFEASIBLE,INFEASIBLE,INFEASIBLE,INFEASIBLE,INFEASIBLE,,INFEASIBLE,INFEASIBLE,INFEASIBLE,INFEASIBLE,INFEASIBLE,INFEASIBLE,INFEASIBLE,INFEASIBLE,INFEASIBLE,INFEASIBLE,INFEASIBLE,INFEASIBLE,INFEASIBLE,INFEASIBLE,INFEASIBLE,INFEASIBLE,INFEASIBLE,INFEASIBLE,INFEASIBLE,INFEASIBLE,INFEASIBLE,INFEASIBLE,INFEASIBLE,INFEASIBLE,INFEASIBLE,no_trials_in_band
freeze,full,fused_fisher,INFEASIBLE,1.0,budget_only,count,INFEASIBLE,INFEASIBLE,INFEASIBLE,INFEASIBLE,INFEASIBLE,INFEASIBLE,INFEASIBLE,INFEASIBLE,INFEASIBLE,INFEASIBLE,INFEASIBLE,INFEASIBLE,INFEASIBLE,INFEASIBLE,INFEASIBLE,INFEASIBLE,INFEASIBLE,INFEASIBLE,INFEASIBLE,INFEASIBLE,INFEASIBLE,INFEASIBLE,INFEASIBLE,,INFEASIBLE,INFEASIBLE,INFEASIBLE,INFEASIBLE,INFEASIBLE,INFEASIBLE,INFEASIBLE,INFEASIBLE,INFEASIBLE,INFEASIBLE,INFEASIBLE,INFEASIBLE,INFEASIBLE,INFEASIBLE,INFEASIBLE,INFEASIBLE,INFEASIBLE,INFEASIBLE,INFEASIBLE,INFEASIBLE,INFEASIBLE,INFEASIBLE,INFEASIBLE,INFEASIBLE,INFEASIBLE,no_trials_in_band
freeze,full,fused_fisher_lrt_delta,INFEASIBLE,0.25,budget_only,count,INFEASIBLE,INFEASIBLE,INFEASIBLE,INFEASIBLE,INFEASIBLE,INFEASIBLE,INFEASIBLE,INFEASIBLE,INFEASIBLE,INFEASIBLE,INFEASIBLE,INFEASIBLE,INFEASIBLE,INFEASIBLE,INFEASIBLE,INFEASIBLE,INFEASIBLE,INFEASIBLE,INFEASIBLE,INFEASIBLE,INFEASIBLE,INFEASIBLE,INFEASIBLE,,INFEASIBLE,INFEASIBLE,INFEASIBLE,INFEASIBLE,INFEASIBLE,INFEASIBLE,INFEASIBLE,INFEASIBLE,INFEASIBLE,INFEASIBLE,INFEASIBLE,INFEASIBLE,INFEASIBLE,INFEASIBLE,INFEASIBLE,INFEASIBLE,INFEASIBLE,INFEASIBLE,INFEASIBLE,INFEASIBLE,INFEASIBLE,INFEASIBLE,INFEASIBLE,INFEASIBLE,INFEASIBLE,no_trials_in_band
freeze,full,fused_fisher_lrt_delta,INFEASIBLE,0.5,budget_only,count,INFEASIBLE,INFEASIBLE,INFEASIBLE,INFEASIBLE,INFEASIBLE,INFEASIBLE,INFEASIBLE,INFEASIBLE,INFEASIBLE,INFEASIBLE,INFEASIBLE,INFEASIBLE,INFEASIBLE,INFEASIBLE,INFEASIBLE,INFEASIBLE,INFEASIBLE,INFEASIBLE,INFEASIBLE,INFEASIBLE,INFEASIBLE,INFEASIBLE,INFEASIBLE,,INFEASIBLE,INFEASIBLE,INFEASIBLE,INFEASIBLE,INFEASIBLE,INFEASIBLE,INFEASIBLE,INFEASIBLE,INFEASIBLE,INFEASIBLE,INFEASIBLE,INFEASIBLE,INFEASIBLE,INFEASIBLE,INFEASIBLE,INFEASIBLE,INFEASIBLE,INFEASIBLE,INFEASIBLE,INFEASIBLE,INFEASIBLE,INFEASIBLE,INFEASIBLE,INFEASIBLE,INFEASIBLE,no_trials_in_band
freeze,full,fused_fisher_lrt_delta,INFEASIBLE,0.75,budget_only,count,INFEASIBLE,INFEASIBLE,INFEASIBLE,INFEASIBLE,INFEASIBLE,INFEASIBLE,INFEASIBLE,INFEASIBLE,INFEASIBLE,INFEASIBLE,INFEASIBLE,INFEASIBLE,INFEASIBLE,INFEASIBLE,INFEASIBLE,INFEASIBLE,INFEASIBLE,INFEASIBLE,INFEASIBLE,INFEASIBLE,INFEASIBLE,INFEASIBLE,INFEASIBLE,,INFEASIBLE,INFEASIBLE,INFEASIBLE,INFEASIBLE,INFEASIBLE,INFEASIBLE,INFEASIBLE,INFEASIBLE,INFEASIBLE,INFEASIBLE,INFEASIBLE,INFEASIBLE,INFEASIBLE,INFEASIBLE,INFEASIBLE,INFEASIBLE,INFEASIBLE,INFEASIBLE,INFEASIBLE,INFEASIBLE,INFEASIBLE,INFEASIBLE,INFEASIBLE,INFEASIBLE,INFEASIBLE,no_trials_in_band
freeze,full,fused_fisher_lrt_delta,INFEASIBLE,1.0,budget_only,count,INFEASIBLE,INFEASIBLE,INFEASIBLE,INFEASIBLE,INFEASIBLE,INFEASIBLE,INFEASIBLE,INFEASIBLE,INFEASIBLE,INFEASIBLE,INFEASIBLE,INFEASIBLE,INFEASIBLE,INFEASIBLE,INFEASIBLE,INFEASIBLE,INFEASIBLE,INFEASIBLE,INFEASIBLE,INFEASIBLE,INFEASIBLE,INFEASIBLE,INFEASIBLE,,INFEASIBLE,INFEASIBLE,INFEASIBLE,INFEASIBLE,INFEASIBLE,INFEASIBLE,INFEASIBLE,INFEASIBLE,INFEASIBLE,INFEASIBLE,INFEASIBLE,INFEASIBLE,INFEASIBLE,INFEASIBLE,INFEASIBLE,INFEASIBLE,INFEASIBLE,INFEASIBLE,INFEASIBLE,INFEASIBLE,INFEASIBLE,INFEASIBLE,INFEASIBLE,INFEASIBLE,INFEASIBLE,no_trials_in_band
freeze,full,fused_sp,1.0,0.25,budget_only,count,0.1,0.15,0.1,80,56,5,56,0.7,0.0625,0.7,0.8275862068965517,0.18165024630541873,4.0,0.07142857142857142,0.07142857142857142,0.0,0.10714285714285714,0.10714285714285714,0.10714285714285714,0.10714285714285714,0.03571428571428571,0.08928571428571429,0.08928571428571429,1.0,6.0,6.0,6.0,6.0,6.0,6.0,6.0,6.0,6.0,6.0,1.0,1.0,2.179802955665025,0.8275862068965517,0.18165024630541873,0.0003158748983815004,-0.3766621920123539,0.8275862068965517,0.18165024630541873,0.0,0.0,0.0,0.0,0.0,OK,
freeze,full,fused_sp,1.0,0.5,budget_only,count,0.1,0.15,0.1,80,56,5,56,0.7,0.0625,0.7,0.8275862068965517,0.18165024630541873,4.0,0.07142857142857142,0.07142857142857142,0.0,0.10714285714285714,0.10714285714285714,0.10714285714285714,0.10714285714285714,0.03571428571428571,0.08928571428571429,0.08928571428571429,1.0,6.0,6.0,6.0,6.0,6.0,6.0,6.0,6.0,6.0,6.0,1.0,1.0,2.1761083743842367,0.8238916256157636,0.1813423645320197,0.0003158748983815004,-0.26619909856046714,0.8275862068965517,0.18165024630541873,0.0,0.0,0.0,0.0,0.0,OK,
freeze,full,fused_sp,1.0,0.75,budget_only,count,0.1,0.15,0.1,80,56,5,56,0.7,0.0625,0.7,0.8275862068965517,0.18165024630541873,4.0,0.07142857142857142,0.07142857142857142,0.0,0.10714285714285714,0.10714285714285714,0.10714285714285714,0.10714285714285714,0.03571428571428571,0.08928571428571429,0.08928571428571429,1.0,6.0,6.0,6.0,6.0,6.0,6.0,6.0,6.0,6.0,6.0,1.0,1.0,2.1761083743842367,0.8238916256157636,0.1813423645320197,0.0003158748983815004,0.07879137929836659,0.8275862068965517,0.18165024630541873,0.002976190476190476,0.0,0.002976190476190476,0.002976190476190476,0.0,OK,
freeze,full,fused_sp,1.0,1.0,budget_only,count,0.1,0.15,0.1,80,56,5,56,0.7,0.0625,0.7,0.8275862068965517,0.18165024630541873,4.0,0.14285714285714285,0.07142857142857142,0.07142857142857142,0.16071428571428573,0.125,0.16071428571428573,0.125,0.03571428571428571,0.08928571428571429,0.08928571428571429,1.0,6.0,6.0,6.0,6.0,6.0,6.0,6.0,6.0,6.0,6.0,0.0,1.0,2.120689655172414,0.7869458128078818,0.17672413793103448,0.0003158748983815004,0.6388231534297726,0.8275862068965517,0.18165024630541873,0.038690476190476185,0.0303030303030303,0.038690476190476185,0.038690476190476185,-0.0303030303030303,OK,
freeze,full,fused_sp_lrt_delta,1.0,0.25,budget_only,count,0.1,0.15,0.1,80,56,5,56,0.7,0.0625,0.7,0.8275862068965517,0.18165024630541873,4.0,0.07142857142857142,0.07142857142857142,0.0,0.10714285714285714,0.03571428571428571,0.10714285714285714,0.03571428571428571,0.03571428571428571,0.017857142857142856,0.017857142857142856,1.0,6.0,6.0,6.0,6.0,6.0,6.0,6.0,6.0,6.0,6.0,2.0,1.0,2.179802955665025,0.8275862068965517,0.18165024630541873,0.00037132016783879767,-0.3218518049772718,0.8275862068965517,0.18165024630541873,0.011904761904761904,0.024242424242424242,-0.01190476190476191,0.01190476190476191,0.024242424242424242,OK,
freeze,full,fused_sp_lrt_delta,1.0,0.5,budget_only,count,0.1,0.15,0.1,80,56,5,56,0.7,0.0625,0.7,0.8275862068965517,0.18165024630541873,4.0,0.07142857142857142,0.07142857142857142,0.0,0.10714285714285714,0.03571428571428571,0.10714285714285714,0.03571428571428571,0.03571428571428571,0.017857142857142856,0.017857142857142856,1.0,6.0,6.0,6.0,6.0,6.0,6.0,6.0,6.0,6.0,6.0,2.0,1.0,2.1761083743842367,0.8238916256157636,0.1813423645320197,0.00037132016783879767,-0.17285234980774253,0.8275862068965517,0.18165024630541873,0.011904761904761904,0.024242424242424242,-0.01190476190476191,0.01190476190476191,0.024242424242424242,OK,
freeze,full,fused_sp_lrt_delta,1.0,0.75,budget_only,count,0.1,0.15,0.1,80,56,5,56,0.7,0.0625,0.7,0.8275862068965517,0.18165024630541873,4.0,0.07142857142857142,0.07142857142857142,0.0,0.10714285714285714,0.03571428571428571,0.10714285714285714,0.03571428571428571,0.03571428571428571,0.017857142857142856,0.017857142857142856,1.0,6.0,6.0,6.0,6.0,6.0,6.0,6.0,6.0,6.0,6.0,2.0,1.0,2.1724137931034484,0.8201970443349753,0.18103448275862072,0.00037132016783879767,0.1613776336415143,0.8275862068965517,0.18165024630541873,0.01488095238095238,0.0303030303030303,-0.008928571428571435,0.014880952380952385,0.01818181818181818,OK,
freeze,full,fused_sp_lrt_delta,1.0,1.0,budget_only,count,0.1,0.15,0.1,80,56,5,56,0.7,0.0625,0.7,0.8275862068965517,0.18165024630541873,4.0,0.14285714285714285,0.07142857142857142,0.07142857142857142,0.16071428571428573,0.05357142857142857,0.16071428571428573,0.05357142857142857,0.03571428571428571,0.017857142857142856,0.017857142857142856,1.0,6.0,6.0,6.0,6.0,6.0,6.0,6.0,6.0,6.0,6.0,2.0,1.0,2.1687192118226606,0.8017241379310346,0.1807266009852217,0.00037132016783879767,0.7032518998120596,0.8275862068965517,0.18165024630541873,0.038690476190476185,0.0303030303030303,0.014880952380952375,0.0386904761904762,0.01818181818181818,OK,
freeze,full,max_abs,INFEASIBLE,0.25,budget_only,count,INFEASIBLE,INFEASIBLE,INFEASIBLE,INFEASIBLE,INFEASIBLE,INFEASIBLE,INFEASIBLE,INFEASIBLE,INFEASIBLE,INFEASIBLE,INFEASIBLE,INFEASIBLE,INFEASIBLE,INFEASIBLE,INFEASIBLE,INFEASIBLE,INFEASIBLE,INFEASIBLE,INFEASIBLE,INFEASIBLE,INFEASIBLE,INFEASIBLE,INFEASIBLE,,INFEASIBLE,INFEASIBLE,INFEASIBLE,INFEASIBLE,INFEASIBLE,INFEASIBLE,INFEASIBLE,INFEASIBLE,INFEASIBLE,INFEASIBLE,INFEASIBLE,INFEASIBLE,INFEASIBLE,INFEASIBLE,INFEASIBLE,INFEASIBLE,INFEASIBLE,INFEASIBLE,INFEASIBLE,INFEASIBLE,INFEASIBLE,INFEASIBLE,INFEASIBLE,INFEASIBLE,INFEASIBLE,no_trials_in_band
freeze,full,max_abs,INFEASIBLE,0.5,budget_only,count,INFEASIBLE,INFEASIBLE,INFEASIBLE,INFEASIBLE,INFEASIBLE,INFEASIBLE,INFEASIBLE,INFEASIBLE,INFEASIBLE,INFEASIBLE,INFEASIBLE,INFEASIBLE,INFEASIBLE,INFEASIBLE,INFEASIBLE,INFEASIBLE,INFEASIBLE,INFEASIBLE,INFEASIBLE,INFEASIBLE,INFEASIBLE,INFEASIBLE,INFEASIBLE,,INFEASIBLE,INFEASIBLE,INFEASIBLE,INFEASIBLE,INFEASIBLE,INFEASIBLE,INFEASIBLE,INFEASIBLE,INFEASIBLE,INFEASIBLE,INFEASIBLE,INFEASIBLE,INFEASIBLE,INFEASIBLE,INFEASIBLE,INFEASIBLE,INFEASIBLE,INFEASIBLE,INFEASIBLE,INFEASIBLE,INFEASIBLE,INFEASIBLE,INFEASIBLE,INFEASIBLE,INFEASIBLE,no_trials_in_band
freeze,full,max_abs,INFEASIBLE,0.75,budget_only,count,INFEASIBLE,INFEASIBLE,INFEASIBLE,INFEASIBLE,INFEASIBLE,INFEASIBLE,INFEASIBLE,INFEASIBLE,INFEASIBLE,INFEASIBLE,INFEASIBLE,INFEASIBLE,INFEASIBLE,INFEASIBLE,INFEASIBLE,INFEASIBLE,INFEASIBLE,INFEASIBLE,INFEASIBLE,INFEASIBLE,INFEASIBLE,INFEASIBLE,INFEASIBLE,,INFEASIBLE,INFEASIBLE,INFEASIBLE,INFEASIBLE,INFEASIBLE,INFEASIBLE,INFEASIBLE,INFEASIBLE,INFEASIBLE,INFEASIBLE,INFEASIBLE,INFEASIBLE,INFEASIBLE,INFEASIBLE,INFEASIBLE,INFEASIBLE,INFEASIBLE,INFEASIBLE,INFEASIBLE,INFEASIBLE,INFEASIBLE,INFEASIBLE,INFEASIBLE,INFEASIBLE,INFEASIBLE,no_trials_in_band
freeze,full,max_abs,INFEASIBLE,1.0,budget_only,count,INFEASIBLE,INFEASIBLE,INFEASIBLE,INFEASIBLE,INFEASIBLE,INFEASIBLE,INFEASIBLE,INFEASIBLE,INFEASIBLE,INFEASIBLE,INFEASIBLE,INFEASIBLE,INFEASIBLE,INFEASIBLE,INFEASIBLE,INFEASIBLE,INFEASIBLE,INFEASIBLE,INFEASIBLE,INFEASIBLE,INFEASIBLE,INFEASIBLE,INFEASIBLE,,INFEASIBLE,INFEASIBLE,INFEASIBLE,INFEASIBLE,INFEASIBLE,INFEASIBLE,INFEASIBLE,INFEASIBLE,INFEASIBLE,INFEASIBLE,INFEASIBLE,INFEASIBLE,INFEASIBLE,INFEASIBLE,INFEASIBLE,INFEASIBLE,INFEASIBLE,INFEASIBLE,INFEASIBLE,INFEASIBLE,INFEASIBLE,INFEASIBLE,INFEASIBLE,INFEASIBLE,INFEASIBLE,no_trials_in_band
freeze,full,pc_t2,INFEASIBLE,0.25,budget_only,count,INFEASIBLE,INFEASIBLE,INFEASIBLE,INFEASIBLE,INFEASIBLE,INFEASIBLE,INFEASIBLE,INFEASIBLE,INFEASIBLE,INFEASIBLE,INFEASIBLE,INFEASIBLE,INFEASIBLE,INFEASIBLE,INFEASIBLE,INFEASIBLE,INFEASIBLE,INFEASIBLE,INFEASIBLE,INFEASIBLE,INFEASIBLE,INFEASIBLE,INFEASIBLE,,INFEASIBLE,INFEASIBLE,INFEASIBLE,INFEASIBLE,INFEASIBLE,INFEASIBLE,INFEASIBLE,INFEASIBLE,INFEASIBLE,INFEASIBLE,INFEASIBLE,INFEASIBLE,INFEASIBLE,INFEASIBLE,INFEASIBLE,INFEASIBLE,INFEASIBLE,INFEASIBLE,INFEASIBLE,INFEASIBLE,INFEASIBLE,INFEASIBLE,INFEASIBLE,INFEASIBLE,INFEASIBLE,no_trials_in_band
freeze,full,pc_t2,INFEASIBLE,0.5,budget_only,count,INFEASIBLE,INFEASIBLE,INFEASIBLE,INFEASIBLE,INFEASIBLE,INFEASIBLE,INFEASIBLE,INFEASIBLE,INFEASIBLE,INFEASIBLE,INFEASIBLE,INFEASIBLE,INFEASIBLE,INFEASIBLE,INFEASIBLE,INFEASIBLE,INFEASIBLE,INFEASIBLE,INFEASIBLE,INFEASIBLE,INFEASIBLE,INFEASIBLE,INFEASIBLE,,INFEASIBLE,INFEASIBLE,INFEASIBLE,INFEASIBLE,INFEASIBLE,INFEASIBLE,INFEASIBLE,INFEASIBLE,INFEASIBLE,INFEASIBLE,INFEASIBLE,INFEASIBLE,INFEASIBLE,INFEASIBLE,INFEASIBLE,INFEASIBLE,INFEASIBLE,INFEASIBLE,INFEASIBLE,INFEASIBLE,INFEASIBLE,INFEASIBLE,INFEASIBLE,INFEASIBLE,INFEASIBLE,no_trials_in_band
freeze,full,pc_t2,INFEASIBLE,0.75,budget_only,count,INFEASIBLE,INFEASIBLE,INFEASIBLE,INFEASIBLE,INFEASIBLE,INFEASIBLE,INFEASIBLE,INFEASIBLE,INFEASIBLE,INFEASIBLE,INFEASIBLE,INFEASIBLE,INFEASIBLE,INFEASIBLE,INFEASIBLE,INFEASIBLE,INFEASIBLE,INFEASIBLE,INFEASIBLE,INFEASIBLE,INFEASIBLE,INFEASIBLE,INFEASIBLE,,INFEASIBLE,INFEASIBLE,INFEASIBLE,INFEASIBLE,INFEASIBLE,INFEASIBLE,INFEASIBLE,INFEASIBLE,INFEASIBLE,INFEASIBLE,INFEASIBLE,INFEASIBLE,INFEASIBLE,INFEASIBLE,INFEASIBLE,INFEASIBLE,INFEASIBLE,INFEASIBLE,INFEASIBLE,INFEASIBLE,INFEASIBLE,INFEASIBLE,INFEASIBLE,INFEASIBLE,INFEASIBLE,no_trials_in_band
freeze,full,pc_t2,INFEASIBLE,1.0,budget_only,count,INFEASIBLE,INFEASIBLE,INFEASIBLE,INFEASIBLE,INFEASIBLE,INFEASIBLE,INFEASIBLE,INFEASIBLE,INFEASIBLE,INFEASIBLE,INFEASIBLE,INFEASIBLE,INFEASIBLE,INFEASIBLE,INFEASIBLE,INFEASIBLE,INFEASIBLE,INFEASIBLE,INFEASIBLE,INFEASIBLE,INFEASIBLE,INFEASIBLE,INFEASIBLE,,INFEASIBLE,INFEASIBLE,INFEASIBLE,INFEASIBLE,INFEASIBLE,INFEASIBLE,INFEASIBLE,INFEASIBLE,INFEASIBLE,INFEASIBLE,INFEASIBLE,INFEASIBLE,INFEASIBLE,INFEASIBLE,INFEASIBLE,INFEASIBLE,INFEASIBLE,INFEASIBLE,INFEASIBLE,INFEASIBLE,INFEASIBLE,INFEASIBLE,INFEASIBLE,INFEASIBLE,INFEASIBLE,no_trials_in_band
freeze,full,res_energy,1.0,0.25,budget_only,count,0.1,0.15,0.1,80,55,4,55,0.6875,0.05,0.6875,0.8275862068965522,0.200626959247649,4.0,0.0,0.0,0.0,0.09090909090909091,0.09090909090909091,0.09090909090909091,0.09090909090909091,0.09090909090909091,0.07272727272727272,0.07272727272727272,1.0,6.0,6.0,6.0,6.0,6.0,6.0,6.0,6.0,6.0,6.0,NA,NA,2.4075235109717865,0.8275862068965522,0.200626959247649,0.0003859582346312761,-0.3077473607420337,0.8275862068965522,0.200626959247649,0.0,0.0,0.0,0.0,0.0,OK,
freeze,full,res_energy,1.0,0.5,budget_only,count,0.1,0.15,0.1,80,55,4,55,0.6875,0.05,0.6875,0.8275862068965522,0.200626959247649,4.0,0.0,0.0,0.0,0.09090909090909091,0.09090909090909091,0.09090909090909091,0.09090909090909091,0.09090909090909091,0.07272727272727272,0.07272727272727272,1.0,6.0,6.0,6.0,6.0,6.0,6.0,6.0,6.0,6.0,6.0,NA,NA,2.403761755485893,0.8238244514106589,0.20031347962382456,0.0003859582346312761,-0.1677197239706144,0.8275862068965522,0.200626959247649,0.0,0.0,0.0,0.0,0.0,OK,
freeze,full,res_energy,1.0,0.75,budget_only,count,0.1,0.15,0.1,80,55,4,55,0.6875,0.05,0.6875,0.8275862068965522,0.200626959247649,4.0,0.0,0.0,0.0,0.09090909090909091,0.09090909090909091,0.09090909090909091,0.09090909090909091,0.09090909090909091,0.07272727272727272,0.07272727272727272,1.0,6.0,6.0,6.0,6.0,6.0,6.0,6.0,6.0,6.0,6.0,NA,NA,2.3999999999999995,0.8238244514106589,0.20000000000000012,0.0003859582346312761,0.1554558431489139,0.8275862068965522,0.200626959247649,0.0030303030303030303,0.0,0.0030303030303030303,0.0030303030303030303,0.0,OK,
freeze,full,res_energy,1.0,1.0,budget_only,count,0.1,0.15,0.1,80,55,4,55,0.6875,0.05,0.6875,0.8275862068965522,0.200626959247649,4.0,0.05454545454545454,0.0,0.05454545454545454,0.14545454545454545,0.10909090909090909,0.14545454545454545,0.10909090909090909,0.09090909090909091,0.07272727272727272,0.07272727272727272,1.0,6.0,6.0,6.0,6.0,6.0,6.0,6.0,6.0,6.0,6.0,3.0,NA,2.3548589341692785,0.8050156739811916,0.1962382445141067,0.0003859582346312761,0.6964707495012544,0.8275862068965522,0.200626959247649,0.03333333333333333,0.030864197530864196,0.03333333333333333,0.03333333333333333,-0.030864197530864196,OK,
freeze,full,stale,1.0,0.25,budget_only,count,0.1,0.15,0.1,80,44,4,44,0.55,0.05,0.55,0.827586206896552,0.19905956112852674,4.0,0.25,0.045454545454545456,0.20454545454545453,0.36363636363636365,0.2727272727272727,0.36363636363636365,0.2727272727272727,0.11363636363636363,0.06818181818181818,0.06818181818181818,1.0,6.0,6.0,6.0,6.0,6.0,6.0,6.0,6.0,6.0,6.0,1.0,3.0,2.2711598746081507,0.827586206896552,0.18926332288401254,0.19726614876860654,0.3409090909090909,0.827586206896552,0.19905956112852674,0.056818181818181816,0.10852713178294572,0.056818181818181816,0.056818181818181816,-0.07751937984496124,OK,
freeze,full,stale,1.0,0.5,budget_only,count,0.1,0.15,0.1,80,44,4,44,0.55,0.05,0.55,0.827586206896552,0.19905956112852674,4.0,0.7727272727272727,0.045454545454545456,0.7272727272727273,0.8863636363636364,0.4090909090909091,0.8863636363636364,0.4090909090909091,0.11363636363636363,0.06818181818181818,0.06818181818181818,1.0,3.0,6.0,3.0,6.0,6.0,6.0,3.0,5.700000000000003,3.0,6.0,3.0,3.0,2.2053291536050157,0.7711598746081506,0.18377742946708464,0.19726614876860654,1.5454545454545454,0.827586206896552,0.19905956112852674,0.27651515151515144,0.15503875968992248,0.27651515151515144,0.27651515151515144,-2.581914010756178e-18,OK,
freeze,full,stale,1.0,0.75,budget_only,count,0.1,0.15,0.1,80,44,4,44,0.55,0.05,0.55,0.827586206896552,0.19905956112852674,4.0,0.8409090909090909,0.045454545454545456,0.7954545454545455,1.0,0.5909090909090909,1.0,0.5909090909090909,0.1590909090909091,0.06818181818181818,0.06818181818181818,1.0,2.0,6.0,2.0,6.0,6.0,6.0,1.0,3.0,2.0,6.0,1.0,3.0,2.1583072100313476,0.7100313479623824,0.179858934169279,0.19726614876860654,3.034090909090909,0.827586206896552,0.19905956112852674,0.5833333333333333,0.2790697674418604,0.5833333333333333,0.5833333333333333,0.09302325581395349,OK,
freeze,full,stale,1.0,1.0,budget_only,count,0.1,0.15,0.1,80,44,4,44,0.55,0.05,0.55,0.827586206896552,0.19905956112852674,4.0,0.8409090909090909,0.045454545454545456,0.7954545454545455,1.0,0.7272727272727273,1.0,0.7272727272727273,0.1590909090909091,0.06818181818181818,0.06818181818181818,1.0,1.0,6.0,1.0,6.0,6.0,6.0,1.0,2.0,1.0,6.0,1.0,3.0,2.1771159874608155,0.7429467084639498,0.18142633228840122,0.19726614876860654,3.75,0.827586206896552,0.19905956112852674,0.712121212121212,0.2868217054263566,0.712121212121212,0.712121212121212,0.10077519379844961,OK,
freeze,score_only,T2,1.0,0.25,budget_only,count,0.1,0.15,0.1,80,53,1,53,0.6625,0.0125,0.6625,0.827586206896552,0.22186076772934277,4.0,0.018867924528301886,0.018867924528301886,0.0,0.05660377358490566,0.03773584905660377,0.05660377358490566,0.03773584905660377,0.03773584905660377,0.0,0.0,1.0,6.0,6.0,6.0,6.0,6.0,6.0,6.0,6.0,6.0,6.0,2.0,2.0,2.6623292127521134,0.827586206896552,0.22186076772934277,0.00024424292092086543,-0.221344745863059,0.827586206896552,0.22186076772934277,0.003144654088050314,0.0,-0.003144654088050314,0.003144654088050314,0.0,OK,
freeze,score_only,T2,1.0,0.5,budget_only,count,0.1,0.15,0.1,80,53,1,53,0.6625,0.0125,0.6625,0.827586206896552,0.22186076772934277,4.0,0.018867924528301886,0.018867924528301886,0.0,0.05660377358490566,0.03773584905660377,0.05660377358490566,0.03773584905660377,0.03773584905660377,0.0,0.0,1.0,6.0,6.0,6.0,6.0,6.0,6.0,6.0,6.0,6.0,6.0,2.0,2.0,2.6623292127521134,0.827586206896552,0.22186076772934277,0.00024424292092086543,-0.24018729664695362,0.827586206896552,0.22186076772934277,0.003144654088050314,0.0,-0.003144654088050314,0.003144654088050314,0.0,OK,
freeze,score_only,T2,1.0,0.75,budget_only,count,0.1,0.15,0.1,80,53,1,53,0.6625,0.0125,0.6625,0.827586206896552,0.22186076772934277,4.0,0.018867924528301886,0.018867924528301886,0.0,0.05660377358490566,0.03773584905660377,0.05660377358490566,0.03773584905660377,0.03773584905660377,0.0,0.0,1.0,6.0,6.0,6.0,6.0,6.0,6.0,6.0,6.0,6.0,6.0,2.0,2.0,2.6623292127521134,0.827586206896552,0.22186076772934277,0.00024424292092086543,-0.11918990723343985,0.827586206896552,0.22186076772934277,0.003144654088050314,0.0,-0.003144654088050314,0.003144654088050314,0.0,OK,
freeze,score_only,T2,1.0,1.0,budget_only,count,0.1,0.15,0.1,80,53,1,53,0.6625,0.0125,0.6625,0.827586206896552,0.22186076772934277,4.0,0.018867924528301886,0.018867924528301886,0.0,0.07547169811320754,0.05660377358490566,0.07547169811320754,0.05660377358490566,0.05660377358490566,0.0,0.0,1.0,6.0,6.0,6.0,6.0,6.0,6.0,6.0,6.0,6.0,6.0,2.0,2.0,2.6623292127521134,0.827586206896552,0.22186076772934277,0.00024424292092086543,0.14497436942796346,0.827586206896552,0.22186076772934277,0.003144654088050314,0.0,0.003144654088050314,0.003144654088050314,0.0,OK,
freeze,score_only,coh_resid_energy,1.0,0.25,budget_only,count,0.1,0.15,0.1,80,48,5,48,0.6,0.0625,0.6,0.8275862068965517,0.16343390804597702,4.0,0.14583333333333334,0.08333333333333333,0.06250000000000001,0.16666666666666666,0.16666666666666666,0.16666666666666666,0.16666666666666666,0.020833333333333332,0.10416666666666667,0.10416666666666667,1.0,6.0,6.0,6.0,6.0,6.0,6.0,6.0,6.0,6.0,6.0,1.0,1.0,1.939655172413793,0.8275862068965517,0.1616379310344828,0.000933497898371487,-0.042340925386298876,0.8275862068965517,0.16343390804597702,0.020833333333333332,0.0,0.020833333333333332,0.020833333333333332,0.0,OK,
freeze,score_only,coh_resid_energy,1.0,0.5,budget_only,count,0.1,0.15,0.1,80,48,5,48,0.6,0.0625,0.6,0.8275862068965517,0.16343390804597702,4.0,0.20833333333333334,0.08333333333333333,0.125,0.22916666666666666,0.1875,0.22916666666666666,0.1875,0.041666666666666664,0.10416666666666667,0.10416666666666667,1.0,6.0,6.0,6.0,6.0,6.0,6.0,6.0,6.0,6.0,6.0,1.0,1.0,1.8663793103448276,0.7543103448275862,0.1555316091954023,0.000933497898371487,0.388059435452554,0.8275862068965517,0.16343390804597702,0.05902777777777777,0.0,0.05902777777777777,0.05902777777777777,0.0,OK,
freeze,score_only,coh_resid_energy,1.0,0.75,budget_only,count,0.1,0.15,0.1,80,48,5,48,0.6,0.0625,0.6,0.8275862068965517,0.16343390804597702,4.0,0.3541666666666667,0.08333333333333333,0.27083333333333337,0.3958333333333333,0.22916666666666666,0.3958333333333333,0.22916666666666666,0.0625,0.10416666666666667,0.10416666666666667,1.0,6.0,6.0,6.0,6.0,6.0,6.0,6.0,6.0,6.0,6.0,2.0,1.0,1.7844827586206895,0.6724137931034484,0.14870689655172414,0.000933497898371487,1.2006821839353161,0.8275862068965517,0.16343390804597702,0.12152777777777779,0.04964539007092198,0.12152777777777778,0.12152777777777778,-0.04964539007092198,OK,
freeze,score_only,coh_resid_energy,1.0,1.0,budget_only,count,0.1,0.15,0.1,80,48,5,48,0.6,0.0625,0.6,0.8275862068965517,0.16343390804597702,4.0,0.4791666666666667,0.08333333333333333,0.39583333333333337,0.5416666666666666,0.3125,0.5416666666666666,0.3125,0.0625,0.10416666666666667,0.10416666666666667,1.0,6.0,6.0,6.0,6.0,6.0,6.0,5.0,6.0,6.0,6.0,1.0,1.0,1.7672413793103445,0.6551724137931035,0.14727011494252873,0.000933497898371487,2.380005764605127,0.8275862068965517,0.16343390804597702,0.19097222222222224,0.04964539007092198,0.1909722222222222,0.1909722222222222,-0.04964539007092198,OK,
freeze,score_only,coh_resid_t2,1.0,0.25,budget_only,count,0.1,0.15,0.1,80,61,4,61,0.7625,0.05,0.7625,0.827586206896552,0.20011305822498593,4.0,0.11475409836065574,0.0,0.11475409836065574,0.22950819672131148,0.14754098360655737,0.22950819672131148,0.14754098360655737,0.13114754098360656,0.06557377049180328,0.06557377049180328,1.0,6.0,6.0,6.0,6.0,6.0,6.0,6.0,6.0,6.0,6.0,4.0,NA,2.353872244205766,0.8208027133974,0.19615602035048058,0.002289886074759387,1.5037025045934467,0.827586206896552,0.20011305822498593,0.046448087431693985,0.01092896174863388,0.04644808743169399,0.04644808743169399,-0.01092896174863388,OK,
freeze,score_only,coh_resid_t2,1.0,0.5,budget_only,count,0.1,0.15,0.1,80,61,4,61,0.7625,0.05,0.7625,0.827586206896552,0.20011305822498593,4.0,0.5737704918032787,0.0,0.5737704918032787,0.7049180327868853,0.2459016393442623,0.7049180327868853,0.2459016393442623,0.13114754098360656,0.06557377049180328,0.06557377049180328,1.0,5.0,6.0,5.0,6.0,6.0,6.0,3.0,6.0,5.0,6.0,3.0,NA,2.333521763708309,0.8004522328999437,0.19446014697569255,0.002289886074759387,5.600181466894814,0.827586206896552,0.20011305822498593,0.17486338797814205,0.01092896174863388,0.17486338797814205,0.17486338797814205,-0.01092896174863388,OK,
freeze,score_only,coh_resid_t2,1.0,0.75,budget_only,count,0.1,0.15,0.1,80,61,4,61,0.7625,0.05,0.7625,0.827586206896552,0.20011305822498593,4.0,0.8688524590163934,0.0,0.8688524590163934,1.0,0.4426229508196721,1.0,0.4426229508196721,0.13114754098360656,0.06557377049180328,0.06557377049180328,1.0,3.0,6.0,3.0,6.0,6.0,6.0,2.0,4.0,3.0,6.0,2.0,NA,2.3131712832108535,0.7801017524024875,0.19276427360090453,0.002289886074759387,12.535836790153674,0.827586206896552,0.20011305822498593,0.2923497267759563,0.01639344262295082,0.2923497267759563,0.2923497267759563,-0.01639344262295082,OK,
freeze,score_only,coh_resid_t2,1.0,1.0,budget_only,count,0.1,0.15,0.1,80,61,4,61,0.7625,0.05,0.7625,0.827586206896552,0.20011305822498593,4.0,0.8688524590163934,0.0,0.8688524590163934,1.0,0.7049180327868853,1.0,0.7049180327868853,0.13114754098360656,0.06557377049180328,0.06557377049180328,1.0,1.0,6.0,1.0,6.0,6.0,6.0,1.0,3.0,1.0,6.0,1.0,NA,2.286037309214245,0.7529677784058793,0.19050310910118715,0.002289886074759387,22.24224377764438,0.827586206896552,0.20011305822498593,0.37704918032786877,0.032786885245901634,0.37704918032786877,0.37704918032786877,-0.032786885245901634,OK,
freeze,score_only,cusum_coh_resid_t2,1.0,0.25,budget_only,count,0.1,0.15,0.1,80,38,0,38,0.475,0.0,0.475,1.0508166969147006,0.2254990925589837,5.078947368421052,0.47368421052631576,0.47368421052631576,0.0,0.5789473684210527,0.3684210526315789,0.5789473684210527,0.3684210526315789,0.13157894736842105,0.0,0.0,1.0,6.0,6.0,6.0,6.0,6.0,6.0,2.0,6.0,6.0,6.0,1.5,2.0,2.7114337568058073,1.061705989110708,0.22595281306715065,NA,0.44718228895821366,1.0508166969147006,0.2254990925589837,0.14473684210526316,0.02702702702702703,0.05701754385964912,0.10087719298245613,0.009009009009009009,OK,
freeze,score_only,cusum_coh_resid_t2,1.0,0.5,budget_only,count,0.1,0.15,0.1,80,38,0,38,0.475,0.0,0.475,1.0508166969147006,0.2254990925589837,5.078947368421052,0.9210526315789473,0.47368421052631576,0.4473684210526316,1.0,0.5263157894736842,1.0,0.5263157894736842,0.13157894736842105,0.0,0.0,1.0,2.0,6.0,2.0,5.0,6.0,6.0,1.0,4.0,2.0,5.0,2.0,2.0,2.667876588021778,1.0508166969147006,0.2223230490018149,NA,2.589977022233507,1.0508166969147006,0.2254990925589837,0.4605263157894737,0.10810810810810811,0.3640350877192982,0.425438596491228,-0.07207207207207209,OK,
freeze,score_only,cusum_coh_resid_t2,1.0,0.75,budget_only,count,0.1,0.15,0.1,80,38,0,38,0.475,0.0,0.475,1.0508166969147006,0.2254990925589837,5.078947368421052,0.9210526315789473,0.47368421052631576,0.4473684210526316,1.0,0.7631578947368421,1.0,0.7631578947368421,0.13157894736842105,0.0,0.0,1.0,1.0,6.0,1.0,4.300000000000004,6.0,6.0,0.0,2.0,1.0,4.300000000000004,1.0,2.0,2.667876588021778,1.0508166969147006,0.2223230490018149,NA,6.253162161682327,1.0508166969147006,0.2254990925589837,0.605263157894737,0.13513513513513514,0.5877192982456141,0.5877192982456141,-0.09909909909909911,OK,
freeze,score_only,cusum_coh_resid_t2,1.0,1.0,budget_only,count,0.1,0.15,0.1,80,38,0,38,0.475,0.0,0.475,1.0508166969147006,0.2254990925589837,5.078947368421052,0.9210526315789473,0.47368421052631576,0.4473684210526316,1.0,0.8157894736842105,1.0,0.8157894736842105,0.13157894736842105,0.0,0.0,1.0,1.0,6.0,1.0,4.300000000000004,6.0,6.0,0.0,2.0,1.0,4.300000000000004,0.0,2.0,2.667876588021778,1.0508166969147006,0.2223230490018149,NA,11.423506050935046,1.0508166969147006,0.2254990925589837,0.6535087719298245,0.13513513513513514,0.6447368421052632,0.6447368421052632,-0.09909909909909911,OK,
freeze,score_only,cusum_factor_cov_lrt,1.0,0.25,budget_only,count,0.1,0.15,0.1,80,77,0,77,0.9625,0.0,0.9625,1.1500223914017016,0.4171518137035378,5.558441558441558,0.5324675324675324,0.5194805194805194,0.012987012987012991,0.9090909090909091,0.6103896103896104,0.9090909090909091,0.6103896103896104,0.4155844155844156,0.0,0.0,1.0,5.0,5.0,5.0,6.0,5.0,6.0,0.0,5.0,5.0,6.0,2.0,2.0,5.083743842364532,1.1580832960143304,0.4236453201970443,NA,0.12653929354063048,1.1500223914017016,0.4171518137035378,0.08441558441558443,0.13157894736842105,-0.07575757575757576,0.07575757575757576,0.07894736842105261,OK,
freeze,score_only,cusum_factor_cov_lrt,1.0,0.5,budget_only,count,0.1,0.15,0.1,80,77,0,77,0.9625,0.0,0.9625,1.1500223914017016,0.4171518137035378,5.558441558441558,0.5064935064935064,0.5194805194805194,-0.012987012987012991,0.8441558441558441,0.5974025974025974,0.8441558441558441,0.5974025974025974,0.4155844155844156,0.0,0.0,1.0,5.0,5.0,5.0,6.0,5.0,6.0,1.0,6.0,5.0,6.0,3.0,2.0,5.150918047469771,1.1715181370353782,0.429243170622481,NA,0.06192495348365584,1.1500223914017016,0.4171518137035378,0.14935064935064934,0.2763157894736842,-0.10606060606060605,0.1406926406926407,0.14473684210526316,OK,
freeze,score_only,cusum_factor_cov_lrt,1.0,0.75,budget_only,count,0.1,0.15,0.1,80,77,0,77,0.9625,0.0,0.9625,1.1500223914017016,0.4171518137035378,5.558441558441558,0.6233766233766234,0.5194805194805194,0.10389610389610393,1.0,0.7012987012987013,1.0,0.7012987012987013,0.45454545454545453,0.0,0.0,1.0,2.0,5.0,2.0,6.0,5.0,6.0,0.0,2.0,2.0,6.0,2.0,2.0,5.148231079265562,1.1957008508732645,0.42901925660546353,NA,0.20377071222811124,1.1500223914017016,0.4171518137035378,0.25541125541125537,0.36403508771929827,0.18614718614718614,0.2510822510822511,0.14473684210526316,OK,
freeze,score_only,cusum_factor_cov_lrt,1.0,1.0,budget_only,count,0.1,0.15,0.1,80,77,0,77,0.9625,0.0,0.9625,1.1500223914017016,0.4171518137035378,5.558441558441558,0.5974025974025974,0.5194805194805194,0.07792207792207795,1.0,0.8831168831168831,1.0,0.8831168831168831,0.4805194805194805,0.0,0.0,1.0,2.0,5.0,2.0,6.0,5.0,6.0,0.0,2.0,2.0,6.0,1.0,2.0,5.1697268248992385,1.1742051052395879,0.4308105687416033,NA,3.099486449450276,1.1500223914017016,0.4171518137035378,0.30519480519480513,0.4342105263157894,0.30086580086580084,0.30086580086580084,-0.004385964912280705,OK,
freeze,score_only,ewma_coh_resid_t2,1.0,0.25,budget_only,count,0.1,0.15,0.1,80,80,4,80,1.0,0.05,1.0,0.9543103448275861,0.23793103448275862,4.6125,0.45,0.4125,0.03750000000000003,0.525,0.2875,0.525,0.2875,0.125,0.05,0.05,1.0,6.0,6.0,6.0,6.0,6.0,6.0,5.0,6.0,6.0,6.0,2.5,2.0,2.68448275862069,0.8612068965517242,0.22370689655172415,0.00033853841311651045,0.7823680762510171,0.9543103448275861,0.23793103448275862,0.06666666666666667,0.029535864978902957,0.05833333333333333,0.06666666666666668,-0.021097046413502112,OK,
freeze,score_only,ewma_coh_resid_t2,1.0,0.5,budget_only,count,0.1,0.15,0.1,80,80,4,80,1.0,0.05,1.0,0.9543103448275861,0.23793103448275862,4.6125,0.75,0.4125,0.3375,0.825,0.35,0.825,0.35,0.1375,0.05,0.05,1.0,4.0,6.0,4.0,6.0,6.0,6.0,3.0,6.0,4.0,6.0,3.0,2.0,2.601724137931034,0.8043103448275861,0.2168103448275862,0.00033853841311651045,1.8457767933147387,0.9543103448275861,0.23793103448275862,0.23958333333333331,0.04219409282700422,0.23958333333333334,0.23958333333333334,-0.008438818565400845,OK,
freeze,score_only,ewma_coh_resid_t2,1.0,0.75,budget_only,count,0.1,0.15,0.1,80,80,4,80,1.0,0.05,1.0,0.9543103448275861,0.23793103448275862,4.6125,0.9,0.4125,0.48750000000000004,0.975,0.4625,0.975,0.4625,0.1375,0.05,0.05,1.0,2.0,6.0,2.0,5.1000000000000085,6.0,6.0,2.0,3.0,2.0,5.1000000000000085,2.0,2.0,2.5474137931034484,0.7603448275862068,0.2122844827586207,0.00033853841311651045,3.1137298652339984,0.9543103448275861,0.23793103448275862,0.3979166666666667,0.04641350210970464,0.38958333333333334,0.38958333333333334,-0.046413502109704644,OK,
freeze,score_only,ewma_coh_resid_t2,1.0,1.0,budget_only,count,0.1,0.15,0.1,80,80,4,80,1.0,0.05,1.0,0.9543103448275861,0.23793103448275862,4.6125,0.9125,0.4125,0.5,1.0,0.6875,1.0,0.6875,0.1375,0.05,0.05,1.0,1.0,6.0,1.0,5.0,6.0,6.0,1.0,2.1000000000000085,1.0,5.0,1.0,2.0,2.526724137931035,0.7396551724137931,0.2105603448275862,0.00033853841311651045,4.696122179820209,0.9543103448275861,0.23793103448275862,0.5041666666666667,0.050632911392405056,0.4958333333333333,0.4958333333333333,-0.05063291139240506,OK,
freeze,score_only,ewma_factor_cov_lrt,INFEASIBLE,0.25,budget_only,count,INFEASIBLE,INFEASIBLE,INFEASIBLE,INFEASIBLE,INFEASIBLE,INFEASIBLE,INFEASIBLE,INFEASIBLE,INFEASIBLE,INFEASIBLE,INFEASIBLE,INFEASIBLE,INFEASIBLE,INFEASIBLE,INFEASIBLE,INFEASIBLE,INFEASIBLE,INFEASIBLE,INFEASIBLE,INFEASIBLE,INFEASIBLE,INFEASIBLE,INFEASIBLE,,INFEASIBLE,INFEASIBLE,INFEASIBLE,INFEASIBLE,INFEASIBLE,INFEASIBLE,INFEASIBLE,INFEASIBLE,INFEASIBLE,INFEASIBLE,INFEASIBLE,INFEASIBLE,INFEASIBLE,INFEASIBLE,INFEASIBLE,INFEASIBLE,INFEASIBLE,INFEASIBLE,INFEASIBLE,INFEASIBLE,INFEASIBLE,INFEASIBLE,INFEASIBLE,INFEASIBLE,INFEASIBLE,no_trials_in_band
freeze,score_only,ewma_factor_cov_lrt,INFEASIBLE,0.5,budget_only,count,INFEASIBLE,INFEASIBLE,INFEASIBLE,INFEASIBLE,INFEASIBLE,INFEASIBLE,INFEASIBLE,INFEASIBLE,INFEASIBLE,INFEASIBLE,INFEASIBLE,INFEASIBLE,INFEASIBLE,INFEASIBLE,INFEASIBLE,INFEASIBLE,INFEASIBLE,INFEASIBLE,INFEASIBLE,INFEASIBLE,INFEASIBLE,INFEASIBLE,INFEASIBLE,,INFEASIBLE,INFEASIBLE,INFEASIBLE,INFEASIBLE,INFEASIBLE,INFEASIBLE,INFEASIBLE,INFEASIBLE,INFEASIBLE,INFEASIBLE,INFEASIBLE,INFEASIBLE,INFEASIBLE,INFEASIBLE,INFEASIBLE,INFEASIBLE,INFEASIBLE,INFEASIBLE,INFEASIBLE,INFEASIBLE,INFEASIBLE,INFEASIBLE,INFEASIBLE,INFEASIBLE,INFEASIBLE,no_trials_in_band
freeze,score_only,ewma_factor_cov_lrt,INFEASIBLE,0.75,budget_only,count,INFEASIBLE,INFEASIBLE,INFEASIBLE,INFEASIBLE,INFEASIBLE,INFEASIBLE,INFEASIBLE,INFEASIBLE,INFEASIBLE,INFEASIBLE,INFEASIBLE,INFEASIBLE,INFEASIBLE,INFEASIBLE,INFEASIBLE,INFEASIBLE,INFEASIBLE,INFEASIBLE,INFEASIBLE,INFEASIBLE,INFEASIBLE,INFEASIBLE,INFEASIBLE,,INFEASIBLE,INFEASIBLE,INFEASIBLE,INFEASIBLE,INFEASIBLE,INFEASIBLE,INFEASIBLE,INFEASIBLE,INFEASIBLE,INFEASIBLE,INFEASIBLE,INFEASIBLE,INFEASIBLE,INFEASIBLE,INFEASIBLE,INFEASIBLE,INFEASIBLE,INFEASIBLE,INFEASIBLE,INFEASIBLE,INFEASIBLE,INFEASIBLE,INFEASIBLE,INFEASIBLE,INFEASIBLE,no_trials_in_band
freeze,score_only,ewma_factor_cov_lrt,INFEASIBLE,1.0,budget_only,count,INFEASIBLE,INFEASIBLE,INFEASIBLE,INFEASIBLE,INFEASIBLE,INFEASIBLE,INFEASIBLE,INFEASIBLE,INFEASIBLE,INFEASIBLE,INFEASIBLE,INFEASIBLE,INFEASIBLE,INFEASIBLE,INFEASIBLE,INFEASIBLE,INFEASIBLE,INFEASIBLE,INFEASIBLE,INFEASIBLE,INFEASIBLE,INFEASIBLE,INFEASIBLE,,INFEASIBLE,INFEASIBLE,INFEASIBLE,INFEASIBLE,INFEASIBLE,INFEASIBLE,INFEASIBLE,INFEASIBLE,INFEASIBLE,INFEASIBLE,INFEASIBLE,INFEASIBLE,INFEASIBLE,INFEASIBLE,INFEASIBLE,INFEASIBLE,INFEASIBLE,INFEASIBLE,INFEASIBLE,INFEASIBLE,INFEASIBLE,INFEASIBLE,INFEASIBLE,INFEASIBLE,INFEASIBLE,no_trials_in_band
freeze,score_only,factor_cov_change,INFEASIBLE,0.25,budget_only,count,INFEASIBLE,INFEASIBLE,INFEASIBLE,INFEASIBLE,INFEASIBLE,INFEASIBLE,INFEASIBLE,INFEASIBLE,INFEASIBLE,INFEASIBLE,INFEASIBLE,INFEASIBLE,INFEASIBLE,INFEASIBLE,INFEASIBLE,INFEASIBLE,INFEASIBLE,INFEASIBLE,INFEASIBLE,INFEASIBLE,INFEASIBLE,INFEASIBLE,INFEASIBLE,,INFEASIBLE,INFEASIBLE,INFEASIBLE,INFEASIBLE,INFEASIBLE,INFEASIBLE,INFEASIBLE,INFEASIBLE,INFEASIBLE,INFEASIBLE,INFEASIBLE,INFEASIBLE,INFEASIBLE,INFEASIBLE,INFEASIBLE,INFEASIBLE,INFEASIBLE,INFEASIBLE,INFEASIBLE,INFEASIBLE,INFEASIBLE,INFEASIBLE,INFEASIBLE,INFEASIBLE,INFEASIBLE,no_trials_in_band
freeze,score_only,factor_cov_change,INFEASIBLE,0.5,budget_only,count,INFEASIBLE,INFEASIBLE,INFEASIBLE,INFEASIBLE,INFEASIBLE,INFEASIBLE,INFEASIBLE,INFEASIBLE,INFEASIBLE,INFEASIBLE,INFEASIBLE,INFEASIBLE,INFEASIBLE,INFEASIBLE,INFEASIBLE,INFEASIBLE,INFEASIBLE,INFEASIBLE,INFEASIBLE,INFEASIBLE,INFEASIBLE,INFEASIBLE,INFEASIBLE,,INFEASIBLE,INFEASIBLE,INFEASIBLE,INFEASIBLE,INFEASIBLE,INFEASIBLE,INFEASIBLE,INFEASIBLE,INFEASIBLE,INFEASIBLE,INFEASIBLE,INFEASIBLE,INFEASIBLE,INFEASIBLE,INFEASIBLE,INFEASIBLE,INFEASIBLE,INFEASIBLE,INFEASIBLE,INFEASIBLE,INFEASIBLE,INFEASIBLE,INFEASIBLE,INFEASIBLE,INFEASIBLE,no_trials_in_band
freeze,score_only,factor_cov_change,INFEASIBLE,0.75,budget_only,count,INFEASIBLE,INFEASIBLE,INFEASIBLE,INFEASIBLE,INFEASIBLE,INFEASIBLE,INFEASIBLE,INFEASIBLE,INFEASIBLE,INFEASIBLE,INFEASIBLE,INFEASIBLE,INFEASIBLE,INFEASIBLE,INFEASIBLE,INFEASIBLE,INFEASIBLE,INFEASIBLE,INFEASIBLE,INFEASIBLE,INFEASIBLE,INFEASIBLE,INFEASIBLE,,INFEASIBLE,INFEASIBLE,INFEASIBLE,INFEASIBLE,INFEASIBLE,INFEASIBLE,INFEASIBLE,INFEASIBLE,INFEASIBLE,INFEASIBLE,INFEASIBLE,INFEASIBLE,INFEASIBLE,INFEASIBLE,INFEASIBLE,INFEASIBLE,INFEASIBLE,INFEASIBLE,INFEASIBLE,INFEASIBLE,INFEASIBLE,INFEASIBLE,INFEASIBLE,INFEASIBLE,INFEASIBLE,no_trials_in_band
freeze,score_only,factor_cov_change,INFEASIBLE,1.0,budget_only,count,INFEASIBLE,INFEASIBLE,INFEASIBLE,INFEASIBLE,INFEASIBLE,INFEASIBLE,INFEASIBLE,INFEASIBLE,INFEASIBLE,INFEASIBLE,INFEASIBLE,INFEASIBLE,INFEASIBLE,INFEASIBLE,INFEASIBLE,INFEASIBLE,INFEASIBLE,INFEASIBLE,INFEASIBLE,INFEASIBLE,INFEASIBLE,INFEASIBLE,INFEASIBLE,,INFEASIBLE,INFEASIBLE,INFEASIBLE,INFEASIBLE,INFEASIBLE,INFEASIBLE,INFEASIBLE,INFEASIBLE,INFEASIBLE,INFEASIBLE,INFEASIBLE,INFEASIBLE,INFEASIBLE,INFEASIBLE,INFEASIBLE,INFEASIBLE,INFEASIBLE,INFEASIBLE,INFEASIBLE,INFEASIBLE,INFEASIBLE,INFEASIBLE,INFEASIBLE,INFEASIBLE,INFEASIBLE,no_trials_in_band
freeze,score_only,factor_cov_delta,INFEASIBLE,0.25,budget_only,count,INFEASIBLE,INFEASIBLE,INFEASIBLE,INFEASIBLE,INFEASIBLE,INFEASIBLE,INFEASIBLE,INFEASIBLE,INFEASIBLE,INFEASIBLE,INFEASIBLE,INFEASIBLE,INFEASIBLE,INFEASIBLE,INFEASIBLE,INFEASIBLE,INFEASIBLE,INFEASIBLE,INFEASIBLE,INFEASIBLE,INFEASIBLE,INFEASIBLE,INFEASIBLE,,INFEASIBLE,INFEASIBLE,INFEASIBLE,INFEASIBLE,INFEASIBLE,INFEASIBLE,INFEASIBLE,INFEASIBLE,INFEASIBLE,INFEASIBLE,INFEASIBLE,INFEASIBLE,INFEASIBLE,INFEASIBLE,INFEASIBLE,INFEASIBLE,INFEASIBLE,INFEASIBLE,INFEASIBLE,INFEASIBLE,INFEASIBLE,INFEASIBLE,INFEASIBLE,INFEASIBLE,INFEASIBLE,no_trials_in_band
freeze,score_only,factor_cov_delta,INFEASIBLE,0.5,budget_only,count,INFEASIBLE,INFEASIBLE,INFEASIBLE,INFEASIBLE,INFEASIBLE,INFEASIBLE,INFEASIBLE,INFEASIBLE,INFEASIBLE,INFEASIBLE,INFEASIBLE,INFEASIBLE,INFEASIBLE,INFEASIBLE,INFEASIBLE,INFEASIBLE,INFEASIBLE,INFEASIBLE,INFEASIBLE,INFEASIBLE,INFEASIBLE,INFEASIBLE,INFEASIBLE,,INFEASIBLE,INFEASIBLE,INFEASIBLE,INFEASIBLE,INFEASIBLE,INFEASIBLE,INFEASIBLE,INFEASIBLE,INFEASIBLE,INFEASIBLE,INFEASIBLE,INFEASIBLE,INFEASIBLE,INFEASIBLE,INFEASIBLE,INFEASIBLE,INFEASIBLE,INFEASIBLE,INFEASIBLE,INFEASIBLE,INFEASIBLE,INFEASIBLE,INFEASIBLE,INFEASIBLE,INFEASIBLE,no_trials_in_band
freeze,score_only,factor_cov_delta,INFEASIBLE,0.75,budget_only,count,INFEASIBLE,INFEASIBLE,INFEASIBLE,INFEASIBLE,INFEASIBLE,INFEASIBLE,INFEASIBLE,INFEASIBLE,INFEASIBLE,INFEASIBLE,INFEASIBLE,INFEASIBLE,INFEASIBLE,INFEASIBLE,INFEASIBLE,INFEASIBLE,INFEASIBLE,INFEASIBLE,INFEASIBLE,INFEASIBLE,INFEASIBLE,INFEASIBLE,INFEASIBLE,,INFEASIBLE,INFEASIBLE,INFEASIBLE,INFEASIBLE,INFEASIBLE,INFEASIBLE,INFEASIBLE,INFEASIBLE,INFEASIBLE,INFEASIBLE,INFEASIBLE,INFEASIBLE,INFEASIBLE,INFEASIBLE,INFEASIBLE,INFEASIBLE,INFEASIBLE,INFEASIBLE,INFEASIBLE,INFEASIBLE,INFEASIBLE,INFEASIBLE,INFEASIBLE,INFEASIBLE,INFEASIBLE,no_trials_in_band
freeze,score_only,factor_cov_delta,INFEASIBLE,1.0,budget_only,count,INFEASIBLE,INFEASIBLE,INFEASIBLE,INFEASIBLE,INFEASIBLE,INFEASIBLE,INFEASIBLE,INFEASIBLE,INFEASIBLE,INFEASIBLE,INFEASIBLE,INFEASIBLE,INFEASIBLE,INFEASIBLE,INFEASIBLE,INFEASIBLE,INFEASIBLE,INFEASIBLE,INFEASIBLE,INFEASIBLE,INFEASIBLE,INFEASIBLE,INFEASIBLE,,INFEASIBLE,INFEASIBLE,INFEASIBLE,INFEASIBLE,INFEASIBLE,INFEASIBLE,INFEASIBLE,INFEASIBLE,INFEASIBLE,INFEASIBLE,INFEASIBLE,INFEASIBLE,INFEASIBLE,INFEASIBLE,INFEASIBLE,INFEASIBLE,INFEASIBLE,INFEASIBLE,INFEASIBLE,INFEASIBLE,INFEASIBLE,INFEASIBLE,INFEASIBLE,INFEASIBLE,INFEASIBLE,no_trials_in_band
freeze,score_only,factor_cov_lrt,INFEASIBLE,0.25,budget_only,count,INFEASIBLE,INFEASIBLE,INFEASIBLE,INFEASIBLE,INFEASIBLE,INFEASIBLE,INFEASIBLE,INFEASIBLE,INFEASIBLE,INFEASIBLE,INFEASIBLE,INFEASIBLE,INFEASIBLE,INFEASIBLE,INFEASIBLE,INFEASIBLE,INFEASIBLE,INFEASIBLE,INFEASIBLE,INFEASIBLE,INFEASIBLE,INFEASIBLE,INFEASIBLE,,INFEASIBLE,INFEASIBLE,INFEASIBLE,INFEASIBLE,INFEASIBLE,INFEASIBLE,INFEASIBLE,INFEASIBLE,INFEASIBLE,INFEASIBLE,INFEASIBLE,INFEASIBLE,INFEASIBLE,INFEASIBLE,INFEASIBLE,INFEASIBLE,INFEASIBLE,INFEASIBLE,INFEASIBLE,INFEASIBLE,INFEASIBLE,INFEASIBLE,INFEASIBLE,INFEASIBLE,INFEASIBLE,no_trials_in_band
freeze,score_only,factor_cov_lrt,INFEASIBLE,0.5,budget_only,count,INFEASIBLE,INFEASIBLE,INFEASIBLE,INFEASIBLE,INFEASIBLE,INFEASIBLE,INFEASIBLE,INFEASIBLE,INFEASIBLE,INFEASIBLE,INFEASIBLE,INFEASIBLE,INFEASIBLE,INFEASIBLE,INFEASIBLE,INFEASIBLE,INFEASIBLE,INFEASIBLE,INFEASIBLE,INFEASIBLE,INFEASIBLE,INFEASIBLE,INFEASIBLE,,INFEASIBLE,INFEASIBLE,INFEASIBLE,INFEASIBLE,INFEASIBLE,INFEASIBLE,INFEASIBLE,INFEASIBLE,INFEASIBLE,INFEASIBLE,INFEASIBLE,INFEASIBLE,INFEASIBLE,INFEASIBLE,INFEASIBLE,INFEASIBLE,INFEASIBLE,INFEASIBLE,INFEASIBLE,INFEASIBLE,INFEASIBLE,INFEASIBLE,INFEASIBLE,INFEASIBLE,INFEASIBLE,no_trials_in_band
freeze,score_only,factor_cov_lrt,INFEASIBLE,0.75,budget_only,count,INFEASIBLE,INFEASIBLE,INFEASIBLE,INFEASIBLE,INFEASIBLE,INFEASIBLE,INFEASIBLE,INFEASIBLE,INFEASIBLE,INFEASIBLE,INFEASIBLE,INFEASIBLE,INFEASIBLE,INFEASIBLE,INFEASIBLE,INFEASIBLE,INFEASIBLE,INFEASIBLE,INFEASIBLE,INFEASIBLE,INFEASIBLE,INFEASIBLE,INFEASIBLE,,INFEASIBLE,INFEASIBLE,INFEASIBLE,INFEASIBLE,INFEASIBLE,INFEASIBLE,INFEASIBLE,INFEASIBLE,INFEASIBLE,INFEASIBLE,INFEASIBLE,INFEASIBLE,INFEASIBLE,INFEASIBLE,INFEASIBLE,INFEASIBLE,INFEASIBLE,INFEASIBLE,INFEASIBLE,INFEASIBLE,INFEASIBLE,INFEASIBLE,INFEASIBLE,INFEASIBLE,INFEASIBLE,no_trials_in_band
freeze,score_only,factor_cov_lrt,INFEASIBLE,1.0,budget_only,count,INFEASIBLE,INFEASIBLE,INFEASIBLE,INFEASIBLE,INFEASIBLE,INFEASIBLE,INFEASIBLE,INFEASIBLE,INFEASIBLE,INFEASIBLE,INFEASIBLE,INFEASIBLE,INFEASIBLE,INFEASIBLE,INFEASIBLE,INFEASIBLE,INFEASIBLE,INFEASIBLE,INFEASIBLE,INFEASIBLE,INFEASIBLE,INFEASIBLE,INFEASIBLE,,INFEASIBLE,INFEASIBLE,INFEASIBLE,INFEASIBLE,INFEASIBLE,INFEASIBLE,INFEASIBLE,INFEASIBLE,INFEASIBLE,INFEASIBLE,INFEASIBLE,INFEASIBLE,INFEASIBLE,INFEASIBLE,INFEASIBLE,INFEASIBLE,INFEASIBLE,INFEASIBLE,INFEASIBLE,INFEASIBLE,INFEASIBLE,INFEASIBLE,INFEASIBLE,INFEASIBLE,INFEASIBLE,no_trials_in_band
freeze,score_only,factor_cov_lrt_delta,INFEASIBLE,0.25,budget_only,count,INFEASIBLE,INFEASIBLE,INFEASIBLE,INFEASIBLE,INFEASIBLE,INFEASIBLE,INFEASIBLE,INFEASIBLE,INFEASIBLE,INFEASIBLE,INFEASIBLE,INFEASIBLE,INFEASIBLE,INFEASIBLE,INFEASIBLE,INFEASIBLE,INFEASIBLE,INFEASIBLE,INFEASIBLE,INFEASIBLE,INFEASIBLE,INFEASIBLE,INFEASIBLE,,INFEASIBLE,INFEASIBLE,INFEASIBLE,INFEASIBLE,INFEASIBLE,INFEASIBLE,INFEASIBLE,INFEASIBLE,INFEASIBLE,INFEASIBLE,INFEASIBLE,INFEASIBLE,INFEASIBLE,INFEASIBLE,INFEASIBLE,INFEASIBLE,INFEASIBLE,INFEASIBLE,INFEASIBLE,INFEASIBLE,INFEASIBLE,INFEASIBLE,INFEASIBLE,INFEASIBLE,INFEASIBLE,no_trials_in_band
freeze,score_only,factor_cov_lrt_delta,INFEASIBLE,0.5,budget_only,count,INFEASIBLE,INFEASIBLE,INFEASIBLE,INFEASIBLE,INFEASIBLE,INFEASIBLE,INFEASIBLE,INFEASIBLE,INFEASIBLE,INFEASIBLE,INFEASIBLE,INFEASIBLE,INFEASIBLE,INFEASIBLE,INFEASIBLE,INFEASIBLE,INFEASIBLE,INFEASIBLE,INFEASIBLE,INFEASIBLE,INFEASIBLE,INFEASIBLE,INFEASIBLE,,INFEASIBLE,INFEASIBLE,INFEASIBLE,INFEASIBLE,INFEASIBLE,INFEASIBLE,INFEASIBLE,INFEASIBLE,INFEASIBLE,INFEASIBLE,INFEASIBLE,INFEASIBLE,INFEASIBLE,INFEASIBLE,INFEASIBLE,INFEASIBLE,INFEASIBLE,INFEASIBLE,INFEASIBLE,INFEASIBLE,INFEASIBLE,INFEASIBLE,INFEASIBLE,INFEASIBLE,INFEASIBLE,no_trials_in_band
freeze,score_only,factor_cov_lrt_delta,INFEASIBLE,0.75,budget_only,count,INFEASIBLE,INFEASIBLE,INFEASIBLE,INFEASIBLE,INFEASIBLE,INFEASIBLE,INFEASIBLE,INFEASIBLE,INFEASIBLE,INFEASIBLE,INFEASIBLE,INFEASIBLE,INFEASIBLE,INFEASIBLE,INFEASIBLE,INFEASIBLE,INFEASIBLE,INFEASIBLE,INFEASIBLE,INFEASIBLE,INFEASIBLE,INFEASIBLE,INFEASIBLE,,INFEASIBLE,INFEASIBLE,INFEASIBLE,INFEASIBLE,INFEASIBLE,INFEASIBLE,INFEASIBLE,INFEASIBLE,INFEASIBLE,INFEASIBLE,INFEASIBLE,INFEASIBLE,INFEASIBLE,INFEASIBLE,INFEASIBLE,INFEASIBLE,INFEASIBLE,INFEASIBLE,INFEASIBLE,INFEASIBLE,INFEASIBLE,INFEASIBLE,INFEASIBLE,INFEASIBLE,INFEASIBLE,no_trials_in_band
freeze,score_only,factor_cov_lrt_delta,INFEASIBLE,1.0,budget_only,count,INFEASIBLE,INFEASIBLE,INFEASIBLE,INFEASIBLE,INFEASIBLE,INFEASIBLE,INFEASIBLE,INFEASIBLE,INFEASIBLE,INFEASIBLE,INFEASIBLE,INFEASIBLE,INFEASIBLE,INFEASIBLE,INFEASIBLE,INFEASIBLE,INFEASIBLE,INFEASIBLE,INFEASIBLE,INFEASIBLE,INFEASIBLE,INFEASIBLE,INFEASIBLE,,INFEASIBLE,INFEASIBLE,INFEASIBLE,INFEASIBLE,INFEASIBLE,INFEASIBLE,INFEASIBLE,INFEASIBLE,INFEASIBLE,INFEASIBLE,INFEASIBLE,INFEASIBLE,INFEASIBLE,INFEASIBLE,INFEASIBLE,INFEASIBLE,INFEASIBLE,INFEASIBLE,INFEASIBLE,INFEASIBLE,INFEASIBLE,INFEASIBLE,INFEASIBLE,INFEASIBLE,INFEASIBLE,no_trials_in_band
freeze,score_only,fused_fisher,INFEASIBLE,0.25,budget_only,count,INFEASIBLE,INFEASIBLE,INFEASIBLE,INFEASIBLE,INFEASIBLE,INFEASIBLE,INFEASIBLE,INFEASIBLE,INFEASIBLE,INFEASIBLE,INFEASIBLE,INFEASIBLE,INFEASIBLE,INFEASIBLE,INFEASIBLE,INFEASIBLE,INFEASIBLE,INFEASIBLE,INFEASIBLE,INFEASIBLE,INFEASIBLE,INFEASIBLE,INFEASIBLE,,INFEASIBLE,INFEASIBLE,INFEASIBLE,INFEASIBLE,INFEASIBLE,INFEASIBLE,INFEASIBLE,INFEASIBLE,INFEASIBLE,INFEASIBLE,INFEASIBLE,INFEASIBLE,INFEASIBLE,INFEASIBLE,INFEASIBLE,INFEASIBLE,INFEASIBLE,INFEASIBLE,INFEASIBLE,INFEASIBLE,INFEASIBLE,INFEASIBLE,INFEASIBLE,INFEASIBLE,INFEASIBLE,no_trials_in_band
freeze,score_only,fused_fisher,INFEASIBLE,0.5,budget_only,count,INFEASIBLE,INFEASIBLE,INFEASIBLE,INFEASIBLE,INFEASIBLE,INFEASIBLE,INFEASIBLE,INFEASIBLE,INFEASIBLE,INFEASIBLE,INFEASIBLE,INFEASIBLE,INFEASIBLE,INFEASIBLE,INFEASIBLE,INFEASIBLE,INFEASIBLE,INFEASIBLE,INFEASIBLE,INFEASIBLE,INFEASIBLE,INFEASIBLE,INFEASIBLE,,INFEASIBLE,INFEASIBLE,INFEASIBLE,INFEASIBLE,INFEASIBLE,INFEASIBLE,INFEASIBLE,INFEASIBLE,INFEASIBLE,INFEASIBLE,INFEASIBLE,INFEASIBLE,INFEASIBLE,INFEASIBLE,INFEASIBLE,INFEASIBLE,INFEASIBLE,INFEASIBLE,INFEASIBLE,INFEASIBLE,INFEASIBLE,INFEASIBLE,INFEASIBLE,INFEASIBLE,INFEASIBLE,no_trials_in_band
freeze,score_only,fused_fisher,INFEASIBLE,0.75,budget_only,count,INFEASIBLE,INFEASIBLE,INFEASIBLE,INFEASIBLE,INFEASIBLE,INFEASIBLE,INFEASIBLE,INFEASIBLE,INFEASIBLE,INFEASIBLE,INFEASIBLE,INFEASIBLE,INFEASIBLE,INFEASIBLE,INFEASIBLE,INFEASIBLE,INFEASIBLE,INFEASIBLE,INFEASIBLE,INFEASIBLE,INFEASIBLE,INFEASIBLE,INFEASIBLE,,INFEASIBLE,INFEASIBLE,INFEASIBLE,INFEASIBLE,INFEASIBLE,INFEASIBLE,INFEASIBLE,INFEASIBLE,INFEASIBLE,INFEASIBLE,INFEASIBLE,INFEASIBLE,INFEASIBLE,INFEASIBLE,INFEASIBLE,INFEASIBLE,INFEASIBLE,INFEASIBLE,INFEASIBLE,INFEASIBLE,INFEASIBLE,INFEASIBLE,INFEASIBLE,INFEASIBLE,INFEASIBLE,no_trials_in_band
freeze,score_only,fused_fisher,INFEASIBLE,1.0,budget_only,count,INFEASIBLE,INFEASIBLE,INFEASIBLE,INFEASIBLE,INFEASIBLE,INFEASIBLE,INFEASIBLE,INFEASIBLE,INFEASIBLE,INFEASIBLE,INFEASIBLE,INFEASIBLE,INFEASIBLE,INFEASIBLE,INFEASIBLE,INFEASIBLE,INFEASIBLE,INFEASIBLE,INFEASIBLE,INFEASIBLE,INFEASIBLE,INFEASIBLE,INFEASIBLE,,INFEASIBLE,INFEASIBLE,INFEASIBLE,INFEASIBLE,INFEASIBLE,INFEASIBLE,INFEASIBLE,INFEASIBLE,INFEASIBLE,INFEASIBLE,INFEASIBLE,INFEASIBLE,INFEASIBLE,INFEASIBLE,INFEASIBLE,INFEASIBLE,INFEASIBLE,INFEASIBLE,INFEASIBLE,INFEASIBLE,INFEASIBLE,INFEASIBLE,INFEASIBLE,INFEASIBLE,INFEASIBLE,no_trials_in_band
freeze,score_only,fused_fisher_lrt_delta,INFEASIBLE,0.25,budget_only,count,INFEASIBLE,INFEASIBLE,INFEASIBLE,INFEASIBLE,INFEASIBLE,INFEASIBLE,INFEASIBLE,INFEASIBLE,INFEASIBLE,INFEASIBLE,INFEASIBLE,INFEASIBLE,INFEASIBLE,INFEASIBLE,INFEASIBLE,INFEASIBLE,INFEASIBLE,INFEASIBLE,INFEASIBLE,INFEASIBLE,INFEASIBLE,INFEASIBLE,INFEASIBLE,,INFEASIBLE,INFEASIBLE,INFEASIBLE,INFEASIBLE,INFEASIBLE,INFEASIBLE,INFEASIBLE,INFEASIBLE,INFEASIBLE,INFEASIBLE,INFEASIBLE,INFEASIBLE,INFEASIBLE,INFEASIBLE,INFEASIBLE,INFEASIBLE,INFEASIBLE,INFEASIBLE,INFEASIBLE,INFEASIBLE,INFEASIBLE,INFEASIBLE,INFEASIBLE,INFEASIBLE,INFEASIBLE,no_trials_in_band
freeze,score_only,fused_fisher_lrt_delta,INFEASIBLE,0.5,budget_only,count,INFEASIBLE,INFEASIBLE,INFEASIBLE,INFEASIBLE,INFEASIBLE,INFEASIBLE,INFEASIBLE,INFEASIBLE,INFEASIBLE,INFEASIBLE,INFEASIBLE,INFEASIBLE,INFEASIBLE,INFEASIBLE,INFEASIBLE,INFEASIBLE,INFEASIBLE,INFEASIBLE,INFEASIBLE,INFEASIBLE,INFEASIBLE,INFEASIBLE,INFEASIBLE,,INFEASIBLE,INFEASIBLE,INFEASIBLE,INFEASIBLE,INFEASIBLE,INFEASIBLE,INFEASIBLE,INFEASIBLE,INFEASIBLE,INFEASIBLE,INFEASIBLE,INFEASIBLE,INFEASIBLE,INFEASIBLE,INFEASIBLE,INFEASIBLE,INFEASIBLE,INFEASIBLE,INFEASIBLE,INFEASIBLE,INFEASIBLE,INFEASIBLE,INFEASIBLE,INFEASIBLE,INFEASIBLE,no_trials_in_band
freeze,score_only,fused_fisher_lrt_delta,INFEASIBLE,0.75,budget_only,count,INFEASIBLE,INFEASIBLE,INFEASIBLE,INFEASIBLE,INFEASIBLE,INFEASIBLE,INFEASIBLE,INFEASIBLE,INFEASIBLE,INFEASIBLE,INFEASIBLE,INFEASIBLE,INFEASIBLE,INFEASIBLE,INFEASIBLE,INFEASIBLE,INFEASIBLE,INFEASIBLE,INFEASIBLE,INFEASIBLE,INFEASIBLE,INFEASIBLE,INFEASIBLE,,INFEASIBLE,INFEASIBLE,INFEASIBLE,INFEASIBLE,INFEASIBLE,INFEASIBLE,INFEASIBLE,INFEASIBLE,INFEASIBLE,INFEASIBLE,INFEASIBLE,INFEASIBLE,INFEASIBLE,INFEASIBLE,INFEASIBLE,INFEASIBLE,INFEASIBLE,INFEASIBLE,INFEASIBLE,INFEASIBLE,INFEASIBLE,INFEASIBLE,INFEASIBLE,INFEASIBLE,INFEASIBLE,no_trials_in_band
freeze,score_only,fused_fisher_lrt_delta,INFEASIBLE,1.0,budget_only,count,INFEASIBLE,INFEASIBLE,INFEASIBLE,INFEASIBLE,INFEASIBLE,INFEASIBLE,INFEASIBLE,INFEASIBLE,INFEASIBLE,INFEASIBLE,INFEASIBLE,INFEASIBLE,INFEASIBLE,INFEASIBLE,INFEASIBLE,INFEASIBLE,INFEASIBLE,INFEASIBLE,INFEASIBLE,INFEASIBLE,INFEASIBLE,INFEASIBLE,INFEASIBLE,,INFEASIBLE,INFEASIBLE,INFEASIBLE,INFEASIBLE,INFEASIBLE,INFEASIBLE,INFEASIBLE,INFEASIBLE,INFEASIBLE,INFEASIBLE,INFEASIBLE,INFEASIBLE,INFEASIBLE,INFEASIBLE,INFEASIBLE,INFEASIBLE,INFEASIBLE,INFEASIBLE,INFEASIBLE,INFEASIBLE,INFEASIBLE,INFEASIBLE,INFEASIBLE,INFEASIBLE,INFEASIBLE,no_trials_in_band
freeze,score_only,fused_sp,1.0,0.25,budget_only,count,0.1,0.15,0.1,80,55,2,55,0.6875,0.025,0.6875,0.8275862068965522,0.20250783699059574,4.0,0.01818181818181818,0.01818181818181818,0.0,0.09090909090909091,0.07272727272727272,0.09090909090909091,0.07272727272727272,0.07272727272727272,0.01818181818181818,0.01818181818181818,1.0,6.0,6.0,6.0,6.0,6.0,6.0,6.0,6.0,6.0,6.0,2.0,2.0,2.437617554858934,0.8351097178683391,0.20313479623824465,0.0003402020380956905,-0.3152921051920658,0.8275862068965522,0.20250783699059574,0.0,0.0,0.0,0.0,0.0,OK,
freeze,score_only,fused_sp,1.0,0.5,budget_only,count,0.1,0.15,0.1,80,55,2,55,0.6875,0.025,0.6875,0.8275862068965522,0.20250783699059574,4.0,0.01818181818181818,0.01818181818181818,0.0,0.09090909090909091,0.07272727272727272,0.09090909090909091,0.07272727272727272,0.07272727272727272,0.01818181818181818,0.01818181818181818,1.0,6.0,6.0,6.0,6.0,6.0,6.0,6.0,6.0,6.0,6.0,2.0,2.0,2.437617554858934,0.8351097178683391,0.20313479623824465,0.0003402020380956905,-0.36439999484562774,0.8275862068965522,0.20250783699059574,0.00909090909090909,0.006172839506172839,-0.00909090909090909,0.00909090909090909,0.00617283950617284,OK,
freeze,score_only,fused_sp,1.0,0.75,budget_only,count,0.1,0.15,0.1,80,55,2,55,0.6875,0.025,0.6875,0.8275862068965522,0.20250783699059574,4.0,0.01818181818181818,0.01818181818181818,0.0,0.09090909090909091,0.07272727272727272,0.09090909090909091,0.07272727272727272,0.07272727272727272,0.01818181818181818,0.01818181818181818,1.0,6.0,6.0,6.0,6.0,6.0,6.0,6.0,6.0,6.0,6.0,2.0,2.0,2.43385579937304,0.8351097178683391,0.20282131661442018,0.0003402020380956905,-0.19939739768832657,0.8275862068965522,0.20250783699059574,0.01515151515151515,0.018518518518518517,-0.015151515151515152,0.015151515151515152,0.00617283950617284,OK,
freeze,score_only,fused_sp,1.0,1.0,budget_only,count,0.1,0.15,0.1,80,55,2,55,0.6875,0.025,0.6875,0.8275862068965522,0.20250783699059574,4.0,0.01818181818181818,0.01818181818181818,0.0,0.10909090909090909,0.09090909090909091,0.10909090909090909,0.09090909090909091,0.09090909090909091,0.01818181818181818,0.01818181818181818,1.0,6.0,6.0,6.0,6.0,6.0,6.0,6.0,6.0,6.0,6.0,2.0,2.0,2.441379310344827,0.8426332288401258,0.2034482758620691,0.0003402020380956905,0.13336871161587763,0.8275862068965522,0.20250783699059574,0.012121212121212121,0.024691358024691357,-1.0092936587501423e-18,0.012121212121212123,0.012345679012345678,OK,
freeze,score_only,fused_sp_lrt_delta,1.0,0.25,budget_only,count,0.1,0.15,0.1,80,55,2,55,0.6875,0.025,0.6875,0.8275862068965522,0.18620689655172423,4.0,0.01818181818181818,0.01818181818181818,0.0,0.07272727272727272,0.05454545454545454,0.07272727272727272,0.05454545454545454,0.05454545454545454,0.01818181818181818,0.01818181818181818,1.0,6.0,6.0,6.0,6.0,6.0,6.0,6.0,6.0,6.0,6.0,2.0,2.0,2.238244514106584,0.8275862068965522,0.1865203761755487,0.0008051207786739389,-0.2678566477908861,0.8275862068965522,0.18620689655172423,0.00909090909090909,0.006172839506172839,-0.00909090909090909,0.00909090909090909,0.00617283950617284,OK,
freeze,score_only,fused_sp_lrt_delta,1.0,0.5,budget_only,count,0.1,0.15,0.1,80,55,2,55,0.6875,0.025,0.6875,0.8275862068965522,0.18620689655172423,4.0,0.01818181818181818,0.01818181818181818,0.0,0.07272727272727272,0.05454545454545454,0.07272727272727272,0.05454545454545454,0.05454545454545454,0.01818181818181818,0.01818181818181818,1.0,6.0,6.0,6.0,6.0,6.0,6.0,6.0,6.0,6.0,6.0,5.0,2.0,2.238244514106584,0.8275862068965522,0.1865203761755487,0.0008051207786739389,-0.286256077100383,0.8275862068965522,0.18620689655172423,0.00909090909090909,0.006172839506172839,-0.00909090909090909,0.00909090909090909,0.00617283950617284,OK,
freeze,score_only,fused_sp_lrt_delta,1.0,0.75,budget_only,count,0.1,0.15,0.1,80,55,2,55,0.6875,0.025,0.6875,0.8275862068965522,0.18620689655172423,4.0,0.01818181818181818,0.01818181818181818,0.0,0.03636363636363636,0.01818181818181818,0.03636363636363636,0.01818181818181818,0.01818181818181818,0.01818181818181818,0.01818181818181818,1.0,6.0,6.0,6.0,6.0,6.0,6.0,6.0,6.0,6.0,6.0,2.0,2.0,2.2344827586206906,0.8275862068965522,0.18620689655172423,0.0008051207786739389,-0.13117117971753753,0.8275862068965522,0.18620689655172423,0.02121212121212121,0.018518518518518517,-0.021212121212121213,0.021212121212121213,0.00617283950617284,OK,
freeze,score_only,fused_sp_lrt_delta,1.0,1.0,budget_only,count,0.1,0.15,0.1,80,55,2,55,0.6875,0.025,0.6875,0.8275862068965522,0.18620689655172423,4.0,0.01818181818181818,0.01818181818181818,0.0,0.05454545454545454,0.03636363636363636,0.05454545454545454,0.03636363636363636,0.03636363636363636,0.01818181818181818,0.01818181818181818,1.0,6.0,6.0,6.0,6.0,6.0,6.0,6.0,6.0,6.0,6.0,2.0,2.0,2.2645768025078374,0.8501567398119125,0.18871473354231982,0.0008051207786739389,0.13668634952212175,0.8275862068965522,0.18620689655172423,0.01515151515151515,0.15432098765432098,-0.00909090909090909,0.015151515151515152,0.11728395061728393,OK,
freeze,score_only,max_abs,INFEASIBLE,0.25,budget_only,count,INFEASIBLE,INFEASIBLE,INFEASIBLE,INFEASIBLE,INFEASIBLE,INFEASIBLE,INFEASIBLE,INFEASIBLE,INFEASIBLE,INFEASIBLE,INFEASIBLE,INFEASIBLE,INFEASIBLE,INFEASIBLE,INFEASIBLE,INFEASIBLE,INFEASIBLE,INFEASIBLE,INFEASIBLE,INFEASIBLE,INFEASIBLE,INFEASIBLE,INFEASIBLE,,INFEASIBLE,INFEASIBLE,INFEASIBLE,INFEASIBLE,INFEASIBLE,INFEASIBLE,INFEASIBLE,INFEASIBLE,INFEASIBLE,INFEASIBLE,INFEASIBLE,INFEASIBLE,INFEASIBLE,INFEASIBLE,INFEASIBLE,INFEASIBLE,INFEASIBLE,INFEASIBLE,INFEASIBLE,INFEASIBLE,INFEASIBLE,INFEASIBLE,INFEASIBLE,INFEASIBLE,INFEASIBLE,no_trials_in_band
freeze,score_only,max_abs,INFEASIBLE,0.5,budget_only,count,INFEASIBLE,INFEASIBLE,INFEASIBLE,INFEASIBLE,INFEASIBLE,INFEASIBLE,INFEASIBLE,INFEASIBLE,INFEASIBLE,INFEASIBLE,INFEASIBLE,INFEASIBLE,INFEASIBLE,INFEASIBLE,INFEASIBLE,INFEASIBLE,INFEASIBLE,INFEASIBLE,INFEASIBLE,INFEASIBLE,INFEASIBLE,INFEASIBLE,INFEASIBLE,,INFEASIBLE,INFEASIBLE,INFEASIBLE,INFEASIBLE,INFEASIBLE,INFEASIBLE,INFEASIBLE,INFEASIBLE,INFEASIBLE,INFEASIBLE,INFEASIBLE,INFEASIBLE,INFEASIBLE,INFEASIBLE,INFEASIBLE,INFEASIBLE,INFEASIBLE,INFEASIBLE,INFEASIBLE,INFEASIBLE,INFEASIBLE,INFEASIBLE,INFEASIBLE,INFEASIBLE,INFEASIBLE,no_trials_in_band
freeze,score_only,max_abs,INFEASIBLE,0.75,budget_only,count,INFEASIBLE,INFEASIBLE,INFEASIBLE,INFEASIBLE,INFEASIBLE,INFEASIBLE,INFEASIBLE,INFEASIBLE,INFEASIBLE,INFEASIBLE,INFEASIBLE,INFEASIBLE,INFEASIBLE,INFEASIBLE,INFEASIBLE,INFEASIBLE,INFEASIBLE,INFEASIBLE,INFEASIBLE,INFEASIBLE,INFEASIBLE,INFEASIBLE,INFEASIBLE,,INFEASIBLE,INFEASIBLE,INFEASIBLE,INFEASIBLE,INFEASIBLE,INFEASIBLE,INFEASIBLE,INFEASIBLE,INFEASIBLE,INFEASIBLE,INFEASIBLE,INFEASIBLE,INFEASIBLE,INFEASIBLE,INFEASIBLE,INFEASIBLE,INFEASIBLE,INFEASIBLE,INFEASIBLE,INFEASIBLE,INFEASIBLE,INFEASIBLE,INFEASIBLE,INFEASIBLE,INFEASIBLE,no_trials_in_band
freeze,score_only,max_abs,INFEASIBLE,1.0,budget_only,count,INFEASIBLE,INFEASIBLE,INFEASIBLE,INFEASIBLE,INFEASIBLE,INFEASIBLE,INFEASIBLE,INFEASIBLE,INFEASIBLE,INFEASIBLE,INFEASIBLE,INFEASIBLE,INFEASIBLE,INFEASIBLE,INFEASIBLE,INFEASIBLE,INFEASIBLE,INFEASIBLE,INFEASIBLE,INFEASIBLE,INFEASIBLE,INFEASIBLE,INFEASIBLE,,INFEASIBLE,INFEASIBLE,INFEASIBLE,INFEASIBLE,INFEASIBLE,INFEASIBLE,INFEASIBLE,INFEASIBLE,INFEASIBLE,INFEASIBLE,INFEASIBLE,INFEASIBLE,INFEASIBLE,INFEASIBLE,INFEASIBLE,INFEASIBLE,INFEASIBLE,INFEASIBLE,INFEASIBLE,INFEASIBLE,INFEASIBLE,INFEASIBLE,INFEASIBLE,INFEASIBLE,INFEASIBLE,no_trials_in_band
freeze,score_only,pc_t2,1.0,0.25,budget_only,count,0.1,0.15,0.1,80,58,7,58,0.725,0.0875,0.725,0.8275862068965518,0.16854934601664687,4.0,0.034482758620689655,0.034482758620689655,0.0,0.1206896551724138,0.08620689655172414,0.1206896551724138,0.08620689655172414,0.08620689655172414,0.08620689655172414,0.08620689655172414,1.0,6.0,6.0,6.0,6.0,6.0,6.0,6.0,6.0,6.0,6.0,4.0,4.0,2.022592152199762,0.8275862068965518,0.16854934601664687,0.0005978492534360009,-0.12052888446794525,0.8275862068965518,0.16854934601664687,0.005747126436781609,0.0,-0.005747126436781609,0.005747126436781609,0.0,OK,
freeze,score_only,pc_t2,1.0,0.5,budget_only,count,0.1,0.15,0.1,80,58,7,58,0.725,0.0875,0.725,0.8275862068965518,0.16854934601664687,4.0,0.0,0.034482758620689655,-0.034482758620689655,0.08620689655172414,0.08620689655172414,0.08620689655172414,0.08620689655172414,0.08620689655172414,0.08620689655172414,0.08620689655172414,1.0,6.0,6.0,6.0,6.0,6.0,6.0,6.0,6.0,6.0,6.0,NA,4.0,2.022592152199762,0.8275862068965518,0.16854934601664687,0.0005978492534360009,-0.08790228852413663,0.8275862068965518,0.16854934601664687,0.017241379310344827,0.0,-0.017241379310344827,0.017241379310344827,0.0,OK,
freeze,score_only,pc_t2,1.0,0.75,budget_only,count,0.1,0.15,0.1,80,58,7,58,0.725,0.0875,0.725,0.8275862068965518,0.16854934601664687,4.0,0.0,0.034482758620689655,-0.034482758620689655,0.08620689655172414,0.08620689655172414,0.08620689655172414,0.08620689655172414,0.08620689655172414,0.08620689655172414,0.08620689655172414,1.0,6.0,6.0,6.0,6.0,6.0,6.0,6.0,6.0,6.0,6.0,NA,4.0,2.022592152199762,0.8275862068965518,0.16854934601664687,0.0005978492534360009,0.10078914379513883,0.8275862068965518,0.16854934601664687,0.017241379310344827,0.0,-0.017241379310344827,0.017241379310344827,0.0,OK,
freeze,score_only,pc_t2,1.0,1.0,budget_only,count,0.1,0.15,0.1,80,58,7,58,0.725,0.0875,0.725,0.8275862068965518,0.16854934601664687,4.0,0.0,0.034482758620689655,-0.034482758620689655,0.10344827586206896,0.10344827586206896,0.10344827586206896,0.10344827586206896,0.10344827586206896,0.08620689655172414,0.08620689655172414,1.0,6.0,6.0,6.0,6.0,6.0,6.0,6.0,6.0,6.0,6.0,NA,4.0,2.022592152199762,0.8275862068965518,0.16854934601664687,0.0005978492534360009,0.47281017263592984,0.8275862068965518,0.16854934601664687,0.02011494252873563,0.0,-0.014367816091954021,0.02011494252873563,0.0,OK,
freeze,score_only,res_energy,1.0,0.25,budget_only,count,0.1,0.15,0.1,80,55,2,55,0.6875,0.025,0.6875,0.8275862068965522,0.21849529780564259,4.0,0.01818181818181818,0.01818181818181818,0.0,0.10909090909090909,0.09090909090909091,0.10909090909090909,0.09090909090909091,0.09090909090909091,0.01818181818181818,0.01818181818181818,1.0,6.0,6.0,6.0,6.0,6.0,6.0,6.0,6.0,6.0,6.0,2.0,2.0,2.6294670846394967,0.8275862068965522,0.21912225705329147,0.0008709779574656233,-0.2839898799536471,0.8275862068965522,0.21849529780564259,0.0,0.0,0.0,0.0,0.0,OK,
freeze,score_only,res_energy,1.0,0.5,budget_only,count,0.1,0.15,0.1,80,55,2,55,0.6875,0.025,0.6875,0.8275862068965522,0.21849529780564259,4.0,0.01818181818181818,0.01818181818181818,0.0,0.10909090909090909,0.09090909090909091,0.10909090909090909,0.09090909090909091,0.09090909090909091,0.01818181818181818,0.01818181818181818,1.0,6.0,6.0,6.0,6.0,6.0,6.0,6.0,6.0,6.0,6.0,2.0,2.0,2.6369905956112834,0.8351097178683391,0.21974921630094035,0.0008709779574656233,-0.3030500523799501,0.8275862068965522,0.21849529780564259,0.01515151515151515,0.006172839506172839,-0.015151515151515154,0.015151515151515154,0.00617283950617284,OK,
freeze,score_only,res_energy,1.0,0.75,budget_only,count,0.1,0.15,0.1,80,55,2,55,0.6875,0.025,0.6875,0.8275862068965522,0.21849529780564259,4.0,0.01818181818181818,0.01818181818181818,0.0,0.10909090909090909,0.09090909090909091,0.10909090909090909,0.09090909090909091,0.09090909090909091,0.01818181818181818,0.01818181818181818,1.0,6.0,6.0,6.0,6.0,6.0,6.0,6.0,6.0,6.0,6.0,5.0,2.0,2.6520376175548575,0.8501567398119128,0.22100313479623818,0.0008709779574656233,-0.16244656999036672,0.8275862068965522,0.21849529780564259,0.02121212121212121,0.018518518518518517,-0.021212121212121213,0.021212121212121213,0.018518518518518517,OK,
freeze,score_only,res_energy,1.0,1.0,budget_only,count,0.1,0.15,0.1,80,55,2,55,0.6875,0.025,0.6875,0.8275862068965522,0.21849529780564259,4.0,0.0,0.01818181818181818,-0.01818181818181818,0.14545454545454545,0.14545454545454545,0.14545454545454545,0.14545454545454545,0.14545454545454545,0.01818181818181818,0.01818181818181818,1.0,6.0,6.0,6.0,6.0,6.0,6.0,6.0,6.0,6.0,6.0,NA,2.0,2.6520376175548575,0.8501567398119128,0.22100313479623818,0.0008709779574656233,0.13528699232344538,0.8275862068965522,0.21849529780564259,0.02727272727272727,0.018518518518518517,-0.00909090909090909,0.02727272727272728,0.018518518518518517,OK,
freeze,score_only,stale,1.0,0.25,budget_only,count,0.1,0.15,0.1,80,47,7,47,0.5875,0.0875,0.5875,0.8275862068965523,0.19369038884812922,4.0,0.3404255319148936,0.06382978723404255,0.2765957446808511,0.48936170212765956,0.3404255319148936,0.48936170212765956,0.3404255319148936,0.14893617021276595,0.1276595744680851,0.1276595744680851,1.0,6.0,6.0,6.0,6.0,6.0,6.0,6.0,6.0,6.0,6.0,1.0,2.0,2.2934702861335285,0.8451944240645639,0.19112252384446082,0.16406125635591967,0.22543059777102328,0.8275862068965523,0.19369038884812922,0.06028368794326241,0.07971014492753624,0.05319148936170212,0.05319148936170212,-0.021739130434782608,OK,
freeze,score_only,stale,1.0,0.5,budget_only,count,0.1,0.15,0.1,80,47,7,47,0.5875,0.0875,0.5875,0.8275862068965523,0.19369038884812922,4.0,0.7446808510638298,0.06382978723404255,0.6808510638297872,0.8936170212765957,0.46808510638297873,0.8936170212765957,0.46808510638297873,0.14893617021276595,0.1276595744680851,0.1276595744680851,1.0,4.0,6.0,4.0,6.0,6.0,6.0,2.0,5.399999999999999,4.0,6.0,2.0,2.0,2.2582538517975057,0.765957446808511,0.1881878209831255,0.16406125635591967,1.1869300911854104,0.8275862068965523,0.19369038884812922,0.30141843971631205,0.13043478260869565,0.30141843971631205,0.30141843971631205,-2.413528314402514e-18,OK,
freeze,score_only,stale,1.0,0.75,budget_only,count,0.1,0.15,0.1,80,47,7,47,0.5875,0.0875,0.5875,0.8275862068965523,0.19369038884812922,4.0,0.8085106382978723,0.06382978723404255,0.7446808510638298,1.0,0.6170212765957447,1.0,0.6170212765957447,0.19148936170212766,0.1276595744680851,0.1276595744680851,1.0,3.0,6.0,3.0,6.0,6.0,6.0,1.0,4.0,3.0,6.0,1.0,2.0,2.2230374174614824,0.7043286867204696,0.18525311812179018,0.16406125635591967,2.322695035460993,0.8275862068965523,0.19369038884812922,0.5283687943262411,0.28985507246376807,0.5283687943262411,0.5283687943262411,0.07246376811594202,OK,
freeze,score_only,stale,1.0,1.0,budget_only,count,0.1,0.15,0.1,80,47,7,47,0.5875,0.0875,0.5875,0.8275862068965523,0.19369038884812922,4.0,0.8085106382978723,0.06382978723404255,0.7446808510638298,1.0,0.7021276595744681,1.0,0.7021276595744681,0.19148936170212766,0.1276595744680851,0.1276595744680851,1.0,1.0,6.0,1.0,6.0,6.0,6.0,1.0,3.0,1.0,6.0,1.0,2.0,2.218635363169479,0.7263389581804844,0.1848862802641233,0.16406125635591967,2.952634245187437,0.8275862068965523,0.19369038884812922,0.6453900709219857,0.2971014492753623,0.6453900709219857,0.6453900709219857,0.07971014492753623,OK,
