kind,panel,detector,budget,attack_strength,matched_mode,matched_budget_band,matched_tol_budget,tiw_cap,matched_tol_tiw,n_trials_total,n_trials_budget,n_trials_joint,n_trials_primary,coverage_budget,coverage_joint,coverage_primary,fae_null_mean_primary,tiw_null_mean_primary,false_alert_events_count_mean_primary,detect_rate,detect_rate_null,uplift_detect_rate,event_success_rate,event_timely_sla_rate,event_anywarn_success_rate,event_anywarn_timely_sla_rate,event_preexisting_warning_rate,contract_pass_full_rate,contract_pass_full_anywarn_rate,event_sla_months,median_delay,median_delay_null,delay_p50,delay_p90,delay_null_p50,delay_null_p90,event_delay_p50,event_delay_p90,event_time_to_trigger_p50,event_time_to_trigger_p90,median_delay_uncens,median_delay_null_uncens,mean_false_alarm_months_per_year,mean_false_alert_events_per_year,mean_time_in_warning,mean_p_star,mean_effect_size,mean_fae_null,mean_tiw_null,mean_cad_win,mean_cad_post,mean_dtiw_win,mean_abs_dtiw_win,mean_dtiw_post,row_status,infeasible_reason
gradual_bias,all_only,T2,INFEASIBLE,0.25,budget_only,count,INFEASIBLE,INFEASIBLE,INFEASIBLE,INFEASIBLE,INFEASIBLE,INFEASIBLE,INFEASIBLE,INFEASIBLE,INFEASIBLE,INFEASIBLE,INFEASIBLE,INFEASIBLE,INFEASIBLE,INFEASIBLE,INFEASIBLE,INFEASIBLE,INFEASIBLE,INFEASIBLE,INFEASIBLE,INFEASIBLE,INFEASIBLE,INFEASIBLE,INFEASIBLE,,INFEASIBLE,INFEASIBLE,INFEASIBLE,INFEASIBLE,INFEASIBLE,INFEASIBLE,INFEASIBLE,INFEASIBLE,INFEASIBLE,INFEASIBLE,INFEASIBLE,INFEASIBLE,INFEASIBLE,INFEASIBLE,INFEASIBLE,INFEASIBLE,INFEASIBLE,INFEASIBLE,INFEASIBLE,INFEASIBLE,INFEASIBLE,INFEASIBLE,INFEASIBLE,INFEASIBLE,INFEASIBLE,no_trials_in_band
gradual_bias,all_only,T2,INFEASIBLE,0.5,budget_only,count,INFEASIBLE,INFEASIBLE,INFEASIBLE,INFEASIBLE,INFEASIBLE,INFEASIBLE,INFEASIBLE,INFEASIBLE,INFEASIBLE,INFEASIBLE,INFEASIBLE,INFEASIBLE,INFEASIBLE,INFEASIBLE,INFEASIBLE,INFEASIBLE,INFEASIBLE,INFEASIBLE,INFEASIBLE,INFEASIBLE,INFEASIBLE,INFEASIBLE,INFEASIBLE,,INFEASIBLE,INFEASIBLE,INFEASIBLE,INFEASIBLE,INFEASIBLE,INFEASIBLE,INFEASIBLE,INFEASIBLE,INFEASIBLE,INFEASIBLE,INFEASIBLE,INFEASIBLE,INFEASIBLE,INFEASIBLE,INFEASIBLE,INFEASIBLE,INFEASIBLE,INFEASIBLE,INFEASIBLE,INFEASIBLE,INFEASIBLE,INFEASIBLE,INFEASIBLE,INFEASIBLE,INFEASIBLE,no_trials_in_band
gradual_bias,all_only,T2,INFEASIBLE,0.75,budget_only,count,INFEASIBLE,INFEASIBLE,INFEASIBLE,INFEASIBLE,INFEASIBLE,INFEASIBLE,INFEASIBLE,INFEASIBLE,INFEASIBLE,INFEASIBLE,INFEASIBLE,INFEASIBLE,INFEASIBLE,INFEASIBLE,INFEASIBLE,INFEASIBLE,INFEASIBLE,INFEASIBLE,INFEASIBLE,INFEASIBLE,INFEASIBLE,INFEASIBLE,INFEASIBLE,,INFEASIBLE,INFEASIBLE,INFEASIBLE,INFEASIBLE,INFEASIBLE,INFEASIBLE,INFEASIBLE,INFEASIBLE,INFEASIBLE,INFEASIBLE,INFEASIBLE,INFEASIBLE,INFEASIBLE,INFEASIBLE,INFEASIBLE,INFEASIBLE,INFEASIBLE,INFEASIBLE,INFEASIBLE,INFEASIBLE,INFEASIBLE,INFEASIBLE,INFEASIBLE,INFEASIBLE,INFEASIBLE,no_trials_in_band
gradual_bias,all_only,T2,INFEASIBLE,1.0,budget_only,count,INFEASIBLE,INFEASIBLE,INFEASIBLE,INFEASIBLE,INFEASIBLE,INFEASIBLE,INFEASIBLE,INFEASIBLE,INFEASIBLE,INFEASIBLE,INFEASIBLE,INFEASIBLE,INFEASIBLE,INFEASIBLE,INFEASIBLE,INFEASIBLE,INFEASIBLE,INFEASIBLE,INFEASIBLE,INFEASIBLE,INFEASIBLE,INFEASIBLE,INFEASIBLE,,INFEASIBLE,INFEASIBLE,INFEASIBLE,INFEASIBLE,INFEASIBLE,INFEASIBLE,INFEASIBLE,INFEASIBLE,INFEASIBLE,INFEASIBLE,INFEASIBLE,INFEASIBLE,INFEASIBLE,INFEASIBLE,INFEASIBLE,INFEASIBLE,INFEASIBLE,INFEASIBLE,INFEASIBLE,INFEASIBLE,INFEASIBLE,INFEASIBLE,INFEASIBLE,INFEASIBLE,INFEASIBLE,no_trials_in_band
gradual_bias,all_only,cusum_factor_cov_lrt,1.0,0.25,budget_only,count,0.1,0.15,0.1,80,80,0,80,1.0,0.0,1.0,0.9543103448275861,0.29137931034482756,4.6125,0.55,0.55,0.0,0.75,0.4625,0.75,0.4625,0.25,0.0,0.0,1.0,5.0,5.0,5.0,6.0,5.0,6.0,2.0,6.0,5.0,6.0,2.0,2.0,3.496551724137931,0.9543103448275861,0.29137931034482756,NA,0.32033419404596924,0.9543103448275861,0.29137931034482756,0.0,0.0,0.0,0.0,0.0,OK,
gradual_bias,all_only,cusum_factor_cov_lrt,1.0,0.5,budget_only,count,0.1,0.15,0.1,80,80,0,80,1.0,0.0,1.0,0.9543103448275861,0.29137931034482756,4.6125,0.55,0.55,0.0,0.75,0.4625,0.75,0.4625,0.25,0.0,0.0,1.0,5.0,5.0,5.0,6.0,5.0,6.0,2.0,6.0,5.0,6.0,2.0,2.0,3.496551724137931,0.9543103448275861,0.29137931034482756,NA,0.32033419404596924,0.9543103448275861,0.29137931034482756,0.0,0.0,0.0,0.0,0.0,OK,
gradual_bias,all_only,cusum_factor_cov_lrt,1.0,0.75,budget_only,count,0.1,0.15,0.1,80,80,0,80,1.0,0.0,1.0,0.9543103448275861,0.29137931034482756,4.6125,0.55,0.55,0.0,0.75,0.4625,0.75,0.4625,0.25,0.0,0.0,1.0,5.0,5.0,5.0,6.0,5.0,6.0,2.0,6.0,5.0,6.0,2.0,2.0,3.496551724137931,0.9543103448275861,0.29137931034482756,NA,0.32033419404596924,0.9543103448275861,0.29137931034482756,0.0,0.0,0.0,0.0,0.0,OK,
gradual_bias,all_only,cusum_factor_cov_lrt,1.0,1.0,budget_only,count,0.1,0.15,0.1,80,80,0,80,1.0,0.0,1.0,0.9543103448275861,0.29137931034482756,4.6125,0.55,0.55,0.0,0.75,0.4625,0.75,0.4625,0.25,0.0,0.0,1.0,5.0,5.0,5.0,6.0,5.0,6.0,2.0,6.0,5.0,6.0,2.0,2.0,3.496551724137931,0.9543103448275861,0.29137931034482756,NA,0.32033419404596924,0.9543103448275861,0.29137931034482756,0.0,0.0,0.0,0.0,0.0,OK,
gradual_bias,all_only,ewma_factor_cov_lrt,INFEASIBLE,0.25,budget_only,count,INFEASIBLE,INFEASIBLE,INFEASIBLE,INFEASIBLE,INFEASIBLE,INFEASIBLE,INFEASIBLE,INFEASIBLE,INFEASIBLE,INFEASIBLE,INFEASIBLE,INFEASIBLE,INFEASIBLE,INFEASIBLE,INFEASIBLE,INFEASIBLE,INFEASIBLE,INFEASIBLE,INFEASIBLE,INFEASIBLE,INFEASIBLE,INFEASIBLE,INFEASIBLE,,INFEASIBLE,INFEASIBLE,INFEASIBLE,INFEASIBLE,INFEASIBLE,INFEASIBLE,INFEASIBLE,INFEASIBLE,INFEASIBLE,INFEASIBLE,INFEASIBLE,INFEASIBLE,INFEASIBLE,INFEASIBLE,INFEASIBLE,INFEASIBLE,INFEASIBLE,INFEASIBLE,INFEASIBLE,INFEASIBLE,INFEASIBLE,INFEASIBLE,INFEASIBLE,INFEASIBLE,INFEASIBLE,no_trials_in_band
gradual_bias,all_only,ewma_factor_cov_lrt,INFEASIBLE,0.5,budget_only,count,INFEASIBLE,INFEASIBLE,INFEASIBLE,INFEASIBLE,INFEASIBLE,INFEASIBLE,INFEASIBLE,INFEASIBLE,INFEASIBLE,INFEASIBLE,INFEASIBLE,INFEASIBLE,INFEASIBLE,INFEASIBLE,INFEASIBLE,INFEASIBLE,INFEASIBLE,INFEASIBLE,INFEASIBLE,INFEASIBLE,INFEASIBLE,INFEASIBLE,INFEASIBLE,,INFEASIBLE,INFEASIBLE,INFEASIBLE,INFEASIBLE,INFEASIBLE,INFEASIBLE,INFEASIBLE,INFEASIBLE,INFEASIBLE,INFEASIBLE,INFEASIBLE,INFEASIBLE,INFEASIBLE,INFEASIBLE,INFEASIBLE,INFEASIBLE,INFEASIBLE,INFEASIBLE,INFEASIBLE,INFEASIBLE,INFEASIBLE,INFEASIBLE,INFEASIBLE,INFEASIBLE,INFEASIBLE,no_trials_in_band
gradual_bias,all_only,ewma_factor_cov_lrt,INFEASIBLE,0.75,budget_only,count,INFEASIBLE,INFEASIBLE,INFEASIBLE,INFEASIBLE,INFEASIBLE,INFEASIBLE,INFEASIBLE,INFEASIBLE,INFEASIBLE,INFEASIBLE,INFEASIBLE,INFEASIBLE,INFEASIBLE,INFEASIBLE,INFEASIBLE,INFEASIBLE,INFEASIBLE,INFEASIBLE,INFEASIBLE,INFEASIBLE,INFEASIBLE,INFEASIBLE,INFEASIBLE,,INFEASIBLE,INFEASIBLE,INFEASIBLE,INFEASIBLE,INFEASIBLE,INFEASIBLE,INFEASIBLE,INFEASIBLE,INFEASIBLE,INFEASIBLE,INFEASIBLE,INFEASIBLE,INFEASIBLE,INFEASIBLE,INFEASIBLE,INFEASIBLE,INFEASIBLE,INFEASIBLE,INFEASIBLE,INFEASIBLE,INFEASIBLE,INFEASIBLE,INFEASIBLE,INFEASIBLE,INFEASIBLE,no_trials_in_band
gradual_bias,all_only,ewma_factor_cov_lrt,INFEASIBLE,1.0,budget_only,count,INFEASIBLE,INFEASIBLE,INFEASIBLE,INFEASIBLE,INFEASIBLE,INFEASIBLE,INFEASIBLE,INFEASIBLE,INFEASIBLE,INFEASIBLE,INFEASIBLE,INFEASIBLE,INFEASIBLE,INFEASIBLE,INFEASIBLE,INFEASIBLE,INFEASIBLE,INFEASIBLE,INFEASIBLE,INFEASIBLE,INFEASIBLE,INFEASIBLE,INFEASIBLE,,INFEASIBLE,INFEASIBLE,INFEASIBLE,INFEASIBLE,INFEASIBLE,INFEASIBLE,INFEASIBLE,INFEASIBLE,INFEASIBLE,INFEASIBLE,INFEASIBLE,INFEASIBLE,INFEASIBLE,INFEASIBLE,INFEASIBLE,INFEASIBLE,INFEASIBLE,INFEASIBLE,INFEASIBLE,INFEASIBLE,INFEASIBLE,INFEASIBLE,INFEASIBLE,INFEASIBLE,INFEASIBLE,no_trials_in_band
gradual_bias,all_only,factor_cov_change,INFEASIBLE,0.25,budget_only,count,INFEASIBLE,INFEASIBLE,INFEASIBLE,INFEASIBLE,INFEASIBLE,INFEASIBLE,INFEASIBLE,INFEASIBLE,INFEASIBLE,INFEASIBLE,INFEASIBLE,INFEASIBLE,INFEASIBLE,INFEASIBLE,INFEASIBLE,INFEASIBLE,INFEASIBLE,INFEASIBLE,INFEASIBLE,INFEASIBLE,INFEASIBLE,INFEASIBLE,INFEASIBLE,,INFEASIBLE,INFEASIBLE,INFEASIBLE,INFEASIBLE,INFEASIBLE,INFEASIBLE,INFEASIBLE,INFEASIBLE,INFEASIBLE,INFEASIBLE,INFEASIBLE,INFEASIBLE,INFEASIBLE,INFEASIBLE,INFEASIBLE,INFEASIBLE,INFEASIBLE,INFEASIBLE,INFEASIBLE,INFEASIBLE,INFEASIBLE,INFEASIBLE,INFEASIBLE,INFEASIBLE,INFEASIBLE,no_trials_in_band
gradual_bias,all_only,factor_cov_change,INFEASIBLE,0.5,budget_only,count,INFEASIBLE,INFEASIBLE,INFEASIBLE,INFEASIBLE,INFEASIBLE,INFEASIBLE,INFEASIBLE,INFEASIBLE,INFEASIBLE,INFEASIBLE,INFEASIBLE,INFEASIBLE,INFEASIBLE,INFEASIBLE,INFEASIBLE,INFEASIBLE,INFEASIBLE,INFEASIBLE,INFEASIBLE,INFEASIBLE,INFEASIBLE,INFEASIBLE,INFEASIBLE,,INFEASIBLE,INFEASIBLE,INFEASIBLE,INFEASIBLE,INFEASIBLE,INFEASIBLE,INFEASIBLE,INFEASIBLE,INFEASIBLE,INFEASIBLE,INFEASIBLE,INFEASIBLE,INFEASIBLE,INFEASIBLE,INFEASIBLE,INFEASIBLE,INFEASIBLE,INFEASIBLE,INFEASIBLE,INFEASIBLE,INFEASIBLE,INFEASIBLE,INFEASIBLE,INFEASIBLE,INFEASIBLE,no_trials_in_band
gradual_bias,all_only,factor_cov_change,INFEASIBLE,0.75,budget_only,count,INFEASIBLE,INFEASIBLE,INFEASIBLE,INFEASIBLE,INFEASIBLE,INFEASIBLE,INFEASIBLE,INFEASIBLE,INFEASIBLE,INFEASIBLE,INFEASIBLE,INFEASIBLE,INFEASIBLE,INFEASIBLE,INFEASIBLE,INFEASIBLE,INFEASIBLE,INFEASIBLE,INFEASIBLE,INFEASIBLE,INFEASIBLE,INFEASIBLE,INFEASIBLE,,INFEASIBLE,INFEASIBLE,INFEASIBLE,INFEASIBLE,INFEASIBLE,INFEASIBLE,INFEASIBLE,INFEASIBLE,INFEASIBLE,INFEASIBLE,INFEASIBLE,INFEASIBLE,INFEASIBLE,INFEASIBLE,INFEASIBLE,INFEASIBLE,INFEASIBLE,INFEASIBLE,INFEASIBLE,INFEASIBLE,INFEASIBLE,INFEASIBLE,INFEASIBLE,INFEASIBLE,INFEASIBLE,no_trials_in_band
gradual_bias,all_only,factor_cov_change,INFEASIBLE,1.0,budget_only,count,INFEASIBLE,INFEASIBLE,INFEASIBLE,INFEASIBLE,INFEASIBLE,INFEASIBLE,INFEASIBLE,INFEASIBLE,INFEASIBLE,INFEASIBLE,INFEASIBLE,INFEASIBLE,INFEASIBLE,INFEASIBLE,INFEASIBLE,INFEASIBLE,INFEASIBLE,INFEASIBLE,INFEASIBLE,INFEASIBLE,INFEASIBLE,INFEASIBLE,INFEASIBLE,,INFEASIBLE,INFEASIBLE,INFEASIBLE,INFEASIBLE,INFEASIBLE,INFEASIBLE,INFEASIBLE,INFEASIBLE,INFEASIBLE,INFEASIBLE,INFEASIBLE,INFEASIBLE,INFEASIBLE,INFEASIBLE,INFEASIBLE,INFEASIBLE,INFEASIBLE,INFEASIBLE,INFEASIBLE,INFEASIBLE,INFEASIBLE,INFEASIBLE,INFEASIBLE,INFEASIBLE,INFEASIBLE,no_trials_in_band
gradual_bias,all_only,factor_cov_delta,INFEASIBLE,0.25,budget_only,count,INFEASIBLE,INFEASIBLE,INFEASIBLE,INFEASIBLE,INFEASIBLE,INFEASIBLE,INFEASIBLE,INFEASIBLE,INFEASIBLE,INFEASIBLE,INFEASIBLE,INFEASIBLE,INFEASIBLE,INFEASIBLE,INFEASIBLE,INFEASIBLE,INFEASIBLE,INFEASIBLE,INFEASIBLE,INFEASIBLE,INFEASIBLE,INFEASIBLE,INFEASIBLE,,INFEASIBLE,INFEASIBLE,INFEASIBLE,INFEASIBLE,INFEASIBLE,INFEASIBLE,INFEASIBLE,INFEASIBLE,INFEASIBLE,INFEASIBLE,INFEASIBLE,INFEASIBLE,INFEASIBLE,INFEASIBLE,INFEASIBLE,INFEASIBLE,INFEASIBLE,INFEASIBLE,INFEASIBLE,INFEASIBLE,INFEASIBLE,INFEASIBLE,INFEASIBLE,INFEASIBLE,INFEASIBLE,no_trials_in_band
gradual_bias,all_only,factor_cov_delta,INFEASIBLE,0.5,budget_only,count,INFEASIBLE,INFEASIBLE,INFEASIBLE,INFEASIBLE,INFEASIBLE,INFEASIBLE,INFEASIBLE,INFEASIBLE,INFEASIBLE,INFEASIBLE,INFEASIBLE,INFEASIBLE,INFEASIBLE,INFEASIBLE,INFEASIBLE,INFEASIBLE,INFEASIBLE,INFEASIBLE,INFEASIBLE,INFEASIBLE,INFEASIBLE,INFEASIBLE,INFEASIBLE,,INFEASIBLE,INFEASIBLE,INFEASIBLE,INFEASIBLE,INFEASIBLE,INFEASIBLE,INFEASIBLE,INFEASIBLE,INFEASIBLE,INFEASIBLE,INFEASIBLE,INFEASIBLE,INFEASIBLE,INFEASIBLE,INFEASIBLE,INFEASIBLE,INFEASIBLE,INFEASIBLE,INFEASIBLE,INFEASIBLE,INFEASIBLE,INFEASIBLE,INFEASIBLE,INFEASIBLE,INFEASIBLE,no_trials_in_band
gradual_bias,all_only,factor_cov_delta,INFEASIBLE,0.75,budget_only,count,INFEASIBLE,INFEASIBLE,INFEASIBLE,INFEASIBLE,INFEASIBLE,INFEASIBLE,INFEASIBLE,INFEASIBLE,INFEASIBLE,INFEASIBLE,INFEASIBLE,INFEASIBLE,INFEASIBLE,INFEASIBLE,INFEASIBLE,INFEASIBLE,INFEASIBLE,INFEASIBLE,INFEASIBLE,INFEASIBLE,INFEASIBLE,INFEASIBLE,INFEASIBLE,,INFEASIBLE,INFEASIBLE,INFEASIBLE,INFEASIBLE,INFEASIBLE,INFEASIBLE,INFEASIBLE,INFEASIBLE,INFEASIBLE,INFEASIBLE,INFEASIBLE,INFEASIBLE,INFEASIBLE,INFEASIBLE,INFEASIBLE,INFEASIBLE,INFEASIBLE,INFEASIBLE,INFEASIBLE,INFEASIBLE,INFEASIBLE,INFEASIBLE,INFEASIBLE,INFEASIBLE,INFEASIBLE,no_trials_in_band
gradual_bias,all_only,factor_cov_delta,INFEASIBLE,1.0,budget_only,count,INFEASIBLE,INFEASIBLE,INFEASIBLE,INFEASIBLE,INFEASIBLE,INFEASIBLE,INFEASIBLE,INFEASIBLE,INFEASIBLE,INFEASIBLE,INFEASIBLE,INFEASIBLE,INFEASIBLE,INFEASIBLE,INFEASIBLE,INFEASIBLE,INFEASIBLE,INFEASIBLE,INFEASIBLE,INFEASIBLE,INFEASIBLE,INFEASIBLE,INFEASIBLE,,INFEASIBLE,INFEASIBLE,INFEASIBLE,INFEASIBLE,INFEASIBLE,INFEASIBLE,INFEASIBLE,INFEASIBLE,INFEASIBLE,INFEASIBLE,INFEASIBLE,INFEASIBLE,INFEASIBLE,INFEASIBLE,INFEASIBLE,INFEASIBLE,INFEASIBLE,INFEASIBLE,INFEASIBLE,INFEASIBLE,INFEASIBLE,INFEASIBLE,INFEASIBLE,INFEASIBLE,INFEASIBLE,no_trials_in_band
gradual_bias,all_only,factor_cov_lrt,INFEASIBLE,0.25,budget_only,count,INFEASIBLE,INFEASIBLE,INFEASIBLE,INFEASIBLE,INFEASIBLE,INFEASIBLE,INFEASIBLE,INFEASIBLE,INFEASIBLE,INFEASIBLE,INFEASIBLE,INFEASIBLE,INFEASIBLE,INFEASIBLE,INFEASIBLE,INFEASIBLE,INFEASIBLE,INFEASIBLE,INFEASIBLE,INFEASIBLE,INFEASIBLE,INFEASIBLE,INFEASIBLE,,INFEASIBLE,INFEASIBLE,INFEASIBLE,INFEASIBLE,INFEASIBLE,INFEASIBLE,INFEASIBLE,INFEASIBLE,INFEASIBLE,INFEASIBLE,INFEASIBLE,INFEASIBLE,INFEASIBLE,INFEASIBLE,INFEASIBLE,INFEASIBLE,INFEASIBLE,INFEASIBLE,INFEASIBLE,INFEASIBLE,INFEASIBLE,INFEASIBLE,INFEASIBLE,INFEASIBLE,INFEASIBLE,no_trials_in_band
gradual_bias,all_only,factor_cov_lrt,INFEASIBLE,0.5,budget_only,count,INFEASIBLE,INFEASIBLE,INFEASIBLE,INFEASIBLE,INFEASIBLE,INFEASIBLE,INFEASIBLE,INFEASIBLE,INFEASIBLE,INFEASIBLE,INFEASIBLE,INFEASIBLE,INFEASIBLE,INFEASIBLE,INFEASIBLE,INFEASIBLE,INFEASIBLE,INFEASIBLE,INFEASIBLE,INFEASIBLE,INFEASIBLE,INFEASIBLE,INFEASIBLE,,INFEASIBLE,INFEASIBLE,INFEASIBLE,INFEASIBLE,INFEASIBLE,INFEASIBLE,INFEASIBLE,INFEASIBLE,INFEASIBLE,INFEASIBLE,INFEASIBLE,INFEASIBLE,INFEASIBLE,INFEASIBLE,INFEASIBLE,INFEASIBLE,INFEASIBLE,INFEASIBLE,INFEASIBLE,INFEASIBLE,INFEASIBLE,INFEASIBLE,INFEASIBLE,INFEASIBLE,INFEASIBLE,no_trials_in_band
gradual_bias,all_only,factor_cov_lrt,INFEASIBLE,0.75,budget_only,count,INFEASIBLE,INFEASIBLE,INFEASIBLE,INFEASIBLE,INFEASIBLE,INFEASIBLE,INFEASIBLE,INFEASIBLE,INFEASIBLE,INFEASIBLE,INFEASIBLE,INFEASIBLE,INFEASIBLE,INFEASIBLE,INFEASIBLE,INFEASIBLE,INFEASIBLE,INFEASIBLE,INFEASIBLE,INFEASIBLE,INFEASIBLE,INFEASIBLE,INFEASIBLE,,INFEASIBLE,INFEASIBLE,INFEASIBLE,INFEASIBLE,INFEASIBLE,INFEASIBLE,INFEASIBLE,INFEASIBLE,INFEASIBLE,INFEASIBLE,INFEASIBLE,INFEASIBLE,INFEASIBLE,INFEASIBLE,INFEASIBLE,INFEASIBLE,INFEASIBLE,INFEASIBLE,INFEASIBLE,INFEASIBLE,INFEASIBLE,INFEASIBLE,INFEASIBLE,INFEASIBLE,INFEASIBLE,no_trials_in_band
gradual_bias,all_only,factor_cov_lrt,INFEASIBLE,1.0,budget_only,count,INFEASIBLE,INFEASIBLE,INFEASIBLE,INFEASIBLE,INFEASIBLE,INFEASIBLE,INFEASIBLE,INFEASIBLE,INFEASIBLE,INFEASIBLE,INFEASIBLE,INFEASIBLE,INFEASIBLE,INFEASIBLE,INFEASIBLE,INFEASIBLE,INFEASIBLE,INFEASIBLE,INFEASIBLE,INFEASIBLE,INFEASIBLE,INFEASIBLE,INFEASIBLE,,INFEASIBLE,INFEASIBLE,INFEASIBLE,INFEASIBLE,INFEASIBLE,INFEASIBLE,INFEASIBLE,INFEASIBLE,INFEASIBLE,INFEASIBLE,INFEASIBLE,INFEASIBLE,INFEASIBLE,INFEASIBLE,INFEASIBLE,INFEASIBLE,INFEASIBLE,INFEASIBLE,INFEASIBLE,INFEASIBLE,INFEASIBLE,INFEASIBLE,INFEASIBLE,INFEASIBLE,INFEASIBLE,no_trials_in_band
gradual_bias,all_only,factor_cov_lrt_delta,1.0,0.25,budget_only,count,0.1,0.15,0.1,80,56,56,56,0.7,0.7,0.7,0.8275862068965517,0.13546798029556653,4.0,0.017857142857142856,0.017857142857142856,0.0,0.14285714285714285,0.125,0.14285714285714285,0.125,0.125,0.125,0.125,1.0,6.0,6.0,6.0,6.0,6.0,6.0,6.0,6.0,6.0,6.0,5.0,5.0,1.6256157635467983,0.8275862068965517,0.13546798029556653,0.04683242159228795,-0.027752120736517484,0.8275862068965517,0.13546798029556653,0.0,0.0,0.0,0.0,0.0,OK,
gradual_bias,all_only,factor_cov_lrt_delta,1.0,0.5,budget_only,count,0.1,0.15,0.1,80,56,56,56,0.7,0.7,0.7,0.8275862068965517,0.13546798029556653,4.0,0.017857142857142856,0.017857142857142856,0.0,0.14285714285714285,0.125,0.14285714285714285,0.125,0.125,0.125,0.125,1.0,6.0,6.0,6.0,6.0,6.0,6.0,6.0,6.0,6.0,6.0,5.0,5.0,1.6256157635467983,0.8275862068965517,0.13546798029556653,0.04683242159228795,-0.027752120736517484,0.8275862068965517,0.13546798029556653,0.0,0.0,0.0,0.0,0.0,OK,
gradual_bias,all_only,factor_cov_lrt_delta,1.0,0.75,budget_only,count,0.1,0.15,0.1,80,56,56,56,0.7,0.7,0.7,0.8275862068965517,0.13546798029556653,4.0,0.017857142857142856,0.017857142857142856,0.0,0.14285714285714285,0.125,0.14285714285714285,0.125,0.125,0.125,0.125,1.0,6.0,6.0,6.0,6.0,6.0,6.0,6.0,6.0,6.0,6.0,5.0,5.0,1.6256157635467983,0.8275862068965517,0.13546798029556653,0.04683242159228795,-0.027752120736517484,0.8275862068965517,0.13546798029556653,0.0,0.0,0.0,0.0,0.0,OK,
gradual_bias,all_only,factor_cov_lrt_delta,1.0,1.0,budget_only,count,0.1,0.15,0.1,80,56,56,56,0.7,0.7,0.7,0.8275862068965517,0.13546798029556653,4.0,0.017857142857142856,0.017857142857142856,0.0,0.14285714285714285,0.125,0.14285714285714285,0.125,0.125,0.125,0.125,1.0,6.0,6.0,6.0,6.0,6.0,6.0,6.0,6.0,6.0,6.0,5.0,5.0,1.6256157635467983,0.8275862068965517,0.13546798029556653,0.04683242159228795,-0.027752120736517484,0.8275862068965517,0.13546798029556653,0.0,0.0,0.0,0.0,0.0,OK,
gradual_bias,all_only,fused_fisher,INFEASIBLE,0.25,budget_only,count,INFEASIBLE,INFEASIBLE,INFEASIBLE,INFEASIBLE,INFEASIBLE,INFEASIBLE,INFEASIBLE,INFEASIBLE,INFEASIBLE,INFEASIBLE,INFEASIBLE,INFEASIBLE,INFEASIBLE,INFEASIBLE,INFEASIBLE,INFEASIBLE,INFEASIBLE,INFEASIBLE,INFEASIBLE,INFEASIBLE,INFEASIBLE,INFEASIBLE,INFEASIBLE,,INFEASIBLE,INFEASIBLE,INFEASIBLE,INFEASIBLE,INFEASIBLE,INFEASIBLE,INFEASIBLE,INFEASIBLE,INFEASIBLE,INFEASIBLE,INFEASIBLE,INFEASIBLE,INFEASIBLE,INFEASIBLE,INFEASIBLE,INFEASIBLE,INFEASIBLE,INFEASIBLE,INFEASIBLE,INFEASIBLE,INFEASIBLE,INFEASIBLE,INFEASIBLE,INFEASIBLE,INFEASIBLE,no_trials_in_band
gradual_bias,all_only,fused_fisher,INFEASIBLE,0.5,budget_only,count,INFEASIBLE,INFEASIBLE,INFEASIBLE,INFEASIBLE,INFEASIBLE,INFEASIBLE,INFEASIBLE,INFEASIBLE,INFEASIBLE,INFEASIBLE,INFEASIBLE,INFEASIBLE,INFEASIBLE,INFEASIBLE,INFEASIBLE,INFEASIBLE,INFEASIBLE,INFEASIBLE,INFEASIBLE,INFEASIBLE,INFEASIBLE,INFEASIBLE,INFEASIBLE,,INFEASIBLE,INFEASIBLE,INFEASIBLE,INFEASIBLE,INFEASIBLE,INFEASIBLE,INFEASIBLE,INFEASIBLE,INFEASIBLE,INFEASIBLE,INFEASIBLE,INFEASIBLE,INFEASIBLE,INFEASIBLE,INFEASIBLE,INFEASIBLE,INFEASIBLE,INFEASIBLE,INFEASIBLE,INFEASIBLE,INFEASIBLE,INFEASIBLE,INFEASIBLE,INFEASIBLE,INFEASIBLE,no_trials_in_band
gradual_bias,all_only,fused_fisher,INFEASIBLE,0.75,budget_only,count,INFEASIBLE,INFEASIBLE,INFEASIBLE,INFEASIBLE,INFEASIBLE,INFEASIBLE,INFEASIBLE,INFEASIBLE,INFEASIBLE,INFEASIBLE,INFEASIBLE,INFEASIBLE,INFEASIBLE,INFEASIBLE,INFEASIBLE,INFEASIBLE,INFEASIBLE,INFEASIBLE,INFEASIBLE,INFEASIBLE,INFEASIBLE,INFEASIBLE,INFEASIBLE,,INFEASIBLE,INFEASIBLE,INFEASIBLE,INFEASIBLE,INFEASIBLE,INFEASIBLE,INFEASIBLE,INFEASIBLE,INFEASIBLE,INFEASIBLE,INFEASIBLE,INFEASIBLE,INFEASIBLE,INFEASIBLE,INFEASIBLE,INFEASIBLE,INFEASIBLE,INFEASIBLE,INFEASIBLE,INFEASIBLE,INFEASIBLE,INFEASIBLE,INFEASIBLE,INFEASIBLE,INFEASIBLE,no_trials_in_band
gradual_bias,all_only,fused_fisher,INFEASIBLE,1.0,budget_only,count,INFEASIBLE,INFEASIBLE,INFEASIBLE,INFEASIBLE,INFEASIBLE,INFEASIBLE,INFEASIBLE,INFEASIBLE,INFEASIBLE,INFEASIBLE,INFEASIBLE,INFEASIBLE,INFEASIBLE,INFEASIBLE,INFEASIBLE,INFEASIBLE,INFEASIBLE,INFEASIBLE,INFEASIBLE,INFEASIBLE,INFEASIBLE,INFEASIBLE,INFEASIBLE,,INFEASIBLE,INFEASIBLE,INFEASIBLE,INFEASIBLE,INFEASIBLE,INFEASIBLE,INFEASIBLE,INFEASIBLE,INFEASIBLE,INFEASIBLE,INFEASIBLE,INFEASIBLE,INFEASIBLE,INFEASIBLE,INFEASIBLE,INFEASIBLE,INFEASIBLE,INFEASIBLE,INFEASIBLE,INFEASIBLE,INFEASIBLE,INFEASIBLE,INFEASIBLE,INFEASIBLE,INFEASIBLE,no_trials_in_band
gradual_bias,all_only,fused_fisher_lrt_delta,INFEASIBLE,0.25,budget_only,count,INFEASIBLE,INFEASIBLE,INFEASIBLE,INFEASIBLE,INFEASIBLE,INFEASIBLE,INFEASIBLE,INFEASIBLE,INFEASIBLE,INFEASIBLE,INFEASIBLE,INFEASIBLE,INFEASIBLE,INFEASIBLE,INFEASIBLE,INFEASIBLE,INFEASIBLE,INFEASIBLE,INFEASIBLE,INFEASIBLE,INFEASIBLE,INFEASIBLE,INFEASIBLE,,INFEASIBLE,INFEASIBLE,INFEASIBLE,INFEASIBLE,INFEASIBLE,INFEASIBLE,INFEASIBLE,INFEASIBLE,INFEASIBLE,INFEASIBLE,INFEASIBLE,INFEASIBLE,INFEASIBLE,INFEASIBLE,INFEASIBLE,INFEASIBLE,INFEASIBLE,INFEASIBLE,INFEASIBLE,INFEASIBLE,INFEASIBLE,INFEASIBLE,INFEASIBLE,INFEASIBLE,INFEASIBLE,no_trials_in_band
gradual_bias,all_only,fused_fisher_lrt_delta,INFEASIBLE,0.5,budget_only,count,INFEASIBLE,INFEASIBLE,INFEASIBLE,INFEASIBLE,INFEASIBLE,INFEASIBLE,INFEASIBLE,INFEASIBLE,INFEASIBLE,INFEASIBLE,INFEASIBLE,INFEASIBLE,INFEASIBLE,INFEASIBLE,INFEASIBLE,INFEASIBLE,INFEASIBLE,INFEASIBLE,INFEASIBLE,INFEASIBLE,INFEASIBLE,INFEASIBLE,INFEASIBLE,,INFEASIBLE,INFEASIBLE,INFEASIBLE,INFEASIBLE,INFEASIBLE,INFEASIBLE,INFEASIBLE,INFEASIBLE,INFEASIBLE,INFEASIBLE,INFEASIBLE,INFEASIBLE,INFEASIBLE,INFEASIBLE,INFEASIBLE,INFEASIBLE,INFEASIBLE,INFEASIBLE,INFEASIBLE,INFEASIBLE,INFEASIBLE,INFEASIBLE,INFEASIBLE,INFEASIBLE,INFEASIBLE,no_trials_in_band
gradual_bias,all_only,fused_fisher_lrt_delta,INFEASIBLE,0.75,budget_only,count,INFEASIBLE,INFEASIBLE,INFEASIBLE,INFEASIBLE,INFEASIBLE,INFEASIBLE,INFEASIBLE,INFEASIBLE,INFEASIBLE,INFEASIBLE,INFEASIBLE,INFEASIBLE,INFEASIBLE,INFEASIBLE,INFEASIBLE,INFEASIBLE,INFEASIBLE,INFEASIBLE,INFEASIBLE,INFEASIBLE,INFEASIBLE,INFEASIBLE,INFEASIBLE,,INFEASIBLE,INFEASIBLE,INFEASIBLE,INFEASIBLE,INFEASIBLE,INFEASIBLE,INFEASIBLE,INFEASIBLE,INFEASIBLE,INFEASIBLE,INFEASIBLE,INFEASIBLE,INFEASIBLE,INFEASIBLE,INFEASIBLE,INFEASIBLE,INFEASIBLE,INFEASIBLE,INFEASIBLE,INFEASIBLE,INFEASIBLE,INFEASIBLE,INFEASIBLE,INFEASIBLE,INFEASIBLE,no_trials_in_band
gradual_bias,all_only,fused_fisher_lrt_delta,INFEASIBLE,1.0,budget_only,count,INFEASIBLE,INFEASIBLE,INFEASIBLE,INFEASIBLE,INFEASIBLE,INFEASIBLE,INFEASIBLE,INFEASIBLE,INFEASIBLE,INFEASIBLE,INFEASIBLE,INFEASIBLE,INFEASIBLE,INFEASIBLE,INFEASIBLE,INFEASIBLE,INFEASIBLE,INFEASIBLE,INFEASIBLE,INFEASIBLE,INFEASIBLE,INFEASIBLE,INFEASIBLE,,INFEASIBLE,INFEASIBLE,INFEASIBLE,INFEASIBLE,INFEASIBLE,INFEASIBLE,INFEASIBLE,INFEASIBLE,INFEASIBLE,INFEASIBLE,INFEASIBLE,INFEASIBLE,INFEASIBLE,INFEASIBLE,INFEASIBLE,INFEASIBLE,INFEASIBLE,INFEASIBLE,INFEASIBLE,INFEASIBLE,INFEASIBLE,INFEASIBLE,INFEASIBLE,INFEASIBLE,INFEASIBLE,no_trials_in_band
gradual_bias,all_only,fused_sp,INFEASIBLE,0.25,budget_only,count,INFEASIBLE,INFEASIBLE,INFEASIBLE,INFEASIBLE,INFEASIBLE,INFEASIBLE,INFEASIBLE,INFEASIBLE,INFEASIBLE,INFEASIBLE,INFEASIBLE,INFEASIBLE,INFEASIBLE,INFEASIBLE,INFEASIBLE,INFEASIBLE,INFEASIBLE,INFEASIBLE,INFEASIBLE,INFEASIBLE,INFEASIBLE,INFEASIBLE,INFEASIBLE,,INFEASIBLE,INFEASIBLE,INFEASIBLE,INFEASIBLE,INFEASIBLE,INFEASIBLE,INFEASIBLE,INFEASIBLE,INFEASIBLE,INFEASIBLE,INFEASIBLE,INFEASIBLE,INFEASIBLE,INFEASIBLE,INFEASIBLE,INFEASIBLE,INFEASIBLE,INFEASIBLE,INFEASIBLE,INFEASIBLE,INFEASIBLE,INFEASIBLE,INFEASIBLE,INFEASIBLE,INFEASIBLE,no_trials_in_band
gradual_bias,all_only,fused_sp,INFEASIBLE,0.5,budget_only,count,INFEASIBLE,INFEASIBLE,INFEASIBLE,INFEASIBLE,INFEASIBLE,INFEASIBLE,INFEASIBLE,INFEASIBLE,INFEASIBLE,INFEASIBLE,INFEASIBLE,INFEASIBLE,INFEASIBLE,INFEASIBLE,INFEASIBLE,INFEASIBLE,INFEASIBLE,INFEASIBLE,INFEASIBLE,INFEASIBLE,INFEASIBLE,INFEASIBLE,INFEASIBLE,,INFEASIBLE,INFEASIBLE,INFEASIBLE,INFEASIBLE,INFEASIBLE,INFEASIBLE,INFEASIBLE,INFEASIBLE,INFEASIBLE,INFEASIBLE,INFEASIBLE,INFEASIBLE,INFEASIBLE,INFEASIBLE,INFEASIBLE,INFEASIBLE,INFEASIBLE,INFEASIBLE,INFEASIBLE,INFEASIBLE,INFEASIBLE,INFEASIBLE,INFEASIBLE,INFEASIBLE,INFEASIBLE,no_trials_in_band
gradual_bias,all_only,fused_sp,INFEASIBLE,0.75,budget_only,count,INFEASIBLE,INFEASIBLE,INFEASIBLE,INFEASIBLE,INFEASIBLE,INFEASIBLE,INFEASIBLE,INFEASIBLE,INFEASIBLE,INFEASIBLE,INFEASIBLE,INFEASIBLE,INFEASIBLE,INFEASIBLE,INFEASIBLE,INFEASIBLE,INFEASIBLE,INFEASIBLE,INFEASIBLE,INFEASIBLE,INFEASIBLE,INFEASIBLE,INFEASIBLE,,INFEASIBLE,INFEASIBLE,INFEASIBLE,INFEASIBLE,INFEASIBLE,INFEASIBLE,INFEASIBLE,INFEASIBLE,INFEASIBLE,INFEASIBLE,INFEASIBLE,INFEASIBLE,INFEASIBLE,INFEASIBLE,INFEASIBLE,INFEASIBLE,INFEASIBLE,INFEASIBLE,INFEASIBLE,INFEASIBLE,INFEASIBLE,INFEASIBLE,INFEASIBLE,INFEASIBLE,INFEASIBLE,no_trials_in_band
gradual_bias,all_only,fused_sp,INFEASIBLE,1.0,budget_only,count,INFEASIBLE,INFEASIBLE,INFEASIBLE,INFEASIBLE,INFEASIBLE,INFEASIBLE,INFEASIBLE,INFEASIBLE,INFEASIBLE,INFEASIBLE,INFEASIBLE,INFEASIBLE,INFEASIBLE,INFEASIBLE,INFEASIBLE,INFEASIBLE,INFEASIBLE,INFEASIBLE,INFEASIBLE,INFEASIBLE,INFEASIBLE,INFEASIBLE,INFEASIBLE,,INFEASIBLE,INFEASIBLE,INFEASIBLE,INFEASIBLE,INFEASIBLE,INFEASIBLE,INFEASIBLE,INFEASIBLE,INFEASIBLE,INFEASIBLE,INFEASIBLE,INFEASIBLE,INFEASIBLE,INFEASIBLE,INFEASIBLE,INFEASIBLE,INFEASIBLE,INFEASIBLE,INFEASIBLE,INFEASIBLE,INFEASIBLE,INFEASIBLE,INFEASIBLE,INFEASIBLE,INFEASIBLE,no_trials_in_band
gradual_bias,all_only,fused_sp_lrt_delta,INFEASIBLE,0.25,budget_only,count,INFEASIBLE,INFEASIBLE,INFEASIBLE,INFEASIBLE,INFEASIBLE,INFEASIBLE,INFEASIBLE,INFEASIBLE,INFEASIBLE,INFEASIBLE,INFEASIBLE,INFEASIBLE,INFEASIBLE,INFEASIBLE,INFEASIBLE,INFEASIBLE,INFEASIBLE,INFEASIBLE,INFEASIBLE,INFEASIBLE,INFEASIBLE,INFEASIBLE,INFEASIBLE,,INFEASIBLE,INFEASIBLE,INFEASIBLE,INFEASIBLE,INFEASIBLE,INFEASIBLE,INFEASIBLE,INFEASIBLE,INFEASIBLE,INFEASIBLE,INFEASIBLE,INFEASIBLE,INFEASIBLE,INFEASIBLE,INFEASIBLE,INFEASIBLE,INFEASIBLE,INFEASIBLE,INFEASIBLE,INFEASIBLE,INFEASIBLE,INFEASIBLE,INFEASIBLE,INFEASIBLE,INFEASIBLE,no_trials_in_band
gradual_bias,all_only,fused_sp_lrt_delta,INFEASIBLE,0.5,budget_only,count,INFEASIBLE,INFEASIBLE,INFEASIBLE,INFEASIBLE,INFEASIBLE,INFEASIBLE,INFEASIBLE,INFEASIBLE,INFEASIBLE,INFEASIBLE,INFEASIBLE,INFEASIBLE,INFEASIBLE,INFEASIBLE,INFEASIBLE,INFEASIBLE,INFEASIBLE,INFEASIBLE,INFEASIBLE,INFEASIBLE,INFEASIBLE,INFEASIBLE,INFEASIBLE,,INFEASIBLE,INFEASIBLE,INFEASIBLE,INFEASIBLE,INFEASIBLE,INFEASIBLE,INFEASIBLE,INFEASIBLE,INFEASIBLE,INFEASIBLE,INFEASIBLE,INFEASIBLE,INFEASIBLE,INFEASIBLE,INFEASIBLE,INFEASIBLE,INFEASIBLE,INFEASIBLE,INFEASIBLE,INFEASIBLE,INFEASIBLE,INFEASIBLE,INFEASIBLE,INFEASIBLE,INFEASIBLE,no_trials_in_band
gradual_bias,all_only,fused_sp_lrt_delta,INFEASIBLE,0.75,budget_only,count,INFEASIBLE,INFEASIBLE,INFEASIBLE,INFEASIBLE,INFEASIBLE,INFEASIBLE,INFEASIBLE,INFEASIBLE,INFEASIBLE,INFEASIBLE,INFEASIBLE,INFEASIBLE,INFEASIBLE,INFEASIBLE,INFEASIBLE,INFEASIBLE,INFEASIBLE,INFEASIBLE,INFEASIBLE,INFEASIBLE,INFEASIBLE,INFEASIBLE,INFEASIBLE,,INFEASIBLE,INFEASIBLE,INFEASIBLE,INFEASIBLE,INFEASIBLE,INFEASIBLE,INFEASIBLE,INFEASIBLE,INFEASIBLE,INFEASIBLE,INFEASIBLE,INFEASIBLE,INFEASIBLE,INFEASIBLE,INFEASIBLE,INFEASIBLE,INFEASIBLE,INFEASIBLE,INFEASIBLE,INFEASIBLE,INFEASIBLE,INFEASIBLE,INFEASIBLE,INFEASIBLE,INFEASIBLE,no_trials_in_band
gradual_bias,all_only,fused_sp_lrt_delta,INFEASIBLE,1.0,budget_only,count,INFEASIBLE,INFEASIBLE,INFEASIBLE,INFEASIBLE,INFEASIBLE,INFEASIBLE,INFEASIBLE,INFEASIBLE,INFEASIBLE,INFEASIBLE,INFEASIBLE,INFEASIBLE,INFEASIBLE,INFEASIBLE,INFEASIBLE,INFEASIBLE,INFEASIBLE,INFEASIBLE,INFEASIBLE,INFEASIBLE,INFEASIBLE,INFEASIBLE,INFEASIBLE,,INFEASIBLE,INFEASIBLE,INFEASIBLE,INFEASIBLE,INFEASIBLE,INFEASIBLE,INFEASIBLE,INFEASIBLE,INFEASIBLE,INFEASIBLE,INFEASIBLE,INFEASIBLE,INFEASIBLE,INFEASIBLE,INFEASIBLE,INFEASIBLE,INFEASIBLE,INFEASIBLE,INFEASIBLE,INFEASIBLE,INFEASIBLE,INFEASIBLE,INFEASIBLE,INFEASIBLE,INFEASIBLE,no_trials_in_band
gradual_bias,all_only,max_abs,1.0,0.25,budget_only,count,0.1,0.15,0.1,80,80,14,80,1.0,0.175,1.0,0.9594827586206897,0.1877155172413793,4.6375,0.4375,0.4375,0.0,0.5,0.275,0.5,0.275,0.0875,0.125,0.125,1.0,6.0,6.0,6.0,6.0,6.0,6.0,5.5,6.0,6.0,6.0,2.0,2.0,2.2525862068965514,0.9594827586206897,0.1877155172413793,0.002553417563890208,0.19536458802947992,0.9594827586206897,0.1877155172413793,0.0,0.0,0.0,0.0,0.0,OK,
gradual_bias,all_only,max_abs,1.0,0.5,budget_only,count,0.1,0.15,0.1,80,80,14,80,1.0,0.175,1.0,0.9594827586206897,0.1877155172413793,4.6375,0.4375,0.4375,0.0,0.5,0.275,0.5,0.275,0.0875,0.125,0.125,1.0,6.0,6.0,6.0,6.0,6.0,6.0,5.5,6.0,6.0,6.0,2.0,2.0,2.2525862068965514,0.9594827586206897,0.1877155172413793,0.002553417563890208,0.19536458802947992,0.9594827586206897,0.1877155172413793,0.0,0.0,0.0,0.0,0.0,OK,
gradual_bias,all_only,max_abs,1.0,0.75,budget_only,count,0.1,0.15,0.1,80,80,14,80,1.0,0.175,1.0,0.9594827586206897,0.1877155172413793,4.6375,0.4375,0.4375,0.0,0.5,0.275,0.5,0.275,0.0875,0.125,0.125,1.0,6.0,6.0,6.0,6.0,6.0,6.0,5.5,6.0,6.0,6.0,2.0,2.0,2.2525862068965514,0.9594827586206897,0.1877155172413793,0.002553417563890208,0.19536458802947992,0.9594827586206897,0.1877155172413793,0.0,0.0,0.0,0.0,0.0,OK,
gradual_bias,all_only,max_abs,1.0,1.0,budget_only,count,0.1,0.15,0.1,80,80,14,80,1.0,0.175,1.0,0.9594827586206897,0.1877155172413793,4.6375,0.4375,0.4375,0.0,0.5,0.275,0.5,0.275,0.0875,0.125,0.125,1.0,6.0,6.0,6.0,6.0,6.0,6.0,5.5,6.0,6.0,6.0,2.0,2.0,2.2525862068965514,0.9594827586206897,0.1877155172413793,0.002553417563890208,0.19536458802947992,0.9594827586206897,0.1877155172413793,0.0,0.0,0.0,0.0,0.0,OK,
gradual_bias,all_only,pc_t2,INFEASIBLE,0.25,budget_only,count,INFEASIBLE,INFEASIBLE,INFEASIBLE,INFEASIBLE,INFEASIBLE,INFEASIBLE,INFEASIBLE,INFEASIBLE,INFEASIBLE,INFEASIBLE,INFEASIBLE,INFEASIBLE,INFEASIBLE,INFEASIBLE,INFEASIBLE,INFEASIBLE,INFEASIBLE,INFEASIBLE,INFEASIBLE,INFEASIBLE,INFEASIBLE,INFEASIBLE,INFEASIBLE,,INFEASIBLE,INFEASIBLE,INFEASIBLE,INFEASIBLE,INFEASIBLE,INFEASIBLE,INFEASIBLE,INFEASIBLE,INFEASIBLE,INFEASIBLE,INFEASIBLE,INFEASIBLE,INFEASIBLE,INFEASIBLE,INFEASIBLE,INFEASIBLE,INFEASIBLE,INFEASIBLE,INFEASIBLE,INFEASIBLE,INFEASIBLE,INFEASIBLE,INFEASIBLE,INFEASIBLE,INFEASIBLE,no_trials_in_band
gradual_bias,all_only,pc_t2,INFEASIBLE,0.5,budget_only,count,INFEASIBLE,INFEASIBLE,INFEASIBLE,INFEASIBLE,INFEASIBLE,INFEASIBLE,INFEASIBLE,INFEASIBLE,INFEASIBLE,INFEASIBLE,INFEASIBLE,INFEASIBLE,INFEASIBLE,INFEASIBLE,INFEASIBLE,INFEASIBLE,INFEASIBLE,INFEASIBLE,INFEASIBLE,INFEASIBLE,INFEASIBLE,INFEASIBLE,INFEASIBLE,,INFEASIBLE,INFEASIBLE,INFEASIBLE,INFEASIBLE,INFEASIBLE,INFEASIBLE,INFEASIBLE,INFEASIBLE,INFEASIBLE,INFEASIBLE,INFEASIBLE,INFEASIBLE,INFEASIBLE,INFEASIBLE,INFEASIBLE,INFEASIBLE,INFEASIBLE,INFEASIBLE,INFEASIBLE,INFEASIBLE,INFEASIBLE,INFEASIBLE,INFEASIBLE,INFEASIBLE,INFEASIBLE,no_trials_in_band
gradual_bias,all_only,pc_t2,INFEASIBLE,0.75,budget_only,count,INFEASIBLE,INFEASIBLE,INFEASIBLE,INFEASIBLE,INFEASIBLE,INFEASIBLE,INFEASIBLE,INFEASIBLE,INFEASIBLE,INFEASIBLE,INFEASIBLE,INFEASIBLE,INFEASIBLE,INFEASIBLE,INFEASIBLE,INFEASIBLE,INFEASIBLE,INFEASIBLE,INFEASIBLE,INFEASIBLE,INFEASIBLE,INFEASIBLE,INFEASIBLE,,INFEASIBLE,INFEASIBLE,INFEASIBLE,INFEASIBLE,INFEASIBLE,INFEASIBLE,INFEASIBLE,INFEASIBLE,INFEASIBLE,INFEASIBLE,INFEASIBLE,INFEASIBLE,INFEASIBLE,INFEASIBLE,INFEASIBLE,INFEASIBLE,INFEASIBLE,INFEASIBLE,INFEASIBLE,INFEASIBLE,INFEASIBLE,INFEASIBLE,INFEASIBLE,INFEASIBLE,INFEASIBLE,no_trials_in_band
gradual_bias,all_only,pc_t2,INFEASIBLE,1.0,budget_only,count,INFEASIBLE,INFEASIBLE,INFEASIBLE,INFEASIBLE,INFEASIBLE,INFEASIBLE,INFEASIBLE,INFEASIBLE,INFEASIBLE,INFEASIBLE,INFEASIBLE,INFEASIBLE,INFEASIBLE,INFEASIBLE,INFEASIBLE,INFEASIBLE,INFEASIBLE,INFEASIBLE,INFEASIBLE,INFEASIBLE,INFEASIBLE,INFEASIBLE,INFEASIBLE,,INFEASIBLE,INFEASIBLE,INFEASIBLE,INFEASIBLE,INFEASIBLE,INFEASIBLE,INFEASIBLE,INFEASIBLE,INFEASIBLE,INFEASIBLE,INFEASIBLE,INFEASIBLE,INFEASIBLE,INFEASIBLE,INFEASIBLE,INFEASIBLE,INFEASIBLE,INFEASIBLE,INFEASIBLE,INFEASIBLE,INFEASIBLE,INFEASIBLE,INFEASIBLE,INFEASIBLE,INFEASIBLE,no_trials_in_band
gradual_bias,all_only,res_energy,INFEASIBLE,0.25,budget_only,count,INFEASIBLE,INFEASIBLE,INFEASIBLE,INFEASIBLE,INFEASIBLE,INFEASIBLE,INFEASIBLE,INFEASIBLE,INFEASIBLE,INFEASIBLE,INFEASIBLE,INFEASIBLE,INFEASIBLE,INFEASIBLE,INFEASIBLE,INFEASIBLE,INFEASIBLE,INFEASIBLE,INFEASIBLE,INFEASIBLE,INFEASIBLE,INFEASIBLE,INFEASIBLE,,INFEASIBLE,INFEASIBLE,INFEASIBLE,INFEASIBLE,INFEASIBLE,INFEASIBLE,INFEASIBLE,INFEASIBLE,INFEASIBLE,INFEASIBLE,INFEASIBLE,INFEASIBLE,INFEASIBLE,INFEASIBLE,INFEASIBLE,INFEASIBLE,INFEASIBLE,INFEASIBLE,INFEASIBLE,INFEASIBLE,INFEASIBLE,INFEASIBLE,INFEASIBLE,INFEASIBLE,INFEASIBLE,no_trials_in_band
gradual_bias,all_only,res_energy,INFEASIBLE,0.5,budget_only,count,INFEASIBLE,INFEASIBLE,INFEASIBLE,INFEASIBLE,INFEASIBLE,INFEASIBLE,INFEASIBLE,INFEASIBLE,INFEASIBLE,INFEASIBLE,INFEASIBLE,INFEASIBLE,INFEASIBLE,INFEASIBLE,INFEASIBLE,INFEASIBLE,INFEASIBLE,INFEASIBLE,INFEASIBLE,INFEASIBLE,INFEASIBLE,INFEASIBLE,INFEASIBLE,,INFEASIBLE,INFEASIBLE,INFEASIBLE,INFEASIBLE,INFEASIBLE,INFEASIBLE,INFEASIBLE,INFEASIBLE,INFEASIBLE,INFEASIBLE,INFEASIBLE,INFEASIBLE,INFEASIBLE,INFEASIBLE,INFEASIBLE,INFEASIBLE,INFEASIBLE,INFEASIBLE,INFEASIBLE,INFEASIBLE,INFEASIBLE,INFEASIBLE,INFEASIBLE,INFEASIBLE,INFEASIBLE,no_trials_in_band
gradual_bias,all_only,res_energy,INFEASIBLE,0.75,budget_only,count,INFEASIBLE,INFEASIBLE,INFEASIBLE,INFEASIBLE,INFEASIBLE,INFEASIBLE,INFEASIBLE,INFEASIBLE,INFEASIBLE,INFEASIBLE,INFEASIBLE,INFEASIBLE,INFEASIBLE,INFEASIBLE,INFEASIBLE,INFEASIBLE,INFEASIBLE,INFEASIBLE,INFEASIBLE,INFEASIBLE,INFEASIBLE,INFEASIBLE,INFEASIBLE,,INFEASIBLE,INFEASIBLE,INFEASIBLE,INFEASIBLE,INFEASIBLE,INFEASIBLE,INFEASIBLE,INFEASIBLE,INFEASIBLE,INFEASIBLE,INFEASIBLE,INFEASIBLE,INFEASIBLE,INFEASIBLE,INFEASIBLE,INFEASIBLE,INFEASIBLE,INFEASIBLE,INFEASIBLE,INFEASIBLE,INFEASIBLE,INFEASIBLE,INFEASIBLE,INFEASIBLE,INFEASIBLE,no_trials_in_band
gradual_bias,all_only,res_energy,INFEASIBLE,1.0,budget_only,count,INFEASIBLE,INFEASIBLE,INFEASIBLE,INFEASIBLE,INFEASIBLE,INFEASIBLE,INFEASIBLE,INFEASIBLE,INFEASIBLE,INFEASIBLE,INFEASIBLE,INFEASIBLE,INFEASIBLE,INFEASIBLE,INFEASIBLE,INFEASIBLE,INFEASIBLE,INFEASIBLE,INFEASIBLE,INFEASIBLE,INFEASIBLE,INFEASIBLE,INFEASIBLE,,INFEASIBLE,INFEASIBLE,INFEASIBLE,INFEASIBLE,INFEASIBLE,INFEASIBLE,INFEASIBLE,INFEASIBLE,INFEASIBLE,INFEASIBLE,INFEASIBLE,INFEASIBLE,INFEASIBLE,INFEASIBLE,INFEASIBLE,INFEASIBLE,INFEASIBLE,INFEASIBLE,INFEASIBLE,INFEASIBLE,INFEASIBLE,INFEASIBLE,INFEASIBLE,INFEASIBLE,INFEASIBLE,no_trials_in_band
gradual_bias,all_only,stale,1.0,0.25,budget_only,count,0.1,0.15,0.1,80,60,9,60,0.75,0.1125,0.75,0.8275862068965519,0.16178160919540233,4.0,0.11666666666666667,0.11666666666666667,0.0,0.15,0.08333333333333333,0.15,0.08333333333333333,0.03333333333333333,0.08333333333333333,0.08333333333333333,1.0,6.0,6.0,6.0,6.0,6.0,6.0,6.0,6.0,6.0,6.0,2.0,2.0,1.9413793103448276,0.8275862068965519,0.16178160919540233,0.14323636264887574,0.525,0.8275862068965519,0.16178160919540233,0.0,0.0,0.0,0.0,0.0,OK,
gradual_bias,all_only,stale,1.0,0.5,budget_only,count,0.1,0.15,0.1,80,60,9,60,0.75,0.1125,0.75,0.8275862068965519,0.16178160919540233,4.0,0.11666666666666667,0.11666666666666667,0.0,0.15,0.08333333333333333,0.15,0.08333333333333333,0.03333333333333333,0.08333333333333333,0.08333333333333333,1.0,6.0,6.0,6.0,6.0,6.0,6.0,6.0,6.0,6.0,6.0,2.0,2.0,1.9413793103448276,0.8275862068965519,0.16178160919540233,0.14323636264887574,0.525,0.8275862068965519,0.16178160919540233,0.0,0.0,0.0,0.0,0.0,OK,
gradual_bias,all_only,stale,1.0,0.75,budget_only,count,0.1,0.15,0.1,80,60,9,60,0.75,0.1125,0.75,0.8275862068965519,0.16178160919540233,4.0,0.11666666666666667,0.11666666666666667,0.0,0.15,0.08333333333333333,0.15,0.08333333333333333,0.03333333333333333,0.08333333333333333,0.08333333333333333,1.0,6.0,6.0,6.0,6.0,6.0,6.0,6.0,6.0,6.0,6.0,2.0,2.0,1.9413793103448276,0.8275862068965519,0.16178160919540233,0.14323636264887574,0.525,0.8275862068965519,0.16178160919540233,0.0,0.0,0.0,0.0,0.0,OK,
gradual_bias,all_only,stale,1.0,1.0,budget_only,count,0.1,0.15,0.1,80,60,9,60,0.75,0.1125,0.75,0.8275862068965519,0.16178160919540233,4.0,0.11666666666666667,0.11666666666666667,0.0,0.15,0.08333333333333333,0.15,0.08333333333333333,0.03333333333333333,0.08333333333333333,0.08333333333333333,1.0,6.0,6.0,6.0,6.0,6.0,6.0,6.0,6.0,6.0,6.0,2.0,2.0,1.9413793103448276,0.8275862068965519,0.16178160919540233,0.14323636264887574,0.525,0.8275862068965519,0.16178160919540233,0.0,0.0,0.0,0.0,0.0,OK,
gradual_bias,full,T2,INFEASIBLE,0.25,budget_only,count,INFEASIBLE,INFEASIBLE,INFEASIBLE,INFEASIBLE,INFEASIBLE,INFEASIBLE,INFEASIBLE,INFEASIBLE,INFEASIBLE,INFEASIBLE,INFEASIBLE,INFEASIBLE,INFEASIBLE,INFEASIBLE,INFEASIBLE,INFEASIBLE,INFEASIBLE,INFEASIBLE,INFEASIBLE,INFEASIBLE,INFEASIBLE,INFEASIBLE,INFEASIBLE,,INFEASIBLE,INFEASIBLE,INFEASIBLE,INFEASIBLE,INFEASIBLE,INFEASIBLE,INFEASIBLE,INFEASIBLE,INFEASIBLE,INFEASIBLE,INFEASIBLE,INFEASIBLE,INFEASIBLE,INFEASIBLE,INFEASIBLE,INFEASIBLE,INFEASIBLE,INFEASIBLE,INFEASIBLE,INFEASIBLE,INFEASIBLE,INFEASIBLE,INFEASIBLE,INFEASIBLE,INFEASIBLE,no_trials_in_band
gradual_bias,full,T2,INFEASIBLE,0.5,budget_only,count,INFEASIBLE,INFEASIBLE,INFEASIBLE,INFEASIBLE,INFEASIBLE,INFEASIBLE,INFEASIBLE,INFEASIBLE,INFEASIBLE,INFEASIBLE,INFEASIBLE,INFEASIBLE,INFEASIBLE,INFEASIBLE,INFEASIBLE,INFEASIBLE,INFEASIBLE,INFEASIBLE,INFEASIBLE,INFEASIBLE,INFEASIBLE,INFEASIBLE,INFEASIBLE,,INFEASIBLE,INFEASIBLE,INFEASIBLE,INFEASIBLE,INFEASIBLE,INFEASIBLE,INFEASIBLE,INFEASIBLE,INFEASIBLE,INFEASIBLE,INFEASIBLE,INFEASIBLE,INFEASIBLE,INFEASIBLE,INFEASIBLE,INFEASIBLE,INFEASIBLE,INFEASIBLE,INFEASIBLE,INFEASIBLE,INFEASIBLE,INFEASIBLE,INFEASIBLE,INFEASIBLE,INFEASIBLE,no_trials_in_band
gradual_bias,full,T2,INFEASIBLE,0.75,budget_only,count,INFEASIBLE,INFEASIBLE,INFEASIBLE,INFEASIBLE,INFEASIBLE,INFEASIBLE,INFEASIBLE,INFEASIBLE,INFEASIBLE,INFEASIBLE,INFEASIBLE,INFEASIBLE,INFEASIBLE,INFEASIBLE,INFEASIBLE,INFEASIBLE,INFEASIBLE,INFEASIBLE,INFEASIBLE,INFEASIBLE,INFEASIBLE,INFEASIBLE,INFEASIBLE,,INFEASIBLE,INFEASIBLE,INFEASIBLE,INFEASIBLE,INFEASIBLE,INFEASIBLE,INFEASIBLE,INFEASIBLE,INFEASIBLE,INFEASIBLE,INFEASIBLE,INFEASIBLE,INFEASIBLE,INFEASIBLE,INFEASIBLE,INFEASIBLE,INFEASIBLE,INFEASIBLE,INFEASIBLE,INFEASIBLE,INFEASIBLE,INFEASIBLE,INFEASIBLE,INFEASIBLE,INFEASIBLE,no_trials_in_band
gradual_bias,full,T2,INFEASIBLE,1.0,budget_only,count,INFEASIBLE,INFEASIBLE,INFEASIBLE,INFEASIBLE,INFEASIBLE,INFEASIBLE,INFEASIBLE,INFEASIBLE,INFEASIBLE,INFEASIBLE,INFEASIBLE,INFEASIBLE,INFEASIBLE,INFEASIBLE,INFEASIBLE,INFEASIBLE,INFEASIBLE,INFEASIBLE,INFEASIBLE,INFEASIBLE,INFEASIBLE,INFEASIBLE,INFEASIBLE,,INFEASIBLE,INFEASIBLE,INFEASIBLE,INFEASIBLE,INFEASIBLE,INFEASIBLE,INFEASIBLE,INFEASIBLE,INFEASIBLE,INFEASIBLE,INFEASIBLE,INFEASIBLE,INFEASIBLE,INFEASIBLE,INFEASIBLE,INFEASIBLE,INFEASIBLE,INFEASIBLE,INFEASIBLE,INFEASIBLE,INFEASIBLE,INFEASIBLE,INFEASIBLE,INFEASIBLE,INFEASIBLE,no_trials_in_band
gradual_bias,full,cusum_factor_cov_lrt,1.0,0.25,budget_only,count,0.1,0.15,0.1,80,80,0,80,1.0,0.0,1.0,1.1120689655172413,0.25323275862068967,5.375,0.5625,0.5625,0.0,0.725,0.4,0.725,0.4,0.1625,0.0,0.0,1.0,4.0,4.0,4.0,6.0,4.0,6.0,3.0,6.0,4.0,6.0,2.0,2.0,3.031034482758621,1.1120689655172413,0.2525862068965517,NA,0.3153100997404496,1.1120689655172413,0.25323275862068967,0.049999999999999996,0.02109704641350211,-0.012500000000000006,0.05,-0.02109704641350211,OK,
gradual_bias,full,cusum_factor_cov_lrt,1.0,0.5,budget_only,count,0.1,0.15,0.1,80,80,0,80,1.0,0.0,1.0,1.1120689655172413,0.25323275862068967,5.375,0.5625,0.5625,0.0,0.725,0.4,0.725,0.4,0.1625,0.0,0.0,1.0,4.0,4.0,4.0,6.0,4.0,6.0,3.0,6.0,4.0,6.0,2.0,2.0,3.018103448275862,1.1043103448275864,0.2515086206896552,NA,0.3118665589139705,1.1120689655172413,0.25323275862068967,0.049999999999999996,0.0379746835443038,-0.012500000000000006,0.05,-0.02953586497890295,OK,
gradual_bias,full,cusum_factor_cov_lrt,1.0,0.75,budget_only,count,0.1,0.15,0.1,80,80,0,80,1.0,0.0,1.0,1.1120689655172413,0.25323275862068967,5.375,0.5625,0.5625,0.0,0.725,0.4,0.725,0.4,0.1625,0.0,0.0,1.0,4.0,4.0,4.0,6.0,4.0,6.0,3.0,6.0,4.0,6.0,2.0,2.0,3.0,1.0939655172413794,0.25,NA,0.31254488998222146,1.1120689655172413,0.25323275862068967,0.049999999999999996,0.050632911392405056,-0.012500000000000006,0.05,-0.05063291139240506,OK,
gradual_bias,full,cusum_factor_cov_lrt,1.0,1.0,budget_only,count,0.1,0.15,0.1,80,80,0,80,1.0,0.0,1.0,1.1120689655172413,0.25323275862068967,5.375,0.5625,0.5625,0.0,0.725,0.4,0.725,0.4,0.1625,0.0,0.0,1.0,4.0,4.0,4.0,6.0,4.0,6.0,3.0,6.0,4.0,6.0,2.0,2.0,2.9948275862068967,1.0913793103448275,0.24956896551724136,NA,0.3068382601900515,1.1120689655172413,0.25323275862068967,0.05416666666666666,0.050632911392405056,-0.01666666666666667,0.05416666666666666,-0.05063291139240506,OK,
gradual_bias,full,ewma_factor_cov_lrt,INFEASIBLE,0.25,budget_only,count,INFEASIBLE,INFEASIBLE,INFEASIBLE,INFEASIBLE,INFEASIBLE,INFEASIBLE,INFEASIBLE,INFEASIBLE,INFEASIBLE,INFEASIBLE,INFEASIBLE,INFEASIBLE,INFEASIBLE,INFEASIBLE,INFEASIBLE,INFEASIBLE,INFEASIBLE,INFEASIBLE,INFEASIBLE,INFEASIBLE,INFEASIBLE,INFEASIBLE,INFEASIBLE,,INFEASIBLE,INFEASIBLE,INFEASIBLE,INFEASIBLE,INFEASIBLE,INFEASIBLE,INFEASIBLE,INFEASIBLE,INFEASIBLE,INFEASIBLE,INFEASIBLE,INFEASIBLE,INFEASIBLE,INFEASIBLE,INFEASIBLE,INFEASIBLE,INFEASIBLE,INFEASIBLE,INFEASIBLE,INFEASIBLE,INFEASIBLE,INFEASIBLE,INFEASIBLE,INFEASIBLE,INFEASIBLE,no_trials_in_band
gradual_bias,full,ewma_factor_cov_lrt,INFEASIBLE,0.5,budget_only,count,INFEASIBLE,INFEASIBLE,INFEASIBLE,INFEASIBLE,INFEASIBLE,INFEASIBLE,INFEASIBLE,INFEASIBLE,INFEASIBLE,INFEASIBLE,INFEASIBLE,INFEASIBLE,INFEASIBLE,INFEASIBLE,INFEASIBLE,INFEASIBLE,INFEASIBLE,INFEASIBLE,INFEASIBLE,INFEASIBLE,INFEASIBLE,INFEASIBLE,INFEASIBLE,,INFEASIBLE,INFEASIBLE,INFEASIBLE,INFEASIBLE,INFEASIBLE,INFEASIBLE,INFEASIBLE,INFEASIBLE,INFEASIBLE,INFEASIBLE,INFEASIBLE,INFEASIBLE,INFEASIBLE,INFEASIBLE,INFEASIBLE,INFEASIBLE,INFEASIBLE,INFEASIBLE,INFEASIBLE,INFEASIBLE,INFEASIBLE,INFEASIBLE,INFEASIBLE,INFEASIBLE,INFEASIBLE,no_trials_in_band
gradual_bias,full,ewma_factor_cov_lrt,INFEASIBLE,0.75,budget_only,count,INFEASIBLE,INFEASIBLE,INFEASIBLE,INFEASIBLE,INFEASIBLE,INFEASIBLE,INFEASIBLE,INFEASIBLE,INFEASIBLE,INFEASIBLE,INFEASIBLE,INFEASIBLE,INFEASIBLE,INFEASIBLE,INFEASIBLE,INFEASIBLE,INFEASIBLE,INFEASIBLE,INFEASIBLE,INFEASIBLE,INFEASIBLE,INFEASIBLE,INFEASIBLE,,INFEASIBLE,INFEASIBLE,INFEASIBLE,INFEASIBLE,INFEASIBLE,INFEASIBLE,INFEASIBLE,INFEASIBLE,INFEASIBLE,INFEASIBLE,INFEASIBLE,INFEASIBLE,INFEASIBLE,INFEASIBLE,INFEASIBLE,INFEASIBLE,INFEASIBLE,INFEASIBLE,INFEASIBLE,INFEASIBLE,INFEASIBLE,INFEASIBLE,INFEASIBLE,INFEASIBLE,INFEASIBLE,no_trials_in_band
gradual_bias,full,ewma_factor_cov_lrt,INFEASIBLE,1.0,budget_only,count,INFEASIBLE,INFEASIBLE,INFEASIBLE,INFEASIBLE,INFEASIBLE,INFEASIBLE,INFEASIBLE,INFEASIBLE,INFEASIBLE,INFEASIBLE,INFEASIBLE,INFEASIBLE,INFEASIBLE,INFEASIBLE,INFEASIBLE,INFEASIBLE,INFEASIBLE,INFEASIBLE,INFEASIBLE,INFEASIBLE,INFEASIBLE,INFEASIBLE,INFEASIBLE,,INFEASIBLE,INFEASIBLE,INFEASIBLE,INFEASIBLE,INFEASIBLE,INFEASIBLE,INFEASIBLE,INFEASIBLE,INFEASIBLE,INFEASIBLE,INFEASIBLE,INFEASIBLE,INFEASIBLE,INFEASIBLE,INFEASIBLE,INFEASIBLE,INFEASIBLE,INFEASIBLE,INFEASIBLE,INFEASIBLE,INFEASIBLE,INFEASIBLE,INFEASIBLE,INFEASIBLE,INFEASIBLE,no_trials_in_band
gradual_bias,full,factor_cov_change,INFEASIBLE,0.25,budget_only,count,INFEASIBLE,INFEASIBLE,INFEASIBLE,INFEASIBLE,INFEASIBLE,INFEASIBLE,INFEASIBLE,INFEASIBLE,INFEASIBLE,INFEASIBLE,INFEASIBLE,INFEASIBLE,INFEASIBLE,INFEASIBLE,INFEASIBLE,INFEASIBLE,INFEASIBLE,INFEASIBLE,INFEASIBLE,INFEASIBLE,INFEASIBLE,INFEASIBLE,INFEASIBLE,,INFEASIBLE,INFEASIBLE,INFEASIBLE,INFEASIBLE,INFEASIBLE,INFEASIBLE,INFEASIBLE,INFEASIBLE,INFEASIBLE,INFEASIBLE,INFEASIBLE,INFEASIBLE,INFEASIBLE,INFEASIBLE,INFEASIBLE,INFEASIBLE,INFEASIBLE,INFEASIBLE,INFEASIBLE,INFEASIBLE,INFEASIBLE,INFEASIBLE,INFEASIBLE,INFEASIBLE,INFEASIBLE,no_trials_in_band
gradual_bias,full,factor_cov_change,INFEASIBLE,0.5,budget_only,count,INFEASIBLE,INFEASIBLE,INFEASIBLE,INFEASIBLE,INFEASIBLE,INFEASIBLE,INFEASIBLE,INFEASIBLE,INFEASIBLE,INFEASIBLE,INFEASIBLE,INFEASIBLE,INFEASIBLE,INFEASIBLE,INFEASIBLE,INFEASIBLE,INFEASIBLE,INFEASIBLE,INFEASIBLE,INFEASIBLE,INFEASIBLE,INFEASIBLE,INFEASIBLE,,INFEASIBLE,INFEASIBLE,INFEASIBLE,INFEASIBLE,INFEASIBLE,INFEASIBLE,INFEASIBLE,INFEASIBLE,INFEASIBLE,INFEASIBLE,INFEASIBLE,INFEASIBLE,INFEASIBLE,INFEASIBLE,INFEASIBLE,INFEASIBLE,INFEASIBLE,INFEASIBLE,INFEASIBLE,INFEASIBLE,INFEASIBLE,INFEASIBLE,INFEASIBLE,INFEASIBLE,INFEASIBLE,no_trials_in_band
gradual_bias,full,factor_cov_change,INFEASIBLE,0.75,budget_only,count,INFEASIBLE,INFEASIBLE,INFEASIBLE,INFEASIBLE,INFEASIBLE,INFEASIBLE,INFEASIBLE,INFEASIBLE,INFEASIBLE,INFEASIBLE,INFEASIBLE,INFEASIBLE,INFEASIBLE,INFEASIBLE,INFEASIBLE,INFEASIBLE,INFEASIBLE,INFEASIBLE,INFEASIBLE,INFEASIBLE,INFEASIBLE,INFEASIBLE,INFEASIBLE,,INFEASIBLE,INFEASIBLE,INFEASIBLE,INFEASIBLE,INFEASIBLE,INFEASIBLE,INFEASIBLE,INFEASIBLE,INFEASIBLE,INFEASIBLE,INFEASIBLE,INFEASIBLE,INFEASIBLE,INFEASIBLE,INFEASIBLE,INFEASIBLE,INFEASIBLE,INFEASIBLE,INFEASIBLE,INFEASIBLE,INFEASIBLE,INFEASIBLE,INFEASIBLE,INFEASIBLE,INFEASIBLE,no_trials_in_band
gradual_bias,full,factor_cov_change,INFEASIBLE,1.0,budget_only,count,INFEASIBLE,INFEASIBLE,INFEASIBLE,INFEASIBLE,INFEASIBLE,INFEASIBLE,INFEASIBLE,INFEASIBLE,INFEASIBLE,INFEASIBLE,INFEASIBLE,INFEASIBLE,INFEASIBLE,INFEASIBLE,INFEASIBLE,INFEASIBLE,INFEASIBLE,INFEASIBLE,INFEASIBLE,INFEASIBLE,INFEASIBLE,INFEASIBLE,INFEASIBLE,,INFEASIBLE,INFEASIBLE,INFEASIBLE,INFEASIBLE,INFEASIBLE,INFEASIBLE,INFEASIBLE,INFEASIBLE,INFEASIBLE,INFEASIBLE,INFEASIBLE,INFEASIBLE,INFEASIBLE,INFEASIBLE,INFEASIBLE,INFEASIBLE,INFEASIBLE,INFEASIBLE,INFEASIBLE,INFEASIBLE,INFEASIBLE,INFEASIBLE,INFEASIBLE,INFEASIBLE,INFEASIBLE,no_trials_in_band
gradual_bias,full,factor_cov_delta,INFEASIBLE,0.25,budget_only,count,INFEASIBLE,INFEASIBLE,INFEASIBLE,INFEASIBLE,INFEASIBLE,INFEASIBLE,INFEASIBLE,INFEASIBLE,INFEASIBLE,INFEASIBLE,INFEASIBLE,INFEASIBLE,INFEASIBLE,INFEASIBLE,INFEASIBLE,INFEASIBLE,INFEASIBLE,INFEASIBLE,INFEASIBLE,INFEASIBLE,INFEASIBLE,INFEASIBLE,INFEASIBLE,,INFEASIBLE,INFEASIBLE,INFEASIBLE,INFEASIBLE,INFEASIBLE,INFEASIBLE,INFEASIBLE,INFEASIBLE,INFEASIBLE,INFEASIBLE,INFEASIBLE,INFEASIBLE,INFEASIBLE,INFEASIBLE,INFEASIBLE,INFEASIBLE,INFEASIBLE,INFEASIBLE,INFEASIBLE,INFEASIBLE,INFEASIBLE,INFEASIBLE,INFEASIBLE,INFEASIBLE,INFEASIBLE,no_trials_in_band
gradual_bias,full,factor_cov_delta,INFEASIBLE,0.5,budget_only,count,INFEASIBLE,INFEASIBLE,INFEASIBLE,INFEASIBLE,INFEASIBLE,INFEASIBLE,INFEASIBLE,INFEASIBLE,INFEASIBLE,INFEASIBLE,INFEASIBLE,INFEASIBLE,INFEASIBLE,INFEASIBLE,INFEASIBLE,INFEASIBLE,INFEASIBLE,INFEASIBLE,INFEASIBLE,INFEASIBLE,INFEASIBLE,INFEASIBLE,INFEASIBLE,,INFEASIBLE,INFEASIBLE,INFEASIBLE,INFEASIBLE,INFEASIBLE,INFEASIBLE,INFEASIBLE,INFEASIBLE,INFEASIBLE,INFEASIBLE,INFEASIBLE,INFEASIBLE,INFEASIBLE,INFEASIBLE,INFEASIBLE,INFEASIBLE,INFEASIBLE,INFEASIBLE,INFEASIBLE,INFEASIBLE,INFEASIBLE,INFEASIBLE,INFEASIBLE,INFEASIBLE,INFEASIBLE,no_trials_in_band
gradual_bias,full,factor_cov_delta,INFEASIBLE,0.75,budget_only,count,INFEASIBLE,INFEASIBLE,INFEASIBLE,INFEASIBLE,INFEASIBLE,INFEASIBLE,INFEASIBLE,INFEASIBLE,INFEASIBLE,INFEASIBLE,INFEASIBLE,INFEASIBLE,INFEASIBLE,INFEASIBLE,INFEASIBLE,INFEASIBLE,INFEASIBLE,INFEASIBLE,INFEASIBLE,INFEASIBLE,INFEASIBLE,INFEASIBLE,INFEASIBLE,,INFEASIBLE,INFEASIBLE,INFEASIBLE,INFEASIBLE,INFEASIBLE,INFEASIBLE,INFEASIBLE,INFEASIBLE,INFEASIBLE,INFEASIBLE,INFEASIBLE,INFEASIBLE,INFEASIBLE,INFEASIBLE,INFEASIBLE,INFEASIBLE,INFEASIBLE,INFEASIBLE,INFEASIBLE,INFEASIBLE,INFEASIBLE,INFEASIBLE,INFEASIBLE,INFEASIBLE,INFEASIBLE,no_trials_in_band
gradual_bias,full,factor_cov_delta,INFEASIBLE,1.0,budget_only,count,INFEASIBLE,INFEASIBLE,INFEASIBLE,INFEASIBLE,INFEASIBLE,INFEASIBLE,INFEASIBLE,INFEASIBLE,INFEASIBLE,INFEASIBLE,INFEASIBLE,INFEASIBLE,INFEASIBLE,INFEASIBLE,INFEASIBLE,INFEASIBLE,INFEASIBLE,INFEASIBLE,INFEASIBLE,INFEASIBLE,INFEASIBLE,INFEASIBLE,INFEASIBLE,,INFEASIBLE,INFEASIBLE,INFEASIBLE,INFEASIBLE,INFEASIBLE,INFEASIBLE,INFEASIBLE,INFEASIBLE,INFEASIBLE,INFEASIBLE,INFEASIBLE,INFEASIBLE,INFEASIBLE,INFEASIBLE,INFEASIBLE,INFEASIBLE,INFEASIBLE,INFEASIBLE,INFEASIBLE,INFEASIBLE,INFEASIBLE,INFEASIBLE,INFEASIBLE,INFEASIBLE,INFEASIBLE,no_trials_in_band
gradual_bias,full,factor_cov_lrt,INFEASIBLE,0.25,budget_only,count,INFEASIBLE,INFEASIBLE,INFEASIBLE,INFEASIBLE,INFEASIBLE,INFEASIBLE,INFEASIBLE,INFEASIBLE,INFEASIBLE,INFEASIBLE,INFEASIBLE,INFEASIBLE,INFEASIBLE,INFEASIBLE,INFEASIBLE,INFEASIBLE,INFEASIBLE,INFEASIBLE,INFEASIBLE,INFEASIBLE,INFEASIBLE,INFEASIBLE,INFEASIBLE,,INFEASIBLE,INFEASIBLE,INFEASIBLE,INFEASIBLE,INFEASIBLE,INFEASIBLE,INFEASIBLE,INFEASIBLE,INFEASIBLE,INFEASIBLE,INFEASIBLE,INFEASIBLE,INFEASIBLE,INFEASIBLE,INFEASIBLE,INFEASIBLE,INFEASIBLE,INFEASIBLE,INFEASIBLE,INFEASIBLE,INFEASIBLE,INFEASIBLE,INFEASIBLE,INFEASIBLE,INFEASIBLE,no_trials_in_band
gradual_bias,full,factor_cov_lrt,INFEASIBLE,0.5,budget_only,count,INFEASIBLE,INFEASIBLE,INFEASIBLE,INFEASIBLE,INFEASIBLE,INFEASIBLE,INFEASIBLE,INFEASIBLE,INFEASIBLE,INFEASIBLE,INFEASIBLE,INFEASIBLE,INFEASIBLE,INFEASIBLE,INFEASIBLE,INFEASIBLE,INFEASIBLE,INFEASIBLE,INFEASIBLE,INFEASIBLE,INFEASIBLE,INFEASIBLE,INFEASIBLE,,INFEASIBLE,INFEASIBLE,INFEASIBLE,INFEASIBLE,INFEASIBLE,INFEASIBLE,INFEASIBLE,INFEASIBLE,INFEASIBLE,INFEASIBLE,INFEASIBLE,INFEASIBLE,INFEASIBLE,INFEASIBLE,INFEASIBLE,INFEASIBLE,INFEASIBLE,INFEASIBLE,INFEASIBLE,INFEASIBLE,INFEASIBLE,INFEASIBLE,INFEASIBLE,INFEASIBLE,INFEASIBLE,no_trials_in_band
gradual_bias,full,factor_cov_lrt,INFEASIBLE,0.75,budget_only,count,INFEASIBLE,INFEASIBLE,INFEASIBLE,INFEASIBLE,INFEASIBLE,INFEASIBLE,INFEASIBLE,INFEASIBLE,INFEASIBLE,INFEASIBLE,INFEASIBLE,INFEASIBLE,INFEASIBLE,INFEASIBLE,INFEASIBLE,INFEASIBLE,INFEASIBLE,INFEASIBLE,INFEASIBLE,INFEASIBLE,INFEASIBLE,INFEASIBLE,INFEASIBLE,,INFEASIBLE,INFEASIBLE,INFEASIBLE,INFEASIBLE,INFEASIBLE,INFEASIBLE,INFEASIBLE,INFEASIBLE,INFEASIBLE,INFEASIBLE,INFEASIBLE,INFEASIBLE,INFEASIBLE,INFEASIBLE,INFEASIBLE,INFEASIBLE,INFEASIBLE,INFEASIBLE,INFEASIBLE,INFEASIBLE,INFEASIBLE,INFEASIBLE,INFEASIBLE,INFEASIBLE,INFEASIBLE,no_trials_in_band
gradual_bias,full,factor_cov_lrt,INFEASIBLE,1.0,budget_only,count,INFEASIBLE,INFEASIBLE,INFEASIBLE,INFEASIBLE,INFEASIBLE,INFEASIBLE,INFEASIBLE,INFEASIBLE,INFEASIBLE,INFEASIBLE,INFEASIBLE,INFEASIBLE,INFEASIBLE,INFEASIBLE,INFEASIBLE,INFEASIBLE,INFEASIBLE,INFEASIBLE,INFEASIBLE,INFEASIBLE,INFEASIBLE,INFEASIBLE,INFEASIBLE,,INFEASIBLE,INFEASIBLE,INFEASIBLE,INFEASIBLE,INFEASIBLE,INFEASIBLE,INFEASIBLE,INFEASIBLE,INFEASIBLE,INFEASIBLE,INFEASIBLE,INFEASIBLE,INFEASIBLE,INFEASIBLE,INFEASIBLE,INFEASIBLE,INFEASIBLE,INFEASIBLE,INFEASIBLE,INFEASIBLE,INFEASIBLE,INFEASIBLE,INFEASIBLE,INFEASIBLE,INFEASIBLE,no_trials_in_band
gradual_bias,full,factor_cov_lrt_delta,1.0,0.25,budget_only,count,0.1,0.15,0.1,80,4,4,4,0.05,0.05,0.05,1.2413793103448276,0.10344827586206896,6.0,1.0,1.0,0.0,1.0,1.0,1.0,1.0,0.0,0.0,0.0,1.0,0.0,0.0,0.0,0.7000000000000002,0.0,0.7000000000000002,0.0,0.7000000000000002,0.0,0.7000000000000002,0.0,0.0,1.2413793103448276,1.2413793103448276,0.10344827586206896,0.10806137345336028,0.17730570142960317,1.2413793103448276,0.10344827586206896,0.08333333333333333,0.0,-0.08333333333333333,0.08333333333333333,0.0,OK,
gradual_bias,full,factor_cov_lrt_delta,1.0,0.5,budget_only,count,0.1,0.15,0.1,80,4,4,4,0.05,0.05,0.05,1.2413793103448276,0.10344827586206896,6.0,1.0,1.0,0.0,1.0,1.0,1.0,1.0,0.0,0.0,0.0,1.0,0.0,0.0,0.0,0.7000000000000002,0.0,0.7000000000000002,0.0,0.7000000000000002,0.0,0.7000000000000002,0.0,0.0,1.1896551724137931,1.1379310344827587,0.09913793103448276,0.10806137345336028,0.12199269967169879,1.2413793103448276,0.10344827586206896,0.08333333333333333,0.0,-0.08333333333333333,0.08333333333333333,0.0,OK,
gradual_bias,full,factor_cov_lrt_delta,1.0,0.75,budget_only,count,0.1,0.15,0.1,80,4,4,4,0.05,0.05,0.05,1.2413793103448276,0.10344827586206896,6.0,1.0,1.0,0.0,1.0,1.0,1.0,1.0,0.0,0.0,0.0,1.0,0.0,0.0,0.0,0.7000000000000002,0.0,0.7000000000000002,0.0,0.7000000000000002,0.0,0.7000000000000002,0.0,0.0,1.1896551724137931,1.1896551724137931,0.09913793103448276,0.10806137345336028,0.09353248284605618,1.2413793103448276,0.10344827586206896,0.125,0.0,-0.125,0.125,0.0,OK,
gradual_bias,full,factor_cov_lrt_delta,1.0,1.0,budget_only,count,0.1,0.15,0.1,80,4,4,4,0.05,0.05,0.05,1.2413793103448276,0.10344827586206896,6.0,1.0,1.0,0.0,1.0,1.0,1.0,1.0,0.0,0.0,0.0,1.0,0.0,0.0,0.0,0.7000000000000002,0.0,0.7000000000000002,0.0,0.7000000000000002,0.0,0.7000000000000002,0.0,0.0,1.1896551724137931,1.1896551724137931,0.09913793103448276,0.10806137345336028,-0.04886741346371368,1.2413793103448276,0.10344827586206896,0.125,0.0,-0.125,0.125,0.0,OK,
gradual_bias,full,fused_fisher,INFEASIBLE,0.25,budget_only,count,INFEASIBLE,INFEASIBLE,INFEASIBLE,INFEASIBLE,INFEASIBLE,INFEASIBLE,INFEASIBLE,INFEASIBLE,INFEASIBLE,INFEASIBLE,INFEASIBLE,INFEASIBLE,INFEASIBLE,INFEASIBLE,INFEASIBLE,INFEASIBLE,INFEASIBLE,INFEASIBLE,INFEASIBLE,INFEASIBLE,INFEASIBLE,INFEASIBLE,INFEASIBLE,,INFEASIBLE,INFEASIBLE,INFEASIBLE,INFEASIBLE,INFEASIBLE,INFEASIBLE,INFEASIBLE,INFEASIBLE,INFEASIBLE,INFEASIBLE,INFEASIBLE,INFEASIBLE,INFEASIBLE,INFEASIBLE,INFEASIBLE,INFEASIBLE,INFEASIBLE,INFEASIBLE,INFEASIBLE,INFEASIBLE,INFEASIBLE,INFEASIBLE,INFEASIBLE,INFEASIBLE,INFEASIBLE,no_trials_in_band
gradual_bias,full,fused_fisher,INFEASIBLE,0.5,budget_only,count,INFEASIBLE,INFEASIBLE,INFEASIBLE,INFEASIBLE,INFEASIBLE,INFEASIBLE,INFEASIBLE,INFEASIBLE,INFEASIBLE,INFEASIBLE,INFEASIBLE,INFEASIBLE,INFEASIBLE,INFEASIBLE,INFEASIBLE,INFEASIBLE,INFEASIBLE,INFEASIBLE,INFEASIBLE,INFEASIBLE,INFEASIBLE,INFEASIBLE,INFEASIBLE,,INFEASIBLE,INFEASIBLE,INFEASIBLE,INFEASIBLE,INFEASIBLE,INFEASIBLE,INFEASIBLE,INFEASIBLE,INFEASIBLE,INFEASIBLE,INFEASIBLE,INFEASIBLE,INFEASIBLE,INFEASIBLE,INFEASIBLE,INFEASIBLE,INFEASIBLE,INFEASIBLE,INFEASIBLE,INFEASIBLE,INFEASIBLE,INFEASIBLE,INFEASIBLE,INFEASIBLE,INFEASIBLE,no_trials_in_band
gradual_bias,full,fused_fisher,INFEASIBLE,0.75,budget_only,count,INFEASIBLE,INFEASIBLE,INFEASIBLE,INFEASIBLE,INFEASIBLE,INFEASIBLE,INFEASIBLE,INFEASIBLE,INFEASIBLE,INFEASIBLE,INFEASIBLE,INFEASIBLE,INFEASIBLE,INFEASIBLE,INFEASIBLE,INFEASIBLE,INFEASIBLE,INFEASIBLE,INFEASIBLE,INFEASIBLE,INFEASIBLE,INFEASIBLE,INFEASIBLE,,INFEASIBLE,INFEASIBLE,INFEASIBLE,INFEASIBLE,INFEASIBLE,INFEASIBLE,INFEASIBLE,INFEASIBLE,INFEASIBLE,INFEASIBLE,INFEASIBLE,INFEASIBLE,INFEASIBLE,INFEASIBLE,INFEASIBLE,INFEASIBLE,INFEASIBLE,INFEASIBLE,INFEASIBLE,INFEASIBLE,INFEASIBLE,INFEASIBLE,INFEASIBLE,INFEASIBLE,INFEASIBLE,no_trials_in_band
gradual_bias,full,fused_fisher,INFEASIBLE,1.0,budget_only,count,INFEASIBLE,INFEASIBLE,INFEASIBLE,INFEASIBLE,INFEASIBLE,INFEASIBLE,INFEASIBLE,INFEASIBLE,INFEASIBLE,INFEASIBLE,INFEASIBLE,INFEASIBLE,INFEASIBLE,INFEASIBLE,INFEASIBLE,INFEASIBLE,INFEASIBLE,INFEASIBLE,INFEASIBLE,INFEASIBLE,INFEASIBLE,INFEASIBLE,INFEASIBLE,,INFEASIBLE,INFEASIBLE,INFEASIBLE,INFEASIBLE,INFEASIBLE,INFEASIBLE,INFEASIBLE,INFEASIBLE,INFEASIBLE,INFEASIBLE,INFEASIBLE,INFEASIBLE,INFEASIBLE,INFEASIBLE,INFEASIBLE,INFEASIBLE,INFEASIBLE,INFEASIBLE,INFEASIBLE,INFEASIBLE,INFEASIBLE,INFEASIBLE,INFEASIBLE,INFEASIBLE,INFEASIBLE,no_trials_in_band
gradual_bias,full,fused_fisher_lrt_delta,INFEASIBLE,0.25,budget_only,count,INFEASIBLE,INFEASIBLE,INFEASIBLE,INFEASIBLE,INFEASIBLE,INFEASIBLE,INFEASIBLE,INFEASIBLE,INFEASIBLE,INFEASIBLE,INFEASIBLE,INFEASIBLE,INFEASIBLE,INFEASIBLE,INFEASIBLE,INFEASIBLE,INFEASIBLE,INFEASIBLE,INFEASIBLE,INFEASIBLE,INFEASIBLE,INFEASIBLE,INFEASIBLE,,INFEASIBLE,INFEASIBLE,INFEASIBLE,INFEASIBLE,INFEASIBLE,INFEASIBLE,INFEASIBLE,INFEASIBLE,INFEASIBLE,INFEASIBLE,INFEASIBLE,INFEASIBLE,INFEASIBLE,INFEASIBLE,INFEASIBLE,INFEASIBLE,INFEASIBLE,INFEASIBLE,INFEASIBLE,INFEASIBLE,INFEASIBLE,INFEASIBLE,INFEASIBLE,INFEASIBLE,INFEASIBLE,no_trials_in_band
gradual_bias,full,fused_fisher_lrt_delta,INFEASIBLE,0.5,budget_only,count,INFEASIBLE,INFEASIBLE,INFEASIBLE,INFEASIBLE,INFEASIBLE,INFEASIBLE,INFEASIBLE,INFEASIBLE,INFEASIBLE,INFEASIBLE,INFEASIBLE,INFEASIBLE,INFEASIBLE,INFEASIBLE,INFEASIBLE,INFEASIBLE,INFEASIBLE,INFEASIBLE,INFEASIBLE,INFEASIBLE,INFEASIBLE,INFEASIBLE,INFEASIBLE,,INFEASIBLE,INFEASIBLE,INFEASIBLE,INFEASIBLE,INFEASIBLE,INFEASIBLE,INFEASIBLE,INFEASIBLE,INFEASIBLE,INFEASIBLE,INFEASIBLE,INFEASIBLE,INFEASIBLE,INFEASIBLE,INFEASIBLE,INFEASIBLE,INFEASIBLE,INFEASIBLE,INFEASIBLE,INFEASIBLE,INFEASIBLE,INFEASIBLE,INFEASIBLE,INFEASIBLE,INFEASIBLE,no_trials_in_band
gradual_bias,full,fused_fisher_lrt_delta,INFEASIBLE,0.75,budget_only,count,INFEASIBLE,INFEASIBLE,INFEASIBLE,INFEASIBLE,INFEASIBLE,INFEASIBLE,INFEASIBLE,INFEASIBLE,INFEASIBLE,INFEASIBLE,INFEASIBLE,INFEASIBLE,INFEASIBLE,INFEASIBLE,INFEASIBLE,INFEASIBLE,INFEASIBLE,INFEASIBLE,INFEASIBLE,INFEASIBLE,INFEASIBLE,INFEASIBLE,INFEASIBLE,,INFEASIBLE,INFEASIBLE,INFEASIBLE,INFEASIBLE,INFEASIBLE,INFEASIBLE,INFEASIBLE,INFEASIBLE,INFEASIBLE,INFEASIBLE,INFEASIBLE,INFEASIBLE,INFEASIBLE,INFEASIBLE,INFEASIBLE,INFEASIBLE,INFEASIBLE,INFEASIBLE,INFEASIBLE,INFEASIBLE,INFEASIBLE,INFEASIBLE,INFEASIBLE,INFEASIBLE,INFEASIBLE,no_trials_in_band
gradual_bias,full,fused_fisher_lrt_delta,INFEASIBLE,1.0,budget_only,count,INFEASIBLE,INFEASIBLE,INFEASIBLE,INFEASIBLE,INFEASIBLE,INFEASIBLE,INFEASIBLE,INFEASIBLE,INFEASIBLE,INFEASIBLE,INFEASIBLE,INFEASIBLE,INFEASIBLE,INFEASIBLE,INFEASIBLE,INFEASIBLE,INFEASIBLE,INFEASIBLE,INFEASIBLE,INFEASIBLE,INFEASIBLE,INFEASIBLE,INFEASIBLE,,INFEASIBLE,INFEASIBLE,INFEASIBLE,INFEASIBLE,INFEASIBLE,INFEASIBLE,INFEASIBLE,INFEASIBLE,INFEASIBLE,INFEASIBLE,INFEASIBLE,INFEASIBLE,INFEASIBLE,INFEASIBLE,INFEASIBLE,INFEASIBLE,INFEASIBLE,INFEASIBLE,INFEASIBLE,INFEASIBLE,INFEASIBLE,INFEASIBLE,INFEASIBLE,INFEASIBLE,INFEASIBLE,no_trials_in_band
gradual_bias,full,fused_sp,1.0,0.25,budget_only,count,0.1,0.15,0.1,80,56,5,56,0.7,0.0625,0.7,0.8275862068965517,0.18165024630541873,4.0,0.07142857142857142,0.07142857142857142,0.0,0.10714285714285714,0.10714285714285714,0.10714285714285714,0.10714285714285714,0.03571428571428571,0.08928571428571429,0.08928571428571429,1.0,6.0,6.0,6.0,6.0,6.0,6.0,6.0,6.0,6.0,6.0,1.0,1.0,2.179802955665025,0.8275862068965517,0.18165024630541873,0.0012672024061031577,-0.24690576855233554,0.8275862068965517,0.18165024630541873,0.0,0.0,0.0,0.0,0.0,OK,
gradual_bias,full,fused_sp,1.0,0.5,budget_only,count,0.1,0.15,0.1,80,56,5,56,0.7,0.0625,0.7,0.8275862068965517,0.18165024630541873,4.0,0.07142857142857142,0.07142857142857142,0.0,0.10714285714285714,0.10714285714285714,0.10714285714285714,0.10714285714285714,0.03571428571428571,0.08928571428571429,0.08928571428571429,1.0,6.0,6.0,6.0,6.0,6.0,6.0,6.0,6.0,6.0,6.0,1.0,1.0,2.179802955665025,0.8275862068965517,0.18165024630541873,0.0012672024061031577,-0.2178131583199183,0.8275862068965517,0.18165024630541873,0.0,0.0,0.0,0.0,0.0,OK,
gradual_bias,full,fused_sp,1.0,0.75,budget_only,count,0.1,0.15,0.1,80,56,5,56,0.7,0.0625,0.7,0.8275862068965517,0.18165024630541873,4.0,0.07142857142857142,0.07142857142857142,0.0,0.10714285714285714,0.10714285714285714,0.10714285714285714,0.10714285714285714,0.03571428571428571,0.08928571428571429,0.08928571428571429,1.0,6.0,6.0,6.0,6.0,6.0,6.0,6.0,6.0,6.0,6.0,1.0,1.0,2.179802955665025,0.8275862068965517,0.18165024630541873,0.0012672024061031577,-0.1772609934462824,0.8275862068965517,0.18165024630541873,0.0,0.0,0.0,0.0,0.0,OK,
gradual_bias,full,fused_sp,1.0,1.0,budget_only,count,0.1,0.15,0.1,80,56,5,56,0.7,0.0625,0.7,0.8275862068965517,0.18165024630541873,4.0,0.07142857142857142,0.07142857142857142,0.0,0.10714285714285714,0.10714285714285714,0.10714285714285714,0.10714285714285714,0.03571428571428571,0.08928571428571429,0.08928571428571429,1.0,6.0,6.0,6.0,6.0,6.0,6.0,6.0,6.0,6.0,6.0,1.0,1.0,2.179802955665025,0.8275862068965517,0.18165024630541873,0.0012672024061031577,-0.11488848460767041,0.8275862068965517,0.18165024630541873,0.0,0.0,0.0,0.0,0.0,OK,
gradual_bias,full,fused_sp_lrt_delta,1.0,0.25,budget_only,count,0.1,0.15,0.1,80,56,5,56,0.7,0.0625,0.7,0.8275862068965517,0.18165024630541873,4.0,0.07142857142857142,0.07142857142857142,0.0,0.10714285714285714,0.10714285714285714,0.10714285714285714,0.10714285714285714,0.03571428571428571,0.08928571428571429,0.08928571428571429,1.0,6.0,6.0,6.0,6.0,6.0,6.0,6.0,6.0,6.0,6.0,1.0,1.0,2.179802955665025,0.8275862068965517,0.18165024630541873,0.0008437043243919567,-0.2691078480923007,0.8275862068965517,0.18165024630541873,0.0,0.0,0.0,0.0,0.0,OK,
gradual_bias,full,fused_sp_lrt_delta,1.0,0.5,budget_only,count,0.1,0.15,0.1,80,56,5,56,0.7,0.0625,0.7,0.8275862068965517,0.18165024630541873,4.0,0.07142857142857142,0.07142857142857142,0.0,0.10714285714285714,0.10714285714285714,0.10714285714285714,0.10714285714285714,0.03571428571428571,0.08928571428571429,0.08928571428571429,1.0,6.0,6.0,6.0,6.0,6.0,6.0,6.0,6.0,6.0,6.0,1.0,1.0,2.179802955665025,0.8275862068965517,0.18165024630541873,0.0008437043243919567,-0.22585750081364356,0.8275862068965517,0.18165024630541873,0.0,0.0,0.0,0.0,0.0,OK,
gradual_bias,full,fused_sp_lrt_delta,1.0,0.75,budget_only,count,0.1,0.15,0.1,80,56,5,56,0.7,0.0625,0.7,0.8275862068965517,0.18165024630541873,4.0,0.07142857142857142,0.07142857142857142,0.0,0.10714285714285714,0.10714285714285714,0.10714285714285714,0.10714285714285714,0.03571428571428571,0.08928571428571429,0.08928571428571429,1.0,6.0,6.0,6.0,6.0,6.0,6.0,6.0,6.0,6.0,6.0,1.0,1.0,2.179802955665025,0.8275862068965517,0.18165024630541873,0.0008437043243919567,-0.1586706890555646,0.8275862068965517,0.18165024630541873,0.0,0.0,0.0,0.0,0.0,OK,
gradual_bias,full,fused_sp_lrt_delta,1.0,1.0,budget_only,count,0.1,0.15,0.1,80,56,5,56,0.7,0.0625,0.7,0.8275862068965517,0.18165024630541873,4.0,0.07142857142857142,0.07142857142857142,0.0,0.10714285714285714,0.10714285714285714,0.10714285714285714,0.10714285714285714,0.03571428571428571,0.08928571428571429,0.08928571428571429,1.0,6.0,6.0,6.0,6.0,6.0,6.0,6.0,6.0,6.0,6.0,1.0,1.0,2.179802955665025,0.8275862068965517,0.18165024630541873,0.0008437043243919567,-0.07743960397709083,0.8275862068965517,0.18165024630541873,0.0,0.0,0.0,0.0,0.0,OK,
gradual_bias,full,max_abs,INFEASIBLE,0.25,budget_only,count,INFEASIBLE,INFEASIBLE,INFEASIBLE,INFEASIBLE,INFEASIBLE,INFEASIBLE,INFEASIBLE,INFEASIBLE,INFEASIBLE,INFEASIBLE,INFEASIBLE,INFEASIBLE,INFEASIBLE,INFEASIBLE,INFEASIBLE,INFEASIBLE,INFEASIBLE,INFEASIBLE,INFEASIBLE,INFEASIBLE,INFEASIBLE,INFEASIBLE,INFEASIBLE,,INFEASIBLE,INFEASIBLE,INFEASIBLE,INFEASIBLE,INFEASIBLE,INFEASIBLE,INFEASIBLE,INFEASIBLE,INFEASIBLE,INFEASIBLE,INFEASIBLE,INFEASIBLE,INFEASIBLE,INFEASIBLE,INFEASIBLE,INFEASIBLE,INFEASIBLE,INFEASIBLE,INFEASIBLE,INFEASIBLE,INFEASIBLE,INFEASIBLE,INFEASIBLE,INFEASIBLE,INFEASIBLE,no_trials_in_band
gradual_bias,full,max_abs,INFEASIBLE,0.5,budget_only,count,INFEASIBLE,INFEASIBLE,INFEASIBLE,INFEASIBLE,INFEASIBLE,INFEASIBLE,INFEASIBLE,INFEASIBLE,INFEASIBLE,INFEASIBLE,INFEASIBLE,INFEASIBLE,INFEASIBLE,INFEASIBLE,INFEASIBLE,INFEASIBLE,INFEASIBLE,INFEASIBLE,INFEASIBLE,INFEASIBLE,INFEASIBLE,INFEASIBLE,INFEASIBLE,,INFEASIBLE,INFEASIBLE,INFEASIBLE,INFEASIBLE,INFEASIBLE,INFEASIBLE,INFEASIBLE,INFEASIBLE,INFEASIBLE,INFEASIBLE,INFEASIBLE,INFEASIBLE,INFEASIBLE,INFEASIBLE,INFEASIBLE,INFEASIBLE,INFEASIBLE,INFEASIBLE,INFEASIBLE,INFEASIBLE,INFEASIBLE,INFEASIBLE,INFEASIBLE,INFEASIBLE,INFEASIBLE,no_trials_in_band
gradual_bias,full,max_abs,INFEASIBLE,0.75,budget_only,count,INFEASIBLE,INFEASIBLE,INFEASIBLE,INFEASIBLE,INFEASIBLE,INFEASIBLE,INFEASIBLE,INFEASIBLE,INFEASIBLE,INFEASIBLE,INFEASIBLE,INFEASIBLE,INFEASIBLE,INFEASIBLE,INFEASIBLE,INFEASIBLE,INFEASIBLE,INFEASIBLE,INFEASIBLE,INFEASIBLE,INFEASIBLE,INFEASIBLE,INFEASIBLE,,INFEASIBLE,INFEASIBLE,INFEASIBLE,INFEASIBLE,INFEASIBLE,INFEASIBLE,INFEASIBLE,INFEASIBLE,INFEASIBLE,INFEASIBLE,INFEASIBLE,INFEASIBLE,INFEASIBLE,INFEASIBLE,INFEASIBLE,INFEASIBLE,INFEASIBLE,INFEASIBLE,INFEASIBLE,INFEASIBLE,INFEASIBLE,INFEASIBLE,INFEASIBLE,INFEASIBLE,INFEASIBLE,no_trials_in_band
gradual_bias,full,max_abs,INFEASIBLE,1.0,budget_only,count,INFEASIBLE,INFEASIBLE,INFEASIBLE,INFEASIBLE,INFEASIBLE,INFEASIBLE,INFEASIBLE,INFEASIBLE,INFEASIBLE,INFEASIBLE,INFEASIBLE,INFEASIBLE,INFEASIBLE,INFEASIBLE,INFEASIBLE,INFEASIBLE,INFEASIBLE,INFEASIBLE,INFEASIBLE,INFEASIBLE,INFEASIBLE,INFEASIBLE,INFEASIBLE,,INFEASIBLE,INFEASIBLE,INFEASIBLE,INFEASIBLE,INFEASIBLE,INFEASIBLE,INFEASIBLE,INFEASIBLE,INFEASIBLE,INFEASIBLE,INFEASIBLE,INFEASIBLE,INFEASIBLE,INFEASIBLE,INFEASIBLE,INFEASIBLE,INFEASIBLE,INFEASIBLE,INFEASIBLE,INFEASIBLE,INFEASIBLE,INFEASIBLE,INFEASIBLE,INFEASIBLE,INFEASIBLE,no_trials_in_band
gradual_bias,full,pc_t2,INFEASIBLE,0.25,budget_only,count,INFEASIBLE,INFEASIBLE,INFEASIBLE,INFEASIBLE,INFEASIBLE,INFEASIBLE,INFEASIBLE,INFEASIBLE,INFEASIBLE,INFEASIBLE,INFEASIBLE,INFEASIBLE,INFEASIBLE,INFEASIBLE,INFEASIBLE,INFEASIBLE,INFEASIBLE,INFEASIBLE,INFEASIBLE,INFEASIBLE,INFEASIBLE,INFEASIBLE,INFEASIBLE,,INFEASIBLE,INFEASIBLE,INFEASIBLE,INFEASIBLE,INFEASIBLE,INFEASIBLE,INFEASIBLE,INFEASIBLE,INFEASIBLE,INFEASIBLE,INFEASIBLE,INFEASIBLE,INFEASIBLE,INFEASIBLE,INFEASIBLE,INFEASIBLE,INFEASIBLE,INFEASIBLE,INFEASIBLE,INFEASIBLE,INFEASIBLE,INFEASIBLE,INFEASIBLE,INFEASIBLE,INFEASIBLE,no_trials_in_band
gradual_bias,full,pc_t2,INFEASIBLE,0.5,budget_only,count,INFEASIBLE,INFEASIBLE,INFEASIBLE,INFEASIBLE,INFEASIBLE,INFEASIBLE,INFEASIBLE,INFEASIBLE,INFEASIBLE,INFEASIBLE,INFEASIBLE,INFEASIBLE,INFEASIBLE,INFEASIBLE,INFEASIBLE,INFEASIBLE,INFEASIBLE,INFEASIBLE,INFEASIBLE,INFEASIBLE,INFEASIBLE,INFEASIBLE,INFEASIBLE,,INFEASIBLE,INFEASIBLE,INFEASIBLE,INFEASIBLE,INFEASIBLE,INFEASIBLE,INFEASIBLE,INFEASIBLE,INFEASIBLE,INFEASIBLE,INFEASIBLE,INFEASIBLE,INFEASIBLE,INFEASIBLE,INFEASIBLE,INFEASIBLE,INFEASIBLE,INFEASIBLE,INFEASIBLE,INFEASIBLE,INFEASIBLE,INFEASIBLE,INFEASIBLE,INFEASIBLE,INFEASIBLE,no_trials_in_band
gradual_bias,full,pc_t2,INFEASIBLE,0.75,budget_only,count,INFEASIBLE,INFEASIBLE,INFEASIBLE,INFEASIBLE,INFEASIBLE,INFEASIBLE,INFEASIBLE,INFEASIBLE,INFEASIBLE,INFEASIBLE,INFEASIBLE,INFEASIBLE,INFEASIBLE,INFEASIBLE,INFEASIBLE,INFEASIBLE,INFEASIBLE,INFEASIBLE,INFEASIBLE,INFEASIBLE,INFEASIBLE,INFEASIBLE,INFEASIBLE,,INFEASIBLE,INFEASIBLE,INFEASIBLE,INFEASIBLE,INFEASIBLE,INFEASIBLE,INFEASIBLE,INFEASIBLE,INFEASIBLE,INFEASIBLE,INFEASIBLE,INFEASIBLE,INFEASIBLE,INFEASIBLE,INFEASIBLE,INFEASIBLE,INFEASIBLE,INFEASIBLE,INFEASIBLE,INFEASIBLE,INFEASIBLE,INFEASIBLE,INFEASIBLE,INFEASIBLE,INFEASIBLE,no_trials_in_band
gradual_bias,full,pc_t2,INFEASIBLE,1.0,budget_only,count,INFEASIBLE,INFEASIBLE,INFEASIBLE,INFEASIBLE,INFEASIBLE,INFEASIBLE,INFEASIBLE,INFEASIBLE,INFEASIBLE,INFEASIBLE,INFEASIBLE,INFEASIBLE,INFEASIBLE,INFEASIBLE,INFEASIBLE,INFEASIBLE,INFEASIBLE,INFEASIBLE,INFEASIBLE,INFEASIBLE,INFEASIBLE,INFEASIBLE,INFEASIBLE,,INFEASIBLE,INFEASIBLE,INFEASIBLE,INFEASIBLE,INFEASIBLE,INFEASIBLE,INFEASIBLE,INFEASIBLE,INFEASIBLE,INFEASIBLE,INFEASIBLE,INFEASIBLE,INFEASIBLE,INFEASIBLE,INFEASIBLE,INFEASIBLE,INFEASIBLE,INFEASIBLE,INFEASIBLE,INFEASIBLE,INFEASIBLE,INFEASIBLE,INFEASIBLE,INFEASIBLE,INFEASIBLE,no_trials_in_band
gradual_bias,full,res_energy,1.0,0.25,budget_only,count,0.1,0.15,0.1,80,55,4,55,0.6875,0.05,0.6875,0.8275862068965522,0.21724137931034473,4.0,0.0,0.0,0.0,0.10909090909090909,0.10909090909090909,0.10909090909090909,0.10909090909090909,0.10909090909090909,0.07272727272727272,0.07272727272727272,1.0,6.0,6.0,6.0,6.0,6.0,6.0,6.0,6.0,6.0,6.0,NA,NA,2.606896551724137,0.8275862068965522,0.21724137931034473,0.0028703532180436053,-0.24688216516562364,0.8275862068965522,0.21724137931034473,0.0,0.0,0.0,0.0,0.0,OK,
gradual_bias,full,res_energy,1.0,0.5,budget_only,count,0.1,0.15,0.1,80,55,4,55,0.6875,0.05,0.6875,0.8275862068965522,0.21724137931034473,4.0,0.0,0.0,0.0,0.10909090909090909,0.10909090909090909,0.10909090909090909,0.10909090909090909,0.10909090909090909,0.07272727272727272,0.07272727272727272,1.0,6.0,6.0,6.0,6.0,6.0,6.0,6.0,6.0,6.0,6.0,NA,NA,2.606896551724137,0.8275862068965522,0.21724137931034473,0.0028703532180436053,-0.20322519358187924,0.8275862068965522,0.21724137931034473,0.0,0.0,0.0,0.0,0.0,OK,
gradual_bias,full,res_energy,1.0,0.75,budget_only,count,0.1,0.15,0.1,80,55,4,55,0.6875,0.05,0.6875,0.8275862068965522,0.21724137931034473,4.0,0.0,0.0,0.0,0.10909090909090909,0.10909090909090909,0.10909090909090909,0.10909090909090909,0.10909090909090909,0.07272727272727272,0.07272727272727272,1.0,6.0,6.0,6.0,6.0,6.0,6.0,6.0,6.0,6.0,6.0,NA,NA,2.606896551724137,0.8275862068965522,0.21724137931034473,0.0028703532180436053,-0.14681660449867892,0.8275862068965522,0.21724137931034473,0.0,0.0,0.0,0.0,0.0,OK,
gradual_bias,full,res_energy,1.0,1.0,budget_only,count,0.1,0.15,0.1,80,55,4,55,0.6875,0.05,0.6875,0.8275862068965522,0.21724137931034473,4.0,0.0,0.0,0.0,0.10909090909090909,0.10909090909090909,0.10909090909090909,0.10909090909090909,0.10909090909090909,0.07272727272727272,0.07272727272727272,1.0,6.0,6.0,6.0,6.0,6.0,6.0,6.0,6.0,6.0,6.0,NA,NA,2.606896551724137,0.8275862068965522,0.21724137931034473,0.0028703532180436053,-0.06658582947732873,0.8275862068965522,0.21724137931034473,0.0,0.0,0.0,0.0,0.0,OK,
gradual_bias,full,stale,1.0,0.25,budget_only,count,0.1,0.15,0.1,80,53,5,53,0.6625,0.0625,0.6625,0.827586206896552,0.2075471698113207,4.0,0.4339622641509434,0.16981132075471697,0.26415094339622647,0.5283018867924528,0.20754716981132076,0.5283018867924528,0.20754716981132076,0.1509433962264151,0.03773584905660377,0.03773584905660377,1.0,6.0,6.0,6.0,6.0,6.0,6.0,5.0,6.0,6.0,6.0,3.0,3.0,2.4593363695510733,0.8471047495120368,0.20494469746258945,0.38094473238117654,0.25471698113207547,0.827586206896552,0.2075471698113207,0.1383647798742138,0.20512820512820515,0.012578616352201252,0.12578616352201258,-0.038461538461538464,OK,
gradual_bias,full,stale,1.0,0.5,budget_only,count,0.1,0.15,0.1,80,53,5,53,0.6625,0.0625,0.6625,0.827586206896552,0.2075471698113207,4.0,0.32075471698113206,0.16981132075471697,0.1509433962264151,0.4716981132075472,0.2641509433962264,0.4716981132075472,0.2641509433962264,0.1509433962264151,0.03773584905660377,0.03773584905660377,1.0,6.0,6.0,6.0,6.0,6.0,6.0,6.0,6.0,6.0,6.0,3.0,3.0,2.4593363695510733,0.8666232921275214,0.20494469746258945,0.38094473238117654,0.04716981132075472,0.827586206896552,0.2075471698113207,0.18238993710691823,0.16666666666666666,-4.1895208476421e-18,0.18238993710691825,-0.15384615384615383,OK,
gradual_bias,full,stale,1.0,0.75,budget_only,count,0.1,0.15,0.1,80,53,5,53,0.6625,0.0625,0.6625,0.827586206896552,0.2075471698113207,4.0,0.37735849056603776,0.16981132075471697,0.2075471698113208,0.5283018867924528,0.22641509433962265,0.5283018867924528,0.22641509433962265,0.1509433962264151,0.03773584905660377,0.03773584905660377,1.0,6.0,6.0,6.0,6.0,6.0,6.0,5.0,6.0,6.0,6.0,3.0,3.0,2.4554326610279764,0.8783344176968122,0.20461938841899802,0.38094473238117654,0.028301886792452838,0.827586206896552,0.2075471698113207,0.19182389937106917,0.16025641025641024,-0.022012578616352207,0.19182389937106917,-0.16025641025641027,OK,
gradual_bias,full,stale,1.0,1.0,budget_only,count,0.1,0.15,0.1,80,53,5,53,0.6625,0.0625,0.6625,0.827586206896552,0.2075471698113207,4.0,0.3584905660377358,0.16981132075471697,0.18867924528301885,0.4716981132075472,0.22641509433962265,0.4716981132075472,0.22641509433962265,0.1509433962264151,0.03773584905660377,0.03773584905660377,1.0,6.0,6.0,6.0,6.0,6.0,6.0,6.0,6.0,6.0,6.0,3.0,3.0,2.4398178269355886,0.8549121665582307,0.20331815224463237,0.38094473238117654,0.05660377358490566,0.827586206896552,0.2075471698113207,0.16666666666666666,0.19871794871794873,-0.05345911949685535,0.15408805031446543,-0.18589743589743588,OK,
gradual_bias,score_only,T2,1.0,0.25,budget_only,count,0.1,0.15,0.1,80,52,0,52,0.65,0.0,0.65,0.827586206896552,0.23872679045092837,4.0,0.019230769230769232,0.019230769230769232,0.0,0.07692307692307693,0.057692307692307696,0.07692307692307693,0.057692307692307696,0.057692307692307696,0.0,0.0,1.0,6.0,6.0,6.0,6.0,6.0,6.0,6.0,6.0,6.0,6.0,2.0,2.0,2.864721485411141,0.827586206896552,0.23872679045092837,0.004218040779909174,-0.03458459250382428,0.827586206896552,0.23872679045092837,0.0,0.0,0.0,0.0,0.0,OK,
gradual_bias,score_only,T2,1.0,0.5,budget_only,count,0.1,0.15,0.1,80,52,0,52,0.65,0.0,0.65,0.827586206896552,0.23872679045092837,4.0,0.019230769230769232,0.019230769230769232,0.0,0.07692307692307693,0.057692307692307696,0.07692307692307693,0.057692307692307696,0.057692307692307696,0.0,0.0,1.0,6.0,6.0,6.0,6.0,6.0,6.0,6.0,6.0,6.0,6.0,2.0,2.0,2.864721485411141,0.827586206896552,0.23872679045092837,0.004218040779909174,0.0038225996958592434,0.827586206896552,0.23872679045092837,0.0,0.0,0.0,0.0,0.0,OK,
gradual_bias,score_only,T2,1.0,0.75,budget_only,count,0.1,0.15,0.1,80,52,0,52,0.65,0.0,0.65,0.827586206896552,0.23872679045092837,4.0,0.019230769230769232,0.019230769230769232,0.0,0.07692307692307693,0.057692307692307696,0.07692307692307693,0.057692307692307696,0.057692307692307696,0.0,0.0,1.0,6.0,6.0,6.0,6.0,6.0,6.0,6.0,6.0,6.0,6.0,2.0,2.0,2.864721485411141,0.827586206896552,0.23872679045092837,0.004218040779909174,0.04538006154228776,0.827586206896552,0.23872679045092837,0.0,0.0,0.0,0.0,0.0,OK,
gradual_bias,score_only,T2,1.0,1.0,budget_only,count,0.1,0.15,0.1,80,52,0,52,0.65,0.0,0.65,0.827586206896552,0.23872679045092837,4.0,0.09615384615384616,0.019230769230769232,0.07692307692307693,0.15384615384615385,0.057692307692307696,0.15384615384615385,0.057692307692307696,0.057692307692307696,0.0,0.0,1.0,6.0,6.0,6.0,6.0,6.0,6.0,6.0,6.0,6.0,6.0,5.0,2.0,2.864721485411141,0.827586206896552,0.23872679045092837,0.004218040779909174,0.09181043162727305,0.827586206896552,0.23872679045092837,0.01282051282051282,0.0,0.01282051282051282,0.01282051282051282,0.0,OK,
gradual_bias,score_only,coh_resid_energy,1.0,0.25,budget_only,count,0.1,0.15,0.1,80,80,14,80,1.0,0.175,1.0,0.946551724137931,0.1872844827586207,4.575,0.3125,0.4375,-0.125,0.375,0.25,0.375,0.25,0.075,0.175,0.175,1.0,6.0,6.0,6.0,6.0,6.0,6.0,6.0,6.0,6.0,6.0,1.0,2.0,2.2396551724137934,0.946551724137931,0.18663793103448276,0.005812958848677469,0.18135886311229635,0.946551724137931,0.1872844827586207,0.020833333333333332,0.0,-0.020833333333333332,0.020833333333333332,0.0,OK,
gradual_bias,score_only,coh_resid_energy,1.0,0.5,budget_only,count,0.1,0.15,0.1,80,80,14,80,1.0,0.175,1.0,0.946551724137931,0.1872844827586207,4.575,0.3125,0.4375,-0.125,0.375,0.25,0.375,0.25,0.075,0.175,0.175,1.0,6.0,6.0,6.0,6.0,6.0,6.0,6.0,6.0,6.0,6.0,1.0,2.0,2.2163793103448275,0.946551724137931,0.18469827586206897,0.005812958848677469,0.2416243151126305,0.946551724137931,0.1872844827586207,0.020833333333333332,0.0,-0.020833333333333332,0.020833333333333332,0.0,OK,
gradual_bias,score_only,coh_resid_energy,1.0,0.75,budget_only,count,0.1,0.15,0.1,80,80,14,80,1.0,0.175,1.0,0.946551724137931,0.1872844827586207,4.575,0.3375,0.4375,-0.09999999999999998,0.4,0.25,0.4,0.25,0.075,0.175,0.175,1.0,6.0,6.0,6.0,6.0,6.0,6.0,6.0,6.0,6.0,6.0,1.0,2.0,2.1956896551724134,0.9310344827586207,0.1829741379310345,0.005812958848677469,0.3428881129562777,0.946551724137931,0.1872844827586207,0.020833333333333332,0.008438818565400843,-0.012499999999999999,0.020833333333333332,-0.008438818565400843,OK,
gradual_bias,score_only,coh_resid_energy,1.0,1.0,budget_only,count,0.1,0.15,0.1,80,80,14,80,1.0,0.175,1.0,0.946551724137931,0.1872844827586207,4.575,0.35,0.4375,-0.08750000000000002,0.4125,0.25,0.4125,0.25,0.075,0.175,0.175,1.0,6.0,6.0,6.0,6.0,6.0,6.0,6.0,6.0,6.0,6.0,1.5,2.0,2.169827586206897,0.9051724137931035,0.18081896551724136,0.005812958848677469,0.4749652561092635,0.946551724137931,0.1872844827586207,0.01875,0.016877637130801686,-0.010416666666666666,0.01875,-0.016877637130801686,OK,
gradual_bias,score_only,coh_resid_t2,1.0,0.25,budget_only,count,0.1,0.15,0.1,80,80,7,80,1.0,0.0875,1.0,0.9543103448275861,0.22133620689655173,4.6125,0.3875,0.3875,0.0,0.4625,0.2875,0.4625,0.2875,0.15,0.0875,0.0875,1.0,6.0,6.0,6.0,6.0,6.0,6.0,6.0,6.0,6.0,6.0,2.0,2.0,2.6508620689655173,0.9543103448275861,0.2209051724137931,0.0090853358852878,0.3128037613059365,0.9543103448275861,0.22133620689655173,0.004166666666666667,0.008438818565400843,0.004166666666666666,0.004166666666666666,-0.008438818565400843,OK,
gradual_bias,score_only,coh_resid_t2,1.0,0.5,budget_only,count,0.1,0.15,0.1,80,80,7,80,1.0,0.0875,1.0,0.9543103448275861,0.22133620689655173,4.6125,0.65,0.3875,0.2625,0.7125,0.2875,0.7125,0.2875,0.15,0.0875,0.0875,1.0,5.0,6.0,5.0,6.0,6.0,6.0,4.0,6.0,5.0,6.0,4.0,2.0,2.6043103448275864,0.9077586206896552,0.2170258620689655,0.0090853358852878,0.9166399498812409,0.9543103448275861,0.22133620689655173,0.08333333333333333,0.02109704641350211,0.08333333333333333,0.08333333333333333,-0.02109704641350211,OK,
gradual_bias,score_only,coh_resid_t2,1.0,0.75,budget_only,count,0.1,0.15,0.1,80,80,7,80,1.0,0.0875,1.0,0.9543103448275861,0.22133620689655173,4.6125,0.85,0.3875,0.46249999999999997,0.9375,0.2875,0.9375,0.2875,0.15,0.0875,0.0875,1.0,3.0,6.0,3.0,6.0,6.0,6.0,3.0,5.0,3.0,6.0,3.0,2.0,2.5241379310344834,0.8637931034482758,0.2103448275862069,0.0090853358852878,1.8254388290675547,0.9543103448275861,0.22133620689655173,0.2125,0.04219409282700422,0.20416666666666666,0.20416666666666666,-0.04219409282700422,OK,
gradual_bias,score_only,coh_resid_t2,1.0,1.0,budget_only,count,0.1,0.15,0.1,80,80,7,80,1.0,0.0875,1.0,0.9543103448275861,0.22133620689655173,4.6125,0.9,0.3875,0.5125,1.0,0.2875,1.0,0.2875,0.15,0.0875,0.0875,1.0,3.0,6.0,3.0,5.1000000000000085,6.0,6.0,3.0,4.0,3.0,5.1000000000000085,3.0,2.0,2.5060344827586207,0.8560344827586206,0.20883620689655175,0.0090853358852878,2.95502111206729,0.9543103448275861,0.22133620689655173,0.32708333333333334,0.05485232067510548,0.31875,0.31875,-0.05485232067510548,OK,
gradual_bias,score_only,cusum_coh_resid_t2,1.0,0.25,budget_only,count,0.1,0.15,0.1,80,38,0,38,0.475,0.0,0.475,1.0508166969147006,0.2254990925589837,5.078947368421052,0.5,0.47368421052631576,0.026315789473684237,0.5526315789473685,0.2894736842105263,0.5526315789473685,0.2894736842105263,0.10526315789473684,0.0,0.0,1.0,5.5,6.0,5.5,6.0,6.0,6.0,3.5,6.0,5.5,6.0,2.0,2.0,2.7059891107078036,1.0508166969147006,0.2254990925589837,NA,-0.02596479073659053,1.0508166969147006,0.2254990925589837,0.03947368421052632,0.0,0.03947368421052631,0.03947368421052631,0.0,OK,
gradual_bias,score_only,cusum_coh_resid_t2,1.0,0.5,budget_only,count,0.1,0.15,0.1,80,38,0,38,0.475,0.0,0.475,1.0508166969147006,0.2254990925589837,5.078947368421052,0.9210526315789473,0.47368421052631576,0.4473684210526316,0.9473684210526315,0.2894736842105263,0.9473684210526315,0.2894736842105263,0.10526315789473684,0.0,0.0,1.0,4.5,6.0,4.5,5.0,6.0,6.0,3.0,5.0,4.5,5.0,4.0,2.0,2.6950998185117965,1.0508166969147006,0.22459165154264973,NA,0.5878133899839252,1.0508166969147006,0.2254990925589837,0.1973684210526316,0.05405405405405406,0.19736842105263158,0.19736842105263158,-0.05405405405405406,OK,
gradual_bias,score_only,cusum_coh_resid_t2,1.0,0.75,budget_only,count,0.1,0.15,0.1,80,38,0,38,0.475,0.0,0.475,1.0508166969147006,0.2254990925589837,5.078947368421052,0.9473684210526315,0.47368421052631576,0.47368421052631576,1.0,0.2894736842105263,1.0,0.2894736842105263,0.10526315789473684,0.0,0.0,1.0,3.0,6.0,3.0,4.0,6.0,6.0,3.0,4.0,3.0,4.0,3.0,2.0,2.6950998185117965,1.0562613430127044,0.22459165154264973,NA,1.4855410706587044,1.0508166969147006,0.2254990925589837,0.35964912280701755,0.07207207207207207,0.35964912280701755,0.35964912280701755,-0.05405405405405406,OK,
gradual_bias,score_only,cusum_coh_resid_t2,1.0,1.0,budget_only,count,0.1,0.15,0.1,80,38,0,38,0.475,0.0,0.475,1.0508166969147006,0.2254990925589837,5.078947368421052,0.9210526315789473,0.47368421052631576,0.4473684210526316,1.0,0.2894736842105263,1.0,0.2894736842105263,0.10526315789473684,0.0,0.0,1.0,2.5,6.0,2.5,3.3000000000000043,6.0,6.0,2.0,3.0,2.5,3.3000000000000043,2.0,2.0,2.7005444646098002,1.061705989110708,0.22504537205081673,NA,2.610784350339498,1.0508166969147006,0.2254990925589837,0.4385964912280701,0.08108108108108107,0.4298245614035087,0.4298245614035087,-0.04504504504504504,OK,
gradual_bias,score_only,cusum_factor_cov_lrt,1.0,0.25,budget_only,count,0.1,0.15,0.1,80,77,0,77,0.9625,0.0,0.9625,1.1500223914017016,0.4171518137035378,5.558441558441558,0.5194805194805194,0.5194805194805194,0.0,0.9090909090909091,0.6493506493506493,0.9090909090909091,0.6493506493506493,0.42857142857142855,0.0,0.0,1.0,5.0,5.0,5.0,6.0,5.0,6.0,0.0,5.0,5.0,6.0,2.0,2.0,5.005821764442454,1.155396327810121,0.4171518137035378,NA,0.29557140403289267,1.1500223914017016,0.4171518137035378,0.0,0.0,0.0,0.0,0.0,OK,
gradual_bias,score_only,cusum_factor_cov_lrt,1.0,0.5,budget_only,count,0.1,0.15,0.1,80,77,0,77,0.9625,0.0,0.9625,1.1500223914017016,0.4171518137035378,5.558441558441558,0.5194805194805194,0.5194805194805194,0.0,0.9090909090909091,0.6493506493506493,0.9090909090909091,0.6493506493506493,0.42857142857142855,0.0,0.0,1.0,5.0,5.0,5.0,6.0,5.0,6.0,0.0,5.0,5.0,6.0,2.0,2.0,5.003134796238244,1.1688311688311686,0.4169278996865204,NA,0.2934964439865906,1.1500223914017016,0.4171518137035378,0.006493506493506494,0.02631578947368421,0.006493506493506492,0.006493506493506492,-0.01754385964912281,OK,
gradual_bias,score_only,cusum_factor_cov_lrt,1.0,0.75,budget_only,count,0.1,0.15,0.1,80,77,0,77,0.9625,0.0,0.9625,1.1500223914017016,0.4171518137035378,5.558441558441558,0.5194805194805194,0.5194805194805194,0.0,0.9090909090909091,0.6493506493506493,0.9090909090909091,0.6493506493506493,0.42857142857142855,0.0,0.0,1.0,5.0,5.0,5.0,6.0,5.0,6.0,0.0,5.0,5.0,6.0,2.0,2.0,5.003134796238244,1.1688311688311686,0.4169278996865204,NA,0.290502760808107,1.1500223914017016,0.4171518137035378,0.006493506493506494,0.02631578947368421,0.006493506493506492,0.006493506493506492,-0.01754385964912281,OK,
gradual_bias,score_only,cusum_factor_cov_lrt,1.0,1.0,budget_only,count,0.1,0.15,0.1,80,77,0,77,0.9625,0.0,0.9625,1.1500223914017016,0.4171518137035378,5.558441558441558,0.5454545454545454,0.5194805194805194,0.025974025974025983,0.935064935064935,0.6493506493506493,0.935064935064935,0.6493506493506493,0.42857142857142855,0.0,0.0,1.0,5.0,5.0,5.0,6.0,5.0,6.0,0.0,5.0,5.0,6.0,2.0,2.0,5.003134796238244,1.1634572324227495,0.4169278996865204,NA,0.2899758489157125,1.1500223914017016,0.4171518137035378,0.010822510822510822,0.043859649122807015,0.01082251082251082,0.01082251082251082,-0.03508771929824561,OK,
gradual_bias,score_only,ewma_coh_resid_t2,1.0,0.25,budget_only,count,0.1,0.15,0.1,80,80,0,80,1.0,0.0,1.0,0.9543103448275861,0.2538793103448276,4.6125,0.425,0.4125,0.012500000000000011,0.5,0.275,0.5,0.275,0.125,0.0,0.0,1.0,6.0,6.0,6.0,6.0,6.0,6.0,5.5,6.0,6.0,6.0,2.5,2.0,3.077586206896552,0.9543103448275861,0.25646551724137934,0.0074045382994429605,0.281459208323673,0.9543103448275861,0.2538793103448276,0.0125,0.012658227848101266,0.0125,0.0125,0.012658227848101266,OK,
gradual_bias,score_only,ewma_coh_resid_t2,1.0,0.5,budget_only,count,0.1,0.15,0.1,80,80,0,80,1.0,0.0,1.0,0.9543103448275861,0.2538793103448276,4.6125,0.65,0.4125,0.23750000000000004,0.725,0.275,0.725,0.275,0.125,0.0,0.0,1.0,5.0,6.0,5.0,6.0,6.0,6.0,4.0,6.0,5.0,6.0,3.5,2.0,3.038793103448276,0.9258620689655173,0.25323275862068967,0.0074045382994429605,0.4037764793869937,0.9543103448275861,0.2538793103448276,0.07916666666666666,0.025316455696202528,0.07916666666666666,0.07916666666666666,0.025316455696202528,OK,
gradual_bias,score_only,ewma_coh_resid_t2,1.0,0.75,budget_only,count,0.1,0.15,0.1,80,80,0,80,1.0,0.0,1.0,0.9543103448275861,0.2538793103448276,4.6125,0.8125,0.4125,0.4,0.8875,0.2875,0.8875,0.2875,0.125,0.0,0.0,1.0,4.0,6.0,4.0,6.0,6.0,6.0,3.0,6.0,4.0,6.0,4.0,2.0,2.9560344827586205,0.8948275862068964,0.24633620689655172,0.0074045382994429605,0.6273702167168059,0.9543103448275861,0.2538793103448276,0.1833333333333333,0.10126582278481011,0.18333333333333332,0.18333333333333332,0.04219409282700422,OK,
gradual_bias,score_only,ewma_coh_resid_t2,1.0,1.0,budget_only,count,0.1,0.15,0.1,80,80,0,80,1.0,0.0,1.0,0.9543103448275861,0.2538793103448276,4.6125,0.925,0.4125,0.5125000000000001,1.0,0.2875,1.0,0.2875,0.125,0.0,0.0,1.0,3.0,6.0,3.0,5.0,6.0,6.0,3.0,5.0,3.0,5.0,3.0,2.0,2.9198275862068965,0.8508620689655173,0.24331896551724141,0.0074045382994429605,0.86899902746104,0.9543103448275861,0.2538793103448276,0.2770833333333333,0.10970464135021096,0.2770833333333333,0.2770833333333333,0.04219409282700422,OK,
gradual_bias,score_only,ewma_factor_cov_lrt,INFEASIBLE,0.25,budget_only,count,INFEASIBLE,INFEASIBLE,INFEASIBLE,INFEASIBLE,INFEASIBLE,INFEASIBLE,INFEASIBLE,INFEASIBLE,INFEASIBLE,INFEASIBLE,INFEASIBLE,INFEASIBLE,INFEASIBLE,INFEASIBLE,INFEASIBLE,INFEASIBLE,INFEASIBLE,INFEASIBLE,INFEASIBLE,INFEASIBLE,INFEASIBLE,INFEASIBLE,INFEASIBLE,,INFEASIBLE,INFEASIBLE,INFEASIBLE,INFEASIBLE,INFEASIBLE,INFEASIBLE,INFEASIBLE,INFEASIBLE,INFEASIBLE,INFEASIBLE,INFEASIBLE,INFEASIBLE,INFEASIBLE,INFEASIBLE,INFEASIBLE,INFEASIBLE,INFEASIBLE,INFEASIBLE,INFEASIBLE,INFEASIBLE,INFEASIBLE,INFEASIBLE,INFEASIBLE,INFEASIBLE,INFEASIBLE,no_trials_in_band
gradual_bias,score_only,ewma_factor_cov_lrt,INFEASIBLE,0.5,budget_only,count,INFEASIBLE,INFEASIBLE,INFEASIBLE,INFEASIBLE,INFEASIBLE,INFEASIBLE,INFEASIBLE,INFEASIBLE,INFEASIBLE,INFEASIBLE,INFEASIBLE,INFEASIBLE,INFEASIBLE,INFEASIBLE,INFEASIBLE,INFEASIBLE,INFEASIBLE,INFEASIBLE,INFEASIBLE,INFEASIBLE,INFEASIBLE,INFEASIBLE,INFEASIBLE,,INFEASIBLE,INFEASIBLE,INFEASIBLE,INFEASIBLE,INFEASIBLE,INFEASIBLE,INFEASIBLE,INFEASIBLE,INFEASIBLE,INFEASIBLE,INFEASIBLE,INFEASIBLE,INFEASIBLE,INFEASIBLE,INFEASIBLE,INFEASIBLE,INFEASIBLE,INFEASIBLE,INFEASIBLE,INFEASIBLE,INFEASIBLE,INFEASIBLE,INFEASIBLE,INFEASIBLE,INFEASIBLE,no_trials_in_band
gradual_bias,score_only,ewma_factor_cov_lrt,INFEASIBLE,0.75,budget_only,count,INFEASIBLE,INFEASIBLE,INFEASIBLE,INFEASIBLE,INFEASIBLE,INFEASIBLE,INFEASIBLE,INFEASIBLE,INFEASIBLE,INFEASIBLE,INFEASIBLE,INFEASIBLE,INFEASIBLE,INFEASIBLE,INFEASIBLE,INFEASIBLE,INFEASIBLE,INFEASIBLE,INFEASIBLE,INFEASIBLE,INFEASIBLE,INFEASIBLE,INFEASIBLE,,INFEASIBLE,INFEASIBLE,INFEASIBLE,INFEASIBLE,INFEASIBLE,INFEASIBLE,INFEASIBLE,INFEASIBLE,INFEASIBLE,INFEASIBLE,INFEASIBLE,INFEASIBLE,INFEASIBLE,INFEASIBLE,INFEASIBLE,INFEASIBLE,INFEASIBLE,INFEASIBLE,INFEASIBLE,INFEASIBLE,INFEASIBLE,INFEASIBLE,INFEASIBLE,INFEASIBLE,INFEASIBLE,no_trials_in_band
gradual_bias,score_only,ewma_factor_cov_lrt,INFEASIBLE,1.0,budget_only,count,INFEASIBLE,INFEASIBLE,INFEASIBLE,INFEASIBLE,INFEASIBLE,INFEASIBLE,INFEASIBLE,INFEASIBLE,INFEASIBLE,INFEASIBLE,INFEASIBLE,INFEASIBLE,INFEASIBLE,INFEASIBLE,INFEASIBLE,INFEASIBLE,INFEASIBLE,INFEASIBLE,INFEASIBLE,INFEASIBLE,INFEASIBLE,INFEASIBLE,INFEASIBLE,,INFEASIBLE,INFEASIBLE,INFEASIBLE,INFEASIBLE,INFEASIBLE,INFEASIBLE,INFEASIBLE,INFEASIBLE,INFEASIBLE,INFEASIBLE,INFEASIBLE,INFEASIBLE,INFEASIBLE,INFEASIBLE,INFEASIBLE,INFEASIBLE,INFEASIBLE,INFEASIBLE,INFEASIBLE,INFEASIBLE,INFEASIBLE,INFEASIBLE,INFEASIBLE,INFEASIBLE,INFEASIBLE,no_trials_in_band
gradual_bias,score_only,factor_cov_change,INFEASIBLE,0.25,budget_only,count,INFEASIBLE,INFEASIBLE,INFEASIBLE,INFEASIBLE,INFEASIBLE,INFEASIBLE,INFEASIBLE,INFEASIBLE,INFEASIBLE,INFEASIBLE,INFEASIBLE,INFEASIBLE,INFEASIBLE,INFEASIBLE,INFEASIBLE,INFEASIBLE,INFEASIBLE,INFEASIBLE,INFEASIBLE,INFEASIBLE,INFEASIBLE,INFEASIBLE,INFEASIBLE,,INFEASIBLE,INFEASIBLE,INFEASIBLE,INFEASIBLE,INFEASIBLE,INFEASIBLE,INFEASIBLE,INFEASIBLE,INFEASIBLE,INFEASIBLE,INFEASIBLE,INFEASIBLE,INFEASIBLE,INFEASIBLE,INFEASIBLE,INFEASIBLE,INFEASIBLE,INFEASIBLE,INFEASIBLE,INFEASIBLE,INFEASIBLE,INFEASIBLE,INFEASIBLE,INFEASIBLE,INFEASIBLE,no_trials_in_band
gradual_bias,score_only,factor_cov_change,INFEASIBLE,0.5,budget_only,count,INFEASIBLE,INFEASIBLE,INFEASIBLE,INFEASIBLE,INFEASIBLE,INFEASIBLE,INFEASIBLE,INFEASIBLE,INFEASIBLE,INFEASIBLE,INFEASIBLE,INFEASIBLE,INFEASIBLE,INFEASIBLE,INFEASIBLE,INFEASIBLE,INFEASIBLE,INFEASIBLE,INFEASIBLE,INFEASIBLE,INFEASIBLE,INFEASIBLE,INFEASIBLE,,INFEASIBLE,INFEASIBLE,INFEASIBLE,INFEASIBLE,INFEASIBLE,INFEASIBLE,INFEASIBLE,INFEASIBLE,INFEASIBLE,INFEASIBLE,INFEASIBLE,INFEASIBLE,INFEASIBLE,INFEASIBLE,INFEASIBLE,INFEASIBLE,INFEASIBLE,INFEASIBLE,INFEASIBLE,INFEASIBLE,INFEASIBLE,INFEASIBLE,INFEASIBLE,INFEASIBLE,INFEASIBLE,no_trials_in_band
gradual_bias,score_only,factor_cov_change,INFEASIBLE,0.75,budget_only,count,INFEASIBLE,INFEASIBLE,INFEASIBLE,INFEASIBLE,INFEASIBLE,INFEASIBLE,INFEASIBLE,INFEASIBLE,INFEASIBLE,INFEASIBLE,INFEASIBLE,INFEASIBLE,INFEASIBLE,INFEASIBLE,INFEASIBLE,INFEASIBLE,INFEASIBLE,INFEASIBLE,INFEASIBLE,INFEASIBLE,INFEASIBLE,INFEASIBLE,INFEASIBLE,,INFEASIBLE,INFEASIBLE,INFEASIBLE,INFEASIBLE,INFEASIBLE,INFEASIBLE,INFEASIBLE,INFEASIBLE,INFEASIBLE,INFEASIBLE,INFEASIBLE,INFEASIBLE,INFEASIBLE,INFEASIBLE,INFEASIBLE,INFEASIBLE,INFEASIBLE,INFEASIBLE,INFEASIBLE,INFEASIBLE,INFEASIBLE,INFEASIBLE,INFEASIBLE,INFEASIBLE,INFEASIBLE,no_trials_in_band
gradual_bias,score_only,factor_cov_change,INFEASIBLE,1.0,budget_only,count,INFEASIBLE,INFEASIBLE,INFEASIBLE,INFEASIBLE,INFEASIBLE,INFEASIBLE,INFEASIBLE,INFEASIBLE,INFEASIBLE,INFEASIBLE,INFEASIBLE,INFEASIBLE,INFEASIBLE,INFEASIBLE,INFEASIBLE,INFEASIBLE,INFEASIBLE,INFEASIBLE,INFEASIBLE,INFEASIBLE,INFEASIBLE,INFEASIBLE,INFEASIBLE,,INFEASIBLE,INFEASIBLE,INFEASIBLE,INFEASIBLE,INFEASIBLE,INFEASIBLE,INFEASIBLE,INFEASIBLE,INFEASIBLE,INFEASIBLE,INFEASIBLE,INFEASIBLE,INFEASIBLE,INFEASIBLE,INFEASIBLE,INFEASIBLE,INFEASIBLE,INFEASIBLE,INFEASIBLE,INFEASIBLE,INFEASIBLE,INFEASIBLE,INFEASIBLE,INFEASIBLE,INFEASIBLE,no_trials_in_band
gradual_bias,score_only,factor_cov_delta,INFEASIBLE,0.25,budget_only,count,INFEASIBLE,INFEASIBLE,INFEASIBLE,INFEASIBLE,INFEASIBLE,INFEASIBLE,INFEASIBLE,INFEASIBLE,INFEASIBLE,INFEASIBLE,INFEASIBLE,INFEASIBLE,INFEASIBLE,INFEASIBLE,INFEASIBLE,INFEASIBLE,INFEASIBLE,INFEASIBLE,INFEASIBLE,INFEASIBLE,INFEASIBLE,INFEASIBLE,INFEASIBLE,,INFEASIBLE,INFEASIBLE,INFEASIBLE,INFEASIBLE,INFEASIBLE,INFEASIBLE,INFEASIBLE,INFEASIBLE,INFEASIBLE,INFEASIBLE,INFEASIBLE,INFEASIBLE,INFEASIBLE,INFEASIBLE,INFEASIBLE,INFEASIBLE,INFEASIBLE,INFEASIBLE,INFEASIBLE,INFEASIBLE,INFEASIBLE,INFEASIBLE,INFEASIBLE,INFEASIBLE,INFEASIBLE,no_trials_in_band
gradual_bias,score_only,factor_cov_delta,INFEASIBLE,0.5,budget_only,count,INFEASIBLE,INFEASIBLE,INFEASIBLE,INFEASIBLE,INFEASIBLE,INFEASIBLE,INFEASIBLE,INFEASIBLE,INFEASIBLE,INFEASIBLE,INFEASIBLE,INFEASIBLE,INFEASIBLE,INFEASIBLE,INFEASIBLE,INFEASIBLE,INFEASIBLE,INFEASIBLE,INFEASIBLE,INFEASIBLE,INFEASIBLE,INFEASIBLE,INFEASIBLE,,INFEASIBLE,INFEASIBLE,INFEASIBLE,INFEASIBLE,INFEASIBLE,INFEASIBLE,INFEASIBLE,INFEASIBLE,INFEASIBLE,INFEASIBLE,INFEASIBLE,INFEASIBLE,INFEASIBLE,INFEASIBLE,INFEASIBLE,INFEASIBLE,INFEASIBLE,INFEASIBLE,INFEASIBLE,INFEASIBLE,INFEASIBLE,INFEASIBLE,INFEASIBLE,INFEASIBLE,INFEASIBLE,no_trials_in_band
gradual_bias,score_only,factor_cov_delta,INFEASIBLE,0.75,budget_only,count,INFEASIBLE,INFEASIBLE,INFEASIBLE,INFEASIBLE,INFEASIBLE,INFEASIBLE,INFEASIBLE,INFEASIBLE,INFEASIBLE,INFEASIBLE,INFEASIBLE,INFEASIBLE,INFEASIBLE,INFEASIBLE,INFEASIBLE,INFEASIBLE,INFEASIBLE,INFEASIBLE,INFEASIBLE,INFEASIBLE,INFEASIBLE,INFEASIBLE,INFEASIBLE,,INFEASIBLE,INFEASIBLE,INFEASIBLE,INFEASIBLE,INFEASIBLE,INFEASIBLE,INFEASIBLE,INFEASIBLE,INFEASIBLE,INFEASIBLE,INFEASIBLE,INFEASIBLE,INFEASIBLE,INFEASIBLE,INFEASIBLE,INFEASIBLE,INFEASIBLE,INFEASIBLE,INFEASIBLE,INFEASIBLE,INFEASIBLE,INFEASIBLE,INFEASIBLE,INFEASIBLE,INFEASIBLE,no_trials_in_band
gradual_bias,score_only,factor_cov_delta,INFEASIBLE,1.0,budget_only,count,INFEASIBLE,INFEASIBLE,INFEASIBLE,INFEASIBLE,INFEASIBLE,INFEASIBLE,INFEASIBLE,INFEASIBLE,INFEASIBLE,INFEASIBLE,INFEASIBLE,INFEASIBLE,INFEASIBLE,INFEASIBLE,INFEASIBLE,INFEASIBLE,INFEASIBLE,INFEASIBLE,INFEASIBLE,INFEASIBLE,INFEASIBLE,INFEASIBLE,INFEASIBLE,,INFEASIBLE,INFEASIBLE,INFEASIBLE,INFEASIBLE,INFEASIBLE,INFEASIBLE,INFEASIBLE,INFEASIBLE,INFEASIBLE,INFEASIBLE,INFEASIBLE,INFEASIBLE,INFEASIBLE,INFEASIBLE,INFEASIBLE,INFEASIBLE,INFEASIBLE,INFEASIBLE,INFEASIBLE,INFEASIBLE,INFEASIBLE,INFEASIBLE,INFEASIBLE,INFEASIBLE,INFEASIBLE,no_trials_in_band
gradual_bias,score_only,factor_cov_lrt,INFEASIBLE,0.25,budget_only,count,INFEASIBLE,INFEASIBLE,INFEASIBLE,INFEASIBLE,INFEASIBLE,INFEASIBLE,INFEASIBLE,INFEASIBLE,INFEASIBLE,INFEASIBLE,INFEASIBLE,INFEASIBLE,INFEASIBLE,INFEASIBLE,INFEASIBLE,INFEASIBLE,INFEASIBLE,INFEASIBLE,INFEASIBLE,INFEASIBLE,INFEASIBLE,INFEASIBLE,INFEASIBLE,,INFEASIBLE,INFEASIBLE,INFEASIBLE,INFEASIBLE,INFEASIBLE,INFEASIBLE,INFEASIBLE,INFEASIBLE,INFEASIBLE,INFEASIBLE,INFEASIBLE,INFEASIBLE,INFEASIBLE,INFEASIBLE,INFEASIBLE,INFEASIBLE,INFEASIBLE,INFEASIBLE,INFEASIBLE,INFEASIBLE,INFEASIBLE,INFEASIBLE,INFEASIBLE,INFEASIBLE,INFEASIBLE,no_trials_in_band
gradual_bias,score_only,factor_cov_lrt,INFEASIBLE,0.5,budget_only,count,INFEASIBLE,INFEASIBLE,INFEASIBLE,INFEASIBLE,INFEASIBLE,INFEASIBLE,INFEASIBLE,INFEASIBLE,INFEASIBLE,INFEASIBLE,INFEASIBLE,INFEASIBLE,INFEASIBLE,INFEASIBLE,INFEASIBLE,INFEASIBLE,INFEASIBLE,INFEASIBLE,INFEASIBLE,INFEASIBLE,INFEASIBLE,INFEASIBLE,INFEASIBLE,,INFEASIBLE,INFEASIBLE,INFEASIBLE,INFEASIBLE,INFEASIBLE,INFEASIBLE,INFEASIBLE,INFEASIBLE,INFEASIBLE,INFEASIBLE,INFEASIBLE,INFEASIBLE,INFEASIBLE,INFEASIBLE,INFEASIBLE,INFEASIBLE,INFEASIBLE,INFEASIBLE,INFEASIBLE,INFEASIBLE,INFEASIBLE,INFEASIBLE,INFEASIBLE,INFEASIBLE,INFEASIBLE,no_trials_in_band
gradual_bias,score_only,factor_cov_lrt,INFEASIBLE,0.75,budget_only,count,INFEASIBLE,INFEASIBLE,INFEASIBLE,INFEASIBLE,INFEASIBLE,INFEASIBLE,INFEASIBLE,INFEASIBLE,INFEASIBLE,INFEASIBLE,INFEASIBLE,INFEASIBLE,INFEASIBLE,INFEASIBLE,INFEASIBLE,INFEASIBLE,INFEASIBLE,INFEASIBLE,INFEASIBLE,INFEASIBLE,INFEASIBLE,INFEASIBLE,INFEASIBLE,,INFEASIBLE,INFEASIBLE,INFEASIBLE,INFEASIBLE,INFEASIBLE,INFEASIBLE,INFEASIBLE,INFEASIBLE,INFEASIBLE,INFEASIBLE,INFEASIBLE,INFEASIBLE,INFEASIBLE,INFEASIBLE,INFEASIBLE,INFEASIBLE,INFEASIBLE,INFEASIBLE,INFEASIBLE,INFEASIBLE,INFEASIBLE,INFEASIBLE,INFEASIBLE,INFEASIBLE,INFEASIBLE,no_trials_in_band
gradual_bias,score_only,factor_cov_lrt,INFEASIBLE,1.0,budget_only,count,INFEASIBLE,INFEASIBLE,INFEASIBLE,INFEASIBLE,INFEASIBLE,INFEASIBLE,INFEASIBLE,INFEASIBLE,INFEASIBLE,INFEASIBLE,INFEASIBLE,INFEASIBLE,INFEASIBLE,INFEASIBLE,INFEASIBLE,INFEASIBLE,INFEASIBLE,INFEASIBLE,INFEASIBLE,INFEASIBLE,INFEASIBLE,INFEASIBLE,INFEASIBLE,,INFEASIBLE,INFEASIBLE,INFEASIBLE,INFEASIBLE,INFEASIBLE,INFEASIBLE,INFEASIBLE,INFEASIBLE,INFEASIBLE,INFEASIBLE,INFEASIBLE,INFEASIBLE,INFEASIBLE,INFEASIBLE,INFEASIBLE,INFEASIBLE,INFEASIBLE,INFEASIBLE,INFEASIBLE,INFEASIBLE,INFEASIBLE,INFEASIBLE,INFEASIBLE,INFEASIBLE,INFEASIBLE,no_trials_in_band
gradual_bias,score_only,factor_cov_lrt_delta,1.0,0.25,budget_only,count,0.1,0.15,0.1,80,78,39,78,0.975,0.4875,0.975,0.952254641909814,0.15694076038903623,4.602564102564102,0.41025641025641024,0.41025641025641024,0.0,0.5,0.2564102564102564,0.5,0.2564102564102564,0.08974358974358974,0.2564102564102564,0.2564102564102564,1.0,6.0,6.0,6.0,6.0,6.0,6.0,5.5,6.0,6.0,6.0,2.0,2.0,1.9018567639257289,0.9575596816976125,0.15848806366047746,0.06745701986861259,0.11149066709550279,0.952254641909814,0.15694076038903623,0.0,0.017316017316017316,0.0,0.0,0.017316017316017316,OK,
gradual_bias,score_only,factor_cov_lrt_delta,1.0,0.5,budget_only,count,0.1,0.15,0.1,80,78,39,78,0.975,0.4875,0.975,0.952254641909814,0.15694076038903623,4.602564102564102,0.34615384615384615,0.41025641025641024,-0.0641025641025641,0.4358974358974359,0.20512820512820512,0.4358974358974359,0.20512820512820512,0.08974358974358974,0.20512820512820512,0.20512820512820512,1.0,6.0,6.0,6.0,6.0,6.0,6.0,6.0,6.0,6.0,6.0,2.0,2.0,1.8938992042440315,0.9442970822281166,0.15782493368700265,0.06745701986861259,0.13440938906437608,0.952254641909814,0.15694076038903623,0.010683760683760682,0.03463203463203463,-0.010683760683760682,0.010683760683760682,0.017316017316017316,OK,
gradual_bias,score_only,factor_cov_lrt_delta,1.0,0.75,budget_only,count,0.1,0.15,0.1,80,78,39,78,0.975,0.4875,0.975,0.952254641909814,0.15694076038903623,4.602564102564102,0.3333333333333333,0.41025641025641024,-0.07692307692307693,0.4230769230769231,0.20512820512820512,0.4230769230769231,0.20512820512820512,0.08974358974358974,0.20512820512820512,0.20512820512820512,1.0,6.0,6.0,6.0,6.0,6.0,6.0,6.0,6.0,6.0,6.0,2.0,2.0,1.909814323607427,0.9575596816976125,0.15915119363395225,0.06745701986861259,0.1482838981415042,0.952254641909814,0.15694076038903623,0.017094017094017092,0.05627705627705627,-0.012820512820512818,0.017094017094017092,0.03896103896103897,OK,
gradual_bias,score_only,factor_cov_lrt_delta,1.0,1.0,budget_only,count,0.1,0.15,0.1,80,78,39,78,0.975,0.4875,0.975,0.952254641909814,0.15694076038903623,4.602564102564102,0.3333333333333333,0.41025641025641024,-0.07692307692307693,0.4230769230769231,0.20512820512820512,0.4230769230769231,0.20512820512820512,0.08974358974358974,0.20512820512820512,0.20512820512820512,1.0,6.0,6.0,6.0,6.0,6.0,6.0,6.0,6.0,6.0,6.0,2.0,2.0,1.9071618037135272,0.949602122015915,0.15893015030946064,0.06745701986861259,0.1580293758674383,0.952254641909814,0.15694076038903623,0.029914529914529912,0.08225108225108224,-0.017094017094017092,0.021367521367521364,0.06493506493506493,OK,
gradual_bias,score_only,fused_fisher,1.0,0.25,budget_only,count,0.1,0.15,0.1,80,77,36,77,0.9625,0.45,0.9625,0.9592476489028211,0.15584415584415584,4.636363636363637,0.38961038961038963,0.36363636363636365,0.025974025974025983,0.4935064935064935,0.22077922077922077,0.4935064935064935,0.22077922077922077,0.1038961038961039,0.22077922077922077,0.22077922077922077,1.0,6.0,6.0,6.0,6.0,6.0,6.0,6.0,6.0,6.0,6.0,2.0,2.0,1.7572772055530674,0.8410210479175997,0.14643976712942228,0.014124291027802835,-0.11905006624936212,0.9592476489028211,0.15584415584415584,0.04761904761904761,0.08552631578947369,0.00432900432900433,0.03896103896103895,-0.03728070175438596,OK,
gradual_bias,score_only,fused_fisher,1.0,0.5,budget_only,count,0.1,0.15,0.1,80,77,36,77,0.9625,0.45,0.9625,0.9592476489028211,0.15584415584415584,4.636363636363637,0.45454545454545453,0.36363636363636365,0.09090909090909088,0.5584415584415584,0.22077922077922077,0.5584415584415584,0.22077922077922077,0.1038961038961039,0.22077922077922077,0.22077922077922077,1.0,6.0,6.0,6.0,6.0,6.0,6.0,5.0,6.0,6.0,6.0,3.0,2.0,1.7707120465741155,0.8598298253470668,0.14755933721450962,0.014124291027802835,-0.0955087924217448,0.9592476489028211,0.15584415584415584,0.08874458874458874,0.07017543859649122,0.028138528138528136,0.0670995670995671,-0.07017543859649122,OK,
gradual_bias,score_only,fused_fisher,1.0,0.75,budget_only,count,0.1,0.15,0.1,80,77,36,77,0.9625,0.45,0.9625,0.9592476489028211,0.15584415584415584,4.636363636363637,0.4155844155844156,0.36363636363636365,0.051948051948051965,0.5194805194805194,0.22077922077922077,0.5194805194805194,0.22077922077922077,0.1038961038961039,0.22077922077922077,0.22077922077922077,1.0,6.0,6.0,6.0,6.0,6.0,6.0,5.0,6.0,6.0,6.0,2.5,2.0,1.7760859829825348,0.8652037617554859,0.14800716524854454,0.014124291027802835,-0.08047313885043512,0.9592476489028211,0.15584415584415584,0.06926406926406926,0.07017543859649122,0.012987012987012986,0.06060606060606061,-0.07017543859649122,OK,
gradual_bias,score_only,fused_fisher,1.0,1.0,budget_only,count,0.1,0.15,0.1,80,77,36,77,0.9625,0.45,0.9625,0.9592476489028211,0.15584415584415584,4.636363636363637,0.37662337662337664,0.36363636363636365,0.012987012987012991,0.4805194805194805,0.22077922077922077,0.4805194805194805,0.22077922077922077,0.1038961038961039,0.22077922077922077,0.22077922077922077,1.0,6.0,6.0,6.0,6.0,6.0,6.0,6.0,6.0,6.0,6.0,2.0,2.0,1.8190774742498879,0.9081952530228392,0.15158978952082397,0.014124291027802835,-0.056971938612339956,0.9592476489028211,0.15584415584415584,0.04978354978354978,0.08333333333333331,0.006493506493506494,0.04112554112554112,-0.04824561403508771,OK,
gradual_bias,score_only,fused_fisher_lrt_delta,INFEASIBLE,0.25,budget_only,count,INFEASIBLE,INFEASIBLE,INFEASIBLE,INFEASIBLE,INFEASIBLE,INFEASIBLE,INFEASIBLE,INFEASIBLE,INFEASIBLE,INFEASIBLE,INFEASIBLE,INFEASIBLE,INFEASIBLE,INFEASIBLE,INFEASIBLE,INFEASIBLE,INFEASIBLE,INFEASIBLE,INFEASIBLE,INFEASIBLE,INFEASIBLE,INFEASIBLE,INFEASIBLE,,INFEASIBLE,INFEASIBLE,INFEASIBLE,INFEASIBLE,INFEASIBLE,INFEASIBLE,INFEASIBLE,INFEASIBLE,INFEASIBLE,INFEASIBLE,INFEASIBLE,INFEASIBLE,INFEASIBLE,INFEASIBLE,INFEASIBLE,INFEASIBLE,INFEASIBLE,INFEASIBLE,INFEASIBLE,INFEASIBLE,INFEASIBLE,INFEASIBLE,INFEASIBLE,INFEASIBLE,INFEASIBLE,no_trials_in_band
gradual_bias,score_only,fused_fisher_lrt_delta,INFEASIBLE,0.5,budget_only,count,INFEASIBLE,INFEASIBLE,INFEASIBLE,INFEASIBLE,INFEASIBLE,INFEASIBLE,INFEASIBLE,INFEASIBLE,INFEASIBLE,INFEASIBLE,INFEASIBLE,INFEASIBLE,INFEASIBLE,INFEASIBLE,INFEASIBLE,INFEASIBLE,INFEASIBLE,INFEASIBLE,INFEASIBLE,INFEASIBLE,INFEASIBLE,INFEASIBLE,INFEASIBLE,,INFEASIBLE,INFEASIBLE,INFEASIBLE,INFEASIBLE,INFEASIBLE,INFEASIBLE,INFEASIBLE,INFEASIBLE,INFEASIBLE,INFEASIBLE,INFEASIBLE,INFEASIBLE,INFEASIBLE,INFEASIBLE,INFEASIBLE,INFEASIBLE,INFEASIBLE,INFEASIBLE,INFEASIBLE,INFEASIBLE,INFEASIBLE,INFEASIBLE,INFEASIBLE,INFEASIBLE,INFEASIBLE,no_trials_in_band
gradual_bias,score_only,fused_fisher_lrt_delta,INFEASIBLE,0.75,budget_only,count,INFEASIBLE,INFEASIBLE,INFEASIBLE,INFEASIBLE,INFEASIBLE,INFEASIBLE,INFEASIBLE,INFEASIBLE,INFEASIBLE,INFEASIBLE,INFEASIBLE,INFEASIBLE,INFEASIBLE,INFEASIBLE,INFEASIBLE,INFEASIBLE,INFEASIBLE,INFEASIBLE,INFEASIBLE,INFEASIBLE,INFEASIBLE,INFEASIBLE,INFEASIBLE,,INFEASIBLE,INFEASIBLE,INFEASIBLE,INFEASIBLE,INFEASIBLE,INFEASIBLE,INFEASIBLE,INFEASIBLE,INFEASIBLE,INFEASIBLE,INFEASIBLE,INFEASIBLE,INFEASIBLE,INFEASIBLE,INFEASIBLE,INFEASIBLE,INFEASIBLE,INFEASIBLE,INFEASIBLE,INFEASIBLE,INFEASIBLE,INFEASIBLE,INFEASIBLE,INFEASIBLE,INFEASIBLE,no_trials_in_band
gradual_bias,score_only,fused_fisher_lrt_delta,INFEASIBLE,1.0,budget_only,count,INFEASIBLE,INFEASIBLE,INFEASIBLE,INFEASIBLE,INFEASIBLE,INFEASIBLE,INFEASIBLE,INFEASIBLE,INFEASIBLE,INFEASIBLE,INFEASIBLE,INFEASIBLE,INFEASIBLE,INFEASIBLE,INFEASIBLE,INFEASIBLE,INFEASIBLE,INFEASIBLE,INFEASIBLE,INFEASIBLE,INFEASIBLE,INFEASIBLE,INFEASIBLE,,INFEASIBLE,INFEASIBLE,INFEASIBLE,INFEASIBLE,INFEASIBLE,INFEASIBLE,INFEASIBLE,INFEASIBLE,INFEASIBLE,INFEASIBLE,INFEASIBLE,INFEASIBLE,INFEASIBLE,INFEASIBLE,INFEASIBLE,INFEASIBLE,INFEASIBLE,INFEASIBLE,INFEASIBLE,INFEASIBLE,INFEASIBLE,INFEASIBLE,INFEASIBLE,INFEASIBLE,INFEASIBLE,no_trials_in_band
gradual_bias,score_only,fused_sp,1.0,0.25,budget_only,count,0.1,0.15,0.1,80,55,2,55,0.6875,0.025,0.6875,0.8275862068965522,0.21849529780564259,4.0,0.01818181818181818,0.01818181818181818,0.0,0.10909090909090909,0.09090909090909091,0.10909090909090909,0.09090909090909091,0.09090909090909091,0.01818181818181818,0.01818181818181818,1.0,6.0,6.0,6.0,6.0,6.0,6.0,6.0,6.0,6.0,6.0,2.0,2.0,2.6219435736677097,0.8275862068965522,0.21849529780564259,0.0009348522216168421,-0.06098573513370067,0.8275862068965522,0.21849529780564259,0.0,0.0,0.0,0.0,0.0,OK,
gradual_bias,score_only,fused_sp,1.0,0.5,budget_only,count,0.1,0.15,0.1,80,55,2,55,0.6875,0.025,0.6875,0.8275862068965522,0.21849529780564259,4.0,0.01818181818181818,0.01818181818181818,0.0,0.10909090909090909,0.09090909090909091,0.10909090909090909,0.09090909090909091,0.09090909090909091,0.01818181818181818,0.01818181818181818,1.0,6.0,6.0,6.0,6.0,6.0,6.0,6.0,6.0,6.0,6.0,2.0,2.0,2.6219435736677097,0.8275862068965522,0.21849529780564259,0.0009348522216168421,-0.04832785695407857,0.8275862068965522,0.21849529780564259,0.0,0.0,0.0,0.0,0.0,OK,
gradual_bias,score_only,fused_sp,1.0,0.75,budget_only,count,0.1,0.15,0.1,80,55,2,55,0.6875,0.025,0.6875,0.8275862068965522,0.21849529780564259,4.0,0.01818181818181818,0.01818181818181818,0.0,0.10909090909090909,0.09090909090909091,0.10909090909090909,0.09090909090909091,0.09090909090909091,0.01818181818181818,0.01818181818181818,1.0,6.0,6.0,6.0,6.0,6.0,6.0,6.0,6.0,6.0,6.0,2.0,2.0,2.6219435736677097,0.8275862068965522,0.21849529780564259,0.0009348522216168421,-0.03128625000033465,0.8275862068965522,0.21849529780564259,0.0,0.0,0.0,0.0,0.0,OK,
gradual_bias,score_only,fused_sp,1.0,1.0,budget_only,count,0.1,0.15,0.1,80,55,2,55,0.6875,0.025,0.6875,0.8275862068965522,0.21849529780564259,4.0,0.03636363636363636,0.01818181818181818,0.01818181818181818,0.12727272727272726,0.09090909090909091,0.12727272727272726,0.09090909090909091,0.09090909090909091,0.01818181818181818,0.01818181818181818,1.0,6.0,6.0,6.0,6.0,6.0,6.0,6.0,6.0,6.0,6.0,3.5,2.0,2.6219435736677097,0.8275862068965522,0.21849529780564259,0.0009348522216168421,-0.008988550358159294,0.8275862068965522,0.21849529780564259,0.0030303030303030303,0.0,0.0030303030303030303,0.0030303030303030303,0.0,OK,
gradual_bias,score_only,fused_sp_lrt_delta,1.0,0.25,budget_only,count,0.1,0.15,0.1,80,55,2,55,0.6875,0.025,0.6875,0.8275862068965522,0.20250783699059574,4.0,0.01818181818181818,0.01818181818181818,0.0,0.09090909090909091,0.07272727272727272,0.09090909090909091,0.07272727272727272,0.07272727272727272,0.01818181818181818,0.01818181818181818,1.0,6.0,6.0,6.0,6.0,6.0,6.0,6.0,6.0,6.0,6.0,2.0,2.0,2.430094043887147,0.8275862068965522,0.20250783699059574,0.0012833422429108393,-0.09154910611172211,0.8275862068965522,0.20250783699059574,0.0,0.0,0.0,0.0,0.0,OK,
gradual_bias,score_only,fused_sp_lrt_delta,1.0,0.5,budget_only,count,0.1,0.15,0.1,80,55,2,55,0.6875,0.025,0.6875,0.8275862068965522,0.20250783699059574,4.0,0.01818181818181818,0.01818181818181818,0.0,0.09090909090909091,0.07272727272727272,0.09090909090909091,0.07272727272727272,0.07272727272727272,0.01818181818181818,0.01818181818181818,1.0,6.0,6.0,6.0,6.0,6.0,6.0,6.0,6.0,6.0,6.0,2.0,2.0,2.43385579937304,0.8275862068965522,0.20282131661442018,0.0012833422429108393,-0.07479659456256335,0.8275862068965522,0.20250783699059574,0.0,0.0,0.0,0.0,0.0,OK,
gradual_bias,score_only,fused_sp_lrt_delta,1.0,0.75,budget_only,count,0.1,0.15,0.1,80,55,2,55,0.6875,0.025,0.6875,0.8275862068965522,0.20250783699059574,4.0,0.01818181818181818,0.01818181818181818,0.0,0.09090909090909091,0.07272727272727272,0.09090909090909091,0.07272727272727272,0.07272727272727272,0.01818181818181818,0.01818181818181818,1.0,6.0,6.0,6.0,6.0,6.0,6.0,6.0,6.0,6.0,6.0,2.0,2.0,2.43385579937304,0.8275862068965522,0.20282131661442018,0.0012833422429108393,-0.054058844255959755,0.8275862068965522,0.20250783699059574,0.0,0.0,0.0,0.0,0.0,OK,
gradual_bias,score_only,fused_sp_lrt_delta,1.0,1.0,budget_only,count,0.1,0.15,0.1,80,55,2,55,0.6875,0.025,0.6875,0.8275862068965522,0.20250783699059574,4.0,0.01818181818181818,0.01818181818181818,0.0,0.09090909090909091,0.07272727272727272,0.09090909090909091,0.07272727272727272,0.07272727272727272,0.01818181818181818,0.01818181818181818,1.0,6.0,6.0,6.0,6.0,6.0,6.0,6.0,6.0,6.0,6.0,2.0,2.0,2.43385579937304,0.8275862068965522,0.20282131661442018,0.0012833422429108393,-0.02740144614879655,0.8275862068965522,0.20250783699059574,0.0,0.0,0.0,0.0,0.0,OK,
gradual_bias,score_only,max_abs,INFEASIBLE,0.25,budget_only,count,INFEASIBLE,INFEASIBLE,INFEASIBLE,INFEASIBLE,INFEASIBLE,INFEASIBLE,INFEASIBLE,INFEASIBLE,INFEASIBLE,INFEASIBLE,INFEASIBLE,INFEASIBLE,INFEASIBLE,INFEASIBLE,INFEASIBLE,INFEASIBLE,INFEASIBLE,INFEASIBLE,INFEASIBLE,INFEASIBLE,INFEASIBLE,INFEASIBLE,INFEASIBLE,,INFEASIBLE,INFEASIBLE,INFEASIBLE,INFEASIBLE,INFEASIBLE,INFEASIBLE,INFEASIBLE,INFEASIBLE,INFEASIBLE,INFEASIBLE,INFEASIBLE,INFEASIBLE,INFEASIBLE,INFEASIBLE,INFEASIBLE,INFEASIBLE,INFEASIBLE,INFEASIBLE,INFEASIBLE,INFEASIBLE,INFEASIBLE,INFEASIBLE,INFEASIBLE,INFEASIBLE,INFEASIBLE,no_trials_in_band
gradual_bias,score_only,max_abs,INFEASIBLE,0.5,budget_only,count,INFEASIBLE,INFEASIBLE,INFEASIBLE,INFEASIBLE,INFEASIBLE,INFEASIBLE,INFEASIBLE,INFEASIBLE,INFEASIBLE,INFEASIBLE,INFEASIBLE,INFEASIBLE,INFEASIBLE,INFEASIBLE,INFEASIBLE,INFEASIBLE,INFEASIBLE,INFEASIBLE,INFEASIBLE,INFEASIBLE,INFEASIBLE,INFEASIBLE,INFEASIBLE,,INFEASIBLE,INFEASIBLE,INFEASIBLE,INFEASIBLE,INFEASIBLE,INFEASIBLE,INFEASIBLE,INFEASIBLE,INFEASIBLE,INFEASIBLE,INFEASIBLE,INFEASIBLE,INFEASIBLE,INFEASIBLE,INFEASIBLE,INFEASIBLE,INFEASIBLE,INFEASIBLE,INFEASIBLE,INFEASIBLE,INFEASIBLE,INFEASIBLE,INFEASIBLE,INFEASIBLE,INFEASIBLE,no_trials_in_band
gradual_bias,score_only,max_abs,INFEASIBLE,0.75,budget_only,count,INFEASIBLE,INFEASIBLE,INFEASIBLE,INFEASIBLE,INFEASIBLE,INFEASIBLE,INFEASIBLE,INFEASIBLE,INFEASIBLE,INFEASIBLE,INFEASIBLE,INFEASIBLE,INFEASIBLE,INFEASIBLE,INFEASIBLE,INFEASIBLE,INFEASIBLE,INFEASIBLE,INFEASIBLE,INFEASIBLE,INFEASIBLE,INFEASIBLE,INFEASIBLE,,INFEASIBLE,INFEASIBLE,INFEASIBLE,INFEASIBLE,INFEASIBLE,INFEASIBLE,INFEASIBLE,INFEASIBLE,INFEASIBLE,INFEASIBLE,INFEASIBLE,INFEASIBLE,INFEASIBLE,INFEASIBLE,INFEASIBLE,INFEASIBLE,INFEASIBLE,INFEASIBLE,INFEASIBLE,INFEASIBLE,INFEASIBLE,INFEASIBLE,INFEASIBLE,INFEASIBLE,INFEASIBLE,no_trials_in_band
gradual_bias,score_only,max_abs,INFEASIBLE,1.0,budget_only,count,INFEASIBLE,INFEASIBLE,INFEASIBLE,INFEASIBLE,INFEASIBLE,INFEASIBLE,INFEASIBLE,INFEASIBLE,INFEASIBLE,INFEASIBLE,INFEASIBLE,INFEASIBLE,INFEASIBLE,INFEASIBLE,INFEASIBLE,INFEASIBLE,INFEASIBLE,INFEASIBLE,INFEASIBLE,INFEASIBLE,INFEASIBLE,INFEASIBLE,INFEASIBLE,,INFEASIBLE,INFEASIBLE,INFEASIBLE,INFEASIBLE,INFEASIBLE,INFEASIBLE,INFEASIBLE,INFEASIBLE,INFEASIBLE,INFEASIBLE,INFEASIBLE,INFEASIBLE,INFEASIBLE,INFEASIBLE,INFEASIBLE,INFEASIBLE,INFEASIBLE,INFEASIBLE,INFEASIBLE,INFEASIBLE,INFEASIBLE,INFEASIBLE,INFEASIBLE,INFEASIBLE,INFEASIBLE,no_trials_in_band
gradual_bias,score_only,pc_t2,1.0,0.25,budget_only,count,0.1,0.15,0.1,80,58,6,58,0.725,0.075,0.725,0.8275862068965518,0.19857312722948872,4.0,0.06896551724137931,0.06896551724137931,0.0,0.1206896551724138,0.06896551724137931,0.1206896551724138,0.06896551724137931,0.05172413793103448,0.05172413793103448,0.05172413793103448,1.0,6.0,6.0,6.0,6.0,6.0,6.0,6.0,6.0,6.0,6.0,2.0,2.0,2.382877526753864,0.8275862068965518,0.19857312722948872,0.0016754501370672453,0.019561862608010783,0.8275862068965518,0.19857312722948872,0.0,0.0,0.0,0.0,0.0,OK,
gradual_bias,score_only,pc_t2,1.0,0.5,budget_only,count,0.1,0.15,0.1,80,58,6,58,0.725,0.075,0.725,0.8275862068965518,0.19857312722948872,4.0,0.10344827586206896,0.06896551724137931,0.034482758620689655,0.15517241379310345,0.06896551724137931,0.15517241379310345,0.06896551724137931,0.05172413793103448,0.05172413793103448,0.05172413793103448,1.0,6.0,6.0,6.0,6.0,6.0,6.0,6.0,6.0,6.0,6.0,2.0,2.0,2.382877526753864,0.8275862068965518,0.19857312722948872,0.0016754501370672453,0.06656401687294813,0.8275862068965518,0.19857312722948872,0.005747126436781609,0.0,0.005747126436781609,0.005747126436781609,0.0,OK,
gradual_bias,score_only,pc_t2,1.0,0.75,budget_only,count,0.1,0.15,0.1,80,58,6,58,0.725,0.075,0.725,0.8275862068965518,0.19857312722948872,4.0,0.1724137931034483,0.06896551724137931,0.10344827586206898,0.22413793103448276,0.06896551724137931,0.22413793103448276,0.06896551724137931,0.05172413793103448,0.05172413793103448,0.05172413793103448,1.0,6.0,6.0,6.0,6.0,6.0,6.0,6.0,6.0,6.0,6.0,3.0,2.0,2.382877526753864,0.8275862068965518,0.19857312722948872,0.0016754501370672453,0.12195715253555742,0.8275862068965518,0.19857312722948872,0.017241379310344827,0.0,0.017241379310344827,0.017241379310344827,0.0,OK,
gradual_bias,score_only,pc_t2,1.0,1.0,budget_only,count,0.1,0.15,0.1,80,58,6,58,0.725,0.075,0.725,0.8275862068965518,0.19857312722948872,4.0,0.1724137931034483,0.06896551724137931,0.10344827586206898,0.22413793103448276,0.06896551724137931,0.22413793103448276,0.06896551724137931,0.05172413793103448,0.05172413793103448,0.05172413793103448,1.0,6.0,6.0,6.0,6.0,6.0,6.0,6.0,6.0,6.0,6.0,3.0,2.0,2.390011890606421,0.8275862068965518,0.1991676575505351,0.0016754501370672453,0.18177373652856502,0.8275862068965518,0.19857312722948872,0.028735632183908042,0.011695906432748537,0.005747126436781607,0.028735632183908046,0.011695906432748537,OK,
gradual_bias,score_only,res_energy,1.0,0.25,budget_only,count,0.1,0.15,0.1,80,55,2,55,0.6875,0.025,0.6875,0.8275862068965522,0.21849529780564259,4.0,0.01818181818181818,0.01818181818181818,0.0,0.10909090909090909,0.09090909090909091,0.10909090909090909,0.09090909090909091,0.09090909090909091,0.01818181818181818,0.01818181818181818,1.0,6.0,6.0,6.0,6.0,6.0,6.0,6.0,6.0,6.0,6.0,2.0,2.0,2.6219435736677097,0.8275862068965522,0.21849529780564259,0.004285766610755043,-0.10639300639540698,0.8275862068965522,0.21849529780564259,0.0,0.0,0.0,0.0,0.0,OK,
gradual_bias,score_only,res_energy,1.0,0.5,budget_only,count,0.1,0.15,0.1,80,55,2,55,0.6875,0.025,0.6875,0.8275862068965522,0.21849529780564259,4.0,0.01818181818181818,0.01818181818181818,0.0,0.10909090909090909,0.09090909090909091,0.10909090909090909,0.09090909090909091,0.09090909090909091,0.01818181818181818,0.01818181818181818,1.0,6.0,6.0,6.0,6.0,6.0,6.0,6.0,6.0,6.0,6.0,2.0,2.0,2.6219435736677097,0.8275862068965522,0.21849529780564259,0.004285766610755043,-0.0894884179255083,0.8275862068965522,0.21849529780564259,0.0,0.0,0.0,0.0,0.0,OK,
gradual_bias,score_only,res_energy,1.0,0.75,budget_only,count,0.1,0.15,0.1,80,55,2,55,0.6875,0.025,0.6875,0.8275862068965522,0.21849529780564259,4.0,0.01818181818181818,0.01818181818181818,0.0,0.10909090909090909,0.09090909090909091,0.10909090909090909,0.09090909090909091,0.09090909090909091,0.01818181818181818,0.01818181818181818,1.0,6.0,6.0,6.0,6.0,6.0,6.0,6.0,6.0,6.0,6.0,2.0,2.0,2.6219435736677097,0.8275862068965522,0.21849529780564259,0.004285766610755043,-0.06923022847350774,0.8275862068965522,0.21849529780564259,0.0,0.0,0.0,0.0,0.0,OK,
gradual_bias,score_only,res_energy,1.0,1.0,budget_only,count,0.1,0.15,0.1,80,55,2,55,0.6875,0.025,0.6875,0.8275862068965522,0.21849529780564259,4.0,0.01818181818181818,0.01818181818181818,0.0,0.10909090909090909,0.09090909090909091,0.10909090909090909,0.09090909090909091,0.09090909090909091,0.01818181818181818,0.01818181818181818,1.0,6.0,6.0,6.0,6.0,6.0,6.0,6.0,6.0,6.0,6.0,2.0,2.0,2.6219435736677097,0.8275862068965522,0.21849529780564259,0.004285766610755043,-0.04645202287780137,0.8275862068965522,0.21849529780564259,0.0,0.0,0.0,0.0,0.0,OK,
gradual_bias,score_only,stale,INFEASIBLE,0.25,budget_only,count,INFEASIBLE,INFEASIBLE,INFEASIBLE,INFEASIBLE,INFEASIBLE,INFEASIBLE,INFEASIBLE,INFEASIBLE,INFEASIBLE,INFEASIBLE,INFEASIBLE,INFEASIBLE,INFEASIBLE,INFEASIBLE,INFEASIBLE,INFEASIBLE,INFEASIBLE,INFEASIBLE,INFEASIBLE,INFEASIBLE,INFEASIBLE,INFEASIBLE,INFEASIBLE,,INFEASIBLE,INFEASIBLE,INFEASIBLE,INFEASIBLE,INFEASIBLE,INFEASIBLE,INFEASIBLE,INFEASIBLE,INFEASIBLE,INFEASIBLE,INFEASIBLE,INFEASIBLE,INFEASIBLE,INFEASIBLE,INFEASIBLE,INFEASIBLE,INFEASIBLE,INFEASIBLE,INFEASIBLE,INFEASIBLE,INFEASIBLE,INFEASIBLE,INFEASIBLE,INFEASIBLE,INFEASIBLE,no_trials_in_band
gradual_bias,score_only,stale,INFEASIBLE,0.5,budget_only,count,INFEASIBLE,INFEASIBLE,INFEASIBLE,INFEASIBLE,INFEASIBLE,INFEASIBLE,INFEASIBLE,INFEASIBLE,INFEASIBLE,INFEASIBLE,INFEASIBLE,INFEASIBLE,INFEASIBLE,INFEASIBLE,INFEASIBLE,INFEASIBLE,INFEASIBLE,INFEASIBLE,INFEASIBLE,INFEASIBLE,INFEASIBLE,INFEASIBLE,INFEASIBLE,,INFEASIBLE,INFEASIBLE,INFEASIBLE,INFEASIBLE,INFEASIBLE,INFEASIBLE,INFEASIBLE,INFEASIBLE,INFEASIBLE,INFEASIBLE,INFEASIBLE,INFEASIBLE,INFEASIBLE,INFEASIBLE,INFEASIBLE,INFEASIBLE,INFEASIBLE,INFEASIBLE,INFEASIBLE,INFEASIBLE,INFEASIBLE,INFEASIBLE,INFEASIBLE,INFEASIBLE,INFEASIBLE,no_trials_in_band
gradual_bias,score_only,stale,INFEASIBLE,0.75,budget_only,count,INFEASIBLE,INFEASIBLE,INFEASIBLE,INFEASIBLE,INFEASIBLE,INFEASIBLE,INFEASIBLE,INFEASIBLE,INFEASIBLE,INFEASIBLE,INFEASIBLE,INFEASIBLE,INFEASIBLE,INFEASIBLE,INFEASIBLE,INFEASIBLE,INFEASIBLE,INFEASIBLE,INFEASIBLE,INFEASIBLE,INFEASIBLE,INFEASIBLE,INFEASIBLE,,INFEASIBLE,INFEASIBLE,INFEASIBLE,INFEASIBLE,INFEASIBLE,INFEASIBLE,INFEASIBLE,INFEASIBLE,INFEASIBLE,INFEASIBLE,INFEASIBLE,INFEASIBLE,INFEASIBLE,INFEASIBLE,INFEASIBLE,INFEASIBLE,INFEASIBLE,INFEASIBLE,INFEASIBLE,INFEASIBLE,INFEASIBLE,INFEASIBLE,INFEASIBLE,INFEASIBLE,INFEASIBLE,no_trials_in_band
gradual_bias,score_only,stale,INFEASIBLE,1.0,budget_only,count,INFEASIBLE,INFEASIBLE,INFEASIBLE,INFEASIBLE,INFEASIBLE,INFEASIBLE,INFEASIBLE,INFEASIBLE,INFEASIBLE,INFEASIBLE,INFEASIBLE,INFEASIBLE,INFEASIBLE,INFEASIBLE,INFEASIBLE,INFEASIBLE,INFEASIBLE,INFEASIBLE,INFEASIBLE,INFEASIBLE,INFEASIBLE,INFEASIBLE,INFEASIBLE,,INFEASIBLE,INFEASIBLE,INFEASIBLE,INFEASIBLE,INFEASIBLE,INFEASIBLE,INFEASIBLE,INFEASIBLE,INFEASIBLE,INFEASIBLE,INFEASIBLE,INFEASIBLE,INFEASIBLE,INFEASIBLE,INFEASIBLE,INFEASIBLE,INFEASIBLE,INFEASIBLE,INFEASIBLE,INFEASIBLE,INFEASIBLE,INFEASIBLE,INFEASIBLE,INFEASIBLE,INFEASIBLE,no_trials_in_band
