kind,panel,detector,budget,attack_strength,matched_mode,matched_budget_band,matched_tol_budget,tiw_cap,matched_tol_tiw,n_trials_total,n_trials_budget,n_trials_joint,n_trials_primary,coverage_budget,coverage_joint,coverage_primary,fae_null_mean_primary,tiw_null_mean_primary,false_alert_events_count_mean_primary,detect_rate,detect_rate_null,uplift_detect_rate,event_success_rate,event_timely_sla_rate,event_anywarn_success_rate,event_anywarn_timely_sla_rate,event_preexisting_warning_rate,contract_pass_full_rate,contract_pass_full_anywarn_rate,event_sla_months,median_delay,median_delay_null,delay_p50,delay_p90,delay_null_p50,delay_null_p90,event_delay_p50,event_delay_p90,event_time_to_trigger_p50,event_time_to_trigger_p90,median_delay_uncens,median_delay_null_uncens,mean_false_alarm_months_per_year,mean_false_alert_events_per_year,mean_time_in_warning,mean_p_star,mean_effect_size,mean_fae_null,mean_tiw_null,mean_cad_win,mean_cad_post,mean_dtiw_win,mean_abs_dtiw_win,mean_dtiw_post,row_status,infeasible_reason
corr_mix,all_only,T2,1.0,0.15,budget_only,count,0.1,0.15,0.1,80,57,0,57,0.7125,0.0,0.7125,0.8275862068965518,0.2822141560798548,4.0,0.07017543859649122,0.07017543859649122,0.0,0.14035087719298245,0.08771929824561403,0.14035087719298245,0.08771929824561403,0.07017543859649122,0.0,0.0,1.0,6.0,6.0,6.0,6.0,6.0,6.0,6.0,6.0,6.0,6.0,2.0,2.0,3.386569872958258,0.8275862068965518,0.2822141560798548,0.03906807767105436,-0.1074182412385539,0.8275862068965518,0.2822141560798548,0.0,0.0,0.0,0.0,0.0,OK,
corr_mix,all_only,T2,1.0,0.25,budget_only,count,0.1,0.15,0.1,80,57,0,57,0.7125,0.0,0.7125,0.8275862068965518,0.2822141560798548,4.0,0.07017543859649122,0.07017543859649122,0.0,0.14035087719298245,0.08771929824561403,0.14035087719298245,0.08771929824561403,0.07017543859649122,0.0,0.0,1.0,6.0,6.0,6.0,6.0,6.0,6.0,6.0,6.0,6.0,6.0,2.0,2.0,3.386569872958258,0.8275862068965518,0.2822141560798548,0.03906807767105436,-0.1074182412385539,0.8275862068965518,0.2822141560798548,0.0,0.0,0.0,0.0,0.0,OK,
corr_mix,all_only,T2,1.0,0.35,budget_only,count,0.1,0.15,0.1,80,57,0,57,0.7125,0.0,0.7125,0.8275862068965518,0.2822141560798548,4.0,0.07017543859649122,0.07017543859649122,0.0,0.14035087719298245,0.08771929824561403,0.14035087719298245,0.08771929824561403,0.07017543859649122,0.0,0.0,1.0,6.0,6.0,6.0,6.0,6.0,6.0,6.0,6.0,6.0,6.0,2.0,2.0,3.386569872958258,0.8275862068965518,0.2822141560798548,0.03906807767105436,-0.1074182412385539,0.8275862068965518,0.2822141560798548,0.0,0.0,0.0,0.0,0.0,OK,
corr_mix,all_only,T2,1.0,0.5,budget_only,count,0.1,0.15,0.1,80,57,0,57,0.7125,0.0,0.7125,0.8275862068965518,0.2822141560798548,4.0,0.07017543859649122,0.07017543859649122,0.0,0.14035087719298245,0.08771929824561403,0.14035087719298245,0.08771929824561403,0.07017543859649122,0.0,0.0,1.0,6.0,6.0,6.0,6.0,6.0,6.0,6.0,6.0,6.0,6.0,2.0,2.0,3.386569872958258,0.8275862068965518,0.2822141560798548,0.03906807767105436,-0.1074182412385539,0.8275862068965518,0.2822141560798548,0.0,0.0,0.0,0.0,0.0,OK,
corr_mix,all_only,cusum_factor_cov_lrt,1.0,0.15,budget_only,count,0.1,0.15,0.1,80,80,0,80,1.0,0.0,1.0,0.9543103448275861,0.29137931034482756,4.6125,0.55,0.55,0.0,0.75,0.4625,0.75,0.4625,0.25,0.0,0.0,1.0,5.0,5.0,5.0,6.0,5.0,6.0,2.0,6.0,5.0,6.0,2.0,2.0,3.496551724137931,0.9543103448275861,0.29137931034482756,NA,0.32033419404596924,0.9543103448275861,0.29137931034482756,0.0,0.0,0.0,0.0,0.0,OK,
corr_mix,all_only,cusum_factor_cov_lrt,1.0,0.25,budget_only,count,0.1,0.15,0.1,80,80,0,80,1.0,0.0,1.0,0.9543103448275861,0.29137931034482756,4.6125,0.55,0.55,0.0,0.75,0.4625,0.75,0.4625,0.25,0.0,0.0,1.0,5.0,5.0,5.0,6.0,5.0,6.0,2.0,6.0,5.0,6.0,2.0,2.0,3.496551724137931,0.9543103448275861,0.29137931034482756,NA,0.32033419404596924,0.9543103448275861,0.29137931034482756,0.0,0.0,0.0,0.0,0.0,OK,
corr_mix,all_only,cusum_factor_cov_lrt,1.0,0.35,budget_only,count,0.1,0.15,0.1,80,80,0,80,1.0,0.0,1.0,0.9543103448275861,0.29137931034482756,4.6125,0.55,0.55,0.0,0.75,0.4625,0.75,0.4625,0.25,0.0,0.0,1.0,5.0,5.0,5.0,6.0,5.0,6.0,2.0,6.0,5.0,6.0,2.0,2.0,3.496551724137931,0.9543103448275861,0.29137931034482756,NA,0.32033419404596924,0.9543103448275861,0.29137931034482756,0.0,0.0,0.0,0.0,0.0,OK,
corr_mix,all_only,cusum_factor_cov_lrt,1.0,0.5,budget_only,count,0.1,0.15,0.1,80,80,0,80,1.0,0.0,1.0,0.9543103448275861,0.29137931034482756,4.6125,0.55,0.55,0.0,0.75,0.4625,0.75,0.4625,0.25,0.0,0.0,1.0,5.0,5.0,5.0,6.0,5.0,6.0,2.0,6.0,5.0,6.0,2.0,2.0,3.496551724137931,0.9543103448275861,0.29137931034482756,NA,0.32033419404596924,0.9543103448275861,0.29137931034482756,0.0,0.0,0.0,0.0,0.0,OK,
corr_mix,all_only,ewma_factor_cov_lrt,INFEASIBLE,0.15,budget_only,count,INFEASIBLE,INFEASIBLE,INFEASIBLE,INFEASIBLE,INFEASIBLE,INFEASIBLE,INFEASIBLE,INFEASIBLE,INFEASIBLE,INFEASIBLE,INFEASIBLE,INFEASIBLE,INFEASIBLE,INFEASIBLE,INFEASIBLE,INFEASIBLE,INFEASIBLE,INFEASIBLE,INFEASIBLE,INFEASIBLE,INFEASIBLE,INFEASIBLE,INFEASIBLE,,INFEASIBLE,INFEASIBLE,INFEASIBLE,INFEASIBLE,INFEASIBLE,INFEASIBLE,INFEASIBLE,INFEASIBLE,INFEASIBLE,INFEASIBLE,INFEASIBLE,INFEASIBLE,INFEASIBLE,INFEASIBLE,INFEASIBLE,INFEASIBLE,INFEASIBLE,INFEASIBLE,INFEASIBLE,INFEASIBLE,INFEASIBLE,INFEASIBLE,INFEASIBLE,INFEASIBLE,INFEASIBLE,no_trials_in_band
corr_mix,all_only,ewma_factor_cov_lrt,INFEASIBLE,0.25,budget_only,count,INFEASIBLE,INFEASIBLE,INFEASIBLE,INFEASIBLE,INFEASIBLE,INFEASIBLE,INFEASIBLE,INFEASIBLE,INFEASIBLE,INFEASIBLE,INFEASIBLE,INFEASIBLE,INFEASIBLE,INFEASIBLE,INFEASIBLE,INFEASIBLE,INFEASIBLE,INFEASIBLE,INFEASIBLE,INFEASIBLE,INFEASIBLE,INFEASIBLE,INFEASIBLE,,INFEASIBLE,INFEASIBLE,INFEASIBLE,INFEASIBLE,INFEASIBLE,INFEASIBLE,INFEASIBLE,INFEASIBLE,INFEASIBLE,INFEASIBLE,INFEASIBLE,INFEASIBLE,INFEASIBLE,INFEASIBLE,INFEASIBLE,INFEASIBLE,INFEASIBLE,INFEASIBLE,INFEASIBLE,INFEASIBLE,INFEASIBLE,INFEASIBLE,INFEASIBLE,INFEASIBLE,INFEASIBLE,no_trials_in_band
corr_mix,all_only,ewma_factor_cov_lrt,INFEASIBLE,0.35,budget_only,count,INFEASIBLE,INFEASIBLE,INFEASIBLE,INFEASIBLE,INFEASIBLE,INFEASIBLE,INFEASIBLE,INFEASIBLE,INFEASIBLE,INFEASIBLE,INFEASIBLE,INFEASIBLE,INFEASIBLE,INFEASIBLE,INFEASIBLE,INFEASIBLE,INFEASIBLE,INFEASIBLE,INFEASIBLE,INFEASIBLE,INFEASIBLE,INFEASIBLE,INFEASIBLE,,INFEASIBLE,INFEASIBLE,INFEASIBLE,INFEASIBLE,INFEASIBLE,INFEASIBLE,INFEASIBLE,INFEASIBLE,INFEASIBLE,INFEASIBLE,INFEASIBLE,INFEASIBLE,INFEASIBLE,INFEASIBLE,INFEASIBLE,INFEASIBLE,INFEASIBLE,INFEASIBLE,INFEASIBLE,INFEASIBLE,INFEASIBLE,INFEASIBLE,INFEASIBLE,INFEASIBLE,INFEASIBLE,no_trials_in_band
corr_mix,all_only,ewma_factor_cov_lrt,INFEASIBLE,0.5,budget_only,count,INFEASIBLE,INFEASIBLE,INFEASIBLE,INFEASIBLE,INFEASIBLE,INFEASIBLE,INFEASIBLE,INFEASIBLE,INFEASIBLE,INFEASIBLE,INFEASIBLE,INFEASIBLE,INFEASIBLE,INFEASIBLE,INFEASIBLE,INFEASIBLE,INFEASIBLE,INFEASIBLE,INFEASIBLE,INFEASIBLE,INFEASIBLE,INFEASIBLE,INFEASIBLE,,INFEASIBLE,INFEASIBLE,INFEASIBLE,INFEASIBLE,INFEASIBLE,INFEASIBLE,INFEASIBLE,INFEASIBLE,INFEASIBLE,INFEASIBLE,INFEASIBLE,INFEASIBLE,INFEASIBLE,INFEASIBLE,INFEASIBLE,INFEASIBLE,INFEASIBLE,INFEASIBLE,INFEASIBLE,INFEASIBLE,INFEASIBLE,INFEASIBLE,INFEASIBLE,INFEASIBLE,INFEASIBLE,no_trials_in_band
corr_mix,all_only,factor_cov_change,1.0,0.15,budget_only,count,0.1,0.15,0.1,80,61,0,61,0.7625,0.0,0.7625,0.827586206896552,0.27444884115319385,4.0,0.14754098360655737,0.14754098360655737,0.0,0.3114754098360656,0.2459016393442623,0.3114754098360656,0.2459016393442623,0.16393442622950818,0.0,0.0,1.0,6.0,6.0,6.0,6.0,6.0,6.0,6.0,6.0,6.0,6.0,1.0,1.0,3.293386093838327,0.827586206896552,0.27444884115319385,0.13963027103962714,0.07429792866790276,0.827586206896552,0.27444884115319385,0.0,0.0,0.0,0.0,0.0,OK,
corr_mix,all_only,factor_cov_change,1.0,0.25,budget_only,count,0.1,0.15,0.1,80,61,0,61,0.7625,0.0,0.7625,0.827586206896552,0.27444884115319385,4.0,0.14754098360655737,0.14754098360655737,0.0,0.3114754098360656,0.2459016393442623,0.3114754098360656,0.2459016393442623,0.16393442622950818,0.0,0.0,1.0,6.0,6.0,6.0,6.0,6.0,6.0,6.0,6.0,6.0,6.0,1.0,1.0,3.293386093838327,0.827586206896552,0.27444884115319385,0.13963027103962714,0.07429792866790276,0.827586206896552,0.27444884115319385,0.0,0.0,0.0,0.0,0.0,OK,
corr_mix,all_only,factor_cov_change,1.0,0.35,budget_only,count,0.1,0.15,0.1,80,61,0,61,0.7625,0.0,0.7625,0.827586206896552,0.27444884115319385,4.0,0.14754098360655737,0.14754098360655737,0.0,0.3114754098360656,0.2459016393442623,0.3114754098360656,0.2459016393442623,0.16393442622950818,0.0,0.0,1.0,6.0,6.0,6.0,6.0,6.0,6.0,6.0,6.0,6.0,6.0,1.0,1.0,3.293386093838327,0.827586206896552,0.27444884115319385,0.13963027103962714,0.07429792866790276,0.827586206896552,0.27444884115319385,0.0,0.0,0.0,0.0,0.0,OK,
corr_mix,all_only,factor_cov_change,1.0,0.5,budget_only,count,0.1,0.15,0.1,80,61,0,61,0.7625,0.0,0.7625,0.827586206896552,0.27444884115319385,4.0,0.14754098360655737,0.14754098360655737,0.0,0.3114754098360656,0.2459016393442623,0.3114754098360656,0.2459016393442623,0.16393442622950818,0.0,0.0,1.0,6.0,6.0,6.0,6.0,6.0,6.0,6.0,6.0,6.0,6.0,1.0,1.0,3.293386093838327,0.827586206896552,0.27444884115319385,0.13963027103962714,0.07429792866790276,0.827586206896552,0.27444884115319385,0.0,0.0,0.0,0.0,0.0,OK,
corr_mix,all_only,factor_cov_delta,INFEASIBLE,0.15,budget_only,count,INFEASIBLE,INFEASIBLE,INFEASIBLE,INFEASIBLE,INFEASIBLE,INFEASIBLE,INFEASIBLE,INFEASIBLE,INFEASIBLE,INFEASIBLE,INFEASIBLE,INFEASIBLE,INFEASIBLE,INFEASIBLE,INFEASIBLE,INFEASIBLE,INFEASIBLE,INFEASIBLE,INFEASIBLE,INFEASIBLE,INFEASIBLE,INFEASIBLE,INFEASIBLE,,INFEASIBLE,INFEASIBLE,INFEASIBLE,INFEASIBLE,INFEASIBLE,INFEASIBLE,INFEASIBLE,INFEASIBLE,INFEASIBLE,INFEASIBLE,INFEASIBLE,INFEASIBLE,INFEASIBLE,INFEASIBLE,INFEASIBLE,INFEASIBLE,INFEASIBLE,INFEASIBLE,INFEASIBLE,INFEASIBLE,INFEASIBLE,INFEASIBLE,INFEASIBLE,INFEASIBLE,INFEASIBLE,no_trials_in_band
corr_mix,all_only,factor_cov_delta,INFEASIBLE,0.25,budget_only,count,INFEASIBLE,INFEASIBLE,INFEASIBLE,INFEASIBLE,INFEASIBLE,INFEASIBLE,INFEASIBLE,INFEASIBLE,INFEASIBLE,INFEASIBLE,INFEASIBLE,INFEASIBLE,INFEASIBLE,INFEASIBLE,INFEASIBLE,INFEASIBLE,INFEASIBLE,INFEASIBLE,INFEASIBLE,INFEASIBLE,INFEASIBLE,INFEASIBLE,INFEASIBLE,,INFEASIBLE,INFEASIBLE,INFEASIBLE,INFEASIBLE,INFEASIBLE,INFEASIBLE,INFEASIBLE,INFEASIBLE,INFEASIBLE,INFEASIBLE,INFEASIBLE,INFEASIBLE,INFEASIBLE,INFEASIBLE,INFEASIBLE,INFEASIBLE,INFEASIBLE,INFEASIBLE,INFEASIBLE,INFEASIBLE,INFEASIBLE,INFEASIBLE,INFEASIBLE,INFEASIBLE,INFEASIBLE,no_trials_in_band
corr_mix,all_only,factor_cov_delta,INFEASIBLE,0.35,budget_only,count,INFEASIBLE,INFEASIBLE,INFEASIBLE,INFEASIBLE,INFEASIBLE,INFEASIBLE,INFEASIBLE,INFEASIBLE,INFEASIBLE,INFEASIBLE,INFEASIBLE,INFEASIBLE,INFEASIBLE,INFEASIBLE,INFEASIBLE,INFEASIBLE,INFEASIBLE,INFEASIBLE,INFEASIBLE,INFEASIBLE,INFEASIBLE,INFEASIBLE,INFEASIBLE,,INFEASIBLE,INFEASIBLE,INFEASIBLE,INFEASIBLE,INFEASIBLE,INFEASIBLE,INFEASIBLE,INFEASIBLE,INFEASIBLE,INFEASIBLE,INFEASIBLE,INFEASIBLE,INFEASIBLE,INFEASIBLE,INFEASIBLE,INFEASIBLE,INFEASIBLE,INFEASIBLE,INFEASIBLE,INFEASIBLE,INFEASIBLE,INFEASIBLE,INFEASIBLE,INFEASIBLE,INFEASIBLE,no_trials_in_band
corr_mix,all_only,factor_cov_delta,INFEASIBLE,0.5,budget_only,count,INFEASIBLE,INFEASIBLE,INFEASIBLE,INFEASIBLE,INFEASIBLE,INFEASIBLE,INFEASIBLE,INFEASIBLE,INFEASIBLE,INFEASIBLE,INFEASIBLE,INFEASIBLE,INFEASIBLE,INFEASIBLE,INFEASIBLE,INFEASIBLE,INFEASIBLE,INFEASIBLE,INFEASIBLE,INFEASIBLE,INFEASIBLE,INFEASIBLE,INFEASIBLE,,INFEASIBLE,INFEASIBLE,INFEASIBLE,INFEASIBLE,INFEASIBLE,INFEASIBLE,INFEASIBLE,INFEASIBLE,INFEASIBLE,INFEASIBLE,INFEASIBLE,INFEASIBLE,INFEASIBLE,INFEASIBLE,INFEASIBLE,INFEASIBLE,INFEASIBLE,INFEASIBLE,INFEASIBLE,INFEASIBLE,INFEASIBLE,INFEASIBLE,INFEASIBLE,INFEASIBLE,INFEASIBLE,no_trials_in_band
corr_mix,all_only,factor_cov_lrt,INFEASIBLE,0.15,budget_only,count,INFEASIBLE,INFEASIBLE,INFEASIBLE,INFEASIBLE,INFEASIBLE,INFEASIBLE,INFEASIBLE,INFEASIBLE,INFEASIBLE,INFEASIBLE,INFEASIBLE,INFEASIBLE,INFEASIBLE,INFEASIBLE,INFEASIBLE,INFEASIBLE,INFEASIBLE,INFEASIBLE,INFEASIBLE,INFEASIBLE,INFEASIBLE,INFEASIBLE,INFEASIBLE,,INFEASIBLE,INFEASIBLE,INFEASIBLE,INFEASIBLE,INFEASIBLE,INFEASIBLE,INFEASIBLE,INFEASIBLE,INFEASIBLE,INFEASIBLE,INFEASIBLE,INFEASIBLE,INFEASIBLE,INFEASIBLE,INFEASIBLE,INFEASIBLE,INFEASIBLE,INFEASIBLE,INFEASIBLE,INFEASIBLE,INFEASIBLE,INFEASIBLE,INFEASIBLE,INFEASIBLE,INFEASIBLE,no_trials_in_band
corr_mix,all_only,factor_cov_lrt,INFEASIBLE,0.25,budget_only,count,INFEASIBLE,INFEASIBLE,INFEASIBLE,INFEASIBLE,INFEASIBLE,INFEASIBLE,INFEASIBLE,INFEASIBLE,INFEASIBLE,INFEASIBLE,INFEASIBLE,INFEASIBLE,INFEASIBLE,INFEASIBLE,INFEASIBLE,INFEASIBLE,INFEASIBLE,INFEASIBLE,INFEASIBLE,INFEASIBLE,INFEASIBLE,INFEASIBLE,INFEASIBLE,,INFEASIBLE,INFEASIBLE,INFEASIBLE,INFEASIBLE,INFEASIBLE,INFEASIBLE,INFEASIBLE,INFEASIBLE,INFEASIBLE,INFEASIBLE,INFEASIBLE,INFEASIBLE,INFEASIBLE,INFEASIBLE,INFEASIBLE,INFEASIBLE,INFEASIBLE,INFEASIBLE,INFEASIBLE,INFEASIBLE,INFEASIBLE,INFEASIBLE,INFEASIBLE,INFEASIBLE,INFEASIBLE,no_trials_in_band
corr_mix,all_only,factor_cov_lrt,INFEASIBLE,0.35,budget_only,count,INFEASIBLE,INFEASIBLE,INFEASIBLE,INFEASIBLE,INFEASIBLE,INFEASIBLE,INFEASIBLE,INFEASIBLE,INFEASIBLE,INFEASIBLE,INFEASIBLE,INFEASIBLE,INFEASIBLE,INFEASIBLE,INFEASIBLE,INFEASIBLE,INFEASIBLE,INFEASIBLE,INFEASIBLE,INFEASIBLE,INFEASIBLE,INFEASIBLE,INFEASIBLE,,INFEASIBLE,INFEASIBLE,INFEASIBLE,INFEASIBLE,INFEASIBLE,INFEASIBLE,INFEASIBLE,INFEASIBLE,INFEASIBLE,INFEASIBLE,INFEASIBLE,INFEASIBLE,INFEASIBLE,INFEASIBLE,INFEASIBLE,INFEASIBLE,INFEASIBLE,INFEASIBLE,INFEASIBLE,INFEASIBLE,INFEASIBLE,INFEASIBLE,INFEASIBLE,INFEASIBLE,INFEASIBLE,no_trials_in_band
corr_mix,all_only,factor_cov_lrt,INFEASIBLE,0.5,budget_only,count,INFEASIBLE,INFEASIBLE,INFEASIBLE,INFEASIBLE,INFEASIBLE,INFEASIBLE,INFEASIBLE,INFEASIBLE,INFEASIBLE,INFEASIBLE,INFEASIBLE,INFEASIBLE,INFEASIBLE,INFEASIBLE,INFEASIBLE,INFEASIBLE,INFEASIBLE,INFEASIBLE,INFEASIBLE,INFEASIBLE,INFEASIBLE,INFEASIBLE,INFEASIBLE,,INFEASIBLE,INFEASIBLE,INFEASIBLE,INFEASIBLE,INFEASIBLE,INFEASIBLE,INFEASIBLE,INFEASIBLE,INFEASIBLE,INFEASIBLE,INFEASIBLE,INFEASIBLE,INFEASIBLE,INFEASIBLE,INFEASIBLE,INFEASIBLE,INFEASIBLE,INFEASIBLE,INFEASIBLE,INFEASIBLE,INFEASIBLE,INFEASIBLE,INFEASIBLE,INFEASIBLE,INFEASIBLE,no_trials_in_band
corr_mix,all_only,factor_cov_lrt_delta,1.0,0.15,budget_only,count,0.1,0.15,0.1,80,80,80,80,1.0,1.0,1.0,0.9465517241379311,0.14094827586206898,4.575,0.425,0.425,0.0,0.5125,0.225,0.5125,0.225,0.0875,0.225,0.225,1.0,6.0,6.0,6.0,6.0,6.0,6.0,5.0,6.0,6.0,6.0,2.5,2.5,1.6913793103448278,0.9465517241379311,0.14094827586206898,0.09266336300476774,0.2193910249545671,0.9465517241379311,0.14094827586206898,0.0,0.0,0.0,0.0,0.0,OK,
corr_mix,all_only,factor_cov_lrt_delta,1.0,0.25,budget_only,count,0.1,0.15,0.1,80,80,80,80,1.0,1.0,1.0,0.9465517241379311,0.14094827586206898,4.575,0.425,0.425,0.0,0.5125,0.225,0.5125,0.225,0.0875,0.225,0.225,1.0,6.0,6.0,6.0,6.0,6.0,6.0,5.0,6.0,6.0,6.0,2.5,2.5,1.6913793103448278,0.9465517241379311,0.14094827586206898,0.09266336300476774,0.2193910249545671,0.9465517241379311,0.14094827586206898,0.0,0.0,0.0,0.0,0.0,OK,
corr_mix,all_only,factor_cov_lrt_delta,1.0,0.35,budget_only,count,0.1,0.15,0.1,80,80,80,80,1.0,1.0,1.0,0.9465517241379311,0.14094827586206898,4.575,0.425,0.425,0.0,0.5125,0.225,0.5125,0.225,0.0875,0.225,0.225,1.0,6.0,6.0,6.0,6.0,6.0,6.0,5.0,6.0,6.0,6.0,2.5,2.5,1.6913793103448278,0.9465517241379311,0.14094827586206898,0.09266336300476774,0.2193910249545671,0.9465517241379311,0.14094827586206898,0.0,0.0,0.0,0.0,0.0,OK,
corr_mix,all_only,factor_cov_lrt_delta,1.0,0.5,budget_only,count,0.1,0.15,0.1,80,80,80,80,1.0,1.0,1.0,0.9465517241379311,0.14094827586206898,4.575,0.425,0.425,0.0,0.5125,0.225,0.5125,0.225,0.0875,0.225,0.225,1.0,6.0,6.0,6.0,6.0,6.0,6.0,5.0,6.0,6.0,6.0,2.5,2.5,1.6913793103448278,0.9465517241379311,0.14094827586206898,0.09266336300476774,0.2193910249545671,0.9465517241379311,0.14094827586206898,0.0,0.0,0.0,0.0,0.0,OK,
corr_mix,all_only,fused_fisher,INFEASIBLE,0.15,budget_only,count,INFEASIBLE,INFEASIBLE,INFEASIBLE,INFEASIBLE,INFEASIBLE,INFEASIBLE,INFEASIBLE,INFEASIBLE,INFEASIBLE,INFEASIBLE,INFEASIBLE,INFEASIBLE,INFEASIBLE,INFEASIBLE,INFEASIBLE,INFEASIBLE,INFEASIBLE,INFEASIBLE,INFEASIBLE,INFEASIBLE,INFEASIBLE,INFEASIBLE,INFEASIBLE,,INFEASIBLE,INFEASIBLE,INFEASIBLE,INFEASIBLE,INFEASIBLE,INFEASIBLE,INFEASIBLE,INFEASIBLE,INFEASIBLE,INFEASIBLE,INFEASIBLE,INFEASIBLE,INFEASIBLE,INFEASIBLE,INFEASIBLE,INFEASIBLE,INFEASIBLE,INFEASIBLE,INFEASIBLE,INFEASIBLE,INFEASIBLE,INFEASIBLE,INFEASIBLE,INFEASIBLE,INFEASIBLE,no_trials_in_band
corr_mix,all_only,fused_fisher,INFEASIBLE,0.25,budget_only,count,INFEASIBLE,INFEASIBLE,INFEASIBLE,INFEASIBLE,INFEASIBLE,INFEASIBLE,INFEASIBLE,INFEASIBLE,INFEASIBLE,INFEASIBLE,INFEASIBLE,INFEASIBLE,INFEASIBLE,INFEASIBLE,INFEASIBLE,INFEASIBLE,INFEASIBLE,INFEASIBLE,INFEASIBLE,INFEASIBLE,INFEASIBLE,INFEASIBLE,INFEASIBLE,,INFEASIBLE,INFEASIBLE,INFEASIBLE,INFEASIBLE,INFEASIBLE,INFEASIBLE,INFEASIBLE,INFEASIBLE,INFEASIBLE,INFEASIBLE,INFEASIBLE,INFEASIBLE,INFEASIBLE,INFEASIBLE,INFEASIBLE,INFEASIBLE,INFEASIBLE,INFEASIBLE,INFEASIBLE,INFEASIBLE,INFEASIBLE,INFEASIBLE,INFEASIBLE,INFEASIBLE,INFEASIBLE,no_trials_in_band
corr_mix,all_only,fused_fisher,INFEASIBLE,0.35,budget_only,count,INFEASIBLE,INFEASIBLE,INFEASIBLE,INFEASIBLE,INFEASIBLE,INFEASIBLE,INFEASIBLE,INFEASIBLE,INFEASIBLE,INFEASIBLE,INFEASIBLE,INFEASIBLE,INFEASIBLE,INFEASIBLE,INFEASIBLE,INFEASIBLE,INFEASIBLE,INFEASIBLE,INFEASIBLE,INFEASIBLE,INFEASIBLE,INFEASIBLE,INFEASIBLE,,INFEASIBLE,INFEASIBLE,INFEASIBLE,INFEASIBLE,INFEASIBLE,INFEASIBLE,INFEASIBLE,INFEASIBLE,INFEASIBLE,INFEASIBLE,INFEASIBLE,INFEASIBLE,INFEASIBLE,INFEASIBLE,INFEASIBLE,INFEASIBLE,INFEASIBLE,INFEASIBLE,INFEASIBLE,INFEASIBLE,INFEASIBLE,INFEASIBLE,INFEASIBLE,INFEASIBLE,INFEASIBLE,no_trials_in_band
corr_mix,all_only,fused_fisher,INFEASIBLE,0.5,budget_only,count,INFEASIBLE,INFEASIBLE,INFEASIBLE,INFEASIBLE,INFEASIBLE,INFEASIBLE,INFEASIBLE,INFEASIBLE,INFEASIBLE,INFEASIBLE,INFEASIBLE,INFEASIBLE,INFEASIBLE,INFEASIBLE,INFEASIBLE,INFEASIBLE,INFEASIBLE,INFEASIBLE,INFEASIBLE,INFEASIBLE,INFEASIBLE,INFEASIBLE,INFEASIBLE,,INFEASIBLE,INFEASIBLE,INFEASIBLE,INFEASIBLE,INFEASIBLE,INFEASIBLE,INFEASIBLE,INFEASIBLE,INFEASIBLE,INFEASIBLE,INFEASIBLE,INFEASIBLE,INFEASIBLE,INFEASIBLE,INFEASIBLE,INFEASIBLE,INFEASIBLE,INFEASIBLE,INFEASIBLE,INFEASIBLE,INFEASIBLE,INFEASIBLE,INFEASIBLE,INFEASIBLE,INFEASIBLE,no_trials_in_band
corr_mix,all_only,fused_fisher_lrt_delta,1.0,0.15,budget_only,count,0.1,0.15,0.1,80,59,1,59,0.7375,0.0125,0.7375,0.8275862068965519,0.23407364114552892,4.0,0.01694915254237288,0.01694915254237288,0.0,0.13559322033898305,0.11864406779661017,0.13559322033898305,0.11864406779661017,0.11864406779661017,0.01694915254237288,0.01694915254237288,1.0,6.0,6.0,6.0,6.0,6.0,6.0,6.0,6.0,6.0,6.0,2.0,2.0,2.8088836937463477,0.8275862068965519,0.23407364114552892,0.05308788528757142,-0.2822045855631926,0.8275862068965519,0.23407364114552892,0.0,0.0,0.0,0.0,0.0,OK,
corr_mix,all_only,fused_fisher_lrt_delta,1.0,0.25,budget_only,count,0.1,0.15,0.1,80,59,1,59,0.7375,0.0125,0.7375,0.8275862068965519,0.23407364114552892,4.0,0.01694915254237288,0.01694915254237288,0.0,0.13559322033898305,0.11864406779661017,0.13559322033898305,0.11864406779661017,0.11864406779661017,0.01694915254237288,0.01694915254237288,1.0,6.0,6.0,6.0,6.0,6.0,6.0,6.0,6.0,6.0,6.0,2.0,2.0,2.8088836937463477,0.8275862068965519,0.23407364114552892,0.05308788528757142,-0.2822045855631926,0.8275862068965519,0.23407364114552892,0.0,0.0,0.0,0.0,0.0,OK,
corr_mix,all_only,fused_fisher_lrt_delta,1.0,0.35,budget_only,count,0.1,0.15,0.1,80,59,1,59,0.7375,0.0125,0.7375,0.8275862068965519,0.23407364114552892,4.0,0.01694915254237288,0.01694915254237288,0.0,0.13559322033898305,0.11864406779661017,0.13559322033898305,0.11864406779661017,0.11864406779661017,0.01694915254237288,0.01694915254237288,1.0,6.0,6.0,6.0,6.0,6.0,6.0,6.0,6.0,6.0,6.0,2.0,2.0,2.8088836937463477,0.8275862068965519,0.23407364114552892,0.05308788528757142,-0.2822045855631926,0.8275862068965519,0.23407364114552892,0.0,0.0,0.0,0.0,0.0,OK,
corr_mix,all_only,fused_fisher_lrt_delta,1.0,0.5,budget_only,count,0.1,0.15,0.1,80,59,1,59,0.7375,0.0125,0.7375,0.8275862068965519,0.23407364114552892,4.0,0.01694915254237288,0.01694915254237288,0.0,0.13559322033898305,0.11864406779661017,0.13559322033898305,0.11864406779661017,0.11864406779661017,0.01694915254237288,0.01694915254237288,1.0,6.0,6.0,6.0,6.0,6.0,6.0,6.0,6.0,6.0,6.0,2.0,2.0,2.8088836937463477,0.8275862068965519,0.23407364114552892,0.05308788528757142,-0.2822045855631926,0.8275862068965519,0.23407364114552892,0.0,0.0,0.0,0.0,0.0,OK,
corr_mix,all_only,fused_sp,INFEASIBLE,0.15,budget_only,count,INFEASIBLE,INFEASIBLE,INFEASIBLE,INFEASIBLE,INFEASIBLE,INFEASIBLE,INFEASIBLE,INFEASIBLE,INFEASIBLE,INFEASIBLE,INFEASIBLE,INFEASIBLE,INFEASIBLE,INFEASIBLE,INFEASIBLE,INFEASIBLE,INFEASIBLE,INFEASIBLE,INFEASIBLE,INFEASIBLE,INFEASIBLE,INFEASIBLE,INFEASIBLE,,INFEASIBLE,INFEASIBLE,INFEASIBLE,INFEASIBLE,INFEASIBLE,INFEASIBLE,INFEASIBLE,INFEASIBLE,INFEASIBLE,INFEASIBLE,INFEASIBLE,INFEASIBLE,INFEASIBLE,INFEASIBLE,INFEASIBLE,INFEASIBLE,INFEASIBLE,INFEASIBLE,INFEASIBLE,INFEASIBLE,INFEASIBLE,INFEASIBLE,INFEASIBLE,INFEASIBLE,INFEASIBLE,no_trials_in_band
corr_mix,all_only,fused_sp,INFEASIBLE,0.25,budget_only,count,INFEASIBLE,INFEASIBLE,INFEASIBLE,INFEASIBLE,INFEASIBLE,INFEASIBLE,INFEASIBLE,INFEASIBLE,INFEASIBLE,INFEASIBLE,INFEASIBLE,INFEASIBLE,INFEASIBLE,INFEASIBLE,INFEASIBLE,INFEASIBLE,INFEASIBLE,INFEASIBLE,INFEASIBLE,INFEASIBLE,INFEASIBLE,INFEASIBLE,INFEASIBLE,,INFEASIBLE,INFEASIBLE,INFEASIBLE,INFEASIBLE,INFEASIBLE,INFEASIBLE,INFEASIBLE,INFEASIBLE,INFEASIBLE,INFEASIBLE,INFEASIBLE,INFEASIBLE,INFEASIBLE,INFEASIBLE,INFEASIBLE,INFEASIBLE,INFEASIBLE,INFEASIBLE,INFEASIBLE,INFEASIBLE,INFEASIBLE,INFEASIBLE,INFEASIBLE,INFEASIBLE,INFEASIBLE,no_trials_in_band
corr_mix,all_only,fused_sp,INFEASIBLE,0.35,budget_only,count,INFEASIBLE,INFEASIBLE,INFEASIBLE,INFEASIBLE,INFEASIBLE,INFEASIBLE,INFEASIBLE,INFEASIBLE,INFEASIBLE,INFEASIBLE,INFEASIBLE,INFEASIBLE,INFEASIBLE,INFEASIBLE,INFEASIBLE,INFEASIBLE,INFEASIBLE,INFEASIBLE,INFEASIBLE,INFEASIBLE,INFEASIBLE,INFEASIBLE,INFEASIBLE,,INFEASIBLE,INFEASIBLE,INFEASIBLE,INFEASIBLE,INFEASIBLE,INFEASIBLE,INFEASIBLE,INFEASIBLE,INFEASIBLE,INFEASIBLE,INFEASIBLE,INFEASIBLE,INFEASIBLE,INFEASIBLE,INFEASIBLE,INFEASIBLE,INFEASIBLE,INFEASIBLE,INFEASIBLE,INFEASIBLE,INFEASIBLE,INFEASIBLE,INFEASIBLE,INFEASIBLE,INFEASIBLE,no_trials_in_band
corr_mix,all_only,fused_sp,INFEASIBLE,0.5,budget_only,count,INFEASIBLE,INFEASIBLE,INFEASIBLE,INFEASIBLE,INFEASIBLE,INFEASIBLE,INFEASIBLE,INFEASIBLE,INFEASIBLE,INFEASIBLE,INFEASIBLE,INFEASIBLE,INFEASIBLE,INFEASIBLE,INFEASIBLE,INFEASIBLE,INFEASIBLE,INFEASIBLE,INFEASIBLE,INFEASIBLE,INFEASIBLE,INFEASIBLE,INFEASIBLE,,INFEASIBLE,INFEASIBLE,INFEASIBLE,INFEASIBLE,INFEASIBLE,INFEASIBLE,INFEASIBLE,INFEASIBLE,INFEASIBLE,INFEASIBLE,INFEASIBLE,INFEASIBLE,INFEASIBLE,INFEASIBLE,INFEASIBLE,INFEASIBLE,INFEASIBLE,INFEASIBLE,INFEASIBLE,INFEASIBLE,INFEASIBLE,INFEASIBLE,INFEASIBLE,INFEASIBLE,INFEASIBLE,no_trials_in_band
corr_mix,all_only,fused_sp_lrt_delta,INFEASIBLE,0.15,budget_only,count,INFEASIBLE,INFEASIBLE,INFEASIBLE,INFEASIBLE,INFEASIBLE,INFEASIBLE,INFEASIBLE,INFEASIBLE,INFEASIBLE,INFEASIBLE,INFEASIBLE,INFEASIBLE,INFEASIBLE,INFEASIBLE,INFEASIBLE,INFEASIBLE,INFEASIBLE,INFEASIBLE,INFEASIBLE,INFEASIBLE,INFEASIBLE,INFEASIBLE,INFEASIBLE,,INFEASIBLE,INFEASIBLE,INFEASIBLE,INFEASIBLE,INFEASIBLE,INFEASIBLE,INFEASIBLE,INFEASIBLE,INFEASIBLE,INFEASIBLE,INFEASIBLE,INFEASIBLE,INFEASIBLE,INFEASIBLE,INFEASIBLE,INFEASIBLE,INFEASIBLE,INFEASIBLE,INFEASIBLE,INFEASIBLE,INFEASIBLE,INFEASIBLE,INFEASIBLE,INFEASIBLE,INFEASIBLE,no_trials_in_band
corr_mix,all_only,fused_sp_lrt_delta,INFEASIBLE,0.25,budget_only,count,INFEASIBLE,INFEASIBLE,INFEASIBLE,INFEASIBLE,INFEASIBLE,INFEASIBLE,INFEASIBLE,INFEASIBLE,INFEASIBLE,INFEASIBLE,INFEASIBLE,INFEASIBLE,INFEASIBLE,INFEASIBLE,INFEASIBLE,INFEASIBLE,INFEASIBLE,INFEASIBLE,INFEASIBLE,INFEASIBLE,INFEASIBLE,INFEASIBLE,INFEASIBLE,,INFEASIBLE,INFEASIBLE,INFEASIBLE,INFEASIBLE,INFEASIBLE,INFEASIBLE,INFEASIBLE,INFEASIBLE,INFEASIBLE,INFEASIBLE,INFEASIBLE,INFEASIBLE,INFEASIBLE,INFEASIBLE,INFEASIBLE,INFEASIBLE,INFEASIBLE,INFEASIBLE,INFEASIBLE,INFEASIBLE,INFEASIBLE,INFEASIBLE,INFEASIBLE,INFEASIBLE,INFEASIBLE,no_trials_in_band
corr_mix,all_only,fused_sp_lrt_delta,INFEASIBLE,0.35,budget_only,count,INFEASIBLE,INFEASIBLE,INFEASIBLE,INFEASIBLE,INFEASIBLE,INFEASIBLE,INFEASIBLE,INFEASIBLE,INFEASIBLE,INFEASIBLE,INFEASIBLE,INFEASIBLE,INFEASIBLE,INFEASIBLE,INFEASIBLE,INFEASIBLE,INFEASIBLE,INFEASIBLE,INFEASIBLE,INFEASIBLE,INFEASIBLE,INFEASIBLE,INFEASIBLE,,INFEASIBLE,INFEASIBLE,INFEASIBLE,INFEASIBLE,INFEASIBLE,INFEASIBLE,INFEASIBLE,INFEASIBLE,INFEASIBLE,INFEASIBLE,INFEASIBLE,INFEASIBLE,INFEASIBLE,INFEASIBLE,INFEASIBLE,INFEASIBLE,INFEASIBLE,INFEASIBLE,INFEASIBLE,INFEASIBLE,INFEASIBLE,INFEASIBLE,INFEASIBLE,INFEASIBLE,INFEASIBLE,no_trials_in_band
corr_mix,all_only,fused_sp_lrt_delta,INFEASIBLE,0.5,budget_only,count,INFEASIBLE,INFEASIBLE,INFEASIBLE,INFEASIBLE,INFEASIBLE,INFEASIBLE,INFEASIBLE,INFEASIBLE,INFEASIBLE,INFEASIBLE,INFEASIBLE,INFEASIBLE,INFEASIBLE,INFEASIBLE,INFEASIBLE,INFEASIBLE,INFEASIBLE,INFEASIBLE,INFEASIBLE,INFEASIBLE,INFEASIBLE,INFEASIBLE,INFEASIBLE,,INFEASIBLE,INFEASIBLE,INFEASIBLE,INFEASIBLE,INFEASIBLE,INFEASIBLE,INFEASIBLE,INFEASIBLE,INFEASIBLE,INFEASIBLE,INFEASIBLE,INFEASIBLE,INFEASIBLE,INFEASIBLE,INFEASIBLE,INFEASIBLE,INFEASIBLE,INFEASIBLE,INFEASIBLE,INFEASIBLE,INFEASIBLE,INFEASIBLE,INFEASIBLE,INFEASIBLE,INFEASIBLE,no_trials_in_band
corr_mix,all_only,max_abs,1.0,0.15,budget_only,count,0.1,0.15,0.1,80,80,0,80,1.0,0.0,1.0,0.9568965517241381,0.25215517241379315,4.625,0.475,0.475,0.0,0.5375,0.275,0.5375,0.275,0.125,0.0,0.0,1.0,6.0,6.0,6.0,6.0,6.0,6.0,4.0,6.0,6.0,6.0,2.0,2.0,3.025862068965517,0.9568965517241381,0.25215517241379315,0.06813348054367598,0.19536458802947992,0.9568965517241381,0.25215517241379315,0.0,0.0,0.0,0.0,0.0,OK,
corr_mix,all_only,max_abs,1.0,0.25,budget_only,count,0.1,0.15,0.1,80,80,0,80,1.0,0.0,1.0,0.9568965517241381,0.25215517241379315,4.625,0.475,0.475,0.0,0.5375,0.275,0.5375,0.275,0.125,0.0,0.0,1.0,6.0,6.0,6.0,6.0,6.0,6.0,4.0,6.0,6.0,6.0,2.0,2.0,3.025862068965517,0.9568965517241381,0.25215517241379315,0.06813348054367598,0.19536458802947992,0.9568965517241381,0.25215517241379315,0.0,0.0,0.0,0.0,0.0,OK,
corr_mix,all_only,max_abs,1.0,0.35,budget_only,count,0.1,0.15,0.1,80,80,0,80,1.0,0.0,1.0,0.9568965517241381,0.25215517241379315,4.625,0.475,0.475,0.0,0.5375,0.275,0.5375,0.275,0.125,0.0,0.0,1.0,6.0,6.0,6.0,6.0,6.0,6.0,4.0,6.0,6.0,6.0,2.0,2.0,3.025862068965517,0.9568965517241381,0.25215517241379315,0.06813348054367598,0.19536458802947992,0.9568965517241381,0.25215517241379315,0.0,0.0,0.0,0.0,0.0,OK,
corr_mix,all_only,max_abs,1.0,0.5,budget_only,count,0.1,0.15,0.1,80,80,0,80,1.0,0.0,1.0,0.9568965517241381,0.25215517241379315,4.625,0.475,0.475,0.0,0.5375,0.275,0.5375,0.275,0.125,0.0,0.0,1.0,6.0,6.0,6.0,6.0,6.0,6.0,4.0,6.0,6.0,6.0,2.0,2.0,3.025862068965517,0.9568965517241381,0.25215517241379315,0.06813348054367598,0.19536458802947992,0.9568965517241381,0.25215517241379315,0.0,0.0,0.0,0.0,0.0,OK,
corr_mix,all_only,pc_t2,1.0,0.15,budget_only,count,0.1,0.15,0.1,80,80,4,80,1.0,0.05,1.0,1.1456896551724138,0.21788793103448273,5.5375,0.55,0.55,0.0,0.625,0.325,0.625,0.325,0.125,0.0,0.0,1.0,5.0,5.0,5.0,6.0,5.0,6.0,3.0,6.0,5.0,6.0,2.0,2.0,2.6146551724137934,1.1456896551724138,0.21788793103448273,0.07645205555086122,0.10526096272330374,1.1456896551724138,0.21788793103448273,0.0,0.0,0.0,0.0,0.0,OK,
corr_mix,all_only,pc_t2,1.0,0.25,budget_only,count,0.1,0.15,0.1,80,80,4,80,1.0,0.05,1.0,1.1456896551724138,0.21788793103448273,5.5375,0.55,0.55,0.0,0.625,0.325,0.625,0.325,0.125,0.0,0.0,1.0,5.0,5.0,5.0,6.0,5.0,6.0,3.0,6.0,5.0,6.0,2.0,2.0,2.6146551724137934,1.1456896551724138,0.21788793103448273,0.07645205555086122,0.10526096272330374,1.1456896551724138,0.21788793103448273,0.0,0.0,0.0,0.0,0.0,OK,
corr_mix,all_only,pc_t2,1.0,0.35,budget_only,count,0.1,0.15,0.1,80,80,4,80,1.0,0.05,1.0,1.1456896551724138,0.21788793103448273,5.5375,0.55,0.55,0.0,0.625,0.325,0.625,0.325,0.125,0.0,0.0,1.0,5.0,5.0,5.0,6.0,5.0,6.0,3.0,6.0,5.0,6.0,2.0,2.0,2.6146551724137934,1.1456896551724138,0.21788793103448273,0.07645205555086122,0.10526096272330374,1.1456896551724138,0.21788793103448273,0.0,0.0,0.0,0.0,0.0,OK,
corr_mix,all_only,pc_t2,1.0,0.5,budget_only,count,0.1,0.15,0.1,80,80,4,80,1.0,0.05,1.0,1.1456896551724138,0.21788793103448273,5.5375,0.55,0.55,0.0,0.625,0.325,0.625,0.325,0.125,0.0,0.0,1.0,5.0,5.0,5.0,6.0,5.0,6.0,3.0,6.0,5.0,6.0,2.0,2.0,2.6146551724137934,1.1456896551724138,0.21788793103448273,0.07645205555086122,0.10526096272330374,1.1456896551724138,0.21788793103448273,0.0,0.0,0.0,0.0,0.0,OK,
corr_mix,all_only,res_energy,INFEASIBLE,0.15,budget_only,count,INFEASIBLE,INFEASIBLE,INFEASIBLE,INFEASIBLE,INFEASIBLE,INFEASIBLE,INFEASIBLE,INFEASIBLE,INFEASIBLE,INFEASIBLE,INFEASIBLE,INFEASIBLE,INFEASIBLE,INFEASIBLE,INFEASIBLE,INFEASIBLE,INFEASIBLE,INFEASIBLE,INFEASIBLE,INFEASIBLE,INFEASIBLE,INFEASIBLE,INFEASIBLE,,INFEASIBLE,INFEASIBLE,INFEASIBLE,INFEASIBLE,INFEASIBLE,INFEASIBLE,INFEASIBLE,INFEASIBLE,INFEASIBLE,INFEASIBLE,INFEASIBLE,INFEASIBLE,INFEASIBLE,INFEASIBLE,INFEASIBLE,INFEASIBLE,INFEASIBLE,INFEASIBLE,INFEASIBLE,INFEASIBLE,INFEASIBLE,INFEASIBLE,INFEASIBLE,INFEASIBLE,INFEASIBLE,no_trials_in_band
corr_mix,all_only,res_energy,INFEASIBLE,0.25,budget_only,count,INFEASIBLE,INFEASIBLE,INFEASIBLE,INFEASIBLE,INFEASIBLE,INFEASIBLE,INFEASIBLE,INFEASIBLE,INFEASIBLE,INFEASIBLE,INFEASIBLE,INFEASIBLE,INFEASIBLE,INFEASIBLE,INFEASIBLE,INFEASIBLE,INFEASIBLE,INFEASIBLE,INFEASIBLE,INFEASIBLE,INFEASIBLE,INFEASIBLE,INFEASIBLE,,INFEASIBLE,INFEASIBLE,INFEASIBLE,INFEASIBLE,INFEASIBLE,INFEASIBLE,INFEASIBLE,INFEASIBLE,INFEASIBLE,INFEASIBLE,INFEASIBLE,INFEASIBLE,INFEASIBLE,INFEASIBLE,INFEASIBLE,INFEASIBLE,INFEASIBLE,INFEASIBLE,INFEASIBLE,INFEASIBLE,INFEASIBLE,INFEASIBLE,INFEASIBLE,INFEASIBLE,INFEASIBLE,no_trials_in_band
corr_mix,all_only,res_energy,INFEASIBLE,0.35,budget_only,count,INFEASIBLE,INFEASIBLE,INFEASIBLE,INFEASIBLE,INFEASIBLE,INFEASIBLE,INFEASIBLE,INFEASIBLE,INFEASIBLE,INFEASIBLE,INFEASIBLE,INFEASIBLE,INFEASIBLE,INFEASIBLE,INFEASIBLE,INFEASIBLE,INFEASIBLE,INFEASIBLE,INFEASIBLE,INFEASIBLE,INFEASIBLE,INFEASIBLE,INFEASIBLE,,INFEASIBLE,INFEASIBLE,INFEASIBLE,INFEASIBLE,INFEASIBLE,INFEASIBLE,INFEASIBLE,INFEASIBLE,INFEASIBLE,INFEASIBLE,INFEASIBLE,INFEASIBLE,INFEASIBLE,INFEASIBLE,INFEASIBLE,INFEASIBLE,INFEASIBLE,INFEASIBLE,INFEASIBLE,INFEASIBLE,INFEASIBLE,INFEASIBLE,INFEASIBLE,INFEASIBLE,INFEASIBLE,no_trials_in_band
corr_mix,all_only,res_energy,INFEASIBLE,0.5,budget_only,count,INFEASIBLE,INFEASIBLE,INFEASIBLE,INFEASIBLE,INFEASIBLE,INFEASIBLE,INFEASIBLE,INFEASIBLE,INFEASIBLE,INFEASIBLE,INFEASIBLE,INFEASIBLE,INFEASIBLE,INFEASIBLE,INFEASIBLE,INFEASIBLE,INFEASIBLE,INFEASIBLE,INFEASIBLE,INFEASIBLE,INFEASIBLE,INFEASIBLE,INFEASIBLE,,INFEASIBLE,INFEASIBLE,INFEASIBLE,INFEASIBLE,INFEASIBLE,INFEASIBLE,INFEASIBLE,INFEASIBLE,INFEASIBLE,INFEASIBLE,INFEASIBLE,INFEASIBLE,INFEASIBLE,INFEASIBLE,INFEASIBLE,INFEASIBLE,INFEASIBLE,INFEASIBLE,INFEASIBLE,INFEASIBLE,INFEASIBLE,INFEASIBLE,INFEASIBLE,INFEASIBLE,INFEASIBLE,no_trials_in_band
corr_mix,all_only,stale,INFEASIBLE,0.15,budget_only,count,INFEASIBLE,INFEASIBLE,INFEASIBLE,INFEASIBLE,INFEASIBLE,INFEASIBLE,INFEASIBLE,INFEASIBLE,INFEASIBLE,INFEASIBLE,INFEASIBLE,INFEASIBLE,INFEASIBLE,INFEASIBLE,INFEASIBLE,INFEASIBLE,INFEASIBLE,INFEASIBLE,INFEASIBLE,INFEASIBLE,INFEASIBLE,INFEASIBLE,INFEASIBLE,,INFEASIBLE,INFEASIBLE,INFEASIBLE,INFEASIBLE,INFEASIBLE,INFEASIBLE,INFEASIBLE,INFEASIBLE,INFEASIBLE,INFEASIBLE,INFEASIBLE,INFEASIBLE,INFEASIBLE,INFEASIBLE,INFEASIBLE,INFEASIBLE,INFEASIBLE,INFEASIBLE,INFEASIBLE,INFEASIBLE,INFEASIBLE,INFEASIBLE,INFEASIBLE,INFEASIBLE,INFEASIBLE,no_trials_in_band
corr_mix,all_only,stale,INFEASIBLE,0.25,budget_only,count,INFEASIBLE,INFEASIBLE,INFEASIBLE,INFEASIBLE,INFEASIBLE,INFEASIBLE,INFEASIBLE,INFEASIBLE,INFEASIBLE,INFEASIBLE,INFEASIBLE,INFEASIBLE,INFEASIBLE,INFEASIBLE,INFEASIBLE,INFEASIBLE,INFEASIBLE,INFEASIBLE,INFEASIBLE,INFEASIBLE,INFEASIBLE,INFEASIBLE,INFEASIBLE,,INFEASIBLE,INFEASIBLE,INFEASIBLE,INFEASIBLE,INFEASIBLE,INFEASIBLE,INFEASIBLE,INFEASIBLE,INFEASIBLE,INFEASIBLE,INFEASIBLE,INFEASIBLE,INFEASIBLE,INFEASIBLE,INFEASIBLE,INFEASIBLE,INFEASIBLE,INFEASIBLE,INFEASIBLE,INFEASIBLE,INFEASIBLE,INFEASIBLE,INFEASIBLE,INFEASIBLE,INFEASIBLE,no_trials_in_band
corr_mix,all_only,stale,INFEASIBLE,0.35,budget_only,count,INFEASIBLE,INFEASIBLE,INFEASIBLE,INFEASIBLE,INFEASIBLE,INFEASIBLE,INFEASIBLE,INFEASIBLE,INFEASIBLE,INFEASIBLE,INFEASIBLE,INFEASIBLE,INFEASIBLE,INFEASIBLE,INFEASIBLE,INFEASIBLE,INFEASIBLE,INFEASIBLE,INFEASIBLE,INFEASIBLE,INFEASIBLE,INFEASIBLE,INFEASIBLE,,INFEASIBLE,INFEASIBLE,INFEASIBLE,INFEASIBLE,INFEASIBLE,INFEASIBLE,INFEASIBLE,INFEASIBLE,INFEASIBLE,INFEASIBLE,INFEASIBLE,INFEASIBLE,INFEASIBLE,INFEASIBLE,INFEASIBLE,INFEASIBLE,INFEASIBLE,INFEASIBLE,INFEASIBLE,INFEASIBLE,INFEASIBLE,INFEASIBLE,INFEASIBLE,INFEASIBLE,INFEASIBLE,no_trials_in_band
corr_mix,all_only,stale,INFEASIBLE,0.5,budget_only,count,INFEASIBLE,INFEASIBLE,INFEASIBLE,INFEASIBLE,INFEASIBLE,INFEASIBLE,INFEASIBLE,INFEASIBLE,INFEASIBLE,INFEASIBLE,INFEASIBLE,INFEASIBLE,INFEASIBLE,INFEASIBLE,INFEASIBLE,INFEASIBLE,INFEASIBLE,INFEASIBLE,INFEASIBLE,INFEASIBLE,INFEASIBLE,INFEASIBLE,INFEASIBLE,,INFEASIBLE,INFEASIBLE,INFEASIBLE,INFEASIBLE,INFEASIBLE,INFEASIBLE,INFEASIBLE,INFEASIBLE,INFEASIBLE,INFEASIBLE,INFEASIBLE,INFEASIBLE,INFEASIBLE,INFEASIBLE,INFEASIBLE,INFEASIBLE,INFEASIBLE,INFEASIBLE,INFEASIBLE,INFEASIBLE,INFEASIBLE,INFEASIBLE,INFEASIBLE,INFEASIBLE,INFEASIBLE,no_trials_in_band
corr_mix,full,T2,1.0,0.15,budget_only,count,0.1,0.15,0.1,80,80,0,80,1.0,0.0,1.0,1.1456896551724138,0.2836206896551724,5.5375,0.4875,0.5125,-0.024999999999999967,0.6125,0.3375,0.6125,0.3375,0.15,0.0,0.0,1.0,6.0,5.0,6.0,6.0,5.0,6.0,3.0,6.0,6.0,6.0,2.0,2.0,3.390517241379311,1.1456896551724138,0.2825431034482759,0.07195712064603353,0.01833000635157501,1.1456896551724138,0.2836206896551724,0.04583333333333333,0.0379746835443038,-0.029166666666666664,0.029166666666666664,0.004219409282700422,OK,
corr_mix,full,T2,1.0,0.25,budget_only,count,0.1,0.15,0.1,80,80,0,80,1.0,0.0,1.0,1.1456896551724138,0.2836206896551724,5.5375,0.45,0.5125,-0.062499999999999944,0.575,0.3375,0.575,0.3375,0.15,0.0,0.0,1.0,6.0,5.0,6.0,6.0,5.0,6.0,4.0,6.0,6.0,6.0,2.0,2.0,3.3594827586206906,1.1482758620689655,0.2799568965517241,0.07195712064603353,0.029948836124613416,1.1456896551724138,0.2836206896551724,0.035416666666666666,0.02109704641350211,-0.035416666666666666,0.035416666666666666,0.02109704641350211,OK,
corr_mix,full,T2,1.0,0.35,budget_only,count,0.1,0.15,0.1,80,80,0,80,1.0,0.0,1.0,1.1456896551724138,0.2836206896551724,5.5375,0.45,0.5125,-0.062499999999999944,0.575,0.3375,0.575,0.3375,0.15,0.0,0.0,1.0,6.0,5.0,6.0,6.0,5.0,6.0,4.0,6.0,6.0,6.0,2.0,2.0,3.3232758620689657,1.1405172413793105,0.2769396551724138,0.07195712064603353,0.09182890712706833,1.1456896551724138,0.2836206896551724,0.04583333333333333,0.02109704641350211,-0.025,0.025,0.02109704641350211,OK,
corr_mix,full,T2,1.0,0.5,budget_only,count,0.1,0.15,0.1,80,80,0,80,1.0,0.0,1.0,1.1456896551724138,0.2836206896551724,5.5375,0.5125,0.5125,0.0,0.65,0.475,0.65,0.475,0.2125,0.0,0.0,1.0,5.0,5.0,5.0,6.0,5.0,6.0,2.0,6.0,5.0,6.0,1.0,2.0,3.2637931034482763,1.1198275862068967,0.27198275862068966,0.07195712064603353,0.2947950094651134,1.1456896551724138,0.2836206896551724,0.08125,0.04641350210970464,0.04375,0.04375,-0.02953586497890295,OK,
corr_mix,full,cusum_factor_cov_lrt,1.0,0.15,budget_only,count,0.1,0.15,0.1,80,80,0,80,1.0,0.0,1.0,1.1120689655172413,0.25323275862068967,5.375,0.5625,0.5625,0.0,0.725,0.4,0.725,0.4,0.1625,0.0,0.0,1.0,4.0,4.0,4.0,6.0,4.0,6.0,3.0,6.0,4.0,6.0,2.0,2.0,3.038793103448276,1.1120689655172413,0.25323275862068967,NA,0.31710600731572214,1.1120689655172413,0.25323275862068967,0.02291666666666667,0.0,0.02291666666666667,0.02291666666666667,0.0,OK,
corr_mix,full,cusum_factor_cov_lrt,1.0,0.25,budget_only,count,0.1,0.15,0.1,80,80,0,80,1.0,0.0,1.0,1.1120689655172413,0.25323275862068967,5.375,0.5625,0.5625,0.0,0.725,0.4,0.725,0.4,0.1625,0.0,0.0,1.0,4.0,4.0,4.0,6.0,4.0,6.0,3.0,6.0,4.0,6.0,2.0,2.0,3.0543103448275866,1.1172413793103448,0.25452586206896555,NA,0.320188191200918,1.1120689655172413,0.25323275862068967,0.035416666666666666,0.04219409282700422,0.035416666666666666,0.035416666666666666,0.03375527426160338,OK,
corr_mix,full,cusum_factor_cov_lrt,1.0,0.35,budget_only,count,0.1,0.15,0.1,80,80,0,80,1.0,0.0,1.0,1.1120689655172413,0.25323275862068967,5.375,0.5625,0.5625,0.0,0.725,0.4,0.725,0.4,0.1625,0.0,0.0,1.0,4.0,4.0,4.0,6.0,4.0,6.0,3.0,6.0,4.0,6.0,2.0,2.0,3.0517241379310347,1.114655172413793,0.2543103448275862,NA,0.3215070014695073,1.1120689655172413,0.25323275862068967,0.035416666666666666,0.03797468354430379,0.035416666666666666,0.035416666666666666,0.02953586497890296,OK,
corr_mix,full,cusum_factor_cov_lrt,1.0,0.5,budget_only,count,0.1,0.15,0.1,80,80,0,80,1.0,0.0,1.0,1.1120689655172413,0.25323275862068967,5.375,0.5625,0.5625,0.0,0.725,0.4,0.725,0.4,0.1625,0.0,0.0,1.0,4.0,4.0,4.0,6.0,4.0,6.0,3.0,6.0,4.0,6.0,2.0,2.0,3.0517241379310347,1.114655172413793,0.2543103448275862,NA,0.3262847681208715,1.1120689655172413,0.25323275862068967,0.035416666666666666,0.03797468354430379,0.035416666666666666,0.035416666666666666,0.02953586497890296,OK,
corr_mix,full,ewma_factor_cov_lrt,INFEASIBLE,0.15,budget_only,count,INFEASIBLE,INFEASIBLE,INFEASIBLE,INFEASIBLE,INFEASIBLE,INFEASIBLE,INFEASIBLE,INFEASIBLE,INFEASIBLE,INFEASIBLE,INFEASIBLE,INFEASIBLE,INFEASIBLE,INFEASIBLE,INFEASIBLE,INFEASIBLE,INFEASIBLE,INFEASIBLE,INFEASIBLE,INFEASIBLE,INFEASIBLE,INFEASIBLE,INFEASIBLE,,INFEASIBLE,INFEASIBLE,INFEASIBLE,INFEASIBLE,INFEASIBLE,INFEASIBLE,INFEASIBLE,INFEASIBLE,INFEASIBLE,INFEASIBLE,INFEASIBLE,INFEASIBLE,INFEASIBLE,INFEASIBLE,INFEASIBLE,INFEASIBLE,INFEASIBLE,INFEASIBLE,INFEASIBLE,INFEASIBLE,INFEASIBLE,INFEASIBLE,INFEASIBLE,INFEASIBLE,INFEASIBLE,no_trials_in_band
corr_mix,full,ewma_factor_cov_lrt,INFEASIBLE,0.25,budget_only,count,INFEASIBLE,INFEASIBLE,INFEASIBLE,INFEASIBLE,INFEASIBLE,INFEASIBLE,INFEASIBLE,INFEASIBLE,INFEASIBLE,INFEASIBLE,INFEASIBLE,INFEASIBLE,INFEASIBLE,INFEASIBLE,INFEASIBLE,INFEASIBLE,INFEASIBLE,INFEASIBLE,INFEASIBLE,INFEASIBLE,INFEASIBLE,INFEASIBLE,INFEASIBLE,,INFEASIBLE,INFEASIBLE,INFEASIBLE,INFEASIBLE,INFEASIBLE,INFEASIBLE,INFEASIBLE,INFEASIBLE,INFEASIBLE,INFEASIBLE,INFEASIBLE,INFEASIBLE,INFEASIBLE,INFEASIBLE,INFEASIBLE,INFEASIBLE,INFEASIBLE,INFEASIBLE,INFEASIBLE,INFEASIBLE,INFEASIBLE,INFEASIBLE,INFEASIBLE,INFEASIBLE,INFEASIBLE,no_trials_in_band
corr_mix,full,ewma_factor_cov_lrt,INFEASIBLE,0.35,budget_only,count,INFEASIBLE,INFEASIBLE,INFEASIBLE,INFEASIBLE,INFEASIBLE,INFEASIBLE,INFEASIBLE,INFEASIBLE,INFEASIBLE,INFEASIBLE,INFEASIBLE,INFEASIBLE,INFEASIBLE,INFEASIBLE,INFEASIBLE,INFEASIBLE,INFEASIBLE,INFEASIBLE,INFEASIBLE,INFEASIBLE,INFEASIBLE,INFEASIBLE,INFEASIBLE,,INFEASIBLE,INFEASIBLE,INFEASIBLE,INFEASIBLE,INFEASIBLE,INFEASIBLE,INFEASIBLE,INFEASIBLE,INFEASIBLE,INFEASIBLE,INFEASIBLE,INFEASIBLE,INFEASIBLE,INFEASIBLE,INFEASIBLE,INFEASIBLE,INFEASIBLE,INFEASIBLE,INFEASIBLE,INFEASIBLE,INFEASIBLE,INFEASIBLE,INFEASIBLE,INFEASIBLE,INFEASIBLE,no_trials_in_band
corr_mix,full,ewma_factor_cov_lrt,INFEASIBLE,0.5,budget_only,count,INFEASIBLE,INFEASIBLE,INFEASIBLE,INFEASIBLE,INFEASIBLE,INFEASIBLE,INFEASIBLE,INFEASIBLE,INFEASIBLE,INFEASIBLE,INFEASIBLE,INFEASIBLE,INFEASIBLE,INFEASIBLE,INFEASIBLE,INFEASIBLE,INFEASIBLE,INFEASIBLE,INFEASIBLE,INFEASIBLE,INFEASIBLE,INFEASIBLE,INFEASIBLE,,INFEASIBLE,INFEASIBLE,INFEASIBLE,INFEASIBLE,INFEASIBLE,INFEASIBLE,INFEASIBLE,INFEASIBLE,INFEASIBLE,INFEASIBLE,INFEASIBLE,INFEASIBLE,INFEASIBLE,INFEASIBLE,INFEASIBLE,INFEASIBLE,INFEASIBLE,INFEASIBLE,INFEASIBLE,INFEASIBLE,INFEASIBLE,INFEASIBLE,INFEASIBLE,INFEASIBLE,INFEASIBLE,no_trials_in_band
corr_mix,full,factor_cov_change,INFEASIBLE,0.15,budget_only,count,INFEASIBLE,INFEASIBLE,INFEASIBLE,INFEASIBLE,INFEASIBLE,INFEASIBLE,INFEASIBLE,INFEASIBLE,INFEASIBLE,INFEASIBLE,INFEASIBLE,INFEASIBLE,INFEASIBLE,INFEASIBLE,INFEASIBLE,INFEASIBLE,INFEASIBLE,INFEASIBLE,INFEASIBLE,INFEASIBLE,INFEASIBLE,INFEASIBLE,INFEASIBLE,,INFEASIBLE,INFEASIBLE,INFEASIBLE,INFEASIBLE,INFEASIBLE,INFEASIBLE,INFEASIBLE,INFEASIBLE,INFEASIBLE,INFEASIBLE,INFEASIBLE,INFEASIBLE,INFEASIBLE,INFEASIBLE,INFEASIBLE,INFEASIBLE,INFEASIBLE,INFEASIBLE,INFEASIBLE,INFEASIBLE,INFEASIBLE,INFEASIBLE,INFEASIBLE,INFEASIBLE,INFEASIBLE,no_trials_in_band
corr_mix,full,factor_cov_change,INFEASIBLE,0.25,budget_only,count,INFEASIBLE,INFEASIBLE,INFEASIBLE,INFEASIBLE,INFEASIBLE,INFEASIBLE,INFEASIBLE,INFEASIBLE,INFEASIBLE,INFEASIBLE,INFEASIBLE,INFEASIBLE,INFEASIBLE,INFEASIBLE,INFEASIBLE,INFEASIBLE,INFEASIBLE,INFEASIBLE,INFEASIBLE,INFEASIBLE,INFEASIBLE,INFEASIBLE,INFEASIBLE,,INFEASIBLE,INFEASIBLE,INFEASIBLE,INFEASIBLE,INFEASIBLE,INFEASIBLE,INFEASIBLE,INFEASIBLE,INFEASIBLE,INFEASIBLE,INFEASIBLE,INFEASIBLE,INFEASIBLE,INFEASIBLE,INFEASIBLE,INFEASIBLE,INFEASIBLE,INFEASIBLE,INFEASIBLE,INFEASIBLE,INFEASIBLE,INFEASIBLE,INFEASIBLE,INFEASIBLE,INFEASIBLE,no_trials_in_band
corr_mix,full,factor_cov_change,INFEASIBLE,0.35,budget_only,count,INFEASIBLE,INFEASIBLE,INFEASIBLE,INFEASIBLE,INFEASIBLE,INFEASIBLE,INFEASIBLE,INFEASIBLE,INFEASIBLE,INFEASIBLE,INFEASIBLE,INFEASIBLE,INFEASIBLE,INFEASIBLE,INFEASIBLE,INFEASIBLE,INFEASIBLE,INFEASIBLE,INFEASIBLE,INFEASIBLE,INFEASIBLE,INFEASIBLE,INFEASIBLE,,INFEASIBLE,INFEASIBLE,INFEASIBLE,INFEASIBLE,INFEASIBLE,INFEASIBLE,INFEASIBLE,INFEASIBLE,INFEASIBLE,INFEASIBLE,INFEASIBLE,INFEASIBLE,INFEASIBLE,INFEASIBLE,INFEASIBLE,INFEASIBLE,INFEASIBLE,INFEASIBLE,INFEASIBLE,INFEASIBLE,INFEASIBLE,INFEASIBLE,INFEASIBLE,INFEASIBLE,INFEASIBLE,no_trials_in_band
corr_mix,full,factor_cov_change,INFEASIBLE,0.5,budget_only,count,INFEASIBLE,INFEASIBLE,INFEASIBLE,INFEASIBLE,INFEASIBLE,INFEASIBLE,INFEASIBLE,INFEASIBLE,INFEASIBLE,INFEASIBLE,INFEASIBLE,INFEASIBLE,INFEASIBLE,INFEASIBLE,INFEASIBLE,INFEASIBLE,INFEASIBLE,INFEASIBLE,INFEASIBLE,INFEASIBLE,INFEASIBLE,INFEASIBLE,INFEASIBLE,,INFEASIBLE,INFEASIBLE,INFEASIBLE,INFEASIBLE,INFEASIBLE,INFEASIBLE,INFEASIBLE,INFEASIBLE,INFEASIBLE,INFEASIBLE,INFEASIBLE,INFEASIBLE,INFEASIBLE,INFEASIBLE,INFEASIBLE,INFEASIBLE,INFEASIBLE,INFEASIBLE,INFEASIBLE,INFEASIBLE,INFEASIBLE,INFEASIBLE,INFEASIBLE,INFEASIBLE,INFEASIBLE,no_trials_in_band
corr_mix,full,factor_cov_delta,1.0,0.15,budget_only,count,0.1,0.15,0.1,80,61,4,61,0.7625,0.05,0.7625,0.827586206896552,0.2249858677218768,4.0,0.11475409836065574,0.11475409836065574,0.0,0.22950819672131148,0.16393442622950818,0.22950819672131148,0.16393442622950818,0.11475409836065574,0.06557377049180328,0.06557377049180328,1.0,6.0,6.0,6.0,6.0,6.0,6.0,6.0,6.0,6.0,6.0,2.0,2.0,2.6998304126625214,0.827586206896552,0.2249858677218768,0.13817538187442768,0.26661844323156886,0.827586206896552,0.2249858677218768,0.0,0.0,0.0,0.0,0.0,OK,
corr_mix,full,factor_cov_delta,1.0,0.25,budget_only,count,0.1,0.15,0.1,80,61,4,61,0.7625,0.05,0.7625,0.827586206896552,0.2249858677218768,4.0,0.11475409836065574,0.11475409836065574,0.0,0.22950819672131148,0.16393442622950818,0.22950819672131148,0.16393442622950818,0.11475409836065574,0.06557377049180328,0.06557377049180328,1.0,6.0,6.0,6.0,6.0,6.0,6.0,6.0,6.0,6.0,6.0,2.0,2.0,2.6998304126625214,0.827586206896552,0.2249858677218768,0.13817538187442768,0.26637623891153983,0.827586206896552,0.2249858677218768,0.0,0.0,0.0,0.0,0.0,OK,
corr_mix,full,factor_cov_delta,1.0,0.35,budget_only,count,0.1,0.15,0.1,80,61,4,61,0.7625,0.05,0.7625,0.827586206896552,0.2249858677218768,4.0,0.11475409836065574,0.11475409836065574,0.0,0.22950819672131148,0.16393442622950818,0.22950819672131148,0.16393442622950818,0.11475409836065574,0.06557377049180328,0.06557377049180328,1.0,6.0,6.0,6.0,6.0,6.0,6.0,6.0,6.0,6.0,6.0,2.0,2.0,2.6998304126625214,0.827586206896552,0.2249858677218768,0.13817538187442768,0.2661712161967106,0.827586206896552,0.2249858677218768,0.0,0.0,0.0,0.0,0.0,OK,
corr_mix,full,factor_cov_delta,1.0,0.5,budget_only,count,0.1,0.15,0.1,80,61,4,61,0.7625,0.05,0.7625,0.827586206896552,0.2249858677218768,4.0,0.11475409836065574,0.11475409836065574,0.0,0.22950819672131148,0.16393442622950818,0.22950819672131148,0.16393442622950818,0.11475409836065574,0.06557377049180328,0.06557377049180328,1.0,6.0,6.0,6.0,6.0,6.0,6.0,6.0,6.0,6.0,6.0,2.0,2.0,2.6998304126625214,0.827586206896552,0.2249858677218768,0.13817538187442768,0.26593641003331814,0.827586206896552,0.2249858677218768,0.0,0.0,0.0,0.0,0.0,OK,
corr_mix,full,factor_cov_lrt,INFEASIBLE,0.15,budget_only,count,INFEASIBLE,INFEASIBLE,INFEASIBLE,INFEASIBLE,INFEASIBLE,INFEASIBLE,INFEASIBLE,INFEASIBLE,INFEASIBLE,INFEASIBLE,INFEASIBLE,INFEASIBLE,INFEASIBLE,INFEASIBLE,INFEASIBLE,INFEASIBLE,INFEASIBLE,INFEASIBLE,INFEASIBLE,INFEASIBLE,INFEASIBLE,INFEASIBLE,INFEASIBLE,,INFEASIBLE,INFEASIBLE,INFEASIBLE,INFEASIBLE,INFEASIBLE,INFEASIBLE,INFEASIBLE,INFEASIBLE,INFEASIBLE,INFEASIBLE,INFEASIBLE,INFEASIBLE,INFEASIBLE,INFEASIBLE,INFEASIBLE,INFEASIBLE,INFEASIBLE,INFEASIBLE,INFEASIBLE,INFEASIBLE,INFEASIBLE,INFEASIBLE,INFEASIBLE,INFEASIBLE,INFEASIBLE,no_trials_in_band
corr_mix,full,factor_cov_lrt,INFEASIBLE,0.25,budget_only,count,INFEASIBLE,INFEASIBLE,INFEASIBLE,INFEASIBLE,INFEASIBLE,INFEASIBLE,INFEASIBLE,INFEASIBLE,INFEASIBLE,INFEASIBLE,INFEASIBLE,INFEASIBLE,INFEASIBLE,INFEASIBLE,INFEASIBLE,INFEASIBLE,INFEASIBLE,INFEASIBLE,INFEASIBLE,INFEASIBLE,INFEASIBLE,INFEASIBLE,INFEASIBLE,,INFEASIBLE,INFEASIBLE,INFEASIBLE,INFEASIBLE,INFEASIBLE,INFEASIBLE,INFEASIBLE,INFEASIBLE,INFEASIBLE,INFEASIBLE,INFEASIBLE,INFEASIBLE,INFEASIBLE,INFEASIBLE,INFEASIBLE,INFEASIBLE,INFEASIBLE,INFEASIBLE,INFEASIBLE,INFEASIBLE,INFEASIBLE,INFEASIBLE,INFEASIBLE,INFEASIBLE,INFEASIBLE,no_trials_in_band
corr_mix,full,factor_cov_lrt,INFEASIBLE,0.35,budget_only,count,INFEASIBLE,INFEASIBLE,INFEASIBLE,INFEASIBLE,INFEASIBLE,INFEASIBLE,INFEASIBLE,INFEASIBLE,INFEASIBLE,INFEASIBLE,INFEASIBLE,INFEASIBLE,INFEASIBLE,INFEASIBLE,INFEASIBLE,INFEASIBLE,INFEASIBLE,INFEASIBLE,INFEASIBLE,INFEASIBLE,INFEASIBLE,INFEASIBLE,INFEASIBLE,,INFEASIBLE,INFEASIBLE,INFEASIBLE,INFEASIBLE,INFEASIBLE,INFEASIBLE,INFEASIBLE,INFEASIBLE,INFEASIBLE,INFEASIBLE,INFEASIBLE,INFEASIBLE,INFEASIBLE,INFEASIBLE,INFEASIBLE,INFEASIBLE,INFEASIBLE,INFEASIBLE,INFEASIBLE,INFEASIBLE,INFEASIBLE,INFEASIBLE,INFEASIBLE,INFEASIBLE,INFEASIBLE,no_trials_in_band
corr_mix,full,factor_cov_lrt,INFEASIBLE,0.5,budget_only,count,INFEASIBLE,INFEASIBLE,INFEASIBLE,INFEASIBLE,INFEASIBLE,INFEASIBLE,INFEASIBLE,INFEASIBLE,INFEASIBLE,INFEASIBLE,INFEASIBLE,INFEASIBLE,INFEASIBLE,INFEASIBLE,INFEASIBLE,INFEASIBLE,INFEASIBLE,INFEASIBLE,INFEASIBLE,INFEASIBLE,INFEASIBLE,INFEASIBLE,INFEASIBLE,,INFEASIBLE,INFEASIBLE,INFEASIBLE,INFEASIBLE,INFEASIBLE,INFEASIBLE,INFEASIBLE,INFEASIBLE,INFEASIBLE,INFEASIBLE,INFEASIBLE,INFEASIBLE,INFEASIBLE,INFEASIBLE,INFEASIBLE,INFEASIBLE,INFEASIBLE,INFEASIBLE,INFEASIBLE,INFEASIBLE,INFEASIBLE,INFEASIBLE,INFEASIBLE,INFEASIBLE,INFEASIBLE,no_trials_in_band
corr_mix,full,factor_cov_lrt_delta,INFEASIBLE,0.15,budget_only,count,INFEASIBLE,INFEASIBLE,INFEASIBLE,INFEASIBLE,INFEASIBLE,INFEASIBLE,INFEASIBLE,INFEASIBLE,INFEASIBLE,INFEASIBLE,INFEASIBLE,INFEASIBLE,INFEASIBLE,INFEASIBLE,INFEASIBLE,INFEASIBLE,INFEASIBLE,INFEASIBLE,INFEASIBLE,INFEASIBLE,INFEASIBLE,INFEASIBLE,INFEASIBLE,,INFEASIBLE,INFEASIBLE,INFEASIBLE,INFEASIBLE,INFEASIBLE,INFEASIBLE,INFEASIBLE,INFEASIBLE,INFEASIBLE,INFEASIBLE,INFEASIBLE,INFEASIBLE,INFEASIBLE,INFEASIBLE,INFEASIBLE,INFEASIBLE,INFEASIBLE,INFEASIBLE,INFEASIBLE,INFEASIBLE,INFEASIBLE,INFEASIBLE,INFEASIBLE,INFEASIBLE,INFEASIBLE,no_trials_in_band
corr_mix,full,factor_cov_lrt_delta,INFEASIBLE,0.25,budget_only,count,INFEASIBLE,INFEASIBLE,INFEASIBLE,INFEASIBLE,INFEASIBLE,INFEASIBLE,INFEASIBLE,INFEASIBLE,INFEASIBLE,INFEASIBLE,INFEASIBLE,INFEASIBLE,INFEASIBLE,INFEASIBLE,INFEASIBLE,INFEASIBLE,INFEASIBLE,INFEASIBLE,INFEASIBLE,INFEASIBLE,INFEASIBLE,INFEASIBLE,INFEASIBLE,,INFEASIBLE,INFEASIBLE,INFEASIBLE,INFEASIBLE,INFEASIBLE,INFEASIBLE,INFEASIBLE,INFEASIBLE,INFEASIBLE,INFEASIBLE,INFEASIBLE,INFEASIBLE,INFEASIBLE,INFEASIBLE,INFEASIBLE,INFEASIBLE,INFEASIBLE,INFEASIBLE,INFEASIBLE,INFEASIBLE,INFEASIBLE,INFEASIBLE,INFEASIBLE,INFEASIBLE,INFEASIBLE,no_trials_in_band
corr_mix,full,factor_cov_lrt_delta,INFEASIBLE,0.35,budget_only,count,INFEASIBLE,INFEASIBLE,INFEASIBLE,INFEASIBLE,INFEASIBLE,INFEASIBLE,INFEASIBLE,INFEASIBLE,INFEASIBLE,INFEASIBLE,INFEASIBLE,INFEASIBLE,INFEASIBLE,INFEASIBLE,INFEASIBLE,INFEASIBLE,INFEASIBLE,INFEASIBLE,INFEASIBLE,INFEASIBLE,INFEASIBLE,INFEASIBLE,INFEASIBLE,,INFEASIBLE,INFEASIBLE,INFEASIBLE,INFEASIBLE,INFEASIBLE,INFEASIBLE,INFEASIBLE,INFEASIBLE,INFEASIBLE,INFEASIBLE,INFEASIBLE,INFEASIBLE,INFEASIBLE,INFEASIBLE,INFEASIBLE,INFEASIBLE,INFEASIBLE,INFEASIBLE,INFEASIBLE,INFEASIBLE,INFEASIBLE,INFEASIBLE,INFEASIBLE,INFEASIBLE,INFEASIBLE,no_trials_in_band
corr_mix,full,factor_cov_lrt_delta,INFEASIBLE,0.5,budget_only,count,INFEASIBLE,INFEASIBLE,INFEASIBLE,INFEASIBLE,INFEASIBLE,INFEASIBLE,INFEASIBLE,INFEASIBLE,INFEASIBLE,INFEASIBLE,INFEASIBLE,INFEASIBLE,INFEASIBLE,INFEASIBLE,INFEASIBLE,INFEASIBLE,INFEASIBLE,INFEASIBLE,INFEASIBLE,INFEASIBLE,INFEASIBLE,INFEASIBLE,INFEASIBLE,,INFEASIBLE,INFEASIBLE,INFEASIBLE,INFEASIBLE,INFEASIBLE,INFEASIBLE,INFEASIBLE,INFEASIBLE,INFEASIBLE,INFEASIBLE,INFEASIBLE,INFEASIBLE,INFEASIBLE,INFEASIBLE,INFEASIBLE,INFEASIBLE,INFEASIBLE,INFEASIBLE,INFEASIBLE,INFEASIBLE,INFEASIBLE,INFEASIBLE,INFEASIBLE,INFEASIBLE,INFEASIBLE,no_trials_in_band
corr_mix,full,fused_fisher,INFEASIBLE,0.15,budget_only,count,INFEASIBLE,INFEASIBLE,INFEASIBLE,INFEASIBLE,INFEASIBLE,INFEASIBLE,INFEASIBLE,INFEASIBLE,INFEASIBLE,INFEASIBLE,INFEASIBLE,INFEASIBLE,INFEASIBLE,INFEASIBLE,INFEASIBLE,INFEASIBLE,INFEASIBLE,INFEASIBLE,INFEASIBLE,INFEASIBLE,INFEASIBLE,INFEASIBLE,INFEASIBLE,,INFEASIBLE,INFEASIBLE,INFEASIBLE,INFEASIBLE,INFEASIBLE,INFEASIBLE,INFEASIBLE,INFEASIBLE,INFEASIBLE,INFEASIBLE,INFEASIBLE,INFEASIBLE,INFEASIBLE,INFEASIBLE,INFEASIBLE,INFEASIBLE,INFEASIBLE,INFEASIBLE,INFEASIBLE,INFEASIBLE,INFEASIBLE,INFEASIBLE,INFEASIBLE,INFEASIBLE,INFEASIBLE,no_trials_in_band
corr_mix,full,fused_fisher,INFEASIBLE,0.25,budget_only,count,INFEASIBLE,INFEASIBLE,INFEASIBLE,INFEASIBLE,INFEASIBLE,INFEASIBLE,INFEASIBLE,INFEASIBLE,INFEASIBLE,INFEASIBLE,INFEASIBLE,INFEASIBLE,INFEASIBLE,INFEASIBLE,INFEASIBLE,INFEASIBLE,INFEASIBLE,INFEASIBLE,INFEASIBLE,INFEASIBLE,INFEASIBLE,INFEASIBLE,INFEASIBLE,,INFEASIBLE,INFEASIBLE,INFEASIBLE,INFEASIBLE,INFEASIBLE,INFEASIBLE,INFEASIBLE,INFEASIBLE,INFEASIBLE,INFEASIBLE,INFEASIBLE,INFEASIBLE,INFEASIBLE,INFEASIBLE,INFEASIBLE,INFEASIBLE,INFEASIBLE,INFEASIBLE,INFEASIBLE,INFEASIBLE,INFEASIBLE,INFEASIBLE,INFEASIBLE,INFEASIBLE,INFEASIBLE,no_trials_in_band
corr_mix,full,fused_fisher,INFEASIBLE,0.35,budget_only,count,INFEASIBLE,INFEASIBLE,INFEASIBLE,INFEASIBLE,INFEASIBLE,INFEASIBLE,INFEASIBLE,INFEASIBLE,INFEASIBLE,INFEASIBLE,INFEASIBLE,INFEASIBLE,INFEASIBLE,INFEASIBLE,INFEASIBLE,INFEASIBLE,INFEASIBLE,INFEASIBLE,INFEASIBLE,INFEASIBLE,INFEASIBLE,INFEASIBLE,INFEASIBLE,,INFEASIBLE,INFEASIBLE,INFEASIBLE,INFEASIBLE,INFEASIBLE,INFEASIBLE,INFEASIBLE,INFEASIBLE,INFEASIBLE,INFEASIBLE,INFEASIBLE,INFEASIBLE,INFEASIBLE,INFEASIBLE,INFEASIBLE,INFEASIBLE,INFEASIBLE,INFEASIBLE,INFEASIBLE,INFEASIBLE,INFEASIBLE,INFEASIBLE,INFEASIBLE,INFEASIBLE,INFEASIBLE,no_trials_in_band
corr_mix,full,fused_fisher,INFEASIBLE,0.5,budget_only,count,INFEASIBLE,INFEASIBLE,INFEASIBLE,INFEASIBLE,INFEASIBLE,INFEASIBLE,INFEASIBLE,INFEASIBLE,INFEASIBLE,INFEASIBLE,INFEASIBLE,INFEASIBLE,INFEASIBLE,INFEASIBLE,INFEASIBLE,INFEASIBLE,INFEASIBLE,INFEASIBLE,INFEASIBLE,INFEASIBLE,INFEASIBLE,INFEASIBLE,INFEASIBLE,,INFEASIBLE,INFEASIBLE,INFEASIBLE,INFEASIBLE,INFEASIBLE,INFEASIBLE,INFEASIBLE,INFEASIBLE,INFEASIBLE,INFEASIBLE,INFEASIBLE,INFEASIBLE,INFEASIBLE,INFEASIBLE,INFEASIBLE,INFEASIBLE,INFEASIBLE,INFEASIBLE,INFEASIBLE,INFEASIBLE,INFEASIBLE,INFEASIBLE,INFEASIBLE,INFEASIBLE,INFEASIBLE,no_trials_in_band
corr_mix,full,fused_fisher_lrt_delta,INFEASIBLE,0.15,budget_only,count,INFEASIBLE,INFEASIBLE,INFEASIBLE,INFEASIBLE,INFEASIBLE,INFEASIBLE,INFEASIBLE,INFEASIBLE,INFEASIBLE,INFEASIBLE,INFEASIBLE,INFEASIBLE,INFEASIBLE,INFEASIBLE,INFEASIBLE,INFEASIBLE,INFEASIBLE,INFEASIBLE,INFEASIBLE,INFEASIBLE,INFEASIBLE,INFEASIBLE,INFEASIBLE,,INFEASIBLE,INFEASIBLE,INFEASIBLE,INFEASIBLE,INFEASIBLE,INFEASIBLE,INFEASIBLE,INFEASIBLE,INFEASIBLE,INFEASIBLE,INFEASIBLE,INFEASIBLE,INFEASIBLE,INFEASIBLE,INFEASIBLE,INFEASIBLE,INFEASIBLE,INFEASIBLE,INFEASIBLE,INFEASIBLE,INFEASIBLE,INFEASIBLE,INFEASIBLE,INFEASIBLE,INFEASIBLE,no_trials_in_band
corr_mix,full,fused_fisher_lrt_delta,INFEASIBLE,0.25,budget_only,count,INFEASIBLE,INFEASIBLE,INFEASIBLE,INFEASIBLE,INFEASIBLE,INFEASIBLE,INFEASIBLE,INFEASIBLE,INFEASIBLE,INFEASIBLE,INFEASIBLE,INFEASIBLE,INFEASIBLE,INFEASIBLE,INFEASIBLE,INFEASIBLE,INFEASIBLE,INFEASIBLE,INFEASIBLE,INFEASIBLE,INFEASIBLE,INFEASIBLE,INFEASIBLE,,INFEASIBLE,INFEASIBLE,INFEASIBLE,INFEASIBLE,INFEASIBLE,INFEASIBLE,INFEASIBLE,INFEASIBLE,INFEASIBLE,INFEASIBLE,INFEASIBLE,INFEASIBLE,INFEASIBLE,INFEASIBLE,INFEASIBLE,INFEASIBLE,INFEASIBLE,INFEASIBLE,INFEASIBLE,INFEASIBLE,INFEASIBLE,INFEASIBLE,INFEASIBLE,INFEASIBLE,INFEASIBLE,no_trials_in_band
corr_mix,full,fused_fisher_lrt_delta,INFEASIBLE,0.35,budget_only,count,INFEASIBLE,INFEASIBLE,INFEASIBLE,INFEASIBLE,INFEASIBLE,INFEASIBLE,INFEASIBLE,INFEASIBLE,INFEASIBLE,INFEASIBLE,INFEASIBLE,INFEASIBLE,INFEASIBLE,INFEASIBLE,INFEASIBLE,INFEASIBLE,INFEASIBLE,INFEASIBLE,INFEASIBLE,INFEASIBLE,INFEASIBLE,INFEASIBLE,INFEASIBLE,,INFEASIBLE,INFEASIBLE,INFEASIBLE,INFEASIBLE,INFEASIBLE,INFEASIBLE,INFEASIBLE,INFEASIBLE,INFEASIBLE,INFEASIBLE,INFEASIBLE,INFEASIBLE,INFEASIBLE,INFEASIBLE,INFEASIBLE,INFEASIBLE,INFEASIBLE,INFEASIBLE,INFEASIBLE,INFEASIBLE,INFEASIBLE,INFEASIBLE,INFEASIBLE,INFEASIBLE,INFEASIBLE,no_trials_in_band
corr_mix,full,fused_fisher_lrt_delta,INFEASIBLE,0.5,budget_only,count,INFEASIBLE,INFEASIBLE,INFEASIBLE,INFEASIBLE,INFEASIBLE,INFEASIBLE,INFEASIBLE,INFEASIBLE,INFEASIBLE,INFEASIBLE,INFEASIBLE,INFEASIBLE,INFEASIBLE,INFEASIBLE,INFEASIBLE,INFEASIBLE,INFEASIBLE,INFEASIBLE,INFEASIBLE,INFEASIBLE,INFEASIBLE,INFEASIBLE,INFEASIBLE,,INFEASIBLE,INFEASIBLE,INFEASIBLE,INFEASIBLE,INFEASIBLE,INFEASIBLE,INFEASIBLE,INFEASIBLE,INFEASIBLE,INFEASIBLE,INFEASIBLE,INFEASIBLE,INFEASIBLE,INFEASIBLE,INFEASIBLE,INFEASIBLE,INFEASIBLE,INFEASIBLE,INFEASIBLE,INFEASIBLE,INFEASIBLE,INFEASIBLE,INFEASIBLE,INFEASIBLE,INFEASIBLE,no_trials_in_band
corr_mix,full,fused_sp,1.0,0.15,budget_only,count,0.1,0.15,0.1,80,80,0,80,1.0,0.0,1.0,0.9362068965517242,0.25258620689655176,4.525,0.4875,0.4875,0.0,0.5375,0.275,0.5375,0.275,0.0875,0.0,0.0,1.0,6.0,6.0,6.0,6.0,6.0,6.0,4.5,6.0,6.0,6.0,2.0,2.0,3.0310344827586206,0.9362068965517242,0.25258620689655176,0.03979408054066162,0.08021485177180064,0.9362068965517242,0.25258620689655176,0.0,0.0,0.0,0.0,0.0,OK,
corr_mix,full,fused_sp,1.0,0.25,budget_only,count,0.1,0.15,0.1,80,80,0,80,1.0,0.0,1.0,0.9362068965517242,0.25258620689655176,4.525,0.4875,0.4875,0.0,0.5375,0.275,0.5375,0.275,0.0875,0.0,0.0,1.0,6.0,6.0,6.0,6.0,6.0,6.0,4.5,6.0,6.0,6.0,2.0,2.0,3.0310344827586206,0.9362068965517242,0.25258620689655176,0.03979408054066162,0.08271157529536922,0.9362068965517242,0.25258620689655176,0.0,0.0,0.0,0.0,0.0,OK,
corr_mix,full,fused_sp,1.0,0.35,budget_only,count,0.1,0.15,0.1,80,80,0,80,1.0,0.0,1.0,0.9362068965517242,0.25258620689655176,4.525,0.4875,0.4875,0.0,0.5375,0.275,0.5375,0.275,0.0875,0.0,0.0,1.0,6.0,6.0,6.0,6.0,6.0,6.0,4.5,6.0,6.0,6.0,2.0,2.0,3.0310344827586206,0.9362068965517242,0.25258620689655176,0.03979408054066162,0.08823318546600344,0.9362068965517242,0.25258620689655176,0.0,0.0,0.0,0.0,0.0,OK,
corr_mix,full,fused_sp,1.0,0.5,budget_only,count,0.1,0.15,0.1,80,80,0,80,1.0,0.0,1.0,0.9362068965517242,0.25258620689655176,4.525,0.4875,0.4875,0.0,0.5375,0.275,0.5375,0.275,0.0875,0.0,0.0,1.0,6.0,6.0,6.0,6.0,6.0,6.0,4.5,6.0,6.0,6.0,2.0,2.0,3.0310344827586206,0.9362068965517242,0.25258620689655176,0.03979408054066162,0.10247503154495807,0.9362068965517242,0.25258620689655176,0.0,0.0,0.0,0.0,0.0,OK,
corr_mix,full,fused_sp_lrt_delta,1.0,0.15,budget_only,count,0.1,0.15,0.1,80,80,8,80,1.0,0.1,1.0,0.946551724137931,0.21961206896551727,4.575,0.4375,0.4375,0.0,0.5375,0.3,0.5375,0.3,0.1125,0.1,0.1,1.0,6.0,6.0,6.0,6.0,6.0,6.0,4.5,6.0,6.0,6.0,2.0,2.0,2.635344827586207,0.946551724137931,0.21961206896551727,0.03306476778869476,0.09143009514035108,0.946551724137931,0.21961206896551727,0.0,0.0,0.0,0.0,0.0,OK,
corr_mix,full,fused_sp_lrt_delta,1.0,0.25,budget_only,count,0.1,0.15,0.1,80,80,8,80,1.0,0.1,1.0,0.946551724137931,0.21961206896551727,4.575,0.4375,0.4375,0.0,0.5375,0.3,0.5375,0.3,0.1125,0.1,0.1,1.0,6.0,6.0,6.0,6.0,6.0,6.0,4.5,6.0,6.0,6.0,2.0,2.0,2.635344827586207,0.946551724137931,0.21961206896551727,0.03306476778869476,0.09430679096000552,0.946551724137931,0.21961206896551727,0.0,0.0,0.0,0.0,0.0,OK,
corr_mix,full,fused_sp_lrt_delta,1.0,0.35,budget_only,count,0.1,0.15,0.1,80,80,8,80,1.0,0.1,1.0,0.946551724137931,0.21961206896551727,4.575,0.4375,0.4375,0.0,0.5375,0.3,0.5375,0.3,0.1125,0.1,0.1,1.0,6.0,6.0,6.0,6.0,6.0,6.0,4.5,6.0,6.0,6.0,2.0,2.0,2.635344827586207,0.946551724137931,0.21961206896551727,0.03306476778869476,0.10056227257867141,0.946551724137931,0.21961206896551727,0.0,0.0,0.0,0.0,0.0,OK,
corr_mix,full,fused_sp_lrt_delta,1.0,0.5,budget_only,count,0.1,0.15,0.1,80,80,8,80,1.0,0.1,1.0,0.946551724137931,0.21961206896551727,4.575,0.4375,0.4375,0.0,0.5375,0.3,0.5375,0.3,0.1125,0.1,0.1,1.0,6.0,6.0,6.0,6.0,6.0,6.0,4.5,6.0,6.0,6.0,2.0,2.0,2.635344827586207,0.946551724137931,0.21961206896551727,0.03306476778869476,0.11678761137732555,0.946551724137931,0.21961206896551727,0.0,0.0,0.0,0.0,0.0,OK,
corr_mix,full,max_abs,1.0,0.15,budget_only,count,0.1,0.15,0.1,80,80,3,80,1.0,0.0375,1.0,0.9491379310344827,0.23836206896551726,4.5875,0.4,0.4,0.0,0.5125,0.225,0.5125,0.225,0.1625,0.0375,0.0375,1.0,6.0,6.0,6.0,6.0,6.0,6.0,5.0,6.0,6.0,6.0,3.0,3.0,2.8603448275862067,0.9491379310344827,0.23836206896551726,0.1024108534036571,0.2437700334396164,0.9491379310344827,0.23836206896551726,0.0,0.0,0.0,0.0,0.0,OK,
corr_mix,full,max_abs,1.0,0.25,budget_only,count,0.1,0.15,0.1,80,80,3,80,1.0,0.0375,1.0,0.9491379310344827,0.23836206896551726,4.5875,0.4,0.4,0.0,0.5125,0.225,0.5125,0.225,0.1625,0.0375,0.0375,1.0,6.0,6.0,6.0,6.0,6.0,6.0,5.0,6.0,6.0,6.0,3.0,3.0,2.8603448275862067,0.9491379310344827,0.23836206896551726,0.1024108534036571,0.2437700334396164,0.9491379310344827,0.23836206896551726,0.0,0.0,0.0,0.0,0.0,OK,
corr_mix,full,max_abs,1.0,0.35,budget_only,count,0.1,0.15,0.1,80,80,3,80,1.0,0.0375,1.0,0.9491379310344827,0.23836206896551726,4.5875,0.4,0.4,0.0,0.5125,0.225,0.5125,0.225,0.1625,0.0375,0.0375,1.0,6.0,6.0,6.0,6.0,6.0,6.0,5.0,6.0,6.0,6.0,3.0,3.0,2.8603448275862067,0.9491379310344827,0.23836206896551726,0.1024108534036571,0.2437700334396164,0.9491379310344827,0.23836206896551726,0.0,0.0,0.0,0.0,0.0,OK,
corr_mix,full,max_abs,1.0,0.5,budget_only,count,0.1,0.15,0.1,80,80,3,80,1.0,0.0375,1.0,0.9491379310344827,0.23836206896551726,4.5875,0.4,0.4,0.0,0.5125,0.225,0.5125,0.225,0.1625,0.0375,0.0375,1.0,6.0,6.0,6.0,6.0,6.0,6.0,5.0,6.0,6.0,6.0,3.0,3.0,2.8603448275862067,0.9491379310344827,0.23836206896551726,0.1024108534036571,0.2437700334396164,0.9491379310344827,0.23836206896551726,0.0,0.0,0.0,0.0,0.0,OK,
corr_mix,full,pc_t2,1.0,0.15,budget_only,count,0.1,0.15,0.1,80,59,0,59,0.7375,0.0,0.7375,0.8275862068965519,0.2457627118644068,4.0,0.05084745762711865,0.05084745762711865,0.0,0.1864406779661017,0.1864406779661017,0.1864406779661017,0.1864406779661017,0.13559322033898305,0.0,0.0,1.0,6.0,6.0,6.0,6.0,6.0,6.0,6.0,6.0,6.0,6.0,1.0,1.0,2.949152542372881,0.8275862068965519,0.2457627118644068,0.07430142302165665,0.04542557947763638,0.8275862068965519,0.2457627118644068,0.0,0.0,0.0,0.0,0.0,OK,
corr_mix,full,pc_t2,1.0,0.25,budget_only,count,0.1,0.15,0.1,80,59,0,59,0.7375,0.0,0.7375,0.8275862068965519,0.2457627118644068,4.0,0.05084745762711865,0.05084745762711865,0.0,0.1864406779661017,0.1864406779661017,0.1864406779661017,0.1864406779661017,0.13559322033898305,0.0,0.0,1.0,6.0,6.0,6.0,6.0,6.0,6.0,6.0,6.0,6.0,6.0,1.0,1.0,2.949152542372881,0.8275862068965519,0.2457627118644068,0.07430142302165665,0.043512623690622206,0.8275862068965519,0.2457627118644068,0.0,0.0,0.0,0.0,0.0,OK,
corr_mix,full,pc_t2,1.0,0.35,budget_only,count,0.1,0.15,0.1,80,59,0,59,0.7375,0.0,0.7375,0.8275862068965519,0.2457627118644068,4.0,0.05084745762711865,0.05084745762711865,0.0,0.1864406779661017,0.1864406779661017,0.1864406779661017,0.1864406779661017,0.13559322033898305,0.0,0.0,1.0,6.0,6.0,6.0,6.0,6.0,6.0,6.0,6.0,6.0,6.0,1.0,1.0,2.949152542372881,0.8275862068965519,0.2457627118644068,0.07430142302165665,0.04175150771032244,0.8275862068965519,0.2457627118644068,0.0,0.0,0.0,0.0,0.0,OK,
corr_mix,full,pc_t2,1.0,0.5,budget_only,count,0.1,0.15,0.1,80,59,0,59,0.7375,0.0,0.7375,0.8275862068965519,0.2457627118644068,4.0,0.05084745762711865,0.05084745762711865,0.0,0.1864406779661017,0.1864406779661017,0.1864406779661017,0.1864406779661017,0.13559322033898305,0.0,0.0,1.0,6.0,6.0,6.0,6.0,6.0,6.0,6.0,6.0,6.0,6.0,1.0,1.0,2.949152542372881,0.8275862068965519,0.2457627118644068,0.07430142302165665,0.039394533377462404,0.8275862068965519,0.2457627118644068,0.0,0.0,0.0,0.0,0.0,OK,
corr_mix,full,res_energy,1.0,0.15,budget_only,count,0.1,0.15,0.1,80,80,0,80,1.0,0.0,1.0,0.9439655172413793,0.25301724137931036,4.5625,0.4625,0.4625,0.0,0.5375,0.2625,0.5375,0.2625,0.125,0.0,0.0,1.0,6.0,6.0,6.0,6.0,6.0,6.0,4.5,6.0,6.0,6.0,2.0,2.0,3.0310344827586206,0.9439655172413793,0.25258620689655176,0.04706263768303613,0.10264881866471127,0.9439655172413793,0.25301724137931036,0.0,0.0,0.0,0.0,0.0,OK,
corr_mix,full,res_energy,1.0,0.25,budget_only,count,0.1,0.15,0.1,80,80,0,80,1.0,0.0,1.0,0.9439655172413793,0.25301724137931036,4.5625,0.4625,0.4625,0.0,0.5375,0.2625,0.5375,0.2625,0.125,0.0,0.0,1.0,6.0,6.0,6.0,6.0,6.0,6.0,4.5,6.0,6.0,6.0,2.0,2.0,3.0103448275862066,0.9439655172413793,0.25086206896551727,0.04706263768303613,0.10612847619312396,0.9439655172413793,0.25301724137931036,0.0,0.0,0.0,0.0,0.0,OK,
corr_mix,full,res_energy,1.0,0.35,budget_only,count,0.1,0.15,0.1,80,80,0,80,1.0,0.0,1.0,0.9439655172413793,0.25301724137931036,4.5625,0.4625,0.4625,0.0,0.5375,0.2625,0.5375,0.2625,0.125,0.0,0.0,1.0,6.0,6.0,6.0,6.0,6.0,6.0,4.5,6.0,6.0,6.0,2.0,2.0,3.0103448275862066,0.9439655172413793,0.25086206896551727,0.04706263768303613,0.11219167136050823,0.9439655172413793,0.25301724137931036,0.0,0.0,0.0,0.0,0.0,OK,
corr_mix,full,res_energy,1.0,0.5,budget_only,count,0.1,0.15,0.1,80,80,0,80,1.0,0.0,1.0,0.9439655172413793,0.25301724137931036,4.5625,0.4625,0.4625,0.0,0.5375,0.2625,0.5375,0.2625,0.125,0.0,0.0,1.0,6.0,6.0,6.0,6.0,6.0,6.0,4.5,6.0,6.0,6.0,2.0,2.0,3.0103448275862066,0.9439655172413793,0.25086206896551727,0.04706263768303613,0.12826301568260753,0.9439655172413793,0.25301724137931036,0.0,0.0,0.0,0.0,0.0,OK,
corr_mix,full,stale,INFEASIBLE,0.15,budget_only,count,INFEASIBLE,INFEASIBLE,INFEASIBLE,INFEASIBLE,INFEASIBLE,INFEASIBLE,INFEASIBLE,INFEASIBLE,INFEASIBLE,INFEASIBLE,INFEASIBLE,INFEASIBLE,INFEASIBLE,INFEASIBLE,INFEASIBLE,INFEASIBLE,INFEASIBLE,INFEASIBLE,INFEASIBLE,INFEASIBLE,INFEASIBLE,INFEASIBLE,INFEASIBLE,,INFEASIBLE,INFEASIBLE,INFEASIBLE,INFEASIBLE,INFEASIBLE,INFEASIBLE,INFEASIBLE,INFEASIBLE,INFEASIBLE,INFEASIBLE,INFEASIBLE,INFEASIBLE,INFEASIBLE,INFEASIBLE,INFEASIBLE,INFEASIBLE,INFEASIBLE,INFEASIBLE,INFEASIBLE,INFEASIBLE,INFEASIBLE,INFEASIBLE,INFEASIBLE,INFEASIBLE,INFEASIBLE,no_trials_in_band
corr_mix,full,stale,INFEASIBLE,0.25,budget_only,count,INFEASIBLE,INFEASIBLE,INFEASIBLE,INFEASIBLE,INFEASIBLE,INFEASIBLE,INFEASIBLE,INFEASIBLE,INFEASIBLE,INFEASIBLE,INFEASIBLE,INFEASIBLE,INFEASIBLE,INFEASIBLE,INFEASIBLE,INFEASIBLE,INFEASIBLE,INFEASIBLE,INFEASIBLE,INFEASIBLE,INFEASIBLE,INFEASIBLE,INFEASIBLE,,INFEASIBLE,INFEASIBLE,INFEASIBLE,INFEASIBLE,INFEASIBLE,INFEASIBLE,INFEASIBLE,INFEASIBLE,INFEASIBLE,INFEASIBLE,INFEASIBLE,INFEASIBLE,INFEASIBLE,INFEASIBLE,INFEASIBLE,INFEASIBLE,INFEASIBLE,INFEASIBLE,INFEASIBLE,INFEASIBLE,INFEASIBLE,INFEASIBLE,INFEASIBLE,INFEASIBLE,INFEASIBLE,no_trials_in_band
corr_mix,full,stale,INFEASIBLE,0.35,budget_only,count,INFEASIBLE,INFEASIBLE,INFEASIBLE,INFEASIBLE,INFEASIBLE,INFEASIBLE,INFEASIBLE,INFEASIBLE,INFEASIBLE,INFEASIBLE,INFEASIBLE,INFEASIBLE,INFEASIBLE,INFEASIBLE,INFEASIBLE,INFEASIBLE,INFEASIBLE,INFEASIBLE,INFEASIBLE,INFEASIBLE,INFEASIBLE,INFEASIBLE,INFEASIBLE,,INFEASIBLE,INFEASIBLE,INFEASIBLE,INFEASIBLE,INFEASIBLE,INFEASIBLE,INFEASIBLE,INFEASIBLE,INFEASIBLE,INFEASIBLE,INFEASIBLE,INFEASIBLE,INFEASIBLE,INFEASIBLE,INFEASIBLE,INFEASIBLE,INFEASIBLE,INFEASIBLE,INFEASIBLE,INFEASIBLE,INFEASIBLE,INFEASIBLE,INFEASIBLE,INFEASIBLE,INFEASIBLE,no_trials_in_band
corr_mix,full,stale,INFEASIBLE,0.5,budget_only,count,INFEASIBLE,INFEASIBLE,INFEASIBLE,INFEASIBLE,INFEASIBLE,INFEASIBLE,INFEASIBLE,INFEASIBLE,INFEASIBLE,INFEASIBLE,INFEASIBLE,INFEASIBLE,INFEASIBLE,INFEASIBLE,INFEASIBLE,INFEASIBLE,INFEASIBLE,INFEASIBLE,INFEASIBLE,INFEASIBLE,INFEASIBLE,INFEASIBLE,INFEASIBLE,,INFEASIBLE,INFEASIBLE,INFEASIBLE,INFEASIBLE,INFEASIBLE,INFEASIBLE,INFEASIBLE,INFEASIBLE,INFEASIBLE,INFEASIBLE,INFEASIBLE,INFEASIBLE,INFEASIBLE,INFEASIBLE,INFEASIBLE,INFEASIBLE,INFEASIBLE,INFEASIBLE,INFEASIBLE,INFEASIBLE,INFEASIBLE,INFEASIBLE,INFEASIBLE,INFEASIBLE,INFEASIBLE,no_trials_in_band
corr_mix,score_only,T2,1.0,0.15,budget_only,count,0.1,0.15,0.1,80,80,0,80,1.0,0.0,1.0,1.1275862068965519,0.3019396551724138,5.45,0.475,0.425,0.04999999999999999,0.625,0.25,0.625,0.25,0.1625,0.0,0.0,1.0,6.0,6.0,6.0,6.0,6.0,6.0,4.0,6.0,6.0,6.0,3.0,2.0,3.6,1.125,0.3,0.0572471723477845,-0.0005749514180391241,1.1275862068965519,0.3019396551724138,0.10416666666666666,0.04641350210970464,-0.020833333333333336,0.020833333333333336,-0.012658227848101266,OK,
corr_mix,score_only,T2,1.0,0.25,budget_only,count,0.1,0.15,0.1,80,80,0,80,1.0,0.0,1.0,1.1275862068965519,0.3019396551724138,5.45,0.45,0.425,0.025000000000000022,0.6,0.25,0.6,0.25,0.1625,0.0,0.0,1.0,6.0,6.0,6.0,6.0,6.0,6.0,4.0,6.0,6.0,6.0,3.0,2.0,3.5793103448275865,1.125,0.2982758620689655,0.0572471723477845,-0.002538719602380793,1.1275862068965519,0.3019396551724138,0.09374999999999997,0.04641350210970464,-0.03125,0.03125,-0.012658227848101266,OK,
corr_mix,score_only,T2,1.0,0.35,budget_only,count,0.1,0.15,0.1,80,80,0,80,1.0,0.0,1.0,1.1275862068965519,0.3019396551724138,5.45,0.45,0.425,0.025000000000000022,0.6,0.25,0.6,0.25,0.1625,0.0,0.0,1.0,6.0,6.0,6.0,6.0,6.0,6.0,4.0,6.0,6.0,6.0,3.0,2.0,3.535344827586207,1.125,0.2946120689655172,0.0572471723477845,0.05565913785620656,1.1275862068965519,0.3019396551724138,0.09374999999999997,0.04641350210970464,-0.03125,0.03125,-0.012658227848101266,OK,
corr_mix,score_only,T2,1.0,0.5,budget_only,count,0.1,0.15,0.1,80,80,0,80,1.0,0.0,1.0,1.1275862068965519,0.3019396551724138,5.45,0.475,0.425,0.04999999999999999,0.625,0.25,0.625,0.25,0.1625,0.0,0.0,1.0,6.0,6.0,6.0,6.0,6.0,6.0,4.0,6.0,6.0,6.0,3.0,2.0,3.563793103448276,1.1327586206896552,0.2969827586206897,0.0572471723477845,0.24709943767164605,1.1275862068965519,0.3019396551724138,0.10416666666666666,0.06329113924050633,-0.020833333333333336,0.020833333333333336,-0.029535864978902957,OK,
corr_mix,score_only,coh_resid_energy,1.0,0.15,budget_only,count,0.1,0.15,0.1,80,80,8,80,1.0,0.1,1.0,0.949137931034483,0.20237068965517238,4.5875,0.425,0.425,0.0,0.5,0.3,0.5,0.3,0.0875,0.1,0.1,1.0,6.0,6.0,6.0,6.0,6.0,6.0,5.5,6.0,6.0,6.0,1.5,1.5,2.428448275862069,0.949137931034483,0.20237068965517238,0.05350922103149451,0.1617996898914919,0.949137931034483,0.20237068965517238,0.0,0.0,0.0,0.0,0.0,OK,
corr_mix,score_only,coh_resid_energy,1.0,0.25,budget_only,count,0.1,0.15,0.1,80,80,8,80,1.0,0.1,1.0,0.949137931034483,0.20237068965517238,4.5875,0.425,0.425,0.0,0.5,0.3,0.5,0.3,0.0875,0.1,0.1,1.0,6.0,6.0,6.0,6.0,6.0,6.0,5.5,6.0,6.0,6.0,1.5,1.5,2.428448275862069,0.949137931034483,0.20237068965517238,0.05350922103149451,0.16522385754778032,0.949137931034483,0.20237068965517238,0.0,0.0,0.0,0.0,0.0,OK,
corr_mix,score_only,coh_resid_energy,1.0,0.35,budget_only,count,0.1,0.15,0.1,80,80,8,80,1.0,0.1,1.0,0.949137931034483,0.20237068965517238,4.5875,0.425,0.425,0.0,0.5,0.3,0.5,0.3,0.0875,0.1,0.1,1.0,6.0,6.0,6.0,6.0,6.0,6.0,5.5,6.0,6.0,6.0,1.5,1.5,2.428448275862069,0.949137931034483,0.20237068965517238,0.05350922103149451,0.1707905605202807,0.949137931034483,0.20237068965517238,0.0,0.0,0.0,0.0,0.0,OK,
corr_mix,score_only,coh_resid_energy,1.0,0.5,budget_only,count,0.1,0.15,0.1,80,80,8,80,1.0,0.1,1.0,0.949137931034483,0.20237068965517238,4.5875,0.425,0.425,0.0,0.5,0.3,0.5,0.3,0.0875,0.1,0.1,1.0,6.0,6.0,6.0,6.0,6.0,6.0,5.5,6.0,6.0,6.0,1.5,1.5,2.428448275862069,0.949137931034483,0.20237068965517238,0.05350922103149451,0.1830354690866514,0.949137931034483,0.20237068965517238,0.0,0.0,0.0,0.0,0.0,OK,
corr_mix,score_only,coh_resid_t2,1.0,0.15,budget_only,count,0.1,0.15,0.1,80,44,0,44,0.55,0.0,0.55,1.2178683385579936,0.2574451410658308,5.886363636363637,0.6818181818181818,1.0,-0.31818181818181823,0.6818181818181818,0.45454545454545453,0.6818181818181818,0.45454545454545453,0.13636363636363635,0.0,0.0,1.0,3.5,2.0,3.5,6.0,2.0,5.0,2.0,6.0,3.5,6.0,2.0,2.0,3.079937304075236,1.20846394984326,0.2566614420062696,0.05748374865557364,0.2427105814916619,1.2178683385579936,0.2574451410658308,0.07196969696969696,0.0,-0.07196969696969696,0.07196969696969696,0.0,OK,
corr_mix,score_only,coh_resid_t2,1.0,0.25,budget_only,count,0.1,0.15,0.1,80,44,0,44,0.55,0.0,0.55,1.2178683385579936,0.2574451410658308,5.886363636363637,0.8863636363636364,1.0,-0.11363636363636365,0.8863636363636364,0.45454545454545453,0.8863636363636364,0.45454545454545453,0.13636363636363635,0.0,0.0,1.0,3.0,2.0,3.0,5.700000000000003,2.0,5.0,2.0,5.700000000000003,3.0,5.700000000000003,2.0,2.0,3.061128526645769,1.1802507836990594,0.25509404388714735,0.05748374865557364,0.262902163364431,1.2178683385579936,0.2574451410658308,0.03787878787878788,0.0,-0.03787878787878788,0.03787878787878788,0.0,OK,
corr_mix,score_only,coh_resid_t2,1.0,0.35,budget_only,count,0.1,0.15,0.1,80,44,0,44,0.55,0.0,0.55,1.2178683385579936,0.2574451410658308,5.886363636363637,1.0,1.0,0.0,1.0,0.5227272727272727,1.0,0.5227272727272727,0.1590909090909091,0.0,0.0,1.0,2.0,2.0,2.0,5.0,2.0,5.0,1.0,4.0,2.0,5.0,2.0,2.0,3.051724137931035,1.1614420062695923,0.25431034482758624,0.05748374865557364,0.32374058603086164,1.2178683385579936,0.2574451410658308,0.0037878787878787876,0.0,0.0037878787878787876,0.0037878787878787876,0.0,OK,
corr_mix,score_only,coh_resid_t2,1.0,0.5,budget_only,count,0.1,0.15,0.1,80,44,0,44,0.55,0.0,0.55,1.2178683385579936,0.2574451410658308,5.886363636363637,1.0,1.0,0.0,1.0,0.6590909090909091,1.0,0.6590909090909091,0.1590909090909091,0.0,0.0,1.0,1.5,2.0,1.5,5.0,2.0,5.0,0.0,3.0,1.5,5.0,1.5,2.0,3.0329153605015677,1.1614420062695923,0.25274294670846403,0.05748374865557364,0.4975399687021463,1.2178683385579936,0.2574451410658308,0.07196969696969696,0.0,0.07196969696969696,0.07196969696969696,0.0,OK,
corr_mix,score_only,cusum_coh_resid_t2,1.0,0.15,budget_only,count,0.1,0.15,0.1,80,38,0,38,0.475,0.0,0.475,1.0508166969147006,0.2254990925589837,5.078947368421052,0.47368421052631576,0.47368421052631576,0.0,0.5526315789473685,0.2894736842105263,0.5526315789473685,0.2894736842105263,0.10526315789473684,0.0,0.0,1.0,6.0,6.0,6.0,6.0,6.0,6.0,3.5,6.0,6.0,6.0,2.0,2.0,2.7059891107078036,1.0508166969147006,0.2254990925589837,NA,-0.2370871349274434,1.0508166969147006,0.2254990925589837,0.0,0.0,0.0,0.0,0.0,OK,
corr_mix,score_only,cusum_coh_resid_t2,1.0,0.25,budget_only,count,0.1,0.15,0.1,80,38,0,38,0.475,0.0,0.475,1.0508166969147006,0.2254990925589837,5.078947368421052,0.47368421052631576,0.47368421052631576,0.0,0.5526315789473685,0.2894736842105263,0.5526315789473685,0.2894736842105263,0.10526315789473684,0.0,0.0,1.0,6.0,6.0,6.0,6.0,6.0,6.0,3.5,6.0,6.0,6.0,2.0,2.0,2.7059891107078036,1.0508166969147006,0.2254990925589837,NA,-0.21713308739344195,1.0508166969147006,0.2254990925589837,0.0,0.0,0.0,0.0,0.0,OK,
corr_mix,score_only,cusum_coh_resid_t2,1.0,0.35,budget_only,count,0.1,0.15,0.1,80,38,0,38,0.475,0.0,0.475,1.0508166969147006,0.2254990925589837,5.078947368421052,0.47368421052631576,0.47368421052631576,0.0,0.5526315789473685,0.2894736842105263,0.5526315789473685,0.2894736842105263,0.10526315789473684,0.0,0.0,1.0,6.0,6.0,6.0,6.0,6.0,6.0,3.5,6.0,6.0,6.0,2.0,2.0,2.7059891107078036,1.0508166969147006,0.2254990925589837,NA,-0.1678698719175187,1.0508166969147006,0.2254990925589837,0.0,0.0,0.0,0.0,0.0,OK,
corr_mix,score_only,cusum_coh_resid_t2,1.0,0.5,budget_only,count,0.1,0.15,0.1,80,38,0,38,0.475,0.0,0.475,1.0508166969147006,0.2254990925589837,5.078947368421052,0.7368421052631579,0.47368421052631576,0.2631578947368421,0.7631578947368421,0.42105263157894735,0.7631578947368421,0.42105263157894735,0.10526315789473684,0.0,0.0,1.0,3.0,6.0,3.0,6.0,6.0,6.0,2.0,6.0,3.0,6.0,2.0,2.0,2.7059891107078036,1.0508166969147006,0.2254990925589837,NA,-0.03678278179370333,1.0508166969147006,0.2254990925589837,0.04824561403508772,0.0,0.04824561403508772,0.04824561403508772,0.0,OK,
corr_mix,score_only,cusum_factor_cov_lrt,1.0,0.15,budget_only,count,0.1,0.15,0.1,80,77,0,77,0.9625,0.0,0.9625,1.1500223914017016,0.4171518137035378,5.558441558441558,0.5194805194805194,0.5194805194805194,0.0,0.9090909090909091,0.6493506493506493,0.9090909090909091,0.6493506493506493,0.42857142857142855,0.0,0.0,1.0,5.0,5.0,5.0,6.0,5.0,6.0,0.0,5.0,5.0,6.0,2.0,2.0,5.013882669055082,1.1500223914017016,0.4178235557545902,NA,0.30041496153873676,1.1500223914017016,0.4171518137035378,0.006493506493506494,0.013157894736842105,-0.0064935064935064965,0.0064935064935064965,0.013157894736842105,OK,
corr_mix,score_only,cusum_factor_cov_lrt,1.0,0.25,budget_only,count,0.1,0.15,0.1,80,77,0,77,0.9625,0.0,0.9625,1.1500223914017016,0.4171518137035378,5.558441558441558,0.5194805194805194,0.5194805194805194,0.0,0.9090909090909091,0.6493506493506493,0.9090909090909091,0.6493506493506493,0.42857142857142855,0.0,0.0,1.0,5.0,5.0,5.0,6.0,5.0,6.0,0.0,5.0,5.0,6.0,2.0,2.0,5.013882669055082,1.1500223914017016,0.4178235557545902,NA,0.3052053065877504,1.1500223914017016,0.4171518137035378,0.006493506493506494,0.013157894736842105,-0.0064935064935064965,0.0064935064935064965,0.013157894736842105,OK,
corr_mix,score_only,cusum_factor_cov_lrt,1.0,0.35,budget_only,count,0.1,0.15,0.1,80,77,0,77,0.9625,0.0,0.9625,1.1500223914017016,0.4171518137035378,5.558441558441558,0.5194805194805194,0.5194805194805194,0.0,0.9090909090909091,0.6493506493506493,0.9090909090909091,0.6493506493506493,0.42857142857142855,0.0,0.0,1.0,5.0,5.0,5.0,6.0,5.0,6.0,0.0,5.0,5.0,6.0,2.0,2.0,5.013882669055082,1.1500223914017016,0.4178235557545902,NA,0.3104952980523389,1.1500223914017016,0.4171518137035378,0.006493506493506494,0.013157894736842105,-0.0064935064935064965,0.0064935064935064965,0.013157894736842105,OK,
corr_mix,score_only,cusum_factor_cov_lrt,1.0,0.5,budget_only,count,0.1,0.15,0.1,80,77,0,77,0.9625,0.0,0.9625,1.1500223914017016,0.4171518137035378,5.558441558441558,0.5194805194805194,0.5194805194805194,0.0,0.9090909090909091,0.6493506493506493,0.9090909090909091,0.6493506493506493,0.42857142857142855,0.0,0.0,1.0,5.0,5.0,5.0,6.0,5.0,6.0,0.0,5.0,5.0,6.0,2.0,2.0,5.013882669055082,1.1500223914017016,0.4178235557545902,NA,0.3190214173950711,1.1500223914017016,0.4171518137035378,0.006493506493506494,0.013157894736842105,-0.0064935064935064965,0.0064935064935064965,0.013157894736842105,OK,
corr_mix,score_only,ewma_coh_resid_t2,1.0,0.15,budget_only,count,0.1,0.15,0.1,80,80,0,80,1.0,0.0,1.0,0.9646551724137933,0.34784482758620694,4.6625,0.4125,0.4125,0.0,0.5875,0.375,0.5875,0.375,0.225,0.0,0.0,1.0,6.0,6.0,6.0,6.0,6.0,6.0,3.0,6.0,6.0,6.0,2.0,2.0,4.174137931034483,0.9646551724137933,0.34784482758620694,0.0638057828301986,0.23154121053244242,0.9646551724137933,0.34784482758620694,0.0,0.0,0.0,0.0,0.0,OK,
corr_mix,score_only,ewma_coh_resid_t2,1.0,0.25,budget_only,count,0.1,0.15,0.1,80,80,0,80,1.0,0.0,1.0,0.9646551724137933,0.34784482758620694,4.6625,0.4125,0.4125,0.0,0.5875,0.375,0.5875,0.375,0.225,0.0,0.0,1.0,6.0,6.0,6.0,6.0,6.0,6.0,3.0,6.0,6.0,6.0,2.0,2.0,4.158620689655173,0.9594827586206897,0.34655172413793106,0.0638057828301986,0.2554407390890402,0.9646551724137933,0.34784482758620694,0.0,0.0,0.0,0.0,0.0,OK,
corr_mix,score_only,ewma_coh_resid_t2,1.0,0.35,budget_only,count,0.1,0.15,0.1,80,80,0,80,1.0,0.0,1.0,0.9646551724137933,0.34784482758620694,4.6625,0.4125,0.4125,0.0,0.5875,0.375,0.5875,0.375,0.225,0.0,0.0,1.0,6.0,6.0,6.0,6.0,6.0,6.0,3.0,6.0,6.0,6.0,2.0,2.0,4.1482758620689655,0.9543103448275861,0.3456896551724138,0.0638057828301986,0.30347568606435094,0.9646551724137933,0.34784482758620694,0.0,0.0,0.0,0.0,0.0,OK,
corr_mix,score_only,ewma_coh_resid_t2,1.0,0.5,budget_only,count,0.1,0.15,0.1,80,80,0,80,1.0,0.0,1.0,0.9646551724137933,0.34784482758620694,4.6625,0.4125,0.4125,0.0,0.5875,0.375,0.5875,0.375,0.225,0.0,0.0,1.0,6.0,6.0,6.0,6.0,6.0,6.0,3.0,6.0,6.0,6.0,2.0,2.0,4.156034482758621,0.9594827586206897,0.34633620689655176,0.0638057828301986,0.4242193206969979,0.9646551724137933,0.34784482758620694,0.016666666666666666,0.012658227848101266,0.01666666666666667,0.01666666666666667,0.012658227848101266,OK,
corr_mix,score_only,ewma_factor_cov_lrt,INFEASIBLE,0.15,budget_only,count,INFEASIBLE,INFEASIBLE,INFEASIBLE,INFEASIBLE,INFEASIBLE,INFEASIBLE,INFEASIBLE,INFEASIBLE,INFEASIBLE,INFEASIBLE,INFEASIBLE,INFEASIBLE,INFEASIBLE,INFEASIBLE,INFEASIBLE,INFEASIBLE,INFEASIBLE,INFEASIBLE,INFEASIBLE,INFEASIBLE,INFEASIBLE,INFEASIBLE,INFEASIBLE,,INFEASIBLE,INFEASIBLE,INFEASIBLE,INFEASIBLE,INFEASIBLE,INFEASIBLE,INFEASIBLE,INFEASIBLE,INFEASIBLE,INFEASIBLE,INFEASIBLE,INFEASIBLE,INFEASIBLE,INFEASIBLE,INFEASIBLE,INFEASIBLE,INFEASIBLE,INFEASIBLE,INFEASIBLE,INFEASIBLE,INFEASIBLE,INFEASIBLE,INFEASIBLE,INFEASIBLE,INFEASIBLE,no_trials_in_band
corr_mix,score_only,ewma_factor_cov_lrt,INFEASIBLE,0.25,budget_only,count,INFEASIBLE,INFEASIBLE,INFEASIBLE,INFEASIBLE,INFEASIBLE,INFEASIBLE,INFEASIBLE,INFEASIBLE,INFEASIBLE,INFEASIBLE,INFEASIBLE,INFEASIBLE,INFEASIBLE,INFEASIBLE,INFEASIBLE,INFEASIBLE,INFEASIBLE,INFEASIBLE,INFEASIBLE,INFEASIBLE,INFEASIBLE,INFEASIBLE,INFEASIBLE,,INFEASIBLE,INFEASIBLE,INFEASIBLE,INFEASIBLE,INFEASIBLE,INFEASIBLE,INFEASIBLE,INFEASIBLE,INFEASIBLE,INFEASIBLE,INFEASIBLE,INFEASIBLE,INFEASIBLE,INFEASIBLE,INFEASIBLE,INFEASIBLE,INFEASIBLE,INFEASIBLE,INFEASIBLE,INFEASIBLE,INFEASIBLE,INFEASIBLE,INFEASIBLE,INFEASIBLE,INFEASIBLE,no_trials_in_band
corr_mix,score_only,ewma_factor_cov_lrt,INFEASIBLE,0.35,budget_only,count,INFEASIBLE,INFEASIBLE,INFEASIBLE,INFEASIBLE,INFEASIBLE,INFEASIBLE,INFEASIBLE,INFEASIBLE,INFEASIBLE,INFEASIBLE,INFEASIBLE,INFEASIBLE,INFEASIBLE,INFEASIBLE,INFEASIBLE,INFEASIBLE,INFEASIBLE,INFEASIBLE,INFEASIBLE,INFEASIBLE,INFEASIBLE,INFEASIBLE,INFEASIBLE,,INFEASIBLE,INFEASIBLE,INFEASIBLE,INFEASIBLE,INFEASIBLE,INFEASIBLE,INFEASIBLE,INFEASIBLE,INFEASIBLE,INFEASIBLE,INFEASIBLE,INFEASIBLE,INFEASIBLE,INFEASIBLE,INFEASIBLE,INFEASIBLE,INFEASIBLE,INFEASIBLE,INFEASIBLE,INFEASIBLE,INFEASIBLE,INFEASIBLE,INFEASIBLE,INFEASIBLE,INFEASIBLE,no_trials_in_band
corr_mix,score_only,ewma_factor_cov_lrt,INFEASIBLE,0.5,budget_only,count,INFEASIBLE,INFEASIBLE,INFEASIBLE,INFEASIBLE,INFEASIBLE,INFEASIBLE,INFEASIBLE,INFEASIBLE,INFEASIBLE,INFEASIBLE,INFEASIBLE,INFEASIBLE,INFEASIBLE,INFEASIBLE,INFEASIBLE,INFEASIBLE,INFEASIBLE,INFEASIBLE,INFEASIBLE,INFEASIBLE,INFEASIBLE,INFEASIBLE,INFEASIBLE,,INFEASIBLE,INFEASIBLE,INFEASIBLE,INFEASIBLE,INFEASIBLE,INFEASIBLE,INFEASIBLE,INFEASIBLE,INFEASIBLE,INFEASIBLE,INFEASIBLE,INFEASIBLE,INFEASIBLE,INFEASIBLE,INFEASIBLE,INFEASIBLE,INFEASIBLE,INFEASIBLE,INFEASIBLE,INFEASIBLE,INFEASIBLE,INFEASIBLE,INFEASIBLE,INFEASIBLE,INFEASIBLE,no_trials_in_band
corr_mix,score_only,factor_cov_change,INFEASIBLE,0.15,budget_only,count,INFEASIBLE,INFEASIBLE,INFEASIBLE,INFEASIBLE,INFEASIBLE,INFEASIBLE,INFEASIBLE,INFEASIBLE,INFEASIBLE,INFEASIBLE,INFEASIBLE,INFEASIBLE,INFEASIBLE,INFEASIBLE,INFEASIBLE,INFEASIBLE,INFEASIBLE,INFEASIBLE,INFEASIBLE,INFEASIBLE,INFEASIBLE,INFEASIBLE,INFEASIBLE,,INFEASIBLE,INFEASIBLE,INFEASIBLE,INFEASIBLE,INFEASIBLE,INFEASIBLE,INFEASIBLE,INFEASIBLE,INFEASIBLE,INFEASIBLE,INFEASIBLE,INFEASIBLE,INFEASIBLE,INFEASIBLE,INFEASIBLE,INFEASIBLE,INFEASIBLE,INFEASIBLE,INFEASIBLE,INFEASIBLE,INFEASIBLE,INFEASIBLE,INFEASIBLE,INFEASIBLE,INFEASIBLE,no_trials_in_band
corr_mix,score_only,factor_cov_change,INFEASIBLE,0.25,budget_only,count,INFEASIBLE,INFEASIBLE,INFEASIBLE,INFEASIBLE,INFEASIBLE,INFEASIBLE,INFEASIBLE,INFEASIBLE,INFEASIBLE,INFEASIBLE,INFEASIBLE,INFEASIBLE,INFEASIBLE,INFEASIBLE,INFEASIBLE,INFEASIBLE,INFEASIBLE,INFEASIBLE,INFEASIBLE,INFEASIBLE,INFEASIBLE,INFEASIBLE,INFEASIBLE,,INFEASIBLE,INFEASIBLE,INFEASIBLE,INFEASIBLE,INFEASIBLE,INFEASIBLE,INFEASIBLE,INFEASIBLE,INFEASIBLE,INFEASIBLE,INFEASIBLE,INFEASIBLE,INFEASIBLE,INFEASIBLE,INFEASIBLE,INFEASIBLE,INFEASIBLE,INFEASIBLE,INFEASIBLE,INFEASIBLE,INFEASIBLE,INFEASIBLE,INFEASIBLE,INFEASIBLE,INFEASIBLE,no_trials_in_band
corr_mix,score_only,factor_cov_change,INFEASIBLE,0.35,budget_only,count,INFEASIBLE,INFEASIBLE,INFEASIBLE,INFEASIBLE,INFEASIBLE,INFEASIBLE,INFEASIBLE,INFEASIBLE,INFEASIBLE,INFEASIBLE,INFEASIBLE,INFEASIBLE,INFEASIBLE,INFEASIBLE,INFEASIBLE,INFEASIBLE,INFEASIBLE,INFEASIBLE,INFEASIBLE,INFEASIBLE,INFEASIBLE,INFEASIBLE,INFEASIBLE,,INFEASIBLE,INFEASIBLE,INFEASIBLE,INFEASIBLE,INFEASIBLE,INFEASIBLE,INFEASIBLE,INFEASIBLE,INFEASIBLE,INFEASIBLE,INFEASIBLE,INFEASIBLE,INFEASIBLE,INFEASIBLE,INFEASIBLE,INFEASIBLE,INFEASIBLE,INFEASIBLE,INFEASIBLE,INFEASIBLE,INFEASIBLE,INFEASIBLE,INFEASIBLE,INFEASIBLE,INFEASIBLE,no_trials_in_band
corr_mix,score_only,factor_cov_change,INFEASIBLE,0.5,budget_only,count,INFEASIBLE,INFEASIBLE,INFEASIBLE,INFEASIBLE,INFEASIBLE,INFEASIBLE,INFEASIBLE,INFEASIBLE,INFEASIBLE,INFEASIBLE,INFEASIBLE,INFEASIBLE,INFEASIBLE,INFEASIBLE,INFEASIBLE,INFEASIBLE,INFEASIBLE,INFEASIBLE,INFEASIBLE,INFEASIBLE,INFEASIBLE,INFEASIBLE,INFEASIBLE,,INFEASIBLE,INFEASIBLE,INFEASIBLE,INFEASIBLE,INFEASIBLE,INFEASIBLE,INFEASIBLE,INFEASIBLE,INFEASIBLE,INFEASIBLE,INFEASIBLE,INFEASIBLE,INFEASIBLE,INFEASIBLE,INFEASIBLE,INFEASIBLE,INFEASIBLE,INFEASIBLE,INFEASIBLE,INFEASIBLE,INFEASIBLE,INFEASIBLE,INFEASIBLE,INFEASIBLE,INFEASIBLE,no_trials_in_band
corr_mix,score_only,factor_cov_delta,1.0,0.15,budget_only,count,0.1,0.15,0.1,80,61,4,61,0.7625,0.05,0.7625,0.827586206896552,0.2249858677218768,4.0,0.11475409836065574,0.11475409836065574,0.0,0.22950819672131148,0.16393442622950818,0.22950819672131148,0.16393442622950818,0.11475409836065574,0.06557377049180328,0.06557377049180328,1.0,6.0,6.0,6.0,6.0,6.0,6.0,6.0,6.0,6.0,6.0,2.0,2.0,2.6998304126625214,0.827586206896552,0.2249858677218768,0.13817538187442768,0.25815984526337976,0.827586206896552,0.2249858677218768,0.0,0.0,0.0,0.0,0.0,OK,
corr_mix,score_only,factor_cov_delta,1.0,0.25,budget_only,count,0.1,0.15,0.1,80,61,4,61,0.7625,0.05,0.7625,0.827586206896552,0.2249858677218768,4.0,0.11475409836065574,0.11475409836065574,0.0,0.22950819672131148,0.16393442622950818,0.22950819672131148,0.16393442622950818,0.11475409836065574,0.06557377049180328,0.06557377049180328,1.0,6.0,6.0,6.0,6.0,6.0,6.0,6.0,6.0,6.0,6.0,2.0,2.0,2.6998304126625214,0.827586206896552,0.2249858677218768,0.13817538187442768,0.25797357053267056,0.827586206896552,0.2249858677218768,0.0,0.0,0.0,0.0,0.0,OK,
corr_mix,score_only,factor_cov_delta,1.0,0.35,budget_only,count,0.1,0.15,0.1,80,61,4,61,0.7625,0.05,0.7625,0.827586206896552,0.2249858677218768,4.0,0.11475409836065574,0.11475409836065574,0.0,0.22950819672131148,0.16393442622950818,0.22950819672131148,0.16393442622950818,0.11475409836065574,0.06557377049180328,0.06557377049180328,1.0,6.0,6.0,6.0,6.0,6.0,6.0,6.0,6.0,6.0,6.0,2.0,2.0,2.6998304126625214,0.827586206896552,0.2249858677218768,0.13817538187442768,0.2578618269169817,0.827586206896552,0.2249858677218768,0.0,0.0,0.0,0.0,0.0,OK,
corr_mix,score_only,factor_cov_delta,1.0,0.5,budget_only,count,0.1,0.15,0.1,80,61,4,61,0.7625,0.05,0.7625,0.827586206896552,0.2249858677218768,4.0,0.11475409836065574,0.11475409836065574,0.0,0.22950819672131148,0.16393442622950818,0.22950819672131148,0.16393442622950818,0.11475409836065574,0.06557377049180328,0.06557377049180328,1.0,6.0,6.0,6.0,6.0,6.0,6.0,6.0,6.0,6.0,6.0,2.0,2.0,2.6998304126625214,0.827586206896552,0.2249858677218768,0.13817538187442768,0.25781110133305163,0.827586206896552,0.2249858677218768,0.0,0.0,0.0,0.0,0.0,OK,
corr_mix,score_only,factor_cov_lrt,INFEASIBLE,0.15,budget_only,count,INFEASIBLE,INFEASIBLE,INFEASIBLE,INFEASIBLE,INFEASIBLE,INFEASIBLE,INFEASIBLE,INFEASIBLE,INFEASIBLE,INFEASIBLE,INFEASIBLE,INFEASIBLE,INFEASIBLE,INFEASIBLE,INFEASIBLE,INFEASIBLE,INFEASIBLE,INFEASIBLE,INFEASIBLE,INFEASIBLE,INFEASIBLE,INFEASIBLE,INFEASIBLE,,INFEASIBLE,INFEASIBLE,INFEASIBLE,INFEASIBLE,INFEASIBLE,INFEASIBLE,INFEASIBLE,INFEASIBLE,INFEASIBLE,INFEASIBLE,INFEASIBLE,INFEASIBLE,INFEASIBLE,INFEASIBLE,INFEASIBLE,INFEASIBLE,INFEASIBLE,INFEASIBLE,INFEASIBLE,INFEASIBLE,INFEASIBLE,INFEASIBLE,INFEASIBLE,INFEASIBLE,INFEASIBLE,no_trials_in_band
corr_mix,score_only,factor_cov_lrt,INFEASIBLE,0.25,budget_only,count,INFEASIBLE,INFEASIBLE,INFEASIBLE,INFEASIBLE,INFEASIBLE,INFEASIBLE,INFEASIBLE,INFEASIBLE,INFEASIBLE,INFEASIBLE,INFEASIBLE,INFEASIBLE,INFEASIBLE,INFEASIBLE,INFEASIBLE,INFEASIBLE,INFEASIBLE,INFEASIBLE,INFEASIBLE,INFEASIBLE,INFEASIBLE,INFEASIBLE,INFEASIBLE,,INFEASIBLE,INFEASIBLE,INFEASIBLE,INFEASIBLE,INFEASIBLE,INFEASIBLE,INFEASIBLE,INFEASIBLE,INFEASIBLE,INFEASIBLE,INFEASIBLE,INFEASIBLE,INFEASIBLE,INFEASIBLE,INFEASIBLE,INFEASIBLE,INFEASIBLE,INFEASIBLE,INFEASIBLE,INFEASIBLE,INFEASIBLE,INFEASIBLE,INFEASIBLE,INFEASIBLE,INFEASIBLE,no_trials_in_band
corr_mix,score_only,factor_cov_lrt,INFEASIBLE,0.35,budget_only,count,INFEASIBLE,INFEASIBLE,INFEASIBLE,INFEASIBLE,INFEASIBLE,INFEASIBLE,INFEASIBLE,INFEASIBLE,INFEASIBLE,INFEASIBLE,INFEASIBLE,INFEASIBLE,INFEASIBLE,INFEASIBLE,INFEASIBLE,INFEASIBLE,INFEASIBLE,INFEASIBLE,INFEASIBLE,INFEASIBLE,INFEASIBLE,INFEASIBLE,INFEASIBLE,,INFEASIBLE,INFEASIBLE,INFEASIBLE,INFEASIBLE,INFEASIBLE,INFEASIBLE,INFEASIBLE,INFEASIBLE,INFEASIBLE,INFEASIBLE,INFEASIBLE,INFEASIBLE,INFEASIBLE,INFEASIBLE,INFEASIBLE,INFEASIBLE,INFEASIBLE,INFEASIBLE,INFEASIBLE,INFEASIBLE,INFEASIBLE,INFEASIBLE,INFEASIBLE,INFEASIBLE,INFEASIBLE,no_trials_in_band
corr_mix,score_only,factor_cov_lrt,INFEASIBLE,0.5,budget_only,count,INFEASIBLE,INFEASIBLE,INFEASIBLE,INFEASIBLE,INFEASIBLE,INFEASIBLE,INFEASIBLE,INFEASIBLE,INFEASIBLE,INFEASIBLE,INFEASIBLE,INFEASIBLE,INFEASIBLE,INFEASIBLE,INFEASIBLE,INFEASIBLE,INFEASIBLE,INFEASIBLE,INFEASIBLE,INFEASIBLE,INFEASIBLE,INFEASIBLE,INFEASIBLE,,INFEASIBLE,INFEASIBLE,INFEASIBLE,INFEASIBLE,INFEASIBLE,INFEASIBLE,INFEASIBLE,INFEASIBLE,INFEASIBLE,INFEASIBLE,INFEASIBLE,INFEASIBLE,INFEASIBLE,INFEASIBLE,INFEASIBLE,INFEASIBLE,INFEASIBLE,INFEASIBLE,INFEASIBLE,INFEASIBLE,INFEASIBLE,INFEASIBLE,INFEASIBLE,INFEASIBLE,INFEASIBLE,no_trials_in_band
corr_mix,score_only,factor_cov_lrt_delta,1.0,0.15,budget_only,count,0.1,0.15,0.1,80,80,8,80,1.0,0.1,1.0,1.1327586206896552,0.20323275862068962,5.475,0.475,0.475,0.0,0.5625,0.325,0.5625,0.325,0.125,0.05,0.05,1.0,6.0,6.0,6.0,6.0,6.0,6.0,4.0,6.0,6.0,6.0,2.0,2.0,2.4387931034482757,1.1327586206896552,0.20323275862068962,0.12153618521308365,0.08731276128823873,1.1327586206896552,0.20323275862068962,0.004166666666666667,0.0,-0.004166666666666667,0.004166666666666667,0.0,OK,
corr_mix,score_only,factor_cov_lrt_delta,1.0,0.25,budget_only,count,0.1,0.15,0.1,80,80,8,80,1.0,0.1,1.0,1.1327586206896552,0.20323275862068962,5.475,0.475,0.475,0.0,0.5625,0.3,0.5625,0.3,0.125,0.05,0.05,1.0,6.0,6.0,6.0,6.0,6.0,6.0,4.0,6.0,6.0,6.0,2.0,2.0,2.4387931034482757,1.1327586206896552,0.20323275862068962,0.12153618521308365,0.08510675715482241,1.1327586206896552,0.20323275862068962,0.008333333333333333,0.0,-0.008333333333333335,0.008333333333333335,0.0,OK,
corr_mix,score_only,factor_cov_lrt_delta,1.0,0.35,budget_only,count,0.1,0.15,0.1,80,80,8,80,1.0,0.1,1.0,1.1327586206896552,0.20323275862068962,5.475,0.45,0.475,-0.024999999999999967,0.525,0.2875,0.525,0.2875,0.1125,0.05,0.05,1.0,6.0,6.0,6.0,6.0,6.0,6.0,4.5,6.0,6.0,6.0,2.0,2.0,2.4387931034482757,1.1327586206896552,0.20323275862068962,0.12153618521308365,0.08411333442623628,1.1327586206896552,0.20323275862068962,0.016666666666666666,0.0,-0.01666666666666667,0.01666666666666667,0.0,OK,
corr_mix,score_only,factor_cov_lrt_delta,1.0,0.5,budget_only,count,0.1,0.15,0.1,80,80,8,80,1.0,0.1,1.0,1.1327586206896552,0.20323275862068962,5.475,0.4375,0.475,-0.03749999999999998,0.5125,0.2875,0.5125,0.2875,0.1125,0.05,0.05,1.0,6.0,6.0,6.0,6.0,6.0,6.0,5.0,6.0,6.0,6.0,2.0,2.0,2.4387931034482757,1.1327586206896552,0.20323275862068962,0.12153618521308365,0.08485302557559785,1.1327586206896552,0.20323275862068962,0.03125,0.0,-0.03125,0.03125,0.0,OK,
corr_mix,score_only,fused_fisher,1.0,0.15,budget_only,count,0.1,0.15,0.1,80,80,7,80,1.0,0.0875,1.0,1.1379310344827587,0.22004310344827588,5.5,0.4625,0.4625,0.0,0.5375,0.2875,0.5375,0.2875,0.125,0.05,0.05,1.0,6.0,6.0,6.0,6.0,6.0,6.0,4.0,6.0,6.0,6.0,2.0,2.0,2.6405172413793108,1.1379310344827587,0.22004310344827588,0.04743598026755793,-0.14712295342205567,1.1379310344827587,0.22004310344827588,0.0125,0.0,0.0125,0.0125,0.0,OK,
corr_mix,score_only,fused_fisher,1.0,0.25,budget_only,count,0.1,0.15,0.1,80,80,7,80,1.0,0.0875,1.0,1.1379310344827587,0.22004310344827588,5.5,0.4625,0.4625,0.0,0.5375,0.2875,0.5375,0.2875,0.125,0.05,0.05,1.0,6.0,6.0,6.0,6.0,6.0,6.0,4.0,6.0,6.0,6.0,2.0,2.0,2.6405172413793108,1.1379310344827587,0.22004310344827588,0.04743598026755793,-0.1322896240619352,1.1379310344827587,0.22004310344827588,0.01875,0.0,0.01875,0.01875,0.0,OK,
corr_mix,score_only,fused_fisher,1.0,0.35,budget_only,count,0.1,0.15,0.1,80,80,7,80,1.0,0.0875,1.0,1.1379310344827587,0.22004310344827588,5.5,0.4625,0.4625,0.0,0.5375,0.2875,0.5375,0.2875,0.125,0.05,0.05,1.0,6.0,6.0,6.0,6.0,6.0,6.0,4.0,6.0,6.0,6.0,2.0,2.0,2.6405172413793108,1.1379310344827587,0.22004310344827588,0.04743598026755793,-0.11636175735904244,1.1379310344827587,0.22004310344827588,0.01875,0.008438818565400843,0.01875,0.01875,0.008438818565400843,OK,
corr_mix,score_only,fused_fisher,1.0,0.5,budget_only,count,0.1,0.15,0.1,80,80,7,80,1.0,0.0875,1.0,1.1379310344827587,0.22004310344827588,5.5,0.575,0.4625,0.11249999999999993,0.65,0.2875,0.65,0.2875,0.125,0.05,0.05,1.0,4.5,6.0,4.5,6.0,6.0,6.0,3.0,6.0,4.5,6.0,2.0,2.0,2.6146551724137934,1.1120689655172415,0.21788793103448278,0.04743598026755793,-0.031836043382979885,1.1379310344827587,0.22004310344827588,0.04791666666666666,0.008438818565400843,0.04791666666666667,0.04791666666666667,-0.008438818565400843,OK,
corr_mix,score_only,fused_fisher_lrt_delta,1.0,0.15,budget_only,count,0.1,0.15,0.1,80,80,4,80,1.0,0.05,1.0,0.9517241379310345,0.23771551724137932,4.6,0.425,0.425,0.0,0.5,0.2625,0.5,0.2625,0.125,0.05,0.05,1.0,6.0,6.0,6.0,6.0,6.0,6.0,5.5,6.0,6.0,6.0,2.0,2.0,2.8525862068965515,0.9517241379310345,0.23771551724137932,0.05548127925356684,-0.16977260706965241,0.9517241379310345,0.23771551724137932,0.00625,0.0,0.00625,0.00625,0.0,OK,
corr_mix,score_only,fused_fisher_lrt_delta,1.0,0.25,budget_only,count,0.1,0.15,0.1,80,80,4,80,1.0,0.05,1.0,0.9517241379310345,0.23771551724137932,4.6,0.425,0.425,0.0,0.5,0.2625,0.5,0.2625,0.125,0.05,0.05,1.0,6.0,6.0,6.0,6.0,6.0,6.0,5.5,6.0,6.0,6.0,2.0,2.0,2.8525862068965515,0.9517241379310345,0.23771551724137932,0.05548127925356684,-0.15135761449173146,0.9517241379310345,0.23771551724137932,0.0125,0.0,0.0125,0.0125,0.0,OK,
corr_mix,score_only,fused_fisher_lrt_delta,1.0,0.35,budget_only,count,0.1,0.15,0.1,80,80,4,80,1.0,0.05,1.0,0.9517241379310345,0.23771551724137932,4.6,0.425,0.425,0.0,0.5,0.2625,0.5,0.2625,0.125,0.05,0.05,1.0,6.0,6.0,6.0,6.0,6.0,6.0,5.5,6.0,6.0,6.0,2.0,2.0,2.8525862068965515,0.9517241379310345,0.23771551724137932,0.05548127925356684,-0.11020934508726285,0.9517241379310345,0.23771551724137932,0.0125,0.0,0.0125,0.0125,0.0,OK,
corr_mix,score_only,fused_fisher_lrt_delta,1.0,0.5,budget_only,count,0.1,0.15,0.1,80,80,4,80,1.0,0.05,1.0,0.9517241379310345,0.23771551724137932,4.6,0.5,0.425,0.07500000000000001,0.575,0.2625,0.575,0.2625,0.125,0.05,0.05,1.0,5.5,6.0,5.5,6.0,6.0,6.0,5.0,6.0,5.5,6.0,3.0,2.0,2.842241379310345,0.9413793103448276,0.2368534482758621,0.05548127925356684,-0.013512679815211736,0.9517241379310345,0.23771551724137932,0.02708333333333333,0.0,0.02708333333333333,0.02708333333333333,0.0,OK,
corr_mix,score_only,fused_sp,1.0,0.15,budget_only,count,0.1,0.15,0.1,80,80,3,80,1.0,0.0375,1.0,0.9439655172413793,0.23793103448275862,4.5625,0.425,0.425,0.0,0.5375,0.25,0.5375,0.25,0.1125,0.0375,0.0375,1.0,6.0,6.0,6.0,6.0,6.0,6.0,4.5,6.0,6.0,6.0,2.5,2.5,2.8551724137931034,0.9439655172413793,0.23793103448275862,0.03680740853027897,-0.009402852441316,0.9439655172413793,0.23793103448275862,0.0,0.0,0.0,0.0,0.0,OK,
corr_mix,score_only,fused_sp,1.0,0.25,budget_only,count,0.1,0.15,0.1,80,80,3,80,1.0,0.0375,1.0,0.9439655172413793,0.23793103448275862,4.5625,0.425,0.425,0.0,0.5375,0.25,0.5375,0.25,0.1125,0.0375,0.0375,1.0,6.0,6.0,6.0,6.0,6.0,6.0,4.5,6.0,6.0,6.0,2.5,2.5,2.8551724137931034,0.9439655172413793,0.23793103448275862,0.03680740853027897,-0.0017518951656512183,0.9439655172413793,0.23793103448275862,0.0,0.0,0.0,0.0,0.0,OK,
corr_mix,score_only,fused_sp,1.0,0.35,budget_only,count,0.1,0.15,0.1,80,80,3,80,1.0,0.0375,1.0,0.9439655172413793,0.23793103448275862,4.5625,0.425,0.425,0.0,0.5375,0.25,0.5375,0.25,0.1125,0.0375,0.0375,1.0,6.0,6.0,6.0,6.0,6.0,6.0,4.5,6.0,6.0,6.0,2.5,2.5,2.8551724137931034,0.9439655172413793,0.23793103448275862,0.03680740853027897,0.015853065859519778,0.9439655172413793,0.23793103448275862,0.0,0.0,0.0,0.0,0.0,OK,
corr_mix,score_only,fused_sp,1.0,0.5,budget_only,count,0.1,0.15,0.1,80,80,3,80,1.0,0.0375,1.0,0.9439655172413793,0.23793103448275862,4.5625,0.425,0.425,0.0,0.5375,0.25,0.5375,0.25,0.1125,0.0375,0.0375,1.0,6.0,6.0,6.0,6.0,6.0,6.0,4.5,6.0,6.0,6.0,2.5,2.5,2.8551724137931034,0.9439655172413793,0.23793103448275862,0.03680740853027897,0.05775060990948226,0.9439655172413793,0.23793103448275862,0.0,0.0,0.0,0.0,0.0,OK,
corr_mix,score_only,fused_sp_lrt_delta,1.0,0.15,budget_only,count,0.1,0.15,0.1,80,80,3,80,1.0,0.0375,1.0,0.9439655172413793,0.23793103448275862,4.5625,0.425,0.425,0.0,0.5375,0.25,0.5375,0.25,0.1125,0.0375,0.0375,1.0,6.0,6.0,6.0,6.0,6.0,6.0,4.5,6.0,6.0,6.0,2.5,2.5,2.8448275862068964,0.9336206896551724,0.23706896551724138,0.030472436279847907,-0.02275827430005702,0.9439655172413793,0.23793103448275862,0.0,0.0,0.0,0.0,0.0,OK,
corr_mix,score_only,fused_sp_lrt_delta,1.0,0.25,budget_only,count,0.1,0.15,0.1,80,80,3,80,1.0,0.0375,1.0,0.9439655172413793,0.23793103448275862,4.5625,0.425,0.425,0.0,0.5375,0.25,0.5375,0.25,0.1125,0.0375,0.0375,1.0,6.0,6.0,6.0,6.0,6.0,6.0,4.5,6.0,6.0,6.0,2.5,2.5,2.8448275862068964,0.9336206896551724,0.23706896551724138,0.030472436279847907,-0.015536390277443354,0.9439655172413793,0.23793103448275862,0.0,0.0,0.0,0.0,0.0,OK,
corr_mix,score_only,fused_sp_lrt_delta,1.0,0.35,budget_only,count,0.1,0.15,0.1,80,80,3,80,1.0,0.0375,1.0,0.9439655172413793,0.23793103448275862,4.5625,0.425,0.425,0.0,0.5375,0.25,0.5375,0.25,0.1125,0.0375,0.0375,1.0,6.0,6.0,6.0,6.0,6.0,6.0,4.5,6.0,6.0,6.0,2.5,2.5,2.8448275862068964,0.9336206896551724,0.23706896551724138,0.030472436279847907,0.0011886742544101048,0.9439655172413793,0.23793103448275862,0.0,0.0,0.0,0.0,0.0,OK,
corr_mix,score_only,fused_sp_lrt_delta,1.0,0.5,budget_only,count,0.1,0.15,0.1,80,80,3,80,1.0,0.0375,1.0,0.9439655172413793,0.23793103448275862,4.5625,0.425,0.425,0.0,0.5375,0.25,0.5375,0.25,0.1125,0.0375,0.0375,1.0,6.0,6.0,6.0,6.0,6.0,6.0,4.5,6.0,6.0,6.0,2.5,2.5,2.842241379310345,0.9310344827586207,0.23685344827586205,0.030472436279847907,0.0452963162988953,0.9439655172413793,0.23793103448275862,0.0,0.0,0.0,0.0,0.0,OK,
corr_mix,score_only,max_abs,1.0,0.15,budget_only,count,0.1,0.15,0.1,80,80,0,80,1.0,0.0,1.0,0.9568965517241381,0.25452586206896555,4.625,0.4125,0.4125,0.0,0.5125,0.2875,0.5125,0.2875,0.2125,0.0,0.0,1.0,6.0,6.0,6.0,6.0,6.0,6.0,5.0,6.0,6.0,6.0,4.0,4.0,3.0543103448275857,0.9568965517241381,0.25452586206896555,0.09699988830680331,0.25628060992118046,0.9568965517241381,0.25452586206896555,0.0,0.0,0.0,0.0,0.0,OK,
corr_mix,score_only,max_abs,1.0,0.25,budget_only,count,0.1,0.15,0.1,80,80,0,80,1.0,0.0,1.0,0.9568965517241381,0.25452586206896555,4.625,0.4125,0.4125,0.0,0.5125,0.2875,0.5125,0.2875,0.2125,0.0,0.0,1.0,6.0,6.0,6.0,6.0,6.0,6.0,5.0,6.0,6.0,6.0,4.0,4.0,3.0543103448275857,0.9568965517241381,0.25452586206896555,0.09699988830680331,0.25628060992118046,0.9568965517241381,0.25452586206896555,0.0,0.0,0.0,0.0,0.0,OK,
corr_mix,score_only,max_abs,1.0,0.35,budget_only,count,0.1,0.15,0.1,80,80,0,80,1.0,0.0,1.0,0.9568965517241381,0.25452586206896555,4.625,0.4125,0.4125,0.0,0.5125,0.2875,0.5125,0.2875,0.2125,0.0,0.0,1.0,6.0,6.0,6.0,6.0,6.0,6.0,5.0,6.0,6.0,6.0,4.0,4.0,3.0543103448275857,0.9568965517241381,0.25452586206896555,0.09699988830680331,0.25628060992118046,0.9568965517241381,0.25452586206896555,0.0,0.0,0.0,0.0,0.0,OK,
corr_mix,score_only,max_abs,1.0,0.5,budget_only,count,0.1,0.15,0.1,80,80,0,80,1.0,0.0,1.0,0.9568965517241381,0.25452586206896555,4.625,0.4125,0.4125,0.0,0.5125,0.2875,0.5125,0.2875,0.2125,0.0,0.0,1.0,6.0,6.0,6.0,6.0,6.0,6.0,5.0,6.0,6.0,6.0,4.0,4.0,3.0543103448275857,0.9568965517241381,0.25452586206896555,0.09699988830680331,0.25628060992118046,0.9568965517241381,0.25452586206896555,0.0,0.0,0.0,0.0,0.0,OK,
corr_mix,score_only,pc_t2,1.0,0.15,budget_only,count,0.1,0.15,0.1,80,58,3,58,0.725,0.0375,0.725,0.8275862068965518,0.23127229488703924,4.0,0.06896551724137931,0.06896551724137931,0.0,0.1724137931034483,0.1206896551724138,0.1724137931034483,0.1206896551724138,0.10344827586206896,0.05172413793103448,0.05172413793103448,1.0,6.0,6.0,6.0,6.0,6.0,6.0,6.0,6.0,6.0,6.0,2.0,2.0,2.7752675386444716,0.8275862068965518,0.23127229488703924,0.04085690293468489,-0.017762260223012943,0.8275862068965518,0.23127229488703924,0.0,0.0,0.0,0.0,0.0,OK,
corr_mix,score_only,pc_t2,1.0,0.25,budget_only,count,0.1,0.15,0.1,80,58,3,58,0.725,0.0375,0.725,0.8275862068965518,0.23127229488703924,4.0,0.06896551724137931,0.06896551724137931,0.0,0.1724137931034483,0.1206896551724138,0.1724137931034483,0.1206896551724138,0.10344827586206896,0.05172413793103448,0.05172413793103448,1.0,6.0,6.0,6.0,6.0,6.0,6.0,6.0,6.0,6.0,6.0,2.0,2.0,2.7752675386444716,0.8275862068965518,0.23127229488703924,0.04085690293468489,-0.016767969819869687,0.8275862068965518,0.23127229488703924,0.0,0.0,0.0,0.0,0.0,OK,
corr_mix,score_only,pc_t2,1.0,0.35,budget_only,count,0.1,0.15,0.1,80,58,3,58,0.725,0.0375,0.725,0.8275862068965518,0.23127229488703924,4.0,0.06896551724137931,0.06896551724137931,0.0,0.1724137931034483,0.1206896551724138,0.1724137931034483,0.1206896551724138,0.10344827586206896,0.05172413793103448,0.05172413793103448,1.0,6.0,6.0,6.0,6.0,6.0,6.0,6.0,6.0,6.0,6.0,2.0,2.0,2.7752675386444716,0.8275862068965518,0.23127229488703924,0.04085690293468489,-0.015242548682606917,0.8275862068965518,0.23127229488703924,0.0,0.0,0.0,0.0,0.0,OK,
corr_mix,score_only,pc_t2,1.0,0.5,budget_only,count,0.1,0.15,0.1,80,58,3,58,0.725,0.0375,0.725,0.8275862068965518,0.23127229488703924,4.0,0.06896551724137931,0.06896551724137931,0.0,0.1724137931034483,0.1206896551724138,0.1724137931034483,0.1206896551724138,0.10344827586206896,0.05172413793103448,0.05172413793103448,1.0,6.0,6.0,6.0,6.0,6.0,6.0,6.0,6.0,6.0,6.0,2.0,2.0,2.7752675386444716,0.8275862068965518,0.23127229488703924,0.04085690293468489,-0.011883340022924353,0.8275862068965518,0.23127229488703924,0.0,0.0,0.0,0.0,0.0,OK,
corr_mix,score_only,res_energy,1.0,0.15,budget_only,count,0.1,0.15,0.1,80,80,0,80,1.0,0.0,1.0,0.9465517241379311,0.2530172413793104,4.575,0.4125,0.4125,0.0,0.5375,0.2875,0.5375,0.2875,0.125,0.0,0.0,1.0,6.0,6.0,6.0,6.0,6.0,6.0,4.0,6.0,6.0,6.0,2.0,2.0,3.0284482758620688,0.9387931034482758,0.2523706896551724,0.04798130534471118,-0.046054322533186316,0.9465517241379311,0.2530172413793104,0.0,0.0,0.0,0.0,0.0,OK,
corr_mix,score_only,res_energy,1.0,0.25,budget_only,count,0.1,0.15,0.1,80,80,0,80,1.0,0.0,1.0,0.9465517241379311,0.2530172413793104,4.575,0.4125,0.4125,0.0,0.5375,0.2875,0.5375,0.2875,0.125,0.0,0.0,1.0,6.0,6.0,6.0,6.0,6.0,6.0,4.0,6.0,6.0,6.0,2.0,2.0,3.0155172413793103,0.9310344827586207,0.2512931034482759,0.04798130534471118,-0.0395774072546762,0.9465517241379311,0.2530172413793104,0.0,0.0,0.0,0.0,0.0,OK,
corr_mix,score_only,res_energy,1.0,0.35,budget_only,count,0.1,0.15,0.1,80,80,0,80,1.0,0.0,1.0,0.9465517241379311,0.2530172413793104,4.575,0.375,0.4125,-0.03749999999999998,0.5375,0.325,0.5375,0.325,0.1625,0.0,0.0,1.0,6.0,6.0,6.0,6.0,6.0,6.0,4.0,6.0,6.0,6.0,2.0,2.0,3.0,0.9387931034482758,0.25,0.04798130534471118,-0.022785274952608604,0.9465517241379311,0.2530172413793104,0.049999999999999996,0.0759493670886076,0.0375,0.0375,-0.0759493670886076,OK,
corr_mix,score_only,res_energy,1.0,0.5,budget_only,count,0.1,0.15,0.1,80,80,0,80,1.0,0.0,1.0,0.9465517241379311,0.2530172413793104,4.575,0.375,0.4125,-0.03749999999999998,0.5375,0.325,0.5375,0.325,0.1625,0.0,0.0,1.0,6.0,6.0,6.0,6.0,6.0,6.0,4.0,6.0,6.0,6.0,2.0,2.0,2.974137931034483,0.9387931034482758,0.24784482758620693,0.04798130534471118,0.022904078686680616,0.9465517241379311,0.2530172413793104,0.049999999999999996,0.0759493670886076,0.0375,0.0375,-0.0759493670886076,OK,
corr_mix,score_only,stale,INFEASIBLE,0.15,budget_only,count,INFEASIBLE,INFEASIBLE,INFEASIBLE,INFEASIBLE,INFEASIBLE,INFEASIBLE,INFEASIBLE,INFEASIBLE,INFEASIBLE,INFEASIBLE,INFEASIBLE,INFEASIBLE,INFEASIBLE,INFEASIBLE,INFEASIBLE,INFEASIBLE,INFEASIBLE,INFEASIBLE,INFEASIBLE,INFEASIBLE,INFEASIBLE,INFEASIBLE,INFEASIBLE,,INFEASIBLE,INFEASIBLE,INFEASIBLE,INFEASIBLE,INFEASIBLE,INFEASIBLE,INFEASIBLE,INFEASIBLE,INFEASIBLE,INFEASIBLE,INFEASIBLE,INFEASIBLE,INFEASIBLE,INFEASIBLE,INFEASIBLE,INFEASIBLE,INFEASIBLE,INFEASIBLE,INFEASIBLE,INFEASIBLE,INFEASIBLE,INFEASIBLE,INFEASIBLE,INFEASIBLE,INFEASIBLE,no_trials_in_band
corr_mix,score_only,stale,INFEASIBLE,0.25,budget_only,count,INFEASIBLE,INFEASIBLE,INFEASIBLE,INFEASIBLE,INFEASIBLE,INFEASIBLE,INFEASIBLE,INFEASIBLE,INFEASIBLE,INFEASIBLE,INFEASIBLE,INFEASIBLE,INFEASIBLE,INFEASIBLE,INFEASIBLE,INFEASIBLE,INFEASIBLE,INFEASIBLE,INFEASIBLE,INFEASIBLE,INFEASIBLE,INFEASIBLE,INFEASIBLE,,INFEASIBLE,INFEASIBLE,INFEASIBLE,INFEASIBLE,INFEASIBLE,INFEASIBLE,INFEASIBLE,INFEASIBLE,INFEASIBLE,INFEASIBLE,INFEASIBLE,INFEASIBLE,INFEASIBLE,INFEASIBLE,INFEASIBLE,INFEASIBLE,INFEASIBLE,INFEASIBLE,INFEASIBLE,INFEASIBLE,INFEASIBLE,INFEASIBLE,INFEASIBLE,INFEASIBLE,INFEASIBLE,no_trials_in_band
corr_mix,score_only,stale,INFEASIBLE,0.35,budget_only,count,INFEASIBLE,INFEASIBLE,INFEASIBLE,INFEASIBLE,INFEASIBLE,INFEASIBLE,INFEASIBLE,INFEASIBLE,INFEASIBLE,INFEASIBLE,INFEASIBLE,INFEASIBLE,INFEASIBLE,INFEASIBLE,INFEASIBLE,INFEASIBLE,INFEASIBLE,INFEASIBLE,INFEASIBLE,INFEASIBLE,INFEASIBLE,INFEASIBLE,INFEASIBLE,,INFEASIBLE,INFEASIBLE,INFEASIBLE,INFEASIBLE,INFEASIBLE,INFEASIBLE,INFEASIBLE,INFEASIBLE,INFEASIBLE,INFEASIBLE,INFEASIBLE,INFEASIBLE,INFEASIBLE,INFEASIBLE,INFEASIBLE,INFEASIBLE,INFEASIBLE,INFEASIBLE,INFEASIBLE,INFEASIBLE,INFEASIBLE,INFEASIBLE,INFEASIBLE,INFEASIBLE,INFEASIBLE,no_trials_in_band
corr_mix,score_only,stale,INFEASIBLE,0.5,budget_only,count,INFEASIBLE,INFEASIBLE,INFEASIBLE,INFEASIBLE,INFEASIBLE,INFEASIBLE,INFEASIBLE,INFEASIBLE,INFEASIBLE,INFEASIBLE,INFEASIBLE,INFEASIBLE,INFEASIBLE,INFEASIBLE,INFEASIBLE,INFEASIBLE,INFEASIBLE,INFEASIBLE,INFEASIBLE,INFEASIBLE,INFEASIBLE,INFEASIBLE,INFEASIBLE,,INFEASIBLE,INFEASIBLE,INFEASIBLE,INFEASIBLE,INFEASIBLE,INFEASIBLE,INFEASIBLE,INFEASIBLE,INFEASIBLE,INFEASIBLE,INFEASIBLE,INFEASIBLE,INFEASIBLE,INFEASIBLE,INFEASIBLE,INFEASIBLE,INFEASIBLE,INFEASIBLE,INFEASIBLE,INFEASIBLE,INFEASIBLE,INFEASIBLE,INFEASIBLE,INFEASIBLE,INFEASIBLE,no_trials_in_band
freeze,all_only,T2,1.0,0.25,budget_only,count,0.1,0.15,0.1,80,57,0,57,0.7125,0.0,0.7125,0.8275862068965518,0.2822141560798548,4.0,0.07017543859649122,0.07017543859649122,0.0,0.14035087719298245,0.08771929824561403,0.14035087719298245,0.08771929824561403,0.07017543859649122,0.0,0.0,1.0,6.0,6.0,6.0,6.0,6.0,6.0,6.0,6.0,6.0,6.0,2.0,2.0,3.386569872958258,0.8275862068965518,0.2822141560798548,0.03906807767105436,-0.1074182412385539,0.8275862068965518,0.2822141560798548,0.0,0.0,0.0,0.0,0.0,OK,
freeze,all_only,T2,1.0,0.5,budget_only,count,0.1,0.15,0.1,80,57,0,57,0.7125,0.0,0.7125,0.8275862068965518,0.2822141560798548,4.0,0.07017543859649122,0.07017543859649122,0.0,0.14035087719298245,0.08771929824561403,0.14035087719298245,0.08771929824561403,0.07017543859649122,0.0,0.0,1.0,6.0,6.0,6.0,6.0,6.0,6.0,6.0,6.0,6.0,6.0,2.0,2.0,3.386569872958258,0.8275862068965518,0.2822141560798548,0.03906807767105436,-0.1074182412385539,0.8275862068965518,0.2822141560798548,0.0,0.0,0.0,0.0,0.0,OK,
freeze,all_only,T2,1.0,0.75,budget_only,count,0.1,0.15,0.1,80,57,0,57,0.7125,0.0,0.7125,0.8275862068965518,0.2822141560798548,4.0,0.07017543859649122,0.07017543859649122,0.0,0.14035087719298245,0.08771929824561403,0.14035087719298245,0.08771929824561403,0.07017543859649122,0.0,0.0,1.0,6.0,6.0,6.0,6.0,6.0,6.0,6.0,6.0,6.0,6.0,2.0,2.0,3.386569872958258,0.8275862068965518,0.2822141560798548,0.03906807767105436,-0.1074182412385539,0.8275862068965518,0.2822141560798548,0.0,0.0,0.0,0.0,0.0,OK,
freeze,all_only,T2,1.0,1.0,budget_only,count,0.1,0.15,0.1,80,57,0,57,0.7125,0.0,0.7125,0.8275862068965518,0.2822141560798548,4.0,0.07017543859649122,0.07017543859649122,0.0,0.14035087719298245,0.08771929824561403,0.14035087719298245,0.08771929824561403,0.07017543859649122,0.0,0.0,1.0,6.0,6.0,6.0,6.0,6.0,6.0,6.0,6.0,6.0,6.0,2.0,2.0,3.386569872958258,0.8275862068965518,0.2822141560798548,0.03906807767105436,-0.1074182412385539,0.8275862068965518,0.2822141560798548,0.0,0.0,0.0,0.0,0.0,OK,
freeze,all_only,cusum_factor_cov_lrt,1.0,0.25,budget_only,count,0.1,0.15,0.1,80,80,0,80,1.0,0.0,1.0,0.9543103448275861,0.29137931034482756,4.6125,0.55,0.55,0.0,0.75,0.4625,0.75,0.4625,0.25,0.0,0.0,1.0,5.0,5.0,5.0,6.0,5.0,6.0,2.0,6.0,5.0,6.0,2.0,2.0,3.496551724137931,0.9543103448275861,0.29137931034482756,NA,0.32033419404596924,0.9543103448275861,0.29137931034482756,0.0,0.0,0.0,0.0,0.0,OK,
freeze,all_only,cusum_factor_cov_lrt,1.0,0.5,budget_only,count,0.1,0.15,0.1,80,80,0,80,1.0,0.0,1.0,0.9543103448275861,0.29137931034482756,4.6125,0.55,0.55,0.0,0.75,0.4625,0.75,0.4625,0.25,0.0,0.0,1.0,5.0,5.0,5.0,6.0,5.0,6.0,2.0,6.0,5.0,6.0,2.0,2.0,3.496551724137931,0.9543103448275861,0.29137931034482756,NA,0.32033419404596924,0.9543103448275861,0.29137931034482756,0.0,0.0,0.0,0.0,0.0,OK,
freeze,all_only,cusum_factor_cov_lrt,1.0,0.75,budget_only,count,0.1,0.15,0.1,80,80,0,80,1.0,0.0,1.0,0.9543103448275861,0.29137931034482756,4.6125,0.55,0.55,0.0,0.75,0.4625,0.75,0.4625,0.25,0.0,0.0,1.0,5.0,5.0,5.0,6.0,5.0,6.0,2.0,6.0,5.0,6.0,2.0,2.0,3.496551724137931,0.9543103448275861,0.29137931034482756,NA,0.32033419404596924,0.9543103448275861,0.29137931034482756,0.0,0.0,0.0,0.0,0.0,OK,
freeze,all_only,cusum_factor_cov_lrt,1.0,1.0,budget_only,count,0.1,0.15,0.1,80,80,0,80,1.0,0.0,1.0,0.9543103448275861,0.29137931034482756,4.6125,0.55,0.55,0.0,0.75,0.4625,0.75,0.4625,0.25,0.0,0.0,1.0,5.0,5.0,5.0,6.0,5.0,6.0,2.0,6.0,5.0,6.0,2.0,2.0,3.496551724137931,0.9543103448275861,0.29137931034482756,NA,0.32033419404596924,0.9543103448275861,0.29137931034482756,0.0,0.0,0.0,0.0,0.0,OK,
freeze,all_only,ewma_factor_cov_lrt,INFEASIBLE,0.25,budget_only,count,INFEASIBLE,INFEASIBLE,INFEASIBLE,INFEASIBLE,INFEASIBLE,INFEASIBLE,INFEASIBLE,INFEASIBLE,INFEASIBLE,INFEASIBLE,INFEASIBLE,INFEASIBLE,INFEASIBLE,INFEASIBLE,INFEASIBLE,INFEASIBLE,INFEASIBLE,INFEASIBLE,INFEASIBLE,INFEASIBLE,INFEASIBLE,INFEASIBLE,INFEASIBLE,,INFEASIBLE,INFEASIBLE,INFEASIBLE,INFEASIBLE,INFEASIBLE,INFEASIBLE,INFEASIBLE,INFEASIBLE,INFEASIBLE,INFEASIBLE,INFEASIBLE,INFEASIBLE,INFEASIBLE,INFEASIBLE,INFEASIBLE,INFEASIBLE,INFEASIBLE,INFEASIBLE,INFEASIBLE,INFEASIBLE,INFEASIBLE,INFEASIBLE,INFEASIBLE,INFEASIBLE,INFEASIBLE,no_trials_in_band
freeze,all_only,ewma_factor_cov_lrt,INFEASIBLE,0.5,budget_only,count,INFEASIBLE,INFEASIBLE,INFEASIBLE,INFEASIBLE,INFEASIBLE,INFEASIBLE,INFEASIBLE,INFEASIBLE,INFEASIBLE,INFEASIBLE,INFEASIBLE,INFEASIBLE,INFEASIBLE,INFEASIBLE,INFEASIBLE,INFEASIBLE,INFEASIBLE,INFEASIBLE,INFEASIBLE,INFEASIBLE,INFEASIBLE,INFEASIBLE,INFEASIBLE,,INFEASIBLE,INFEASIBLE,INFEASIBLE,INFEASIBLE,INFEASIBLE,INFEASIBLE,INFEASIBLE,INFEASIBLE,INFEASIBLE,INFEASIBLE,INFEASIBLE,INFEASIBLE,INFEASIBLE,INFEASIBLE,INFEASIBLE,INFEASIBLE,INFEASIBLE,INFEASIBLE,INFEASIBLE,INFEASIBLE,INFEASIBLE,INFEASIBLE,INFEASIBLE,INFEASIBLE,INFEASIBLE,no_trials_in_band
freeze,all_only,ewma_factor_cov_lrt,INFEASIBLE,0.75,budget_only,count,INFEASIBLE,INFEASIBLE,INFEASIBLE,INFEASIBLE,INFEASIBLE,INFEASIBLE,INFEASIBLE,INFEASIBLE,INFEASIBLE,INFEASIBLE,INFEASIBLE,INFEASIBLE,INFEASIBLE,INFEASIBLE,INFEASIBLE,INFEASIBLE,INFEASIBLE,INFEASIBLE,INFEASIBLE,INFEASIBLE,INFEASIBLE,INFEASIBLE,INFEASIBLE,,INFEASIBLE,INFEASIBLE,INFEASIBLE,INFEASIBLE,INFEASIBLE,INFEASIBLE,INFEASIBLE,INFEASIBLE,INFEASIBLE,INFEASIBLE,INFEASIBLE,INFEASIBLE,INFEASIBLE,INFEASIBLE,INFEASIBLE,INFEASIBLE,INFEASIBLE,INFEASIBLE,INFEASIBLE,INFEASIBLE,INFEASIBLE,INFEASIBLE,INFEASIBLE,INFEASIBLE,INFEASIBLE,no_trials_in_band
freeze,all_only,ewma_factor_cov_lrt,INFEASIBLE,1.0,budget_only,count,INFEASIBLE,INFEASIBLE,INFEASIBLE,INFEASIBLE,INFEASIBLE,INFEASIBLE,INFEASIBLE,INFEASIBLE,INFEASIBLE,INFEASIBLE,INFEASIBLE,INFEASIBLE,INFEASIBLE,INFEASIBLE,INFEASIBLE,INFEASIBLE,INFEASIBLE,INFEASIBLE,INFEASIBLE,INFEASIBLE,INFEASIBLE,INFEASIBLE,INFEASIBLE,,INFEASIBLE,INFEASIBLE,INFEASIBLE,INFEASIBLE,INFEASIBLE,INFEASIBLE,INFEASIBLE,INFEASIBLE,INFEASIBLE,INFEASIBLE,INFEASIBLE,INFEASIBLE,INFEASIBLE,INFEASIBLE,INFEASIBLE,INFEASIBLE,INFEASIBLE,INFEASIBLE,INFEASIBLE,INFEASIBLE,INFEASIBLE,INFEASIBLE,INFEASIBLE,INFEASIBLE,INFEASIBLE,no_trials_in_band
freeze,all_only,factor_cov_change,1.0,0.25,budget_only,count,0.1,0.15,0.1,80,61,0,61,0.7625,0.0,0.7625,0.827586206896552,0.27444884115319385,4.0,0.14754098360655737,0.14754098360655737,0.0,0.3114754098360656,0.2459016393442623,0.3114754098360656,0.2459016393442623,0.16393442622950818,0.0,0.0,1.0,6.0,6.0,6.0,6.0,6.0,6.0,6.0,6.0,6.0,6.0,1.0,1.0,3.293386093838327,0.827586206896552,0.27444884115319385,0.13963027103962714,0.07429792866790276,0.827586206896552,0.27444884115319385,0.0,0.0,0.0,0.0,0.0,OK,
freeze,all_only,factor_cov_change,1.0,0.5,budget_only,count,0.1,0.15,0.1,80,61,0,61,0.7625,0.0,0.7625,0.827586206896552,0.27444884115319385,4.0,0.14754098360655737,0.14754098360655737,0.0,0.3114754098360656,0.2459016393442623,0.3114754098360656,0.2459016393442623,0.16393442622950818,0.0,0.0,1.0,6.0,6.0,6.0,6.0,6.0,6.0,6.0,6.0,6.0,6.0,1.0,1.0,3.293386093838327,0.827586206896552,0.27444884115319385,0.13963027103962714,0.07429792866790276,0.827586206896552,0.27444884115319385,0.0,0.0,0.0,0.0,0.0,OK,
freeze,all_only,factor_cov_change,1.0,0.75,budget_only,count,0.1,0.15,0.1,80,61,0,61,0.7625,0.0,0.7625,0.827586206896552,0.27444884115319385,4.0,0.14754098360655737,0.14754098360655737,0.0,0.3114754098360656,0.2459016393442623,0.3114754098360656,0.2459016393442623,0.16393442622950818,0.0,0.0,1.0,6.0,6.0,6.0,6.0,6.0,6.0,6.0,6.0,6.0,6.0,1.0,1.0,3.293386093838327,0.827586206896552,0.27444884115319385,0.13963027103962714,0.07429792866790276,0.827586206896552,0.27444884115319385,0.0,0.0,0.0,0.0,0.0,OK,
freeze,all_only,factor_cov_change,1.0,1.0,budget_only,count,0.1,0.15,0.1,80,61,0,61,0.7625,0.0,0.7625,0.827586206896552,0.27444884115319385,4.0,0.14754098360655737,0.14754098360655737,0.0,0.3114754098360656,0.2459016393442623,0.3114754098360656,0.2459016393442623,0.16393442622950818,0.0,0.0,1.0,6.0,6.0,6.0,6.0,6.0,6.0,6.0,6.0,6.0,6.0,1.0,1.0,3.293386093838327,0.827586206896552,0.27444884115319385,0.13963027103962714,0.07429792866790276,0.827586206896552,0.27444884115319385,0.0,0.0,0.0,0.0,0.0,OK,
freeze,all_only,factor_cov_delta,INFEASIBLE,0.25,budget_only,count,INFEASIBLE,INFEASIBLE,INFEASIBLE,INFEASIBLE,INFEASIBLE,INFEASIBLE,INFEASIBLE,INFEASIBLE,INFEASIBLE,INFEASIBLE,INFEASIBLE,INFEASIBLE,INFEASIBLE,INFEASIBLE,INFEASIBLE,INFEASIBLE,INFEASIBLE,INFEASIBLE,INFEASIBLE,INFEASIBLE,INFEASIBLE,INFEASIBLE,INFEASIBLE,,INFEASIBLE,INFEASIBLE,INFEASIBLE,INFEASIBLE,INFEASIBLE,INFEASIBLE,INFEASIBLE,INFEASIBLE,INFEASIBLE,INFEASIBLE,INFEASIBLE,INFEASIBLE,INFEASIBLE,INFEASIBLE,INFEASIBLE,INFEASIBLE,INFEASIBLE,INFEASIBLE,INFEASIBLE,INFEASIBLE,INFEASIBLE,INFEASIBLE,INFEASIBLE,INFEASIBLE,INFEASIBLE,no_trials_in_band
freeze,all_only,factor_cov_delta,INFEASIBLE,0.5,budget_only,count,INFEASIBLE,INFEASIBLE,INFEASIBLE,INFEASIBLE,INFEASIBLE,INFEASIBLE,INFEASIBLE,INFEASIBLE,INFEASIBLE,INFEASIBLE,INFEASIBLE,INFEASIBLE,INFEASIBLE,INFEASIBLE,INFEASIBLE,INFEASIBLE,INFEASIBLE,INFEASIBLE,INFEASIBLE,INFEASIBLE,INFEASIBLE,INFEASIBLE,INFEASIBLE,,INFEASIBLE,INFEASIBLE,INFEASIBLE,INFEASIBLE,INFEASIBLE,INFEASIBLE,INFEASIBLE,INFEASIBLE,INFEASIBLE,INFEASIBLE,INFEASIBLE,INFEASIBLE,INFEASIBLE,INFEASIBLE,INFEASIBLE,INFEASIBLE,INFEASIBLE,INFEASIBLE,INFEASIBLE,INFEASIBLE,INFEASIBLE,INFEASIBLE,INFEASIBLE,INFEASIBLE,INFEASIBLE,no_trials_in_band
freeze,all_only,factor_cov_delta,INFEASIBLE,0.75,budget_only,count,INFEASIBLE,INFEASIBLE,INFEASIBLE,INFEASIBLE,INFEASIBLE,INFEASIBLE,INFEASIBLE,INFEASIBLE,INFEASIBLE,INFEASIBLE,INFEASIBLE,INFEASIBLE,INFEASIBLE,INFEASIBLE,INFEASIBLE,INFEASIBLE,INFEASIBLE,INFEASIBLE,INFEASIBLE,INFEASIBLE,INFEASIBLE,INFEASIBLE,INFEASIBLE,,INFEASIBLE,INFEASIBLE,INFEASIBLE,INFEASIBLE,INFEASIBLE,INFEASIBLE,INFEASIBLE,INFEASIBLE,INFEASIBLE,INFEASIBLE,INFEASIBLE,INFEASIBLE,INFEASIBLE,INFEASIBLE,INFEASIBLE,INFEASIBLE,INFEASIBLE,INFEASIBLE,INFEASIBLE,INFEASIBLE,INFEASIBLE,INFEASIBLE,INFEASIBLE,INFEASIBLE,INFEASIBLE,no_trials_in_band
freeze,all_only,factor_cov_delta,INFEASIBLE,1.0,budget_only,count,INFEASIBLE,INFEASIBLE,INFEASIBLE,INFEASIBLE,INFEASIBLE,INFEASIBLE,INFEASIBLE,INFEASIBLE,INFEASIBLE,INFEASIBLE,INFEASIBLE,INFEASIBLE,INFEASIBLE,INFEASIBLE,INFEASIBLE,INFEASIBLE,INFEASIBLE,INFEASIBLE,INFEASIBLE,INFEASIBLE,INFEASIBLE,INFEASIBLE,INFEASIBLE,,INFEASIBLE,INFEASIBLE,INFEASIBLE,INFEASIBLE,INFEASIBLE,INFEASIBLE,INFEASIBLE,INFEASIBLE,INFEASIBLE,INFEASIBLE,INFEASIBLE,INFEASIBLE,INFEASIBLE,INFEASIBLE,INFEASIBLE,INFEASIBLE,INFEASIBLE,INFEASIBLE,INFEASIBLE,INFEASIBLE,INFEASIBLE,INFEASIBLE,INFEASIBLE,INFEASIBLE,INFEASIBLE,no_trials_in_band
freeze,all_only,factor_cov_lrt,INFEASIBLE,0.25,budget_only,count,INFEASIBLE,INFEASIBLE,INFEASIBLE,INFEASIBLE,INFEASIBLE,INFEASIBLE,INFEASIBLE,INFEASIBLE,INFEASIBLE,INFEASIBLE,INFEASIBLE,INFEASIBLE,INFEASIBLE,INFEASIBLE,INFEASIBLE,INFEASIBLE,INFEASIBLE,INFEASIBLE,INFEASIBLE,INFEASIBLE,INFEASIBLE,INFEASIBLE,INFEASIBLE,,INFEASIBLE,INFEASIBLE,INFEASIBLE,INFEASIBLE,INFEASIBLE,INFEASIBLE,INFEASIBLE,INFEASIBLE,INFEASIBLE,INFEASIBLE,INFEASIBLE,INFEASIBLE,INFEASIBLE,INFEASIBLE,INFEASIBLE,INFEASIBLE,INFEASIBLE,INFEASIBLE,INFEASIBLE,INFEASIBLE,INFEASIBLE,INFEASIBLE,INFEASIBLE,INFEASIBLE,INFEASIBLE,no_trials_in_band
freeze,all_only,factor_cov_lrt,INFEASIBLE,0.5,budget_only,count,INFEASIBLE,INFEASIBLE,INFEASIBLE,INFEASIBLE,INFEASIBLE,INFEASIBLE,INFEASIBLE,INFEASIBLE,INFEASIBLE,INFEASIBLE,INFEASIBLE,INFEASIBLE,INFEASIBLE,INFEASIBLE,INFEASIBLE,INFEASIBLE,INFEASIBLE,INFEASIBLE,INFEASIBLE,INFEASIBLE,INFEASIBLE,INFEASIBLE,INFEASIBLE,,INFEASIBLE,INFEASIBLE,INFEASIBLE,INFEASIBLE,INFEASIBLE,INFEASIBLE,INFEASIBLE,INFEASIBLE,INFEASIBLE,INFEASIBLE,INFEASIBLE,INFEASIBLE,INFEASIBLE,INFEASIBLE,INFEASIBLE,INFEASIBLE,INFEASIBLE,INFEASIBLE,INFEASIBLE,INFEASIBLE,INFEASIBLE,INFEASIBLE,INFEASIBLE,INFEASIBLE,INFEASIBLE,no_trials_in_band
freeze,all_only,factor_cov_lrt,INFEASIBLE,0.75,budget_only,count,INFEASIBLE,INFEASIBLE,INFEASIBLE,INFEASIBLE,INFEASIBLE,INFEASIBLE,INFEASIBLE,INFEASIBLE,INFEASIBLE,INFEASIBLE,INFEASIBLE,INFEASIBLE,INFEASIBLE,INFEASIBLE,INFEASIBLE,INFEASIBLE,INFEASIBLE,INFEASIBLE,INFEASIBLE,INFEASIBLE,INFEASIBLE,INFEASIBLE,INFEASIBLE,,INFEASIBLE,INFEASIBLE,INFEASIBLE,INFEASIBLE,INFEASIBLE,INFEASIBLE,INFEASIBLE,INFEASIBLE,INFEASIBLE,INFEASIBLE,INFEASIBLE,INFEASIBLE,INFEASIBLE,INFEASIBLE,INFEASIBLE,INFEASIBLE,INFEASIBLE,INFEASIBLE,INFEASIBLE,INFEASIBLE,INFEASIBLE,INFEASIBLE,INFEASIBLE,INFEASIBLE,INFEASIBLE,no_trials_in_band
freeze,all_only,factor_cov_lrt,INFEASIBLE,1.0,budget_only,count,INFEASIBLE,INFEASIBLE,INFEASIBLE,INFEASIBLE,INFEASIBLE,INFEASIBLE,INFEASIBLE,INFEASIBLE,INFEASIBLE,INFEASIBLE,INFEASIBLE,INFEASIBLE,INFEASIBLE,INFEASIBLE,INFEASIBLE,INFEASIBLE,INFEASIBLE,INFEASIBLE,INFEASIBLE,INFEASIBLE,INFEASIBLE,INFEASIBLE,INFEASIBLE,,INFEASIBLE,INFEASIBLE,INFEASIBLE,INFEASIBLE,INFEASIBLE,INFEASIBLE,INFEASIBLE,INFEASIBLE,INFEASIBLE,INFEASIBLE,INFEASIBLE,INFEASIBLE,INFEASIBLE,INFEASIBLE,INFEASIBLE,INFEASIBLE,INFEASIBLE,INFEASIBLE,INFEASIBLE,INFEASIBLE,INFEASIBLE,INFEASIBLE,INFEASIBLE,INFEASIBLE,INFEASIBLE,no_trials_in_band
freeze,all_only,factor_cov_lrt_delta,1.0,0.25,budget_only,count,0.1,0.15,0.1,80,80,80,80,1.0,1.0,1.0,0.9465517241379311,0.14094827586206898,4.575,0.425,0.425,0.0,0.5125,0.225,0.5125,0.225,0.0875,0.225,0.225,1.0,6.0,6.0,6.0,6.0,6.0,6.0,5.0,6.0,6.0,6.0,2.5,2.5,1.6913793103448278,0.9465517241379311,0.14094827586206898,0.09266336300476774,0.2193910249545671,0.9465517241379311,0.14094827586206898,0.0,0.0,0.0,0.0,0.0,OK,
freeze,all_only,factor_cov_lrt_delta,1.0,0.5,budget_only,count,0.1,0.15,0.1,80,80,80,80,1.0,1.0,1.0,0.9465517241379311,0.14094827586206898,4.575,0.425,0.425,0.0,0.5125,0.225,0.5125,0.225,0.0875,0.225,0.225,1.0,6.0,6.0,6.0,6.0,6.0,6.0,5.0,6.0,6.0,6.0,2.5,2.5,1.6913793103448278,0.9465517241379311,0.14094827586206898,0.09266336300476774,0.2193910249545671,0.9465517241379311,0.14094827586206898,0.0,0.0,0.0,0.0,0.0,OK,
freeze,all_only,factor_cov_lrt_delta,1.0,0.75,budget_only,count,0.1,0.15,0.1,80,80,80,80,1.0,1.0,1.0,0.9465517241379311,0.14094827586206898,4.575,0.425,0.425,0.0,0.5125,0.225,0.5125,0.225,0.0875,0.225,0.225,1.0,6.0,6.0,6.0,6.0,6.0,6.0,5.0,6.0,6.0,6.0,2.5,2.5,1.6913793103448278,0.9465517241379311,0.14094827586206898,0.09266336300476774,0.2193910249545671,0.9465517241379311,0.14094827586206898,0.0,0.0,0.0,0.0,0.0,OK,
freeze,all_only,factor_cov_lrt_delta,1.0,1.0,budget_only,count,0.1,0.15,0.1,80,80,80,80,1.0,1.0,1.0,0.9465517241379311,0.14094827586206898,4.575,0.425,0.425,0.0,0.5125,0.225,0.5125,0.225,0.0875,0.225,0.225,1.0,6.0,6.0,6.0,6.0,6.0,6.0,5.0,6.0,6.0,6.0,2.5,2.5,1.6913793103448278,0.9465517241379311,0.14094827586206898,0.09266336300476774,0.2193910249545671,0.9465517241379311,0.14094827586206898,0.0,0.0,0.0,0.0,0.0,OK,
freeze,all_only,fused_fisher,INFEASIBLE,0.25,budget_only,count,INFEASIBLE,INFEASIBLE,INFEASIBLE,INFEASIBLE,INFEASIBLE,INFEASIBLE,INFEASIBLE,INFEASIBLE,INFEASIBLE,INFEASIBLE,INFEASIBLE,INFEASIBLE,INFEASIBLE,INFEASIBLE,INFEASIBLE,INFEASIBLE,INFEASIBLE,INFEASIBLE,INFEASIBLE,INFEASIBLE,INFEASIBLE,INFEASIBLE,INFEASIBLE,,INFEASIBLE,INFEASIBLE,INFEASIBLE,INFEASIBLE,INFEASIBLE,INFEASIBLE,INFEASIBLE,INFEASIBLE,INFEASIBLE,INFEASIBLE,INFEASIBLE,INFEASIBLE,INFEASIBLE,INFEASIBLE,INFEASIBLE,INFEASIBLE,INFEASIBLE,INFEASIBLE,INFEASIBLE,INFEASIBLE,INFEASIBLE,INFEASIBLE,INFEASIBLE,INFEASIBLE,INFEASIBLE,no_trials_in_band
freeze,all_only,fused_fisher,INFEASIBLE,0.5,budget_only,count,INFEASIBLE,INFEASIBLE,INFEASIBLE,INFEASIBLE,INFEASIBLE,INFEASIBLE,INFEASIBLE,INFEASIBLE,INFEASIBLE,INFEASIBLE,INFEASIBLE,INFEASIBLE,INFEASIBLE,INFEASIBLE,INFEASIBLE,INFEASIBLE,INFEASIBLE,INFEASIBLE,INFEASIBLE,INFEASIBLE,INFEASIBLE,INFEASIBLE,INFEASIBLE,,INFEASIBLE,INFEASIBLE,INFEASIBLE,INFEASIBLE,INFEASIBLE,INFEASIBLE,INFEASIBLE,INFEASIBLE,INFEASIBLE,INFEASIBLE,INFEASIBLE,INFEASIBLE,INFEASIBLE,INFEASIBLE,INFEASIBLE,INFEASIBLE,INFEASIBLE,INFEASIBLE,INFEASIBLE,INFEASIBLE,INFEASIBLE,INFEASIBLE,INFEASIBLE,INFEASIBLE,INFEASIBLE,no_trials_in_band
freeze,all_only,fused_fisher,INFEASIBLE,0.75,budget_only,count,INFEASIBLE,INFEASIBLE,INFEASIBLE,INFEASIBLE,INFEASIBLE,INFEASIBLE,INFEASIBLE,INFEASIBLE,INFEASIBLE,INFEASIBLE,INFEASIBLE,INFEASIBLE,INFEASIBLE,INFEASIBLE,INFEASIBLE,INFEASIBLE,INFEASIBLE,INFEASIBLE,INFEASIBLE,INFEASIBLE,INFEASIBLE,INFEASIBLE,INFEASIBLE,,INFEASIBLE,INFEASIBLE,INFEASIBLE,INFEASIBLE,INFEASIBLE,INFEASIBLE,INFEASIBLE,INFEASIBLE,INFEASIBLE,INFEASIBLE,INFEASIBLE,INFEASIBLE,INFEASIBLE,INFEASIBLE,INFEASIBLE,INFEASIBLE,INFEASIBLE,INFEASIBLE,INFEASIBLE,INFEASIBLE,INFEASIBLE,INFEASIBLE,INFEASIBLE,INFEASIBLE,INFEASIBLE,no_trials_in_band
freeze,all_only,fused_fisher,INFEASIBLE,1.0,budget_only,count,INFEASIBLE,INFEASIBLE,INFEASIBLE,INFEASIBLE,INFEASIBLE,INFEASIBLE,INFEASIBLE,INFEASIBLE,INFEASIBLE,INFEASIBLE,INFEASIBLE,INFEASIBLE,INFEASIBLE,INFEASIBLE,INFEASIBLE,INFEASIBLE,INFEASIBLE,INFEASIBLE,INFEASIBLE,INFEASIBLE,INFEASIBLE,INFEASIBLE,INFEASIBLE,,INFEASIBLE,INFEASIBLE,INFEASIBLE,INFEASIBLE,INFEASIBLE,INFEASIBLE,INFEASIBLE,INFEASIBLE,INFEASIBLE,INFEASIBLE,INFEASIBLE,INFEASIBLE,INFEASIBLE,INFEASIBLE,INFEASIBLE,INFEASIBLE,INFEASIBLE,INFEASIBLE,INFEASIBLE,INFEASIBLE,INFEASIBLE,INFEASIBLE,INFEASIBLE,INFEASIBLE,INFEASIBLE,no_trials_in_band
freeze,all_only,fused_fisher_lrt_delta,1.0,0.25,budget_only,count,0.1,0.15,0.1,80,59,1,59,0.7375,0.0125,0.7375,0.8275862068965519,0.23407364114552892,4.0,0.01694915254237288,0.01694915254237288,0.0,0.13559322033898305,0.11864406779661017,0.13559322033898305,0.11864406779661017,0.11864406779661017,0.01694915254237288,0.01694915254237288,1.0,6.0,6.0,6.0,6.0,6.0,6.0,6.0,6.0,6.0,6.0,2.0,2.0,2.8088836937463477,0.8275862068965519,0.23407364114552892,0.05308788528757142,-0.2822045855631926,0.8275862068965519,0.23407364114552892,0.0,0.0,0.0,0.0,0.0,OK,
freeze,all_only,fused_fisher_lrt_delta,1.0,0.5,budget_only,count,0.1,0.15,0.1,80,59,1,59,0.7375,0.0125,0.7375,0.8275862068965519,0.23407364114552892,4.0,0.01694915254237288,0.01694915254237288,0.0,0.13559322033898305,0.11864406779661017,0.13559322033898305,0.11864406779661017,0.11864406779661017,0.01694915254237288,0.01694915254237288,1.0,6.0,6.0,6.0,6.0,6.0,6.0,6.0,6.0,6.0,6.0,2.0,2.0,2.8088836937463477,0.8275862068965519,0.23407364114552892,0.05308788528757142,-0.2822045855631926,0.8275862068965519,0.23407364114552892,0.0,0.0,0.0,0.0,0.0,OK,
freeze,all_only,fused_fisher_lrt_delta,1.0,0.75,budget_only,count,0.1,0.15,0.1,80,59,1,59,0.7375,0.0125,0.7375,0.8275862068965519,0.23407364114552892,4.0,0.01694915254237288,0.01694915254237288,0.0,0.13559322033898305,0.11864406779661017,0.13559322033898305,0.11864406779661017,0.11864406779661017,0.01694915254237288,0.01694915254237288,1.0,6.0,6.0,6.0,6.0,6.0,6.0,6.0,6.0,6.0,6.0,2.0,2.0,2.8088836937463477,0.8275862068965519,0.23407364114552892,0.05308788528757142,-0.2822045855631926,0.8275862068965519,0.23407364114552892,0.0,0.0,0.0,0.0,0.0,OK,
freeze,all_only,fused_fisher_lrt_delta,1.0,1.0,budget_only,count,0.1,0.15,0.1,80,59,1,59,0.7375,0.0125,0.7375,0.8275862068965519,0.23407364114552892,4.0,0.01694915254237288,0.01694915254237288,0.0,0.13559322033898305,0.11864406779661017,0.13559322033898305,0.11864406779661017,0.11864406779661017,0.01694915254237288,0.01694915254237288,1.0,6.0,6.0,6.0,6.0,6.0,6.0,6.0,6.0,6.0,6.0,2.0,2.0,2.8088836937463477,0.8275862068965519,0.23407364114552892,0.05308788528757142,-0.2822045855631926,0.8275862068965519,0.23407364114552892,0.0,0.0,0.0,0.0,0.0,OK,
freeze,all_only,fused_sp,INFEASIBLE,0.25,budget_only,count,INFEASIBLE,INFEASIBLE,INFEASIBLE,INFEASIBLE,INFEASIBLE,INFEASIBLE,INFEASIBLE,INFEASIBLE,INFEASIBLE,INFEASIBLE,INFEASIBLE,INFEASIBLE,INFEASIBLE,INFEASIBLE,INFEASIBLE,INFEASIBLE,INFEASIBLE,INFEASIBLE,INFEASIBLE,INFEASIBLE,INFEASIBLE,INFEASIBLE,INFEASIBLE,,INFEASIBLE,INFEASIBLE,INFEASIBLE,INFEASIBLE,INFEASIBLE,INFEASIBLE,INFEASIBLE,INFEASIBLE,INFEASIBLE,INFEASIBLE,INFEASIBLE,INFEASIBLE,INFEASIBLE,INFEASIBLE,INFEASIBLE,INFEASIBLE,INFEASIBLE,INFEASIBLE,INFEASIBLE,INFEASIBLE,INFEASIBLE,INFEASIBLE,INFEASIBLE,INFEASIBLE,INFEASIBLE,no_trials_in_band
freeze,all_only,fused_sp,INFEASIBLE,0.5,budget_only,count,INFEASIBLE,INFEASIBLE,INFEASIBLE,INFEASIBLE,INFEASIBLE,INFEASIBLE,INFEASIBLE,INFEASIBLE,INFEASIBLE,INFEASIBLE,INFEASIBLE,INFEASIBLE,INFEASIBLE,INFEASIBLE,INFEASIBLE,INFEASIBLE,INFEASIBLE,INFEASIBLE,INFEASIBLE,INFEASIBLE,INFEASIBLE,INFEASIBLE,INFEASIBLE,,INFEASIBLE,INFEASIBLE,INFEASIBLE,INFEASIBLE,INFEASIBLE,INFEASIBLE,INFEASIBLE,INFEASIBLE,INFEASIBLE,INFEASIBLE,INFEASIBLE,INFEASIBLE,INFEASIBLE,INFEASIBLE,INFEASIBLE,INFEASIBLE,INFEASIBLE,INFEASIBLE,INFEASIBLE,INFEASIBLE,INFEASIBLE,INFEASIBLE,INFEASIBLE,INFEASIBLE,INFEASIBLE,no_trials_in_band
freeze,all_only,fused_sp,INFEASIBLE,0.75,budget_only,count,INFEASIBLE,INFEASIBLE,INFEASIBLE,INFEASIBLE,INFEASIBLE,INFEASIBLE,INFEASIBLE,INFEASIBLE,INFEASIBLE,INFEASIBLE,INFEASIBLE,INFEASIBLE,INFEASIBLE,INFEASIBLE,INFEASIBLE,INFEASIBLE,INFEASIBLE,INFEASIBLE,INFEASIBLE,INFEASIBLE,INFEASIBLE,INFEASIBLE,INFEASIBLE,,INFEASIBLE,INFEASIBLE,INFEASIBLE,INFEASIBLE,INFEASIBLE,INFEASIBLE,INFEASIBLE,INFEASIBLE,INFEASIBLE,INFEASIBLE,INFEASIBLE,INFEASIBLE,INFEASIBLE,INFEASIBLE,INFEASIBLE,INFEASIBLE,INFEASIBLE,INFEASIBLE,INFEASIBLE,INFEASIBLE,INFEASIBLE,INFEASIBLE,INFEASIBLE,INFEASIBLE,INFEASIBLE,no_trials_in_band
freeze,all_only,fused_sp,INFEASIBLE,1.0,budget_only,count,INFEASIBLE,INFEASIBLE,INFEASIBLE,INFEASIBLE,INFEASIBLE,INFEASIBLE,INFEASIBLE,INFEASIBLE,INFEASIBLE,INFEASIBLE,INFEASIBLE,INFEASIBLE,INFEASIBLE,INFEASIBLE,INFEASIBLE,INFEASIBLE,INFEASIBLE,INFEASIBLE,INFEASIBLE,INFEASIBLE,INFEASIBLE,INFEASIBLE,INFEASIBLE,,INFEASIBLE,INFEASIBLE,INFEASIBLE,INFEASIBLE,INFEASIBLE,INFEASIBLE,INFEASIBLE,INFEASIBLE,INFEASIBLE,INFEASIBLE,INFEASIBLE,INFEASIBLE,INFEASIBLE,INFEASIBLE,INFEASIBLE,INFEASIBLE,INFEASIBLE,INFEASIBLE,INFEASIBLE,INFEASIBLE,INFEASIBLE,INFEASIBLE,INFEASIBLE,INFEASIBLE,INFEASIBLE,no_trials_in_band
freeze,all_only,fused_sp_lrt_delta,INFEASIBLE,0.25,budget_only,count,INFEASIBLE,INFEASIBLE,INFEASIBLE,INFEASIBLE,INFEASIBLE,INFEASIBLE,INFEASIBLE,INFEASIBLE,INFEASIBLE,INFEASIBLE,INFEASIBLE,INFEASIBLE,INFEASIBLE,INFEASIBLE,INFEASIBLE,INFEASIBLE,INFEASIBLE,INFEASIBLE,INFEASIBLE,INFEASIBLE,INFEASIBLE,INFEASIBLE,INFEASIBLE,,INFEASIBLE,INFEASIBLE,INFEASIBLE,INFEASIBLE,INFEASIBLE,INFEASIBLE,INFEASIBLE,INFEASIBLE,INFEASIBLE,INFEASIBLE,INFEASIBLE,INFEASIBLE,INFEASIBLE,INFEASIBLE,INFEASIBLE,INFEASIBLE,INFEASIBLE,INFEASIBLE,INFEASIBLE,INFEASIBLE,INFEASIBLE,INFEASIBLE,INFEASIBLE,INFEASIBLE,INFEASIBLE,no_trials_in_band
freeze,all_only,fused_sp_lrt_delta,INFEASIBLE,0.5,budget_only,count,INFEASIBLE,INFEASIBLE,INFEASIBLE,INFEASIBLE,INFEASIBLE,INFEASIBLE,INFEASIBLE,INFEASIBLE,INFEASIBLE,INFEASIBLE,INFEASIBLE,INFEASIBLE,INFEASIBLE,INFEASIBLE,INFEASIBLE,INFEASIBLE,INFEASIBLE,INFEASIBLE,INFEASIBLE,INFEASIBLE,INFEASIBLE,INFEASIBLE,INFEASIBLE,,INFEASIBLE,INFEASIBLE,INFEASIBLE,INFEASIBLE,INFEASIBLE,INFEASIBLE,INFEASIBLE,INFEASIBLE,INFEASIBLE,INFEASIBLE,INFEASIBLE,INFEASIBLE,INFEASIBLE,INFEASIBLE,INFEASIBLE,INFEASIBLE,INFEASIBLE,INFEASIBLE,INFEASIBLE,INFEASIBLE,INFEASIBLE,INFEASIBLE,INFEASIBLE,INFEASIBLE,INFEASIBLE,no_trials_in_band
freeze,all_only,fused_sp_lrt_delta,INFEASIBLE,0.75,budget_only,count,INFEASIBLE,INFEASIBLE,INFEASIBLE,INFEASIBLE,INFEASIBLE,INFEASIBLE,INFEASIBLE,INFEASIBLE,INFEASIBLE,INFEASIBLE,INFEASIBLE,INFEASIBLE,INFEASIBLE,INFEASIBLE,INFEASIBLE,INFEASIBLE,INFEASIBLE,INFEASIBLE,INFEASIBLE,INFEASIBLE,INFEASIBLE,INFEASIBLE,INFEASIBLE,,INFEASIBLE,INFEASIBLE,INFEASIBLE,INFEASIBLE,INFEASIBLE,INFEASIBLE,INFEASIBLE,INFEASIBLE,INFEASIBLE,INFEASIBLE,INFEASIBLE,INFEASIBLE,INFEASIBLE,INFEASIBLE,INFEASIBLE,INFEASIBLE,INFEASIBLE,INFEASIBLE,INFEASIBLE,INFEASIBLE,INFEASIBLE,INFEASIBLE,INFEASIBLE,INFEASIBLE,INFEASIBLE,no_trials_in_band
freeze,all_only,fused_sp_lrt_delta,INFEASIBLE,1.0,budget_only,count,INFEASIBLE,INFEASIBLE,INFEASIBLE,INFEASIBLE,INFEASIBLE,INFEASIBLE,INFEASIBLE,INFEASIBLE,INFEASIBLE,INFEASIBLE,INFEASIBLE,INFEASIBLE,INFEASIBLE,INFEASIBLE,INFEASIBLE,INFEASIBLE,INFEASIBLE,INFEASIBLE,INFEASIBLE,INFEASIBLE,INFEASIBLE,INFEASIBLE,INFEASIBLE,,INFEASIBLE,INFEASIBLE,INFEASIBLE,INFEASIBLE,INFEASIBLE,INFEASIBLE,INFEASIBLE,INFEASIBLE,INFEASIBLE,INFEASIBLE,INFEASIBLE,INFEASIBLE,INFEASIBLE,INFEASIBLE,INFEASIBLE,INFEASIBLE,INFEASIBLE,INFEASIBLE,INFEASIBLE,INFEASIBLE,INFEASIBLE,INFEASIBLE,INFEASIBLE,INFEASIBLE,INFEASIBLE,no_trials_in_band
freeze,all_only,max_abs,1.0,0.25,budget_only,count,0.1,0.15,0.1,80,80,0,80,1.0,0.0,1.0,0.9568965517241381,0.25215517241379315,4.625,0.475,0.475,0.0,0.5375,0.275,0.5375,0.275,0.125,0.0,0.0,1.0,6.0,6.0,6.0,6.0,6.0,6.0,4.0,6.0,6.0,6.0,2.0,2.0,3.025862068965517,0.9568965517241381,0.25215517241379315,0.06813348054367598,0.19536458802947992,0.9568965517241381,0.25215517241379315,0.0,0.0,0.0,0.0,0.0,OK,
freeze,all_only,max_abs,1.0,0.5,budget_only,count,0.1,0.15,0.1,80,80,0,80,1.0,0.0,1.0,0.9568965517241381,0.25215517241379315,4.625,0.475,0.475,0.0,0.5375,0.275,0.5375,0.275,0.125,0.0,0.0,1.0,6.0,6.0,6.0,6.0,6.0,6.0,4.0,6.0,6.0,6.0,2.0,2.0,3.025862068965517,0.9568965517241381,0.25215517241379315,0.06813348054367598,0.19536458802947992,0.9568965517241381,0.25215517241379315,0.0,0.0,0.0,0.0,0.0,OK,
freeze,all_only,max_abs,1.0,0.75,budget_only,count,0.1,0.15,0.1,80,80,0,80,1.0,0.0,1.0,0.9568965517241381,0.25215517241379315,4.625,0.475,0.475,0.0,0.5375,0.275,0.5375,0.275,0.125,0.0,0.0,1.0,6.0,6.0,6.0,6.0,6.0,6.0,4.0,6.0,6.0,6.0,2.0,2.0,3.025862068965517,0.9568965517241381,0.25215517241379315,0.06813348054367598,0.19536458802947992,0.9568965517241381,0.25215517241379315,0.0,0.0,0.0,0.0,0.0,OK,
freeze,all_only,max_abs,1.0,1.0,budget_only,count,0.1,0.15,0.1,80,80,0,80,1.0,0.0,1.0,0.9568965517241381,0.25215517241379315,4.625,0.475,0.475,0.0,0.5375,0.275,0.5375,0.275,0.125,0.0,0.0,1.0,6.0,6.0,6.0,6.0,6.0,6.0,4.0,6.0,6.0,6.0,2.0,2.0,3.025862068965517,0.9568965517241381,0.25215517241379315,0.06813348054367598,0.19536458802947992,0.9568965517241381,0.25215517241379315,0.0,0.0,0.0,0.0,0.0,OK,
freeze,all_only,pc_t2,1.0,0.25,budget_only,count,0.1,0.15,0.1,80,80,4,80,1.0,0.05,1.0,1.1456896551724138,0.21788793103448273,5.5375,0.55,0.55,0.0,0.625,0.325,0.625,0.325,0.125,0.0,0.0,1.0,5.0,5.0,5.0,6.0,5.0,6.0,3.0,6.0,5.0,6.0,2.0,2.0,2.6146551724137934,1.1456896551724138,0.21788793103448273,0.07645205555086122,0.10526096272330374,1.1456896551724138,0.21788793103448273,0.0,0.0,0.0,0.0,0.0,OK,
freeze,all_only,pc_t2,1.0,0.5,budget_only,count,0.1,0.15,0.1,80,80,4,80,1.0,0.05,1.0,1.1456896551724138,0.21788793103448273,5.5375,0.55,0.55,0.0,0.625,0.325,0.625,0.325,0.125,0.0,0.0,1.0,5.0,5.0,5.0,6.0,5.0,6.0,3.0,6.0,5.0,6.0,2.0,2.0,2.6146551724137934,1.1456896551724138,0.21788793103448273,0.07645205555086122,0.10526096272330374,1.1456896551724138,0.21788793103448273,0.0,0.0,0.0,0.0,0.0,OK,
freeze,all_only,pc_t2,1.0,0.75,budget_only,count,0.1,0.15,0.1,80,80,4,80,1.0,0.05,1.0,1.1456896551724138,0.21788793103448273,5.5375,0.55,0.55,0.0,0.625,0.325,0.625,0.325,0.125,0.0,0.0,1.0,5.0,5.0,5.0,6.0,5.0,6.0,3.0,6.0,5.0,6.0,2.0,2.0,2.6146551724137934,1.1456896551724138,0.21788793103448273,0.07645205555086122,0.10526096272330374,1.1456896551724138,0.21788793103448273,0.0,0.0,0.0,0.0,0.0,OK,
freeze,all_only,pc_t2,1.0,1.0,budget_only,count,0.1,0.15,0.1,80,80,4,80,1.0,0.05,1.0,1.1456896551724138,0.21788793103448273,5.5375,0.55,0.55,0.0,0.625,0.325,0.625,0.325,0.125,0.0,0.0,1.0,5.0,5.0,5.0,6.0,5.0,6.0,3.0,6.0,5.0,6.0,2.0,2.0,2.6146551724137934,1.1456896551724138,0.21788793103448273,0.07645205555086122,0.10526096272330374,1.1456896551724138,0.21788793103448273,0.0,0.0,0.0,0.0,0.0,OK,
freeze,all_only,res_energy,INFEASIBLE,0.25,budget_only,count,INFEASIBLE,INFEASIBLE,INFEASIBLE,INFEASIBLE,INFEASIBLE,INFEASIBLE,INFEASIBLE,INFEASIBLE,INFEASIBLE,INFEASIBLE,INFEASIBLE,INFEASIBLE,INFEASIBLE,INFEASIBLE,INFEASIBLE,INFEASIBLE,INFEASIBLE,INFEASIBLE,INFEASIBLE,INFEASIBLE,INFEASIBLE,INFEASIBLE,INFEASIBLE,,INFEASIBLE,INFEASIBLE,INFEASIBLE,INFEASIBLE,INFEASIBLE,INFEASIBLE,INFEASIBLE,INFEASIBLE,INFEASIBLE,INFEASIBLE,INFEASIBLE,INFEASIBLE,INFEASIBLE,INFEASIBLE,INFEASIBLE,INFEASIBLE,INFEASIBLE,INFEASIBLE,INFEASIBLE,INFEASIBLE,INFEASIBLE,INFEASIBLE,INFEASIBLE,INFEASIBLE,INFEASIBLE,no_trials_in_band
freeze,all_only,res_energy,INFEASIBLE,0.5,budget_only,count,INFEASIBLE,INFEASIBLE,INFEASIBLE,INFEASIBLE,INFEASIBLE,INFEASIBLE,INFEASIBLE,INFEASIBLE,INFEASIBLE,INFEASIBLE,INFEASIBLE,INFEASIBLE,INFEASIBLE,INFEASIBLE,INFEASIBLE,INFEASIBLE,INFEASIBLE,INFEASIBLE,INFEASIBLE,INFEASIBLE,INFEASIBLE,INFEASIBLE,INFEASIBLE,,INFEASIBLE,INFEASIBLE,INFEASIBLE,INFEASIBLE,INFEASIBLE,INFEASIBLE,INFEASIBLE,INFEASIBLE,INFEASIBLE,INFEASIBLE,INFEASIBLE,INFEASIBLE,INFEASIBLE,INFEASIBLE,INFEASIBLE,INFEASIBLE,INFEASIBLE,INFEASIBLE,INFEASIBLE,INFEASIBLE,INFEASIBLE,INFEASIBLE,INFEASIBLE,INFEASIBLE,INFEASIBLE,no_trials_in_band
freeze,all_only,res_energy,INFEASIBLE,0.75,budget_only,count,INFEASIBLE,INFEASIBLE,INFEASIBLE,INFEASIBLE,INFEASIBLE,INFEASIBLE,INFEASIBLE,INFEASIBLE,INFEASIBLE,INFEASIBLE,INFEASIBLE,INFEASIBLE,INFEASIBLE,INFEASIBLE,INFEASIBLE,INFEASIBLE,INFEASIBLE,INFEASIBLE,INFEASIBLE,INFEASIBLE,INFEASIBLE,INFEASIBLE,INFEASIBLE,,INFEASIBLE,INFEASIBLE,INFEASIBLE,INFEASIBLE,INFEASIBLE,INFEASIBLE,INFEASIBLE,INFEASIBLE,INFEASIBLE,INFEASIBLE,INFEASIBLE,INFEASIBLE,INFEASIBLE,INFEASIBLE,INFEASIBLE,INFEASIBLE,INFEASIBLE,INFEASIBLE,INFEASIBLE,INFEASIBLE,INFEASIBLE,INFEASIBLE,INFEASIBLE,INFEASIBLE,INFEASIBLE,no_trials_in_band
freeze,all_only,res_energy,INFEASIBLE,1.0,budget_only,count,INFEASIBLE,INFEASIBLE,INFEASIBLE,INFEASIBLE,INFEASIBLE,INFEASIBLE,INFEASIBLE,INFEASIBLE,INFEASIBLE,INFEASIBLE,INFEASIBLE,INFEASIBLE,INFEASIBLE,INFEASIBLE,INFEASIBLE,INFEASIBLE,INFEASIBLE,INFEASIBLE,INFEASIBLE,INFEASIBLE,INFEASIBLE,INFEASIBLE,INFEASIBLE,,INFEASIBLE,INFEASIBLE,INFEASIBLE,INFEASIBLE,INFEASIBLE,INFEASIBLE,INFEASIBLE,INFEASIBLE,INFEASIBLE,INFEASIBLE,INFEASIBLE,INFEASIBLE,INFEASIBLE,INFEASIBLE,INFEASIBLE,INFEASIBLE,INFEASIBLE,INFEASIBLE,INFEASIBLE,INFEASIBLE,INFEASIBLE,INFEASIBLE,INFEASIBLE,INFEASIBLE,INFEASIBLE,no_trials_in_band
freeze,all_only,stale,INFEASIBLE,0.25,budget_only,count,INFEASIBLE,INFEASIBLE,INFEASIBLE,INFEASIBLE,INFEASIBLE,INFEASIBLE,INFEASIBLE,INFEASIBLE,INFEASIBLE,INFEASIBLE,INFEASIBLE,INFEASIBLE,INFEASIBLE,INFEASIBLE,INFEASIBLE,INFEASIBLE,INFEASIBLE,INFEASIBLE,INFEASIBLE,INFEASIBLE,INFEASIBLE,INFEASIBLE,INFEASIBLE,,INFEASIBLE,INFEASIBLE,INFEASIBLE,INFEASIBLE,INFEASIBLE,INFEASIBLE,INFEASIBLE,INFEASIBLE,INFEASIBLE,INFEASIBLE,INFEASIBLE,INFEASIBLE,INFEASIBLE,INFEASIBLE,INFEASIBLE,INFEASIBLE,INFEASIBLE,INFEASIBLE,INFEASIBLE,INFEASIBLE,INFEASIBLE,INFEASIBLE,INFEASIBLE,INFEASIBLE,INFEASIBLE,no_trials_in_band
freeze,all_only,stale,INFEASIBLE,0.5,budget_only,count,INFEASIBLE,INFEASIBLE,INFEASIBLE,INFEASIBLE,INFEASIBLE,INFEASIBLE,INFEASIBLE,INFEASIBLE,INFEASIBLE,INFEASIBLE,INFEASIBLE,INFEASIBLE,INFEASIBLE,INFEASIBLE,INFEASIBLE,INFEASIBLE,INFEASIBLE,INFEASIBLE,INFEASIBLE,INFEASIBLE,INFEASIBLE,INFEASIBLE,INFEASIBLE,,INFEASIBLE,INFEASIBLE,INFEASIBLE,INFEASIBLE,INFEASIBLE,INFEASIBLE,INFEASIBLE,INFEASIBLE,INFEASIBLE,INFEASIBLE,INFEASIBLE,INFEASIBLE,INFEASIBLE,INFEASIBLE,INFEASIBLE,INFEASIBLE,INFEASIBLE,INFEASIBLE,INFEASIBLE,INFEASIBLE,INFEASIBLE,INFEASIBLE,INFEASIBLE,INFEASIBLE,INFEASIBLE,no_trials_in_band
freeze,all_only,stale,INFEASIBLE,0.75,budget_only,count,INFEASIBLE,INFEASIBLE,INFEASIBLE,INFEASIBLE,INFEASIBLE,INFEASIBLE,INFEASIBLE,INFEASIBLE,INFEASIBLE,INFEASIBLE,INFEASIBLE,INFEASIBLE,INFEASIBLE,INFEASIBLE,INFEASIBLE,INFEASIBLE,INFEASIBLE,INFEASIBLE,INFEASIBLE,INFEASIBLE,INFEASIBLE,INFEASIBLE,INFEASIBLE,,INFEASIBLE,INFEASIBLE,INFEASIBLE,INFEASIBLE,INFEASIBLE,INFEASIBLE,INFEASIBLE,INFEASIBLE,INFEASIBLE,INFEASIBLE,INFEASIBLE,INFEASIBLE,INFEASIBLE,INFEASIBLE,INFEASIBLE,INFEASIBLE,INFEASIBLE,INFEASIBLE,INFEASIBLE,INFEASIBLE,INFEASIBLE,INFEASIBLE,INFEASIBLE,INFEASIBLE,INFEASIBLE,no_trials_in_band
freeze,all_only,stale,INFEASIBLE,1.0,budget_only,count,INFEASIBLE,INFEASIBLE,INFEASIBLE,INFEASIBLE,INFEASIBLE,INFEASIBLE,INFEASIBLE,INFEASIBLE,INFEASIBLE,INFEASIBLE,INFEASIBLE,INFEASIBLE,INFEASIBLE,INFEASIBLE,INFEASIBLE,INFEASIBLE,INFEASIBLE,INFEASIBLE,INFEASIBLE,INFEASIBLE,INFEASIBLE,INFEASIBLE,INFEASIBLE,,INFEASIBLE,INFEASIBLE,INFEASIBLE,INFEASIBLE,INFEASIBLE,INFEASIBLE,INFEASIBLE,INFEASIBLE,INFEASIBLE,INFEASIBLE,INFEASIBLE,INFEASIBLE,INFEASIBLE,INFEASIBLE,INFEASIBLE,INFEASIBLE,INFEASIBLE,INFEASIBLE,INFEASIBLE,INFEASIBLE,INFEASIBLE,INFEASIBLE,INFEASIBLE,INFEASIBLE,INFEASIBLE,no_trials_in_band
freeze,full,T2,1.0,0.25,budget_only,count,0.1,0.15,0.1,80,80,0,80,1.0,0.0,1.0,1.1456896551724138,0.2836206896551724,5.5375,0.6125,0.5125,0.10000000000000009,0.6875,0.35,0.6875,0.35,0.1625,0.0,0.0,1.0,4.0,5.0,4.0,6.0,5.0,6.0,2.0,6.0,4.0,6.0,2.0,2.0,3.1681034482758625,1.052586206896552,0.26400862068965514,0.07195712064603353,1.035938712953562,1.1456896551724138,0.2836206896551724,0.11041666666666665,0.07172995780590717,0.07708333333333334,0.09375,-0.06329113924050633,OK,
freeze,full,T2,1.0,0.5,budget_only,count,0.1,0.15,0.1,80,80,0,80,1.0,0.0,1.0,1.1456896551724138,0.2836206896551724,5.5375,0.7375,0.5125,0.2250000000000001,0.8625,0.5125,0.8625,0.5125,0.1875,0.0,0.0,1.0,2.0,5.0,2.0,6.0,5.0,6.0,1.0,6.0,2.0,6.0,2.0,2.0,3.108620689655173,0.9931034482758623,0.25905172413793104,0.07195712064603353,4.130650648992467,1.1456896551724138,0.2836206896551724,0.2041666666666667,0.06751054852320675,0.19166666666666668,0.19166666666666668,-0.06751054852320675,OK,
freeze,full,T2,1.0,0.75,budget_only,count,0.1,0.15,0.1,80,80,0,80,1.0,0.0,1.0,1.1456896551724138,0.2836206896551724,5.5375,0.85,0.5125,0.3375,1.0,0.6625,1.0,0.6625,0.2125,0.0,0.0,1.0,2.0,5.0,2.0,6.0,5.0,6.0,1.0,3.0,2.0,6.0,1.0,2.0,3.0413793103448277,0.9258620689655173,0.253448275862069,0.07195712064603353,9.409058222374224,1.1456896551724138,0.2836206896551724,0.38125,0.08016877637130801,0.3729166666666667,0.3729166666666667,-0.08016877637130801,OK,
freeze,full,T2,1.0,1.0,budget_only,count,0.1,0.15,0.1,80,80,0,80,1.0,0.0,1.0,1.1456896551724138,0.2836206896551724,5.5375,0.85,0.5125,0.3375,1.0,0.725,1.0,0.725,0.2125,0.0,0.0,1.0,1.0,5.0,1.0,6.0,5.0,6.0,0.0,2.0,1.0,6.0,1.0,2.0,3.0051724137931037,0.8896551724137932,0.2504310344827586,0.07195712064603353,16.832671496407972,1.1456896551724138,0.2836206896551724,0.4104166666666667,0.08016877637130801,0.4020833333333334,0.4020833333333334,-0.08016877637130801,OK,
freeze,full,cusum_factor_cov_lrt,1.0,0.25,budget_only,count,0.1,0.15,0.1,80,80,0,80,1.0,0.0,1.0,1.1120689655172413,0.25323275862068967,5.375,0.5625,0.5625,0.0,0.7,0.375,0.7,0.375,0.1375,0.0,0.0,1.0,4.0,4.0,4.0,6.0,4.0,6.0,3.0,6.0,4.0,6.0,2.0,2.0,3.010344827586207,1.114655172413793,0.25086206896551727,NA,0.3184292219821484,1.1120689655172413,0.25323275862068967,0.07916666666666665,0.06329113924050633,-0.07916666666666665,0.07916666666666665,-0.0379746835443038,OK,
freeze,full,cusum_factor_cov_lrt,1.0,0.5,budget_only,count,0.1,0.15,0.1,80,80,0,80,1.0,0.0,1.0,1.1120689655172413,0.25323275862068967,5.375,0.7,0.5625,0.13749999999999996,0.8375,0.3625,0.8375,0.3625,0.1375,0.0,0.0,1.0,4.0,4.0,4.0,6.0,4.0,6.0,3.0,6.0,4.0,6.0,3.0,2.0,3.0362068965517244,1.1198275862068967,0.2530172413793104,NA,0.4420171992794984,1.1120689655172413,0.25323275862068967,0.13958333333333334,0.16877637130801687,0.0020833333333333285,0.11875,0.008438818565400848,OK,
freeze,full,cusum_factor_cov_lrt,1.0,0.75,budget_only,count,0.1,0.15,0.1,80,80,0,80,1.0,0.0,1.0,1.1120689655172413,0.25323275862068967,5.375,0.8875,0.5625,0.32499999999999996,0.9875,0.4875,0.9875,0.4875,0.1625,0.0,0.0,1.0,2.0,4.0,2.0,6.0,4.0,6.0,2.0,4.0,2.0,6.0,2.0,2.0,3.0827586206896553,1.1663793103448277,0.25689655172413794,NA,0.6923358067577643,1.1120689655172413,0.25323275862068967,0.31875,0.4641350210970464,0.2104166666666667,0.28125,0.1350210970464135,OK,
freeze,full,cusum_factor_cov_lrt,1.0,1.0,budget_only,count,0.1,0.15,0.1,80,80,0,80,1.0,0.0,1.0,1.1120689655172413,0.25323275862068967,5.375,0.9125,0.5625,0.35,1.0,0.7125,1.0,0.7125,0.1625,0.0,0.0,1.0,1.0,4.0,1.0,5.0,4.0,6.0,1.0,2.0,1.0,5.0,1.0,2.0,3.0879310344827586,1.1793103448275863,0.25732758620689655,NA,1.1447535386691252,1.1120689655172413,0.25323275862068967,0.4854166666666666,0.5527426160337553,0.4645833333333333,0.46875,0.1308016877637131,OK,
freeze,full,ewma_factor_cov_lrt,INFEASIBLE,0.25,budget_only,count,INFEASIBLE,INFEASIBLE,INFEASIBLE,INFEASIBLE,INFEASIBLE,INFEASIBLE,INFEASIBLE,INFEASIBLE,INFEASIBLE,INFEASIBLE,INFEASIBLE,INFEASIBLE,INFEASIBLE,INFEASIBLE,INFEASIBLE,INFEASIBLE,INFEASIBLE,INFEASIBLE,INFEASIBLE,INFEASIBLE,INFEASIBLE,INFEASIBLE,INFEASIBLE,,INFEASIBLE,INFEASIBLE,INFEASIBLE,INFEASIBLE,INFEASIBLE,INFEASIBLE,INFEASIBLE,INFEASIBLE,INFEASIBLE,INFEASIBLE,INFEASIBLE,INFEASIBLE,INFEASIBLE,INFEASIBLE,INFEASIBLE,INFEASIBLE,INFEASIBLE,INFEASIBLE,INFEASIBLE,INFEASIBLE,INFEASIBLE,INFEASIBLE,INFEASIBLE,INFEASIBLE,INFEASIBLE,no_trials_in_band
freeze,full,ewma_factor_cov_lrt,INFEASIBLE,0.5,budget_only,count,INFEASIBLE,INFEASIBLE,INFEASIBLE,INFEASIBLE,INFEASIBLE,INFEASIBLE,INFEASIBLE,INFEASIBLE,INFEASIBLE,INFEASIBLE,INFEASIBLE,INFEASIBLE,INFEASIBLE,INFEASIBLE,INFEASIBLE,INFEASIBLE,INFEASIBLE,INFEASIBLE,INFEASIBLE,INFEASIBLE,INFEASIBLE,INFEASIBLE,INFEASIBLE,,INFEASIBLE,INFEASIBLE,INFEASIBLE,INFEASIBLE,INFEASIBLE,INFEASIBLE,INFEASIBLE,INFEASIBLE,INFEASIBLE,INFEASIBLE,INFEASIBLE,INFEASIBLE,INFEASIBLE,INFEASIBLE,INFEASIBLE,INFEASIBLE,INFEASIBLE,INFEASIBLE,INFEASIBLE,INFEASIBLE,INFEASIBLE,INFEASIBLE,INFEASIBLE,INFEASIBLE,INFEASIBLE,no_trials_in_band
freeze,full,ewma_factor_cov_lrt,INFEASIBLE,0.75,budget_only,count,INFEASIBLE,INFEASIBLE,INFEASIBLE,INFEASIBLE,INFEASIBLE,INFEASIBLE,INFEASIBLE,INFEASIBLE,INFEASIBLE,INFEASIBLE,INFEASIBLE,INFEASIBLE,INFEASIBLE,INFEASIBLE,INFEASIBLE,INFEASIBLE,INFEASIBLE,INFEASIBLE,INFEASIBLE,INFEASIBLE,INFEASIBLE,INFEASIBLE,INFEASIBLE,,INFEASIBLE,INFEASIBLE,INFEASIBLE,INFEASIBLE,INFEASIBLE,INFEASIBLE,INFEASIBLE,INFEASIBLE,INFEASIBLE,INFEASIBLE,INFEASIBLE,INFEASIBLE,INFEASIBLE,INFEASIBLE,INFEASIBLE,INFEASIBLE,INFEASIBLE,INFEASIBLE,INFEASIBLE,INFEASIBLE,INFEASIBLE,INFEASIBLE,INFEASIBLE,INFEASIBLE,INFEASIBLE,no_trials_in_band
freeze,full,ewma_factor_cov_lrt,INFEASIBLE,1.0,budget_only,count,INFEASIBLE,INFEASIBLE,INFEASIBLE,INFEASIBLE,INFEASIBLE,INFEASIBLE,INFEASIBLE,INFEASIBLE,INFEASIBLE,INFEASIBLE,INFEASIBLE,INFEASIBLE,INFEASIBLE,INFEASIBLE,INFEASIBLE,INFEASIBLE,INFEASIBLE,INFEASIBLE,INFEASIBLE,INFEASIBLE,INFEASIBLE,INFEASIBLE,INFEASIBLE,,INFEASIBLE,INFEASIBLE,INFEASIBLE,INFEASIBLE,INFEASIBLE,INFEASIBLE,INFEASIBLE,INFEASIBLE,INFEASIBLE,INFEASIBLE,INFEASIBLE,INFEASIBLE,INFEASIBLE,INFEASIBLE,INFEASIBLE,INFEASIBLE,INFEASIBLE,INFEASIBLE,INFEASIBLE,INFEASIBLE,INFEASIBLE,INFEASIBLE,INFEASIBLE,INFEASIBLE,INFEASIBLE,no_trials_in_band
freeze,full,factor_cov_change,INFEASIBLE,0.25,budget_only,count,INFEASIBLE,INFEASIBLE,INFEASIBLE,INFEASIBLE,INFEASIBLE,INFEASIBLE,INFEASIBLE,INFEASIBLE,INFEASIBLE,INFEASIBLE,INFEASIBLE,INFEASIBLE,INFEASIBLE,INFEASIBLE,INFEASIBLE,INFEASIBLE,INFEASIBLE,INFEASIBLE,INFEASIBLE,INFEASIBLE,INFEASIBLE,INFEASIBLE,INFEASIBLE,,INFEASIBLE,INFEASIBLE,INFEASIBLE,INFEASIBLE,INFEASIBLE,INFEASIBLE,INFEASIBLE,INFEASIBLE,INFEASIBLE,INFEASIBLE,INFEASIBLE,INFEASIBLE,INFEASIBLE,INFEASIBLE,INFEASIBLE,INFEASIBLE,INFEASIBLE,INFEASIBLE,INFEASIBLE,INFEASIBLE,INFEASIBLE,INFEASIBLE,INFEASIBLE,INFEASIBLE,INFEASIBLE,no_trials_in_band
freeze,full,factor_cov_change,INFEASIBLE,0.5,budget_only,count,INFEASIBLE,INFEASIBLE,INFEASIBLE,INFEASIBLE,INFEASIBLE,INFEASIBLE,INFEASIBLE,INFEASIBLE,INFEASIBLE,INFEASIBLE,INFEASIBLE,INFEASIBLE,INFEASIBLE,INFEASIBLE,INFEASIBLE,INFEASIBLE,INFEASIBLE,INFEASIBLE,INFEASIBLE,INFEASIBLE,INFEASIBLE,INFEASIBLE,INFEASIBLE,,INFEASIBLE,INFEASIBLE,INFEASIBLE,INFEASIBLE,INFEASIBLE,INFEASIBLE,INFEASIBLE,INFEASIBLE,INFEASIBLE,INFEASIBLE,INFEASIBLE,INFEASIBLE,INFEASIBLE,INFEASIBLE,INFEASIBLE,INFEASIBLE,INFEASIBLE,INFEASIBLE,INFEASIBLE,INFEASIBLE,INFEASIBLE,INFEASIBLE,INFEASIBLE,INFEASIBLE,INFEASIBLE,no_trials_in_band
freeze,full,factor_cov_change,INFEASIBLE,0.75,budget_only,count,INFEASIBLE,INFEASIBLE,INFEASIBLE,INFEASIBLE,INFEASIBLE,INFEASIBLE,INFEASIBLE,INFEASIBLE,INFEASIBLE,INFEASIBLE,INFEASIBLE,INFEASIBLE,INFEASIBLE,INFEASIBLE,INFEASIBLE,INFEASIBLE,INFEASIBLE,INFEASIBLE,INFEASIBLE,INFEASIBLE,INFEASIBLE,INFEASIBLE,INFEASIBLE,,INFEASIBLE,INFEASIBLE,INFEASIBLE,INFEASIBLE,INFEASIBLE,INFEASIBLE,INFEASIBLE,INFEASIBLE,INFEASIBLE,INFEASIBLE,INFEASIBLE,INFEASIBLE,INFEASIBLE,INFEASIBLE,INFEASIBLE,INFEASIBLE,INFEASIBLE,INFEASIBLE,INFEASIBLE,INFEASIBLE,INFEASIBLE,INFEASIBLE,INFEASIBLE,INFEASIBLE,INFEASIBLE,no_trials_in_band
freeze,full,factor_cov_change,INFEASIBLE,1.0,budget_only,count,INFEASIBLE,INFEASIBLE,INFEASIBLE,INFEASIBLE,INFEASIBLE,INFEASIBLE,INFEASIBLE,INFEASIBLE,INFEASIBLE,INFEASIBLE,INFEASIBLE,INFEASIBLE,INFEASIBLE,INFEASIBLE,INFEASIBLE,INFEASIBLE,INFEASIBLE,INFEASIBLE,INFEASIBLE,INFEASIBLE,INFEASIBLE,INFEASIBLE,INFEASIBLE,,INFEASIBLE,INFEASIBLE,INFEASIBLE,INFEASIBLE,INFEASIBLE,INFEASIBLE,INFEASIBLE,INFEASIBLE,INFEASIBLE,INFEASIBLE,INFEASIBLE,INFEASIBLE,INFEASIBLE,INFEASIBLE,INFEASIBLE,INFEASIBLE,INFEASIBLE,INFEASIBLE,INFEASIBLE,INFEASIBLE,INFEASIBLE,INFEASIBLE,INFEASIBLE,INFEASIBLE,INFEASIBLE,no_trials_in_band
freeze,full,factor_cov_delta,1.0,0.25,budget_only,count,0.1,0.15,0.1,80,61,4,61,0.7625,0.05,0.7625,0.827586206896552,0.2249858677218768,4.0,0.11475409836065574,0.11475409836065574,0.0,0.22950819672131148,0.16393442622950818,0.22950819672131148,0.16393442622950818,0.11475409836065574,0.06557377049180328,0.06557377049180328,1.0,6.0,6.0,6.0,6.0,6.0,6.0,6.0,6.0,6.0,6.0,2.0,2.0,2.665912945166761,0.7936687394007916,0.22215941209723006,0.13817538187442768,0.15015168526503672,0.827586206896552,0.2249858677218768,0.0,0.02222222222222222,0.0,0.0,-0.02222222222222222,OK,
freeze,full,factor_cov_delta,1.0,0.5,budget_only,count,0.1,0.15,0.1,80,61,4,61,0.7625,0.05,0.7625,0.827586206896552,0.2249858677218768,4.0,0.11475409836065574,0.11475409836065574,0.0,0.22950819672131148,0.16393442622950818,0.22950819672131148,0.16393442622950818,0.11475409836065574,0.06557377049180328,0.06557377049180328,1.0,6.0,6.0,6.0,6.0,6.0,6.0,6.0,6.0,6.0,6.0,2.0,2.0,2.6998304126625214,0.8174109666478239,0.2249858677218768,0.13817538187442768,0.025736444853722524,0.827586206896552,0.2249858677218768,0.0,0.03888888888888888,0.0,0.0,-0.005555555555555555,OK,
freeze,full,factor_cov_delta,1.0,0.75,budget_only,count,0.1,0.15,0.1,80,61,4,61,0.7625,0.05,0.7625,0.827586206896552,0.2249858677218768,4.0,0.11475409836065574,0.11475409836065574,0.0,0.22950819672131148,0.16393442622950818,0.22950819672131148,0.16393442622950818,0.11475409836065574,0.06557377049180328,0.06557377049180328,1.0,6.0,6.0,6.0,6.0,6.0,6.0,6.0,6.0,6.0,6.0,2.0,2.0,2.764273600904466,0.830977953646128,0.2303561334087055,0.13817538187442768,-0.07075628045400781,0.827586206896552,0.2249858677218768,0.00819672131147541,0.08333333333333331,-0.008196721311475414,0.008196721311475414,0.005555555555555555,OK,
freeze,full,factor_cov_delta,1.0,1.0,budget_only,count,0.1,0.15,0.1,80,61,4,61,0.7625,0.05,0.7625,0.827586206896552,0.2249858677218768,4.0,0.11475409836065574,0.11475409836065574,0.0,0.22950819672131148,0.16393442622950818,0.22950819672131148,0.16393442622950818,0.11475409836065574,0.06557377049180328,0.06557377049180328,1.0,6.0,6.0,6.0,6.0,6.0,6.0,6.0,6.0,6.0,6.0,2.0,2.0,2.733747880158282,0.8038439796495197,0.2278123233465235,0.13817538187442768,-0.13220827400979232,0.827586206896552,0.2249858677218768,0.0273224043715847,0.1611111111111111,-0.0273224043715847,0.0273224043715847,-0.0055555555555555575,OK,
freeze,full,factor_cov_lrt,INFEASIBLE,0.25,budget_only,count,INFEASIBLE,INFEASIBLE,INFEASIBLE,INFEASIBLE,INFEASIBLE,INFEASIBLE,INFEASIBLE,INFEASIBLE,INFEASIBLE,INFEASIBLE,INFEASIBLE,INFEASIBLE,INFEASIBLE,INFEASIBLE,INFEASIBLE,INFEASIBLE,INFEASIBLE,INFEASIBLE,INFEASIBLE,INFEASIBLE,INFEASIBLE,INFEASIBLE,INFEASIBLE,,INFEASIBLE,INFEASIBLE,INFEASIBLE,INFEASIBLE,INFEASIBLE,INFEASIBLE,INFEASIBLE,INFEASIBLE,INFEASIBLE,INFEASIBLE,INFEASIBLE,INFEASIBLE,INFEASIBLE,INFEASIBLE,INFEASIBLE,INFEASIBLE,INFEASIBLE,INFEASIBLE,INFEASIBLE,INFEASIBLE,INFEASIBLE,INFEASIBLE,INFEASIBLE,INFEASIBLE,INFEASIBLE,no_trials_in_band
freeze,full,factor_cov_lrt,INFEASIBLE,0.5,budget_only,count,INFEASIBLE,INFEASIBLE,INFEASIBLE,INFEASIBLE,INFEASIBLE,INFEASIBLE,INFEASIBLE,INFEASIBLE,INFEASIBLE,INFEASIBLE,INFEASIBLE,INFEASIBLE,INFEASIBLE,INFEASIBLE,INFEASIBLE,INFEASIBLE,INFEASIBLE,INFEASIBLE,INFEASIBLE,INFEASIBLE,INFEASIBLE,INFEASIBLE,INFEASIBLE,,INFEASIBLE,INFEASIBLE,INFEASIBLE,INFEASIBLE,INFEASIBLE,INFEASIBLE,INFEASIBLE,INFEASIBLE,INFEASIBLE,INFEASIBLE,INFEASIBLE,INFEASIBLE,INFEASIBLE,INFEASIBLE,INFEASIBLE,INFEASIBLE,INFEASIBLE,INFEASIBLE,INFEASIBLE,INFEASIBLE,INFEASIBLE,INFEASIBLE,INFEASIBLE,INFEASIBLE,INFEASIBLE,no_trials_in_band
freeze,full,factor_cov_lrt,INFEASIBLE,0.75,budget_only,count,INFEASIBLE,INFEASIBLE,INFEASIBLE,INFEASIBLE,INFEASIBLE,INFEASIBLE,INFEASIBLE,INFEASIBLE,INFEASIBLE,INFEASIBLE,INFEASIBLE,INFEASIBLE,INFEASIBLE,INFEASIBLE,INFEASIBLE,INFEASIBLE,INFEASIBLE,INFEASIBLE,INFEASIBLE,INFEASIBLE,INFEASIBLE,INFEASIBLE,INFEASIBLE,,INFEASIBLE,INFEASIBLE,INFEASIBLE,INFEASIBLE,INFEASIBLE,INFEASIBLE,INFEASIBLE,INFEASIBLE,INFEASIBLE,INFEASIBLE,INFEASIBLE,INFEASIBLE,INFEASIBLE,INFEASIBLE,INFEASIBLE,INFEASIBLE,INFEASIBLE,INFEASIBLE,INFEASIBLE,INFEASIBLE,INFEASIBLE,INFEASIBLE,INFEASIBLE,INFEASIBLE,INFEASIBLE,no_trials_in_band
freeze,full,factor_cov_lrt,INFEASIBLE,1.0,budget_only,count,INFEASIBLE,INFEASIBLE,INFEASIBLE,INFEASIBLE,INFEASIBLE,INFEASIBLE,INFEASIBLE,INFEASIBLE,INFEASIBLE,INFEASIBLE,INFEASIBLE,INFEASIBLE,INFEASIBLE,INFEASIBLE,INFEASIBLE,INFEASIBLE,INFEASIBLE,INFEASIBLE,INFEASIBLE,INFEASIBLE,INFEASIBLE,INFEASIBLE,INFEASIBLE,,INFEASIBLE,INFEASIBLE,INFEASIBLE,INFEASIBLE,INFEASIBLE,INFEASIBLE,INFEASIBLE,INFEASIBLE,INFEASIBLE,INFEASIBLE,INFEASIBLE,INFEASIBLE,INFEASIBLE,INFEASIBLE,INFEASIBLE,INFEASIBLE,INFEASIBLE,INFEASIBLE,INFEASIBLE,INFEASIBLE,INFEASIBLE,INFEASIBLE,INFEASIBLE,INFEASIBLE,INFEASIBLE,no_trials_in_band
freeze,full,factor_cov_lrt_delta,INFEASIBLE,0.25,budget_only,count,INFEASIBLE,INFEASIBLE,INFEASIBLE,INFEASIBLE,INFEASIBLE,INFEASIBLE,INFEASIBLE,INFEASIBLE,INFEASIBLE,INFEASIBLE,INFEASIBLE,INFEASIBLE,INFEASIBLE,INFEASIBLE,INFEASIBLE,INFEASIBLE,INFEASIBLE,INFEASIBLE,INFEASIBLE,INFEASIBLE,INFEASIBLE,INFEASIBLE,INFEASIBLE,,INFEASIBLE,INFEASIBLE,INFEASIBLE,INFEASIBLE,INFEASIBLE,INFEASIBLE,INFEASIBLE,INFEASIBLE,INFEASIBLE,INFEASIBLE,INFEASIBLE,INFEASIBLE,INFEASIBLE,INFEASIBLE,INFEASIBLE,INFEASIBLE,INFEASIBLE,INFEASIBLE,INFEASIBLE,INFEASIBLE,INFEASIBLE,INFEASIBLE,INFEASIBLE,INFEASIBLE,INFEASIBLE,no_trials_in_band
freeze,full,factor_cov_lrt_delta,INFEASIBLE,0.5,budget_only,count,INFEASIBLE,INFEASIBLE,INFEASIBLE,INFEASIBLE,INFEASIBLE,INFEASIBLE,INFEASIBLE,INFEASIBLE,INFEASIBLE,INFEASIBLE,INFEASIBLE,INFEASIBLE,INFEASIBLE,INFEASIBLE,INFEASIBLE,INFEASIBLE,INFEASIBLE,INFEASIBLE,INFEASIBLE,INFEASIBLE,INFEASIBLE,INFEASIBLE,INFEASIBLE,,INFEASIBLE,INFEASIBLE,INFEASIBLE,INFEASIBLE,INFEASIBLE,INFEASIBLE,INFEASIBLE,INFEASIBLE,INFEASIBLE,INFEASIBLE,INFEASIBLE,INFEASIBLE,INFEASIBLE,INFEASIBLE,INFEASIBLE,INFEASIBLE,INFEASIBLE,INFEASIBLE,INFEASIBLE,INFEASIBLE,INFEASIBLE,INFEASIBLE,INFEASIBLE,INFEASIBLE,INFEASIBLE,no_trials_in_band
freeze,full,factor_cov_lrt_delta,INFEASIBLE,0.75,budget_only,count,INFEASIBLE,INFEASIBLE,INFEASIBLE,INFEASIBLE,INFEASIBLE,INFEASIBLE,INFEASIBLE,INFEASIBLE,INFEASIBLE,INFEASIBLE,INFEASIBLE,INFEASIBLE,INFEASIBLE,INFEASIBLE,INFEASIBLE,INFEASIBLE,INFEASIBLE,INFEASIBLE,INFEASIBLE,INFEASIBLE,INFEASIBLE,INFEASIBLE,INFEASIBLE,,INFEASIBLE,INFEASIBLE,INFEASIBLE,INFEASIBLE,INFEASIBLE,INFEASIBLE,INFEASIBLE,INFEASIBLE,INFEASIBLE,INFEASIBLE,INFEASIBLE,INFEASIBLE,INFEASIBLE,INFEASIBLE,INFEASIBLE,INFEASIBLE,INFEASIBLE,INFEASIBLE,INFEASIBLE,INFEASIBLE,INFEASIBLE,INFEASIBLE,INFEASIBLE,INFEASIBLE,INFEASIBLE,no_trials_in_band
freeze,full,factor_cov_lrt_delta,INFEASIBLE,1.0,budget_only,count,INFEASIBLE,INFEASIBLE,INFEASIBLE,INFEASIBLE,INFEASIBLE,INFEASIBLE,INFEASIBLE,INFEASIBLE,INFEASIBLE,INFEASIBLE,INFEASIBLE,INFEASIBLE,INFEASIBLE,INFEASIBLE,INFEASIBLE,INFEASIBLE,INFEASIBLE,INFEASIBLE,INFEASIBLE,INFEASIBLE,INFEASIBLE,INFEASIBLE,INFEASIBLE,,INFEASIBLE,INFEASIBLE,INFEASIBLE,INFEASIBLE,INFEASIBLE,INFEASIBLE,INFEASIBLE,INFEASIBLE,INFEASIBLE,INFEASIBLE,INFEASIBLE,INFEASIBLE,INFEASIBLE,INFEASIBLE,INFEASIBLE,INFEASIBLE,INFEASIBLE,INFEASIBLE,INFEASIBLE,INFEASIBLE,INFEASIBLE,INFEASIBLE,INFEASIBLE,INFEASIBLE,INFEASIBLE,no_trials_in_band
freeze,full,fused_fisher,INFEASIBLE,0.25,budget_only,count,INFEASIBLE,INFEASIBLE,INFEASIBLE,INFEASIBLE,INFEASIBLE,INFEASIBLE,INFEASIBLE,INFEASIBLE,INFEASIBLE,INFEASIBLE,INFEASIBLE,INFEASIBLE,INFEASIBLE,INFEASIBLE,INFEASIBLE,INFEASIBLE,INFEASIBLE,INFEASIBLE,INFEASIBLE,INFEASIBLE,INFEASIBLE,INFEASIBLE,INFEASIBLE,,INFEASIBLE,INFEASIBLE,INFEASIBLE,INFEASIBLE,INFEASIBLE,INFEASIBLE,INFEASIBLE,INFEASIBLE,INFEASIBLE,INFEASIBLE,INFEASIBLE,INFEASIBLE,INFEASIBLE,INFEASIBLE,INFEASIBLE,INFEASIBLE,INFEASIBLE,INFEASIBLE,INFEASIBLE,INFEASIBLE,INFEASIBLE,INFEASIBLE,INFEASIBLE,INFEASIBLE,INFEASIBLE,no_trials_in_band
freeze,full,fused_fisher,INFEASIBLE,0.5,budget_only,count,INFEASIBLE,INFEASIBLE,INFEASIBLE,INFEASIBLE,INFEASIBLE,INFEASIBLE,INFEASIBLE,INFEASIBLE,INFEASIBLE,INFEASIBLE,INFEASIBLE,INFEASIBLE,INFEASIBLE,INFEASIBLE,INFEASIBLE,INFEASIBLE,INFEASIBLE,INFEASIBLE,INFEASIBLE,INFEASIBLE,INFEASIBLE,INFEASIBLE,INFEASIBLE,,INFEASIBLE,INFEASIBLE,INFEASIBLE,INFEASIBLE,INFEASIBLE,INFEASIBLE,INFEASIBLE,INFEASIBLE,INFEASIBLE,INFEASIBLE,INFEASIBLE,INFEASIBLE,INFEASIBLE,INFEASIBLE,INFEASIBLE,INFEASIBLE,INFEASIBLE,INFEASIBLE,INFEASIBLE,INFEASIBLE,INFEASIBLE,INFEASIBLE,INFEASIBLE,INFEASIBLE,INFEASIBLE,no_trials_in_band
freeze,full,fused_fisher,INFEASIBLE,0.75,budget_only,count,INFEASIBLE,INFEASIBLE,INFEASIBLE,INFEASIBLE,INFEASIBLE,INFEASIBLE,INFEASIBLE,INFEASIBLE,INFEASIBLE,INFEASIBLE,INFEASIBLE,INFEASIBLE,INFEASIBLE,INFEASIBLE,INFEASIBLE,INFEASIBLE,INFEASIBLE,INFEASIBLE,INFEASIBLE,INFEASIBLE,INFEASIBLE,INFEASIBLE,INFEASIBLE,,INFEASIBLE,INFEASIBLE,INFEASIBLE,INFEASIBLE,INFEASIBLE,INFEASIBLE,INFEASIBLE,INFEASIBLE,INFEASIBLE,INFEASIBLE,INFEASIBLE,INFEASIBLE,INFEASIBLE,INFEASIBLE,INFEASIBLE,INFEASIBLE,INFEASIBLE,INFEASIBLE,INFEASIBLE,INFEASIBLE,INFEASIBLE,INFEASIBLE,INFEASIBLE,INFEASIBLE,INFEASIBLE,no_trials_in_band
freeze,full,fused_fisher,INFEASIBLE,1.0,budget_only,count,INFEASIBLE,INFEASIBLE,INFEASIBLE,INFEASIBLE,INFEASIBLE,INFEASIBLE,INFEASIBLE,INFEASIBLE,INFEASIBLE,INFEASIBLE,INFEASIBLE,INFEASIBLE,INFEASIBLE,INFEASIBLE,INFEASIBLE,INFEASIBLE,INFEASIBLE,INFEASIBLE,INFEASIBLE,INFEASIBLE,INFEASIBLE,INFEASIBLE,INFEASIBLE,,INFEASIBLE,INFEASIBLE,INFEASIBLE,INFEASIBLE,INFEASIBLE,INFEASIBLE,INFEASIBLE,INFEASIBLE,INFEASIBLE,INFEASIBLE,INFEASIBLE,INFEASIBLE,INFEASIBLE,INFEASIBLE,INFEASIBLE,INFEASIBLE,INFEASIBLE,INFEASIBLE,INFEASIBLE,INFEASIBLE,INFEASIBLE,INFEASIBLE,INFEASIBLE,INFEASIBLE,INFEASIBLE,no_trials_in_band
freeze,full,fused_fisher_lrt_delta,INFEASIBLE,0.25,budget_only,count,INFEASIBLE,INFEASIBLE,INFEASIBLE,INFEASIBLE,INFEASIBLE,INFEASIBLE,INFEASIBLE,INFEASIBLE,INFEASIBLE,INFEASIBLE,INFEASIBLE,INFEASIBLE,INFEASIBLE,INFEASIBLE,INFEASIBLE,INFEASIBLE,INFEASIBLE,INFEASIBLE,INFEASIBLE,INFEASIBLE,INFEASIBLE,INFEASIBLE,INFEASIBLE,,INFEASIBLE,INFEASIBLE,INFEASIBLE,INFEASIBLE,INFEASIBLE,INFEASIBLE,INFEASIBLE,INFEASIBLE,INFEASIBLE,INFEASIBLE,INFEASIBLE,INFEASIBLE,INFEASIBLE,INFEASIBLE,INFEASIBLE,INFEASIBLE,INFEASIBLE,INFEASIBLE,INFEASIBLE,INFEASIBLE,INFEASIBLE,INFEASIBLE,INFEASIBLE,INFEASIBLE,INFEASIBLE,no_trials_in_band
freeze,full,fused_fisher_lrt_delta,INFEASIBLE,0.5,budget_only,count,INFEASIBLE,INFEASIBLE,INFEASIBLE,INFEASIBLE,INFEASIBLE,INFEASIBLE,INFEASIBLE,INFEASIBLE,INFEASIBLE,INFEASIBLE,INFEASIBLE,INFEASIBLE,INFEASIBLE,INFEASIBLE,INFEASIBLE,INFEASIBLE,INFEASIBLE,INFEASIBLE,INFEASIBLE,INFEASIBLE,INFEASIBLE,INFEASIBLE,INFEASIBLE,,INFEASIBLE,INFEASIBLE,INFEASIBLE,INFEASIBLE,INFEASIBLE,INFEASIBLE,INFEASIBLE,INFEASIBLE,INFEASIBLE,INFEASIBLE,INFEASIBLE,INFEASIBLE,INFEASIBLE,INFEASIBLE,INFEASIBLE,INFEASIBLE,INFEASIBLE,INFEASIBLE,INFEASIBLE,INFEASIBLE,INFEASIBLE,INFEASIBLE,INFEASIBLE,INFEASIBLE,INFEASIBLE,no_trials_in_band
freeze,full,fused_fisher_lrt_delta,INFEASIBLE,0.75,budget_only,count,INFEASIBLE,INFEASIBLE,INFEASIBLE,INFEASIBLE,INFEASIBLE,INFEASIBLE,INFEASIBLE,INFEASIBLE,INFEASIBLE,INFEASIBLE,INFEASIBLE,INFEASIBLE,INFEASIBLE,INFEASIBLE,INFEASIBLE,INFEASIBLE,INFEASIBLE,INFEASIBLE,INFEASIBLE,INFEASIBLE,INFEASIBLE,INFEASIBLE,INFEASIBLE,,INFEASIBLE,INFEASIBLE,INFEASIBLE,INFEASIBLE,INFEASIBLE,INFEASIBLE,INFEASIBLE,INFEASIBLE,INFEASIBLE,INFEASIBLE,INFEASIBLE,INFEASIBLE,INFEASIBLE,INFEASIBLE,INFEASIBLE,INFEASIBLE,INFEASIBLE,INFEASIBLE,INFEASIBLE,INFEASIBLE,INFEASIBLE,INFEASIBLE,INFEASIBLE,INFEASIBLE,INFEASIBLE,no_trials_in_band
freeze,full,fused_fisher_lrt_delta,INFEASIBLE,1.0,budget_only,count,INFEASIBLE,INFEASIBLE,INFEASIBLE,INFEASIBLE,INFEASIBLE,INFEASIBLE,INFEASIBLE,INFEASIBLE,INFEASIBLE,INFEASIBLE,INFEASIBLE,INFEASIBLE,INFEASIBLE,INFEASIBLE,INFEASIBLE,INFEASIBLE,INFEASIBLE,INFEASIBLE,INFEASIBLE,INFEASIBLE,INFEASIBLE,INFEASIBLE,INFEASIBLE,,INFEASIBLE,INFEASIBLE,INFEASIBLE,INFEASIBLE,INFEASIBLE,INFEASIBLE,INFEASIBLE,INFEASIBLE,INFEASIBLE,INFEASIBLE,INFEASIBLE,INFEASIBLE,INFEASIBLE,INFEASIBLE,INFEASIBLE,INFEASIBLE,INFEASIBLE,INFEASIBLE,INFEASIBLE,INFEASIBLE,INFEASIBLE,INFEASIBLE,INFEASIBLE,INFEASIBLE,INFEASIBLE,no_trials_in_band
freeze,full,fused_sp,1.0,0.25,budget_only,count,0.1,0.15,0.1,80,80,0,80,1.0,0.0,1.0,0.9362068965517242,0.25258620689655176,4.525,0.2375,0.4875,-0.25,0.2875,0.2375,0.2875,0.2375,0.0875,0.0,0.0,1.0,6.0,6.0,6.0,6.0,6.0,6.0,6.0,6.0,6.0,6.0,1.0,2.0,3.0310344827586206,0.9362068965517242,0.25258620689655176,0.03979408054066162,-0.09322805937371084,0.9362068965517242,0.25258620689655176,0.04791666666666666,0.0,-0.04791666666666666,0.04791666666666666,0.0,OK,
freeze,full,fused_sp,1.0,0.5,budget_only,count,0.1,0.15,0.1,80,80,0,80,1.0,0.0,1.0,0.9362068965517242,0.25258620689655176,4.525,0.225,0.4875,-0.26249999999999996,0.275,0.225,0.275,0.225,0.0875,0.0,0.0,1.0,6.0,6.0,6.0,6.0,6.0,6.0,6.0,6.0,6.0,6.0,1.0,2.0,3.023275862068965,0.928448275862069,0.25193965517241385,0.03979408054066162,0.0003288396292275203,0.9362068965517242,0.25258620689655176,0.04375,0.0,-0.04375,0.04375,0.0,OK,
freeze,full,fused_sp,1.0,0.75,budget_only,count,0.1,0.15,0.1,80,80,0,80,1.0,0.0,1.0,0.9362068965517242,0.25258620689655176,4.525,0.25,0.4875,-0.2375,0.3,0.2375,0.3,0.2375,0.1,0.0,0.0,1.0,6.0,6.0,6.0,6.0,6.0,6.0,6.0,6.0,6.0,6.0,1.0,2.0,3.0025862068965514,0.9129310344827587,0.25021551724137936,0.03979408054066162,0.32416230737783486,0.9362068965517242,0.25258620689655176,0.05833333333333333,0.0,-0.029166666666666664,0.05416666666666666,0.0,OK,
freeze,full,fused_sp,1.0,1.0,budget_only,count,0.1,0.15,0.1,80,80,0,80,1.0,0.0,1.0,0.9362068965517242,0.25258620689655176,4.525,0.2625,0.4875,-0.22499999999999998,0.3375,0.25,0.3375,0.25,0.1125,0.0,0.0,1.0,6.0,6.0,6.0,6.0,6.0,6.0,6.0,6.0,6.0,6.0,1.0,2.0,2.9844827586206897,0.8948275862068964,0.2487068965517242,0.03979408054066162,0.9124853856120314,0.9362068965517242,0.25258620689655176,0.09375,0.016877637130801686,0.014583333333333337,0.08958333333333333,-0.016877637130801686,OK,
freeze,full,fused_sp_lrt_delta,1.0,0.25,budget_only,count,0.1,0.15,0.1,80,80,8,80,1.0,0.1,1.0,0.946551724137931,0.21961206896551727,4.575,0.1875,0.4375,-0.25,0.2875,0.2125,0.2875,0.2125,0.1125,0.05,0.05,1.0,6.0,6.0,6.0,6.0,6.0,6.0,6.0,6.0,6.0,6.0,1.0,2.0,2.6405172413793108,0.9155172413793103,0.22004310344827588,0.03306476778869476,-0.01025614327441846,0.946551724137931,0.21961206896551727,0.05833333333333333,0.02953586497890295,-0.054166666666666675,0.05833333333333333,0.02953586497890295,OK,
freeze,full,fused_sp_lrt_delta,1.0,0.5,budget_only,count,0.1,0.15,0.1,80,80,8,80,1.0,0.1,1.0,0.946551724137931,0.21961206896551727,4.575,0.175,0.4375,-0.2625,0.275,0.2,0.275,0.2,0.1125,0.05,0.05,1.0,6.0,6.0,6.0,6.0,6.0,6.0,6.0,6.0,6.0,6.0,1.5,2.0,2.6224137931034486,0.928448275862069,0.21853448275862072,0.03306476778869476,0.1027124913029146,0.946551724137931,0.21961206896551727,0.08541666666666665,0.05485232067510548,-0.03125,0.08541666666666667,0.004219409282700421,OK,
freeze,full,fused_sp_lrt_delta,1.0,0.75,budget_only,count,0.1,0.15,0.1,80,80,8,80,1.0,0.1,1.0,0.946551724137931,0.21961206896551727,4.575,0.2,0.4375,-0.2375,0.3,0.2125,0.3,0.2125,0.125,0.05,0.05,1.0,6.0,6.0,6.0,6.0,6.0,6.0,6.0,6.0,6.0,6.0,2.0,2.0,2.588793103448276,0.9181034482758621,0.2157327586206897,0.03306476778869476,0.41259076566767466,0.946551724137931,0.21961206896551727,0.09791666666666667,0.05485232067510548,-0.018749999999999996,0.09375,0.004219409282700421,OK,
freeze,full,fused_sp_lrt_delta,1.0,1.0,budget_only,count,0.1,0.15,0.1,80,80,8,80,1.0,0.1,1.0,0.946551724137931,0.21961206896551727,4.575,0.2125,0.4375,-0.225,0.3375,0.225,0.3375,0.225,0.1375,0.05,0.05,1.0,6.0,6.0,6.0,6.0,6.0,6.0,6.0,6.0,6.0,6.0,2.0,2.0,2.552586206896552,0.9025862068965516,0.21271551724137927,0.03306476778869476,0.9850643352258894,0.946551724137931,0.21961206896551727,0.11875,0.05485232067510548,0.010416666666666671,0.11458333333333334,0.004219409282700421,OK,
freeze,full,max_abs,1.0,0.25,budget_only,count,0.1,0.15,0.1,80,80,3,80,1.0,0.0375,1.0,0.9491379310344827,0.23836206896551726,4.5875,0.325,0.4,-0.07500000000000001,0.4,0.225,0.4,0.225,0.1625,0.0375,0.0375,1.0,6.0,6.0,6.0,6.0,6.0,6.0,6.0,6.0,6.0,6.0,3.0,3.0,2.8603448275862067,0.9439655172413793,0.2383620689655172,0.1024108534036571,0.1451376011737714,0.9491379310344827,0.23836206896551726,0.029166666666666664,0.008438818565400843,-0.008333333333333331,0.029166666666666664,-0.008438818565400843,OK,
freeze,full,max_abs,1.0,0.5,budget_only,count,0.1,0.15,0.1,80,80,3,80,1.0,0.0375,1.0,0.9491379310344827,0.23836206896551726,4.5875,0.325,0.4,-0.07500000000000001,0.4,0.225,0.4,0.225,0.1625,0.0375,0.0375,1.0,6.0,6.0,6.0,6.0,6.0,6.0,6.0,6.0,6.0,6.0,3.0,3.0,2.9068965517241376,0.9491379310344827,0.24224137931034484,0.1024108534036571,0.18194020860098142,0.9491379310344827,0.23836206896551726,0.029166666666666664,0.008438818565400843,-0.008333333333333331,0.029166666666666664,-0.008438818565400843,OK,
freeze,full,max_abs,1.0,0.75,budget_only,count,0.1,0.15,0.1,80,80,3,80,1.0,0.0375,1.0,0.9491379310344827,0.23836206896551726,4.5875,0.325,0.4,-0.07500000000000001,0.4125,0.2375,0.4125,0.2375,0.175,0.0375,0.0375,1.0,6.0,6.0,6.0,6.0,6.0,6.0,6.0,6.0,6.0,6.0,3.0,3.0,2.9094827586206895,0.9517241379310345,0.24245689655172412,0.1024108534036571,0.35573859121452567,0.9491379310344827,0.23836206896551726,0.03125,0.008438818565400843,-0.006249999999999997,0.03125,-0.008438818565400843,OK,
freeze,full,max_abs,1.0,1.0,budget_only,count,0.1,0.15,0.1,80,80,3,80,1.0,0.0375,1.0,0.9491379310344827,0.23836206896551726,4.5875,0.3375,0.4,-0.0625,0.425,0.25,0.425,0.25,0.175,0.0375,0.0375,1.0,6.0,6.0,6.0,6.0,6.0,6.0,6.0,6.0,6.0,6.0,3.0,3.0,2.904310344827586,0.9465517241379311,0.24202586206896548,0.1024108534036571,0.583687428392435,0.9491379310344827,0.23836206896551726,0.0375,0.008438818565400843,2.7755575615628915e-18,0.03333333333333334,-0.008438818565400843,OK,
freeze,full,pc_t2,1.0,0.25,budget_only,count,0.1,0.15,0.1,80,59,0,59,0.7375,0.0,0.7375,0.8275862068965519,0.2457627118644068,4.0,0.0847457627118644,0.05084745762711865,0.033898305084745756,0.1864406779661017,0.1864406779661017,0.1864406779661017,0.1864406779661017,0.13559322033898305,0.0,0.0,1.0,6.0,6.0,6.0,6.0,6.0,6.0,6.0,6.0,6.0,6.0,1.0,1.0,2.9561659848042074,0.8345996493278787,0.24634716540035068,0.07430142302165665,-0.09283477916902694,0.8275862068965519,0.2457627118644068,0.005649717514124294,0.011494252873563218,0.005649717514124295,0.005649717514124295,0.011494252873563218,OK,
freeze,full,pc_t2,1.0,0.5,budget_only,count,0.1,0.15,0.1,80,59,0,59,0.7375,0.0,0.7375,0.8275862068965519,0.2457627118644068,4.0,0.0847457627118644,0.05084745762711865,0.033898305084745756,0.1864406779661017,0.1864406779661017,0.1864406779661017,0.1864406779661017,0.13559322033898305,0.0,0.0,1.0,6.0,6.0,6.0,6.0,6.0,6.0,6.0,6.0,6.0,6.0,1.0,1.0,2.938632378725891,0.8275862068965519,0.24488603156049096,0.07430142302165665,-0.02945650019059654,0.8275862068965519,0.2457627118644068,0.005649717514124294,0.0,0.005649717514124295,0.005649717514124295,0.0,OK,
freeze,full,pc_t2,1.0,0.75,budget_only,count,0.1,0.15,0.1,80,59,0,59,0.7375,0.0,0.7375,0.8275862068965519,0.2457627118644068,4.0,0.0847457627118644,0.05084745762711865,0.033898305084745756,0.1864406779661017,0.1864406779661017,0.1864406779661017,0.1864406779661017,0.13559322033898305,0.0,0.0,1.0,6.0,6.0,6.0,6.0,6.0,6.0,6.0,6.0,6.0,6.0,1.0,1.0,2.938632378725891,0.8275862068965519,0.24488603156049096,0.07430142302165665,0.23130924749891382,0.8275862068965519,0.2457627118644068,0.005649717514124294,0.0,0.005649717514124295,0.005649717514124295,0.0,OK,
freeze,full,pc_t2,1.0,1.0,budget_only,count,0.1,0.15,0.1,80,59,0,59,0.7375,0.0,0.7375,0.8275862068965519,0.2457627118644068,4.0,0.0847457627118644,0.05084745762711865,0.033898305084745756,0.2033898305084746,0.2033898305084746,0.2033898305084746,0.2033898305084746,0.15254237288135594,0.0,0.0,1.0,6.0,6.0,6.0,6.0,6.0,6.0,6.0,6.0,6.0,6.0,1.0,1.0,2.9246054938632375,0.8240794856808886,0.24371712448860317,0.07430142302165665,0.6762218021868625,0.8275862068965519,0.2457627118644068,0.00847457627118644,0.0,0.00847457627118644,0.00847457627118644,0.0,OK,
freeze,full,res_energy,1.0,0.25,budget_only,count,0.1,0.15,0.1,80,80,0,80,1.0,0.0,1.0,0.9439655172413793,0.25301724137931036,4.5625,0.3375,0.4625,-0.125,0.4125,0.25,0.4125,0.25,0.125,0.0,0.0,1.0,6.0,6.0,6.0,6.0,6.0,6.0,6.0,6.0,6.0,6.0,2.0,2.0,3.0413793103448272,0.9439655172413793,0.253448275862069,0.04706263768303613,-0.0006401667258664256,0.9439655172413793,0.25301724137931036,0.022916666666666665,0.0,-0.018749999999999996,0.022916666666666665,0.0,OK,
freeze,full,res_energy,1.0,0.5,budget_only,count,0.1,0.15,0.1,80,80,0,80,1.0,0.0,1.0,0.9439655172413793,0.25301724137931036,4.5625,0.2125,0.4625,-0.25,0.2875,0.225,0.2875,0.225,0.125,0.0,0.0,1.0,6.0,6.0,6.0,6.0,6.0,6.0,6.0,6.0,6.0,6.0,2.0,2.0,3.025862068965517,0.9413793103448276,0.25215517241379315,0.04706263768303613,0.11219081023447848,0.9439655172413793,0.25301724137931036,0.05625,0.0,-0.02708333333333333,0.05625,0.0,OK,
freeze,full,res_energy,1.0,0.75,budget_only,count,0.1,0.15,0.1,80,80,0,80,1.0,0.0,1.0,0.9439655172413793,0.25301724137931036,4.5625,0.225,0.4625,-0.23750000000000002,0.3,0.225,0.3,0.225,0.1375,0.0,0.0,1.0,6.0,6.0,6.0,6.0,6.0,6.0,6.0,6.0,6.0,6.0,2.0,2.0,2.989655172413793,0.9336206896551726,0.24913793103448278,0.04706263768303613,0.41507926579392257,0.9439655172413793,0.25301724137931036,0.07083333333333333,0.0,-0.016666666666666666,0.06666666666666667,0.0,OK,
freeze,full,res_energy,1.0,1.0,budget_only,count,0.1,0.15,0.1,80,80,0,80,1.0,0.0,1.0,0.9439655172413793,0.25301724137931036,4.5625,0.3125,0.4625,-0.15000000000000002,0.4125,0.25,0.4125,0.25,0.15,0.0,0.0,1.0,6.0,6.0,6.0,6.0,6.0,6.0,6.0,6.0,6.0,6.0,2.0,2.0,2.9612068965517238,0.9051724137931035,0.24676724137931041,0.04706263768303613,0.9851484686642189,0.9439655172413793,0.25301724137931036,0.08541666666666667,0.0,0.03125,0.08125,0.0,OK,
freeze,full,stale,INFEASIBLE,0.25,budget_only,count,INFEASIBLE,INFEASIBLE,INFEASIBLE,INFEASIBLE,INFEASIBLE,INFEASIBLE,INFEASIBLE,INFEASIBLE,INFEASIBLE,INFEASIBLE,INFEASIBLE,INFEASIBLE,INFEASIBLE,INFEASIBLE,INFEASIBLE,INFEASIBLE,INFEASIBLE,INFEASIBLE,INFEASIBLE,INFEASIBLE,INFEASIBLE,INFEASIBLE,INFEASIBLE,,INFEASIBLE,INFEASIBLE,INFEASIBLE,INFEASIBLE,INFEASIBLE,INFEASIBLE,INFEASIBLE,INFEASIBLE,INFEASIBLE,INFEASIBLE,INFEASIBLE,INFEASIBLE,INFEASIBLE,INFEASIBLE,INFEASIBLE,INFEASIBLE,INFEASIBLE,INFEASIBLE,INFEASIBLE,INFEASIBLE,INFEASIBLE,INFEASIBLE,INFEASIBLE,INFEASIBLE,INFEASIBLE,no_trials_in_band
freeze,full,stale,INFEASIBLE,0.5,budget_only,count,INFEASIBLE,INFEASIBLE,INFEASIBLE,INFEASIBLE,INFEASIBLE,INFEASIBLE,INFEASIBLE,INFEASIBLE,INFEASIBLE,INFEASIBLE,INFEASIBLE,INFEASIBLE,INFEASIBLE,INFEASIBLE,INFEASIBLE,INFEASIBLE,INFEASIBLE,INFEASIBLE,INFEASIBLE,INFEASIBLE,INFEASIBLE,INFEASIBLE,INFEASIBLE,,INFEASIBLE,INFEASIBLE,INFEASIBLE,INFEASIBLE,INFEASIBLE,INFEASIBLE,INFEASIBLE,INFEASIBLE,INFEASIBLE,INFEASIBLE,INFEASIBLE,INFEASIBLE,INFEASIBLE,INFEASIBLE,INFEASIBLE,INFEASIBLE,INFEASIBLE,INFEASIBLE,INFEASIBLE,INFEASIBLE,INFEASIBLE,INFEASIBLE,INFEASIBLE,INFEASIBLE,INFEASIBLE,no_trials_in_band
freeze,full,stale,INFEASIBLE,0.75,budget_only,count,INFEASIBLE,INFEASIBLE,INFEASIBLE,INFEASIBLE,INFEASIBLE,INFEASIBLE,INFEASIBLE,INFEASIBLE,INFEASIBLE,INFEASIBLE,INFEASIBLE,INFEASIBLE,INFEASIBLE,INFEASIBLE,INFEASIBLE,INFEASIBLE,INFEASIBLE,INFEASIBLE,INFEASIBLE,INFEASIBLE,INFEASIBLE,INFEASIBLE,INFEASIBLE,,INFEASIBLE,INFEASIBLE,INFEASIBLE,INFEASIBLE,INFEASIBLE,INFEASIBLE,INFEASIBLE,INFEASIBLE,INFEASIBLE,INFEASIBLE,INFEASIBLE,INFEASIBLE,INFEASIBLE,INFEASIBLE,INFEASIBLE,INFEASIBLE,INFEASIBLE,INFEASIBLE,INFEASIBLE,INFEASIBLE,INFEASIBLE,INFEASIBLE,INFEASIBLE,INFEASIBLE,INFEASIBLE,no_trials_in_band
freeze,full,stale,INFEASIBLE,1.0,budget_only,count,INFEASIBLE,INFEASIBLE,INFEASIBLE,INFEASIBLE,INFEASIBLE,INFEASIBLE,INFEASIBLE,INFEASIBLE,INFEASIBLE,INFEASIBLE,INFEASIBLE,INFEASIBLE,INFEASIBLE,INFEASIBLE,INFEASIBLE,INFEASIBLE,INFEASIBLE,INFEASIBLE,INFEASIBLE,INFEASIBLE,INFEASIBLE,INFEASIBLE,INFEASIBLE,,INFEASIBLE,INFEASIBLE,INFEASIBLE,INFEASIBLE,INFEASIBLE,INFEASIBLE,INFEASIBLE,INFEASIBLE,INFEASIBLE,INFEASIBLE,INFEASIBLE,INFEASIBLE,INFEASIBLE,INFEASIBLE,INFEASIBLE,INFEASIBLE,INFEASIBLE,INFEASIBLE,INFEASIBLE,INFEASIBLE,INFEASIBLE,INFEASIBLE,INFEASIBLE,INFEASIBLE,INFEASIBLE,no_trials_in_band
freeze,score_only,T2,1.0,0.25,budget_only,count,0.1,0.15,0.1,80,80,0,80,1.0,0.0,1.0,1.1275862068965519,0.3019396551724138,5.45,0.275,0.425,-0.14999999999999997,0.4625,0.2625,0.4625,0.2625,0.2,0.0,0.0,1.0,6.0,6.0,6.0,6.0,6.0,6.0,6.0,6.0,6.0,6.0,3.0,2.0,3.656896551724138,1.1456896551724138,0.30474137931034484,0.0572471723477845,-0.08283510882783021,1.1275862068965519,0.3019396551724138,0.12083333333333332,0.0970464135021097,-0.049999999999999996,0.058333333333333334,0.012658227848101266,OK,
freeze,score_only,T2,1.0,0.5,budget_only,count,0.1,0.15,0.1,80,80,0,80,1.0,0.0,1.0,1.1275862068965519,0.3019396551724138,5.45,0.225,0.425,-0.19999999999999998,0.375,0.225,0.375,0.225,0.1625,0.0,0.0,1.0,6.0,6.0,6.0,6.0,6.0,6.0,6.0,6.0,6.0,6.0,3.0,2.0,3.669827586206897,1.1431034482758622,0.30581896551724136,0.0572471723477845,-0.1307926304278905,1.1275862068965519,0.3019396551724138,0.125,0.06751054852320675,-0.0625,0.08333333333333333,0.025316455696202528,OK,
freeze,score_only,T2,1.0,0.75,budget_only,count,0.1,0.15,0.1,80,80,0,80,1.0,0.0,1.0,1.1275862068965519,0.3019396551724138,5.45,0.2125,0.425,-0.2125,0.3125,0.2125,0.3125,0.2125,0.1125,0.0,0.0,1.0,6.0,6.0,6.0,6.0,6.0,6.0,6.0,6.0,6.0,6.0,2.0,2.0,3.6594827586206895,1.135344827586207,0.3049568965517241,0.0572471723477845,-0.04607517709749431,1.1275862068965519,0.3019396551724138,0.14166666666666666,0.0590717299578059,-0.09583333333333333,0.1333333333333333,0.016877637130801686,OK,
freeze,score_only,T2,1.0,1.0,budget_only,count,0.1,0.15,0.1,80,80,0,80,1.0,0.0,1.0,1.1275862068965519,0.3019396551724138,5.45,0.1625,0.425,-0.26249999999999996,0.375,0.325,0.375,0.325,0.225,0.0,0.0,1.0,6.0,6.0,6.0,6.0,6.0,6.0,6.0,6.0,6.0,6.0,1.0,2.0,3.628448275862069,1.1301724137931035,0.3023706896551724,0.0572471723477845,0.1757312663856788,1.1275862068965519,0.3019396551724138,0.11041666666666665,0.042194092827004225,-0.039583333333333325,0.11041666666666665,0.0,OK,
freeze,score_only,coh_resid_energy,1.0,0.25,budget_only,count,0.1,0.15,0.1,80,80,8,80,1.0,0.1,1.0,0.949137931034483,0.20237068965517238,4.5875,0.425,0.425,0.0,0.5125,0.3125,0.5125,0.3125,0.1,0.1,0.1,1.0,6.0,6.0,6.0,6.0,6.0,6.0,4.5,6.0,6.0,6.0,1.5,1.5,2.412931034482759,0.949137931034483,0.20107758620689653,0.05350922103149451,0.22494902380467421,0.949137931034483,0.20237068965517238,0.014583333333333332,0.0,0.014583333333333334,0.014583333333333334,0.0,OK,
freeze,score_only,coh_resid_energy,1.0,0.5,budget_only,count,0.1,0.15,0.1,80,80,8,80,1.0,0.1,1.0,0.949137931034483,0.20237068965517238,4.5875,0.5375,0.425,0.11249999999999999,0.6125,0.3375,0.6125,0.3375,0.1,0.1,0.1,1.0,5.0,6.0,5.0,6.0,6.0,6.0,3.5,6.0,5.0,6.0,2.0,1.5,2.327586206896552,0.9129310344827587,0.19396551724137928,0.05350922103149451,0.5856930361629965,0.949137931034483,0.20237068965517238,0.09583333333333333,0.02531645569620253,0.07083333333333333,0.07083333333333333,-0.02531645569620253,OK,
freeze,score_only,coh_resid_energy,1.0,0.75,budget_only,count,0.1,0.15,0.1,80,80,8,80,1.0,0.1,1.0,0.949137931034483,0.20237068965517238,4.5875,0.575,0.425,0.14999999999999997,0.6875,0.3625,0.6875,0.3625,0.125,0.1,0.1,1.0,4.5,6.0,4.5,6.0,6.0,6.0,3.0,6.0,4.5,6.0,2.0,1.5,2.2551724137931037,0.8534482758620688,0.18793103448275864,0.05350922103149451,1.289978536846768,0.949137931034483,0.20237068965517238,0.15833333333333333,0.0590717299578059,0.14166666666666666,0.14166666666666666,-0.0590717299578059,OK,
freeze,score_only,coh_resid_energy,1.0,1.0,budget_only,count,0.1,0.15,0.1,80,80,8,80,1.0,0.1,1.0,0.949137931034483,0.20237068965517238,4.5875,0.6875,0.425,0.2625,0.8,0.4125,0.8,0.4125,0.125,0.1,0.1,1.0,3.0,6.0,3.0,6.0,6.0,6.0,2.0,6.0,3.0,6.0,2.0,1.5,2.211206896551724,0.8198275862068967,0.18426724137931033,0.05350922103149451,2.3398188291667363,0.949137931034483,0.20237068965517238,0.22916666666666669,0.0590717299578059,0.20416666666666666,0.20416666666666666,-0.0590717299578059,OK,
freeze,score_only,coh_resid_t2,1.0,0.25,budget_only,count,0.1,0.15,0.1,80,44,0,44,0.55,0.0,0.55,1.2178683385579936,0.2574451410658308,5.886363636363637,0.9318181818181818,1.0,-0.06818181818181823,0.9772727272727273,0.5909090909090909,0.9772727272727273,0.5909090909090909,0.13636363636363635,0.0,0.0,1.0,2.0,2.0,2.0,5.0,2.0,5.0,1.0,4.0,2.0,5.0,2.0,2.0,2.8965517241379315,1.0862068965517242,0.24137931034482765,0.05748374865557364,1.8474879025696758,1.2178683385579936,0.2574451410658308,0.16666666666666666,0.1317829457364341,0.0984848484848485,0.12121212121212123,-0.023255813953488382,OK,
freeze,score_only,coh_resid_t2,1.0,0.5,budget_only,count,0.1,0.15,0.1,80,44,0,44,0.55,0.0,0.55,1.2178683385579936,0.2574451410658308,5.886363636363637,0.9318181818181818,1.0,-0.06818181818181823,1.0,0.7954545454545454,1.0,0.7954545454545454,0.1590909090909091,0.0,0.0,1.0,1.0,2.0,1.0,5.0,2.0,5.0,0.0,2.700000000000003,1.0,5.0,1.0,2.0,2.7554858934169277,0.9686520376175548,0.22962382445141066,0.05748374865557364,6.508344923235413,1.2178683385579936,0.2574451410658308,0.35227272727272724,0.11627906976744186,0.2840909090909091,0.2840909090909091,-0.08527131782945736,OK,
freeze,score_only,coh_resid_t2,1.0,0.75,budget_only,count,0.1,0.15,0.1,80,44,0,44,0.55,0.0,0.55,1.2178683385579936,0.2574451410658308,5.886363636363637,0.8863636363636364,1.0,-0.11363636363636365,1.0,0.8636363636363636,1.0,0.8636363636363636,0.20454545454545456,0.0,0.0,1.0,0.0,2.0,0.0,5.700000000000003,2.0,5.0,0.0,2.0,0.0,5.700000000000003,0.0,2.0,2.703761755485894,0.9169278996865203,0.22531347962382445,0.05748374865557364,14.484159580208633,1.2178683385579936,0.2574451410658308,0.46212121212121215,0.12403100775193798,0.4469696969696971,0.4469696969696971,-0.12403100775193798,OK,
freeze,score_only,coh_resid_t2,1.0,1.0,budget_only,count,0.1,0.15,0.1,80,44,0,44,0.55,0.0,0.55,1.2178683385579936,0.2574451410658308,5.886363636363637,0.8863636363636364,1.0,-0.11363636363636365,1.0,0.8636363636363636,1.0,0.8636363636363636,0.20454545454545456,0.0,0.0,1.0,0.0,2.0,0.0,5.700000000000003,2.0,5.0,0.0,2.0,0.0,5.700000000000003,0.0,2.0,2.647335423197492,0.8605015673981192,0.2206112852664577,0.05748374865557364,25.66685604619869,1.2178683385579936,0.2574451410658308,0.47348484848484856,0.12403100775193798,0.4583333333333334,0.4583333333333334,-0.12403100775193798,OK,
freeze,score_only,cusum_coh_resid_t2,1.0,0.25,budget_only,count,0.1,0.15,0.1,80,38,0,38,0.475,0.0,0.475,1.0508166969147006,0.2254990925589837,5.078947368421052,0.47368421052631576,0.47368421052631576,0.0,0.5789473684210527,0.3684210526315789,0.5789473684210527,0.3684210526315789,0.13157894736842105,0.0,0.0,1.0,6.0,6.0,6.0,6.0,6.0,6.0,2.0,6.0,6.0,6.0,1.5,2.0,2.7114337568058073,1.061705989110708,0.22595281306715065,NA,0.44718228895821366,1.0508166969147006,0.2254990925589837,0.14473684210526316,0.02702702702702703,0.05701754385964912,0.10087719298245613,0.009009009009009009,OK,
freeze,score_only,cusum_coh_resid_t2,1.0,0.5,budget_only,count,0.1,0.15,0.1,80,38,0,38,0.475,0.0,0.475,1.0508166969147006,0.2254990925589837,5.078947368421052,0.9210526315789473,0.47368421052631576,0.4473684210526316,1.0,0.5263157894736842,1.0,0.5263157894736842,0.13157894736842105,0.0,0.0,1.0,2.0,6.0,2.0,5.0,6.0,6.0,1.0,4.0,2.0,5.0,2.0,2.0,2.667876588021778,1.0508166969147006,0.2223230490018149,NA,2.589977022233507,1.0508166969147006,0.2254990925589837,0.4605263157894737,0.10810810810810811,0.3640350877192982,0.425438596491228,-0.07207207207207209,OK,
freeze,score_only,cusum_coh_resid_t2,1.0,0.75,budget_only,count,0.1,0.15,0.1,80,38,0,38,0.475,0.0,0.475,1.0508166969147006,0.2254990925589837,5.078947368421052,0.9210526315789473,0.47368421052631576,0.4473684210526316,1.0,0.7631578947368421,1.0,0.7631578947368421,0.13157894736842105,0.0,0.0,1.0,1.0,6.0,1.0,4.300000000000004,6.0,6.0,0.0,2.0,1.0,4.300000000000004,1.0,2.0,2.667876588021778,1.0508166969147006,0.2223230490018149,NA,6.253162161682327,1.0508166969147006,0.2254990925589837,0.605263157894737,0.13513513513513514,0.5877192982456141,0.5877192982456141,-0.09909909909909911,OK,
freeze,score_only,cusum_coh_resid_t2,1.0,1.0,budget_only,count,0.1,0.15,0.1,80,38,0,38,0.475,0.0,0.475,1.0508166969147006,0.2254990925589837,5.078947368421052,0.9210526315789473,0.47368421052631576,0.4473684210526316,1.0,0.8157894736842105,1.0,0.8157894736842105,0.13157894736842105,0.0,0.0,1.0,1.0,6.0,1.0,4.300000000000004,6.0,6.0,0.0,2.0,1.0,4.300000000000004,0.0,2.0,2.667876588021778,1.0508166969147006,0.2223230490018149,NA,11.423506050935046,1.0508166969147006,0.2254990925589837,0.6535087719298245,0.13513513513513514,0.6447368421052632,0.6447368421052632,-0.09909909909909911,OK,
freeze,score_only,cusum_factor_cov_lrt,1.0,0.25,budget_only,count,0.1,0.15,0.1,80,77,0,77,0.9625,0.0,0.9625,1.1500223914017016,0.4171518137035378,5.558441558441558,0.5324675324675324,0.5194805194805194,0.012987012987012991,0.9090909090909091,0.6103896103896104,0.9090909090909091,0.6103896103896104,0.4155844155844156,0.0,0.0,1.0,5.0,5.0,5.0,6.0,5.0,6.0,0.0,5.0,5.0,6.0,2.0,2.0,5.083743842364532,1.1580832960143304,0.4236453201970443,NA,0.12653929354063048,1.1500223914017016,0.4171518137035378,0.08441558441558443,0.13157894736842105,-0.07575757575757576,0.07575757575757576,0.07894736842105261,OK,
freeze,score_only,cusum_factor_cov_lrt,1.0,0.5,budget_only,count,0.1,0.15,0.1,80,77,0,77,0.9625,0.0,0.9625,1.1500223914017016,0.4171518137035378,5.558441558441558,0.5064935064935064,0.5194805194805194,-0.012987012987012991,0.8441558441558441,0.5974025974025974,0.8441558441558441,0.5974025974025974,0.4155844155844156,0.0,0.0,1.0,5.0,5.0,5.0,6.0,5.0,6.0,1.0,6.0,5.0,6.0,3.0,2.0,5.150918047469771,1.1715181370353782,0.429243170622481,NA,0.06192495348365584,1.1500223914017016,0.4171518137035378,0.14935064935064934,0.2763157894736842,-0.10606060606060605,0.1406926406926407,0.14473684210526316,OK,
freeze,score_only,cusum_factor_cov_lrt,1.0,0.75,budget_only,count,0.1,0.15,0.1,80,77,0,77,0.9625,0.0,0.9625,1.1500223914017016,0.4171518137035378,5.558441558441558,0.6233766233766234,0.5194805194805194,0.10389610389610393,1.0,0.7012987012987013,1.0,0.7012987012987013,0.45454545454545453,0.0,0.0,1.0,2.0,5.0,2.0,6.0,5.0,6.0,0.0,2.0,2.0,6.0,2.0,2.0,5.148231079265562,1.1957008508732645,0.42901925660546353,NA,0.20377071222811124,1.1500223914017016,0.4171518137035378,0.25541125541125537,0.36403508771929827,0.18614718614718614,0.2510822510822511,0.14473684210526316,OK,
freeze,score_only,cusum_factor_cov_lrt,1.0,1.0,budget_only,count,0.1,0.15,0.1,80,77,0,77,0.9625,0.0,0.9625,1.1500223914017016,0.4171518137035378,5.558441558441558,0.5974025974025974,0.5194805194805194,0.07792207792207795,1.0,0.8831168831168831,1.0,0.8831168831168831,0.4805194805194805,0.0,0.0,1.0,2.0,5.0,2.0,6.0,5.0,6.0,0.0,2.0,2.0,6.0,1.0,2.0,5.1697268248992385,1.1742051052395879,0.4308105687416033,NA,3.099486449450276,1.1500223914017016,0.4171518137035378,0.30519480519480513,0.4342105263157894,0.30086580086580084,0.30086580086580084,-0.004385964912280705,OK,
freeze,score_only,ewma_coh_resid_t2,1.0,0.25,budget_only,count,0.1,0.15,0.1,80,80,0,80,1.0,0.0,1.0,0.9646551724137933,0.34784482758620694,4.6625,0.5,0.4125,0.08750000000000002,0.6625,0.4,0.6625,0.4,0.2375,0.0,0.0,1.0,5.5,6.0,5.5,6.0,6.0,6.0,3.0,6.0,5.5,6.0,3.0,2.0,3.923275862068966,0.9025862068965518,0.3269396551724138,0.0638057828301986,0.7823680762510171,0.9646551724137933,0.34784482758620694,0.06458333333333333,0.02531645569620253,0.06458333333333334,0.06458333333333334,0.02531645569620253,OK,
freeze,score_only,ewma_coh_resid_t2,1.0,0.5,budget_only,count,0.1,0.15,0.1,80,80,0,80,1.0,0.0,1.0,0.9646551724137933,0.34784482758620694,4.6625,0.725,0.4125,0.3125,0.8375,0.4625,0.8375,0.4625,0.2375,0.0,0.0,1.0,3.5,6.0,3.5,6.0,6.0,6.0,2.0,6.0,3.5,6.0,2.5,2.0,3.8275862068965525,0.8586206896551722,0.31896551724137934,0.0638057828301986,1.8457767933147387,0.9646551724137933,0.34784482758620694,0.20625,0.17721518987341772,0.20625,0.20625,0.14345991561181434,OK,
freeze,score_only,ewma_coh_resid_t2,1.0,0.75,budget_only,count,0.1,0.15,0.1,80,80,0,80,1.0,0.0,1.0,0.9646551724137933,0.34784482758620694,4.6625,0.8875,0.4125,0.475,1.0,0.5875,1.0,0.5875,0.2375,0.0,0.0,1.0,2.0,6.0,2.0,6.0,6.0,6.0,1.0,3.0,2.0,6.0,2.0,2.0,3.7344827586206897,0.8301724137931036,0.3112068965517242,0.0638057828301986,3.1137298652339984,0.9646551724137933,0.34784482758620694,0.33125,0.21097046413502107,0.33125,0.33125,0.160337552742616,OK,
freeze,score_only,ewma_coh_resid_t2,1.0,1.0,budget_only,count,0.1,0.15,0.1,80,80,0,80,1.0,0.0,1.0,0.9646551724137933,0.34784482758620694,4.6625,0.8875,0.4125,0.475,1.0,0.7625,1.0,0.7625,0.2375,0.0,0.0,1.0,1.0,6.0,1.0,6.0,6.0,6.0,0.0,2.1000000000000085,1.0,6.0,1.0,2.0,3.6310344827586207,0.7939655172413793,0.3025862068965517,0.0638057828301986,4.696122179820209,0.9646551724137933,0.34784482758620694,0.4208333333333334,0.20675105485232065,0.4208333333333334,0.4208333333333334,0.12236286919831223,OK,
freeze,score_only,ewma_factor_cov_lrt,INFEASIBLE,0.25,budget_only,count,INFEASIBLE,INFEASIBLE,INFEASIBLE,INFEASIBLE,INFEASIBLE,INFEASIBLE,INFEASIBLE,INFEASIBLE,INFEASIBLE,INFEASIBLE,INFEASIBLE,INFEASIBLE,INFEASIBLE,INFEASIBLE,INFEASIBLE,INFEASIBLE,INFEASIBLE,INFEASIBLE,INFEASIBLE,INFEASIBLE,INFEASIBLE,INFEASIBLE,INFEASIBLE,,INFEASIBLE,INFEASIBLE,INFEASIBLE,INFEASIBLE,INFEASIBLE,INFEASIBLE,INFEASIBLE,INFEASIBLE,INFEASIBLE,INFEASIBLE,INFEASIBLE,INFEASIBLE,INFEASIBLE,INFEASIBLE,INFEASIBLE,INFEASIBLE,INFEASIBLE,INFEASIBLE,INFEASIBLE,INFEASIBLE,INFEASIBLE,INFEASIBLE,INFEASIBLE,INFEASIBLE,INFEASIBLE,no_trials_in_band
freeze,score_only,ewma_factor_cov_lrt,INFEASIBLE,0.5,budget_only,count,INFEASIBLE,INFEASIBLE,INFEASIBLE,INFEASIBLE,INFEASIBLE,INFEASIBLE,INFEASIBLE,INFEASIBLE,INFEASIBLE,INFEASIBLE,INFEASIBLE,INFEASIBLE,INFEASIBLE,INFEASIBLE,INFEASIBLE,INFEASIBLE,INFEASIBLE,INFEASIBLE,INFEASIBLE,INFEASIBLE,INFEASIBLE,INFEASIBLE,INFEASIBLE,,INFEASIBLE,INFEASIBLE,INFEASIBLE,INFEASIBLE,INFEASIBLE,INFEASIBLE,INFEASIBLE,INFEASIBLE,INFEASIBLE,INFEASIBLE,INFEASIBLE,INFEASIBLE,INFEASIBLE,INFEASIBLE,INFEASIBLE,INFEASIBLE,INFEASIBLE,INFEASIBLE,INFEASIBLE,INFEASIBLE,INFEASIBLE,INFEASIBLE,INFEASIBLE,INFEASIBLE,INFEASIBLE,no_trials_in_band
freeze,score_only,ewma_factor_cov_lrt,INFEASIBLE,0.75,budget_only,count,INFEASIBLE,INFEASIBLE,INFEASIBLE,INFEASIBLE,INFEASIBLE,INFEASIBLE,INFEASIBLE,INFEASIBLE,INFEASIBLE,INFEASIBLE,INFEASIBLE,INFEASIBLE,INFEASIBLE,INFEASIBLE,INFEASIBLE,INFEASIBLE,INFEASIBLE,INFEASIBLE,INFEASIBLE,INFEASIBLE,INFEASIBLE,INFEASIBLE,INFEASIBLE,,INFEASIBLE,INFEASIBLE,INFEASIBLE,INFEASIBLE,INFEASIBLE,INFEASIBLE,INFEASIBLE,INFEASIBLE,INFEASIBLE,INFEASIBLE,INFEASIBLE,INFEASIBLE,INFEASIBLE,INFEASIBLE,INFEASIBLE,INFEASIBLE,INFEASIBLE,INFEASIBLE,INFEASIBLE,INFEASIBLE,INFEASIBLE,INFEASIBLE,INFEASIBLE,INFEASIBLE,INFEASIBLE,no_trials_in_band
freeze,score_only,ewma_factor_cov_lrt,INFEASIBLE,1.0,budget_only,count,INFEASIBLE,INFEASIBLE,INFEASIBLE,INFEASIBLE,INFEASIBLE,INFEASIBLE,INFEASIBLE,INFEASIBLE,INFEASIBLE,INFEASIBLE,INFEASIBLE,INFEASIBLE,INFEASIBLE,INFEASIBLE,INFEASIBLE,INFEASIBLE,INFEASIBLE,INFEASIBLE,INFEASIBLE,INFEASIBLE,INFEASIBLE,INFEASIBLE,INFEASIBLE,,INFEASIBLE,INFEASIBLE,INFEASIBLE,INFEASIBLE,INFEASIBLE,INFEASIBLE,INFEASIBLE,INFEASIBLE,INFEASIBLE,INFEASIBLE,INFEASIBLE,INFEASIBLE,INFEASIBLE,INFEASIBLE,INFEASIBLE,INFEASIBLE,INFEASIBLE,INFEASIBLE,INFEASIBLE,INFEASIBLE,INFEASIBLE,INFEASIBLE,INFEASIBLE,INFEASIBLE,INFEASIBLE,no_trials_in_band
freeze,score_only,factor_cov_change,INFEASIBLE,0.25,budget_only,count,INFEASIBLE,INFEASIBLE,INFEASIBLE,INFEASIBLE,INFEASIBLE,INFEASIBLE,INFEASIBLE,INFEASIBLE,INFEASIBLE,INFEASIBLE,INFEASIBLE,INFEASIBLE,INFEASIBLE,INFEASIBLE,INFEASIBLE,INFEASIBLE,INFEASIBLE,INFEASIBLE,INFEASIBLE,INFEASIBLE,INFEASIBLE,INFEASIBLE,INFEASIBLE,,INFEASIBLE,INFEASIBLE,INFEASIBLE,INFEASIBLE,INFEASIBLE,INFEASIBLE,INFEASIBLE,INFEASIBLE,INFEASIBLE,INFEASIBLE,INFEASIBLE,INFEASIBLE,INFEASIBLE,INFEASIBLE,INFEASIBLE,INFEASIBLE,INFEASIBLE,INFEASIBLE,INFEASIBLE,INFEASIBLE,INFEASIBLE,INFEASIBLE,INFEASIBLE,INFEASIBLE,INFEASIBLE,no_trials_in_band
freeze,score_only,factor_cov_change,INFEASIBLE,0.5,budget_only,count,INFEASIBLE,INFEASIBLE,INFEASIBLE,INFEASIBLE,INFEASIBLE,INFEASIBLE,INFEASIBLE,INFEASIBLE,INFEASIBLE,INFEASIBLE,INFEASIBLE,INFEASIBLE,INFEASIBLE,INFEASIBLE,INFEASIBLE,INFEASIBLE,INFEASIBLE,INFEASIBLE,INFEASIBLE,INFEASIBLE,INFEASIBLE,INFEASIBLE,INFEASIBLE,,INFEASIBLE,INFEASIBLE,INFEASIBLE,INFEASIBLE,INFEASIBLE,INFEASIBLE,INFEASIBLE,INFEASIBLE,INFEASIBLE,INFEASIBLE,INFEASIBLE,INFEASIBLE,INFEASIBLE,INFEASIBLE,INFEASIBLE,INFEASIBLE,INFEASIBLE,INFEASIBLE,INFEASIBLE,INFEASIBLE,INFEASIBLE,INFEASIBLE,INFEASIBLE,INFEASIBLE,INFEASIBLE,no_trials_in_band
freeze,score_only,factor_cov_change,INFEASIBLE,0.75,budget_only,count,INFEASIBLE,INFEASIBLE,INFEASIBLE,INFEASIBLE,INFEASIBLE,INFEASIBLE,INFEASIBLE,INFEASIBLE,INFEASIBLE,INFEASIBLE,INFEASIBLE,INFEASIBLE,INFEASIBLE,INFEASIBLE,INFEASIBLE,INFEASIBLE,INFEASIBLE,INFEASIBLE,INFEASIBLE,INFEASIBLE,INFEASIBLE,INFEASIBLE,INFEASIBLE,,INFEASIBLE,INFEASIBLE,INFEASIBLE,INFEASIBLE,INFEASIBLE,INFEASIBLE,INFEASIBLE,INFEASIBLE,INFEASIBLE,INFEASIBLE,INFEASIBLE,INFEASIBLE,INFEASIBLE,INFEASIBLE,INFEASIBLE,INFEASIBLE,INFEASIBLE,INFEASIBLE,INFEASIBLE,INFEASIBLE,INFEASIBLE,INFEASIBLE,INFEASIBLE,INFEASIBLE,INFEASIBLE,no_trials_in_band
freeze,score_only,factor_cov_change,INFEASIBLE,1.0,budget_only,count,INFEASIBLE,INFEASIBLE,INFEASIBLE,INFEASIBLE,INFEASIBLE,INFEASIBLE,INFEASIBLE,INFEASIBLE,INFEASIBLE,INFEASIBLE,INFEASIBLE,INFEASIBLE,INFEASIBLE,INFEASIBLE,INFEASIBLE,INFEASIBLE,INFEASIBLE,INFEASIBLE,INFEASIBLE,INFEASIBLE,INFEASIBLE,INFEASIBLE,INFEASIBLE,,INFEASIBLE,INFEASIBLE,INFEASIBLE,INFEASIBLE,INFEASIBLE,INFEASIBLE,INFEASIBLE,INFEASIBLE,INFEASIBLE,INFEASIBLE,INFEASIBLE,INFEASIBLE,INFEASIBLE,INFEASIBLE,INFEASIBLE,INFEASIBLE,INFEASIBLE,INFEASIBLE,INFEASIBLE,INFEASIBLE,INFEASIBLE,INFEASIBLE,INFEASIBLE,INFEASIBLE,INFEASIBLE,no_trials_in_band
freeze,score_only,factor_cov_delta,1.0,0.25,budget_only,count,0.1,0.15,0.1,80,61,4,61,0.7625,0.05,0.7625,0.827586206896552,0.2249858677218768,4.0,0.11475409836065574,0.11475409836065574,0.0,0.22950819672131148,0.16393442622950818,0.22950819672131148,0.16393442622950818,0.11475409836065574,0.06557377049180328,0.06557377049180328,1.0,6.0,6.0,6.0,6.0,6.0,6.0,6.0,6.0,6.0,6.0,2.0,2.0,2.686263425664217,0.8038439796495197,0.22385528547201808,0.13817538187442768,0.10483891127507895,0.827586206896552,0.2249858677218768,0.0,0.03888888888888888,0.0,0.0,-0.005555555555555556,OK,
freeze,score_only,factor_cov_delta,1.0,0.5,budget_only,count,0.1,0.15,0.1,80,61,4,61,0.7625,0.05,0.7625,0.827586206896552,0.2249858677218768,4.0,0.11475409836065574,0.11475409836065574,0.0,0.22950819672131148,0.16393442622950818,0.22950819672131148,0.16393442622950818,0.11475409836065574,0.06557377049180328,0.06557377049180328,1.0,6.0,6.0,6.0,6.0,6.0,6.0,6.0,6.0,6.0,6.0,2.0,2.0,2.7371396269078576,0.824194460146976,0.22809496890898812,0.13817538187442768,-0.04827142476191784,0.827586206896552,0.2249858677218768,0.0,0.03888888888888888,0.0,0.0,-0.005555555555555556,OK,
freeze,score_only,factor_cov_delta,1.0,0.75,budget_only,count,0.1,0.15,0.1,80,61,4,61,0.7625,0.05,0.7625,0.827586206896552,0.2249858677218768,4.0,0.11475409836065574,0.11475409836065574,0.0,0.22950819672131148,0.16393442622950818,0.22950819672131148,0.16393442622950818,0.11475409836065574,0.06557377049180328,0.06557377049180328,1.0,6.0,6.0,6.0,6.0,6.0,6.0,6.0,6.0,6.0,6.0,2.0,2.0,2.774448841153194,0.7834934991520635,0.2312040700960995,0.13817538187442768,-0.1444805419448787,0.827586206896552,0.2249858677218768,0.0546448087431694,0.13333333333333333,-0.0546448087431694,0.0546448087431694,0.04444444444444446,OK,
freeze,score_only,factor_cov_delta,1.0,1.0,budget_only,count,0.1,0.15,0.1,80,61,4,61,0.7625,0.05,0.7625,0.827586206896552,0.2249858677218768,4.0,0.04918032786885246,0.11475409836065574,-0.06557377049180328,0.16393442622950818,0.16393442622950818,0.16393442622950818,0.16393442622950818,0.11475409836065574,0.06557377049180328,0.06557377049180328,1.0,6.0,6.0,6.0,6.0,6.0,6.0,6.0,6.0,6.0,6.0,1.0,2.0,2.804974561899378,0.8004522328999436,0.23374788015828155,0.13817538187442768,-0.16206513198881586,0.827586206896552,0.2249858677218768,0.07650273224043715,0.14444444444444446,-0.07650273224043716,0.07650273224043716,0.1,OK,
freeze,score_only,factor_cov_lrt,INFEASIBLE,0.25,budget_only,count,INFEASIBLE,INFEASIBLE,INFEASIBLE,INFEASIBLE,INFEASIBLE,INFEASIBLE,INFEASIBLE,INFEASIBLE,INFEASIBLE,INFEASIBLE,INFEASIBLE,INFEASIBLE,INFEASIBLE,INFEASIBLE,INFEASIBLE,INFEASIBLE,INFEASIBLE,INFEASIBLE,INFEASIBLE,INFEASIBLE,INFEASIBLE,INFEASIBLE,INFEASIBLE,,INFEASIBLE,INFEASIBLE,INFEASIBLE,INFEASIBLE,INFEASIBLE,INFEASIBLE,INFEASIBLE,INFEASIBLE,INFEASIBLE,INFEASIBLE,INFEASIBLE,INFEASIBLE,INFEASIBLE,INFEASIBLE,INFEASIBLE,INFEASIBLE,INFEASIBLE,INFEASIBLE,INFEASIBLE,INFEASIBLE,INFEASIBLE,INFEASIBLE,INFEASIBLE,INFEASIBLE,INFEASIBLE,no_trials_in_band
freeze,score_only,factor_cov_lrt,INFEASIBLE,0.5,budget_only,count,INFEASIBLE,INFEASIBLE,INFEASIBLE,INFEASIBLE,INFEASIBLE,INFEASIBLE,INFEASIBLE,INFEASIBLE,INFEASIBLE,INFEASIBLE,INFEASIBLE,INFEASIBLE,INFEASIBLE,INFEASIBLE,INFEASIBLE,INFEASIBLE,INFEASIBLE,INFEASIBLE,INFEASIBLE,INFEASIBLE,INFEASIBLE,INFEASIBLE,INFEASIBLE,,INFEASIBLE,INFEASIBLE,INFEASIBLE,INFEASIBLE,INFEASIBLE,INFEASIBLE,INFEASIBLE,INFEASIBLE,INFEASIBLE,INFEASIBLE,INFEASIBLE,INFEASIBLE,INFEASIBLE,INFEASIBLE,INFEASIBLE,INFEASIBLE,INFEASIBLE,INFEASIBLE,INFEASIBLE,INFEASIBLE,INFEASIBLE,INFEASIBLE,INFEASIBLE,INFEASIBLE,INFEASIBLE,no_trials_in_band
freeze,score_only,factor_cov_lrt,INFEASIBLE,0.75,budget_only,count,INFEASIBLE,INFEASIBLE,INFEASIBLE,INFEASIBLE,INFEASIBLE,INFEASIBLE,INFEASIBLE,INFEASIBLE,INFEASIBLE,INFEASIBLE,INFEASIBLE,INFEASIBLE,INFEASIBLE,INFEASIBLE,INFEASIBLE,INFEASIBLE,INFEASIBLE,INFEASIBLE,INFEASIBLE,INFEASIBLE,INFEASIBLE,INFEASIBLE,INFEASIBLE,,INFEASIBLE,INFEASIBLE,INFEASIBLE,INFEASIBLE,INFEASIBLE,INFEASIBLE,INFEASIBLE,INFEASIBLE,INFEASIBLE,INFEASIBLE,INFEASIBLE,INFEASIBLE,INFEASIBLE,INFEASIBLE,INFEASIBLE,INFEASIBLE,INFEASIBLE,INFEASIBLE,INFEASIBLE,INFEASIBLE,INFEASIBLE,INFEASIBLE,INFEASIBLE,INFEASIBLE,INFEASIBLE,no_trials_in_band
freeze,score_only,factor_cov_lrt,INFEASIBLE,1.0,budget_only,count,INFEASIBLE,INFEASIBLE,INFEASIBLE,INFEASIBLE,INFEASIBLE,INFEASIBLE,INFEASIBLE,INFEASIBLE,INFEASIBLE,INFEASIBLE,INFEASIBLE,INFEASIBLE,INFEASIBLE,INFEASIBLE,INFEASIBLE,INFEASIBLE,INFEASIBLE,INFEASIBLE,INFEASIBLE,INFEASIBLE,INFEASIBLE,INFEASIBLE,INFEASIBLE,,INFEASIBLE,INFEASIBLE,INFEASIBLE,INFEASIBLE,INFEASIBLE,INFEASIBLE,INFEASIBLE,INFEASIBLE,INFEASIBLE,INFEASIBLE,INFEASIBLE,INFEASIBLE,INFEASIBLE,INFEASIBLE,INFEASIBLE,INFEASIBLE,INFEASIBLE,INFEASIBLE,INFEASIBLE,INFEASIBLE,INFEASIBLE,INFEASIBLE,INFEASIBLE,INFEASIBLE,INFEASIBLE,no_trials_in_band
freeze,score_only,factor_cov_lrt_delta,1.0,0.25,budget_only,count,0.1,0.15,0.1,80,80,8,80,1.0,0.1,1.0,1.1327586206896552,0.20323275862068962,5.475,0.3375,0.475,-0.13749999999999996,0.3875,0.1625,0.3875,0.1625,0.05,0.05,0.05,1.0,6.0,6.0,6.0,6.0,6.0,6.0,6.0,6.0,6.0,6.0,2.0,2.0,2.438793103448276,1.1327586206896552,0.20323275862068962,0.12153618521308365,-0.2804413242016092,1.1327586206896552,0.20323275862068962,0.1125,0.04219409282700422,-0.1125,0.1125,-0.01687763713080169,OK,
freeze,score_only,factor_cov_lrt_delta,1.0,0.5,budget_only,count,0.1,0.15,0.1,80,80,8,80,1.0,0.1,1.0,1.1327586206896552,0.20323275862068962,5.475,0.125,0.475,-0.35,0.15,0.075,0.15,0.075,0.025,0.05,0.05,1.0,6.0,6.0,6.0,6.0,6.0,6.0,6.0,6.0,6.0,6.0,2.0,2.0,2.467241379310345,1.1327586206896552,0.20560344827586205,0.12153618521308365,-0.562384087033662,1.1327586206896552,0.20323275862068962,0.17291666666666666,0.06329113924050633,-0.17291666666666666,0.17291666666666666,0.029535864978902957,OK,
freeze,score_only,factor_cov_lrt_delta,1.0,0.75,budget_only,count,0.1,0.15,0.1,80,80,8,80,1.0,0.1,1.0,1.1327586206896552,0.20323275862068962,5.475,0.025,0.475,-0.44999999999999996,0.025,0.0,0.025,0.0,0.0,0.0,0.0,1.0,6.0,6.0,6.0,6.0,6.0,6.0,6.0,6.0,6.0,6.0,4.0,2.0,2.475,1.1379310344827587,0.20625,0.12153618521308365,-0.7285607331956897,1.1327586206896552,0.20323275862068962,0.19791666666666666,0.10548523206751054,-0.19791666666666666,0.19791666666666666,0.06329113924050633,OK,
freeze,score_only,factor_cov_lrt_delta,1.0,1.0,budget_only,count,0.1,0.15,0.1,80,80,8,80,1.0,0.1,1.0,1.1327586206896552,0.20323275862068962,5.475,0.0,0.475,-0.475,0.0,0.0,0.0,0.0,0.0,0.0,0.0,1.0,6.0,6.0,6.0,6.0,6.0,6.0,6.0,6.0,6.0,6.0,NA,2.0,2.6405172413793108,1.228448275862069,0.22004310344827588,0.12153618521308365,-0.7363686125402487,1.1327586206896552,0.20323275862068962,0.2020833333333333,0.44514767932489446,-0.2020833333333333,0.2020833333333333,0.44514767932489446,OK,
freeze,score_only,fused_fisher,1.0,0.25,budget_only,count,0.1,0.15,0.1,80,80,7,80,1.0,0.0875,1.0,1.1379310344827587,0.22004310344827588,5.5,0.275,0.4625,-0.1875,0.35,0.275,0.35,0.275,0.125,0.05,0.05,1.0,6.0,6.0,6.0,6.0,6.0,6.0,6.0,6.0,6.0,6.0,1.0,2.0,2.7155172413793105,1.1172413793103448,0.22629310344827588,0.04743598026755793,-0.3347655476316186,1.1379310344827587,0.22004310344827588,0.04375,0.050632911392405056,-0.03125,0.04375,-0.008438818565400845,OK,
freeze,score_only,fused_fisher,1.0,0.5,budget_only,count,0.1,0.15,0.1,80,80,7,80,1.0,0.0875,1.0,1.1379310344827587,0.22004310344827588,5.5,0.3625,0.4625,-0.10000000000000003,0.4625,0.325,0.4625,0.325,0.15,0.05,0.05,1.0,6.0,6.0,6.0,6.0,6.0,6.0,6.0,6.0,6.0,6.0,2.0,2.0,2.7362068965517246,1.1172413793103448,0.22801724137931031,0.04743598026755793,-0.37604729807703857,1.1379310344827587,0.22004310344827588,0.11458333333333333,0.13080168776371306,0.03541666666666667,0.09375,0.06329113924050633,OK,
freeze,score_only,fused_fisher,1.0,0.75,budget_only,count,0.1,0.15,0.1,80,80,7,80,1.0,0.0875,1.0,1.1379310344827587,0.22004310344827588,5.5,0.375,0.4625,-0.08750000000000002,0.5125,0.4375,0.5125,0.4375,0.1875,0.05,0.05,1.0,6.0,6.0,6.0,6.0,6.0,6.0,3.5,6.0,6.0,6.0,1.0,2.0,2.7155172413793105,1.0603448275862069,0.2262931034482758,0.04743598026755793,-0.24519525538714407,1.1379310344827587,0.22004310344827588,0.1645833333333333,0.189873417721519,0.02708333333333333,0.12291666666666667,0.10548523206751054,OK,
freeze,score_only,fused_fisher,1.0,1.0,budget_only,count,0.1,0.15,0.1,80,80,7,80,1.0,0.0875,1.0,1.1379310344827587,0.22004310344827588,5.5,0.4375,0.4625,-0.025000000000000022,0.575,0.4625,0.575,0.4625,0.1875,0.05,0.05,1.0,6.0,6.0,6.0,6.0,6.0,6.0,2.0,6.0,6.0,6.0,1.0,2.0,2.7,1.0887931034482758,0.225,0.04743598026755793,-0.021510184502976242,1.1379310344827587,0.22004310344827588,0.17708333333333331,0.21940928270042193,0.08125,0.12708333333333333,0.14345991561181434,OK,
freeze,score_only,fused_fisher_lrt_delta,1.0,0.25,budget_only,count,0.1,0.15,0.1,80,80,4,80,1.0,0.05,1.0,0.9517241379310345,0.23771551724137932,4.6,0.175,0.425,-0.25,0.25,0.175,0.25,0.175,0.125,0.05,0.05,1.0,6.0,6.0,6.0,6.0,6.0,6.0,6.0,6.0,6.0,6.0,2.0,2.0,2.837068965517241,0.9362068965517242,0.23642241379310347,0.05548127925356684,-0.4413151004700084,0.9517241379310345,0.23771551724137932,0.05833333333333333,0.02953586497890295,-0.041666666666666664,0.041666666666666664,0.004219409282700422,OK,
freeze,score_only,fused_fisher_lrt_delta,1.0,0.5,budget_only,count,0.1,0.15,0.1,80,80,4,80,1.0,0.05,1.0,0.9517241379310345,0.23771551724137932,4.6,0.2875,0.425,-0.1375,0.3625,0.175,0.3625,0.175,0.125,0.05,0.05,1.0,6.0,6.0,6.0,6.0,6.0,6.0,6.0,6.0,6.0,6.0,4.0,2.0,2.8758620689655174,0.9517241379310345,0.2396551724137931,0.05548127925356684,-0.41259427677584554,0.9517241379310345,0.23771551724137932,0.10625,0.09282700421940927,-0.02291666666666667,0.07708333333333334,0.0590717299578059,OK,
freeze,score_only,fused_fisher_lrt_delta,1.0,0.75,budget_only,count,0.1,0.15,0.1,80,80,4,80,1.0,0.05,1.0,0.9517241379310345,0.23771551724137932,4.6,0.3,0.425,-0.125,0.375,0.175,0.375,0.175,0.125,0.05,0.05,1.0,6.0,6.0,6.0,6.0,6.0,6.0,6.0,6.0,6.0,6.0,3.0,2.0,2.8706896551724137,0.9258620689655175,0.23922413793103448,0.05548127925356684,-0.142727383856431,0.9517241379310345,0.23771551724137932,0.11666666666666665,0.1561181434599156,-0.008333333333333335,0.09166666666666667,0.10548523206751054,OK,
freeze,score_only,fused_fisher_lrt_delta,1.0,1.0,budget_only,count,0.1,0.15,0.1,80,80,4,80,1.0,0.05,1.0,0.9517241379310345,0.23771551724137932,4.6,0.4125,0.425,-0.012500000000000011,0.4875,0.2,0.4875,0.2,0.125,0.05,0.05,1.0,6.0,6.0,6.0,6.0,6.0,6.0,6.0,6.0,6.0,6.0,3.0,2.0,2.8913793103448278,0.9439655172413793,0.24094827586206896,0.05548127925356684,0.2693850683850319,0.9517241379310345,0.23771551724137932,0.14583333333333334,0.3059071729957806,0.05,0.125,0.23839662447257381,OK,
freeze,score_only,fused_sp,1.0,0.25,budget_only,count,0.1,0.15,0.1,80,80,3,80,1.0,0.0375,1.0,0.9439655172413793,0.23793103448275862,4.5625,0.1875,0.425,-0.2375,0.3375,0.2625,0.3375,0.2625,0.15,0.0375,0.0375,1.0,6.0,6.0,6.0,6.0,6.0,6.0,6.0,6.0,6.0,6.0,0.0,2.5,2.8525862068965515,0.9568965517241381,0.23771551724137932,0.03680740853027897,-0.3135396190137495,0.9439655172413793,0.23793103448275862,0.08333333333333333,0.08860759493670886,0.004166666666666669,0.07083333333333333,-0.06329113924050633,OK,
freeze,score_only,fused_sp,1.0,0.5,budget_only,count,0.1,0.15,0.1,80,80,3,80,1.0,0.0375,1.0,0.9439655172413793,0.23793103448275862,4.5625,0.125,0.425,-0.3,0.275,0.2375,0.275,0.2375,0.15,0.0375,0.0375,1.0,6.0,6.0,6.0,6.0,6.0,6.0,6.0,6.0,6.0,6.0,1.0,2.5,2.873275862068965,0.9543103448275861,0.23943965517241378,0.03680740853027897,-0.4162295630725132,0.9439655172413793,0.23793103448275862,0.12291666666666665,0.06329113924050633,-0.035416666666666666,0.06458333333333333,-0.029535864978902957,OK,
freeze,score_only,fused_sp,1.0,0.75,budget_only,count,0.1,0.15,0.1,80,80,3,80,1.0,0.0375,1.0,0.9439655172413793,0.23793103448275862,4.5625,0.125,0.425,-0.3,0.275,0.2375,0.275,0.2375,0.15,0.0375,0.0375,1.0,6.0,6.0,6.0,6.0,6.0,6.0,6.0,6.0,6.0,6.0,1.0,2.5,2.886206896551724,0.9620689655172413,0.24051724137931033,0.03680740853027897,-0.30691911831116325,0.9439655172413793,0.23793103448275862,0.12708333333333335,0.09282700421940927,-0.03958333333333333,0.06874999999999999,-0.03375527426160338,OK,
freeze,score_only,fused_sp,1.0,1.0,budget_only,count,0.1,0.15,0.1,80,80,3,80,1.0,0.0375,1.0,0.9439655172413793,0.23793103448275862,4.5625,0.125,0.425,-0.3,0.3,0.2625,0.3,0.2625,0.175,0.0375,0.0375,1.0,6.0,6.0,6.0,6.0,6.0,6.0,6.0,6.0,6.0,6.0,1.0,2.5,2.8758620689655165,0.9724137931034484,0.2396551724137931,0.03680740853027897,-0.03517578044998729,0.9439655172413793,0.23793103448275862,0.10624999999999998,0.08438818565400844,-0.010416666666666661,0.07708333333333334,-0.03375527426160338,OK,
freeze,score_only,fused_sp_lrt_delta,1.0,0.25,budget_only,count,0.1,0.15,0.1,80,80,3,80,1.0,0.0375,1.0,0.9439655172413793,0.23793103448275862,4.5625,0.2125,0.425,-0.2125,0.325,0.1625,0.325,0.1625,0.1125,0.0375,0.0375,1.0,6.0,6.0,6.0,6.0,6.0,6.0,6.0,6.0,6.0,6.0,2.0,2.5,2.839655172413793,0.9568965517241381,0.23663793103448277,0.030472436279847907,-0.2259880744219532,0.9439655172413793,0.23793103448275862,0.07708333333333332,0.0379746835443038,-0.04375,0.06041666666666666,-0.021097046413502112,OK,
freeze,score_only,fused_sp_lrt_delta,1.0,0.5,budget_only,count,0.1,0.15,0.1,80,80,3,80,1.0,0.0375,1.0,0.9439655172413793,0.23793103448275862,4.5625,0.125,0.425,-0.3,0.2375,0.15,0.2375,0.15,0.1125,0.0375,0.0375,1.0,6.0,6.0,6.0,6.0,6.0,6.0,6.0,6.0,6.0,6.0,2.0,2.5,2.886206896551724,0.9543103448275861,0.24051724137931033,0.030472436279847907,-0.2929219359687155,0.9439655172413793,0.23793103448275862,0.12708333333333335,0.04641350210970464,-0.09375,0.09375,-0.004219409282700424,OK,
freeze,score_only,fused_sp_lrt_delta,1.0,0.75,budget_only,count,0.1,0.15,0.1,80,80,3,80,1.0,0.0375,1.0,0.9439655172413793,0.23793103448275862,4.5625,0.1625,0.425,-0.26249999999999996,0.275,0.15,0.275,0.15,0.1125,0.0375,0.0375,1.0,6.0,6.0,6.0,6.0,6.0,6.0,6.0,6.0,6.0,6.0,2.0,2.5,2.868103448275862,0.9620689655172413,0.23900862068965517,0.030472436279847907,-0.1895801132633206,0.9439655172413793,0.23793103448275862,0.1125,0.0759493670886076,-0.07916666666666666,0.07916666666666666,-0.03375527426160339,OK,
freeze,score_only,fused_sp_lrt_delta,1.0,1.0,budget_only,count,0.1,0.15,0.1,80,80,3,80,1.0,0.0375,1.0,0.9439655172413793,0.23793103448275862,4.5625,0.125,0.425,-0.3,0.2875,0.2,0.2875,0.2,0.1625,0.0375,0.0375,1.0,6.0,6.0,6.0,6.0,6.0,6.0,6.0,6.0,6.0,6.0,2.0,2.5,2.8034482758620687,0.9258620689655173,0.2336206896551724,0.030472436279847907,0.030274983738954882,0.9439655172413793,0.23793103448275862,0.1,0.20253164556962025,-0.025,0.07083333333333333,0.0590717299578059,OK,
freeze,score_only,max_abs,1.0,0.25,budget_only,count,0.1,0.15,0.1,80,80,0,80,1.0,0.0,1.0,0.9568965517241381,0.25452586206896555,4.625,0.325,0.4125,-0.08749999999999997,0.4,0.2875,0.4,0.2875,0.2125,0.0,0.0,1.0,6.0,6.0,6.0,6.0,6.0,6.0,6.0,6.0,6.0,6.0,4.0,4.0,3.043965517241379,0.9413793103448278,0.25366379310344833,0.09699988830680331,0.06428918162993581,0.9568965517241381,0.25452586206896555,0.02291666666666666,0.008438818565400843,-0.014583333333333332,0.022916666666666665,-0.008438818565400843,OK,
freeze,score_only,max_abs,1.0,0.5,budget_only,count,0.1,0.15,0.1,80,80,0,80,1.0,0.0,1.0,0.9568965517241381,0.25452586206896555,4.625,0.2375,0.4125,-0.175,0.3125,0.275,0.3125,0.275,0.2125,0.0,0.0,1.0,6.0,6.0,6.0,6.0,6.0,6.0,6.0,6.0,6.0,6.0,4.0,4.0,3.080172413793103,0.9362068965517242,0.25668103448275864,0.09699988830680331,0.041239688863428534,0.9568965517241381,0.25452586206896555,0.0375,0.008438818565400843,-0.029166666666666664,0.0375,-0.008438818565400843,OK,
freeze,score_only,max_abs,1.0,0.75,budget_only,count,0.1,0.15,0.1,80,80,0,80,1.0,0.0,1.0,0.9568965517241381,0.25452586206896555,4.625,0.2,0.4125,-0.21249999999999997,0.275,0.2625,0.275,0.2625,0.2125,0.0,0.0,1.0,6.0,6.0,6.0,6.0,6.0,6.0,6.0,6.0,6.0,6.0,4.0,4.0,3.0775862068965516,0.9336206896551724,0.25646551724137934,0.09699988830680331,0.2123352168615314,0.9568965517241381,0.25452586206896555,0.04375,0.008438818565400843,-0.035416666666666666,0.04375,-0.008438818565400843,OK,
freeze,score_only,max_abs,1.0,1.0,budget_only,count,0.1,0.15,0.1,80,80,0,80,1.0,0.0,1.0,0.9568965517241381,0.25452586206896555,4.625,0.2125,0.4125,-0.19999999999999998,0.3,0.275,0.3,0.275,0.225,0.0,0.0,1.0,6.0,6.0,6.0,6.0,6.0,6.0,6.0,6.0,6.0,6.0,4.0,4.0,3.082758620689655,0.928448275862069,0.256896551724138,0.09699988830680331,0.49924498945083745,0.9568965517241381,0.25452586206896555,0.05,0.008438818565400843,-0.029166666666666664,0.04583333333333334,-0.008438818565400843,OK,
freeze,score_only,pc_t2,1.0,0.25,budget_only,count,0.1,0.15,0.1,80,58,3,58,0.725,0.0375,0.725,0.8275862068965518,0.23127229488703924,4.0,0.06896551724137931,0.06896551724137931,0.0,0.1724137931034483,0.1206896551724138,0.1724137931034483,0.1206896551724138,0.10344827586206896,0.05172413793103448,0.05172413793103448,1.0,6.0,6.0,6.0,6.0,6.0,6.0,6.0,6.0,6.0,6.0,2.0,2.0,2.7752675386444716,0.8275862068965518,0.23127229488703924,0.04085690293468489,-0.14892854227479368,0.8275862068965518,0.23127229488703924,0.0,0.0,0.0,0.0,0.0,OK,
freeze,score_only,pc_t2,1.0,0.5,budget_only,count,0.1,0.15,0.1,80,58,3,58,0.725,0.0375,0.725,0.8275862068965518,0.23127229488703924,4.0,0.06896551724137931,0.06896551724137931,0.0,0.1724137931034483,0.1206896551724138,0.1724137931034483,0.1206896551724138,0.10344827586206896,0.05172413793103448,0.05172413793103448,1.0,6.0,6.0,6.0,6.0,6.0,6.0,6.0,6.0,6.0,6.0,2.0,2.0,2.7752675386444716,0.8275862068965518,0.23127229488703924,0.04085690293468489,-0.09989757836461496,0.8275862068965518,0.23127229488703924,0.005747126436781609,0.0,0.005747126436781609,0.005747126436781609,0.0,OK,
freeze,score_only,pc_t2,1.0,0.75,budget_only,count,0.1,0.15,0.1,80,58,3,58,0.725,0.0375,0.725,0.8275862068965518,0.23127229488703924,4.0,0.06896551724137931,0.06896551724137931,0.0,0.1896551724137931,0.13793103448275862,0.1896551724137931,0.13793103448275862,0.1206896551724138,0.05172413793103448,0.05172413793103448,1.0,6.0,6.0,6.0,6.0,6.0,6.0,6.0,6.0,6.0,6.0,2.0,2.0,2.7752675386444716,0.8275862068965518,0.23127229488703924,0.04085690293468489,0.08989453004650536,0.8275862068965518,0.23127229488703924,0.02011494252873563,0.0,0.020114942528735632,0.020114942528735632,0.0,OK,
freeze,score_only,pc_t2,1.0,1.0,budget_only,count,0.1,0.15,0.1,80,58,3,58,0.725,0.0375,0.725,0.8275862068965518,0.23127229488703924,4.0,0.06896551724137931,0.06896551724137931,0.0,0.1896551724137931,0.13793103448275862,0.1896551724137931,0.13793103448275862,0.1206896551724138,0.05172413793103448,0.05172413793103448,1.0,6.0,6.0,6.0,6.0,6.0,6.0,6.0,6.0,6.0,6.0,2.0,2.0,2.7645659928656365,0.8275862068965518,0.2303804994054697,0.04085690293468489,0.4432058377899434,0.8275862068965518,0.23127229488703924,0.028735632183908042,0.0,0.028735632183908046,0.028735632183908046,0.0,OK,
freeze,score_only,res_energy,1.0,0.25,budget_only,count,0.1,0.15,0.1,80,80,0,80,1.0,0.0,1.0,0.9465517241379311,0.2530172413793104,4.575,0.2875,0.4125,-0.125,0.4125,0.225,0.4125,0.225,0.125,0.0,0.0,1.0,6.0,6.0,6.0,6.0,6.0,6.0,6.0,6.0,6.0,6.0,2.0,2.0,3.0517241379310347,0.9491379310344827,0.2543103448275862,0.04798130534471118,-0.25820691361664727,0.9465517241379311,0.2530172413793104,0.04583333333333333,0.02109704641350211,-0.04583333333333333,0.04583333333333333,0.02109704641350211,OK,
freeze,score_only,res_energy,1.0,0.5,budget_only,count,0.1,0.15,0.1,80,80,0,80,1.0,0.0,1.0,0.9465517241379311,0.2530172413793104,4.575,0.1625,0.4125,-0.24999999999999997,0.2875,0.1625,0.2875,0.1625,0.125,0.0,0.0,1.0,6.0,6.0,6.0,6.0,6.0,6.0,6.0,6.0,6.0,6.0,2.0,2.0,3.0801724137931035,0.9620689655172414,0.25668103448275864,0.04798130534471118,-0.32702565062660227,0.9465517241379311,0.2530172413793104,0.13958333333333334,0.06329113924050633,-0.10625,0.10625,-0.01265822784810127,OK,
freeze,score_only,res_energy,1.0,0.75,budget_only,count,0.1,0.15,0.1,80,80,0,80,1.0,0.0,1.0,0.9465517241379311,0.2530172413793104,4.575,0.1125,0.4125,-0.3,0.2375,0.2,0.2375,0.2,0.1625,0.0,0.0,1.0,6.0,6.0,6.0,6.0,6.0,6.0,6.0,6.0,6.0,6.0,3.0,2.0,3.093103448275862,0.9517241379310345,0.2577586206896552,0.04798130534471118,-0.24337876950442866,0.9465517241379311,0.2530172413793104,0.1395833333333333,0.02953586497890295,-0.11041666666666665,0.11458333333333333,0.012658227848101264,OK,
freeze,score_only,res_energy,1.0,1.0,budget_only,count,0.1,0.15,0.1,80,80,0,80,1.0,0.0,1.0,0.9465517241379311,0.2530172413793104,4.575,0.0625,0.4125,-0.35,0.225,0.2,0.225,0.2,0.1625,0.0,0.0,1.0,6.0,6.0,6.0,6.0,6.0,6.0,6.0,6.0,6.0,6.0,0.0,2.0,3.0698275862068964,0.9543103448275863,0.2558189655172414,0.04798130534471118,-0.0026775773614741314,0.9465517241379311,0.2530172413793104,0.125,0.04641350210970464,-0.08333333333333333,0.1125,-0.004219409282700425,OK,
freeze,score_only,stale,INFEASIBLE,0.25,budget_only,count,INFEASIBLE,INFEASIBLE,INFEASIBLE,INFEASIBLE,INFEASIBLE,INFEASIBLE,INFEASIBLE,INFEASIBLE,INFEASIBLE,INFEASIBLE,INFEASIBLE,INFEASIBLE,INFEASIBLE,INFEASIBLE,INFEASIBLE,INFEASIBLE,INFEASIBLE,INFEASIBLE,INFEASIBLE,INFEASIBLE,INFEASIBLE,INFEASIBLE,INFEASIBLE,,INFEASIBLE,INFEASIBLE,INFEASIBLE,INFEASIBLE,INFEASIBLE,INFEASIBLE,INFEASIBLE,INFEASIBLE,INFEASIBLE,INFEASIBLE,INFEASIBLE,INFEASIBLE,INFEASIBLE,INFEASIBLE,INFEASIBLE,INFEASIBLE,INFEASIBLE,INFEASIBLE,INFEASIBLE,INFEASIBLE,INFEASIBLE,INFEASIBLE,INFEASIBLE,INFEASIBLE,INFEASIBLE,no_trials_in_band
freeze,score_only,stale,INFEASIBLE,0.5,budget_only,count,INFEASIBLE,INFEASIBLE,INFEASIBLE,INFEASIBLE,INFEASIBLE,INFEASIBLE,INFEASIBLE,INFEASIBLE,INFEASIBLE,INFEASIBLE,INFEASIBLE,INFEASIBLE,INFEASIBLE,INFEASIBLE,INFEASIBLE,INFEASIBLE,INFEASIBLE,INFEASIBLE,INFEASIBLE,INFEASIBLE,INFEASIBLE,INFEASIBLE,INFEASIBLE,,INFEASIBLE,INFEASIBLE,INFEASIBLE,INFEASIBLE,INFEASIBLE,INFEASIBLE,INFEASIBLE,INFEASIBLE,INFEASIBLE,INFEASIBLE,INFEASIBLE,INFEASIBLE,INFEASIBLE,INFEASIBLE,INFEASIBLE,INFEASIBLE,INFEASIBLE,INFEASIBLE,INFEASIBLE,INFEASIBLE,INFEASIBLE,INFEASIBLE,INFEASIBLE,INFEASIBLE,INFEASIBLE,no_trials_in_band
freeze,score_only,stale,INFEASIBLE,0.75,budget_only,count,INFEASIBLE,INFEASIBLE,INFEASIBLE,INFEASIBLE,INFEASIBLE,INFEASIBLE,INFEASIBLE,INFEASIBLE,INFEASIBLE,INFEASIBLE,INFEASIBLE,INFEASIBLE,INFEASIBLE,INFEASIBLE,INFEASIBLE,INFEASIBLE,INFEASIBLE,INFEASIBLE,INFEASIBLE,INFEASIBLE,INFEASIBLE,INFEASIBLE,INFEASIBLE,,INFEASIBLE,INFEASIBLE,INFEASIBLE,INFEASIBLE,INFEASIBLE,INFEASIBLE,INFEASIBLE,INFEASIBLE,INFEASIBLE,INFEASIBLE,INFEASIBLE,INFEASIBLE,INFEASIBLE,INFEASIBLE,INFEASIBLE,INFEASIBLE,INFEASIBLE,INFEASIBLE,INFEASIBLE,INFEASIBLE,INFEASIBLE,INFEASIBLE,INFEASIBLE,INFEASIBLE,INFEASIBLE,no_trials_in_band
freeze,score_only,stale,INFEASIBLE,1.0,budget_only,count,INFEASIBLE,INFEASIBLE,INFEASIBLE,INFEASIBLE,INFEASIBLE,INFEASIBLE,INFEASIBLE,INFEASIBLE,INFEASIBLE,INFEASIBLE,INFEASIBLE,INFEASIBLE,INFEASIBLE,INFEASIBLE,INFEASIBLE,INFEASIBLE,INFEASIBLE,INFEASIBLE,INFEASIBLE,INFEASIBLE,INFEASIBLE,INFEASIBLE,INFEASIBLE,,INFEASIBLE,INFEASIBLE,INFEASIBLE,INFEASIBLE,INFEASIBLE,INFEASIBLE,INFEASIBLE,INFEASIBLE,INFEASIBLE,INFEASIBLE,INFEASIBLE,INFEASIBLE,INFEASIBLE,INFEASIBLE,INFEASIBLE,INFEASIBLE,INFEASIBLE,INFEASIBLE,INFEASIBLE,INFEASIBLE,INFEASIBLE,INFEASIBLE,INFEASIBLE,INFEASIBLE,INFEASIBLE,no_trials_in_band
