incident_regime_id,panel,detector,kind,attack_strength,budget,n_trials,contract_pass_full_rate,event_timely_sla_rate,budget_overshoot_rate,tiw_overshoot_rate,regime_start,regime_end
0,all_only,T2,corr_mix,0.0,1.0,6,0.0,0.0,0.0,0.0,2005-09-03,2008-08-23
0,all_only,T2,corr_mix,0.0,2.0,6,0.5,0.5,0.0,0.0,2005-09-03,2008-08-23
0,all_only,T2,corr_mix,0.25,1.0,6,0.0,0.0,0.0,0.0,2005-09-03,2008-08-23
0,all_only,T2,corr_mix,0.25,2.0,6,0.5,0.5,0.0,0.0,2005-09-03,2008-08-23
0,all_only,T2,corr_mix,0.5,1.0,6,0.0,0.0,0.0,0.0,2005-09-03,2008-08-23
0,all_only,T2,corr_mix,0.5,2.0,6,0.5,0.5,0.0,0.0,2005-09-03,2008-08-23
0,all_only,T2,corr_mix,0.75,1.0,6,0.0,0.0,0.0,0.0,2005-09-03,2008-08-23
0,all_only,T2,corr_mix,0.75,2.0,6,0.5,0.5,0.0,0.0,2005-09-03,2008-08-23
0,all_only,T2,corr_mix,1.0,1.0,6,0.0,0.0,0.0,0.0,2005-09-03,2008-08-23
0,all_only,T2,corr_mix,1.0,2.0,6,0.5,0.5,0.0,0.0,2005-09-03,2008-08-23
0,all_only,T2,freeze,0.0,1.0,6,0.0,0.0,0.0,0.0,2005-09-03,2008-08-23
0,all_only,T2,freeze,0.0,2.0,6,0.5,0.5,0.0,0.0,2005-09-03,2008-08-23
0,all_only,T2,freeze,0.25,1.0,6,0.0,0.0,0.0,0.0,2005-09-03,2008-08-23
0,all_only,T2,freeze,0.25,2.0,6,0.5,0.5,0.0,0.0,2005-09-03,2008-08-23
0,all_only,T2,freeze,0.5,1.0,6,0.0,0.0,0.0,0.0,2005-09-03,2008-08-23
0,all_only,T2,freeze,0.5,2.0,6,0.5,0.5,0.0,0.0,2005-09-03,2008-08-23
0,all_only,T2,freeze,0.75,1.0,6,0.0,0.0,0.0,0.0,2005-09-03,2008-08-23
0,all_only,T2,freeze,0.75,2.0,6,0.5,0.5,0.0,0.0,2005-09-03,2008-08-23
0,all_only,T2,freeze,1.0,1.0,6,0.0,0.0,0.0,0.0,2005-09-03,2008-08-23
0,all_only,T2,freeze,1.0,2.0,6,0.5,0.5,0.0,0.0,2005-09-03,2008-08-23
0,all_only,cusum_factor_cov_lrt,corr_mix,0.0,1.0,6,0.0,0.0,0.16666666666666666,0.0,2005-09-03,2008-08-23
0,all_only,cusum_factor_cov_lrt,corr_mix,0.0,2.0,6,0.0,0.0,0.0,0.0,2005-09-03,2008-08-23
0,all_only,cusum_factor_cov_lrt,corr_mix,0.25,1.0,6,0.0,0.0,0.16666666666666666,0.0,2005-09-03,2008-08-23
0,all_only,cusum_factor_cov_lrt,corr_mix,0.25,2.0,6,0.0,0.0,0.0,0.0,2005-09-03,2008-08-23
0,all_only,cusum_factor_cov_lrt,corr_mix,0.5,1.0,6,0.0,0.0,0.16666666666666666,0.0,2005-09-03,2008-08-23
0,all_only,cusum_factor_cov_lrt,corr_mix,0.5,2.0,6,0.0,0.0,0.0,0.0,2005-09-03,2008-08-23
0,all_only,cusum_factor_cov_lrt,corr_mix,0.75,1.0,6,0.0,0.0,0.16666666666666666,0.0,2005-09-03,2008-08-23
0,all_only,cusum_factor_cov_lrt,corr_mix,0.75,2.0,6,0.0,0.0,0.0,0.0,2005-09-03,2008-08-23
0,all_only,cusum_factor_cov_lrt,corr_mix,1.0,1.0,6,0.0,0.0,0.16666666666666666,0.0,2005-09-03,2008-08-23
0,all_only,cusum_factor_cov_lrt,corr_mix,1.0,2.0,6,0.0,0.0,0.0,0.0,2005-09-03,2008-08-23
0,all_only,cusum_factor_cov_lrt,freeze,0.0,1.0,6,0.0,0.0,0.16666666666666666,0.0,2005-09-03,2008-08-23
0,all_only,cusum_factor_cov_lrt,freeze,0.0,2.0,6,0.0,0.0,0.0,0.0,2005-09-03,2008-08-23
0,all_only,cusum_factor_cov_lrt,freeze,0.25,1.0,6,0.0,0.0,0.16666666666666666,0.0,2005-09-03,2008-08-23
0,all_only,cusum_factor_cov_lrt,freeze,0.25,2.0,6,0.0,0.0,0.0,0.0,2005-09-03,2008-08-23
0,all_only,cusum_factor_cov_lrt,freeze,0.5,1.0,6,0.0,0.0,0.16666666666666666,0.0,2005-09-03,2008-08-23
0,all_only,cusum_factor_cov_lrt,freeze,0.5,2.0,6,0.0,0.0,0.0,0.0,2005-09-03,2008-08-23
0,all_only,cusum_factor_cov_lrt,freeze,0.75,1.0,6,0.0,0.0,0.16666666666666666,0.0,2005-09-03,2008-08-23
0,all_only,cusum_factor_cov_lrt,freeze,0.75,2.0,6,0.0,0.0,0.0,0.0,2005-09-03,2008-08-23
0,all_only,cusum_factor_cov_lrt,freeze,1.0,1.0,6,0.0,0.0,0.16666666666666666,0.0,2005-09-03,2008-08-23
0,all_only,cusum_factor_cov_lrt,freeze,1.0,2.0,6,0.0,0.0,0.0,0.0,2005-09-03,2008-08-23
0,all_only,ewma_factor_cov_lrt,corr_mix,0.0,1.0,6,0.0,0.0,0.0,0.0,2005-09-03,2008-08-23
0,all_only,ewma_factor_cov_lrt,corr_mix,0.0,2.0,6,0.0,0.0,0.0,0.0,2005-09-03,2008-08-23
0,all_only,ewma_factor_cov_lrt,corr_mix,0.25,1.0,6,0.0,0.0,0.0,0.0,2005-09-03,2008-08-23
0,all_only,ewma_factor_cov_lrt,corr_mix,0.25,2.0,6,0.0,0.0,0.0,0.0,2005-09-03,2008-08-23
0,all_only,ewma_factor_cov_lrt,corr_mix,0.5,1.0,6,0.0,0.0,0.0,0.0,2005-09-03,2008-08-23
0,all_only,ewma_factor_cov_lrt,corr_mix,0.5,2.0,6,0.0,0.0,0.0,0.0,2005-09-03,2008-08-23
0,all_only,ewma_factor_cov_lrt,corr_mix,0.75,1.0,6,0.0,0.0,0.0,0.0,2005-09-03,2008-08-23
0,all_only,ewma_factor_cov_lrt,corr_mix,0.75,2.0,6,0.0,0.0,0.0,0.0,2005-09-03,2008-08-23
0,all_only,ewma_factor_cov_lrt,corr_mix,1.0,1.0,6,0.0,0.0,0.0,0.0,2005-09-03,2008-08-23
0,all_only,ewma_factor_cov_lrt,corr_mix,1.0,2.0,6,0.0,0.0,0.0,0.0,2005-09-03,2008-08-23
0,all_only,ewma_factor_cov_lrt,freeze,0.0,1.0,6,0.0,0.0,0.0,0.0,2005-09-03,2008-08-23
0,all_only,ewma_factor_cov_lrt,freeze,0.0,2.0,6,0.0,0.0,0.0,0.0,2005-09-03,2008-08-23
0,all_only,ewma_factor_cov_lrt,freeze,0.25,1.0,6,0.0,0.0,0.0,0.0,2005-09-03,2008-08-23
0,all_only,ewma_factor_cov_lrt,freeze,0.25,2.0,6,0.0,0.0,0.0,0.0,2005-09-03,2008-08-23
0,all_only,ewma_factor_cov_lrt,freeze,0.5,1.0,6,0.0,0.0,0.0,0.0,2005-09-03,2008-08-23
0,all_only,ewma_factor_cov_lrt,freeze,0.5,2.0,6,0.0,0.0,0.0,0.0,2005-09-03,2008-08-23
0,all_only,ewma_factor_cov_lrt,freeze,0.75,1.0,6,0.0,0.0,0.0,0.0,2005-09-03,2008-08-23
0,all_only,ewma_factor_cov_lrt,freeze,0.75,2.0,6,0.0,0.0,0.0,0.0,2005-09-03,2008-08-23
0,all_only,ewma_factor_cov_lrt,freeze,1.0,1.0,6,0.0,0.0,0.0,0.0,2005-09-03,2008-08-23
0,all_only,ewma_factor_cov_lrt,freeze,1.0,2.0,6,0.0,0.0,0.0,0.0,2005-09-03,2008-08-23
0,all_only,factor_cov_change,corr_mix,0.0,1.0,6,0.0,0.0,1.0,0.0,2005-09-03,2008-08-23
0,all_only,factor_cov_change,corr_mix,0.0,2.0,6,0.16666666666666666,0.16666666666666666,0.0,0.0,2005-09-03,2008-08-23
0,all_only,factor_cov_change,corr_mix,0.25,1.0,6,0.0,0.0,1.0,0.0,2005-09-03,2008-08-23
0,all_only,factor_cov_change,corr_mix,0.25,2.0,6,0.16666666666666666,0.16666666666666666,0.0,0.0,2005-09-03,2008-08-23
0,all_only,factor_cov_change,corr_mix,0.5,1.0,6,0.0,0.0,1.0,0.0,2005-09-03,2008-08-23
0,all_only,factor_cov_change,corr_mix,0.5,2.0,6,0.16666666666666666,0.16666666666666666,0.0,0.0,2005-09-03,2008-08-23
0,all_only,factor_cov_change,corr_mix,0.75,1.0,6,0.0,0.0,1.0,0.0,2005-09-03,2008-08-23
0,all_only,factor_cov_change,corr_mix,0.75,2.0,6,0.16666666666666666,0.16666666666666666,0.0,0.0,2005-09-03,2008-08-23
0,all_only,factor_cov_change,corr_mix,1.0,1.0,6,0.0,0.0,1.0,0.0,2005-09-03,2008-08-23
0,all_only,factor_cov_change,corr_mix,1.0,2.0,6,0.16666666666666666,0.16666666666666666,0.0,0.0,2005-09-03,2008-08-23
0,all_only,factor_cov_change,freeze,0.0,1.0,6,0.0,0.0,1.0,0.0,2005-09-03,2008-08-23
0,all_only,factor_cov_change,freeze,0.0,2.0,6,0.16666666666666666,0.16666666666666666,0.0,0.0,2005-09-03,2008-08-23
0,all_only,factor_cov_change,freeze,0.25,1.0,6,0.0,0.0,1.0,0.0,2005-09-03,2008-08-23
0,all_only,factor_cov_change,freeze,0.25,2.0,6,0.16666666666666666,0.16666666666666666,0.0,0.0,2005-09-03,2008-08-23
0,all_only,factor_cov_change,freeze,0.5,1.0,6,0.0,0.0,1.0,0.0,2005-09-03,2008-08-23
0,all_only,factor_cov_change,freeze,0.5,2.0,6,0.16666666666666666,0.16666666666666666,0.0,0.0,2005-09-03,2008-08-23
0,all_only,factor_cov_change,freeze,0.75,1.0,6,0.0,0.0,1.0,0.0,2005-09-03,2008-08-23
0,all_only,factor_cov_change,freeze,0.75,2.0,6,0.16666666666666666,0.16666666666666666,0.0,0.0,2005-09-03,2008-08-23
0,all_only,factor_cov_change,freeze,1.0,1.0,6,0.0,0.0,1.0,0.0,2005-09-03,2008-08-23
0,all_only,factor_cov_change,freeze,1.0,2.0,6,0.16666666666666666,0.16666666666666666,0.0,0.0,2005-09-03,2008-08-23
0,all_only,factor_cov_delta,corr_mix,0.0,1.0,6,0.0,0.0,0.0,0.0,2005-09-03,2008-08-23
0,all_only,factor_cov_delta,corr_mix,0.0,2.0,6,0.5,0.5,0.0,0.0,2005-09-03,2008-08-23
0,all_only,factor_cov_delta,corr_mix,0.25,1.0,6,0.0,0.0,0.0,0.0,2005-09-03,2008-08-23
0,all_only,factor_cov_delta,corr_mix,0.25,2.0,6,0.5,0.5,0.0,0.0,2005-09-03,2008-08-23
0,all_only,factor_cov_delta,corr_mix,0.5,1.0,6,0.0,0.0,0.0,0.0,2005-09-03,2008-08-23
0,all_only,factor_cov_delta,corr_mix,0.5,2.0,6,0.5,0.5,0.0,0.0,2005-09-03,2008-08-23
0,all_only,factor_cov_delta,corr_mix,0.75,1.0,6,0.0,0.0,0.0,0.0,2005-09-03,2008-08-23
0,all_only,factor_cov_delta,corr_mix,0.75,2.0,6,0.5,0.5,0.0,0.0,2005-09-03,2008-08-23
0,all_only,factor_cov_delta,corr_mix,1.0,1.0,6,0.0,0.0,0.0,0.0,2005-09-03,2008-08-23
0,all_only,factor_cov_delta,corr_mix,1.0,2.0,6,0.5,0.5,0.0,0.0,2005-09-03,2008-08-23
0,all_only,factor_cov_delta,freeze,0.0,1.0,6,0.0,0.0,0.0,0.0,2005-09-03,2008-08-23
0,all_only,factor_cov_delta,freeze,0.0,2.0,6,0.5,0.5,0.0,0.0,2005-09-03,2008-08-23
0,all_only,factor_cov_delta,freeze,0.25,1.0,6,0.0,0.0,0.0,0.0,2005-09-03,2008-08-23
0,all_only,factor_cov_delta,freeze,0.25,2.0,6,0.5,0.5,0.0,0.0,2005-09-03,2008-08-23
0,all_only,factor_cov_delta,freeze,0.5,1.0,6,0.0,0.0,0.0,0.0,2005-09-03,2008-08-23
0,all_only,factor_cov_delta,freeze,0.5,2.0,6,0.5,0.5,0.0,0.0,2005-09-03,2008-08-23
0,all_only,factor_cov_delta,freeze,0.75,1.0,6,0.0,0.0,0.0,0.0,2005-09-03,2008-08-23
0,all_only,factor_cov_delta,freeze,0.75,2.0,6,0.5,0.5,0.0,0.0,2005-09-03,2008-08-23
0,all_only,factor_cov_delta,freeze,1.0,1.0,6,0.0,0.0,0.0,0.0,2005-09-03,2008-08-23
0,all_only,factor_cov_delta,freeze,1.0,2.0,6,0.5,0.5,0.0,0.0,2005-09-03,2008-08-23
0,all_only,factor_cov_lrt,corr_mix,0.0,1.0,6,0.16666666666666666,0.8333333333333334,0.8333333333333334,0.6666666666666666,2005-09-03,2008-08-23
0,all_only,factor_cov_lrt,corr_mix,0.0,2.0,6,0.0,0.0,0.0,0.0,2005-09-03,2008-08-23
0,all_only,factor_cov_lrt,corr_mix,0.25,1.0,6,0.16666666666666666,0.8333333333333334,0.8333333333333334,0.6666666666666666,2005-09-03,2008-08-23
0,all_only,factor_cov_lrt,corr_mix,0.25,2.0,6,0.0,0.0,0.0,0.0,2005-09-03,2008-08-23
0,all_only,factor_cov_lrt,corr_mix,0.5,1.0,6,0.16666666666666666,0.8333333333333334,0.8333333333333334,0.6666666666666666,2005-09-03,2008-08-23
0,all_only,factor_cov_lrt,corr_mix,0.5,2.0,6,0.0,0.0,0.0,0.0,2005-09-03,2008-08-23
0,all_only,factor_cov_lrt,corr_mix,0.75,1.0,6,0.16666666666666666,0.8333333333333334,0.8333333333333334,0.6666666666666666,2005-09-03,2008-08-23
0,all_only,factor_cov_lrt,corr_mix,0.75,2.0,6,0.0,0.0,0.0,0.0,2005-09-03,2008-08-23
0,all_only,factor_cov_lrt,corr_mix,1.0,1.0,6,0.16666666666666666,0.8333333333333334,0.8333333333333334,0.6666666666666666,2005-09-03,2008-08-23
0,all_only,factor_cov_lrt,corr_mix,1.0,2.0,6,0.0,0.0,0.0,0.0,2005-09-03,2008-08-23
0,all_only,factor_cov_lrt,freeze,0.0,1.0,6,0.16666666666666666,0.8333333333333334,0.8333333333333334,0.6666666666666666,2005-09-03,2008-08-23
0,all_only,factor_cov_lrt,freeze,0.0,2.0,6,0.0,0.0,0.0,0.0,2005-09-03,2008-08-23
0,all_only,factor_cov_lrt,freeze,0.25,1.0,6,0.16666666666666666,0.8333333333333334,0.8333333333333334,0.6666666666666666,2005-09-03,2008-08-23
0,all_only,factor_cov_lrt,freeze,0.25,2.0,6,0.0,0.0,0.0,0.0,2005-09-03,2008-08-23
0,all_only,factor_cov_lrt,freeze,0.5,1.0,6,0.16666666666666666,0.8333333333333334,0.8333333333333334,0.6666666666666666,2005-09-03,2008-08-23
0,all_only,factor_cov_lrt,freeze,0.5,2.0,6,0.0,0.0,0.0,0.0,2005-09-03,2008-08-23
0,all_only,factor_cov_lrt,freeze,0.75,1.0,6,0.16666666666666666,0.8333333333333334,0.8333333333333334,0.6666666666666666,2005-09-03,2008-08-23
0,all_only,factor_cov_lrt,freeze,0.75,2.0,6,0.0,0.0,0.0,0.0,2005-09-03,2008-08-23
0,all_only,factor_cov_lrt,freeze,1.0,1.0,6,0.16666666666666666,0.8333333333333334,0.8333333333333334,0.6666666666666666,2005-09-03,2008-08-23
0,all_only,factor_cov_lrt,freeze,1.0,2.0,6,0.0,0.0,0.0,0.0,2005-09-03,2008-08-23
0,all_only,factor_cov_lrt_delta,corr_mix,0.0,1.0,6,0.0,0.0,0.0,0.0,2005-09-03,2008-08-23
0,all_only,factor_cov_lrt_delta,corr_mix,0.0,2.0,6,0.5,0.5,0.0,0.0,2005-09-03,2008-08-23
0,all_only,factor_cov_lrt_delta,corr_mix,0.25,1.0,6,0.0,0.0,0.0,0.0,2005-09-03,2008-08-23
0,all_only,factor_cov_lrt_delta,corr_mix,0.25,2.0,6,0.5,0.5,0.0,0.0,2005-09-03,2008-08-23
0,all_only,factor_cov_lrt_delta,corr_mix,0.5,1.0,6,0.0,0.0,0.0,0.0,2005-09-03,2008-08-23
0,all_only,factor_cov_lrt_delta,corr_mix,0.5,2.0,6,0.5,0.5,0.0,0.0,2005-09-03,2008-08-23
0,all_only,factor_cov_lrt_delta,corr_mix,0.75,1.0,6,0.0,0.0,0.0,0.0,2005-09-03,2008-08-23
0,all_only,factor_cov_lrt_delta,corr_mix,0.75,2.0,6,0.5,0.5,0.0,0.0,2005-09-03,2008-08-23
0,all_only,factor_cov_lrt_delta,corr_mix,1.0,1.0,6,0.0,0.0,0.0,0.0,2005-09-03,2008-08-23
0,all_only,factor_cov_lrt_delta,corr_mix,1.0,2.0,6,0.5,0.5,0.0,0.0,2005-09-03,2008-08-23
0,all_only,factor_cov_lrt_delta,freeze,0.0,1.0,6,0.0,0.0,0.0,0.0,2005-09-03,2008-08-23
0,all_only,factor_cov_lrt_delta,freeze,0.0,2.0,6,0.5,0.5,0.0,0.0,2005-09-03,2008-08-23
0,all_only,factor_cov_lrt_delta,freeze,0.25,1.0,6,0.0,0.0,0.0,0.0,2005-09-03,2008-08-23
0,all_only,factor_cov_lrt_delta,freeze,0.25,2.0,6,0.5,0.5,0.0,0.0,2005-09-03,2008-08-23
0,all_only,factor_cov_lrt_delta,freeze,0.5,1.0,6,0.0,0.0,0.0,0.0,2005-09-03,2008-08-23
0,all_only,factor_cov_lrt_delta,freeze,0.5,2.0,6,0.5,0.5,0.0,0.0,2005-09-03,2008-08-23
0,all_only,factor_cov_lrt_delta,freeze,0.75,1.0,6,0.0,0.0,0.0,0.0,2005-09-03,2008-08-23
0,all_only,factor_cov_lrt_delta,freeze,0.75,2.0,6,0.5,0.5,0.0,0.0,2005-09-03,2008-08-23
0,all_only,factor_cov_lrt_delta,freeze,1.0,1.0,6,0.0,0.0,0.0,0.0,2005-09-03,2008-08-23
0,all_only,factor_cov_lrt_delta,freeze,1.0,2.0,6,0.5,0.5,0.0,0.0,2005-09-03,2008-08-23
0,all_only,fused_fisher,corr_mix,0.0,1.0,6,0.0,0.0,0.0,0.0,2005-09-03,2008-08-23
0,all_only,fused_fisher,corr_mix,0.0,2.0,6,0.5,0.5,0.0,0.0,2005-09-03,2008-08-23
0,all_only,fused_fisher,corr_mix,0.25,1.0,6,0.0,0.0,0.0,0.0,2005-09-03,2008-08-23
0,all_only,fused_fisher,corr_mix,0.25,2.0,6,0.5,0.5,0.0,0.0,2005-09-03,2008-08-23
0,all_only,fused_fisher,corr_mix,0.5,1.0,6,0.0,0.0,0.0,0.0,2005-09-03,2008-08-23
0,all_only,fused_fisher,corr_mix,0.5,2.0,6,0.5,0.5,0.0,0.0,2005-09-03,2008-08-23
0,all_only,fused_fisher,corr_mix,0.75,1.0,6,0.0,0.0,0.0,0.0,2005-09-03,2008-08-23
0,all_only,fused_fisher,corr_mix,0.75,2.0,6,0.5,0.5,0.0,0.0,2005-09-03,2008-08-23
0,all_only,fused_fisher,corr_mix,1.0,1.0,6,0.0,0.0,0.0,0.0,2005-09-03,2008-08-23
0,all_only,fused_fisher,corr_mix,1.0,2.0,6,0.5,0.5,0.0,0.0,2005-09-03,2008-08-23
0,all_only,fused_fisher,freeze,0.0,1.0,6,0.0,0.0,0.0,0.0,2005-09-03,2008-08-23
0,all_only,fused_fisher,freeze,0.0,2.0,6,0.5,0.5,0.0,0.0,2005-09-03,2008-08-23
0,all_only,fused_fisher,freeze,0.25,1.0,6,0.0,0.0,0.0,0.0,2005-09-03,2008-08-23
0,all_only,fused_fisher,freeze,0.25,2.0,6,0.5,0.5,0.0,0.0,2005-09-03,2008-08-23
0,all_only,fused_fisher,freeze,0.5,1.0,6,0.0,0.0,0.0,0.0,2005-09-03,2008-08-23
0,all_only,fused_fisher,freeze,0.5,2.0,6,0.5,0.5,0.0,0.0,2005-09-03,2008-08-23
0,all_only,fused_fisher,freeze,0.75,1.0,6,0.0,0.0,0.0,0.0,2005-09-03,2008-08-23
0,all_only,fused_fisher,freeze,0.75,2.0,6,0.5,0.5,0.0,0.0,2005-09-03,2008-08-23
0,all_only,fused_fisher,freeze,1.0,1.0,6,0.0,0.0,0.0,0.0,2005-09-03,2008-08-23
0,all_only,fused_fisher,freeze,1.0,2.0,6,0.5,0.5,0.0,0.0,2005-09-03,2008-08-23
0,all_only,fused_fisher_lrt_delta,corr_mix,0.0,1.0,6,0.3333333333333333,0.3333333333333333,0.16666666666666666,0.0,2005-09-03,2008-08-23
0,all_only,fused_fisher_lrt_delta,corr_mix,0.0,2.0,6,0.5,0.6666666666666666,0.0,0.16666666666666666,2005-09-03,2008-08-23
0,all_only,fused_fisher_lrt_delta,corr_mix,0.25,1.0,6,0.3333333333333333,0.3333333333333333,0.16666666666666666,0.0,2005-09-03,2008-08-23
0,all_only,fused_fisher_lrt_delta,corr_mix,0.25,2.0,6,0.5,0.6666666666666666,0.0,0.16666666666666666,2005-09-03,2008-08-23
0,all_only,fused_fisher_lrt_delta,corr_mix,0.5,1.0,6,0.3333333333333333,0.3333333333333333,0.16666666666666666,0.0,2005-09-03,2008-08-23
0,all_only,fused_fisher_lrt_delta,corr_mix,0.5,2.0,6,0.5,0.6666666666666666,0.0,0.16666666666666666,2005-09-03,2008-08-23
0,all_only,fused_fisher_lrt_delta,corr_mix,0.75,1.0,6,0.3333333333333333,0.3333333333333333,0.16666666666666666,0.0,2005-09-03,2008-08-23
0,all_only,fused_fisher_lrt_delta,corr_mix,0.75,2.0,6,0.5,0.6666666666666666,0.0,0.16666666666666666,2005-09-03,2008-08-23
0,all_only,fused_fisher_lrt_delta,corr_mix,1.0,1.0,6,0.3333333333333333,0.3333333333333333,0.16666666666666666,0.0,2005-09-03,2008-08-23
0,all_only,fused_fisher_lrt_delta,corr_mix,1.0,2.0,6,0.5,0.6666666666666666,0.0,0.16666666666666666,2005-09-03,2008-08-23
0,all_only,fused_fisher_lrt_delta,freeze,0.0,1.0,6,0.3333333333333333,0.3333333333333333,0.16666666666666666,0.0,2005-09-03,2008-08-23
0,all_only,fused_fisher_lrt_delta,freeze,0.0,2.0,6,0.5,0.6666666666666666,0.0,0.16666666666666666,2005-09-03,2008-08-23
0,all_only,fused_fisher_lrt_delta,freeze,0.25,1.0,6,0.3333333333333333,0.3333333333333333,0.16666666666666666,0.0,2005-09-03,2008-08-23
0,all_only,fused_fisher_lrt_delta,freeze,0.25,2.0,6,0.5,0.6666666666666666,0.0,0.16666666666666666,2005-09-03,2008-08-23
0,all_only,fused_fisher_lrt_delta,freeze,0.5,1.0,6,0.3333333333333333,0.3333333333333333,0.16666666666666666,0.0,2005-09-03,2008-08-23
0,all_only,fused_fisher_lrt_delta,freeze,0.5,2.0,6,0.5,0.6666666666666666,0.0,0.16666666666666666,2005-09-03,2008-08-23
0,all_only,fused_fisher_lrt_delta,freeze,0.75,1.0,6,0.3333333333333333,0.3333333333333333,0.16666666666666666,0.0,2005-09-03,2008-08-23
0,all_only,fused_fisher_lrt_delta,freeze,0.75,2.0,6,0.5,0.6666666666666666,0.0,0.16666666666666666,2005-09-03,2008-08-23
0,all_only,fused_fisher_lrt_delta,freeze,1.0,1.0,6,0.3333333333333333,0.3333333333333333,0.16666666666666666,0.0,2005-09-03,2008-08-23
0,all_only,fused_fisher_lrt_delta,freeze,1.0,2.0,6,0.5,0.6666666666666666,0.0,0.16666666666666666,2005-09-03,2008-08-23
0,all_only,fused_sp,corr_mix,0.0,1.0,6,0.0,0.0,0.0,0.0,2005-09-03,2008-08-23
0,all_only,fused_sp,corr_mix,0.0,2.0,6,0.16666666666666666,0.16666666666666666,0.0,0.0,2005-09-03,2008-08-23
0,all_only,fused_sp,corr_mix,0.25,1.0,6,0.0,0.0,0.0,0.0,2005-09-03,2008-08-23
0,all_only,fused_sp,corr_mix,0.25,2.0,6,0.16666666666666666,0.16666666666666666,0.0,0.0,2005-09-03,2008-08-23
0,all_only,fused_sp,corr_mix,0.5,1.0,6,0.0,0.0,0.0,0.0,2005-09-03,2008-08-23
0,all_only,fused_sp,corr_mix,0.5,2.0,6,0.16666666666666666,0.16666666666666666,0.0,0.0,2005-09-03,2008-08-23
0,all_only,fused_sp,corr_mix,0.75,1.0,6,0.0,0.0,0.0,0.0,2005-09-03,2008-08-23
0,all_only,fused_sp,corr_mix,0.75,2.0,6,0.16666666666666666,0.16666666666666666,0.0,0.0,2005-09-03,2008-08-23
0,all_only,fused_sp,corr_mix,1.0,1.0,6,0.0,0.0,0.0,0.0,2005-09-03,2008-08-23
0,all_only,fused_sp,corr_mix,1.0,2.0,6,0.16666666666666666,0.16666666666666666,0.0,0.0,2005-09-03,2008-08-23
0,all_only,fused_sp,freeze,0.0,1.0,6,0.0,0.0,0.0,0.0,2005-09-03,2008-08-23
0,all_only,fused_sp,freeze,0.0,2.0,6,0.16666666666666666,0.16666666666666666,0.0,0.0,2005-09-03,2008-08-23
0,all_only,fused_sp,freeze,0.25,1.0,6,0.0,0.0,0.0,0.0,2005-09-03,2008-08-23
0,all_only,fused_sp,freeze,0.25,2.0,6,0.16666666666666666,0.16666666666666666,0.0,0.0,2005-09-03,2008-08-23
0,all_only,fused_sp,freeze,0.5,1.0,6,0.0,0.0,0.0,0.0,2005-09-03,2008-08-23
0,all_only,fused_sp,freeze,0.5,2.0,6,0.16666666666666666,0.16666666666666666,0.0,0.0,2005-09-03,2008-08-23
0,all_only,fused_sp,freeze,0.75,1.0,6,0.0,0.0,0.0,0.0,2005-09-03,2008-08-23
0,all_only,fused_sp,freeze,0.75,2.0,6,0.16666666666666666,0.16666666666666666,0.0,0.0,2005-09-03,2008-08-23
0,all_only,fused_sp,freeze,1.0,1.0,6,0.0,0.0,0.0,0.0,2005-09-03,2008-08-23
0,all_only,fused_sp,freeze,1.0,2.0,6,0.16666666666666666,0.16666666666666666,0.0,0.0,2005-09-03,2008-08-23
0,all_only,fused_sp_lrt_delta,corr_mix,0.0,1.0,6,0.0,0.0,0.0,0.0,2005-09-03,2008-08-23
0,all_only,fused_sp_lrt_delta,corr_mix,0.0,2.0,6,0.0,0.5,0.0,1.0,2005-09-03,2008-08-23
0,all_only,fused_sp_lrt_delta,corr_mix,0.25,1.0,6,0.0,0.0,0.0,0.0,2005-09-03,2008-08-23
0,all_only,fused_sp_lrt_delta,corr_mix,0.25,2.0,6,0.0,0.5,0.0,1.0,2005-09-03,2008-08-23
0,all_only,fused_sp_lrt_delta,corr_mix,0.5,1.0,6,0.0,0.0,0.0,0.0,2005-09-03,2008-08-23
0,all_only,fused_sp_lrt_delta,corr_mix,0.5,2.0,6,0.0,0.5,0.0,1.0,2005-09-03,2008-08-23
0,all_only,fused_sp_lrt_delta,corr_mix,0.75,1.0,6,0.0,0.0,0.0,0.0,2005-09-03,2008-08-23
0,all_only,fused_sp_lrt_delta,corr_mix,0.75,2.0,6,0.0,0.5,0.0,1.0,2005-09-03,2008-08-23
0,all_only,fused_sp_lrt_delta,corr_mix,1.0,1.0,6,0.0,0.0,0.0,0.0,2005-09-03,2008-08-23
0,all_only,fused_sp_lrt_delta,corr_mix,1.0,2.0,6,0.0,0.5,0.0,1.0,2005-09-03,2008-08-23
0,all_only,fused_sp_lrt_delta,freeze,0.0,1.0,6,0.0,0.0,0.0,0.0,2005-09-03,2008-08-23
0,all_only,fused_sp_lrt_delta,freeze,0.0,2.0,6,0.0,0.5,0.0,1.0,2005-09-03,2008-08-23
0,all_only,fused_sp_lrt_delta,freeze,0.25,1.0,6,0.0,0.0,0.0,0.0,2005-09-03,2008-08-23
0,all_only,fused_sp_lrt_delta,freeze,0.25,2.0,6,0.0,0.5,0.0,1.0,2005-09-03,2008-08-23
0,all_only,fused_sp_lrt_delta,freeze,0.5,1.0,6,0.0,0.0,0.0,0.0,2005-09-03,2008-08-23
0,all_only,fused_sp_lrt_delta,freeze,0.5,2.0,6,0.0,0.5,0.0,1.0,2005-09-03,2008-08-23
0,all_only,fused_sp_lrt_delta,freeze,0.75,1.0,6,0.0,0.0,0.0,0.0,2005-09-03,2008-08-23
0,all_only,fused_sp_lrt_delta,freeze,0.75,2.0,6,0.0,0.5,0.0,1.0,2005-09-03,2008-08-23
0,all_only,fused_sp_lrt_delta,freeze,1.0,1.0,6,0.0,0.0,0.0,0.0,2005-09-03,2008-08-23
0,all_only,fused_sp_lrt_delta,freeze,1.0,2.0,6,0.0,0.5,0.0,1.0,2005-09-03,2008-08-23
0,all_only,max_abs,corr_mix,0.0,1.0,6,0.0,0.5,1.0,0.0,2005-09-03,2008-08-23
0,all_only,max_abs,corr_mix,0.0,2.0,6,0.5,0.5,0.0,0.0,2005-09-03,2008-08-23
0,all_only,max_abs,corr_mix,0.25,1.0,6,0.0,0.5,1.0,0.0,2005-09-03,2008-08-23
0,all_only,max_abs,corr_mix,0.25,2.0,6,0.5,0.5,0.0,0.0,2005-09-03,2008-08-23
0,all_only,max_abs,corr_mix,0.5,1.0,6,0.0,0.5,1.0,0.0,2005-09-03,2008-08-23
0,all_only,max_abs,corr_mix,0.5,2.0,6,0.5,0.5,0.0,0.0,2005-09-03,2008-08-23
0,all_only,max_abs,corr_mix,0.75,1.0,6,0.0,0.5,1.0,0.0,2005-09-03,2008-08-23
0,all_only,max_abs,corr_mix,0.75,2.0,6,0.5,0.5,0.0,0.0,2005-09-03,2008-08-23
0,all_only,max_abs,corr_mix,1.0,1.0,6,0.0,0.5,1.0,0.0,2005-09-03,2008-08-23
0,all_only,max_abs,corr_mix,1.0,2.0,6,0.5,0.5,0.0,0.0,2005-09-03,2008-08-23
0,all_only,max_abs,freeze,0.0,1.0,6,0.0,0.5,1.0,0.0,2005-09-03,2008-08-23
0,all_only,max_abs,freeze,0.0,2.0,6,0.5,0.5,0.0,0.0,2005-09-03,2008-08-23
0,all_only,max_abs,freeze,0.25,1.0,6,0.0,0.5,1.0,0.0,2005-09-03,2008-08-23
0,all_only,max_abs,freeze,0.25,2.0,6,0.5,0.5,0.0,0.0,2005-09-03,2008-08-23
0,all_only,max_abs,freeze,0.5,1.0,6,0.0,0.5,1.0,0.0,2005-09-03,2008-08-23
0,all_only,max_abs,freeze,0.5,2.0,6,0.5,0.5,0.0,0.0,2005-09-03,2008-08-23
0,all_only,max_abs,freeze,0.75,1.0,6,0.0,0.5,1.0,0.0,2005-09-03,2008-08-23
0,all_only,max_abs,freeze,0.75,2.0,6,0.5,0.5,0.0,0.0,2005-09-03,2008-08-23
0,all_only,max_abs,freeze,1.0,1.0,6,0.0,0.5,1.0,0.0,2005-09-03,2008-08-23
0,all_only,max_abs,freeze,1.0,2.0,6,0.5,0.5,0.0,0.0,2005-09-03,2008-08-23
0,all_only,pc_t2,corr_mix,0.0,1.0,6,0.0,0.0,0.0,0.0,2005-09-03,2008-08-23
0,all_only,pc_t2,corr_mix,0.0,2.0,6,0.5,0.5,0.0,0.0,2005-09-03,2008-08-23
0,all_only,pc_t2,corr_mix,0.25,1.0,6,0.0,0.0,0.0,0.0,2005-09-03,2008-08-23
0,all_only,pc_t2,corr_mix,0.25,2.0,6,0.5,0.5,0.0,0.0,2005-09-03,2008-08-23
0,all_only,pc_t2,corr_mix,0.5,1.0,6,0.0,0.0,0.0,0.0,2005-09-03,2008-08-23
0,all_only,pc_t2,corr_mix,0.5,2.0,6,0.5,0.5,0.0,0.0,2005-09-03,2008-08-23
0,all_only,pc_t2,corr_mix,0.75,1.0,6,0.0,0.0,0.0,0.0,2005-09-03,2008-08-23
0,all_only,pc_t2,corr_mix,0.75,2.0,6,0.5,0.5,0.0,0.0,2005-09-03,2008-08-23
0,all_only,pc_t2,corr_mix,1.0,1.0,6,0.0,0.0,0.0,0.0,2005-09-03,2008-08-23
0,all_only,pc_t2,corr_mix,1.0,2.0,6,0.5,0.5,0.0,0.0,2005-09-03,2008-08-23
0,all_only,pc_t2,freeze,0.0,1.0,6,0.0,0.0,0.0,0.0,2005-09-03,2008-08-23
0,all_only,pc_t2,freeze,0.0,2.0,6,0.5,0.5,0.0,0.0,2005-09-03,2008-08-23
0,all_only,pc_t2,freeze,0.25,1.0,6,0.0,0.0,0.0,0.0,2005-09-03,2008-08-23
0,all_only,pc_t2,freeze,0.25,2.0,6,0.5,0.5,0.0,0.0,2005-09-03,2008-08-23
0,all_only,pc_t2,freeze,0.5,1.0,6,0.0,0.0,0.0,0.0,2005-09-03,2008-08-23
0,all_only,pc_t2,freeze,0.5,2.0,6,0.5,0.5,0.0,0.0,2005-09-03,2008-08-23
0,all_only,pc_t2,freeze,0.75,1.0,6,0.0,0.0,0.0,0.0,2005-09-03,2008-08-23
0,all_only,pc_t2,freeze,0.75,2.0,6,0.5,0.5,0.0,0.0,2005-09-03,2008-08-23
0,all_only,pc_t2,freeze,1.0,1.0,6,0.0,0.0,0.0,0.0,2005-09-03,2008-08-23
0,all_only,pc_t2,freeze,1.0,2.0,6,0.5,0.5,0.0,0.0,2005-09-03,2008-08-23
0,all_only,res_energy,corr_mix,0.0,1.0,6,0.0,0.0,0.0,0.0,2005-09-03,2008-08-23
0,all_only,res_energy,corr_mix,0.0,2.0,6,0.0,0.0,0.0,0.0,2005-09-03,2008-08-23
0,all_only,res_energy,corr_mix,0.25,1.0,6,0.0,0.0,0.0,0.0,2005-09-03,2008-08-23
0,all_only,res_energy,corr_mix,0.25,2.0,6,0.0,0.0,0.0,0.0,2005-09-03,2008-08-23
0,all_only,res_energy,corr_mix,0.5,1.0,6,0.0,0.0,0.0,0.0,2005-09-03,2008-08-23
0,all_only,res_energy,corr_mix,0.5,2.0,6,0.0,0.0,0.0,0.0,2005-09-03,2008-08-23
0,all_only,res_energy,corr_mix,0.75,1.0,6,0.0,0.0,0.0,0.0,2005-09-03,2008-08-23
0,all_only,res_energy,corr_mix,0.75,2.0,6,0.0,0.0,0.0,0.0,2005-09-03,2008-08-23
0,all_only,res_energy,corr_mix,1.0,1.0,6,0.0,0.0,0.0,0.0,2005-09-03,2008-08-23
0,all_only,res_energy,corr_mix,1.0,2.0,6,0.0,0.0,0.0,0.0,2005-09-03,2008-08-23
0,all_only,res_energy,freeze,0.0,1.0,6,0.0,0.0,0.0,0.0,2005-09-03,2008-08-23
0,all_only,res_energy,freeze,0.0,2.0,6,0.0,0.0,0.0,0.0,2005-09-03,2008-08-23
0,all_only,res_energy,freeze,0.25,1.0,6,0.0,0.0,0.0,0.0,2005-09-03,2008-08-23
0,all_only,res_energy,freeze,0.25,2.0,6,0.0,0.0,0.0,0.0,2005-09-03,2008-08-23
0,all_only,res_energy,freeze,0.5,1.0,6,0.0,0.0,0.0,0.0,2005-09-03,2008-08-23
0,all_only,res_energy,freeze,0.5,2.0,6,0.0,0.0,0.0,0.0,2005-09-03,2008-08-23
0,all_only,res_energy,freeze,0.75,1.0,6,0.0,0.0,0.0,0.0,2005-09-03,2008-08-23
0,all_only,res_energy,freeze,0.75,2.0,6,0.0,0.0,0.0,0.0,2005-09-03,2008-08-23
0,all_only,res_energy,freeze,1.0,1.0,6,0.0,0.0,0.0,0.0,2005-09-03,2008-08-23
0,all_only,res_energy,freeze,1.0,2.0,6,0.0,0.0,0.0,0.0,2005-09-03,2008-08-23
0,all_only,stale,corr_mix,0.0,1.0,6,0.0,0.8333333333333334,0.8333333333333334,1.0,2005-09-03,2008-08-23
0,all_only,stale,corr_mix,0.0,2.0,6,0.0,0.8333333333333334,0.0,1.0,2005-09-03,2008-08-23
0,all_only,stale,corr_mix,0.25,1.0,6,0.0,0.8333333333333334,0.8333333333333334,1.0,2005-09-03,2008-08-23
0,all_only,stale,corr_mix,0.25,2.0,6,0.0,0.8333333333333334,0.0,1.0,2005-09-03,2008-08-23
0,all_only,stale,corr_mix,0.5,1.0,6,0.0,0.8333333333333334,0.8333333333333334,1.0,2005-09-03,2008-08-23
0,all_only,stale,corr_mix,0.5,2.0,6,0.0,0.8333333333333334,0.0,1.0,2005-09-03,2008-08-23
0,all_only,stale,corr_mix,0.75,1.0,6,0.0,0.8333333333333334,0.8333333333333334,1.0,2005-09-03,2008-08-23
0,all_only,stale,corr_mix,0.75,2.0,6,0.0,0.8333333333333334,0.0,1.0,2005-09-03,2008-08-23
0,all_only,stale,corr_mix,1.0,1.0,6,0.0,0.8333333333333334,0.8333333333333334,1.0,2005-09-03,2008-08-23
0,all_only,stale,corr_mix,1.0,2.0,6,0.0,0.8333333333333334,0.0,1.0,2005-09-03,2008-08-23
0,all_only,stale,freeze,0.0,1.0,6,0.0,0.8333333333333334,0.8333333333333334,1.0,2005-09-03,2008-08-23
0,all_only,stale,freeze,0.0,2.0,6,0.0,0.8333333333333334,0.0,1.0,2005-09-03,2008-08-23
0,all_only,stale,freeze,0.25,1.0,6,0.0,0.8333333333333334,0.8333333333333334,1.0,2005-09-03,2008-08-23
0,all_only,stale,freeze,0.25,2.0,6,0.0,0.8333333333333334,0.0,1.0,2005-09-03,2008-08-23
0,all_only,stale,freeze,0.5,1.0,6,0.0,0.8333333333333334,0.8333333333333334,1.0,2005-09-03,2008-08-23
0,all_only,stale,freeze,0.5,2.0,6,0.0,0.8333333333333334,0.0,1.0,2005-09-03,2008-08-23
0,all_only,stale,freeze,0.75,1.0,6,0.0,0.8333333333333334,0.8333333333333334,1.0,2005-09-03,2008-08-23
0,all_only,stale,freeze,0.75,2.0,6,0.0,0.8333333333333334,0.0,1.0,2005-09-03,2008-08-23
0,all_only,stale,freeze,1.0,1.0,6,0.0,0.8333333333333334,0.8333333333333334,1.0,2005-09-03,2008-08-23
0,all_only,stale,freeze,1.0,2.0,6,0.0,0.8333333333333334,0.0,1.0,2005-09-03,2008-08-23
0,full,T2,corr_mix,0.0,1.0,6,0.0,0.0,0.0,0.0,2005-09-03,2008-08-23
0,full,T2,corr_mix,0.0,2.0,6,0.16666666666666666,0.16666666666666666,0.0,0.0,2005-09-03,2008-08-23
0,full,T2,corr_mix,0.25,1.0,6,0.8333333333333334,0.8333333333333334,0.0,0.0,2005-09-03,2008-08-23
0,full,T2,corr_mix,0.25,2.0,6,0.16666666666666666,0.16666666666666666,0.0,0.0,2005-09-03,2008-08-23
0,full,T2,corr_mix,0.5,1.0,6,0.8333333333333334,0.8333333333333334,0.0,0.0,2005-09-03,2008-08-23
0,full,T2,corr_mix,0.5,2.0,6,0.16666666666666666,0.16666666666666666,0.0,0.0,2005-09-03,2008-08-23
0,full,T2,corr_mix,0.75,1.0,6,0.8333333333333334,0.8333333333333334,0.0,0.0,2005-09-03,2008-08-23
0,full,T2,corr_mix,0.75,2.0,6,0.16666666666666666,0.16666666666666666,0.0,0.0,2005-09-03,2008-08-23
0,full,T2,corr_mix,1.0,1.0,6,0.8333333333333334,0.8333333333333334,0.0,0.0,2005-09-03,2008-08-23
0,full,T2,corr_mix,1.0,2.0,6,0.16666666666666666,0.16666666666666666,0.0,0.0,2005-09-03,2008-08-23
0,full,T2,freeze,0.0,1.0,6,0.0,0.0,0.0,0.0,2005-09-03,2008-08-23
0,full,T2,freeze,0.0,2.0,6,0.16666666666666666,0.16666666666666666,0.0,0.0,2005-09-03,2008-08-23
0,full,T2,freeze,0.25,1.0,6,0.0,0.0,0.0,0.0,2005-09-03,2008-08-23
0,full,T2,freeze,0.25,2.0,6,0.0,0.0,0.0,0.0,2005-09-03,2008-08-23
0,full,T2,freeze,0.5,1.0,6,0.0,0.0,0.0,0.0,2005-09-03,2008-08-23
0,full,T2,freeze,0.5,2.0,6,0.0,0.0,0.0,0.0,2005-09-03,2008-08-23
0,full,T2,freeze,0.75,1.0,6,0.0,0.0,0.0,0.0,2005-09-03,2008-08-23
0,full,T2,freeze,0.75,2.0,6,0.16666666666666666,0.16666666666666666,0.0,0.0,2005-09-03,2008-08-23
0,full,T2,freeze,1.0,1.0,6,0.0,0.0,0.0,0.0,2005-09-03,2008-08-23
0,full,T2,freeze,1.0,2.0,6,0.16666666666666666,0.16666666666666666,0.0,0.0,2005-09-03,2008-08-23
0,full,cusum_factor_cov_lrt,corr_mix,0.0,1.0,6,0.16666666666666666,0.5,0.6666666666666666,0.0,2005-09-03,2008-08-23
0,full,cusum_factor_cov_lrt,corr_mix,0.0,2.0,6,0.16666666666666666,0.16666666666666666,0.0,0.0,2005-09-03,2008-08-23
0,full,cusum_factor_cov_lrt,corr_mix,0.25,1.0,6,0.16666666666666666,0.5,0.6666666666666666,0.0,2005-09-03,2008-08-23
0,full,cusum_factor_cov_lrt,corr_mix,0.25,2.0,6,0.16666666666666666,0.16666666666666666,0.0,0.0,2005-09-03,2008-08-23
0,full,cusum_factor_cov_lrt,corr_mix,0.5,1.0,6,0.16666666666666666,0.3333333333333333,0.6666666666666666,0.0,2005-09-03,2008-08-23
0,full,cusum_factor_cov_lrt,corr_mix,0.5,2.0,6,0.16666666666666666,0.16666666666666666,0.0,0.0,2005-09-03,2008-08-23
0,full,cusum_factor_cov_lrt,corr_mix,0.75,1.0,6,0.0,0.0,0.6666666666666666,0.0,2005-09-03,2008-08-23
0,full,cusum_factor_cov_lrt,corr_mix,0.75,2.0,6,0.0,0.0,0.0,0.0,2005-09-03,2008-08-23
0,full,cusum_factor_cov_lrt,corr_mix,1.0,1.0,6,0.16666666666666666,0.16666666666666666,0.6666666666666666,0.0,2005-09-03,2008-08-23
0,full,cusum_factor_cov_lrt,corr_mix,1.0,2.0,6,0.0,0.0,0.0,0.0,2005-09-03,2008-08-23
0,full,cusum_factor_cov_lrt,freeze,0.0,1.0,6,0.16666666666666666,0.5,0.6666666666666666,0.0,2005-09-03,2008-08-23
0,full,cusum_factor_cov_lrt,freeze,0.0,2.0,6,0.16666666666666666,0.16666666666666666,0.0,0.0,2005-09-03,2008-08-23
0,full,cusum_factor_cov_lrt,freeze,0.25,1.0,6,0.16666666666666666,0.5,0.6666666666666666,0.0,2005-09-03,2008-08-23
0,full,cusum_factor_cov_lrt,freeze,0.25,2.0,6,0.16666666666666666,0.16666666666666666,0.0,0.0,2005-09-03,2008-08-23
0,full,cusum_factor_cov_lrt,freeze,0.5,1.0,6,0.16666666666666666,0.5,0.6666666666666666,0.0,2005-09-03,2008-08-23
0,full,cusum_factor_cov_lrt,freeze,0.5,2.0,6,0.16666666666666666,0.16666666666666666,0.0,0.0,2005-09-03,2008-08-23
0,full,cusum_factor_cov_lrt,freeze,0.75,1.0,6,0.3333333333333333,0.6666666666666666,0.6666666666666666,0.0,2005-09-03,2008-08-23
0,full,cusum_factor_cov_lrt,freeze,0.75,2.0,6,0.16666666666666666,0.16666666666666666,0.0,0.0,2005-09-03,2008-08-23
0,full,cusum_factor_cov_lrt,freeze,1.0,1.0,6,0.3333333333333333,0.8333333333333334,0.6666666666666666,0.0,2005-09-03,2008-08-23
0,full,cusum_factor_cov_lrt,freeze,1.0,2.0,6,0.16666666666666666,0.16666666666666666,0.0,0.0,2005-09-03,2008-08-23
0,full,ewma_factor_cov_lrt,corr_mix,0.0,1.0,6,0.0,0.0,0.0,0.0,2005-09-03,2008-08-23
0,full,ewma_factor_cov_lrt,corr_mix,0.0,2.0,6,0.16666666666666666,0.16666666666666666,0.0,0.5,2005-09-03,2008-08-23
0,full,ewma_factor_cov_lrt,corr_mix,0.25,1.0,6,0.0,0.0,0.0,0.0,2005-09-03,2008-08-23
0,full,ewma_factor_cov_lrt,corr_mix,0.25,2.0,6,0.16666666666666666,0.16666666666666666,0.0,0.5,2005-09-03,2008-08-23
0,full,ewma_factor_cov_lrt,corr_mix,0.5,1.0,6,0.0,0.0,0.0,0.0,2005-09-03,2008-08-23
0,full,ewma_factor_cov_lrt,corr_mix,0.5,2.0,6,0.16666666666666666,0.16666666666666666,0.0,0.5,2005-09-03,2008-08-23
0,full,ewma_factor_cov_lrt,corr_mix,0.75,1.0,6,0.16666666666666666,0.16666666666666666,0.0,0.0,2005-09-03,2008-08-23
0,full,ewma_factor_cov_lrt,corr_mix,0.75,2.0,6,0.16666666666666666,0.16666666666666666,0.0,0.5,2005-09-03,2008-08-23
0,full,ewma_factor_cov_lrt,corr_mix,1.0,1.0,6,0.16666666666666666,0.16666666666666666,0.0,0.0,2005-09-03,2008-08-23
0,full,ewma_factor_cov_lrt,corr_mix,1.0,2.0,6,0.16666666666666666,0.16666666666666666,0.0,0.5,2005-09-03,2008-08-23
0,full,ewma_factor_cov_lrt,freeze,0.0,1.0,6,0.0,0.0,0.0,0.0,2005-09-03,2008-08-23
0,full,ewma_factor_cov_lrt,freeze,0.0,2.0,6,0.16666666666666666,0.16666666666666666,0.0,0.5,2005-09-03,2008-08-23
0,full,ewma_factor_cov_lrt,freeze,0.25,1.0,6,0.0,0.0,0.0,0.0,2005-09-03,2008-08-23
0,full,ewma_factor_cov_lrt,freeze,0.25,2.0,6,0.16666666666666666,0.16666666666666666,0.0,0.5,2005-09-03,2008-08-23
0,full,ewma_factor_cov_lrt,freeze,0.5,1.0,6,0.0,0.0,0.0,0.0,2005-09-03,2008-08-23
0,full,ewma_factor_cov_lrt,freeze,0.5,2.0,6,0.16666666666666666,0.16666666666666666,0.0,0.5,2005-09-03,2008-08-23
0,full,ewma_factor_cov_lrt,freeze,0.75,1.0,6,0.0,0.0,0.0,0.0,2005-09-03,2008-08-23
0,full,ewma_factor_cov_lrt,freeze,0.75,2.0,6,0.16666666666666666,0.16666666666666666,0.0,0.5,2005-09-03,2008-08-23
0,full,ewma_factor_cov_lrt,freeze,1.0,1.0,6,0.16666666666666666,0.16666666666666666,0.0,0.0,2005-09-03,2008-08-23
0,full,ewma_factor_cov_lrt,freeze,1.0,2.0,6,0.16666666666666666,0.16666666666666666,0.0,0.5,2005-09-03,2008-08-23
0,full,factor_cov_change,corr_mix,0.0,1.0,6,0.0,0.0,1.0,0.0,2005-09-03,2008-08-23
0,full,factor_cov_change,corr_mix,0.0,2.0,6,0.3333333333333333,0.3333333333333333,0.0,0.0,2005-09-03,2008-08-23
0,full,factor_cov_change,corr_mix,0.25,1.0,6,0.0,0.0,1.0,0.0,2005-09-03,2008-08-23
0,full,factor_cov_change,corr_mix,0.25,2.0,6,0.3333333333333333,0.3333333333333333,0.0,0.0,2005-09-03,2008-08-23
0,full,factor_cov_change,corr_mix,0.5,1.0,6,0.0,0.0,1.0,0.0,2005-09-03,2008-08-23
0,full,factor_cov_change,corr_mix,0.5,2.0,6,0.3333333333333333,0.3333333333333333,0.0,0.0,2005-09-03,2008-08-23
0,full,factor_cov_change,corr_mix,0.75,1.0,6,0.0,0.0,1.0,0.0,2005-09-03,2008-08-23
0,full,factor_cov_change,corr_mix,0.75,2.0,6,0.3333333333333333,0.3333333333333333,0.0,0.0,2005-09-03,2008-08-23
0,full,factor_cov_change,corr_mix,1.0,1.0,6,0.0,0.0,1.0,0.0,2005-09-03,2008-08-23
0,full,factor_cov_change,corr_mix,1.0,2.0,6,0.3333333333333333,0.3333333333333333,0.0,0.0,2005-09-03,2008-08-23
0,full,factor_cov_change,freeze,0.0,1.0,6,0.0,0.0,1.0,0.0,2005-09-03,2008-08-23
0,full,factor_cov_change,freeze,0.0,2.0,6,0.3333333333333333,0.3333333333333333,0.0,0.0,2005-09-03,2008-08-23
0,full,factor_cov_change,freeze,0.25,1.0,6,0.0,0.0,1.0,0.0,2005-09-03,2008-08-23
0,full,factor_cov_change,freeze,0.25,2.0,6,0.3333333333333333,0.3333333333333333,0.0,0.0,2005-09-03,2008-08-23
0,full,factor_cov_change,freeze,0.5,1.0,6,0.0,0.0,1.0,0.0,2005-09-03,2008-08-23
0,full,factor_cov_change,freeze,0.5,2.0,6,0.3333333333333333,0.3333333333333333,0.0,0.0,2005-09-03,2008-08-23
0,full,factor_cov_change,freeze,0.75,1.0,6,0.0,0.0,1.0,0.0,2005-09-03,2008-08-23
0,full,factor_cov_change,freeze,0.75,2.0,6,0.3333333333333333,0.3333333333333333,0.0,0.0,2005-09-03,2008-08-23
0,full,factor_cov_change,freeze,1.0,1.0,6,0.0,0.0,1.0,0.0,2005-09-03,2008-08-23
0,full,factor_cov_change,freeze,1.0,2.0,6,0.3333333333333333,0.3333333333333333,0.0,0.0,2005-09-03,2008-08-23
0,full,factor_cov_delta,corr_mix,0.0,1.0,6,0.0,0.0,0.6666666666666666,0.0,2005-09-03,2008-08-23
0,full,factor_cov_delta,corr_mix,0.0,2.0,6,0.0,0.0,0.0,0.0,2005-09-03,2008-08-23
0,full,factor_cov_delta,corr_mix,0.25,1.0,6,0.0,0.0,0.6666666666666666,0.0,2005-09-03,2008-08-23
0,full,factor_cov_delta,corr_mix,0.25,2.0,6,0.0,0.0,0.0,0.0,2005-09-03,2008-08-23
0,full,factor_cov_delta,corr_mix,0.5,1.0,6,0.0,0.0,0.6666666666666666,0.0,2005-09-03,2008-08-23
0,full,factor_cov_delta,corr_mix,0.5,2.0,6,0.0,0.0,0.0,0.0,2005-09-03,2008-08-23
0,full,factor_cov_delta,corr_mix,0.75,1.0,6,0.0,0.0,0.6666666666666666,0.0,2005-09-03,2008-08-23
0,full,factor_cov_delta,corr_mix,0.75,2.0,6,0.0,0.0,0.0,0.0,2005-09-03,2008-08-23
0,full,factor_cov_delta,corr_mix,1.0,1.0,6,0.0,0.0,0.6666666666666666,0.0,2005-09-03,2008-08-23
0,full,factor_cov_delta,corr_mix,1.0,2.0,6,0.0,0.0,0.0,0.0,2005-09-03,2008-08-23
0,full,factor_cov_delta,freeze,0.0,1.0,6,0.0,0.0,0.6666666666666666,0.0,2005-09-03,2008-08-23
0,full,factor_cov_delta,freeze,0.0,2.0,6,0.0,0.0,0.0,0.0,2005-09-03,2008-08-23
0,full,factor_cov_delta,freeze,0.25,1.0,6,0.0,0.0,0.6666666666666666,0.0,2005-09-03,2008-08-23
0,full,factor_cov_delta,freeze,0.25,2.0,6,0.0,0.0,0.0,0.0,2005-09-03,2008-08-23
0,full,factor_cov_delta,freeze,0.5,1.0,6,0.0,0.0,0.6666666666666666,0.0,2005-09-03,2008-08-23
0,full,factor_cov_delta,freeze,0.5,2.0,6,0.0,0.0,0.0,0.0,2005-09-03,2008-08-23
0,full,factor_cov_delta,freeze,0.75,1.0,6,0.0,0.0,0.6666666666666666,0.0,2005-09-03,2008-08-23
0,full,factor_cov_delta,freeze,0.75,2.0,6,0.0,0.0,0.0,0.0,2005-09-03,2008-08-23
0,full,factor_cov_delta,freeze,1.0,1.0,6,0.0,0.0,0.6666666666666666,0.0,2005-09-03,2008-08-23
0,full,factor_cov_delta,freeze,1.0,2.0,6,0.0,0.0,0.0,0.0,2005-09-03,2008-08-23
0,full,factor_cov_lrt,corr_mix,0.0,1.0,6,0.3333333333333333,0.3333333333333333,0.0,0.0,2005-09-03,2008-08-23
0,full,factor_cov_lrt,corr_mix,0.0,2.0,6,0.16666666666666666,0.16666666666666666,0.0,0.0,2005-09-03,2008-08-23
0,full,factor_cov_lrt,corr_mix,0.25,1.0,6,0.0,0.0,0.0,0.0,2005-09-03,2008-08-23
0,full,factor_cov_lrt,corr_mix,0.25,2.0,6,0.16666666666666666,0.16666666666666666,0.0,0.0,2005-09-03,2008-08-23
0,full,factor_cov_lrt,corr_mix,0.5,1.0,6,0.0,0.0,0.0,0.0,2005-09-03,2008-08-23
0,full,factor_cov_lrt,corr_mix,0.5,2.0,6,0.16666666666666666,0.16666666666666666,0.0,0.0,2005-09-03,2008-08-23
0,full,factor_cov_lrt,corr_mix,0.75,1.0,6,0.0,0.0,0.0,0.0,2005-09-03,2008-08-23
0,full,factor_cov_lrt,corr_mix,0.75,2.0,6,0.16666666666666666,0.16666666666666666,0.0,0.0,2005-09-03,2008-08-23
0,full,factor_cov_lrt,corr_mix,1.0,1.0,6,0.0,0.0,0.0,0.0,2005-09-03,2008-08-23
0,full,factor_cov_lrt,corr_mix,1.0,2.0,6,0.16666666666666666,0.16666666666666666,0.0,0.0,2005-09-03,2008-08-23
0,full,factor_cov_lrt,freeze,0.0,1.0,6,0.3333333333333333,0.3333333333333333,0.0,0.0,2005-09-03,2008-08-23
0,full,factor_cov_lrt,freeze,0.0,2.0,6,0.16666666666666666,0.16666666666666666,0.0,0.0,2005-09-03,2008-08-23
0,full,factor_cov_lrt,freeze,0.25,1.0,6,0.3333333333333333,0.3333333333333333,0.0,0.0,2005-09-03,2008-08-23
0,full,factor_cov_lrt,freeze,0.25,2.0,6,0.16666666666666666,0.16666666666666666,0.0,0.0,2005-09-03,2008-08-23
0,full,factor_cov_lrt,freeze,0.5,1.0,6,0.3333333333333333,0.3333333333333333,0.0,0.0,2005-09-03,2008-08-23
0,full,factor_cov_lrt,freeze,0.5,2.0,6,0.16666666666666666,0.16666666666666666,0.0,0.0,2005-09-03,2008-08-23
0,full,factor_cov_lrt,freeze,0.75,1.0,6,0.3333333333333333,0.3333333333333333,0.0,0.0,2005-09-03,2008-08-23
0,full,factor_cov_lrt,freeze,0.75,2.0,6,0.0,0.0,0.0,0.0,2005-09-03,2008-08-23
0,full,factor_cov_lrt,freeze,1.0,1.0,6,0.3333333333333333,0.3333333333333333,0.0,0.0,2005-09-03,2008-08-23
0,full,factor_cov_lrt,freeze,1.0,2.0,6,0.16666666666666666,0.16666666666666666,0.0,0.0,2005-09-03,2008-08-23
0,full,factor_cov_lrt_delta,corr_mix,0.0,1.0,6,0.16666666666666666,0.16666666666666666,0.0,0.0,2005-09-03,2008-08-23
0,full,factor_cov_lrt_delta,corr_mix,0.0,2.0,6,0.16666666666666666,0.3333333333333333,0.0,0.8333333333333334,2005-09-03,2008-08-23
0,full,factor_cov_lrt_delta,corr_mix,0.25,1.0,6,0.16666666666666666,0.16666666666666666,0.0,0.0,2005-09-03,2008-08-23
0,full,factor_cov_lrt_delta,corr_mix,0.25,2.0,6,0.16666666666666666,0.3333333333333333,0.0,0.8333333333333334,2005-09-03,2008-08-23
0,full,factor_cov_lrt_delta,corr_mix,0.5,1.0,6,0.16666666666666666,0.16666666666666666,0.0,0.0,2005-09-03,2008-08-23
0,full,factor_cov_lrt_delta,corr_mix,0.5,2.0,6,0.16666666666666666,0.3333333333333333,0.0,0.8333333333333334,2005-09-03,2008-08-23
0,full,factor_cov_lrt_delta,corr_mix,0.75,1.0,6,0.0,0.0,0.0,0.0,2005-09-03,2008-08-23
0,full,factor_cov_lrt_delta,corr_mix,0.75,2.0,6,0.16666666666666666,0.3333333333333333,0.0,0.8333333333333334,2005-09-03,2008-08-23
0,full,factor_cov_lrt_delta,corr_mix,1.0,1.0,6,0.0,0.0,0.0,0.0,2005-09-03,2008-08-23
0,full,factor_cov_lrt_delta,corr_mix,1.0,2.0,6,0.16666666666666666,0.3333333333333333,0.0,0.8333333333333334,2005-09-03,2008-08-23
0,full,factor_cov_lrt_delta,freeze,0.0,1.0,6,0.16666666666666666,0.16666666666666666,0.0,0.0,2005-09-03,2008-08-23
0,full,factor_cov_lrt_delta,freeze,0.0,2.0,6,0.16666666666666666,0.3333333333333333,0.0,0.8333333333333334,2005-09-03,2008-08-23
0,full,factor_cov_lrt_delta,freeze,0.25,1.0,6,0.16666666666666666,0.16666666666666666,0.0,0.0,2005-09-03,2008-08-23
0,full,factor_cov_lrt_delta,freeze,0.25,2.0,6,0.16666666666666666,0.3333333333333333,0.0,0.8333333333333334,2005-09-03,2008-08-23
0,full,factor_cov_lrt_delta,freeze,0.5,1.0,6,0.0,0.0,0.0,0.0,2005-09-03,2008-08-23
0,full,factor_cov_lrt_delta,freeze,0.5,2.0,6,0.16666666666666666,0.3333333333333333,0.0,0.8333333333333334,2005-09-03,2008-08-23
0,full,factor_cov_lrt_delta,freeze,0.75,1.0,6,0.0,0.0,0.0,0.0,2005-09-03,2008-08-23
0,full,factor_cov_lrt_delta,freeze,0.75,2.0,6,0.16666666666666666,0.3333333333333333,0.0,0.8333333333333334,2005-09-03,2008-08-23
0,full,factor_cov_lrt_delta,freeze,1.0,1.0,6,0.0,0.0,0.0,0.0,2005-09-03,2008-08-23
0,full,factor_cov_lrt_delta,freeze,1.0,2.0,6,0.16666666666666666,0.3333333333333333,0.0,0.8333333333333334,2005-09-03,2008-08-23
0,full,fused_fisher,corr_mix,0.0,1.0,6,0.16666666666666666,0.16666666666666666,0.0,0.0,2005-09-03,2008-08-23
0,full,fused_fisher,corr_mix,0.0,2.0,6,0.3333333333333333,0.3333333333333333,0.0,0.0,2005-09-03,2008-08-23
0,full,fused_fisher,corr_mix,0.25,1.0,6,0.16666666666666666,0.16666666666666666,0.0,0.0,2005-09-03,2008-08-23
0,full,fused_fisher,corr_mix,0.25,2.0,6,0.3333333333333333,0.3333333333333333,0.0,0.0,2005-09-03,2008-08-23
0,full,fused_fisher,corr_mix,0.5,1.0,6,0.16666666666666666,0.16666666666666666,0.0,0.0,2005-09-03,2008-08-23
0,full,fused_fisher,corr_mix,0.5,2.0,6,0.3333333333333333,0.3333333333333333,0.0,0.0,2005-09-03,2008-08-23
0,full,fused_fisher,corr_mix,0.75,1.0,6,0.16666666666666666,0.16666666666666666,0.0,0.0,2005-09-03,2008-08-23
0,full,fused_fisher,corr_mix,0.75,2.0,6,0.3333333333333333,0.3333333333333333,0.0,0.0,2005-09-03,2008-08-23
0,full,fused_fisher,corr_mix,1.0,1.0,6,0.16666666666666666,0.16666666666666666,0.0,0.0,2005-09-03,2008-08-23
0,full,fused_fisher,corr_mix,1.0,2.0,6,0.3333333333333333,0.3333333333333333,0.0,0.0,2005-09-03,2008-08-23
0,full,fused_fisher,freeze,0.0,1.0,6,0.16666666666666666,0.16666666666666666,0.0,0.0,2005-09-03,2008-08-23
0,full,fused_fisher,freeze,0.0,2.0,6,0.3333333333333333,0.3333333333333333,0.0,0.0,2005-09-03,2008-08-23
0,full,fused_fisher,freeze,0.25,1.0,6,0.0,0.0,0.0,0.0,2005-09-03,2008-08-23
0,full,fused_fisher,freeze,0.25,2.0,6,0.3333333333333333,0.3333333333333333,0.0,0.0,2005-09-03,2008-08-23
0,full,fused_fisher,freeze,0.5,1.0,6,0.0,0.0,0.0,0.0,2005-09-03,2008-08-23
0,full,fused_fisher,freeze,0.5,2.0,6,0.16666666666666666,0.16666666666666666,0.0,0.0,2005-09-03,2008-08-23
0,full,fused_fisher,freeze,0.75,1.0,6,0.0,0.0,0.0,0.0,2005-09-03,2008-08-23
0,full,fused_fisher,freeze,0.75,2.0,6,0.16666666666666666,0.16666666666666666,0.0,0.0,2005-09-03,2008-08-23
0,full,fused_fisher,freeze,1.0,1.0,6,0.16666666666666666,0.16666666666666666,0.0,0.0,2005-09-03,2008-08-23
0,full,fused_fisher,freeze,1.0,2.0,6,0.16666666666666666,0.16666666666666666,0.0,0.0,2005-09-03,2008-08-23
0,full,fused_fisher_lrt_delta,corr_mix,0.0,1.0,6,0.16666666666666666,0.16666666666666666,0.0,0.0,2005-09-03,2008-08-23
0,full,fused_fisher_lrt_delta,corr_mix,0.0,2.0,6,0.16666666666666666,0.16666666666666666,0.0,0.0,2005-09-03,2008-08-23
0,full,fused_fisher_lrt_delta,corr_mix,0.25,1.0,6,0.16666666666666666,0.16666666666666666,0.0,0.0,2005-09-03,2008-08-23
0,full,fused_fisher_lrt_delta,corr_mix,0.25,2.0,6,0.3333333333333333,0.3333333333333333,0.0,0.0,2005-09-03,2008-08-23
0,full,fused_fisher_lrt_delta,corr_mix,0.5,1.0,6,0.16666666666666666,0.16666666666666666,0.0,0.0,2005-09-03,2008-08-23
0,full,fused_fisher_lrt_delta,corr_mix,0.5,2.0,6,0.3333333333333333,0.3333333333333333,0.0,0.0,2005-09-03,2008-08-23
0,full,fused_fisher_lrt_delta,corr_mix,0.75,1.0,6,0.16666666666666666,0.16666666666666666,0.0,0.0,2005-09-03,2008-08-23
0,full,fused_fisher_lrt_delta,corr_mix,0.75,2.0,6,0.3333333333333333,0.3333333333333333,0.0,0.0,2005-09-03,2008-08-23
0,full,fused_fisher_lrt_delta,corr_mix,1.0,1.0,6,0.16666666666666666,0.16666666666666666,0.0,0.0,2005-09-03,2008-08-23
0,full,fused_fisher_lrt_delta,corr_mix,1.0,2.0,6,0.3333333333333333,0.3333333333333333,0.0,0.0,2005-09-03,2008-08-23
0,full,fused_fisher_lrt_delta,freeze,0.0,1.0,6,0.16666666666666666,0.16666666666666666,0.0,0.0,2005-09-03,2008-08-23
0,full,fused_fisher_lrt_delta,freeze,0.0,2.0,6,0.16666666666666666,0.16666666666666666,0.0,0.0,2005-09-03,2008-08-23
0,full,fused_fisher_lrt_delta,freeze,0.25,1.0,6,0.16666666666666666,0.16666666666666666,0.0,0.0,2005-09-03,2008-08-23
0,full,fused_fisher_lrt_delta,freeze,0.25,2.0,6,0.16666666666666666,0.16666666666666666,0.0,0.0,2005-09-03,2008-08-23
0,full,fused_fisher_lrt_delta,freeze,0.5,1.0,6,0.16666666666666666,0.16666666666666666,0.0,0.0,2005-09-03,2008-08-23
0,full,fused_fisher_lrt_delta,freeze,0.5,2.0,6,0.3333333333333333,0.3333333333333333,0.0,0.0,2005-09-03,2008-08-23
0,full,fused_fisher_lrt_delta,freeze,0.75,1.0,6,0.16666666666666666,0.16666666666666666,0.0,0.0,2005-09-03,2008-08-23
0,full,fused_fisher_lrt_delta,freeze,0.75,2.0,6,0.16666666666666666,0.16666666666666666,0.0,0.0,2005-09-03,2008-08-23
0,full,fused_fisher_lrt_delta,freeze,1.0,1.0,6,0.16666666666666666,0.16666666666666666,0.0,0.0,2005-09-03,2008-08-23
0,full,fused_fisher_lrt_delta,freeze,1.0,2.0,6,0.16666666666666666,0.16666666666666666,0.0,0.0,2005-09-03,2008-08-23
0,full,fused_sp,corr_mix,0.0,1.0,6,0.0,0.0,0.0,0.0,2005-09-03,2008-08-23
0,full,fused_sp,corr_mix,0.0,2.0,6,0.0,0.16666666666666666,0.0,1.0,2005-09-03,2008-08-23
0,full,fused_sp,corr_mix,0.25,1.0,6,0.0,0.0,0.0,0.0,2005-09-03,2008-08-23
0,full,fused_sp,corr_mix,0.25,2.0,6,0.0,0.16666666666666666,0.0,1.0,2005-09-03,2008-08-23
0,full,fused_sp,corr_mix,0.5,1.0,6,0.0,0.0,0.0,0.0,2005-09-03,2008-08-23
0,full,fused_sp,corr_mix,0.5,2.0,6,0.0,0.16666666666666666,0.0,1.0,2005-09-03,2008-08-23
0,full,fused_sp,corr_mix,0.75,1.0,6,0.0,0.0,0.0,0.0,2005-09-03,2008-08-23
0,full,fused_sp,corr_mix,0.75,2.0,6,0.0,0.16666666666666666,0.0,1.0,2005-09-03,2008-08-23
0,full,fused_sp,corr_mix,1.0,1.0,6,0.0,0.0,0.0,0.0,2005-09-03,2008-08-23
0,full,fused_sp,corr_mix,1.0,2.0,6,0.0,0.16666666666666666,0.0,1.0,2005-09-03,2008-08-23
0,full,fused_sp,freeze,0.0,1.0,6,0.0,0.0,0.0,0.0,2005-09-03,2008-08-23
0,full,fused_sp,freeze,0.0,2.0,6,0.0,0.16666666666666666,0.0,1.0,2005-09-03,2008-08-23
0,full,fused_sp,freeze,0.25,1.0,6,0.0,0.0,0.0,0.0,2005-09-03,2008-08-23
0,full,fused_sp,freeze,0.25,2.0,6,0.0,0.0,0.0,1.0,2005-09-03,2008-08-23
0,full,fused_sp,freeze,0.5,1.0,6,0.0,0.0,0.0,0.0,2005-09-03,2008-08-23
0,full,fused_sp,freeze,0.5,2.0,6,0.0,0.0,0.0,1.0,2005-09-03,2008-08-23
0,full,fused_sp,freeze,0.75,1.0,6,0.0,0.0,0.0,0.0,2005-09-03,2008-08-23
0,full,fused_sp,freeze,0.75,2.0,6,0.0,0.0,0.0,1.0,2005-09-03,2008-08-23
0,full,fused_sp,freeze,1.0,1.0,6,0.0,0.0,0.0,0.0,2005-09-03,2008-08-23
0,full,fused_sp,freeze,1.0,2.0,6,0.0,0.16666666666666666,0.0,1.0,2005-09-03,2008-08-23
0,full,fused_sp_lrt_delta,corr_mix,0.0,1.0,6,0.0,0.0,0.0,0.0,2005-09-03,2008-08-23
0,full,fused_sp_lrt_delta,corr_mix,0.0,2.0,6,0.0,0.16666666666666666,0.0,0.3333333333333333,2005-09-03,2008-08-23
0,full,fused_sp_lrt_delta,corr_mix,0.25,1.0,6,0.0,0.0,0.0,0.0,2005-09-03,2008-08-23
0,full,fused_sp_lrt_delta,corr_mix,0.25,2.0,6,0.0,0.16666666666666666,0.0,0.3333333333333333,2005-09-03,2008-08-23
0,full,fused_sp_lrt_delta,corr_mix,0.5,1.0,6,0.0,0.0,0.0,0.0,2005-09-03,2008-08-23
0,full,fused_sp_lrt_delta,corr_mix,0.5,2.0,6,0.0,0.16666666666666666,0.0,0.3333333333333333,2005-09-03,2008-08-23
0,full,fused_sp_lrt_delta,corr_mix,0.75,1.0,6,0.0,0.0,0.0,0.0,2005-09-03,2008-08-23
0,full,fused_sp_lrt_delta,corr_mix,0.75,2.0,6,0.0,0.16666666666666666,0.0,0.3333333333333333,2005-09-03,2008-08-23
0,full,fused_sp_lrt_delta,corr_mix,1.0,1.0,6,0.0,0.0,0.0,0.0,2005-09-03,2008-08-23
0,full,fused_sp_lrt_delta,corr_mix,1.0,2.0,6,0.0,0.16666666666666666,0.0,0.3333333333333333,2005-09-03,2008-08-23
0,full,fused_sp_lrt_delta,freeze,0.0,1.0,6,0.0,0.0,0.0,0.0,2005-09-03,2008-08-23
0,full,fused_sp_lrt_delta,freeze,0.0,2.0,6,0.0,0.16666666666666666,0.0,0.3333333333333333,2005-09-03,2008-08-23
0,full,fused_sp_lrt_delta,freeze,0.25,1.0,6,0.0,0.0,0.0,0.0,2005-09-03,2008-08-23
0,full,fused_sp_lrt_delta,freeze,0.25,2.0,6,0.0,0.16666666666666666,0.0,0.3333333333333333,2005-09-03,2008-08-23
0,full,fused_sp_lrt_delta,freeze,0.5,1.0,6,0.0,0.0,0.0,0.0,2005-09-03,2008-08-23
0,full,fused_sp_lrt_delta,freeze,0.5,2.0,6,0.0,0.16666666666666666,0.0,0.3333333333333333,2005-09-03,2008-08-23
0,full,fused_sp_lrt_delta,freeze,0.75,1.0,6,0.0,0.0,0.0,0.0,2005-09-03,2008-08-23
0,full,fused_sp_lrt_delta,freeze,0.75,2.0,6,0.0,0.16666666666666666,0.0,0.3333333333333333,2005-09-03,2008-08-23
0,full,fused_sp_lrt_delta,freeze,1.0,1.0,6,0.0,0.0,0.0,0.0,2005-09-03,2008-08-23
0,full,fused_sp_lrt_delta,freeze,1.0,2.0,6,0.0,0.16666666666666666,0.0,0.3333333333333333,2005-09-03,2008-08-23
0,full,max_abs,corr_mix,0.0,1.0,6,0.3333333333333333,0.5,0.3333333333333333,0.0,2005-09-03,2008-08-23
0,full,max_abs,corr_mix,0.0,2.0,6,0.0,0.3333333333333333,0.0,0.5,2005-09-03,2008-08-23
0,full,max_abs,corr_mix,0.25,1.0,6,0.3333333333333333,0.5,0.3333333333333333,0.0,2005-09-03,2008-08-23
0,full,max_abs,corr_mix,0.25,2.0,6,0.0,0.3333333333333333,0.0,0.5,2005-09-03,2008-08-23
0,full,max_abs,corr_mix,0.5,1.0,6,0.3333333333333333,0.5,0.3333333333333333,0.0,2005-09-03,2008-08-23
0,full,max_abs,corr_mix,0.5,2.0,6,0.0,0.3333333333333333,0.0,0.5,2005-09-03,2008-08-23
0,full,max_abs,corr_mix,0.75,1.0,6,0.3333333333333333,0.5,0.3333333333333333,0.0,2005-09-03,2008-08-23
0,full,max_abs,corr_mix,0.75,2.0,6,0.0,0.3333333333333333,0.0,0.5,2005-09-03,2008-08-23
0,full,max_abs,corr_mix,1.0,1.0,6,0.3333333333333333,0.5,0.3333333333333333,0.0,2005-09-03,2008-08-23
0,full,max_abs,corr_mix,1.0,2.0,6,0.0,0.3333333333333333,0.0,0.5,2005-09-03,2008-08-23
0,full,max_abs,freeze,0.0,1.0,6,0.3333333333333333,0.5,0.3333333333333333,0.0,2005-09-03,2008-08-23
0,full,max_abs,freeze,0.0,2.0,6,0.0,0.3333333333333333,0.0,0.5,2005-09-03,2008-08-23
0,full,max_abs,freeze,0.25,1.0,6,0.3333333333333333,0.5,0.3333333333333333,0.0,2005-09-03,2008-08-23
0,full,max_abs,freeze,0.25,2.0,6,0.0,0.3333333333333333,0.0,0.5,2005-09-03,2008-08-23
0,full,max_abs,freeze,0.5,1.0,6,0.16666666666666666,0.3333333333333333,0.3333333333333333,0.0,2005-09-03,2008-08-23
0,full,max_abs,freeze,0.5,2.0,6,0.0,0.16666666666666666,0.0,0.5,2005-09-03,2008-08-23
0,full,max_abs,freeze,0.75,1.0,6,0.16666666666666666,0.3333333333333333,0.3333333333333333,0.0,2005-09-03,2008-08-23
0,full,max_abs,freeze,0.75,2.0,6,0.0,0.3333333333333333,0.0,0.5,2005-09-03,2008-08-23
0,full,max_abs,freeze,1.0,1.0,6,0.0,0.16666666666666666,0.3333333333333333,0.0,2005-09-03,2008-08-23
0,full,max_abs,freeze,1.0,2.0,6,0.0,0.3333333333333333,0.0,0.5,2005-09-03,2008-08-23
0,full,pc_t2,corr_mix,0.0,1.0,6,0.0,0.0,0.0,0.0,2005-09-03,2008-08-23
0,full,pc_t2,corr_mix,0.0,2.0,6,0.0,0.16666666666666666,0.0,0.5,2005-09-03,2008-08-23
0,full,pc_t2,corr_mix,0.25,1.0,6,0.0,0.0,0.0,0.0,2005-09-03,2008-08-23
0,full,pc_t2,corr_mix,0.25,2.0,6,0.0,0.16666666666666666,0.0,0.5,2005-09-03,2008-08-23
0,full,pc_t2,corr_mix,0.5,1.0,6,0.0,0.0,0.0,0.0,2005-09-03,2008-08-23
0,full,pc_t2,corr_mix,0.5,2.0,6,0.0,0.16666666666666666,0.0,0.5,2005-09-03,2008-08-23
0,full,pc_t2,corr_mix,0.75,1.0,6,0.0,0.0,0.0,0.0,2005-09-03,2008-08-23
0,full,pc_t2,corr_mix,0.75,2.0,6,0.0,0.16666666666666666,0.0,0.5,2005-09-03,2008-08-23
0,full,pc_t2,corr_mix,1.0,1.0,6,0.0,0.0,0.0,0.0,2005-09-03,2008-08-23
0,full,pc_t2,corr_mix,1.0,2.0,6,0.0,0.16666666666666666,0.0,0.5,2005-09-03,2008-08-23
0,full,pc_t2,freeze,0.0,1.0,6,0.0,0.0,0.0,0.0,2005-09-03,2008-08-23
0,full,pc_t2,freeze,0.0,2.0,6,0.0,0.16666666666666666,0.0,0.5,2005-09-03,2008-08-23
0,full,pc_t2,freeze,0.25,1.0,6,0.0,0.0,0.0,0.0,2005-09-03,2008-08-23
0,full,pc_t2,freeze,0.25,2.0,6,0.0,0.16666666666666666,0.0,0.5,2005-09-03,2008-08-23
0,full,pc_t2,freeze,0.5,1.0,6,0.0,0.0,0.0,0.0,2005-09-03,2008-08-23
0,full,pc_t2,freeze,0.5,2.0,6,0.0,0.16666666666666666,0.0,0.5,2005-09-03,2008-08-23
0,full,pc_t2,freeze,0.75,1.0,6,0.0,0.0,0.0,0.0,2005-09-03,2008-08-23
0,full,pc_t2,freeze,0.75,2.0,6,0.0,0.16666666666666666,0.0,0.5,2005-09-03,2008-08-23
0,full,pc_t2,freeze,1.0,1.0,6,0.0,0.0,0.0,0.0,2005-09-03,2008-08-23
0,full,pc_t2,freeze,1.0,2.0,6,0.0,0.16666666666666666,0.0,0.5,2005-09-03,2008-08-23
0,full,res_energy,corr_mix,0.0,1.0,6,0.0,0.0,0.0,0.0,2005-09-03,2008-08-23
0,full,res_energy,corr_mix,0.0,2.0,6,0.0,0.0,0.0,0.0,2005-09-03,2008-08-23
0,full,res_energy,corr_mix,0.25,1.0,6,0.0,0.0,0.0,0.0,2005-09-03,2008-08-23
0,full,res_energy,corr_mix,0.25,2.0,6,0.0,0.0,0.0,0.0,2005-09-03,2008-08-23
0,full,res_energy,corr_mix,0.5,1.0,6,0.0,0.0,0.0,0.0,2005-09-03,2008-08-23
0,full,res_energy,corr_mix,0.5,2.0,6,0.0,0.0,0.0,0.0,2005-09-03,2008-08-23
0,full,res_energy,corr_mix,0.75,1.0,6,0.0,0.0,0.0,0.0,2005-09-03,2008-08-23
0,full,res_energy,corr_mix,0.75,2.0,6,0.0,0.0,0.0,0.0,2005-09-03,2008-08-23
0,full,res_energy,corr_mix,1.0,1.0,6,0.0,0.0,0.0,0.0,2005-09-03,2008-08-23
0,full,res_energy,corr_mix,1.0,2.0,6,0.0,0.0,0.0,0.0,2005-09-03,2008-08-23
0,full,res_energy,freeze,0.0,1.0,6,0.0,0.0,0.0,0.0,2005-09-03,2008-08-23
0,full,res_energy,freeze,0.0,2.0,6,0.0,0.0,0.0,0.0,2005-09-03,2008-08-23
0,full,res_energy,freeze,0.25,1.0,6,0.0,0.0,0.0,0.0,2005-09-03,2008-08-23
0,full,res_energy,freeze,0.25,2.0,6,0.0,0.0,0.0,0.0,2005-09-03,2008-08-23
0,full,res_energy,freeze,0.5,1.0,6,0.0,0.0,0.0,0.0,2005-09-03,2008-08-23
0,full,res_energy,freeze,0.5,2.0,6,0.0,0.0,0.0,0.0,2005-09-03,2008-08-23
0,full,res_energy,freeze,0.75,1.0,6,0.0,0.0,0.0,0.0,2005-09-03,2008-08-23
0,full,res_energy,freeze,0.75,2.0,6,0.0,0.0,0.0,0.0,2005-09-03,2008-08-23
0,full,res_energy,freeze,1.0,1.0,6,0.0,0.0,0.0,0.0,2005-09-03,2008-08-23
0,full,res_energy,freeze,1.0,2.0,6,0.0,0.0,0.0,0.0,2005-09-03,2008-08-23
0,full,stale,corr_mix,0.0,1.0,6,0.0,0.8333333333333334,0.8333333333333334,1.0,2005-09-03,2008-08-23
0,full,stale,corr_mix,0.0,2.0,6,0.0,0.8333333333333334,0.0,1.0,2005-09-03,2008-08-23
0,full,stale,corr_mix,0.25,1.0,6,0.0,0.8333333333333334,0.8333333333333334,1.0,2005-09-03,2008-08-23
0,full,stale,corr_mix,0.25,2.0,6,0.0,0.8333333333333334,0.0,1.0,2005-09-03,2008-08-23
0,full,stale,corr_mix,0.5,1.0,6,0.0,0.8333333333333334,0.8333333333333334,1.0,2005-09-03,2008-08-23
0,full,stale,corr_mix,0.5,2.0,6,0.0,0.8333333333333334,0.0,1.0,2005-09-03,2008-08-23
0,full,stale,corr_mix,0.75,1.0,6,0.0,0.8333333333333334,0.8333333333333334,1.0,2005-09-03,2008-08-23
0,full,stale,corr_mix,0.75,2.0,6,0.0,0.8333333333333334,0.0,1.0,2005-09-03,2008-08-23
0,full,stale,corr_mix,1.0,1.0,6,0.0,0.8333333333333334,0.8333333333333334,1.0,2005-09-03,2008-08-23
0,full,stale,corr_mix,1.0,2.0,6,0.0,0.8333333333333334,0.0,1.0,2005-09-03,2008-08-23
0,full,stale,freeze,0.0,1.0,6,0.0,0.8333333333333334,0.8333333333333334,1.0,2005-09-03,2008-08-23
0,full,stale,freeze,0.0,2.0,6,0.0,0.8333333333333334,0.0,1.0,2005-09-03,2008-08-23
0,full,stale,freeze,0.25,1.0,6,0.0,0.8333333333333334,0.8333333333333334,1.0,2005-09-03,2008-08-23
0,full,stale,freeze,0.25,2.0,6,0.0,0.8333333333333334,0.0,1.0,2005-09-03,2008-08-23
0,full,stale,freeze,0.5,1.0,6,0.0,0.8333333333333334,0.8333333333333334,1.0,2005-09-03,2008-08-23
0,full,stale,freeze,0.5,2.0,6,0.0,0.8333333333333334,0.0,1.0,2005-09-03,2008-08-23
0,full,stale,freeze,0.75,1.0,6,0.0,0.8333333333333334,0.8333333333333334,1.0,2005-09-03,2008-08-23
0,full,stale,freeze,0.75,2.0,6,0.0,0.8333333333333334,0.0,1.0,2005-09-03,2008-08-23
0,full,stale,freeze,1.0,1.0,6,0.0,0.8333333333333334,0.8333333333333334,1.0,2005-09-03,2008-08-23
0,full,stale,freeze,1.0,2.0,6,0.0,0.8333333333333334,0.0,1.0,2005-09-03,2008-08-23
0,score_only,T2,corr_mix,0.0,1.0,6,0.0,0.0,0.0,0.0,2005-09-03,2008-08-23
0,score_only,T2,corr_mix,0.0,2.0,6,0.0,0.0,0.0,0.0,2005-09-03,2008-08-23
0,score_only,T2,corr_mix,0.25,1.0,6,0.8333333333333334,0.8333333333333334,0.0,0.0,2005-09-03,2008-08-23
0,score_only,T2,corr_mix,0.25,2.0,6,0.16666666666666666,0.16666666666666666,0.0,0.0,2005-09-03,2008-08-23
0,score_only,T2,corr_mix,0.5,1.0,6,0.8333333333333334,0.8333333333333334,0.0,0.0,2005-09-03,2008-08-23
0,score_only,T2,corr_mix,0.5,2.0,6,0.16666666666666666,0.16666666666666666,0.0,0.0,2005-09-03,2008-08-23
0,score_only,T2,corr_mix,0.75,1.0,6,0.8333333333333334,0.8333333333333334,0.0,0.0,2005-09-03,2008-08-23
0,score_only,T2,corr_mix,0.75,2.0,6,0.16666666666666666,0.16666666666666666,0.0,0.0,2005-09-03,2008-08-23
0,score_only,T2,corr_mix,1.0,1.0,6,0.8333333333333334,0.8333333333333334,0.0,0.0,2005-09-03,2008-08-23
0,score_only,T2,corr_mix,1.0,2.0,6,0.16666666666666666,0.16666666666666666,0.0,0.0,2005-09-03,2008-08-23
0,score_only,T2,freeze,0.0,1.0,6,0.0,0.0,0.0,0.0,2005-09-03,2008-08-23
0,score_only,T2,freeze,0.0,2.0,6,0.0,0.0,0.0,0.0,2005-09-03,2008-08-23
0,score_only,T2,freeze,0.25,1.0,6,0.0,0.0,0.0,0.0,2005-09-03,2008-08-23
0,score_only,T2,freeze,0.25,2.0,6,0.0,0.0,0.0,0.0,2005-09-03,2008-08-23
0,score_only,T2,freeze,0.5,1.0,6,0.0,0.0,0.0,0.0,2005-09-03,2008-08-23
0,score_only,T2,freeze,0.5,2.0,6,0.0,0.0,0.0,0.0,2005-09-03,2008-08-23
0,score_only,T2,freeze,0.75,1.0,6,0.0,0.0,0.0,0.0,2005-09-03,2008-08-23
0,score_only,T2,freeze,0.75,2.0,6,0.0,0.0,0.0,0.0,2005-09-03,2008-08-23
0,score_only,T2,freeze,1.0,1.0,6,0.0,0.0,0.0,0.0,2005-09-03,2008-08-23
0,score_only,T2,freeze,1.0,2.0,6,0.0,0.0,0.0,0.0,2005-09-03,2008-08-23
0,score_only,coh_resid_energy,corr_mix,0.0,1.0,6,0.0,0.0,1.0,0.0,2005-09-03,2008-08-23
0,score_only,coh_resid_energy,corr_mix,0.0,2.0,6,0.3333333333333333,0.3333333333333333,0.0,0.0,2005-09-03,2008-08-23
0,score_only,coh_resid_energy,corr_mix,0.25,1.0,6,0.0,0.0,1.0,0.0,2005-09-03,2008-08-23
0,score_only,coh_resid_energy,corr_mix,0.25,2.0,6,0.0,0.0,0.0,0.0,2005-09-03,2008-08-23
0,score_only,coh_resid_energy,corr_mix,0.5,1.0,6,0.0,0.0,1.0,0.0,2005-09-03,2008-08-23
0,score_only,coh_resid_energy,corr_mix,0.5,2.0,6,0.0,0.0,0.0,0.0,2005-09-03,2008-08-23
0,score_only,coh_resid_energy,corr_mix,0.75,1.0,6,0.0,0.0,1.0,0.0,2005-09-03,2008-08-23
0,score_only,coh_resid_energy,corr_mix,0.75,2.0,6,0.16666666666666666,0.16666666666666666,0.0,0.0,2005-09-03,2008-08-23
0,score_only,coh_resid_energy,corr_mix,1.0,1.0,6,0.0,0.0,1.0,0.0,2005-09-03,2008-08-23
0,score_only,coh_resid_energy,corr_mix,1.0,2.0,6,0.3333333333333333,0.3333333333333333,0.0,0.0,2005-09-03,2008-08-23
0,score_only,coh_resid_energy,freeze,0.0,1.0,6,0.0,0.0,1.0,0.0,2005-09-03,2008-08-23
0,score_only,coh_resid_energy,freeze,0.0,2.0,6,0.3333333333333333,0.3333333333333333,0.0,0.0,2005-09-03,2008-08-23
0,score_only,coh_resid_energy,freeze,0.25,1.0,6,0.0,0.0,1.0,0.0,2005-09-03,2008-08-23
0,score_only,coh_resid_energy,freeze,0.25,2.0,6,0.0,0.0,0.0,0.0,2005-09-03,2008-08-23
0,score_only,coh_resid_energy,freeze,0.5,1.0,6,0.0,0.0,1.0,0.0,2005-09-03,2008-08-23
0,score_only,coh_resid_energy,freeze,0.5,2.0,6,0.0,0.0,0.0,0.0,2005-09-03,2008-08-23
0,score_only,coh_resid_energy,freeze,0.75,1.0,6,0.0,0.0,1.0,0.0,2005-09-03,2008-08-23
0,score_only,coh_resid_energy,freeze,0.75,2.0,6,0.0,0.0,0.0,0.0,2005-09-03,2008-08-23
0,score_only,coh_resid_energy,freeze,1.0,1.0,6,0.0,0.0,1.0,0.0,2005-09-03,2008-08-23
0,score_only,coh_resid_energy,freeze,1.0,2.0,6,0.0,0.0,0.0,0.0,2005-09-03,2008-08-23
0,score_only,coh_resid_t2,corr_mix,0.0,1.0,6,0.0,0.0,0.0,0.0,2005-09-03,2008-08-23
0,score_only,coh_resid_t2,corr_mix,0.0,2.0,6,0.0,0.0,0.0,0.0,2005-09-03,2008-08-23
0,score_only,coh_resid_t2,corr_mix,0.25,1.0,6,0.8333333333333334,0.8333333333333334,0.0,0.0,2005-09-03,2008-08-23
0,score_only,coh_resid_t2,corr_mix,0.25,2.0,6,0.16666666666666666,0.16666666666666666,0.0,0.0,2005-09-03,2008-08-23
0,score_only,coh_resid_t2,corr_mix,0.5,1.0,6,0.8333333333333334,0.8333333333333334,0.0,0.0,2005-09-03,2008-08-23
0,score_only,coh_resid_t2,corr_mix,0.5,2.0,6,0.16666666666666666,0.16666666666666666,0.0,0.0,2005-09-03,2008-08-23
0,score_only,coh_resid_t2,corr_mix,0.75,1.0,6,0.8333333333333334,0.8333333333333334,0.0,0.0,2005-09-03,2008-08-23
0,score_only,coh_resid_t2,corr_mix,0.75,2.0,6,0.16666666666666666,0.16666666666666666,0.0,0.0,2005-09-03,2008-08-23
0,score_only,coh_resid_t2,corr_mix,1.0,1.0,6,0.8333333333333334,0.8333333333333334,0.0,0.0,2005-09-03,2008-08-23
0,score_only,coh_resid_t2,corr_mix,1.0,2.0,6,0.16666666666666666,0.16666666666666666,0.0,0.0,2005-09-03,2008-08-23
0,score_only,coh_resid_t2,freeze,0.0,1.0,6,0.0,0.0,0.0,0.0,2005-09-03,2008-08-23
0,score_only,coh_resid_t2,freeze,0.0,2.0,6,0.0,0.0,0.0,0.0,2005-09-03,2008-08-23
0,score_only,coh_resid_t2,freeze,0.25,1.0,6,0.0,0.0,0.0,0.0,2005-09-03,2008-08-23
0,score_only,coh_resid_t2,freeze,0.25,2.0,6,0.0,0.0,0.0,0.0,2005-09-03,2008-08-23
0,score_only,coh_resid_t2,freeze,0.5,1.0,6,0.0,0.0,0.0,0.0,2005-09-03,2008-08-23
0,score_only,coh_resid_t2,freeze,0.5,2.0,6,0.0,0.0,0.0,0.0,2005-09-03,2008-08-23
0,score_only,coh_resid_t2,freeze,0.75,1.0,6,0.0,0.0,0.0,0.0,2005-09-03,2008-08-23
0,score_only,coh_resid_t2,freeze,0.75,2.0,6,0.0,0.0,0.0,0.0,2005-09-03,2008-08-23
0,score_only,coh_resid_t2,freeze,1.0,1.0,6,0.0,0.0,0.0,0.0,2005-09-03,2008-08-23
0,score_only,coh_resid_t2,freeze,1.0,2.0,6,0.0,0.0,0.0,0.0,2005-09-03,2008-08-23
0,score_only,cusum_coh_resid_t2,corr_mix,0.0,1.0,6,0.0,0.16666666666666666,0.5,0.0,2005-09-03,2008-08-23
0,score_only,cusum_coh_resid_t2,corr_mix,0.0,2.0,6,0.16666666666666666,0.16666666666666666,0.0,0.0,2005-09-03,2008-08-23
0,score_only,cusum_coh_resid_t2,corr_mix,0.25,1.0,6,0.5,0.8333333333333334,0.5,0.0,2005-09-03,2008-08-23
0,score_only,cusum_coh_resid_t2,corr_mix,0.25,2.0,6,0.16666666666666666,0.16666666666666666,0.0,0.0,2005-09-03,2008-08-23
0,score_only,cusum_coh_resid_t2,corr_mix,0.5,1.0,6,0.5,0.8333333333333334,0.5,0.0,2005-09-03,2008-08-23
0,score_only,cusum_coh_resid_t2,corr_mix,0.5,2.0,6,0.16666666666666666,0.16666666666666666,0.0,0.0,2005-09-03,2008-08-23
0,score_only,cusum_coh_resid_t2,corr_mix,0.75,1.0,6,0.5,0.8333333333333334,0.5,0.0,2005-09-03,2008-08-23
0,score_only,cusum_coh_resid_t2,corr_mix,0.75,2.0,6,0.16666666666666666,0.16666666666666666,0.0,0.0,2005-09-03,2008-08-23
0,score_only,cusum_coh_resid_t2,corr_mix,1.0,1.0,6,0.5,0.8333333333333334,0.5,0.0,2005-09-03,2008-08-23
0,score_only,cusum_coh_resid_t2,corr_mix,1.0,2.0,6,0.16666666666666666,0.16666666666666666,0.0,0.0,2005-09-03,2008-08-23
0,score_only,cusum_coh_resid_t2,freeze,0.0,1.0,6,0.0,0.16666666666666666,0.5,0.0,2005-09-03,2008-08-23
0,score_only,cusum_coh_resid_t2,freeze,0.0,2.0,6,0.16666666666666666,0.16666666666666666,0.0,0.0,2005-09-03,2008-08-23
0,score_only,cusum_coh_resid_t2,freeze,0.25,1.0,6,0.0,0.16666666666666666,0.5,0.0,2005-09-03,2008-08-23
0,score_only,cusum_coh_resid_t2,freeze,0.25,2.0,6,0.0,0.0,0.0,0.0,2005-09-03,2008-08-23
0,score_only,cusum_coh_resid_t2,freeze,0.5,1.0,6,0.0,0.16666666666666666,0.5,0.0,2005-09-03,2008-08-23
0,score_only,cusum_coh_resid_t2,freeze,0.5,2.0,6,0.0,0.0,0.0,0.0,2005-09-03,2008-08-23
0,score_only,cusum_coh_resid_t2,freeze,0.75,1.0,6,0.0,0.16666666666666666,0.5,0.0,2005-09-03,2008-08-23
0,score_only,cusum_coh_resid_t2,freeze,0.75,2.0,6,0.0,0.0,0.0,0.0,2005-09-03,2008-08-23
0,score_only,cusum_coh_resid_t2,freeze,1.0,1.0,6,0.0,0.16666666666666666,0.5,0.0,2005-09-03,2008-08-23
0,score_only,cusum_coh_resid_t2,freeze,1.0,2.0,6,0.0,0.0,0.0,0.0,2005-09-03,2008-08-23
0,score_only,cusum_factor_cov_lrt,corr_mix,0.0,1.0,6,0.16666666666666666,0.3333333333333333,0.3333333333333333,0.0,2005-09-03,2008-08-23
0,score_only,cusum_factor_cov_lrt,corr_mix,0.0,2.0,6,0.16666666666666666,0.16666666666666666,0.0,0.0,2005-09-03,2008-08-23
0,score_only,cusum_factor_cov_lrt,corr_mix,0.25,1.0,6,0.3333333333333333,0.5,0.3333333333333333,0.0,2005-09-03,2008-08-23
0,score_only,cusum_factor_cov_lrt,corr_mix,0.25,2.0,6,0.16666666666666666,0.16666666666666666,0.0,0.0,2005-09-03,2008-08-23
0,score_only,cusum_factor_cov_lrt,corr_mix,0.5,1.0,6,0.3333333333333333,0.3333333333333333,0.3333333333333333,0.0,2005-09-03,2008-08-23
0,score_only,cusum_factor_cov_lrt,corr_mix,0.5,2.0,6,0.16666666666666666,0.16666666666666666,0.0,0.0,2005-09-03,2008-08-23
0,score_only,cusum_factor_cov_lrt,corr_mix,0.75,1.0,6,0.16666666666666666,0.3333333333333333,0.3333333333333333,0.0,2005-09-03,2008-08-23
0,score_only,cusum_factor_cov_lrt,corr_mix,0.75,2.0,6,0.0,0.0,0.0,0.0,2005-09-03,2008-08-23
0,score_only,cusum_factor_cov_lrt,corr_mix,1.0,1.0,6,0.16666666666666666,0.16666666666666666,0.3333333333333333,0.0,2005-09-03,2008-08-23
0,score_only,cusum_factor_cov_lrt,corr_mix,1.0,2.0,6,0.0,0.0,0.0,0.0,2005-09-03,2008-08-23
0,score_only,cusum_factor_cov_lrt,freeze,0.0,1.0,6,0.16666666666666666,0.3333333333333333,0.3333333333333333,0.0,2005-09-03,2008-08-23
0,score_only,cusum_factor_cov_lrt,freeze,0.0,2.0,6,0.16666666666666666,0.16666666666666666,0.0,0.0,2005-09-03,2008-08-23
0,score_only,cusum_factor_cov_lrt,freeze,0.25,1.0,6,0.3333333333333333,0.5,0.3333333333333333,0.0,2005-09-03,2008-08-23
0,score_only,cusum_factor_cov_lrt,freeze,0.25,2.0,6,0.16666666666666666,0.16666666666666666,0.0,0.0,2005-09-03,2008-08-23
0,score_only,cusum_factor_cov_lrt,freeze,0.5,1.0,6,0.3333333333333333,0.5,0.3333333333333333,0.0,2005-09-03,2008-08-23
0,score_only,cusum_factor_cov_lrt,freeze,0.5,2.0,6,0.16666666666666666,0.16666666666666666,0.0,0.0,2005-09-03,2008-08-23
0,score_only,cusum_factor_cov_lrt,freeze,0.75,1.0,6,0.3333333333333333,0.5,0.3333333333333333,0.0,2005-09-03,2008-08-23
0,score_only,cusum_factor_cov_lrt,freeze,0.75,2.0,6,0.16666666666666666,0.16666666666666666,0.0,0.0,2005-09-03,2008-08-23
0,score_only,cusum_factor_cov_lrt,freeze,1.0,1.0,6,0.5,0.6666666666666666,0.3333333333333333,0.0,2005-09-03,2008-08-23
0,score_only,cusum_factor_cov_lrt,freeze,1.0,2.0,6,0.16666666666666666,0.16666666666666666,0.0,0.0,2005-09-03,2008-08-23
0,score_only,ewma_coh_resid_t2,corr_mix,0.0,1.0,6,0.0,0.0,0.0,0.0,2005-09-03,2008-08-23
0,score_only,ewma_coh_resid_t2,corr_mix,0.0,2.0,6,0.3333333333333333,0.3333333333333333,0.0,0.0,2005-09-03,2008-08-23
0,score_only,ewma_coh_resid_t2,corr_mix,0.25,1.0,6,1.0,1.0,0.0,0.0,2005-09-03,2008-08-23
0,score_only,ewma_coh_resid_t2,corr_mix,0.25,2.0,6,0.3333333333333333,0.3333333333333333,0.0,0.0,2005-09-03,2008-08-23
0,score_only,ewma_coh_resid_t2,corr_mix,0.5,1.0,6,1.0,1.0,0.0,0.0,2005-09-03,2008-08-23
0,score_only,ewma_coh_resid_t2,corr_mix,0.5,2.0,6,0.3333333333333333,0.3333333333333333,0.0,0.0,2005-09-03,2008-08-23
0,score_only,ewma_coh_resid_t2,corr_mix,0.75,1.0,6,1.0,1.0,0.0,0.0,2005-09-03,2008-08-23
0,score_only,ewma_coh_resid_t2,corr_mix,0.75,2.0,6,0.3333333333333333,0.3333333333333333,0.0,0.0,2005-09-03,2008-08-23
0,score_only,ewma_coh_resid_t2,corr_mix,1.0,1.0,6,1.0,1.0,0.0,0.0,2005-09-03,2008-08-23
0,score_only,ewma_coh_resid_t2,corr_mix,1.0,2.0,6,0.3333333333333333,0.3333333333333333,0.0,0.0,2005-09-03,2008-08-23
0,score_only,ewma_coh_resid_t2,freeze,0.0,1.0,6,0.0,0.0,0.0,0.0,2005-09-03,2008-08-23
0,score_only,ewma_coh_resid_t2,freeze,0.0,2.0,6,0.3333333333333333,0.3333333333333333,0.0,0.0,2005-09-03,2008-08-23
0,score_only,ewma_coh_resid_t2,freeze,0.25,1.0,6,0.0,0.0,0.0,0.0,2005-09-03,2008-08-23
0,score_only,ewma_coh_resid_t2,freeze,0.25,2.0,6,0.3333333333333333,0.3333333333333333,0.0,0.0,2005-09-03,2008-08-23
0,score_only,ewma_coh_resid_t2,freeze,0.5,1.0,6,0.0,0.0,0.0,0.0,2005-09-03,2008-08-23
0,score_only,ewma_coh_resid_t2,freeze,0.5,2.0,6,0.3333333333333333,0.3333333333333333,0.0,0.0,2005-09-03,2008-08-23
0,score_only,ewma_coh_resid_t2,freeze,0.75,1.0,6,0.0,0.0,0.0,0.0,2005-09-03,2008-08-23
0,score_only,ewma_coh_resid_t2,freeze,0.75,2.0,6,0.3333333333333333,0.3333333333333333,0.0,0.0,2005-09-03,2008-08-23
0,score_only,ewma_coh_resid_t2,freeze,1.0,1.0,6,0.0,0.0,0.0,0.0,2005-09-03,2008-08-23
0,score_only,ewma_coh_resid_t2,freeze,1.0,2.0,6,0.3333333333333333,0.3333333333333333,0.0,0.0,2005-09-03,2008-08-23
0,score_only,ewma_factor_cov_lrt,corr_mix,0.0,1.0,6,0.0,0.0,1.0,0.0,2005-09-03,2008-08-23
0,score_only,ewma_factor_cov_lrt,corr_mix,0.0,2.0,6,0.16666666666666666,0.16666666666666666,0.0,0.0,2005-09-03,2008-08-23
0,score_only,ewma_factor_cov_lrt,corr_mix,0.25,1.0,6,0.0,0.0,1.0,0.0,2005-09-03,2008-08-23
0,score_only,ewma_factor_cov_lrt,corr_mix,0.25,2.0,6,0.0,0.0,0.0,0.0,2005-09-03,2008-08-23
0,score_only,ewma_factor_cov_lrt,corr_mix,0.5,1.0,6,0.0,0.0,1.0,0.0,2005-09-03,2008-08-23
0,score_only,ewma_factor_cov_lrt,corr_mix,0.5,2.0,6,0.16666666666666666,0.16666666666666666,0.0,0.0,2005-09-03,2008-08-23
0,score_only,ewma_factor_cov_lrt,corr_mix,0.75,1.0,6,0.0,0.0,1.0,0.0,2005-09-03,2008-08-23
0,score_only,ewma_factor_cov_lrt,corr_mix,0.75,2.0,6,0.0,0.0,0.0,0.0,2005-09-03,2008-08-23
0,score_only,ewma_factor_cov_lrt,corr_mix,1.0,1.0,6,0.0,0.0,1.0,0.0,2005-09-03,2008-08-23
0,score_only,ewma_factor_cov_lrt,corr_mix,1.0,2.0,6,0.3333333333333333,0.3333333333333333,0.0,0.0,2005-09-03,2008-08-23
0,score_only,ewma_factor_cov_lrt,freeze,0.0,1.0,6,0.0,0.0,1.0,0.0,2005-09-03,2008-08-23
0,score_only,ewma_factor_cov_lrt,freeze,0.0,2.0,6,0.16666666666666666,0.16666666666666666,0.0,0.0,2005-09-03,2008-08-23
0,score_only,ewma_factor_cov_lrt,freeze,0.25,1.0,6,0.0,0.0,1.0,0.0,2005-09-03,2008-08-23
0,score_only,ewma_factor_cov_lrt,freeze,0.25,2.0,6,0.16666666666666666,0.16666666666666666,0.0,0.0,2005-09-03,2008-08-23
0,score_only,ewma_factor_cov_lrt,freeze,0.5,1.0,6,0.0,0.0,1.0,0.0,2005-09-03,2008-08-23
0,score_only,ewma_factor_cov_lrt,freeze,0.5,2.0,6,0.16666666666666666,0.16666666666666666,0.0,0.0,2005-09-03,2008-08-23
0,score_only,ewma_factor_cov_lrt,freeze,0.75,1.0,6,0.0,0.0,1.0,0.0,2005-09-03,2008-08-23
0,score_only,ewma_factor_cov_lrt,freeze,0.75,2.0,6,0.0,0.0,0.0,0.0,2005-09-03,2008-08-23
0,score_only,ewma_factor_cov_lrt,freeze,1.0,1.0,6,0.0,0.16666666666666666,1.0,0.0,2005-09-03,2008-08-23
0,score_only,ewma_factor_cov_lrt,freeze,1.0,2.0,6,0.3333333333333333,0.3333333333333333,0.0,0.0,2005-09-03,2008-08-23
0,score_only,factor_cov_change,corr_mix,0.0,1.0,6,0.3333333333333333,0.5,0.3333333333333333,0.0,2005-09-03,2008-08-23
0,score_only,factor_cov_change,corr_mix,0.0,2.0,6,0.16666666666666666,0.3333333333333333,0.0,0.5,2005-09-03,2008-08-23
0,score_only,factor_cov_change,corr_mix,0.25,1.0,6,0.0,0.16666666666666666,0.3333333333333333,0.0,2005-09-03,2008-08-23
0,score_only,factor_cov_change,corr_mix,0.25,2.0,6,0.16666666666666666,0.3333333333333333,0.0,0.5,2005-09-03,2008-08-23
0,score_only,factor_cov_change,corr_mix,0.5,1.0,6,0.0,0.16666666666666666,0.3333333333333333,0.0,2005-09-03,2008-08-23
0,score_only,factor_cov_change,corr_mix,0.5,2.0,6,0.16666666666666666,0.3333333333333333,0.0,0.5,2005-09-03,2008-08-23
0,score_only,factor_cov_change,corr_mix,0.75,1.0,6,0.0,0.16666666666666666,0.3333333333333333,0.0,2005-09-03,2008-08-23
0,score_only,factor_cov_change,corr_mix,0.75,2.0,6,0.16666666666666666,0.3333333333333333,0.0,0.5,2005-09-03,2008-08-23
0,score_only,factor_cov_change,corr_mix,1.0,1.0,6,0.0,0.16666666666666666,0.3333333333333333,0.0,2005-09-03,2008-08-23
0,score_only,factor_cov_change,corr_mix,1.0,2.0,6,0.16666666666666666,0.3333333333333333,0.0,0.5,2005-09-03,2008-08-23
0,score_only,factor_cov_change,freeze,0.0,1.0,6,0.3333333333333333,0.5,0.3333333333333333,0.0,2005-09-03,2008-08-23
0,score_only,factor_cov_change,freeze,0.0,2.0,6,0.16666666666666666,0.3333333333333333,0.0,0.5,2005-09-03,2008-08-23
0,score_only,factor_cov_change,freeze,0.25,1.0,6,0.0,0.16666666666666666,0.3333333333333333,0.0,2005-09-03,2008-08-23
0,score_only,factor_cov_change,freeze,0.25,2.0,6,0.16666666666666666,0.3333333333333333,0.0,0.5,2005-09-03,2008-08-23
0,score_only,factor_cov_change,freeze,0.5,1.0,6,0.0,0.16666666666666666,0.3333333333333333,0.0,2005-09-03,2008-08-23
0,score_only,factor_cov_change,freeze,0.5,2.0,6,0.16666666666666666,0.3333333333333333,0.0,0.5,2005-09-03,2008-08-23
0,score_only,factor_cov_change,freeze,0.75,1.0,6,0.0,0.16666666666666666,0.3333333333333333,0.0,2005-09-03,2008-08-23
0,score_only,factor_cov_change,freeze,0.75,2.0,6,0.16666666666666666,0.3333333333333333,0.0,0.5,2005-09-03,2008-08-23
0,score_only,factor_cov_change,freeze,1.0,1.0,6,0.0,0.16666666666666666,0.3333333333333333,0.0,2005-09-03,2008-08-23
0,score_only,factor_cov_change,freeze,1.0,2.0,6,0.16666666666666666,0.3333333333333333,0.0,0.5,2005-09-03,2008-08-23
0,score_only,factor_cov_delta,corr_mix,0.0,1.0,6,0.0,0.0,0.6666666666666666,0.0,2005-09-03,2008-08-23
0,score_only,factor_cov_delta,corr_mix,0.0,2.0,6,0.0,0.0,0.0,0.0,2005-09-03,2008-08-23
0,score_only,factor_cov_delta,corr_mix,0.25,1.0,6,0.0,0.0,0.6666666666666666,0.0,2005-09-03,2008-08-23
0,score_only,factor_cov_delta,corr_mix,0.25,2.0,6,0.0,0.0,0.0,0.0,2005-09-03,2008-08-23
0,score_only,factor_cov_delta,corr_mix,0.5,1.0,6,0.0,0.0,0.6666666666666666,0.0,2005-09-03,2008-08-23
0,score_only,factor_cov_delta,corr_mix,0.5,2.0,6,0.0,0.0,0.0,0.0,2005-09-03,2008-08-23
0,score_only,factor_cov_delta,corr_mix,0.75,1.0,6,0.0,0.0,0.6666666666666666,0.0,2005-09-03,2008-08-23
0,score_only,factor_cov_delta,corr_mix,0.75,2.0,6,0.0,0.0,0.0,0.0,2005-09-03,2008-08-23
0,score_only,factor_cov_delta,corr_mix,1.0,1.0,6,0.0,0.0,0.6666666666666666,0.0,2005-09-03,2008-08-23
0,score_only,factor_cov_delta,corr_mix,1.0,2.0,6,0.0,0.0,0.0,0.0,2005-09-03,2008-08-23
0,score_only,factor_cov_delta,freeze,0.0,1.0,6,0.0,0.0,0.6666666666666666,0.0,2005-09-03,2008-08-23
0,score_only,factor_cov_delta,freeze,0.0,2.0,6,0.0,0.0,0.0,0.0,2005-09-03,2008-08-23
0,score_only,factor_cov_delta,freeze,0.25,1.0,6,0.0,0.0,0.6666666666666666,0.0,2005-09-03,2008-08-23
0,score_only,factor_cov_delta,freeze,0.25,2.0,6,0.0,0.0,0.0,0.0,2005-09-03,2008-08-23
0,score_only,factor_cov_delta,freeze,0.5,1.0,6,0.0,0.0,0.6666666666666666,0.0,2005-09-03,2008-08-23
0,score_only,factor_cov_delta,freeze,0.5,2.0,6,0.0,0.0,0.0,0.0,2005-09-03,2008-08-23
0,score_only,factor_cov_delta,freeze,0.75,1.0,6,0.0,0.0,0.6666666666666666,0.0,2005-09-03,2008-08-23
0,score_only,factor_cov_delta,freeze,0.75,2.0,6,0.0,0.0,0.0,0.0,2005-09-03,2008-08-23
0,score_only,factor_cov_delta,freeze,1.0,1.0,6,0.0,0.0,0.6666666666666666,0.0,2005-09-03,2008-08-23
0,score_only,factor_cov_delta,freeze,1.0,2.0,6,0.0,0.0,0.0,0.0,2005-09-03,2008-08-23
0,score_only,factor_cov_lrt,corr_mix,0.0,1.0,6,0.3333333333333333,0.3333333333333333,0.0,0.0,2005-09-03,2008-08-23
0,score_only,factor_cov_lrt,corr_mix,0.0,2.0,6,0.3333333333333333,0.3333333333333333,0.0,0.0,2005-09-03,2008-08-23
0,score_only,factor_cov_lrt,corr_mix,0.25,1.0,6,0.0,0.0,0.0,0.0,2005-09-03,2008-08-23
0,score_only,factor_cov_lrt,corr_mix,0.25,2.0,6,0.16666666666666666,0.16666666666666666,0.0,0.0,2005-09-03,2008-08-23
0,score_only,factor_cov_lrt,corr_mix,0.5,1.0,6,0.0,0.0,0.0,0.0,2005-09-03,2008-08-23
0,score_only,factor_cov_lrt,corr_mix,0.5,2.0,6,0.0,0.0,0.0,0.0,2005-09-03,2008-08-23
0,score_only,factor_cov_lrt,corr_mix,0.75,1.0,6,0.0,0.0,0.0,0.0,2005-09-03,2008-08-23
0,score_only,factor_cov_lrt,corr_mix,0.75,2.0,6,0.3333333333333333,0.3333333333333333,0.0,0.0,2005-09-03,2008-08-23
0,score_only,factor_cov_lrt,corr_mix,1.0,1.0,6,0.0,0.0,0.0,0.0,2005-09-03,2008-08-23
0,score_only,factor_cov_lrt,corr_mix,1.0,2.0,6,0.0,0.0,0.0,0.0,2005-09-03,2008-08-23
0,score_only,factor_cov_lrt,freeze,0.0,1.0,6,0.3333333333333333,0.3333333333333333,0.0,0.0,2005-09-03,2008-08-23
0,score_only,factor_cov_lrt,freeze,0.0,2.0,6,0.3333333333333333,0.3333333333333333,0.0,0.0,2005-09-03,2008-08-23
0,score_only,factor_cov_lrt,freeze,0.25,1.0,6,0.3333333333333333,0.3333333333333333,0.0,0.0,2005-09-03,2008-08-23
0,score_only,factor_cov_lrt,freeze,0.25,2.0,6,0.16666666666666666,0.16666666666666666,0.0,0.0,2005-09-03,2008-08-23
0,score_only,factor_cov_lrt,freeze,0.5,1.0,6,0.3333333333333333,0.3333333333333333,0.0,0.0,2005-09-03,2008-08-23
0,score_only,factor_cov_lrt,freeze,0.5,2.0,6,0.16666666666666666,0.16666666666666666,0.0,0.0,2005-09-03,2008-08-23
0,score_only,factor_cov_lrt,freeze,0.75,1.0,6,0.3333333333333333,0.3333333333333333,0.0,0.0,2005-09-03,2008-08-23
0,score_only,factor_cov_lrt,freeze,0.75,2.0,6,0.3333333333333333,0.3333333333333333,0.0,0.0,2005-09-03,2008-08-23
0,score_only,factor_cov_lrt,freeze,1.0,1.0,6,0.6666666666666666,0.6666666666666666,0.0,0.0,2005-09-03,2008-08-23
0,score_only,factor_cov_lrt,freeze,1.0,2.0,6,0.3333333333333333,0.3333333333333333,0.0,0.0,2005-09-03,2008-08-23
0,score_only,factor_cov_lrt_delta,corr_mix,0.0,1.0,6,0.16666666666666666,0.16666666666666666,0.3333333333333333,0.0,2005-09-03,2008-08-23
0,score_only,factor_cov_lrt_delta,corr_mix,0.0,2.0,6,0.16666666666666666,0.3333333333333333,0.0,0.8333333333333334,2005-09-03,2008-08-23
0,score_only,factor_cov_lrt_delta,corr_mix,0.25,1.0,6,0.16666666666666666,0.16666666666666666,0.3333333333333333,0.0,2005-09-03,2008-08-23
0,score_only,factor_cov_lrt_delta,corr_mix,0.25,2.0,6,0.16666666666666666,0.3333333333333333,0.0,0.8333333333333334,2005-09-03,2008-08-23
0,score_only,factor_cov_lrt_delta,corr_mix,0.5,1.0,6,0.16666666666666666,0.16666666666666666,0.3333333333333333,0.0,2005-09-03,2008-08-23
0,score_only,factor_cov_lrt_delta,corr_mix,0.5,2.0,6,0.16666666666666666,0.3333333333333333,0.0,0.8333333333333334,2005-09-03,2008-08-23
0,score_only,factor_cov_lrt_delta,corr_mix,0.75,1.0,6,0.16666666666666666,0.16666666666666666,0.3333333333333333,0.0,2005-09-03,2008-08-23
0,score_only,factor_cov_lrt_delta,corr_mix,0.75,2.0,6,0.16666666666666666,0.3333333333333333,0.0,0.8333333333333334,2005-09-03,2008-08-23
0,score_only,factor_cov_lrt_delta,corr_mix,1.0,1.0,6,0.16666666666666666,0.16666666666666666,0.3333333333333333,0.0,2005-09-03,2008-08-23
0,score_only,factor_cov_lrt_delta,corr_mix,1.0,2.0,6,0.16666666666666666,0.3333333333333333,0.0,0.8333333333333334,2005-09-03,2008-08-23
0,score_only,factor_cov_lrt_delta,freeze,0.0,1.0,6,0.16666666666666666,0.16666666666666666,0.3333333333333333,0.0,2005-09-03,2008-08-23
0,score_only,factor_cov_lrt_delta,freeze,0.0,2.0,6,0.16666666666666666,0.3333333333333333,0.0,0.8333333333333334,2005-09-03,2008-08-23
0,score_only,factor_cov_lrt_delta,freeze,0.25,1.0,6,0.3333333333333333,0.3333333333333333,0.3333333333333333,0.0,2005-09-03,2008-08-23
0,score_only,factor_cov_lrt_delta,freeze,0.25,2.0,6,0.16666666666666666,0.3333333333333333,0.0,0.8333333333333334,2005-09-03,2008-08-23
0,score_only,factor_cov_lrt_delta,freeze,0.5,1.0,6,0.16666666666666666,0.16666666666666666,0.3333333333333333,0.0,2005-09-03,2008-08-23
0,score_only,factor_cov_lrt_delta,freeze,0.5,2.0,6,0.16666666666666666,0.3333333333333333,0.0,0.8333333333333334,2005-09-03,2008-08-23
0,score_only,factor_cov_lrt_delta,freeze,0.75,1.0,6,0.16666666666666666,0.16666666666666666,0.3333333333333333,0.0,2005-09-03,2008-08-23
0,score_only,factor_cov_lrt_delta,freeze,0.75,2.0,6,0.16666666666666666,0.3333333333333333,0.0,0.8333333333333334,2005-09-03,2008-08-23
0,score_only,factor_cov_lrt_delta,freeze,1.0,1.0,6,0.3333333333333333,0.3333333333333333,0.3333333333333333,0.0,2005-09-03,2008-08-23
0,score_only,factor_cov_lrt_delta,freeze,1.0,2.0,6,0.16666666666666666,0.3333333333333333,0.0,0.8333333333333334,2005-09-03,2008-08-23
0,score_only,fused_fisher,corr_mix,0.0,1.0,6,0.0,0.0,0.0,0.0,2005-09-03,2008-08-23
0,score_only,fused_fisher,corr_mix,0.0,2.0,6,0.5,0.5,0.0,0.0,2005-09-03,2008-08-23
0,score_only,fused_fisher,corr_mix,0.25,1.0,6,0.0,0.0,0.0,0.0,2005-09-03,2008-08-23
0,score_only,fused_fisher,corr_mix,0.25,2.0,6,0.5,0.5,0.0,0.0,2005-09-03,2008-08-23
0,score_only,fused_fisher,corr_mix,0.5,1.0,6,0.0,0.0,0.0,0.0,2005-09-03,2008-08-23
0,score_only,fused_fisher,corr_mix,0.5,2.0,6,0.5,0.5,0.0,0.0,2005-09-03,2008-08-23
0,score_only,fused_fisher,corr_mix,0.75,1.0,6,0.0,0.0,0.0,0.0,2005-09-03,2008-08-23
0,score_only,fused_fisher,corr_mix,0.75,2.0,6,0.5,0.5,0.0,0.0,2005-09-03,2008-08-23
0,score_only,fused_fisher,corr_mix,1.0,1.0,6,0.0,0.0,0.0,0.0,2005-09-03,2008-08-23
0,score_only,fused_fisher,corr_mix,1.0,2.0,6,0.5,0.5,0.0,0.0,2005-09-03,2008-08-23
0,score_only,fused_fisher,freeze,0.0,1.0,6,0.0,0.0,0.0,0.0,2005-09-03,2008-08-23
0,score_only,fused_fisher,freeze,0.0,2.0,6,0.5,0.5,0.0,0.0,2005-09-03,2008-08-23
0,score_only,fused_fisher,freeze,0.25,1.0,6,0.0,0.0,0.0,0.0,2005-09-03,2008-08-23
0,score_only,fused_fisher,freeze,0.25,2.0,6,0.5,0.5,0.0,0.0,2005-09-03,2008-08-23
0,score_only,fused_fisher,freeze,0.5,1.0,6,0.0,0.0,0.0,0.0,2005-09-03,2008-08-23
0,score_only,fused_fisher,freeze,0.5,2.0,6,0.5,0.5,0.0,0.0,2005-09-03,2008-08-23
0,score_only,fused_fisher,freeze,0.75,1.0,6,0.0,0.0,0.0,0.0,2005-09-03,2008-08-23
0,score_only,fused_fisher,freeze,0.75,2.0,6,0.16666666666666666,0.16666666666666666,0.0,0.0,2005-09-03,2008-08-23
0,score_only,fused_fisher,freeze,1.0,1.0,6,0.0,0.0,0.0,0.0,2005-09-03,2008-08-23
0,score_only,fused_fisher,freeze,1.0,2.0,6,0.0,0.0,0.0,0.0,2005-09-03,2008-08-23
0,score_only,fused_fisher_lrt_delta,corr_mix,0.0,1.0,6,0.0,0.0,0.0,0.0,2005-09-03,2008-08-23
0,score_only,fused_fisher_lrt_delta,corr_mix,0.0,2.0,6,0.16666666666666666,0.16666666666666666,0.0,0.0,2005-09-03,2008-08-23
0,score_only,fused_fisher_lrt_delta,corr_mix,0.25,1.0,6,0.0,0.0,0.0,0.0,2005-09-03,2008-08-23
0,score_only,fused_fisher_lrt_delta,corr_mix,0.25,2.0,6,0.16666666666666666,0.16666666666666666,0.0,0.0,2005-09-03,2008-08-23
0,score_only,fused_fisher_lrt_delta,corr_mix,0.5,1.0,6,0.0,0.0,0.0,0.0,2005-09-03,2008-08-23
0,score_only,fused_fisher_lrt_delta,corr_mix,0.5,2.0,6,0.16666666666666666,0.16666666666666666,0.0,0.0,2005-09-03,2008-08-23
0,score_only,fused_fisher_lrt_delta,corr_mix,0.75,1.0,6,0.0,0.0,0.0,0.0,2005-09-03,2008-08-23
0,score_only,fused_fisher_lrt_delta,corr_mix,0.75,2.0,6,0.16666666666666666,0.16666666666666666,0.0,0.0,2005-09-03,2008-08-23
0,score_only,fused_fisher_lrt_delta,corr_mix,1.0,1.0,6,0.0,0.0,0.0,0.0,2005-09-03,2008-08-23
0,score_only,fused_fisher_lrt_delta,corr_mix,1.0,2.0,6,0.16666666666666666,0.16666666666666666,0.0,0.0,2005-09-03,2008-08-23
0,score_only,fused_fisher_lrt_delta,freeze,0.0,1.0,6,0.0,0.0,0.0,0.0,2005-09-03,2008-08-23
0,score_only,fused_fisher_lrt_delta,freeze,0.0,2.0,6,0.16666666666666666,0.16666666666666666,0.0,0.0,2005-09-03,2008-08-23
0,score_only,fused_fisher_lrt_delta,freeze,0.25,1.0,6,0.0,0.0,0.0,0.0,2005-09-03,2008-08-23
0,score_only,fused_fisher_lrt_delta,freeze,0.25,2.0,6,0.16666666666666666,0.16666666666666666,0.0,0.0,2005-09-03,2008-08-23
0,score_only,fused_fisher_lrt_delta,freeze,0.5,1.0,6,0.0,0.0,0.0,0.0,2005-09-03,2008-08-23
0,score_only,fused_fisher_lrt_delta,freeze,0.5,2.0,6,0.16666666666666666,0.16666666666666666,0.0,0.0,2005-09-03,2008-08-23
0,score_only,fused_fisher_lrt_delta,freeze,0.75,1.0,6,0.0,0.0,0.0,0.0,2005-09-03,2008-08-23
0,score_only,fused_fisher_lrt_delta,freeze,0.75,2.0,6,0.16666666666666666,0.16666666666666666,0.0,0.0,2005-09-03,2008-08-23
0,score_only,fused_fisher_lrt_delta,freeze,1.0,1.0,6,0.0,0.0,0.0,0.0,2005-09-03,2008-08-23
0,score_only,fused_fisher_lrt_delta,freeze,1.0,2.0,6,0.16666666666666666,0.16666666666666666,0.0,0.0,2005-09-03,2008-08-23
0,score_only,fused_sp,corr_mix,0.0,1.0,6,0.0,0.0,0.8333333333333334,0.0,2005-09-03,2008-08-23
0,score_only,fused_sp,corr_mix,0.0,2.0,6,0.0,0.16666666666666666,0.0,0.5,2005-09-03,2008-08-23
0,score_only,fused_sp,corr_mix,0.25,1.0,6,0.16666666666666666,1.0,0.8333333333333334,0.0,2005-09-03,2008-08-23
0,score_only,fused_sp,corr_mix,0.25,2.0,6,0.0,0.16666666666666666,0.0,0.5,2005-09-03,2008-08-23
0,score_only,fused_sp,corr_mix,0.5,1.0,6,0.16666666666666666,1.0,0.8333333333333334,0.0,2005-09-03,2008-08-23
0,score_only,fused_sp,corr_mix,0.5,2.0,6,0.0,0.16666666666666666,0.0,0.5,2005-09-03,2008-08-23
0,score_only,fused_sp,corr_mix,0.75,1.0,6,0.16666666666666666,1.0,0.8333333333333334,0.0,2005-09-03,2008-08-23
0,score_only,fused_sp,corr_mix,0.75,2.0,6,0.0,0.16666666666666666,0.0,0.5,2005-09-03,2008-08-23
0,score_only,fused_sp,corr_mix,1.0,1.0,6,0.16666666666666666,1.0,0.8333333333333334,0.0,2005-09-03,2008-08-23
0,score_only,fused_sp,corr_mix,1.0,2.0,6,0.0,0.16666666666666666,0.0,0.5,2005-09-03,2008-08-23
0,score_only,fused_sp,freeze,0.0,1.0,6,0.0,0.0,0.8333333333333334,0.0,2005-09-03,2008-08-23
0,score_only,fused_sp,freeze,0.0,2.0,6,0.0,0.16666666666666666,0.0,0.5,2005-09-03,2008-08-23
0,score_only,fused_sp,freeze,0.25,1.0,6,0.0,0.0,0.8333333333333334,0.0,2005-09-03,2008-08-23
0,score_only,fused_sp,freeze,0.25,2.0,6,0.0,0.16666666666666666,0.0,0.5,2005-09-03,2008-08-23
0,score_only,fused_sp,freeze,0.5,1.0,6,0.0,0.0,0.8333333333333334,0.0,2005-09-03,2008-08-23
0,score_only,fused_sp,freeze,0.5,2.0,6,0.0,0.16666666666666666,0.0,0.5,2005-09-03,2008-08-23
0,score_only,fused_sp,freeze,0.75,1.0,6,0.0,0.0,0.8333333333333334,0.0,2005-09-03,2008-08-23
0,score_only,fused_sp,freeze,0.75,2.0,6,0.0,0.16666666666666666,0.0,0.5,2005-09-03,2008-08-23
0,score_only,fused_sp,freeze,1.0,1.0,6,0.0,0.0,0.8333333333333334,0.0,2005-09-03,2008-08-23
0,score_only,fused_sp,freeze,1.0,2.0,6,0.0,0.16666666666666666,0.0,0.5,2005-09-03,2008-08-23
0,score_only,fused_sp_lrt_delta,corr_mix,0.0,1.0,6,0.16666666666666666,0.16666666666666666,0.3333333333333333,0.0,2005-09-03,2008-08-23
0,score_only,fused_sp_lrt_delta,corr_mix,0.0,2.0,6,0.3333333333333333,0.3333333333333333,0.0,0.0,2005-09-03,2008-08-23
0,score_only,fused_sp_lrt_delta,corr_mix,0.25,1.0,6,0.5,0.5,0.3333333333333333,0.0,2005-09-03,2008-08-23
0,score_only,fused_sp_lrt_delta,corr_mix,0.25,2.0,6,0.5,0.5,0.0,0.0,2005-09-03,2008-08-23
0,score_only,fused_sp_lrt_delta,corr_mix,0.5,1.0,6,0.5,0.5,0.3333333333333333,0.0,2005-09-03,2008-08-23
0,score_only,fused_sp_lrt_delta,corr_mix,0.5,2.0,6,0.5,0.5,0.0,0.0,2005-09-03,2008-08-23
0,score_only,fused_sp_lrt_delta,corr_mix,0.75,1.0,6,0.5,0.5,0.3333333333333333,0.0,2005-09-03,2008-08-23
0,score_only,fused_sp_lrt_delta,corr_mix,0.75,2.0,6,0.5,0.5,0.0,0.0,2005-09-03,2008-08-23
0,score_only,fused_sp_lrt_delta,corr_mix,1.0,1.0,6,0.5,0.5,0.3333333333333333,0.0,2005-09-03,2008-08-23
0,score_only,fused_sp_lrt_delta,corr_mix,1.0,2.0,6,0.5,0.5,0.0,0.0,2005-09-03,2008-08-23
0,score_only,fused_sp_lrt_delta,freeze,0.0,1.0,6,0.16666666666666666,0.16666666666666666,0.3333333333333333,0.0,2005-09-03,2008-08-23
0,score_only,fused_sp_lrt_delta,freeze,0.0,2.0,6,0.3333333333333333,0.3333333333333333,0.0,0.0,2005-09-03,2008-08-23
0,score_only,fused_sp_lrt_delta,freeze,0.25,1.0,6,0.16666666666666666,0.16666666666666666,0.3333333333333333,0.0,2005-09-03,2008-08-23
0,score_only,fused_sp_lrt_delta,freeze,0.25,2.0,6,0.5,0.5,0.0,0.0,2005-09-03,2008-08-23
0,score_only,fused_sp_lrt_delta,freeze,0.5,1.0,6,0.16666666666666666,0.16666666666666666,0.3333333333333333,0.0,2005-09-03,2008-08-23
0,score_only,fused_sp_lrt_delta,freeze,0.5,2.0,6,0.16666666666666666,0.16666666666666666,0.0,0.0,2005-09-03,2008-08-23
0,score_only,fused_sp_lrt_delta,freeze,0.75,1.0,6,0.16666666666666666,0.16666666666666666,0.3333333333333333,0.0,2005-09-03,2008-08-23
0,score_only,fused_sp_lrt_delta,freeze,0.75,2.0,6,0.16666666666666666,0.16666666666666666,0.0,0.0,2005-09-03,2008-08-23
0,score_only,fused_sp_lrt_delta,freeze,1.0,1.0,6,0.0,0.0,0.3333333333333333,0.0,2005-09-03,2008-08-23
0,score_only,fused_sp_lrt_delta,freeze,1.0,2.0,6,0.16666666666666666,0.16666666666666666,0.0,0.0,2005-09-03,2008-08-23
0,score_only,max_abs,corr_mix,0.0,1.0,6,0.3333333333333333,0.5,0.3333333333333333,0.0,2005-09-03,2008-08-23
0,score_only,max_abs,corr_mix,0.0,2.0,6,0.0,0.3333333333333333,0.0,0.5,2005-09-03,2008-08-23
0,score_only,max_abs,corr_mix,0.25,1.0,6,0.3333333333333333,0.5,0.3333333333333333,0.0,2005-09-03,2008-08-23
0,score_only,max_abs,corr_mix,0.25,2.0,6,0.0,0.3333333333333333,0.0,0.5,2005-09-03,2008-08-23
0,score_only,max_abs,corr_mix,0.5,1.0,6,0.3333333333333333,0.5,0.3333333333333333,0.0,2005-09-03,2008-08-23
0,score_only,max_abs,corr_mix,0.5,2.0,6,0.0,0.3333333333333333,0.0,0.5,2005-09-03,2008-08-23
0,score_only,max_abs,corr_mix,0.75,1.0,6,0.3333333333333333,0.5,0.3333333333333333,0.0,2005-09-03,2008-08-23
0,score_only,max_abs,corr_mix,0.75,2.0,6,0.0,0.3333333333333333,0.0,0.5,2005-09-03,2008-08-23
0,score_only,max_abs,corr_mix,1.0,1.0,6,0.3333333333333333,0.5,0.3333333333333333,0.0,2005-09-03,2008-08-23
0,score_only,max_abs,corr_mix,1.0,2.0,6,0.0,0.3333333333333333,0.0,0.5,2005-09-03,2008-08-23
0,score_only,max_abs,freeze,0.0,1.0,6,0.3333333333333333,0.5,0.3333333333333333,0.0,2005-09-03,2008-08-23
0,score_only,max_abs,freeze,0.0,2.0,6,0.0,0.3333333333333333,0.0,0.5,2005-09-03,2008-08-23
0,score_only,max_abs,freeze,0.25,1.0,6,0.3333333333333333,0.5,0.3333333333333333,0.0,2005-09-03,2008-08-23
0,score_only,max_abs,freeze,0.25,2.0,6,0.0,0.3333333333333333,0.0,0.5,2005-09-03,2008-08-23
0,score_only,max_abs,freeze,0.5,1.0,6,0.16666666666666666,0.3333333333333333,0.3333333333333333,0.0,2005-09-03,2008-08-23
0,score_only,max_abs,freeze,0.5,2.0,6,0.0,0.16666666666666666,0.0,0.5,2005-09-03,2008-08-23
0,score_only,max_abs,freeze,0.75,1.0,6,0.16666666666666666,0.3333333333333333,0.3333333333333333,0.0,2005-09-03,2008-08-23
0,score_only,max_abs,freeze,0.75,2.0,6,0.0,0.3333333333333333,0.0,0.5,2005-09-03,2008-08-23
0,score_only,max_abs,freeze,1.0,1.0,6,0.0,0.16666666666666666,0.3333333333333333,0.0,2005-09-03,2008-08-23
0,score_only,max_abs,freeze,1.0,2.0,6,0.0,0.3333333333333333,0.0,0.5,2005-09-03,2008-08-23
0,score_only,pc_t2,corr_mix,0.0,1.0,6,0.0,0.0,0.0,0.0,2005-09-03,2008-08-23
0,score_only,pc_t2,corr_mix,0.0,2.0,6,0.16666666666666666,0.3333333333333333,0.0,0.8333333333333334,2005-09-03,2008-08-23
0,score_only,pc_t2,corr_mix,0.25,1.0,6,0.0,0.0,0.0,0.0,2005-09-03,2008-08-23
0,score_only,pc_t2,corr_mix,0.25,2.0,6,0.16666666666666666,0.3333333333333333,0.0,0.8333333333333334,2005-09-03,2008-08-23
0,score_only,pc_t2,corr_mix,0.5,1.0,6,0.0,0.0,0.0,0.0,2005-09-03,2008-08-23
0,score_only,pc_t2,corr_mix,0.5,2.0,6,0.16666666666666666,0.3333333333333333,0.0,0.8333333333333334,2005-09-03,2008-08-23
0,score_only,pc_t2,corr_mix,0.75,1.0,6,0.0,0.0,0.0,0.0,2005-09-03,2008-08-23
0,score_only,pc_t2,corr_mix,0.75,2.0,6,0.16666666666666666,0.3333333333333333,0.0,0.8333333333333334,2005-09-03,2008-08-23
0,score_only,pc_t2,corr_mix,1.0,1.0,6,0.0,0.0,0.0,0.0,2005-09-03,2008-08-23
0,score_only,pc_t2,corr_mix,1.0,2.0,6,0.16666666666666666,0.3333333333333333,0.0,0.8333333333333334,2005-09-03,2008-08-23
0,score_only,pc_t2,freeze,0.0,1.0,6,0.0,0.0,0.0,0.0,2005-09-03,2008-08-23
0,score_only,pc_t2,freeze,0.0,2.0,6,0.16666666666666666,0.3333333333333333,0.0,0.8333333333333334,2005-09-03,2008-08-23
0,score_only,pc_t2,freeze,0.25,1.0,6,0.0,0.0,0.0,0.0,2005-09-03,2008-08-23
0,score_only,pc_t2,freeze,0.25,2.0,6,0.16666666666666666,0.3333333333333333,0.0,0.8333333333333334,2005-09-03,2008-08-23
0,score_only,pc_t2,freeze,0.5,1.0,6,0.0,0.0,0.0,0.0,2005-09-03,2008-08-23
0,score_only,pc_t2,freeze,0.5,2.0,6,0.16666666666666666,0.3333333333333333,0.0,0.8333333333333334,2005-09-03,2008-08-23
0,score_only,pc_t2,freeze,0.75,1.0,6,0.0,0.0,0.0,0.0,2005-09-03,2008-08-23
0,score_only,pc_t2,freeze,0.75,2.0,6,0.16666666666666666,0.3333333333333333,0.0,0.8333333333333334,2005-09-03,2008-08-23
0,score_only,pc_t2,freeze,1.0,1.0,6,0.0,0.0,0.0,0.0,2005-09-03,2008-08-23
0,score_only,pc_t2,freeze,1.0,2.0,6,0.16666666666666666,0.3333333333333333,0.0,0.8333333333333334,2005-09-03,2008-08-23
0,score_only,res_energy,corr_mix,0.0,1.0,6,0.0,0.0,0.0,0.0,2005-09-03,2008-08-23
0,score_only,res_energy,corr_mix,0.0,2.0,6,0.0,0.0,0.0,0.16666666666666666,2005-09-03,2008-08-23
0,score_only,res_energy,corr_mix,0.25,1.0,6,0.16666666666666666,0.16666666666666666,0.0,0.0,2005-09-03,2008-08-23
0,score_only,res_energy,corr_mix,0.25,2.0,6,0.0,0.0,0.0,0.16666666666666666,2005-09-03,2008-08-23
0,score_only,res_energy,corr_mix,0.5,1.0,6,0.16666666666666666,0.16666666666666666,0.0,0.0,2005-09-03,2008-08-23
0,score_only,res_energy,corr_mix,0.5,2.0,6,0.0,0.0,0.0,0.16666666666666666,2005-09-03,2008-08-23
0,score_only,res_energy,corr_mix,0.75,1.0,6,0.16666666666666666,0.16666666666666666,0.0,0.0,2005-09-03,2008-08-23
0,score_only,res_energy,corr_mix,0.75,2.0,6,0.0,0.0,0.0,0.16666666666666666,2005-09-03,2008-08-23
0,score_only,res_energy,corr_mix,1.0,1.0,6,0.16666666666666666,0.16666666666666666,0.0,0.0,2005-09-03,2008-08-23
0,score_only,res_energy,corr_mix,1.0,2.0,6,0.0,0.0,0.0,0.16666666666666666,2005-09-03,2008-08-23
0,score_only,res_energy,freeze,0.0,1.0,6,0.0,0.0,0.0,0.0,2005-09-03,2008-08-23
0,score_only,res_energy,freeze,0.0,2.0,6,0.0,0.0,0.0,0.16666666666666666,2005-09-03,2008-08-23
0,score_only,res_energy,freeze,0.25,1.0,6,0.0,0.0,0.0,0.0,2005-09-03,2008-08-23
0,score_only,res_energy,freeze,0.25,2.0,6,0.0,0.0,0.0,0.16666666666666666,2005-09-03,2008-08-23
0,score_only,res_energy,freeze,0.5,1.0,6,0.0,0.0,0.0,0.0,2005-09-03,2008-08-23
0,score_only,res_energy,freeze,0.5,2.0,6,0.0,0.0,0.0,0.16666666666666666,2005-09-03,2008-08-23
0,score_only,res_energy,freeze,0.75,1.0,6,0.0,0.0,0.0,0.0,2005-09-03,2008-08-23
0,score_only,res_energy,freeze,0.75,2.0,6,0.0,0.0,0.0,0.16666666666666666,2005-09-03,2008-08-23
0,score_only,res_energy,freeze,1.0,1.0,6,0.0,0.0,0.0,0.0,2005-09-03,2008-08-23
0,score_only,res_energy,freeze,1.0,2.0,6,0.0,0.0,0.0,0.16666666666666666,2005-09-03,2008-08-23
0,score_only,stale,corr_mix,0.0,1.0,6,0.0,0.3333333333333333,1.0,1.0,2005-09-03,2008-08-23
0,score_only,stale,corr_mix,0.0,2.0,6,0.0,0.3333333333333333,0.0,1.0,2005-09-03,2008-08-23
0,score_only,stale,corr_mix,0.25,1.0,6,0.0,0.3333333333333333,1.0,1.0,2005-09-03,2008-08-23
0,score_only,stale,corr_mix,0.25,2.0,6,0.0,0.3333333333333333,0.0,1.0,2005-09-03,2008-08-23
0,score_only,stale,corr_mix,0.5,1.0,6,0.0,0.3333333333333333,1.0,1.0,2005-09-03,2008-08-23
0,score_only,stale,corr_mix,0.5,2.0,6,0.0,0.3333333333333333,0.0,1.0,2005-09-03,2008-08-23
0,score_only,stale,corr_mix,0.75,1.0,6,0.0,0.3333333333333333,1.0,1.0,2005-09-03,2008-08-23
0,score_only,stale,corr_mix,0.75,2.0,6,0.0,0.3333333333333333,0.0,1.0,2005-09-03,2008-08-23
0,score_only,stale,corr_mix,1.0,1.0,6,0.0,0.3333333333333333,1.0,1.0,2005-09-03,2008-08-23
0,score_only,stale,corr_mix,1.0,2.0,6,0.0,0.3333333333333333,0.0,1.0,2005-09-03,2008-08-23
0,score_only,stale,freeze,0.0,1.0,6,0.0,0.3333333333333333,1.0,1.0,2005-09-03,2008-08-23
0,score_only,stale,freeze,0.0,2.0,6,0.0,0.3333333333333333,0.0,1.0,2005-09-03,2008-08-23
0,score_only,stale,freeze,0.25,1.0,6,0.0,0.3333333333333333,1.0,1.0,2005-09-03,2008-08-23
0,score_only,stale,freeze,0.25,2.0,6,0.0,0.3333333333333333,0.0,1.0,2005-09-03,2008-08-23
0,score_only,stale,freeze,0.5,1.0,6,0.0,0.3333333333333333,1.0,1.0,2005-09-03,2008-08-23
0,score_only,stale,freeze,0.5,2.0,6,0.0,0.3333333333333333,0.0,1.0,2005-09-03,2008-08-23
0,score_only,stale,freeze,0.75,1.0,6,0.0,0.3333333333333333,1.0,1.0,2005-09-03,2008-08-23
0,score_only,stale,freeze,0.75,2.0,6,0.0,0.3333333333333333,0.0,1.0,2005-09-03,2008-08-23
0,score_only,stale,freeze,1.0,1.0,6,0.0,0.3333333333333333,1.0,1.0,2005-09-03,2008-08-23
0,score_only,stale,freeze,1.0,2.0,6,0.0,0.3333333333333333,0.0,1.0,2005-09-03,2008-08-23
1,all_only,T2,corr_mix,0.0,1.0,3,0.0,0.0,0.0,0.0,2006-09-02,2009-08-22
1,all_only,T2,corr_mix,0.0,2.0,3,0.0,0.0,0.0,0.0,2006-09-02,2009-08-22
1,all_only,T2,corr_mix,0.25,1.0,3,0.0,0.0,0.0,0.0,2006-09-02,2009-08-22
1,all_only,T2,corr_mix,0.25,2.0,3,0.0,0.0,0.0,0.0,2006-09-02,2009-08-22
1,all_only,T2,corr_mix,0.5,1.0,3,0.0,0.0,0.0,0.0,2006-09-02,2009-08-22
1,all_only,T2,corr_mix,0.5,2.0,3,0.0,0.0,0.0,0.0,2006-09-02,2009-08-22
1,all_only,T2,corr_mix,0.75,1.0,3,0.0,0.0,0.0,0.0,2006-09-02,2009-08-22
1,all_only,T2,corr_mix,0.75,2.0,3,0.0,0.0,0.0,0.0,2006-09-02,2009-08-22
1,all_only,T2,corr_mix,1.0,1.0,3,0.0,0.0,0.0,0.0,2006-09-02,2009-08-22
1,all_only,T2,corr_mix,1.0,2.0,3,0.0,0.0,0.0,0.0,2006-09-02,2009-08-22
1,all_only,T2,freeze,0.0,1.0,3,0.0,0.0,0.0,0.0,2006-09-02,2009-08-22
1,all_only,T2,freeze,0.0,2.0,3,0.0,0.0,0.0,0.0,2006-09-02,2009-08-22
1,all_only,T2,freeze,0.25,1.0,3,0.0,0.0,0.0,0.0,2006-09-02,2009-08-22
1,all_only,T2,freeze,0.25,2.0,3,0.0,0.0,0.0,0.0,2006-09-02,2009-08-22
1,all_only,T2,freeze,0.5,1.0,3,0.0,0.0,0.0,0.0,2006-09-02,2009-08-22
1,all_only,T2,freeze,0.5,2.0,3,0.0,0.0,0.0,0.0,2006-09-02,2009-08-22
1,all_only,T2,freeze,0.75,1.0,3,0.0,0.0,0.0,0.0,2006-09-02,2009-08-22
1,all_only,T2,freeze,0.75,2.0,3,0.0,0.0,0.0,0.0,2006-09-02,2009-08-22
1,all_only,T2,freeze,1.0,1.0,3,0.0,0.0,0.0,0.0,2006-09-02,2009-08-22
1,all_only,T2,freeze,1.0,2.0,3,0.0,0.0,0.0,0.0,2006-09-02,2009-08-22
1,all_only,cusum_factor_cov_lrt,corr_mix,0.0,1.0,3,0.0,0.0,0.0,0.0,2006-09-02,2009-08-22
1,all_only,cusum_factor_cov_lrt,corr_mix,0.0,2.0,3,0.0,0.0,0.0,0.0,2006-09-02,2009-08-22
1,all_only,cusum_factor_cov_lrt,corr_mix,0.25,1.0,3,0.0,0.0,0.0,0.0,2006-09-02,2009-08-22
1,all_only,cusum_factor_cov_lrt,corr_mix,0.25,2.0,3,0.0,0.0,0.0,0.0,2006-09-02,2009-08-22
1,all_only,cusum_factor_cov_lrt,corr_mix,0.5,1.0,3,0.0,0.0,0.0,0.0,2006-09-02,2009-08-22
1,all_only,cusum_factor_cov_lrt,corr_mix,0.5,2.0,3,0.0,0.0,0.0,0.0,2006-09-02,2009-08-22
1,all_only,cusum_factor_cov_lrt,corr_mix,0.75,1.0,3,0.0,0.0,0.0,0.0,2006-09-02,2009-08-22
1,all_only,cusum_factor_cov_lrt,corr_mix,0.75,2.0,3,0.0,0.0,0.0,0.0,2006-09-02,2009-08-22
1,all_only,cusum_factor_cov_lrt,corr_mix,1.0,1.0,3,0.0,0.0,0.0,0.0,2006-09-02,2009-08-22
1,all_only,cusum_factor_cov_lrt,corr_mix,1.0,2.0,3,0.0,0.0,0.0,0.0,2006-09-02,2009-08-22
1,all_only,cusum_factor_cov_lrt,freeze,0.0,1.0,3,0.0,0.0,0.0,0.0,2006-09-02,2009-08-22
1,all_only,cusum_factor_cov_lrt,freeze,0.0,2.0,3,0.0,0.0,0.0,0.0,2006-09-02,2009-08-22
1,all_only,cusum_factor_cov_lrt,freeze,0.25,1.0,3,0.0,0.0,0.0,0.0,2006-09-02,2009-08-22
1,all_only,cusum_factor_cov_lrt,freeze,0.25,2.0,3,0.0,0.0,0.0,0.0,2006-09-02,2009-08-22
1,all_only,cusum_factor_cov_lrt,freeze,0.5,1.0,3,0.0,0.0,0.0,0.0,2006-09-02,2009-08-22
1,all_only,cusum_factor_cov_lrt,freeze,0.5,2.0,3,0.0,0.0,0.0,0.0,2006-09-02,2009-08-22
1,all_only,cusum_factor_cov_lrt,freeze,0.75,1.0,3,0.0,0.0,0.0,0.0,2006-09-02,2009-08-22
1,all_only,cusum_factor_cov_lrt,freeze,0.75,2.0,3,0.0,0.0,0.0,0.0,2006-09-02,2009-08-22
1,all_only,cusum_factor_cov_lrt,freeze,1.0,1.0,3,0.0,0.0,0.0,0.0,2006-09-02,2009-08-22
1,all_only,cusum_factor_cov_lrt,freeze,1.0,2.0,3,0.0,0.0,0.0,0.0,2006-09-02,2009-08-22
1,all_only,ewma_factor_cov_lrt,corr_mix,0.0,1.0,3,0.0,0.0,0.0,0.0,2006-09-02,2009-08-22
1,all_only,ewma_factor_cov_lrt,corr_mix,0.0,2.0,3,0.0,0.0,0.0,0.0,2006-09-02,2009-08-22
1,all_only,ewma_factor_cov_lrt,corr_mix,0.25,1.0,3,0.0,0.0,0.0,0.0,2006-09-02,2009-08-22
1,all_only,ewma_factor_cov_lrt,corr_mix,0.25,2.0,3,0.0,0.0,0.0,0.0,2006-09-02,2009-08-22
1,all_only,ewma_factor_cov_lrt,corr_mix,0.5,1.0,3,0.0,0.0,0.0,0.0,2006-09-02,2009-08-22
1,all_only,ewma_factor_cov_lrt,corr_mix,0.5,2.0,3,0.0,0.0,0.0,0.0,2006-09-02,2009-08-22
1,all_only,ewma_factor_cov_lrt,corr_mix,0.75,1.0,3,0.0,0.0,0.0,0.0,2006-09-02,2009-08-22
1,all_only,ewma_factor_cov_lrt,corr_mix,0.75,2.0,3,0.0,0.0,0.0,0.0,2006-09-02,2009-08-22
1,all_only,ewma_factor_cov_lrt,corr_mix,1.0,1.0,3,0.0,0.0,0.0,0.0,2006-09-02,2009-08-22
1,all_only,ewma_factor_cov_lrt,corr_mix,1.0,2.0,3,0.0,0.0,0.0,0.0,2006-09-02,2009-08-22
1,all_only,ewma_factor_cov_lrt,freeze,0.0,1.0,3,0.0,0.0,0.0,0.0,2006-09-02,2009-08-22
1,all_only,ewma_factor_cov_lrt,freeze,0.0,2.0,3,0.0,0.0,0.0,0.0,2006-09-02,2009-08-22
1,all_only,ewma_factor_cov_lrt,freeze,0.25,1.0,3,0.0,0.0,0.0,0.0,2006-09-02,2009-08-22
1,all_only,ewma_factor_cov_lrt,freeze,0.25,2.0,3,0.0,0.0,0.0,0.0,2006-09-02,2009-08-22
1,all_only,ewma_factor_cov_lrt,freeze,0.5,1.0,3,0.0,0.0,0.0,0.0,2006-09-02,2009-08-22
1,all_only,ewma_factor_cov_lrt,freeze,0.5,2.0,3,0.0,0.0,0.0,0.0,2006-09-02,2009-08-22
1,all_only,ewma_factor_cov_lrt,freeze,0.75,1.0,3,0.0,0.0,0.0,0.0,2006-09-02,2009-08-22
1,all_only,ewma_factor_cov_lrt,freeze,0.75,2.0,3,0.0,0.0,0.0,0.0,2006-09-02,2009-08-22
1,all_only,ewma_factor_cov_lrt,freeze,1.0,1.0,3,0.0,0.0,0.0,0.0,2006-09-02,2009-08-22
1,all_only,ewma_factor_cov_lrt,freeze,1.0,2.0,3,0.0,0.0,0.0,0.0,2006-09-02,2009-08-22
1,all_only,factor_cov_change,corr_mix,0.0,1.0,3,0.0,0.0,0.0,0.0,2006-09-02,2009-08-22
1,all_only,factor_cov_change,corr_mix,0.0,2.0,3,0.0,0.0,0.0,0.0,2006-09-02,2009-08-22
1,all_only,factor_cov_change,corr_mix,0.25,1.0,3,0.0,0.0,0.0,0.0,2006-09-02,2009-08-22
1,all_only,factor_cov_change,corr_mix,0.25,2.0,3,0.0,0.0,0.0,0.0,2006-09-02,2009-08-22
1,all_only,factor_cov_change,corr_mix,0.5,1.0,3,0.0,0.0,0.0,0.0,2006-09-02,2009-08-22
1,all_only,factor_cov_change,corr_mix,0.5,2.0,3,0.0,0.0,0.0,0.0,2006-09-02,2009-08-22
1,all_only,factor_cov_change,corr_mix,0.75,1.0,3,0.0,0.0,0.0,0.0,2006-09-02,2009-08-22
1,all_only,factor_cov_change,corr_mix,0.75,2.0,3,0.0,0.0,0.0,0.0,2006-09-02,2009-08-22
1,all_only,factor_cov_change,corr_mix,1.0,1.0,3,0.0,0.0,0.0,0.0,2006-09-02,2009-08-22
1,all_only,factor_cov_change,corr_mix,1.0,2.0,3,0.0,0.0,0.0,0.0,2006-09-02,2009-08-22
1,all_only,factor_cov_change,freeze,0.0,1.0,3,0.0,0.0,0.0,0.0,2006-09-02,2009-08-22
1,all_only,factor_cov_change,freeze,0.0,2.0,3,0.0,0.0,0.0,0.0,2006-09-02,2009-08-22
1,all_only,factor_cov_change,freeze,0.25,1.0,3,0.0,0.0,0.0,0.0,2006-09-02,2009-08-22
1,all_only,factor_cov_change,freeze,0.25,2.0,3,0.0,0.0,0.0,0.0,2006-09-02,2009-08-22
1,all_only,factor_cov_change,freeze,0.5,1.0,3,0.0,0.0,0.0,0.0,2006-09-02,2009-08-22
1,all_only,factor_cov_change,freeze,0.5,2.0,3,0.0,0.0,0.0,0.0,2006-09-02,2009-08-22
1,all_only,factor_cov_change,freeze,0.75,1.0,3,0.0,0.0,0.0,0.0,2006-09-02,2009-08-22
1,all_only,factor_cov_change,freeze,0.75,2.0,3,0.0,0.0,0.0,0.0,2006-09-02,2009-08-22
1,all_only,factor_cov_change,freeze,1.0,1.0,3,0.0,0.0,0.0,0.0,2006-09-02,2009-08-22
1,all_only,factor_cov_change,freeze,1.0,2.0,3,0.0,0.0,0.0,0.0,2006-09-02,2009-08-22
1,all_only,factor_cov_delta,corr_mix,0.0,1.0,3,0.0,0.0,0.0,0.0,2006-09-02,2009-08-22
1,all_only,factor_cov_delta,corr_mix,0.0,2.0,3,0.6666666666666666,0.6666666666666666,0.0,0.0,2006-09-02,2009-08-22
1,all_only,factor_cov_delta,corr_mix,0.25,1.0,3,0.0,0.0,0.0,0.0,2006-09-02,2009-08-22
1,all_only,factor_cov_delta,corr_mix,0.25,2.0,3,0.6666666666666666,0.6666666666666666,0.0,0.0,2006-09-02,2009-08-22
1,all_only,factor_cov_delta,corr_mix,0.5,1.0,3,0.0,0.0,0.0,0.0,2006-09-02,2009-08-22
1,all_only,factor_cov_delta,corr_mix,0.5,2.0,3,0.6666666666666666,0.6666666666666666,0.0,0.0,2006-09-02,2009-08-22
1,all_only,factor_cov_delta,corr_mix,0.75,1.0,3,0.0,0.0,0.0,0.0,2006-09-02,2009-08-22
1,all_only,factor_cov_delta,corr_mix,0.75,2.0,3,0.6666666666666666,0.6666666666666666,0.0,0.0,2006-09-02,2009-08-22
1,all_only,factor_cov_delta,corr_mix,1.0,1.0,3,0.0,0.0,0.0,0.0,2006-09-02,2009-08-22
1,all_only,factor_cov_delta,corr_mix,1.0,2.0,3,0.6666666666666666,0.6666666666666666,0.0,0.0,2006-09-02,2009-08-22
1,all_only,factor_cov_delta,freeze,0.0,1.0,3,0.0,0.0,0.0,0.0,2006-09-02,2009-08-22
1,all_only,factor_cov_delta,freeze,0.0,2.0,3,0.6666666666666666,0.6666666666666666,0.0,0.0,2006-09-02,2009-08-22
1,all_only,factor_cov_delta,freeze,0.25,1.0,3,0.0,0.0,0.0,0.0,2006-09-02,2009-08-22
1,all_only,factor_cov_delta,freeze,0.25,2.0,3,0.6666666666666666,0.6666666666666666,0.0,0.0,2006-09-02,2009-08-22
1,all_only,factor_cov_delta,freeze,0.5,1.0,3,0.0,0.0,0.0,0.0,2006-09-02,2009-08-22
1,all_only,factor_cov_delta,freeze,0.5,2.0,3,0.6666666666666666,0.6666666666666666,0.0,0.0,2006-09-02,2009-08-22
1,all_only,factor_cov_delta,freeze,0.75,1.0,3,0.0,0.0,0.0,0.0,2006-09-02,2009-08-22
1,all_only,factor_cov_delta,freeze,0.75,2.0,3,0.6666666666666666,0.6666666666666666,0.0,0.0,2006-09-02,2009-08-22
1,all_only,factor_cov_delta,freeze,1.0,1.0,3,0.0,0.0,0.0,0.0,2006-09-02,2009-08-22
1,all_only,factor_cov_delta,freeze,1.0,2.0,3,0.6666666666666666,0.6666666666666666,0.0,0.0,2006-09-02,2009-08-22
1,all_only,factor_cov_lrt,corr_mix,0.0,1.0,3,0.0,0.6666666666666666,0.3333333333333333,1.0,2006-09-02,2009-08-22
1,all_only,factor_cov_lrt,corr_mix,0.0,2.0,3,0.0,0.0,0.0,0.0,2006-09-02,2009-08-22
1,all_only,factor_cov_lrt,corr_mix,0.25,1.0,3,0.0,0.6666666666666666,0.3333333333333333,1.0,2006-09-02,2009-08-22
1,all_only,factor_cov_lrt,corr_mix,0.25,2.0,3,0.0,0.0,0.0,0.0,2006-09-02,2009-08-22
1,all_only,factor_cov_lrt,corr_mix,0.5,1.0,3,0.0,0.6666666666666666,0.3333333333333333,1.0,2006-09-02,2009-08-22
1,all_only,factor_cov_lrt,corr_mix,0.5,2.0,3,0.0,0.0,0.0,0.0,2006-09-02,2009-08-22
1,all_only,factor_cov_lrt,corr_mix,0.75,1.0,3,0.0,0.6666666666666666,0.3333333333333333,1.0,2006-09-02,2009-08-22
1,all_only,factor_cov_lrt,corr_mix,0.75,2.0,3,0.0,0.0,0.0,0.0,2006-09-02,2009-08-22
1,all_only,factor_cov_lrt,corr_mix,1.0,1.0,3,0.0,0.6666666666666666,0.3333333333333333,1.0,2006-09-02,2009-08-22
1,all_only,factor_cov_lrt,corr_mix,1.0,2.0,3,0.0,0.0,0.0,0.0,2006-09-02,2009-08-22
1,all_only,factor_cov_lrt,freeze,0.0,1.0,3,0.0,0.6666666666666666,0.3333333333333333,1.0,2006-09-02,2009-08-22
1,all_only,factor_cov_lrt,freeze,0.0,2.0,3,0.0,0.0,0.0,0.0,2006-09-02,2009-08-22
1,all_only,factor_cov_lrt,freeze,0.25,1.0,3,0.0,0.6666666666666666,0.3333333333333333,1.0,2006-09-02,2009-08-22
1,all_only,factor_cov_lrt,freeze,0.25,2.0,3,0.0,0.0,0.0,0.0,2006-09-02,2009-08-22
1,all_only,factor_cov_lrt,freeze,0.5,1.0,3,0.0,0.6666666666666666,0.3333333333333333,1.0,2006-09-02,2009-08-22
1,all_only,factor_cov_lrt,freeze,0.5,2.0,3,0.0,0.0,0.0,0.0,2006-09-02,2009-08-22
1,all_only,factor_cov_lrt,freeze,0.75,1.0,3,0.0,0.6666666666666666,0.3333333333333333,1.0,2006-09-02,2009-08-22
1,all_only,factor_cov_lrt,freeze,0.75,2.0,3,0.0,0.0,0.0,0.0,2006-09-02,2009-08-22
1,all_only,factor_cov_lrt,freeze,1.0,1.0,3,0.0,0.6666666666666666,0.3333333333333333,1.0,2006-09-02,2009-08-22
1,all_only,factor_cov_lrt,freeze,1.0,2.0,3,0.0,0.0,0.0,0.0,2006-09-02,2009-08-22
1,all_only,factor_cov_lrt_delta,corr_mix,0.0,1.0,3,0.0,0.0,0.0,0.0,2006-09-02,2009-08-22
1,all_only,factor_cov_lrt_delta,corr_mix,0.0,2.0,3,0.3333333333333333,0.3333333333333333,0.0,0.0,2006-09-02,2009-08-22
1,all_only,factor_cov_lrt_delta,corr_mix,0.25,1.0,3,0.0,0.0,0.0,0.0,2006-09-02,2009-08-22
1,all_only,factor_cov_lrt_delta,corr_mix,0.25,2.0,3,0.3333333333333333,0.3333333333333333,0.0,0.0,2006-09-02,2009-08-22
1,all_only,factor_cov_lrt_delta,corr_mix,0.5,1.0,3,0.0,0.0,0.0,0.0,2006-09-02,2009-08-22
1,all_only,factor_cov_lrt_delta,corr_mix,0.5,2.0,3,0.3333333333333333,0.3333333333333333,0.0,0.0,2006-09-02,2009-08-22
1,all_only,factor_cov_lrt_delta,corr_mix,0.75,1.0,3,0.0,0.0,0.0,0.0,2006-09-02,2009-08-22
1,all_only,factor_cov_lrt_delta,corr_mix,0.75,2.0,3,0.3333333333333333,0.3333333333333333,0.0,0.0,2006-09-02,2009-08-22
1,all_only,factor_cov_lrt_delta,corr_mix,1.0,1.0,3,0.0,0.0,0.0,0.0,2006-09-02,2009-08-22
1,all_only,factor_cov_lrt_delta,corr_mix,1.0,2.0,3,0.3333333333333333,0.3333333333333333,0.0,0.0,2006-09-02,2009-08-22
1,all_only,factor_cov_lrt_delta,freeze,0.0,1.0,3,0.0,0.0,0.0,0.0,2006-09-02,2009-08-22
1,all_only,factor_cov_lrt_delta,freeze,0.0,2.0,3,0.3333333333333333,0.3333333333333333,0.0,0.0,2006-09-02,2009-08-22
1,all_only,factor_cov_lrt_delta,freeze,0.25,1.0,3,0.0,0.0,0.0,0.0,2006-09-02,2009-08-22
1,all_only,factor_cov_lrt_delta,freeze,0.25,2.0,3,0.3333333333333333,0.3333333333333333,0.0,0.0,2006-09-02,2009-08-22
1,all_only,factor_cov_lrt_delta,freeze,0.5,1.0,3,0.0,0.0,0.0,0.0,2006-09-02,2009-08-22
1,all_only,factor_cov_lrt_delta,freeze,0.5,2.0,3,0.3333333333333333,0.3333333333333333,0.0,0.0,2006-09-02,2009-08-22
1,all_only,factor_cov_lrt_delta,freeze,0.75,1.0,3,0.0,0.0,0.0,0.0,2006-09-02,2009-08-22
1,all_only,factor_cov_lrt_delta,freeze,0.75,2.0,3,0.3333333333333333,0.3333333333333333,0.0,0.0,2006-09-02,2009-08-22
1,all_only,factor_cov_lrt_delta,freeze,1.0,1.0,3,0.0,0.0,0.0,0.0,2006-09-02,2009-08-22
1,all_only,factor_cov_lrt_delta,freeze,1.0,2.0,3,0.3333333333333333,0.3333333333333333,0.0,0.0,2006-09-02,2009-08-22
1,all_only,fused_fisher,corr_mix,0.0,1.0,3,0.0,0.0,0.0,0.0,2006-09-02,2009-08-22
1,all_only,fused_fisher,corr_mix,0.0,2.0,3,0.0,0.0,0.0,0.0,2006-09-02,2009-08-22
1,all_only,fused_fisher,corr_mix,0.25,1.0,3,0.0,0.0,0.0,0.0,2006-09-02,2009-08-22
1,all_only,fused_fisher,corr_mix,0.25,2.0,3,0.0,0.0,0.0,0.0,2006-09-02,2009-08-22
1,all_only,fused_fisher,corr_mix,0.5,1.0,3,0.0,0.0,0.0,0.0,2006-09-02,2009-08-22
1,all_only,fused_fisher,corr_mix,0.5,2.0,3,0.0,0.0,0.0,0.0,2006-09-02,2009-08-22
1,all_only,fused_fisher,corr_mix,0.75,1.0,3,0.0,0.0,0.0,0.0,2006-09-02,2009-08-22
1,all_only,fused_fisher,corr_mix,0.75,2.0,3,0.0,0.0,0.0,0.0,2006-09-02,2009-08-22
1,all_only,fused_fisher,corr_mix,1.0,1.0,3,0.0,0.0,0.0,0.0,2006-09-02,2009-08-22
1,all_only,fused_fisher,corr_mix,1.0,2.0,3,0.0,0.0,0.0,0.0,2006-09-02,2009-08-22
1,all_only,fused_fisher,freeze,0.0,1.0,3,0.0,0.0,0.0,0.0,2006-09-02,2009-08-22
1,all_only,fused_fisher,freeze,0.0,2.0,3,0.0,0.0,0.0,0.0,2006-09-02,2009-08-22
1,all_only,fused_fisher,freeze,0.25,1.0,3,0.0,0.0,0.0,0.0,2006-09-02,2009-08-22
1,all_only,fused_fisher,freeze,0.25,2.0,3,0.0,0.0,0.0,0.0,2006-09-02,2009-08-22
1,all_only,fused_fisher,freeze,0.5,1.0,3,0.0,0.0,0.0,0.0,2006-09-02,2009-08-22
1,all_only,fused_fisher,freeze,0.5,2.0,3,0.0,0.0,0.0,0.0,2006-09-02,2009-08-22
1,all_only,fused_fisher,freeze,0.75,1.0,3,0.0,0.0,0.0,0.0,2006-09-02,2009-08-22
1,all_only,fused_fisher,freeze,0.75,2.0,3,0.0,0.0,0.0,0.0,2006-09-02,2009-08-22
1,all_only,fused_fisher,freeze,1.0,1.0,3,0.0,0.0,0.0,0.0,2006-09-02,2009-08-22
1,all_only,fused_fisher,freeze,1.0,2.0,3,0.0,0.0,0.0,0.0,2006-09-02,2009-08-22
1,all_only,fused_fisher_lrt_delta,corr_mix,0.0,1.0,3,0.0,0.0,1.0,0.0,2006-09-02,2009-08-22
1,all_only,fused_fisher_lrt_delta,corr_mix,0.0,2.0,3,0.0,0.0,0.0,1.0,2006-09-02,2009-08-22
1,all_only,fused_fisher_lrt_delta,corr_mix,0.25,1.0,3,0.0,0.0,1.0,0.0,2006-09-02,2009-08-22
1,all_only,fused_fisher_lrt_delta,corr_mix,0.25,2.0,3,0.0,0.0,0.0,1.0,2006-09-02,2009-08-22
1,all_only,fused_fisher_lrt_delta,corr_mix,0.5,1.0,3,0.0,0.0,1.0,0.0,2006-09-02,2009-08-22
1,all_only,fused_fisher_lrt_delta,corr_mix,0.5,2.0,3,0.0,0.0,0.0,1.0,2006-09-02,2009-08-22
1,all_only,fused_fisher_lrt_delta,corr_mix,0.75,1.0,3,0.0,0.0,1.0,0.0,2006-09-02,2009-08-22
1,all_only,fused_fisher_lrt_delta,corr_mix,0.75,2.0,3,0.0,0.0,0.0,1.0,2006-09-02,2009-08-22
1,all_only,fused_fisher_lrt_delta,corr_mix,1.0,1.0,3,0.0,0.0,1.0,0.0,2006-09-02,2009-08-22
1,all_only,fused_fisher_lrt_delta,corr_mix,1.0,2.0,3,0.0,0.0,0.0,1.0,2006-09-02,2009-08-22
1,all_only,fused_fisher_lrt_delta,freeze,0.0,1.0,3,0.0,0.0,1.0,0.0,2006-09-02,2009-08-22
1,all_only,fused_fisher_lrt_delta,freeze,0.0,2.0,3,0.0,0.0,0.0,1.0,2006-09-02,2009-08-22
1,all_only,fused_fisher_lrt_delta,freeze,0.25,1.0,3,0.0,0.0,1.0,0.0,2006-09-02,2009-08-22
1,all_only,fused_fisher_lrt_delta,freeze,0.25,2.0,3,0.0,0.0,0.0,1.0,2006-09-02,2009-08-22
1,all_only,fused_fisher_lrt_delta,freeze,0.5,1.0,3,0.0,0.0,1.0,0.0,2006-09-02,2009-08-22
1,all_only,fused_fisher_lrt_delta,freeze,0.5,2.0,3,0.0,0.0,0.0,1.0,2006-09-02,2009-08-22
1,all_only,fused_fisher_lrt_delta,freeze,0.75,1.0,3,0.0,0.0,1.0,0.0,2006-09-02,2009-08-22
1,all_only,fused_fisher_lrt_delta,freeze,0.75,2.0,3,0.0,0.0,0.0,1.0,2006-09-02,2009-08-22
1,all_only,fused_fisher_lrt_delta,freeze,1.0,1.0,3,0.0,0.0,1.0,0.0,2006-09-02,2009-08-22
1,all_only,fused_fisher_lrt_delta,freeze,1.0,2.0,3,0.0,0.0,0.0,1.0,2006-09-02,2009-08-22
1,all_only,fused_sp,corr_mix,0.0,1.0,3,0.0,0.0,0.0,0.0,2006-09-02,2009-08-22
1,all_only,fused_sp,corr_mix,0.0,2.0,3,0.0,0.0,0.0,0.0,2006-09-02,2009-08-22
1,all_only,fused_sp,corr_mix,0.25,1.0,3,0.0,0.0,0.0,0.0,2006-09-02,2009-08-22
1,all_only,fused_sp,corr_mix,0.25,2.0,3,0.0,0.0,0.0,0.0,2006-09-02,2009-08-22
1,all_only,fused_sp,corr_mix,0.5,1.0,3,0.0,0.0,0.0,0.0,2006-09-02,2009-08-22
1,all_only,fused_sp,corr_mix,0.5,2.0,3,0.0,0.0,0.0,0.0,2006-09-02,2009-08-22
1,all_only,fused_sp,corr_mix,0.75,1.0,3,0.0,0.0,0.0,0.0,2006-09-02,2009-08-22
1,all_only,fused_sp,corr_mix,0.75,2.0,3,0.0,0.0,0.0,0.0,2006-09-02,2009-08-22
1,all_only,fused_sp,corr_mix,1.0,1.0,3,0.0,0.0,0.0,0.0,2006-09-02,2009-08-22
1,all_only,fused_sp,corr_mix,1.0,2.0,3,0.0,0.0,0.0,0.0,2006-09-02,2009-08-22
1,all_only,fused_sp,freeze,0.0,1.0,3,0.0,0.0,0.0,0.0,2006-09-02,2009-08-22
1,all_only,fused_sp,freeze,0.0,2.0,3,0.0,0.0,0.0,0.0,2006-09-02,2009-08-22
1,all_only,fused_sp,freeze,0.25,1.0,3,0.0,0.0,0.0,0.0,2006-09-02,2009-08-22
1,all_only,fused_sp,freeze,0.25,2.0,3,0.0,0.0,0.0,0.0,2006-09-02,2009-08-22
1,all_only,fused_sp,freeze,0.5,1.0,3,0.0,0.0,0.0,0.0,2006-09-02,2009-08-22
1,all_only,fused_sp,freeze,0.5,2.0,3,0.0,0.0,0.0,0.0,2006-09-02,2009-08-22
1,all_only,fused_sp,freeze,0.75,1.0,3,0.0,0.0,0.0,0.0,2006-09-02,2009-08-22
1,all_only,fused_sp,freeze,0.75,2.0,3,0.0,0.0,0.0,0.0,2006-09-02,2009-08-22
1,all_only,fused_sp,freeze,1.0,1.0,3,0.0,0.0,0.0,0.0,2006-09-02,2009-08-22
1,all_only,fused_sp,freeze,1.0,2.0,3,0.0,0.0,0.0,0.0,2006-09-02,2009-08-22
1,all_only,fused_sp_lrt_delta,corr_mix,0.0,1.0,3,0.0,0.0,0.0,0.0,2006-09-02,2009-08-22
1,all_only,fused_sp_lrt_delta,corr_mix,0.0,2.0,3,1.0,1.0,0.0,0.0,2006-09-02,2009-08-22
1,all_only,fused_sp_lrt_delta,corr_mix,0.25,1.0,3,0.0,0.0,0.0,0.0,2006-09-02,2009-08-22
1,all_only,fused_sp_lrt_delta,corr_mix,0.25,2.0,3,1.0,1.0,0.0,0.0,2006-09-02,2009-08-22
1,all_only,fused_sp_lrt_delta,corr_mix,0.5,1.0,3,0.0,0.0,0.0,0.0,2006-09-02,2009-08-22
1,all_only,fused_sp_lrt_delta,corr_mix,0.5,2.0,3,1.0,1.0,0.0,0.0,2006-09-02,2009-08-22
1,all_only,fused_sp_lrt_delta,corr_mix,0.75,1.0,3,0.0,0.0,0.0,0.0,2006-09-02,2009-08-22
1,all_only,fused_sp_lrt_delta,corr_mix,0.75,2.0,3,1.0,1.0,0.0,0.0,2006-09-02,2009-08-22
1,all_only,fused_sp_lrt_delta,corr_mix,1.0,1.0,3,0.0,0.0,0.0,0.0,2006-09-02,2009-08-22
1,all_only,fused_sp_lrt_delta,corr_mix,1.0,2.0,3,1.0,1.0,0.0,0.0,2006-09-02,2009-08-22
1,all_only,fused_sp_lrt_delta,freeze,0.0,1.0,3,0.0,0.0,0.0,0.0,2006-09-02,2009-08-22
1,all_only,fused_sp_lrt_delta,freeze,0.0,2.0,3,1.0,1.0,0.0,0.0,2006-09-02,2009-08-22
1,all_only,fused_sp_lrt_delta,freeze,0.25,1.0,3,0.0,0.0,0.0,0.0,2006-09-02,2009-08-22
1,all_only,fused_sp_lrt_delta,freeze,0.25,2.0,3,1.0,1.0,0.0,0.0,2006-09-02,2009-08-22
1,all_only,fused_sp_lrt_delta,freeze,0.5,1.0,3,0.0,0.0,0.0,0.0,2006-09-02,2009-08-22
1,all_only,fused_sp_lrt_delta,freeze,0.5,2.0,3,1.0,1.0,0.0,0.0,2006-09-02,2009-08-22
1,all_only,fused_sp_lrt_delta,freeze,0.75,1.0,3,0.0,0.0,0.0,0.0,2006-09-02,2009-08-22
1,all_only,fused_sp_lrt_delta,freeze,0.75,2.0,3,1.0,1.0,0.0,0.0,2006-09-02,2009-08-22
1,all_only,fused_sp_lrt_delta,freeze,1.0,1.0,3,0.0,0.0,0.0,0.0,2006-09-02,2009-08-22
1,all_only,fused_sp_lrt_delta,freeze,1.0,2.0,3,1.0,1.0,0.0,0.0,2006-09-02,2009-08-22
1,all_only,max_abs,corr_mix,0.0,1.0,3,0.0,0.0,1.0,0.0,2006-09-02,2009-08-22
1,all_only,max_abs,corr_mix,0.0,2.0,3,0.0,0.0,0.0,0.0,2006-09-02,2009-08-22
1,all_only,max_abs,corr_mix,0.25,1.0,3,0.0,0.0,1.0,0.0,2006-09-02,2009-08-22
1,all_only,max_abs,corr_mix,0.25,2.0,3,0.0,0.0,0.0,0.0,2006-09-02,2009-08-22
1,all_only,max_abs,corr_mix,0.5,1.0,3,0.0,0.0,1.0,0.0,2006-09-02,2009-08-22
1,all_only,max_abs,corr_mix,0.5,2.0,3,0.0,0.0,0.0,0.0,2006-09-02,2009-08-22
1,all_only,max_abs,corr_mix,0.75,1.0,3,0.0,0.0,1.0,0.0,2006-09-02,2009-08-22
1,all_only,max_abs,corr_mix,0.75,2.0,3,0.0,0.0,0.0,0.0,2006-09-02,2009-08-22
1,all_only,max_abs,corr_mix,1.0,1.0,3,0.0,0.0,1.0,0.0,2006-09-02,2009-08-22
1,all_only,max_abs,corr_mix,1.0,2.0,3,0.0,0.0,0.0,0.0,2006-09-02,2009-08-22
1,all_only,max_abs,freeze,0.0,1.0,3,0.0,0.0,1.0,0.0,2006-09-02,2009-08-22
1,all_only,max_abs,freeze,0.0,2.0,3,0.0,0.0,0.0,0.0,2006-09-02,2009-08-22
1,all_only,max_abs,freeze,0.25,1.0,3,0.0,0.0,1.0,0.0,2006-09-02,2009-08-22
1,all_only,max_abs,freeze,0.25,2.0,3,0.0,0.0,0.0,0.0,2006-09-02,2009-08-22
1,all_only,max_abs,freeze,0.5,1.0,3,0.0,0.0,1.0,0.0,2006-09-02,2009-08-22
1,all_only,max_abs,freeze,0.5,2.0,3,0.0,0.0,0.0,0.0,2006-09-02,2009-08-22
1,all_only,max_abs,freeze,0.75,1.0,3,0.0,0.0,1.0,0.0,2006-09-02,2009-08-22
1,all_only,max_abs,freeze,0.75,2.0,3,0.0,0.0,0.0,0.0,2006-09-02,2009-08-22
1,all_only,max_abs,freeze,1.0,1.0,3,0.0,0.0,1.0,0.0,2006-09-02,2009-08-22
1,all_only,max_abs,freeze,1.0,2.0,3,0.0,0.0,0.0,0.0,2006-09-02,2009-08-22
1,all_only,pc_t2,corr_mix,0.0,1.0,3,0.0,0.0,0.0,0.0,2006-09-02,2009-08-22
1,all_only,pc_t2,corr_mix,0.0,2.0,3,0.0,0.0,0.0,0.0,2006-09-02,2009-08-22
1,all_only,pc_t2,corr_mix,0.25,1.0,3,0.0,0.0,0.0,0.0,2006-09-02,2009-08-22
1,all_only,pc_t2,corr_mix,0.25,2.0,3,0.0,0.0,0.0,0.0,2006-09-02,2009-08-22
1,all_only,pc_t2,corr_mix,0.5,1.0,3,0.0,0.0,0.0,0.0,2006-09-02,2009-08-22
1,all_only,pc_t2,corr_mix,0.5,2.0,3,0.0,0.0,0.0,0.0,2006-09-02,2009-08-22
1,all_only,pc_t2,corr_mix,0.75,1.0,3,0.0,0.0,0.0,0.0,2006-09-02,2009-08-22
1,all_only,pc_t2,corr_mix,0.75,2.0,3,0.0,0.0,0.0,0.0,2006-09-02,2009-08-22
1,all_only,pc_t2,corr_mix,1.0,1.0,3,0.0,0.0,0.0,0.0,2006-09-02,2009-08-22
1,all_only,pc_t2,corr_mix,1.0,2.0,3,0.0,0.0,0.0,0.0,2006-09-02,2009-08-22
1,all_only,pc_t2,freeze,0.0,1.0,3,0.0,0.0,0.0,0.0,2006-09-02,2009-08-22
1,all_only,pc_t2,freeze,0.0,2.0,3,0.0,0.0,0.0,0.0,2006-09-02,2009-08-22
1,all_only,pc_t2,freeze,0.25,1.0,3,0.0,0.0,0.0,0.0,2006-09-02,2009-08-22
1,all_only,pc_t2,freeze,0.25,2.0,3,0.0,0.0,0.0,0.0,2006-09-02,2009-08-22
1,all_only,pc_t2,freeze,0.5,1.0,3,0.0,0.0,0.0,0.0,2006-09-02,2009-08-22
1,all_only,pc_t2,freeze,0.5,2.0,3,0.0,0.0,0.0,0.0,2006-09-02,2009-08-22
1,all_only,pc_t2,freeze,0.75,1.0,3,0.0,0.0,0.0,0.0,2006-09-02,2009-08-22
1,all_only,pc_t2,freeze,0.75,2.0,3,0.0,0.0,0.0,0.0,2006-09-02,2009-08-22
1,all_only,pc_t2,freeze,1.0,1.0,3,0.0,0.0,0.0,0.0,2006-09-02,2009-08-22
1,all_only,pc_t2,freeze,1.0,2.0,3,0.0,0.0,0.0,0.0,2006-09-02,2009-08-22
1,all_only,res_energy,corr_mix,0.0,1.0,3,0.0,0.0,0.0,0.0,2006-09-02,2009-08-22
1,all_only,res_energy,corr_mix,0.0,2.0,3,0.0,0.0,0.0,0.0,2006-09-02,2009-08-22
1,all_only,res_energy,corr_mix,0.25,1.0,3,0.0,0.0,0.0,0.0,2006-09-02,2009-08-22
1,all_only,res_energy,corr_mix,0.25,2.0,3,0.0,0.0,0.0,0.0,2006-09-02,2009-08-22
1,all_only,res_energy,corr_mix,0.5,1.0,3,0.0,0.0,0.0,0.0,2006-09-02,2009-08-22
1,all_only,res_energy,corr_mix,0.5,2.0,3,0.0,0.0,0.0,0.0,2006-09-02,2009-08-22
1,all_only,res_energy,corr_mix,0.75,1.0,3,0.0,0.0,0.0,0.0,2006-09-02,2009-08-22
1,all_only,res_energy,corr_mix,0.75,2.0,3,0.0,0.0,0.0,0.0,2006-09-02,2009-08-22
1,all_only,res_energy,corr_mix,1.0,1.0,3,0.0,0.0,0.0,0.0,2006-09-02,2009-08-22
1,all_only,res_energy,corr_mix,1.0,2.0,3,0.0,0.0,0.0,0.0,2006-09-02,2009-08-22
1,all_only,res_energy,freeze,0.0,1.0,3,0.0,0.0,0.0,0.0,2006-09-02,2009-08-22
1,all_only,res_energy,freeze,0.0,2.0,3,0.0,0.0,0.0,0.0,2006-09-02,2009-08-22
1,all_only,res_energy,freeze,0.25,1.0,3,0.0,0.0,0.0,0.0,2006-09-02,2009-08-22
1,all_only,res_energy,freeze,0.25,2.0,3,0.0,0.0,0.0,0.0,2006-09-02,2009-08-22
1,all_only,res_energy,freeze,0.5,1.0,3,0.0,0.0,0.0,0.0,2006-09-02,2009-08-22
1,all_only,res_energy,freeze,0.5,2.0,3,0.0,0.0,0.0,0.0,2006-09-02,2009-08-22
1,all_only,res_energy,freeze,0.75,1.0,3,0.0,0.0,0.0,0.0,2006-09-02,2009-08-22
1,all_only,res_energy,freeze,0.75,2.0,3,0.0,0.0,0.0,0.0,2006-09-02,2009-08-22
1,all_only,res_energy,freeze,1.0,1.0,3,0.0,0.0,0.0,0.0,2006-09-02,2009-08-22
1,all_only,res_energy,freeze,1.0,2.0,3,0.0,0.0,0.0,0.0,2006-09-02,2009-08-22
1,all_only,stale,corr_mix,0.0,1.0,3,0.0,0.0,1.0,1.0,2006-09-02,2009-08-22
1,all_only,stale,corr_mix,0.0,2.0,3,0.0,0.0,0.0,1.0,2006-09-02,2009-08-22
1,all_only,stale,corr_mix,0.25,1.0,3,0.0,0.0,1.0,1.0,2006-09-02,2009-08-22
1,all_only,stale,corr_mix,0.25,2.0,3,0.0,0.0,0.0,1.0,2006-09-02,2009-08-22
1,all_only,stale,corr_mix,0.5,1.0,3,0.0,0.0,1.0,1.0,2006-09-02,2009-08-22
1,all_only,stale,corr_mix,0.5,2.0,3,0.0,0.0,0.0,1.0,2006-09-02,2009-08-22
1,all_only,stale,corr_mix,0.75,1.0,3,0.0,0.0,1.0,1.0,2006-09-02,2009-08-22
1,all_only,stale,corr_mix,0.75,2.0,3,0.0,0.0,0.0,1.0,2006-09-02,2009-08-22
1,all_only,stale,corr_mix,1.0,1.0,3,0.0,0.0,1.0,1.0,2006-09-02,2009-08-22
1,all_only,stale,corr_mix,1.0,2.0,3,0.0,0.0,0.0,1.0,2006-09-02,2009-08-22
1,all_only,stale,freeze,0.0,1.0,3,0.0,0.0,1.0,1.0,2006-09-02,2009-08-22
1,all_only,stale,freeze,0.0,2.0,3,0.0,0.0,0.0,1.0,2006-09-02,2009-08-22
1,all_only,stale,freeze,0.25,1.0,3,0.0,0.0,1.0,1.0,2006-09-02,2009-08-22
1,all_only,stale,freeze,0.25,2.0,3,0.0,0.0,0.0,1.0,2006-09-02,2009-08-22
1,all_only,stale,freeze,0.5,1.0,3,0.0,0.0,1.0,1.0,2006-09-02,2009-08-22
1,all_only,stale,freeze,0.5,2.0,3,0.0,0.0,0.0,1.0,2006-09-02,2009-08-22
1,all_only,stale,freeze,0.75,1.0,3,0.0,0.0,1.0,1.0,2006-09-02,2009-08-22
1,all_only,stale,freeze,0.75,2.0,3,0.0,0.0,0.0,1.0,2006-09-02,2009-08-22
1,all_only,stale,freeze,1.0,1.0,3,0.0,0.0,1.0,1.0,2006-09-02,2009-08-22
1,all_only,stale,freeze,1.0,2.0,3,0.0,0.0,0.0,1.0,2006-09-02,2009-08-22
1,full,T2,corr_mix,0.0,1.0,3,0.0,0.0,0.0,0.0,2006-09-02,2009-08-22
1,full,T2,corr_mix,0.0,2.0,3,0.0,0.0,0.0,0.0,2006-09-02,2009-08-22
1,full,T2,corr_mix,0.25,1.0,3,1.0,1.0,0.0,0.0,2006-09-02,2009-08-22
1,full,T2,corr_mix,0.25,2.0,3,0.0,0.0,0.0,0.0,2006-09-02,2009-08-22
1,full,T2,corr_mix,0.5,1.0,3,1.0,1.0,0.0,0.0,2006-09-02,2009-08-22
1,full,T2,corr_mix,0.5,2.0,3,0.0,0.0,0.0,0.0,2006-09-02,2009-08-22
1,full,T2,corr_mix,0.75,1.0,3,1.0,1.0,0.0,0.0,2006-09-02,2009-08-22
1,full,T2,corr_mix,0.75,2.0,3,0.0,0.0,0.0,0.0,2006-09-02,2009-08-22
1,full,T2,corr_mix,1.0,1.0,3,1.0,1.0,0.0,0.0,2006-09-02,2009-08-22
1,full,T2,corr_mix,1.0,2.0,3,0.0,0.0,0.0,0.0,2006-09-02,2009-08-22
1,full,T2,freeze,0.0,1.0,3,0.0,0.0,0.0,0.0,2006-09-02,2009-08-22
1,full,T2,freeze,0.0,2.0,3,0.0,0.0,0.0,0.0,2006-09-02,2009-08-22
1,full,T2,freeze,0.25,1.0,3,0.0,0.0,0.0,0.0,2006-09-02,2009-08-22
1,full,T2,freeze,0.25,2.0,3,0.0,0.0,0.0,0.0,2006-09-02,2009-08-22
1,full,T2,freeze,0.5,1.0,3,0.0,0.0,0.0,0.0,2006-09-02,2009-08-22
1,full,T2,freeze,0.5,2.0,3,0.0,0.0,0.0,0.0,2006-09-02,2009-08-22
1,full,T2,freeze,0.75,1.0,3,0.0,0.0,0.0,0.0,2006-09-02,2009-08-22
1,full,T2,freeze,0.75,2.0,3,0.0,0.0,0.0,0.0,2006-09-02,2009-08-22
1,full,T2,freeze,1.0,1.0,3,0.0,0.0,0.0,0.0,2006-09-02,2009-08-22
1,full,T2,freeze,1.0,2.0,3,0.0,0.0,0.0,0.0,2006-09-02,2009-08-22
1,full,cusum_factor_cov_lrt,corr_mix,0.0,1.0,3,0.0,0.6666666666666666,1.0,0.0,2006-09-02,2009-08-22
1,full,cusum_factor_cov_lrt,corr_mix,0.0,2.0,3,0.0,0.0,0.0,0.0,2006-09-02,2009-08-22
1,full,cusum_factor_cov_lrt,corr_mix,0.25,1.0,3,0.0,0.6666666666666666,1.0,0.0,2006-09-02,2009-08-22
1,full,cusum_factor_cov_lrt,corr_mix,0.25,2.0,3,0.0,0.0,0.0,0.0,2006-09-02,2009-08-22
1,full,cusum_factor_cov_lrt,corr_mix,0.5,1.0,3,0.0,0.6666666666666666,1.0,0.0,2006-09-02,2009-08-22
1,full,cusum_factor_cov_lrt,corr_mix,0.5,2.0,3,0.0,0.0,0.0,0.0,2006-09-02,2009-08-22
1,full,cusum_factor_cov_lrt,corr_mix,0.75,1.0,3,0.0,0.6666666666666666,1.0,0.0,2006-09-02,2009-08-22
1,full,cusum_factor_cov_lrt,corr_mix,0.75,2.0,3,0.0,0.0,0.0,0.0,2006-09-02,2009-08-22
1,full,cusum_factor_cov_lrt,corr_mix,1.0,1.0,3,0.0,0.3333333333333333,1.0,0.0,2006-09-02,2009-08-22
1,full,cusum_factor_cov_lrt,corr_mix,1.0,2.0,3,0.0,0.0,0.0,0.0,2006-09-02,2009-08-22
1,full,cusum_factor_cov_lrt,freeze,0.0,1.0,3,0.0,0.6666666666666666,1.0,0.0,2006-09-02,2009-08-22
1,full,cusum_factor_cov_lrt,freeze,0.0,2.0,3,0.0,0.0,0.0,0.0,2006-09-02,2009-08-22
1,full,cusum_factor_cov_lrt,freeze,0.25,1.0,3,0.0,0.6666666666666666,1.0,0.0,2006-09-02,2009-08-22
1,full,cusum_factor_cov_lrt,freeze,0.25,2.0,3,0.0,0.0,0.0,0.0,2006-09-02,2009-08-22
1,full,cusum_factor_cov_lrt,freeze,0.5,1.0,3,0.0,0.6666666666666666,1.0,0.0,2006-09-02,2009-08-22
1,full,cusum_factor_cov_lrt,freeze,0.5,2.0,3,0.0,0.0,0.0,0.0,2006-09-02,2009-08-22
1,full,cusum_factor_cov_lrt,freeze,0.75,1.0,3,0.0,0.6666666666666666,1.0,0.0,2006-09-02,2009-08-22
1,full,cusum_factor_cov_lrt,freeze,0.75,2.0,3,0.0,0.0,0.0,0.0,2006-09-02,2009-08-22
1,full,cusum_factor_cov_lrt,freeze,1.0,1.0,3,0.0,0.6666666666666666,1.0,0.0,2006-09-02,2009-08-22
1,full,cusum_factor_cov_lrt,freeze,1.0,2.0,3,0.0,0.0,0.0,0.0,2006-09-02,2009-08-22
1,full,ewma_factor_cov_lrt,corr_mix,0.0,1.0,3,0.3333333333333333,0.3333333333333333,0.0,0.0,2006-09-02,2009-08-22
1,full,ewma_factor_cov_lrt,corr_mix,0.0,2.0,3,0.0,0.0,0.0,0.6666666666666666,2006-09-02,2009-08-22
1,full,ewma_factor_cov_lrt,corr_mix,0.25,1.0,3,0.3333333333333333,0.3333333333333333,0.0,0.0,2006-09-02,2009-08-22
1,full,ewma_factor_cov_lrt,corr_mix,0.25,2.0,3,0.0,0.0,0.0,0.6666666666666666,2006-09-02,2009-08-22
1,full,ewma_factor_cov_lrt,corr_mix,0.5,1.0,3,0.3333333333333333,0.3333333333333333,0.0,0.0,2006-09-02,2009-08-22
1,full,ewma_factor_cov_lrt,corr_mix,0.5,2.0,3,0.0,0.0,0.0,0.6666666666666666,2006-09-02,2009-08-22
1,full,ewma_factor_cov_lrt,corr_mix,0.75,1.0,3,0.3333333333333333,0.3333333333333333,0.0,0.0,2006-09-02,2009-08-22
1,full,ewma_factor_cov_lrt,corr_mix,0.75,2.0,3,0.0,0.0,0.0,0.6666666666666666,2006-09-02,2009-08-22
1,full,ewma_factor_cov_lrt,corr_mix,1.0,1.0,3,0.3333333333333333,0.3333333333333333,0.0,0.0,2006-09-02,2009-08-22
1,full,ewma_factor_cov_lrt,corr_mix,1.0,2.0,3,0.0,0.0,0.0,0.6666666666666666,2006-09-02,2009-08-22
1,full,ewma_factor_cov_lrt,freeze,0.0,1.0,3,0.3333333333333333,0.3333333333333333,0.0,0.0,2006-09-02,2009-08-22
1,full,ewma_factor_cov_lrt,freeze,0.0,2.0,3,0.0,0.0,0.0,0.6666666666666666,2006-09-02,2009-08-22
1,full,ewma_factor_cov_lrt,freeze,0.25,1.0,3,0.3333333333333333,0.3333333333333333,0.0,0.0,2006-09-02,2009-08-22
1,full,ewma_factor_cov_lrt,freeze,0.25,2.0,3,0.0,0.0,0.0,0.6666666666666666,2006-09-02,2009-08-22
1,full,ewma_factor_cov_lrt,freeze,0.5,1.0,3,0.3333333333333333,0.3333333333333333,0.0,0.0,2006-09-02,2009-08-22
1,full,ewma_factor_cov_lrt,freeze,0.5,2.0,3,0.0,0.0,0.0,0.6666666666666666,2006-09-02,2009-08-22
1,full,ewma_factor_cov_lrt,freeze,0.75,1.0,3,0.3333333333333333,0.3333333333333333,0.0,0.0,2006-09-02,2009-08-22
1,full,ewma_factor_cov_lrt,freeze,0.75,2.0,3,0.0,0.0,0.0,0.6666666666666666,2006-09-02,2009-08-22
1,full,ewma_factor_cov_lrt,freeze,1.0,1.0,3,0.3333333333333333,0.3333333333333333,0.0,0.0,2006-09-02,2009-08-22
1,full,ewma_factor_cov_lrt,freeze,1.0,2.0,3,0.0,0.0,0.0,0.6666666666666666,2006-09-02,2009-08-22
1,full,factor_cov_change,corr_mix,0.0,1.0,3,0.0,0.0,1.0,0.0,2006-09-02,2009-08-22
1,full,factor_cov_change,corr_mix,0.0,2.0,3,0.6666666666666666,0.6666666666666666,0.0,0.0,2006-09-02,2009-08-22
1,full,factor_cov_change,corr_mix,0.25,1.0,3,0.0,0.0,1.0,0.0,2006-09-02,2009-08-22
1,full,factor_cov_change,corr_mix,0.25,2.0,3,0.6666666666666666,0.6666666666666666,0.0,0.0,2006-09-02,2009-08-22
1,full,factor_cov_change,corr_mix,0.5,1.0,3,0.0,0.0,1.0,0.0,2006-09-02,2009-08-22
1,full,factor_cov_change,corr_mix,0.5,2.0,3,0.6666666666666666,0.6666666666666666,0.0,0.0,2006-09-02,2009-08-22
1,full,factor_cov_change,corr_mix,0.75,1.0,3,0.0,0.0,1.0,0.0,2006-09-02,2009-08-22
1,full,factor_cov_change,corr_mix,0.75,2.0,3,0.6666666666666666,0.6666666666666666,0.0,0.0,2006-09-02,2009-08-22
1,full,factor_cov_change,corr_mix,1.0,1.0,3,0.0,0.0,1.0,0.0,2006-09-02,2009-08-22
1,full,factor_cov_change,corr_mix,1.0,2.0,3,0.6666666666666666,0.6666666666666666,0.0,0.0,2006-09-02,2009-08-22
1,full,factor_cov_change,freeze,0.0,1.0,3,0.0,0.0,1.0,0.0,2006-09-02,2009-08-22
1,full,factor_cov_change,freeze,0.0,2.0,3,0.6666666666666666,0.6666666666666666,0.0,0.0,2006-09-02,2009-08-22
1,full,factor_cov_change,freeze,0.25,1.0,3,0.0,0.0,1.0,0.0,2006-09-02,2009-08-22
1,full,factor_cov_change,freeze,0.25,2.0,3,0.6666666666666666,0.6666666666666666,0.0,0.0,2006-09-02,2009-08-22
1,full,factor_cov_change,freeze,0.5,1.0,3,0.0,0.0,1.0,0.0,2006-09-02,2009-08-22
1,full,factor_cov_change,freeze,0.5,2.0,3,0.6666666666666666,0.6666666666666666,0.0,0.0,2006-09-02,2009-08-22
1,full,factor_cov_change,freeze,0.75,1.0,3,0.0,0.0,1.0,0.0,2006-09-02,2009-08-22
1,full,factor_cov_change,freeze,0.75,2.0,3,0.6666666666666666,0.6666666666666666,0.0,0.0,2006-09-02,2009-08-22
1,full,factor_cov_change,freeze,1.0,1.0,3,0.0,0.0,1.0,0.0,2006-09-02,2009-08-22
1,full,factor_cov_change,freeze,1.0,2.0,3,0.6666666666666666,0.6666666666666666,0.0,0.0,2006-09-02,2009-08-22
1,full,factor_cov_delta,corr_mix,0.0,1.0,3,0.0,0.0,0.0,0.0,2006-09-02,2009-08-22
1,full,factor_cov_delta,corr_mix,0.0,2.0,3,0.6666666666666666,0.6666666666666666,0.0,0.0,2006-09-02,2009-08-22
1,full,factor_cov_delta,corr_mix,0.25,1.0,3,0.0,0.0,0.0,0.0,2006-09-02,2009-08-22
1,full,factor_cov_delta,corr_mix,0.25,2.0,3,0.6666666666666666,0.6666666666666666,0.0,0.0,2006-09-02,2009-08-22
1,full,factor_cov_delta,corr_mix,0.5,1.0,3,0.0,0.0,0.0,0.0,2006-09-02,2009-08-22
1,full,factor_cov_delta,corr_mix,0.5,2.0,3,0.6666666666666666,0.6666666666666666,0.0,0.0,2006-09-02,2009-08-22
1,full,factor_cov_delta,corr_mix,0.75,1.0,3,0.0,0.0,0.0,0.0,2006-09-02,2009-08-22
1,full,factor_cov_delta,corr_mix,0.75,2.0,3,0.6666666666666666,0.6666666666666666,0.0,0.0,2006-09-02,2009-08-22
1,full,factor_cov_delta,corr_mix,1.0,1.0,3,0.0,0.0,0.0,0.0,2006-09-02,2009-08-22
1,full,factor_cov_delta,corr_mix,1.0,2.0,3,0.6666666666666666,0.6666666666666666,0.0,0.0,2006-09-02,2009-08-22
1,full,factor_cov_delta,freeze,0.0,1.0,3,0.0,0.0,0.0,0.0,2006-09-02,2009-08-22
1,full,factor_cov_delta,freeze,0.0,2.0,3,0.6666666666666666,0.6666666666666666,0.0,0.0,2006-09-02,2009-08-22
1,full,factor_cov_delta,freeze,0.25,1.0,3,0.0,0.0,0.0,0.0,2006-09-02,2009-08-22
1,full,factor_cov_delta,freeze,0.25,2.0,3,0.6666666666666666,0.6666666666666666,0.0,0.0,2006-09-02,2009-08-22
1,full,factor_cov_delta,freeze,0.5,1.0,3,0.0,0.0,0.0,0.0,2006-09-02,2009-08-22
1,full,factor_cov_delta,freeze,0.5,2.0,3,0.6666666666666666,0.6666666666666666,0.0,0.0,2006-09-02,2009-08-22
1,full,factor_cov_delta,freeze,0.75,1.0,3,0.0,0.0,0.0,0.0,2006-09-02,2009-08-22
1,full,factor_cov_delta,freeze,0.75,2.0,3,0.6666666666666666,0.6666666666666666,0.0,0.0,2006-09-02,2009-08-22
1,full,factor_cov_delta,freeze,1.0,1.0,3,0.0,0.0,0.0,0.0,2006-09-02,2009-08-22
1,full,factor_cov_delta,freeze,1.0,2.0,3,0.6666666666666666,0.6666666666666666,0.0,0.0,2006-09-02,2009-08-22
1,full,factor_cov_lrt,corr_mix,0.0,1.0,3,0.0,0.0,0.0,0.0,2006-09-02,2009-08-22
1,full,factor_cov_lrt,corr_mix,0.0,2.0,3,0.0,0.0,0.0,0.0,2006-09-02,2009-08-22
1,full,factor_cov_lrt,corr_mix,0.25,1.0,3,0.0,0.0,0.0,0.0,2006-09-02,2009-08-22
1,full,factor_cov_lrt,corr_mix,0.25,2.0,3,0.0,0.0,0.0,0.0,2006-09-02,2009-08-22
1,full,factor_cov_lrt,corr_mix,0.5,1.0,3,0.0,0.0,0.0,0.0,2006-09-02,2009-08-22
1,full,factor_cov_lrt,corr_mix,0.5,2.0,3,0.0,0.0,0.0,0.0,2006-09-02,2009-08-22
1,full,factor_cov_lrt,corr_mix,0.75,1.0,3,0.0,0.0,0.0,0.0,2006-09-02,2009-08-22
1,full,factor_cov_lrt,corr_mix,0.75,2.0,3,0.0,0.0,0.0,0.0,2006-09-02,2009-08-22
1,full,factor_cov_lrt,corr_mix,1.0,1.0,3,0.0,0.0,0.0,0.0,2006-09-02,2009-08-22
1,full,factor_cov_lrt,corr_mix,1.0,2.0,3,0.0,0.0,0.0,0.0,2006-09-02,2009-08-22
1,full,factor_cov_lrt,freeze,0.0,1.0,3,0.0,0.0,0.0,0.0,2006-09-02,2009-08-22
1,full,factor_cov_lrt,freeze,0.0,2.0,3,0.0,0.0,0.0,0.0,2006-09-02,2009-08-22
1,full,factor_cov_lrt,freeze,0.25,1.0,3,0.0,0.0,0.0,0.0,2006-09-02,2009-08-22
1,full,factor_cov_lrt,freeze,0.25,2.0,3,0.0,0.0,0.0,0.0,2006-09-02,2009-08-22
1,full,factor_cov_lrt,freeze,0.5,1.0,3,0.6666666666666666,0.6666666666666666,0.0,0.0,2006-09-02,2009-08-22
1,full,factor_cov_lrt,freeze,0.5,2.0,3,0.0,0.0,0.0,0.0,2006-09-02,2009-08-22
1,full,factor_cov_lrt,freeze,0.75,1.0,3,0.6666666666666666,0.6666666666666666,0.0,0.0,2006-09-02,2009-08-22
1,full,factor_cov_lrt,freeze,0.75,2.0,3,0.0,0.0,0.0,0.0,2006-09-02,2009-08-22
1,full,factor_cov_lrt,freeze,1.0,1.0,3,1.0,1.0,0.0,0.0,2006-09-02,2009-08-22
1,full,factor_cov_lrt,freeze,1.0,2.0,3,0.0,0.0,0.0,0.0,2006-09-02,2009-08-22
1,full,factor_cov_lrt_delta,corr_mix,0.0,1.0,3,0.0,0.0,0.0,0.0,2006-09-02,2009-08-22
1,full,factor_cov_lrt_delta,corr_mix,0.0,2.0,3,0.0,0.3333333333333333,0.0,1.0,2006-09-02,2009-08-22
1,full,factor_cov_lrt_delta,corr_mix,0.25,1.0,3,0.0,0.0,0.0,0.0,2006-09-02,2009-08-22
1,full,factor_cov_lrt_delta,corr_mix,0.25,2.0,3,0.0,0.3333333333333333,0.0,1.0,2006-09-02,2009-08-22
1,full,factor_cov_lrt_delta,corr_mix,0.5,1.0,3,0.0,0.0,0.0,0.0,2006-09-02,2009-08-22
1,full,factor_cov_lrt_delta,corr_mix,0.5,2.0,3,0.0,0.0,0.0,1.0,2006-09-02,2009-08-22
1,full,factor_cov_lrt_delta,corr_mix,0.75,1.0,3,0.0,0.0,0.0,0.0,2006-09-02,2009-08-22
1,full,factor_cov_lrt_delta,corr_mix,0.75,2.0,3,0.0,0.0,0.0,1.0,2006-09-02,2009-08-22
1,full,factor_cov_lrt_delta,corr_mix,1.0,1.0,3,0.0,0.0,0.0,0.0,2006-09-02,2009-08-22
1,full,factor_cov_lrt_delta,corr_mix,1.0,2.0,3,0.0,0.0,0.0,1.0,2006-09-02,2009-08-22
1,full,factor_cov_lrt_delta,freeze,0.0,1.0,3,0.0,0.0,0.0,0.0,2006-09-02,2009-08-22
1,full,factor_cov_lrt_delta,freeze,0.0,2.0,3,0.0,0.3333333333333333,0.0,1.0,2006-09-02,2009-08-22
1,full,factor_cov_lrt_delta,freeze,0.25,1.0,3,0.0,0.0,0.0,0.0,2006-09-02,2009-08-22
1,full,factor_cov_lrt_delta,freeze,0.25,2.0,3,0.0,0.0,0.0,1.0,2006-09-02,2009-08-22
1,full,factor_cov_lrt_delta,freeze,0.5,1.0,3,0.0,0.0,0.0,0.0,2006-09-02,2009-08-22
1,full,factor_cov_lrt_delta,freeze,0.5,2.0,3,0.0,0.3333333333333333,0.0,1.0,2006-09-02,2009-08-22
1,full,factor_cov_lrt_delta,freeze,0.75,1.0,3,0.0,0.0,0.0,0.0,2006-09-02,2009-08-22
1,full,factor_cov_lrt_delta,freeze,0.75,2.0,3,0.0,0.0,0.0,1.0,2006-09-02,2009-08-22
1,full,factor_cov_lrt_delta,freeze,1.0,1.0,3,0.0,0.0,0.0,0.0,2006-09-02,2009-08-22
1,full,factor_cov_lrt_delta,freeze,1.0,2.0,3,0.0,0.0,0.0,1.0,2006-09-02,2009-08-22
1,full,fused_fisher,corr_mix,0.0,1.0,3,0.0,0.0,0.0,0.0,2006-09-02,2009-08-22
1,full,fused_fisher,corr_mix,0.0,2.0,3,0.3333333333333333,0.3333333333333333,0.0,0.0,2006-09-02,2009-08-22
1,full,fused_fisher,corr_mix,0.25,1.0,3,0.0,0.0,0.0,0.0,2006-09-02,2009-08-22
1,full,fused_fisher,corr_mix,0.25,2.0,3,0.3333333333333333,0.3333333333333333,0.0,0.0,2006-09-02,2009-08-22
1,full,fused_fisher,corr_mix,0.5,1.0,3,0.0,0.0,0.0,0.0,2006-09-02,2009-08-22
1,full,fused_fisher,corr_mix,0.5,2.0,3,0.3333333333333333,0.3333333333333333,0.0,0.0,2006-09-02,2009-08-22
1,full,fused_fisher,corr_mix,0.75,1.0,3,0.0,0.0,0.0,0.0,2006-09-02,2009-08-22
1,full,fused_fisher,corr_mix,0.75,2.0,3,0.3333333333333333,0.3333333333333333,0.0,0.0,2006-09-02,2009-08-22
1,full,fused_fisher,corr_mix,1.0,1.0,3,0.0,0.0,0.0,0.0,2006-09-02,2009-08-22
1,full,fused_fisher,corr_mix,1.0,2.0,3,0.3333333333333333,0.3333333333333333,0.0,0.0,2006-09-02,2009-08-22
1,full,fused_fisher,freeze,0.0,1.0,3,0.0,0.0,0.0,0.0,2006-09-02,2009-08-22
1,full,fused_fisher,freeze,0.0,2.0,3,0.3333333333333333,0.3333333333333333,0.0,0.0,2006-09-02,2009-08-22
1,full,fused_fisher,freeze,0.25,1.0,3,0.0,0.0,0.0,0.0,2006-09-02,2009-08-22
1,full,fused_fisher,freeze,0.25,2.0,3,0.3333333333333333,0.3333333333333333,0.0,0.0,2006-09-02,2009-08-22
1,full,fused_fisher,freeze,0.5,1.0,3,0.0,0.0,0.0,0.0,2006-09-02,2009-08-22
1,full,fused_fisher,freeze,0.5,2.0,3,0.0,0.0,0.0,0.0,2006-09-02,2009-08-22
1,full,fused_fisher,freeze,0.75,1.0,3,0.0,0.0,0.0,0.0,2006-09-02,2009-08-22
1,full,fused_fisher,freeze,0.75,2.0,3,0.0,0.0,0.0,0.0,2006-09-02,2009-08-22
1,full,fused_fisher,freeze,1.0,1.0,3,0.0,0.0,0.0,0.0,2006-09-02,2009-08-22
1,full,fused_fisher,freeze,1.0,2.0,3,0.0,0.0,0.0,0.0,2006-09-02,2009-08-22
1,full,fused_fisher_lrt_delta,corr_mix,0.0,1.0,3,0.0,0.0,0.0,0.0,2006-09-02,2009-08-22
1,full,fused_fisher_lrt_delta,corr_mix,0.0,2.0,3,0.0,0.0,0.0,0.0,2006-09-02,2009-08-22
1,full,fused_fisher_lrt_delta,corr_mix,0.25,1.0,3,0.0,0.0,0.0,0.0,2006-09-02,2009-08-22
1,full,fused_fisher_lrt_delta,corr_mix,0.25,2.0,3,0.0,0.0,0.0,0.0,2006-09-02,2009-08-22
1,full,fused_fisher_lrt_delta,corr_mix,0.5,1.0,3,0.0,0.0,0.0,0.0,2006-09-02,2009-08-22
1,full,fused_fisher_lrt_delta,corr_mix,0.5,2.0,3,0.0,0.0,0.0,0.0,2006-09-02,2009-08-22
1,full,fused_fisher_lrt_delta,corr_mix,0.75,1.0,3,0.0,0.0,0.0,0.0,2006-09-02,2009-08-22
1,full,fused_fisher_lrt_delta,corr_mix,0.75,2.0,3,0.0,0.0,0.0,0.0,2006-09-02,2009-08-22
1,full,fused_fisher_lrt_delta,corr_mix,1.0,1.0,3,0.0,0.0,0.0,0.0,2006-09-02,2009-08-22
1,full,fused_fisher_lrt_delta,corr_mix,1.0,2.0,3,0.0,0.0,0.0,0.0,2006-09-02,2009-08-22
1,full,fused_fisher_lrt_delta,freeze,0.0,1.0,3,0.0,0.0,0.0,0.0,2006-09-02,2009-08-22
1,full,fused_fisher_lrt_delta,freeze,0.0,2.0,3,0.0,0.0,0.0,0.0,2006-09-02,2009-08-22
1,full,fused_fisher_lrt_delta,freeze,0.25,1.0,3,0.0,0.0,0.0,0.0,2006-09-02,2009-08-22
1,full,fused_fisher_lrt_delta,freeze,0.25,2.0,3,0.0,0.0,0.0,0.0,2006-09-02,2009-08-22
1,full,fused_fisher_lrt_delta,freeze,0.5,1.0,3,0.0,0.0,0.0,0.0,2006-09-02,2009-08-22
1,full,fused_fisher_lrt_delta,freeze,0.5,2.0,3,0.0,0.0,0.0,0.0,2006-09-02,2009-08-22
1,full,fused_fisher_lrt_delta,freeze,0.75,1.0,3,0.0,0.0,0.0,0.0,2006-09-02,2009-08-22
1,full,fused_fisher_lrt_delta,freeze,0.75,2.0,3,0.0,0.0,0.0,0.0,2006-09-02,2009-08-22
1,full,fused_fisher_lrt_delta,freeze,1.0,1.0,3,0.0,0.0,0.0,0.0,2006-09-02,2009-08-22
1,full,fused_fisher_lrt_delta,freeze,1.0,2.0,3,0.0,0.0,0.0,0.0,2006-09-02,2009-08-22
1,full,fused_sp,corr_mix,0.0,1.0,3,0.0,0.0,0.0,0.0,2006-09-02,2009-08-22
1,full,fused_sp,corr_mix,0.0,2.0,3,0.3333333333333333,0.3333333333333333,0.0,0.0,2006-09-02,2009-08-22
1,full,fused_sp,corr_mix,0.25,1.0,3,0.3333333333333333,0.3333333333333333,0.0,0.0,2006-09-02,2009-08-22
1,full,fused_sp,corr_mix,0.25,2.0,3,0.3333333333333333,0.3333333333333333,0.0,0.0,2006-09-02,2009-08-22
1,full,fused_sp,corr_mix,0.5,1.0,3,0.3333333333333333,0.3333333333333333,0.0,0.0,2006-09-02,2009-08-22
1,full,fused_sp,corr_mix,0.5,2.0,3,0.3333333333333333,0.3333333333333333,0.0,0.0,2006-09-02,2009-08-22
1,full,fused_sp,corr_mix,0.75,1.0,3,0.3333333333333333,0.3333333333333333,0.0,0.0,2006-09-02,2009-08-22
1,full,fused_sp,corr_mix,0.75,2.0,3,0.3333333333333333,0.3333333333333333,0.0,0.0,2006-09-02,2009-08-22
1,full,fused_sp,corr_mix,1.0,1.0,3,1.0,1.0,0.0,0.0,2006-09-02,2009-08-22
1,full,fused_sp,corr_mix,1.0,2.0,3,0.3333333333333333,0.3333333333333333,0.0,0.0,2006-09-02,2009-08-22
1,full,fused_sp,freeze,0.0,1.0,3,0.0,0.0,0.0,0.0,2006-09-02,2009-08-22
1,full,fused_sp,freeze,0.0,2.0,3,0.3333333333333333,0.3333333333333333,0.0,0.0,2006-09-02,2009-08-22
1,full,fused_sp,freeze,0.25,1.0,3,0.0,0.0,0.0,0.0,2006-09-02,2009-08-22
1,full,fused_sp,freeze,0.25,2.0,3,0.3333333333333333,0.3333333333333333,0.0,0.0,2006-09-02,2009-08-22
1,full,fused_sp,freeze,0.5,1.0,3,0.0,0.0,0.0,0.0,2006-09-02,2009-08-22
1,full,fused_sp,freeze,0.5,2.0,3,0.3333333333333333,0.3333333333333333,0.0,0.0,2006-09-02,2009-08-22
1,full,fused_sp,freeze,0.75,1.0,3,0.0,0.0,0.0,0.0,2006-09-02,2009-08-22
1,full,fused_sp,freeze,0.75,2.0,3,0.3333333333333333,0.3333333333333333,0.0,0.0,2006-09-02,2009-08-22
1,full,fused_sp,freeze,1.0,1.0,3,0.0,0.0,0.0,0.0,2006-09-02,2009-08-22
1,full,fused_sp,freeze,1.0,2.0,3,0.3333333333333333,0.3333333333333333,0.0,0.0,2006-09-02,2009-08-22
1,full,fused_sp_lrt_delta,corr_mix,0.0,1.0,3,0.0,0.0,0.0,0.0,2006-09-02,2009-08-22
1,full,fused_sp_lrt_delta,corr_mix,0.0,2.0,3,0.0,0.0,0.0,1.0,2006-09-02,2009-08-22
1,full,fused_sp_lrt_delta,corr_mix,0.25,1.0,3,0.0,0.0,0.0,0.0,2006-09-02,2009-08-22
1,full,fused_sp_lrt_delta,corr_mix,0.25,2.0,3,0.0,0.0,0.0,1.0,2006-09-02,2009-08-22
1,full,fused_sp_lrt_delta,corr_mix,0.5,1.0,3,0.0,0.0,0.0,0.0,2006-09-02,2009-08-22
1,full,fused_sp_lrt_delta,corr_mix,0.5,2.0,3,0.0,0.3333333333333333,0.0,1.0,2006-09-02,2009-08-22
1,full,fused_sp_lrt_delta,corr_mix,0.75,1.0,3,0.0,0.0,0.0,0.0,2006-09-02,2009-08-22
1,full,fused_sp_lrt_delta,corr_mix,0.75,2.0,3,0.0,0.3333333333333333,0.0,1.0,2006-09-02,2009-08-22
1,full,fused_sp_lrt_delta,corr_mix,1.0,1.0,3,0.0,0.0,0.0,0.0,2006-09-02,2009-08-22
1,full,fused_sp_lrt_delta,corr_mix,1.0,2.0,3,0.0,0.3333333333333333,0.0,1.0,2006-09-02,2009-08-22
1,full,fused_sp_lrt_delta,freeze,0.0,1.0,3,0.0,0.0,0.0,0.0,2006-09-02,2009-08-22
1,full,fused_sp_lrt_delta,freeze,0.0,2.0,3,0.0,0.0,0.0,1.0,2006-09-02,2009-08-22
1,full,fused_sp_lrt_delta,freeze,0.25,1.0,3,0.0,0.0,0.0,0.0,2006-09-02,2009-08-22
1,full,fused_sp_lrt_delta,freeze,0.25,2.0,3,0.0,0.0,0.0,1.0,2006-09-02,2009-08-22
1,full,fused_sp_lrt_delta,freeze,0.5,1.0,3,0.0,0.0,0.0,0.0,2006-09-02,2009-08-22
1,full,fused_sp_lrt_delta,freeze,0.5,2.0,3,0.0,0.0,0.0,1.0,2006-09-02,2009-08-22
1,full,fused_sp_lrt_delta,freeze,0.75,1.0,3,0.0,0.0,0.0,0.0,2006-09-02,2009-08-22
1,full,fused_sp_lrt_delta,freeze,0.75,2.0,3,0.0,0.0,0.0,1.0,2006-09-02,2009-08-22
1,full,fused_sp_lrt_delta,freeze,1.0,1.0,3,0.0,0.0,0.0,0.0,2006-09-02,2009-08-22
1,full,fused_sp_lrt_delta,freeze,1.0,2.0,3,0.0,0.0,0.0,1.0,2006-09-02,2009-08-22
1,full,max_abs,corr_mix,0.0,1.0,3,0.3333333333333333,0.3333333333333333,0.0,0.0,2006-09-02,2009-08-22
1,full,max_abs,corr_mix,0.0,2.0,3,0.0,0.3333333333333333,0.0,1.0,2006-09-02,2009-08-22
1,full,max_abs,corr_mix,0.25,1.0,3,0.3333333333333333,0.3333333333333333,0.0,0.0,2006-09-02,2009-08-22
1,full,max_abs,corr_mix,0.25,2.0,3,0.0,0.3333333333333333,0.0,1.0,2006-09-02,2009-08-22
1,full,max_abs,corr_mix,0.5,1.0,3,0.0,0.0,0.0,0.0,2006-09-02,2009-08-22
1,full,max_abs,corr_mix,0.5,2.0,3,0.0,0.0,0.0,1.0,2006-09-02,2009-08-22
1,full,max_abs,corr_mix,0.75,1.0,3,0.0,0.0,0.0,0.0,2006-09-02,2009-08-22
1,full,max_abs,corr_mix,0.75,2.0,3,0.0,0.0,0.0,1.0,2006-09-02,2009-08-22
1,full,max_abs,corr_mix,1.0,1.0,3,0.3333333333333333,0.3333333333333333,0.0,0.0,2006-09-02,2009-08-22
1,full,max_abs,corr_mix,1.0,2.0,3,0.0,0.3333333333333333,0.0,1.0,2006-09-02,2009-08-22
1,full,max_abs,freeze,0.0,1.0,3,0.3333333333333333,0.3333333333333333,0.0,0.0,2006-09-02,2009-08-22
1,full,max_abs,freeze,0.0,2.0,3,0.0,0.3333333333333333,0.0,1.0,2006-09-02,2009-08-22
1,full,max_abs,freeze,0.25,1.0,3,0.3333333333333333,0.3333333333333333,0.0,0.0,2006-09-02,2009-08-22
1,full,max_abs,freeze,0.25,2.0,3,0.0,0.3333333333333333,0.0,1.0,2006-09-02,2009-08-22
1,full,max_abs,freeze,0.5,1.0,3,0.0,0.0,0.0,0.0,2006-09-02,2009-08-22
1,full,max_abs,freeze,0.5,2.0,3,0.0,0.0,0.0,1.0,2006-09-02,2009-08-22
1,full,max_abs,freeze,0.75,1.0,3,0.0,0.0,0.0,0.0,2006-09-02,2009-08-22
1,full,max_abs,freeze,0.75,2.0,3,0.0,0.0,0.0,1.0,2006-09-02,2009-08-22
1,full,max_abs,freeze,1.0,1.0,3,0.0,0.0,0.0,0.0,2006-09-02,2009-08-22
1,full,max_abs,freeze,1.0,2.0,3,0.0,0.0,0.0,1.0,2006-09-02,2009-08-22
1,full,pc_t2,corr_mix,0.0,1.0,3,0.0,0.0,0.0,0.0,2006-09-02,2009-08-22
1,full,pc_t2,corr_mix,0.0,2.0,3,0.0,0.3333333333333333,0.0,1.0,2006-09-02,2009-08-22
1,full,pc_t2,corr_mix,0.25,1.0,3,0.0,0.0,0.0,0.0,2006-09-02,2009-08-22
1,full,pc_t2,corr_mix,0.25,2.0,3,0.0,0.0,0.0,1.0,2006-09-02,2009-08-22
1,full,pc_t2,corr_mix,0.5,1.0,3,0.0,0.0,0.0,0.0,2006-09-02,2009-08-22
1,full,pc_t2,corr_mix,0.5,2.0,3,0.0,0.3333333333333333,0.0,1.0,2006-09-02,2009-08-22
1,full,pc_t2,corr_mix,0.75,1.0,3,0.0,0.0,0.0,0.0,2006-09-02,2009-08-22
1,full,pc_t2,corr_mix,0.75,2.0,3,0.0,0.3333333333333333,0.0,1.0,2006-09-02,2009-08-22
1,full,pc_t2,corr_mix,1.0,1.0,3,0.0,0.0,0.0,0.0,2006-09-02,2009-08-22
1,full,pc_t2,corr_mix,1.0,2.0,3,0.0,0.3333333333333333,0.0,1.0,2006-09-02,2009-08-22
1,full,pc_t2,freeze,0.0,1.0,3,0.0,0.0,0.0,0.0,2006-09-02,2009-08-22
1,full,pc_t2,freeze,0.0,2.0,3,0.0,0.3333333333333333,0.0,1.0,2006-09-02,2009-08-22
1,full,pc_t2,freeze,0.25,1.0,3,0.0,0.0,0.0,0.0,2006-09-02,2009-08-22
1,full,pc_t2,freeze,0.25,2.0,3,0.0,0.3333333333333333,0.0,1.0,2006-09-02,2009-08-22
1,full,pc_t2,freeze,0.5,1.0,3,0.0,0.0,0.0,0.0,2006-09-02,2009-08-22
1,full,pc_t2,freeze,0.5,2.0,3,0.0,0.3333333333333333,0.0,1.0,2006-09-02,2009-08-22
1,full,pc_t2,freeze,0.75,1.0,3,0.0,0.0,0.0,0.0,2006-09-02,2009-08-22
1,full,pc_t2,freeze,0.75,2.0,3,0.0,0.3333333333333333,0.0,1.0,2006-09-02,2009-08-22
1,full,pc_t2,freeze,1.0,1.0,3,0.0,0.0,0.0,0.0,2006-09-02,2009-08-22
1,full,pc_t2,freeze,1.0,2.0,3,0.0,0.3333333333333333,0.0,1.0,2006-09-02,2009-08-22
1,full,res_energy,corr_mix,0.0,1.0,3,0.0,0.0,0.0,0.0,2006-09-02,2009-08-22
1,full,res_energy,corr_mix,0.0,2.0,3,0.3333333333333333,0.3333333333333333,0.0,0.0,2006-09-02,2009-08-22
1,full,res_energy,corr_mix,0.25,1.0,3,0.3333333333333333,0.3333333333333333,0.0,0.0,2006-09-02,2009-08-22
1,full,res_energy,corr_mix,0.25,2.0,3,0.3333333333333333,0.3333333333333333,0.0,0.0,2006-09-02,2009-08-22
1,full,res_energy,corr_mix,0.5,1.0,3,0.3333333333333333,0.3333333333333333,0.0,0.0,2006-09-02,2009-08-22
1,full,res_energy,corr_mix,0.5,2.0,3,0.3333333333333333,0.3333333333333333,0.0,0.0,2006-09-02,2009-08-22
1,full,res_energy,corr_mix,0.75,1.0,3,0.3333333333333333,0.3333333333333333,0.0,0.0,2006-09-02,2009-08-22
1,full,res_energy,corr_mix,0.75,2.0,3,0.3333333333333333,0.3333333333333333,0.0,0.0,2006-09-02,2009-08-22
1,full,res_energy,corr_mix,1.0,1.0,3,1.0,1.0,0.0,0.0,2006-09-02,2009-08-22
1,full,res_energy,corr_mix,1.0,2.0,3,0.3333333333333333,0.3333333333333333,0.0,0.0,2006-09-02,2009-08-22
1,full,res_energy,freeze,0.0,1.0,3,0.0,0.0,0.0,0.0,2006-09-02,2009-08-22
1,full,res_energy,freeze,0.0,2.0,3,0.3333333333333333,0.3333333333333333,0.0,0.0,2006-09-02,2009-08-22
1,full,res_energy,freeze,0.25,1.0,3,0.0,0.0,0.0,0.0,2006-09-02,2009-08-22
1,full,res_energy,freeze,0.25,2.0,3,0.3333333333333333,0.3333333333333333,0.0,0.0,2006-09-02,2009-08-22
1,full,res_energy,freeze,0.5,1.0,3,0.0,0.0,0.0,0.0,2006-09-02,2009-08-22
1,full,res_energy,freeze,0.5,2.0,3,0.3333333333333333,0.3333333333333333,0.0,0.0,2006-09-02,2009-08-22
1,full,res_energy,freeze,0.75,1.0,3,0.0,0.0,0.0,0.0,2006-09-02,2009-08-22
1,full,res_energy,freeze,0.75,2.0,3,0.0,0.0,0.0,0.0,2006-09-02,2009-08-22
1,full,res_energy,freeze,1.0,1.0,3,0.0,0.0,0.0,0.0,2006-09-02,2009-08-22
1,full,res_energy,freeze,1.0,2.0,3,0.0,0.0,0.0,0.0,2006-09-02,2009-08-22
1,full,stale,corr_mix,0.0,1.0,3,0.0,0.0,1.0,1.0,2006-09-02,2009-08-22
1,full,stale,corr_mix,0.0,2.0,3,0.0,0.0,0.0,1.0,2006-09-02,2009-08-22
1,full,stale,corr_mix,0.25,1.0,3,0.0,0.0,1.0,1.0,2006-09-02,2009-08-22
1,full,stale,corr_mix,0.25,2.0,3,0.0,0.0,0.0,1.0,2006-09-02,2009-08-22
1,full,stale,corr_mix,0.5,1.0,3,0.0,0.0,1.0,1.0,2006-09-02,2009-08-22
1,full,stale,corr_mix,0.5,2.0,3,0.0,0.0,0.0,1.0,2006-09-02,2009-08-22
1,full,stale,corr_mix,0.75,1.0,3,0.0,0.0,1.0,1.0,2006-09-02,2009-08-22
1,full,stale,corr_mix,0.75,2.0,3,0.0,0.0,0.0,1.0,2006-09-02,2009-08-22
1,full,stale,corr_mix,1.0,1.0,3,0.0,0.0,1.0,1.0,2006-09-02,2009-08-22
1,full,stale,corr_mix,1.0,2.0,3,0.0,0.0,0.0,1.0,2006-09-02,2009-08-22
1,full,stale,freeze,0.0,1.0,3,0.0,0.0,1.0,1.0,2006-09-02,2009-08-22
1,full,stale,freeze,0.0,2.0,3,0.0,0.0,0.0,1.0,2006-09-02,2009-08-22
1,full,stale,freeze,0.25,1.0,3,0.0,0.0,1.0,1.0,2006-09-02,2009-08-22
1,full,stale,freeze,0.25,2.0,3,0.0,0.0,0.0,1.0,2006-09-02,2009-08-22
1,full,stale,freeze,0.5,1.0,3,0.0,0.0,1.0,1.0,2006-09-02,2009-08-22
1,full,stale,freeze,0.5,2.0,3,0.0,0.0,0.0,1.0,2006-09-02,2009-08-22
1,full,stale,freeze,0.75,1.0,3,0.0,0.0,1.0,1.0,2006-09-02,2009-08-22
1,full,stale,freeze,0.75,2.0,3,0.0,0.0,0.0,1.0,2006-09-02,2009-08-22
1,full,stale,freeze,1.0,1.0,3,0.0,0.0,1.0,1.0,2006-09-02,2009-08-22
1,full,stale,freeze,1.0,2.0,3,0.0,0.0,0.0,1.0,2006-09-02,2009-08-22
1,score_only,T2,corr_mix,0.0,1.0,3,0.0,0.0,0.0,0.0,2006-09-02,2009-08-22
1,score_only,T2,corr_mix,0.0,2.0,3,0.0,0.0,0.0,0.0,2006-09-02,2009-08-22
1,score_only,T2,corr_mix,0.25,1.0,3,1.0,1.0,0.0,0.0,2006-09-02,2009-08-22
1,score_only,T2,corr_mix,0.25,2.0,3,0.0,0.0,0.0,0.0,2006-09-02,2009-08-22
1,score_only,T2,corr_mix,0.5,1.0,3,1.0,1.0,0.0,0.0,2006-09-02,2009-08-22
1,score_only,T2,corr_mix,0.5,2.0,3,0.0,0.0,0.0,0.0,2006-09-02,2009-08-22
1,score_only,T2,corr_mix,0.75,1.0,3,1.0,1.0,0.0,0.0,2006-09-02,2009-08-22
1,score_only,T2,corr_mix,0.75,2.0,3,0.0,0.0,0.0,0.0,2006-09-02,2009-08-22
1,score_only,T2,corr_mix,1.0,1.0,3,1.0,1.0,0.0,0.0,2006-09-02,2009-08-22
1,score_only,T2,corr_mix,1.0,2.0,3,0.0,0.0,0.0,0.0,2006-09-02,2009-08-22
1,score_only,T2,freeze,0.0,1.0,3,0.0,0.0,0.0,0.0,2006-09-02,2009-08-22
1,score_only,T2,freeze,0.0,2.0,3,0.0,0.0,0.0,0.0,2006-09-02,2009-08-22
1,score_only,T2,freeze,0.25,1.0,3,0.0,0.0,0.0,0.0,2006-09-02,2009-08-22
1,score_only,T2,freeze,0.25,2.0,3,0.0,0.0,0.0,0.0,2006-09-02,2009-08-22
1,score_only,T2,freeze,0.5,1.0,3,0.0,0.0,0.0,0.0,2006-09-02,2009-08-22
1,score_only,T2,freeze,0.5,2.0,3,0.0,0.0,0.0,0.0,2006-09-02,2009-08-22
1,score_only,T2,freeze,0.75,1.0,3,0.0,0.0,0.0,0.0,2006-09-02,2009-08-22
1,score_only,T2,freeze,0.75,2.0,3,0.0,0.0,0.0,0.0,2006-09-02,2009-08-22
1,score_only,T2,freeze,1.0,1.0,3,0.0,0.0,0.0,0.0,2006-09-02,2009-08-22
1,score_only,T2,freeze,1.0,2.0,3,0.0,0.0,0.0,0.0,2006-09-02,2009-08-22
1,score_only,coh_resid_energy,corr_mix,0.0,1.0,3,0.0,0.3333333333333333,1.0,0.0,2006-09-02,2009-08-22
1,score_only,coh_resid_energy,corr_mix,0.0,2.0,3,0.3333333333333333,0.3333333333333333,0.0,0.0,2006-09-02,2009-08-22
1,score_only,coh_resid_energy,corr_mix,0.25,1.0,3,0.0,0.0,1.0,0.0,2006-09-02,2009-08-22
1,score_only,coh_resid_energy,corr_mix,0.25,2.0,3,0.3333333333333333,0.3333333333333333,0.0,0.0,2006-09-02,2009-08-22
1,score_only,coh_resid_energy,corr_mix,0.5,1.0,3,0.0,0.0,1.0,0.0,2006-09-02,2009-08-22
1,score_only,coh_resid_energy,corr_mix,0.5,2.0,3,0.3333333333333333,0.3333333333333333,0.0,0.0,2006-09-02,2009-08-22
1,score_only,coh_resid_energy,corr_mix,0.75,1.0,3,0.0,0.0,1.0,0.0,2006-09-02,2009-08-22
1,score_only,coh_resid_energy,corr_mix,0.75,2.0,3,0.3333333333333333,0.3333333333333333,0.0,0.0,2006-09-02,2009-08-22
1,score_only,coh_resid_energy,corr_mix,1.0,1.0,3,0.0,0.3333333333333333,1.0,0.0,2006-09-02,2009-08-22
1,score_only,coh_resid_energy,corr_mix,1.0,2.0,3,0.3333333333333333,0.3333333333333333,0.0,0.0,2006-09-02,2009-08-22
1,score_only,coh_resid_energy,freeze,0.0,1.0,3,0.0,0.3333333333333333,1.0,0.0,2006-09-02,2009-08-22
1,score_only,coh_resid_energy,freeze,0.0,2.0,3,0.3333333333333333,0.3333333333333333,0.0,0.0,2006-09-02,2009-08-22
1,score_only,coh_resid_energy,freeze,0.25,1.0,3,0.0,0.0,1.0,0.0,2006-09-02,2009-08-22
1,score_only,coh_resid_energy,freeze,0.25,2.0,3,0.3333333333333333,0.3333333333333333,0.0,0.0,2006-09-02,2009-08-22
1,score_only,coh_resid_energy,freeze,0.5,1.0,3,0.0,0.0,1.0,0.0,2006-09-02,2009-08-22
1,score_only,coh_resid_energy,freeze,0.5,2.0,3,0.0,0.0,0.0,0.0,2006-09-02,2009-08-22
1,score_only,coh_resid_energy,freeze,0.75,1.0,3,0.0,0.0,1.0,0.0,2006-09-02,2009-08-22
1,score_only,coh_resid_energy,freeze,0.75,2.0,3,0.0,0.0,0.0,0.0,2006-09-02,2009-08-22
1,score_only,coh_resid_energy,freeze,1.0,1.0,3,0.0,0.0,1.0,0.0,2006-09-02,2009-08-22
1,score_only,coh_resid_energy,freeze,1.0,2.0,3,0.0,0.0,0.0,0.0,2006-09-02,2009-08-22
1,score_only,coh_resid_t2,corr_mix,0.0,1.0,3,0.0,0.0,0.0,0.0,2006-09-02,2009-08-22
1,score_only,coh_resid_t2,corr_mix,0.0,2.0,3,0.3333333333333333,0.3333333333333333,0.0,0.0,2006-09-02,2009-08-22
1,score_only,coh_resid_t2,corr_mix,0.25,1.0,3,1.0,1.0,0.0,0.0,2006-09-02,2009-08-22
1,score_only,coh_resid_t2,corr_mix,0.25,2.0,3,0.3333333333333333,0.3333333333333333,0.0,0.0,2006-09-02,2009-08-22
1,score_only,coh_resid_t2,corr_mix,0.5,1.0,3,1.0,1.0,0.0,0.0,2006-09-02,2009-08-22
1,score_only,coh_resid_t2,corr_mix,0.5,2.0,3,0.3333333333333333,0.3333333333333333,0.0,0.0,2006-09-02,2009-08-22
1,score_only,coh_resid_t2,corr_mix,0.75,1.0,3,1.0,1.0,0.0,0.0,2006-09-02,2009-08-22
1,score_only,coh_resid_t2,corr_mix,0.75,2.0,3,0.3333333333333333,0.3333333333333333,0.0,0.0,2006-09-02,2009-08-22
1,score_only,coh_resid_t2,corr_mix,1.0,1.0,3,1.0,1.0,0.0,0.0,2006-09-02,2009-08-22
1,score_only,coh_resid_t2,corr_mix,1.0,2.0,3,0.3333333333333333,0.3333333333333333,0.0,0.0,2006-09-02,2009-08-22
1,score_only,coh_resid_t2,freeze,0.0,1.0,3,0.0,0.0,0.0,0.0,2006-09-02,2009-08-22
1,score_only,coh_resid_t2,freeze,0.0,2.0,3,0.3333333333333333,0.3333333333333333,0.0,0.0,2006-09-02,2009-08-22
1,score_only,coh_resid_t2,freeze,0.25,1.0,3,0.0,0.0,0.0,0.0,2006-09-02,2009-08-22
1,score_only,coh_resid_t2,freeze,0.25,2.0,3,0.3333333333333333,0.3333333333333333,0.0,0.0,2006-09-02,2009-08-22
1,score_only,coh_resid_t2,freeze,0.5,1.0,3,0.0,0.0,0.0,0.0,2006-09-02,2009-08-22
1,score_only,coh_resid_t2,freeze,0.5,2.0,3,0.0,0.0,0.0,0.0,2006-09-02,2009-08-22
1,score_only,coh_resid_t2,freeze,0.75,1.0,3,0.0,0.0,0.0,0.0,2006-09-02,2009-08-22
1,score_only,coh_resid_t2,freeze,0.75,2.0,3,0.0,0.0,0.0,0.0,2006-09-02,2009-08-22
1,score_only,coh_resid_t2,freeze,1.0,1.0,3,0.0,0.0,0.0,0.0,2006-09-02,2009-08-22
1,score_only,coh_resid_t2,freeze,1.0,2.0,3,0.0,0.0,0.0,0.0,2006-09-02,2009-08-22
1,score_only,cusum_coh_resid_t2,corr_mix,0.0,1.0,3,0.0,0.0,0.6666666666666666,0.0,2006-09-02,2009-08-22
1,score_only,cusum_coh_resid_t2,corr_mix,0.0,2.0,3,0.0,0.0,0.0,0.0,2006-09-02,2009-08-22
1,score_only,cusum_coh_resid_t2,corr_mix,0.25,1.0,3,0.3333333333333333,1.0,0.6666666666666666,0.0,2006-09-02,2009-08-22
1,score_only,cusum_coh_resid_t2,corr_mix,0.25,2.0,3,0.3333333333333333,0.3333333333333333,0.0,0.0,2006-09-02,2009-08-22
1,score_only,cusum_coh_resid_t2,corr_mix,0.5,1.0,3,0.3333333333333333,1.0,0.6666666666666666,0.0,2006-09-02,2009-08-22
1,score_only,cusum_coh_resid_t2,corr_mix,0.5,2.0,3,0.3333333333333333,0.3333333333333333,0.0,0.0,2006-09-02,2009-08-22
1,score_only,cusum_coh_resid_t2,corr_mix,0.75,1.0,3,0.3333333333333333,1.0,0.6666666666666666,0.0,2006-09-02,2009-08-22
1,score_only,cusum_coh_resid_t2,corr_mix,0.75,2.0,3,0.3333333333333333,0.3333333333333333,0.0,0.0,2006-09-02,2009-08-22
1,score_only,cusum_coh_resid_t2,corr_mix,1.0,1.0,3,0.3333333333333333,1.0,0.6666666666666666,0.0,2006-09-02,2009-08-22
1,score_only,cusum_coh_resid_t2,corr_mix,1.0,2.0,3,0.3333333333333333,0.3333333333333333,0.0,0.0,2006-09-02,2009-08-22
1,score_only,cusum_coh_resid_t2,freeze,0.0,1.0,3,0.0,0.0,0.6666666666666666,0.0,2006-09-02,2009-08-22
1,score_only,cusum_coh_resid_t2,freeze,0.0,2.0,3,0.0,0.0,0.0,0.0,2006-09-02,2009-08-22
1,score_only,cusum_coh_resid_t2,freeze,0.25,1.0,3,0.0,0.0,0.6666666666666666,0.0,2006-09-02,2009-08-22
1,score_only,cusum_coh_resid_t2,freeze,0.25,2.0,3,0.0,0.0,0.0,0.0,2006-09-02,2009-08-22
1,score_only,cusum_coh_resid_t2,freeze,0.5,1.0,3,0.0,0.0,0.6666666666666666,0.0,2006-09-02,2009-08-22
1,score_only,cusum_coh_resid_t2,freeze,0.5,2.0,3,0.0,0.0,0.0,0.0,2006-09-02,2009-08-22
1,score_only,cusum_coh_resid_t2,freeze,0.75,1.0,3,0.0,0.0,0.6666666666666666,0.0,2006-09-02,2009-08-22
1,score_only,cusum_coh_resid_t2,freeze,0.75,2.0,3,0.0,0.0,0.0,0.0,2006-09-02,2009-08-22
1,score_only,cusum_coh_resid_t2,freeze,1.0,1.0,3,0.0,0.0,0.6666666666666666,0.0,2006-09-02,2009-08-22
1,score_only,cusum_coh_resid_t2,freeze,1.0,2.0,3,0.0,0.0,0.0,0.0,2006-09-02,2009-08-22
1,score_only,cusum_factor_cov_lrt,corr_mix,0.0,1.0,3,0.6666666666666666,0.6666666666666666,0.0,0.0,2006-09-02,2009-08-22
1,score_only,cusum_factor_cov_lrt,corr_mix,0.0,2.0,3,0.6666666666666666,0.6666666666666666,0.0,0.0,2006-09-02,2009-08-22
1,score_only,cusum_factor_cov_lrt,corr_mix,0.25,1.0,3,0.0,0.0,0.0,0.0,2006-09-02,2009-08-22
1,score_only,cusum_factor_cov_lrt,corr_mix,0.25,2.0,3,0.3333333333333333,0.3333333333333333,0.0,0.0,2006-09-02,2009-08-22
1,score_only,cusum_factor_cov_lrt,corr_mix,0.5,1.0,3,0.0,0.0,0.0,0.0,2006-09-02,2009-08-22
1,score_only,cusum_factor_cov_lrt,corr_mix,0.5,2.0,3,0.6666666666666666,0.6666666666666666,0.0,0.0,2006-09-02,2009-08-22
1,score_only,cusum_factor_cov_lrt,corr_mix,0.75,1.0,3,0.0,0.0,0.0,0.0,2006-09-02,2009-08-22
1,score_only,cusum_factor_cov_lrt,corr_mix,0.75,2.0,3,0.3333333333333333,0.3333333333333333,0.0,0.0,2006-09-02,2009-08-22
1,score_only,cusum_factor_cov_lrt,corr_mix,1.0,1.0,3,0.0,0.0,0.0,0.0,2006-09-02,2009-08-22
1,score_only,cusum_factor_cov_lrt,corr_mix,1.0,2.0,3,0.3333333333333333,0.3333333333333333,0.0,0.0,2006-09-02,2009-08-22
1,score_only,cusum_factor_cov_lrt,freeze,0.0,1.0,3,0.6666666666666666,0.6666666666666666,0.0,0.0,2006-09-02,2009-08-22
1,score_only,cusum_factor_cov_lrt,freeze,0.0,2.0,3,0.6666666666666666,0.6666666666666666,0.0,0.0,2006-09-02,2009-08-22
1,score_only,cusum_factor_cov_lrt,freeze,0.25,1.0,3,0.6666666666666666,0.6666666666666666,0.0,0.0,2006-09-02,2009-08-22
1,score_only,cusum_factor_cov_lrt,freeze,0.25,2.0,3,0.6666666666666666,0.6666666666666666,0.0,0.0,2006-09-02,2009-08-22
1,score_only,cusum_factor_cov_lrt,freeze,0.5,1.0,3,0.6666666666666666,0.6666666666666666,0.0,0.0,2006-09-02,2009-08-22
1,score_only,cusum_factor_cov_lrt,freeze,0.5,2.0,3,0.6666666666666666,0.6666666666666666,0.0,0.0,2006-09-02,2009-08-22
1,score_only,cusum_factor_cov_lrt,freeze,0.75,1.0,3,0.6666666666666666,0.6666666666666666,0.0,0.0,2006-09-02,2009-08-22
1,score_only,cusum_factor_cov_lrt,freeze,0.75,2.0,3,0.6666666666666666,0.6666666666666666,0.0,0.0,2006-09-02,2009-08-22
1,score_only,cusum_factor_cov_lrt,freeze,1.0,1.0,3,1.0,1.0,0.0,0.0,2006-09-02,2009-08-22
1,score_only,cusum_factor_cov_lrt,freeze,1.0,2.0,3,0.6666666666666666,0.6666666666666666,0.0,0.0,2006-09-02,2009-08-22
1,score_only,ewma_coh_resid_t2,corr_mix,0.0,1.0,3,0.0,0.0,0.0,0.0,2006-09-02,2009-08-22
1,score_only,ewma_coh_resid_t2,corr_mix,0.0,2.0,3,0.3333333333333333,0.3333333333333333,0.0,0.0,2006-09-02,2009-08-22
1,score_only,ewma_coh_resid_t2,corr_mix,0.25,1.0,3,1.0,1.0,0.0,0.0,2006-09-02,2009-08-22
1,score_only,ewma_coh_resid_t2,corr_mix,0.25,2.0,3,0.3333333333333333,0.3333333333333333,0.0,0.0,2006-09-02,2009-08-22
1,score_only,ewma_coh_resid_t2,corr_mix,0.5,1.0,3,1.0,1.0,0.0,0.0,2006-09-02,2009-08-22
1,score_only,ewma_coh_resid_t2,corr_mix,0.5,2.0,3,0.3333333333333333,0.3333333333333333,0.0,0.0,2006-09-02,2009-08-22
1,score_only,ewma_coh_resid_t2,corr_mix,0.75,1.0,3,1.0,1.0,0.0,0.0,2006-09-02,2009-08-22
1,score_only,ewma_coh_resid_t2,corr_mix,0.75,2.0,3,0.3333333333333333,0.3333333333333333,0.0,0.0,2006-09-02,2009-08-22
1,score_only,ewma_coh_resid_t2,corr_mix,1.0,1.0,3,1.0,1.0,0.0,0.0,2006-09-02,2009-08-22
1,score_only,ewma_coh_resid_t2,corr_mix,1.0,2.0,3,0.3333333333333333,0.3333333333333333,0.0,0.0,2006-09-02,2009-08-22
1,score_only,ewma_coh_resid_t2,freeze,0.0,1.0,3,0.0,0.0,0.0,0.0,2006-09-02,2009-08-22
1,score_only,ewma_coh_resid_t2,freeze,0.0,2.0,3,0.3333333333333333,0.3333333333333333,0.0,0.0,2006-09-02,2009-08-22
1,score_only,ewma_coh_resid_t2,freeze,0.25,1.0,3,0.0,0.0,0.0,0.0,2006-09-02,2009-08-22
1,score_only,ewma_coh_resid_t2,freeze,0.25,2.0,3,0.3333333333333333,0.3333333333333333,0.0,0.0,2006-09-02,2009-08-22
1,score_only,ewma_coh_resid_t2,freeze,0.5,1.0,3,0.0,0.0,0.0,0.0,2006-09-02,2009-08-22
1,score_only,ewma_coh_resid_t2,freeze,0.5,2.0,3,0.3333333333333333,0.3333333333333333,0.0,0.0,2006-09-02,2009-08-22
1,score_only,ewma_coh_resid_t2,freeze,0.75,1.0,3,0.0,0.0,0.0,0.0,2006-09-02,2009-08-22
1,score_only,ewma_coh_resid_t2,freeze,0.75,2.0,3,0.3333333333333333,0.3333333333333333,0.0,0.0,2006-09-02,2009-08-22
1,score_only,ewma_coh_resid_t2,freeze,1.0,1.0,3,0.0,0.0,0.0,0.0,2006-09-02,2009-08-22
1,score_only,ewma_coh_resid_t2,freeze,1.0,2.0,3,0.3333333333333333,0.3333333333333333,0.0,0.0,2006-09-02,2009-08-22
1,score_only,ewma_factor_cov_lrt,corr_mix,0.0,1.0,3,0.0,0.0,0.3333333333333333,0.0,2006-09-02,2009-08-22
1,score_only,ewma_factor_cov_lrt,corr_mix,0.0,2.0,3,1.0,1.0,0.0,0.0,2006-09-02,2009-08-22
1,score_only,ewma_factor_cov_lrt,corr_mix,0.25,1.0,3,0.0,0.0,0.3333333333333333,0.0,2006-09-02,2009-08-22
1,score_only,ewma_factor_cov_lrt,corr_mix,0.25,2.0,3,1.0,1.0,0.0,0.0,2006-09-02,2009-08-22
1,score_only,ewma_factor_cov_lrt,corr_mix,0.5,1.0,3,0.0,0.0,0.3333333333333333,0.0,2006-09-02,2009-08-22
1,score_only,ewma_factor_cov_lrt,corr_mix,0.5,2.0,3,1.0,1.0,0.0,0.0,2006-09-02,2009-08-22
1,score_only,ewma_factor_cov_lrt,corr_mix,0.75,1.0,3,0.0,0.0,0.3333333333333333,0.0,2006-09-02,2009-08-22
1,score_only,ewma_factor_cov_lrt,corr_mix,0.75,2.0,3,1.0,1.0,0.0,0.0,2006-09-02,2009-08-22
1,score_only,ewma_factor_cov_lrt,corr_mix,1.0,1.0,3,0.0,0.0,0.3333333333333333,0.0,2006-09-02,2009-08-22
1,score_only,ewma_factor_cov_lrt,corr_mix,1.0,2.0,3,0.6666666666666666,0.6666666666666666,0.0,0.0,2006-09-02,2009-08-22
1,score_only,ewma_factor_cov_lrt,freeze,0.0,1.0,3,0.0,0.0,0.3333333333333333,0.0,2006-09-02,2009-08-22
1,score_only,ewma_factor_cov_lrt,freeze,0.0,2.0,3,1.0,1.0,0.0,0.0,2006-09-02,2009-08-22
1,score_only,ewma_factor_cov_lrt,freeze,0.25,1.0,3,0.0,0.0,0.3333333333333333,0.0,2006-09-02,2009-08-22
1,score_only,ewma_factor_cov_lrt,freeze,0.25,2.0,3,1.0,1.0,0.0,0.0,2006-09-02,2009-08-22
1,score_only,ewma_factor_cov_lrt,freeze,0.5,1.0,3,0.0,0.0,0.3333333333333333,0.0,2006-09-02,2009-08-22
1,score_only,ewma_factor_cov_lrt,freeze,0.5,2.0,3,1.0,1.0,0.0,0.0,2006-09-02,2009-08-22
1,score_only,ewma_factor_cov_lrt,freeze,0.75,1.0,3,0.0,0.0,0.3333333333333333,0.0,2006-09-02,2009-08-22
1,score_only,ewma_factor_cov_lrt,freeze,0.75,2.0,3,1.0,1.0,0.0,0.0,2006-09-02,2009-08-22
1,score_only,ewma_factor_cov_lrt,freeze,1.0,1.0,3,0.3333333333333333,0.3333333333333333,0.3333333333333333,0.0,2006-09-02,2009-08-22
1,score_only,ewma_factor_cov_lrt,freeze,1.0,2.0,3,1.0,1.0,0.0,0.0,2006-09-02,2009-08-22
1,score_only,factor_cov_change,corr_mix,0.0,1.0,3,0.0,0.0,0.3333333333333333,0.0,2006-09-02,2009-08-22
1,score_only,factor_cov_change,corr_mix,0.0,2.0,3,0.0,0.3333333333333333,0.0,1.0,2006-09-02,2009-08-22
1,score_only,factor_cov_change,corr_mix,0.25,1.0,3,0.0,0.0,0.3333333333333333,0.0,2006-09-02,2009-08-22
1,score_only,factor_cov_change,corr_mix,0.25,2.0,3,0.0,0.0,0.0,1.0,2006-09-02,2009-08-22
1,score_only,factor_cov_change,corr_mix,0.5,1.0,3,0.0,0.0,0.3333333333333333,0.0,2006-09-02,2009-08-22
1,score_only,factor_cov_change,corr_mix,0.5,2.0,3,0.0,0.0,0.0,1.0,2006-09-02,2009-08-22
1,score_only,factor_cov_change,corr_mix,0.75,1.0,3,0.0,0.0,0.3333333333333333,0.0,2006-09-02,2009-08-22
1,score_only,factor_cov_change,corr_mix,0.75,2.0,3,0.0,0.0,0.0,1.0,2006-09-02,2009-08-22
1,score_only,factor_cov_change,corr_mix,1.0,1.0,3,0.0,0.0,0.3333333333333333,0.0,2006-09-02,2009-08-22
1,score_only,factor_cov_change,corr_mix,1.0,2.0,3,0.0,0.0,0.0,1.0,2006-09-02,2009-08-22
1,score_only,factor_cov_change,freeze,0.0,1.0,3,0.0,0.0,0.3333333333333333,0.0,2006-09-02,2009-08-22
1,score_only,factor_cov_change,freeze,0.0,2.0,3,0.0,0.3333333333333333,0.0,1.0,2006-09-02,2009-08-22
1,score_only,factor_cov_change,freeze,0.25,1.0,3,0.0,0.0,0.3333333333333333,0.0,2006-09-02,2009-08-22
1,score_only,factor_cov_change,freeze,0.25,2.0,3,0.0,0.0,0.0,1.0,2006-09-02,2009-08-22
1,score_only,factor_cov_change,freeze,0.5,1.0,3,0.0,0.0,0.3333333333333333,0.0,2006-09-02,2009-08-22
1,score_only,factor_cov_change,freeze,0.5,2.0,3,0.0,0.0,0.0,1.0,2006-09-02,2009-08-22
1,score_only,factor_cov_change,freeze,0.75,1.0,3,0.0,0.0,0.3333333333333333,0.0,2006-09-02,2009-08-22
1,score_only,factor_cov_change,freeze,0.75,2.0,3,0.0,0.0,0.0,1.0,2006-09-02,2009-08-22
1,score_only,factor_cov_change,freeze,1.0,1.0,3,0.0,0.0,0.3333333333333333,0.0,2006-09-02,2009-08-22
1,score_only,factor_cov_change,freeze,1.0,2.0,3,0.0,0.0,0.0,1.0,2006-09-02,2009-08-22
1,score_only,factor_cov_delta,corr_mix,0.0,1.0,3,0.0,0.0,1.0,0.0,2006-09-02,2009-08-22
1,score_only,factor_cov_delta,corr_mix,0.0,2.0,3,0.3333333333333333,0.3333333333333333,0.0,0.0,2006-09-02,2009-08-22
1,score_only,factor_cov_delta,corr_mix,0.25,1.0,3,0.0,0.0,1.0,0.0,2006-09-02,2009-08-22
1,score_only,factor_cov_delta,corr_mix,0.25,2.0,3,0.3333333333333333,0.3333333333333333,0.0,0.0,2006-09-02,2009-08-22
1,score_only,factor_cov_delta,corr_mix,0.5,1.0,3,0.0,0.0,1.0,0.0,2006-09-02,2009-08-22
1,score_only,factor_cov_delta,corr_mix,0.5,2.0,3,0.3333333333333333,0.3333333333333333,0.0,0.0,2006-09-02,2009-08-22
1,score_only,factor_cov_delta,corr_mix,0.75,1.0,3,0.0,0.0,1.0,0.0,2006-09-02,2009-08-22
1,score_only,factor_cov_delta,corr_mix,0.75,2.0,3,0.3333333333333333,0.3333333333333333,0.0,0.0,2006-09-02,2009-08-22
1,score_only,factor_cov_delta,corr_mix,1.0,1.0,3,0.0,0.0,1.0,0.0,2006-09-02,2009-08-22
1,score_only,factor_cov_delta,corr_mix,1.0,2.0,3,0.3333333333333333,0.3333333333333333,0.0,0.0,2006-09-02,2009-08-22
1,score_only,factor_cov_delta,freeze,0.0,1.0,3,0.0,0.0,1.0,0.0,2006-09-02,2009-08-22
1,score_only,factor_cov_delta,freeze,0.0,2.0,3,0.3333333333333333,0.3333333333333333,0.0,0.0,2006-09-02,2009-08-22
1,score_only,factor_cov_delta,freeze,0.25,1.0,3,0.0,0.0,1.0,0.0,2006-09-02,2009-08-22
1,score_only,factor_cov_delta,freeze,0.25,2.0,3,0.3333333333333333,0.3333333333333333,0.0,0.0,2006-09-02,2009-08-22
1,score_only,factor_cov_delta,freeze,0.5,1.0,3,0.0,0.0,1.0,0.0,2006-09-02,2009-08-22
1,score_only,factor_cov_delta,freeze,0.5,2.0,3,0.3333333333333333,0.3333333333333333,0.0,0.0,2006-09-02,2009-08-22
1,score_only,factor_cov_delta,freeze,0.75,1.0,3,0.0,0.0,1.0,0.0,2006-09-02,2009-08-22
1,score_only,factor_cov_delta,freeze,0.75,2.0,3,0.3333333333333333,0.3333333333333333,0.0,0.0,2006-09-02,2009-08-22
1,score_only,factor_cov_delta,freeze,1.0,1.0,3,0.0,0.0,1.0,0.0,2006-09-02,2009-08-22
1,score_only,factor_cov_delta,freeze,1.0,2.0,3,0.3333333333333333,0.3333333333333333,0.0,0.0,2006-09-02,2009-08-22
1,score_only,factor_cov_lrt,corr_mix,0.0,1.0,3,0.0,0.0,0.0,0.0,2006-09-02,2009-08-22
1,score_only,factor_cov_lrt,corr_mix,0.0,2.0,3,0.6666666666666666,0.6666666666666666,0.0,0.0,2006-09-02,2009-08-22
1,score_only,factor_cov_lrt,corr_mix,0.25,1.0,3,0.0,0.0,0.0,0.0,2006-09-02,2009-08-22
1,score_only,factor_cov_lrt,corr_mix,0.25,2.0,3,0.6666666666666666,0.6666666666666666,0.0,0.0,2006-09-02,2009-08-22
1,score_only,factor_cov_lrt,corr_mix,0.5,1.0,3,0.0,0.0,0.0,0.0,2006-09-02,2009-08-22
1,score_only,factor_cov_lrt,corr_mix,0.5,2.0,3,0.6666666666666666,0.6666666666666666,0.0,0.0,2006-09-02,2009-08-22
1,score_only,factor_cov_lrt,corr_mix,0.75,1.0,3,0.0,0.0,0.0,0.0,2006-09-02,2009-08-22
1,score_only,factor_cov_lrt,corr_mix,0.75,2.0,3,0.6666666666666666,0.6666666666666666,0.0,0.0,2006-09-02,2009-08-22
1,score_only,factor_cov_lrt,corr_mix,1.0,1.0,3,0.0,0.0,0.0,0.0,2006-09-02,2009-08-22
1,score_only,factor_cov_lrt,corr_mix,1.0,2.0,3,0.3333333333333333,0.3333333333333333,0.0,0.0,2006-09-02,2009-08-22
1,score_only,factor_cov_lrt,freeze,0.0,1.0,3,0.0,0.0,0.0,0.0,2006-09-02,2009-08-22
1,score_only,factor_cov_lrt,freeze,0.0,2.0,3,0.6666666666666666,0.6666666666666666,0.0,0.0,2006-09-02,2009-08-22
1,score_only,factor_cov_lrt,freeze,0.25,1.0,3,0.0,0.0,0.0,0.0,2006-09-02,2009-08-22
1,score_only,factor_cov_lrt,freeze,0.25,2.0,3,0.6666666666666666,0.6666666666666666,0.0,0.0,2006-09-02,2009-08-22
1,score_only,factor_cov_lrt,freeze,0.5,1.0,3,0.6666666666666666,0.6666666666666666,0.0,0.0,2006-09-02,2009-08-22
1,score_only,factor_cov_lrt,freeze,0.5,2.0,3,0.6666666666666666,0.6666666666666666,0.0,0.0,2006-09-02,2009-08-22
1,score_only,factor_cov_lrt,freeze,0.75,1.0,3,0.6666666666666666,0.6666666666666666,0.0,0.0,2006-09-02,2009-08-22
1,score_only,factor_cov_lrt,freeze,0.75,2.0,3,0.6666666666666666,0.6666666666666666,0.0,0.0,2006-09-02,2009-08-22
1,score_only,factor_cov_lrt,freeze,1.0,1.0,3,1.0,1.0,0.0,0.0,2006-09-02,2009-08-22
1,score_only,factor_cov_lrt,freeze,1.0,2.0,3,0.6666666666666666,0.6666666666666666,0.0,0.0,2006-09-02,2009-08-22
1,score_only,factor_cov_lrt_delta,corr_mix,0.0,1.0,3,0.3333333333333333,0.3333333333333333,0.0,0.0,2006-09-02,2009-08-22
1,score_only,factor_cov_lrt_delta,corr_mix,0.0,2.0,3,0.0,0.3333333333333333,0.0,1.0,2006-09-02,2009-08-22
1,score_only,factor_cov_lrt_delta,corr_mix,0.25,1.0,3,0.0,0.0,0.0,0.0,2006-09-02,2009-08-22
1,score_only,factor_cov_lrt_delta,corr_mix,0.25,2.0,3,0.0,0.3333333333333333,0.0,1.0,2006-09-02,2009-08-22
1,score_only,factor_cov_lrt_delta,corr_mix,0.5,1.0,3,0.0,0.0,0.0,0.0,2006-09-02,2009-08-22
1,score_only,factor_cov_lrt_delta,corr_mix,0.5,2.0,3,0.0,0.3333333333333333,0.0,1.0,2006-09-02,2009-08-22
1,score_only,factor_cov_lrt_delta,corr_mix,0.75,1.0,3,0.0,0.0,0.0,0.0,2006-09-02,2009-08-22
1,score_only,factor_cov_lrt_delta,corr_mix,0.75,2.0,3,0.0,0.3333333333333333,0.0,1.0,2006-09-02,2009-08-22
1,score_only,factor_cov_lrt_delta,corr_mix,1.0,1.0,3,0.0,0.0,0.0,0.0,2006-09-02,2009-08-22
1,score_only,factor_cov_lrt_delta,corr_mix,1.0,2.0,3,0.0,0.3333333333333333,0.0,1.0,2006-09-02,2009-08-22
1,score_only,factor_cov_lrt_delta,freeze,0.0,1.0,3,0.3333333333333333,0.3333333333333333,0.0,0.0,2006-09-02,2009-08-22
1,score_only,factor_cov_lrt_delta,freeze,0.0,2.0,3,0.0,0.3333333333333333,0.0,1.0,2006-09-02,2009-08-22
1,score_only,factor_cov_lrt_delta,freeze,0.25,1.0,3,0.0,0.0,0.0,0.0,2006-09-02,2009-08-22
1,score_only,factor_cov_lrt_delta,freeze,0.25,2.0,3,0.0,0.3333333333333333,0.0,1.0,2006-09-02,2009-08-22
1,score_only,factor_cov_lrt_delta,freeze,0.5,1.0,3,0.0,0.0,0.0,0.0,2006-09-02,2009-08-22
1,score_only,factor_cov_lrt_delta,freeze,0.5,2.0,3,0.0,0.3333333333333333,0.0,1.0,2006-09-02,2009-08-22
1,score_only,factor_cov_lrt_delta,freeze,0.75,1.0,3,0.0,0.0,0.0,0.0,2006-09-02,2009-08-22
1,score_only,factor_cov_lrt_delta,freeze,0.75,2.0,3,0.0,0.3333333333333333,0.0,1.0,2006-09-02,2009-08-22
1,score_only,factor_cov_lrt_delta,freeze,1.0,1.0,3,0.0,0.0,0.0,0.0,2006-09-02,2009-08-22
1,score_only,factor_cov_lrt_delta,freeze,1.0,2.0,3,0.0,0.3333333333333333,0.0,1.0,2006-09-02,2009-08-22
1,score_only,fused_fisher,corr_mix,0.0,1.0,3,0.0,0.0,0.0,0.0,2006-09-02,2009-08-22
1,score_only,fused_fisher,corr_mix,0.0,2.0,3,0.3333333333333333,0.3333333333333333,0.0,0.0,2006-09-02,2009-08-22
1,score_only,fused_fisher,corr_mix,0.25,1.0,3,0.3333333333333333,0.3333333333333333,0.0,0.0,2006-09-02,2009-08-22
1,score_only,fused_fisher,corr_mix,0.25,2.0,3,1.0,1.0,0.0,0.0,2006-09-02,2009-08-22
1,score_only,fused_fisher,corr_mix,0.5,1.0,3,0.0,0.0,0.0,0.0,2006-09-02,2009-08-22
1,score_only,fused_fisher,corr_mix,0.5,2.0,3,1.0,1.0,0.0,0.0,2006-09-02,2009-08-22
1,score_only,fused_fisher,corr_mix,0.75,1.0,3,0.0,0.0,0.0,0.0,2006-09-02,2009-08-22
1,score_only,fused_fisher,corr_mix,0.75,2.0,3,1.0,1.0,0.0,0.0,2006-09-02,2009-08-22
1,score_only,fused_fisher,corr_mix,1.0,1.0,3,0.0,0.0,0.0,0.0,2006-09-02,2009-08-22
1,score_only,fused_fisher,corr_mix,1.0,2.0,3,1.0,1.0,0.0,0.0,2006-09-02,2009-08-22
1,score_only,fused_fisher,freeze,0.0,1.0,3,0.0,0.0,0.0,0.0,2006-09-02,2009-08-22
1,score_only,fused_fisher,freeze,0.0,2.0,3,0.3333333333333333,0.3333333333333333,0.0,0.0,2006-09-02,2009-08-22
1,score_only,fused_fisher,freeze,0.25,1.0,3,0.0,0.0,0.0,0.0,2006-09-02,2009-08-22
1,score_only,fused_fisher,freeze,0.25,2.0,3,0.3333333333333333,0.3333333333333333,0.0,0.0,2006-09-02,2009-08-22
1,score_only,fused_fisher,freeze,0.5,1.0,3,0.0,0.0,0.0,0.0,2006-09-02,2009-08-22
1,score_only,fused_fisher,freeze,0.5,2.0,3,0.3333333333333333,0.3333333333333333,0.0,0.0,2006-09-02,2009-08-22
1,score_only,fused_fisher,freeze,0.75,1.0,3,0.0,0.0,0.0,0.0,2006-09-02,2009-08-22
1,score_only,fused_fisher,freeze,0.75,2.0,3,0.0,0.0,0.0,0.0,2006-09-02,2009-08-22
1,score_only,fused_fisher,freeze,1.0,1.0,3,0.0,0.0,0.0,0.0,2006-09-02,2009-08-22
1,score_only,fused_fisher,freeze,1.0,2.0,3,0.0,0.0,0.0,0.0,2006-09-02,2009-08-22
1,score_only,fused_fisher_lrt_delta,corr_mix,0.0,1.0,3,0.0,0.0,0.0,0.0,2006-09-02,2009-08-22
1,score_only,fused_fisher_lrt_delta,corr_mix,0.0,2.0,3,0.0,0.0,0.0,0.0,2006-09-02,2009-08-22
1,score_only,fused_fisher_lrt_delta,corr_mix,0.25,1.0,3,0.6666666666666666,0.6666666666666666,0.0,0.0,2006-09-02,2009-08-22
1,score_only,fused_fisher_lrt_delta,corr_mix,0.25,2.0,3,0.3333333333333333,0.3333333333333333,0.0,0.0,2006-09-02,2009-08-22
1,score_only,fused_fisher_lrt_delta,corr_mix,0.5,1.0,3,0.3333333333333333,0.3333333333333333,0.0,0.0,2006-09-02,2009-08-22
1,score_only,fused_fisher_lrt_delta,corr_mix,0.5,2.0,3,0.3333333333333333,0.3333333333333333,0.0,0.0,2006-09-02,2009-08-22
1,score_only,fused_fisher_lrt_delta,corr_mix,0.75,1.0,3,0.6666666666666666,0.6666666666666666,0.0,0.0,2006-09-02,2009-08-22
1,score_only,fused_fisher_lrt_delta,corr_mix,0.75,2.0,3,0.3333333333333333,0.3333333333333333,0.0,0.0,2006-09-02,2009-08-22
1,score_only,fused_fisher_lrt_delta,corr_mix,1.0,1.0,3,0.6666666666666666,0.6666666666666666,0.0,0.0,2006-09-02,2009-08-22
1,score_only,fused_fisher_lrt_delta,corr_mix,1.0,2.0,3,0.3333333333333333,0.3333333333333333,0.0,0.0,2006-09-02,2009-08-22
1,score_only,fused_fisher_lrt_delta,freeze,0.0,1.0,3,0.0,0.0,0.0,0.0,2006-09-02,2009-08-22
1,score_only,fused_fisher_lrt_delta,freeze,0.0,2.0,3,0.0,0.0,0.0,0.0,2006-09-02,2009-08-22
1,score_only,fused_fisher_lrt_delta,freeze,0.25,1.0,3,0.0,0.0,0.0,0.0,2006-09-02,2009-08-22
1,score_only,fused_fisher_lrt_delta,freeze,0.25,2.0,3,0.0,0.0,0.0,0.0,2006-09-02,2009-08-22
1,score_only,fused_fisher_lrt_delta,freeze,0.5,1.0,3,0.0,0.0,0.0,0.0,2006-09-02,2009-08-22
1,score_only,fused_fisher_lrt_delta,freeze,0.5,2.0,3,0.0,0.0,0.0,0.0,2006-09-02,2009-08-22
1,score_only,fused_fisher_lrt_delta,freeze,0.75,1.0,3,0.0,0.0,0.0,0.0,2006-09-02,2009-08-22
1,score_only,fused_fisher_lrt_delta,freeze,0.75,2.0,3,0.0,0.0,0.0,0.0,2006-09-02,2009-08-22
1,score_only,fused_fisher_lrt_delta,freeze,1.0,1.0,3,0.0,0.0,0.0,0.0,2006-09-02,2009-08-22
1,score_only,fused_fisher_lrt_delta,freeze,1.0,2.0,3,0.0,0.0,0.0,0.0,2006-09-02,2009-08-22
1,score_only,fused_sp,corr_mix,0.0,1.0,3,0.0,0.0,1.0,0.0,2006-09-02,2009-08-22
1,score_only,fused_sp,corr_mix,0.0,2.0,3,0.0,0.0,0.0,1.0,2006-09-02,2009-08-22
1,score_only,fused_sp,corr_mix,0.25,1.0,3,0.0,0.3333333333333333,1.0,0.0,2006-09-02,2009-08-22
1,score_only,fused_sp,corr_mix,0.25,2.0,3,0.0,1.0,0.0,1.0,2006-09-02,2009-08-22
1,score_only,fused_sp,corr_mix,0.5,1.0,3,0.0,0.3333333333333333,1.0,0.0,2006-09-02,2009-08-22
1,score_only,fused_sp,corr_mix,0.5,2.0,3,0.0,1.0,0.0,1.0,2006-09-02,2009-08-22
1,score_only,fused_sp,corr_mix,0.75,1.0,3,0.0,0.3333333333333333,1.0,0.0,2006-09-02,2009-08-22
1,score_only,fused_sp,corr_mix,0.75,2.0,3,0.0,1.0,0.0,1.0,2006-09-02,2009-08-22
1,score_only,fused_sp,corr_mix,1.0,1.0,3,0.0,0.3333333333333333,1.0,0.0,2006-09-02,2009-08-22
1,score_only,fused_sp,corr_mix,1.0,2.0,3,0.0,1.0,0.0,1.0,2006-09-02,2009-08-22
1,score_only,fused_sp,freeze,0.0,1.0,3,0.0,0.0,1.0,0.0,2006-09-02,2009-08-22
1,score_only,fused_sp,freeze,0.0,2.0,3,0.0,0.0,0.0,1.0,2006-09-02,2009-08-22
1,score_only,fused_sp,freeze,0.25,1.0,3,0.0,0.0,1.0,0.0,2006-09-02,2009-08-22
1,score_only,fused_sp,freeze,0.25,2.0,3,0.0,0.0,0.0,1.0,2006-09-02,2009-08-22
1,score_only,fused_sp,freeze,0.5,1.0,3,0.0,0.0,1.0,0.0,2006-09-02,2009-08-22
1,score_only,fused_sp,freeze,0.5,2.0,3,0.0,0.0,0.0,1.0,2006-09-02,2009-08-22
1,score_only,fused_sp,freeze,0.75,1.0,3,0.0,0.0,1.0,0.0,2006-09-02,2009-08-22
1,score_only,fused_sp,freeze,0.75,2.0,3,0.0,0.0,0.0,1.0,2006-09-02,2009-08-22
1,score_only,fused_sp,freeze,1.0,1.0,3,0.0,0.0,1.0,0.0,2006-09-02,2009-08-22
1,score_only,fused_sp,freeze,1.0,2.0,3,0.0,0.0,0.0,1.0,2006-09-02,2009-08-22
1,score_only,fused_sp_lrt_delta,corr_mix,0.0,1.0,3,0.3333333333333333,0.3333333333333333,0.0,0.0,2006-09-02,2009-08-22
1,score_only,fused_sp_lrt_delta,corr_mix,0.0,2.0,3,0.0,0.0,0.0,0.0,2006-09-02,2009-08-22
1,score_only,fused_sp_lrt_delta,corr_mix,0.25,1.0,3,0.0,0.0,0.0,0.0,2006-09-02,2009-08-22
1,score_only,fused_sp_lrt_delta,corr_mix,0.25,2.0,3,0.0,0.0,0.0,0.0,2006-09-02,2009-08-22
1,score_only,fused_sp_lrt_delta,corr_mix,0.5,1.0,3,0.0,0.0,0.0,0.0,2006-09-02,2009-08-22
1,score_only,fused_sp_lrt_delta,corr_mix,0.5,2.0,3,0.0,0.0,0.0,0.0,2006-09-02,2009-08-22
1,score_only,fused_sp_lrt_delta,corr_mix,0.75,1.0,3,0.0,0.0,0.0,0.0,2006-09-02,2009-08-22
1,score_only,fused_sp_lrt_delta,corr_mix,0.75,2.0,3,0.0,0.0,0.0,0.0,2006-09-02,2009-08-22
1,score_only,fused_sp_lrt_delta,corr_mix,1.0,1.0,3,0.0,0.0,0.0,0.0,2006-09-02,2009-08-22
1,score_only,fused_sp_lrt_delta,corr_mix,1.0,2.0,3,0.0,0.0,0.0,0.0,2006-09-02,2009-08-22
1,score_only,fused_sp_lrt_delta,freeze,0.0,1.0,3,0.3333333333333333,0.3333333333333333,0.0,0.0,2006-09-02,2009-08-22
1,score_only,fused_sp_lrt_delta,freeze,0.0,2.0,3,0.0,0.0,0.0,0.0,2006-09-02,2009-08-22
1,score_only,fused_sp_lrt_delta,freeze,0.25,1.0,3,0.0,0.0,0.0,0.0,2006-09-02,2009-08-22
1,score_only,fused_sp_lrt_delta,freeze,0.25,2.0,3,0.0,0.0,0.0,0.0,2006-09-02,2009-08-22
1,score_only,fused_sp_lrt_delta,freeze,0.5,1.0,3,0.0,0.0,0.0,0.0,2006-09-02,2009-08-22
1,score_only,fused_sp_lrt_delta,freeze,0.5,2.0,3,0.0,0.0,0.0,0.0,2006-09-02,2009-08-22
1,score_only,fused_sp_lrt_delta,freeze,0.75,1.0,3,0.0,0.0,0.0,0.0,2006-09-02,2009-08-22
1,score_only,fused_sp_lrt_delta,freeze,0.75,2.0,3,0.0,0.0,0.0,0.0,2006-09-02,2009-08-22
1,score_only,fused_sp_lrt_delta,freeze,1.0,1.0,3,0.0,0.0,0.0,0.0,2006-09-02,2009-08-22
1,score_only,fused_sp_lrt_delta,freeze,1.0,2.0,3,0.0,0.0,0.0,0.0,2006-09-02,2009-08-22
1,score_only,max_abs,corr_mix,0.0,1.0,3,0.3333333333333333,0.3333333333333333,0.0,0.0,2006-09-02,2009-08-22
1,score_only,max_abs,corr_mix,0.0,2.0,3,0.0,0.3333333333333333,0.0,1.0,2006-09-02,2009-08-22
1,score_only,max_abs,corr_mix,0.25,1.0,3,0.3333333333333333,0.3333333333333333,0.0,0.0,2006-09-02,2009-08-22
1,score_only,max_abs,corr_mix,0.25,2.0,3,0.0,0.3333333333333333,0.0,1.0,2006-09-02,2009-08-22
1,score_only,max_abs,corr_mix,0.5,1.0,3,0.0,0.0,0.0,0.0,2006-09-02,2009-08-22
1,score_only,max_abs,corr_mix,0.5,2.0,3,0.0,0.0,0.0,1.0,2006-09-02,2009-08-22
1,score_only,max_abs,corr_mix,0.75,1.0,3,0.0,0.0,0.0,0.0,2006-09-02,2009-08-22
1,score_only,max_abs,corr_mix,0.75,2.0,3,0.0,0.0,0.0,1.0,2006-09-02,2009-08-22
1,score_only,max_abs,corr_mix,1.0,1.0,3,0.3333333333333333,0.3333333333333333,0.0,0.0,2006-09-02,2009-08-22
1,score_only,max_abs,corr_mix,1.0,2.0,3,0.0,0.3333333333333333,0.0,1.0,2006-09-02,2009-08-22
1,score_only,max_abs,freeze,0.0,1.0,3,0.3333333333333333,0.3333333333333333,0.0,0.0,2006-09-02,2009-08-22
1,score_only,max_abs,freeze,0.0,2.0,3,0.0,0.3333333333333333,0.0,1.0,2006-09-02,2009-08-22
1,score_only,max_abs,freeze,0.25,1.0,3,0.3333333333333333,0.3333333333333333,0.0,0.0,2006-09-02,2009-08-22
1,score_only,max_abs,freeze,0.25,2.0,3,0.0,0.3333333333333333,0.0,1.0,2006-09-02,2009-08-22
1,score_only,max_abs,freeze,0.5,1.0,3,0.0,0.0,0.0,0.0,2006-09-02,2009-08-22
1,score_only,max_abs,freeze,0.5,2.0,3,0.0,0.0,0.0,1.0,2006-09-02,2009-08-22
1,score_only,max_abs,freeze,0.75,1.0,3,0.0,0.0,0.0,0.0,2006-09-02,2009-08-22
1,score_only,max_abs,freeze,0.75,2.0,3,0.0,0.0,0.0,1.0,2006-09-02,2009-08-22
1,score_only,max_abs,freeze,1.0,1.0,3,0.0,0.0,0.0,0.0,2006-09-02,2009-08-22
1,score_only,max_abs,freeze,1.0,2.0,3,0.0,0.0,0.0,1.0,2006-09-02,2009-08-22
1,score_only,pc_t2,corr_mix,0.0,1.0,3,0.0,0.0,0.0,0.0,2006-09-02,2009-08-22
1,score_only,pc_t2,corr_mix,0.0,2.0,3,0.0,0.0,0.0,1.0,2006-09-02,2009-08-22
1,score_only,pc_t2,corr_mix,0.25,1.0,3,0.0,0.0,0.0,0.0,2006-09-02,2009-08-22
1,score_only,pc_t2,corr_mix,0.25,2.0,3,0.0,0.0,0.0,1.0,2006-09-02,2009-08-22
1,score_only,pc_t2,corr_mix,0.5,1.0,3,0.0,0.0,0.0,0.0,2006-09-02,2009-08-22
1,score_only,pc_t2,corr_mix,0.5,2.0,3,0.0,0.0,0.0,1.0,2006-09-02,2009-08-22
1,score_only,pc_t2,corr_mix,0.75,1.0,3,0.0,0.0,0.0,0.0,2006-09-02,2009-08-22
1,score_only,pc_t2,corr_mix,0.75,2.0,3,0.0,0.0,0.0,1.0,2006-09-02,2009-08-22
1,score_only,pc_t2,corr_mix,1.0,1.0,3,0.0,0.0,0.0,0.0,2006-09-02,2009-08-22
1,score_only,pc_t2,corr_mix,1.0,2.0,3,0.0,0.0,0.0,1.0,2006-09-02,2009-08-22
1,score_only,pc_t2,freeze,0.0,1.0,3,0.0,0.0,0.0,0.0,2006-09-02,2009-08-22
1,score_only,pc_t2,freeze,0.0,2.0,3,0.0,0.0,0.0,1.0,2006-09-02,2009-08-22
1,score_only,pc_t2,freeze,0.25,1.0,3,0.0,0.0,0.0,0.0,2006-09-02,2009-08-22
1,score_only,pc_t2,freeze,0.25,2.0,3,0.0,0.0,0.0,1.0,2006-09-02,2009-08-22
1,score_only,pc_t2,freeze,0.5,1.0,3,0.0,0.0,0.0,0.0,2006-09-02,2009-08-22
1,score_only,pc_t2,freeze,0.5,2.0,3,0.0,0.0,0.0,1.0,2006-09-02,2009-08-22
1,score_only,pc_t2,freeze,0.75,1.0,3,0.0,0.0,0.0,0.0,2006-09-02,2009-08-22
1,score_only,pc_t2,freeze,0.75,2.0,3,0.0,0.0,0.0,1.0,2006-09-02,2009-08-22
1,score_only,pc_t2,freeze,1.0,1.0,3,0.0,0.0,0.0,0.0,2006-09-02,2009-08-22
1,score_only,pc_t2,freeze,1.0,2.0,3,0.0,0.0,0.0,1.0,2006-09-02,2009-08-22
1,score_only,res_energy,corr_mix,0.0,1.0,3,0.0,0.0,0.0,0.0,2006-09-02,2009-08-22
1,score_only,res_energy,corr_mix,0.0,2.0,3,0.0,0.0,0.0,0.0,2006-09-02,2009-08-22
1,score_only,res_energy,corr_mix,0.25,1.0,3,0.3333333333333333,0.3333333333333333,0.0,0.0,2006-09-02,2009-08-22
1,score_only,res_energy,corr_mix,0.25,2.0,3,0.0,0.0,0.0,0.0,2006-09-02,2009-08-22
1,score_only,res_energy,corr_mix,0.5,1.0,3,0.3333333333333333,0.3333333333333333,0.0,0.0,2006-09-02,2009-08-22
1,score_only,res_energy,corr_mix,0.5,2.0,3,0.0,0.0,0.0,0.0,2006-09-02,2009-08-22
1,score_only,res_energy,corr_mix,0.75,1.0,3,0.3333333333333333,0.3333333333333333,0.0,0.0,2006-09-02,2009-08-22
1,score_only,res_energy,corr_mix,0.75,2.0,3,0.0,0.0,0.0,0.0,2006-09-02,2009-08-22
1,score_only,res_energy,corr_mix,1.0,1.0,3,0.3333333333333333,0.3333333333333333,0.0,0.0,2006-09-02,2009-08-22
1,score_only,res_energy,corr_mix,1.0,2.0,3,0.0,0.0,0.0,0.0,2006-09-02,2009-08-22
1,score_only,res_energy,freeze,0.0,1.0,3,0.0,0.0,0.0,0.0,2006-09-02,2009-08-22
1,score_only,res_energy,freeze,0.0,2.0,3,0.0,0.0,0.0,0.0,2006-09-02,2009-08-22
1,score_only,res_energy,freeze,0.25,1.0,3,0.0,0.0,0.0,0.0,2006-09-02,2009-08-22
1,score_only,res_energy,freeze,0.25,2.0,3,0.0,0.0,0.0,0.0,2006-09-02,2009-08-22
1,score_only,res_energy,freeze,0.5,1.0,3,0.0,0.0,0.0,0.0,2006-09-02,2009-08-22
1,score_only,res_energy,freeze,0.5,2.0,3,0.0,0.0,0.0,0.0,2006-09-02,2009-08-22
1,score_only,res_energy,freeze,0.75,1.0,3,0.0,0.0,0.0,0.0,2006-09-02,2009-08-22
1,score_only,res_energy,freeze,0.75,2.0,3,0.0,0.0,0.0,0.0,2006-09-02,2009-08-22
1,score_only,res_energy,freeze,1.0,1.0,3,0.0,0.0,0.0,0.0,2006-09-02,2009-08-22
1,score_only,res_energy,freeze,1.0,2.0,3,0.0,0.0,0.0,0.0,2006-09-02,2009-08-22
1,score_only,stale,corr_mix,0.0,1.0,3,0.0,0.3333333333333333,1.0,1.0,2006-09-02,2009-08-22
1,score_only,stale,corr_mix,0.0,2.0,3,0.0,0.3333333333333333,0.0,1.0,2006-09-02,2009-08-22
1,score_only,stale,corr_mix,0.25,1.0,3,0.0,0.3333333333333333,1.0,1.0,2006-09-02,2009-08-22
1,score_only,stale,corr_mix,0.25,2.0,3,0.0,0.3333333333333333,0.0,1.0,2006-09-02,2009-08-22
1,score_only,stale,corr_mix,0.5,1.0,3,0.0,0.3333333333333333,1.0,1.0,2006-09-02,2009-08-22
1,score_only,stale,corr_mix,0.5,2.0,3,0.0,0.3333333333333333,0.0,1.0,2006-09-02,2009-08-22
1,score_only,stale,corr_mix,0.75,1.0,3,0.0,0.3333333333333333,1.0,1.0,2006-09-02,2009-08-22
1,score_only,stale,corr_mix,0.75,2.0,3,0.0,0.3333333333333333,0.0,1.0,2006-09-02,2009-08-22
1,score_only,stale,corr_mix,1.0,1.0,3,0.0,0.3333333333333333,1.0,1.0,2006-09-02,2009-08-22
1,score_only,stale,corr_mix,1.0,2.0,3,0.0,0.3333333333333333,0.0,1.0,2006-09-02,2009-08-22
1,score_only,stale,freeze,0.0,1.0,3,0.0,0.3333333333333333,1.0,1.0,2006-09-02,2009-08-22
1,score_only,stale,freeze,0.0,2.0,3,0.0,0.3333333333333333,0.0,1.0,2006-09-02,2009-08-22
1,score_only,stale,freeze,0.25,1.0,3,0.0,0.3333333333333333,1.0,1.0,2006-09-02,2009-08-22
1,score_only,stale,freeze,0.25,2.0,3,0.0,0.3333333333333333,0.0,1.0,2006-09-02,2009-08-22
1,score_only,stale,freeze,0.5,1.0,3,0.0,0.3333333333333333,1.0,1.0,2006-09-02,2009-08-22
1,score_only,stale,freeze,0.5,2.0,3,0.0,0.3333333333333333,0.0,1.0,2006-09-02,2009-08-22
1,score_only,stale,freeze,0.75,1.0,3,0.0,0.3333333333333333,1.0,1.0,2006-09-02,2009-08-22
1,score_only,stale,freeze,0.75,2.0,3,0.0,0.3333333333333333,0.0,1.0,2006-09-02,2009-08-22
1,score_only,stale,freeze,1.0,1.0,3,0.0,0.3333333333333333,1.0,1.0,2006-09-02,2009-08-22
1,score_only,stale,freeze,1.0,2.0,3,0.0,0.3333333333333333,0.0,1.0,2006-09-02,2009-08-22
2,all_only,T2,corr_mix,0.0,1.0,19,0.0,0.0,0.0,0.0,2007-09-01,2010-08-21
2,all_only,T2,corr_mix,0.0,2.0,19,0.0,0.0,0.0,0.0,2007-09-01,2010-08-21
2,all_only,T2,corr_mix,0.25,1.0,19,0.0,0.0,0.0,0.0,2007-09-01,2010-08-21
2,all_only,T2,corr_mix,0.25,2.0,19,0.0,0.0,0.0,0.0,2007-09-01,2010-08-21
2,all_only,T2,corr_mix,0.5,1.0,19,0.0,0.0,0.0,0.0,2007-09-01,2010-08-21
2,all_only,T2,corr_mix,0.5,2.0,19,0.0,0.0,0.0,0.0,2007-09-01,2010-08-21
2,all_only,T2,corr_mix,0.75,1.0,19,0.0,0.0,0.0,0.0,2007-09-01,2010-08-21
2,all_only,T2,corr_mix,0.75,2.0,19,0.0,0.0,0.0,0.0,2007-09-01,2010-08-21
2,all_only,T2,corr_mix,1.0,1.0,19,0.0,0.0,0.0,0.0,2007-09-01,2010-08-21
2,all_only,T2,corr_mix,1.0,2.0,19,0.0,0.0,0.0,0.0,2007-09-01,2010-08-21
2,all_only,T2,freeze,0.0,1.0,19,0.0,0.0,0.0,0.0,2007-09-01,2010-08-21
2,all_only,T2,freeze,0.0,2.0,19,0.0,0.0,0.0,0.0,2007-09-01,2010-08-21
2,all_only,T2,freeze,0.25,1.0,19,0.0,0.0,0.0,0.0,2007-09-01,2010-08-21
2,all_only,T2,freeze,0.25,2.0,19,0.0,0.0,0.0,0.0,2007-09-01,2010-08-21
2,all_only,T2,freeze,0.5,1.0,19,0.0,0.0,0.0,0.0,2007-09-01,2010-08-21
2,all_only,T2,freeze,0.5,2.0,19,0.0,0.0,0.0,0.0,2007-09-01,2010-08-21
2,all_only,T2,freeze,0.75,1.0,19,0.0,0.0,0.0,0.0,2007-09-01,2010-08-21
2,all_only,T2,freeze,0.75,2.0,19,0.0,0.0,0.0,0.0,2007-09-01,2010-08-21
2,all_only,T2,freeze,1.0,1.0,19,0.0,0.0,0.0,0.0,2007-09-01,2010-08-21
2,all_only,T2,freeze,1.0,2.0,19,0.0,0.0,0.0,0.0,2007-09-01,2010-08-21
2,all_only,cusum_factor_cov_lrt,corr_mix,0.0,1.0,19,0.0,0.05263157894736842,0.10526315789473684,0.0,2007-09-01,2010-08-21
2,all_only,cusum_factor_cov_lrt,corr_mix,0.0,2.0,19,0.0,0.0,0.0,0.0,2007-09-01,2010-08-21
2,all_only,cusum_factor_cov_lrt,corr_mix,0.25,1.0,19,0.0,0.05263157894736842,0.10526315789473684,0.0,2007-09-01,2010-08-21
2,all_only,cusum_factor_cov_lrt,corr_mix,0.25,2.0,19,0.0,0.0,0.0,0.0,2007-09-01,2010-08-21
2,all_only,cusum_factor_cov_lrt,corr_mix,0.5,1.0,19,0.0,0.05263157894736842,0.10526315789473684,0.0,2007-09-01,2010-08-21
2,all_only,cusum_factor_cov_lrt,corr_mix,0.5,2.0,19,0.0,0.0,0.0,0.0,2007-09-01,2010-08-21
2,all_only,cusum_factor_cov_lrt,corr_mix,0.75,1.0,19,0.0,0.05263157894736842,0.10526315789473684,0.0,2007-09-01,2010-08-21
2,all_only,cusum_factor_cov_lrt,corr_mix,0.75,2.0,19,0.0,0.0,0.0,0.0,2007-09-01,2010-08-21
2,all_only,cusum_factor_cov_lrt,corr_mix,1.0,1.0,19,0.0,0.05263157894736842,0.10526315789473684,0.0,2007-09-01,2010-08-21
2,all_only,cusum_factor_cov_lrt,corr_mix,1.0,2.0,19,0.0,0.0,0.0,0.0,2007-09-01,2010-08-21
2,all_only,cusum_factor_cov_lrt,freeze,0.0,1.0,19,0.0,0.05263157894736842,0.10526315789473684,0.0,2007-09-01,2010-08-21
2,all_only,cusum_factor_cov_lrt,freeze,0.0,2.0,19,0.0,0.0,0.0,0.0,2007-09-01,2010-08-21
2,all_only,cusum_factor_cov_lrt,freeze,0.25,1.0,19,0.0,0.05263157894736842,0.10526315789473684,0.0,2007-09-01,2010-08-21
2,all_only,cusum_factor_cov_lrt,freeze,0.25,2.0,19,0.0,0.0,0.0,0.0,2007-09-01,2010-08-21
2,all_only,cusum_factor_cov_lrt,freeze,0.5,1.0,19,0.0,0.05263157894736842,0.10526315789473684,0.0,2007-09-01,2010-08-21
2,all_only,cusum_factor_cov_lrt,freeze,0.5,2.0,19,0.0,0.0,0.0,0.0,2007-09-01,2010-08-21
2,all_only,cusum_factor_cov_lrt,freeze,0.75,1.0,19,0.0,0.05263157894736842,0.10526315789473684,0.0,2007-09-01,2010-08-21
2,all_only,cusum_factor_cov_lrt,freeze,0.75,2.0,19,0.0,0.0,0.0,0.0,2007-09-01,2010-08-21
2,all_only,cusum_factor_cov_lrt,freeze,1.0,1.0,19,0.0,0.05263157894736842,0.10526315789473684,0.0,2007-09-01,2010-08-21
2,all_only,cusum_factor_cov_lrt,freeze,1.0,2.0,19,0.0,0.0,0.0,0.0,2007-09-01,2010-08-21
2,all_only,ewma_factor_cov_lrt,corr_mix,0.0,1.0,19,0.0,0.0,0.0,0.0,2007-09-01,2010-08-21
2,all_only,ewma_factor_cov_lrt,corr_mix,0.0,2.0,19,0.0,0.0,0.0,0.0,2007-09-01,2010-08-21
2,all_only,ewma_factor_cov_lrt,corr_mix,0.25,1.0,19,0.0,0.0,0.0,0.0,2007-09-01,2010-08-21
2,all_only,ewma_factor_cov_lrt,corr_mix,0.25,2.0,19,0.0,0.0,0.0,0.0,2007-09-01,2010-08-21
2,all_only,ewma_factor_cov_lrt,corr_mix,0.5,1.0,19,0.0,0.0,0.0,0.0,2007-09-01,2010-08-21
2,all_only,ewma_factor_cov_lrt,corr_mix,0.5,2.0,19,0.0,0.0,0.0,0.0,2007-09-01,2010-08-21
2,all_only,ewma_factor_cov_lrt,corr_mix,0.75,1.0,19,0.0,0.0,0.0,0.0,2007-09-01,2010-08-21
2,all_only,ewma_factor_cov_lrt,corr_mix,0.75,2.0,19,0.0,0.0,0.0,0.0,2007-09-01,2010-08-21
2,all_only,ewma_factor_cov_lrt,corr_mix,1.0,1.0,19,0.0,0.0,0.0,0.0,2007-09-01,2010-08-21
2,all_only,ewma_factor_cov_lrt,corr_mix,1.0,2.0,19,0.0,0.0,0.0,0.0,2007-09-01,2010-08-21
2,all_only,ewma_factor_cov_lrt,freeze,0.0,1.0,19,0.0,0.0,0.0,0.0,2007-09-01,2010-08-21
2,all_only,ewma_factor_cov_lrt,freeze,0.0,2.0,19,0.0,0.0,0.0,0.0,2007-09-01,2010-08-21
2,all_only,ewma_factor_cov_lrt,freeze,0.25,1.0,19,0.0,0.0,0.0,0.0,2007-09-01,2010-08-21
2,all_only,ewma_factor_cov_lrt,freeze,0.25,2.0,19,0.0,0.0,0.0,0.0,2007-09-01,2010-08-21
2,all_only,ewma_factor_cov_lrt,freeze,0.5,1.0,19,0.0,0.0,0.0,0.0,2007-09-01,2010-08-21
2,all_only,ewma_factor_cov_lrt,freeze,0.5,2.0,19,0.0,0.0,0.0,0.0,2007-09-01,2010-08-21
2,all_only,ewma_factor_cov_lrt,freeze,0.75,1.0,19,0.0,0.0,0.0,0.0,2007-09-01,2010-08-21
2,all_only,ewma_factor_cov_lrt,freeze,0.75,2.0,19,0.0,0.0,0.0,0.0,2007-09-01,2010-08-21
2,all_only,ewma_factor_cov_lrt,freeze,1.0,1.0,19,0.0,0.0,0.0,0.0,2007-09-01,2010-08-21
2,all_only,ewma_factor_cov_lrt,freeze,1.0,2.0,19,0.0,0.0,0.0,0.0,2007-09-01,2010-08-21
2,all_only,factor_cov_change,corr_mix,0.0,1.0,19,0.05263157894736842,0.3157894736842105,0.5789473684210527,0.0,2007-09-01,2010-08-21
2,all_only,factor_cov_change,corr_mix,0.0,2.0,19,0.2631578947368421,0.2631578947368421,0.0,0.0,2007-09-01,2010-08-21
2,all_only,factor_cov_change,corr_mix,0.25,1.0,19,0.05263157894736842,0.3157894736842105,0.5789473684210527,0.0,2007-09-01,2010-08-21
2,all_only,factor_cov_change,corr_mix,0.25,2.0,19,0.2631578947368421,0.2631578947368421,0.0,0.0,2007-09-01,2010-08-21
2,all_only,factor_cov_change,corr_mix,0.5,1.0,19,0.05263157894736842,0.3157894736842105,0.5789473684210527,0.0,2007-09-01,2010-08-21
2,all_only,factor_cov_change,corr_mix,0.5,2.0,19,0.2631578947368421,0.2631578947368421,0.0,0.0,2007-09-01,2010-08-21
2,all_only,factor_cov_change,corr_mix,0.75,1.0,19,0.05263157894736842,0.3157894736842105,0.5789473684210527,0.0,2007-09-01,2010-08-21
2,all_only,factor_cov_change,corr_mix,0.75,2.0,19,0.2631578947368421,0.2631578947368421,0.0,0.0,2007-09-01,2010-08-21
2,all_only,factor_cov_change,corr_mix,1.0,1.0,19,0.05263157894736842,0.3157894736842105,0.5789473684210527,0.0,2007-09-01,2010-08-21
2,all_only,factor_cov_change,corr_mix,1.0,2.0,19,0.2631578947368421,0.2631578947368421,0.0,0.0,2007-09-01,2010-08-21
2,all_only,factor_cov_change,freeze,0.0,1.0,19,0.05263157894736842,0.3157894736842105,0.5789473684210527,0.0,2007-09-01,2010-08-21
2,all_only,factor_cov_change,freeze,0.0,2.0,19,0.2631578947368421,0.2631578947368421,0.0,0.0,2007-09-01,2010-08-21
2,all_only,factor_cov_change,freeze,0.25,1.0,19,0.05263157894736842,0.3157894736842105,0.5789473684210527,0.0,2007-09-01,2010-08-21
2,all_only,factor_cov_change,freeze,0.25,2.0,19,0.2631578947368421,0.2631578947368421,0.0,0.0,2007-09-01,2010-08-21
2,all_only,factor_cov_change,freeze,0.5,1.0,19,0.05263157894736842,0.3157894736842105,0.5789473684210527,0.0,2007-09-01,2010-08-21
2,all_only,factor_cov_change,freeze,0.5,2.0,19,0.2631578947368421,0.2631578947368421,0.0,0.0,2007-09-01,2010-08-21
2,all_only,factor_cov_change,freeze,0.75,1.0,19,0.05263157894736842,0.3157894736842105,0.5789473684210527,0.0,2007-09-01,2010-08-21
2,all_only,factor_cov_change,freeze,0.75,2.0,19,0.2631578947368421,0.2631578947368421,0.0,0.0,2007-09-01,2010-08-21
2,all_only,factor_cov_change,freeze,1.0,1.0,19,0.05263157894736842,0.3157894736842105,0.5789473684210527,0.0,2007-09-01,2010-08-21
2,all_only,factor_cov_change,freeze,1.0,2.0,19,0.2631578947368421,0.2631578947368421,0.0,0.0,2007-09-01,2010-08-21
2,all_only,factor_cov_delta,corr_mix,0.0,1.0,19,0.0,0.0,0.0,0.0,2007-09-01,2010-08-21
2,all_only,factor_cov_delta,corr_mix,0.0,2.0,19,0.15789473684210525,0.15789473684210525,0.0,0.0,2007-09-01,2010-08-21
2,all_only,factor_cov_delta,corr_mix,0.25,1.0,19,0.0,0.0,0.0,0.0,2007-09-01,2010-08-21
2,all_only,factor_cov_delta,corr_mix,0.25,2.0,19,0.15789473684210525,0.15789473684210525,0.0,0.0,2007-09-01,2010-08-21
2,all_only,factor_cov_delta,corr_mix,0.5,1.0,19,0.0,0.0,0.0,0.0,2007-09-01,2010-08-21
2,all_only,factor_cov_delta,corr_mix,0.5,2.0,19,0.15789473684210525,0.15789473684210525,0.0,0.0,2007-09-01,2010-08-21
2,all_only,factor_cov_delta,corr_mix,0.75,1.0,19,0.0,0.0,0.0,0.0,2007-09-01,2010-08-21
2,all_only,factor_cov_delta,corr_mix,0.75,2.0,19,0.15789473684210525,0.15789473684210525,0.0,0.0,2007-09-01,2010-08-21
2,all_only,factor_cov_delta,corr_mix,1.0,1.0,19,0.0,0.0,0.0,0.0,2007-09-01,2010-08-21
2,all_only,factor_cov_delta,corr_mix,1.0,2.0,19,0.15789473684210525,0.15789473684210525,0.0,0.0,2007-09-01,2010-08-21
2,all_only,factor_cov_delta,freeze,0.0,1.0,19,0.0,0.0,0.0,0.0,2007-09-01,2010-08-21
2,all_only,factor_cov_delta,freeze,0.0,2.0,19,0.15789473684210525,0.15789473684210525,0.0,0.0,2007-09-01,2010-08-21
2,all_only,factor_cov_delta,freeze,0.25,1.0,19,0.0,0.0,0.0,0.0,2007-09-01,2010-08-21
2,all_only,factor_cov_delta,freeze,0.25,2.0,19,0.15789473684210525,0.15789473684210525,0.0,0.0,2007-09-01,2010-08-21
2,all_only,factor_cov_delta,freeze,0.5,1.0,19,0.0,0.0,0.0,0.0,2007-09-01,2010-08-21
2,all_only,factor_cov_delta,freeze,0.5,2.0,19,0.15789473684210525,0.15789473684210525,0.0,0.0,2007-09-01,2010-08-21
2,all_only,factor_cov_delta,freeze,0.75,1.0,19,0.0,0.0,0.0,0.0,2007-09-01,2010-08-21
2,all_only,factor_cov_delta,freeze,0.75,2.0,19,0.15789473684210525,0.15789473684210525,0.0,0.0,2007-09-01,2010-08-21
2,all_only,factor_cov_delta,freeze,1.0,1.0,19,0.0,0.0,0.0,0.0,2007-09-01,2010-08-21
2,all_only,factor_cov_delta,freeze,1.0,2.0,19,0.15789473684210525,0.15789473684210525,0.0,0.0,2007-09-01,2010-08-21
2,all_only,factor_cov_lrt,corr_mix,0.0,1.0,19,0.0,0.05263157894736842,0.7894736842105263,0.8421052631578947,2007-09-01,2010-08-21
2,all_only,factor_cov_lrt,corr_mix,0.0,2.0,19,0.21052631578947367,0.21052631578947367,0.0,0.0,2007-09-01,2010-08-21
2,all_only,factor_cov_lrt,corr_mix,0.25,1.0,19,0.0,0.05263157894736842,0.7894736842105263,0.8421052631578947,2007-09-01,2010-08-21
2,all_only,factor_cov_lrt,corr_mix,0.25,2.0,19,0.21052631578947367,0.21052631578947367,0.0,0.0,2007-09-01,2010-08-21
2,all_only,factor_cov_lrt,corr_mix,0.5,1.0,19,0.0,0.05263157894736842,0.7894736842105263,0.8421052631578947,2007-09-01,2010-08-21
2,all_only,factor_cov_lrt,corr_mix,0.5,2.0,19,0.21052631578947367,0.21052631578947367,0.0,0.0,2007-09-01,2010-08-21
2,all_only,factor_cov_lrt,corr_mix,0.75,1.0,19,0.0,0.05263157894736842,0.7894736842105263,0.8421052631578947,2007-09-01,2010-08-21
2,all_only,factor_cov_lrt,corr_mix,0.75,2.0,19,0.21052631578947367,0.21052631578947367,0.0,0.0,2007-09-01,2010-08-21
2,all_only,factor_cov_lrt,corr_mix,1.0,1.0,19,0.0,0.05263157894736842,0.7894736842105263,0.8421052631578947,2007-09-01,2010-08-21
2,all_only,factor_cov_lrt,corr_mix,1.0,2.0,19,0.21052631578947367,0.21052631578947367,0.0,0.0,2007-09-01,2010-08-21
2,all_only,factor_cov_lrt,freeze,0.0,1.0,19,0.0,0.05263157894736842,0.7894736842105263,0.8421052631578947,2007-09-01,2010-08-21
2,all_only,factor_cov_lrt,freeze,0.0,2.0,19,0.21052631578947367,0.21052631578947367,0.0,0.0,2007-09-01,2010-08-21
2,all_only,factor_cov_lrt,freeze,0.25,1.0,19,0.0,0.05263157894736842,0.7894736842105263,0.8421052631578947,2007-09-01,2010-08-21
2,all_only,factor_cov_lrt,freeze,0.25,2.0,19,0.21052631578947367,0.21052631578947367,0.0,0.0,2007-09-01,2010-08-21
2,all_only,factor_cov_lrt,freeze,0.5,1.0,19,0.0,0.05263157894736842,0.7894736842105263,0.8421052631578947,2007-09-01,2010-08-21
2,all_only,factor_cov_lrt,freeze,0.5,2.0,19,0.21052631578947367,0.21052631578947367,0.0,0.0,2007-09-01,2010-08-21
2,all_only,factor_cov_lrt,freeze,0.75,1.0,19,0.0,0.05263157894736842,0.7894736842105263,0.8421052631578947,2007-09-01,2010-08-21
2,all_only,factor_cov_lrt,freeze,0.75,2.0,19,0.21052631578947367,0.21052631578947367,0.0,0.0,2007-09-01,2010-08-21
2,all_only,factor_cov_lrt,freeze,1.0,1.0,19,0.0,0.05263157894736842,0.7894736842105263,0.8421052631578947,2007-09-01,2010-08-21
2,all_only,factor_cov_lrt,freeze,1.0,2.0,19,0.21052631578947367,0.21052631578947367,0.0,0.0,2007-09-01,2010-08-21
2,all_only,factor_cov_lrt_delta,corr_mix,0.0,1.0,19,0.05263157894736842,0.05263157894736842,0.0,0.0,2007-09-01,2010-08-21
2,all_only,factor_cov_lrt_delta,corr_mix,0.0,2.0,19,0.3157894736842105,0.3157894736842105,0.0,0.0,2007-09-01,2010-08-21
2,all_only,factor_cov_lrt_delta,corr_mix,0.25,1.0,19,0.05263157894736842,0.05263157894736842,0.0,0.0,2007-09-01,2010-08-21
2,all_only,factor_cov_lrt_delta,corr_mix,0.25,2.0,19,0.3157894736842105,0.3157894736842105,0.0,0.0,2007-09-01,2010-08-21
2,all_only,factor_cov_lrt_delta,corr_mix,0.5,1.0,19,0.05263157894736842,0.05263157894736842,0.0,0.0,2007-09-01,2010-08-21
2,all_only,factor_cov_lrt_delta,corr_mix,0.5,2.0,19,0.3157894736842105,0.3157894736842105,0.0,0.0,2007-09-01,2010-08-21
2,all_only,factor_cov_lrt_delta,corr_mix,0.75,1.0,19,0.05263157894736842,0.05263157894736842,0.0,0.0,2007-09-01,2010-08-21
2,all_only,factor_cov_lrt_delta,corr_mix,0.75,2.0,19,0.3157894736842105,0.3157894736842105,0.0,0.0,2007-09-01,2010-08-21
2,all_only,factor_cov_lrt_delta,corr_mix,1.0,1.0,19,0.05263157894736842,0.05263157894736842,0.0,0.0,2007-09-01,2010-08-21
2,all_only,factor_cov_lrt_delta,corr_mix,1.0,2.0,19,0.3157894736842105,0.3157894736842105,0.0,0.0,2007-09-01,2010-08-21
2,all_only,factor_cov_lrt_delta,freeze,0.0,1.0,19,0.05263157894736842,0.05263157894736842,0.0,0.0,2007-09-01,2010-08-21
2,all_only,factor_cov_lrt_delta,freeze,0.0,2.0,19,0.3157894736842105,0.3157894736842105,0.0,0.0,2007-09-01,2010-08-21
2,all_only,factor_cov_lrt_delta,freeze,0.25,1.0,19,0.05263157894736842,0.05263157894736842,0.0,0.0,2007-09-01,2010-08-21
2,all_only,factor_cov_lrt_delta,freeze,0.25,2.0,19,0.3157894736842105,0.3157894736842105,0.0,0.0,2007-09-01,2010-08-21
2,all_only,factor_cov_lrt_delta,freeze,0.5,1.0,19,0.05263157894736842,0.05263157894736842,0.0,0.0,2007-09-01,2010-08-21
2,all_only,factor_cov_lrt_delta,freeze,0.5,2.0,19,0.3157894736842105,0.3157894736842105,0.0,0.0,2007-09-01,2010-08-21
2,all_only,factor_cov_lrt_delta,freeze,0.75,1.0,19,0.05263157894736842,0.05263157894736842,0.0,0.0,2007-09-01,2010-08-21
2,all_only,factor_cov_lrt_delta,freeze,0.75,2.0,19,0.3157894736842105,0.3157894736842105,0.0,0.0,2007-09-01,2010-08-21
2,all_only,factor_cov_lrt_delta,freeze,1.0,1.0,19,0.05263157894736842,0.05263157894736842,0.0,0.0,2007-09-01,2010-08-21
2,all_only,factor_cov_lrt_delta,freeze,1.0,2.0,19,0.3157894736842105,0.3157894736842105,0.0,0.0,2007-09-01,2010-08-21
2,all_only,fused_fisher,corr_mix,0.0,1.0,19,0.21052631578947367,0.21052631578947367,0.0,0.0,2007-09-01,2010-08-21
2,all_only,fused_fisher,corr_mix,0.0,2.0,19,0.21052631578947367,0.21052631578947367,0.0,0.0,2007-09-01,2010-08-21
2,all_only,fused_fisher,corr_mix,0.25,1.0,19,0.21052631578947367,0.21052631578947367,0.0,0.0,2007-09-01,2010-08-21
2,all_only,fused_fisher,corr_mix,0.25,2.0,19,0.21052631578947367,0.21052631578947367,0.0,0.0,2007-09-01,2010-08-21
2,all_only,fused_fisher,corr_mix,0.5,1.0,19,0.21052631578947367,0.21052631578947367,0.0,0.0,2007-09-01,2010-08-21
2,all_only,fused_fisher,corr_mix,0.5,2.0,19,0.21052631578947367,0.21052631578947367,0.0,0.0,2007-09-01,2010-08-21
2,all_only,fused_fisher,corr_mix,0.75,1.0,19,0.21052631578947367,0.21052631578947367,0.0,0.0,2007-09-01,2010-08-21
2,all_only,fused_fisher,corr_mix,0.75,2.0,19,0.21052631578947367,0.21052631578947367,0.0,0.0,2007-09-01,2010-08-21
2,all_only,fused_fisher,corr_mix,1.0,1.0,19,0.21052631578947367,0.21052631578947367,0.0,0.0,2007-09-01,2010-08-21
2,all_only,fused_fisher,corr_mix,1.0,2.0,19,0.21052631578947367,0.21052631578947367,0.0,0.0,2007-09-01,2010-08-21
2,all_only,fused_fisher,freeze,0.0,1.0,19,0.21052631578947367,0.21052631578947367,0.0,0.0,2007-09-01,2010-08-21
2,all_only,fused_fisher,freeze,0.0,2.0,19,0.21052631578947367,0.21052631578947367,0.0,0.0,2007-09-01,2010-08-21
2,all_only,fused_fisher,freeze,0.25,1.0,19,0.21052631578947367,0.21052631578947367,0.0,0.0,2007-09-01,2010-08-21
2,all_only,fused_fisher,freeze,0.25,2.0,19,0.21052631578947367,0.21052631578947367,0.0,0.0,2007-09-01,2010-08-21
2,all_only,fused_fisher,freeze,0.5,1.0,19,0.21052631578947367,0.21052631578947367,0.0,0.0,2007-09-01,2010-08-21
2,all_only,fused_fisher,freeze,0.5,2.0,19,0.21052631578947367,0.21052631578947367,0.0,0.0,2007-09-01,2010-08-21
2,all_only,fused_fisher,freeze,0.75,1.0,19,0.21052631578947367,0.21052631578947367,0.0,0.0,2007-09-01,2010-08-21
2,all_only,fused_fisher,freeze,0.75,2.0,19,0.21052631578947367,0.21052631578947367,0.0,0.0,2007-09-01,2010-08-21
2,all_only,fused_fisher,freeze,1.0,1.0,19,0.21052631578947367,0.21052631578947367,0.0,0.0,2007-09-01,2010-08-21
2,all_only,fused_fisher,freeze,1.0,2.0,19,0.21052631578947367,0.21052631578947367,0.0,0.0,2007-09-01,2010-08-21
2,all_only,fused_fisher_lrt_delta,corr_mix,0.0,1.0,19,0.05263157894736842,0.05263157894736842,0.5789473684210527,0.0,2007-09-01,2010-08-21
2,all_only,fused_fisher_lrt_delta,corr_mix,0.0,2.0,19,0.10526315789473684,0.10526315789473684,0.0,0.5789473684210527,2007-09-01,2010-08-21
2,all_only,fused_fisher_lrt_delta,corr_mix,0.25,1.0,19,0.05263157894736842,0.05263157894736842,0.5789473684210527,0.0,2007-09-01,2010-08-21
2,all_only,fused_fisher_lrt_delta,corr_mix,0.25,2.0,19,0.10526315789473684,0.10526315789473684,0.0,0.5789473684210527,2007-09-01,2010-08-21
2,all_only,fused_fisher_lrt_delta,corr_mix,0.5,1.0,19,0.05263157894736842,0.05263157894736842,0.5789473684210527,0.0,2007-09-01,2010-08-21
2,all_only,fused_fisher_lrt_delta,corr_mix,0.5,2.0,19,0.10526315789473684,0.10526315789473684,0.0,0.5789473684210527,2007-09-01,2010-08-21
2,all_only,fused_fisher_lrt_delta,corr_mix,0.75,1.0,19,0.05263157894736842,0.05263157894736842,0.5789473684210527,0.0,2007-09-01,2010-08-21
2,all_only,fused_fisher_lrt_delta,corr_mix,0.75,2.0,19,0.10526315789473684,0.10526315789473684,0.0,0.5789473684210527,2007-09-01,2010-08-21
2,all_only,fused_fisher_lrt_delta,corr_mix,1.0,1.0,19,0.05263157894736842,0.05263157894736842,0.5789473684210527,0.0,2007-09-01,2010-08-21
2,all_only,fused_fisher_lrt_delta,corr_mix,1.0,2.0,19,0.10526315789473684,0.10526315789473684,0.0,0.5789473684210527,2007-09-01,2010-08-21
2,all_only,fused_fisher_lrt_delta,freeze,0.0,1.0,19,0.05263157894736842,0.05263157894736842,0.5789473684210527,0.0,2007-09-01,2010-08-21
2,all_only,fused_fisher_lrt_delta,freeze,0.0,2.0,19,0.10526315789473684,0.10526315789473684,0.0,0.5789473684210527,2007-09-01,2010-08-21
2,all_only,fused_fisher_lrt_delta,freeze,0.25,1.0,19,0.05263157894736842,0.05263157894736842,0.5789473684210527,0.0,2007-09-01,2010-08-21
2,all_only,fused_fisher_lrt_delta,freeze,0.25,2.0,19,0.10526315789473684,0.10526315789473684,0.0,0.5789473684210527,2007-09-01,2010-08-21
2,all_only,fused_fisher_lrt_delta,freeze,0.5,1.0,19,0.05263157894736842,0.05263157894736842,0.5789473684210527,0.0,2007-09-01,2010-08-21
2,all_only,fused_fisher_lrt_delta,freeze,0.5,2.0,19,0.10526315789473684,0.10526315789473684,0.0,0.5789473684210527,2007-09-01,2010-08-21
2,all_only,fused_fisher_lrt_delta,freeze,0.75,1.0,19,0.05263157894736842,0.05263157894736842,0.5789473684210527,0.0,2007-09-01,2010-08-21
2,all_only,fused_fisher_lrt_delta,freeze,0.75,2.0,19,0.10526315789473684,0.10526315789473684,0.0,0.5789473684210527,2007-09-01,2010-08-21
2,all_only,fused_fisher_lrt_delta,freeze,1.0,1.0,19,0.05263157894736842,0.05263157894736842,0.5789473684210527,0.0,2007-09-01,2010-08-21
2,all_only,fused_fisher_lrt_delta,freeze,1.0,2.0,19,0.10526315789473684,0.10526315789473684,0.0,0.5789473684210527,2007-09-01,2010-08-21
2,all_only,fused_sp,corr_mix,0.0,1.0,19,0.10526315789473684,0.10526315789473684,0.0,0.0,2007-09-01,2010-08-21
2,all_only,fused_sp,corr_mix,0.0,2.0,19,0.05263157894736842,0.05263157894736842,0.0,0.0,2007-09-01,2010-08-21
2,all_only,fused_sp,corr_mix,0.25,1.0,19,0.10526315789473684,0.10526315789473684,0.0,0.0,2007-09-01,2010-08-21
2,all_only,fused_sp,corr_mix,0.25,2.0,19,0.05263157894736842,0.05263157894736842,0.0,0.0,2007-09-01,2010-08-21
2,all_only,fused_sp,corr_mix,0.5,1.0,19,0.10526315789473684,0.10526315789473684,0.0,0.0,2007-09-01,2010-08-21
2,all_only,fused_sp,corr_mix,0.5,2.0,19,0.05263157894736842,0.05263157894736842,0.0,0.0,2007-09-01,2010-08-21
2,all_only,fused_sp,corr_mix,0.75,1.0,19,0.10526315789473684,0.10526315789473684,0.0,0.0,2007-09-01,2010-08-21
2,all_only,fused_sp,corr_mix,0.75,2.0,19,0.05263157894736842,0.05263157894736842,0.0,0.0,2007-09-01,2010-08-21
2,all_only,fused_sp,corr_mix,1.0,1.0,19,0.10526315789473684,0.10526315789473684,0.0,0.0,2007-09-01,2010-08-21
2,all_only,fused_sp,corr_mix,1.0,2.0,19,0.05263157894736842,0.05263157894736842,0.0,0.0,2007-09-01,2010-08-21
2,all_only,fused_sp,freeze,0.0,1.0,19,0.10526315789473684,0.10526315789473684,0.0,0.0,2007-09-01,2010-08-21
2,all_only,fused_sp,freeze,0.0,2.0,19,0.05263157894736842,0.05263157894736842,0.0,0.0,2007-09-01,2010-08-21
2,all_only,fused_sp,freeze,0.25,1.0,19,0.10526315789473684,0.10526315789473684,0.0,0.0,2007-09-01,2010-08-21
2,all_only,fused_sp,freeze,0.25,2.0,19,0.05263157894736842,0.05263157894736842,0.0,0.0,2007-09-01,2010-08-21
2,all_only,fused_sp,freeze,0.5,1.0,19,0.10526315789473684,0.10526315789473684,0.0,0.0,2007-09-01,2010-08-21
2,all_only,fused_sp,freeze,0.5,2.0,19,0.05263157894736842,0.05263157894736842,0.0,0.0,2007-09-01,2010-08-21
2,all_only,fused_sp,freeze,0.75,1.0,19,0.10526315789473684,0.10526315789473684,0.0,0.0,2007-09-01,2010-08-21
2,all_only,fused_sp,freeze,0.75,2.0,19,0.05263157894736842,0.05263157894736842,0.0,0.0,2007-09-01,2010-08-21
2,all_only,fused_sp,freeze,1.0,1.0,19,0.10526315789473684,0.10526315789473684,0.0,0.0,2007-09-01,2010-08-21
2,all_only,fused_sp,freeze,1.0,2.0,19,0.05263157894736842,0.05263157894736842,0.0,0.0,2007-09-01,2010-08-21
2,all_only,fused_sp_lrt_delta,corr_mix,0.0,1.0,19,0.05263157894736842,0.05263157894736842,0.0,0.0,2007-09-01,2010-08-21
2,all_only,fused_sp_lrt_delta,corr_mix,0.0,2.0,19,0.0,0.0,0.0,1.0,2007-09-01,2010-08-21
2,all_only,fused_sp_lrt_delta,corr_mix,0.25,1.0,19,0.05263157894736842,0.05263157894736842,0.0,0.0,2007-09-01,2010-08-21
2,all_only,fused_sp_lrt_delta,corr_mix,0.25,2.0,19,0.0,0.0,0.0,1.0,2007-09-01,2010-08-21
2,all_only,fused_sp_lrt_delta,corr_mix,0.5,1.0,19,0.05263157894736842,0.05263157894736842,0.0,0.0,2007-09-01,2010-08-21
2,all_only,fused_sp_lrt_delta,corr_mix,0.5,2.0,19,0.0,0.0,0.0,1.0,2007-09-01,2010-08-21
2,all_only,fused_sp_lrt_delta,corr_mix,0.75,1.0,19,0.05263157894736842,0.05263157894736842,0.0,0.0,2007-09-01,2010-08-21
2,all_only,fused_sp_lrt_delta,corr_mix,0.75,2.0,19,0.0,0.0,0.0,1.0,2007-09-01,2010-08-21
2,all_only,fused_sp_lrt_delta,corr_mix,1.0,1.0,19,0.05263157894736842,0.05263157894736842,0.0,0.0,2007-09-01,2010-08-21
2,all_only,fused_sp_lrt_delta,corr_mix,1.0,2.0,19,0.0,0.0,0.0,1.0,2007-09-01,2010-08-21
2,all_only,fused_sp_lrt_delta,freeze,0.0,1.0,19,0.05263157894736842,0.05263157894736842,0.0,0.0,2007-09-01,2010-08-21
2,all_only,fused_sp_lrt_delta,freeze,0.0,2.0,19,0.0,0.0,0.0,1.0,2007-09-01,2010-08-21
2,all_only,fused_sp_lrt_delta,freeze,0.25,1.0,19,0.05263157894736842,0.05263157894736842,0.0,0.0,2007-09-01,2010-08-21
2,all_only,fused_sp_lrt_delta,freeze,0.25,2.0,19,0.0,0.0,0.0,1.0,2007-09-01,2010-08-21
2,all_only,fused_sp_lrt_delta,freeze,0.5,1.0,19,0.05263157894736842,0.05263157894736842,0.0,0.0,2007-09-01,2010-08-21
2,all_only,fused_sp_lrt_delta,freeze,0.5,2.0,19,0.0,0.0,0.0,1.0,2007-09-01,2010-08-21
2,all_only,fused_sp_lrt_delta,freeze,0.75,1.0,19,0.05263157894736842,0.05263157894736842,0.0,0.0,2007-09-01,2010-08-21
2,all_only,fused_sp_lrt_delta,freeze,0.75,2.0,19,0.0,0.0,0.0,1.0,2007-09-01,2010-08-21
2,all_only,fused_sp_lrt_delta,freeze,1.0,1.0,19,0.05263157894736842,0.05263157894736842,0.0,0.0,2007-09-01,2010-08-21
2,all_only,fused_sp_lrt_delta,freeze,1.0,2.0,19,0.0,0.0,0.0,1.0,2007-09-01,2010-08-21
2,all_only,max_abs,corr_mix,0.0,1.0,19,0.0,0.0,1.0,0.0,2007-09-01,2010-08-21
2,all_only,max_abs,corr_mix,0.0,2.0,19,0.0,0.0,0.0,0.0,2007-09-01,2010-08-21
2,all_only,max_abs,corr_mix,0.25,1.0,19,0.0,0.0,1.0,0.0,2007-09-01,2010-08-21
2,all_only,max_abs,corr_mix,0.25,2.0,19,0.0,0.0,0.0,0.0,2007-09-01,2010-08-21
2,all_only,max_abs,corr_mix,0.5,1.0,19,0.0,0.0,1.0,0.0,2007-09-01,2010-08-21
2,all_only,max_abs,corr_mix,0.5,2.0,19,0.0,0.0,0.0,0.0,2007-09-01,2010-08-21
2,all_only,max_abs,corr_mix,0.75,1.0,19,0.0,0.0,1.0,0.0,2007-09-01,2010-08-21
2,all_only,max_abs,corr_mix,0.75,2.0,19,0.0,0.0,0.0,0.0,2007-09-01,2010-08-21
2,all_only,max_abs,corr_mix,1.0,1.0,19,0.0,0.0,1.0,0.0,2007-09-01,2010-08-21
2,all_only,max_abs,corr_mix,1.0,2.0,19,0.0,0.0,0.0,0.0,2007-09-01,2010-08-21
2,all_only,max_abs,freeze,0.0,1.0,19,0.0,0.0,1.0,0.0,2007-09-01,2010-08-21
2,all_only,max_abs,freeze,0.0,2.0,19,0.0,0.0,0.0,0.0,2007-09-01,2010-08-21
2,all_only,max_abs,freeze,0.25,1.0,19,0.0,0.0,1.0,0.0,2007-09-01,2010-08-21
2,all_only,max_abs,freeze,0.25,2.0,19,0.0,0.0,0.0,0.0,2007-09-01,2010-08-21
2,all_only,max_abs,freeze,0.5,1.0,19,0.0,0.0,1.0,0.0,2007-09-01,2010-08-21
2,all_only,max_abs,freeze,0.5,2.0,19,0.0,0.0,0.0,0.0,2007-09-01,2010-08-21
2,all_only,max_abs,freeze,0.75,1.0,19,0.0,0.0,1.0,0.0,2007-09-01,2010-08-21
2,all_only,max_abs,freeze,0.75,2.0,19,0.0,0.0,0.0,0.0,2007-09-01,2010-08-21
2,all_only,max_abs,freeze,1.0,1.0,19,0.0,0.0,1.0,0.0,2007-09-01,2010-08-21
2,all_only,max_abs,freeze,1.0,2.0,19,0.0,0.0,0.0,0.0,2007-09-01,2010-08-21
2,all_only,pc_t2,corr_mix,0.0,1.0,19,0.0,0.0,0.0,0.0,2007-09-01,2010-08-21
2,all_only,pc_t2,corr_mix,0.0,2.0,19,0.0,0.0,0.0,0.0,2007-09-01,2010-08-21
2,all_only,pc_t2,corr_mix,0.25,1.0,19,0.0,0.0,0.0,0.0,2007-09-01,2010-08-21
2,all_only,pc_t2,corr_mix,0.25,2.0,19,0.0,0.0,0.0,0.0,2007-09-01,2010-08-21
2,all_only,pc_t2,corr_mix,0.5,1.0,19,0.0,0.0,0.0,0.0,2007-09-01,2010-08-21
2,all_only,pc_t2,corr_mix,0.5,2.0,19,0.0,0.0,0.0,0.0,2007-09-01,2010-08-21
2,all_only,pc_t2,corr_mix,0.75,1.0,19,0.0,0.0,0.0,0.0,2007-09-01,2010-08-21
2,all_only,pc_t2,corr_mix,0.75,2.0,19,0.0,0.0,0.0,0.0,2007-09-01,2010-08-21
2,all_only,pc_t2,corr_mix,1.0,1.0,19,0.0,0.0,0.0,0.0,2007-09-01,2010-08-21
2,all_only,pc_t2,corr_mix,1.0,2.0,19,0.0,0.0,0.0,0.0,2007-09-01,2010-08-21
2,all_only,pc_t2,freeze,0.0,1.0,19,0.0,0.0,0.0,0.0,2007-09-01,2010-08-21
2,all_only,pc_t2,freeze,0.0,2.0,19,0.0,0.0,0.0,0.0,2007-09-01,2010-08-21
2,all_only,pc_t2,freeze,0.25,1.0,19,0.0,0.0,0.0,0.0,2007-09-01,2010-08-21
2,all_only,pc_t2,freeze,0.25,2.0,19,0.0,0.0,0.0,0.0,2007-09-01,2010-08-21
2,all_only,pc_t2,freeze,0.5,1.0,19,0.0,0.0,0.0,0.0,2007-09-01,2010-08-21
2,all_only,pc_t2,freeze,0.5,2.0,19,0.0,0.0,0.0,0.0,2007-09-01,2010-08-21
2,all_only,pc_t2,freeze,0.75,1.0,19,0.0,0.0,0.0,0.0,2007-09-01,2010-08-21
2,all_only,pc_t2,freeze,0.75,2.0,19,0.0,0.0,0.0,0.0,2007-09-01,2010-08-21
2,all_only,pc_t2,freeze,1.0,1.0,19,0.0,0.0,0.0,0.0,2007-09-01,2010-08-21
2,all_only,pc_t2,freeze,1.0,2.0,19,0.0,0.0,0.0,0.0,2007-09-01,2010-08-21
2,all_only,res_energy,corr_mix,0.0,1.0,19,0.10526315789473684,0.10526315789473684,0.0,0.0,2007-09-01,2010-08-21
2,all_only,res_energy,corr_mix,0.0,2.0,19,0.21052631578947367,0.21052631578947367,0.0,0.0,2007-09-01,2010-08-21
2,all_only,res_energy,corr_mix,0.25,1.0,19,0.10526315789473684,0.10526315789473684,0.0,0.0,2007-09-01,2010-08-21
2,all_only,res_energy,corr_mix,0.25,2.0,19,0.21052631578947367,0.21052631578947367,0.0,0.0,2007-09-01,2010-08-21
2,all_only,res_energy,corr_mix,0.5,1.0,19,0.10526315789473684,0.10526315789473684,0.0,0.0,2007-09-01,2010-08-21
2,all_only,res_energy,corr_mix,0.5,2.0,19,0.21052631578947367,0.21052631578947367,0.0,0.0,2007-09-01,2010-08-21
2,all_only,res_energy,corr_mix,0.75,1.0,19,0.10526315789473684,0.10526315789473684,0.0,0.0,2007-09-01,2010-08-21
2,all_only,res_energy,corr_mix,0.75,2.0,19,0.21052631578947367,0.21052631578947367,0.0,0.0,2007-09-01,2010-08-21
2,all_only,res_energy,corr_mix,1.0,1.0,19,0.10526315789473684,0.10526315789473684,0.0,0.0,2007-09-01,2010-08-21
2,all_only,res_energy,corr_mix,1.0,2.0,19,0.21052631578947367,0.21052631578947367,0.0,0.0,2007-09-01,2010-08-21
2,all_only,res_energy,freeze,0.0,1.0,19,0.10526315789473684,0.10526315789473684,0.0,0.0,2007-09-01,2010-08-21
2,all_only,res_energy,freeze,0.0,2.0,19,0.21052631578947367,0.21052631578947367,0.0,0.0,2007-09-01,2010-08-21
2,all_only,res_energy,freeze,0.25,1.0,19,0.10526315789473684,0.10526315789473684,0.0,0.0,2007-09-01,2010-08-21
2,all_only,res_energy,freeze,0.25,2.0,19,0.21052631578947367,0.21052631578947367,0.0,0.0,2007-09-01,2010-08-21
2,all_only,res_energy,freeze,0.5,1.0,19,0.10526315789473684,0.10526315789473684,0.0,0.0,2007-09-01,2010-08-21
2,all_only,res_energy,freeze,0.5,2.0,19,0.21052631578947367,0.21052631578947367,0.0,0.0,2007-09-01,2010-08-21
2,all_only,res_energy,freeze,0.75,1.0,19,0.10526315789473684,0.10526315789473684,0.0,0.0,2007-09-01,2010-08-21
2,all_only,res_energy,freeze,0.75,2.0,19,0.21052631578947367,0.21052631578947367,0.0,0.0,2007-09-01,2010-08-21
2,all_only,res_energy,freeze,1.0,1.0,19,0.10526315789473684,0.10526315789473684,0.0,0.0,2007-09-01,2010-08-21
2,all_only,res_energy,freeze,1.0,2.0,19,0.21052631578947367,0.21052631578947367,0.0,0.0,2007-09-01,2010-08-21
2,all_only,stale,corr_mix,0.0,1.0,19,0.0,0.5789473684210527,0.9473684210526315,1.0,2007-09-01,2010-08-21
2,all_only,stale,corr_mix,0.0,2.0,19,0.0,0.5789473684210527,0.0,1.0,2007-09-01,2010-08-21
2,all_only,stale,corr_mix,0.25,1.0,19,0.0,0.5789473684210527,0.9473684210526315,1.0,2007-09-01,2010-08-21
2,all_only,stale,corr_mix,0.25,2.0,19,0.0,0.5789473684210527,0.0,1.0,2007-09-01,2010-08-21
2,all_only,stale,corr_mix,0.5,1.0,19,0.0,0.5789473684210527,0.9473684210526315,1.0,2007-09-01,2010-08-21
2,all_only,stale,corr_mix,0.5,2.0,19,0.0,0.5789473684210527,0.0,1.0,2007-09-01,2010-08-21
2,all_only,stale,corr_mix,0.75,1.0,19,0.0,0.5789473684210527,0.9473684210526315,1.0,2007-09-01,2010-08-21
2,all_only,stale,corr_mix,0.75,2.0,19,0.0,0.5789473684210527,0.0,1.0,2007-09-01,2010-08-21
2,all_only,stale,corr_mix,1.0,1.0,19,0.0,0.5789473684210527,0.9473684210526315,1.0,2007-09-01,2010-08-21
2,all_only,stale,corr_mix,1.0,2.0,19,0.0,0.5789473684210527,0.0,1.0,2007-09-01,2010-08-21
2,all_only,stale,freeze,0.0,1.0,19,0.0,0.5789473684210527,0.9473684210526315,1.0,2007-09-01,2010-08-21
2,all_only,stale,freeze,0.0,2.0,19,0.0,0.5789473684210527,0.0,1.0,2007-09-01,2010-08-21
2,all_only,stale,freeze,0.25,1.0,19,0.0,0.5789473684210527,0.9473684210526315,1.0,2007-09-01,2010-08-21
2,all_only,stale,freeze,0.25,2.0,19,0.0,0.5789473684210527,0.0,1.0,2007-09-01,2010-08-21
2,all_only,stale,freeze,0.5,1.0,19,0.0,0.5789473684210527,0.9473684210526315,1.0,2007-09-01,2010-08-21
2,all_only,stale,freeze,0.5,2.0,19,0.0,0.5789473684210527,0.0,1.0,2007-09-01,2010-08-21
2,all_only,stale,freeze,0.75,1.0,19,0.0,0.5789473684210527,0.9473684210526315,1.0,2007-09-01,2010-08-21
2,all_only,stale,freeze,0.75,2.0,19,0.0,0.5789473684210527,0.0,1.0,2007-09-01,2010-08-21
2,all_only,stale,freeze,1.0,1.0,19,0.0,0.5789473684210527,0.9473684210526315,1.0,2007-09-01,2010-08-21
2,all_only,stale,freeze,1.0,2.0,19,0.0,0.5789473684210527,0.0,1.0,2007-09-01,2010-08-21
2,full,T2,corr_mix,0.0,1.0,19,0.0,0.0,0.0,0.0,2007-09-01,2010-08-21
2,full,T2,corr_mix,0.0,2.0,19,0.2631578947368421,0.2631578947368421,0.0,0.0,2007-09-01,2010-08-21
2,full,T2,corr_mix,0.25,1.0,19,0.8947368421052632,0.8947368421052632,0.0,0.0,2007-09-01,2010-08-21
2,full,T2,corr_mix,0.25,2.0,19,0.5789473684210527,0.5789473684210527,0.0,0.0,2007-09-01,2010-08-21
2,full,T2,corr_mix,0.5,1.0,19,0.8947368421052632,0.8947368421052632,0.0,0.0,2007-09-01,2010-08-21
2,full,T2,corr_mix,0.5,2.0,19,0.5789473684210527,0.5789473684210527,0.0,0.0,2007-09-01,2010-08-21
2,full,T2,corr_mix,0.75,1.0,19,0.8947368421052632,0.8947368421052632,0.0,0.0,2007-09-01,2010-08-21
2,full,T2,corr_mix,0.75,2.0,19,0.5789473684210527,0.5789473684210527,0.0,0.0,2007-09-01,2010-08-21
2,full,T2,corr_mix,1.0,1.0,19,0.8947368421052632,0.8947368421052632,0.0,0.0,2007-09-01,2010-08-21
2,full,T2,corr_mix,1.0,2.0,19,0.5789473684210527,0.5789473684210527,0.0,0.0,2007-09-01,2010-08-21
2,full,T2,freeze,0.0,1.0,19,0.0,0.0,0.0,0.0,2007-09-01,2010-08-21
2,full,T2,freeze,0.0,2.0,19,0.2631578947368421,0.2631578947368421,0.0,0.0,2007-09-01,2010-08-21
2,full,T2,freeze,0.25,1.0,19,0.0,0.0,0.0,0.0,2007-09-01,2010-08-21
2,full,T2,freeze,0.25,2.0,19,0.10526315789473684,0.10526315789473684,0.0,0.0,2007-09-01,2010-08-21
2,full,T2,freeze,0.5,1.0,19,0.0,0.0,0.0,0.0,2007-09-01,2010-08-21
2,full,T2,freeze,0.5,2.0,19,0.10526315789473684,0.10526315789473684,0.0,0.0,2007-09-01,2010-08-21
2,full,T2,freeze,0.75,1.0,19,0.0,0.0,0.0,0.0,2007-09-01,2010-08-21
2,full,T2,freeze,0.75,2.0,19,0.10526315789473684,0.10526315789473684,0.0,0.0,2007-09-01,2010-08-21
2,full,T2,freeze,1.0,1.0,19,0.0,0.0,0.0,0.0,2007-09-01,2010-08-21
2,full,T2,freeze,1.0,2.0,19,0.10526315789473684,0.10526315789473684,0.0,0.0,2007-09-01,2010-08-21
2,full,cusum_factor_cov_lrt,corr_mix,0.0,1.0,19,0.0,0.15789473684210525,0.9473684210526315,0.0,2007-09-01,2010-08-21
2,full,cusum_factor_cov_lrt,corr_mix,0.0,2.0,19,0.15789473684210525,0.15789473684210525,0.0,0.0,2007-09-01,2010-08-21
2,full,cusum_factor_cov_lrt,corr_mix,0.25,1.0,19,0.0,0.2631578947368421,0.9473684210526315,0.0,2007-09-01,2010-08-21
2,full,cusum_factor_cov_lrt,corr_mix,0.25,2.0,19,0.3157894736842105,0.3157894736842105,0.0,0.0,2007-09-01,2010-08-21
2,full,cusum_factor_cov_lrt,corr_mix,0.5,1.0,19,0.0,0.15789473684210525,0.9473684210526315,0.0,2007-09-01,2010-08-21
2,full,cusum_factor_cov_lrt,corr_mix,0.5,2.0,19,0.15789473684210525,0.15789473684210525,0.0,0.0,2007-09-01,2010-08-21
2,full,cusum_factor_cov_lrt,corr_mix,0.75,1.0,19,0.0,0.21052631578947367,0.9473684210526315,0.0,2007-09-01,2010-08-21
2,full,cusum_factor_cov_lrt,corr_mix,0.75,2.0,19,0.15789473684210525,0.15789473684210525,0.0,0.0,2007-09-01,2010-08-21
2,full,cusum_factor_cov_lrt,corr_mix,1.0,1.0,19,0.0,0.15789473684210525,0.9473684210526315,0.0,2007-09-01,2010-08-21
2,full,cusum_factor_cov_lrt,corr_mix,1.0,2.0,19,0.15789473684210525,0.15789473684210525,0.0,0.0,2007-09-01,2010-08-21
2,full,cusum_factor_cov_lrt,freeze,0.0,1.0,19,0.0,0.15789473684210525,0.9473684210526315,0.0,2007-09-01,2010-08-21
2,full,cusum_factor_cov_lrt,freeze,0.0,2.0,19,0.15789473684210525,0.15789473684210525,0.0,0.0,2007-09-01,2010-08-21
2,full,cusum_factor_cov_lrt,freeze,0.25,1.0,19,0.0,0.3157894736842105,0.9473684210526315,0.0,2007-09-01,2010-08-21
2,full,cusum_factor_cov_lrt,freeze,0.25,2.0,19,0.2631578947368421,0.2631578947368421,0.0,0.0,2007-09-01,2010-08-21
2,full,cusum_factor_cov_lrt,freeze,0.5,1.0,19,0.0,0.2631578947368421,0.9473684210526315,0.0,2007-09-01,2010-08-21
2,full,cusum_factor_cov_lrt,freeze,0.5,2.0,19,0.2631578947368421,0.2631578947368421,0.0,0.0,2007-09-01,2010-08-21
2,full,cusum_factor_cov_lrt,freeze,0.75,1.0,19,0.0,0.3157894736842105,0.9473684210526315,0.0,2007-09-01,2010-08-21
2,full,cusum_factor_cov_lrt,freeze,0.75,2.0,19,0.21052631578947367,0.21052631578947367,0.0,0.0,2007-09-01,2010-08-21
2,full,cusum_factor_cov_lrt,freeze,1.0,1.0,19,0.0,0.5789473684210527,0.9473684210526315,0.0,2007-09-01,2010-08-21
2,full,cusum_factor_cov_lrt,freeze,1.0,2.0,19,0.3684210526315789,0.3684210526315789,0.0,0.0,2007-09-01,2010-08-21
2,full,ewma_factor_cov_lrt,corr_mix,0.0,1.0,19,0.05263157894736842,0.05263157894736842,0.0,0.0,2007-09-01,2010-08-21
2,full,ewma_factor_cov_lrt,corr_mix,0.0,2.0,19,0.0,0.05263157894736842,0.0,1.0,2007-09-01,2010-08-21
2,full,ewma_factor_cov_lrt,corr_mix,0.25,1.0,19,0.05263157894736842,0.05263157894736842,0.0,0.0,2007-09-01,2010-08-21
2,full,ewma_factor_cov_lrt,corr_mix,0.25,2.0,19,0.0,0.05263157894736842,0.0,1.0,2007-09-01,2010-08-21
2,full,ewma_factor_cov_lrt,corr_mix,0.5,1.0,19,0.05263157894736842,0.05263157894736842,0.0,0.0,2007-09-01,2010-08-21
2,full,ewma_factor_cov_lrt,corr_mix,0.5,2.0,19,0.0,0.05263157894736842,0.0,1.0,2007-09-01,2010-08-21
2,full,ewma_factor_cov_lrt,corr_mix,0.75,1.0,19,0.05263157894736842,0.05263157894736842,0.0,0.0,2007-09-01,2010-08-21
2,full,ewma_factor_cov_lrt,corr_mix,0.75,2.0,19,0.0,0.05263157894736842,0.0,1.0,2007-09-01,2010-08-21
2,full,ewma_factor_cov_lrt,corr_mix,1.0,1.0,19,0.05263157894736842,0.05263157894736842,0.0,0.0,2007-09-01,2010-08-21
2,full,ewma_factor_cov_lrt,corr_mix,1.0,2.0,19,0.0,0.05263157894736842,0.0,1.0,2007-09-01,2010-08-21
2,full,ewma_factor_cov_lrt,freeze,0.0,1.0,19,0.05263157894736842,0.05263157894736842,0.0,0.0,2007-09-01,2010-08-21
2,full,ewma_factor_cov_lrt,freeze,0.0,2.0,19,0.0,0.05263157894736842,0.0,1.0,2007-09-01,2010-08-21
2,full,ewma_factor_cov_lrt,freeze,0.25,1.0,19,0.05263157894736842,0.05263157894736842,0.0,0.0,2007-09-01,2010-08-21
2,full,ewma_factor_cov_lrt,freeze,0.25,2.0,19,0.0,0.05263157894736842,0.0,1.0,2007-09-01,2010-08-21
2,full,ewma_factor_cov_lrt,freeze,0.5,1.0,19,0.05263157894736842,0.05263157894736842,0.0,0.0,2007-09-01,2010-08-21
2,full,ewma_factor_cov_lrt,freeze,0.5,2.0,19,0.0,0.05263157894736842,0.0,1.0,2007-09-01,2010-08-21
2,full,ewma_factor_cov_lrt,freeze,0.75,1.0,19,0.05263157894736842,0.05263157894736842,0.0,0.0,2007-09-01,2010-08-21
2,full,ewma_factor_cov_lrt,freeze,0.75,2.0,19,0.0,0.05263157894736842,0.0,1.0,2007-09-01,2010-08-21
2,full,ewma_factor_cov_lrt,freeze,1.0,1.0,19,0.05263157894736842,0.05263157894736842,0.0,0.0,2007-09-01,2010-08-21
2,full,ewma_factor_cov_lrt,freeze,1.0,2.0,19,0.0,0.05263157894736842,0.0,1.0,2007-09-01,2010-08-21
2,full,factor_cov_change,corr_mix,0.0,1.0,19,0.0,0.21052631578947367,1.0,0.0,2007-09-01,2010-08-21
2,full,factor_cov_change,corr_mix,0.0,2.0,19,0.21052631578947367,0.21052631578947367,0.0,0.0,2007-09-01,2010-08-21
2,full,factor_cov_change,corr_mix,0.25,1.0,19,0.0,0.21052631578947367,1.0,0.0,2007-09-01,2010-08-21
2,full,factor_cov_change,corr_mix,0.25,2.0,19,0.21052631578947367,0.21052631578947367,0.0,0.0,2007-09-01,2010-08-21
2,full,factor_cov_change,corr_mix,0.5,1.0,19,0.0,0.21052631578947367,1.0,0.0,2007-09-01,2010-08-21
2,full,factor_cov_change,corr_mix,0.5,2.0,19,0.21052631578947367,0.21052631578947367,0.0,0.0,2007-09-01,2010-08-21
2,full,factor_cov_change,corr_mix,0.75,1.0,19,0.0,0.21052631578947367,1.0,0.0,2007-09-01,2010-08-21
2,full,factor_cov_change,corr_mix,0.75,2.0,19,0.21052631578947367,0.21052631578947367,0.0,0.0,2007-09-01,2010-08-21
2,full,factor_cov_change,corr_mix,1.0,1.0,19,0.0,0.15789473684210525,1.0,0.0,2007-09-01,2010-08-21
2,full,factor_cov_change,corr_mix,1.0,2.0,19,0.15789473684210525,0.15789473684210525,0.0,0.0,2007-09-01,2010-08-21
2,full,factor_cov_change,freeze,0.0,1.0,19,0.0,0.21052631578947367,1.0,0.0,2007-09-01,2010-08-21
2,full,factor_cov_change,freeze,0.0,2.0,19,0.21052631578947367,0.21052631578947367,0.0,0.0,2007-09-01,2010-08-21
2,full,factor_cov_change,freeze,0.25,1.0,19,0.0,0.05263157894736842,1.0,0.0,2007-09-01,2010-08-21
2,full,factor_cov_change,freeze,0.25,2.0,19,0.15789473684210525,0.15789473684210525,0.0,0.0,2007-09-01,2010-08-21
2,full,factor_cov_change,freeze,0.5,1.0,19,0.0,0.05263157894736842,1.0,0.0,2007-09-01,2010-08-21
2,full,factor_cov_change,freeze,0.5,2.0,19,0.15789473684210525,0.15789473684210525,0.0,0.0,2007-09-01,2010-08-21
2,full,factor_cov_change,freeze,0.75,1.0,19,0.0,0.05263157894736842,1.0,0.0,2007-09-01,2010-08-21
2,full,factor_cov_change,freeze,0.75,2.0,19,0.15789473684210525,0.15789473684210525,0.0,0.0,2007-09-01,2010-08-21
2,full,factor_cov_change,freeze,1.0,1.0,19,0.0,0.05263157894736842,1.0,0.0,2007-09-01,2010-08-21
2,full,factor_cov_change,freeze,1.0,2.0,19,0.15789473684210525,0.15789473684210525,0.0,0.0,2007-09-01,2010-08-21
2,full,factor_cov_delta,corr_mix,0.0,1.0,19,0.0,0.0,0.2631578947368421,0.0,2007-09-01,2010-08-21
2,full,factor_cov_delta,corr_mix,0.0,2.0,19,0.05263157894736842,0.05263157894736842,0.0,0.0,2007-09-01,2010-08-21
2,full,factor_cov_delta,corr_mix,0.25,1.0,19,0.0,0.0,0.2631578947368421,0.0,2007-09-01,2010-08-21
2,full,factor_cov_delta,corr_mix,0.25,2.0,19,0.05263157894736842,0.05263157894736842,0.0,0.0,2007-09-01,2010-08-21
2,full,factor_cov_delta,corr_mix,0.5,1.0,19,0.0,0.0,0.2631578947368421,0.0,2007-09-01,2010-08-21
2,full,factor_cov_delta,corr_mix,0.5,2.0,19,0.05263157894736842,0.05263157894736842,0.0,0.0,2007-09-01,2010-08-21
2,full,factor_cov_delta,corr_mix,0.75,1.0,19,0.0,0.0,0.2631578947368421,0.0,2007-09-01,2010-08-21
2,full,factor_cov_delta,corr_mix,0.75,2.0,19,0.05263157894736842,0.05263157894736842,0.0,0.0,2007-09-01,2010-08-21
2,full,factor_cov_delta,corr_mix,1.0,1.0,19,0.0,0.0,0.2631578947368421,0.0,2007-09-01,2010-08-21
2,full,factor_cov_delta,corr_mix,1.0,2.0,19,0.05263157894736842,0.05263157894736842,0.0,0.0,2007-09-01,2010-08-21
2,full,factor_cov_delta,freeze,0.0,1.0,19,0.0,0.0,0.2631578947368421,0.0,2007-09-01,2010-08-21
2,full,factor_cov_delta,freeze,0.0,2.0,19,0.05263157894736842,0.05263157894736842,0.0,0.0,2007-09-01,2010-08-21
2,full,factor_cov_delta,freeze,0.25,1.0,19,0.0,0.0,0.2631578947368421,0.0,2007-09-01,2010-08-21
2,full,factor_cov_delta,freeze,0.25,2.0,19,0.05263157894736842,0.05263157894736842,0.0,0.0,2007-09-01,2010-08-21
2,full,factor_cov_delta,freeze,0.5,1.0,19,0.0,0.0,0.2631578947368421,0.0,2007-09-01,2010-08-21
2,full,factor_cov_delta,freeze,0.5,2.0,19,0.05263157894736842,0.05263157894736842,0.0,0.0,2007-09-01,2010-08-21
2,full,factor_cov_delta,freeze,0.75,1.0,19,0.0,0.0,0.2631578947368421,0.0,2007-09-01,2010-08-21
2,full,factor_cov_delta,freeze,0.75,2.0,19,0.05263157894736842,0.05263157894736842,0.0,0.0,2007-09-01,2010-08-21
2,full,factor_cov_delta,freeze,1.0,1.0,19,0.0,0.0,0.2631578947368421,0.0,2007-09-01,2010-08-21
2,full,factor_cov_delta,freeze,1.0,2.0,19,0.05263157894736842,0.05263157894736842,0.0,0.0,2007-09-01,2010-08-21
2,full,factor_cov_lrt,corr_mix,0.0,1.0,19,0.05263157894736842,0.05263157894736842,0.0,0.0,2007-09-01,2010-08-21
2,full,factor_cov_lrt,corr_mix,0.0,2.0,19,0.15789473684210525,0.15789473684210525,0.0,0.0,2007-09-01,2010-08-21
2,full,factor_cov_lrt,corr_mix,0.25,1.0,19,0.0,0.0,0.0,0.0,2007-09-01,2010-08-21
2,full,factor_cov_lrt,corr_mix,0.25,2.0,19,0.2631578947368421,0.2631578947368421,0.0,0.0,2007-09-01,2010-08-21
2,full,factor_cov_lrt,corr_mix,0.5,1.0,19,0.0,0.0,0.0,0.0,2007-09-01,2010-08-21
2,full,factor_cov_lrt,corr_mix,0.5,2.0,19,0.21052631578947367,0.21052631578947367,0.0,0.0,2007-09-01,2010-08-21
2,full,factor_cov_lrt,corr_mix,0.75,1.0,19,0.0,0.0,0.0,0.0,2007-09-01,2010-08-21
2,full,factor_cov_lrt,corr_mix,0.75,2.0,19,0.15789473684210525,0.15789473684210525,0.0,0.0,2007-09-01,2010-08-21
2,full,factor_cov_lrt,corr_mix,1.0,1.0,19,0.0,0.0,0.0,0.0,2007-09-01,2010-08-21
2,full,factor_cov_lrt,corr_mix,1.0,2.0,19,0.21052631578947367,0.21052631578947367,0.0,0.0,2007-09-01,2010-08-21
2,full,factor_cov_lrt,freeze,0.0,1.0,19,0.05263157894736842,0.05263157894736842,0.0,0.0,2007-09-01,2010-08-21
2,full,factor_cov_lrt,freeze,0.0,2.0,19,0.15789473684210525,0.15789473684210525,0.0,0.0,2007-09-01,2010-08-21
2,full,factor_cov_lrt,freeze,0.25,1.0,19,0.10526315789473684,0.10526315789473684,0.0,0.0,2007-09-01,2010-08-21
2,full,factor_cov_lrt,freeze,0.25,2.0,19,0.21052631578947367,0.21052631578947367,0.0,0.0,2007-09-01,2010-08-21
2,full,factor_cov_lrt,freeze,0.5,1.0,19,0.10526315789473684,0.10526315789473684,0.0,0.0,2007-09-01,2010-08-21
2,full,factor_cov_lrt,freeze,0.5,2.0,19,0.21052631578947367,0.21052631578947367,0.0,0.0,2007-09-01,2010-08-21
2,full,factor_cov_lrt,freeze,0.75,1.0,19,0.10526315789473684,0.10526315789473684,0.0,0.0,2007-09-01,2010-08-21
2,full,factor_cov_lrt,freeze,0.75,2.0,19,0.21052631578947367,0.21052631578947367,0.0,0.0,2007-09-01,2010-08-21
2,full,factor_cov_lrt,freeze,1.0,1.0,19,0.5263157894736842,0.5263157894736842,0.0,0.0,2007-09-01,2010-08-21
2,full,factor_cov_lrt,freeze,1.0,2.0,19,0.3157894736842105,0.3157894736842105,0.0,0.0,2007-09-01,2010-08-21
2,full,factor_cov_lrt_delta,corr_mix,0.0,1.0,19,0.05263157894736842,0.05263157894736842,0.0,0.0,2007-09-01,2010-08-21
2,full,factor_cov_lrt_delta,corr_mix,0.0,2.0,19,0.0,0.05263157894736842,0.0,1.0,2007-09-01,2010-08-21
2,full,factor_cov_lrt_delta,corr_mix,0.25,1.0,19,0.05263157894736842,0.05263157894736842,0.0,0.0,2007-09-01,2010-08-21
2,full,factor_cov_lrt_delta,corr_mix,0.25,2.0,19,0.0,0.05263157894736842,0.0,1.0,2007-09-01,2010-08-21
2,full,factor_cov_lrt_delta,corr_mix,0.5,1.0,19,0.05263157894736842,0.05263157894736842,0.0,0.0,2007-09-01,2010-08-21
2,full,factor_cov_lrt_delta,corr_mix,0.5,2.0,19,0.0,0.05263157894736842,0.0,1.0,2007-09-01,2010-08-21
2,full,factor_cov_lrt_delta,corr_mix,0.75,1.0,19,0.0,0.0,0.0,0.0,2007-09-01,2010-08-21
2,full,factor_cov_lrt_delta,corr_mix,0.75,2.0,19,0.0,0.0,0.0,1.0,2007-09-01,2010-08-21
2,full,factor_cov_lrt_delta,corr_mix,1.0,1.0,19,0.0,0.0,0.0,0.0,2007-09-01,2010-08-21
2,full,factor_cov_lrt_delta,corr_mix,1.0,2.0,19,0.0,0.0,0.0,1.0,2007-09-01,2010-08-21
2,full,factor_cov_lrt_delta,freeze,0.0,1.0,19,0.05263157894736842,0.05263157894736842,0.0,0.0,2007-09-01,2010-08-21
2,full,factor_cov_lrt_delta,freeze,0.0,2.0,19,0.0,0.05263157894736842,0.0,1.0,2007-09-01,2010-08-21
2,full,factor_cov_lrt_delta,freeze,0.25,1.0,19,0.05263157894736842,0.05263157894736842,0.0,0.0,2007-09-01,2010-08-21
2,full,factor_cov_lrt_delta,freeze,0.25,2.0,19,0.0,0.05263157894736842,0.0,1.0,2007-09-01,2010-08-21
2,full,factor_cov_lrt_delta,freeze,0.5,1.0,19,0.05263157894736842,0.05263157894736842,0.0,0.0,2007-09-01,2010-08-21
2,full,factor_cov_lrt_delta,freeze,0.5,2.0,19,0.0,0.0,0.0,1.0,2007-09-01,2010-08-21
2,full,factor_cov_lrt_delta,freeze,0.75,1.0,19,0.05263157894736842,0.05263157894736842,0.0,0.0,2007-09-01,2010-08-21
2,full,factor_cov_lrt_delta,freeze,0.75,2.0,19,0.0,0.0,0.0,1.0,2007-09-01,2010-08-21
2,full,factor_cov_lrt_delta,freeze,1.0,1.0,19,0.05263157894736842,0.05263157894736842,0.0,0.0,2007-09-01,2010-08-21
2,full,factor_cov_lrt_delta,freeze,1.0,2.0,19,0.0,0.05263157894736842,0.0,1.0,2007-09-01,2010-08-21
2,full,fused_fisher,corr_mix,0.0,1.0,19,0.05263157894736842,0.05263157894736842,0.0,0.0,2007-09-01,2010-08-21
2,full,fused_fisher,corr_mix,0.0,2.0,19,0.15789473684210525,0.15789473684210525,0.0,0.0,2007-09-01,2010-08-21
2,full,fused_fisher,corr_mix,0.25,1.0,19,0.05263157894736842,0.05263157894736842,0.0,0.0,2007-09-01,2010-08-21
2,full,fused_fisher,corr_mix,0.25,2.0,19,0.15789473684210525,0.15789473684210525,0.0,0.0,2007-09-01,2010-08-21
2,full,fused_fisher,corr_mix,0.5,1.0,19,0.05263157894736842,0.05263157894736842,0.0,0.0,2007-09-01,2010-08-21
2,full,fused_fisher,corr_mix,0.5,2.0,19,0.2631578947368421,0.2631578947368421,0.0,0.0,2007-09-01,2010-08-21
2,full,fused_fisher,corr_mix,0.75,1.0,19,0.15789473684210525,0.15789473684210525,0.0,0.0,2007-09-01,2010-08-21
2,full,fused_fisher,corr_mix,0.75,2.0,19,0.3684210526315789,0.3684210526315789,0.0,0.0,2007-09-01,2010-08-21
2,full,fused_fisher,corr_mix,1.0,1.0,19,0.15789473684210525,0.15789473684210525,0.0,0.0,2007-09-01,2010-08-21
2,full,fused_fisher,corr_mix,1.0,2.0,19,0.3684210526315789,0.3684210526315789,0.0,0.0,2007-09-01,2010-08-21
2,full,fused_fisher,freeze,0.0,1.0,19,0.05263157894736842,0.05263157894736842,0.0,0.0,2007-09-01,2010-08-21
2,full,fused_fisher,freeze,0.0,2.0,19,0.15789473684210525,0.15789473684210525,0.0,0.0,2007-09-01,2010-08-21
2,full,fused_fisher,freeze,0.25,1.0,19,0.0,0.0,0.0,0.0,2007-09-01,2010-08-21
2,full,fused_fisher,freeze,0.25,2.0,19,0.15789473684210525,0.15789473684210525,0.0,0.0,2007-09-01,2010-08-21
2,full,fused_fisher,freeze,0.5,1.0,19,0.0,0.0,0.0,0.0,2007-09-01,2010-08-21
2,full,fused_fisher,freeze,0.5,2.0,19,0.15789473684210525,0.15789473684210525,0.0,0.0,2007-09-01,2010-08-21
2,full,fused_fisher,freeze,0.75,1.0,19,0.0,0.0,0.0,0.0,2007-09-01,2010-08-21
2,full,fused_fisher,freeze,0.75,2.0,19,0.15789473684210525,0.15789473684210525,0.0,0.0,2007-09-01,2010-08-21
2,full,fused_fisher,freeze,1.0,1.0,19,0.0,0.0,0.0,0.0,2007-09-01,2010-08-21
2,full,fused_fisher,freeze,1.0,2.0,19,0.15789473684210525,0.15789473684210525,0.0,0.0,2007-09-01,2010-08-21
2,full,fused_fisher_lrt_delta,corr_mix,0.0,1.0,19,0.10526315789473684,0.10526315789473684,0.0,0.0,2007-09-01,2010-08-21
2,full,fused_fisher_lrt_delta,corr_mix,0.0,2.0,19,0.3157894736842105,0.3157894736842105,0.0,0.0,2007-09-01,2010-08-21
2,full,fused_fisher_lrt_delta,corr_mix,0.25,1.0,19,0.15789473684210525,0.15789473684210525,0.0,0.0,2007-09-01,2010-08-21
2,full,fused_fisher_lrt_delta,corr_mix,0.25,2.0,19,0.42105263157894735,0.42105263157894735,0.0,0.0,2007-09-01,2010-08-21
2,full,fused_fisher_lrt_delta,corr_mix,0.5,1.0,19,0.21052631578947367,0.21052631578947367,0.0,0.0,2007-09-01,2010-08-21
2,full,fused_fisher_lrt_delta,corr_mix,0.5,2.0,19,0.3157894736842105,0.3157894736842105,0.0,0.0,2007-09-01,2010-08-21
2,full,fused_fisher_lrt_delta,corr_mix,0.75,1.0,19,0.3684210526315789,0.3684210526315789,0.0,0.0,2007-09-01,2010-08-21
2,full,fused_fisher_lrt_delta,corr_mix,0.75,2.0,19,0.42105263157894735,0.42105263157894735,0.0,0.0,2007-09-01,2010-08-21
2,full,fused_fisher_lrt_delta,corr_mix,1.0,1.0,19,0.3157894736842105,0.3157894736842105,0.0,0.0,2007-09-01,2010-08-21
2,full,fused_fisher_lrt_delta,corr_mix,1.0,2.0,19,0.42105263157894735,0.42105263157894735,0.0,0.0,2007-09-01,2010-08-21
2,full,fused_fisher_lrt_delta,freeze,0.0,1.0,19,0.10526315789473684,0.10526315789473684,0.0,0.0,2007-09-01,2010-08-21
2,full,fused_fisher_lrt_delta,freeze,0.0,2.0,19,0.3157894736842105,0.3157894736842105,0.0,0.0,2007-09-01,2010-08-21
2,full,fused_fisher_lrt_delta,freeze,0.25,1.0,19,0.10526315789473684,0.10526315789473684,0.0,0.0,2007-09-01,2010-08-21
2,full,fused_fisher_lrt_delta,freeze,0.25,2.0,19,0.3684210526315789,0.3684210526315789,0.0,0.0,2007-09-01,2010-08-21
2,full,fused_fisher_lrt_delta,freeze,0.5,1.0,19,0.0,0.0,0.0,0.0,2007-09-01,2010-08-21
2,full,fused_fisher_lrt_delta,freeze,0.5,2.0,19,0.15789473684210525,0.15789473684210525,0.0,0.0,2007-09-01,2010-08-21
2,full,fused_fisher_lrt_delta,freeze,0.75,1.0,19,0.0,0.0,0.0,0.0,2007-09-01,2010-08-21
2,full,fused_fisher_lrt_delta,freeze,0.75,2.0,19,0.15789473684210525,0.15789473684210525,0.0,0.0,2007-09-01,2010-08-21
2,full,fused_fisher_lrt_delta,freeze,1.0,1.0,19,0.0,0.0,0.0,0.0,2007-09-01,2010-08-21
2,full,fused_fisher_lrt_delta,freeze,1.0,2.0,19,0.10526315789473684,0.10526315789473684,0.0,0.0,2007-09-01,2010-08-21
2,full,fused_sp,corr_mix,0.0,1.0,19,0.10526315789473684,0.10526315789473684,0.0,0.0,2007-09-01,2010-08-21
2,full,fused_sp,corr_mix,0.0,2.0,19,0.0,0.15789473684210525,0.0,0.9473684210526315,2007-09-01,2010-08-21
2,full,fused_sp,corr_mix,0.25,1.0,19,0.10526315789473684,0.10526315789473684,0.0,0.0,2007-09-01,2010-08-21
2,full,fused_sp,corr_mix,0.25,2.0,19,0.0,0.2631578947368421,0.0,0.9473684210526315,2007-09-01,2010-08-21
2,full,fused_sp,corr_mix,0.5,1.0,19,0.3684210526315789,0.3684210526315789,0.0,0.0,2007-09-01,2010-08-21
2,full,fused_sp,corr_mix,0.5,2.0,19,0.0,0.3157894736842105,0.0,0.9473684210526315,2007-09-01,2010-08-21
2,full,fused_sp,corr_mix,0.75,1.0,19,0.5263157894736842,0.5263157894736842,0.0,0.0,2007-09-01,2010-08-21
2,full,fused_sp,corr_mix,0.75,2.0,19,0.0,0.3157894736842105,0.0,0.9473684210526315,2007-09-01,2010-08-21
2,full,fused_sp,corr_mix,1.0,1.0,19,0.5263157894736842,0.5263157894736842,0.0,0.0,2007-09-01,2010-08-21
2,full,fused_sp,corr_mix,1.0,2.0,19,0.0,0.3157894736842105,0.0,0.9473684210526315,2007-09-01,2010-08-21
2,full,fused_sp,freeze,0.0,1.0,19,0.10526315789473684,0.10526315789473684,0.0,0.0,2007-09-01,2010-08-21
2,full,fused_sp,freeze,0.0,2.0,19,0.0,0.15789473684210525,0.0,0.9473684210526315,2007-09-01,2010-08-21
2,full,fused_sp,freeze,0.25,1.0,19,0.10526315789473684,0.10526315789473684,0.0,0.0,2007-09-01,2010-08-21
2,full,fused_sp,freeze,0.25,2.0,19,0.0,0.15789473684210525,0.0,0.9473684210526315,2007-09-01,2010-08-21
2,full,fused_sp,freeze,0.5,1.0,19,0.10526315789473684,0.10526315789473684,0.0,0.0,2007-09-01,2010-08-21
2,full,fused_sp,freeze,0.5,2.0,19,0.0,0.15789473684210525,0.0,0.9473684210526315,2007-09-01,2010-08-21
2,full,fused_sp,freeze,0.75,1.0,19,0.0,0.0,0.0,0.0,2007-09-01,2010-08-21
2,full,fused_sp,freeze,0.75,2.0,19,0.0,0.15789473684210525,0.0,0.9473684210526315,2007-09-01,2010-08-21
2,full,fused_sp,freeze,1.0,1.0,19,0.05263157894736842,0.05263157894736842,0.0,0.0,2007-09-01,2010-08-21
2,full,fused_sp,freeze,1.0,2.0,19,0.0,0.15789473684210525,0.0,0.9473684210526315,2007-09-01,2010-08-21
2,full,fused_sp_lrt_delta,corr_mix,0.0,1.0,19,0.0,0.0,0.0,0.0,2007-09-01,2010-08-21
2,full,fused_sp_lrt_delta,corr_mix,0.0,2.0,19,0.10526315789473684,0.21052631578947367,0.0,0.6842105263157895,2007-09-01,2010-08-21
2,full,fused_sp_lrt_delta,corr_mix,0.25,1.0,19,0.0,0.0,0.0,0.0,2007-09-01,2010-08-21
2,full,fused_sp_lrt_delta,corr_mix,0.25,2.0,19,0.10526315789473684,0.21052631578947367,0.0,0.6842105263157895,2007-09-01,2010-08-21
2,full,fused_sp_lrt_delta,corr_mix,0.5,1.0,19,0.0,0.0,0.0,0.0,2007-09-01,2010-08-21
2,full,fused_sp_lrt_delta,corr_mix,0.5,2.0,19,0.10526315789473684,0.2631578947368421,0.0,0.6842105263157895,2007-09-01,2010-08-21
2,full,fused_sp_lrt_delta,corr_mix,0.75,1.0,19,0.0,0.0,0.0,0.0,2007-09-01,2010-08-21
2,full,fused_sp_lrt_delta,corr_mix,0.75,2.0,19,0.10526315789473684,0.21052631578947367,0.0,0.6842105263157895,2007-09-01,2010-08-21
2,full,fused_sp_lrt_delta,corr_mix,1.0,1.0,19,0.0,0.0,0.0,0.0,2007-09-01,2010-08-21
2,full,fused_sp_lrt_delta,corr_mix,1.0,2.0,19,0.10526315789473684,0.15789473684210525,0.0,0.6842105263157895,2007-09-01,2010-08-21
2,full,fused_sp_lrt_delta,freeze,0.0,1.0,19,0.0,0.0,0.0,0.0,2007-09-01,2010-08-21
2,full,fused_sp_lrt_delta,freeze,0.0,2.0,19,0.10526315789473684,0.21052631578947367,0.0,0.6842105263157895,2007-09-01,2010-08-21
2,full,fused_sp_lrt_delta,freeze,0.25,1.0,19,0.05263157894736842,0.05263157894736842,0.0,0.0,2007-09-01,2010-08-21
2,full,fused_sp_lrt_delta,freeze,0.25,2.0,19,0.10526315789473684,0.2631578947368421,0.0,0.6842105263157895,2007-09-01,2010-08-21
2,full,fused_sp_lrt_delta,freeze,0.5,1.0,19,0.05263157894736842,0.05263157894736842,0.0,0.0,2007-09-01,2010-08-21
2,full,fused_sp_lrt_delta,freeze,0.5,2.0,19,0.10526315789473684,0.21052631578947367,0.0,0.6842105263157895,2007-09-01,2010-08-21
2,full,fused_sp_lrt_delta,freeze,0.75,1.0,19,0.05263157894736842,0.05263157894736842,0.0,0.0,2007-09-01,2010-08-21
2,full,fused_sp_lrt_delta,freeze,0.75,2.0,19,0.10526315789473684,0.21052631578947367,0.0,0.6842105263157895,2007-09-01,2010-08-21
2,full,fused_sp_lrt_delta,freeze,1.0,1.0,19,0.0,0.0,0.0,0.0,2007-09-01,2010-08-21
2,full,fused_sp_lrt_delta,freeze,1.0,2.0,19,0.10526315789473684,0.21052631578947367,0.0,0.6842105263157895,2007-09-01,2010-08-21
2,full,max_abs,corr_mix,0.0,1.0,19,0.15789473684210525,0.15789473684210525,0.5789473684210527,0.0,2007-09-01,2010-08-21
2,full,max_abs,corr_mix,0.0,2.0,19,0.05263157894736842,0.2631578947368421,0.0,0.8421052631578947,2007-09-01,2010-08-21
2,full,max_abs,corr_mix,0.25,1.0,19,0.15789473684210525,0.15789473684210525,0.5789473684210527,0.0,2007-09-01,2010-08-21
2,full,max_abs,corr_mix,0.25,2.0,19,0.05263157894736842,0.15789473684210525,0.0,0.8421052631578947,2007-09-01,2010-08-21
2,full,max_abs,corr_mix,0.5,1.0,19,0.0,0.0,0.5789473684210527,0.0,2007-09-01,2010-08-21
2,full,max_abs,corr_mix,0.5,2.0,19,0.05263157894736842,0.15789473684210525,0.0,0.8421052631578947,2007-09-01,2010-08-21
2,full,max_abs,corr_mix,0.75,1.0,19,0.0,0.0,0.5789473684210527,0.0,2007-09-01,2010-08-21
2,full,max_abs,corr_mix,0.75,2.0,19,0.05263157894736842,0.15789473684210525,0.0,0.8421052631578947,2007-09-01,2010-08-21
2,full,max_abs,corr_mix,1.0,1.0,19,0.05263157894736842,0.05263157894736842,0.5789473684210527,0.0,2007-09-01,2010-08-21
2,full,max_abs,corr_mix,1.0,2.0,19,0.05263157894736842,0.15789473684210525,0.0,0.8421052631578947,2007-09-01,2010-08-21
2,full,max_abs,freeze,0.0,1.0,19,0.15789473684210525,0.15789473684210525,0.5789473684210527,0.0,2007-09-01,2010-08-21
2,full,max_abs,freeze,0.0,2.0,19,0.05263157894736842,0.2631578947368421,0.0,0.8421052631578947,2007-09-01,2010-08-21
2,full,max_abs,freeze,0.25,1.0,19,0.15789473684210525,0.15789473684210525,0.5789473684210527,0.0,2007-09-01,2010-08-21
2,full,max_abs,freeze,0.25,2.0,19,0.05263157894736842,0.15789473684210525,0.0,0.8421052631578947,2007-09-01,2010-08-21
2,full,max_abs,freeze,0.5,1.0,19,0.05263157894736842,0.05263157894736842,0.5789473684210527,0.0,2007-09-01,2010-08-21
2,full,max_abs,freeze,0.5,2.0,19,0.05263157894736842,0.15789473684210525,0.0,0.8421052631578947,2007-09-01,2010-08-21
2,full,max_abs,freeze,0.75,1.0,19,0.0,0.0,0.5789473684210527,0.0,2007-09-01,2010-08-21
2,full,max_abs,freeze,0.75,2.0,19,0.05263157894736842,0.15789473684210525,0.0,0.8421052631578947,2007-09-01,2010-08-21
2,full,max_abs,freeze,1.0,1.0,19,0.0,0.0,0.5789473684210527,0.0,2007-09-01,2010-08-21
2,full,max_abs,freeze,1.0,2.0,19,0.05263157894736842,0.15789473684210525,0.0,0.8421052631578947,2007-09-01,2010-08-21
2,full,pc_t2,corr_mix,0.0,1.0,19,0.05263157894736842,0.05263157894736842,0.0,0.0,2007-09-01,2010-08-21
2,full,pc_t2,corr_mix,0.0,2.0,19,0.15789473684210525,0.42105263157894735,0.0,0.7368421052631579,2007-09-01,2010-08-21
2,full,pc_t2,corr_mix,0.25,1.0,19,0.05263157894736842,0.05263157894736842,0.0,0.0,2007-09-01,2010-08-21
2,full,pc_t2,corr_mix,0.25,2.0,19,0.15789473684210525,0.3684210526315789,0.0,0.7368421052631579,2007-09-01,2010-08-21
2,full,pc_t2,corr_mix,0.5,1.0,19,0.05263157894736842,0.05263157894736842,0.0,0.0,2007-09-01,2010-08-21
2,full,pc_t2,corr_mix,0.5,2.0,19,0.15789473684210525,0.42105263157894735,0.0,0.7368421052631579,2007-09-01,2010-08-21
2,full,pc_t2,corr_mix,0.75,1.0,19,0.05263157894736842,0.05263157894736842,0.0,0.0,2007-09-01,2010-08-21
2,full,pc_t2,corr_mix,0.75,2.0,19,0.15789473684210525,0.42105263157894735,0.0,0.7368421052631579,2007-09-01,2010-08-21
2,full,pc_t2,corr_mix,1.0,1.0,19,0.05263157894736842,0.05263157894736842,0.0,0.0,2007-09-01,2010-08-21
2,full,pc_t2,corr_mix,1.0,2.0,19,0.15789473684210525,0.42105263157894735,0.0,0.7368421052631579,2007-09-01,2010-08-21
2,full,pc_t2,freeze,0.0,1.0,19,0.05263157894736842,0.05263157894736842,0.0,0.0,2007-09-01,2010-08-21
2,full,pc_t2,freeze,0.0,2.0,19,0.15789473684210525,0.42105263157894735,0.0,0.7368421052631579,2007-09-01,2010-08-21
2,full,pc_t2,freeze,0.25,1.0,19,0.0,0.0,0.0,0.0,2007-09-01,2010-08-21
2,full,pc_t2,freeze,0.25,2.0,19,0.15789473684210525,0.3157894736842105,0.0,0.7368421052631579,2007-09-01,2010-08-21
2,full,pc_t2,freeze,0.5,1.0,19,0.0,0.0,0.0,0.0,2007-09-01,2010-08-21
2,full,pc_t2,freeze,0.5,2.0,19,0.15789473684210525,0.2631578947368421,0.0,0.7368421052631579,2007-09-01,2010-08-21
2,full,pc_t2,freeze,0.75,1.0,19,0.0,0.0,0.0,0.0,2007-09-01,2010-08-21
2,full,pc_t2,freeze,0.75,2.0,19,0.15789473684210525,0.2631578947368421,0.0,0.7368421052631579,2007-09-01,2010-08-21
2,full,pc_t2,freeze,1.0,1.0,19,0.0,0.0,0.0,0.0,2007-09-01,2010-08-21
2,full,pc_t2,freeze,1.0,2.0,19,0.15789473684210525,0.2631578947368421,0.0,0.7368421052631579,2007-09-01,2010-08-21
2,full,res_energy,corr_mix,0.0,1.0,19,0.10526315789473684,0.10526315789473684,0.0,0.0,2007-09-01,2010-08-21
2,full,res_energy,corr_mix,0.0,2.0,19,0.21052631578947367,0.21052631578947367,0.0,0.0,2007-09-01,2010-08-21
2,full,res_energy,corr_mix,0.25,1.0,19,0.10526315789473684,0.10526315789473684,0.0,0.0,2007-09-01,2010-08-21
2,full,res_energy,corr_mix,0.25,2.0,19,0.3157894736842105,0.3157894736842105,0.0,0.0,2007-09-01,2010-08-21
2,full,res_energy,corr_mix,0.5,1.0,19,0.3684210526315789,0.3684210526315789,0.0,0.0,2007-09-01,2010-08-21
2,full,res_energy,corr_mix,0.5,2.0,19,0.3157894736842105,0.3157894736842105,0.0,0.0,2007-09-01,2010-08-21
2,full,res_energy,corr_mix,0.75,1.0,19,0.5263157894736842,0.5263157894736842,0.0,0.0,2007-09-01,2010-08-21
2,full,res_energy,corr_mix,0.75,2.0,19,0.3157894736842105,0.3157894736842105,0.0,0.0,2007-09-01,2010-08-21
2,full,res_energy,corr_mix,1.0,1.0,19,0.5263157894736842,0.5263157894736842,0.0,0.0,2007-09-01,2010-08-21
2,full,res_energy,corr_mix,1.0,2.0,19,0.3157894736842105,0.3157894736842105,0.0,0.0,2007-09-01,2010-08-21
2,full,res_energy,freeze,0.0,1.0,19,0.10526315789473684,0.10526315789473684,0.0,0.0,2007-09-01,2010-08-21
2,full,res_energy,freeze,0.0,2.0,19,0.21052631578947367,0.21052631578947367,0.0,0.0,2007-09-01,2010-08-21
2,full,res_energy,freeze,0.25,1.0,19,0.10526315789473684,0.10526315789473684,0.0,0.0,2007-09-01,2010-08-21
2,full,res_energy,freeze,0.25,2.0,19,0.3157894736842105,0.3157894736842105,0.0,0.0,2007-09-01,2010-08-21
2,full,res_energy,freeze,0.5,1.0,19,0.10526315789473684,0.10526315789473684,0.0,0.0,2007-09-01,2010-08-21
2,full,res_energy,freeze,0.5,2.0,19,0.3157894736842105,0.3157894736842105,0.0,0.0,2007-09-01,2010-08-21
2,full,res_energy,freeze,0.75,1.0,19,0.0,0.0,0.0,0.0,2007-09-01,2010-08-21
2,full,res_energy,freeze,0.75,2.0,19,0.3157894736842105,0.3157894736842105,0.0,0.0,2007-09-01,2010-08-21
2,full,res_energy,freeze,1.0,1.0,19,0.05263157894736842,0.05263157894736842,0.0,0.0,2007-09-01,2010-08-21
2,full,res_energy,freeze,1.0,2.0,19,0.3157894736842105,0.3157894736842105,0.0,0.0,2007-09-01,2010-08-21
2,full,stale,corr_mix,0.0,1.0,19,0.0,0.5789473684210527,0.9473684210526315,1.0,2007-09-01,2010-08-21
2,full,stale,corr_mix,0.0,2.0,19,0.0,0.5789473684210527,0.0,1.0,2007-09-01,2010-08-21
2,full,stale,corr_mix,0.25,1.0,19,0.0,0.5789473684210527,0.9473684210526315,1.0,2007-09-01,2010-08-21
2,full,stale,corr_mix,0.25,2.0,19,0.0,0.5789473684210527,0.0,1.0,2007-09-01,2010-08-21
2,full,stale,corr_mix,0.5,1.0,19,0.0,0.5789473684210527,0.9473684210526315,1.0,2007-09-01,2010-08-21
2,full,stale,corr_mix,0.5,2.0,19,0.0,0.5789473684210527,0.0,1.0,2007-09-01,2010-08-21
2,full,stale,corr_mix,0.75,1.0,19,0.0,0.5789473684210527,0.9473684210526315,1.0,2007-09-01,2010-08-21
2,full,stale,corr_mix,0.75,2.0,19,0.0,0.5789473684210527,0.0,1.0,2007-09-01,2010-08-21
2,full,stale,corr_mix,1.0,1.0,19,0.0,0.5789473684210527,0.9473684210526315,1.0,2007-09-01,2010-08-21
2,full,stale,corr_mix,1.0,2.0,19,0.0,0.5789473684210527,0.0,1.0,2007-09-01,2010-08-21
2,full,stale,freeze,0.0,1.0,19,0.0,0.5789473684210527,0.9473684210526315,1.0,2007-09-01,2010-08-21
2,full,stale,freeze,0.0,2.0,19,0.0,0.5789473684210527,0.0,1.0,2007-09-01,2010-08-21
2,full,stale,freeze,0.25,1.0,19,0.0,0.5789473684210527,0.9473684210526315,1.0,2007-09-01,2010-08-21
2,full,stale,freeze,0.25,2.0,19,0.0,0.5789473684210527,0.0,1.0,2007-09-01,2010-08-21
2,full,stale,freeze,0.5,1.0,19,0.0,0.5789473684210527,0.9473684210526315,1.0,2007-09-01,2010-08-21
2,full,stale,freeze,0.5,2.0,19,0.0,0.5789473684210527,0.0,1.0,2007-09-01,2010-08-21
2,full,stale,freeze,0.75,1.0,19,0.0,0.5789473684210527,0.9473684210526315,1.0,2007-09-01,2010-08-21
2,full,stale,freeze,0.75,2.0,19,0.0,0.5789473684210527,0.0,1.0,2007-09-01,2010-08-21
2,full,stale,freeze,1.0,1.0,19,0.0,0.5789473684210527,0.9473684210526315,1.0,2007-09-01,2010-08-21
2,full,stale,freeze,1.0,2.0,19,0.0,0.5789473684210527,0.0,1.0,2007-09-01,2010-08-21
2,score_only,T2,corr_mix,0.0,1.0,19,0.15789473684210525,0.15789473684210525,0.0,0.0,2007-09-01,2010-08-21
2,score_only,T2,corr_mix,0.0,2.0,19,0.42105263157894735,0.42105263157894735,0.0,0.0,2007-09-01,2010-08-21
2,score_only,T2,corr_mix,0.25,1.0,19,0.8421052631578947,0.8421052631578947,0.0,0.0,2007-09-01,2010-08-21
2,score_only,T2,corr_mix,0.25,2.0,19,0.42105263157894735,0.42105263157894735,0.0,0.0,2007-09-01,2010-08-21
2,score_only,T2,corr_mix,0.5,1.0,19,0.8421052631578947,0.8421052631578947,0.0,0.0,2007-09-01,2010-08-21
2,score_only,T2,corr_mix,0.5,2.0,19,0.42105263157894735,0.42105263157894735,0.0,0.0,2007-09-01,2010-08-21
2,score_only,T2,corr_mix,0.75,1.0,19,0.8421052631578947,0.8421052631578947,0.0,0.0,2007-09-01,2010-08-21
2,score_only,T2,corr_mix,0.75,2.0,19,0.42105263157894735,0.42105263157894735,0.0,0.0,2007-09-01,2010-08-21
2,score_only,T2,corr_mix,1.0,1.0,19,0.8421052631578947,0.8421052631578947,0.0,0.0,2007-09-01,2010-08-21
2,score_only,T2,corr_mix,1.0,2.0,19,0.42105263157894735,0.42105263157894735,0.0,0.0,2007-09-01,2010-08-21
2,score_only,T2,freeze,0.0,1.0,19,0.15789473684210525,0.15789473684210525,0.0,0.0,2007-09-01,2010-08-21
2,score_only,T2,freeze,0.0,2.0,19,0.42105263157894735,0.42105263157894735,0.0,0.0,2007-09-01,2010-08-21
2,score_only,T2,freeze,0.25,1.0,19,0.0,0.0,0.0,0.0,2007-09-01,2010-08-21
2,score_only,T2,freeze,0.25,2.0,19,0.3684210526315789,0.3684210526315789,0.0,0.0,2007-09-01,2010-08-21
2,score_only,T2,freeze,0.5,1.0,19,0.0,0.0,0.0,0.0,2007-09-01,2010-08-21
2,score_only,T2,freeze,0.5,2.0,19,0.3684210526315789,0.3684210526315789,0.0,0.0,2007-09-01,2010-08-21
2,score_only,T2,freeze,0.75,1.0,19,0.0,0.0,0.0,0.0,2007-09-01,2010-08-21
2,score_only,T2,freeze,0.75,2.0,19,0.3684210526315789,0.3684210526315789,0.0,0.0,2007-09-01,2010-08-21
2,score_only,T2,freeze,1.0,1.0,19,0.0,0.0,0.0,0.0,2007-09-01,2010-08-21
2,score_only,T2,freeze,1.0,2.0,19,0.2631578947368421,0.2631578947368421,0.0,0.0,2007-09-01,2010-08-21
2,score_only,coh_resid_energy,corr_mix,0.0,1.0,19,0.0,0.2631578947368421,1.0,0.0,2007-09-01,2010-08-21
2,score_only,coh_resid_energy,corr_mix,0.0,2.0,19,0.15789473684210525,0.15789473684210525,0.0,0.0,2007-09-01,2010-08-21
2,score_only,coh_resid_energy,corr_mix,0.25,1.0,19,0.0,0.2631578947368421,1.0,0.0,2007-09-01,2010-08-21
2,score_only,coh_resid_energy,corr_mix,0.25,2.0,19,0.15789473684210525,0.15789473684210525,0.0,0.0,2007-09-01,2010-08-21
2,score_only,coh_resid_energy,corr_mix,0.5,1.0,19,0.0,0.15789473684210525,1.0,0.0,2007-09-01,2010-08-21
2,score_only,coh_resid_energy,corr_mix,0.5,2.0,19,0.15789473684210525,0.15789473684210525,0.0,0.0,2007-09-01,2010-08-21
2,score_only,coh_resid_energy,corr_mix,0.75,1.0,19,0.0,0.2631578947368421,1.0,0.0,2007-09-01,2010-08-21
2,score_only,coh_resid_energy,corr_mix,0.75,2.0,19,0.15789473684210525,0.15789473684210525,0.0,0.0,2007-09-01,2010-08-21
2,score_only,coh_resid_energy,corr_mix,1.0,1.0,19,0.0,0.2631578947368421,1.0,0.0,2007-09-01,2010-08-21
2,score_only,coh_resid_energy,corr_mix,1.0,2.0,19,0.15789473684210525,0.15789473684210525,0.0,0.0,2007-09-01,2010-08-21
2,score_only,coh_resid_energy,freeze,0.0,1.0,19,0.0,0.2631578947368421,1.0,0.0,2007-09-01,2010-08-21
2,score_only,coh_resid_energy,freeze,0.0,2.0,19,0.15789473684210525,0.15789473684210525,0.0,0.0,2007-09-01,2010-08-21
2,score_only,coh_resid_energy,freeze,0.25,1.0,19,0.0,0.10526315789473684,1.0,0.0,2007-09-01,2010-08-21
2,score_only,coh_resid_energy,freeze,0.25,2.0,19,0.15789473684210525,0.15789473684210525,0.0,0.0,2007-09-01,2010-08-21
2,score_only,coh_resid_energy,freeze,0.5,1.0,19,0.0,0.05263157894736842,1.0,0.0,2007-09-01,2010-08-21
2,score_only,coh_resid_energy,freeze,0.5,2.0,19,0.10526315789473684,0.10526315789473684,0.0,0.0,2007-09-01,2010-08-21
2,score_only,coh_resid_energy,freeze,0.75,1.0,19,0.0,0.05263157894736842,1.0,0.0,2007-09-01,2010-08-21
2,score_only,coh_resid_energy,freeze,0.75,2.0,19,0.05263157894736842,0.05263157894736842,0.0,0.0,2007-09-01,2010-08-21
2,score_only,coh_resid_energy,freeze,1.0,1.0,19,0.0,0.0,1.0,0.0,2007-09-01,2010-08-21
2,score_only,coh_resid_energy,freeze,1.0,2.0,19,0.05263157894736842,0.05263157894736842,0.0,0.0,2007-09-01,2010-08-21
2,score_only,coh_resid_t2,corr_mix,0.0,1.0,19,0.15789473684210525,0.15789473684210525,0.0,0.0,2007-09-01,2010-08-21
2,score_only,coh_resid_t2,corr_mix,0.0,2.0,19,0.2631578947368421,0.2631578947368421,0.0,0.0,2007-09-01,2010-08-21
2,score_only,coh_resid_t2,corr_mix,0.25,1.0,19,0.8421052631578947,0.8421052631578947,0.0,0.0,2007-09-01,2010-08-21
2,score_only,coh_resid_t2,corr_mix,0.25,2.0,19,0.3684210526315789,0.3684210526315789,0.0,0.0,2007-09-01,2010-08-21
2,score_only,coh_resid_t2,corr_mix,0.5,1.0,19,0.8421052631578947,0.8421052631578947,0.0,0.0,2007-09-01,2010-08-21
2,score_only,coh_resid_t2,corr_mix,0.5,2.0,19,0.3684210526315789,0.3684210526315789,0.0,0.0,2007-09-01,2010-08-21
2,score_only,coh_resid_t2,corr_mix,0.75,1.0,19,0.8421052631578947,0.8421052631578947,0.0,0.0,2007-09-01,2010-08-21
2,score_only,coh_resid_t2,corr_mix,0.75,2.0,19,0.3684210526315789,0.3684210526315789,0.0,0.0,2007-09-01,2010-08-21
2,score_only,coh_resid_t2,corr_mix,1.0,1.0,19,0.8421052631578947,0.8421052631578947,0.0,0.0,2007-09-01,2010-08-21
2,score_only,coh_resid_t2,corr_mix,1.0,2.0,19,0.3684210526315789,0.3684210526315789,0.0,0.0,2007-09-01,2010-08-21
2,score_only,coh_resid_t2,freeze,0.0,1.0,19,0.15789473684210525,0.15789473684210525,0.0,0.0,2007-09-01,2010-08-21
2,score_only,coh_resid_t2,freeze,0.0,2.0,19,0.2631578947368421,0.2631578947368421,0.0,0.0,2007-09-01,2010-08-21
2,score_only,coh_resid_t2,freeze,0.25,1.0,19,0.0,0.0,0.0,0.0,2007-09-01,2010-08-21
2,score_only,coh_resid_t2,freeze,0.25,2.0,19,0.10526315789473684,0.10526315789473684,0.0,0.0,2007-09-01,2010-08-21
2,score_only,coh_resid_t2,freeze,0.5,1.0,19,0.0,0.0,0.0,0.0,2007-09-01,2010-08-21
2,score_only,coh_resid_t2,freeze,0.5,2.0,19,0.0,0.0,0.0,0.0,2007-09-01,2010-08-21
2,score_only,coh_resid_t2,freeze,0.75,1.0,19,0.0,0.0,0.0,0.0,2007-09-01,2010-08-21
2,score_only,coh_resid_t2,freeze,0.75,2.0,19,0.0,0.0,0.0,0.0,2007-09-01,2010-08-21
2,score_only,coh_resid_t2,freeze,1.0,1.0,19,0.0,0.0,0.0,0.0,2007-09-01,2010-08-21
2,score_only,coh_resid_t2,freeze,1.0,2.0,19,0.10526315789473684,0.10526315789473684,0.0,0.0,2007-09-01,2010-08-21
2,score_only,cusum_coh_resid_t2,corr_mix,0.0,1.0,19,0.05263157894736842,0.2631578947368421,0.7894736842105263,0.0,2007-09-01,2010-08-21
2,score_only,cusum_coh_resid_t2,corr_mix,0.0,2.0,19,0.42105263157894735,0.42105263157894735,0.0,0.0,2007-09-01,2010-08-21
2,score_only,cusum_coh_resid_t2,corr_mix,0.25,1.0,19,0.21052631578947367,0.8421052631578947,0.7894736842105263,0.0,2007-09-01,2010-08-21
2,score_only,cusum_coh_resid_t2,corr_mix,0.25,2.0,19,0.47368421052631576,0.47368421052631576,0.0,0.0,2007-09-01,2010-08-21
2,score_only,cusum_coh_resid_t2,corr_mix,0.5,1.0,19,0.21052631578947367,0.8421052631578947,0.7894736842105263,0.0,2007-09-01,2010-08-21
2,score_only,cusum_coh_resid_t2,corr_mix,0.5,2.0,19,0.47368421052631576,0.47368421052631576,0.0,0.0,2007-09-01,2010-08-21
2,score_only,cusum_coh_resid_t2,corr_mix,0.75,1.0,19,0.21052631578947367,0.8421052631578947,0.7894736842105263,0.0,2007-09-01,2010-08-21
2,score_only,cusum_coh_resid_t2,corr_mix,0.75,2.0,19,0.47368421052631576,0.47368421052631576,0.0,0.0,2007-09-01,2010-08-21
2,score_only,cusum_coh_resid_t2,corr_mix,1.0,1.0,19,0.21052631578947367,0.8421052631578947,0.7894736842105263,0.0,2007-09-01,2010-08-21
2,score_only,cusum_coh_resid_t2,corr_mix,1.0,2.0,19,0.47368421052631576,0.47368421052631576,0.0,0.0,2007-09-01,2010-08-21
2,score_only,cusum_coh_resid_t2,freeze,0.0,1.0,19,0.05263157894736842,0.2631578947368421,0.7894736842105263,0.0,2007-09-01,2010-08-21
2,score_only,cusum_coh_resid_t2,freeze,0.0,2.0,19,0.42105263157894735,0.42105263157894735,0.0,0.0,2007-09-01,2010-08-21
2,score_only,cusum_coh_resid_t2,freeze,0.25,1.0,19,0.05263157894736842,0.15789473684210525,0.7894736842105263,0.0,2007-09-01,2010-08-21
2,score_only,cusum_coh_resid_t2,freeze,0.25,2.0,19,0.3684210526315789,0.3684210526315789,0.0,0.0,2007-09-01,2010-08-21
2,score_only,cusum_coh_resid_t2,freeze,0.5,1.0,19,0.0,0.10526315789473684,0.7894736842105263,0.0,2007-09-01,2010-08-21
2,score_only,cusum_coh_resid_t2,freeze,0.5,2.0,19,0.21052631578947367,0.21052631578947367,0.0,0.0,2007-09-01,2010-08-21
2,score_only,cusum_coh_resid_t2,freeze,0.75,1.0,19,0.05263157894736842,0.15789473684210525,0.7894736842105263,0.0,2007-09-01,2010-08-21
2,score_only,cusum_coh_resid_t2,freeze,0.75,2.0,19,0.15789473684210525,0.15789473684210525,0.0,0.0,2007-09-01,2010-08-21
2,score_only,cusum_coh_resid_t2,freeze,1.0,1.0,19,0.05263157894736842,0.2631578947368421,0.7894736842105263,0.0,2007-09-01,2010-08-21
2,score_only,cusum_coh_resid_t2,freeze,1.0,2.0,19,0.2631578947368421,0.2631578947368421,0.0,0.0,2007-09-01,2010-08-21
2,score_only,cusum_factor_cov_lrt,corr_mix,0.0,1.0,19,0.10526315789473684,0.2631578947368421,0.5263157894736842,0.0,2007-09-01,2010-08-21
2,score_only,cusum_factor_cov_lrt,corr_mix,0.0,2.0,19,0.21052631578947367,0.21052631578947367,0.0,0.0,2007-09-01,2010-08-21
2,score_only,cusum_factor_cov_lrt,corr_mix,0.25,1.0,19,0.0,0.10526315789473684,0.5263157894736842,0.0,2007-09-01,2010-08-21
2,score_only,cusum_factor_cov_lrt,corr_mix,0.25,2.0,19,0.2631578947368421,0.2631578947368421,0.0,0.0,2007-09-01,2010-08-21
2,score_only,cusum_factor_cov_lrt,corr_mix,0.5,1.0,19,0.0,0.15789473684210525,0.5263157894736842,0.0,2007-09-01,2010-08-21
2,score_only,cusum_factor_cov_lrt,corr_mix,0.5,2.0,19,0.15789473684210525,0.15789473684210525,0.0,0.0,2007-09-01,2010-08-21
2,score_only,cusum_factor_cov_lrt,corr_mix,0.75,1.0,19,0.0,0.10526315789473684,0.5263157894736842,0.0,2007-09-01,2010-08-21
2,score_only,cusum_factor_cov_lrt,corr_mix,0.75,2.0,19,0.15789473684210525,0.15789473684210525,0.0,0.0,2007-09-01,2010-08-21
2,score_only,cusum_factor_cov_lrt,corr_mix,1.0,1.0,19,0.0,0.10526315789473684,0.5263157894736842,0.0,2007-09-01,2010-08-21
2,score_only,cusum_factor_cov_lrt,corr_mix,1.0,2.0,19,0.21052631578947367,0.21052631578947367,0.0,0.0,2007-09-01,2010-08-21
2,score_only,cusum_factor_cov_lrt,freeze,0.0,1.0,19,0.10526315789473684,0.2631578947368421,0.5263157894736842,0.0,2007-09-01,2010-08-21
2,score_only,cusum_factor_cov_lrt,freeze,0.0,2.0,19,0.21052631578947367,0.21052631578947367,0.0,0.0,2007-09-01,2010-08-21
2,score_only,cusum_factor_cov_lrt,freeze,0.25,1.0,19,0.05263157894736842,0.15789473684210525,0.5263157894736842,0.0,2007-09-01,2010-08-21
2,score_only,cusum_factor_cov_lrt,freeze,0.25,2.0,19,0.15789473684210525,0.15789473684210525,0.0,0.0,2007-09-01,2010-08-21
2,score_only,cusum_factor_cov_lrt,freeze,0.5,1.0,19,0.05263157894736842,0.21052631578947367,0.5263157894736842,0.0,2007-09-01,2010-08-21
2,score_only,cusum_factor_cov_lrt,freeze,0.5,2.0,19,0.21052631578947367,0.21052631578947367,0.0,0.0,2007-09-01,2010-08-21
2,score_only,cusum_factor_cov_lrt,freeze,0.75,1.0,19,0.15789473684210525,0.2631578947368421,0.5263157894736842,0.0,2007-09-01,2010-08-21
2,score_only,cusum_factor_cov_lrt,freeze,0.75,2.0,19,0.21052631578947367,0.21052631578947367,0.0,0.0,2007-09-01,2010-08-21
2,score_only,cusum_factor_cov_lrt,freeze,1.0,1.0,19,0.21052631578947367,0.42105263157894735,0.5263157894736842,0.0,2007-09-01,2010-08-21
2,score_only,cusum_factor_cov_lrt,freeze,1.0,2.0,19,0.2631578947368421,0.2631578947368421,0.0,0.0,2007-09-01,2010-08-21
2,score_only,ewma_coh_resid_t2,corr_mix,0.0,1.0,19,0.10526315789473684,0.10526315789473684,0.0,0.0,2007-09-01,2010-08-21
2,score_only,ewma_coh_resid_t2,corr_mix,0.0,2.0,19,0.2631578947368421,0.2631578947368421,0.0,0.0,2007-09-01,2010-08-21
2,score_only,ewma_coh_resid_t2,corr_mix,0.25,1.0,19,0.7894736842105263,0.7894736842105263,0.0,0.0,2007-09-01,2010-08-21
2,score_only,ewma_coh_resid_t2,corr_mix,0.25,2.0,19,0.631578947368421,0.631578947368421,0.0,0.0,2007-09-01,2010-08-21
2,score_only,ewma_coh_resid_t2,corr_mix,0.5,1.0,19,0.7894736842105263,0.7894736842105263,0.0,0.0,2007-09-01,2010-08-21
2,score_only,ewma_coh_resid_t2,corr_mix,0.5,2.0,19,0.631578947368421,0.631578947368421,0.0,0.0,2007-09-01,2010-08-21
2,score_only,ewma_coh_resid_t2,corr_mix,0.75,1.0,19,0.7894736842105263,0.7894736842105263,0.0,0.0,2007-09-01,2010-08-21
2,score_only,ewma_coh_resid_t2,corr_mix,0.75,2.0,19,0.631578947368421,0.631578947368421,0.0,0.0,2007-09-01,2010-08-21
2,score_only,ewma_coh_resid_t2,corr_mix,1.0,1.0,19,0.7894736842105263,0.7894736842105263,0.0,0.0,2007-09-01,2010-08-21
2,score_only,ewma_coh_resid_t2,corr_mix,1.0,2.0,19,0.631578947368421,0.631578947368421,0.0,0.0,2007-09-01,2010-08-21
2,score_only,ewma_coh_resid_t2,freeze,0.0,1.0,19,0.10526315789473684,0.10526315789473684,0.0,0.0,2007-09-01,2010-08-21
2,score_only,ewma_coh_resid_t2,freeze,0.0,2.0,19,0.2631578947368421,0.2631578947368421,0.0,0.0,2007-09-01,2010-08-21
2,score_only,ewma_coh_resid_t2,freeze,0.25,1.0,19,0.0,0.0,0.0,0.0,2007-09-01,2010-08-21
2,score_only,ewma_coh_resid_t2,freeze,0.25,2.0,19,0.21052631578947367,0.21052631578947367,0.0,0.0,2007-09-01,2010-08-21
2,score_only,ewma_coh_resid_t2,freeze,0.5,1.0,19,0.0,0.0,0.0,0.0,2007-09-01,2010-08-21
2,score_only,ewma_coh_resid_t2,freeze,0.5,2.0,19,0.15789473684210525,0.15789473684210525,0.0,0.0,2007-09-01,2010-08-21
2,score_only,ewma_coh_resid_t2,freeze,0.75,1.0,19,0.0,0.0,0.0,0.0,2007-09-01,2010-08-21
2,score_only,ewma_coh_resid_t2,freeze,0.75,2.0,19,0.15789473684210525,0.15789473684210525,0.0,0.0,2007-09-01,2010-08-21
2,score_only,ewma_coh_resid_t2,freeze,1.0,1.0,19,0.0,0.0,0.0,0.0,2007-09-01,2010-08-21
2,score_only,ewma_coh_resid_t2,freeze,1.0,2.0,19,0.15789473684210525,0.15789473684210525,0.0,0.0,2007-09-01,2010-08-21
2,score_only,ewma_factor_cov_lrt,corr_mix,0.0,1.0,19,0.15789473684210525,0.15789473684210525,0.47368421052631576,0.0,2007-09-01,2010-08-21
2,score_only,ewma_factor_cov_lrt,corr_mix,0.0,2.0,19,0.10526315789473684,0.10526315789473684,0.0,0.0,2007-09-01,2010-08-21
2,score_only,ewma_factor_cov_lrt,corr_mix,0.25,1.0,19,0.10526315789473684,0.15789473684210525,0.47368421052631576,0.0,2007-09-01,2010-08-21
2,score_only,ewma_factor_cov_lrt,corr_mix,0.25,2.0,19,0.10526315789473684,0.10526315789473684,0.0,0.0,2007-09-01,2010-08-21
2,score_only,ewma_factor_cov_lrt,corr_mix,0.5,1.0,19,0.10526315789473684,0.10526315789473684,0.47368421052631576,0.0,2007-09-01,2010-08-21
2,score_only,ewma_factor_cov_lrt,corr_mix,0.5,2.0,19,0.10526315789473684,0.10526315789473684,0.0,0.0,2007-09-01,2010-08-21
2,score_only,ewma_factor_cov_lrt,corr_mix,0.75,1.0,19,0.05263157894736842,0.10526315789473684,0.47368421052631576,0.0,2007-09-01,2010-08-21
2,score_only,ewma_factor_cov_lrt,corr_mix,0.75,2.0,19,0.10526315789473684,0.10526315789473684,0.0,0.0,2007-09-01,2010-08-21
2,score_only,ewma_factor_cov_lrt,corr_mix,1.0,1.0,19,0.05263157894736842,0.10526315789473684,0.47368421052631576,0.0,2007-09-01,2010-08-21
2,score_only,ewma_factor_cov_lrt,corr_mix,1.0,2.0,19,0.10526315789473684,0.10526315789473684,0.0,0.0,2007-09-01,2010-08-21
2,score_only,ewma_factor_cov_lrt,freeze,0.0,1.0,19,0.15789473684210525,0.15789473684210525,0.47368421052631576,0.0,2007-09-01,2010-08-21
2,score_only,ewma_factor_cov_lrt,freeze,0.0,2.0,19,0.10526315789473684,0.10526315789473684,0.0,0.0,2007-09-01,2010-08-21
2,score_only,ewma_factor_cov_lrt,freeze,0.25,1.0,19,0.05263157894736842,0.10526315789473684,0.47368421052631576,0.0,2007-09-01,2010-08-21
2,score_only,ewma_factor_cov_lrt,freeze,0.25,2.0,19,0.10526315789473684,0.10526315789473684,0.0,0.0,2007-09-01,2010-08-21
2,score_only,ewma_factor_cov_lrt,freeze,0.5,1.0,19,0.10526315789473684,0.10526315789473684,0.47368421052631576,0.0,2007-09-01,2010-08-21
2,score_only,ewma_factor_cov_lrt,freeze,0.5,2.0,19,0.10526315789473684,0.10526315789473684,0.0,0.0,2007-09-01,2010-08-21
2,score_only,ewma_factor_cov_lrt,freeze,0.75,1.0,19,0.15789473684210525,0.15789473684210525,0.47368421052631576,0.0,2007-09-01,2010-08-21
2,score_only,ewma_factor_cov_lrt,freeze,0.75,2.0,19,0.05263157894736842,0.05263157894736842,0.0,0.0,2007-09-01,2010-08-21
2,score_only,ewma_factor_cov_lrt,freeze,1.0,1.0,19,0.3684210526315789,0.5789473684210527,0.47368421052631576,0.0,2007-09-01,2010-08-21
2,score_only,ewma_factor_cov_lrt,freeze,1.0,2.0,19,0.21052631578947367,0.21052631578947367,0.0,0.0,2007-09-01,2010-08-21
2,score_only,factor_cov_change,corr_mix,0.0,1.0,19,0.10526315789473684,0.10526315789473684,0.42105263157894735,0.0,2007-09-01,2010-08-21
2,score_only,factor_cov_change,corr_mix,0.0,2.0,19,0.21052631578947367,0.21052631578947367,0.0,0.42105263157894735,2007-09-01,2010-08-21
2,score_only,factor_cov_change,corr_mix,0.25,1.0,19,0.10526315789473684,0.10526315789473684,0.42105263157894735,0.0,2007-09-01,2010-08-21
2,score_only,factor_cov_change,corr_mix,0.25,2.0,19,0.21052631578947367,0.21052631578947367,0.0,0.42105263157894735,2007-09-01,2010-08-21
2,score_only,factor_cov_change,corr_mix,0.5,1.0,19,0.10526315789473684,0.10526315789473684,0.42105263157894735,0.0,2007-09-01,2010-08-21
2,score_only,factor_cov_change,corr_mix,0.5,2.0,19,0.21052631578947367,0.21052631578947367,0.0,0.42105263157894735,2007-09-01,2010-08-21
2,score_only,factor_cov_change,corr_mix,0.75,1.0,19,0.0,0.0,0.42105263157894735,0.0,2007-09-01,2010-08-21
2,score_only,factor_cov_change,corr_mix,0.75,2.0,19,0.21052631578947367,0.21052631578947367,0.0,0.42105263157894735,2007-09-01,2010-08-21
2,score_only,factor_cov_change,corr_mix,1.0,1.0,19,0.0,0.0,0.42105263157894735,0.0,2007-09-01,2010-08-21
2,score_only,factor_cov_change,corr_mix,1.0,2.0,19,0.21052631578947367,0.21052631578947367,0.0,0.42105263157894735,2007-09-01,2010-08-21
2,score_only,factor_cov_change,freeze,0.0,1.0,19,0.10526315789473684,0.10526315789473684,0.42105263157894735,0.0,2007-09-01,2010-08-21
2,score_only,factor_cov_change,freeze,0.0,2.0,19,0.21052631578947367,0.21052631578947367,0.0,0.42105263157894735,2007-09-01,2010-08-21
2,score_only,factor_cov_change,freeze,0.25,1.0,19,0.05263157894736842,0.05263157894736842,0.42105263157894735,0.0,2007-09-01,2010-08-21
2,score_only,factor_cov_change,freeze,0.25,2.0,19,0.21052631578947367,0.21052631578947367,0.0,0.42105263157894735,2007-09-01,2010-08-21
2,score_only,factor_cov_change,freeze,0.5,1.0,19,0.05263157894736842,0.05263157894736842,0.42105263157894735,0.0,2007-09-01,2010-08-21
2,score_only,factor_cov_change,freeze,0.5,2.0,19,0.15789473684210525,0.15789473684210525,0.0,0.42105263157894735,2007-09-01,2010-08-21
2,score_only,factor_cov_change,freeze,0.75,1.0,19,0.05263157894736842,0.05263157894736842,0.42105263157894735,0.0,2007-09-01,2010-08-21
2,score_only,factor_cov_change,freeze,0.75,2.0,19,0.15789473684210525,0.15789473684210525,0.0,0.42105263157894735,2007-09-01,2010-08-21
2,score_only,factor_cov_change,freeze,1.0,1.0,19,0.05263157894736842,0.05263157894736842,0.42105263157894735,0.0,2007-09-01,2010-08-21
2,score_only,factor_cov_change,freeze,1.0,2.0,19,0.10526315789473684,0.10526315789473684,0.0,0.42105263157894735,2007-09-01,2010-08-21
2,score_only,factor_cov_delta,corr_mix,0.0,1.0,19,0.21052631578947367,0.21052631578947367,0.21052631578947367,0.0,2007-09-01,2010-08-21
2,score_only,factor_cov_delta,corr_mix,0.0,2.0,19,0.05263157894736842,0.05263157894736842,0.0,0.0,2007-09-01,2010-08-21
2,score_only,factor_cov_delta,corr_mix,0.25,1.0,19,0.21052631578947367,0.21052631578947367,0.21052631578947367,0.0,2007-09-01,2010-08-21
2,score_only,factor_cov_delta,corr_mix,0.25,2.0,19,0.05263157894736842,0.05263157894736842,0.0,0.0,2007-09-01,2010-08-21
2,score_only,factor_cov_delta,corr_mix,0.5,1.0,19,0.21052631578947367,0.21052631578947367,0.21052631578947367,0.0,2007-09-01,2010-08-21
2,score_only,factor_cov_delta,corr_mix,0.5,2.0,19,0.05263157894736842,0.05263157894736842,0.0,0.0,2007-09-01,2010-08-21
2,score_only,factor_cov_delta,corr_mix,0.75,1.0,19,0.21052631578947367,0.21052631578947367,0.21052631578947367,0.0,2007-09-01,2010-08-21
2,score_only,factor_cov_delta,corr_mix,0.75,2.0,19,0.05263157894736842,0.05263157894736842,0.0,0.0,2007-09-01,2010-08-21
2,score_only,factor_cov_delta,corr_mix,1.0,1.0,19,0.21052631578947367,0.21052631578947367,0.21052631578947367,0.0,2007-09-01,2010-08-21
2,score_only,factor_cov_delta,corr_mix,1.0,2.0,19,0.05263157894736842,0.05263157894736842,0.0,0.0,2007-09-01,2010-08-21
2,score_only,factor_cov_delta,freeze,0.0,1.0,19,0.21052631578947367,0.21052631578947367,0.21052631578947367,0.0,2007-09-01,2010-08-21
2,score_only,factor_cov_delta,freeze,0.0,2.0,19,0.05263157894736842,0.05263157894736842,0.0,0.0,2007-09-01,2010-08-21
2,score_only,factor_cov_delta,freeze,0.25,1.0,19,0.05263157894736842,0.05263157894736842,0.21052631578947367,0.0,2007-09-01,2010-08-21
2,score_only,factor_cov_delta,freeze,0.25,2.0,19,0.05263157894736842,0.05263157894736842,0.0,0.0,2007-09-01,2010-08-21
2,score_only,factor_cov_delta,freeze,0.5,1.0,19,0.05263157894736842,0.05263157894736842,0.21052631578947367,0.0,2007-09-01,2010-08-21
2,score_only,factor_cov_delta,freeze,0.5,2.0,19,0.05263157894736842,0.05263157894736842,0.0,0.0,2007-09-01,2010-08-21
2,score_only,factor_cov_delta,freeze,0.75,1.0,19,0.05263157894736842,0.05263157894736842,0.21052631578947367,0.0,2007-09-01,2010-08-21
2,score_only,factor_cov_delta,freeze,0.75,2.0,19,0.05263157894736842,0.05263157894736842,0.0,0.0,2007-09-01,2010-08-21
2,score_only,factor_cov_delta,freeze,1.0,1.0,19,0.10526315789473684,0.10526315789473684,0.21052631578947367,0.0,2007-09-01,2010-08-21
2,score_only,factor_cov_delta,freeze,1.0,2.0,19,0.05263157894736842,0.05263157894736842,0.0,0.0,2007-09-01,2010-08-21
2,score_only,factor_cov_lrt,corr_mix,0.0,1.0,19,0.05263157894736842,0.05263157894736842,0.0,0.0,2007-09-01,2010-08-21
2,score_only,factor_cov_lrt,corr_mix,0.0,2.0,19,0.3684210526315789,0.3684210526315789,0.0,0.0,2007-09-01,2010-08-21
2,score_only,factor_cov_lrt,corr_mix,0.25,1.0,19,0.0,0.0,0.0,0.0,2007-09-01,2010-08-21
2,score_only,factor_cov_lrt,corr_mix,0.25,2.0,19,0.3684210526315789,0.3684210526315789,0.0,0.0,2007-09-01,2010-08-21
2,score_only,factor_cov_lrt,corr_mix,0.5,1.0,19,0.0,0.0,0.0,0.0,2007-09-01,2010-08-21
2,score_only,factor_cov_lrt,corr_mix,0.5,2.0,19,0.3684210526315789,0.3684210526315789,0.0,0.0,2007-09-01,2010-08-21
2,score_only,factor_cov_lrt,corr_mix,0.75,1.0,19,0.0,0.0,0.0,0.0,2007-09-01,2010-08-21
2,score_only,factor_cov_lrt,corr_mix,0.75,2.0,19,0.3157894736842105,0.3157894736842105,0.0,0.0,2007-09-01,2010-08-21
2,score_only,factor_cov_lrt,corr_mix,1.0,1.0,19,0.0,0.0,0.0,0.0,2007-09-01,2010-08-21
2,score_only,factor_cov_lrt,corr_mix,1.0,2.0,19,0.3157894736842105,0.3157894736842105,0.0,0.0,2007-09-01,2010-08-21
2,score_only,factor_cov_lrt,freeze,0.0,1.0,19,0.05263157894736842,0.05263157894736842,0.0,0.0,2007-09-01,2010-08-21
2,score_only,factor_cov_lrt,freeze,0.0,2.0,19,0.3684210526315789,0.3684210526315789,0.0,0.0,2007-09-01,2010-08-21
2,score_only,factor_cov_lrt,freeze,0.25,1.0,19,0.10526315789473684,0.10526315789473684,0.0,0.0,2007-09-01,2010-08-21
2,score_only,factor_cov_lrt,freeze,0.25,2.0,19,0.3157894736842105,0.3157894736842105,0.0,0.0,2007-09-01,2010-08-21
2,score_only,factor_cov_lrt,freeze,0.5,1.0,19,0.10526315789473684,0.10526315789473684,0.0,0.0,2007-09-01,2010-08-21
2,score_only,factor_cov_lrt,freeze,0.5,2.0,19,0.3684210526315789,0.3684210526315789,0.0,0.0,2007-09-01,2010-08-21
2,score_only,factor_cov_lrt,freeze,0.75,1.0,19,0.10526315789473684,0.10526315789473684,0.0,0.0,2007-09-01,2010-08-21
2,score_only,factor_cov_lrt,freeze,0.75,2.0,19,0.3684210526315789,0.3684210526315789,0.0,0.0,2007-09-01,2010-08-21
2,score_only,factor_cov_lrt,freeze,1.0,1.0,19,0.8421052631578947,0.8421052631578947,0.0,0.0,2007-09-01,2010-08-21
2,score_only,factor_cov_lrt,freeze,1.0,2.0,19,0.631578947368421,0.631578947368421,0.0,0.0,2007-09-01,2010-08-21
2,score_only,factor_cov_lrt_delta,corr_mix,0.0,1.0,19,0.05263157894736842,0.05263157894736842,0.7368421052631579,0.0,2007-09-01,2010-08-21
2,score_only,factor_cov_lrt_delta,corr_mix,0.0,2.0,19,0.0,0.0,0.0,1.0,2007-09-01,2010-08-21
2,score_only,factor_cov_lrt_delta,corr_mix,0.25,1.0,19,0.05263157894736842,0.05263157894736842,0.7368421052631579,0.0,2007-09-01,2010-08-21
2,score_only,factor_cov_lrt_delta,corr_mix,0.25,2.0,19,0.0,0.0,0.0,1.0,2007-09-01,2010-08-21
2,score_only,factor_cov_lrt_delta,corr_mix,0.5,1.0,19,0.0,0.0,0.7368421052631579,0.0,2007-09-01,2010-08-21
2,score_only,factor_cov_lrt_delta,corr_mix,0.5,2.0,19,0.0,0.0,0.0,1.0,2007-09-01,2010-08-21
2,score_only,factor_cov_lrt_delta,corr_mix,0.75,1.0,19,0.0,0.0,0.7368421052631579,0.0,2007-09-01,2010-08-21
2,score_only,factor_cov_lrt_delta,corr_mix,0.75,2.0,19,0.0,0.05263157894736842,0.0,1.0,2007-09-01,2010-08-21
2,score_only,factor_cov_lrt_delta,corr_mix,1.0,1.0,19,0.0,0.0,0.7368421052631579,0.0,2007-09-01,2010-08-21
2,score_only,factor_cov_lrt_delta,corr_mix,1.0,2.0,19,0.0,0.0,0.0,1.0,2007-09-01,2010-08-21
2,score_only,factor_cov_lrt_delta,freeze,0.0,1.0,19,0.05263157894736842,0.05263157894736842,0.7368421052631579,0.0,2007-09-01,2010-08-21
2,score_only,factor_cov_lrt_delta,freeze,0.0,2.0,19,0.0,0.0,0.0,1.0,2007-09-01,2010-08-21
2,score_only,factor_cov_lrt_delta,freeze,0.25,1.0,19,0.05263157894736842,0.05263157894736842,0.7368421052631579,0.0,2007-09-01,2010-08-21
2,score_only,factor_cov_lrt_delta,freeze,0.25,2.0,19,0.0,0.0,0.0,1.0,2007-09-01,2010-08-21
2,score_only,factor_cov_lrt_delta,freeze,0.5,1.0,19,0.05263157894736842,0.05263157894736842,0.7368421052631579,0.0,2007-09-01,2010-08-21
2,score_only,factor_cov_lrt_delta,freeze,0.5,2.0,19,0.0,0.0,0.0,1.0,2007-09-01,2010-08-21
2,score_only,factor_cov_lrt_delta,freeze,0.75,1.0,19,0.05263157894736842,0.05263157894736842,0.7368421052631579,0.0,2007-09-01,2010-08-21
2,score_only,factor_cov_lrt_delta,freeze,0.75,2.0,19,0.0,0.0,0.0,1.0,2007-09-01,2010-08-21
2,score_only,factor_cov_lrt_delta,freeze,1.0,1.0,19,0.0,0.0,0.7368421052631579,0.0,2007-09-01,2010-08-21
2,score_only,factor_cov_lrt_delta,freeze,1.0,2.0,19,0.0,0.0,0.0,1.0,2007-09-01,2010-08-21
2,score_only,fused_fisher,corr_mix,0.0,1.0,19,0.15789473684210525,0.15789473684210525,0.0,0.0,2007-09-01,2010-08-21
2,score_only,fused_fisher,corr_mix,0.0,2.0,19,0.3157894736842105,0.3157894736842105,0.0,0.0,2007-09-01,2010-08-21
2,score_only,fused_fisher,corr_mix,0.25,1.0,19,0.15789473684210525,0.15789473684210525,0.0,0.0,2007-09-01,2010-08-21
2,score_only,fused_fisher,corr_mix,0.25,2.0,19,0.3684210526315789,0.3684210526315789,0.0,0.0,2007-09-01,2010-08-21
2,score_only,fused_fisher,corr_mix,0.5,1.0,19,0.15789473684210525,0.15789473684210525,0.0,0.0,2007-09-01,2010-08-21
2,score_only,fused_fisher,corr_mix,0.5,2.0,19,0.3684210526315789,0.3684210526315789,0.0,0.0,2007-09-01,2010-08-21
2,score_only,fused_fisher,corr_mix,0.75,1.0,19,0.21052631578947367,0.21052631578947367,0.0,0.0,2007-09-01,2010-08-21
2,score_only,fused_fisher,corr_mix,0.75,2.0,19,0.3684210526315789,0.3684210526315789,0.0,0.0,2007-09-01,2010-08-21
2,score_only,fused_fisher,corr_mix,1.0,1.0,19,0.21052631578947367,0.21052631578947367,0.0,0.0,2007-09-01,2010-08-21
2,score_only,fused_fisher,corr_mix,1.0,2.0,19,0.3684210526315789,0.3684210526315789,0.0,0.0,2007-09-01,2010-08-21
2,score_only,fused_fisher,freeze,0.0,1.0,19,0.15789473684210525,0.15789473684210525,0.0,0.0,2007-09-01,2010-08-21
2,score_only,fused_fisher,freeze,0.0,2.0,19,0.3157894736842105,0.3157894736842105,0.0,0.0,2007-09-01,2010-08-21
2,score_only,fused_fisher,freeze,0.25,1.0,19,0.0,0.0,0.0,0.0,2007-09-01,2010-08-21
2,score_only,fused_fisher,freeze,0.25,2.0,19,0.21052631578947367,0.21052631578947367,0.0,0.0,2007-09-01,2010-08-21
2,score_only,fused_fisher,freeze,0.5,1.0,19,0.0,0.0,0.0,0.0,2007-09-01,2010-08-21
2,score_only,fused_fisher,freeze,0.5,2.0,19,0.2631578947368421,0.2631578947368421,0.0,0.0,2007-09-01,2010-08-21
2,score_only,fused_fisher,freeze,0.75,1.0,19,0.0,0.0,0.0,0.0,2007-09-01,2010-08-21
2,score_only,fused_fisher,freeze,0.75,2.0,19,0.21052631578947367,0.21052631578947367,0.0,0.0,2007-09-01,2010-08-21
2,score_only,fused_fisher,freeze,1.0,1.0,19,0.0,0.0,0.0,0.0,2007-09-01,2010-08-21
2,score_only,fused_fisher,freeze,1.0,2.0,19,0.21052631578947367,0.21052631578947367,0.0,0.0,2007-09-01,2010-08-21
2,score_only,fused_fisher_lrt_delta,corr_mix,0.0,1.0,19,0.10526315789473684,0.10526315789473684,0.0,0.0,2007-09-01,2010-08-21
2,score_only,fused_fisher_lrt_delta,corr_mix,0.0,2.0,19,0.3157894736842105,0.3157894736842105,0.0,0.0,2007-09-01,2010-08-21
2,score_only,fused_fisher_lrt_delta,corr_mix,0.25,1.0,19,0.3157894736842105,0.3157894736842105,0.0,0.0,2007-09-01,2010-08-21
2,score_only,fused_fisher_lrt_delta,corr_mix,0.25,2.0,19,0.3684210526315789,0.3684210526315789,0.0,0.0,2007-09-01,2010-08-21
2,score_only,fused_fisher_lrt_delta,corr_mix,0.5,1.0,19,0.42105263157894735,0.42105263157894735,0.0,0.0,2007-09-01,2010-08-21
2,score_only,fused_fisher_lrt_delta,corr_mix,0.5,2.0,19,0.3684210526315789,0.3684210526315789,0.0,0.0,2007-09-01,2010-08-21
2,score_only,fused_fisher_lrt_delta,corr_mix,0.75,1.0,19,0.42105263157894735,0.42105263157894735,0.0,0.0,2007-09-01,2010-08-21
2,score_only,fused_fisher_lrt_delta,corr_mix,0.75,2.0,19,0.3684210526315789,0.3684210526315789,0.0,0.0,2007-09-01,2010-08-21
2,score_only,fused_fisher_lrt_delta,corr_mix,1.0,1.0,19,0.3157894736842105,0.3157894736842105,0.0,0.0,2007-09-01,2010-08-21
2,score_only,fused_fisher_lrt_delta,corr_mix,1.0,2.0,19,0.3684210526315789,0.3684210526315789,0.0,0.0,2007-09-01,2010-08-21
2,score_only,fused_fisher_lrt_delta,freeze,0.0,1.0,19,0.10526315789473684,0.10526315789473684,0.0,0.0,2007-09-01,2010-08-21
2,score_only,fused_fisher_lrt_delta,freeze,0.0,2.0,19,0.3157894736842105,0.3157894736842105,0.0,0.0,2007-09-01,2010-08-21
2,score_only,fused_fisher_lrt_delta,freeze,0.25,1.0,19,0.05263157894736842,0.05263157894736842,0.0,0.0,2007-09-01,2010-08-21
2,score_only,fused_fisher_lrt_delta,freeze,0.25,2.0,19,0.3157894736842105,0.3157894736842105,0.0,0.0,2007-09-01,2010-08-21
2,score_only,fused_fisher_lrt_delta,freeze,0.5,1.0,19,0.05263157894736842,0.05263157894736842,0.0,0.0,2007-09-01,2010-08-21
2,score_only,fused_fisher_lrt_delta,freeze,0.5,2.0,19,0.3157894736842105,0.3157894736842105,0.0,0.0,2007-09-01,2010-08-21
2,score_only,fused_fisher_lrt_delta,freeze,0.75,1.0,19,0.0,0.0,0.0,0.0,2007-09-01,2010-08-21
2,score_only,fused_fisher_lrt_delta,freeze,0.75,2.0,19,0.2631578947368421,0.2631578947368421,0.0,0.0,2007-09-01,2010-08-21
2,score_only,fused_fisher_lrt_delta,freeze,1.0,1.0,19,0.0,0.0,0.0,0.0,2007-09-01,2010-08-21
2,score_only,fused_fisher_lrt_delta,freeze,1.0,2.0,19,0.2631578947368421,0.2631578947368421,0.0,0.0,2007-09-01,2010-08-21
2,score_only,fused_sp,corr_mix,0.0,1.0,19,0.21052631578947367,0.21052631578947367,0.2631578947368421,0.0,2007-09-01,2010-08-21
2,score_only,fused_sp,corr_mix,0.0,2.0,19,0.10526315789473684,0.3157894736842105,0.0,0.7894736842105263,2007-09-01,2010-08-21
2,score_only,fused_sp,corr_mix,0.25,1.0,19,0.21052631578947367,0.2631578947368421,0.2631578947368421,0.0,2007-09-01,2010-08-21
2,score_only,fused_sp,corr_mix,0.25,2.0,19,0.10526315789473684,0.3684210526315789,0.0,0.7894736842105263,2007-09-01,2010-08-21
2,score_only,fused_sp,corr_mix,0.5,1.0,19,0.21052631578947367,0.2631578947368421,0.2631578947368421,0.0,2007-09-01,2010-08-21
2,score_only,fused_sp,corr_mix,0.5,2.0,19,0.10526315789473684,0.3684210526315789,0.0,0.7894736842105263,2007-09-01,2010-08-21
2,score_only,fused_sp,corr_mix,0.75,1.0,19,0.21052631578947367,0.2631578947368421,0.2631578947368421,0.0,2007-09-01,2010-08-21
2,score_only,fused_sp,corr_mix,0.75,2.0,19,0.10526315789473684,0.3684210526315789,0.0,0.7894736842105263,2007-09-01,2010-08-21
2,score_only,fused_sp,corr_mix,1.0,1.0,19,0.21052631578947367,0.2631578947368421,0.2631578947368421,0.0,2007-09-01,2010-08-21
2,score_only,fused_sp,corr_mix,1.0,2.0,19,0.10526315789473684,0.3684210526315789,0.0,0.7894736842105263,2007-09-01,2010-08-21
2,score_only,fused_sp,freeze,0.0,1.0,19,0.21052631578947367,0.21052631578947367,0.2631578947368421,0.0,2007-09-01,2010-08-21
2,score_only,fused_sp,freeze,0.0,2.0,19,0.10526315789473684,0.3157894736842105,0.0,0.7894736842105263,2007-09-01,2010-08-21
2,score_only,fused_sp,freeze,0.25,1.0,19,0.10526315789473684,0.10526315789473684,0.2631578947368421,0.0,2007-09-01,2010-08-21
2,score_only,fused_sp,freeze,0.25,2.0,19,0.10526315789473684,0.15789473684210525,0.0,0.7894736842105263,2007-09-01,2010-08-21
2,score_only,fused_sp,freeze,0.5,1.0,19,0.05263157894736842,0.05263157894736842,0.2631578947368421,0.0,2007-09-01,2010-08-21
2,score_only,fused_sp,freeze,0.5,2.0,19,0.10526315789473684,0.15789473684210525,0.0,0.7894736842105263,2007-09-01,2010-08-21
2,score_only,fused_sp,freeze,0.75,1.0,19,0.0,0.0,0.2631578947368421,0.0,2007-09-01,2010-08-21
2,score_only,fused_sp,freeze,0.75,2.0,19,0.10526315789473684,0.15789473684210525,0.0,0.7894736842105263,2007-09-01,2010-08-21
2,score_only,fused_sp,freeze,1.0,1.0,19,0.0,0.0,0.2631578947368421,0.0,2007-09-01,2010-08-21
2,score_only,fused_sp,freeze,1.0,2.0,19,0.10526315789473684,0.15789473684210525,0.0,0.7894736842105263,2007-09-01,2010-08-21
2,score_only,fused_sp_lrt_delta,corr_mix,0.0,1.0,19,0.05263157894736842,0.05263157894736842,0.7368421052631579,0.0,2007-09-01,2010-08-21
2,score_only,fused_sp_lrt_delta,corr_mix,0.0,2.0,19,0.05263157894736842,0.05263157894736842,0.0,0.0,2007-09-01,2010-08-21
2,score_only,fused_sp_lrt_delta,corr_mix,0.25,1.0,19,0.05263157894736842,0.05263157894736842,0.7368421052631579,0.0,2007-09-01,2010-08-21
2,score_only,fused_sp_lrt_delta,corr_mix,0.25,2.0,19,0.05263157894736842,0.05263157894736842,0.0,0.0,2007-09-01,2010-08-21
2,score_only,fused_sp_lrt_delta,corr_mix,0.5,1.0,19,0.0,0.0,0.7368421052631579,0.0,2007-09-01,2010-08-21
2,score_only,fused_sp_lrt_delta,corr_mix,0.5,2.0,19,0.05263157894736842,0.05263157894736842,0.0,0.0,2007-09-01,2010-08-21
2,score_only,fused_sp_lrt_delta,corr_mix,0.75,1.0,19,0.0,0.0,0.7368421052631579,0.0,2007-09-01,2010-08-21
2,score_only,fused_sp_lrt_delta,corr_mix,0.75,2.0,19,0.05263157894736842,0.05263157894736842,0.0,0.0,2007-09-01,2010-08-21
2,score_only,fused_sp_lrt_delta,corr_mix,1.0,1.0,19,0.0,0.0,0.7368421052631579,0.0,2007-09-01,2010-08-21
2,score_only,fused_sp_lrt_delta,corr_mix,1.0,2.0,19,0.05263157894736842,0.05263157894736842,0.0,0.0,2007-09-01,2010-08-21
2,score_only,fused_sp_lrt_delta,freeze,0.0,1.0,19,0.05263157894736842,0.05263157894736842,0.7368421052631579,0.0,2007-09-01,2010-08-21
2,score_only,fused_sp_lrt_delta,freeze,0.0,2.0,19,0.05263157894736842,0.05263157894736842,0.0,0.0,2007-09-01,2010-08-21
2,score_only,fused_sp_lrt_delta,freeze,0.25,1.0,19,0.05263157894736842,0.05263157894736842,0.7368421052631579,0.0,2007-09-01,2010-08-21
2,score_only,fused_sp_lrt_delta,freeze,0.25,2.0,19,0.05263157894736842,0.05263157894736842,0.0,0.0,2007-09-01,2010-08-21
2,score_only,fused_sp_lrt_delta,freeze,0.5,1.0,19,0.05263157894736842,0.05263157894736842,0.7368421052631579,0.0,2007-09-01,2010-08-21
2,score_only,fused_sp_lrt_delta,freeze,0.5,2.0,19,0.05263157894736842,0.05263157894736842,0.0,0.0,2007-09-01,2010-08-21
2,score_only,fused_sp_lrt_delta,freeze,0.75,1.0,19,0.05263157894736842,0.05263157894736842,0.7368421052631579,0.0,2007-09-01,2010-08-21
2,score_only,fused_sp_lrt_delta,freeze,0.75,2.0,19,0.05263157894736842,0.05263157894736842,0.0,0.0,2007-09-01,2010-08-21
2,score_only,fused_sp_lrt_delta,freeze,1.0,1.0,19,0.0,0.0,0.7368421052631579,0.0,2007-09-01,2010-08-21
2,score_only,fused_sp_lrt_delta,freeze,1.0,2.0,19,0.05263157894736842,0.05263157894736842,0.0,0.0,2007-09-01,2010-08-21
2,score_only,max_abs,corr_mix,0.0,1.0,19,0.15789473684210525,0.15789473684210525,0.5789473684210527,0.0,2007-09-01,2010-08-21
2,score_only,max_abs,corr_mix,0.0,2.0,19,0.05263157894736842,0.2631578947368421,0.0,0.8421052631578947,2007-09-01,2010-08-21
2,score_only,max_abs,corr_mix,0.25,1.0,19,0.15789473684210525,0.15789473684210525,0.5789473684210527,0.0,2007-09-01,2010-08-21
2,score_only,max_abs,corr_mix,0.25,2.0,19,0.05263157894736842,0.15789473684210525,0.0,0.8421052631578947,2007-09-01,2010-08-21
2,score_only,max_abs,corr_mix,0.5,1.0,19,0.0,0.0,0.5789473684210527,0.0,2007-09-01,2010-08-21
2,score_only,max_abs,corr_mix,0.5,2.0,19,0.05263157894736842,0.15789473684210525,0.0,0.8421052631578947,2007-09-01,2010-08-21
2,score_only,max_abs,corr_mix,0.75,1.0,19,0.0,0.0,0.5789473684210527,0.0,2007-09-01,2010-08-21
2,score_only,max_abs,corr_mix,0.75,2.0,19,0.05263157894736842,0.15789473684210525,0.0,0.8421052631578947,2007-09-01,2010-08-21
2,score_only,max_abs,corr_mix,1.0,1.0,19,0.05263157894736842,0.05263157894736842,0.5789473684210527,0.0,2007-09-01,2010-08-21
2,score_only,max_abs,corr_mix,1.0,2.0,19,0.05263157894736842,0.15789473684210525,0.0,0.8421052631578947,2007-09-01,2010-08-21
2,score_only,max_abs,freeze,0.0,1.0,19,0.15789473684210525,0.15789473684210525,0.5789473684210527,0.0,2007-09-01,2010-08-21
2,score_only,max_abs,freeze,0.0,2.0,19,0.05263157894736842,0.2631578947368421,0.0,0.8421052631578947,2007-09-01,2010-08-21
2,score_only,max_abs,freeze,0.25,1.0,19,0.15789473684210525,0.15789473684210525,0.5789473684210527,0.0,2007-09-01,2010-08-21
2,score_only,max_abs,freeze,0.25,2.0,19,0.05263157894736842,0.15789473684210525,0.0,0.8421052631578947,2007-09-01,2010-08-21
2,score_only,max_abs,freeze,0.5,1.0,19,0.05263157894736842,0.05263157894736842,0.5789473684210527,0.0,2007-09-01,2010-08-21
2,score_only,max_abs,freeze,0.5,2.0,19,0.05263157894736842,0.15789473684210525,0.0,0.8421052631578947,2007-09-01,2010-08-21
2,score_only,max_abs,freeze,0.75,1.0,19,0.0,0.0,0.5789473684210527,0.0,2007-09-01,2010-08-21
2,score_only,max_abs,freeze,0.75,2.0,19,0.05263157894736842,0.15789473684210525,0.0,0.8421052631578947,2007-09-01,2010-08-21
2,score_only,max_abs,freeze,1.0,1.0,19,0.0,0.0,0.5789473684210527,0.0,2007-09-01,2010-08-21
2,score_only,max_abs,freeze,1.0,2.0,19,0.05263157894736842,0.15789473684210525,0.0,0.8421052631578947,2007-09-01,2010-08-21
2,score_only,pc_t2,corr_mix,0.0,1.0,19,0.15789473684210525,0.15789473684210525,0.0,0.0,2007-09-01,2010-08-21
2,score_only,pc_t2,corr_mix,0.0,2.0,19,0.0,0.2631578947368421,0.0,0.9473684210526315,2007-09-01,2010-08-21
2,score_only,pc_t2,corr_mix,0.25,1.0,19,0.15789473684210525,0.15789473684210525,0.0,0.0,2007-09-01,2010-08-21
2,score_only,pc_t2,corr_mix,0.25,2.0,19,0.0,0.2631578947368421,0.0,0.9473684210526315,2007-09-01,2010-08-21
2,score_only,pc_t2,corr_mix,0.5,1.0,19,0.05263157894736842,0.05263157894736842,0.0,0.0,2007-09-01,2010-08-21
2,score_only,pc_t2,corr_mix,0.5,2.0,19,0.0,0.2631578947368421,0.0,0.9473684210526315,2007-09-01,2010-08-21
2,score_only,pc_t2,corr_mix,0.75,1.0,19,0.05263157894736842,0.05263157894736842,0.0,0.0,2007-09-01,2010-08-21
2,score_only,pc_t2,corr_mix,0.75,2.0,19,0.0,0.2631578947368421,0.0,0.9473684210526315,2007-09-01,2010-08-21
2,score_only,pc_t2,corr_mix,1.0,1.0,19,0.05263157894736842,0.05263157894736842,0.0,0.0,2007-09-01,2010-08-21
2,score_only,pc_t2,corr_mix,1.0,2.0,19,0.0,0.2631578947368421,0.0,0.9473684210526315,2007-09-01,2010-08-21
2,score_only,pc_t2,freeze,0.0,1.0,19,0.15789473684210525,0.15789473684210525,0.0,0.0,2007-09-01,2010-08-21
2,score_only,pc_t2,freeze,0.0,2.0,19,0.0,0.2631578947368421,0.0,0.9473684210526315,2007-09-01,2010-08-21
2,score_only,pc_t2,freeze,0.25,1.0,19,0.0,0.0,0.0,0.0,2007-09-01,2010-08-21
2,score_only,pc_t2,freeze,0.25,2.0,19,0.0,0.0,0.0,0.9473684210526315,2007-09-01,2010-08-21
2,score_only,pc_t2,freeze,0.5,1.0,19,0.0,0.0,0.0,0.0,2007-09-01,2010-08-21
2,score_only,pc_t2,freeze,0.5,2.0,19,0.0,0.0,0.0,0.9473684210526315,2007-09-01,2010-08-21
2,score_only,pc_t2,freeze,0.75,1.0,19,0.0,0.0,0.0,0.0,2007-09-01,2010-08-21
2,score_only,pc_t2,freeze,0.75,2.0,19,0.0,0.0,0.0,0.9473684210526315,2007-09-01,2010-08-21
2,score_only,pc_t2,freeze,1.0,1.0,19,0.0,0.0,0.0,0.0,2007-09-01,2010-08-21
2,score_only,pc_t2,freeze,1.0,2.0,19,0.0,0.0,0.0,0.9473684210526315,2007-09-01,2010-08-21
2,score_only,res_energy,corr_mix,0.0,1.0,19,0.10526315789473684,0.10526315789473684,0.0,0.0,2007-09-01,2010-08-21
2,score_only,res_energy,corr_mix,0.0,2.0,19,0.05263157894736842,0.05263157894736842,0.0,0.7368421052631579,2007-09-01,2010-08-21
2,score_only,res_energy,corr_mix,0.25,1.0,19,0.5263157894736842,0.5263157894736842,0.0,0.0,2007-09-01,2010-08-21
2,score_only,res_energy,corr_mix,0.25,2.0,19,0.05263157894736842,0.47368421052631576,0.0,0.7368421052631579,2007-09-01,2010-08-21
2,score_only,res_energy,corr_mix,0.5,1.0,19,0.5263157894736842,0.5263157894736842,0.0,0.0,2007-09-01,2010-08-21
2,score_only,res_energy,corr_mix,0.5,2.0,19,0.05263157894736842,0.47368421052631576,0.0,0.7368421052631579,2007-09-01,2010-08-21
2,score_only,res_energy,corr_mix,0.75,1.0,19,0.5263157894736842,0.5263157894736842,0.0,0.0,2007-09-01,2010-08-21
2,score_only,res_energy,corr_mix,0.75,2.0,19,0.05263157894736842,0.47368421052631576,0.0,0.7368421052631579,2007-09-01,2010-08-21
2,score_only,res_energy,corr_mix,1.0,1.0,19,0.5263157894736842,0.5263157894736842,0.0,0.0,2007-09-01,2010-08-21
2,score_only,res_energy,corr_mix,1.0,2.0,19,0.05263157894736842,0.47368421052631576,0.0,0.7368421052631579,2007-09-01,2010-08-21
2,score_only,res_energy,freeze,0.0,1.0,19,0.10526315789473684,0.10526315789473684,0.0,0.0,2007-09-01,2010-08-21
2,score_only,res_energy,freeze,0.0,2.0,19,0.05263157894736842,0.05263157894736842,0.0,0.7368421052631579,2007-09-01,2010-08-21
2,score_only,res_energy,freeze,0.25,1.0,19,0.05263157894736842,0.05263157894736842,0.0,0.0,2007-09-01,2010-08-21
2,score_only,res_energy,freeze,0.25,2.0,19,0.05263157894736842,0.05263157894736842,0.0,0.7368421052631579,2007-09-01,2010-08-21
2,score_only,res_energy,freeze,0.5,1.0,19,0.0,0.0,0.0,0.0,2007-09-01,2010-08-21
2,score_only,res_energy,freeze,0.5,2.0,19,0.05263157894736842,0.05263157894736842,0.0,0.7368421052631579,2007-09-01,2010-08-21
2,score_only,res_energy,freeze,0.75,1.0,19,0.0,0.0,0.0,0.0,2007-09-01,2010-08-21
2,score_only,res_energy,freeze,0.75,2.0,19,0.05263157894736842,0.05263157894736842,0.0,0.7368421052631579,2007-09-01,2010-08-21
2,score_only,res_energy,freeze,1.0,1.0,19,0.0,0.0,0.0,0.0,2007-09-01,2010-08-21
2,score_only,res_energy,freeze,1.0,2.0,19,0.05263157894736842,0.05263157894736842,0.0,0.7368421052631579,2007-09-01,2010-08-21
2,score_only,stale,corr_mix,0.0,1.0,19,0.0,0.5789473684210527,1.0,1.0,2007-09-01,2010-08-21
2,score_only,stale,corr_mix,0.0,2.0,19,0.0,0.5789473684210527,0.0,1.0,2007-09-01,2010-08-21
2,score_only,stale,corr_mix,0.25,1.0,19,0.0,0.5789473684210527,1.0,1.0,2007-09-01,2010-08-21
2,score_only,stale,corr_mix,0.25,2.0,19,0.0,0.5789473684210527,0.0,1.0,2007-09-01,2010-08-21
2,score_only,stale,corr_mix,0.5,1.0,19,0.0,0.5789473684210527,1.0,1.0,2007-09-01,2010-08-21
2,score_only,stale,corr_mix,0.5,2.0,19,0.0,0.5789473684210527,0.0,1.0,2007-09-01,2010-08-21
2,score_only,stale,corr_mix,0.75,1.0,19,0.0,0.5789473684210527,1.0,1.0,2007-09-01,2010-08-21
2,score_only,stale,corr_mix,0.75,2.0,19,0.0,0.5789473684210527,0.0,1.0,2007-09-01,2010-08-21
2,score_only,stale,corr_mix,1.0,1.0,19,0.0,0.5789473684210527,1.0,1.0,2007-09-01,2010-08-21
2,score_only,stale,corr_mix,1.0,2.0,19,0.0,0.5789473684210527,0.0,1.0,2007-09-01,2010-08-21
2,score_only,stale,freeze,0.0,1.0,19,0.0,0.5789473684210527,1.0,1.0,2007-09-01,2010-08-21
2,score_only,stale,freeze,0.0,2.0,19,0.0,0.5789473684210527,0.0,1.0,2007-09-01,2010-08-21
2,score_only,stale,freeze,0.25,1.0,19,0.0,0.5789473684210527,1.0,1.0,2007-09-01,2010-08-21
2,score_only,stale,freeze,0.25,2.0,19,0.0,0.5789473684210527,0.0,1.0,2007-09-01,2010-08-21
2,score_only,stale,freeze,0.5,1.0,19,0.0,0.5789473684210527,1.0,1.0,2007-09-01,2010-08-21
2,score_only,stale,freeze,0.5,2.0,19,0.0,0.5789473684210527,0.0,1.0,2007-09-01,2010-08-21
2,score_only,stale,freeze,0.75,1.0,19,0.0,0.5789473684210527,1.0,1.0,2007-09-01,2010-08-21
2,score_only,stale,freeze,0.75,2.0,19,0.0,0.5789473684210527,0.0,1.0,2007-09-01,2010-08-21
2,score_only,stale,freeze,1.0,1.0,19,0.0,0.5789473684210527,1.0,1.0,2007-09-01,2010-08-21
2,score_only,stale,freeze,1.0,2.0,19,0.0,0.5789473684210527,0.0,1.0,2007-09-01,2010-08-21
