kind,panel,detector,budget,attack_strength,matched_mode,matched_budget_band,matched_tol_budget,tiw_cap,matched_tol_tiw,n_trials_total,n_trials_budget,n_trials_joint,n_trials_primary,coverage_budget,coverage_joint,coverage_primary,fae_null_mean_primary,tiw_null_mean_primary,false_alert_events_count_mean_primary,detect_rate,detect_rate_null,uplift_detect_rate,event_success_rate,event_timely_sla_rate,event_anywarn_success_rate,event_anywarn_timely_sla_rate,event_preexisting_warning_rate,contract_pass_full_rate,contract_pass_full_anywarn_rate,event_sla_months,median_delay,median_delay_null,delay_p50,delay_p90,delay_null_p50,delay_null_p90,event_delay_p50,event_delay_p90,event_time_to_trigger_p50,event_time_to_trigger_p90,median_delay_uncens,median_delay_null_uncens,mean_false_alarm_months_per_year,mean_false_alert_events_per_year,mean_time_in_warning,mean_p_star,mean_effect_size,mean_fae_null,mean_tiw_null,mean_cad_win,mean_cad_post,mean_dtiw_win,mean_abs_dtiw_win,mean_dtiw_post,row_status,infeasible_reason
corr_mix,all_only,T2,1.0,0.0,budget_only,count,0.1,0.15,0.1,30,30,30,30,1.0,1.0,1.0,0.8543735224586289,0.019621749408983456,4.633333333333334,0.36666666666666664,0.36666666666666664,0.0,0.36666666666666664,0.0,0.36666666666666664,0.0,0.0,0.0,0.0,4.0,26.0,26.0,26.0,26.0,26.0,26.0,26.0,26.0,26.0,26.0,15.0,15.0,1.0203309692671394,0.8543735224586289,0.019621749408983456,0.020294593204858803,0.0,0.8543735224586289,0.019621749408983456,0.0,0.0,0.0,0.0,0.0,OK,
corr_mix,all_only,T2,1.0,0.25,budget_only,count,0.1,0.15,0.1,30,30,30,30,1.0,1.0,1.0,0.8543735224586289,0.019621749408983456,4.633333333333334,0.36666666666666664,0.36666666666666664,0.0,0.36666666666666664,0.0,0.36666666666666664,0.0,0.0,0.0,0.0,4.0,26.0,26.0,26.0,26.0,26.0,26.0,26.0,26.0,26.0,26.0,15.0,15.0,1.0203309692671394,0.8543735224586289,0.019621749408983456,0.020294593204858803,0.0,0.8543735224586289,0.019621749408983456,0.0,0.0,0.0,0.0,0.0,OK,
corr_mix,all_only,T2,1.0,0.5,budget_only,count,0.1,0.15,0.1,30,30,30,30,1.0,1.0,1.0,0.8543735224586289,0.019621749408983456,4.633333333333334,0.36666666666666664,0.36666666666666664,0.0,0.36666666666666664,0.0,0.36666666666666664,0.0,0.0,0.0,0.0,4.0,26.0,26.0,26.0,26.0,26.0,26.0,26.0,26.0,26.0,26.0,15.0,15.0,1.0203309692671394,0.8543735224586289,0.019621749408983456,0.020294593204858803,0.0,0.8543735224586289,0.019621749408983456,0.0,0.0,0.0,0.0,0.0,OK,
corr_mix,all_only,T2,1.0,0.75,budget_only,count,0.1,0.15,0.1,30,30,30,30,1.0,1.0,1.0,0.8543735224586289,0.019621749408983456,4.633333333333334,0.36666666666666664,0.36666666666666664,0.0,0.36666666666666664,0.0,0.36666666666666664,0.0,0.0,0.0,0.0,4.0,26.0,26.0,26.0,26.0,26.0,26.0,26.0,26.0,26.0,26.0,15.0,15.0,1.0203309692671394,0.8543735224586289,0.019621749408983456,0.020294593204858803,0.0,0.8543735224586289,0.019621749408983456,0.0,0.0,0.0,0.0,0.0,OK,
corr_mix,all_only,T2,1.0,1.0,budget_only,count,0.1,0.15,0.1,30,30,30,30,1.0,1.0,1.0,0.8543735224586289,0.019621749408983456,4.633333333333334,0.36666666666666664,0.36666666666666664,0.0,0.36666666666666664,0.0,0.36666666666666664,0.0,0.0,0.0,0.0,4.0,26.0,26.0,26.0,26.0,26.0,26.0,26.0,26.0,26.0,26.0,15.0,15.0,1.0203309692671394,0.8543735224586289,0.019621749408983456,0.020294593204858803,0.0,0.8543735224586289,0.019621749408983456,0.0,0.0,0.0,0.0,0.0,OK,
corr_mix,all_only,T2,INFEASIBLE,0.0,budget_only,count,INFEASIBLE,INFEASIBLE,INFEASIBLE,INFEASIBLE,INFEASIBLE,INFEASIBLE,INFEASIBLE,INFEASIBLE,INFEASIBLE,INFEASIBLE,INFEASIBLE,INFEASIBLE,INFEASIBLE,INFEASIBLE,INFEASIBLE,INFEASIBLE,INFEASIBLE,INFEASIBLE,INFEASIBLE,INFEASIBLE,INFEASIBLE,INFEASIBLE,INFEASIBLE,,INFEASIBLE,INFEASIBLE,INFEASIBLE,INFEASIBLE,INFEASIBLE,INFEASIBLE,INFEASIBLE,INFEASIBLE,INFEASIBLE,INFEASIBLE,INFEASIBLE,INFEASIBLE,INFEASIBLE,INFEASIBLE,INFEASIBLE,INFEASIBLE,INFEASIBLE,INFEASIBLE,INFEASIBLE,INFEASIBLE,INFEASIBLE,INFEASIBLE,INFEASIBLE,INFEASIBLE,INFEASIBLE,no_trials_in_band
corr_mix,all_only,T2,INFEASIBLE,0.25,budget_only,count,INFEASIBLE,INFEASIBLE,INFEASIBLE,INFEASIBLE,INFEASIBLE,INFEASIBLE,INFEASIBLE,INFEASIBLE,INFEASIBLE,INFEASIBLE,INFEASIBLE,INFEASIBLE,INFEASIBLE,INFEASIBLE,INFEASIBLE,INFEASIBLE,INFEASIBLE,INFEASIBLE,INFEASIBLE,INFEASIBLE,INFEASIBLE,INFEASIBLE,INFEASIBLE,,INFEASIBLE,INFEASIBLE,INFEASIBLE,INFEASIBLE,INFEASIBLE,INFEASIBLE,INFEASIBLE,INFEASIBLE,INFEASIBLE,INFEASIBLE,INFEASIBLE,INFEASIBLE,INFEASIBLE,INFEASIBLE,INFEASIBLE,INFEASIBLE,INFEASIBLE,INFEASIBLE,INFEASIBLE,INFEASIBLE,INFEASIBLE,INFEASIBLE,INFEASIBLE,INFEASIBLE,INFEASIBLE,no_trials_in_band
corr_mix,all_only,T2,INFEASIBLE,0.5,budget_only,count,INFEASIBLE,INFEASIBLE,INFEASIBLE,INFEASIBLE,INFEASIBLE,INFEASIBLE,INFEASIBLE,INFEASIBLE,INFEASIBLE,INFEASIBLE,INFEASIBLE,INFEASIBLE,INFEASIBLE,INFEASIBLE,INFEASIBLE,INFEASIBLE,INFEASIBLE,INFEASIBLE,INFEASIBLE,INFEASIBLE,INFEASIBLE,INFEASIBLE,INFEASIBLE,,INFEASIBLE,INFEASIBLE,INFEASIBLE,INFEASIBLE,INFEASIBLE,INFEASIBLE,INFEASIBLE,INFEASIBLE,INFEASIBLE,INFEASIBLE,INFEASIBLE,INFEASIBLE,INFEASIBLE,INFEASIBLE,INFEASIBLE,INFEASIBLE,INFEASIBLE,INFEASIBLE,INFEASIBLE,INFEASIBLE,INFEASIBLE,INFEASIBLE,INFEASIBLE,INFEASIBLE,INFEASIBLE,no_trials_in_band
corr_mix,all_only,T2,INFEASIBLE,0.75,budget_only,count,INFEASIBLE,INFEASIBLE,INFEASIBLE,INFEASIBLE,INFEASIBLE,INFEASIBLE,INFEASIBLE,INFEASIBLE,INFEASIBLE,INFEASIBLE,INFEASIBLE,INFEASIBLE,INFEASIBLE,INFEASIBLE,INFEASIBLE,INFEASIBLE,INFEASIBLE,INFEASIBLE,INFEASIBLE,INFEASIBLE,INFEASIBLE,INFEASIBLE,INFEASIBLE,,INFEASIBLE,INFEASIBLE,INFEASIBLE,INFEASIBLE,INFEASIBLE,INFEASIBLE,INFEASIBLE,INFEASIBLE,INFEASIBLE,INFEASIBLE,INFEASIBLE,INFEASIBLE,INFEASIBLE,INFEASIBLE,INFEASIBLE,INFEASIBLE,INFEASIBLE,INFEASIBLE,INFEASIBLE,INFEASIBLE,INFEASIBLE,INFEASIBLE,INFEASIBLE,INFEASIBLE,INFEASIBLE,no_trials_in_band
corr_mix,all_only,T2,INFEASIBLE,1.0,budget_only,count,INFEASIBLE,INFEASIBLE,INFEASIBLE,INFEASIBLE,INFEASIBLE,INFEASIBLE,INFEASIBLE,INFEASIBLE,INFEASIBLE,INFEASIBLE,INFEASIBLE,INFEASIBLE,INFEASIBLE,INFEASIBLE,INFEASIBLE,INFEASIBLE,INFEASIBLE,INFEASIBLE,INFEASIBLE,INFEASIBLE,INFEASIBLE,INFEASIBLE,INFEASIBLE,,INFEASIBLE,INFEASIBLE,INFEASIBLE,INFEASIBLE,INFEASIBLE,INFEASIBLE,INFEASIBLE,INFEASIBLE,INFEASIBLE,INFEASIBLE,INFEASIBLE,INFEASIBLE,INFEASIBLE,INFEASIBLE,INFEASIBLE,INFEASIBLE,INFEASIBLE,INFEASIBLE,INFEASIBLE,INFEASIBLE,INFEASIBLE,INFEASIBLE,INFEASIBLE,INFEASIBLE,INFEASIBLE,no_trials_in_band
corr_mix,all_only,cusum_factor_cov_lrt,1.0,0.0,budget_only,count,0.1,0.15,0.1,30,6,6,6,0.2,0.2,0.2,1.0449172576832153,0.020094562647754135,5.666666666666667,0.8333333333333334,0.8333333333333334,0.0,0.8333333333333334,0.3333333333333333,0.8333333333333334,0.3333333333333333,0.0,0.0,0.0,4.0,10.0,10.0,10.0,18.5,10.0,18.5,10.0,18.5,10.0,18.5,9.0,9.0,1.0449172576832153,1.0449172576832153,0.020094562647754135,NA,-0.3390941408377693,1.0449172576832153,0.020094562647754135,0.0,0.0,0.0,0.0,0.0,OK,
corr_mix,all_only,cusum_factor_cov_lrt,1.0,0.25,budget_only,count,0.1,0.15,0.1,30,6,6,6,0.2,0.2,0.2,1.0449172576832153,0.020094562647754135,5.666666666666667,0.8333333333333334,0.8333333333333334,0.0,0.8333333333333334,0.3333333333333333,0.8333333333333334,0.3333333333333333,0.0,0.0,0.0,4.0,10.0,10.0,10.0,18.5,10.0,18.5,10.0,18.5,10.0,18.5,9.0,9.0,1.0449172576832153,1.0449172576832153,0.020094562647754135,NA,-0.3390941408377693,1.0449172576832153,0.020094562647754135,0.0,0.0,0.0,0.0,0.0,OK,
corr_mix,all_only,cusum_factor_cov_lrt,1.0,0.5,budget_only,count,0.1,0.15,0.1,30,6,6,6,0.2,0.2,0.2,1.0449172576832153,0.020094562647754135,5.666666666666667,0.8333333333333334,0.8333333333333334,0.0,0.8333333333333334,0.3333333333333333,0.8333333333333334,0.3333333333333333,0.0,0.0,0.0,4.0,10.0,10.0,10.0,18.5,10.0,18.5,10.0,18.5,10.0,18.5,9.0,9.0,1.0449172576832153,1.0449172576832153,0.020094562647754135,NA,-0.3390941408377693,1.0449172576832153,0.020094562647754135,0.0,0.0,0.0,0.0,0.0,OK,
corr_mix,all_only,cusum_factor_cov_lrt,1.0,0.75,budget_only,count,0.1,0.15,0.1,30,6,6,6,0.2,0.2,0.2,1.0449172576832153,0.020094562647754135,5.666666666666667,0.8333333333333334,0.8333333333333334,0.0,0.8333333333333334,0.3333333333333333,0.8333333333333334,0.3333333333333333,0.0,0.0,0.0,4.0,10.0,10.0,10.0,18.5,10.0,18.5,10.0,18.5,10.0,18.5,9.0,9.0,1.0449172576832153,1.0449172576832153,0.020094562647754135,NA,-0.3390941408377693,1.0449172576832153,0.020094562647754135,0.0,0.0,0.0,0.0,0.0,OK,
corr_mix,all_only,cusum_factor_cov_lrt,1.0,1.0,budget_only,count,0.1,0.15,0.1,30,6,6,6,0.2,0.2,0.2,1.0449172576832153,0.020094562647754135,5.666666666666667,0.8333333333333334,0.8333333333333334,0.0,0.8333333333333334,0.3333333333333333,0.8333333333333334,0.3333333333333333,0.0,0.0,0.0,4.0,10.0,10.0,10.0,18.5,10.0,18.5,10.0,18.5,10.0,18.5,9.0,9.0,1.0449172576832153,1.0449172576832153,0.020094562647754135,NA,-0.3390941408377693,1.0449172576832153,0.020094562647754135,0.0,0.0,0.0,0.0,0.0,OK,
corr_mix,all_only,cusum_factor_cov_lrt,2.0,0.0,budget_only,count,0.1,0.15,0.1,30,1,1,1,0.03333333333333333,0.03333333333333333,0.03333333333333333,1.6595744680851063,0.031914893617021274,9.0,0.0,0.0,0.0,0.0,0.0,0.0,0.0,0.0,0.0,0.0,4.0,26.0,26.0,26.0,26.0,26.0,26.0,26.0,26.0,26.0,26.0,NA,NA,1.6595744680851063,1.6595744680851063,0.031914893617021274,NA,-0.988259385164778,1.6595744680851063,0.031914893617021274,0.0,0.0,0.0,0.0,0.0,OK,
corr_mix,all_only,cusum_factor_cov_lrt,2.0,0.25,budget_only,count,0.1,0.15,0.1,30,1,1,1,0.03333333333333333,0.03333333333333333,0.03333333333333333,1.6595744680851063,0.031914893617021274,9.0,0.0,0.0,0.0,0.0,0.0,0.0,0.0,0.0,0.0,0.0,4.0,26.0,26.0,26.0,26.0,26.0,26.0,26.0,26.0,26.0,26.0,NA,NA,1.6595744680851063,1.6595744680851063,0.031914893617021274,NA,-0.988259385164778,1.6595744680851063,0.031914893617021274,0.0,0.0,0.0,0.0,0.0,OK,
corr_mix,all_only,cusum_factor_cov_lrt,2.0,0.5,budget_only,count,0.1,0.15,0.1,30,1,1,1,0.03333333333333333,0.03333333333333333,0.03333333333333333,1.6595744680851063,0.031914893617021274,9.0,0.0,0.0,0.0,0.0,0.0,0.0,0.0,0.0,0.0,0.0,4.0,26.0,26.0,26.0,26.0,26.0,26.0,26.0,26.0,26.0,26.0,NA,NA,1.6595744680851063,1.6595744680851063,0.031914893617021274,NA,-0.988259385164778,1.6595744680851063,0.031914893617021274,0.0,0.0,0.0,0.0,0.0,OK,
corr_mix,all_only,cusum_factor_cov_lrt,2.0,0.75,budget_only,count,0.1,0.15,0.1,30,1,1,1,0.03333333333333333,0.03333333333333333,0.03333333333333333,1.6595744680851063,0.031914893617021274,9.0,0.0,0.0,0.0,0.0,0.0,0.0,0.0,0.0,0.0,0.0,4.0,26.0,26.0,26.0,26.0,26.0,26.0,26.0,26.0,26.0,26.0,NA,NA,1.6595744680851063,1.6595744680851063,0.031914893617021274,NA,-0.988259385164778,1.6595744680851063,0.031914893617021274,0.0,0.0,0.0,0.0,0.0,OK,
corr_mix,all_only,cusum_factor_cov_lrt,2.0,1.0,budget_only,count,0.1,0.15,0.1,30,1,1,1,0.03333333333333333,0.03333333333333333,0.03333333333333333,1.6595744680851063,0.031914893617021274,9.0,0.0,0.0,0.0,0.0,0.0,0.0,0.0,0.0,0.0,0.0,4.0,26.0,26.0,26.0,26.0,26.0,26.0,26.0,26.0,26.0,26.0,NA,NA,1.6595744680851063,1.6595744680851063,0.031914893617021274,NA,-0.988259385164778,1.6595744680851063,0.031914893617021274,0.0,0.0,0.0,0.0,0.0,OK,
corr_mix,all_only,ewma_factor_cov_lrt,INFEASIBLE,0.0,budget_only,count,INFEASIBLE,INFEASIBLE,INFEASIBLE,INFEASIBLE,INFEASIBLE,INFEASIBLE,INFEASIBLE,INFEASIBLE,INFEASIBLE,INFEASIBLE,INFEASIBLE,INFEASIBLE,INFEASIBLE,INFEASIBLE,INFEASIBLE,INFEASIBLE,INFEASIBLE,INFEASIBLE,INFEASIBLE,INFEASIBLE,INFEASIBLE,INFEASIBLE,INFEASIBLE,,INFEASIBLE,INFEASIBLE,INFEASIBLE,INFEASIBLE,INFEASIBLE,INFEASIBLE,INFEASIBLE,INFEASIBLE,INFEASIBLE,INFEASIBLE,INFEASIBLE,INFEASIBLE,INFEASIBLE,INFEASIBLE,INFEASIBLE,INFEASIBLE,INFEASIBLE,INFEASIBLE,INFEASIBLE,INFEASIBLE,INFEASIBLE,INFEASIBLE,INFEASIBLE,INFEASIBLE,INFEASIBLE,no_trials_in_band
corr_mix,all_only,ewma_factor_cov_lrt,INFEASIBLE,0.25,budget_only,count,INFEASIBLE,INFEASIBLE,INFEASIBLE,INFEASIBLE,INFEASIBLE,INFEASIBLE,INFEASIBLE,INFEASIBLE,INFEASIBLE,INFEASIBLE,INFEASIBLE,INFEASIBLE,INFEASIBLE,INFEASIBLE,INFEASIBLE,INFEASIBLE,INFEASIBLE,INFEASIBLE,INFEASIBLE,INFEASIBLE,INFEASIBLE,INFEASIBLE,INFEASIBLE,,INFEASIBLE,INFEASIBLE,INFEASIBLE,INFEASIBLE,INFEASIBLE,INFEASIBLE,INFEASIBLE,INFEASIBLE,INFEASIBLE,INFEASIBLE,INFEASIBLE,INFEASIBLE,INFEASIBLE,INFEASIBLE,INFEASIBLE,INFEASIBLE,INFEASIBLE,INFEASIBLE,INFEASIBLE,INFEASIBLE,INFEASIBLE,INFEASIBLE,INFEASIBLE,INFEASIBLE,INFEASIBLE,no_trials_in_band
corr_mix,all_only,ewma_factor_cov_lrt,INFEASIBLE,0.5,budget_only,count,INFEASIBLE,INFEASIBLE,INFEASIBLE,INFEASIBLE,INFEASIBLE,INFEASIBLE,INFEASIBLE,INFEASIBLE,INFEASIBLE,INFEASIBLE,INFEASIBLE,INFEASIBLE,INFEASIBLE,INFEASIBLE,INFEASIBLE,INFEASIBLE,INFEASIBLE,INFEASIBLE,INFEASIBLE,INFEASIBLE,INFEASIBLE,INFEASIBLE,INFEASIBLE,,INFEASIBLE,INFEASIBLE,INFEASIBLE,INFEASIBLE,INFEASIBLE,INFEASIBLE,INFEASIBLE,INFEASIBLE,INFEASIBLE,INFEASIBLE,INFEASIBLE,INFEASIBLE,INFEASIBLE,INFEASIBLE,INFEASIBLE,INFEASIBLE,INFEASIBLE,INFEASIBLE,INFEASIBLE,INFEASIBLE,INFEASIBLE,INFEASIBLE,INFEASIBLE,INFEASIBLE,INFEASIBLE,no_trials_in_band
corr_mix,all_only,ewma_factor_cov_lrt,INFEASIBLE,0.75,budget_only,count,INFEASIBLE,INFEASIBLE,INFEASIBLE,INFEASIBLE,INFEASIBLE,INFEASIBLE,INFEASIBLE,INFEASIBLE,INFEASIBLE,INFEASIBLE,INFEASIBLE,INFEASIBLE,INFEASIBLE,INFEASIBLE,INFEASIBLE,INFEASIBLE,INFEASIBLE,INFEASIBLE,INFEASIBLE,INFEASIBLE,INFEASIBLE,INFEASIBLE,INFEASIBLE,,INFEASIBLE,INFEASIBLE,INFEASIBLE,INFEASIBLE,INFEASIBLE,INFEASIBLE,INFEASIBLE,INFEASIBLE,INFEASIBLE,INFEASIBLE,INFEASIBLE,INFEASIBLE,INFEASIBLE,INFEASIBLE,INFEASIBLE,INFEASIBLE,INFEASIBLE,INFEASIBLE,INFEASIBLE,INFEASIBLE,INFEASIBLE,INFEASIBLE,INFEASIBLE,INFEASIBLE,INFEASIBLE,no_trials_in_band
corr_mix,all_only,ewma_factor_cov_lrt,INFEASIBLE,1.0,budget_only,count,INFEASIBLE,INFEASIBLE,INFEASIBLE,INFEASIBLE,INFEASIBLE,INFEASIBLE,INFEASIBLE,INFEASIBLE,INFEASIBLE,INFEASIBLE,INFEASIBLE,INFEASIBLE,INFEASIBLE,INFEASIBLE,INFEASIBLE,INFEASIBLE,INFEASIBLE,INFEASIBLE,INFEASIBLE,INFEASIBLE,INFEASIBLE,INFEASIBLE,INFEASIBLE,,INFEASIBLE,INFEASIBLE,INFEASIBLE,INFEASIBLE,INFEASIBLE,INFEASIBLE,INFEASIBLE,INFEASIBLE,INFEASIBLE,INFEASIBLE,INFEASIBLE,INFEASIBLE,INFEASIBLE,INFEASIBLE,INFEASIBLE,INFEASIBLE,INFEASIBLE,INFEASIBLE,INFEASIBLE,INFEASIBLE,INFEASIBLE,INFEASIBLE,INFEASIBLE,INFEASIBLE,INFEASIBLE,no_trials_in_band
corr_mix,all_only,ewma_factor_cov_lrt,INFEASIBLE,0.0,budget_only,count,INFEASIBLE,INFEASIBLE,INFEASIBLE,INFEASIBLE,INFEASIBLE,INFEASIBLE,INFEASIBLE,INFEASIBLE,INFEASIBLE,INFEASIBLE,INFEASIBLE,INFEASIBLE,INFEASIBLE,INFEASIBLE,INFEASIBLE,INFEASIBLE,INFEASIBLE,INFEASIBLE,INFEASIBLE,INFEASIBLE,INFEASIBLE,INFEASIBLE,INFEASIBLE,,INFEASIBLE,INFEASIBLE,INFEASIBLE,INFEASIBLE,INFEASIBLE,INFEASIBLE,INFEASIBLE,INFEASIBLE,INFEASIBLE,INFEASIBLE,INFEASIBLE,INFEASIBLE,INFEASIBLE,INFEASIBLE,INFEASIBLE,INFEASIBLE,INFEASIBLE,INFEASIBLE,INFEASIBLE,INFEASIBLE,INFEASIBLE,INFEASIBLE,INFEASIBLE,INFEASIBLE,INFEASIBLE,no_trials_in_band
corr_mix,all_only,ewma_factor_cov_lrt,INFEASIBLE,0.25,budget_only,count,INFEASIBLE,INFEASIBLE,INFEASIBLE,INFEASIBLE,INFEASIBLE,INFEASIBLE,INFEASIBLE,INFEASIBLE,INFEASIBLE,INFEASIBLE,INFEASIBLE,INFEASIBLE,INFEASIBLE,INFEASIBLE,INFEASIBLE,INFEASIBLE,INFEASIBLE,INFEASIBLE,INFEASIBLE,INFEASIBLE,INFEASIBLE,INFEASIBLE,INFEASIBLE,,INFEASIBLE,INFEASIBLE,INFEASIBLE,INFEASIBLE,INFEASIBLE,INFEASIBLE,INFEASIBLE,INFEASIBLE,INFEASIBLE,INFEASIBLE,INFEASIBLE,INFEASIBLE,INFEASIBLE,INFEASIBLE,INFEASIBLE,INFEASIBLE,INFEASIBLE,INFEASIBLE,INFEASIBLE,INFEASIBLE,INFEASIBLE,INFEASIBLE,INFEASIBLE,INFEASIBLE,INFEASIBLE,no_trials_in_band
corr_mix,all_only,ewma_factor_cov_lrt,INFEASIBLE,0.5,budget_only,count,INFEASIBLE,INFEASIBLE,INFEASIBLE,INFEASIBLE,INFEASIBLE,INFEASIBLE,INFEASIBLE,INFEASIBLE,INFEASIBLE,INFEASIBLE,INFEASIBLE,INFEASIBLE,INFEASIBLE,INFEASIBLE,INFEASIBLE,INFEASIBLE,INFEASIBLE,INFEASIBLE,INFEASIBLE,INFEASIBLE,INFEASIBLE,INFEASIBLE,INFEASIBLE,,INFEASIBLE,INFEASIBLE,INFEASIBLE,INFEASIBLE,INFEASIBLE,INFEASIBLE,INFEASIBLE,INFEASIBLE,INFEASIBLE,INFEASIBLE,INFEASIBLE,INFEASIBLE,INFEASIBLE,INFEASIBLE,INFEASIBLE,INFEASIBLE,INFEASIBLE,INFEASIBLE,INFEASIBLE,INFEASIBLE,INFEASIBLE,INFEASIBLE,INFEASIBLE,INFEASIBLE,INFEASIBLE,no_trials_in_band
corr_mix,all_only,ewma_factor_cov_lrt,INFEASIBLE,0.75,budget_only,count,INFEASIBLE,INFEASIBLE,INFEASIBLE,INFEASIBLE,INFEASIBLE,INFEASIBLE,INFEASIBLE,INFEASIBLE,INFEASIBLE,INFEASIBLE,INFEASIBLE,INFEASIBLE,INFEASIBLE,INFEASIBLE,INFEASIBLE,INFEASIBLE,INFEASIBLE,INFEASIBLE,INFEASIBLE,INFEASIBLE,INFEASIBLE,INFEASIBLE,INFEASIBLE,,INFEASIBLE,INFEASIBLE,INFEASIBLE,INFEASIBLE,INFEASIBLE,INFEASIBLE,INFEASIBLE,INFEASIBLE,INFEASIBLE,INFEASIBLE,INFEASIBLE,INFEASIBLE,INFEASIBLE,INFEASIBLE,INFEASIBLE,INFEASIBLE,INFEASIBLE,INFEASIBLE,INFEASIBLE,INFEASIBLE,INFEASIBLE,INFEASIBLE,INFEASIBLE,INFEASIBLE,INFEASIBLE,no_trials_in_band
corr_mix,all_only,ewma_factor_cov_lrt,INFEASIBLE,1.0,budget_only,count,INFEASIBLE,INFEASIBLE,INFEASIBLE,INFEASIBLE,INFEASIBLE,INFEASIBLE,INFEASIBLE,INFEASIBLE,INFEASIBLE,INFEASIBLE,INFEASIBLE,INFEASIBLE,INFEASIBLE,INFEASIBLE,INFEASIBLE,INFEASIBLE,INFEASIBLE,INFEASIBLE,INFEASIBLE,INFEASIBLE,INFEASIBLE,INFEASIBLE,INFEASIBLE,,INFEASIBLE,INFEASIBLE,INFEASIBLE,INFEASIBLE,INFEASIBLE,INFEASIBLE,INFEASIBLE,INFEASIBLE,INFEASIBLE,INFEASIBLE,INFEASIBLE,INFEASIBLE,INFEASIBLE,INFEASIBLE,INFEASIBLE,INFEASIBLE,INFEASIBLE,INFEASIBLE,INFEASIBLE,INFEASIBLE,INFEASIBLE,INFEASIBLE,INFEASIBLE,INFEASIBLE,INFEASIBLE,no_trials_in_band
corr_mix,all_only,factor_cov_change,1.0,0.0,budget_only,count,0.1,0.15,0.1,30,30,30,30,1.0,1.0,1.0,1.038770685579196,0.11430260047281322,5.633333333333334,0.4666666666666667,0.4666666666666667,0.0,0.6666666666666666,0.23333333333333334,0.6666666666666666,0.23333333333333334,0.2,0.03333333333333333,0.03333333333333333,4.0,26.0,26.0,26.0,26.0,26.0,26.0,20.0,26.0,26.0,26.0,18.5,18.5,5.9437352245862884,1.038770685579196,0.11430260047281322,0.33409558876152445,0.20003773485707857,1.038770685579196,0.11430260047281322,0.0,0.0,0.0,0.0,0.0,OK,
corr_mix,all_only,factor_cov_change,1.0,0.25,budget_only,count,0.1,0.15,0.1,30,30,30,30,1.0,1.0,1.0,1.038770685579196,0.11430260047281322,5.633333333333334,0.4666666666666667,0.4666666666666667,0.0,0.6666666666666666,0.23333333333333334,0.6666666666666666,0.23333333333333334,0.2,0.03333333333333333,0.03333333333333333,4.0,26.0,26.0,26.0,26.0,26.0,26.0,20.0,26.0,26.0,26.0,18.5,18.5,5.9437352245862884,1.038770685579196,0.11430260047281322,0.33409558876152445,0.20003773485707857,1.038770685579196,0.11430260047281322,0.0,0.0,0.0,0.0,0.0,OK,
corr_mix,all_only,factor_cov_change,1.0,0.5,budget_only,count,0.1,0.15,0.1,30,30,30,30,1.0,1.0,1.0,1.038770685579196,0.11430260047281322,5.633333333333334,0.4666666666666667,0.4666666666666667,0.0,0.6666666666666666,0.23333333333333334,0.6666666666666666,0.23333333333333334,0.2,0.03333333333333333,0.03333333333333333,4.0,26.0,26.0,26.0,26.0,26.0,26.0,20.0,26.0,26.0,26.0,18.5,18.5,5.9437352245862884,1.038770685579196,0.11430260047281322,0.33409558876152445,0.20003773485707857,1.038770685579196,0.11430260047281322,0.0,0.0,0.0,0.0,0.0,OK,
corr_mix,all_only,factor_cov_change,1.0,0.75,budget_only,count,0.1,0.15,0.1,30,30,30,30,1.0,1.0,1.0,1.038770685579196,0.11430260047281322,5.633333333333334,0.4666666666666667,0.4666666666666667,0.0,0.6666666666666666,0.23333333333333334,0.6666666666666666,0.23333333333333334,0.2,0.03333333333333333,0.03333333333333333,4.0,26.0,26.0,26.0,26.0,26.0,26.0,20.0,26.0,26.0,26.0,18.5,18.5,5.9437352245862884,1.038770685579196,0.11430260047281322,0.33409558876152445,0.20003773485707857,1.038770685579196,0.11430260047281322,0.0,0.0,0.0,0.0,0.0,OK,
corr_mix,all_only,factor_cov_change,1.0,1.0,budget_only,count,0.1,0.15,0.1,30,30,30,30,1.0,1.0,1.0,1.038770685579196,0.11430260047281322,5.633333333333334,0.4666666666666667,0.4666666666666667,0.0,0.6666666666666666,0.23333333333333334,0.6666666666666666,0.23333333333333334,0.2,0.03333333333333333,0.03333333333333333,4.0,26.0,26.0,26.0,26.0,26.0,26.0,20.0,26.0,26.0,26.0,18.5,18.5,5.9437352245862884,1.038770685579196,0.11430260047281322,0.33409558876152445,0.20003773485707857,1.038770685579196,0.11430260047281322,0.0,0.0,0.0,0.0,0.0,OK,
corr_mix,all_only,factor_cov_change,2.0,0.0,budget_only,count,0.1,0.15,0.1,30,14,14,14,0.4666666666666667,0.4666666666666667,0.4666666666666667,1.6595744680851066,0.1469098277608916,9.0,0.2857142857142857,0.2857142857142857,0.0,0.6428571428571429,0.35714285714285715,0.6428571428571429,0.35714285714285715,0.35714285714285715,0.35714285714285715,0.35714285714285715,4.0,26.0,26.0,26.0,26.0,26.0,26.0,22.0,26.0,26.0,26.0,22.0,22.0,7.639311043566363,1.6595744680851066,0.1469098277608916,0.9094273818307756,0.3214501342040448,1.6595744680851066,0.1469098277608916,0.0,0.0,0.0,0.0,0.0,OK,
corr_mix,all_only,factor_cov_change,2.0,0.25,budget_only,count,0.1,0.15,0.1,30,14,14,14,0.4666666666666667,0.4666666666666667,0.4666666666666667,1.6595744680851066,0.1469098277608916,9.0,0.2857142857142857,0.2857142857142857,0.0,0.6428571428571429,0.35714285714285715,0.6428571428571429,0.35714285714285715,0.35714285714285715,0.35714285714285715,0.35714285714285715,4.0,26.0,26.0,26.0,26.0,26.0,26.0,22.0,26.0,26.0,26.0,22.0,22.0,7.639311043566363,1.6595744680851066,0.1469098277608916,0.9094273818307756,0.3214501342040448,1.6595744680851066,0.1469098277608916,0.0,0.0,0.0,0.0,0.0,OK,
corr_mix,all_only,factor_cov_change,2.0,0.5,budget_only,count,0.1,0.15,0.1,30,14,14,14,0.4666666666666667,0.4666666666666667,0.4666666666666667,1.6595744680851066,0.1469098277608916,9.0,0.2857142857142857,0.2857142857142857,0.0,0.6428571428571429,0.35714285714285715,0.6428571428571429,0.35714285714285715,0.35714285714285715,0.35714285714285715,0.35714285714285715,4.0,26.0,26.0,26.0,26.0,26.0,26.0,22.0,26.0,26.0,26.0,22.0,22.0,7.639311043566363,1.6595744680851066,0.1469098277608916,0.9094273818307756,0.3214501342040448,1.6595744680851066,0.1469098277608916,0.0,0.0,0.0,0.0,0.0,OK,
corr_mix,all_only,factor_cov_change,2.0,0.75,budget_only,count,0.1,0.15,0.1,30,14,14,14,0.4666666666666667,0.4666666666666667,0.4666666666666667,1.6595744680851066,0.1469098277608916,9.0,0.2857142857142857,0.2857142857142857,0.0,0.6428571428571429,0.35714285714285715,0.6428571428571429,0.35714285714285715,0.35714285714285715,0.35714285714285715,0.35714285714285715,4.0,26.0,26.0,26.0,26.0,26.0,26.0,22.0,26.0,26.0,26.0,22.0,22.0,7.639311043566363,1.6595744680851066,0.1469098277608916,0.9094273818307756,0.3214501342040448,1.6595744680851066,0.1469098277608916,0.0,0.0,0.0,0.0,0.0,OK,
corr_mix,all_only,factor_cov_change,2.0,1.0,budget_only,count,0.1,0.15,0.1,30,14,14,14,0.4666666666666667,0.4666666666666667,0.4666666666666667,1.6595744680851066,0.1469098277608916,9.0,0.2857142857142857,0.2857142857142857,0.0,0.6428571428571429,0.35714285714285715,0.6428571428571429,0.35714285714285715,0.35714285714285715,0.35714285714285715,0.35714285714285715,4.0,26.0,26.0,26.0,26.0,26.0,26.0,22.0,26.0,26.0,26.0,22.0,22.0,7.639311043566363,1.6595744680851066,0.1469098277608916,0.9094273818307756,0.3214501342040448,1.6595744680851066,0.1469098277608916,0.0,0.0,0.0,0.0,0.0,OK,
corr_mix,all_only,factor_cov_delta,1.0,0.0,budget_only,count,0.1,0.15,0.1,30,30,30,30,1.0,1.0,1.0,0.8543735224586289,0.019621749408983456,4.633333333333334,0.36666666666666664,0.36666666666666664,0.0,0.36666666666666664,0.0,0.36666666666666664,0.0,0.0,0.0,0.0,4.0,26.0,26.0,26.0,26.0,26.0,26.0,26.0,26.0,26.0,26.0,15.0,15.0,1.0203309692671394,0.8543735224586289,0.019621749408983456,0.020294593204858803,2.378304202792081e-06,0.8543735224586289,0.019621749408983456,0.0,0.0,0.0,0.0,0.0,OK,
corr_mix,all_only,factor_cov_delta,1.0,0.25,budget_only,count,0.1,0.15,0.1,30,30,30,30,1.0,1.0,1.0,0.8543735224586289,0.019621749408983456,4.633333333333334,0.36666666666666664,0.36666666666666664,0.0,0.36666666666666664,0.0,0.36666666666666664,0.0,0.0,0.0,0.0,4.0,26.0,26.0,26.0,26.0,26.0,26.0,26.0,26.0,26.0,26.0,15.0,15.0,1.0203309692671394,0.8543735224586289,0.019621749408983456,0.020294593204858803,2.378304202792081e-06,0.8543735224586289,0.019621749408983456,0.0,0.0,0.0,0.0,0.0,OK,
corr_mix,all_only,factor_cov_delta,1.0,0.5,budget_only,count,0.1,0.15,0.1,30,30,30,30,1.0,1.0,1.0,0.8543735224586289,0.019621749408983456,4.633333333333334,0.36666666666666664,0.36666666666666664,0.0,0.36666666666666664,0.0,0.36666666666666664,0.0,0.0,0.0,0.0,4.0,26.0,26.0,26.0,26.0,26.0,26.0,26.0,26.0,26.0,26.0,15.0,15.0,1.0203309692671394,0.8543735224586289,0.019621749408983456,0.020294593204858803,2.378304202792081e-06,0.8543735224586289,0.019621749408983456,0.0,0.0,0.0,0.0,0.0,OK,
corr_mix,all_only,factor_cov_delta,1.0,0.75,budget_only,count,0.1,0.15,0.1,30,30,30,30,1.0,1.0,1.0,0.8543735224586289,0.019621749408983456,4.633333333333334,0.36666666666666664,0.36666666666666664,0.0,0.36666666666666664,0.0,0.36666666666666664,0.0,0.0,0.0,0.0,4.0,26.0,26.0,26.0,26.0,26.0,26.0,26.0,26.0,26.0,26.0,15.0,15.0,1.0203309692671394,0.8543735224586289,0.019621749408983456,0.020294593204858803,2.378304202792081e-06,0.8543735224586289,0.019621749408983456,0.0,0.0,0.0,0.0,0.0,OK,
corr_mix,all_only,factor_cov_delta,1.0,1.0,budget_only,count,0.1,0.15,0.1,30,30,30,30,1.0,1.0,1.0,0.8543735224586289,0.019621749408983456,4.633333333333334,0.36666666666666664,0.36666666666666664,0.0,0.36666666666666664,0.0,0.36666666666666664,0.0,0.0,0.0,0.0,4.0,26.0,26.0,26.0,26.0,26.0,26.0,26.0,26.0,26.0,26.0,15.0,15.0,1.0203309692671394,0.8543735224586289,0.019621749408983456,0.020294593204858803,2.378304202792081e-06,0.8543735224586289,0.019621749408983456,0.0,0.0,0.0,0.0,0.0,OK,
corr_mix,all_only,factor_cov_delta,2.0,0.0,budget_only,count,0.1,0.15,0.1,30,9,9,9,0.3,0.3,0.3,1.6595744680851063,0.0417651694247439,9.0,0.1111111111111111,0.1111111111111111,0.0,0.2222222222222222,0.1111111111111111,0.2222222222222222,0.1111111111111111,0.1111111111111111,0.1111111111111111,0.1111111111111111,4.0,26.0,26.0,26.0,26.0,26.0,26.0,26.0,26.0,26.0,26.0,25.0,25.0,2.171788810086683,1.6595744680851063,0.0417651694247439,0.98,6.023345402697247e-10,1.6595744680851063,0.0417651694247439,0.0,0.0,0.0,0.0,0.0,OK,
corr_mix,all_only,factor_cov_delta,2.0,0.25,budget_only,count,0.1,0.15,0.1,30,9,9,9,0.3,0.3,0.3,1.6595744680851063,0.0417651694247439,9.0,0.1111111111111111,0.1111111111111111,0.0,0.2222222222222222,0.1111111111111111,0.2222222222222222,0.1111111111111111,0.1111111111111111,0.1111111111111111,0.1111111111111111,4.0,26.0,26.0,26.0,26.0,26.0,26.0,26.0,26.0,26.0,26.0,25.0,25.0,2.171788810086683,1.6595744680851063,0.0417651694247439,0.98,6.023345402697247e-10,1.6595744680851063,0.0417651694247439,0.0,0.0,0.0,0.0,0.0,OK,
corr_mix,all_only,factor_cov_delta,2.0,0.5,budget_only,count,0.1,0.15,0.1,30,9,9,9,0.3,0.3,0.3,1.6595744680851063,0.0417651694247439,9.0,0.1111111111111111,0.1111111111111111,0.0,0.2222222222222222,0.1111111111111111,0.2222222222222222,0.1111111111111111,0.1111111111111111,0.1111111111111111,0.1111111111111111,4.0,26.0,26.0,26.0,26.0,26.0,26.0,26.0,26.0,26.0,26.0,25.0,25.0,2.171788810086683,1.6595744680851063,0.0417651694247439,0.98,6.023345402697247e-10,1.6595744680851063,0.0417651694247439,0.0,0.0,0.0,0.0,0.0,OK,
corr_mix,all_only,factor_cov_delta,2.0,0.75,budget_only,count,0.1,0.15,0.1,30,9,9,9,0.3,0.3,0.3,1.6595744680851063,0.0417651694247439,9.0,0.1111111111111111,0.1111111111111111,0.0,0.2222222222222222,0.1111111111111111,0.2222222222222222,0.1111111111111111,0.1111111111111111,0.1111111111111111,0.1111111111111111,4.0,26.0,26.0,26.0,26.0,26.0,26.0,26.0,26.0,26.0,26.0,25.0,25.0,2.171788810086683,1.6595744680851063,0.0417651694247439,0.98,6.023345402697247e-10,1.6595744680851063,0.0417651694247439,0.0,0.0,0.0,0.0,0.0,OK,
corr_mix,all_only,factor_cov_delta,2.0,1.0,budget_only,count,0.1,0.15,0.1,30,9,9,9,0.3,0.3,0.3,1.6595744680851063,0.0417651694247439,9.0,0.1111111111111111,0.1111111111111111,0.0,0.2222222222222222,0.1111111111111111,0.2222222222222222,0.1111111111111111,0.1111111111111111,0.1111111111111111,0.1111111111111111,4.0,26.0,26.0,26.0,26.0,26.0,26.0,26.0,26.0,26.0,26.0,25.0,25.0,2.171788810086683,1.6595744680851063,0.0417651694247439,0.98,6.023345402697247e-10,1.6595744680851063,0.0417651694247439,0.0,0.0,0.0,0.0,0.0,OK,
corr_mix,all_only,factor_cov_lrt,1.0,0.0,budget_only,count,0.1,0.15,0.1,30,30,5,30,1.0,0.16666666666666666,1.0,1.0633569739952717,0.1780141843971631,5.766666666666667,0.4,0.4,0.0,0.6,0.3,0.6,0.3,0.2,0.03333333333333333,0.03333333333333333,4.0,26.0,26.0,26.0,26.0,26.0,26.0,20.0,26.0,26.0,26.0,14.5,14.5,9.25673758865248,1.0633569739952717,0.1780141843971631,0.6644288488758611,-0.21308644295497667,1.0633569739952717,0.1780141843971631,0.0,0.0,0.0,0.0,0.0,OK,
corr_mix,all_only,factor_cov_lrt,1.0,0.25,budget_only,count,0.1,0.15,0.1,30,30,5,30,1.0,0.16666666666666666,1.0,1.0633569739952717,0.1780141843971631,5.766666666666667,0.4,0.4,0.0,0.6,0.3,0.6,0.3,0.2,0.03333333333333333,0.03333333333333333,4.0,26.0,26.0,26.0,26.0,26.0,26.0,20.0,26.0,26.0,26.0,14.5,14.5,9.25673758865248,1.0633569739952717,0.1780141843971631,0.6644288488758611,-0.21308644295497667,1.0633569739952717,0.1780141843971631,0.0,0.0,0.0,0.0,0.0,OK,
corr_mix,all_only,factor_cov_lrt,1.0,0.5,budget_only,count,0.1,0.15,0.1,30,30,5,30,1.0,0.16666666666666666,1.0,1.0633569739952717,0.1780141843971631,5.766666666666667,0.4,0.4,0.0,0.6,0.3,0.6,0.3,0.2,0.03333333333333333,0.03333333333333333,4.0,26.0,26.0,26.0,26.0,26.0,26.0,20.0,26.0,26.0,26.0,14.5,14.5,9.25673758865248,1.0633569739952717,0.1780141843971631,0.6644288488758611,-0.21308644295497667,1.0633569739952717,0.1780141843971631,0.0,0.0,0.0,0.0,0.0,OK,
corr_mix,all_only,factor_cov_lrt,1.0,0.75,budget_only,count,0.1,0.15,0.1,30,30,5,30,1.0,0.16666666666666666,1.0,1.0633569739952717,0.1780141843971631,5.766666666666667,0.4,0.4,0.0,0.6,0.3,0.6,0.3,0.2,0.03333333333333333,0.03333333333333333,4.0,26.0,26.0,26.0,26.0,26.0,26.0,20.0,26.0,26.0,26.0,14.5,14.5,9.25673758865248,1.0633569739952717,0.1780141843971631,0.6644288488758611,-0.21308644295497667,1.0633569739952717,0.1780141843971631,0.0,0.0,0.0,0.0,0.0,OK,
corr_mix,all_only,factor_cov_lrt,1.0,1.0,budget_only,count,0.1,0.15,0.1,30,30,5,30,1.0,0.16666666666666666,1.0,1.0633569739952717,0.1780141843971631,5.766666666666667,0.4,0.4,0.0,0.6,0.3,0.6,0.3,0.2,0.03333333333333333,0.03333333333333333,4.0,26.0,26.0,26.0,26.0,26.0,26.0,20.0,26.0,26.0,26.0,14.5,14.5,9.25673758865248,1.0633569739952717,0.1780141843971631,0.6644288488758611,-0.21308644295497667,1.0633569739952717,0.1780141843971631,0.0,0.0,0.0,0.0,0.0,OK,
corr_mix,all_only,factor_cov_lrt,INFEASIBLE,0.0,budget_only,count,INFEASIBLE,INFEASIBLE,INFEASIBLE,INFEASIBLE,INFEASIBLE,INFEASIBLE,INFEASIBLE,INFEASIBLE,INFEASIBLE,INFEASIBLE,INFEASIBLE,INFEASIBLE,INFEASIBLE,INFEASIBLE,INFEASIBLE,INFEASIBLE,INFEASIBLE,INFEASIBLE,INFEASIBLE,INFEASIBLE,INFEASIBLE,INFEASIBLE,INFEASIBLE,,INFEASIBLE,INFEASIBLE,INFEASIBLE,INFEASIBLE,INFEASIBLE,INFEASIBLE,INFEASIBLE,INFEASIBLE,INFEASIBLE,INFEASIBLE,INFEASIBLE,INFEASIBLE,INFEASIBLE,INFEASIBLE,INFEASIBLE,INFEASIBLE,INFEASIBLE,INFEASIBLE,INFEASIBLE,INFEASIBLE,INFEASIBLE,INFEASIBLE,INFEASIBLE,INFEASIBLE,INFEASIBLE,no_trials_in_band
corr_mix,all_only,factor_cov_lrt,INFEASIBLE,0.25,budget_only,count,INFEASIBLE,INFEASIBLE,INFEASIBLE,INFEASIBLE,INFEASIBLE,INFEASIBLE,INFEASIBLE,INFEASIBLE,INFEASIBLE,INFEASIBLE,INFEASIBLE,INFEASIBLE,INFEASIBLE,INFEASIBLE,INFEASIBLE,INFEASIBLE,INFEASIBLE,INFEASIBLE,INFEASIBLE,INFEASIBLE,INFEASIBLE,INFEASIBLE,INFEASIBLE,,INFEASIBLE,INFEASIBLE,INFEASIBLE,INFEASIBLE,INFEASIBLE,INFEASIBLE,INFEASIBLE,INFEASIBLE,INFEASIBLE,INFEASIBLE,INFEASIBLE,INFEASIBLE,INFEASIBLE,INFEASIBLE,INFEASIBLE,INFEASIBLE,INFEASIBLE,INFEASIBLE,INFEASIBLE,INFEASIBLE,INFEASIBLE,INFEASIBLE,INFEASIBLE,INFEASIBLE,INFEASIBLE,no_trials_in_band
corr_mix,all_only,factor_cov_lrt,INFEASIBLE,0.5,budget_only,count,INFEASIBLE,INFEASIBLE,INFEASIBLE,INFEASIBLE,INFEASIBLE,INFEASIBLE,INFEASIBLE,INFEASIBLE,INFEASIBLE,INFEASIBLE,INFEASIBLE,INFEASIBLE,INFEASIBLE,INFEASIBLE,INFEASIBLE,INFEASIBLE,INFEASIBLE,INFEASIBLE,INFEASIBLE,INFEASIBLE,INFEASIBLE,INFEASIBLE,INFEASIBLE,,INFEASIBLE,INFEASIBLE,INFEASIBLE,INFEASIBLE,INFEASIBLE,INFEASIBLE,INFEASIBLE,INFEASIBLE,INFEASIBLE,INFEASIBLE,INFEASIBLE,INFEASIBLE,INFEASIBLE,INFEASIBLE,INFEASIBLE,INFEASIBLE,INFEASIBLE,INFEASIBLE,INFEASIBLE,INFEASIBLE,INFEASIBLE,INFEASIBLE,INFEASIBLE,INFEASIBLE,INFEASIBLE,no_trials_in_band
corr_mix,all_only,factor_cov_lrt,INFEASIBLE,0.75,budget_only,count,INFEASIBLE,INFEASIBLE,INFEASIBLE,INFEASIBLE,INFEASIBLE,INFEASIBLE,INFEASIBLE,INFEASIBLE,INFEASIBLE,INFEASIBLE,INFEASIBLE,INFEASIBLE,INFEASIBLE,INFEASIBLE,INFEASIBLE,INFEASIBLE,INFEASIBLE,INFEASIBLE,INFEASIBLE,INFEASIBLE,INFEASIBLE,INFEASIBLE,INFEASIBLE,,INFEASIBLE,INFEASIBLE,INFEASIBLE,INFEASIBLE,INFEASIBLE,INFEASIBLE,INFEASIBLE,INFEASIBLE,INFEASIBLE,INFEASIBLE,INFEASIBLE,INFEASIBLE,INFEASIBLE,INFEASIBLE,INFEASIBLE,INFEASIBLE,INFEASIBLE,INFEASIBLE,INFEASIBLE,INFEASIBLE,INFEASIBLE,INFEASIBLE,INFEASIBLE,INFEASIBLE,INFEASIBLE,no_trials_in_band
corr_mix,all_only,factor_cov_lrt,INFEASIBLE,1.0,budget_only,count,INFEASIBLE,INFEASIBLE,INFEASIBLE,INFEASIBLE,INFEASIBLE,INFEASIBLE,INFEASIBLE,INFEASIBLE,INFEASIBLE,INFEASIBLE,INFEASIBLE,INFEASIBLE,INFEASIBLE,INFEASIBLE,INFEASIBLE,INFEASIBLE,INFEASIBLE,INFEASIBLE,INFEASIBLE,INFEASIBLE,INFEASIBLE,INFEASIBLE,INFEASIBLE,,INFEASIBLE,INFEASIBLE,INFEASIBLE,INFEASIBLE,INFEASIBLE,INFEASIBLE,INFEASIBLE,INFEASIBLE,INFEASIBLE,INFEASIBLE,INFEASIBLE,INFEASIBLE,INFEASIBLE,INFEASIBLE,INFEASIBLE,INFEASIBLE,INFEASIBLE,INFEASIBLE,INFEASIBLE,INFEASIBLE,INFEASIBLE,INFEASIBLE,INFEASIBLE,INFEASIBLE,INFEASIBLE,no_trials_in_band
corr_mix,all_only,factor_cov_lrt_delta,1.0,0.0,budget_only,count,0.1,0.15,0.1,30,21,21,21,0.7,0.7,0.7,0.7375886524822695,0.014184397163120569,4.0,0.0,0.0,0.0,0.0,0.0,0.0,0.0,0.0,0.0,0.0,4.0,26.0,26.0,26.0,26.0,26.0,26.0,26.0,26.0,26.0,26.0,NA,NA,0.7375886524822695,0.7375886524822695,0.014184397163120569,0.020294593204858803,0.06656367029883928,0.7375886524822695,0.014184397163120569,0.0,0.0,0.0,0.0,0.0,OK,
corr_mix,all_only,factor_cov_lrt_delta,1.0,0.25,budget_only,count,0.1,0.15,0.1,30,21,21,21,0.7,0.7,0.7,0.7375886524822695,0.014184397163120569,4.0,0.0,0.0,0.0,0.0,0.0,0.0,0.0,0.0,0.0,0.0,4.0,26.0,26.0,26.0,26.0,26.0,26.0,26.0,26.0,26.0,26.0,NA,NA,0.7375886524822695,0.7375886524822695,0.014184397163120569,0.020294593204858803,0.06656367029883928,0.7375886524822695,0.014184397163120569,0.0,0.0,0.0,0.0,0.0,OK,
corr_mix,all_only,factor_cov_lrt_delta,1.0,0.5,budget_only,count,0.1,0.15,0.1,30,21,21,21,0.7,0.7,0.7,0.7375886524822695,0.014184397163120569,4.0,0.0,0.0,0.0,0.0,0.0,0.0,0.0,0.0,0.0,0.0,4.0,26.0,26.0,26.0,26.0,26.0,26.0,26.0,26.0,26.0,26.0,NA,NA,0.7375886524822695,0.7375886524822695,0.014184397163120569,0.020294593204858803,0.06656367029883928,0.7375886524822695,0.014184397163120569,0.0,0.0,0.0,0.0,0.0,OK,
corr_mix,all_only,factor_cov_lrt_delta,1.0,0.75,budget_only,count,0.1,0.15,0.1,30,21,21,21,0.7,0.7,0.7,0.7375886524822695,0.014184397163120569,4.0,0.0,0.0,0.0,0.0,0.0,0.0,0.0,0.0,0.0,0.0,4.0,26.0,26.0,26.0,26.0,26.0,26.0,26.0,26.0,26.0,26.0,NA,NA,0.7375886524822695,0.7375886524822695,0.014184397163120569,0.020294593204858803,0.06656367029883928,0.7375886524822695,0.014184397163120569,0.0,0.0,0.0,0.0,0.0,OK,
corr_mix,all_only,factor_cov_lrt_delta,1.0,1.0,budget_only,count,0.1,0.15,0.1,30,21,21,21,0.7,0.7,0.7,0.7375886524822695,0.014184397163120569,4.0,0.0,0.0,0.0,0.0,0.0,0.0,0.0,0.0,0.0,0.0,4.0,26.0,26.0,26.0,26.0,26.0,26.0,26.0,26.0,26.0,26.0,NA,NA,0.7375886524822695,0.7375886524822695,0.014184397163120569,0.020294593204858803,0.06656367029883928,0.7375886524822695,0.014184397163120569,0.0,0.0,0.0,0.0,0.0,OK,
corr_mix,all_only,factor_cov_lrt_delta,INFEASIBLE,0.0,budget_only,count,INFEASIBLE,INFEASIBLE,INFEASIBLE,INFEASIBLE,INFEASIBLE,INFEASIBLE,INFEASIBLE,INFEASIBLE,INFEASIBLE,INFEASIBLE,INFEASIBLE,INFEASIBLE,INFEASIBLE,INFEASIBLE,INFEASIBLE,INFEASIBLE,INFEASIBLE,INFEASIBLE,INFEASIBLE,INFEASIBLE,INFEASIBLE,INFEASIBLE,INFEASIBLE,,INFEASIBLE,INFEASIBLE,INFEASIBLE,INFEASIBLE,INFEASIBLE,INFEASIBLE,INFEASIBLE,INFEASIBLE,INFEASIBLE,INFEASIBLE,INFEASIBLE,INFEASIBLE,INFEASIBLE,INFEASIBLE,INFEASIBLE,INFEASIBLE,INFEASIBLE,INFEASIBLE,INFEASIBLE,INFEASIBLE,INFEASIBLE,INFEASIBLE,INFEASIBLE,INFEASIBLE,INFEASIBLE,no_trials_in_band
corr_mix,all_only,factor_cov_lrt_delta,INFEASIBLE,0.25,budget_only,count,INFEASIBLE,INFEASIBLE,INFEASIBLE,INFEASIBLE,INFEASIBLE,INFEASIBLE,INFEASIBLE,INFEASIBLE,INFEASIBLE,INFEASIBLE,INFEASIBLE,INFEASIBLE,INFEASIBLE,INFEASIBLE,INFEASIBLE,INFEASIBLE,INFEASIBLE,INFEASIBLE,INFEASIBLE,INFEASIBLE,INFEASIBLE,INFEASIBLE,INFEASIBLE,,INFEASIBLE,INFEASIBLE,INFEASIBLE,INFEASIBLE,INFEASIBLE,INFEASIBLE,INFEASIBLE,INFEASIBLE,INFEASIBLE,INFEASIBLE,INFEASIBLE,INFEASIBLE,INFEASIBLE,INFEASIBLE,INFEASIBLE,INFEASIBLE,INFEASIBLE,INFEASIBLE,INFEASIBLE,INFEASIBLE,INFEASIBLE,INFEASIBLE,INFEASIBLE,INFEASIBLE,INFEASIBLE,no_trials_in_band
corr_mix,all_only,factor_cov_lrt_delta,INFEASIBLE,0.5,budget_only,count,INFEASIBLE,INFEASIBLE,INFEASIBLE,INFEASIBLE,INFEASIBLE,INFEASIBLE,INFEASIBLE,INFEASIBLE,INFEASIBLE,INFEASIBLE,INFEASIBLE,INFEASIBLE,INFEASIBLE,INFEASIBLE,INFEASIBLE,INFEASIBLE,INFEASIBLE,INFEASIBLE,INFEASIBLE,INFEASIBLE,INFEASIBLE,INFEASIBLE,INFEASIBLE,,INFEASIBLE,INFEASIBLE,INFEASIBLE,INFEASIBLE,INFEASIBLE,INFEASIBLE,INFEASIBLE,INFEASIBLE,INFEASIBLE,INFEASIBLE,INFEASIBLE,INFEASIBLE,INFEASIBLE,INFEASIBLE,INFEASIBLE,INFEASIBLE,INFEASIBLE,INFEASIBLE,INFEASIBLE,INFEASIBLE,INFEASIBLE,INFEASIBLE,INFEASIBLE,INFEASIBLE,INFEASIBLE,no_trials_in_band
corr_mix,all_only,factor_cov_lrt_delta,INFEASIBLE,0.75,budget_only,count,INFEASIBLE,INFEASIBLE,INFEASIBLE,INFEASIBLE,INFEASIBLE,INFEASIBLE,INFEASIBLE,INFEASIBLE,INFEASIBLE,INFEASIBLE,INFEASIBLE,INFEASIBLE,INFEASIBLE,INFEASIBLE,INFEASIBLE,INFEASIBLE,INFEASIBLE,INFEASIBLE,INFEASIBLE,INFEASIBLE,INFEASIBLE,INFEASIBLE,INFEASIBLE,,INFEASIBLE,INFEASIBLE,INFEASIBLE,INFEASIBLE,INFEASIBLE,INFEASIBLE,INFEASIBLE,INFEASIBLE,INFEASIBLE,INFEASIBLE,INFEASIBLE,INFEASIBLE,INFEASIBLE,INFEASIBLE,INFEASIBLE,INFEASIBLE,INFEASIBLE,INFEASIBLE,INFEASIBLE,INFEASIBLE,INFEASIBLE,INFEASIBLE,INFEASIBLE,INFEASIBLE,INFEASIBLE,no_trials_in_band
corr_mix,all_only,factor_cov_lrt_delta,INFEASIBLE,1.0,budget_only,count,INFEASIBLE,INFEASIBLE,INFEASIBLE,INFEASIBLE,INFEASIBLE,INFEASIBLE,INFEASIBLE,INFEASIBLE,INFEASIBLE,INFEASIBLE,INFEASIBLE,INFEASIBLE,INFEASIBLE,INFEASIBLE,INFEASIBLE,INFEASIBLE,INFEASIBLE,INFEASIBLE,INFEASIBLE,INFEASIBLE,INFEASIBLE,INFEASIBLE,INFEASIBLE,,INFEASIBLE,INFEASIBLE,INFEASIBLE,INFEASIBLE,INFEASIBLE,INFEASIBLE,INFEASIBLE,INFEASIBLE,INFEASIBLE,INFEASIBLE,INFEASIBLE,INFEASIBLE,INFEASIBLE,INFEASIBLE,INFEASIBLE,INFEASIBLE,INFEASIBLE,INFEASIBLE,INFEASIBLE,INFEASIBLE,INFEASIBLE,INFEASIBLE,INFEASIBLE,INFEASIBLE,INFEASIBLE,no_trials_in_band
corr_mix,all_only,fused_fisher,1.0,0.0,budget_only,count,0.1,0.15,0.1,30,26,26,26,0.8666666666666667,0.8666666666666667,0.8666666666666667,0.7375886524822695,0.09192580469176215,4.0,0.23076923076923078,0.23076923076923078,0.0,0.38461538461538464,0.15384615384615385,0.38461538461538464,0.15384615384615385,0.15384615384615385,0.15384615384615385,0.15384615384615385,4.0,26.0,26.0,26.0,26.0,26.0,26.0,26.0,26.0,26.0,26.0,24.5,24.5,4.780141843971631,0.7375886524822695,0.09192580469176215,9.313225746154785e-06,0.12993450046918448,0.7375886524822695,0.09192580469176215,0.0,0.0,0.0,0.0,0.0,OK,
corr_mix,all_only,fused_fisher,1.0,0.25,budget_only,count,0.1,0.15,0.1,30,26,26,26,0.8666666666666667,0.8666666666666667,0.8666666666666667,0.7375886524822695,0.09192580469176215,4.0,0.23076923076923078,0.23076923076923078,0.0,0.38461538461538464,0.15384615384615385,0.38461538461538464,0.15384615384615385,0.15384615384615385,0.15384615384615385,0.15384615384615385,4.0,26.0,26.0,26.0,26.0,26.0,26.0,26.0,26.0,26.0,26.0,24.5,24.5,4.780141843971631,0.7375886524822695,0.09192580469176215,9.313225746154785e-06,0.12993450046918448,0.7375886524822695,0.09192580469176215,0.0,0.0,0.0,0.0,0.0,OK,
corr_mix,all_only,fused_fisher,1.0,0.5,budget_only,count,0.1,0.15,0.1,30,26,26,26,0.8666666666666667,0.8666666666666667,0.8666666666666667,0.7375886524822695,0.09192580469176215,4.0,0.23076923076923078,0.23076923076923078,0.0,0.38461538461538464,0.15384615384615385,0.38461538461538464,0.15384615384615385,0.15384615384615385,0.15384615384615385,0.15384615384615385,4.0,26.0,26.0,26.0,26.0,26.0,26.0,26.0,26.0,26.0,26.0,24.5,24.5,4.780141843971631,0.7375886524822695,0.09192580469176215,9.313225746154785e-06,0.12993450046918448,0.7375886524822695,0.09192580469176215,0.0,0.0,0.0,0.0,0.0,OK,
corr_mix,all_only,fused_fisher,1.0,0.75,budget_only,count,0.1,0.15,0.1,30,26,26,26,0.8666666666666667,0.8666666666666667,0.8666666666666667,0.7375886524822695,0.09192580469176215,4.0,0.23076923076923078,0.23076923076923078,0.0,0.38461538461538464,0.15384615384615385,0.38461538461538464,0.15384615384615385,0.15384615384615385,0.15384615384615385,0.15384615384615385,4.0,26.0,26.0,26.0,26.0,26.0,26.0,26.0,26.0,26.0,26.0,24.5,24.5,4.780141843971631,0.7375886524822695,0.09192580469176215,9.313225746154785e-06,0.12993450046918448,0.7375886524822695,0.09192580469176215,0.0,0.0,0.0,0.0,0.0,OK,
corr_mix,all_only,fused_fisher,1.0,1.0,budget_only,count,0.1,0.15,0.1,30,26,26,26,0.8666666666666667,0.8666666666666667,0.8666666666666667,0.7375886524822695,0.09192580469176215,4.0,0.23076923076923078,0.23076923076923078,0.0,0.38461538461538464,0.15384615384615385,0.38461538461538464,0.15384615384615385,0.15384615384615385,0.15384615384615385,0.15384615384615385,4.0,26.0,26.0,26.0,26.0,26.0,26.0,26.0,26.0,26.0,26.0,24.5,24.5,4.780141843971631,0.7375886524822695,0.09192580469176215,9.313225746154785e-06,0.12993450046918448,0.7375886524822695,0.09192580469176215,0.0,0.0,0.0,0.0,0.0,OK,
corr_mix,all_only,fused_fisher,INFEASIBLE,0.0,budget_only,count,INFEASIBLE,INFEASIBLE,INFEASIBLE,INFEASIBLE,INFEASIBLE,INFEASIBLE,INFEASIBLE,INFEASIBLE,INFEASIBLE,INFEASIBLE,INFEASIBLE,INFEASIBLE,INFEASIBLE,INFEASIBLE,INFEASIBLE,INFEASIBLE,INFEASIBLE,INFEASIBLE,INFEASIBLE,INFEASIBLE,INFEASIBLE,INFEASIBLE,INFEASIBLE,,INFEASIBLE,INFEASIBLE,INFEASIBLE,INFEASIBLE,INFEASIBLE,INFEASIBLE,INFEASIBLE,INFEASIBLE,INFEASIBLE,INFEASIBLE,INFEASIBLE,INFEASIBLE,INFEASIBLE,INFEASIBLE,INFEASIBLE,INFEASIBLE,INFEASIBLE,INFEASIBLE,INFEASIBLE,INFEASIBLE,INFEASIBLE,INFEASIBLE,INFEASIBLE,INFEASIBLE,INFEASIBLE,no_trials_in_band
corr_mix,all_only,fused_fisher,INFEASIBLE,0.25,budget_only,count,INFEASIBLE,INFEASIBLE,INFEASIBLE,INFEASIBLE,INFEASIBLE,INFEASIBLE,INFEASIBLE,INFEASIBLE,INFEASIBLE,INFEASIBLE,INFEASIBLE,INFEASIBLE,INFEASIBLE,INFEASIBLE,INFEASIBLE,INFEASIBLE,INFEASIBLE,INFEASIBLE,INFEASIBLE,INFEASIBLE,INFEASIBLE,INFEASIBLE,INFEASIBLE,,INFEASIBLE,INFEASIBLE,INFEASIBLE,INFEASIBLE,INFEASIBLE,INFEASIBLE,INFEASIBLE,INFEASIBLE,INFEASIBLE,INFEASIBLE,INFEASIBLE,INFEASIBLE,INFEASIBLE,INFEASIBLE,INFEASIBLE,INFEASIBLE,INFEASIBLE,INFEASIBLE,INFEASIBLE,INFEASIBLE,INFEASIBLE,INFEASIBLE,INFEASIBLE,INFEASIBLE,INFEASIBLE,no_trials_in_band
corr_mix,all_only,fused_fisher,INFEASIBLE,0.5,budget_only,count,INFEASIBLE,INFEASIBLE,INFEASIBLE,INFEASIBLE,INFEASIBLE,INFEASIBLE,INFEASIBLE,INFEASIBLE,INFEASIBLE,INFEASIBLE,INFEASIBLE,INFEASIBLE,INFEASIBLE,INFEASIBLE,INFEASIBLE,INFEASIBLE,INFEASIBLE,INFEASIBLE,INFEASIBLE,INFEASIBLE,INFEASIBLE,INFEASIBLE,INFEASIBLE,,INFEASIBLE,INFEASIBLE,INFEASIBLE,INFEASIBLE,INFEASIBLE,INFEASIBLE,INFEASIBLE,INFEASIBLE,INFEASIBLE,INFEASIBLE,INFEASIBLE,INFEASIBLE,INFEASIBLE,INFEASIBLE,INFEASIBLE,INFEASIBLE,INFEASIBLE,INFEASIBLE,INFEASIBLE,INFEASIBLE,INFEASIBLE,INFEASIBLE,INFEASIBLE,INFEASIBLE,INFEASIBLE,no_trials_in_band
corr_mix,all_only,fused_fisher,INFEASIBLE,0.75,budget_only,count,INFEASIBLE,INFEASIBLE,INFEASIBLE,INFEASIBLE,INFEASIBLE,INFEASIBLE,INFEASIBLE,INFEASIBLE,INFEASIBLE,INFEASIBLE,INFEASIBLE,INFEASIBLE,INFEASIBLE,INFEASIBLE,INFEASIBLE,INFEASIBLE,INFEASIBLE,INFEASIBLE,INFEASIBLE,INFEASIBLE,INFEASIBLE,INFEASIBLE,INFEASIBLE,,INFEASIBLE,INFEASIBLE,INFEASIBLE,INFEASIBLE,INFEASIBLE,INFEASIBLE,INFEASIBLE,INFEASIBLE,INFEASIBLE,INFEASIBLE,INFEASIBLE,INFEASIBLE,INFEASIBLE,INFEASIBLE,INFEASIBLE,INFEASIBLE,INFEASIBLE,INFEASIBLE,INFEASIBLE,INFEASIBLE,INFEASIBLE,INFEASIBLE,INFEASIBLE,INFEASIBLE,INFEASIBLE,no_trials_in_band
corr_mix,all_only,fused_fisher,INFEASIBLE,1.0,budget_only,count,INFEASIBLE,INFEASIBLE,INFEASIBLE,INFEASIBLE,INFEASIBLE,INFEASIBLE,INFEASIBLE,INFEASIBLE,INFEASIBLE,INFEASIBLE,INFEASIBLE,INFEASIBLE,INFEASIBLE,INFEASIBLE,INFEASIBLE,INFEASIBLE,INFEASIBLE,INFEASIBLE,INFEASIBLE,INFEASIBLE,INFEASIBLE,INFEASIBLE,INFEASIBLE,,INFEASIBLE,INFEASIBLE,INFEASIBLE,INFEASIBLE,INFEASIBLE,INFEASIBLE,INFEASIBLE,INFEASIBLE,INFEASIBLE,INFEASIBLE,INFEASIBLE,INFEASIBLE,INFEASIBLE,INFEASIBLE,INFEASIBLE,INFEASIBLE,INFEASIBLE,INFEASIBLE,INFEASIBLE,INFEASIBLE,INFEASIBLE,INFEASIBLE,INFEASIBLE,INFEASIBLE,INFEASIBLE,no_trials_in_band
corr_mix,all_only,fused_fisher_lrt_delta,1.0,0.0,budget_only,count,0.1,0.15,0.1,30,30,30,30,1.0,1.0,1.0,1.0141843971631206,0.01950354609929078,5.5,0.5,0.5,0.0,0.5,0.1,0.5,0.1,0.0,0.1,0.1,4.0,25.5,25.5,25.5,26.0,25.5,26.0,25.5,26.0,25.5,26.0,13.0,13.0,1.0141843971631206,1.0141843971631206,0.01950354609929078,0.014241159089097342,0.07529029351782685,1.0141843971631206,0.01950354609929078,0.0,0.0,0.0,0.0,0.0,OK,
corr_mix,all_only,fused_fisher_lrt_delta,1.0,0.25,budget_only,count,0.1,0.15,0.1,30,30,30,30,1.0,1.0,1.0,1.0141843971631206,0.01950354609929078,5.5,0.5,0.5,0.0,0.5,0.1,0.5,0.1,0.0,0.1,0.1,4.0,25.5,25.5,25.5,26.0,25.5,26.0,25.5,26.0,25.5,26.0,13.0,13.0,1.0141843971631206,1.0141843971631206,0.01950354609929078,0.014241159089097342,0.07529029351782685,1.0141843971631206,0.01950354609929078,0.0,0.0,0.0,0.0,0.0,OK,
corr_mix,all_only,fused_fisher_lrt_delta,1.0,0.5,budget_only,count,0.1,0.15,0.1,30,30,30,30,1.0,1.0,1.0,1.0141843971631206,0.01950354609929078,5.5,0.5,0.5,0.0,0.5,0.1,0.5,0.1,0.0,0.1,0.1,4.0,25.5,25.5,25.5,26.0,25.5,26.0,25.5,26.0,25.5,26.0,13.0,13.0,1.0141843971631206,1.0141843971631206,0.01950354609929078,0.014241159089097342,0.07529029351782685,1.0141843971631206,0.01950354609929078,0.0,0.0,0.0,0.0,0.0,OK,
corr_mix,all_only,fused_fisher_lrt_delta,1.0,0.75,budget_only,count,0.1,0.15,0.1,30,30,30,30,1.0,1.0,1.0,1.0141843971631206,0.01950354609929078,5.5,0.5,0.5,0.0,0.5,0.1,0.5,0.1,0.0,0.1,0.1,4.0,25.5,25.5,25.5,26.0,25.5,26.0,25.5,26.0,25.5,26.0,13.0,13.0,1.0141843971631206,1.0141843971631206,0.01950354609929078,0.014241159089097342,0.07529029351782685,1.0141843971631206,0.01950354609929078,0.0,0.0,0.0,0.0,0.0,OK,
corr_mix,all_only,fused_fisher_lrt_delta,1.0,1.0,budget_only,count,0.1,0.15,0.1,30,30,30,30,1.0,1.0,1.0,1.0141843971631206,0.01950354609929078,5.5,0.5,0.5,0.0,0.5,0.1,0.5,0.1,0.0,0.1,0.1,4.0,25.5,25.5,25.5,26.0,25.5,26.0,25.5,26.0,25.5,26.0,13.0,13.0,1.0141843971631206,1.0141843971631206,0.01950354609929078,0.014241159089097342,0.07529029351782685,1.0141843971631206,0.01950354609929078,0.0,0.0,0.0,0.0,0.0,OK,
corr_mix,all_only,fused_fisher_lrt_delta,INFEASIBLE,0.0,budget_only,count,INFEASIBLE,INFEASIBLE,INFEASIBLE,INFEASIBLE,INFEASIBLE,INFEASIBLE,INFEASIBLE,INFEASIBLE,INFEASIBLE,INFEASIBLE,INFEASIBLE,INFEASIBLE,INFEASIBLE,INFEASIBLE,INFEASIBLE,INFEASIBLE,INFEASIBLE,INFEASIBLE,INFEASIBLE,INFEASIBLE,INFEASIBLE,INFEASIBLE,INFEASIBLE,,INFEASIBLE,INFEASIBLE,INFEASIBLE,INFEASIBLE,INFEASIBLE,INFEASIBLE,INFEASIBLE,INFEASIBLE,INFEASIBLE,INFEASIBLE,INFEASIBLE,INFEASIBLE,INFEASIBLE,INFEASIBLE,INFEASIBLE,INFEASIBLE,INFEASIBLE,INFEASIBLE,INFEASIBLE,INFEASIBLE,INFEASIBLE,INFEASIBLE,INFEASIBLE,INFEASIBLE,INFEASIBLE,no_trials_in_band
corr_mix,all_only,fused_fisher_lrt_delta,INFEASIBLE,0.25,budget_only,count,INFEASIBLE,INFEASIBLE,INFEASIBLE,INFEASIBLE,INFEASIBLE,INFEASIBLE,INFEASIBLE,INFEASIBLE,INFEASIBLE,INFEASIBLE,INFEASIBLE,INFEASIBLE,INFEASIBLE,INFEASIBLE,INFEASIBLE,INFEASIBLE,INFEASIBLE,INFEASIBLE,INFEASIBLE,INFEASIBLE,INFEASIBLE,INFEASIBLE,INFEASIBLE,,INFEASIBLE,INFEASIBLE,INFEASIBLE,INFEASIBLE,INFEASIBLE,INFEASIBLE,INFEASIBLE,INFEASIBLE,INFEASIBLE,INFEASIBLE,INFEASIBLE,INFEASIBLE,INFEASIBLE,INFEASIBLE,INFEASIBLE,INFEASIBLE,INFEASIBLE,INFEASIBLE,INFEASIBLE,INFEASIBLE,INFEASIBLE,INFEASIBLE,INFEASIBLE,INFEASIBLE,INFEASIBLE,no_trials_in_band
corr_mix,all_only,fused_fisher_lrt_delta,INFEASIBLE,0.5,budget_only,count,INFEASIBLE,INFEASIBLE,INFEASIBLE,INFEASIBLE,INFEASIBLE,INFEASIBLE,INFEASIBLE,INFEASIBLE,INFEASIBLE,INFEASIBLE,INFEASIBLE,INFEASIBLE,INFEASIBLE,INFEASIBLE,INFEASIBLE,INFEASIBLE,INFEASIBLE,INFEASIBLE,INFEASIBLE,INFEASIBLE,INFEASIBLE,INFEASIBLE,INFEASIBLE,,INFEASIBLE,INFEASIBLE,INFEASIBLE,INFEASIBLE,INFEASIBLE,INFEASIBLE,INFEASIBLE,INFEASIBLE,INFEASIBLE,INFEASIBLE,INFEASIBLE,INFEASIBLE,INFEASIBLE,INFEASIBLE,INFEASIBLE,INFEASIBLE,INFEASIBLE,INFEASIBLE,INFEASIBLE,INFEASIBLE,INFEASIBLE,INFEASIBLE,INFEASIBLE,INFEASIBLE,INFEASIBLE,no_trials_in_band
corr_mix,all_only,fused_fisher_lrt_delta,INFEASIBLE,0.75,budget_only,count,INFEASIBLE,INFEASIBLE,INFEASIBLE,INFEASIBLE,INFEASIBLE,INFEASIBLE,INFEASIBLE,INFEASIBLE,INFEASIBLE,INFEASIBLE,INFEASIBLE,INFEASIBLE,INFEASIBLE,INFEASIBLE,INFEASIBLE,INFEASIBLE,INFEASIBLE,INFEASIBLE,INFEASIBLE,INFEASIBLE,INFEASIBLE,INFEASIBLE,INFEASIBLE,,INFEASIBLE,INFEASIBLE,INFEASIBLE,INFEASIBLE,INFEASIBLE,INFEASIBLE,INFEASIBLE,INFEASIBLE,INFEASIBLE,INFEASIBLE,INFEASIBLE,INFEASIBLE,INFEASIBLE,INFEASIBLE,INFEASIBLE,INFEASIBLE,INFEASIBLE,INFEASIBLE,INFEASIBLE,INFEASIBLE,INFEASIBLE,INFEASIBLE,INFEASIBLE,INFEASIBLE,INFEASIBLE,no_trials_in_band
corr_mix,all_only,fused_fisher_lrt_delta,INFEASIBLE,1.0,budget_only,count,INFEASIBLE,INFEASIBLE,INFEASIBLE,INFEASIBLE,INFEASIBLE,INFEASIBLE,INFEASIBLE,INFEASIBLE,INFEASIBLE,INFEASIBLE,INFEASIBLE,INFEASIBLE,INFEASIBLE,INFEASIBLE,INFEASIBLE,INFEASIBLE,INFEASIBLE,INFEASIBLE,INFEASIBLE,INFEASIBLE,INFEASIBLE,INFEASIBLE,INFEASIBLE,,INFEASIBLE,INFEASIBLE,INFEASIBLE,INFEASIBLE,INFEASIBLE,INFEASIBLE,INFEASIBLE,INFEASIBLE,INFEASIBLE,INFEASIBLE,INFEASIBLE,INFEASIBLE,INFEASIBLE,INFEASIBLE,INFEASIBLE,INFEASIBLE,INFEASIBLE,INFEASIBLE,INFEASIBLE,INFEASIBLE,INFEASIBLE,INFEASIBLE,INFEASIBLE,INFEASIBLE,INFEASIBLE,no_trials_in_band
corr_mix,all_only,fused_sp,1.0,0.0,budget_only,count,0.1,0.15,0.1,30,30,30,30,1.0,1.0,1.0,0.8666666666666667,0.04539007092198581,4.7,0.3,0.3,0.0,0.3,0.06666666666666667,0.3,0.06666666666666667,0.0,0.06666666666666667,0.06666666666666667,4.0,26.0,26.0,26.0,26.0,26.0,26.0,26.0,26.0,26.0,26.0,14.0,14.0,2.3602836879432627,0.8666666666666667,0.04539007092198581,0.020294593204858803,-0.03203709191278005,0.8666666666666667,0.04539007092198581,0.0,0.0,0.0,0.0,0.0,OK,
corr_mix,all_only,fused_sp,1.0,0.25,budget_only,count,0.1,0.15,0.1,30,30,30,30,1.0,1.0,1.0,0.8666666666666667,0.04539007092198581,4.7,0.3,0.3,0.0,0.3,0.06666666666666667,0.3,0.06666666666666667,0.0,0.06666666666666667,0.06666666666666667,4.0,26.0,26.0,26.0,26.0,26.0,26.0,26.0,26.0,26.0,26.0,14.0,14.0,2.3602836879432627,0.8666666666666667,0.04539007092198581,0.020294593204858803,-0.03203709191278005,0.8666666666666667,0.04539007092198581,0.0,0.0,0.0,0.0,0.0,OK,
corr_mix,all_only,fused_sp,1.0,0.5,budget_only,count,0.1,0.15,0.1,30,30,30,30,1.0,1.0,1.0,0.8666666666666667,0.04539007092198581,4.7,0.3,0.3,0.0,0.3,0.06666666666666667,0.3,0.06666666666666667,0.0,0.06666666666666667,0.06666666666666667,4.0,26.0,26.0,26.0,26.0,26.0,26.0,26.0,26.0,26.0,26.0,14.0,14.0,2.3602836879432627,0.8666666666666667,0.04539007092198581,0.020294593204858803,-0.03203709191278005,0.8666666666666667,0.04539007092198581,0.0,0.0,0.0,0.0,0.0,OK,
corr_mix,all_only,fused_sp,1.0,0.75,budget_only,count,0.1,0.15,0.1,30,30,30,30,1.0,1.0,1.0,0.8666666666666667,0.04539007092198581,4.7,0.3,0.3,0.0,0.3,0.06666666666666667,0.3,0.06666666666666667,0.0,0.06666666666666667,0.06666666666666667,4.0,26.0,26.0,26.0,26.0,26.0,26.0,26.0,26.0,26.0,26.0,14.0,14.0,2.3602836879432627,0.8666666666666667,0.04539007092198581,0.020294593204858803,-0.03203709191278005,0.8666666666666667,0.04539007092198581,0.0,0.0,0.0,0.0,0.0,OK,
corr_mix,all_only,fused_sp,1.0,1.0,budget_only,count,0.1,0.15,0.1,30,30,30,30,1.0,1.0,1.0,0.8666666666666667,0.04539007092198581,4.7,0.3,0.3,0.0,0.3,0.06666666666666667,0.3,0.06666666666666667,0.0,0.06666666666666667,0.06666666666666667,4.0,26.0,26.0,26.0,26.0,26.0,26.0,26.0,26.0,26.0,26.0,14.0,14.0,2.3602836879432627,0.8666666666666667,0.04539007092198581,0.020294593204858803,-0.03203709191278005,0.8666666666666667,0.04539007092198581,0.0,0.0,0.0,0.0,0.0,OK,
corr_mix,all_only,fused_sp,INFEASIBLE,0.0,budget_only,count,INFEASIBLE,INFEASIBLE,INFEASIBLE,INFEASIBLE,INFEASIBLE,INFEASIBLE,INFEASIBLE,INFEASIBLE,INFEASIBLE,INFEASIBLE,INFEASIBLE,INFEASIBLE,INFEASIBLE,INFEASIBLE,INFEASIBLE,INFEASIBLE,INFEASIBLE,INFEASIBLE,INFEASIBLE,INFEASIBLE,INFEASIBLE,INFEASIBLE,INFEASIBLE,,INFEASIBLE,INFEASIBLE,INFEASIBLE,INFEASIBLE,INFEASIBLE,INFEASIBLE,INFEASIBLE,INFEASIBLE,INFEASIBLE,INFEASIBLE,INFEASIBLE,INFEASIBLE,INFEASIBLE,INFEASIBLE,INFEASIBLE,INFEASIBLE,INFEASIBLE,INFEASIBLE,INFEASIBLE,INFEASIBLE,INFEASIBLE,INFEASIBLE,INFEASIBLE,INFEASIBLE,INFEASIBLE,no_trials_in_band
corr_mix,all_only,fused_sp,INFEASIBLE,0.25,budget_only,count,INFEASIBLE,INFEASIBLE,INFEASIBLE,INFEASIBLE,INFEASIBLE,INFEASIBLE,INFEASIBLE,INFEASIBLE,INFEASIBLE,INFEASIBLE,INFEASIBLE,INFEASIBLE,INFEASIBLE,INFEASIBLE,INFEASIBLE,INFEASIBLE,INFEASIBLE,INFEASIBLE,INFEASIBLE,INFEASIBLE,INFEASIBLE,INFEASIBLE,INFEASIBLE,,INFEASIBLE,INFEASIBLE,INFEASIBLE,INFEASIBLE,INFEASIBLE,INFEASIBLE,INFEASIBLE,INFEASIBLE,INFEASIBLE,INFEASIBLE,INFEASIBLE,INFEASIBLE,INFEASIBLE,INFEASIBLE,INFEASIBLE,INFEASIBLE,INFEASIBLE,INFEASIBLE,INFEASIBLE,INFEASIBLE,INFEASIBLE,INFEASIBLE,INFEASIBLE,INFEASIBLE,INFEASIBLE,no_trials_in_band
corr_mix,all_only,fused_sp,INFEASIBLE,0.5,budget_only,count,INFEASIBLE,INFEASIBLE,INFEASIBLE,INFEASIBLE,INFEASIBLE,INFEASIBLE,INFEASIBLE,INFEASIBLE,INFEASIBLE,INFEASIBLE,INFEASIBLE,INFEASIBLE,INFEASIBLE,INFEASIBLE,INFEASIBLE,INFEASIBLE,INFEASIBLE,INFEASIBLE,INFEASIBLE,INFEASIBLE,INFEASIBLE,INFEASIBLE,INFEASIBLE,,INFEASIBLE,INFEASIBLE,INFEASIBLE,INFEASIBLE,INFEASIBLE,INFEASIBLE,INFEASIBLE,INFEASIBLE,INFEASIBLE,INFEASIBLE,INFEASIBLE,INFEASIBLE,INFEASIBLE,INFEASIBLE,INFEASIBLE,INFEASIBLE,INFEASIBLE,INFEASIBLE,INFEASIBLE,INFEASIBLE,INFEASIBLE,INFEASIBLE,INFEASIBLE,INFEASIBLE,INFEASIBLE,no_trials_in_band
corr_mix,all_only,fused_sp,INFEASIBLE,0.75,budget_only,count,INFEASIBLE,INFEASIBLE,INFEASIBLE,INFEASIBLE,INFEASIBLE,INFEASIBLE,INFEASIBLE,INFEASIBLE,INFEASIBLE,INFEASIBLE,INFEASIBLE,INFEASIBLE,INFEASIBLE,INFEASIBLE,INFEASIBLE,INFEASIBLE,INFEASIBLE,INFEASIBLE,INFEASIBLE,INFEASIBLE,INFEASIBLE,INFEASIBLE,INFEASIBLE,,INFEASIBLE,INFEASIBLE,INFEASIBLE,INFEASIBLE,INFEASIBLE,INFEASIBLE,INFEASIBLE,INFEASIBLE,INFEASIBLE,INFEASIBLE,INFEASIBLE,INFEASIBLE,INFEASIBLE,INFEASIBLE,INFEASIBLE,INFEASIBLE,INFEASIBLE,INFEASIBLE,INFEASIBLE,INFEASIBLE,INFEASIBLE,INFEASIBLE,INFEASIBLE,INFEASIBLE,INFEASIBLE,no_trials_in_band
corr_mix,all_only,fused_sp,INFEASIBLE,1.0,budget_only,count,INFEASIBLE,INFEASIBLE,INFEASIBLE,INFEASIBLE,INFEASIBLE,INFEASIBLE,INFEASIBLE,INFEASIBLE,INFEASIBLE,INFEASIBLE,INFEASIBLE,INFEASIBLE,INFEASIBLE,INFEASIBLE,INFEASIBLE,INFEASIBLE,INFEASIBLE,INFEASIBLE,INFEASIBLE,INFEASIBLE,INFEASIBLE,INFEASIBLE,INFEASIBLE,,INFEASIBLE,INFEASIBLE,INFEASIBLE,INFEASIBLE,INFEASIBLE,INFEASIBLE,INFEASIBLE,INFEASIBLE,INFEASIBLE,INFEASIBLE,INFEASIBLE,INFEASIBLE,INFEASIBLE,INFEASIBLE,INFEASIBLE,INFEASIBLE,INFEASIBLE,INFEASIBLE,INFEASIBLE,INFEASIBLE,INFEASIBLE,INFEASIBLE,INFEASIBLE,INFEASIBLE,INFEASIBLE,no_trials_in_band
corr_mix,all_only,fused_sp_lrt_delta,1.0,0.0,budget_only,count,0.1,0.15,0.1,30,21,21,21,0.7,0.7,0.7,0.7375886524822695,0.014184397163120569,4.0,0.0,0.0,0.0,0.0,0.0,0.0,0.0,0.0,0.0,0.0,4.0,26.0,26.0,26.0,26.0,26.0,26.0,26.0,26.0,26.0,26.0,NA,NA,0.7375886524822695,0.7375886524822695,0.014184397163120569,0.020294593204858803,-0.24276574022236672,0.7375886524822695,0.014184397163120569,0.0,0.0,0.0,0.0,0.0,OK,
corr_mix,all_only,fused_sp_lrt_delta,1.0,0.25,budget_only,count,0.1,0.15,0.1,30,21,21,21,0.7,0.7,0.7,0.7375886524822695,0.014184397163120569,4.0,0.0,0.0,0.0,0.0,0.0,0.0,0.0,0.0,0.0,0.0,4.0,26.0,26.0,26.0,26.0,26.0,26.0,26.0,26.0,26.0,26.0,NA,NA,0.7375886524822695,0.7375886524822695,0.014184397163120569,0.020294593204858803,-0.24276574022236672,0.7375886524822695,0.014184397163120569,0.0,0.0,0.0,0.0,0.0,OK,
corr_mix,all_only,fused_sp_lrt_delta,1.0,0.5,budget_only,count,0.1,0.15,0.1,30,21,21,21,0.7,0.7,0.7,0.7375886524822695,0.014184397163120569,4.0,0.0,0.0,0.0,0.0,0.0,0.0,0.0,0.0,0.0,0.0,4.0,26.0,26.0,26.0,26.0,26.0,26.0,26.0,26.0,26.0,26.0,NA,NA,0.7375886524822695,0.7375886524822695,0.014184397163120569,0.020294593204858803,-0.24276574022236672,0.7375886524822695,0.014184397163120569,0.0,0.0,0.0,0.0,0.0,OK,
corr_mix,all_only,fused_sp_lrt_delta,1.0,0.75,budget_only,count,0.1,0.15,0.1,30,21,21,21,0.7,0.7,0.7,0.7375886524822695,0.014184397163120569,4.0,0.0,0.0,0.0,0.0,0.0,0.0,0.0,0.0,0.0,0.0,4.0,26.0,26.0,26.0,26.0,26.0,26.0,26.0,26.0,26.0,26.0,NA,NA,0.7375886524822695,0.7375886524822695,0.014184397163120569,0.020294593204858803,-0.24276574022236672,0.7375886524822695,0.014184397163120569,0.0,0.0,0.0,0.0,0.0,OK,
corr_mix,all_only,fused_sp_lrt_delta,1.0,1.0,budget_only,count,0.1,0.15,0.1,30,21,21,21,0.7,0.7,0.7,0.7375886524822695,0.014184397163120569,4.0,0.0,0.0,0.0,0.0,0.0,0.0,0.0,0.0,0.0,0.0,4.0,26.0,26.0,26.0,26.0,26.0,26.0,26.0,26.0,26.0,26.0,NA,NA,0.7375886524822695,0.7375886524822695,0.014184397163120569,0.020294593204858803,-0.24276574022236672,0.7375886524822695,0.014184397163120569,0.0,0.0,0.0,0.0,0.0,OK,
corr_mix,all_only,fused_sp_lrt_delta,INFEASIBLE,0.0,budget_only,count,INFEASIBLE,INFEASIBLE,INFEASIBLE,INFEASIBLE,INFEASIBLE,INFEASIBLE,INFEASIBLE,INFEASIBLE,INFEASIBLE,INFEASIBLE,INFEASIBLE,INFEASIBLE,INFEASIBLE,INFEASIBLE,INFEASIBLE,INFEASIBLE,INFEASIBLE,INFEASIBLE,INFEASIBLE,INFEASIBLE,INFEASIBLE,INFEASIBLE,INFEASIBLE,,INFEASIBLE,INFEASIBLE,INFEASIBLE,INFEASIBLE,INFEASIBLE,INFEASIBLE,INFEASIBLE,INFEASIBLE,INFEASIBLE,INFEASIBLE,INFEASIBLE,INFEASIBLE,INFEASIBLE,INFEASIBLE,INFEASIBLE,INFEASIBLE,INFEASIBLE,INFEASIBLE,INFEASIBLE,INFEASIBLE,INFEASIBLE,INFEASIBLE,INFEASIBLE,INFEASIBLE,INFEASIBLE,no_trials_in_band
corr_mix,all_only,fused_sp_lrt_delta,INFEASIBLE,0.25,budget_only,count,INFEASIBLE,INFEASIBLE,INFEASIBLE,INFEASIBLE,INFEASIBLE,INFEASIBLE,INFEASIBLE,INFEASIBLE,INFEASIBLE,INFEASIBLE,INFEASIBLE,INFEASIBLE,INFEASIBLE,INFEASIBLE,INFEASIBLE,INFEASIBLE,INFEASIBLE,INFEASIBLE,INFEASIBLE,INFEASIBLE,INFEASIBLE,INFEASIBLE,INFEASIBLE,,INFEASIBLE,INFEASIBLE,INFEASIBLE,INFEASIBLE,INFEASIBLE,INFEASIBLE,INFEASIBLE,INFEASIBLE,INFEASIBLE,INFEASIBLE,INFEASIBLE,INFEASIBLE,INFEASIBLE,INFEASIBLE,INFEASIBLE,INFEASIBLE,INFEASIBLE,INFEASIBLE,INFEASIBLE,INFEASIBLE,INFEASIBLE,INFEASIBLE,INFEASIBLE,INFEASIBLE,INFEASIBLE,no_trials_in_band
corr_mix,all_only,fused_sp_lrt_delta,INFEASIBLE,0.5,budget_only,count,INFEASIBLE,INFEASIBLE,INFEASIBLE,INFEASIBLE,INFEASIBLE,INFEASIBLE,INFEASIBLE,INFEASIBLE,INFEASIBLE,INFEASIBLE,INFEASIBLE,INFEASIBLE,INFEASIBLE,INFEASIBLE,INFEASIBLE,INFEASIBLE,INFEASIBLE,INFEASIBLE,INFEASIBLE,INFEASIBLE,INFEASIBLE,INFEASIBLE,INFEASIBLE,,INFEASIBLE,INFEASIBLE,INFEASIBLE,INFEASIBLE,INFEASIBLE,INFEASIBLE,INFEASIBLE,INFEASIBLE,INFEASIBLE,INFEASIBLE,INFEASIBLE,INFEASIBLE,INFEASIBLE,INFEASIBLE,INFEASIBLE,INFEASIBLE,INFEASIBLE,INFEASIBLE,INFEASIBLE,INFEASIBLE,INFEASIBLE,INFEASIBLE,INFEASIBLE,INFEASIBLE,INFEASIBLE,no_trials_in_band
corr_mix,all_only,fused_sp_lrt_delta,INFEASIBLE,0.75,budget_only,count,INFEASIBLE,INFEASIBLE,INFEASIBLE,INFEASIBLE,INFEASIBLE,INFEASIBLE,INFEASIBLE,INFEASIBLE,INFEASIBLE,INFEASIBLE,INFEASIBLE,INFEASIBLE,INFEASIBLE,INFEASIBLE,INFEASIBLE,INFEASIBLE,INFEASIBLE,INFEASIBLE,INFEASIBLE,INFEASIBLE,INFEASIBLE,INFEASIBLE,INFEASIBLE,,INFEASIBLE,INFEASIBLE,INFEASIBLE,INFEASIBLE,INFEASIBLE,INFEASIBLE,INFEASIBLE,INFEASIBLE,INFEASIBLE,INFEASIBLE,INFEASIBLE,INFEASIBLE,INFEASIBLE,INFEASIBLE,INFEASIBLE,INFEASIBLE,INFEASIBLE,INFEASIBLE,INFEASIBLE,INFEASIBLE,INFEASIBLE,INFEASIBLE,INFEASIBLE,INFEASIBLE,INFEASIBLE,no_trials_in_band
corr_mix,all_only,fused_sp_lrt_delta,INFEASIBLE,1.0,budget_only,count,INFEASIBLE,INFEASIBLE,INFEASIBLE,INFEASIBLE,INFEASIBLE,INFEASIBLE,INFEASIBLE,INFEASIBLE,INFEASIBLE,INFEASIBLE,INFEASIBLE,INFEASIBLE,INFEASIBLE,INFEASIBLE,INFEASIBLE,INFEASIBLE,INFEASIBLE,INFEASIBLE,INFEASIBLE,INFEASIBLE,INFEASIBLE,INFEASIBLE,INFEASIBLE,,INFEASIBLE,INFEASIBLE,INFEASIBLE,INFEASIBLE,INFEASIBLE,INFEASIBLE,INFEASIBLE,INFEASIBLE,INFEASIBLE,INFEASIBLE,INFEASIBLE,INFEASIBLE,INFEASIBLE,INFEASIBLE,INFEASIBLE,INFEASIBLE,INFEASIBLE,INFEASIBLE,INFEASIBLE,INFEASIBLE,INFEASIBLE,INFEASIBLE,INFEASIBLE,INFEASIBLE,INFEASIBLE,no_trials_in_band
corr_mix,all_only,max_abs,INFEASIBLE,0.0,budget_only,count,INFEASIBLE,INFEASIBLE,INFEASIBLE,INFEASIBLE,INFEASIBLE,INFEASIBLE,INFEASIBLE,INFEASIBLE,INFEASIBLE,INFEASIBLE,INFEASIBLE,INFEASIBLE,INFEASIBLE,INFEASIBLE,INFEASIBLE,INFEASIBLE,INFEASIBLE,INFEASIBLE,INFEASIBLE,INFEASIBLE,INFEASIBLE,INFEASIBLE,INFEASIBLE,,INFEASIBLE,INFEASIBLE,INFEASIBLE,INFEASIBLE,INFEASIBLE,INFEASIBLE,INFEASIBLE,INFEASIBLE,INFEASIBLE,INFEASIBLE,INFEASIBLE,INFEASIBLE,INFEASIBLE,INFEASIBLE,INFEASIBLE,INFEASIBLE,INFEASIBLE,INFEASIBLE,INFEASIBLE,INFEASIBLE,INFEASIBLE,INFEASIBLE,INFEASIBLE,INFEASIBLE,INFEASIBLE,no_trials_in_band
corr_mix,all_only,max_abs,INFEASIBLE,0.25,budget_only,count,INFEASIBLE,INFEASIBLE,INFEASIBLE,INFEASIBLE,INFEASIBLE,INFEASIBLE,INFEASIBLE,INFEASIBLE,INFEASIBLE,INFEASIBLE,INFEASIBLE,INFEASIBLE,INFEASIBLE,INFEASIBLE,INFEASIBLE,INFEASIBLE,INFEASIBLE,INFEASIBLE,INFEASIBLE,INFEASIBLE,INFEASIBLE,INFEASIBLE,INFEASIBLE,,INFEASIBLE,INFEASIBLE,INFEASIBLE,INFEASIBLE,INFEASIBLE,INFEASIBLE,INFEASIBLE,INFEASIBLE,INFEASIBLE,INFEASIBLE,INFEASIBLE,INFEASIBLE,INFEASIBLE,INFEASIBLE,INFEASIBLE,INFEASIBLE,INFEASIBLE,INFEASIBLE,INFEASIBLE,INFEASIBLE,INFEASIBLE,INFEASIBLE,INFEASIBLE,INFEASIBLE,INFEASIBLE,no_trials_in_band
corr_mix,all_only,max_abs,INFEASIBLE,0.5,budget_only,count,INFEASIBLE,INFEASIBLE,INFEASIBLE,INFEASIBLE,INFEASIBLE,INFEASIBLE,INFEASIBLE,INFEASIBLE,INFEASIBLE,INFEASIBLE,INFEASIBLE,INFEASIBLE,INFEASIBLE,INFEASIBLE,INFEASIBLE,INFEASIBLE,INFEASIBLE,INFEASIBLE,INFEASIBLE,INFEASIBLE,INFEASIBLE,INFEASIBLE,INFEASIBLE,,INFEASIBLE,INFEASIBLE,INFEASIBLE,INFEASIBLE,INFEASIBLE,INFEASIBLE,INFEASIBLE,INFEASIBLE,INFEASIBLE,INFEASIBLE,INFEASIBLE,INFEASIBLE,INFEASIBLE,INFEASIBLE,INFEASIBLE,INFEASIBLE,INFEASIBLE,INFEASIBLE,INFEASIBLE,INFEASIBLE,INFEASIBLE,INFEASIBLE,INFEASIBLE,INFEASIBLE,INFEASIBLE,no_trials_in_band
corr_mix,all_only,max_abs,INFEASIBLE,0.75,budget_only,count,INFEASIBLE,INFEASIBLE,INFEASIBLE,INFEASIBLE,INFEASIBLE,INFEASIBLE,INFEASIBLE,INFEASIBLE,INFEASIBLE,INFEASIBLE,INFEASIBLE,INFEASIBLE,INFEASIBLE,INFEASIBLE,INFEASIBLE,INFEASIBLE,INFEASIBLE,INFEASIBLE,INFEASIBLE,INFEASIBLE,INFEASIBLE,INFEASIBLE,INFEASIBLE,,INFEASIBLE,INFEASIBLE,INFEASIBLE,INFEASIBLE,INFEASIBLE,INFEASIBLE,INFEASIBLE,INFEASIBLE,INFEASIBLE,INFEASIBLE,INFEASIBLE,INFEASIBLE,INFEASIBLE,INFEASIBLE,INFEASIBLE,INFEASIBLE,INFEASIBLE,INFEASIBLE,INFEASIBLE,INFEASIBLE,INFEASIBLE,INFEASIBLE,INFEASIBLE,INFEASIBLE,INFEASIBLE,no_trials_in_band
corr_mix,all_only,max_abs,INFEASIBLE,1.0,budget_only,count,INFEASIBLE,INFEASIBLE,INFEASIBLE,INFEASIBLE,INFEASIBLE,INFEASIBLE,INFEASIBLE,INFEASIBLE,INFEASIBLE,INFEASIBLE,INFEASIBLE,INFEASIBLE,INFEASIBLE,INFEASIBLE,INFEASIBLE,INFEASIBLE,INFEASIBLE,INFEASIBLE,INFEASIBLE,INFEASIBLE,INFEASIBLE,INFEASIBLE,INFEASIBLE,,INFEASIBLE,INFEASIBLE,INFEASIBLE,INFEASIBLE,INFEASIBLE,INFEASIBLE,INFEASIBLE,INFEASIBLE,INFEASIBLE,INFEASIBLE,INFEASIBLE,INFEASIBLE,INFEASIBLE,INFEASIBLE,INFEASIBLE,INFEASIBLE,INFEASIBLE,INFEASIBLE,INFEASIBLE,INFEASIBLE,INFEASIBLE,INFEASIBLE,INFEASIBLE,INFEASIBLE,INFEASIBLE,no_trials_in_band
corr_mix,all_only,max_abs,INFEASIBLE,0.0,budget_only,count,INFEASIBLE,INFEASIBLE,INFEASIBLE,INFEASIBLE,INFEASIBLE,INFEASIBLE,INFEASIBLE,INFEASIBLE,INFEASIBLE,INFEASIBLE,INFEASIBLE,INFEASIBLE,INFEASIBLE,INFEASIBLE,INFEASIBLE,INFEASIBLE,INFEASIBLE,INFEASIBLE,INFEASIBLE,INFEASIBLE,INFEASIBLE,INFEASIBLE,INFEASIBLE,,INFEASIBLE,INFEASIBLE,INFEASIBLE,INFEASIBLE,INFEASIBLE,INFEASIBLE,INFEASIBLE,INFEASIBLE,INFEASIBLE,INFEASIBLE,INFEASIBLE,INFEASIBLE,INFEASIBLE,INFEASIBLE,INFEASIBLE,INFEASIBLE,INFEASIBLE,INFEASIBLE,INFEASIBLE,INFEASIBLE,INFEASIBLE,INFEASIBLE,INFEASIBLE,INFEASIBLE,INFEASIBLE,no_trials_in_band
corr_mix,all_only,max_abs,INFEASIBLE,0.25,budget_only,count,INFEASIBLE,INFEASIBLE,INFEASIBLE,INFEASIBLE,INFEASIBLE,INFEASIBLE,INFEASIBLE,INFEASIBLE,INFEASIBLE,INFEASIBLE,INFEASIBLE,INFEASIBLE,INFEASIBLE,INFEASIBLE,INFEASIBLE,INFEASIBLE,INFEASIBLE,INFEASIBLE,INFEASIBLE,INFEASIBLE,INFEASIBLE,INFEASIBLE,INFEASIBLE,,INFEASIBLE,INFEASIBLE,INFEASIBLE,INFEASIBLE,INFEASIBLE,INFEASIBLE,INFEASIBLE,INFEASIBLE,INFEASIBLE,INFEASIBLE,INFEASIBLE,INFEASIBLE,INFEASIBLE,INFEASIBLE,INFEASIBLE,INFEASIBLE,INFEASIBLE,INFEASIBLE,INFEASIBLE,INFEASIBLE,INFEASIBLE,INFEASIBLE,INFEASIBLE,INFEASIBLE,INFEASIBLE,no_trials_in_band
corr_mix,all_only,max_abs,INFEASIBLE,0.5,budget_only,count,INFEASIBLE,INFEASIBLE,INFEASIBLE,INFEASIBLE,INFEASIBLE,INFEASIBLE,INFEASIBLE,INFEASIBLE,INFEASIBLE,INFEASIBLE,INFEASIBLE,INFEASIBLE,INFEASIBLE,INFEASIBLE,INFEASIBLE,INFEASIBLE,INFEASIBLE,INFEASIBLE,INFEASIBLE,INFEASIBLE,INFEASIBLE,INFEASIBLE,INFEASIBLE,,INFEASIBLE,INFEASIBLE,INFEASIBLE,INFEASIBLE,INFEASIBLE,INFEASIBLE,INFEASIBLE,INFEASIBLE,INFEASIBLE,INFEASIBLE,INFEASIBLE,INFEASIBLE,INFEASIBLE,INFEASIBLE,INFEASIBLE,INFEASIBLE,INFEASIBLE,INFEASIBLE,INFEASIBLE,INFEASIBLE,INFEASIBLE,INFEASIBLE,INFEASIBLE,INFEASIBLE,INFEASIBLE,no_trials_in_band
corr_mix,all_only,max_abs,INFEASIBLE,0.75,budget_only,count,INFEASIBLE,INFEASIBLE,INFEASIBLE,INFEASIBLE,INFEASIBLE,INFEASIBLE,INFEASIBLE,INFEASIBLE,INFEASIBLE,INFEASIBLE,INFEASIBLE,INFEASIBLE,INFEASIBLE,INFEASIBLE,INFEASIBLE,INFEASIBLE,INFEASIBLE,INFEASIBLE,INFEASIBLE,INFEASIBLE,INFEASIBLE,INFEASIBLE,INFEASIBLE,,INFEASIBLE,INFEASIBLE,INFEASIBLE,INFEASIBLE,INFEASIBLE,INFEASIBLE,INFEASIBLE,INFEASIBLE,INFEASIBLE,INFEASIBLE,INFEASIBLE,INFEASIBLE,INFEASIBLE,INFEASIBLE,INFEASIBLE,INFEASIBLE,INFEASIBLE,INFEASIBLE,INFEASIBLE,INFEASIBLE,INFEASIBLE,INFEASIBLE,INFEASIBLE,INFEASIBLE,INFEASIBLE,no_trials_in_band
corr_mix,all_only,max_abs,INFEASIBLE,1.0,budget_only,count,INFEASIBLE,INFEASIBLE,INFEASIBLE,INFEASIBLE,INFEASIBLE,INFEASIBLE,INFEASIBLE,INFEASIBLE,INFEASIBLE,INFEASIBLE,INFEASIBLE,INFEASIBLE,INFEASIBLE,INFEASIBLE,INFEASIBLE,INFEASIBLE,INFEASIBLE,INFEASIBLE,INFEASIBLE,INFEASIBLE,INFEASIBLE,INFEASIBLE,INFEASIBLE,,INFEASIBLE,INFEASIBLE,INFEASIBLE,INFEASIBLE,INFEASIBLE,INFEASIBLE,INFEASIBLE,INFEASIBLE,INFEASIBLE,INFEASIBLE,INFEASIBLE,INFEASIBLE,INFEASIBLE,INFEASIBLE,INFEASIBLE,INFEASIBLE,INFEASIBLE,INFEASIBLE,INFEASIBLE,INFEASIBLE,INFEASIBLE,INFEASIBLE,INFEASIBLE,INFEASIBLE,INFEASIBLE,no_trials_in_band
corr_mix,all_only,pc_t2,1.0,0.0,budget_only,count,0.1,0.15,0.1,30,30,30,30,1.0,1.0,1.0,0.8543735224586289,0.019621749408983456,4.633333333333334,0.36666666666666664,0.36666666666666664,0.0,0.36666666666666664,0.0,0.36666666666666664,0.0,0.0,0.0,0.0,4.0,26.0,26.0,26.0,26.0,26.0,26.0,26.0,26.0,26.0,26.0,15.0,15.0,1.0203309692671394,0.8543735224586289,0.019621749408983456,0.020294593204858803,0.0,0.8543735224586289,0.019621749408983456,0.0,0.0,0.0,0.0,0.0,OK,
corr_mix,all_only,pc_t2,1.0,0.25,budget_only,count,0.1,0.15,0.1,30,30,30,30,1.0,1.0,1.0,0.8543735224586289,0.019621749408983456,4.633333333333334,0.36666666666666664,0.36666666666666664,0.0,0.36666666666666664,0.0,0.36666666666666664,0.0,0.0,0.0,0.0,4.0,26.0,26.0,26.0,26.0,26.0,26.0,26.0,26.0,26.0,26.0,15.0,15.0,1.0203309692671394,0.8543735224586289,0.019621749408983456,0.020294593204858803,0.0,0.8543735224586289,0.019621749408983456,0.0,0.0,0.0,0.0,0.0,OK,
corr_mix,all_only,pc_t2,1.0,0.5,budget_only,count,0.1,0.15,0.1,30,30,30,30,1.0,1.0,1.0,0.8543735224586289,0.019621749408983456,4.633333333333334,0.36666666666666664,0.36666666666666664,0.0,0.36666666666666664,0.0,0.36666666666666664,0.0,0.0,0.0,0.0,4.0,26.0,26.0,26.0,26.0,26.0,26.0,26.0,26.0,26.0,26.0,15.0,15.0,1.0203309692671394,0.8543735224586289,0.019621749408983456,0.020294593204858803,0.0,0.8543735224586289,0.019621749408983456,0.0,0.0,0.0,0.0,0.0,OK,
corr_mix,all_only,pc_t2,1.0,0.75,budget_only,count,0.1,0.15,0.1,30,30,30,30,1.0,1.0,1.0,0.8543735224586289,0.019621749408983456,4.633333333333334,0.36666666666666664,0.36666666666666664,0.0,0.36666666666666664,0.0,0.36666666666666664,0.0,0.0,0.0,0.0,4.0,26.0,26.0,26.0,26.0,26.0,26.0,26.0,26.0,26.0,26.0,15.0,15.0,1.0203309692671394,0.8543735224586289,0.019621749408983456,0.020294593204858803,0.0,0.8543735224586289,0.019621749408983456,0.0,0.0,0.0,0.0,0.0,OK,
corr_mix,all_only,pc_t2,1.0,1.0,budget_only,count,0.1,0.15,0.1,30,30,30,30,1.0,1.0,1.0,0.8543735224586289,0.019621749408983456,4.633333333333334,0.36666666666666664,0.36666666666666664,0.0,0.36666666666666664,0.0,0.36666666666666664,0.0,0.0,0.0,0.0,4.0,26.0,26.0,26.0,26.0,26.0,26.0,26.0,26.0,26.0,26.0,15.0,15.0,1.0203309692671394,0.8543735224586289,0.019621749408983456,0.020294593204858803,0.0,0.8543735224586289,0.019621749408983456,0.0,0.0,0.0,0.0,0.0,OK,
corr_mix,all_only,pc_t2,INFEASIBLE,0.0,budget_only,count,INFEASIBLE,INFEASIBLE,INFEASIBLE,INFEASIBLE,INFEASIBLE,INFEASIBLE,INFEASIBLE,INFEASIBLE,INFEASIBLE,INFEASIBLE,INFEASIBLE,INFEASIBLE,INFEASIBLE,INFEASIBLE,INFEASIBLE,INFEASIBLE,INFEASIBLE,INFEASIBLE,INFEASIBLE,INFEASIBLE,INFEASIBLE,INFEASIBLE,INFEASIBLE,,INFEASIBLE,INFEASIBLE,INFEASIBLE,INFEASIBLE,INFEASIBLE,INFEASIBLE,INFEASIBLE,INFEASIBLE,INFEASIBLE,INFEASIBLE,INFEASIBLE,INFEASIBLE,INFEASIBLE,INFEASIBLE,INFEASIBLE,INFEASIBLE,INFEASIBLE,INFEASIBLE,INFEASIBLE,INFEASIBLE,INFEASIBLE,INFEASIBLE,INFEASIBLE,INFEASIBLE,INFEASIBLE,no_trials_in_band
corr_mix,all_only,pc_t2,INFEASIBLE,0.25,budget_only,count,INFEASIBLE,INFEASIBLE,INFEASIBLE,INFEASIBLE,INFEASIBLE,INFEASIBLE,INFEASIBLE,INFEASIBLE,INFEASIBLE,INFEASIBLE,INFEASIBLE,INFEASIBLE,INFEASIBLE,INFEASIBLE,INFEASIBLE,INFEASIBLE,INFEASIBLE,INFEASIBLE,INFEASIBLE,INFEASIBLE,INFEASIBLE,INFEASIBLE,INFEASIBLE,,INFEASIBLE,INFEASIBLE,INFEASIBLE,INFEASIBLE,INFEASIBLE,INFEASIBLE,INFEASIBLE,INFEASIBLE,INFEASIBLE,INFEASIBLE,INFEASIBLE,INFEASIBLE,INFEASIBLE,INFEASIBLE,INFEASIBLE,INFEASIBLE,INFEASIBLE,INFEASIBLE,INFEASIBLE,INFEASIBLE,INFEASIBLE,INFEASIBLE,INFEASIBLE,INFEASIBLE,INFEASIBLE,no_trials_in_band
corr_mix,all_only,pc_t2,INFEASIBLE,0.5,budget_only,count,INFEASIBLE,INFEASIBLE,INFEASIBLE,INFEASIBLE,INFEASIBLE,INFEASIBLE,INFEASIBLE,INFEASIBLE,INFEASIBLE,INFEASIBLE,INFEASIBLE,INFEASIBLE,INFEASIBLE,INFEASIBLE,INFEASIBLE,INFEASIBLE,INFEASIBLE,INFEASIBLE,INFEASIBLE,INFEASIBLE,INFEASIBLE,INFEASIBLE,INFEASIBLE,,INFEASIBLE,INFEASIBLE,INFEASIBLE,INFEASIBLE,INFEASIBLE,INFEASIBLE,INFEASIBLE,INFEASIBLE,INFEASIBLE,INFEASIBLE,INFEASIBLE,INFEASIBLE,INFEASIBLE,INFEASIBLE,INFEASIBLE,INFEASIBLE,INFEASIBLE,INFEASIBLE,INFEASIBLE,INFEASIBLE,INFEASIBLE,INFEASIBLE,INFEASIBLE,INFEASIBLE,INFEASIBLE,no_trials_in_band
corr_mix,all_only,pc_t2,INFEASIBLE,0.75,budget_only,count,INFEASIBLE,INFEASIBLE,INFEASIBLE,INFEASIBLE,INFEASIBLE,INFEASIBLE,INFEASIBLE,INFEASIBLE,INFEASIBLE,INFEASIBLE,INFEASIBLE,INFEASIBLE,INFEASIBLE,INFEASIBLE,INFEASIBLE,INFEASIBLE,INFEASIBLE,INFEASIBLE,INFEASIBLE,INFEASIBLE,INFEASIBLE,INFEASIBLE,INFEASIBLE,,INFEASIBLE,INFEASIBLE,INFEASIBLE,INFEASIBLE,INFEASIBLE,INFEASIBLE,INFEASIBLE,INFEASIBLE,INFEASIBLE,INFEASIBLE,INFEASIBLE,INFEASIBLE,INFEASIBLE,INFEASIBLE,INFEASIBLE,INFEASIBLE,INFEASIBLE,INFEASIBLE,INFEASIBLE,INFEASIBLE,INFEASIBLE,INFEASIBLE,INFEASIBLE,INFEASIBLE,INFEASIBLE,no_trials_in_band
corr_mix,all_only,pc_t2,INFEASIBLE,1.0,budget_only,count,INFEASIBLE,INFEASIBLE,INFEASIBLE,INFEASIBLE,INFEASIBLE,INFEASIBLE,INFEASIBLE,INFEASIBLE,INFEASIBLE,INFEASIBLE,INFEASIBLE,INFEASIBLE,INFEASIBLE,INFEASIBLE,INFEASIBLE,INFEASIBLE,INFEASIBLE,INFEASIBLE,INFEASIBLE,INFEASIBLE,INFEASIBLE,INFEASIBLE,INFEASIBLE,,INFEASIBLE,INFEASIBLE,INFEASIBLE,INFEASIBLE,INFEASIBLE,INFEASIBLE,INFEASIBLE,INFEASIBLE,INFEASIBLE,INFEASIBLE,INFEASIBLE,INFEASIBLE,INFEASIBLE,INFEASIBLE,INFEASIBLE,INFEASIBLE,INFEASIBLE,INFEASIBLE,INFEASIBLE,INFEASIBLE,INFEASIBLE,INFEASIBLE,INFEASIBLE,INFEASIBLE,INFEASIBLE,no_trials_in_band
corr_mix,all_only,res_energy,1.0,0.0,budget_only,count,0.1,0.15,0.1,30,30,30,30,1.0,1.0,1.0,0.8851063829787235,0.10070921985815601,4.8,0.3,0.3,0.0,0.36666666666666664,0.06666666666666667,0.36666666666666664,0.06666666666666667,0.06666666666666667,0.06666666666666667,0.06666666666666667,4.0,26.0,26.0,26.0,26.0,26.0,26.0,26.0,26.0,26.0,26.0,16.0,16.0,5.2368794326241135,0.8851063829787235,0.10070921985815601,0.09981968072590121,0.0,0.8851063829787235,0.10070921985815601,0.0,0.0,0.0,0.0,0.0,OK,
corr_mix,all_only,res_energy,1.0,0.25,budget_only,count,0.1,0.15,0.1,30,30,30,30,1.0,1.0,1.0,0.8851063829787235,0.10070921985815601,4.8,0.3,0.3,0.0,0.36666666666666664,0.06666666666666667,0.36666666666666664,0.06666666666666667,0.06666666666666667,0.06666666666666667,0.06666666666666667,4.0,26.0,26.0,26.0,26.0,26.0,26.0,26.0,26.0,26.0,26.0,16.0,16.0,5.2368794326241135,0.8851063829787235,0.10070921985815601,0.09981968072590121,0.0,0.8851063829787235,0.10070921985815601,0.0,0.0,0.0,0.0,0.0,OK,
corr_mix,all_only,res_energy,1.0,0.5,budget_only,count,0.1,0.15,0.1,30,30,30,30,1.0,1.0,1.0,0.8851063829787235,0.10070921985815601,4.8,0.3,0.3,0.0,0.36666666666666664,0.06666666666666667,0.36666666666666664,0.06666666666666667,0.06666666666666667,0.06666666666666667,0.06666666666666667,4.0,26.0,26.0,26.0,26.0,26.0,26.0,26.0,26.0,26.0,26.0,16.0,16.0,5.2368794326241135,0.8851063829787235,0.10070921985815601,0.09981968072590121,0.0,0.8851063829787235,0.10070921985815601,0.0,0.0,0.0,0.0,0.0,OK,
corr_mix,all_only,res_energy,1.0,0.75,budget_only,count,0.1,0.15,0.1,30,30,30,30,1.0,1.0,1.0,0.8851063829787235,0.10070921985815601,4.8,0.3,0.3,0.0,0.36666666666666664,0.06666666666666667,0.36666666666666664,0.06666666666666667,0.06666666666666667,0.06666666666666667,0.06666666666666667,4.0,26.0,26.0,26.0,26.0,26.0,26.0,26.0,26.0,26.0,26.0,16.0,16.0,5.2368794326241135,0.8851063829787235,0.10070921985815601,0.09981968072590121,0.0,0.8851063829787235,0.10070921985815601,0.0,0.0,0.0,0.0,0.0,OK,
corr_mix,all_only,res_energy,1.0,1.0,budget_only,count,0.1,0.15,0.1,30,30,30,30,1.0,1.0,1.0,0.8851063829787235,0.10070921985815601,4.8,0.3,0.3,0.0,0.36666666666666664,0.06666666666666667,0.36666666666666664,0.06666666666666667,0.06666666666666667,0.06666666666666667,0.06666666666666667,4.0,26.0,26.0,26.0,26.0,26.0,26.0,26.0,26.0,26.0,26.0,16.0,16.0,5.2368794326241135,0.8851063829787235,0.10070921985815601,0.09981968072590121,0.0,0.8851063829787235,0.10070921985815601,0.0,0.0,0.0,0.0,0.0,OK,
corr_mix,all_only,res_energy,INFEASIBLE,0.0,budget_only,count,INFEASIBLE,INFEASIBLE,INFEASIBLE,INFEASIBLE,INFEASIBLE,INFEASIBLE,INFEASIBLE,INFEASIBLE,INFEASIBLE,INFEASIBLE,INFEASIBLE,INFEASIBLE,INFEASIBLE,INFEASIBLE,INFEASIBLE,INFEASIBLE,INFEASIBLE,INFEASIBLE,INFEASIBLE,INFEASIBLE,INFEASIBLE,INFEASIBLE,INFEASIBLE,,INFEASIBLE,INFEASIBLE,INFEASIBLE,INFEASIBLE,INFEASIBLE,INFEASIBLE,INFEASIBLE,INFEASIBLE,INFEASIBLE,INFEASIBLE,INFEASIBLE,INFEASIBLE,INFEASIBLE,INFEASIBLE,INFEASIBLE,INFEASIBLE,INFEASIBLE,INFEASIBLE,INFEASIBLE,INFEASIBLE,INFEASIBLE,INFEASIBLE,INFEASIBLE,INFEASIBLE,INFEASIBLE,no_trials_in_band
corr_mix,all_only,res_energy,INFEASIBLE,0.25,budget_only,count,INFEASIBLE,INFEASIBLE,INFEASIBLE,INFEASIBLE,INFEASIBLE,INFEASIBLE,INFEASIBLE,INFEASIBLE,INFEASIBLE,INFEASIBLE,INFEASIBLE,INFEASIBLE,INFEASIBLE,INFEASIBLE,INFEASIBLE,INFEASIBLE,INFEASIBLE,INFEASIBLE,INFEASIBLE,INFEASIBLE,INFEASIBLE,INFEASIBLE,INFEASIBLE,,INFEASIBLE,INFEASIBLE,INFEASIBLE,INFEASIBLE,INFEASIBLE,INFEASIBLE,INFEASIBLE,INFEASIBLE,INFEASIBLE,INFEASIBLE,INFEASIBLE,INFEASIBLE,INFEASIBLE,INFEASIBLE,INFEASIBLE,INFEASIBLE,INFEASIBLE,INFEASIBLE,INFEASIBLE,INFEASIBLE,INFEASIBLE,INFEASIBLE,INFEASIBLE,INFEASIBLE,INFEASIBLE,no_trials_in_band
corr_mix,all_only,res_energy,INFEASIBLE,0.5,budget_only,count,INFEASIBLE,INFEASIBLE,INFEASIBLE,INFEASIBLE,INFEASIBLE,INFEASIBLE,INFEASIBLE,INFEASIBLE,INFEASIBLE,INFEASIBLE,INFEASIBLE,INFEASIBLE,INFEASIBLE,INFEASIBLE,INFEASIBLE,INFEASIBLE,INFEASIBLE,INFEASIBLE,INFEASIBLE,INFEASIBLE,INFEASIBLE,INFEASIBLE,INFEASIBLE,,INFEASIBLE,INFEASIBLE,INFEASIBLE,INFEASIBLE,INFEASIBLE,INFEASIBLE,INFEASIBLE,INFEASIBLE,INFEASIBLE,INFEASIBLE,INFEASIBLE,INFEASIBLE,INFEASIBLE,INFEASIBLE,INFEASIBLE,INFEASIBLE,INFEASIBLE,INFEASIBLE,INFEASIBLE,INFEASIBLE,INFEASIBLE,INFEASIBLE,INFEASIBLE,INFEASIBLE,INFEASIBLE,no_trials_in_band
corr_mix,all_only,res_energy,INFEASIBLE,0.75,budget_only,count,INFEASIBLE,INFEASIBLE,INFEASIBLE,INFEASIBLE,INFEASIBLE,INFEASIBLE,INFEASIBLE,INFEASIBLE,INFEASIBLE,INFEASIBLE,INFEASIBLE,INFEASIBLE,INFEASIBLE,INFEASIBLE,INFEASIBLE,INFEASIBLE,INFEASIBLE,INFEASIBLE,INFEASIBLE,INFEASIBLE,INFEASIBLE,INFEASIBLE,INFEASIBLE,,INFEASIBLE,INFEASIBLE,INFEASIBLE,INFEASIBLE,INFEASIBLE,INFEASIBLE,INFEASIBLE,INFEASIBLE,INFEASIBLE,INFEASIBLE,INFEASIBLE,INFEASIBLE,INFEASIBLE,INFEASIBLE,INFEASIBLE,INFEASIBLE,INFEASIBLE,INFEASIBLE,INFEASIBLE,INFEASIBLE,INFEASIBLE,INFEASIBLE,INFEASIBLE,INFEASIBLE,INFEASIBLE,no_trials_in_band
corr_mix,all_only,res_energy,INFEASIBLE,1.0,budget_only,count,INFEASIBLE,INFEASIBLE,INFEASIBLE,INFEASIBLE,INFEASIBLE,INFEASIBLE,INFEASIBLE,INFEASIBLE,INFEASIBLE,INFEASIBLE,INFEASIBLE,INFEASIBLE,INFEASIBLE,INFEASIBLE,INFEASIBLE,INFEASIBLE,INFEASIBLE,INFEASIBLE,INFEASIBLE,INFEASIBLE,INFEASIBLE,INFEASIBLE,INFEASIBLE,,INFEASIBLE,INFEASIBLE,INFEASIBLE,INFEASIBLE,INFEASIBLE,INFEASIBLE,INFEASIBLE,INFEASIBLE,INFEASIBLE,INFEASIBLE,INFEASIBLE,INFEASIBLE,INFEASIBLE,INFEASIBLE,INFEASIBLE,INFEASIBLE,INFEASIBLE,INFEASIBLE,INFEASIBLE,INFEASIBLE,INFEASIBLE,INFEASIBLE,INFEASIBLE,INFEASIBLE,INFEASIBLE,no_trials_in_band
corr_mix,all_only,stale,1.0,0.0,budget_only,count,0.1,0.15,0.1,30,30,0,30,1.0,0.0,1.0,1.094089834515366,0.4839243498817967,5.933333333333334,0.4,0.4,0.0,0.9666666666666667,0.6,0.9666666666666667,0.6,0.5666666666666667,0.0,0.0,4.0,26.0,26.0,26.0,26.0,26.0,26.0,0.0,23.200000000000003,26.0,26.0,17.0,17.0,25.164066193853426,1.094089834515366,0.4839243498817967,1.0000000000000002e-06,0.07697804566131967,1.094089834515366,0.4839243498817967,0.0,0.0,0.0,0.0,0.0,OK,
corr_mix,all_only,stale,1.0,0.25,budget_only,count,0.1,0.15,0.1,30,30,0,30,1.0,0.0,1.0,1.094089834515366,0.4839243498817967,5.933333333333334,0.4,0.4,0.0,0.9666666666666667,0.6,0.9666666666666667,0.6,0.5666666666666667,0.0,0.0,4.0,26.0,26.0,26.0,26.0,26.0,26.0,0.0,23.200000000000003,26.0,26.0,17.0,17.0,25.164066193853426,1.094089834515366,0.4839243498817967,1.0000000000000002e-06,0.07697804566131967,1.094089834515366,0.4839243498817967,0.0,0.0,0.0,0.0,0.0,OK,
corr_mix,all_only,stale,1.0,0.5,budget_only,count,0.1,0.15,0.1,30,30,0,30,1.0,0.0,1.0,1.094089834515366,0.4839243498817967,5.933333333333334,0.4,0.4,0.0,0.9666666666666667,0.6,0.9666666666666667,0.6,0.5666666666666667,0.0,0.0,4.0,26.0,26.0,26.0,26.0,26.0,26.0,0.0,23.200000000000003,26.0,26.0,17.0,17.0,25.164066193853426,1.094089834515366,0.4839243498817967,1.0000000000000002e-06,0.07697804566131967,1.094089834515366,0.4839243498817967,0.0,0.0,0.0,0.0,0.0,OK,
corr_mix,all_only,stale,1.0,0.75,budget_only,count,0.1,0.15,0.1,30,30,0,30,1.0,0.0,1.0,1.094089834515366,0.4839243498817967,5.933333333333334,0.4,0.4,0.0,0.9666666666666667,0.6,0.9666666666666667,0.6,0.5666666666666667,0.0,0.0,4.0,26.0,26.0,26.0,26.0,26.0,26.0,0.0,23.200000000000003,26.0,26.0,17.0,17.0,25.164066193853426,1.094089834515366,0.4839243498817967,1.0000000000000002e-06,0.07697804566131967,1.094089834515366,0.4839243498817967,0.0,0.0,0.0,0.0,0.0,OK,
corr_mix,all_only,stale,1.0,1.0,budget_only,count,0.1,0.15,0.1,30,30,0,30,1.0,0.0,1.0,1.094089834515366,0.4839243498817967,5.933333333333334,0.4,0.4,0.0,0.9666666666666667,0.6,0.9666666666666667,0.6,0.5666666666666667,0.0,0.0,4.0,26.0,26.0,26.0,26.0,26.0,26.0,0.0,23.200000000000003,26.0,26.0,17.0,17.0,25.164066193853426,1.094089834515366,0.4839243498817967,1.0000000000000002e-06,0.07697804566131967,1.094089834515366,0.4839243498817967,0.0,0.0,0.0,0.0,0.0,OK,
corr_mix,all_only,stale,INFEASIBLE,0.0,budget_only,count,INFEASIBLE,INFEASIBLE,INFEASIBLE,INFEASIBLE,INFEASIBLE,INFEASIBLE,INFEASIBLE,INFEASIBLE,INFEASIBLE,INFEASIBLE,INFEASIBLE,INFEASIBLE,INFEASIBLE,INFEASIBLE,INFEASIBLE,INFEASIBLE,INFEASIBLE,INFEASIBLE,INFEASIBLE,INFEASIBLE,INFEASIBLE,INFEASIBLE,INFEASIBLE,,INFEASIBLE,INFEASIBLE,INFEASIBLE,INFEASIBLE,INFEASIBLE,INFEASIBLE,INFEASIBLE,INFEASIBLE,INFEASIBLE,INFEASIBLE,INFEASIBLE,INFEASIBLE,INFEASIBLE,INFEASIBLE,INFEASIBLE,INFEASIBLE,INFEASIBLE,INFEASIBLE,INFEASIBLE,INFEASIBLE,INFEASIBLE,INFEASIBLE,INFEASIBLE,INFEASIBLE,INFEASIBLE,no_trials_in_band
corr_mix,all_only,stale,INFEASIBLE,0.25,budget_only,count,INFEASIBLE,INFEASIBLE,INFEASIBLE,INFEASIBLE,INFEASIBLE,INFEASIBLE,INFEASIBLE,INFEASIBLE,INFEASIBLE,INFEASIBLE,INFEASIBLE,INFEASIBLE,INFEASIBLE,INFEASIBLE,INFEASIBLE,INFEASIBLE,INFEASIBLE,INFEASIBLE,INFEASIBLE,INFEASIBLE,INFEASIBLE,INFEASIBLE,INFEASIBLE,,INFEASIBLE,INFEASIBLE,INFEASIBLE,INFEASIBLE,INFEASIBLE,INFEASIBLE,INFEASIBLE,INFEASIBLE,INFEASIBLE,INFEASIBLE,INFEASIBLE,INFEASIBLE,INFEASIBLE,INFEASIBLE,INFEASIBLE,INFEASIBLE,INFEASIBLE,INFEASIBLE,INFEASIBLE,INFEASIBLE,INFEASIBLE,INFEASIBLE,INFEASIBLE,INFEASIBLE,INFEASIBLE,no_trials_in_band
corr_mix,all_only,stale,INFEASIBLE,0.5,budget_only,count,INFEASIBLE,INFEASIBLE,INFEASIBLE,INFEASIBLE,INFEASIBLE,INFEASIBLE,INFEASIBLE,INFEASIBLE,INFEASIBLE,INFEASIBLE,INFEASIBLE,INFEASIBLE,INFEASIBLE,INFEASIBLE,INFEASIBLE,INFEASIBLE,INFEASIBLE,INFEASIBLE,INFEASIBLE,INFEASIBLE,INFEASIBLE,INFEASIBLE,INFEASIBLE,,INFEASIBLE,INFEASIBLE,INFEASIBLE,INFEASIBLE,INFEASIBLE,INFEASIBLE,INFEASIBLE,INFEASIBLE,INFEASIBLE,INFEASIBLE,INFEASIBLE,INFEASIBLE,INFEASIBLE,INFEASIBLE,INFEASIBLE,INFEASIBLE,INFEASIBLE,INFEASIBLE,INFEASIBLE,INFEASIBLE,INFEASIBLE,INFEASIBLE,INFEASIBLE,INFEASIBLE,INFEASIBLE,no_trials_in_band
corr_mix,all_only,stale,INFEASIBLE,0.75,budget_only,count,INFEASIBLE,INFEASIBLE,INFEASIBLE,INFEASIBLE,INFEASIBLE,INFEASIBLE,INFEASIBLE,INFEASIBLE,INFEASIBLE,INFEASIBLE,INFEASIBLE,INFEASIBLE,INFEASIBLE,INFEASIBLE,INFEASIBLE,INFEASIBLE,INFEASIBLE,INFEASIBLE,INFEASIBLE,INFEASIBLE,INFEASIBLE,INFEASIBLE,INFEASIBLE,,INFEASIBLE,INFEASIBLE,INFEASIBLE,INFEASIBLE,INFEASIBLE,INFEASIBLE,INFEASIBLE,INFEASIBLE,INFEASIBLE,INFEASIBLE,INFEASIBLE,INFEASIBLE,INFEASIBLE,INFEASIBLE,INFEASIBLE,INFEASIBLE,INFEASIBLE,INFEASIBLE,INFEASIBLE,INFEASIBLE,INFEASIBLE,INFEASIBLE,INFEASIBLE,INFEASIBLE,INFEASIBLE,no_trials_in_band
corr_mix,all_only,stale,INFEASIBLE,1.0,budget_only,count,INFEASIBLE,INFEASIBLE,INFEASIBLE,INFEASIBLE,INFEASIBLE,INFEASIBLE,INFEASIBLE,INFEASIBLE,INFEASIBLE,INFEASIBLE,INFEASIBLE,INFEASIBLE,INFEASIBLE,INFEASIBLE,INFEASIBLE,INFEASIBLE,INFEASIBLE,INFEASIBLE,INFEASIBLE,INFEASIBLE,INFEASIBLE,INFEASIBLE,INFEASIBLE,,INFEASIBLE,INFEASIBLE,INFEASIBLE,INFEASIBLE,INFEASIBLE,INFEASIBLE,INFEASIBLE,INFEASIBLE,INFEASIBLE,INFEASIBLE,INFEASIBLE,INFEASIBLE,INFEASIBLE,INFEASIBLE,INFEASIBLE,INFEASIBLE,INFEASIBLE,INFEASIBLE,INFEASIBLE,INFEASIBLE,INFEASIBLE,INFEASIBLE,INFEASIBLE,INFEASIBLE,INFEASIBLE,no_trials_in_band
corr_mix,full,T2,1.0,0.0,budget_only,count,0.1,0.15,0.1,30,22,22,22,0.7333333333333333,0.7333333333333333,0.7333333333333333,0.7375886524822696,0.024822695035460987,4.0,0.0,0.0,0.0,0.0,0.0,0.0,0.0,0.0,0.0,0.0,4.0,26.0,26.0,26.0,26.0,26.0,26.0,26.0,26.0,26.0,26.0,NA,NA,1.2907801418439713,0.7375886524822696,0.024822695035460987,3.051757812500001e-06,-0.016119384293756405,0.7375886524822696,0.024822695035460987,0.0,0.0,0.0,0.0,0.0,OK,
corr_mix,full,T2,1.0,0.25,budget_only,count,0.1,0.15,0.1,30,22,22,22,0.7333333333333333,0.7333333333333333,0.7333333333333333,0.7375886524822696,0.024822695035460987,4.0,0.9545454545454546,0.0,0.9545454545454546,0.9545454545454546,0.9090909090909091,0.9545454545454546,0.9090909090909091,0.0,0.9090909090909091,0.9090909090909091,4.0,0.0,26.0,0.0,3.6000000000000085,26.0,26.0,0.0,3.6000000000000085,0.0,3.6000000000000085,0.0,NA,1.0560928433268857,0.6202450032237263,0.020309477756286266,3.051757812500001e-06,300983591.1632837,0.7375886524822696,0.024822695035460987,0.06293706293706294,0.01515151515151515,0.06293706293706294,0.06293706293706294,-0.01515151515151515,OK,
corr_mix,full,T2,1.0,0.5,budget_only,count,0.1,0.15,0.1,30,22,22,22,0.7333333333333333,0.7333333333333333,0.7333333333333333,0.7375886524822696,0.024822695035460987,4.0,0.9545454545454546,0.0,0.9545454545454546,0.9545454545454546,0.9090909090909091,0.9545454545454546,0.9090909090909091,0.0,0.9090909090909091,0.9090909090909091,4.0,0.0,26.0,0.0,3.6000000000000085,26.0,26.0,0.0,3.6000000000000085,0.0,3.6000000000000085,0.0,NA,1.0560928433268857,0.6202450032237263,0.020309477756286266,3.051757812500001e-06,1203956245.6270733,0.7375886524822696,0.024822695035460987,0.06293706293706294,0.01515151515151515,0.06293706293706294,0.06293706293706294,-0.01515151515151515,OK,
corr_mix,full,T2,1.0,0.75,budget_only,count,0.1,0.15,0.1,30,22,22,22,0.7333333333333333,0.7333333333333333,0.7333333333333333,0.7375886524822696,0.024822695035460987,4.0,0.9545454545454546,0.0,0.9545454545454546,0.9545454545454546,0.9090909090909091,0.9545454545454546,0.9090909090909091,0.0,0.9090909090909091,0.9090909090909091,4.0,0.0,26.0,0.0,3.6000000000000085,26.0,26.0,0.0,3.6000000000000085,0.0,3.6000000000000085,0.0,NA,1.0560928433268857,0.6202450032237263,0.020309477756286266,3.051757812500001e-06,2708917697.7083073,0.7375886524822696,0.024822695035460987,0.06293706293706294,0.01515151515151515,0.06293706293706294,0.06293706293706294,-0.01515151515151515,OK,
corr_mix,full,T2,1.0,1.0,budget_only,count,0.1,0.15,0.1,30,22,22,22,0.7333333333333333,0.7333333333333333,0.7333333333333333,0.7375886524822696,0.024822695035460987,4.0,0.9545454545454546,0.0,0.9545454545454546,0.9545454545454546,0.9090909090909091,0.9545454545454546,0.9090909090909091,0.0,0.9090909090909091,0.9090909090909091,4.0,0.0,26.0,0.0,3.6000000000000085,26.0,26.0,0.0,3.6000000000000085,0.0,3.6000000000000085,0.0,NA,1.0560928433268857,0.6202450032237263,0.020309477756286266,3.051757812500001e-06,4815867713.416383,0.7375886524822696,0.024822695035460987,0.059440559440559454,0.01515151515151515,0.059440559440559454,0.059440559440559454,-0.01515151515151515,OK,
corr_mix,full,T2,INFEASIBLE,0.0,budget_only,count,INFEASIBLE,INFEASIBLE,INFEASIBLE,INFEASIBLE,INFEASIBLE,INFEASIBLE,INFEASIBLE,INFEASIBLE,INFEASIBLE,INFEASIBLE,INFEASIBLE,INFEASIBLE,INFEASIBLE,INFEASIBLE,INFEASIBLE,INFEASIBLE,INFEASIBLE,INFEASIBLE,INFEASIBLE,INFEASIBLE,INFEASIBLE,INFEASIBLE,INFEASIBLE,,INFEASIBLE,INFEASIBLE,INFEASIBLE,INFEASIBLE,INFEASIBLE,INFEASIBLE,INFEASIBLE,INFEASIBLE,INFEASIBLE,INFEASIBLE,INFEASIBLE,INFEASIBLE,INFEASIBLE,INFEASIBLE,INFEASIBLE,INFEASIBLE,INFEASIBLE,INFEASIBLE,INFEASIBLE,INFEASIBLE,INFEASIBLE,INFEASIBLE,INFEASIBLE,INFEASIBLE,INFEASIBLE,no_trials_in_band
corr_mix,full,T2,INFEASIBLE,0.25,budget_only,count,INFEASIBLE,INFEASIBLE,INFEASIBLE,INFEASIBLE,INFEASIBLE,INFEASIBLE,INFEASIBLE,INFEASIBLE,INFEASIBLE,INFEASIBLE,INFEASIBLE,INFEASIBLE,INFEASIBLE,INFEASIBLE,INFEASIBLE,INFEASIBLE,INFEASIBLE,INFEASIBLE,INFEASIBLE,INFEASIBLE,INFEASIBLE,INFEASIBLE,INFEASIBLE,,INFEASIBLE,INFEASIBLE,INFEASIBLE,INFEASIBLE,INFEASIBLE,INFEASIBLE,INFEASIBLE,INFEASIBLE,INFEASIBLE,INFEASIBLE,INFEASIBLE,INFEASIBLE,INFEASIBLE,INFEASIBLE,INFEASIBLE,INFEASIBLE,INFEASIBLE,INFEASIBLE,INFEASIBLE,INFEASIBLE,INFEASIBLE,INFEASIBLE,INFEASIBLE,INFEASIBLE,INFEASIBLE,no_trials_in_band
corr_mix,full,T2,INFEASIBLE,0.5,budget_only,count,INFEASIBLE,INFEASIBLE,INFEASIBLE,INFEASIBLE,INFEASIBLE,INFEASIBLE,INFEASIBLE,INFEASIBLE,INFEASIBLE,INFEASIBLE,INFEASIBLE,INFEASIBLE,INFEASIBLE,INFEASIBLE,INFEASIBLE,INFEASIBLE,INFEASIBLE,INFEASIBLE,INFEASIBLE,INFEASIBLE,INFEASIBLE,INFEASIBLE,INFEASIBLE,,INFEASIBLE,INFEASIBLE,INFEASIBLE,INFEASIBLE,INFEASIBLE,INFEASIBLE,INFEASIBLE,INFEASIBLE,INFEASIBLE,INFEASIBLE,INFEASIBLE,INFEASIBLE,INFEASIBLE,INFEASIBLE,INFEASIBLE,INFEASIBLE,INFEASIBLE,INFEASIBLE,INFEASIBLE,INFEASIBLE,INFEASIBLE,INFEASIBLE,INFEASIBLE,INFEASIBLE,INFEASIBLE,no_trials_in_band
corr_mix,full,T2,INFEASIBLE,0.75,budget_only,count,INFEASIBLE,INFEASIBLE,INFEASIBLE,INFEASIBLE,INFEASIBLE,INFEASIBLE,INFEASIBLE,INFEASIBLE,INFEASIBLE,INFEASIBLE,INFEASIBLE,INFEASIBLE,INFEASIBLE,INFEASIBLE,INFEASIBLE,INFEASIBLE,INFEASIBLE,INFEASIBLE,INFEASIBLE,INFEASIBLE,INFEASIBLE,INFEASIBLE,INFEASIBLE,,INFEASIBLE,INFEASIBLE,INFEASIBLE,INFEASIBLE,INFEASIBLE,INFEASIBLE,INFEASIBLE,INFEASIBLE,INFEASIBLE,INFEASIBLE,INFEASIBLE,INFEASIBLE,INFEASIBLE,INFEASIBLE,INFEASIBLE,INFEASIBLE,INFEASIBLE,INFEASIBLE,INFEASIBLE,INFEASIBLE,INFEASIBLE,INFEASIBLE,INFEASIBLE,INFEASIBLE,INFEASIBLE,no_trials_in_band
corr_mix,full,T2,INFEASIBLE,1.0,budget_only,count,INFEASIBLE,INFEASIBLE,INFEASIBLE,INFEASIBLE,INFEASIBLE,INFEASIBLE,INFEASIBLE,INFEASIBLE,INFEASIBLE,INFEASIBLE,INFEASIBLE,INFEASIBLE,INFEASIBLE,INFEASIBLE,INFEASIBLE,INFEASIBLE,INFEASIBLE,INFEASIBLE,INFEASIBLE,INFEASIBLE,INFEASIBLE,INFEASIBLE,INFEASIBLE,,INFEASIBLE,INFEASIBLE,INFEASIBLE,INFEASIBLE,INFEASIBLE,INFEASIBLE,INFEASIBLE,INFEASIBLE,INFEASIBLE,INFEASIBLE,INFEASIBLE,INFEASIBLE,INFEASIBLE,INFEASIBLE,INFEASIBLE,INFEASIBLE,INFEASIBLE,INFEASIBLE,INFEASIBLE,INFEASIBLE,INFEASIBLE,INFEASIBLE,INFEASIBLE,INFEASIBLE,INFEASIBLE,no_trials_in_band
corr_mix,full,cusum_factor_cov_lrt,1.0,0.0,budget_only,count,0.1,0.15,0.1,30,14,14,14,0.4666666666666667,0.4666666666666667,0.4666666666666667,1.0536980749746707,0.022796352583586626,5.714285714285714,0.6428571428571429,0.6428571428571429,0.0,0.6428571428571429,0.14285714285714285,0.6428571428571429,0.14285714285714285,0.0,0.07142857142857142,0.07142857142857142,4.0,19.5,19.5,19.5,26.0,19.5,26.0,19.5,26.0,19.5,26.0,14.0,14.0,1.1854103343465046,1.0536980749746707,0.022796352583586626,NA,0.15109290314126952,1.0536980749746707,0.022796352583586626,0.0,0.0,0.0,0.0,0.0,OK,
corr_mix,full,cusum_factor_cov_lrt,1.0,0.25,budget_only,count,0.1,0.15,0.1,30,14,14,14,0.4666666666666667,0.4666666666666667,0.4666666666666667,1.0536980749746707,0.022796352583586626,5.714285714285714,0.35714285714285715,0.6428571428571429,-0.28571428571428575,0.35714285714285715,0.21428571428571427,0.35714285714285715,0.21428571428571427,0.0,0.07142857142857142,0.07142857142857142,4.0,26.0,19.5,26.0,26.0,19.5,26.0,26.0,26.0,26.0,26.0,3.0,14.0,1.1854103343465046,1.0536980749746707,0.022796352583586626,NA,0.08617320769585667,1.0536980749746707,0.022796352583586626,0.03296703296703296,0.0,-0.01098901098901099,0.01098901098901099,0.0,OK,
corr_mix,full,cusum_factor_cov_lrt,1.0,0.5,budget_only,count,0.1,0.15,0.1,30,14,14,14,0.4666666666666667,0.4666666666666667,0.4666666666666667,1.0536980749746707,0.022796352583586626,5.714285714285714,0.35714285714285715,0.6428571428571429,-0.28571428571428575,0.35714285714285715,0.14285714285714285,0.35714285714285715,0.14285714285714285,0.0,0.07142857142857142,0.07142857142857142,4.0,26.0,19.5,26.0,26.0,19.5,26.0,26.0,26.0,26.0,26.0,6.0,14.0,1.1854103343465046,1.0536980749746707,0.022796352583586626,NA,0.00257415099809518,1.0536980749746707,0.022796352583586626,0.03296703296703296,0.023809523809523808,-0.01098901098901099,0.01098901098901099,0.023809523809523808,OK,
corr_mix,full,cusum_factor_cov_lrt,1.0,0.75,budget_only,count,0.1,0.15,0.1,30,14,14,14,0.4666666666666667,0.4666666666666667,0.4666666666666667,1.0536980749746707,0.022796352583586626,5.714285714285714,0.5,0.6428571428571429,-0.1428571428571429,0.5,0.0,0.5,0.0,0.0,0.0,0.0,4.0,24.5,19.5,24.5,26.0,19.5,26.0,24.5,26.0,24.5,26.0,16.0,14.0,1.1063829787234043,1.027355623100304,0.02127659574468085,NA,0.17678830333346512,1.0536980749746707,0.022796352583586626,0.04945054945054945,0.0,0.005494505494505495,0.027472527472527476,0.0,OK,
corr_mix,full,cusum_factor_cov_lrt,1.0,1.0,budget_only,count,0.1,0.15,0.1,30,14,14,14,0.4666666666666667,0.4666666666666667,0.4666666666666667,1.0536980749746707,0.022796352583586626,5.714285714285714,0.7142857142857143,0.6428571428571429,0.0714285714285714,0.7142857142857143,0.14285714285714285,0.7142857142857143,0.14285714285714285,0.0,0.07142857142857142,0.07142857142857142,4.0,11.5,19.5,11.5,26.0,19.5,26.0,11.5,26.0,11.5,26.0,9.0,14.0,1.1854103343465046,1.0536980749746707,0.022796352583586626,NA,0.2352412779758313,1.0536980749746707,0.022796352583586626,0.052197802197802186,0.0,0.0027472527472527475,0.0027472527472527475,0.0,OK,
corr_mix,full,cusum_factor_cov_lrt,2.0,0.0,budget_only,count,0.1,0.15,0.1,30,27,27,27,0.9,0.9,0.9,1.6868925663251901,0.056474914630943,9.148148148148149,0.8518518518518519,0.8518518518518519,0.0,0.8888888888888888,0.18518518518518517,0.8888888888888888,0.18518518518518517,0.037037037037037035,0.18518518518518517,0.18518518518518517,4.0,14.0,14.0,14.0,26.0,14.0,26.0,14.0,24.200000000000006,14.0,26.0,12.0,12.0,2.936695560809036,1.6868925663251901,0.056474914630943,NA,0.08665830492360085,1.6868925663251901,0.056474914630943,0.0,0.0,0.0,0.0,0.0,OK,
corr_mix,full,cusum_factor_cov_lrt,2.0,0.25,budget_only,count,0.1,0.15,0.1,30,27,27,27,0.9,0.9,0.9,1.6868925663251901,0.056474914630943,9.148148148148149,0.9259259259259259,0.8518518518518519,0.07407407407407407,0.9629629629629629,0.2962962962962963,0.9629629629629629,0.2962962962962963,0.037037037037037035,0.2962962962962963,0.2962962962962963,4.0,12.0,14.0,12.0,22.200000000000006,14.0,26.0,8.0,19.800000000000004,12.0,22.200000000000006,8.0,12.0,3.264512739690044,1.6800630417651692,0.06277909114788548,NA,0.14030591821560648,1.6868925663251901,0.056474914630943,0.08404558404558406,0.037037037037037035,-0.0014245014245014246,0.01566951566951567,0.012345679012345678,OK,
corr_mix,full,cusum_factor_cov_lrt,2.0,0.5,budget_only,count,0.1,0.15,0.1,30,27,27,27,0.9,0.9,0.9,1.6868925663251901,0.056474914630943,9.148148148148149,0.8888888888888888,0.8518518518518519,0.03703703703703698,0.9259259259259259,0.18518518518518517,0.9259259259259259,0.18518518518518517,0.037037037037037035,0.18518518518518517,0.18518518518518517,4.0,13.0,14.0,13.0,24.800000000000004,14.0,26.0,10.0,23.400000000000002,13.0,24.800000000000004,9.0,12.0,3.086945101129498,1.6937220908852113,0.05936432886787497,NA,0.013127558416708077,1.6868925663251901,0.056474914630943,0.08262108262108263,0.037037037037037035,-0.011396011396011397,0.028490028490028487,0.012345679012345678,OK,
corr_mix,full,cusum_factor_cov_lrt,2.0,0.75,budget_only,count,0.1,0.15,0.1,30,27,27,27,0.9,0.9,0.9,1.6868925663251901,0.056474914630943,9.148148148148149,0.9259259259259259,0.8518518518518519,0.07407407407407407,0.9259259259259259,0.14814814814814814,0.9259259259259259,0.14814814814814814,0.0,0.14814814814814814,0.14814814814814814,4.0,12.0,14.0,12.0,20.800000000000004,14.0,26.0,12.0,20.800000000000004,12.0,20.800000000000004,11.0,12.0,3.168899395849751,1.6868925663251901,0.06094037299711058,NA,0.1582386026692707,1.6868925663251901,0.056474914630943,0.07692307692307693,0.012345679012345678,-0.002849002849002849,0.028490028490028487,0.012345679012345678,OK,
corr_mix,full,cusum_factor_cov_lrt,2.0,1.0,budget_only,count,0.1,0.15,0.1,30,27,27,27,0.9,0.9,0.9,1.6868925663251901,0.056474914630943,9.148148148148149,0.9259259259259259,0.8518518518518519,0.07407407407407407,0.9259259259259259,0.1111111111111111,0.9259259259259259,0.1111111111111111,0.0,0.1111111111111111,0.1111111111111111,4.0,12.0,14.0,12.0,20.0,14.0,26.0,12.0,20.0,12.0,20.0,9.0,12.0,3.285001313370108,1.6664039926451275,0.06317310218019438,NA,0.24798473092203052,1.6868925663251901,0.056474914630943,0.0868945868945869,0.024691358024691357,0.03276353276353277,0.05270655270655272,0.02469135802469136,OK,
corr_mix,full,ewma_factor_cov_lrt,INFEASIBLE,0.0,budget_only,count,INFEASIBLE,INFEASIBLE,INFEASIBLE,INFEASIBLE,INFEASIBLE,INFEASIBLE,INFEASIBLE,INFEASIBLE,INFEASIBLE,INFEASIBLE,INFEASIBLE,INFEASIBLE,INFEASIBLE,INFEASIBLE,INFEASIBLE,INFEASIBLE,INFEASIBLE,INFEASIBLE,INFEASIBLE,INFEASIBLE,INFEASIBLE,INFEASIBLE,INFEASIBLE,,INFEASIBLE,INFEASIBLE,INFEASIBLE,INFEASIBLE,INFEASIBLE,INFEASIBLE,INFEASIBLE,INFEASIBLE,INFEASIBLE,INFEASIBLE,INFEASIBLE,INFEASIBLE,INFEASIBLE,INFEASIBLE,INFEASIBLE,INFEASIBLE,INFEASIBLE,INFEASIBLE,INFEASIBLE,INFEASIBLE,INFEASIBLE,INFEASIBLE,INFEASIBLE,INFEASIBLE,INFEASIBLE,no_trials_in_band
corr_mix,full,ewma_factor_cov_lrt,INFEASIBLE,0.25,budget_only,count,INFEASIBLE,INFEASIBLE,INFEASIBLE,INFEASIBLE,INFEASIBLE,INFEASIBLE,INFEASIBLE,INFEASIBLE,INFEASIBLE,INFEASIBLE,INFEASIBLE,INFEASIBLE,INFEASIBLE,INFEASIBLE,INFEASIBLE,INFEASIBLE,INFEASIBLE,INFEASIBLE,INFEASIBLE,INFEASIBLE,INFEASIBLE,INFEASIBLE,INFEASIBLE,,INFEASIBLE,INFEASIBLE,INFEASIBLE,INFEASIBLE,INFEASIBLE,INFEASIBLE,INFEASIBLE,INFEASIBLE,INFEASIBLE,INFEASIBLE,INFEASIBLE,INFEASIBLE,INFEASIBLE,INFEASIBLE,INFEASIBLE,INFEASIBLE,INFEASIBLE,INFEASIBLE,INFEASIBLE,INFEASIBLE,INFEASIBLE,INFEASIBLE,INFEASIBLE,INFEASIBLE,INFEASIBLE,no_trials_in_band
corr_mix,full,ewma_factor_cov_lrt,INFEASIBLE,0.5,budget_only,count,INFEASIBLE,INFEASIBLE,INFEASIBLE,INFEASIBLE,INFEASIBLE,INFEASIBLE,INFEASIBLE,INFEASIBLE,INFEASIBLE,INFEASIBLE,INFEASIBLE,INFEASIBLE,INFEASIBLE,INFEASIBLE,INFEASIBLE,INFEASIBLE,INFEASIBLE,INFEASIBLE,INFEASIBLE,INFEASIBLE,INFEASIBLE,INFEASIBLE,INFEASIBLE,,INFEASIBLE,INFEASIBLE,INFEASIBLE,INFEASIBLE,INFEASIBLE,INFEASIBLE,INFEASIBLE,INFEASIBLE,INFEASIBLE,INFEASIBLE,INFEASIBLE,INFEASIBLE,INFEASIBLE,INFEASIBLE,INFEASIBLE,INFEASIBLE,INFEASIBLE,INFEASIBLE,INFEASIBLE,INFEASIBLE,INFEASIBLE,INFEASIBLE,INFEASIBLE,INFEASIBLE,INFEASIBLE,no_trials_in_band
corr_mix,full,ewma_factor_cov_lrt,INFEASIBLE,0.75,budget_only,count,INFEASIBLE,INFEASIBLE,INFEASIBLE,INFEASIBLE,INFEASIBLE,INFEASIBLE,INFEASIBLE,INFEASIBLE,INFEASIBLE,INFEASIBLE,INFEASIBLE,INFEASIBLE,INFEASIBLE,INFEASIBLE,INFEASIBLE,INFEASIBLE,INFEASIBLE,INFEASIBLE,INFEASIBLE,INFEASIBLE,INFEASIBLE,INFEASIBLE,INFEASIBLE,,INFEASIBLE,INFEASIBLE,INFEASIBLE,INFEASIBLE,INFEASIBLE,INFEASIBLE,INFEASIBLE,INFEASIBLE,INFEASIBLE,INFEASIBLE,INFEASIBLE,INFEASIBLE,INFEASIBLE,INFEASIBLE,INFEASIBLE,INFEASIBLE,INFEASIBLE,INFEASIBLE,INFEASIBLE,INFEASIBLE,INFEASIBLE,INFEASIBLE,INFEASIBLE,INFEASIBLE,INFEASIBLE,no_trials_in_band
corr_mix,full,ewma_factor_cov_lrt,INFEASIBLE,1.0,budget_only,count,INFEASIBLE,INFEASIBLE,INFEASIBLE,INFEASIBLE,INFEASIBLE,INFEASIBLE,INFEASIBLE,INFEASIBLE,INFEASIBLE,INFEASIBLE,INFEASIBLE,INFEASIBLE,INFEASIBLE,INFEASIBLE,INFEASIBLE,INFEASIBLE,INFEASIBLE,INFEASIBLE,INFEASIBLE,INFEASIBLE,INFEASIBLE,INFEASIBLE,INFEASIBLE,,INFEASIBLE,INFEASIBLE,INFEASIBLE,INFEASIBLE,INFEASIBLE,INFEASIBLE,INFEASIBLE,INFEASIBLE,INFEASIBLE,INFEASIBLE,INFEASIBLE,INFEASIBLE,INFEASIBLE,INFEASIBLE,INFEASIBLE,INFEASIBLE,INFEASIBLE,INFEASIBLE,INFEASIBLE,INFEASIBLE,INFEASIBLE,INFEASIBLE,INFEASIBLE,INFEASIBLE,INFEASIBLE,no_trials_in_band
corr_mix,full,ewma_factor_cov_lrt,INFEASIBLE,0.0,budget_only,count,INFEASIBLE,INFEASIBLE,INFEASIBLE,INFEASIBLE,INFEASIBLE,INFEASIBLE,INFEASIBLE,INFEASIBLE,INFEASIBLE,INFEASIBLE,INFEASIBLE,INFEASIBLE,INFEASIBLE,INFEASIBLE,INFEASIBLE,INFEASIBLE,INFEASIBLE,INFEASIBLE,INFEASIBLE,INFEASIBLE,INFEASIBLE,INFEASIBLE,INFEASIBLE,,INFEASIBLE,INFEASIBLE,INFEASIBLE,INFEASIBLE,INFEASIBLE,INFEASIBLE,INFEASIBLE,INFEASIBLE,INFEASIBLE,INFEASIBLE,INFEASIBLE,INFEASIBLE,INFEASIBLE,INFEASIBLE,INFEASIBLE,INFEASIBLE,INFEASIBLE,INFEASIBLE,INFEASIBLE,INFEASIBLE,INFEASIBLE,INFEASIBLE,INFEASIBLE,INFEASIBLE,INFEASIBLE,no_trials_in_band
corr_mix,full,ewma_factor_cov_lrt,INFEASIBLE,0.25,budget_only,count,INFEASIBLE,INFEASIBLE,INFEASIBLE,INFEASIBLE,INFEASIBLE,INFEASIBLE,INFEASIBLE,INFEASIBLE,INFEASIBLE,INFEASIBLE,INFEASIBLE,INFEASIBLE,INFEASIBLE,INFEASIBLE,INFEASIBLE,INFEASIBLE,INFEASIBLE,INFEASIBLE,INFEASIBLE,INFEASIBLE,INFEASIBLE,INFEASIBLE,INFEASIBLE,,INFEASIBLE,INFEASIBLE,INFEASIBLE,INFEASIBLE,INFEASIBLE,INFEASIBLE,INFEASIBLE,INFEASIBLE,INFEASIBLE,INFEASIBLE,INFEASIBLE,INFEASIBLE,INFEASIBLE,INFEASIBLE,INFEASIBLE,INFEASIBLE,INFEASIBLE,INFEASIBLE,INFEASIBLE,INFEASIBLE,INFEASIBLE,INFEASIBLE,INFEASIBLE,INFEASIBLE,INFEASIBLE,no_trials_in_band
corr_mix,full,ewma_factor_cov_lrt,INFEASIBLE,0.5,budget_only,count,INFEASIBLE,INFEASIBLE,INFEASIBLE,INFEASIBLE,INFEASIBLE,INFEASIBLE,INFEASIBLE,INFEASIBLE,INFEASIBLE,INFEASIBLE,INFEASIBLE,INFEASIBLE,INFEASIBLE,INFEASIBLE,INFEASIBLE,INFEASIBLE,INFEASIBLE,INFEASIBLE,INFEASIBLE,INFEASIBLE,INFEASIBLE,INFEASIBLE,INFEASIBLE,,INFEASIBLE,INFEASIBLE,INFEASIBLE,INFEASIBLE,INFEASIBLE,INFEASIBLE,INFEASIBLE,INFEASIBLE,INFEASIBLE,INFEASIBLE,INFEASIBLE,INFEASIBLE,INFEASIBLE,INFEASIBLE,INFEASIBLE,INFEASIBLE,INFEASIBLE,INFEASIBLE,INFEASIBLE,INFEASIBLE,INFEASIBLE,INFEASIBLE,INFEASIBLE,INFEASIBLE,INFEASIBLE,no_trials_in_band
corr_mix,full,ewma_factor_cov_lrt,INFEASIBLE,0.75,budget_only,count,INFEASIBLE,INFEASIBLE,INFEASIBLE,INFEASIBLE,INFEASIBLE,INFEASIBLE,INFEASIBLE,INFEASIBLE,INFEASIBLE,INFEASIBLE,INFEASIBLE,INFEASIBLE,INFEASIBLE,INFEASIBLE,INFEASIBLE,INFEASIBLE,INFEASIBLE,INFEASIBLE,INFEASIBLE,INFEASIBLE,INFEASIBLE,INFEASIBLE,INFEASIBLE,,INFEASIBLE,INFEASIBLE,INFEASIBLE,INFEASIBLE,INFEASIBLE,INFEASIBLE,INFEASIBLE,INFEASIBLE,INFEASIBLE,INFEASIBLE,INFEASIBLE,INFEASIBLE,INFEASIBLE,INFEASIBLE,INFEASIBLE,INFEASIBLE,INFEASIBLE,INFEASIBLE,INFEASIBLE,INFEASIBLE,INFEASIBLE,INFEASIBLE,INFEASIBLE,INFEASIBLE,INFEASIBLE,no_trials_in_band
corr_mix,full,ewma_factor_cov_lrt,INFEASIBLE,1.0,budget_only,count,INFEASIBLE,INFEASIBLE,INFEASIBLE,INFEASIBLE,INFEASIBLE,INFEASIBLE,INFEASIBLE,INFEASIBLE,INFEASIBLE,INFEASIBLE,INFEASIBLE,INFEASIBLE,INFEASIBLE,INFEASIBLE,INFEASIBLE,INFEASIBLE,INFEASIBLE,INFEASIBLE,INFEASIBLE,INFEASIBLE,INFEASIBLE,INFEASIBLE,INFEASIBLE,,INFEASIBLE,INFEASIBLE,INFEASIBLE,INFEASIBLE,INFEASIBLE,INFEASIBLE,INFEASIBLE,INFEASIBLE,INFEASIBLE,INFEASIBLE,INFEASIBLE,INFEASIBLE,INFEASIBLE,INFEASIBLE,INFEASIBLE,INFEASIBLE,INFEASIBLE,INFEASIBLE,INFEASIBLE,INFEASIBLE,INFEASIBLE,INFEASIBLE,INFEASIBLE,INFEASIBLE,INFEASIBLE,no_trials_in_band
corr_mix,full,factor_cov_change,1.0,0.0,budget_only,count,0.1,0.15,0.1,30,18,18,18,0.6,0.6,0.6,1.106382978723404,0.052009456264775406,6.0,1.0,1.0,0.0,1.0,0.2222222222222222,1.0,0.2222222222222222,0.0,0.0,0.0,4.0,11.5,11.5,11.5,22.6,11.5,22.6,11.5,22.6,11.5,22.6,11.5,11.5,2.7044917257683214,1.106382978723404,0.052009456264775406,0.05873343323689557,0.018718994825451335,1.106382978723404,0.052009456264775406,0.0,0.0,0.0,0.0,0.0,OK,
corr_mix,full,factor_cov_change,1.0,0.25,budget_only,count,0.1,0.15,0.1,30,18,18,18,0.6,0.6,0.6,1.106382978723404,0.052009456264775406,6.0,0.6111111111111112,1.0,-0.38888888888888884,0.6111111111111112,0.2222222222222222,0.6111111111111112,0.2222222222222222,0.0,0.0,0.0,4.0,18.0,11.5,18.0,26.0,11.5,22.6,18.0,26.0,18.0,26.0,10.0,11.5,2.8376674546887313,1.106382978723404,0.0545705279747833,0.05873343323689557,-0.12414352174021169,1.106382978723404,0.052009456264775406,0.023504273504273508,0.037037037037037035,-0.01495726495726496,0.019230769230769232,0.037037037037037035,OK,
corr_mix,full,factor_cov_change,1.0,0.5,budget_only,count,0.1,0.15,0.1,30,18,18,18,0.6,0.6,0.6,1.106382978723404,0.052009456264775406,6.0,0.6111111111111112,1.0,-0.38888888888888884,0.6111111111111112,0.2222222222222222,0.6111111111111112,0.2222222222222222,0.0,0.0,0.0,4.0,18.0,11.5,18.0,26.0,11.5,22.6,18.0,26.0,18.0,26.0,10.0,11.5,2.9093774625689517,1.106382978723404,0.05594956658786446,0.05873343323689557,-0.20292314770938155,1.106382978723404,0.052009456264775406,0.029914529914529912,0.05555555555555555,-0.02136752136752137,0.025641025641025644,0.05555555555555555,OK,
corr_mix,full,factor_cov_change,1.0,0.75,budget_only,count,0.1,0.15,0.1,30,18,18,18,0.6,0.6,0.6,1.106382978723404,0.052009456264775406,6.0,0.6111111111111112,1.0,-0.38888888888888884,0.6111111111111112,0.2222222222222222,0.6111111111111112,0.2222222222222222,0.0,0.0,0.0,4.0,18.0,11.5,18.0,26.0,11.5,22.6,18.0,26.0,18.0,26.0,10.0,11.5,2.8684003152088255,1.106382978723404,0.05516154452324665,0.05873343323689557,-0.26472279987448233,1.106382978723404,0.052009456264775406,0.051282051282051294,0.05555555555555555,-0.042735042735042736,0.047008547008547015,0.05555555555555555,OK,
corr_mix,full,factor_cov_change,1.0,1.0,budget_only,count,0.1,0.15,0.1,30,18,18,18,0.6,0.6,0.6,1.106382978723404,0.052009456264775406,6.0,0.5555555555555556,1.0,-0.4444444444444444,0.5555555555555556,0.16666666666666666,0.5555555555555556,0.16666666666666666,0.0,0.0,0.0,4.0,21.5,11.5,21.5,26.0,11.5,22.6,21.5,26.0,21.5,26.0,10.0,11.5,2.888888888888889,1.106382978723404,0.05555555555555555,0.05873343323689557,-0.310572246962518,1.106382978723404,0.052009456264775406,0.05341880341880342,0.05555555555555555,-0.04487179487179488,0.04914529914529915,0.05555555555555555,OK,
corr_mix,full,factor_cov_change,INFEASIBLE,0.0,budget_only,count,INFEASIBLE,INFEASIBLE,INFEASIBLE,INFEASIBLE,INFEASIBLE,INFEASIBLE,INFEASIBLE,INFEASIBLE,INFEASIBLE,INFEASIBLE,INFEASIBLE,INFEASIBLE,INFEASIBLE,INFEASIBLE,INFEASIBLE,INFEASIBLE,INFEASIBLE,INFEASIBLE,INFEASIBLE,INFEASIBLE,INFEASIBLE,INFEASIBLE,INFEASIBLE,,INFEASIBLE,INFEASIBLE,INFEASIBLE,INFEASIBLE,INFEASIBLE,INFEASIBLE,INFEASIBLE,INFEASIBLE,INFEASIBLE,INFEASIBLE,INFEASIBLE,INFEASIBLE,INFEASIBLE,INFEASIBLE,INFEASIBLE,INFEASIBLE,INFEASIBLE,INFEASIBLE,INFEASIBLE,INFEASIBLE,INFEASIBLE,INFEASIBLE,INFEASIBLE,INFEASIBLE,INFEASIBLE,no_trials_in_band
corr_mix,full,factor_cov_change,INFEASIBLE,0.25,budget_only,count,INFEASIBLE,INFEASIBLE,INFEASIBLE,INFEASIBLE,INFEASIBLE,INFEASIBLE,INFEASIBLE,INFEASIBLE,INFEASIBLE,INFEASIBLE,INFEASIBLE,INFEASIBLE,INFEASIBLE,INFEASIBLE,INFEASIBLE,INFEASIBLE,INFEASIBLE,INFEASIBLE,INFEASIBLE,INFEASIBLE,INFEASIBLE,INFEASIBLE,INFEASIBLE,,INFEASIBLE,INFEASIBLE,INFEASIBLE,INFEASIBLE,INFEASIBLE,INFEASIBLE,INFEASIBLE,INFEASIBLE,INFEASIBLE,INFEASIBLE,INFEASIBLE,INFEASIBLE,INFEASIBLE,INFEASIBLE,INFEASIBLE,INFEASIBLE,INFEASIBLE,INFEASIBLE,INFEASIBLE,INFEASIBLE,INFEASIBLE,INFEASIBLE,INFEASIBLE,INFEASIBLE,INFEASIBLE,no_trials_in_band
corr_mix,full,factor_cov_change,INFEASIBLE,0.5,budget_only,count,INFEASIBLE,INFEASIBLE,INFEASIBLE,INFEASIBLE,INFEASIBLE,INFEASIBLE,INFEASIBLE,INFEASIBLE,INFEASIBLE,INFEASIBLE,INFEASIBLE,INFEASIBLE,INFEASIBLE,INFEASIBLE,INFEASIBLE,INFEASIBLE,INFEASIBLE,INFEASIBLE,INFEASIBLE,INFEASIBLE,INFEASIBLE,INFEASIBLE,INFEASIBLE,,INFEASIBLE,INFEASIBLE,INFEASIBLE,INFEASIBLE,INFEASIBLE,INFEASIBLE,INFEASIBLE,INFEASIBLE,INFEASIBLE,INFEASIBLE,INFEASIBLE,INFEASIBLE,INFEASIBLE,INFEASIBLE,INFEASIBLE,INFEASIBLE,INFEASIBLE,INFEASIBLE,INFEASIBLE,INFEASIBLE,INFEASIBLE,INFEASIBLE,INFEASIBLE,INFEASIBLE,INFEASIBLE,no_trials_in_band
corr_mix,full,factor_cov_change,INFEASIBLE,0.75,budget_only,count,INFEASIBLE,INFEASIBLE,INFEASIBLE,INFEASIBLE,INFEASIBLE,INFEASIBLE,INFEASIBLE,INFEASIBLE,INFEASIBLE,INFEASIBLE,INFEASIBLE,INFEASIBLE,INFEASIBLE,INFEASIBLE,INFEASIBLE,INFEASIBLE,INFEASIBLE,INFEASIBLE,INFEASIBLE,INFEASIBLE,INFEASIBLE,INFEASIBLE,INFEASIBLE,,INFEASIBLE,INFEASIBLE,INFEASIBLE,INFEASIBLE,INFEASIBLE,INFEASIBLE,INFEASIBLE,INFEASIBLE,INFEASIBLE,INFEASIBLE,INFEASIBLE,INFEASIBLE,INFEASIBLE,INFEASIBLE,INFEASIBLE,INFEASIBLE,INFEASIBLE,INFEASIBLE,INFEASIBLE,INFEASIBLE,INFEASIBLE,INFEASIBLE,INFEASIBLE,INFEASIBLE,INFEASIBLE,no_trials_in_band
corr_mix,full,factor_cov_change,INFEASIBLE,1.0,budget_only,count,INFEASIBLE,INFEASIBLE,INFEASIBLE,INFEASIBLE,INFEASIBLE,INFEASIBLE,INFEASIBLE,INFEASIBLE,INFEASIBLE,INFEASIBLE,INFEASIBLE,INFEASIBLE,INFEASIBLE,INFEASIBLE,INFEASIBLE,INFEASIBLE,INFEASIBLE,INFEASIBLE,INFEASIBLE,INFEASIBLE,INFEASIBLE,INFEASIBLE,INFEASIBLE,,INFEASIBLE,INFEASIBLE,INFEASIBLE,INFEASIBLE,INFEASIBLE,INFEASIBLE,INFEASIBLE,INFEASIBLE,INFEASIBLE,INFEASIBLE,INFEASIBLE,INFEASIBLE,INFEASIBLE,INFEASIBLE,INFEASIBLE,INFEASIBLE,INFEASIBLE,INFEASIBLE,INFEASIBLE,INFEASIBLE,INFEASIBLE,INFEASIBLE,INFEASIBLE,INFEASIBLE,INFEASIBLE,no_trials_in_band
corr_mix,full,factor_cov_delta,1.0,0.0,budget_only,count,0.1,0.15,0.1,30,30,30,30,1.0,1.0,1.0,0.9895981087470449,0.0351063829787234,5.366666666666666,0.6333333333333333,0.6333333333333333,0.0,0.6333333333333333,0.0,0.6333333333333333,0.0,0.0,0.0,0.0,4.0,21.5,21.5,21.5,26.0,21.5,26.0,21.5,26.0,21.5,26.0,15.0,15.0,1.825531914893617,0.9895981087470449,0.0351063829787234,0.03363732529821174,-0.02689869450324922,0.9895981087470449,0.0351063829787234,0.0,0.0,0.0,0.0,0.0,OK,
corr_mix,full,factor_cov_delta,1.0,0.25,budget_only,count,0.1,0.15,0.1,30,30,30,30,1.0,1.0,1.0,0.9895981087470449,0.0351063829787234,5.366666666666666,0.6333333333333333,0.6333333333333333,0.0,0.6333333333333333,0.0,0.6333333333333333,0.0,0.0,0.0,0.0,4.0,22.5,21.5,22.5,26.0,21.5,26.0,22.5,26.0,22.5,26.0,16.0,15.0,1.7947990543735228,0.9895981087470449,0.03451536643026005,0.03363732529821174,-0.13405167830764217,0.9895981087470449,0.0351063829787234,0.01923076923076923,0.01111111111111111,-0.011538461538461537,0.011538461538461537,-0.01111111111111111,OK,
corr_mix,full,factor_cov_delta,1.0,0.5,budget_only,count,0.1,0.15,0.1,30,30,30,30,1.0,1.0,1.0,0.9895981087470449,0.0351063829787234,5.366666666666666,0.5,0.6333333333333333,-0.1333333333333333,0.5,0.0,0.5,0.0,0.0,0.0,0.0,4.0,25.5,21.5,25.5,26.0,21.5,26.0,25.5,26.0,25.5,26.0,17.0,15.0,1.8869976359338063,1.0080378250591016,0.036288416075650115,0.03363732529821174,-0.22752701733287328,0.9895981087470449,0.0351063829787234,0.023076923076923075,0.03333333333333333,-0.01282051282051282,0.01282051282051282,0.01111111111111111,OK,
corr_mix,full,factor_cov_delta,1.0,0.75,budget_only,count,0.1,0.15,0.1,30,30,30,30,1.0,1.0,1.0,0.9895981087470449,0.0351063829787234,5.366666666666666,0.4666666666666667,0.6333333333333333,-0.16666666666666663,0.4666666666666667,0.0,0.4666666666666667,0.0,0.0,0.0,0.0,4.0,26.0,21.5,26.0,26.0,21.5,26.0,26.0,26.0,26.0,26.0,18.0,15.0,1.8624113475177309,1.0203309692671394,0.03581560283687943,0.03363732529821174,-0.2982812514656342,0.9895981087470449,0.0351063829787234,0.02564102564102564,0.05555555555555555,-0.015384615384615385,0.015384615384615385,0.03333333333333333,OK,
corr_mix,full,factor_cov_delta,1.0,1.0,budget_only,count,0.1,0.15,0.1,30,30,30,30,1.0,1.0,1.0,0.9895981087470449,0.0351063829787234,5.366666666666666,0.4666666666666667,0.6333333333333333,-0.16666666666666663,0.4666666666666667,0.0,0.4666666666666667,0.0,0.0,0.0,0.0,4.0,26.0,21.5,26.0,26.0,21.5,26.0,26.0,26.0,26.0,26.0,18.0,15.0,1.8624113475177309,1.0264775413711582,0.03581560283687943,0.03363732529821174,-0.3436682291502121,0.9895981087470449,0.0351063829787234,0.02564102564102564,0.06666666666666667,-0.015384615384615385,0.015384615384615385,0.04444444444444444,OK,
corr_mix,full,factor_cov_delta,INFEASIBLE,0.0,budget_only,count,INFEASIBLE,INFEASIBLE,INFEASIBLE,INFEASIBLE,INFEASIBLE,INFEASIBLE,INFEASIBLE,INFEASIBLE,INFEASIBLE,INFEASIBLE,INFEASIBLE,INFEASIBLE,INFEASIBLE,INFEASIBLE,INFEASIBLE,INFEASIBLE,INFEASIBLE,INFEASIBLE,INFEASIBLE,INFEASIBLE,INFEASIBLE,INFEASIBLE,INFEASIBLE,,INFEASIBLE,INFEASIBLE,INFEASIBLE,INFEASIBLE,INFEASIBLE,INFEASIBLE,INFEASIBLE,INFEASIBLE,INFEASIBLE,INFEASIBLE,INFEASIBLE,INFEASIBLE,INFEASIBLE,INFEASIBLE,INFEASIBLE,INFEASIBLE,INFEASIBLE,INFEASIBLE,INFEASIBLE,INFEASIBLE,INFEASIBLE,INFEASIBLE,INFEASIBLE,INFEASIBLE,INFEASIBLE,no_trials_in_band
corr_mix,full,factor_cov_delta,INFEASIBLE,0.25,budget_only,count,INFEASIBLE,INFEASIBLE,INFEASIBLE,INFEASIBLE,INFEASIBLE,INFEASIBLE,INFEASIBLE,INFEASIBLE,INFEASIBLE,INFEASIBLE,INFEASIBLE,INFEASIBLE,INFEASIBLE,INFEASIBLE,INFEASIBLE,INFEASIBLE,INFEASIBLE,INFEASIBLE,INFEASIBLE,INFEASIBLE,INFEASIBLE,INFEASIBLE,INFEASIBLE,,INFEASIBLE,INFEASIBLE,INFEASIBLE,INFEASIBLE,INFEASIBLE,INFEASIBLE,INFEASIBLE,INFEASIBLE,INFEASIBLE,INFEASIBLE,INFEASIBLE,INFEASIBLE,INFEASIBLE,INFEASIBLE,INFEASIBLE,INFEASIBLE,INFEASIBLE,INFEASIBLE,INFEASIBLE,INFEASIBLE,INFEASIBLE,INFEASIBLE,INFEASIBLE,INFEASIBLE,INFEASIBLE,no_trials_in_band
corr_mix,full,factor_cov_delta,INFEASIBLE,0.5,budget_only,count,INFEASIBLE,INFEASIBLE,INFEASIBLE,INFEASIBLE,INFEASIBLE,INFEASIBLE,INFEASIBLE,INFEASIBLE,INFEASIBLE,INFEASIBLE,INFEASIBLE,INFEASIBLE,INFEASIBLE,INFEASIBLE,INFEASIBLE,INFEASIBLE,INFEASIBLE,INFEASIBLE,INFEASIBLE,INFEASIBLE,INFEASIBLE,INFEASIBLE,INFEASIBLE,,INFEASIBLE,INFEASIBLE,INFEASIBLE,INFEASIBLE,INFEASIBLE,INFEASIBLE,INFEASIBLE,INFEASIBLE,INFEASIBLE,INFEASIBLE,INFEASIBLE,INFEASIBLE,INFEASIBLE,INFEASIBLE,INFEASIBLE,INFEASIBLE,INFEASIBLE,INFEASIBLE,INFEASIBLE,INFEASIBLE,INFEASIBLE,INFEASIBLE,INFEASIBLE,INFEASIBLE,INFEASIBLE,no_trials_in_band
corr_mix,full,factor_cov_delta,INFEASIBLE,0.75,budget_only,count,INFEASIBLE,INFEASIBLE,INFEASIBLE,INFEASIBLE,INFEASIBLE,INFEASIBLE,INFEASIBLE,INFEASIBLE,INFEASIBLE,INFEASIBLE,INFEASIBLE,INFEASIBLE,INFEASIBLE,INFEASIBLE,INFEASIBLE,INFEASIBLE,INFEASIBLE,INFEASIBLE,INFEASIBLE,INFEASIBLE,INFEASIBLE,INFEASIBLE,INFEASIBLE,,INFEASIBLE,INFEASIBLE,INFEASIBLE,INFEASIBLE,INFEASIBLE,INFEASIBLE,INFEASIBLE,INFEASIBLE,INFEASIBLE,INFEASIBLE,INFEASIBLE,INFEASIBLE,INFEASIBLE,INFEASIBLE,INFEASIBLE,INFEASIBLE,INFEASIBLE,INFEASIBLE,INFEASIBLE,INFEASIBLE,INFEASIBLE,INFEASIBLE,INFEASIBLE,INFEASIBLE,INFEASIBLE,no_trials_in_band
corr_mix,full,factor_cov_delta,INFEASIBLE,1.0,budget_only,count,INFEASIBLE,INFEASIBLE,INFEASIBLE,INFEASIBLE,INFEASIBLE,INFEASIBLE,INFEASIBLE,INFEASIBLE,INFEASIBLE,INFEASIBLE,INFEASIBLE,INFEASIBLE,INFEASIBLE,INFEASIBLE,INFEASIBLE,INFEASIBLE,INFEASIBLE,INFEASIBLE,INFEASIBLE,INFEASIBLE,INFEASIBLE,INFEASIBLE,INFEASIBLE,,INFEASIBLE,INFEASIBLE,INFEASIBLE,INFEASIBLE,INFEASIBLE,INFEASIBLE,INFEASIBLE,INFEASIBLE,INFEASIBLE,INFEASIBLE,INFEASIBLE,INFEASIBLE,INFEASIBLE,INFEASIBLE,INFEASIBLE,INFEASIBLE,INFEASIBLE,INFEASIBLE,INFEASIBLE,INFEASIBLE,INFEASIBLE,INFEASIBLE,INFEASIBLE,INFEASIBLE,INFEASIBLE,no_trials_in_band
corr_mix,full,factor_cov_lrt,1.0,0.0,budget_only,count,0.1,0.15,0.1,30,21,21,21,0.7,0.7,0.7,0.7375886524822695,0.017561634582911184,4.0,0.0,0.0,0.0,0.047619047619047616,0.047619047619047616,0.047619047619047616,0.047619047619047616,0.047619047619047616,0.047619047619047616,0.047619047619047616,4.0,26.0,26.0,26.0,26.0,26.0,26.0,26.0,26.0,26.0,26.0,NA,NA,0.9132049983113814,0.7375886524822695,0.017561634582911184,1.0000000000000002e-06,0.07220718677457036,0.7375886524822695,0.017561634582911184,0.0,0.0,0.0,0.0,0.0,OK,
corr_mix,full,factor_cov_lrt,1.0,0.25,budget_only,count,0.1,0.15,0.1,30,21,21,21,0.7,0.7,0.7,0.7375886524822695,0.017561634582911184,4.0,0.0,0.0,0.0,0.0,0.0,0.0,0.0,0.0,0.0,0.0,4.0,26.0,26.0,26.0,26.0,26.0,26.0,26.0,26.0,26.0,26.0,NA,NA,1.0273556231003038,0.7727119216480919,0.01975683890577508,1.0000000000000002e-06,0.06612622400695779,0.7375886524822695,0.017561634582911184,0.0018315018315018315,0.015873015873015872,-0.0018315018315018315,0.0018315018315018315,0.015873015873015872,OK,
corr_mix,full,factor_cov_lrt,1.0,0.5,budget_only,count,0.1,0.15,0.1,30,21,21,21,0.7,0.7,0.7,0.7375886524822695,0.017561634582911184,4.0,0.0,0.0,0.0,0.0,0.0,0.0,0.0,0.0,0.0,0.0,4.0,26.0,26.0,26.0,26.0,26.0,26.0,26.0,26.0,26.0,26.0,NA,NA,1.0624788922661264,0.7727119216480919,0.0204322863897332,1.0000000000000002e-06,-0.006620639305909756,0.7375886524822695,0.017561634582911184,0.0018315018315018315,0.031746031746031744,-0.0018315018315018315,0.0018315018315018315,0.0,OK,
corr_mix,full,factor_cov_lrt,1.0,0.75,budget_only,count,0.1,0.15,0.1,30,21,21,21,0.7,0.7,0.7,0.7375886524822695,0.017561634582911184,4.0,0.047619047619047616,0.0,0.047619047619047616,0.047619047619047616,0.0,0.047619047619047616,0.0,0.0,0.0,0.0,4.0,26.0,26.0,26.0,26.0,26.0,26.0,26.0,26.0,26.0,26.0,21.0,NA,1.0361364403917595,0.7639311043566362,0.019925700776764605,1.0000000000000002e-06,0.11199467215262213,0.7375886524822695,0.017561634582911184,0.003663003663003663,0.0,0.0,0.003663003663003663,0.0,OK,
corr_mix,full,factor_cov_lrt,1.0,1.0,budget_only,count,0.1,0.15,0.1,30,21,21,21,0.7,0.7,0.7,0.7375886524822695,0.017561634582911184,4.0,0.047619047619047616,0.0,0.047619047619047616,0.047619047619047616,0.0,0.047619047619047616,0.0,0.0,0.0,0.0,4.0,26.0,26.0,26.0,26.0,26.0,26.0,26.0,26.0,26.0,26.0,21.0,NA,1.027355623100304,0.7727119216480919,0.01975683890577508,1.0000000000000002e-06,0.16778301990193153,0.7375886524822695,0.017561634582911184,0.003663003663003663,0.015873015873015872,0.0,0.003663003663003663,-0.015873015873015872,OK,
corr_mix,full,factor_cov_lrt,INFEASIBLE,0.0,budget_only,count,INFEASIBLE,INFEASIBLE,INFEASIBLE,INFEASIBLE,INFEASIBLE,INFEASIBLE,INFEASIBLE,INFEASIBLE,INFEASIBLE,INFEASIBLE,INFEASIBLE,INFEASIBLE,INFEASIBLE,INFEASIBLE,INFEASIBLE,INFEASIBLE,INFEASIBLE,INFEASIBLE,INFEASIBLE,INFEASIBLE,INFEASIBLE,INFEASIBLE,INFEASIBLE,,INFEASIBLE,INFEASIBLE,INFEASIBLE,INFEASIBLE,INFEASIBLE,INFEASIBLE,INFEASIBLE,INFEASIBLE,INFEASIBLE,INFEASIBLE,INFEASIBLE,INFEASIBLE,INFEASIBLE,INFEASIBLE,INFEASIBLE,INFEASIBLE,INFEASIBLE,INFEASIBLE,INFEASIBLE,INFEASIBLE,INFEASIBLE,INFEASIBLE,INFEASIBLE,INFEASIBLE,INFEASIBLE,no_trials_in_band
corr_mix,full,factor_cov_lrt,INFEASIBLE,0.25,budget_only,count,INFEASIBLE,INFEASIBLE,INFEASIBLE,INFEASIBLE,INFEASIBLE,INFEASIBLE,INFEASIBLE,INFEASIBLE,INFEASIBLE,INFEASIBLE,INFEASIBLE,INFEASIBLE,INFEASIBLE,INFEASIBLE,INFEASIBLE,INFEASIBLE,INFEASIBLE,INFEASIBLE,INFEASIBLE,INFEASIBLE,INFEASIBLE,INFEASIBLE,INFEASIBLE,,INFEASIBLE,INFEASIBLE,INFEASIBLE,INFEASIBLE,INFEASIBLE,INFEASIBLE,INFEASIBLE,INFEASIBLE,INFEASIBLE,INFEASIBLE,INFEASIBLE,INFEASIBLE,INFEASIBLE,INFEASIBLE,INFEASIBLE,INFEASIBLE,INFEASIBLE,INFEASIBLE,INFEASIBLE,INFEASIBLE,INFEASIBLE,INFEASIBLE,INFEASIBLE,INFEASIBLE,INFEASIBLE,no_trials_in_band
corr_mix,full,factor_cov_lrt,INFEASIBLE,0.5,budget_only,count,INFEASIBLE,INFEASIBLE,INFEASIBLE,INFEASIBLE,INFEASIBLE,INFEASIBLE,INFEASIBLE,INFEASIBLE,INFEASIBLE,INFEASIBLE,INFEASIBLE,INFEASIBLE,INFEASIBLE,INFEASIBLE,INFEASIBLE,INFEASIBLE,INFEASIBLE,INFEASIBLE,INFEASIBLE,INFEASIBLE,INFEASIBLE,INFEASIBLE,INFEASIBLE,,INFEASIBLE,INFEASIBLE,INFEASIBLE,INFEASIBLE,INFEASIBLE,INFEASIBLE,INFEASIBLE,INFEASIBLE,INFEASIBLE,INFEASIBLE,INFEASIBLE,INFEASIBLE,INFEASIBLE,INFEASIBLE,INFEASIBLE,INFEASIBLE,INFEASIBLE,INFEASIBLE,INFEASIBLE,INFEASIBLE,INFEASIBLE,INFEASIBLE,INFEASIBLE,INFEASIBLE,INFEASIBLE,no_trials_in_band
corr_mix,full,factor_cov_lrt,INFEASIBLE,0.75,budget_only,count,INFEASIBLE,INFEASIBLE,INFEASIBLE,INFEASIBLE,INFEASIBLE,INFEASIBLE,INFEASIBLE,INFEASIBLE,INFEASIBLE,INFEASIBLE,INFEASIBLE,INFEASIBLE,INFEASIBLE,INFEASIBLE,INFEASIBLE,INFEASIBLE,INFEASIBLE,INFEASIBLE,INFEASIBLE,INFEASIBLE,INFEASIBLE,INFEASIBLE,INFEASIBLE,,INFEASIBLE,INFEASIBLE,INFEASIBLE,INFEASIBLE,INFEASIBLE,INFEASIBLE,INFEASIBLE,INFEASIBLE,INFEASIBLE,INFEASIBLE,INFEASIBLE,INFEASIBLE,INFEASIBLE,INFEASIBLE,INFEASIBLE,INFEASIBLE,INFEASIBLE,INFEASIBLE,INFEASIBLE,INFEASIBLE,INFEASIBLE,INFEASIBLE,INFEASIBLE,INFEASIBLE,INFEASIBLE,no_trials_in_band
corr_mix,full,factor_cov_lrt,INFEASIBLE,1.0,budget_only,count,INFEASIBLE,INFEASIBLE,INFEASIBLE,INFEASIBLE,INFEASIBLE,INFEASIBLE,INFEASIBLE,INFEASIBLE,INFEASIBLE,INFEASIBLE,INFEASIBLE,INFEASIBLE,INFEASIBLE,INFEASIBLE,INFEASIBLE,INFEASIBLE,INFEASIBLE,INFEASIBLE,INFEASIBLE,INFEASIBLE,INFEASIBLE,INFEASIBLE,INFEASIBLE,,INFEASIBLE,INFEASIBLE,INFEASIBLE,INFEASIBLE,INFEASIBLE,INFEASIBLE,INFEASIBLE,INFEASIBLE,INFEASIBLE,INFEASIBLE,INFEASIBLE,INFEASIBLE,INFEASIBLE,INFEASIBLE,INFEASIBLE,INFEASIBLE,INFEASIBLE,INFEASIBLE,INFEASIBLE,INFEASIBLE,INFEASIBLE,INFEASIBLE,INFEASIBLE,INFEASIBLE,INFEASIBLE,no_trials_in_band
corr_mix,full,factor_cov_lrt_delta,1.0,0.0,budget_only,count,0.1,0.15,0.1,30,30,30,30,1.0,1.0,1.0,0.842080378250591,0.016193853427895987,4.566666666666666,0.43333333333333335,0.43333333333333335,0.0,0.43333333333333335,0.06666666666666667,0.43333333333333335,0.06666666666666667,0.0,0.06666666666666667,0.06666666666666667,4.0,26.0,26.0,26.0,26.0,26.0,26.0,26.0,26.0,26.0,26.0,15.0,15.0,0.842080378250591,0.842080378250591,0.016193853427895987,0.014241159089097342,0.02566869328112713,0.842080378250591,0.016193853427895987,0.0,0.0,0.0,0.0,0.0,OK,
corr_mix,full,factor_cov_lrt_delta,1.0,0.25,budget_only,count,0.1,0.15,0.1,30,30,30,30,1.0,1.0,1.0,0.842080378250591,0.016193853427895987,4.566666666666666,0.36666666666666664,0.43333333333333335,-0.06666666666666671,0.36666666666666664,0.1,0.36666666666666664,0.1,0.0,0.1,0.1,4.0,26.0,26.0,26.0,26.0,26.0,26.0,26.0,26.0,26.0,26.0,10.0,15.0,0.8912529550827422,0.8666666666666666,0.017139479905437356,0.014241159089097342,0.20055496002953668,0.842080378250591,0.016193853427895987,0.005128205128205128,0.03333333333333333,-0.002564102564102564,0.002564102564102564,0.03333333333333333,OK,
corr_mix,full,factor_cov_lrt_delta,1.0,0.5,budget_only,count,0.1,0.15,0.1,30,30,30,30,1.0,1.0,1.0,0.842080378250591,0.016193853427895987,4.566666666666666,0.5333333333333333,0.43333333333333335,0.09999999999999998,0.5333333333333333,0.1,0.5333333333333333,0.1,0.0,0.1,0.1,4.0,25.0,26.0,25.0,26.0,26.0,26.0,25.0,26.0,25.0,26.0,18.5,15.0,0.8728132387706856,0.8666666666666667,0.01678486997635934,0.014241159089097342,0.2077868221919563,0.842080378250591,0.016193853427895987,0.015384615384615385,0.03333333333333333,0.005128205128205128,0.007692307692307693,0.03333333333333333,OK,
corr_mix,full,factor_cov_lrt_delta,1.0,0.75,budget_only,count,0.1,0.15,0.1,30,30,30,30,1.0,1.0,1.0,0.842080378250591,0.016193853427895987,4.566666666666666,0.36666666666666664,0.43333333333333335,-0.06666666666666671,0.36666666666666664,0.03333333333333333,0.36666666666666664,0.03333333333333333,0.0,0.03333333333333333,0.03333333333333333,4.0,26.0,26.0,26.0,26.0,26.0,26.0,26.0,26.0,26.0,26.0,20.0,15.0,0.8543735224586289,0.8543735224586289,0.01643026004728133,0.014241159089097342,156713.00504834522,0.842080378250591,0.016193853427895987,0.007692307692307693,0.0,-0.002564102564102564,0.002564102564102564,0.0,OK,
corr_mix,full,factor_cov_lrt_delta,1.0,1.0,budget_only,count,0.1,0.15,0.1,30,30,30,30,1.0,1.0,1.0,0.842080378250591,0.016193853427895987,4.566666666666666,0.36666666666666664,0.43333333333333335,-0.06666666666666671,0.36666666666666664,0.03333333333333333,0.36666666666666664,0.03333333333333333,0.0,0.03333333333333333,0.03333333333333333,4.0,26.0,26.0,26.0,26.0,26.0,26.0,26.0,26.0,26.0,26.0,19.0,15.0,0.8543735224586289,0.8543735224586289,0.01643026004728133,0.014241159089097342,1692.8456434973612,0.842080378250591,0.016193853427895987,0.012820512820512824,0.0,-0.002564102564102564,0.002564102564102564,0.0,OK,
corr_mix,full,factor_cov_lrt_delta,INFEASIBLE,0.0,budget_only,count,INFEASIBLE,INFEASIBLE,INFEASIBLE,INFEASIBLE,INFEASIBLE,INFEASIBLE,INFEASIBLE,INFEASIBLE,INFEASIBLE,INFEASIBLE,INFEASIBLE,INFEASIBLE,INFEASIBLE,INFEASIBLE,INFEASIBLE,INFEASIBLE,INFEASIBLE,INFEASIBLE,INFEASIBLE,INFEASIBLE,INFEASIBLE,INFEASIBLE,INFEASIBLE,,INFEASIBLE,INFEASIBLE,INFEASIBLE,INFEASIBLE,INFEASIBLE,INFEASIBLE,INFEASIBLE,INFEASIBLE,INFEASIBLE,INFEASIBLE,INFEASIBLE,INFEASIBLE,INFEASIBLE,INFEASIBLE,INFEASIBLE,INFEASIBLE,INFEASIBLE,INFEASIBLE,INFEASIBLE,INFEASIBLE,INFEASIBLE,INFEASIBLE,INFEASIBLE,INFEASIBLE,INFEASIBLE,no_trials_in_band
corr_mix,full,factor_cov_lrt_delta,INFEASIBLE,0.25,budget_only,count,INFEASIBLE,INFEASIBLE,INFEASIBLE,INFEASIBLE,INFEASIBLE,INFEASIBLE,INFEASIBLE,INFEASIBLE,INFEASIBLE,INFEASIBLE,INFEASIBLE,INFEASIBLE,INFEASIBLE,INFEASIBLE,INFEASIBLE,INFEASIBLE,INFEASIBLE,INFEASIBLE,INFEASIBLE,INFEASIBLE,INFEASIBLE,INFEASIBLE,INFEASIBLE,,INFEASIBLE,INFEASIBLE,INFEASIBLE,INFEASIBLE,INFEASIBLE,INFEASIBLE,INFEASIBLE,INFEASIBLE,INFEASIBLE,INFEASIBLE,INFEASIBLE,INFEASIBLE,INFEASIBLE,INFEASIBLE,INFEASIBLE,INFEASIBLE,INFEASIBLE,INFEASIBLE,INFEASIBLE,INFEASIBLE,INFEASIBLE,INFEASIBLE,INFEASIBLE,INFEASIBLE,INFEASIBLE,no_trials_in_band
corr_mix,full,factor_cov_lrt_delta,INFEASIBLE,0.5,budget_only,count,INFEASIBLE,INFEASIBLE,INFEASIBLE,INFEASIBLE,INFEASIBLE,INFEASIBLE,INFEASIBLE,INFEASIBLE,INFEASIBLE,INFEASIBLE,INFEASIBLE,INFEASIBLE,INFEASIBLE,INFEASIBLE,INFEASIBLE,INFEASIBLE,INFEASIBLE,INFEASIBLE,INFEASIBLE,INFEASIBLE,INFEASIBLE,INFEASIBLE,INFEASIBLE,,INFEASIBLE,INFEASIBLE,INFEASIBLE,INFEASIBLE,INFEASIBLE,INFEASIBLE,INFEASIBLE,INFEASIBLE,INFEASIBLE,INFEASIBLE,INFEASIBLE,INFEASIBLE,INFEASIBLE,INFEASIBLE,INFEASIBLE,INFEASIBLE,INFEASIBLE,INFEASIBLE,INFEASIBLE,INFEASIBLE,INFEASIBLE,INFEASIBLE,INFEASIBLE,INFEASIBLE,INFEASIBLE,no_trials_in_band
corr_mix,full,factor_cov_lrt_delta,INFEASIBLE,0.75,budget_only,count,INFEASIBLE,INFEASIBLE,INFEASIBLE,INFEASIBLE,INFEASIBLE,INFEASIBLE,INFEASIBLE,INFEASIBLE,INFEASIBLE,INFEASIBLE,INFEASIBLE,INFEASIBLE,INFEASIBLE,INFEASIBLE,INFEASIBLE,INFEASIBLE,INFEASIBLE,INFEASIBLE,INFEASIBLE,INFEASIBLE,INFEASIBLE,INFEASIBLE,INFEASIBLE,,INFEASIBLE,INFEASIBLE,INFEASIBLE,INFEASIBLE,INFEASIBLE,INFEASIBLE,INFEASIBLE,INFEASIBLE,INFEASIBLE,INFEASIBLE,INFEASIBLE,INFEASIBLE,INFEASIBLE,INFEASIBLE,INFEASIBLE,INFEASIBLE,INFEASIBLE,INFEASIBLE,INFEASIBLE,INFEASIBLE,INFEASIBLE,INFEASIBLE,INFEASIBLE,INFEASIBLE,INFEASIBLE,no_trials_in_band
corr_mix,full,factor_cov_lrt_delta,INFEASIBLE,1.0,budget_only,count,INFEASIBLE,INFEASIBLE,INFEASIBLE,INFEASIBLE,INFEASIBLE,INFEASIBLE,INFEASIBLE,INFEASIBLE,INFEASIBLE,INFEASIBLE,INFEASIBLE,INFEASIBLE,INFEASIBLE,INFEASIBLE,INFEASIBLE,INFEASIBLE,INFEASIBLE,INFEASIBLE,INFEASIBLE,INFEASIBLE,INFEASIBLE,INFEASIBLE,INFEASIBLE,,INFEASIBLE,INFEASIBLE,INFEASIBLE,INFEASIBLE,INFEASIBLE,INFEASIBLE,INFEASIBLE,INFEASIBLE,INFEASIBLE,INFEASIBLE,INFEASIBLE,INFEASIBLE,INFEASIBLE,INFEASIBLE,INFEASIBLE,INFEASIBLE,INFEASIBLE,INFEASIBLE,INFEASIBLE,INFEASIBLE,INFEASIBLE,INFEASIBLE,INFEASIBLE,INFEASIBLE,INFEASIBLE,no_trials_in_band
corr_mix,full,fused_fisher,1.0,0.0,budget_only,count,0.1,0.15,0.1,30,30,30,30,1.0,1.0,1.0,0.8543735224586289,0.01643026004728133,4.633333333333334,0.3333333333333333,0.3333333333333333,0.0,0.36666666666666664,0.06666666666666667,0.36666666666666664,0.06666666666666667,0.03333333333333333,0.06666666666666667,0.06666666666666667,4.0,26.0,26.0,26.0,26.0,26.0,26.0,26.0,26.0,26.0,26.0,11.0,11.0,0.8543735224586289,0.8543735224586289,0.01643026004728133,1.0000000000000002e-06,-0.05667259472535323,0.8543735224586289,0.01643026004728133,0.0,0.0,0.0,0.0,0.0,OK,
corr_mix,full,fused_fisher,1.0,0.25,budget_only,count,0.1,0.15,0.1,30,30,30,30,1.0,1.0,1.0,0.8543735224586289,0.01643026004728133,4.633333333333334,0.3333333333333333,0.3333333333333333,0.0,0.36666666666666664,0.06666666666666667,0.36666666666666664,0.06666666666666667,0.03333333333333333,0.06666666666666667,0.06666666666666667,4.0,26.0,26.0,26.0,26.0,26.0,26.0,26.0,26.0,26.0,26.0,11.0,11.0,0.8543735224586289,0.8543735224586289,0.01643026004728133,1.0000000000000002e-06,0.005399022452064224,0.8543735224586289,0.01643026004728133,0.0,0.0,0.0,0.0,0.0,OK,
corr_mix,full,fused_fisher,1.0,0.5,budget_only,count,0.1,0.15,0.1,30,30,30,30,1.0,1.0,1.0,0.8543735224586289,0.01643026004728133,4.633333333333334,0.3333333333333333,0.3333333333333333,0.0,0.36666666666666664,0.06666666666666667,0.36666666666666664,0.06666666666666667,0.03333333333333333,0.06666666666666667,0.06666666666666667,4.0,26.0,26.0,26.0,26.0,26.0,26.0,26.0,26.0,26.0,26.0,11.0,11.0,0.8543735224586289,0.8543735224586289,0.01643026004728133,1.0000000000000002e-06,0.2648276171701078,0.8543735224586289,0.01643026004728133,0.0038461538461538464,0.0,0.001282051282051282,0.001282051282051282,0.0,OK,
corr_mix,full,fused_fisher,1.0,0.75,budget_only,count,0.1,0.15,0.1,30,30,30,30,1.0,1.0,1.0,0.8543735224586289,0.01643026004728133,4.633333333333334,0.43333333333333335,0.3333333333333333,0.10000000000000003,0.4666666666666667,0.13333333333333333,0.4666666666666667,0.13333333333333333,0.03333333333333333,0.13333333333333333,0.13333333333333333,4.0,26.0,26.0,26.0,26.0,26.0,26.0,26.0,26.0,26.0,26.0,10.0,11.0,0.8543735224586289,0.8543735224586289,0.01643026004728133,1.0000000000000002e-06,0.4333967882591829,0.8543735224586289,0.01643026004728133,0.006410256410256411,0.0,0.0038461538461538464,0.0038461538461538464,0.0,OK,
corr_mix,full,fused_fisher,1.0,1.0,budget_only,count,0.1,0.15,0.1,30,30,30,30,1.0,1.0,1.0,0.8543735224586289,0.01643026004728133,4.633333333333334,0.43333333333333335,0.3333333333333333,0.10000000000000003,0.4666666666666667,0.13333333333333333,0.4666666666666667,0.13333333333333333,0.03333333333333333,0.13333333333333333,0.13333333333333333,4.0,26.0,26.0,26.0,26.0,26.0,26.0,26.0,26.0,26.0,26.0,7.0,11.0,0.8297872340425533,0.8297872340425533,0.015957446808510644,1.0000000000000002e-06,0.514996554600318,0.8543735224586289,0.01643026004728133,0.008974358974358975,0.0,0.0038461538461538464,0.0038461538461538464,0.0,OK,
corr_mix,full,fused_fisher,INFEASIBLE,0.0,budget_only,count,INFEASIBLE,INFEASIBLE,INFEASIBLE,INFEASIBLE,INFEASIBLE,INFEASIBLE,INFEASIBLE,INFEASIBLE,INFEASIBLE,INFEASIBLE,INFEASIBLE,INFEASIBLE,INFEASIBLE,INFEASIBLE,INFEASIBLE,INFEASIBLE,INFEASIBLE,INFEASIBLE,INFEASIBLE,INFEASIBLE,INFEASIBLE,INFEASIBLE,INFEASIBLE,,INFEASIBLE,INFEASIBLE,INFEASIBLE,INFEASIBLE,INFEASIBLE,INFEASIBLE,INFEASIBLE,INFEASIBLE,INFEASIBLE,INFEASIBLE,INFEASIBLE,INFEASIBLE,INFEASIBLE,INFEASIBLE,INFEASIBLE,INFEASIBLE,INFEASIBLE,INFEASIBLE,INFEASIBLE,INFEASIBLE,INFEASIBLE,INFEASIBLE,INFEASIBLE,INFEASIBLE,INFEASIBLE,no_trials_in_band
corr_mix,full,fused_fisher,INFEASIBLE,0.25,budget_only,count,INFEASIBLE,INFEASIBLE,INFEASIBLE,INFEASIBLE,INFEASIBLE,INFEASIBLE,INFEASIBLE,INFEASIBLE,INFEASIBLE,INFEASIBLE,INFEASIBLE,INFEASIBLE,INFEASIBLE,INFEASIBLE,INFEASIBLE,INFEASIBLE,INFEASIBLE,INFEASIBLE,INFEASIBLE,INFEASIBLE,INFEASIBLE,INFEASIBLE,INFEASIBLE,,INFEASIBLE,INFEASIBLE,INFEASIBLE,INFEASIBLE,INFEASIBLE,INFEASIBLE,INFEASIBLE,INFEASIBLE,INFEASIBLE,INFEASIBLE,INFEASIBLE,INFEASIBLE,INFEASIBLE,INFEASIBLE,INFEASIBLE,INFEASIBLE,INFEASIBLE,INFEASIBLE,INFEASIBLE,INFEASIBLE,INFEASIBLE,INFEASIBLE,INFEASIBLE,INFEASIBLE,INFEASIBLE,no_trials_in_band
corr_mix,full,fused_fisher,INFEASIBLE,0.5,budget_only,count,INFEASIBLE,INFEASIBLE,INFEASIBLE,INFEASIBLE,INFEASIBLE,INFEASIBLE,INFEASIBLE,INFEASIBLE,INFEASIBLE,INFEASIBLE,INFEASIBLE,INFEASIBLE,INFEASIBLE,INFEASIBLE,INFEASIBLE,INFEASIBLE,INFEASIBLE,INFEASIBLE,INFEASIBLE,INFEASIBLE,INFEASIBLE,INFEASIBLE,INFEASIBLE,,INFEASIBLE,INFEASIBLE,INFEASIBLE,INFEASIBLE,INFEASIBLE,INFEASIBLE,INFEASIBLE,INFEASIBLE,INFEASIBLE,INFEASIBLE,INFEASIBLE,INFEASIBLE,INFEASIBLE,INFEASIBLE,INFEASIBLE,INFEASIBLE,INFEASIBLE,INFEASIBLE,INFEASIBLE,INFEASIBLE,INFEASIBLE,INFEASIBLE,INFEASIBLE,INFEASIBLE,INFEASIBLE,no_trials_in_band
corr_mix,full,fused_fisher,INFEASIBLE,0.75,budget_only,count,INFEASIBLE,INFEASIBLE,INFEASIBLE,INFEASIBLE,INFEASIBLE,INFEASIBLE,INFEASIBLE,INFEASIBLE,INFEASIBLE,INFEASIBLE,INFEASIBLE,INFEASIBLE,INFEASIBLE,INFEASIBLE,INFEASIBLE,INFEASIBLE,INFEASIBLE,INFEASIBLE,INFEASIBLE,INFEASIBLE,INFEASIBLE,INFEASIBLE,INFEASIBLE,,INFEASIBLE,INFEASIBLE,INFEASIBLE,INFEASIBLE,INFEASIBLE,INFEASIBLE,INFEASIBLE,INFEASIBLE,INFEASIBLE,INFEASIBLE,INFEASIBLE,INFEASIBLE,INFEASIBLE,INFEASIBLE,INFEASIBLE,INFEASIBLE,INFEASIBLE,INFEASIBLE,INFEASIBLE,INFEASIBLE,INFEASIBLE,INFEASIBLE,INFEASIBLE,INFEASIBLE,INFEASIBLE,no_trials_in_band
corr_mix,full,fused_fisher,INFEASIBLE,1.0,budget_only,count,INFEASIBLE,INFEASIBLE,INFEASIBLE,INFEASIBLE,INFEASIBLE,INFEASIBLE,INFEASIBLE,INFEASIBLE,INFEASIBLE,INFEASIBLE,INFEASIBLE,INFEASIBLE,INFEASIBLE,INFEASIBLE,INFEASIBLE,INFEASIBLE,INFEASIBLE,INFEASIBLE,INFEASIBLE,INFEASIBLE,INFEASIBLE,INFEASIBLE,INFEASIBLE,,INFEASIBLE,INFEASIBLE,INFEASIBLE,INFEASIBLE,INFEASIBLE,INFEASIBLE,INFEASIBLE,INFEASIBLE,INFEASIBLE,INFEASIBLE,INFEASIBLE,INFEASIBLE,INFEASIBLE,INFEASIBLE,INFEASIBLE,INFEASIBLE,INFEASIBLE,INFEASIBLE,INFEASIBLE,INFEASIBLE,INFEASIBLE,INFEASIBLE,INFEASIBLE,INFEASIBLE,INFEASIBLE,no_trials_in_band
corr_mix,full,fused_fisher_lrt_delta,1.0,0.0,budget_only,count,0.1,0.15,0.1,30,30,30,30,1.0,1.0,1.0,0.8605200945626479,0.016548463356974002,4.666666666666667,0.3,0.3,0.0,0.3333333333333333,0.1,0.3333333333333333,0.1,0.03333333333333333,0.1,0.1,4.0,26.0,26.0,26.0,26.0,26.0,26.0,26.0,26.0,26.0,26.0,15.0,15.0,0.8605200945626479,0.8605200945626479,0.016548463356974002,1.0000000000000002e-06,0.04018382308832987,0.8605200945626479,0.016548463356974002,0.0,0.0,0.0,0.0,0.0,OK,
corr_mix,full,fused_fisher_lrt_delta,1.0,0.25,budget_only,count,0.1,0.15,0.1,30,30,30,30,1.0,1.0,1.0,0.8605200945626479,0.016548463356974002,4.666666666666667,0.5,0.3,0.2,0.5333333333333333,0.13333333333333333,0.5333333333333333,0.13333333333333333,0.03333333333333333,0.13333333333333333,0.13333333333333333,4.0,23.5,26.0,23.5,26.0,26.0,26.0,21.0,26.0,23.5,26.0,10.0,15.0,0.8297872340425533,0.8236406619385342,0.015957446808510644,1.0000000000000002e-06,0.1903207298033873,0.8605200945626479,0.016548463356974002,0.015384615384615385,0.03333333333333333,0.007692307692307693,0.007692307692307693,0.01111111111111111,OK,
corr_mix,full,fused_fisher_lrt_delta,1.0,0.5,budget_only,count,0.1,0.15,0.1,30,30,30,30,1.0,1.0,1.0,0.8605200945626479,0.016548463356974002,4.666666666666667,0.43333333333333335,0.3,0.13333333333333336,0.4666666666666667,0.16666666666666666,0.4666666666666667,0.16666666666666666,0.03333333333333333,0.16666666666666666,0.16666666666666666,4.0,26.0,26.0,26.0,26.0,26.0,26.0,26.0,26.0,26.0,26.0,10.0,15.0,0.8174940898345154,0.8113475177304965,0.0157210401891253,1.0000000000000002e-06,0.46394039519802316,0.8605200945626479,0.016548463356974002,0.015384615384615385,0.02222222222222222,0.005128205128205128,0.005128205128205128,0.0,OK,
corr_mix,full,fused_fisher_lrt_delta,1.0,0.75,budget_only,count,0.1,0.15,0.1,30,30,30,30,1.0,1.0,1.0,0.8605200945626479,0.016548463356974002,4.666666666666667,0.6,0.3,0.3,0.6333333333333333,0.26666666666666666,0.6333333333333333,0.26666666666666666,0.03333333333333333,0.26666666666666666,0.26666666666666666,4.0,16.5,26.0,16.5,26.0,26.0,26.0,14.0,26.0,16.5,26.0,6.5,15.0,0.7990543735224587,0.7990543735224587,0.015366430260047284,1.0000000000000002e-06,0.6080004287568301,0.8605200945626479,0.016548463356974002,0.029487179487179487,0.01111111111111111,0.011538461538461537,0.011538461538461537,-0.01111111111111111,OK,
corr_mix,full,fused_fisher_lrt_delta,1.0,1.0,budget_only,count,0.1,0.15,0.1,30,30,30,30,1.0,1.0,1.0,0.8605200945626479,0.016548463356974002,4.666666666666667,0.7666666666666667,0.3,0.46666666666666673,0.8,0.3,0.8,0.3,0.03333333333333333,0.3,0.3,4.0,11.5,26.0,11.5,26.0,26.0,26.0,10.0,26.0,11.5,26.0,9.0,15.0,0.7806146572104019,0.7806146572104019,0.015011820330969271,1.0000000000000002e-06,0.7550062917362025,0.8605200945626479,0.016548463356974002,0.04102564102564103,0.01111111111111111,0.023076923076923075,0.023076923076923075,-0.01111111111111111,OK,
corr_mix,full,fused_fisher_lrt_delta,INFEASIBLE,0.0,budget_only,count,INFEASIBLE,INFEASIBLE,INFEASIBLE,INFEASIBLE,INFEASIBLE,INFEASIBLE,INFEASIBLE,INFEASIBLE,INFEASIBLE,INFEASIBLE,INFEASIBLE,INFEASIBLE,INFEASIBLE,INFEASIBLE,INFEASIBLE,INFEASIBLE,INFEASIBLE,INFEASIBLE,INFEASIBLE,INFEASIBLE,INFEASIBLE,INFEASIBLE,INFEASIBLE,,INFEASIBLE,INFEASIBLE,INFEASIBLE,INFEASIBLE,INFEASIBLE,INFEASIBLE,INFEASIBLE,INFEASIBLE,INFEASIBLE,INFEASIBLE,INFEASIBLE,INFEASIBLE,INFEASIBLE,INFEASIBLE,INFEASIBLE,INFEASIBLE,INFEASIBLE,INFEASIBLE,INFEASIBLE,INFEASIBLE,INFEASIBLE,INFEASIBLE,INFEASIBLE,INFEASIBLE,INFEASIBLE,no_trials_in_band
corr_mix,full,fused_fisher_lrt_delta,INFEASIBLE,0.25,budget_only,count,INFEASIBLE,INFEASIBLE,INFEASIBLE,INFEASIBLE,INFEASIBLE,INFEASIBLE,INFEASIBLE,INFEASIBLE,INFEASIBLE,INFEASIBLE,INFEASIBLE,INFEASIBLE,INFEASIBLE,INFEASIBLE,INFEASIBLE,INFEASIBLE,INFEASIBLE,INFEASIBLE,INFEASIBLE,INFEASIBLE,INFEASIBLE,INFEASIBLE,INFEASIBLE,,INFEASIBLE,INFEASIBLE,INFEASIBLE,INFEASIBLE,INFEASIBLE,INFEASIBLE,INFEASIBLE,INFEASIBLE,INFEASIBLE,INFEASIBLE,INFEASIBLE,INFEASIBLE,INFEASIBLE,INFEASIBLE,INFEASIBLE,INFEASIBLE,INFEASIBLE,INFEASIBLE,INFEASIBLE,INFEASIBLE,INFEASIBLE,INFEASIBLE,INFEASIBLE,INFEASIBLE,INFEASIBLE,no_trials_in_band
corr_mix,full,fused_fisher_lrt_delta,INFEASIBLE,0.5,budget_only,count,INFEASIBLE,INFEASIBLE,INFEASIBLE,INFEASIBLE,INFEASIBLE,INFEASIBLE,INFEASIBLE,INFEASIBLE,INFEASIBLE,INFEASIBLE,INFEASIBLE,INFEASIBLE,INFEASIBLE,INFEASIBLE,INFEASIBLE,INFEASIBLE,INFEASIBLE,INFEASIBLE,INFEASIBLE,INFEASIBLE,INFEASIBLE,INFEASIBLE,INFEASIBLE,,INFEASIBLE,INFEASIBLE,INFEASIBLE,INFEASIBLE,INFEASIBLE,INFEASIBLE,INFEASIBLE,INFEASIBLE,INFEASIBLE,INFEASIBLE,INFEASIBLE,INFEASIBLE,INFEASIBLE,INFEASIBLE,INFEASIBLE,INFEASIBLE,INFEASIBLE,INFEASIBLE,INFEASIBLE,INFEASIBLE,INFEASIBLE,INFEASIBLE,INFEASIBLE,INFEASIBLE,INFEASIBLE,no_trials_in_band
corr_mix,full,fused_fisher_lrt_delta,INFEASIBLE,0.75,budget_only,count,INFEASIBLE,INFEASIBLE,INFEASIBLE,INFEASIBLE,INFEASIBLE,INFEASIBLE,INFEASIBLE,INFEASIBLE,INFEASIBLE,INFEASIBLE,INFEASIBLE,INFEASIBLE,INFEASIBLE,INFEASIBLE,INFEASIBLE,INFEASIBLE,INFEASIBLE,INFEASIBLE,INFEASIBLE,INFEASIBLE,INFEASIBLE,INFEASIBLE,INFEASIBLE,,INFEASIBLE,INFEASIBLE,INFEASIBLE,INFEASIBLE,INFEASIBLE,INFEASIBLE,INFEASIBLE,INFEASIBLE,INFEASIBLE,INFEASIBLE,INFEASIBLE,INFEASIBLE,INFEASIBLE,INFEASIBLE,INFEASIBLE,INFEASIBLE,INFEASIBLE,INFEASIBLE,INFEASIBLE,INFEASIBLE,INFEASIBLE,INFEASIBLE,INFEASIBLE,INFEASIBLE,INFEASIBLE,no_trials_in_band
corr_mix,full,fused_fisher_lrt_delta,INFEASIBLE,1.0,budget_only,count,INFEASIBLE,INFEASIBLE,INFEASIBLE,INFEASIBLE,INFEASIBLE,INFEASIBLE,INFEASIBLE,INFEASIBLE,INFEASIBLE,INFEASIBLE,INFEASIBLE,INFEASIBLE,INFEASIBLE,INFEASIBLE,INFEASIBLE,INFEASIBLE,INFEASIBLE,INFEASIBLE,INFEASIBLE,INFEASIBLE,INFEASIBLE,INFEASIBLE,INFEASIBLE,,INFEASIBLE,INFEASIBLE,INFEASIBLE,INFEASIBLE,INFEASIBLE,INFEASIBLE,INFEASIBLE,INFEASIBLE,INFEASIBLE,INFEASIBLE,INFEASIBLE,INFEASIBLE,INFEASIBLE,INFEASIBLE,INFEASIBLE,INFEASIBLE,INFEASIBLE,INFEASIBLE,INFEASIBLE,INFEASIBLE,INFEASIBLE,INFEASIBLE,INFEASIBLE,INFEASIBLE,INFEASIBLE,no_trials_in_band
corr_mix,full,fused_sp,1.0,0.0,budget_only,count,0.1,0.15,0.1,30,30,30,30,1.0,1.0,1.0,0.854373522458629,0.02316784869976359,4.633333333333334,0.36666666666666664,0.36666666666666664,0.0,0.36666666666666664,0.06666666666666667,0.36666666666666664,0.06666666666666667,0.0,0.06666666666666667,0.06666666666666667,4.0,26.0,26.0,26.0,26.0,26.0,26.0,26.0,26.0,26.0,26.0,13.0,13.0,1.2047281323877073,0.854373522458629,0.02316784869976359,0.04121453227134665,-0.20946344442319242,0.854373522458629,0.02316784869976359,0.0,0.0,0.0,0.0,0.0,OK,
corr_mix,full,fused_sp,1.0,0.25,budget_only,count,0.1,0.15,0.1,30,30,30,30,1.0,1.0,1.0,0.854373522458629,0.02316784869976359,4.633333333333334,0.5,0.36666666666666664,0.13333333333333336,0.5,0.1,0.5,0.1,0.0,0.1,0.1,4.0,25.5,26.0,25.5,26.0,26.0,26.0,25.5,26.0,25.5,26.0,12.0,13.0,1.2047281323877073,0.854373522458629,0.02316784869976359,0.04121453227134665,-0.13774049261188406,0.854373522458629,0.02316784869976359,0.010256410256410256,0.01111111111111111,0.010256410256410256,0.010256410256410256,-0.01111111111111111,OK,
corr_mix,full,fused_sp,1.0,0.5,budget_only,count,0.1,0.15,0.1,30,30,30,30,1.0,1.0,1.0,0.854373522458629,0.02316784869976359,4.633333333333334,0.7333333333333333,0.36666666666666664,0.36666666666666664,0.7333333333333333,0.26666666666666666,0.7333333333333333,0.26666666666666666,0.0,0.26666666666666666,0.26666666666666666,4.0,11.5,26.0,11.5,26.0,26.0,26.0,11.5,26.0,11.5,26.0,6.0,13.0,1.1862884160756504,0.8666666666666667,0.022813238770685574,0.04121453227134665,2.7849067161495156,0.854373522458629,0.02316784869976359,0.0358974358974359,0.01111111111111111,0.02564102564102564,0.02564102564102564,-0.01111111111111111,OK,
corr_mix,full,fused_sp,1.0,0.75,budget_only,count,0.1,0.15,0.1,30,30,30,30,1.0,1.0,1.0,0.854373522458629,0.02316784869976359,4.633333333333334,0.8,0.36666666666666664,0.4333333333333334,0.8,0.36666666666666664,0.8,0.36666666666666664,0.0,0.36666666666666664,0.36666666666666664,4.0,10.0,26.0,10.0,26.0,26.0,26.0,10.0,26.0,10.0,26.0,6.5,13.0,1.1125295508274233,0.8359338061465721,0.021394799054373522,0.04121453227134665,9.540561532882002,0.854373522458629,0.02316784869976359,0.06410256410256411,0.02222222222222222,0.03846153846153847,0.03846153846153847,-0.02222222222222222,OK,
corr_mix,full,fused_sp,1.0,1.0,budget_only,count,0.1,0.15,0.1,30,30,30,30,1.0,1.0,1.0,0.854373522458629,0.02316784869976359,4.633333333333334,0.8666666666666667,0.36666666666666664,0.5,0.8666666666666667,0.43333333333333335,0.8666666666666667,0.43333333333333335,0.0,0.43333333333333335,0.43333333333333335,4.0,7.5,26.0,7.5,26.0,26.0,26.0,7.5,26.0,7.5,26.0,5.0,13.0,1.0510638297872341,0.7683215130023641,0.02021276595744681,0.04121453227134665,19.131522381113225,0.854373522458629,0.02316784869976359,0.06794871794871796,0.03333333333333333,0.03974358974358975,0.04230769230769231,-0.03333333333333333,OK,
corr_mix,full,fused_sp,2.0,0.0,budget_only,count,0.1,0.15,0.1,30,8,2,8,0.26666666666666666,0.06666666666666667,0.26666666666666666,1.6595744680851063,0.17375886524822692,9.0,0.5,0.5,0.0,0.5,0.125,0.5,0.125,0.0,0.125,0.125,4.0,25.0,25.0,25.0,26.0,25.0,26.0,25.0,26.0,25.0,26.0,15.0,15.0,9.035460992907801,1.6595744680851063,0.17375886524822692,0.31562720889131124,-0.04726878940720941,1.6595744680851063,0.17375886524822692,0.0,0.0,0.0,0.0,0.0,OK,
corr_mix,full,fused_sp,2.0,0.25,budget_only,count,0.1,0.15,0.1,30,8,2,8,0.26666666666666666,0.06666666666666667,0.26666666666666666,1.6595744680851063,0.17375886524822692,9.0,0.75,0.5,0.25,0.75,0.125,0.75,0.125,0.0,0.125,0.125,4.0,22.0,25.0,22.0,26.0,25.0,26.0,22.0,26.0,22.0,26.0,19.5,15.0,8.943262411347519,1.6134751773049645,0.17198581560283688,0.31562720889131124,0.036021872821777295,1.6595744680851063,0.17375886524822692,0.009615384615384616,0.0,0.009615384615384616,0.009615384615384616,0.0,OK,
corr_mix,full,fused_sp,2.0,0.5,budget_only,count,0.1,0.15,0.1,30,8,2,8,0.26666666666666666,0.06666666666666667,0.26666666666666666,1.6595744680851063,0.17375886524822692,9.0,0.875,0.5,0.375,0.875,0.125,0.875,0.125,0.0,0.125,0.125,4.0,22.0,25.0,22.0,24.6,25.0,26.0,22.0,24.6,22.0,24.6,21.0,15.0,9.104609929078014,1.5904255319148937,0.1750886524822695,0.31562720889131124,2.7736377208584586,1.6595744680851063,0.17375886524822692,0.014423076923076924,0.0,0.014423076923076924,0.014423076923076924,0.0,OK,
corr_mix,full,fused_sp,2.0,0.75,budget_only,count,0.1,0.15,0.1,30,8,2,8,0.26666666666666666,0.06666666666666667,0.26666666666666666,1.6595744680851063,0.17375886524822692,9.0,0.875,0.5,0.375,0.875,0.125,0.875,0.125,0.0,0.125,0.125,4.0,20.5,25.0,20.5,24.6,25.0,26.0,20.5,24.6,20.5,24.6,20.0,15.0,9.058510638297872,1.5673758865248226,0.17420212765957446,0.31562720889131124,9.414158777014308,1.6595744680851063,0.17375886524822692,0.019230769230769232,0.08333333333333333,0.019230769230769232,0.019230769230769232,-0.08333333333333333,OK,
corr_mix,full,fused_sp,2.0,1.0,budget_only,count,0.1,0.15,0.1,30,8,2,8,0.26666666666666666,0.06666666666666667,0.26666666666666666,1.6595744680851063,0.17375886524822692,9.0,0.875,0.5,0.375,0.875,0.125,0.875,0.125,0.0,0.125,0.125,4.0,20.5,25.0,20.5,24.6,25.0,26.0,20.5,24.6,20.5,24.6,20.0,15.0,9.058510638297872,1.5673758865248226,0.17420212765957446,0.31562720889131124,18.86885039627526,1.6595744680851063,0.17375886524822692,0.019230769230769232,0.08333333333333333,0.019230769230769232,0.019230769230769232,-0.08333333333333333,OK,
corr_mix,full,fused_sp_lrt_delta,1.0,0.0,budget_only,count,0.1,0.15,0.1,30,24,24,24,0.8,0.8,0.8,0.7375886524822693,0.014184397163120567,4.0,0.0,0.0,0.0,0.0,0.0,0.0,0.0,0.0,0.0,0.0,4.0,26.0,26.0,26.0,26.0,26.0,26.0,26.0,26.0,26.0,26.0,NA,NA,0.7375886524822693,0.7375886524822693,0.014184397163120567,0.0002893078383172255,-0.08892158543220942,0.7375886524822693,0.014184397163120567,0.0,0.0,0.0,0.0,0.0,OK,
corr_mix,full,fused_sp_lrt_delta,1.0,0.25,budget_only,count,0.1,0.15,0.1,30,24,24,24,0.8,0.8,0.8,0.7375886524822693,0.014184397163120567,4.0,0.0,0.0,0.0,0.0,0.0,0.0,0.0,0.0,0.0,0.0,4.0,26.0,26.0,26.0,26.0,26.0,26.0,26.0,26.0,26.0,26.0,NA,NA,0.7299054373522457,0.7299054373522457,0.014036643026004728,0.0002893078383172255,0.2329598035033897,0.7375886524822693,0.014184397163120567,0.0,0.0,0.0,0.0,0.0,OK,
corr_mix,full,fused_sp_lrt_delta,1.0,0.5,budget_only,count,0.1,0.15,0.1,30,24,24,24,0.8,0.8,0.8,0.7375886524822693,0.014184397163120567,4.0,0.08333333333333333,0.0,0.08333333333333333,0.08333333333333333,0.0,0.08333333333333333,0.0,0.0,0.0,0.0,4.0,26.0,26.0,26.0,26.0,26.0,26.0,26.0,26.0,26.0,26.0,21.0,NA,0.722222222222222,0.722222222222222,0.01388888888888889,0.0002893078383172255,1.9425917763732172,0.7375886524822693,0.014184397163120567,0.0032051282051282055,0.0,0.0032051282051282055,0.0032051282051282055,0.0,OK,
corr_mix,full,fused_sp_lrt_delta,1.0,0.75,budget_only,count,0.1,0.15,0.1,30,24,24,24,0.8,0.8,0.8,0.7375886524822693,0.014184397163120567,4.0,0.08333333333333333,0.0,0.08333333333333333,0.08333333333333333,0.0,0.08333333333333333,0.0,0.0,0.0,0.0,4.0,26.0,26.0,26.0,26.0,26.0,26.0,26.0,26.0,26.0,26.0,18.0,NA,0.7145390070921985,0.7145390070921985,0.01374113475177305,0.0002893078383172255,4.511944340932267,0.7375886524822693,0.014184397163120567,0.0032051282051282055,0.0,0.0032051282051282055,0.0032051282051282055,0.0,OK,
corr_mix,full,fused_sp_lrt_delta,1.0,1.0,budget_only,count,0.1,0.15,0.1,30,24,24,24,0.8,0.8,0.8,0.7375886524822693,0.014184397163120567,4.0,0.0,0.0,0.0,0.0,0.0,0.0,0.0,0.0,0.0,0.0,4.0,26.0,26.0,26.0,26.0,26.0,26.0,26.0,26.0,26.0,26.0,NA,NA,0.7299054373522457,0.7299054373522457,0.014036643026004728,0.0002893078383172255,1628.8325490031068,0.7375886524822693,0.014184397163120567,0.0,0.0,0.0,0.0,0.0,OK,
corr_mix,full,fused_sp_lrt_delta,INFEASIBLE,0.0,budget_only,count,INFEASIBLE,INFEASIBLE,INFEASIBLE,INFEASIBLE,INFEASIBLE,INFEASIBLE,INFEASIBLE,INFEASIBLE,INFEASIBLE,INFEASIBLE,INFEASIBLE,INFEASIBLE,INFEASIBLE,INFEASIBLE,INFEASIBLE,INFEASIBLE,INFEASIBLE,INFEASIBLE,INFEASIBLE,INFEASIBLE,INFEASIBLE,INFEASIBLE,INFEASIBLE,,INFEASIBLE,INFEASIBLE,INFEASIBLE,INFEASIBLE,INFEASIBLE,INFEASIBLE,INFEASIBLE,INFEASIBLE,INFEASIBLE,INFEASIBLE,INFEASIBLE,INFEASIBLE,INFEASIBLE,INFEASIBLE,INFEASIBLE,INFEASIBLE,INFEASIBLE,INFEASIBLE,INFEASIBLE,INFEASIBLE,INFEASIBLE,INFEASIBLE,INFEASIBLE,INFEASIBLE,INFEASIBLE,no_trials_in_band
corr_mix,full,fused_sp_lrt_delta,INFEASIBLE,0.25,budget_only,count,INFEASIBLE,INFEASIBLE,INFEASIBLE,INFEASIBLE,INFEASIBLE,INFEASIBLE,INFEASIBLE,INFEASIBLE,INFEASIBLE,INFEASIBLE,INFEASIBLE,INFEASIBLE,INFEASIBLE,INFEASIBLE,INFEASIBLE,INFEASIBLE,INFEASIBLE,INFEASIBLE,INFEASIBLE,INFEASIBLE,INFEASIBLE,INFEASIBLE,INFEASIBLE,,INFEASIBLE,INFEASIBLE,INFEASIBLE,INFEASIBLE,INFEASIBLE,INFEASIBLE,INFEASIBLE,INFEASIBLE,INFEASIBLE,INFEASIBLE,INFEASIBLE,INFEASIBLE,INFEASIBLE,INFEASIBLE,INFEASIBLE,INFEASIBLE,INFEASIBLE,INFEASIBLE,INFEASIBLE,INFEASIBLE,INFEASIBLE,INFEASIBLE,INFEASIBLE,INFEASIBLE,INFEASIBLE,no_trials_in_band
corr_mix,full,fused_sp_lrt_delta,INFEASIBLE,0.5,budget_only,count,INFEASIBLE,INFEASIBLE,INFEASIBLE,INFEASIBLE,INFEASIBLE,INFEASIBLE,INFEASIBLE,INFEASIBLE,INFEASIBLE,INFEASIBLE,INFEASIBLE,INFEASIBLE,INFEASIBLE,INFEASIBLE,INFEASIBLE,INFEASIBLE,INFEASIBLE,INFEASIBLE,INFEASIBLE,INFEASIBLE,INFEASIBLE,INFEASIBLE,INFEASIBLE,,INFEASIBLE,INFEASIBLE,INFEASIBLE,INFEASIBLE,INFEASIBLE,INFEASIBLE,INFEASIBLE,INFEASIBLE,INFEASIBLE,INFEASIBLE,INFEASIBLE,INFEASIBLE,INFEASIBLE,INFEASIBLE,INFEASIBLE,INFEASIBLE,INFEASIBLE,INFEASIBLE,INFEASIBLE,INFEASIBLE,INFEASIBLE,INFEASIBLE,INFEASIBLE,INFEASIBLE,INFEASIBLE,no_trials_in_band
corr_mix,full,fused_sp_lrt_delta,INFEASIBLE,0.75,budget_only,count,INFEASIBLE,INFEASIBLE,INFEASIBLE,INFEASIBLE,INFEASIBLE,INFEASIBLE,INFEASIBLE,INFEASIBLE,INFEASIBLE,INFEASIBLE,INFEASIBLE,INFEASIBLE,INFEASIBLE,INFEASIBLE,INFEASIBLE,INFEASIBLE,INFEASIBLE,INFEASIBLE,INFEASIBLE,INFEASIBLE,INFEASIBLE,INFEASIBLE,INFEASIBLE,,INFEASIBLE,INFEASIBLE,INFEASIBLE,INFEASIBLE,INFEASIBLE,INFEASIBLE,INFEASIBLE,INFEASIBLE,INFEASIBLE,INFEASIBLE,INFEASIBLE,INFEASIBLE,INFEASIBLE,INFEASIBLE,INFEASIBLE,INFEASIBLE,INFEASIBLE,INFEASIBLE,INFEASIBLE,INFEASIBLE,INFEASIBLE,INFEASIBLE,INFEASIBLE,INFEASIBLE,INFEASIBLE,no_trials_in_band
corr_mix,full,fused_sp_lrt_delta,INFEASIBLE,1.0,budget_only,count,INFEASIBLE,INFEASIBLE,INFEASIBLE,INFEASIBLE,INFEASIBLE,INFEASIBLE,INFEASIBLE,INFEASIBLE,INFEASIBLE,INFEASIBLE,INFEASIBLE,INFEASIBLE,INFEASIBLE,INFEASIBLE,INFEASIBLE,INFEASIBLE,INFEASIBLE,INFEASIBLE,INFEASIBLE,INFEASIBLE,INFEASIBLE,INFEASIBLE,INFEASIBLE,,INFEASIBLE,INFEASIBLE,INFEASIBLE,INFEASIBLE,INFEASIBLE,INFEASIBLE,INFEASIBLE,INFEASIBLE,INFEASIBLE,INFEASIBLE,INFEASIBLE,INFEASIBLE,INFEASIBLE,INFEASIBLE,INFEASIBLE,INFEASIBLE,INFEASIBLE,INFEASIBLE,INFEASIBLE,INFEASIBLE,INFEASIBLE,INFEASIBLE,INFEASIBLE,INFEASIBLE,INFEASIBLE,no_trials_in_band
corr_mix,full,max_abs,1.0,0.0,budget_only,count,0.1,0.15,0.1,30,30,30,30,1.0,1.0,1.0,1.0141843971631204,0.03333333333333334,5.5,0.5333333333333333,0.5333333333333333,0.0,0.5666666666666667,0.23333333333333334,0.5666666666666667,0.23333333333333334,0.03333333333333333,0.2,0.2,4.0,24.5,24.5,24.5,26.0,24.5,26.0,18.0,26.0,24.5,26.0,5.5,5.5,1.7333333333333336,1.0141843971631204,0.03333333333333334,0.04666437208391654,-0.09999993797547463,1.0141843971631204,0.03333333333333334,0.0,0.0,0.0,0.0,0.0,OK,
corr_mix,full,max_abs,1.0,0.25,budget_only,count,0.1,0.15,0.1,30,30,30,30,1.0,1.0,1.0,1.0141843971631204,0.03333333333333334,5.5,0.5666666666666667,0.5333333333333333,0.033333333333333326,0.6,0.23333333333333334,0.6,0.23333333333333334,0.03333333333333333,0.2,0.2,4.0,23.0,24.5,23.0,26.0,24.5,26.0,17.0,26.0,23.0,26.0,6.0,5.5,1.8378250591016547,1.057210401891253,0.03534278959810875,0.04666437208391654,-0.0825380219778687,1.0141843971631204,0.03333333333333334,0.002564102564102564,0.01111111111111111,0.002564102564102564,0.002564102564102564,0.01111111111111111,OK,
corr_mix,full,max_abs,1.0,0.5,budget_only,count,0.1,0.15,0.1,30,30,30,30,1.0,1.0,1.0,1.0141843971631204,0.03333333333333334,5.5,0.3333333333333333,0.5333333333333333,-0.2,0.36666666666666664,0.1,0.36666666666666664,0.1,0.03333333333333333,0.06666666666666667,0.06666666666666667,4.0,26.0,24.5,26.0,26.0,24.5,26.0,26.0,26.0,26.0,26.0,9.0,5.5,1.8685579196217494,1.0695035460992908,0.035933806146572114,0.04666437208391654,-0.06507589405224184,1.0141843971631204,0.03333333333333334,0.017948717948717947,0.04444444444444444,-0.007692307692307693,0.007692307692307693,0.04444444444444444,OK,
corr_mix,full,max_abs,1.0,0.75,budget_only,count,0.1,0.15,0.1,30,30,30,30,1.0,1.0,1.0,1.0141843971631204,0.03333333333333334,5.5,0.3333333333333333,0.5333333333333333,-0.2,0.36666666666666664,0.1,0.36666666666666664,0.1,0.03333333333333333,0.06666666666666667,0.06666666666666667,4.0,26.0,24.5,26.0,26.0,24.5,26.0,26.0,26.0,26.0,26.0,9.0,5.5,1.8685579196217494,1.0695035460992908,0.035933806146572114,0.04666437208391654,-0.04761376612661497,1.0141843971631204,0.03333333333333334,0.017948717948717947,0.04444444444444444,-0.007692307692307693,0.007692307692307693,0.04444444444444444,OK,
corr_mix,full,max_abs,1.0,1.0,budget_only,count,0.1,0.15,0.1,30,30,30,30,1.0,1.0,1.0,1.0141843971631204,0.03333333333333334,5.5,0.5,0.5333333333333333,-0.033333333333333326,0.5333333333333333,0.16666666666666666,0.5333333333333333,0.16666666666666666,0.03333333333333333,0.13333333333333333,0.13333333333333333,4.0,25.0,24.5,25.0,26.0,24.5,26.0,21.5,26.0,25.0,26.0,8.0,5.5,1.8501182033096923,1.0695035460992908,0.035579196217494086,0.04666437208391654,-0.03015128386301962,1.0141843971631204,0.03333333333333334,0.01153846153846154,0.02222222222222222,-0.001282051282051282,0.001282051282051282,0.02222222222222222,OK,
corr_mix,full,max_abs,INFEASIBLE,0.0,budget_only,count,INFEASIBLE,INFEASIBLE,INFEASIBLE,INFEASIBLE,INFEASIBLE,INFEASIBLE,INFEASIBLE,INFEASIBLE,INFEASIBLE,INFEASIBLE,INFEASIBLE,INFEASIBLE,INFEASIBLE,INFEASIBLE,INFEASIBLE,INFEASIBLE,INFEASIBLE,INFEASIBLE,INFEASIBLE,INFEASIBLE,INFEASIBLE,INFEASIBLE,INFEASIBLE,,INFEASIBLE,INFEASIBLE,INFEASIBLE,INFEASIBLE,INFEASIBLE,INFEASIBLE,INFEASIBLE,INFEASIBLE,INFEASIBLE,INFEASIBLE,INFEASIBLE,INFEASIBLE,INFEASIBLE,INFEASIBLE,INFEASIBLE,INFEASIBLE,INFEASIBLE,INFEASIBLE,INFEASIBLE,INFEASIBLE,INFEASIBLE,INFEASIBLE,INFEASIBLE,INFEASIBLE,INFEASIBLE,no_trials_in_band
corr_mix,full,max_abs,INFEASIBLE,0.25,budget_only,count,INFEASIBLE,INFEASIBLE,INFEASIBLE,INFEASIBLE,INFEASIBLE,INFEASIBLE,INFEASIBLE,INFEASIBLE,INFEASIBLE,INFEASIBLE,INFEASIBLE,INFEASIBLE,INFEASIBLE,INFEASIBLE,INFEASIBLE,INFEASIBLE,INFEASIBLE,INFEASIBLE,INFEASIBLE,INFEASIBLE,INFEASIBLE,INFEASIBLE,INFEASIBLE,,INFEASIBLE,INFEASIBLE,INFEASIBLE,INFEASIBLE,INFEASIBLE,INFEASIBLE,INFEASIBLE,INFEASIBLE,INFEASIBLE,INFEASIBLE,INFEASIBLE,INFEASIBLE,INFEASIBLE,INFEASIBLE,INFEASIBLE,INFEASIBLE,INFEASIBLE,INFEASIBLE,INFEASIBLE,INFEASIBLE,INFEASIBLE,INFEASIBLE,INFEASIBLE,INFEASIBLE,INFEASIBLE,no_trials_in_band
corr_mix,full,max_abs,INFEASIBLE,0.5,budget_only,count,INFEASIBLE,INFEASIBLE,INFEASIBLE,INFEASIBLE,INFEASIBLE,INFEASIBLE,INFEASIBLE,INFEASIBLE,INFEASIBLE,INFEASIBLE,INFEASIBLE,INFEASIBLE,INFEASIBLE,INFEASIBLE,INFEASIBLE,INFEASIBLE,INFEASIBLE,INFEASIBLE,INFEASIBLE,INFEASIBLE,INFEASIBLE,INFEASIBLE,INFEASIBLE,,INFEASIBLE,INFEASIBLE,INFEASIBLE,INFEASIBLE,INFEASIBLE,INFEASIBLE,INFEASIBLE,INFEASIBLE,INFEASIBLE,INFEASIBLE,INFEASIBLE,INFEASIBLE,INFEASIBLE,INFEASIBLE,INFEASIBLE,INFEASIBLE,INFEASIBLE,INFEASIBLE,INFEASIBLE,INFEASIBLE,INFEASIBLE,INFEASIBLE,INFEASIBLE,INFEASIBLE,INFEASIBLE,no_trials_in_band
corr_mix,full,max_abs,INFEASIBLE,0.75,budget_only,count,INFEASIBLE,INFEASIBLE,INFEASIBLE,INFEASIBLE,INFEASIBLE,INFEASIBLE,INFEASIBLE,INFEASIBLE,INFEASIBLE,INFEASIBLE,INFEASIBLE,INFEASIBLE,INFEASIBLE,INFEASIBLE,INFEASIBLE,INFEASIBLE,INFEASIBLE,INFEASIBLE,INFEASIBLE,INFEASIBLE,INFEASIBLE,INFEASIBLE,INFEASIBLE,,INFEASIBLE,INFEASIBLE,INFEASIBLE,INFEASIBLE,INFEASIBLE,INFEASIBLE,INFEASIBLE,INFEASIBLE,INFEASIBLE,INFEASIBLE,INFEASIBLE,INFEASIBLE,INFEASIBLE,INFEASIBLE,INFEASIBLE,INFEASIBLE,INFEASIBLE,INFEASIBLE,INFEASIBLE,INFEASIBLE,INFEASIBLE,INFEASIBLE,INFEASIBLE,INFEASIBLE,INFEASIBLE,no_trials_in_band
corr_mix,full,max_abs,INFEASIBLE,1.0,budget_only,count,INFEASIBLE,INFEASIBLE,INFEASIBLE,INFEASIBLE,INFEASIBLE,INFEASIBLE,INFEASIBLE,INFEASIBLE,INFEASIBLE,INFEASIBLE,INFEASIBLE,INFEASIBLE,INFEASIBLE,INFEASIBLE,INFEASIBLE,INFEASIBLE,INFEASIBLE,INFEASIBLE,INFEASIBLE,INFEASIBLE,INFEASIBLE,INFEASIBLE,INFEASIBLE,,INFEASIBLE,INFEASIBLE,INFEASIBLE,INFEASIBLE,INFEASIBLE,INFEASIBLE,INFEASIBLE,INFEASIBLE,INFEASIBLE,INFEASIBLE,INFEASIBLE,INFEASIBLE,INFEASIBLE,INFEASIBLE,INFEASIBLE,INFEASIBLE,INFEASIBLE,INFEASIBLE,INFEASIBLE,INFEASIBLE,INFEASIBLE,INFEASIBLE,INFEASIBLE,INFEASIBLE,INFEASIBLE,no_trials_in_band
corr_mix,full,pc_t2,1.0,0.0,budget_only,count,0.1,0.15,0.1,30,30,30,30,1.0,1.0,1.0,0.8420803782505911,0.019621749408983456,4.566666666666666,0.43333333333333335,0.43333333333333335,0.0,0.43333333333333335,0.03333333333333333,0.43333333333333335,0.03333333333333333,0.0,0.03333333333333333,0.03333333333333333,4.0,26.0,26.0,26.0,26.0,26.0,26.0,26.0,26.0,26.0,26.0,10.0,10.0,1.0203309692671394,0.8420803782505911,0.019621749408983456,0.012013798747827436,0.048048380607076197,0.8420803782505911,0.019621749408983456,0.0,0.0,0.0,0.0,0.0,OK,
corr_mix,full,pc_t2,1.0,0.25,budget_only,count,0.1,0.15,0.1,30,30,30,30,1.0,1.0,1.0,0.8420803782505911,0.019621749408983456,4.566666666666666,0.3,0.43333333333333335,-0.13333333333333336,0.3,0.03333333333333333,0.3,0.03333333333333333,0.0,0.03333333333333333,0.03333333333333333,4.0,26.0,26.0,26.0,26.0,26.0,26.0,26.0,26.0,26.0,26.0,10.0,10.0,0.9957446808510636,0.8420803782505911,0.019148936170212773,0.012013798747827436,0.019584086333166276,0.8420803782505911,0.019621749408983456,0.006410256410256411,0.0,-0.006410256410256411,0.006410256410256411,0.0,OK,
corr_mix,full,pc_t2,1.0,0.5,budget_only,count,0.1,0.15,0.1,30,30,30,30,1.0,1.0,1.0,0.8420803782505911,0.019621749408983456,4.566666666666666,0.3,0.43333333333333335,-0.13333333333333336,0.3,0.03333333333333333,0.3,0.03333333333333333,0.0,0.03333333333333333,0.03333333333333333,4.0,26.0,26.0,26.0,26.0,26.0,26.0,26.0,26.0,26.0,26.0,10.0,10.0,0.983451536643026,0.8297872340425533,0.01891252955082743,0.012013798747827436,0.0016097793264369313,0.8420803782505911,0.019621749408983456,0.006410256410256411,0.0,-0.006410256410256411,0.006410256410256411,0.0,OK,
corr_mix,full,pc_t2,1.0,0.75,budget_only,count,0.1,0.15,0.1,30,30,30,30,1.0,1.0,1.0,0.8420803782505911,0.019621749408983456,4.566666666666666,0.3,0.43333333333333335,-0.13333333333333336,0.3,0.03333333333333333,0.3,0.03333333333333333,0.0,0.03333333333333333,0.03333333333333333,4.0,26.0,26.0,26.0,26.0,26.0,26.0,26.0,26.0,26.0,26.0,10.0,10.0,0.9773049645390071,0.8236406619385342,0.018794326241134755,0.012013798747827436,0.004778380727799357,0.8420803782505911,0.019621749408983456,0.006410256410256411,0.0,-0.006410256410256411,0.006410256410256411,0.0,OK,
corr_mix,full,pc_t2,1.0,1.0,budget_only,count,0.1,0.15,0.1,30,30,30,30,1.0,1.0,1.0,0.8420803782505911,0.019621749408983456,4.566666666666666,0.3,0.43333333333333335,-0.13333333333333336,0.3,0.03333333333333333,0.3,0.03333333333333333,0.0,0.03333333333333333,0.03333333333333333,4.0,26.0,26.0,26.0,26.0,26.0,26.0,26.0,26.0,26.0,26.0,10.0,10.0,0.9773049645390071,0.8236406619385342,0.018794326241134755,0.012013798747827436,0.02826544941702487,0.8420803782505911,0.019621749408983456,0.006410256410256411,0.0,-0.006410256410256411,0.006410256410256411,0.0,OK,
corr_mix,full,pc_t2,INFEASIBLE,0.0,budget_only,count,INFEASIBLE,INFEASIBLE,INFEASIBLE,INFEASIBLE,INFEASIBLE,INFEASIBLE,INFEASIBLE,INFEASIBLE,INFEASIBLE,INFEASIBLE,INFEASIBLE,INFEASIBLE,INFEASIBLE,INFEASIBLE,INFEASIBLE,INFEASIBLE,INFEASIBLE,INFEASIBLE,INFEASIBLE,INFEASIBLE,INFEASIBLE,INFEASIBLE,INFEASIBLE,,INFEASIBLE,INFEASIBLE,INFEASIBLE,INFEASIBLE,INFEASIBLE,INFEASIBLE,INFEASIBLE,INFEASIBLE,INFEASIBLE,INFEASIBLE,INFEASIBLE,INFEASIBLE,INFEASIBLE,INFEASIBLE,INFEASIBLE,INFEASIBLE,INFEASIBLE,INFEASIBLE,INFEASIBLE,INFEASIBLE,INFEASIBLE,INFEASIBLE,INFEASIBLE,INFEASIBLE,INFEASIBLE,no_trials_in_band
corr_mix,full,pc_t2,INFEASIBLE,0.25,budget_only,count,INFEASIBLE,INFEASIBLE,INFEASIBLE,INFEASIBLE,INFEASIBLE,INFEASIBLE,INFEASIBLE,INFEASIBLE,INFEASIBLE,INFEASIBLE,INFEASIBLE,INFEASIBLE,INFEASIBLE,INFEASIBLE,INFEASIBLE,INFEASIBLE,INFEASIBLE,INFEASIBLE,INFEASIBLE,INFEASIBLE,INFEASIBLE,INFEASIBLE,INFEASIBLE,,INFEASIBLE,INFEASIBLE,INFEASIBLE,INFEASIBLE,INFEASIBLE,INFEASIBLE,INFEASIBLE,INFEASIBLE,INFEASIBLE,INFEASIBLE,INFEASIBLE,INFEASIBLE,INFEASIBLE,INFEASIBLE,INFEASIBLE,INFEASIBLE,INFEASIBLE,INFEASIBLE,INFEASIBLE,INFEASIBLE,INFEASIBLE,INFEASIBLE,INFEASIBLE,INFEASIBLE,INFEASIBLE,no_trials_in_band
corr_mix,full,pc_t2,INFEASIBLE,0.5,budget_only,count,INFEASIBLE,INFEASIBLE,INFEASIBLE,INFEASIBLE,INFEASIBLE,INFEASIBLE,INFEASIBLE,INFEASIBLE,INFEASIBLE,INFEASIBLE,INFEASIBLE,INFEASIBLE,INFEASIBLE,INFEASIBLE,INFEASIBLE,INFEASIBLE,INFEASIBLE,INFEASIBLE,INFEASIBLE,INFEASIBLE,INFEASIBLE,INFEASIBLE,INFEASIBLE,,INFEASIBLE,INFEASIBLE,INFEASIBLE,INFEASIBLE,INFEASIBLE,INFEASIBLE,INFEASIBLE,INFEASIBLE,INFEASIBLE,INFEASIBLE,INFEASIBLE,INFEASIBLE,INFEASIBLE,INFEASIBLE,INFEASIBLE,INFEASIBLE,INFEASIBLE,INFEASIBLE,INFEASIBLE,INFEASIBLE,INFEASIBLE,INFEASIBLE,INFEASIBLE,INFEASIBLE,INFEASIBLE,no_trials_in_band
corr_mix,full,pc_t2,INFEASIBLE,0.75,budget_only,count,INFEASIBLE,INFEASIBLE,INFEASIBLE,INFEASIBLE,INFEASIBLE,INFEASIBLE,INFEASIBLE,INFEASIBLE,INFEASIBLE,INFEASIBLE,INFEASIBLE,INFEASIBLE,INFEASIBLE,INFEASIBLE,INFEASIBLE,INFEASIBLE,INFEASIBLE,INFEASIBLE,INFEASIBLE,INFEASIBLE,INFEASIBLE,INFEASIBLE,INFEASIBLE,,INFEASIBLE,INFEASIBLE,INFEASIBLE,INFEASIBLE,INFEASIBLE,INFEASIBLE,INFEASIBLE,INFEASIBLE,INFEASIBLE,INFEASIBLE,INFEASIBLE,INFEASIBLE,INFEASIBLE,INFEASIBLE,INFEASIBLE,INFEASIBLE,INFEASIBLE,INFEASIBLE,INFEASIBLE,INFEASIBLE,INFEASIBLE,INFEASIBLE,INFEASIBLE,INFEASIBLE,INFEASIBLE,no_trials_in_band
corr_mix,full,pc_t2,INFEASIBLE,1.0,budget_only,count,INFEASIBLE,INFEASIBLE,INFEASIBLE,INFEASIBLE,INFEASIBLE,INFEASIBLE,INFEASIBLE,INFEASIBLE,INFEASIBLE,INFEASIBLE,INFEASIBLE,INFEASIBLE,INFEASIBLE,INFEASIBLE,INFEASIBLE,INFEASIBLE,INFEASIBLE,INFEASIBLE,INFEASIBLE,INFEASIBLE,INFEASIBLE,INFEASIBLE,INFEASIBLE,,INFEASIBLE,INFEASIBLE,INFEASIBLE,INFEASIBLE,INFEASIBLE,INFEASIBLE,INFEASIBLE,INFEASIBLE,INFEASIBLE,INFEASIBLE,INFEASIBLE,INFEASIBLE,INFEASIBLE,INFEASIBLE,INFEASIBLE,INFEASIBLE,INFEASIBLE,INFEASIBLE,INFEASIBLE,INFEASIBLE,INFEASIBLE,INFEASIBLE,INFEASIBLE,INFEASIBLE,INFEASIBLE,no_trials_in_band
corr_mix,full,res_energy,1.0,0.0,budget_only,count,0.1,0.15,0.1,30,30,30,30,1.0,1.0,1.0,0.854373522458629,0.02316784869976359,4.633333333333334,0.36666666666666664,0.36666666666666664,0.0,0.36666666666666664,0.06666666666666667,0.36666666666666664,0.06666666666666667,0.0,0.06666666666666667,0.06666666666666667,4.0,26.0,26.0,26.0,26.0,26.0,26.0,26.0,26.0,26.0,26.0,13.0,13.0,1.2047281323877073,0.854373522458629,0.02316784869976359,0.04121453227134665,-0.005933143472956615,0.854373522458629,0.02316784869976359,0.0,0.0,0.0,0.0,0.0,OK,
corr_mix,full,res_energy,1.0,0.25,budget_only,count,0.1,0.15,0.1,30,30,30,30,1.0,1.0,1.0,0.854373522458629,0.02316784869976359,4.633333333333334,0.5,0.36666666666666664,0.13333333333333336,0.5,0.1,0.5,0.1,0.0,0.1,0.1,4.0,25.5,26.0,25.5,26.0,26.0,26.0,25.5,26.0,25.5,26.0,12.0,13.0,1.2047281323877073,0.854373522458629,0.02316784869976359,0.04121453227134665,0.3948411006983003,0.854373522458629,0.02316784869976359,0.010256410256410256,0.01111111111111111,0.010256410256410256,0.010256410256410256,-0.01111111111111111,OK,
corr_mix,full,res_energy,1.0,0.5,budget_only,count,0.1,0.15,0.1,30,30,30,30,1.0,1.0,1.0,0.854373522458629,0.02316784869976359,4.633333333333334,0.7333333333333333,0.36666666666666664,0.36666666666666664,0.7333333333333333,0.26666666666666666,0.7333333333333333,0.26666666666666666,0.0,0.26666666666666666,0.26666666666666666,4.0,11.5,26.0,11.5,26.0,26.0,26.0,11.5,26.0,11.5,26.0,6.0,13.0,1.1862884160756504,0.8666666666666667,0.022813238770685574,0.04121453227134665,2.168720465588272,0.854373522458629,0.02316784869976359,0.0358974358974359,0.01111111111111111,0.02564102564102564,0.02564102564102564,-0.01111111111111111,OK,
corr_mix,full,res_energy,1.0,0.75,budget_only,count,0.1,0.15,0.1,30,30,30,30,1.0,1.0,1.0,0.854373522458629,0.02316784869976359,4.633333333333334,0.8,0.36666666666666664,0.4333333333333334,0.8,0.36666666666666664,0.8,0.36666666666666664,0.0,0.36666666666666664,0.36666666666666664,4.0,10.0,26.0,10.0,26.0,26.0,26.0,10.0,26.0,10.0,26.0,6.5,13.0,1.1125295508274233,0.8359338061465721,0.021394799054373522,0.04121453227134665,5.148526469933857,0.854373522458629,0.02316784869976359,0.06410256410256411,0.02222222222222222,0.03846153846153847,0.03846153846153847,-0.02222222222222222,OK,
corr_mix,full,res_energy,1.0,1.0,budget_only,count,0.1,0.15,0.1,30,30,30,30,1.0,1.0,1.0,0.854373522458629,0.02316784869976359,4.633333333333334,0.8666666666666667,0.36666666666666664,0.5,0.8666666666666667,0.43333333333333335,0.8666666666666667,0.43333333333333335,0.0,0.43333333333333335,0.43333333333333335,4.0,7.5,26.0,7.5,26.0,26.0,26.0,7.5,26.0,7.5,26.0,5.0,13.0,1.0510638297872341,0.7683215130023641,0.02021276595744681,0.04121453227134665,9.383844283563786,0.854373522458629,0.02316784869976359,0.06794871794871796,0.03333333333333333,0.03974358974358975,0.04230769230769231,-0.03333333333333333,OK,
corr_mix,full,res_energy,INFEASIBLE,0.0,budget_only,count,INFEASIBLE,INFEASIBLE,INFEASIBLE,INFEASIBLE,INFEASIBLE,INFEASIBLE,INFEASIBLE,INFEASIBLE,INFEASIBLE,INFEASIBLE,INFEASIBLE,INFEASIBLE,INFEASIBLE,INFEASIBLE,INFEASIBLE,INFEASIBLE,INFEASIBLE,INFEASIBLE,INFEASIBLE,INFEASIBLE,INFEASIBLE,INFEASIBLE,INFEASIBLE,,INFEASIBLE,INFEASIBLE,INFEASIBLE,INFEASIBLE,INFEASIBLE,INFEASIBLE,INFEASIBLE,INFEASIBLE,INFEASIBLE,INFEASIBLE,INFEASIBLE,INFEASIBLE,INFEASIBLE,INFEASIBLE,INFEASIBLE,INFEASIBLE,INFEASIBLE,INFEASIBLE,INFEASIBLE,INFEASIBLE,INFEASIBLE,INFEASIBLE,INFEASIBLE,INFEASIBLE,INFEASIBLE,no_trials_in_band
corr_mix,full,res_energy,INFEASIBLE,0.25,budget_only,count,INFEASIBLE,INFEASIBLE,INFEASIBLE,INFEASIBLE,INFEASIBLE,INFEASIBLE,INFEASIBLE,INFEASIBLE,INFEASIBLE,INFEASIBLE,INFEASIBLE,INFEASIBLE,INFEASIBLE,INFEASIBLE,INFEASIBLE,INFEASIBLE,INFEASIBLE,INFEASIBLE,INFEASIBLE,INFEASIBLE,INFEASIBLE,INFEASIBLE,INFEASIBLE,,INFEASIBLE,INFEASIBLE,INFEASIBLE,INFEASIBLE,INFEASIBLE,INFEASIBLE,INFEASIBLE,INFEASIBLE,INFEASIBLE,INFEASIBLE,INFEASIBLE,INFEASIBLE,INFEASIBLE,INFEASIBLE,INFEASIBLE,INFEASIBLE,INFEASIBLE,INFEASIBLE,INFEASIBLE,INFEASIBLE,INFEASIBLE,INFEASIBLE,INFEASIBLE,INFEASIBLE,INFEASIBLE,no_trials_in_band
corr_mix,full,res_energy,INFEASIBLE,0.5,budget_only,count,INFEASIBLE,INFEASIBLE,INFEASIBLE,INFEASIBLE,INFEASIBLE,INFEASIBLE,INFEASIBLE,INFEASIBLE,INFEASIBLE,INFEASIBLE,INFEASIBLE,INFEASIBLE,INFEASIBLE,INFEASIBLE,INFEASIBLE,INFEASIBLE,INFEASIBLE,INFEASIBLE,INFEASIBLE,INFEASIBLE,INFEASIBLE,INFEASIBLE,INFEASIBLE,,INFEASIBLE,INFEASIBLE,INFEASIBLE,INFEASIBLE,INFEASIBLE,INFEASIBLE,INFEASIBLE,INFEASIBLE,INFEASIBLE,INFEASIBLE,INFEASIBLE,INFEASIBLE,INFEASIBLE,INFEASIBLE,INFEASIBLE,INFEASIBLE,INFEASIBLE,INFEASIBLE,INFEASIBLE,INFEASIBLE,INFEASIBLE,INFEASIBLE,INFEASIBLE,INFEASIBLE,INFEASIBLE,no_trials_in_band
corr_mix,full,res_energy,INFEASIBLE,0.75,budget_only,count,INFEASIBLE,INFEASIBLE,INFEASIBLE,INFEASIBLE,INFEASIBLE,INFEASIBLE,INFEASIBLE,INFEASIBLE,INFEASIBLE,INFEASIBLE,INFEASIBLE,INFEASIBLE,INFEASIBLE,INFEASIBLE,INFEASIBLE,INFEASIBLE,INFEASIBLE,INFEASIBLE,INFEASIBLE,INFEASIBLE,INFEASIBLE,INFEASIBLE,INFEASIBLE,,INFEASIBLE,INFEASIBLE,INFEASIBLE,INFEASIBLE,INFEASIBLE,INFEASIBLE,INFEASIBLE,INFEASIBLE,INFEASIBLE,INFEASIBLE,INFEASIBLE,INFEASIBLE,INFEASIBLE,INFEASIBLE,INFEASIBLE,INFEASIBLE,INFEASIBLE,INFEASIBLE,INFEASIBLE,INFEASIBLE,INFEASIBLE,INFEASIBLE,INFEASIBLE,INFEASIBLE,INFEASIBLE,no_trials_in_band
corr_mix,full,res_energy,INFEASIBLE,1.0,budget_only,count,INFEASIBLE,INFEASIBLE,INFEASIBLE,INFEASIBLE,INFEASIBLE,INFEASIBLE,INFEASIBLE,INFEASIBLE,INFEASIBLE,INFEASIBLE,INFEASIBLE,INFEASIBLE,INFEASIBLE,INFEASIBLE,INFEASIBLE,INFEASIBLE,INFEASIBLE,INFEASIBLE,INFEASIBLE,INFEASIBLE,INFEASIBLE,INFEASIBLE,INFEASIBLE,,INFEASIBLE,INFEASIBLE,INFEASIBLE,INFEASIBLE,INFEASIBLE,INFEASIBLE,INFEASIBLE,INFEASIBLE,INFEASIBLE,INFEASIBLE,INFEASIBLE,INFEASIBLE,INFEASIBLE,INFEASIBLE,INFEASIBLE,INFEASIBLE,INFEASIBLE,INFEASIBLE,INFEASIBLE,INFEASIBLE,INFEASIBLE,INFEASIBLE,INFEASIBLE,INFEASIBLE,INFEASIBLE,no_trials_in_band
corr_mix,full,stale,1.0,0.0,budget_only,count,0.1,0.15,0.1,30,30,0,30,1.0,0.0,1.0,1.094089834515366,0.4839243498817967,5.933333333333334,0.4,0.4,0.0,0.9666666666666667,0.6,0.9666666666666667,0.6,0.5666666666666667,0.0,0.0,4.0,26.0,26.0,26.0,26.0,26.0,26.0,0.0,23.200000000000003,26.0,26.0,17.0,17.0,25.164066193853426,1.094089834515366,0.4839243498817967,1.0000000000000002e-06,0.07697804566131967,1.094089834515366,0.4839243498817967,0.0,0.0,0.0,0.0,0.0,OK,
corr_mix,full,stale,1.0,0.25,budget_only,count,0.1,0.15,0.1,30,30,0,30,1.0,0.0,1.0,1.094089834515366,0.4839243498817967,5.933333333333334,0.4,0.4,0.0,0.9666666666666667,0.6,0.9666666666666667,0.6,0.5666666666666667,0.0,0.0,4.0,26.0,26.0,26.0,26.0,26.0,26.0,0.0,23.200000000000003,26.0,26.0,17.0,17.0,25.164066193853426,1.094089834515366,0.4839243498817967,1.0000000000000002e-06,0.07697804566131967,1.094089834515366,0.4839243498817967,0.0,0.0,0.0,0.0,0.0,OK,
corr_mix,full,stale,1.0,0.5,budget_only,count,0.1,0.15,0.1,30,30,0,30,1.0,0.0,1.0,1.094089834515366,0.4839243498817967,5.933333333333334,0.4,0.4,0.0,0.9666666666666667,0.6,0.9666666666666667,0.6,0.5666666666666667,0.0,0.0,4.0,26.0,26.0,26.0,26.0,26.0,26.0,0.0,23.200000000000003,26.0,26.0,17.0,17.0,25.164066193853426,1.094089834515366,0.4839243498817967,1.0000000000000002e-06,0.07697804566131967,1.094089834515366,0.4839243498817967,0.0,0.0,0.0,0.0,0.0,OK,
corr_mix,full,stale,1.0,0.75,budget_only,count,0.1,0.15,0.1,30,30,0,30,1.0,0.0,1.0,1.094089834515366,0.4839243498817967,5.933333333333334,0.4,0.4,0.0,0.9666666666666667,0.6,0.9666666666666667,0.6,0.5666666666666667,0.0,0.0,4.0,26.0,26.0,26.0,26.0,26.0,26.0,0.0,23.200000000000003,26.0,26.0,17.0,17.0,25.164066193853426,1.094089834515366,0.4839243498817967,1.0000000000000002e-06,0.07697804566131967,1.094089834515366,0.4839243498817967,0.0,0.0,0.0,0.0,0.0,OK,
corr_mix,full,stale,1.0,1.0,budget_only,count,0.1,0.15,0.1,30,30,0,30,1.0,0.0,1.0,1.094089834515366,0.4839243498817967,5.933333333333334,0.4,0.4,0.0,0.9666666666666667,0.6,0.9666666666666667,0.6,0.5666666666666667,0.0,0.0,4.0,26.0,26.0,26.0,26.0,26.0,26.0,0.0,23.200000000000003,26.0,26.0,17.0,17.0,25.164066193853426,1.094089834515366,0.4839243498817967,1.0000000000000002e-06,0.07697804566131967,1.094089834515366,0.4839243498817967,0.0,0.0,0.0,0.0,0.0,OK,
corr_mix,full,stale,INFEASIBLE,0.0,budget_only,count,INFEASIBLE,INFEASIBLE,INFEASIBLE,INFEASIBLE,INFEASIBLE,INFEASIBLE,INFEASIBLE,INFEASIBLE,INFEASIBLE,INFEASIBLE,INFEASIBLE,INFEASIBLE,INFEASIBLE,INFEASIBLE,INFEASIBLE,INFEASIBLE,INFEASIBLE,INFEASIBLE,INFEASIBLE,INFEASIBLE,INFEASIBLE,INFEASIBLE,INFEASIBLE,,INFEASIBLE,INFEASIBLE,INFEASIBLE,INFEASIBLE,INFEASIBLE,INFEASIBLE,INFEASIBLE,INFEASIBLE,INFEASIBLE,INFEASIBLE,INFEASIBLE,INFEASIBLE,INFEASIBLE,INFEASIBLE,INFEASIBLE,INFEASIBLE,INFEASIBLE,INFEASIBLE,INFEASIBLE,INFEASIBLE,INFEASIBLE,INFEASIBLE,INFEASIBLE,INFEASIBLE,INFEASIBLE,no_trials_in_band
corr_mix,full,stale,INFEASIBLE,0.25,budget_only,count,INFEASIBLE,INFEASIBLE,INFEASIBLE,INFEASIBLE,INFEASIBLE,INFEASIBLE,INFEASIBLE,INFEASIBLE,INFEASIBLE,INFEASIBLE,INFEASIBLE,INFEASIBLE,INFEASIBLE,INFEASIBLE,INFEASIBLE,INFEASIBLE,INFEASIBLE,INFEASIBLE,INFEASIBLE,INFEASIBLE,INFEASIBLE,INFEASIBLE,INFEASIBLE,,INFEASIBLE,INFEASIBLE,INFEASIBLE,INFEASIBLE,INFEASIBLE,INFEASIBLE,INFEASIBLE,INFEASIBLE,INFEASIBLE,INFEASIBLE,INFEASIBLE,INFEASIBLE,INFEASIBLE,INFEASIBLE,INFEASIBLE,INFEASIBLE,INFEASIBLE,INFEASIBLE,INFEASIBLE,INFEASIBLE,INFEASIBLE,INFEASIBLE,INFEASIBLE,INFEASIBLE,INFEASIBLE,no_trials_in_band
corr_mix,full,stale,INFEASIBLE,0.5,budget_only,count,INFEASIBLE,INFEASIBLE,INFEASIBLE,INFEASIBLE,INFEASIBLE,INFEASIBLE,INFEASIBLE,INFEASIBLE,INFEASIBLE,INFEASIBLE,INFEASIBLE,INFEASIBLE,INFEASIBLE,INFEASIBLE,INFEASIBLE,INFEASIBLE,INFEASIBLE,INFEASIBLE,INFEASIBLE,INFEASIBLE,INFEASIBLE,INFEASIBLE,INFEASIBLE,,INFEASIBLE,INFEASIBLE,INFEASIBLE,INFEASIBLE,INFEASIBLE,INFEASIBLE,INFEASIBLE,INFEASIBLE,INFEASIBLE,INFEASIBLE,INFEASIBLE,INFEASIBLE,INFEASIBLE,INFEASIBLE,INFEASIBLE,INFEASIBLE,INFEASIBLE,INFEASIBLE,INFEASIBLE,INFEASIBLE,INFEASIBLE,INFEASIBLE,INFEASIBLE,INFEASIBLE,INFEASIBLE,no_trials_in_band
corr_mix,full,stale,INFEASIBLE,0.75,budget_only,count,INFEASIBLE,INFEASIBLE,INFEASIBLE,INFEASIBLE,INFEASIBLE,INFEASIBLE,INFEASIBLE,INFEASIBLE,INFEASIBLE,INFEASIBLE,INFEASIBLE,INFEASIBLE,INFEASIBLE,INFEASIBLE,INFEASIBLE,INFEASIBLE,INFEASIBLE,INFEASIBLE,INFEASIBLE,INFEASIBLE,INFEASIBLE,INFEASIBLE,INFEASIBLE,,INFEASIBLE,INFEASIBLE,INFEASIBLE,INFEASIBLE,INFEASIBLE,INFEASIBLE,INFEASIBLE,INFEASIBLE,INFEASIBLE,INFEASIBLE,INFEASIBLE,INFEASIBLE,INFEASIBLE,INFEASIBLE,INFEASIBLE,INFEASIBLE,INFEASIBLE,INFEASIBLE,INFEASIBLE,INFEASIBLE,INFEASIBLE,INFEASIBLE,INFEASIBLE,INFEASIBLE,INFEASIBLE,no_trials_in_band
corr_mix,full,stale,INFEASIBLE,1.0,budget_only,count,INFEASIBLE,INFEASIBLE,INFEASIBLE,INFEASIBLE,INFEASIBLE,INFEASIBLE,INFEASIBLE,INFEASIBLE,INFEASIBLE,INFEASIBLE,INFEASIBLE,INFEASIBLE,INFEASIBLE,INFEASIBLE,INFEASIBLE,INFEASIBLE,INFEASIBLE,INFEASIBLE,INFEASIBLE,INFEASIBLE,INFEASIBLE,INFEASIBLE,INFEASIBLE,,INFEASIBLE,INFEASIBLE,INFEASIBLE,INFEASIBLE,INFEASIBLE,INFEASIBLE,INFEASIBLE,INFEASIBLE,INFEASIBLE,INFEASIBLE,INFEASIBLE,INFEASIBLE,INFEASIBLE,INFEASIBLE,INFEASIBLE,INFEASIBLE,INFEASIBLE,INFEASIBLE,INFEASIBLE,INFEASIBLE,INFEASIBLE,INFEASIBLE,INFEASIBLE,INFEASIBLE,INFEASIBLE,no_trials_in_band
corr_mix,score_only,T2,1.0,0.0,budget_only,count,0.1,0.15,0.1,30,22,22,22,0.7333333333333333,0.7333333333333333,0.7333333333333333,0.7375886524822696,0.01418439716312057,4.0,0.0,0.0,0.0,0.0,0.0,0.0,0.0,0.0,0.0,0.0,4.0,26.0,26.0,26.0,26.0,26.0,26.0,26.0,26.0,26.0,26.0,NA,NA,0.7375886524822696,0.7375886524822696,0.01418439716312057,0.004920851967110119,-0.07507633051027668,0.7375886524822696,0.01418439716312057,0.0,0.0,0.0,0.0,0.0,OK,
corr_mix,score_only,T2,1.0,0.25,budget_only,count,0.1,0.15,0.1,30,22,22,22,0.7333333333333333,0.7333333333333333,0.7333333333333333,0.7375886524822696,0.01418439716312057,4.0,0.7727272727272727,0.0,0.7727272727272727,0.7727272727272727,0.7272727272727273,0.7727272727272727,0.7272727272727273,0.0,0.7272727272727273,0.7272727272727273,4.0,0.0,26.0,0.0,26.0,26.0,26.0,0.0,26.0,0.0,26.0,0.0,NA,0.5867182462927142,0.5867182462927142,0.01128304319793681,0.004920851967110119,243998638.8715481,0.7375886524822696,0.01418439716312057,0.05594405594405596,0.045454545454545456,0.05594405594405596,0.05594405594405596,-0.045454545454545456,OK,
corr_mix,score_only,T2,1.0,0.5,budget_only,count,0.1,0.15,0.1,30,22,22,22,0.7333333333333333,0.7333333333333333,0.7333333333333333,0.7375886524822696,0.01418439716312057,4.0,0.7727272727272727,0.0,0.7727272727272727,0.7727272727272727,0.7272727272727273,0.7727272727272727,0.7272727272727273,0.0,0.7272727272727273,0.7272727272727273,4.0,0.0,26.0,0.0,26.0,26.0,26.0,0.0,26.0,0.0,26.0,0.0,NA,0.5867182462927142,0.5867182462927142,0.01128304319793681,0.004920851967110119,976000957.807104,0.7375886524822696,0.01418439716312057,0.05594405594405596,0.045454545454545456,0.05594405594405596,0.05594405594405596,-0.045454545454545456,OK,
corr_mix,score_only,T2,1.0,0.75,budget_only,count,0.1,0.15,0.1,30,22,22,22,0.7333333333333333,0.7333333333333333,0.7333333333333333,0.7375886524822696,0.01418439716312057,4.0,0.7727272727272727,0.0,0.7727272727272727,0.7727272727272727,0.7272727272727273,0.7727272727272727,0.7272727272727273,0.0,0.7272727272727273,0.7272727272727273,4.0,0.0,26.0,0.0,26.0,26.0,26.0,0.0,26.0,0.0,26.0,0.0,NA,0.5867182462927142,0.5867182462927142,0.01128304319793681,0.004920851967110119,2196006694.548981,0.7375886524822696,0.01418439716312057,0.05594405594405596,0.045454545454545456,0.05594405594405596,0.05594405594405596,-0.045454545454545456,OK,
corr_mix,score_only,T2,1.0,1.0,budget_only,count,0.1,0.15,0.1,30,22,22,22,0.7333333333333333,0.7333333333333333,0.7333333333333333,0.7375886524822696,0.01418439716312057,4.0,0.7727272727272727,0.0,0.7727272727272727,0.7727272727272727,0.7272727272727273,0.7727272727272727,0.7272727272727273,0.0,0.7272727272727273,0.7272727272727273,4.0,0.0,26.0,0.0,26.0,26.0,26.0,0.0,26.0,0.0,26.0,0.0,NA,0.5867182462927142,0.5867182462927142,0.01128304319793681,0.004920851967110119,3904015690.9284177,0.7375886524822696,0.01418439716312057,0.05769230769230771,0.045454545454545456,0.05769230769230771,0.05769230769230771,-0.045454545454545456,OK,
corr_mix,score_only,T2,INFEASIBLE,0.0,budget_only,count,INFEASIBLE,INFEASIBLE,INFEASIBLE,INFEASIBLE,INFEASIBLE,INFEASIBLE,INFEASIBLE,INFEASIBLE,INFEASIBLE,INFEASIBLE,INFEASIBLE,INFEASIBLE,INFEASIBLE,INFEASIBLE,INFEASIBLE,INFEASIBLE,INFEASIBLE,INFEASIBLE,INFEASIBLE,INFEASIBLE,INFEASIBLE,INFEASIBLE,INFEASIBLE,,INFEASIBLE,INFEASIBLE,INFEASIBLE,INFEASIBLE,INFEASIBLE,INFEASIBLE,INFEASIBLE,INFEASIBLE,INFEASIBLE,INFEASIBLE,INFEASIBLE,INFEASIBLE,INFEASIBLE,INFEASIBLE,INFEASIBLE,INFEASIBLE,INFEASIBLE,INFEASIBLE,INFEASIBLE,INFEASIBLE,INFEASIBLE,INFEASIBLE,INFEASIBLE,INFEASIBLE,INFEASIBLE,no_trials_in_band
corr_mix,score_only,T2,INFEASIBLE,0.25,budget_only,count,INFEASIBLE,INFEASIBLE,INFEASIBLE,INFEASIBLE,INFEASIBLE,INFEASIBLE,INFEASIBLE,INFEASIBLE,INFEASIBLE,INFEASIBLE,INFEASIBLE,INFEASIBLE,INFEASIBLE,INFEASIBLE,INFEASIBLE,INFEASIBLE,INFEASIBLE,INFEASIBLE,INFEASIBLE,INFEASIBLE,INFEASIBLE,INFEASIBLE,INFEASIBLE,,INFEASIBLE,INFEASIBLE,INFEASIBLE,INFEASIBLE,INFEASIBLE,INFEASIBLE,INFEASIBLE,INFEASIBLE,INFEASIBLE,INFEASIBLE,INFEASIBLE,INFEASIBLE,INFEASIBLE,INFEASIBLE,INFEASIBLE,INFEASIBLE,INFEASIBLE,INFEASIBLE,INFEASIBLE,INFEASIBLE,INFEASIBLE,INFEASIBLE,INFEASIBLE,INFEASIBLE,INFEASIBLE,no_trials_in_band
corr_mix,score_only,T2,INFEASIBLE,0.5,budget_only,count,INFEASIBLE,INFEASIBLE,INFEASIBLE,INFEASIBLE,INFEASIBLE,INFEASIBLE,INFEASIBLE,INFEASIBLE,INFEASIBLE,INFEASIBLE,INFEASIBLE,INFEASIBLE,INFEASIBLE,INFEASIBLE,INFEASIBLE,INFEASIBLE,INFEASIBLE,INFEASIBLE,INFEASIBLE,INFEASIBLE,INFEASIBLE,INFEASIBLE,INFEASIBLE,,INFEASIBLE,INFEASIBLE,INFEASIBLE,INFEASIBLE,INFEASIBLE,INFEASIBLE,INFEASIBLE,INFEASIBLE,INFEASIBLE,INFEASIBLE,INFEASIBLE,INFEASIBLE,INFEASIBLE,INFEASIBLE,INFEASIBLE,INFEASIBLE,INFEASIBLE,INFEASIBLE,INFEASIBLE,INFEASIBLE,INFEASIBLE,INFEASIBLE,INFEASIBLE,INFEASIBLE,INFEASIBLE,no_trials_in_band
corr_mix,score_only,T2,INFEASIBLE,0.75,budget_only,count,INFEASIBLE,INFEASIBLE,INFEASIBLE,INFEASIBLE,INFEASIBLE,INFEASIBLE,INFEASIBLE,INFEASIBLE,INFEASIBLE,INFEASIBLE,INFEASIBLE,INFEASIBLE,INFEASIBLE,INFEASIBLE,INFEASIBLE,INFEASIBLE,INFEASIBLE,INFEASIBLE,INFEASIBLE,INFEASIBLE,INFEASIBLE,INFEASIBLE,INFEASIBLE,,INFEASIBLE,INFEASIBLE,INFEASIBLE,INFEASIBLE,INFEASIBLE,INFEASIBLE,INFEASIBLE,INFEASIBLE,INFEASIBLE,INFEASIBLE,INFEASIBLE,INFEASIBLE,INFEASIBLE,INFEASIBLE,INFEASIBLE,INFEASIBLE,INFEASIBLE,INFEASIBLE,INFEASIBLE,INFEASIBLE,INFEASIBLE,INFEASIBLE,INFEASIBLE,INFEASIBLE,INFEASIBLE,no_trials_in_band
corr_mix,score_only,T2,INFEASIBLE,1.0,budget_only,count,INFEASIBLE,INFEASIBLE,INFEASIBLE,INFEASIBLE,INFEASIBLE,INFEASIBLE,INFEASIBLE,INFEASIBLE,INFEASIBLE,INFEASIBLE,INFEASIBLE,INFEASIBLE,INFEASIBLE,INFEASIBLE,INFEASIBLE,INFEASIBLE,INFEASIBLE,INFEASIBLE,INFEASIBLE,INFEASIBLE,INFEASIBLE,INFEASIBLE,INFEASIBLE,,INFEASIBLE,INFEASIBLE,INFEASIBLE,INFEASIBLE,INFEASIBLE,INFEASIBLE,INFEASIBLE,INFEASIBLE,INFEASIBLE,INFEASIBLE,INFEASIBLE,INFEASIBLE,INFEASIBLE,INFEASIBLE,INFEASIBLE,INFEASIBLE,INFEASIBLE,INFEASIBLE,INFEASIBLE,INFEASIBLE,INFEASIBLE,INFEASIBLE,INFEASIBLE,INFEASIBLE,INFEASIBLE,no_trials_in_band
corr_mix,score_only,coh_resid_energy,1.0,0.0,budget_only,count,0.1,0.15,0.1,30,22,22,22,0.7333333333333333,0.7333333333333333,0.7333333333333333,1.1063829787234039,0.021276595744680844,6.0,1.0,1.0,0.0,1.0,0.3181818181818182,1.0,0.3181818181818182,0.0,0.0,0.0,4.0,7.5,7.5,7.5,24.800000000000004,7.5,24.800000000000004,7.5,24.800000000000004,7.5,24.800000000000004,7.5,7.5,1.1063829787234039,1.1063829787234039,0.021276595744680844,0.01756510775974823,0.08091717827302003,1.1063829787234039,0.021276595744680844,0.0,0.0,0.0,0.0,0.0,OK,
corr_mix,score_only,coh_resid_energy,1.0,0.25,budget_only,count,0.1,0.15,0.1,30,22,22,22,0.7333333333333333,0.7333333333333333,0.7333333333333333,1.1063829787234039,0.021276595744680844,6.0,0.5454545454545454,1.0,-0.4545454545454546,0.5454545454545454,0.22727272727272727,0.5454545454545454,0.22727272727272727,0.0,0.0,0.0,4.0,24.5,7.5,24.5,26.0,7.5,24.800000000000004,24.5,26.0,24.5,26.0,5.0,7.5,1.131528046421663,1.131528046421663,0.021760154738878133,0.01756510775974823,-0.015389251369927536,1.1063829787234039,0.021276595744680844,0.020979020979020976,0.0,-0.01748251748251748,0.01748251748251748,0.0,OK,
corr_mix,score_only,coh_resid_energy,1.0,0.5,budget_only,count,0.1,0.15,0.1,30,22,22,22,0.7333333333333333,0.7333333333333333,0.7333333333333333,1.1063829787234039,0.021276595744680844,6.0,0.4090909090909091,1.0,-0.5909090909090908,0.4090909090909091,0.13636363636363635,0.4090909090909091,0.13636363636363635,0.0,0.0,0.0,4.0,26.0,7.5,26.0,26.0,7.5,24.800000000000004,26.0,26.0,26.0,26.0,5.0,7.5,1.131528046421663,1.131528046421663,0.021760154738878133,0.01756510775974823,-0.03217128616106551,1.1063829787234039,0.021276595744680844,0.02622377622377622,0.0,-0.02272727272727272,0.02272727272727272,0.0,OK,
corr_mix,score_only,coh_resid_energy,1.0,0.75,budget_only,count,0.1,0.15,0.1,30,22,22,22,0.7333333333333333,0.7333333333333333,0.7333333333333333,1.1063829787234039,0.021276595744680844,6.0,0.5454545454545454,1.0,-0.4545454545454546,0.5454545454545454,0.22727272727272727,0.5454545454545454,0.22727272727272727,0.0,0.0,0.0,4.0,24.5,7.5,24.5,26.0,7.5,24.800000000000004,24.5,26.0,24.5,26.0,5.0,7.5,1.131528046421663,1.131528046421663,0.021760154738878133,0.01756510775974823,0.05602347016541831,1.1063829787234039,0.021276595744680844,0.020979020979020976,0.0,-0.01748251748251748,0.01748251748251748,0.0,OK,
corr_mix,score_only,coh_resid_energy,1.0,1.0,budget_only,count,0.1,0.15,0.1,30,22,22,22,0.7333333333333333,0.7333333333333333,0.7333333333333333,1.1063829787234039,0.021276595744680844,6.0,0.6818181818181818,1.0,-0.31818181818181823,0.6818181818181818,0.2727272727272727,0.6818181818181818,0.2727272727272727,0.0,0.0,0.0,4.0,11.5,7.5,11.5,26.0,7.5,24.800000000000004,11.5,26.0,11.5,26.0,5.0,7.5,1.131528046421663,1.131528046421663,0.021760154738878133,0.01756510775974823,0.19450582901274113,1.1063829787234039,0.021276595744680844,0.015734265734265732,0.0,-0.01223776223776224,0.01223776223776224,0.0,OK,
corr_mix,score_only,coh_resid_energy,INFEASIBLE,0.0,budget_only,count,INFEASIBLE,INFEASIBLE,INFEASIBLE,INFEASIBLE,INFEASIBLE,INFEASIBLE,INFEASIBLE,INFEASIBLE,INFEASIBLE,INFEASIBLE,INFEASIBLE,INFEASIBLE,INFEASIBLE,INFEASIBLE,INFEASIBLE,INFEASIBLE,INFEASIBLE,INFEASIBLE,INFEASIBLE,INFEASIBLE,INFEASIBLE,INFEASIBLE,INFEASIBLE,,INFEASIBLE,INFEASIBLE,INFEASIBLE,INFEASIBLE,INFEASIBLE,INFEASIBLE,INFEASIBLE,INFEASIBLE,INFEASIBLE,INFEASIBLE,INFEASIBLE,INFEASIBLE,INFEASIBLE,INFEASIBLE,INFEASIBLE,INFEASIBLE,INFEASIBLE,INFEASIBLE,INFEASIBLE,INFEASIBLE,INFEASIBLE,INFEASIBLE,INFEASIBLE,INFEASIBLE,INFEASIBLE,no_trials_in_band
corr_mix,score_only,coh_resid_energy,INFEASIBLE,0.25,budget_only,count,INFEASIBLE,INFEASIBLE,INFEASIBLE,INFEASIBLE,INFEASIBLE,INFEASIBLE,INFEASIBLE,INFEASIBLE,INFEASIBLE,INFEASIBLE,INFEASIBLE,INFEASIBLE,INFEASIBLE,INFEASIBLE,INFEASIBLE,INFEASIBLE,INFEASIBLE,INFEASIBLE,INFEASIBLE,INFEASIBLE,INFEASIBLE,INFEASIBLE,INFEASIBLE,,INFEASIBLE,INFEASIBLE,INFEASIBLE,INFEASIBLE,INFEASIBLE,INFEASIBLE,INFEASIBLE,INFEASIBLE,INFEASIBLE,INFEASIBLE,INFEASIBLE,INFEASIBLE,INFEASIBLE,INFEASIBLE,INFEASIBLE,INFEASIBLE,INFEASIBLE,INFEASIBLE,INFEASIBLE,INFEASIBLE,INFEASIBLE,INFEASIBLE,INFEASIBLE,INFEASIBLE,INFEASIBLE,no_trials_in_band
corr_mix,score_only,coh_resid_energy,INFEASIBLE,0.5,budget_only,count,INFEASIBLE,INFEASIBLE,INFEASIBLE,INFEASIBLE,INFEASIBLE,INFEASIBLE,INFEASIBLE,INFEASIBLE,INFEASIBLE,INFEASIBLE,INFEASIBLE,INFEASIBLE,INFEASIBLE,INFEASIBLE,INFEASIBLE,INFEASIBLE,INFEASIBLE,INFEASIBLE,INFEASIBLE,INFEASIBLE,INFEASIBLE,INFEASIBLE,INFEASIBLE,,INFEASIBLE,INFEASIBLE,INFEASIBLE,INFEASIBLE,INFEASIBLE,INFEASIBLE,INFEASIBLE,INFEASIBLE,INFEASIBLE,INFEASIBLE,INFEASIBLE,INFEASIBLE,INFEASIBLE,INFEASIBLE,INFEASIBLE,INFEASIBLE,INFEASIBLE,INFEASIBLE,INFEASIBLE,INFEASIBLE,INFEASIBLE,INFEASIBLE,INFEASIBLE,INFEASIBLE,INFEASIBLE,no_trials_in_band
corr_mix,score_only,coh_resid_energy,INFEASIBLE,0.75,budget_only,count,INFEASIBLE,INFEASIBLE,INFEASIBLE,INFEASIBLE,INFEASIBLE,INFEASIBLE,INFEASIBLE,INFEASIBLE,INFEASIBLE,INFEASIBLE,INFEASIBLE,INFEASIBLE,INFEASIBLE,INFEASIBLE,INFEASIBLE,INFEASIBLE,INFEASIBLE,INFEASIBLE,INFEASIBLE,INFEASIBLE,INFEASIBLE,INFEASIBLE,INFEASIBLE,,INFEASIBLE,INFEASIBLE,INFEASIBLE,INFEASIBLE,INFEASIBLE,INFEASIBLE,INFEASIBLE,INFEASIBLE,INFEASIBLE,INFEASIBLE,INFEASIBLE,INFEASIBLE,INFEASIBLE,INFEASIBLE,INFEASIBLE,INFEASIBLE,INFEASIBLE,INFEASIBLE,INFEASIBLE,INFEASIBLE,INFEASIBLE,INFEASIBLE,INFEASIBLE,INFEASIBLE,INFEASIBLE,no_trials_in_band
corr_mix,score_only,coh_resid_energy,INFEASIBLE,1.0,budget_only,count,INFEASIBLE,INFEASIBLE,INFEASIBLE,INFEASIBLE,INFEASIBLE,INFEASIBLE,INFEASIBLE,INFEASIBLE,INFEASIBLE,INFEASIBLE,INFEASIBLE,INFEASIBLE,INFEASIBLE,INFEASIBLE,INFEASIBLE,INFEASIBLE,INFEASIBLE,INFEASIBLE,INFEASIBLE,INFEASIBLE,INFEASIBLE,INFEASIBLE,INFEASIBLE,,INFEASIBLE,INFEASIBLE,INFEASIBLE,INFEASIBLE,INFEASIBLE,INFEASIBLE,INFEASIBLE,INFEASIBLE,INFEASIBLE,INFEASIBLE,INFEASIBLE,INFEASIBLE,INFEASIBLE,INFEASIBLE,INFEASIBLE,INFEASIBLE,INFEASIBLE,INFEASIBLE,INFEASIBLE,INFEASIBLE,INFEASIBLE,INFEASIBLE,INFEASIBLE,INFEASIBLE,INFEASIBLE,no_trials_in_band
corr_mix,score_only,coh_resid_t2,1.0,0.0,budget_only,count,0.1,0.15,0.1,30,22,22,22,0.7333333333333333,0.7333333333333333,0.7333333333333333,0.7375886524822696,0.01418439716312057,4.0,0.0,0.0,0.0,0.0,0.0,0.0,0.0,0.0,0.0,0.0,4.0,26.0,26.0,26.0,26.0,26.0,26.0,26.0,26.0,26.0,26.0,NA,NA,0.7375886524822696,0.7375886524822696,0.01418439716312057,0.002423094073622638,-0.05067003616890868,0.7375886524822696,0.01418439716312057,0.0,0.0,0.0,0.0,0.0,OK,
corr_mix,score_only,coh_resid_t2,1.0,0.25,budget_only,count,0.1,0.15,0.1,30,22,22,22,0.7333333333333333,0.7333333333333333,0.7333333333333333,0.7375886524822696,0.01418439716312057,4.0,0.8636363636363636,0.0,0.8636363636363636,0.8636363636363636,0.7272727272727273,0.8636363636363636,0.7272727272727273,0.0,0.7272727272727273,0.7272727272727273,4.0,0.0,26.0,0.0,24.700000000000028,26.0,26.0,0.0,24.700000000000028,0.0,24.700000000000028,0.0,NA,0.5783365570599611,0.5783365570599611,0.011121856866537714,0.002423094073622638,22277.367685942765,0.7375886524822696,0.01418439716312057,0.059440559440559454,0.0303030303030303,0.059440559440559454,0.059440559440559454,-0.0303030303030303,OK,
corr_mix,score_only,coh_resid_t2,1.0,0.5,budget_only,count,0.1,0.15,0.1,30,22,22,22,0.7333333333333333,0.7333333333333333,0.7333333333333333,0.7375886524822696,0.01418439716312057,4.0,0.8636363636363636,0.0,0.8636363636363636,0.8636363636363636,0.7272727272727273,0.8636363636363636,0.7272727272727273,0.0,0.7272727272727273,0.7272727272727273,4.0,0.0,26.0,0.0,24.700000000000028,26.0,26.0,0.0,24.700000000000028,0.0,24.700000000000028,0.0,NA,0.5783365570599611,0.5783365570599611,0.011121856866537714,0.002423094073622638,89110.84956093965,0.7375886524822696,0.01418439716312057,0.0576923076923077,0.0303030303030303,0.0576923076923077,0.0576923076923077,-0.0303030303030303,OK,
corr_mix,score_only,coh_resid_t2,1.0,0.75,budget_only,count,0.1,0.15,0.1,30,22,22,22,0.7333333333333333,0.7333333333333333,0.7333333333333333,0.7375886524822696,0.01418439716312057,4.0,0.8636363636363636,0.0,0.8636363636363636,0.8636363636363636,0.7272727272727273,0.8636363636363636,0.7272727272727273,0.0,0.7272727272727273,0.7272727272727273,4.0,0.0,26.0,0.0,24.700000000000028,26.0,26.0,0.0,24.700000000000028,0.0,24.700000000000028,0.0,NA,0.5783365570599611,0.5783365570599611,0.011121856866537714,0.002423094073622638,200500.249066055,0.7375886524822696,0.01418439716312057,0.0576923076923077,0.0303030303030303,0.0576923076923077,0.0576923076923077,-0.0303030303030303,OK,
corr_mix,score_only,coh_resid_t2,1.0,1.0,budget_only,count,0.1,0.15,0.1,30,22,22,22,0.7333333333333333,0.7333333333333333,0.7333333333333333,0.7375886524822696,0.01418439716312057,4.0,0.9090909090909091,0.0,0.9090909090909091,0.9090909090909091,0.7272727272727273,0.9090909090909091,0.7272727272727273,0.0,0.7272727272727273,0.7272727272727273,4.0,0.0,26.0,0.0,22.00000000000002,26.0,26.0,0.0,22.00000000000002,0.0,22.00000000000002,0.0,NA,0.5783365570599611,0.5783365570599611,0.011121856866537714,0.002423094073622638,356445.5370300937,0.7375886524822696,0.01418439716312057,0.05944055944055944,0.0303030303030303,0.05944055944055944,0.05944055944055944,-0.0303030303030303,OK,
corr_mix,score_only,coh_resid_t2,2.0,0.0,budget_only,count,0.1,0.15,0.1,30,30,30,30,1.0,1.0,1.0,1.6964539007092199,0.048581560283687944,9.2,0.8333333333333334,0.8333333333333334,0.0,0.9,0.23333333333333334,0.9,0.23333333333333334,0.06666666666666667,0.23333333333333334,0.23333333333333334,4.0,14.5,14.5,14.5,26.0,14.5,26.0,12.0,25.1,14.5,26.0,11.0,11.0,2.526241134751773,1.6964539007092199,0.048581560283687944,0.21912518799484845,0.03309631306876047,1.6964539007092199,0.048581560283687944,0.0,0.0,0.0,0.0,0.0,OK,
corr_mix,score_only,coh_resid_t2,2.0,0.25,budget_only,count,0.1,0.15,0.1,30,30,30,30,1.0,1.0,1.0,1.6964539007092199,0.048581560283687944,9.2,0.8666666666666667,0.8333333333333334,0.033333333333333326,0.9333333333333333,0.3333333333333333,0.9333333333333333,0.3333333333333333,0.06666666666666667,0.3333333333333333,0.3333333333333333,4.0,10.0,14.5,10.0,26.0,14.5,26.0,6.5,24.1,10.0,26.0,6.5,11.0,2.397163120567376,1.4075650118203313,0.04609929078014184,0.21912518799484845,21832.09674479084,1.6964539007092199,0.048581560283687944,0.35384615384615375,0.07777777777777777,0.33846153846153837,0.3487179487179487,-0.07777777777777777,OK,
corr_mix,score_only,coh_resid_t2,2.0,0.5,budget_only,count,0.1,0.15,0.1,30,30,30,30,1.0,1.0,1.0,1.6964539007092199,0.048581560283687944,9.2,0.8666666666666667,0.8333333333333334,0.033333333333333326,0.9333333333333333,0.3333333333333333,0.9333333333333333,0.3333333333333333,0.06666666666666667,0.3333333333333333,0.3333333333333333,4.0,10.0,14.5,10.0,26.0,14.5,26.0,6.5,24.1,10.0,26.0,6.5,11.0,2.397163120567376,1.4075650118203313,0.04609929078014184,0.21912518799484845,87328.47623403723,1.6964539007092199,0.048581560283687944,0.3371794871794871,0.07777777777777777,0.3217948717948717,0.3320512820512819,-0.07777777777777777,OK,
corr_mix,score_only,coh_resid_t2,2.0,0.75,budget_only,count,0.1,0.15,0.1,30,30,30,30,1.0,1.0,1.0,1.6964539007092199,0.048581560283687944,9.2,0.8666666666666667,0.8333333333333334,0.033333333333333326,0.9333333333333333,0.3333333333333333,0.9333333333333333,0.3333333333333333,0.06666666666666667,0.3333333333333333,0.3333333333333333,4.0,10.0,14.5,10.0,26.0,14.5,26.0,6.5,24.1,10.0,26.0,6.5,11.0,2.397163120567376,1.4075650118203313,0.04609929078014184,0.21912518799484845,196489.25082117144,1.6964539007092199,0.048581560283687944,0.3358974358974358,0.07777777777777777,0.31794871794871793,0.32820512820512815,-0.07777777777777777,OK,
corr_mix,score_only,coh_resid_t2,2.0,1.0,budget_only,count,0.1,0.15,0.1,30,30,30,30,1.0,1.0,1.0,1.6964539007092199,0.048581560283687944,9.2,0.8666666666666667,0.8333333333333334,0.033333333333333326,0.9333333333333333,0.3333333333333333,0.9333333333333333,0.3333333333333333,0.06666666666666667,0.3333333333333333,0.3333333333333333,4.0,10.0,14.5,10.0,26.0,14.5,26.0,6.5,24.1,10.0,26.0,6.5,11.0,2.397163120567376,1.4075650118203313,0.04609929078014184,0.21912518799484845,349314.4009862311,1.6964539007092199,0.048581560283687944,0.3423076923076922,0.07777777777777777,0.32435897435897426,0.3346153846153845,-0.07777777777777777,OK,
corr_mix,score_only,cusum_coh_resid_t2,1.0,0.0,budget_only,count,0.1,0.15,0.1,30,17,17,17,0.5666666666666667,0.5666666666666667,0.5666666666666667,0.9762202753441803,0.020442219440967878,5.294117647058823,0.7647058823529411,0.7647058823529411,0.0,0.7647058823529411,0.058823529411764705,0.7647058823529411,0.058823529411764705,0.0,0.058823529411764705,0.058823529411764705,4.0,14.0,14.0,14.0,26.0,14.0,26.0,14.0,26.0,14.0,26.0,9.0,9.0,1.0629954109303297,0.9762202753441803,0.020442219440967878,NA,0.02040062000579963,0.9762202753441803,0.020442219440967878,0.0,0.0,0.0,0.0,0.0,OK,
corr_mix,score_only,cusum_coh_resid_t2,1.0,0.25,budget_only,count,0.1,0.15,0.1,30,17,17,17,0.5666666666666667,0.5666666666666667,0.5666666666666667,0.9762202753441803,0.020442219440967878,5.294117647058823,0.9411764705882353,0.7647058823529411,0.17647058823529416,0.9411764705882353,0.8823529411764706,0.9411764705882353,0.8823529411764706,0.0,0.47058823529411764,0.47058823529411764,4.0,0.0,14.0,0.0,7.0000000000000036,14.0,26.0,0.0,7.0000000000000036,0.0,7.0000000000000036,0.0,9.0,0.9979140592407176,0.9328327075511056,0.019190654985398417,NA,22556.756872314123,0.9762202753441803,0.020442219440967878,0.8710407239819005,0.0196078431372549,0.8710407239819005,0.8710407239819005,-0.0196078431372549,OK,
corr_mix,score_only,cusum_coh_resid_t2,1.0,0.5,budget_only,count,0.1,0.15,0.1,30,17,17,17,0.5666666666666667,0.5666666666666667,0.5666666666666667,0.9762202753441803,0.020442219440967878,5.294117647058823,0.9411764705882353,0.7647058823529411,0.17647058823529416,0.9411764705882353,0.8823529411764706,0.9411764705882353,0.8823529411764706,0.0,0.47058823529411764,0.47058823529411764,4.0,0.0,14.0,0.0,7.0000000000000036,14.0,26.0,0.0,7.0000000000000036,0.0,7.0000000000000036,0.0,9.0,0.9979140592407176,0.9328327075511056,0.019190654985398417,NA,90228.23207601129,0.9762202753441803,0.020442219440967878,0.8710407239819005,0.0196078431372549,0.8710407239819005,0.8710407239819005,-0.0196078431372549,OK,
corr_mix,score_only,cusum_coh_resid_t2,1.0,0.75,budget_only,count,0.1,0.15,0.1,30,17,17,17,0.5666666666666667,0.5666666666666667,0.5666666666666667,0.9762202753441803,0.020442219440967878,5.294117647058823,0.9411764705882353,0.7647058823529411,0.17647058823529416,0.9411764705882353,0.8823529411764706,0.9411764705882353,0.8823529411764706,0.0,0.47058823529411764,0.47058823529411764,4.0,0.0,14.0,0.0,7.0000000000000036,14.0,26.0,0.0,7.0000000000000036,0.0,7.0000000000000036,0.0,9.0,0.9979140592407176,0.9328327075511056,0.019190654985398417,NA,203014.2129106236,0.9762202753441803,0.020442219440967878,0.8710407239819005,0.0196078431372549,0.8710407239819005,0.8710407239819005,-0.0196078431372549,OK,
corr_mix,score_only,cusum_coh_resid_t2,1.0,1.0,budget_only,count,0.1,0.15,0.1,30,17,17,17,0.5666666666666667,0.5666666666666667,0.5666666666666667,0.9762202753441803,0.020442219440967878,5.294117647058823,0.9411764705882353,0.7647058823529411,0.17647058823529416,0.9411764705882353,0.8823529411764706,0.9411764705882353,0.8823529411764706,0.0,0.47058823529411764,0.47058823529411764,4.0,0.0,14.0,0.0,7.0000000000000036,14.0,26.0,0.0,7.0000000000000036,0.0,7.0000000000000036,0.0,9.0,0.9979140592407176,0.9328327075511056,0.019190654985398417,NA,360914.6817629387,0.9762202753441803,0.020442219440967878,0.8710407239819005,0.0196078431372549,0.8710407239819005,0.8710407239819005,-0.0196078431372549,OK,
corr_mix,score_only,cusum_coh_resid_t2,2.0,0.0,budget_only,count,0.1,0.15,0.1,30,19,19,19,0.6333333333333333,0.6333333333333333,0.6333333333333333,1.6692795819335575,0.0759611795446062,9.052631578947368,0.8947368421052632,0.8947368421052632,0.0,0.8947368421052632,0.3157894736842105,0.8947368421052632,0.3157894736842105,0.0,0.3157894736842105,0.3157894736842105,4.0,12.0,12.0,12.0,25.2,12.0,25.2,12.0,25.2,12.0,25.2,10.0,10.0,3.9499813363195213,1.6692795819335575,0.0759611795446062,NA,0.07277048028466677,1.6692795819335575,0.0759611795446062,0.0,0.0,0.0,0.0,0.0,OK,
corr_mix,score_only,cusum_coh_resid_t2,2.0,0.25,budget_only,count,0.1,0.15,0.1,30,19,19,19,0.6333333333333333,0.6333333333333333,0.6333333333333333,1.6692795819335575,0.0759611795446062,9.052631578947368,0.9473684210526315,0.8947368421052632,0.05263157894736836,0.9473684210526315,0.3157894736842105,0.9473684210526315,0.3157894736842105,0.0,0.3157894736842105,0.3157894736842105,4.0,7.0,12.0,7.0,20.999999999999996,12.0,25.2,7.0,20.999999999999996,7.0,20.999999999999996,6.5,10.0,3.5908921239268383,1.601343784994401,0.06905561776782382,NA,21465.142109083175,1.6692795819335575,0.0759611795446062,0.562753036437247,0.10526315789473684,0.562753036437247,0.562753036437247,0.07017543859649124,OK,
corr_mix,score_only,cusum_coh_resid_t2,2.0,0.5,budget_only,count,0.1,0.15,0.1,30,19,19,19,0.6333333333333333,0.6333333333333333,0.6333333333333333,1.6692795819335575,0.0759611795446062,9.052631578947368,0.9473684210526315,0.8947368421052632,0.05263157894736836,0.9473684210526315,0.3157894736842105,0.9473684210526315,0.3157894736842105,0.0,0.3157894736842105,0.3157894736842105,4.0,7.0,12.0,7.0,20.999999999999996,12.0,25.2,7.0,20.999999999999996,7.0,20.999999999999996,6.5,10.0,3.5908921239268383,1.601343784994401,0.06905561776782382,NA,85859.82328416209,1.6692795819335575,0.0759611795446062,0.562753036437247,0.10526315789473684,0.562753036437247,0.562753036437247,0.07017543859649124,OK,
corr_mix,score_only,cusum_coh_resid_t2,2.0,0.75,budget_only,count,0.1,0.15,0.1,30,19,19,19,0.6333333333333333,0.6333333333333333,0.6333333333333333,1.6692795819335575,0.0759611795446062,9.052631578947368,0.9473684210526315,0.8947368421052632,0.05263157894736836,0.9473684210526315,0.3157894736842105,0.9473684210526315,0.3157894736842105,0.0,0.3157894736842105,0.3157894736842105,4.0,7.0,12.0,7.0,20.999999999999996,12.0,25.2,7.0,20.999999999999996,7.0,20.999999999999996,6.5,10.0,3.5908921239268383,1.601343784994401,0.06905561776782382,NA,193184.31574834933,1.6692795819335575,0.0759611795446062,0.562753036437247,0.10526315789473684,0.562753036437247,0.562753036437247,0.07017543859649124,OK,
corr_mix,score_only,cusum_coh_resid_t2,2.0,1.0,budget_only,count,0.1,0.15,0.1,30,19,19,19,0.6333333333333333,0.6333333333333333,0.6333333333333333,1.6692795819335575,0.0759611795446062,9.052631578947368,0.9473684210526315,0.8947368421052632,0.05263157894736836,0.9473684210526315,0.3157894736842105,0.9473684210526315,0.3157894736842105,0.0,0.3157894736842105,0.3157894736842105,4.0,7.0,12.0,7.0,20.999999999999996,12.0,25.2,7.0,20.999999999999996,7.0,20.999999999999996,6.5,10.0,3.5908921239268383,1.601343784994401,0.06905561776782382,NA,343438.6252528597,1.6692795819335575,0.0759611795446062,0.562753036437247,0.10526315789473684,0.562753036437247,0.562753036437247,0.07017543859649124,OK,
corr_mix,score_only,cusum_factor_cov_lrt,1.0,0.0,budget_only,count,0.1,0.15,0.1,30,18,18,18,0.6,0.6,0.6,0.8707643814026792,0.017336485421591802,4.722222222222222,0.6666666666666666,0.6666666666666666,0.0,0.6666666666666666,0.3333333333333333,0.6666666666666666,0.3333333333333333,0.0,0.2777777777777778,0.2777777777777778,4.0,16.5,16.5,16.5,26.0,16.5,26.0,16.5,26.0,16.5,26.0,6.0,6.0,0.9014972419227738,0.8707643814026792,0.017336485421591802,NA,0.08424623586955904,0.8707643814026792,0.017336485421591802,0.0,0.0,0.0,0.0,0.0,OK,
corr_mix,score_only,cusum_factor_cov_lrt,1.0,0.25,budget_only,count,0.1,0.15,0.1,30,18,18,18,0.6,0.6,0.6,0.8707643814026792,0.017336485421591802,4.722222222222222,0.7222222222222222,0.6666666666666666,0.05555555555555558,0.7222222222222222,0.1111111111111111,0.7222222222222222,0.1111111111111111,0.0,0.05555555555555555,0.05555555555555555,4.0,17.5,16.5,17.5,26.0,16.5,26.0,17.5,26.0,17.5,26.0,16.0,6.0,0.8912529550827423,0.8605200945626477,0.01713947990543735,NA,0.036447325393766224,0.8707643814026792,0.017336485421591802,0.057692307692307696,0.0,0.010683760683760684,0.019230769230769232,0.0,OK,
corr_mix,score_only,cusum_factor_cov_lrt,1.0,0.5,budget_only,count,0.1,0.15,0.1,30,18,18,18,0.6,0.6,0.6,0.8707643814026792,0.017336485421591802,4.722222222222222,0.7777777777777778,0.6666666666666666,0.11111111111111116,0.7777777777777778,0.1111111111111111,0.7777777777777778,0.1111111111111111,0.0,0.05555555555555555,0.05555555555555555,4.0,16.5,16.5,16.5,26.0,16.5,26.0,16.5,26.0,16.5,26.0,13.5,6.0,0.8912529550827423,0.8605200945626477,0.01713947990543735,NA,0.11730162246628856,0.8707643814026792,0.017336485421591802,0.042735042735042736,0.0,0.012820512820512822,0.021367521367521364,0.0,OK,
corr_mix,score_only,cusum_factor_cov_lrt,1.0,0.75,budget_only,count,0.1,0.15,0.1,30,18,18,18,0.6,0.6,0.6,0.8707643814026792,0.017336485421591802,4.722222222222222,0.5555555555555556,0.6666666666666666,-0.11111111111111105,0.5555555555555556,0.05555555555555555,0.5555555555555556,0.05555555555555555,0.0,0.0,0.0,4.0,21.0,16.5,21.0,26.0,16.5,26.0,21.0,26.0,21.0,26.0,16.5,6.0,0.9014972419227737,0.8707643814026792,0.017336485421591802,NA,0.09321157150820703,0.8707643814026792,0.017336485421591802,0.05555555555555555,0.0,0.004273504273504274,0.02136752136752137,0.0,OK,
corr_mix,score_only,cusum_factor_cov_lrt,1.0,1.0,budget_only,count,0.1,0.15,0.1,30,18,18,18,0.6,0.6,0.6,0.8707643814026792,0.017336485421591802,4.722222222222222,0.6111111111111112,0.6666666666666666,-0.05555555555555547,0.6111111111111112,0.05555555555555555,0.6111111111111112,0.05555555555555555,0.0,0.0,0.0,4.0,21.0,16.5,21.0,26.0,16.5,26.0,21.0,26.0,21.0,26.0,14.0,6.0,0.9834515366430259,0.8707643814026792,0.018912529550827423,NA,0.20009820163410963,0.8707643814026792,0.017336485421591802,0.05769230769230768,0.018518518518518517,0.006410256410256411,0.01495726495726496,0.018518518518518517,OK,
corr_mix,score_only,cusum_factor_cov_lrt,2.0,0.0,budget_only,count,0.1,0.15,0.1,30,20,20,20,0.6666666666666666,0.6666666666666666,0.6666666666666666,1.6780141843971634,0.06063829787234043,9.1,0.75,0.75,0.0,0.8,0.2,0.8,0.2,0.05,0.2,0.2,4.0,17.0,17.0,17.0,26.0,17.0,26.0,15.0,26.0,17.0,26.0,11.0,11.0,3.153191489361702,1.6780141843971634,0.06063829787234043,NA,-0.03919793630972798,1.6780141843971634,0.06063829787234043,0.0,0.0,0.0,0.0,0.0,OK,
corr_mix,score_only,cusum_factor_cov_lrt,2.0,0.25,budget_only,count,0.1,0.15,0.1,30,20,20,20,0.6666666666666666,0.6666666666666666,0.6666666666666666,1.6780141843971634,0.06063829787234043,9.1,0.85,0.75,0.09999999999999998,0.9,0.25,0.9,0.25,0.05,0.25,0.25,4.0,12.5,17.0,12.5,26.0,17.0,26.0,11.5,23.300000000000004,12.5,26.0,11.0,11.0,3.3191489361702127,1.678014184397163,0.06382978723404256,NA,-0.029846909140414702,1.6780141843971634,0.06063829787234043,0.08076923076923079,0.016666666666666666,0.05384615384615384,0.0653846153846154,0.016666666666666666,OK,
corr_mix,score_only,cusum_factor_cov_lrt,2.0,0.5,budget_only,count,0.1,0.15,0.1,30,20,20,20,0.6666666666666666,0.6666666666666666,0.6666666666666666,1.6780141843971634,0.06063829787234043,9.1,0.85,0.75,0.09999999999999998,0.9,0.2,0.9,0.2,0.05,0.2,0.2,4.0,13.5,17.0,13.5,26.0,17.0,26.0,10.5,25.1,13.5,26.0,9.0,11.0,3.2085106382978723,1.678014184397163,0.06170212765957448,NA,0.08685727145047901,1.6780141843971634,0.06063829787234043,0.08076923076923077,0.05,0.02692307692307692,0.038461538461538464,0.05,OK,
corr_mix,score_only,cusum_factor_cov_lrt,2.0,0.75,budget_only,count,0.1,0.15,0.1,30,20,20,20,0.6666666666666666,0.6666666666666666,0.6666666666666666,1.6780141843971634,0.06063829787234043,9.1,0.85,0.75,0.09999999999999998,0.85,0.15,0.85,0.15,0.0,0.15,0.15,4.0,12.5,17.0,12.5,26.0,17.0,26.0,12.5,26.0,12.5,26.0,9.0,11.0,3.2085106382978723,1.6687943262411349,0.06170212765957447,NA,-0.013877273673762566,1.6780141843971634,0.06063829787234043,0.09807692307692306,0.0,0.051923076923076926,0.06346153846153846,0.0,OK,
corr_mix,score_only,cusum_factor_cov_lrt,2.0,1.0,budget_only,count,0.1,0.15,0.1,30,20,20,20,0.6666666666666666,0.6666666666666666,0.6666666666666666,1.6780141843971634,0.06063829787234043,9.1,0.85,0.75,0.09999999999999998,0.85,0.2,0.85,0.2,0.0,0.2,0.2,4.0,13.0,17.0,13.0,26.0,17.0,26.0,13.0,26.0,13.0,26.0,11.0,11.0,3.3283687943262414,1.6780141843971634,0.06400709219858157,NA,0.13171641165942066,1.6780141843971634,0.06063829787234043,0.0653846153846154,0.06666666666666667,0.026923076923076918,0.03461538461538462,0.06666666666666667,OK,
corr_mix,score_only,ewma_coh_resid_t2,1.0,0.0,budget_only,count,0.1,0.15,0.1,30,22,22,22,0.7333333333333333,0.7333333333333333,0.7333333333333333,0.7375886524822696,0.024822695035460987,4.0,0.0,0.0,0.0,0.0,0.0,0.0,0.0,0.0,0.0,0.0,4.0,26.0,26.0,26.0,26.0,26.0,26.0,26.0,26.0,26.0,26.0,NA,NA,1.2907801418439713,0.7375886524822696,0.024822695035460987,0.004920851967110119,-0.15654946271586204,0.7375886524822696,0.024822695035460987,0.0,0.0,0.0,0.0,0.0,OK,
corr_mix,score_only,ewma_coh_resid_t2,1.0,0.25,budget_only,count,0.1,0.15,0.1,30,22,22,22,0.7333333333333333,0.7333333333333333,0.7333333333333333,0.7375886524822696,0.024822695035460987,4.0,0.8181818181818182,0.0,0.8181818181818182,0.8636363636363636,0.8181818181818182,0.8636363636363636,0.8181818181818182,0.045454545454545456,0.8181818181818182,0.8181818181818182,4.0,0.0,26.0,0.0,26.0,26.0,26.0,0.0,24.000000000000043,0.0,26.0,0.0,NA,0.8549323017408124,0.49451966473243053,0.016441005802707936,0.004920851967110119,16101.206282753068,0.7375886524822696,0.024822695035460987,0.1398601398601399,0.0606060606060606,0.1398601398601399,0.1398601398601399,-0.0606060606060606,OK,
corr_mix,score_only,ewma_coh_resid_t2,1.0,0.5,budget_only,count,0.1,0.15,0.1,30,22,22,22,0.7333333333333333,0.7333333333333333,0.7333333333333333,0.7375886524822696,0.024822695035460987,4.0,0.8181818181818182,0.0,0.8181818181818182,0.8636363636363636,0.8181818181818182,0.8636363636363636,0.8181818181818182,0.045454545454545456,0.8181818181818182,0.8181818181818182,4.0,0.0,26.0,0.0,26.0,26.0,26.0,0.0,24.000000000000043,0.0,26.0,0.0,NA,0.8297872340425532,0.47775628626692446,0.015957446808510644,0.004920851967110119,58936.35993222269,0.7375886524822696,0.024822695035460987,0.1398601398601399,0.0606060606060606,0.1398601398601399,0.1398601398601399,-0.0606060606060606,OK,
corr_mix,score_only,ewma_coh_resid_t2,1.0,0.75,budget_only,count,0.1,0.15,0.1,30,22,22,22,0.7333333333333333,0.7333333333333333,0.7333333333333333,0.7375886524822696,0.024822695035460987,4.0,0.8181818181818182,0.0,0.8181818181818182,0.8636363636363636,0.8181818181818182,0.8636363636363636,0.8181818181818182,0.045454545454545456,0.8181818181818182,0.8181818181818182,4.0,0.0,26.0,0.0,26.0,26.0,26.0,0.0,24.000000000000043,0.0,26.0,0.0,NA,0.8130238555770471,0.46937459703417145,0.01563507414571245,0.004920851967110119,124819.28841415093,0.7375886524822696,0.024822695035460987,0.1398601398601399,0.0606060606060606,0.1398601398601399,0.1398601398601399,-0.0606060606060606,OK,
corr_mix,score_only,ewma_coh_resid_t2,1.0,1.0,budget_only,count,0.1,0.15,0.1,30,22,22,22,0.7333333333333333,0.7333333333333333,0.7333333333333333,0.7375886524822696,0.024822695035460987,4.0,0.8181818181818182,0.0,0.8181818181818182,0.8636363636363636,0.8181818181818182,0.8636363636363636,0.8181818181818182,0.045454545454545456,0.8181818181818182,0.8181818181818182,4.0,0.0,26.0,0.0,26.0,26.0,26.0,0.0,24.000000000000043,0.0,26.0,0.0,NA,0.8046421663442939,0.46937459703417145,0.015473887814313353,0.004920851967110119,211053.52405004067,0.7375886524822696,0.024822695035460987,0.1398601398601399,0.0606060606060606,0.1398601398601399,0.1398601398601399,-0.0606060606060606,OK,
corr_mix,score_only,ewma_coh_resid_t2,INFEASIBLE,0.0,budget_only,count,INFEASIBLE,INFEASIBLE,INFEASIBLE,INFEASIBLE,INFEASIBLE,INFEASIBLE,INFEASIBLE,INFEASIBLE,INFEASIBLE,INFEASIBLE,INFEASIBLE,INFEASIBLE,INFEASIBLE,INFEASIBLE,INFEASIBLE,INFEASIBLE,INFEASIBLE,INFEASIBLE,INFEASIBLE,INFEASIBLE,INFEASIBLE,INFEASIBLE,INFEASIBLE,,INFEASIBLE,INFEASIBLE,INFEASIBLE,INFEASIBLE,INFEASIBLE,INFEASIBLE,INFEASIBLE,INFEASIBLE,INFEASIBLE,INFEASIBLE,INFEASIBLE,INFEASIBLE,INFEASIBLE,INFEASIBLE,INFEASIBLE,INFEASIBLE,INFEASIBLE,INFEASIBLE,INFEASIBLE,INFEASIBLE,INFEASIBLE,INFEASIBLE,INFEASIBLE,INFEASIBLE,INFEASIBLE,no_trials_in_band
corr_mix,score_only,ewma_coh_resid_t2,INFEASIBLE,0.25,budget_only,count,INFEASIBLE,INFEASIBLE,INFEASIBLE,INFEASIBLE,INFEASIBLE,INFEASIBLE,INFEASIBLE,INFEASIBLE,INFEASIBLE,INFEASIBLE,INFEASIBLE,INFEASIBLE,INFEASIBLE,INFEASIBLE,INFEASIBLE,INFEASIBLE,INFEASIBLE,INFEASIBLE,INFEASIBLE,INFEASIBLE,INFEASIBLE,INFEASIBLE,INFEASIBLE,,INFEASIBLE,INFEASIBLE,INFEASIBLE,INFEASIBLE,INFEASIBLE,INFEASIBLE,INFEASIBLE,INFEASIBLE,INFEASIBLE,INFEASIBLE,INFEASIBLE,INFEASIBLE,INFEASIBLE,INFEASIBLE,INFEASIBLE,INFEASIBLE,INFEASIBLE,INFEASIBLE,INFEASIBLE,INFEASIBLE,INFEASIBLE,INFEASIBLE,INFEASIBLE,INFEASIBLE,INFEASIBLE,no_trials_in_band
corr_mix,score_only,ewma_coh_resid_t2,INFEASIBLE,0.5,budget_only,count,INFEASIBLE,INFEASIBLE,INFEASIBLE,INFEASIBLE,INFEASIBLE,INFEASIBLE,INFEASIBLE,INFEASIBLE,INFEASIBLE,INFEASIBLE,INFEASIBLE,INFEASIBLE,INFEASIBLE,INFEASIBLE,INFEASIBLE,INFEASIBLE,INFEASIBLE,INFEASIBLE,INFEASIBLE,INFEASIBLE,INFEASIBLE,INFEASIBLE,INFEASIBLE,,INFEASIBLE,INFEASIBLE,INFEASIBLE,INFEASIBLE,INFEASIBLE,INFEASIBLE,INFEASIBLE,INFEASIBLE,INFEASIBLE,INFEASIBLE,INFEASIBLE,INFEASIBLE,INFEASIBLE,INFEASIBLE,INFEASIBLE,INFEASIBLE,INFEASIBLE,INFEASIBLE,INFEASIBLE,INFEASIBLE,INFEASIBLE,INFEASIBLE,INFEASIBLE,INFEASIBLE,INFEASIBLE,no_trials_in_band
corr_mix,score_only,ewma_coh_resid_t2,INFEASIBLE,0.75,budget_only,count,INFEASIBLE,INFEASIBLE,INFEASIBLE,INFEASIBLE,INFEASIBLE,INFEASIBLE,INFEASIBLE,INFEASIBLE,INFEASIBLE,INFEASIBLE,INFEASIBLE,INFEASIBLE,INFEASIBLE,INFEASIBLE,INFEASIBLE,INFEASIBLE,INFEASIBLE,INFEASIBLE,INFEASIBLE,INFEASIBLE,INFEASIBLE,INFEASIBLE,INFEASIBLE,,INFEASIBLE,INFEASIBLE,INFEASIBLE,INFEASIBLE,INFEASIBLE,INFEASIBLE,INFEASIBLE,INFEASIBLE,INFEASIBLE,INFEASIBLE,INFEASIBLE,INFEASIBLE,INFEASIBLE,INFEASIBLE,INFEASIBLE,INFEASIBLE,INFEASIBLE,INFEASIBLE,INFEASIBLE,INFEASIBLE,INFEASIBLE,INFEASIBLE,INFEASIBLE,INFEASIBLE,INFEASIBLE,no_trials_in_band
corr_mix,score_only,ewma_coh_resid_t2,INFEASIBLE,1.0,budget_only,count,INFEASIBLE,INFEASIBLE,INFEASIBLE,INFEASIBLE,INFEASIBLE,INFEASIBLE,INFEASIBLE,INFEASIBLE,INFEASIBLE,INFEASIBLE,INFEASIBLE,INFEASIBLE,INFEASIBLE,INFEASIBLE,INFEASIBLE,INFEASIBLE,INFEASIBLE,INFEASIBLE,INFEASIBLE,INFEASIBLE,INFEASIBLE,INFEASIBLE,INFEASIBLE,,INFEASIBLE,INFEASIBLE,INFEASIBLE,INFEASIBLE,INFEASIBLE,INFEASIBLE,INFEASIBLE,INFEASIBLE,INFEASIBLE,INFEASIBLE,INFEASIBLE,INFEASIBLE,INFEASIBLE,INFEASIBLE,INFEASIBLE,INFEASIBLE,INFEASIBLE,INFEASIBLE,INFEASIBLE,INFEASIBLE,INFEASIBLE,INFEASIBLE,INFEASIBLE,INFEASIBLE,INFEASIBLE,no_trials_in_band
corr_mix,score_only,ewma_factor_cov_lrt,1.0,0.0,budget_only,count,0.1,0.15,0.1,30,30,30,30,1.0,1.0,1.0,1.0264775413711584,0.0355791962174941,5.566666666666666,0.43333333333333335,0.43333333333333335,0.0,0.43333333333333335,0.1,0.43333333333333335,0.1,0.0,0.1,0.1,4.0,26.0,26.0,26.0,26.0,26.0,26.0,26.0,26.0,26.0,26.0,10.0,10.0,1.8501182033096926,1.0264775413711584,0.0355791962174941,0.17105694144590058,0.18146645499813369,1.0264775413711584,0.0355791962174941,0.0,0.0,0.0,0.0,0.0,OK,
corr_mix,score_only,ewma_factor_cov_lrt,1.0,0.25,budget_only,count,0.1,0.15,0.1,30,30,30,30,1.0,1.0,1.0,1.0264775413711584,0.0355791962174941,5.566666666666666,0.3,0.43333333333333335,-0.13333333333333336,0.3333333333333333,0.1,0.3333333333333333,0.1,0.03333333333333333,0.06666666666666667,0.06666666666666667,4.0,26.0,26.0,26.0,26.0,26.0,26.0,26.0,26.0,26.0,26.0,11.0,10.0,1.9300236406619387,1.0695035460992908,0.037115839243498816,0.17105694144590058,0.018372439203082434,1.0264775413711584,0.0355791962174941,0.04615384615384615,0.05555555555555555,-0.005128205128205128,0.020512820512820513,0.01111111111111111,OK,
corr_mix,score_only,ewma_factor_cov_lrt,1.0,0.5,budget_only,count,0.1,0.15,0.1,30,30,30,30,1.0,1.0,1.0,1.0264775413711584,0.0355791962174941,5.566666666666666,0.5666666666666667,0.43333333333333335,0.1333333333333333,0.5666666666666667,0.06666666666666667,0.5666666666666667,0.06666666666666667,0.0,0.06666666666666667,0.06666666666666667,4.0,22.0,26.0,22.0,26.0,26.0,26.0,22.0,26.0,22.0,26.0,13.0,10.0,1.9730496453900708,1.0264775413711582,0.037943262411347524,0.17105694144590058,0.07710696689128492,1.0264775413711584,0.0355791962174941,0.09102564102564102,0.06666666666666667,0.024358974358974366,0.03974358974358974,0.02222222222222222,OK,
corr_mix,score_only,ewma_factor_cov_lrt,1.0,0.75,budget_only,count,0.1,0.15,0.1,30,30,30,30,1.0,1.0,1.0,1.0264775413711584,0.0355791962174941,5.566666666666666,0.43333333333333335,0.43333333333333335,0.0,0.4666666666666667,0.06666666666666667,0.4666666666666667,0.06666666666666667,0.03333333333333333,0.03333333333333333,0.03333333333333333,4.0,26.0,26.0,26.0,26.0,26.0,26.0,26.0,26.0,26.0,26.0,14.0,10.0,2.003782505910165,1.057210401891253,0.038534278959810875,0.17105694144590058,-0.0282080789354992,1.0264775413711584,0.0355791962174941,0.08076923076923077,0.03333333333333333,0.016666666666666666,0.04743589743589745,-0.03333333333333333,OK,
corr_mix,score_only,ewma_factor_cov_lrt,1.0,1.0,budget_only,count,0.1,0.15,0.1,30,30,30,30,1.0,1.0,1.0,1.0264775413711584,0.0355791962174941,5.566666666666666,0.5666666666666667,0.43333333333333335,0.1333333333333333,0.6,0.06666666666666667,0.6,0.06666666666666667,0.03333333333333333,0.03333333333333333,0.03333333333333333,4.0,24.0,26.0,24.0,26.0,26.0,26.0,22.5,26.0,24.0,26.0,14.0,10.0,2.0713947990543735,1.044917257683215,0.039834515366430255,0.17105694144590058,0.09500379181080283,1.0264775413711584,0.0355791962174941,0.05384615384615385,0.03333333333333333,0.0025641025641025632,0.03076923076923077,-0.01111111111111111,OK,
corr_mix,score_only,ewma_factor_cov_lrt,2.0,0.0,budget_only,count,0.1,0.15,0.1,30,10,10,10,0.3333333333333333,0.3333333333333333,0.3333333333333333,1.6595744680851063,0.1102836879432624,9.0,0.1,0.1,0.0,0.4,0.3,0.4,0.3,0.3,0.3,0.3,4.0,26.0,26.0,26.0,26.0,26.0,26.0,26.0,26.0,26.0,26.0,24.0,24.0,5.734751773049645,1.6595744680851063,0.1102836879432624,0.9800000000000001,0.08535227769716833,1.6595744680851063,0.1102836879432624,0.0,0.0,0.0,0.0,0.0,OK,
corr_mix,score_only,ewma_factor_cov_lrt,2.0,0.25,budget_only,count,0.1,0.15,0.1,30,10,10,10,0.3333333333333333,0.3333333333333333,0.3333333333333333,1.6595744680851063,0.1102836879432624,9.0,0.1,0.1,0.0,0.3,0.2,0.3,0.2,0.2,0.2,0.2,4.0,26.0,26.0,26.0,26.0,26.0,26.0,26.0,26.0,26.0,26.0,25.0,24.0,5.605673758865248,1.5858156028368795,0.10780141843971631,0.9800000000000001,-0.08000290227159694,1.6595744680851063,0.1102836879432624,0.015384615384615385,0.2333333333333333,-0.015384615384615385,0.015384615384615385,-0.1,OK,
corr_mix,score_only,ewma_factor_cov_lrt,2.0,0.5,budget_only,count,0.1,0.15,0.1,30,10,10,10,0.3333333333333333,0.3333333333333333,0.3333333333333333,1.6595744680851063,0.1102836879432624,9.0,0.0,0.1,-0.1,0.3,0.3,0.3,0.3,0.3,0.3,0.3,4.0,26.0,26.0,26.0,26.0,26.0,26.0,26.0,26.0,26.0,26.0,NA,24.0,5.882269503546099,1.6042553191489362,0.11312056737588654,0.9800000000000001,-0.04555846406911852,1.6595744680851063,0.1102836879432624,0.038461538461538464,0.1,0.015384615384615382,0.038461538461538464,0.03333333333333334,OK,
corr_mix,score_only,ewma_factor_cov_lrt,2.0,0.75,budget_only,count,0.1,0.15,0.1,30,10,10,10,0.3333333333333333,0.3333333333333333,0.3333333333333333,1.6595744680851063,0.1102836879432624,9.0,0.1,0.1,0.0,0.3,0.2,0.3,0.2,0.2,0.2,0.2,4.0,26.0,26.0,26.0,26.0,26.0,26.0,26.0,26.0,26.0,26.0,24.0,24.0,5.771631205673759,1.5858156028368795,0.11099290780141846,0.9800000000000001,-0.1288756699760265,1.6595744680851063,0.1102836879432624,0.011538461538461539,0.13333333333333333,-0.011538461538461539,0.011538461538461539,-0.06666666666666667,OK,
corr_mix,score_only,ewma_factor_cov_lrt,2.0,1.0,budget_only,count,0.1,0.15,0.1,30,10,10,10,0.3333333333333333,0.3333333333333333,0.3333333333333333,1.6595744680851063,0.1102836879432624,9.0,0.3,0.1,0.19999999999999998,0.6,0.3,0.6,0.3,0.3,0.3,0.3,4.0,26.0,26.0,26.0,26.0,26.0,26.0,24.0,26.0,26.0,26.0,24.0,24.0,5.384397163120568,1.6042553191489362,0.10354609929078014,0.9800000000000001,0.015992032903510985,1.6595744680851063,0.1102836879432624,0.015384615384615385,0.16666666666666666,0.007692307692307693,0.015384615384615385,-0.03333333333333334,OK,
corr_mix,score_only,factor_cov_change,1.0,0.0,budget_only,count,0.1,0.15,0.1,30,30,30,30,1.0,1.0,1.0,1.0018912529550825,0.1062647754137116,5.433333333333334,0.6333333333333333,0.6333333333333333,0.0,0.6666666666666666,0.16666666666666666,0.6666666666666666,0.16666666666666666,0.03333333333333333,0.13333333333333333,0.13333333333333333,4.0,19.0,19.0,19.0,26.0,19.0,26.0,15.5,26.0,19.0,26.0,9.0,9.0,5.525768321513003,1.0018912529550825,0.1062647754137116,0.021649033754470793,-0.054176751249704135,1.0018912529550825,0.1062647754137116,0.0,0.0,0.0,0.0,0.0,OK,
corr_mix,score_only,factor_cov_change,1.0,0.25,budget_only,count,0.1,0.15,0.1,30,30,30,30,1.0,1.0,1.0,1.0018912529550825,0.1062647754137116,5.433333333333334,0.43333333333333335,0.6333333333333333,-0.19999999999999996,0.4666666666666667,0.1,0.4666666666666667,0.1,0.03333333333333333,0.06666666666666667,0.06666666666666667,4.0,26.0,19.0,26.0,26.0,19.0,26.0,26.0,26.0,26.0,26.0,16.0,9.0,5.193853427895982,1.0141843971631204,0.09988179669030735,0.021649033754470793,-0.15729398778519893,1.0018912529550825,0.1062647754137116,0.07051282051282051,0.07777777777777777,-0.019230769230769232,0.055128205128205134,0.05555555555555555,OK,
corr_mix,score_only,factor_cov_change,1.0,0.5,budget_only,count,0.1,0.15,0.1,30,30,30,30,1.0,1.0,1.0,1.0018912529550825,0.1062647754137116,5.433333333333334,0.4666666666666667,0.6333333333333333,-0.16666666666666663,0.5,0.1,0.5,0.1,0.03333333333333333,0.06666666666666667,0.06666666666666667,4.0,26.0,19.0,26.0,26.0,19.0,26.0,25.0,26.0,26.0,26.0,13.0,9.0,5.513475177304965,0.983451536643026,0.10602836879432626,0.021649033754470793,-0.21145170852215978,1.0018912529550825,0.1062647754137116,0.05384615384615385,0.01111111111111111,-0.0358974358974359,0.03846153846153847,-0.01111111111111111,OK,
corr_mix,score_only,factor_cov_change,1.0,0.75,budget_only,count,0.1,0.15,0.1,30,30,30,30,1.0,1.0,1.0,1.0018912529550825,0.1062647754137116,5.433333333333334,0.26666666666666666,0.6333333333333333,-0.36666666666666664,0.3,0.03333333333333333,0.3,0.03333333333333333,0.03333333333333333,0.0,0.0,4.0,26.0,19.0,26.0,26.0,19.0,26.0,26.0,26.0,26.0,26.0,15.0,9.0,5.519621749408984,1.0018912529550825,0.10614657210401893,0.021649033754470793,-0.24510712456394704,1.0018912529550825,0.1062647754137116,0.06410256410256411,0.01111111111111111,-0.041025641025641026,0.043589743589743594,-0.01111111111111111,OK,
corr_mix,score_only,factor_cov_change,1.0,1.0,budget_only,count,0.1,0.15,0.1,30,30,30,30,1.0,1.0,1.0,1.0018912529550825,0.1062647754137116,5.433333333333334,0.23333333333333334,0.6333333333333333,-0.39999999999999997,0.26666666666666666,0.03333333333333333,0.26666666666666666,0.03333333333333333,0.03333333333333333,0.0,0.0,4.0,26.0,19.0,26.0,26.0,19.0,26.0,26.0,26.0,26.0,26.0,20.0,9.0,5.218439716312057,1.0264775413711582,0.10035460992907803,0.021649033754470793,-0.274421044877134,1.0018912529550825,0.1062647754137116,0.08076923076923076,0.06666666666666667,-0.016666666666666666,0.0653846153846154,0.06666666666666667,OK,
corr_mix,score_only,factor_cov_change,INFEASIBLE,0.0,budget_only,count,INFEASIBLE,INFEASIBLE,INFEASIBLE,INFEASIBLE,INFEASIBLE,INFEASIBLE,INFEASIBLE,INFEASIBLE,INFEASIBLE,INFEASIBLE,INFEASIBLE,INFEASIBLE,INFEASIBLE,INFEASIBLE,INFEASIBLE,INFEASIBLE,INFEASIBLE,INFEASIBLE,INFEASIBLE,INFEASIBLE,INFEASIBLE,INFEASIBLE,INFEASIBLE,,INFEASIBLE,INFEASIBLE,INFEASIBLE,INFEASIBLE,INFEASIBLE,INFEASIBLE,INFEASIBLE,INFEASIBLE,INFEASIBLE,INFEASIBLE,INFEASIBLE,INFEASIBLE,INFEASIBLE,INFEASIBLE,INFEASIBLE,INFEASIBLE,INFEASIBLE,INFEASIBLE,INFEASIBLE,INFEASIBLE,INFEASIBLE,INFEASIBLE,INFEASIBLE,INFEASIBLE,INFEASIBLE,no_trials_in_band
corr_mix,score_only,factor_cov_change,INFEASIBLE,0.25,budget_only,count,INFEASIBLE,INFEASIBLE,INFEASIBLE,INFEASIBLE,INFEASIBLE,INFEASIBLE,INFEASIBLE,INFEASIBLE,INFEASIBLE,INFEASIBLE,INFEASIBLE,INFEASIBLE,INFEASIBLE,INFEASIBLE,INFEASIBLE,INFEASIBLE,INFEASIBLE,INFEASIBLE,INFEASIBLE,INFEASIBLE,INFEASIBLE,INFEASIBLE,INFEASIBLE,,INFEASIBLE,INFEASIBLE,INFEASIBLE,INFEASIBLE,INFEASIBLE,INFEASIBLE,INFEASIBLE,INFEASIBLE,INFEASIBLE,INFEASIBLE,INFEASIBLE,INFEASIBLE,INFEASIBLE,INFEASIBLE,INFEASIBLE,INFEASIBLE,INFEASIBLE,INFEASIBLE,INFEASIBLE,INFEASIBLE,INFEASIBLE,INFEASIBLE,INFEASIBLE,INFEASIBLE,INFEASIBLE,no_trials_in_band
corr_mix,score_only,factor_cov_change,INFEASIBLE,0.5,budget_only,count,INFEASIBLE,INFEASIBLE,INFEASIBLE,INFEASIBLE,INFEASIBLE,INFEASIBLE,INFEASIBLE,INFEASIBLE,INFEASIBLE,INFEASIBLE,INFEASIBLE,INFEASIBLE,INFEASIBLE,INFEASIBLE,INFEASIBLE,INFEASIBLE,INFEASIBLE,INFEASIBLE,INFEASIBLE,INFEASIBLE,INFEASIBLE,INFEASIBLE,INFEASIBLE,,INFEASIBLE,INFEASIBLE,INFEASIBLE,INFEASIBLE,INFEASIBLE,INFEASIBLE,INFEASIBLE,INFEASIBLE,INFEASIBLE,INFEASIBLE,INFEASIBLE,INFEASIBLE,INFEASIBLE,INFEASIBLE,INFEASIBLE,INFEASIBLE,INFEASIBLE,INFEASIBLE,INFEASIBLE,INFEASIBLE,INFEASIBLE,INFEASIBLE,INFEASIBLE,INFEASIBLE,INFEASIBLE,no_trials_in_band
corr_mix,score_only,factor_cov_change,INFEASIBLE,0.75,budget_only,count,INFEASIBLE,INFEASIBLE,INFEASIBLE,INFEASIBLE,INFEASIBLE,INFEASIBLE,INFEASIBLE,INFEASIBLE,INFEASIBLE,INFEASIBLE,INFEASIBLE,INFEASIBLE,INFEASIBLE,INFEASIBLE,INFEASIBLE,INFEASIBLE,INFEASIBLE,INFEASIBLE,INFEASIBLE,INFEASIBLE,INFEASIBLE,INFEASIBLE,INFEASIBLE,,INFEASIBLE,INFEASIBLE,INFEASIBLE,INFEASIBLE,INFEASIBLE,INFEASIBLE,INFEASIBLE,INFEASIBLE,INFEASIBLE,INFEASIBLE,INFEASIBLE,INFEASIBLE,INFEASIBLE,INFEASIBLE,INFEASIBLE,INFEASIBLE,INFEASIBLE,INFEASIBLE,INFEASIBLE,INFEASIBLE,INFEASIBLE,INFEASIBLE,INFEASIBLE,INFEASIBLE,INFEASIBLE,no_trials_in_band
corr_mix,score_only,factor_cov_change,INFEASIBLE,1.0,budget_only,count,INFEASIBLE,INFEASIBLE,INFEASIBLE,INFEASIBLE,INFEASIBLE,INFEASIBLE,INFEASIBLE,INFEASIBLE,INFEASIBLE,INFEASIBLE,INFEASIBLE,INFEASIBLE,INFEASIBLE,INFEASIBLE,INFEASIBLE,INFEASIBLE,INFEASIBLE,INFEASIBLE,INFEASIBLE,INFEASIBLE,INFEASIBLE,INFEASIBLE,INFEASIBLE,,INFEASIBLE,INFEASIBLE,INFEASIBLE,INFEASIBLE,INFEASIBLE,INFEASIBLE,INFEASIBLE,INFEASIBLE,INFEASIBLE,INFEASIBLE,INFEASIBLE,INFEASIBLE,INFEASIBLE,INFEASIBLE,INFEASIBLE,INFEASIBLE,INFEASIBLE,INFEASIBLE,INFEASIBLE,INFEASIBLE,INFEASIBLE,INFEASIBLE,INFEASIBLE,INFEASIBLE,INFEASIBLE,no_trials_in_band
corr_mix,score_only,factor_cov_delta,1.0,0.0,budget_only,count,0.1,0.15,0.1,30,30,30,30,1.0,1.0,1.0,0.9895981087470448,0.022340425531914895,5.366666666666666,0.6333333333333333,0.6333333333333333,0.0,0.6333333333333333,0.16666666666666666,0.6333333333333333,0.16666666666666666,0.0,0.16666666666666666,0.16666666666666666,4.0,18.0,18.0,18.0,26.0,18.0,26.0,18.0,26.0,18.0,26.0,11.0,11.0,1.1617021276595743,0.9895981087470448,0.022340425531914895,0.04121453227134665,0.00012479099052673155,0.9895981087470448,0.022340425531914895,0.0,0.0,0.0,0.0,0.0,OK,
corr_mix,score_only,factor_cov_delta,1.0,0.25,budget_only,count,0.1,0.15,0.1,30,30,30,30,1.0,1.0,1.0,0.9895981087470448,0.022340425531914895,5.366666666666666,0.6333333333333333,0.6333333333333333,0.0,0.6333333333333333,0.16666666666666666,0.6333333333333333,0.16666666666666666,0.0,0.16666666666666666,0.16666666666666666,4.0,18.0,18.0,18.0,26.0,18.0,26.0,18.0,26.0,18.0,26.0,11.0,11.0,1.1555555555555552,0.9895981087470448,0.022222222222222223,0.04121453227134665,-0.10339459619758469,0.9895981087470448,0.022340425531914895,0.002564102564102564,0.01111111111111111,-0.002564102564102564,0.002564102564102564,-0.01111111111111111,OK,
corr_mix,score_only,factor_cov_delta,1.0,0.5,budget_only,count,0.1,0.15,0.1,30,30,30,30,1.0,1.0,1.0,0.9895981087470448,0.022340425531914895,5.366666666666666,0.6,0.6333333333333333,-0.033333333333333326,0.6,0.16666666666666666,0.6,0.16666666666666666,0.0,0.16666666666666666,0.16666666666666666,4.0,24.0,18.0,24.0,26.0,18.0,26.0,24.0,26.0,24.0,26.0,11.5,11.0,1.1494089834515364,0.9895981087470448,0.022104018912529555,0.04121453227134665,-0.18494582893926154,0.9895981087470448,0.022340425531914895,0.006410256410256411,0.01111111111111111,-0.0038461538461538464,0.0038461538461538464,-0.01111111111111111,OK,
corr_mix,score_only,factor_cov_delta,1.0,0.75,budget_only,count,0.1,0.15,0.1,30,30,30,30,1.0,1.0,1.0,0.9895981087470448,0.022340425531914895,5.366666666666666,0.4666666666666667,0.6333333333333333,-0.16666666666666663,0.4666666666666667,0.16666666666666666,0.4666666666666667,0.16666666666666666,0.0,0.16666666666666666,0.16666666666666666,4.0,26.0,18.0,26.0,26.0,18.0,26.0,26.0,26.0,26.0,26.0,8.5,11.0,1.18628841607565,1.0080378250591016,0.022813238770685584,0.04121453227134665,-0.2583845278292639,0.9895981087470448,0.022340425531914895,0.014102564102564105,0.01111111111111111,-0.008974358974358975,0.008974358974358975,-0.01111111111111111,OK,
corr_mix,score_only,factor_cov_delta,1.0,1.0,budget_only,count,0.1,0.15,0.1,30,30,30,30,1.0,1.0,1.0,0.9895981087470448,0.022340425531914895,5.366666666666666,0.43333333333333335,0.6333333333333333,-0.19999999999999996,0.43333333333333335,0.16666666666666666,0.43333333333333335,0.16666666666666666,0.0,0.16666666666666666,0.16666666666666666,4.0,26.0,18.0,26.0,26.0,18.0,26.0,26.0,26.0,26.0,26.0,7.0,11.0,1.192434988179669,1.0141843971631204,0.02293144208037825,0.04121453227134665,-0.2989831625963915,0.9895981087470448,0.022340425531914895,0.015384615384615385,0.02222222222222222,-0.010256410256410256,0.010256410256410256,0.0,OK,
corr_mix,score_only,factor_cov_delta,INFEASIBLE,0.0,budget_only,count,INFEASIBLE,INFEASIBLE,INFEASIBLE,INFEASIBLE,INFEASIBLE,INFEASIBLE,INFEASIBLE,INFEASIBLE,INFEASIBLE,INFEASIBLE,INFEASIBLE,INFEASIBLE,INFEASIBLE,INFEASIBLE,INFEASIBLE,INFEASIBLE,INFEASIBLE,INFEASIBLE,INFEASIBLE,INFEASIBLE,INFEASIBLE,INFEASIBLE,INFEASIBLE,,INFEASIBLE,INFEASIBLE,INFEASIBLE,INFEASIBLE,INFEASIBLE,INFEASIBLE,INFEASIBLE,INFEASIBLE,INFEASIBLE,INFEASIBLE,INFEASIBLE,INFEASIBLE,INFEASIBLE,INFEASIBLE,INFEASIBLE,INFEASIBLE,INFEASIBLE,INFEASIBLE,INFEASIBLE,INFEASIBLE,INFEASIBLE,INFEASIBLE,INFEASIBLE,INFEASIBLE,INFEASIBLE,no_trials_in_band
corr_mix,score_only,factor_cov_delta,INFEASIBLE,0.25,budget_only,count,INFEASIBLE,INFEASIBLE,INFEASIBLE,INFEASIBLE,INFEASIBLE,INFEASIBLE,INFEASIBLE,INFEASIBLE,INFEASIBLE,INFEASIBLE,INFEASIBLE,INFEASIBLE,INFEASIBLE,INFEASIBLE,INFEASIBLE,INFEASIBLE,INFEASIBLE,INFEASIBLE,INFEASIBLE,INFEASIBLE,INFEASIBLE,INFEASIBLE,INFEASIBLE,,INFEASIBLE,INFEASIBLE,INFEASIBLE,INFEASIBLE,INFEASIBLE,INFEASIBLE,INFEASIBLE,INFEASIBLE,INFEASIBLE,INFEASIBLE,INFEASIBLE,INFEASIBLE,INFEASIBLE,INFEASIBLE,INFEASIBLE,INFEASIBLE,INFEASIBLE,INFEASIBLE,INFEASIBLE,INFEASIBLE,INFEASIBLE,INFEASIBLE,INFEASIBLE,INFEASIBLE,INFEASIBLE,no_trials_in_band
corr_mix,score_only,factor_cov_delta,INFEASIBLE,0.5,budget_only,count,INFEASIBLE,INFEASIBLE,INFEASIBLE,INFEASIBLE,INFEASIBLE,INFEASIBLE,INFEASIBLE,INFEASIBLE,INFEASIBLE,INFEASIBLE,INFEASIBLE,INFEASIBLE,INFEASIBLE,INFEASIBLE,INFEASIBLE,INFEASIBLE,INFEASIBLE,INFEASIBLE,INFEASIBLE,INFEASIBLE,INFEASIBLE,INFEASIBLE,INFEASIBLE,,INFEASIBLE,INFEASIBLE,INFEASIBLE,INFEASIBLE,INFEASIBLE,INFEASIBLE,INFEASIBLE,INFEASIBLE,INFEASIBLE,INFEASIBLE,INFEASIBLE,INFEASIBLE,INFEASIBLE,INFEASIBLE,INFEASIBLE,INFEASIBLE,INFEASIBLE,INFEASIBLE,INFEASIBLE,INFEASIBLE,INFEASIBLE,INFEASIBLE,INFEASIBLE,INFEASIBLE,INFEASIBLE,no_trials_in_band
corr_mix,score_only,factor_cov_delta,INFEASIBLE,0.75,budget_only,count,INFEASIBLE,INFEASIBLE,INFEASIBLE,INFEASIBLE,INFEASIBLE,INFEASIBLE,INFEASIBLE,INFEASIBLE,INFEASIBLE,INFEASIBLE,INFEASIBLE,INFEASIBLE,INFEASIBLE,INFEASIBLE,INFEASIBLE,INFEASIBLE,INFEASIBLE,INFEASIBLE,INFEASIBLE,INFEASIBLE,INFEASIBLE,INFEASIBLE,INFEASIBLE,,INFEASIBLE,INFEASIBLE,INFEASIBLE,INFEASIBLE,INFEASIBLE,INFEASIBLE,INFEASIBLE,INFEASIBLE,INFEASIBLE,INFEASIBLE,INFEASIBLE,INFEASIBLE,INFEASIBLE,INFEASIBLE,INFEASIBLE,INFEASIBLE,INFEASIBLE,INFEASIBLE,INFEASIBLE,INFEASIBLE,INFEASIBLE,INFEASIBLE,INFEASIBLE,INFEASIBLE,INFEASIBLE,no_trials_in_band
corr_mix,score_only,factor_cov_delta,INFEASIBLE,1.0,budget_only,count,INFEASIBLE,INFEASIBLE,INFEASIBLE,INFEASIBLE,INFEASIBLE,INFEASIBLE,INFEASIBLE,INFEASIBLE,INFEASIBLE,INFEASIBLE,INFEASIBLE,INFEASIBLE,INFEASIBLE,INFEASIBLE,INFEASIBLE,INFEASIBLE,INFEASIBLE,INFEASIBLE,INFEASIBLE,INFEASIBLE,INFEASIBLE,INFEASIBLE,INFEASIBLE,,INFEASIBLE,INFEASIBLE,INFEASIBLE,INFEASIBLE,INFEASIBLE,INFEASIBLE,INFEASIBLE,INFEASIBLE,INFEASIBLE,INFEASIBLE,INFEASIBLE,INFEASIBLE,INFEASIBLE,INFEASIBLE,INFEASIBLE,INFEASIBLE,INFEASIBLE,INFEASIBLE,INFEASIBLE,INFEASIBLE,INFEASIBLE,INFEASIBLE,INFEASIBLE,INFEASIBLE,INFEASIBLE,no_trials_in_band
corr_mix,score_only,factor_cov_lrt,1.0,0.0,budget_only,count,0.1,0.15,0.1,30,20,20,20,0.6666666666666666,0.6666666666666666,0.6666666666666666,0.7375886524822695,0.017553191489361707,4.0,0.0,0.0,0.0,0.05,0.05,0.05,0.05,0.05,0.05,0.05,4.0,26.0,26.0,26.0,26.0,26.0,26.0,26.0,26.0,26.0,26.0,NA,NA,0.9127659574468086,0.7375886524822695,0.017553191489361707,1.0000000000000002e-06,-0.010642077719924925,0.7375886524822695,0.017553191489361707,0.0,0.0,0.0,0.0,0.0,OK,
corr_mix,score_only,factor_cov_lrt,1.0,0.25,budget_only,count,0.1,0.15,0.1,30,20,20,20,0.6666666666666666,0.6666666666666666,0.6666666666666666,0.7375886524822695,0.017553191489361707,4.0,0.05,0.0,0.05,0.05,0.0,0.05,0.0,0.0,0.0,0.0,4.0,26.0,26.0,26.0,26.0,26.0,26.0,26.0,26.0,26.0,26.0,25.0,NA,1.023404255319149,0.7560283687943262,0.01968085106382979,1.0000000000000002e-06,-0.044991923143901186,0.7375886524822695,0.017553191489361707,0.0038461538461538464,0.03333333333333333,0.0,0.0038461538461538464,-0.03333333333333333,OK,
corr_mix,score_only,factor_cov_lrt,1.0,0.5,budget_only,count,0.1,0.15,0.1,30,20,20,20,0.6666666666666666,0.6666666666666666,0.6666666666666666,0.7375886524822695,0.017553191489361707,4.0,0.0,0.0,0.0,0.0,0.0,0.0,0.0,0.0,0.0,0.0,4.0,26.0,26.0,26.0,26.0,26.0,26.0,26.0,26.0,26.0,26.0,NA,NA,1.0141843971631206,0.7560283687943262,0.019503546099290784,1.0000000000000002e-06,-0.0007602724760082518,0.7375886524822695,0.017553191489361707,0.0019230769230769232,0.03333333333333333,-0.0019230769230769232,0.0019230769230769232,-0.03333333333333333,OK,
corr_mix,score_only,factor_cov_lrt,1.0,0.75,budget_only,count,0.1,0.15,0.1,30,20,20,20,0.6666666666666666,0.6666666666666666,0.6666666666666666,0.7375886524822695,0.017553191489361707,4.0,0.0,0.0,0.0,0.0,0.0,0.0,0.0,0.0,0.0,0.0,4.0,26.0,26.0,26.0,26.0,26.0,26.0,26.0,26.0,26.0,26.0,NA,NA,1.0326241134751772,0.7652482269503547,0.019858156028368795,1.0000000000000002e-06,-0.06878268237909015,0.7375886524822695,0.017553191489361707,0.0019230769230769232,0.03333333333333333,-0.0019230769230769232,0.0019230769230769232,-0.03333333333333333,OK,
corr_mix,score_only,factor_cov_lrt,1.0,1.0,budget_only,count,0.1,0.15,0.1,30,20,20,20,0.6666666666666666,0.6666666666666666,0.6666666666666666,0.7375886524822695,0.017553191489361707,4.0,0.05,0.0,0.05,0.05,0.0,0.05,0.0,0.0,0.0,0.0,4.0,26.0,26.0,26.0,26.0,26.0,26.0,26.0,26.0,26.0,26.0,24.0,NA,1.023404255319149,0.7652482269503547,0.01968085106382979,1.0000000000000002e-06,0.027355529802170875,0.7375886524822695,0.017553191489361707,0.0038461538461538464,0.016666666666666666,0.0,0.0038461538461538464,-0.016666666666666666,OK,
corr_mix,score_only,factor_cov_lrt,INFEASIBLE,0.0,budget_only,count,INFEASIBLE,INFEASIBLE,INFEASIBLE,INFEASIBLE,INFEASIBLE,INFEASIBLE,INFEASIBLE,INFEASIBLE,INFEASIBLE,INFEASIBLE,INFEASIBLE,INFEASIBLE,INFEASIBLE,INFEASIBLE,INFEASIBLE,INFEASIBLE,INFEASIBLE,INFEASIBLE,INFEASIBLE,INFEASIBLE,INFEASIBLE,INFEASIBLE,INFEASIBLE,,INFEASIBLE,INFEASIBLE,INFEASIBLE,INFEASIBLE,INFEASIBLE,INFEASIBLE,INFEASIBLE,INFEASIBLE,INFEASIBLE,INFEASIBLE,INFEASIBLE,INFEASIBLE,INFEASIBLE,INFEASIBLE,INFEASIBLE,INFEASIBLE,INFEASIBLE,INFEASIBLE,INFEASIBLE,INFEASIBLE,INFEASIBLE,INFEASIBLE,INFEASIBLE,INFEASIBLE,INFEASIBLE,no_trials_in_band
corr_mix,score_only,factor_cov_lrt,INFEASIBLE,0.25,budget_only,count,INFEASIBLE,INFEASIBLE,INFEASIBLE,INFEASIBLE,INFEASIBLE,INFEASIBLE,INFEASIBLE,INFEASIBLE,INFEASIBLE,INFEASIBLE,INFEASIBLE,INFEASIBLE,INFEASIBLE,INFEASIBLE,INFEASIBLE,INFEASIBLE,INFEASIBLE,INFEASIBLE,INFEASIBLE,INFEASIBLE,INFEASIBLE,INFEASIBLE,INFEASIBLE,,INFEASIBLE,INFEASIBLE,INFEASIBLE,INFEASIBLE,INFEASIBLE,INFEASIBLE,INFEASIBLE,INFEASIBLE,INFEASIBLE,INFEASIBLE,INFEASIBLE,INFEASIBLE,INFEASIBLE,INFEASIBLE,INFEASIBLE,INFEASIBLE,INFEASIBLE,INFEASIBLE,INFEASIBLE,INFEASIBLE,INFEASIBLE,INFEASIBLE,INFEASIBLE,INFEASIBLE,INFEASIBLE,no_trials_in_band
corr_mix,score_only,factor_cov_lrt,INFEASIBLE,0.5,budget_only,count,INFEASIBLE,INFEASIBLE,INFEASIBLE,INFEASIBLE,INFEASIBLE,INFEASIBLE,INFEASIBLE,INFEASIBLE,INFEASIBLE,INFEASIBLE,INFEASIBLE,INFEASIBLE,INFEASIBLE,INFEASIBLE,INFEASIBLE,INFEASIBLE,INFEASIBLE,INFEASIBLE,INFEASIBLE,INFEASIBLE,INFEASIBLE,INFEASIBLE,INFEASIBLE,,INFEASIBLE,INFEASIBLE,INFEASIBLE,INFEASIBLE,INFEASIBLE,INFEASIBLE,INFEASIBLE,INFEASIBLE,INFEASIBLE,INFEASIBLE,INFEASIBLE,INFEASIBLE,INFEASIBLE,INFEASIBLE,INFEASIBLE,INFEASIBLE,INFEASIBLE,INFEASIBLE,INFEASIBLE,INFEASIBLE,INFEASIBLE,INFEASIBLE,INFEASIBLE,INFEASIBLE,INFEASIBLE,no_trials_in_band
corr_mix,score_only,factor_cov_lrt,INFEASIBLE,0.75,budget_only,count,INFEASIBLE,INFEASIBLE,INFEASIBLE,INFEASIBLE,INFEASIBLE,INFEASIBLE,INFEASIBLE,INFEASIBLE,INFEASIBLE,INFEASIBLE,INFEASIBLE,INFEASIBLE,INFEASIBLE,INFEASIBLE,INFEASIBLE,INFEASIBLE,INFEASIBLE,INFEASIBLE,INFEASIBLE,INFEASIBLE,INFEASIBLE,INFEASIBLE,INFEASIBLE,,INFEASIBLE,INFEASIBLE,INFEASIBLE,INFEASIBLE,INFEASIBLE,INFEASIBLE,INFEASIBLE,INFEASIBLE,INFEASIBLE,INFEASIBLE,INFEASIBLE,INFEASIBLE,INFEASIBLE,INFEASIBLE,INFEASIBLE,INFEASIBLE,INFEASIBLE,INFEASIBLE,INFEASIBLE,INFEASIBLE,INFEASIBLE,INFEASIBLE,INFEASIBLE,INFEASIBLE,INFEASIBLE,no_trials_in_band
corr_mix,score_only,factor_cov_lrt,INFEASIBLE,1.0,budget_only,count,INFEASIBLE,INFEASIBLE,INFEASIBLE,INFEASIBLE,INFEASIBLE,INFEASIBLE,INFEASIBLE,INFEASIBLE,INFEASIBLE,INFEASIBLE,INFEASIBLE,INFEASIBLE,INFEASIBLE,INFEASIBLE,INFEASIBLE,INFEASIBLE,INFEASIBLE,INFEASIBLE,INFEASIBLE,INFEASIBLE,INFEASIBLE,INFEASIBLE,INFEASIBLE,,INFEASIBLE,INFEASIBLE,INFEASIBLE,INFEASIBLE,INFEASIBLE,INFEASIBLE,INFEASIBLE,INFEASIBLE,INFEASIBLE,INFEASIBLE,INFEASIBLE,INFEASIBLE,INFEASIBLE,INFEASIBLE,INFEASIBLE,INFEASIBLE,INFEASIBLE,INFEASIBLE,INFEASIBLE,INFEASIBLE,INFEASIBLE,INFEASIBLE,INFEASIBLE,INFEASIBLE,INFEASIBLE,no_trials_in_band
corr_mix,score_only,factor_cov_lrt_delta,1.0,0.0,budget_only,count,0.1,0.15,0.1,30,30,30,30,1.0,1.0,1.0,1.0203309692671394,0.019621749408983456,5.533333333333333,0.4666666666666667,0.4666666666666667,0.0,0.4666666666666667,0.1,0.4666666666666667,0.1,0.0,0.1,0.1,4.0,26.0,26.0,26.0,26.0,26.0,26.0,26.0,26.0,26.0,26.0,11.5,11.5,1.0203309692671394,1.0203309692671394,0.019621749408983456,0.00970590199018114,0.2657618969827554,1.0203309692671394,0.019621749408983456,0.0,0.0,0.0,0.0,0.0,OK,
corr_mix,score_only,factor_cov_lrt_delta,1.0,0.25,budget_only,count,0.1,0.15,0.1,30,30,30,30,1.0,1.0,1.0,1.0203309692671394,0.019621749408983456,5.533333333333333,0.43333333333333335,0.4666666666666667,-0.033333333333333326,0.43333333333333335,0.06666666666666667,0.43333333333333335,0.06666666666666667,0.0,0.06666666666666667,0.06666666666666667,4.0,26.0,26.0,26.0,26.0,26.0,26.0,26.0,26.0,26.0,26.0,16.0,11.5,1.1125295508274233,1.057210401891253,0.021394799054373522,0.00970590199018114,0.22595284288931752,1.0203309692671394,0.019621749408983456,0.010256410256410256,0.03333333333333333,0.0,0.007692307692307693,0.01111111111111111,OK,
corr_mix,score_only,factor_cov_lrt_delta,1.0,0.5,budget_only,count,0.1,0.15,0.1,30,30,30,30,1.0,1.0,1.0,1.0203309692671394,0.019621749408983456,5.533333333333333,0.36666666666666664,0.4666666666666667,-0.10000000000000003,0.36666666666666664,0.03333333333333333,0.36666666666666664,0.03333333333333333,0.0,0.03333333333333333,0.03333333333333333,4.0,26.0,26.0,26.0,26.0,26.0,26.0,26.0,26.0,26.0,26.0,18.0,11.5,1.106382978723404,1.051063829787234,0.02127659574468085,0.00970590199018114,0.2872376144102797,1.0203309692671394,0.019621749408983456,0.01153846153846154,0.01111111111111111,-0.0038461538461538464,0.0038461538461538464,0.01111111111111111,OK,
corr_mix,score_only,factor_cov_lrt_delta,1.0,0.75,budget_only,count,0.1,0.15,0.1,30,30,30,30,1.0,1.0,1.0,1.0203309692671394,0.019621749408983456,5.533333333333333,0.4666666666666667,0.4666666666666667,0.0,0.4666666666666667,0.03333333333333333,0.4666666666666667,0.03333333333333333,0.0,0.03333333333333333,0.03333333333333333,4.0,26.0,26.0,26.0,26.0,26.0,26.0,26.0,26.0,26.0,26.0,17.5,11.5,1.124822695035461,1.051063829787234,0.021631205673758865,0.00970590199018114,0.3590874587731972,1.0203309692671394,0.019621749408983456,0.01794871794871795,0.02222222222222222,0.0,0.005128205128205128,0.022222222222222223,OK,
corr_mix,score_only,factor_cov_lrt_delta,1.0,1.0,budget_only,count,0.1,0.15,0.1,30,30,30,30,1.0,1.0,1.0,1.0203309692671394,0.019621749408983456,5.533333333333333,0.4,0.4666666666666667,-0.06666666666666665,0.4,0.03333333333333333,0.4,0.03333333333333333,0.0,0.03333333333333333,0.03333333333333333,4.0,26.0,26.0,26.0,26.0,26.0,26.0,26.0,26.0,26.0,26.0,16.5,11.5,1.0326241134751772,1.0203309692671394,0.0198581560283688,0.00970590199018114,0.2829861222069259,1.0203309692671394,0.019621749408983456,0.012820512820512822,0.01111111111111111,-0.002564102564102564,0.005128205128205128,-0.01111111111111111,OK,
corr_mix,score_only,factor_cov_lrt_delta,INFEASIBLE,0.0,budget_only,count,INFEASIBLE,INFEASIBLE,INFEASIBLE,INFEASIBLE,INFEASIBLE,INFEASIBLE,INFEASIBLE,INFEASIBLE,INFEASIBLE,INFEASIBLE,INFEASIBLE,INFEASIBLE,INFEASIBLE,INFEASIBLE,INFEASIBLE,INFEASIBLE,INFEASIBLE,INFEASIBLE,INFEASIBLE,INFEASIBLE,INFEASIBLE,INFEASIBLE,INFEASIBLE,,INFEASIBLE,INFEASIBLE,INFEASIBLE,INFEASIBLE,INFEASIBLE,INFEASIBLE,INFEASIBLE,INFEASIBLE,INFEASIBLE,INFEASIBLE,INFEASIBLE,INFEASIBLE,INFEASIBLE,INFEASIBLE,INFEASIBLE,INFEASIBLE,INFEASIBLE,INFEASIBLE,INFEASIBLE,INFEASIBLE,INFEASIBLE,INFEASIBLE,INFEASIBLE,INFEASIBLE,INFEASIBLE,no_trials_in_band
corr_mix,score_only,factor_cov_lrt_delta,INFEASIBLE,0.25,budget_only,count,INFEASIBLE,INFEASIBLE,INFEASIBLE,INFEASIBLE,INFEASIBLE,INFEASIBLE,INFEASIBLE,INFEASIBLE,INFEASIBLE,INFEASIBLE,INFEASIBLE,INFEASIBLE,INFEASIBLE,INFEASIBLE,INFEASIBLE,INFEASIBLE,INFEASIBLE,INFEASIBLE,INFEASIBLE,INFEASIBLE,INFEASIBLE,INFEASIBLE,INFEASIBLE,,INFEASIBLE,INFEASIBLE,INFEASIBLE,INFEASIBLE,INFEASIBLE,INFEASIBLE,INFEASIBLE,INFEASIBLE,INFEASIBLE,INFEASIBLE,INFEASIBLE,INFEASIBLE,INFEASIBLE,INFEASIBLE,INFEASIBLE,INFEASIBLE,INFEASIBLE,INFEASIBLE,INFEASIBLE,INFEASIBLE,INFEASIBLE,INFEASIBLE,INFEASIBLE,INFEASIBLE,INFEASIBLE,no_trials_in_band
corr_mix,score_only,factor_cov_lrt_delta,INFEASIBLE,0.5,budget_only,count,INFEASIBLE,INFEASIBLE,INFEASIBLE,INFEASIBLE,INFEASIBLE,INFEASIBLE,INFEASIBLE,INFEASIBLE,INFEASIBLE,INFEASIBLE,INFEASIBLE,INFEASIBLE,INFEASIBLE,INFEASIBLE,INFEASIBLE,INFEASIBLE,INFEASIBLE,INFEASIBLE,INFEASIBLE,INFEASIBLE,INFEASIBLE,INFEASIBLE,INFEASIBLE,,INFEASIBLE,INFEASIBLE,INFEASIBLE,INFEASIBLE,INFEASIBLE,INFEASIBLE,INFEASIBLE,INFEASIBLE,INFEASIBLE,INFEASIBLE,INFEASIBLE,INFEASIBLE,INFEASIBLE,INFEASIBLE,INFEASIBLE,INFEASIBLE,INFEASIBLE,INFEASIBLE,INFEASIBLE,INFEASIBLE,INFEASIBLE,INFEASIBLE,INFEASIBLE,INFEASIBLE,INFEASIBLE,no_trials_in_band
corr_mix,score_only,factor_cov_lrt_delta,INFEASIBLE,0.75,budget_only,count,INFEASIBLE,INFEASIBLE,INFEASIBLE,INFEASIBLE,INFEASIBLE,INFEASIBLE,INFEASIBLE,INFEASIBLE,INFEASIBLE,INFEASIBLE,INFEASIBLE,INFEASIBLE,INFEASIBLE,INFEASIBLE,INFEASIBLE,INFEASIBLE,INFEASIBLE,INFEASIBLE,INFEASIBLE,INFEASIBLE,INFEASIBLE,INFEASIBLE,INFEASIBLE,,INFEASIBLE,INFEASIBLE,INFEASIBLE,INFEASIBLE,INFEASIBLE,INFEASIBLE,INFEASIBLE,INFEASIBLE,INFEASIBLE,INFEASIBLE,INFEASIBLE,INFEASIBLE,INFEASIBLE,INFEASIBLE,INFEASIBLE,INFEASIBLE,INFEASIBLE,INFEASIBLE,INFEASIBLE,INFEASIBLE,INFEASIBLE,INFEASIBLE,INFEASIBLE,INFEASIBLE,INFEASIBLE,no_trials_in_band
corr_mix,score_only,factor_cov_lrt_delta,INFEASIBLE,1.0,budget_only,count,INFEASIBLE,INFEASIBLE,INFEASIBLE,INFEASIBLE,INFEASIBLE,INFEASIBLE,INFEASIBLE,INFEASIBLE,INFEASIBLE,INFEASIBLE,INFEASIBLE,INFEASIBLE,INFEASIBLE,INFEASIBLE,INFEASIBLE,INFEASIBLE,INFEASIBLE,INFEASIBLE,INFEASIBLE,INFEASIBLE,INFEASIBLE,INFEASIBLE,INFEASIBLE,,INFEASIBLE,INFEASIBLE,INFEASIBLE,INFEASIBLE,INFEASIBLE,INFEASIBLE,INFEASIBLE,INFEASIBLE,INFEASIBLE,INFEASIBLE,INFEASIBLE,INFEASIBLE,INFEASIBLE,INFEASIBLE,INFEASIBLE,INFEASIBLE,INFEASIBLE,INFEASIBLE,INFEASIBLE,INFEASIBLE,INFEASIBLE,INFEASIBLE,INFEASIBLE,INFEASIBLE,INFEASIBLE,no_trials_in_band
corr_mix,score_only,fused_fisher,1.0,0.0,budget_only,count,0.1,0.15,0.1,30,22,22,22,0.7333333333333333,0.7333333333333333,0.7333333333333333,0.7375886524822696,0.01418439716312057,4.0,0.0,0.0,0.0,0.0,0.0,0.0,0.0,0.0,0.0,0.0,4.0,26.0,26.0,26.0,26.0,26.0,26.0,26.0,26.0,26.0,26.0,NA,NA,0.7375886524822696,0.7375886524822696,0.01418439716312057,1.0000000000000002e-06,-0.06375021044920486,0.7375886524822696,0.01418439716312057,0.0,0.0,0.0,0.0,0.0,OK,
corr_mix,score_only,fused_fisher,1.0,0.25,budget_only,count,0.1,0.15,0.1,30,22,22,22,0.7333333333333333,0.7333333333333333,0.7333333333333333,0.7375886524822696,0.01418439716312057,4.0,0.3181818181818182,0.0,0.3181818181818182,0.3181818181818182,0.045454545454545456,0.3181818181818182,0.045454545454545456,0.0,0.045454545454545456,0.045454545454545456,4.0,26.0,26.0,26.0,26.0,26.0,26.0,26.0,26.0,26.0,26.0,11.0,NA,0.6621534493874918,0.6621534493874918,0.012733720180528691,1.0000000000000002e-06,1.2392186525581987,0.7375886524822696,0.01418439716312057,0.01223776223776224,0.0303030303030303,0.01223776223776224,0.01223776223776224,-0.0303030303030303,OK,
corr_mix,score_only,fused_fisher,1.0,0.5,budget_only,count,0.1,0.15,0.1,30,22,22,22,0.7333333333333333,0.7333333333333333,0.7333333333333333,0.7375886524822696,0.01418439716312057,4.0,0.3181818181818182,0.0,0.3181818181818182,0.3181818181818182,0.0,0.3181818181818182,0.0,0.0,0.0,0.0,4.0,26.0,26.0,26.0,26.0,26.0,26.0,26.0,26.0,26.0,26.0,16.0,NA,0.6621534493874918,0.6621534493874918,0.012733720180528691,1.0000000000000002e-06,1.2771262318241168,0.7375886524822696,0.01418439716312057,0.01223776223776224,0.0303030303030303,0.01223776223776224,0.01223776223776224,-0.0303030303030303,OK,
corr_mix,score_only,fused_fisher,1.0,0.75,budget_only,count,0.1,0.15,0.1,30,22,22,22,0.7333333333333333,0.7333333333333333,0.7333333333333333,0.7375886524822696,0.01418439716312057,4.0,0.3181818181818182,0.0,0.3181818181818182,0.3181818181818182,0.0,0.3181818181818182,0.0,0.0,0.0,0.0,4.0,26.0,26.0,26.0,26.0,26.0,26.0,26.0,26.0,26.0,26.0,16.0,NA,0.6621534493874918,0.6621534493874918,0.012733720180528691,1.0000000000000002e-06,1.2681704165846261,0.7375886524822696,0.01418439716312057,0.01223776223776224,0.0303030303030303,0.01223776223776224,0.01223776223776224,-0.0303030303030303,OK,
corr_mix,score_only,fused_fisher,1.0,1.0,budget_only,count,0.1,0.15,0.1,30,22,22,22,0.7333333333333333,0.7333333333333333,0.7333333333333333,0.7375886524822696,0.01418439716312057,4.0,0.3181818181818182,0.0,0.3181818181818182,0.3181818181818182,0.0,0.3181818181818182,0.0,0.0,0.0,0.0,4.0,26.0,26.0,26.0,26.0,26.0,26.0,26.0,26.0,26.0,26.0,16.0,NA,0.6621534493874918,0.6621534493874918,0.012733720180528691,1.0000000000000002e-06,1.2660681826558202,0.7375886524822696,0.01418439716312057,0.01223776223776224,0.0303030303030303,0.01223776223776224,0.01223776223776224,-0.0303030303030303,OK,
corr_mix,score_only,fused_fisher,INFEASIBLE,0.0,budget_only,count,INFEASIBLE,INFEASIBLE,INFEASIBLE,INFEASIBLE,INFEASIBLE,INFEASIBLE,INFEASIBLE,INFEASIBLE,INFEASIBLE,INFEASIBLE,INFEASIBLE,INFEASIBLE,INFEASIBLE,INFEASIBLE,INFEASIBLE,INFEASIBLE,INFEASIBLE,INFEASIBLE,INFEASIBLE,INFEASIBLE,INFEASIBLE,INFEASIBLE,INFEASIBLE,,INFEASIBLE,INFEASIBLE,INFEASIBLE,INFEASIBLE,INFEASIBLE,INFEASIBLE,INFEASIBLE,INFEASIBLE,INFEASIBLE,INFEASIBLE,INFEASIBLE,INFEASIBLE,INFEASIBLE,INFEASIBLE,INFEASIBLE,INFEASIBLE,INFEASIBLE,INFEASIBLE,INFEASIBLE,INFEASIBLE,INFEASIBLE,INFEASIBLE,INFEASIBLE,INFEASIBLE,INFEASIBLE,no_trials_in_band
corr_mix,score_only,fused_fisher,INFEASIBLE,0.25,budget_only,count,INFEASIBLE,INFEASIBLE,INFEASIBLE,INFEASIBLE,INFEASIBLE,INFEASIBLE,INFEASIBLE,INFEASIBLE,INFEASIBLE,INFEASIBLE,INFEASIBLE,INFEASIBLE,INFEASIBLE,INFEASIBLE,INFEASIBLE,INFEASIBLE,INFEASIBLE,INFEASIBLE,INFEASIBLE,INFEASIBLE,INFEASIBLE,INFEASIBLE,INFEASIBLE,,INFEASIBLE,INFEASIBLE,INFEASIBLE,INFEASIBLE,INFEASIBLE,INFEASIBLE,INFEASIBLE,INFEASIBLE,INFEASIBLE,INFEASIBLE,INFEASIBLE,INFEASIBLE,INFEASIBLE,INFEASIBLE,INFEASIBLE,INFEASIBLE,INFEASIBLE,INFEASIBLE,INFEASIBLE,INFEASIBLE,INFEASIBLE,INFEASIBLE,INFEASIBLE,INFEASIBLE,INFEASIBLE,no_trials_in_band
corr_mix,score_only,fused_fisher,INFEASIBLE,0.5,budget_only,count,INFEASIBLE,INFEASIBLE,INFEASIBLE,INFEASIBLE,INFEASIBLE,INFEASIBLE,INFEASIBLE,INFEASIBLE,INFEASIBLE,INFEASIBLE,INFEASIBLE,INFEASIBLE,INFEASIBLE,INFEASIBLE,INFEASIBLE,INFEASIBLE,INFEASIBLE,INFEASIBLE,INFEASIBLE,INFEASIBLE,INFEASIBLE,INFEASIBLE,INFEASIBLE,,INFEASIBLE,INFEASIBLE,INFEASIBLE,INFEASIBLE,INFEASIBLE,INFEASIBLE,INFEASIBLE,INFEASIBLE,INFEASIBLE,INFEASIBLE,INFEASIBLE,INFEASIBLE,INFEASIBLE,INFEASIBLE,INFEASIBLE,INFEASIBLE,INFEASIBLE,INFEASIBLE,INFEASIBLE,INFEASIBLE,INFEASIBLE,INFEASIBLE,INFEASIBLE,INFEASIBLE,INFEASIBLE,no_trials_in_band
corr_mix,score_only,fused_fisher,INFEASIBLE,0.75,budget_only,count,INFEASIBLE,INFEASIBLE,INFEASIBLE,INFEASIBLE,INFEASIBLE,INFEASIBLE,INFEASIBLE,INFEASIBLE,INFEASIBLE,INFEASIBLE,INFEASIBLE,INFEASIBLE,INFEASIBLE,INFEASIBLE,INFEASIBLE,INFEASIBLE,INFEASIBLE,INFEASIBLE,INFEASIBLE,INFEASIBLE,INFEASIBLE,INFEASIBLE,INFEASIBLE,,INFEASIBLE,INFEASIBLE,INFEASIBLE,INFEASIBLE,INFEASIBLE,INFEASIBLE,INFEASIBLE,INFEASIBLE,INFEASIBLE,INFEASIBLE,INFEASIBLE,INFEASIBLE,INFEASIBLE,INFEASIBLE,INFEASIBLE,INFEASIBLE,INFEASIBLE,INFEASIBLE,INFEASIBLE,INFEASIBLE,INFEASIBLE,INFEASIBLE,INFEASIBLE,INFEASIBLE,INFEASIBLE,no_trials_in_band
corr_mix,score_only,fused_fisher,INFEASIBLE,1.0,budget_only,count,INFEASIBLE,INFEASIBLE,INFEASIBLE,INFEASIBLE,INFEASIBLE,INFEASIBLE,INFEASIBLE,INFEASIBLE,INFEASIBLE,INFEASIBLE,INFEASIBLE,INFEASIBLE,INFEASIBLE,INFEASIBLE,INFEASIBLE,INFEASIBLE,INFEASIBLE,INFEASIBLE,INFEASIBLE,INFEASIBLE,INFEASIBLE,INFEASIBLE,INFEASIBLE,,INFEASIBLE,INFEASIBLE,INFEASIBLE,INFEASIBLE,INFEASIBLE,INFEASIBLE,INFEASIBLE,INFEASIBLE,INFEASIBLE,INFEASIBLE,INFEASIBLE,INFEASIBLE,INFEASIBLE,INFEASIBLE,INFEASIBLE,INFEASIBLE,INFEASIBLE,INFEASIBLE,INFEASIBLE,INFEASIBLE,INFEASIBLE,INFEASIBLE,INFEASIBLE,INFEASIBLE,INFEASIBLE,no_trials_in_band
corr_mix,score_only,fused_fisher_lrt_delta,1.0,0.0,budget_only,count,0.1,0.15,0.1,30,21,21,21,0.7,0.7,0.7,0.7375886524822695,0.014184397163120569,4.0,0.0,0.0,0.0,0.0,0.0,0.0,0.0,0.0,0.0,0.0,4.0,26.0,26.0,26.0,26.0,26.0,26.0,26.0,26.0,26.0,26.0,NA,NA,0.7375886524822695,0.7375886524822695,0.014184397163120569,1.0000000000000002e-06,0.0030203408638849235,0.7375886524822695,0.014184397163120569,0.0,0.0,0.0,0.0,0.0,OK,
corr_mix,score_only,fused_fisher_lrt_delta,1.0,0.25,budget_only,count,0.1,0.15,0.1,30,21,21,21,0.7,0.7,0.7,0.7375886524822695,0.014184397163120569,4.0,0.6666666666666666,0.0,0.6666666666666666,0.6666666666666666,0.23809523809523808,0.6666666666666666,0.23809523809523808,0.0,0.23809523809523808,0.23809523809523808,4.0,16.0,26.0,16.0,26.0,26.0,26.0,16.0,26.0,16.0,26.0,11.0,NA,0.59709557581898,0.59709557581898,0.011482607227288076,1.0000000000000002e-06,1.3029987361240143,0.7375886524822695,0.014184397163120569,0.0293040293040293,0.0,0.0293040293040293,0.0293040293040293,0.0,OK,
corr_mix,score_only,fused_fisher_lrt_delta,1.0,0.5,budget_only,count,0.1,0.15,0.1,30,21,21,21,0.7,0.7,0.7,0.7375886524822695,0.014184397163120569,4.0,0.6666666666666666,0.0,0.6666666666666666,0.6666666666666666,0.2857142857142857,0.6666666666666666,0.2857142857142857,0.0,0.2857142857142857,0.2857142857142857,4.0,18.0,26.0,18.0,26.0,26.0,26.0,18.0,26.0,18.0,26.0,6.0,NA,0.5707531239446132,0.5707531239446132,0.010976021614319483,1.0000000000000002e-06,1.3885568357115503,0.7375886524822695,0.014184397163120569,0.02564102564102564,0.0,0.02564102564102564,0.02564102564102564,0.0,OK,
corr_mix,score_only,fused_fisher_lrt_delta,1.0,0.75,budget_only,count,0.1,0.15,0.1,30,21,21,21,0.7,0.7,0.7,0.7375886524822695,0.014184397163120569,4.0,0.8095238095238095,0.0,0.8095238095238095,0.8095238095238095,0.23809523809523808,0.8095238095238095,0.23809523809523808,0.0,0.23809523809523808,0.23809523809523808,4.0,16.0,26.0,16.0,26.0,26.0,26.0,16.0,26.0,16.0,26.0,9.0,NA,0.5883147585275244,0.5883147585275244,0.011313745356298546,1.0000000000000002e-06,1.4011330502458865,0.7375886524822695,0.014184397163120569,0.03113553113553113,0.0,0.03113553113553113,0.03113553113553113,0.0,OK,
corr_mix,score_only,fused_fisher_lrt_delta,1.0,1.0,budget_only,count,0.1,0.15,0.1,30,21,21,21,0.7,0.7,0.7,0.7375886524822695,0.014184397163120569,4.0,0.5714285714285714,0.0,0.5714285714285714,0.5714285714285714,0.23809523809523808,0.5714285714285714,0.23809523809523808,0.0,0.23809523809523808,0.23809523809523808,4.0,23.0,26.0,23.0,26.0,26.0,26.0,23.0,26.0,23.0,26.0,10.0,NA,0.5883147585275244,0.5883147585275244,0.011313745356298546,1.0000000000000002e-06,1.3038534083864117,0.7375886524822695,0.014184397163120569,0.02564102564102564,0.0,0.02564102564102564,0.02564102564102564,0.0,OK,
corr_mix,score_only,fused_fisher_lrt_delta,INFEASIBLE,0.0,budget_only,count,INFEASIBLE,INFEASIBLE,INFEASIBLE,INFEASIBLE,INFEASIBLE,INFEASIBLE,INFEASIBLE,INFEASIBLE,INFEASIBLE,INFEASIBLE,INFEASIBLE,INFEASIBLE,INFEASIBLE,INFEASIBLE,INFEASIBLE,INFEASIBLE,INFEASIBLE,INFEASIBLE,INFEASIBLE,INFEASIBLE,INFEASIBLE,INFEASIBLE,INFEASIBLE,,INFEASIBLE,INFEASIBLE,INFEASIBLE,INFEASIBLE,INFEASIBLE,INFEASIBLE,INFEASIBLE,INFEASIBLE,INFEASIBLE,INFEASIBLE,INFEASIBLE,INFEASIBLE,INFEASIBLE,INFEASIBLE,INFEASIBLE,INFEASIBLE,INFEASIBLE,INFEASIBLE,INFEASIBLE,INFEASIBLE,INFEASIBLE,INFEASIBLE,INFEASIBLE,INFEASIBLE,INFEASIBLE,no_trials_in_band
corr_mix,score_only,fused_fisher_lrt_delta,INFEASIBLE,0.25,budget_only,count,INFEASIBLE,INFEASIBLE,INFEASIBLE,INFEASIBLE,INFEASIBLE,INFEASIBLE,INFEASIBLE,INFEASIBLE,INFEASIBLE,INFEASIBLE,INFEASIBLE,INFEASIBLE,INFEASIBLE,INFEASIBLE,INFEASIBLE,INFEASIBLE,INFEASIBLE,INFEASIBLE,INFEASIBLE,INFEASIBLE,INFEASIBLE,INFEASIBLE,INFEASIBLE,,INFEASIBLE,INFEASIBLE,INFEASIBLE,INFEASIBLE,INFEASIBLE,INFEASIBLE,INFEASIBLE,INFEASIBLE,INFEASIBLE,INFEASIBLE,INFEASIBLE,INFEASIBLE,INFEASIBLE,INFEASIBLE,INFEASIBLE,INFEASIBLE,INFEASIBLE,INFEASIBLE,INFEASIBLE,INFEASIBLE,INFEASIBLE,INFEASIBLE,INFEASIBLE,INFEASIBLE,INFEASIBLE,no_trials_in_band
corr_mix,score_only,fused_fisher_lrt_delta,INFEASIBLE,0.5,budget_only,count,INFEASIBLE,INFEASIBLE,INFEASIBLE,INFEASIBLE,INFEASIBLE,INFEASIBLE,INFEASIBLE,INFEASIBLE,INFEASIBLE,INFEASIBLE,INFEASIBLE,INFEASIBLE,INFEASIBLE,INFEASIBLE,INFEASIBLE,INFEASIBLE,INFEASIBLE,INFEASIBLE,INFEASIBLE,INFEASIBLE,INFEASIBLE,INFEASIBLE,INFEASIBLE,,INFEASIBLE,INFEASIBLE,INFEASIBLE,INFEASIBLE,INFEASIBLE,INFEASIBLE,INFEASIBLE,INFEASIBLE,INFEASIBLE,INFEASIBLE,INFEASIBLE,INFEASIBLE,INFEASIBLE,INFEASIBLE,INFEASIBLE,INFEASIBLE,INFEASIBLE,INFEASIBLE,INFEASIBLE,INFEASIBLE,INFEASIBLE,INFEASIBLE,INFEASIBLE,INFEASIBLE,INFEASIBLE,no_trials_in_band
corr_mix,score_only,fused_fisher_lrt_delta,INFEASIBLE,0.75,budget_only,count,INFEASIBLE,INFEASIBLE,INFEASIBLE,INFEASIBLE,INFEASIBLE,INFEASIBLE,INFEASIBLE,INFEASIBLE,INFEASIBLE,INFEASIBLE,INFEASIBLE,INFEASIBLE,INFEASIBLE,INFEASIBLE,INFEASIBLE,INFEASIBLE,INFEASIBLE,INFEASIBLE,INFEASIBLE,INFEASIBLE,INFEASIBLE,INFEASIBLE,INFEASIBLE,,INFEASIBLE,INFEASIBLE,INFEASIBLE,INFEASIBLE,INFEASIBLE,INFEASIBLE,INFEASIBLE,INFEASIBLE,INFEASIBLE,INFEASIBLE,INFEASIBLE,INFEASIBLE,INFEASIBLE,INFEASIBLE,INFEASIBLE,INFEASIBLE,INFEASIBLE,INFEASIBLE,INFEASIBLE,INFEASIBLE,INFEASIBLE,INFEASIBLE,INFEASIBLE,INFEASIBLE,INFEASIBLE,no_trials_in_band
corr_mix,score_only,fused_fisher_lrt_delta,INFEASIBLE,1.0,budget_only,count,INFEASIBLE,INFEASIBLE,INFEASIBLE,INFEASIBLE,INFEASIBLE,INFEASIBLE,INFEASIBLE,INFEASIBLE,INFEASIBLE,INFEASIBLE,INFEASIBLE,INFEASIBLE,INFEASIBLE,INFEASIBLE,INFEASIBLE,INFEASIBLE,INFEASIBLE,INFEASIBLE,INFEASIBLE,INFEASIBLE,INFEASIBLE,INFEASIBLE,INFEASIBLE,,INFEASIBLE,INFEASIBLE,INFEASIBLE,INFEASIBLE,INFEASIBLE,INFEASIBLE,INFEASIBLE,INFEASIBLE,INFEASIBLE,INFEASIBLE,INFEASIBLE,INFEASIBLE,INFEASIBLE,INFEASIBLE,INFEASIBLE,INFEASIBLE,INFEASIBLE,INFEASIBLE,INFEASIBLE,INFEASIBLE,INFEASIBLE,INFEASIBLE,INFEASIBLE,INFEASIBLE,INFEASIBLE,no_trials_in_band
corr_mix,score_only,fused_sp,1.0,0.0,budget_only,count,0.1,0.15,0.1,30,30,30,30,1.0,1.0,1.0,1.0080378250591016,0.03321513002364067,5.466666666666667,0.5666666666666667,0.5666666666666667,0.0,0.5666666666666667,0.13333333333333333,0.5666666666666667,0.13333333333333333,0.0,0.13333333333333333,0.13333333333333333,4.0,23.5,23.5,23.5,26.0,23.5,26.0,23.5,26.0,23.5,26.0,13.0,13.0,1.7271867612293146,1.0080378250591016,0.03321513002364067,0.04251529828121912,0.10679062110601573,1.0080378250591016,0.03321513002364067,0.0,0.0,0.0,0.0,0.0,OK,
corr_mix,score_only,fused_sp,1.0,0.25,budget_only,count,0.1,0.15,0.1,30,30,30,30,1.0,1.0,1.0,1.0080378250591016,0.03321513002364067,5.466666666666667,0.9666666666666667,0.5666666666666667,0.4,0.9666666666666667,0.4,0.9666666666666667,0.4,0.0,0.16666666666666666,0.16666666666666666,4.0,6.5,23.5,6.5,23.0,23.5,26.0,6.5,23.0,6.5,23.0,5.0,13.0,1.5489361702127662,0.8359338061465722,0.02978723404255319,0.04251529828121912,1752631116.972933,1.0080378250591016,0.03321513002364067,0.2012820512820513,0.04444444444444444,0.17564102564102563,0.17564102564102563,-0.04444444444444444,OK,
corr_mix,score_only,fused_sp,1.0,0.5,budget_only,count,0.1,0.15,0.1,30,30,30,30,1.0,1.0,1.0,1.0080378250591016,0.03321513002364067,5.466666666666667,0.9666666666666667,0.5666666666666667,0.4,0.9666666666666667,0.4,0.9666666666666667,0.4,0.0,0.16666666666666666,0.16666666666666666,4.0,6.5,23.5,6.5,23.0,23.5,26.0,6.5,23.0,6.5,23.0,5.0,13.0,1.5489361702127662,0.8359338061465722,0.02978723404255319,0.04251529828121912,7010564514.76974,1.0080378250591016,0.03321513002364067,0.19615384615384615,0.04444444444444444,0.1705128205128205,0.1705128205128205,-0.04444444444444444,OK,
corr_mix,score_only,fused_sp,1.0,0.75,budget_only,count,0.1,0.15,0.1,30,30,30,30,1.0,1.0,1.0,1.0080378250591016,0.03321513002364067,5.466666666666667,0.9666666666666667,0.5666666666666667,0.4,0.9666666666666667,0.4,0.9666666666666667,0.4,0.0,0.16666666666666666,0.16666666666666666,4.0,6.5,23.5,6.5,23.0,23.5,26.0,6.5,23.0,6.5,23.0,5.0,13.0,1.5489361702127662,0.8359338061465722,0.02978723404255319,0.04251529828121912,15773797942.117674,1.0080378250591016,0.03321513002364067,0.19230769230769232,0.04444444444444444,0.16666666666666666,0.16666666666666666,-0.04444444444444444,OK,
corr_mix,score_only,fused_sp,1.0,1.0,budget_only,count,0.1,0.15,0.1,30,30,30,30,1.0,1.0,1.0,1.0080378250591016,0.03321513002364067,5.466666666666667,0.9666666666666667,0.5666666666666667,0.4,0.9666666666666667,0.4,0.9666666666666667,0.4,0.0,0.16666666666666666,0.16666666666666666,4.0,6.5,23.5,6.5,23.0,23.5,26.0,6.5,23.0,6.5,23.0,5.0,13.0,1.5489361702127662,0.8359338061465722,0.02978723404255319,0.04251529828121912,28042330575.693333,1.0080378250591016,0.03321513002364067,0.19230769230769232,0.04444444444444444,0.16666666666666666,0.16666666666666666,-0.04444444444444444,OK,
corr_mix,score_only,fused_sp,INFEASIBLE,0.0,budget_only,count,INFEASIBLE,INFEASIBLE,INFEASIBLE,INFEASIBLE,INFEASIBLE,INFEASIBLE,INFEASIBLE,INFEASIBLE,INFEASIBLE,INFEASIBLE,INFEASIBLE,INFEASIBLE,INFEASIBLE,INFEASIBLE,INFEASIBLE,INFEASIBLE,INFEASIBLE,INFEASIBLE,INFEASIBLE,INFEASIBLE,INFEASIBLE,INFEASIBLE,INFEASIBLE,,INFEASIBLE,INFEASIBLE,INFEASIBLE,INFEASIBLE,INFEASIBLE,INFEASIBLE,INFEASIBLE,INFEASIBLE,INFEASIBLE,INFEASIBLE,INFEASIBLE,INFEASIBLE,INFEASIBLE,INFEASIBLE,INFEASIBLE,INFEASIBLE,INFEASIBLE,INFEASIBLE,INFEASIBLE,INFEASIBLE,INFEASIBLE,INFEASIBLE,INFEASIBLE,INFEASIBLE,INFEASIBLE,no_trials_in_band
corr_mix,score_only,fused_sp,INFEASIBLE,0.25,budget_only,count,INFEASIBLE,INFEASIBLE,INFEASIBLE,INFEASIBLE,INFEASIBLE,INFEASIBLE,INFEASIBLE,INFEASIBLE,INFEASIBLE,INFEASIBLE,INFEASIBLE,INFEASIBLE,INFEASIBLE,INFEASIBLE,INFEASIBLE,INFEASIBLE,INFEASIBLE,INFEASIBLE,INFEASIBLE,INFEASIBLE,INFEASIBLE,INFEASIBLE,INFEASIBLE,,INFEASIBLE,INFEASIBLE,INFEASIBLE,INFEASIBLE,INFEASIBLE,INFEASIBLE,INFEASIBLE,INFEASIBLE,INFEASIBLE,INFEASIBLE,INFEASIBLE,INFEASIBLE,INFEASIBLE,INFEASIBLE,INFEASIBLE,INFEASIBLE,INFEASIBLE,INFEASIBLE,INFEASIBLE,INFEASIBLE,INFEASIBLE,INFEASIBLE,INFEASIBLE,INFEASIBLE,INFEASIBLE,no_trials_in_band
corr_mix,score_only,fused_sp,INFEASIBLE,0.5,budget_only,count,INFEASIBLE,INFEASIBLE,INFEASIBLE,INFEASIBLE,INFEASIBLE,INFEASIBLE,INFEASIBLE,INFEASIBLE,INFEASIBLE,INFEASIBLE,INFEASIBLE,INFEASIBLE,INFEASIBLE,INFEASIBLE,INFEASIBLE,INFEASIBLE,INFEASIBLE,INFEASIBLE,INFEASIBLE,INFEASIBLE,INFEASIBLE,INFEASIBLE,INFEASIBLE,,INFEASIBLE,INFEASIBLE,INFEASIBLE,INFEASIBLE,INFEASIBLE,INFEASIBLE,INFEASIBLE,INFEASIBLE,INFEASIBLE,INFEASIBLE,INFEASIBLE,INFEASIBLE,INFEASIBLE,INFEASIBLE,INFEASIBLE,INFEASIBLE,INFEASIBLE,INFEASIBLE,INFEASIBLE,INFEASIBLE,INFEASIBLE,INFEASIBLE,INFEASIBLE,INFEASIBLE,INFEASIBLE,no_trials_in_band
corr_mix,score_only,fused_sp,INFEASIBLE,0.75,budget_only,count,INFEASIBLE,INFEASIBLE,INFEASIBLE,INFEASIBLE,INFEASIBLE,INFEASIBLE,INFEASIBLE,INFEASIBLE,INFEASIBLE,INFEASIBLE,INFEASIBLE,INFEASIBLE,INFEASIBLE,INFEASIBLE,INFEASIBLE,INFEASIBLE,INFEASIBLE,INFEASIBLE,INFEASIBLE,INFEASIBLE,INFEASIBLE,INFEASIBLE,INFEASIBLE,,INFEASIBLE,INFEASIBLE,INFEASIBLE,INFEASIBLE,INFEASIBLE,INFEASIBLE,INFEASIBLE,INFEASIBLE,INFEASIBLE,INFEASIBLE,INFEASIBLE,INFEASIBLE,INFEASIBLE,INFEASIBLE,INFEASIBLE,INFEASIBLE,INFEASIBLE,INFEASIBLE,INFEASIBLE,INFEASIBLE,INFEASIBLE,INFEASIBLE,INFEASIBLE,INFEASIBLE,INFEASIBLE,no_trials_in_band
corr_mix,score_only,fused_sp,INFEASIBLE,1.0,budget_only,count,INFEASIBLE,INFEASIBLE,INFEASIBLE,INFEASIBLE,INFEASIBLE,INFEASIBLE,INFEASIBLE,INFEASIBLE,INFEASIBLE,INFEASIBLE,INFEASIBLE,INFEASIBLE,INFEASIBLE,INFEASIBLE,INFEASIBLE,INFEASIBLE,INFEASIBLE,INFEASIBLE,INFEASIBLE,INFEASIBLE,INFEASIBLE,INFEASIBLE,INFEASIBLE,,INFEASIBLE,INFEASIBLE,INFEASIBLE,INFEASIBLE,INFEASIBLE,INFEASIBLE,INFEASIBLE,INFEASIBLE,INFEASIBLE,INFEASIBLE,INFEASIBLE,INFEASIBLE,INFEASIBLE,INFEASIBLE,INFEASIBLE,INFEASIBLE,INFEASIBLE,INFEASIBLE,INFEASIBLE,INFEASIBLE,INFEASIBLE,INFEASIBLE,INFEASIBLE,INFEASIBLE,INFEASIBLE,no_trials_in_band
corr_mix,score_only,fused_sp_lrt_delta,1.0,0.0,budget_only,count,0.1,0.15,0.1,30,30,30,30,1.0,1.0,1.0,1.0203309692671394,0.019621749408983456,5.533333333333333,0.4666666666666667,0.4666666666666667,0.0,0.4666666666666667,0.1,0.4666666666666667,0.1,0.0,0.1,0.1,4.0,26.0,26.0,26.0,26.0,26.0,26.0,26.0,26.0,26.0,26.0,11.0,11.0,1.0203309692671394,1.0203309692671394,0.019621749408983456,0.007517076343338334,0.0943999581912741,1.0203309692671394,0.019621749408983456,0.0,0.0,0.0,0.0,0.0,OK,
corr_mix,score_only,fused_sp_lrt_delta,1.0,0.25,budget_only,count,0.1,0.15,0.1,30,30,30,30,1.0,1.0,1.0,1.0203309692671394,0.019621749408983456,5.533333333333333,0.4666666666666667,0.4666666666666667,0.0,0.4666666666666667,0.13333333333333333,0.4666666666666667,0.13333333333333333,0.0,0.13333333333333333,0.13333333333333333,4.0,26.0,26.0,26.0,26.0,26.0,26.0,26.0,26.0,26.0,26.0,15.0,11.0,1.0141843971631206,1.0141843971631206,0.01950354609929078,0.007517076343338334,1373102324.3564346,1.0203309692671394,0.019621749408983456,0.01282051282051282,0.03333333333333333,0.002564102564102564,0.007692307692307693,0.01111111111111111,OK,
corr_mix,score_only,fused_sp_lrt_delta,1.0,0.5,budget_only,count,0.1,0.15,0.1,30,30,30,30,1.0,1.0,1.0,1.0203309692671394,0.019621749408983456,5.533333333333333,0.36666666666666664,0.4666666666666667,-0.10000000000000003,0.36666666666666664,0.1,0.36666666666666664,0.1,0.0,0.1,0.1,4.0,26.0,26.0,26.0,26.0,26.0,26.0,26.0,26.0,26.0,26.0,18.0,11.0,1.0264775413711584,1.0203309692671394,0.019739952718676124,0.007517076343338334,5470137601.388053,1.0203309692671394,0.019621749408983456,0.012820512820512822,0.01111111111111111,-0.002564102564102564,0.005128205128205128,0.01111111111111111,OK,
corr_mix,score_only,fused_sp_lrt_delta,1.0,0.75,budget_only,count,0.1,0.15,0.1,30,30,30,30,1.0,1.0,1.0,1.0203309692671394,0.019621749408983456,5.533333333333333,0.4666666666666667,0.4666666666666667,0.0,0.4666666666666667,0.1,0.4666666666666667,0.1,0.0,0.1,0.1,4.0,26.0,26.0,26.0,26.0,26.0,26.0,26.0,26.0,26.0,26.0,17.5,11.0,1.0203309692671394,1.0203309692671394,0.019621749408983456,0.007517076343338334,11955511793.322319,1.0203309692671394,0.019621749408983456,0.016666666666666666,0.0,0.001282051282051282,0.006410256410256411,0.0,OK,
corr_mix,score_only,fused_sp_lrt_delta,1.0,1.0,budget_only,count,0.1,0.15,0.1,30,30,30,30,1.0,1.0,1.0,1.0203309692671394,0.019621749408983456,5.533333333333333,0.36666666666666664,0.4666666666666667,-0.10000000000000003,0.36666666666666664,0.1,0.36666666666666664,0.1,0.0,0.1,0.1,4.0,26.0,26.0,26.0,26.0,26.0,26.0,26.0,26.0,26.0,26.0,18.0,11.0,0.9895981087470448,0.9895981087470448,0.019030732860520098,0.007517076343338334,21698991418.526016,1.0203309692671394,0.019621749408983456,0.012820512820512822,0.01111111111111111,-0.002564102564102564,0.005128205128205128,-0.01111111111111111,OK,
corr_mix,score_only,fused_sp_lrt_delta,INFEASIBLE,0.0,budget_only,count,INFEASIBLE,INFEASIBLE,INFEASIBLE,INFEASIBLE,INFEASIBLE,INFEASIBLE,INFEASIBLE,INFEASIBLE,INFEASIBLE,INFEASIBLE,INFEASIBLE,INFEASIBLE,INFEASIBLE,INFEASIBLE,INFEASIBLE,INFEASIBLE,INFEASIBLE,INFEASIBLE,INFEASIBLE,INFEASIBLE,INFEASIBLE,INFEASIBLE,INFEASIBLE,,INFEASIBLE,INFEASIBLE,INFEASIBLE,INFEASIBLE,INFEASIBLE,INFEASIBLE,INFEASIBLE,INFEASIBLE,INFEASIBLE,INFEASIBLE,INFEASIBLE,INFEASIBLE,INFEASIBLE,INFEASIBLE,INFEASIBLE,INFEASIBLE,INFEASIBLE,INFEASIBLE,INFEASIBLE,INFEASIBLE,INFEASIBLE,INFEASIBLE,INFEASIBLE,INFEASIBLE,INFEASIBLE,no_trials_in_band
corr_mix,score_only,fused_sp_lrt_delta,INFEASIBLE,0.25,budget_only,count,INFEASIBLE,INFEASIBLE,INFEASIBLE,INFEASIBLE,INFEASIBLE,INFEASIBLE,INFEASIBLE,INFEASIBLE,INFEASIBLE,INFEASIBLE,INFEASIBLE,INFEASIBLE,INFEASIBLE,INFEASIBLE,INFEASIBLE,INFEASIBLE,INFEASIBLE,INFEASIBLE,INFEASIBLE,INFEASIBLE,INFEASIBLE,INFEASIBLE,INFEASIBLE,,INFEASIBLE,INFEASIBLE,INFEASIBLE,INFEASIBLE,INFEASIBLE,INFEASIBLE,INFEASIBLE,INFEASIBLE,INFEASIBLE,INFEASIBLE,INFEASIBLE,INFEASIBLE,INFEASIBLE,INFEASIBLE,INFEASIBLE,INFEASIBLE,INFEASIBLE,INFEASIBLE,INFEASIBLE,INFEASIBLE,INFEASIBLE,INFEASIBLE,INFEASIBLE,INFEASIBLE,INFEASIBLE,no_trials_in_band
corr_mix,score_only,fused_sp_lrt_delta,INFEASIBLE,0.5,budget_only,count,INFEASIBLE,INFEASIBLE,INFEASIBLE,INFEASIBLE,INFEASIBLE,INFEASIBLE,INFEASIBLE,INFEASIBLE,INFEASIBLE,INFEASIBLE,INFEASIBLE,INFEASIBLE,INFEASIBLE,INFEASIBLE,INFEASIBLE,INFEASIBLE,INFEASIBLE,INFEASIBLE,INFEASIBLE,INFEASIBLE,INFEASIBLE,INFEASIBLE,INFEASIBLE,,INFEASIBLE,INFEASIBLE,INFEASIBLE,INFEASIBLE,INFEASIBLE,INFEASIBLE,INFEASIBLE,INFEASIBLE,INFEASIBLE,INFEASIBLE,INFEASIBLE,INFEASIBLE,INFEASIBLE,INFEASIBLE,INFEASIBLE,INFEASIBLE,INFEASIBLE,INFEASIBLE,INFEASIBLE,INFEASIBLE,INFEASIBLE,INFEASIBLE,INFEASIBLE,INFEASIBLE,INFEASIBLE,no_trials_in_band
corr_mix,score_only,fused_sp_lrt_delta,INFEASIBLE,0.75,budget_only,count,INFEASIBLE,INFEASIBLE,INFEASIBLE,INFEASIBLE,INFEASIBLE,INFEASIBLE,INFEASIBLE,INFEASIBLE,INFEASIBLE,INFEASIBLE,INFEASIBLE,INFEASIBLE,INFEASIBLE,INFEASIBLE,INFEASIBLE,INFEASIBLE,INFEASIBLE,INFEASIBLE,INFEASIBLE,INFEASIBLE,INFEASIBLE,INFEASIBLE,INFEASIBLE,,INFEASIBLE,INFEASIBLE,INFEASIBLE,INFEASIBLE,INFEASIBLE,INFEASIBLE,INFEASIBLE,INFEASIBLE,INFEASIBLE,INFEASIBLE,INFEASIBLE,INFEASIBLE,INFEASIBLE,INFEASIBLE,INFEASIBLE,INFEASIBLE,INFEASIBLE,INFEASIBLE,INFEASIBLE,INFEASIBLE,INFEASIBLE,INFEASIBLE,INFEASIBLE,INFEASIBLE,INFEASIBLE,no_trials_in_band
corr_mix,score_only,fused_sp_lrt_delta,INFEASIBLE,1.0,budget_only,count,INFEASIBLE,INFEASIBLE,INFEASIBLE,INFEASIBLE,INFEASIBLE,INFEASIBLE,INFEASIBLE,INFEASIBLE,INFEASIBLE,INFEASIBLE,INFEASIBLE,INFEASIBLE,INFEASIBLE,INFEASIBLE,INFEASIBLE,INFEASIBLE,INFEASIBLE,INFEASIBLE,INFEASIBLE,INFEASIBLE,INFEASIBLE,INFEASIBLE,INFEASIBLE,,INFEASIBLE,INFEASIBLE,INFEASIBLE,INFEASIBLE,INFEASIBLE,INFEASIBLE,INFEASIBLE,INFEASIBLE,INFEASIBLE,INFEASIBLE,INFEASIBLE,INFEASIBLE,INFEASIBLE,INFEASIBLE,INFEASIBLE,INFEASIBLE,INFEASIBLE,INFEASIBLE,INFEASIBLE,INFEASIBLE,INFEASIBLE,INFEASIBLE,INFEASIBLE,INFEASIBLE,INFEASIBLE,no_trials_in_band
corr_mix,score_only,max_abs,1.0,0.0,budget_only,count,0.1,0.15,0.1,30,30,30,30,1.0,1.0,1.0,1.0141843971631204,0.03333333333333334,5.5,0.5333333333333333,0.5333333333333333,0.0,0.5666666666666667,0.23333333333333334,0.5666666666666667,0.23333333333333334,0.03333333333333333,0.2,0.2,4.0,24.5,24.5,24.5,26.0,24.5,26.0,18.0,26.0,24.5,26.0,5.5,5.5,1.7333333333333336,1.0141843971631204,0.03333333333333334,0.04666437208391654,-0.09999993797547463,1.0141843971631204,0.03333333333333334,0.0,0.0,0.0,0.0,0.0,OK,
corr_mix,score_only,max_abs,1.0,0.25,budget_only,count,0.1,0.15,0.1,30,30,30,30,1.0,1.0,1.0,1.0141843971631204,0.03333333333333334,5.5,0.5666666666666667,0.5333333333333333,0.033333333333333326,0.6,0.23333333333333334,0.6,0.23333333333333334,0.03333333333333333,0.2,0.2,4.0,23.0,24.5,23.0,26.0,24.5,26.0,17.0,26.0,23.0,26.0,6.0,5.5,1.8378250591016547,1.057210401891253,0.03534278959810875,0.04666437208391654,-0.0825380219778687,1.0141843971631204,0.03333333333333334,0.002564102564102564,0.01111111111111111,0.002564102564102564,0.002564102564102564,0.01111111111111111,OK,
corr_mix,score_only,max_abs,1.0,0.5,budget_only,count,0.1,0.15,0.1,30,30,30,30,1.0,1.0,1.0,1.0141843971631204,0.03333333333333334,5.5,0.3333333333333333,0.5333333333333333,-0.2,0.36666666666666664,0.1,0.36666666666666664,0.1,0.03333333333333333,0.06666666666666667,0.06666666666666667,4.0,26.0,24.5,26.0,26.0,24.5,26.0,26.0,26.0,26.0,26.0,9.0,5.5,1.8685579196217494,1.0695035460992908,0.035933806146572114,0.04666437208391654,-0.06507589405224184,1.0141843971631204,0.03333333333333334,0.017948717948717947,0.04444444444444444,-0.007692307692307693,0.007692307692307693,0.04444444444444444,OK,
corr_mix,score_only,max_abs,1.0,0.75,budget_only,count,0.1,0.15,0.1,30,30,30,30,1.0,1.0,1.0,1.0141843971631204,0.03333333333333334,5.5,0.3333333333333333,0.5333333333333333,-0.2,0.36666666666666664,0.1,0.36666666666666664,0.1,0.03333333333333333,0.06666666666666667,0.06666666666666667,4.0,26.0,24.5,26.0,26.0,24.5,26.0,26.0,26.0,26.0,26.0,9.0,5.5,1.8685579196217494,1.0695035460992908,0.035933806146572114,0.04666437208391654,-0.04761376612661497,1.0141843971631204,0.03333333333333334,0.017948717948717947,0.04444444444444444,-0.007692307692307693,0.007692307692307693,0.04444444444444444,OK,
corr_mix,score_only,max_abs,1.0,1.0,budget_only,count,0.1,0.15,0.1,30,30,30,30,1.0,1.0,1.0,1.0141843971631204,0.03333333333333334,5.5,0.5,0.5333333333333333,-0.033333333333333326,0.5333333333333333,0.16666666666666666,0.5333333333333333,0.16666666666666666,0.03333333333333333,0.13333333333333333,0.13333333333333333,4.0,25.0,24.5,25.0,26.0,24.5,26.0,21.5,26.0,25.0,26.0,8.0,5.5,1.8501182033096923,1.0695035460992908,0.035579196217494086,0.04666437208391654,-0.03015128386301962,1.0141843971631204,0.03333333333333334,0.01153846153846154,0.02222222222222222,-0.001282051282051282,0.001282051282051282,0.02222222222222222,OK,
corr_mix,score_only,max_abs,INFEASIBLE,0.0,budget_only,count,INFEASIBLE,INFEASIBLE,INFEASIBLE,INFEASIBLE,INFEASIBLE,INFEASIBLE,INFEASIBLE,INFEASIBLE,INFEASIBLE,INFEASIBLE,INFEASIBLE,INFEASIBLE,INFEASIBLE,INFEASIBLE,INFEASIBLE,INFEASIBLE,INFEASIBLE,INFEASIBLE,INFEASIBLE,INFEASIBLE,INFEASIBLE,INFEASIBLE,INFEASIBLE,,INFEASIBLE,INFEASIBLE,INFEASIBLE,INFEASIBLE,INFEASIBLE,INFEASIBLE,INFEASIBLE,INFEASIBLE,INFEASIBLE,INFEASIBLE,INFEASIBLE,INFEASIBLE,INFEASIBLE,INFEASIBLE,INFEASIBLE,INFEASIBLE,INFEASIBLE,INFEASIBLE,INFEASIBLE,INFEASIBLE,INFEASIBLE,INFEASIBLE,INFEASIBLE,INFEASIBLE,INFEASIBLE,no_trials_in_band
corr_mix,score_only,max_abs,INFEASIBLE,0.25,budget_only,count,INFEASIBLE,INFEASIBLE,INFEASIBLE,INFEASIBLE,INFEASIBLE,INFEASIBLE,INFEASIBLE,INFEASIBLE,INFEASIBLE,INFEASIBLE,INFEASIBLE,INFEASIBLE,INFEASIBLE,INFEASIBLE,INFEASIBLE,INFEASIBLE,INFEASIBLE,INFEASIBLE,INFEASIBLE,INFEASIBLE,INFEASIBLE,INFEASIBLE,INFEASIBLE,,INFEASIBLE,INFEASIBLE,INFEASIBLE,INFEASIBLE,INFEASIBLE,INFEASIBLE,INFEASIBLE,INFEASIBLE,INFEASIBLE,INFEASIBLE,INFEASIBLE,INFEASIBLE,INFEASIBLE,INFEASIBLE,INFEASIBLE,INFEASIBLE,INFEASIBLE,INFEASIBLE,INFEASIBLE,INFEASIBLE,INFEASIBLE,INFEASIBLE,INFEASIBLE,INFEASIBLE,INFEASIBLE,no_trials_in_band
corr_mix,score_only,max_abs,INFEASIBLE,0.5,budget_only,count,INFEASIBLE,INFEASIBLE,INFEASIBLE,INFEASIBLE,INFEASIBLE,INFEASIBLE,INFEASIBLE,INFEASIBLE,INFEASIBLE,INFEASIBLE,INFEASIBLE,INFEASIBLE,INFEASIBLE,INFEASIBLE,INFEASIBLE,INFEASIBLE,INFEASIBLE,INFEASIBLE,INFEASIBLE,INFEASIBLE,INFEASIBLE,INFEASIBLE,INFEASIBLE,,INFEASIBLE,INFEASIBLE,INFEASIBLE,INFEASIBLE,INFEASIBLE,INFEASIBLE,INFEASIBLE,INFEASIBLE,INFEASIBLE,INFEASIBLE,INFEASIBLE,INFEASIBLE,INFEASIBLE,INFEASIBLE,INFEASIBLE,INFEASIBLE,INFEASIBLE,INFEASIBLE,INFEASIBLE,INFEASIBLE,INFEASIBLE,INFEASIBLE,INFEASIBLE,INFEASIBLE,INFEASIBLE,no_trials_in_band
corr_mix,score_only,max_abs,INFEASIBLE,0.75,budget_only,count,INFEASIBLE,INFEASIBLE,INFEASIBLE,INFEASIBLE,INFEASIBLE,INFEASIBLE,INFEASIBLE,INFEASIBLE,INFEASIBLE,INFEASIBLE,INFEASIBLE,INFEASIBLE,INFEASIBLE,INFEASIBLE,INFEASIBLE,INFEASIBLE,INFEASIBLE,INFEASIBLE,INFEASIBLE,INFEASIBLE,INFEASIBLE,INFEASIBLE,INFEASIBLE,,INFEASIBLE,INFEASIBLE,INFEASIBLE,INFEASIBLE,INFEASIBLE,INFEASIBLE,INFEASIBLE,INFEASIBLE,INFEASIBLE,INFEASIBLE,INFEASIBLE,INFEASIBLE,INFEASIBLE,INFEASIBLE,INFEASIBLE,INFEASIBLE,INFEASIBLE,INFEASIBLE,INFEASIBLE,INFEASIBLE,INFEASIBLE,INFEASIBLE,INFEASIBLE,INFEASIBLE,INFEASIBLE,no_trials_in_band
corr_mix,score_only,max_abs,INFEASIBLE,1.0,budget_only,count,INFEASIBLE,INFEASIBLE,INFEASIBLE,INFEASIBLE,INFEASIBLE,INFEASIBLE,INFEASIBLE,INFEASIBLE,INFEASIBLE,INFEASIBLE,INFEASIBLE,INFEASIBLE,INFEASIBLE,INFEASIBLE,INFEASIBLE,INFEASIBLE,INFEASIBLE,INFEASIBLE,INFEASIBLE,INFEASIBLE,INFEASIBLE,INFEASIBLE,INFEASIBLE,,INFEASIBLE,INFEASIBLE,INFEASIBLE,INFEASIBLE,INFEASIBLE,INFEASIBLE,INFEASIBLE,INFEASIBLE,INFEASIBLE,INFEASIBLE,INFEASIBLE,INFEASIBLE,INFEASIBLE,INFEASIBLE,INFEASIBLE,INFEASIBLE,INFEASIBLE,INFEASIBLE,INFEASIBLE,INFEASIBLE,INFEASIBLE,INFEASIBLE,INFEASIBLE,INFEASIBLE,INFEASIBLE,no_trials_in_band
corr_mix,score_only,pc_t2,1.0,0.0,budget_only,count,0.1,0.15,0.1,30,22,22,22,0.7333333333333333,0.7333333333333333,0.7333333333333333,0.7375886524822696,0.01418439716312057,4.0,0.0,0.0,0.0,0.0,0.0,0.0,0.0,0.0,0.0,0.0,4.0,26.0,26.0,26.0,26.0,26.0,26.0,26.0,26.0,26.0,26.0,NA,NA,0.7375886524822696,0.7375886524822696,0.01418439716312057,0.0034530692490419056,-0.021014480930718293,0.7375886524822696,0.01418439716312057,0.0,0.0,0.0,0.0,0.0,OK,
corr_mix,score_only,pc_t2,1.0,0.25,budget_only,count,0.1,0.15,0.1,30,22,22,22,0.7333333333333333,0.7333333333333333,0.7333333333333333,0.7375886524822696,0.01418439716312057,4.0,0.0,0.0,0.0,0.0,0.0,0.0,0.0,0.0,0.0,0.0,4.0,26.0,26.0,26.0,26.0,26.0,26.0,26.0,26.0,26.0,26.0,NA,NA,0.7375886524822696,0.7375886524822696,0.01418439716312057,0.0034530692490419056,-0.03494716041096379,0.7375886524822696,0.01418439716312057,0.0,0.0,0.0,0.0,0.0,OK,
corr_mix,score_only,pc_t2,1.0,0.5,budget_only,count,0.1,0.15,0.1,30,22,22,22,0.7333333333333333,0.7333333333333333,0.7333333333333333,0.7375886524822696,0.01418439716312057,4.0,0.0,0.0,0.0,0.0,0.0,0.0,0.0,0.0,0.0,0.0,4.0,26.0,26.0,26.0,26.0,26.0,26.0,26.0,26.0,26.0,26.0,NA,NA,0.7375886524822696,0.7375886524822696,0.01418439716312057,0.0034530692490419056,-0.05615503389712955,0.7375886524822696,0.01418439716312057,0.0,0.0,0.0,0.0,0.0,OK,
corr_mix,score_only,pc_t2,1.0,0.75,budget_only,count,0.1,0.15,0.1,30,22,22,22,0.7333333333333333,0.7333333333333333,0.7333333333333333,0.7375886524822696,0.01418439716312057,4.0,0.0,0.0,0.0,0.0,0.0,0.0,0.0,0.0,0.0,0.0,4.0,26.0,26.0,26.0,26.0,26.0,26.0,26.0,26.0,26.0,26.0,NA,NA,0.7375886524822696,0.7375886524822696,0.01418439716312057,0.0034530692490419056,-0.057290256649326916,0.7375886524822696,0.01418439716312057,0.0,0.0,0.0,0.0,0.0,OK,
corr_mix,score_only,pc_t2,1.0,1.0,budget_only,count,0.1,0.15,0.1,30,22,22,22,0.7333333333333333,0.7333333333333333,0.7333333333333333,0.7375886524822696,0.01418439716312057,4.0,0.0,0.0,0.0,0.0,0.0,0.0,0.0,0.0,0.0,0.0,4.0,26.0,26.0,26.0,26.0,26.0,26.0,26.0,26.0,26.0,26.0,NA,NA,0.7375886524822696,0.7375886524822696,0.01418439716312057,0.0034530692490419056,-0.04132711621264065,0.7375886524822696,0.01418439716312057,0.0,0.0,0.0,0.0,0.0,OK,
corr_mix,score_only,pc_t2,INFEASIBLE,0.0,budget_only,count,INFEASIBLE,INFEASIBLE,INFEASIBLE,INFEASIBLE,INFEASIBLE,INFEASIBLE,INFEASIBLE,INFEASIBLE,INFEASIBLE,INFEASIBLE,INFEASIBLE,INFEASIBLE,INFEASIBLE,INFEASIBLE,INFEASIBLE,INFEASIBLE,INFEASIBLE,INFEASIBLE,INFEASIBLE,INFEASIBLE,INFEASIBLE,INFEASIBLE,INFEASIBLE,,INFEASIBLE,INFEASIBLE,INFEASIBLE,INFEASIBLE,INFEASIBLE,INFEASIBLE,INFEASIBLE,INFEASIBLE,INFEASIBLE,INFEASIBLE,INFEASIBLE,INFEASIBLE,INFEASIBLE,INFEASIBLE,INFEASIBLE,INFEASIBLE,INFEASIBLE,INFEASIBLE,INFEASIBLE,INFEASIBLE,INFEASIBLE,INFEASIBLE,INFEASIBLE,INFEASIBLE,INFEASIBLE,no_trials_in_band
corr_mix,score_only,pc_t2,INFEASIBLE,0.25,budget_only,count,INFEASIBLE,INFEASIBLE,INFEASIBLE,INFEASIBLE,INFEASIBLE,INFEASIBLE,INFEASIBLE,INFEASIBLE,INFEASIBLE,INFEASIBLE,INFEASIBLE,INFEASIBLE,INFEASIBLE,INFEASIBLE,INFEASIBLE,INFEASIBLE,INFEASIBLE,INFEASIBLE,INFEASIBLE,INFEASIBLE,INFEASIBLE,INFEASIBLE,INFEASIBLE,,INFEASIBLE,INFEASIBLE,INFEASIBLE,INFEASIBLE,INFEASIBLE,INFEASIBLE,INFEASIBLE,INFEASIBLE,INFEASIBLE,INFEASIBLE,INFEASIBLE,INFEASIBLE,INFEASIBLE,INFEASIBLE,INFEASIBLE,INFEASIBLE,INFEASIBLE,INFEASIBLE,INFEASIBLE,INFEASIBLE,INFEASIBLE,INFEASIBLE,INFEASIBLE,INFEASIBLE,INFEASIBLE,no_trials_in_band
corr_mix,score_only,pc_t2,INFEASIBLE,0.5,budget_only,count,INFEASIBLE,INFEASIBLE,INFEASIBLE,INFEASIBLE,INFEASIBLE,INFEASIBLE,INFEASIBLE,INFEASIBLE,INFEASIBLE,INFEASIBLE,INFEASIBLE,INFEASIBLE,INFEASIBLE,INFEASIBLE,INFEASIBLE,INFEASIBLE,INFEASIBLE,INFEASIBLE,INFEASIBLE,INFEASIBLE,INFEASIBLE,INFEASIBLE,INFEASIBLE,,INFEASIBLE,INFEASIBLE,INFEASIBLE,INFEASIBLE,INFEASIBLE,INFEASIBLE,INFEASIBLE,INFEASIBLE,INFEASIBLE,INFEASIBLE,INFEASIBLE,INFEASIBLE,INFEASIBLE,INFEASIBLE,INFEASIBLE,INFEASIBLE,INFEASIBLE,INFEASIBLE,INFEASIBLE,INFEASIBLE,INFEASIBLE,INFEASIBLE,INFEASIBLE,INFEASIBLE,INFEASIBLE,no_trials_in_band
corr_mix,score_only,pc_t2,INFEASIBLE,0.75,budget_only,count,INFEASIBLE,INFEASIBLE,INFEASIBLE,INFEASIBLE,INFEASIBLE,INFEASIBLE,INFEASIBLE,INFEASIBLE,INFEASIBLE,INFEASIBLE,INFEASIBLE,INFEASIBLE,INFEASIBLE,INFEASIBLE,INFEASIBLE,INFEASIBLE,INFEASIBLE,INFEASIBLE,INFEASIBLE,INFEASIBLE,INFEASIBLE,INFEASIBLE,INFEASIBLE,,INFEASIBLE,INFEASIBLE,INFEASIBLE,INFEASIBLE,INFEASIBLE,INFEASIBLE,INFEASIBLE,INFEASIBLE,INFEASIBLE,INFEASIBLE,INFEASIBLE,INFEASIBLE,INFEASIBLE,INFEASIBLE,INFEASIBLE,INFEASIBLE,INFEASIBLE,INFEASIBLE,INFEASIBLE,INFEASIBLE,INFEASIBLE,INFEASIBLE,INFEASIBLE,INFEASIBLE,INFEASIBLE,no_trials_in_band
corr_mix,score_only,pc_t2,INFEASIBLE,1.0,budget_only,count,INFEASIBLE,INFEASIBLE,INFEASIBLE,INFEASIBLE,INFEASIBLE,INFEASIBLE,INFEASIBLE,INFEASIBLE,INFEASIBLE,INFEASIBLE,INFEASIBLE,INFEASIBLE,INFEASIBLE,INFEASIBLE,INFEASIBLE,INFEASIBLE,INFEASIBLE,INFEASIBLE,INFEASIBLE,INFEASIBLE,INFEASIBLE,INFEASIBLE,INFEASIBLE,,INFEASIBLE,INFEASIBLE,INFEASIBLE,INFEASIBLE,INFEASIBLE,INFEASIBLE,INFEASIBLE,INFEASIBLE,INFEASIBLE,INFEASIBLE,INFEASIBLE,INFEASIBLE,INFEASIBLE,INFEASIBLE,INFEASIBLE,INFEASIBLE,INFEASIBLE,INFEASIBLE,INFEASIBLE,INFEASIBLE,INFEASIBLE,INFEASIBLE,INFEASIBLE,INFEASIBLE,INFEASIBLE,no_trials_in_band
corr_mix,score_only,res_energy,1.0,0.0,budget_only,count,0.1,0.15,0.1,30,30,30,30,1.0,1.0,1.0,0.8236406619385342,0.022222222222222223,4.466666666666667,0.5333333333333333,0.5333333333333333,0.0,0.5333333333333333,0.1,0.5333333333333333,0.1,0.0,0.1,0.1,4.0,23.0,23.0,23.0,26.0,23.0,26.0,23.0,26.0,23.0,26.0,10.5,10.5,1.1555555555555552,0.8236406619385342,0.022222222222222223,0.0070125393775205035,0.27777405084599993,0.8236406619385342,0.022222222222222223,0.0,0.0,0.0,0.0,0.0,OK,
corr_mix,score_only,res_energy,1.0,0.25,budget_only,count,0.1,0.15,0.1,30,30,30,30,1.0,1.0,1.0,0.8236406619385342,0.022222222222222223,4.466666666666667,0.9666666666666667,0.5333333333333333,0.43333333333333335,0.9666666666666667,0.43333333333333335,0.9666666666666667,0.43333333333333335,0.0,0.43333333333333335,0.43333333333333335,4.0,6.0,23.0,6.0,20.400000000000006,23.0,26.0,6.0,20.400000000000006,6.0,20.400000000000006,5.0,10.5,0.9465721040189122,0.7252955082742315,0.01820330969267139,0.0070125393775205035,943710164.8885796,0.8236406619385342,0.022222222222222223,0.2743589743589744,0.01111111111111111,0.258974358974359,0.258974358974359,-0.01111111111111111,OK,
corr_mix,score_only,res_energy,1.0,0.5,budget_only,count,0.1,0.15,0.1,30,30,30,30,1.0,1.0,1.0,0.8236406619385342,0.022222222222222223,4.466666666666667,0.9,0.5333333333333333,0.3666666666666667,0.9,0.43333333333333335,0.9,0.43333333333333335,0.0,0.43333333333333335,0.43333333333333335,4.0,6.0,23.0,6.0,25.1,23.0,26.0,6.0,25.1,6.0,25.1,5.0,10.5,0.9465721040189122,0.7252955082742315,0.01820330969267139,0.0070125393775205035,3774864498.7441015,0.8236406619385342,0.022222222222222223,0.2705128205128205,0.01111111111111111,0.2551282051282051,0.2551282051282051,-0.01111111111111111,OK,
corr_mix,score_only,res_energy,1.0,0.75,budget_only,count,0.1,0.15,0.1,30,30,30,30,1.0,1.0,1.0,0.8236406619385342,0.022222222222222223,4.466666666666667,0.9,0.5333333333333333,0.3666666666666667,0.9,0.43333333333333335,0.9,0.43333333333333335,0.0,0.43333333333333335,0.43333333333333335,4.0,6.0,23.0,6.0,24.200000000000003,23.0,26.0,6.0,24.200000000000003,6.0,24.200000000000003,5.0,10.5,0.9465721040189122,0.7252955082742315,0.01820330969267139,0.0070125393775205035,8493461773.945389,0.8236406619385342,0.022222222222222223,0.27435897435897433,0.01111111111111111,0.258974358974359,0.258974358974359,-0.01111111111111111,OK,
corr_mix,score_only,res_energy,1.0,1.0,budget_only,count,0.1,0.15,0.1,30,30,30,30,1.0,1.0,1.0,0.8236406619385342,0.022222222222222223,4.466666666666667,0.9,0.5333333333333333,0.3666666666666667,0.9,0.43333333333333335,0.9,0.43333333333333335,0.0,0.43333333333333335,0.43333333333333335,4.0,6.0,23.0,6.0,24.200000000000003,23.0,26.0,6.0,24.200000000000003,6.0,24.200000000000003,5.0,10.5,0.9465721040189122,0.7252955082742315,0.01820330969267139,0.0070125393775205035,15099501521.484913,0.8236406619385342,0.022222222222222223,0.27435897435897433,0.01111111111111111,0.258974358974359,0.258974358974359,-0.01111111111111111,OK,
corr_mix,score_only,res_energy,INFEASIBLE,0.0,budget_only,count,INFEASIBLE,INFEASIBLE,INFEASIBLE,INFEASIBLE,INFEASIBLE,INFEASIBLE,INFEASIBLE,INFEASIBLE,INFEASIBLE,INFEASIBLE,INFEASIBLE,INFEASIBLE,INFEASIBLE,INFEASIBLE,INFEASIBLE,INFEASIBLE,INFEASIBLE,INFEASIBLE,INFEASIBLE,INFEASIBLE,INFEASIBLE,INFEASIBLE,INFEASIBLE,,INFEASIBLE,INFEASIBLE,INFEASIBLE,INFEASIBLE,INFEASIBLE,INFEASIBLE,INFEASIBLE,INFEASIBLE,INFEASIBLE,INFEASIBLE,INFEASIBLE,INFEASIBLE,INFEASIBLE,INFEASIBLE,INFEASIBLE,INFEASIBLE,INFEASIBLE,INFEASIBLE,INFEASIBLE,INFEASIBLE,INFEASIBLE,INFEASIBLE,INFEASIBLE,INFEASIBLE,INFEASIBLE,no_trials_in_band
corr_mix,score_only,res_energy,INFEASIBLE,0.25,budget_only,count,INFEASIBLE,INFEASIBLE,INFEASIBLE,INFEASIBLE,INFEASIBLE,INFEASIBLE,INFEASIBLE,INFEASIBLE,INFEASIBLE,INFEASIBLE,INFEASIBLE,INFEASIBLE,INFEASIBLE,INFEASIBLE,INFEASIBLE,INFEASIBLE,INFEASIBLE,INFEASIBLE,INFEASIBLE,INFEASIBLE,INFEASIBLE,INFEASIBLE,INFEASIBLE,,INFEASIBLE,INFEASIBLE,INFEASIBLE,INFEASIBLE,INFEASIBLE,INFEASIBLE,INFEASIBLE,INFEASIBLE,INFEASIBLE,INFEASIBLE,INFEASIBLE,INFEASIBLE,INFEASIBLE,INFEASIBLE,INFEASIBLE,INFEASIBLE,INFEASIBLE,INFEASIBLE,INFEASIBLE,INFEASIBLE,INFEASIBLE,INFEASIBLE,INFEASIBLE,INFEASIBLE,INFEASIBLE,no_trials_in_band
corr_mix,score_only,res_energy,INFEASIBLE,0.5,budget_only,count,INFEASIBLE,INFEASIBLE,INFEASIBLE,INFEASIBLE,INFEASIBLE,INFEASIBLE,INFEASIBLE,INFEASIBLE,INFEASIBLE,INFEASIBLE,INFEASIBLE,INFEASIBLE,INFEASIBLE,INFEASIBLE,INFEASIBLE,INFEASIBLE,INFEASIBLE,INFEASIBLE,INFEASIBLE,INFEASIBLE,INFEASIBLE,INFEASIBLE,INFEASIBLE,,INFEASIBLE,INFEASIBLE,INFEASIBLE,INFEASIBLE,INFEASIBLE,INFEASIBLE,INFEASIBLE,INFEASIBLE,INFEASIBLE,INFEASIBLE,INFEASIBLE,INFEASIBLE,INFEASIBLE,INFEASIBLE,INFEASIBLE,INFEASIBLE,INFEASIBLE,INFEASIBLE,INFEASIBLE,INFEASIBLE,INFEASIBLE,INFEASIBLE,INFEASIBLE,INFEASIBLE,INFEASIBLE,no_trials_in_band
corr_mix,score_only,res_energy,INFEASIBLE,0.75,budget_only,count,INFEASIBLE,INFEASIBLE,INFEASIBLE,INFEASIBLE,INFEASIBLE,INFEASIBLE,INFEASIBLE,INFEASIBLE,INFEASIBLE,INFEASIBLE,INFEASIBLE,INFEASIBLE,INFEASIBLE,INFEASIBLE,INFEASIBLE,INFEASIBLE,INFEASIBLE,INFEASIBLE,INFEASIBLE,INFEASIBLE,INFEASIBLE,INFEASIBLE,INFEASIBLE,,INFEASIBLE,INFEASIBLE,INFEASIBLE,INFEASIBLE,INFEASIBLE,INFEASIBLE,INFEASIBLE,INFEASIBLE,INFEASIBLE,INFEASIBLE,INFEASIBLE,INFEASIBLE,INFEASIBLE,INFEASIBLE,INFEASIBLE,INFEASIBLE,INFEASIBLE,INFEASIBLE,INFEASIBLE,INFEASIBLE,INFEASIBLE,INFEASIBLE,INFEASIBLE,INFEASIBLE,INFEASIBLE,no_trials_in_band
corr_mix,score_only,res_energy,INFEASIBLE,1.0,budget_only,count,INFEASIBLE,INFEASIBLE,INFEASIBLE,INFEASIBLE,INFEASIBLE,INFEASIBLE,INFEASIBLE,INFEASIBLE,INFEASIBLE,INFEASIBLE,INFEASIBLE,INFEASIBLE,INFEASIBLE,INFEASIBLE,INFEASIBLE,INFEASIBLE,INFEASIBLE,INFEASIBLE,INFEASIBLE,INFEASIBLE,INFEASIBLE,INFEASIBLE,INFEASIBLE,,INFEASIBLE,INFEASIBLE,INFEASIBLE,INFEASIBLE,INFEASIBLE,INFEASIBLE,INFEASIBLE,INFEASIBLE,INFEASIBLE,INFEASIBLE,INFEASIBLE,INFEASIBLE,INFEASIBLE,INFEASIBLE,INFEASIBLE,INFEASIBLE,INFEASIBLE,INFEASIBLE,INFEASIBLE,INFEASIBLE,INFEASIBLE,INFEASIBLE,INFEASIBLE,INFEASIBLE,INFEASIBLE,no_trials_in_band
corr_mix,score_only,stale,1.0,0.0,budget_only,count,0.1,0.15,0.1,30,1,0,1,0.03333333333333333,0.0,0.03333333333333333,1.1063829787234043,0.5035460992907801,6.0,0.0,0.0,0.0,1.0,1.0,1.0,1.0,1.0,0.0,0.0,4.0,26.0,26.0,26.0,26.0,26.0,26.0,0.0,0.0,26.0,26.0,NA,NA,26.184397163120565,1.1063829787234043,0.5035460992907801,1e-06,-1.096085409252669,1.1063829787234043,0.5035460992907801,0.0,0.0,0.0,0.0,0.0,OK,
corr_mix,score_only,stale,1.0,0.25,budget_only,count,0.1,0.15,0.1,30,1,0,1,0.03333333333333333,0.0,0.03333333333333333,1.1063829787234043,0.5035460992907801,6.0,0.0,0.0,0.0,1.0,1.0,1.0,1.0,1.0,0.0,0.0,4.0,26.0,26.0,26.0,26.0,26.0,26.0,0.0,0.0,26.0,26.0,NA,NA,26.184397163120565,1.1063829787234043,0.5035460992907801,1e-06,-1.096085409252669,1.1063829787234043,0.5035460992907801,0.0,0.0,0.0,0.0,0.0,OK,
corr_mix,score_only,stale,1.0,0.5,budget_only,count,0.1,0.15,0.1,30,1,0,1,0.03333333333333333,0.0,0.03333333333333333,1.1063829787234043,0.5035460992907801,6.0,0.0,0.0,0.0,1.0,1.0,1.0,1.0,1.0,0.0,0.0,4.0,26.0,26.0,26.0,26.0,26.0,26.0,0.0,0.0,26.0,26.0,NA,NA,26.184397163120565,1.1063829787234043,0.5035460992907801,1e-06,-1.096085409252669,1.1063829787234043,0.5035460992907801,0.0,0.0,0.0,0.0,0.0,OK,
corr_mix,score_only,stale,1.0,0.75,budget_only,count,0.1,0.15,0.1,30,1,0,1,0.03333333333333333,0.0,0.03333333333333333,1.1063829787234043,0.5035460992907801,6.0,0.0,0.0,0.0,1.0,1.0,1.0,1.0,1.0,0.0,0.0,4.0,26.0,26.0,26.0,26.0,26.0,26.0,0.0,0.0,26.0,26.0,NA,NA,26.184397163120565,1.1063829787234043,0.5035460992907801,1e-06,-1.096085409252669,1.1063829787234043,0.5035460992907801,0.0,0.0,0.0,0.0,0.0,OK,
corr_mix,score_only,stale,1.0,1.0,budget_only,count,0.1,0.15,0.1,30,1,0,1,0.03333333333333333,0.0,0.03333333333333333,1.1063829787234043,0.5035460992907801,6.0,0.0,0.0,0.0,1.0,1.0,1.0,1.0,1.0,0.0,0.0,4.0,26.0,26.0,26.0,26.0,26.0,26.0,0.0,0.0,26.0,26.0,NA,NA,26.184397163120565,1.1063829787234043,0.5035460992907801,1e-06,-1.096085409252669,1.1063829787234043,0.5035460992907801,0.0,0.0,0.0,0.0,0.0,OK,
corr_mix,score_only,stale,INFEASIBLE,0.0,budget_only,count,INFEASIBLE,INFEASIBLE,INFEASIBLE,INFEASIBLE,INFEASIBLE,INFEASIBLE,INFEASIBLE,INFEASIBLE,INFEASIBLE,INFEASIBLE,INFEASIBLE,INFEASIBLE,INFEASIBLE,INFEASIBLE,INFEASIBLE,INFEASIBLE,INFEASIBLE,INFEASIBLE,INFEASIBLE,INFEASIBLE,INFEASIBLE,INFEASIBLE,INFEASIBLE,,INFEASIBLE,INFEASIBLE,INFEASIBLE,INFEASIBLE,INFEASIBLE,INFEASIBLE,INFEASIBLE,INFEASIBLE,INFEASIBLE,INFEASIBLE,INFEASIBLE,INFEASIBLE,INFEASIBLE,INFEASIBLE,INFEASIBLE,INFEASIBLE,INFEASIBLE,INFEASIBLE,INFEASIBLE,INFEASIBLE,INFEASIBLE,INFEASIBLE,INFEASIBLE,INFEASIBLE,INFEASIBLE,no_trials_in_band
corr_mix,score_only,stale,INFEASIBLE,0.25,budget_only,count,INFEASIBLE,INFEASIBLE,INFEASIBLE,INFEASIBLE,INFEASIBLE,INFEASIBLE,INFEASIBLE,INFEASIBLE,INFEASIBLE,INFEASIBLE,INFEASIBLE,INFEASIBLE,INFEASIBLE,INFEASIBLE,INFEASIBLE,INFEASIBLE,INFEASIBLE,INFEASIBLE,INFEASIBLE,INFEASIBLE,INFEASIBLE,INFEASIBLE,INFEASIBLE,,INFEASIBLE,INFEASIBLE,INFEASIBLE,INFEASIBLE,INFEASIBLE,INFEASIBLE,INFEASIBLE,INFEASIBLE,INFEASIBLE,INFEASIBLE,INFEASIBLE,INFEASIBLE,INFEASIBLE,INFEASIBLE,INFEASIBLE,INFEASIBLE,INFEASIBLE,INFEASIBLE,INFEASIBLE,INFEASIBLE,INFEASIBLE,INFEASIBLE,INFEASIBLE,INFEASIBLE,INFEASIBLE,no_trials_in_band
corr_mix,score_only,stale,INFEASIBLE,0.5,budget_only,count,INFEASIBLE,INFEASIBLE,INFEASIBLE,INFEASIBLE,INFEASIBLE,INFEASIBLE,INFEASIBLE,INFEASIBLE,INFEASIBLE,INFEASIBLE,INFEASIBLE,INFEASIBLE,INFEASIBLE,INFEASIBLE,INFEASIBLE,INFEASIBLE,INFEASIBLE,INFEASIBLE,INFEASIBLE,INFEASIBLE,INFEASIBLE,INFEASIBLE,INFEASIBLE,,INFEASIBLE,INFEASIBLE,INFEASIBLE,INFEASIBLE,INFEASIBLE,INFEASIBLE,INFEASIBLE,INFEASIBLE,INFEASIBLE,INFEASIBLE,INFEASIBLE,INFEASIBLE,INFEASIBLE,INFEASIBLE,INFEASIBLE,INFEASIBLE,INFEASIBLE,INFEASIBLE,INFEASIBLE,INFEASIBLE,INFEASIBLE,INFEASIBLE,INFEASIBLE,INFEASIBLE,INFEASIBLE,no_trials_in_band
corr_mix,score_only,stale,INFEASIBLE,0.75,budget_only,count,INFEASIBLE,INFEASIBLE,INFEASIBLE,INFEASIBLE,INFEASIBLE,INFEASIBLE,INFEASIBLE,INFEASIBLE,INFEASIBLE,INFEASIBLE,INFEASIBLE,INFEASIBLE,INFEASIBLE,INFEASIBLE,INFEASIBLE,INFEASIBLE,INFEASIBLE,INFEASIBLE,INFEASIBLE,INFEASIBLE,INFEASIBLE,INFEASIBLE,INFEASIBLE,,INFEASIBLE,INFEASIBLE,INFEASIBLE,INFEASIBLE,INFEASIBLE,INFEASIBLE,INFEASIBLE,INFEASIBLE,INFEASIBLE,INFEASIBLE,INFEASIBLE,INFEASIBLE,INFEASIBLE,INFEASIBLE,INFEASIBLE,INFEASIBLE,INFEASIBLE,INFEASIBLE,INFEASIBLE,INFEASIBLE,INFEASIBLE,INFEASIBLE,INFEASIBLE,INFEASIBLE,INFEASIBLE,no_trials_in_band
corr_mix,score_only,stale,INFEASIBLE,1.0,budget_only,count,INFEASIBLE,INFEASIBLE,INFEASIBLE,INFEASIBLE,INFEASIBLE,INFEASIBLE,INFEASIBLE,INFEASIBLE,INFEASIBLE,INFEASIBLE,INFEASIBLE,INFEASIBLE,INFEASIBLE,INFEASIBLE,INFEASIBLE,INFEASIBLE,INFEASIBLE,INFEASIBLE,INFEASIBLE,INFEASIBLE,INFEASIBLE,INFEASIBLE,INFEASIBLE,,INFEASIBLE,INFEASIBLE,INFEASIBLE,INFEASIBLE,INFEASIBLE,INFEASIBLE,INFEASIBLE,INFEASIBLE,INFEASIBLE,INFEASIBLE,INFEASIBLE,INFEASIBLE,INFEASIBLE,INFEASIBLE,INFEASIBLE,INFEASIBLE,INFEASIBLE,INFEASIBLE,INFEASIBLE,INFEASIBLE,INFEASIBLE,INFEASIBLE,INFEASIBLE,INFEASIBLE,INFEASIBLE,no_trials_in_band
freeze,all_only,T2,1.0,0.0,budget_only,count,0.1,0.15,0.1,30,30,30,30,1.0,1.0,1.0,0.8543735224586289,0.019621749408983456,4.633333333333334,0.36666666666666664,0.36666666666666664,0.0,0.36666666666666664,0.0,0.36666666666666664,0.0,0.0,0.0,0.0,4.0,26.0,26.0,26.0,26.0,26.0,26.0,26.0,26.0,26.0,26.0,15.0,15.0,1.0203309692671394,0.8543735224586289,0.019621749408983456,0.020294593204858803,0.0,0.8543735224586289,0.019621749408983456,0.0,0.0,0.0,0.0,0.0,OK,
freeze,all_only,T2,1.0,0.25,budget_only,count,0.1,0.15,0.1,30,30,30,30,1.0,1.0,1.0,0.8543735224586289,0.019621749408983456,4.633333333333334,0.36666666666666664,0.36666666666666664,0.0,0.36666666666666664,0.0,0.36666666666666664,0.0,0.0,0.0,0.0,4.0,26.0,26.0,26.0,26.0,26.0,26.0,26.0,26.0,26.0,26.0,15.0,15.0,1.0203309692671394,0.8543735224586289,0.019621749408983456,0.020294593204858803,0.0,0.8543735224586289,0.019621749408983456,0.0,0.0,0.0,0.0,0.0,OK,
freeze,all_only,T2,1.0,0.5,budget_only,count,0.1,0.15,0.1,30,30,30,30,1.0,1.0,1.0,0.8543735224586289,0.019621749408983456,4.633333333333334,0.36666666666666664,0.36666666666666664,0.0,0.36666666666666664,0.0,0.36666666666666664,0.0,0.0,0.0,0.0,4.0,26.0,26.0,26.0,26.0,26.0,26.0,26.0,26.0,26.0,26.0,15.0,15.0,1.0203309692671394,0.8543735224586289,0.019621749408983456,0.020294593204858803,0.0,0.8543735224586289,0.019621749408983456,0.0,0.0,0.0,0.0,0.0,OK,
freeze,all_only,T2,1.0,0.75,budget_only,count,0.1,0.15,0.1,30,30,30,30,1.0,1.0,1.0,0.8543735224586289,0.019621749408983456,4.633333333333334,0.36666666666666664,0.36666666666666664,0.0,0.36666666666666664,0.0,0.36666666666666664,0.0,0.0,0.0,0.0,4.0,26.0,26.0,26.0,26.0,26.0,26.0,26.0,26.0,26.0,26.0,15.0,15.0,1.0203309692671394,0.8543735224586289,0.019621749408983456,0.020294593204858803,0.0,0.8543735224586289,0.019621749408983456,0.0,0.0,0.0,0.0,0.0,OK,
freeze,all_only,T2,1.0,1.0,budget_only,count,0.1,0.15,0.1,30,30,30,30,1.0,1.0,1.0,0.8543735224586289,0.019621749408983456,4.633333333333334,0.36666666666666664,0.36666666666666664,0.0,0.36666666666666664,0.0,0.36666666666666664,0.0,0.0,0.0,0.0,4.0,26.0,26.0,26.0,26.0,26.0,26.0,26.0,26.0,26.0,26.0,15.0,15.0,1.0203309692671394,0.8543735224586289,0.019621749408983456,0.020294593204858803,0.0,0.8543735224586289,0.019621749408983456,0.0,0.0,0.0,0.0,0.0,OK,
freeze,all_only,T2,INFEASIBLE,0.0,budget_only,count,INFEASIBLE,INFEASIBLE,INFEASIBLE,INFEASIBLE,INFEASIBLE,INFEASIBLE,INFEASIBLE,INFEASIBLE,INFEASIBLE,INFEASIBLE,INFEASIBLE,INFEASIBLE,INFEASIBLE,INFEASIBLE,INFEASIBLE,INFEASIBLE,INFEASIBLE,INFEASIBLE,INFEASIBLE,INFEASIBLE,INFEASIBLE,INFEASIBLE,INFEASIBLE,,INFEASIBLE,INFEASIBLE,INFEASIBLE,INFEASIBLE,INFEASIBLE,INFEASIBLE,INFEASIBLE,INFEASIBLE,INFEASIBLE,INFEASIBLE,INFEASIBLE,INFEASIBLE,INFEASIBLE,INFEASIBLE,INFEASIBLE,INFEASIBLE,INFEASIBLE,INFEASIBLE,INFEASIBLE,INFEASIBLE,INFEASIBLE,INFEASIBLE,INFEASIBLE,INFEASIBLE,INFEASIBLE,no_trials_in_band
freeze,all_only,T2,INFEASIBLE,0.25,budget_only,count,INFEASIBLE,INFEASIBLE,INFEASIBLE,INFEASIBLE,INFEASIBLE,INFEASIBLE,INFEASIBLE,INFEASIBLE,INFEASIBLE,INFEASIBLE,INFEASIBLE,INFEASIBLE,INFEASIBLE,INFEASIBLE,INFEASIBLE,INFEASIBLE,INFEASIBLE,INFEASIBLE,INFEASIBLE,INFEASIBLE,INFEASIBLE,INFEASIBLE,INFEASIBLE,,INFEASIBLE,INFEASIBLE,INFEASIBLE,INFEASIBLE,INFEASIBLE,INFEASIBLE,INFEASIBLE,INFEASIBLE,INFEASIBLE,INFEASIBLE,INFEASIBLE,INFEASIBLE,INFEASIBLE,INFEASIBLE,INFEASIBLE,INFEASIBLE,INFEASIBLE,INFEASIBLE,INFEASIBLE,INFEASIBLE,INFEASIBLE,INFEASIBLE,INFEASIBLE,INFEASIBLE,INFEASIBLE,no_trials_in_band
freeze,all_only,T2,INFEASIBLE,0.5,budget_only,count,INFEASIBLE,INFEASIBLE,INFEASIBLE,INFEASIBLE,INFEASIBLE,INFEASIBLE,INFEASIBLE,INFEASIBLE,INFEASIBLE,INFEASIBLE,INFEASIBLE,INFEASIBLE,INFEASIBLE,INFEASIBLE,INFEASIBLE,INFEASIBLE,INFEASIBLE,INFEASIBLE,INFEASIBLE,INFEASIBLE,INFEASIBLE,INFEASIBLE,INFEASIBLE,,INFEASIBLE,INFEASIBLE,INFEASIBLE,INFEASIBLE,INFEASIBLE,INFEASIBLE,INFEASIBLE,INFEASIBLE,INFEASIBLE,INFEASIBLE,INFEASIBLE,INFEASIBLE,INFEASIBLE,INFEASIBLE,INFEASIBLE,INFEASIBLE,INFEASIBLE,INFEASIBLE,INFEASIBLE,INFEASIBLE,INFEASIBLE,INFEASIBLE,INFEASIBLE,INFEASIBLE,INFEASIBLE,no_trials_in_band
freeze,all_only,T2,INFEASIBLE,0.75,budget_only,count,INFEASIBLE,INFEASIBLE,INFEASIBLE,INFEASIBLE,INFEASIBLE,INFEASIBLE,INFEASIBLE,INFEASIBLE,INFEASIBLE,INFEASIBLE,INFEASIBLE,INFEASIBLE,INFEASIBLE,INFEASIBLE,INFEASIBLE,INFEASIBLE,INFEASIBLE,INFEASIBLE,INFEASIBLE,INFEASIBLE,INFEASIBLE,INFEASIBLE,INFEASIBLE,,INFEASIBLE,INFEASIBLE,INFEASIBLE,INFEASIBLE,INFEASIBLE,INFEASIBLE,INFEASIBLE,INFEASIBLE,INFEASIBLE,INFEASIBLE,INFEASIBLE,INFEASIBLE,INFEASIBLE,INFEASIBLE,INFEASIBLE,INFEASIBLE,INFEASIBLE,INFEASIBLE,INFEASIBLE,INFEASIBLE,INFEASIBLE,INFEASIBLE,INFEASIBLE,INFEASIBLE,INFEASIBLE,no_trials_in_band
freeze,all_only,T2,INFEASIBLE,1.0,budget_only,count,INFEASIBLE,INFEASIBLE,INFEASIBLE,INFEASIBLE,INFEASIBLE,INFEASIBLE,INFEASIBLE,INFEASIBLE,INFEASIBLE,INFEASIBLE,INFEASIBLE,INFEASIBLE,INFEASIBLE,INFEASIBLE,INFEASIBLE,INFEASIBLE,INFEASIBLE,INFEASIBLE,INFEASIBLE,INFEASIBLE,INFEASIBLE,INFEASIBLE,INFEASIBLE,,INFEASIBLE,INFEASIBLE,INFEASIBLE,INFEASIBLE,INFEASIBLE,INFEASIBLE,INFEASIBLE,INFEASIBLE,INFEASIBLE,INFEASIBLE,INFEASIBLE,INFEASIBLE,INFEASIBLE,INFEASIBLE,INFEASIBLE,INFEASIBLE,INFEASIBLE,INFEASIBLE,INFEASIBLE,INFEASIBLE,INFEASIBLE,INFEASIBLE,INFEASIBLE,INFEASIBLE,INFEASIBLE,no_trials_in_band
freeze,all_only,cusum_factor_cov_lrt,1.0,0.0,budget_only,count,0.1,0.15,0.1,30,6,6,6,0.2,0.2,0.2,1.0449172576832153,0.020094562647754135,5.666666666666667,0.8333333333333334,0.8333333333333334,0.0,0.8333333333333334,0.3333333333333333,0.8333333333333334,0.3333333333333333,0.0,0.0,0.0,4.0,10.0,10.0,10.0,18.5,10.0,18.5,10.0,18.5,10.0,18.5,9.0,9.0,1.0449172576832153,1.0449172576832153,0.020094562647754135,NA,-0.3390941408377693,1.0449172576832153,0.020094562647754135,0.0,0.0,0.0,0.0,0.0,OK,
freeze,all_only,cusum_factor_cov_lrt,1.0,0.25,budget_only,count,0.1,0.15,0.1,30,6,6,6,0.2,0.2,0.2,1.0449172576832153,0.020094562647754135,5.666666666666667,0.8333333333333334,0.8333333333333334,0.0,0.8333333333333334,0.3333333333333333,0.8333333333333334,0.3333333333333333,0.0,0.0,0.0,4.0,10.0,10.0,10.0,18.5,10.0,18.5,10.0,18.5,10.0,18.5,9.0,9.0,1.0449172576832153,1.0449172576832153,0.020094562647754135,NA,-0.3390941408377693,1.0449172576832153,0.020094562647754135,0.0,0.0,0.0,0.0,0.0,OK,
freeze,all_only,cusum_factor_cov_lrt,1.0,0.5,budget_only,count,0.1,0.15,0.1,30,6,6,6,0.2,0.2,0.2,1.0449172576832153,0.020094562647754135,5.666666666666667,0.8333333333333334,0.8333333333333334,0.0,0.8333333333333334,0.3333333333333333,0.8333333333333334,0.3333333333333333,0.0,0.0,0.0,4.0,10.0,10.0,10.0,18.5,10.0,18.5,10.0,18.5,10.0,18.5,9.0,9.0,1.0449172576832153,1.0449172576832153,0.020094562647754135,NA,-0.3390941408377693,1.0449172576832153,0.020094562647754135,0.0,0.0,0.0,0.0,0.0,OK,
freeze,all_only,cusum_factor_cov_lrt,1.0,0.75,budget_only,count,0.1,0.15,0.1,30,6,6,6,0.2,0.2,0.2,1.0449172576832153,0.020094562647754135,5.666666666666667,0.8333333333333334,0.8333333333333334,0.0,0.8333333333333334,0.3333333333333333,0.8333333333333334,0.3333333333333333,0.0,0.0,0.0,4.0,10.0,10.0,10.0,18.5,10.0,18.5,10.0,18.5,10.0,18.5,9.0,9.0,1.0449172576832153,1.0449172576832153,0.020094562647754135,NA,-0.3390941408377693,1.0449172576832153,0.020094562647754135,0.0,0.0,0.0,0.0,0.0,OK,
freeze,all_only,cusum_factor_cov_lrt,1.0,1.0,budget_only,count,0.1,0.15,0.1,30,6,6,6,0.2,0.2,0.2,1.0449172576832153,0.020094562647754135,5.666666666666667,0.8333333333333334,0.8333333333333334,0.0,0.8333333333333334,0.3333333333333333,0.8333333333333334,0.3333333333333333,0.0,0.0,0.0,4.0,10.0,10.0,10.0,18.5,10.0,18.5,10.0,18.5,10.0,18.5,9.0,9.0,1.0449172576832153,1.0449172576832153,0.020094562647754135,NA,-0.3390941408377693,1.0449172576832153,0.020094562647754135,0.0,0.0,0.0,0.0,0.0,OK,
freeze,all_only,cusum_factor_cov_lrt,2.0,0.0,budget_only,count,0.1,0.15,0.1,30,1,1,1,0.03333333333333333,0.03333333333333333,0.03333333333333333,1.6595744680851063,0.031914893617021274,9.0,0.0,0.0,0.0,0.0,0.0,0.0,0.0,0.0,0.0,0.0,4.0,26.0,26.0,26.0,26.0,26.0,26.0,26.0,26.0,26.0,26.0,NA,NA,1.6595744680851063,1.6595744680851063,0.031914893617021274,NA,-0.988259385164778,1.6595744680851063,0.031914893617021274,0.0,0.0,0.0,0.0,0.0,OK,
freeze,all_only,cusum_factor_cov_lrt,2.0,0.25,budget_only,count,0.1,0.15,0.1,30,1,1,1,0.03333333333333333,0.03333333333333333,0.03333333333333333,1.6595744680851063,0.031914893617021274,9.0,0.0,0.0,0.0,0.0,0.0,0.0,0.0,0.0,0.0,0.0,4.0,26.0,26.0,26.0,26.0,26.0,26.0,26.0,26.0,26.0,26.0,NA,NA,1.6595744680851063,1.6595744680851063,0.031914893617021274,NA,-0.988259385164778,1.6595744680851063,0.031914893617021274,0.0,0.0,0.0,0.0,0.0,OK,
freeze,all_only,cusum_factor_cov_lrt,2.0,0.5,budget_only,count,0.1,0.15,0.1,30,1,1,1,0.03333333333333333,0.03333333333333333,0.03333333333333333,1.6595744680851063,0.031914893617021274,9.0,0.0,0.0,0.0,0.0,0.0,0.0,0.0,0.0,0.0,0.0,4.0,26.0,26.0,26.0,26.0,26.0,26.0,26.0,26.0,26.0,26.0,NA,NA,1.6595744680851063,1.6595744680851063,0.031914893617021274,NA,-0.988259385164778,1.6595744680851063,0.031914893617021274,0.0,0.0,0.0,0.0,0.0,OK,
freeze,all_only,cusum_factor_cov_lrt,2.0,0.75,budget_only,count,0.1,0.15,0.1,30,1,1,1,0.03333333333333333,0.03333333333333333,0.03333333333333333,1.6595744680851063,0.031914893617021274,9.0,0.0,0.0,0.0,0.0,0.0,0.0,0.0,0.0,0.0,0.0,4.0,26.0,26.0,26.0,26.0,26.0,26.0,26.0,26.0,26.0,26.0,NA,NA,1.6595744680851063,1.6595744680851063,0.031914893617021274,NA,-0.988259385164778,1.6595744680851063,0.031914893617021274,0.0,0.0,0.0,0.0,0.0,OK,
freeze,all_only,cusum_factor_cov_lrt,2.0,1.0,budget_only,count,0.1,0.15,0.1,30,1,1,1,0.03333333333333333,0.03333333333333333,0.03333333333333333,1.6595744680851063,0.031914893617021274,9.0,0.0,0.0,0.0,0.0,0.0,0.0,0.0,0.0,0.0,0.0,4.0,26.0,26.0,26.0,26.0,26.0,26.0,26.0,26.0,26.0,26.0,NA,NA,1.6595744680851063,1.6595744680851063,0.031914893617021274,NA,-0.988259385164778,1.6595744680851063,0.031914893617021274,0.0,0.0,0.0,0.0,0.0,OK,
freeze,all_only,ewma_factor_cov_lrt,INFEASIBLE,0.0,budget_only,count,INFEASIBLE,INFEASIBLE,INFEASIBLE,INFEASIBLE,INFEASIBLE,INFEASIBLE,INFEASIBLE,INFEASIBLE,INFEASIBLE,INFEASIBLE,INFEASIBLE,INFEASIBLE,INFEASIBLE,INFEASIBLE,INFEASIBLE,INFEASIBLE,INFEASIBLE,INFEASIBLE,INFEASIBLE,INFEASIBLE,INFEASIBLE,INFEASIBLE,INFEASIBLE,,INFEASIBLE,INFEASIBLE,INFEASIBLE,INFEASIBLE,INFEASIBLE,INFEASIBLE,INFEASIBLE,INFEASIBLE,INFEASIBLE,INFEASIBLE,INFEASIBLE,INFEASIBLE,INFEASIBLE,INFEASIBLE,INFEASIBLE,INFEASIBLE,INFEASIBLE,INFEASIBLE,INFEASIBLE,INFEASIBLE,INFEASIBLE,INFEASIBLE,INFEASIBLE,INFEASIBLE,INFEASIBLE,no_trials_in_band
freeze,all_only,ewma_factor_cov_lrt,INFEASIBLE,0.25,budget_only,count,INFEASIBLE,INFEASIBLE,INFEASIBLE,INFEASIBLE,INFEASIBLE,INFEASIBLE,INFEASIBLE,INFEASIBLE,INFEASIBLE,INFEASIBLE,INFEASIBLE,INFEASIBLE,INFEASIBLE,INFEASIBLE,INFEASIBLE,INFEASIBLE,INFEASIBLE,INFEASIBLE,INFEASIBLE,INFEASIBLE,INFEASIBLE,INFEASIBLE,INFEASIBLE,,INFEASIBLE,INFEASIBLE,INFEASIBLE,INFEASIBLE,INFEASIBLE,INFEASIBLE,INFEASIBLE,INFEASIBLE,INFEASIBLE,INFEASIBLE,INFEASIBLE,INFEASIBLE,INFEASIBLE,INFEASIBLE,INFEASIBLE,INFEASIBLE,INFEASIBLE,INFEASIBLE,INFEASIBLE,INFEASIBLE,INFEASIBLE,INFEASIBLE,INFEASIBLE,INFEASIBLE,INFEASIBLE,no_trials_in_band
freeze,all_only,ewma_factor_cov_lrt,INFEASIBLE,0.5,budget_only,count,INFEASIBLE,INFEASIBLE,INFEASIBLE,INFEASIBLE,INFEASIBLE,INFEASIBLE,INFEASIBLE,INFEASIBLE,INFEASIBLE,INFEASIBLE,INFEASIBLE,INFEASIBLE,INFEASIBLE,INFEASIBLE,INFEASIBLE,INFEASIBLE,INFEASIBLE,INFEASIBLE,INFEASIBLE,INFEASIBLE,INFEASIBLE,INFEASIBLE,INFEASIBLE,,INFEASIBLE,INFEASIBLE,INFEASIBLE,INFEASIBLE,INFEASIBLE,INFEASIBLE,INFEASIBLE,INFEASIBLE,INFEASIBLE,INFEASIBLE,INFEASIBLE,INFEASIBLE,INFEASIBLE,INFEASIBLE,INFEASIBLE,INFEASIBLE,INFEASIBLE,INFEASIBLE,INFEASIBLE,INFEASIBLE,INFEASIBLE,INFEASIBLE,INFEASIBLE,INFEASIBLE,INFEASIBLE,no_trials_in_band
freeze,all_only,ewma_factor_cov_lrt,INFEASIBLE,0.75,budget_only,count,INFEASIBLE,INFEASIBLE,INFEASIBLE,INFEASIBLE,INFEASIBLE,INFEASIBLE,INFEASIBLE,INFEASIBLE,INFEASIBLE,INFEASIBLE,INFEASIBLE,INFEASIBLE,INFEASIBLE,INFEASIBLE,INFEASIBLE,INFEASIBLE,INFEASIBLE,INFEASIBLE,INFEASIBLE,INFEASIBLE,INFEASIBLE,INFEASIBLE,INFEASIBLE,,INFEASIBLE,INFEASIBLE,INFEASIBLE,INFEASIBLE,INFEASIBLE,INFEASIBLE,INFEASIBLE,INFEASIBLE,INFEASIBLE,INFEASIBLE,INFEASIBLE,INFEASIBLE,INFEASIBLE,INFEASIBLE,INFEASIBLE,INFEASIBLE,INFEASIBLE,INFEASIBLE,INFEASIBLE,INFEASIBLE,INFEASIBLE,INFEASIBLE,INFEASIBLE,INFEASIBLE,INFEASIBLE,no_trials_in_band
freeze,all_only,ewma_factor_cov_lrt,INFEASIBLE,1.0,budget_only,count,INFEASIBLE,INFEASIBLE,INFEASIBLE,INFEASIBLE,INFEASIBLE,INFEASIBLE,INFEASIBLE,INFEASIBLE,INFEASIBLE,INFEASIBLE,INFEASIBLE,INFEASIBLE,INFEASIBLE,INFEASIBLE,INFEASIBLE,INFEASIBLE,INFEASIBLE,INFEASIBLE,INFEASIBLE,INFEASIBLE,INFEASIBLE,INFEASIBLE,INFEASIBLE,,INFEASIBLE,INFEASIBLE,INFEASIBLE,INFEASIBLE,INFEASIBLE,INFEASIBLE,INFEASIBLE,INFEASIBLE,INFEASIBLE,INFEASIBLE,INFEASIBLE,INFEASIBLE,INFEASIBLE,INFEASIBLE,INFEASIBLE,INFEASIBLE,INFEASIBLE,INFEASIBLE,INFEASIBLE,INFEASIBLE,INFEASIBLE,INFEASIBLE,INFEASIBLE,INFEASIBLE,INFEASIBLE,no_trials_in_band
freeze,all_only,ewma_factor_cov_lrt,INFEASIBLE,0.0,budget_only,count,INFEASIBLE,INFEASIBLE,INFEASIBLE,INFEASIBLE,INFEASIBLE,INFEASIBLE,INFEASIBLE,INFEASIBLE,INFEASIBLE,INFEASIBLE,INFEASIBLE,INFEASIBLE,INFEASIBLE,INFEASIBLE,INFEASIBLE,INFEASIBLE,INFEASIBLE,INFEASIBLE,INFEASIBLE,INFEASIBLE,INFEASIBLE,INFEASIBLE,INFEASIBLE,,INFEASIBLE,INFEASIBLE,INFEASIBLE,INFEASIBLE,INFEASIBLE,INFEASIBLE,INFEASIBLE,INFEASIBLE,INFEASIBLE,INFEASIBLE,INFEASIBLE,INFEASIBLE,INFEASIBLE,INFEASIBLE,INFEASIBLE,INFEASIBLE,INFEASIBLE,INFEASIBLE,INFEASIBLE,INFEASIBLE,INFEASIBLE,INFEASIBLE,INFEASIBLE,INFEASIBLE,INFEASIBLE,no_trials_in_band
freeze,all_only,ewma_factor_cov_lrt,INFEASIBLE,0.25,budget_only,count,INFEASIBLE,INFEASIBLE,INFEASIBLE,INFEASIBLE,INFEASIBLE,INFEASIBLE,INFEASIBLE,INFEASIBLE,INFEASIBLE,INFEASIBLE,INFEASIBLE,INFEASIBLE,INFEASIBLE,INFEASIBLE,INFEASIBLE,INFEASIBLE,INFEASIBLE,INFEASIBLE,INFEASIBLE,INFEASIBLE,INFEASIBLE,INFEASIBLE,INFEASIBLE,,INFEASIBLE,INFEASIBLE,INFEASIBLE,INFEASIBLE,INFEASIBLE,INFEASIBLE,INFEASIBLE,INFEASIBLE,INFEASIBLE,INFEASIBLE,INFEASIBLE,INFEASIBLE,INFEASIBLE,INFEASIBLE,INFEASIBLE,INFEASIBLE,INFEASIBLE,INFEASIBLE,INFEASIBLE,INFEASIBLE,INFEASIBLE,INFEASIBLE,INFEASIBLE,INFEASIBLE,INFEASIBLE,no_trials_in_band
freeze,all_only,ewma_factor_cov_lrt,INFEASIBLE,0.5,budget_only,count,INFEASIBLE,INFEASIBLE,INFEASIBLE,INFEASIBLE,INFEASIBLE,INFEASIBLE,INFEASIBLE,INFEASIBLE,INFEASIBLE,INFEASIBLE,INFEASIBLE,INFEASIBLE,INFEASIBLE,INFEASIBLE,INFEASIBLE,INFEASIBLE,INFEASIBLE,INFEASIBLE,INFEASIBLE,INFEASIBLE,INFEASIBLE,INFEASIBLE,INFEASIBLE,,INFEASIBLE,INFEASIBLE,INFEASIBLE,INFEASIBLE,INFEASIBLE,INFEASIBLE,INFEASIBLE,INFEASIBLE,INFEASIBLE,INFEASIBLE,INFEASIBLE,INFEASIBLE,INFEASIBLE,INFEASIBLE,INFEASIBLE,INFEASIBLE,INFEASIBLE,INFEASIBLE,INFEASIBLE,INFEASIBLE,INFEASIBLE,INFEASIBLE,INFEASIBLE,INFEASIBLE,INFEASIBLE,no_trials_in_band
freeze,all_only,ewma_factor_cov_lrt,INFEASIBLE,0.75,budget_only,count,INFEASIBLE,INFEASIBLE,INFEASIBLE,INFEASIBLE,INFEASIBLE,INFEASIBLE,INFEASIBLE,INFEASIBLE,INFEASIBLE,INFEASIBLE,INFEASIBLE,INFEASIBLE,INFEASIBLE,INFEASIBLE,INFEASIBLE,INFEASIBLE,INFEASIBLE,INFEASIBLE,INFEASIBLE,INFEASIBLE,INFEASIBLE,INFEASIBLE,INFEASIBLE,,INFEASIBLE,INFEASIBLE,INFEASIBLE,INFEASIBLE,INFEASIBLE,INFEASIBLE,INFEASIBLE,INFEASIBLE,INFEASIBLE,INFEASIBLE,INFEASIBLE,INFEASIBLE,INFEASIBLE,INFEASIBLE,INFEASIBLE,INFEASIBLE,INFEASIBLE,INFEASIBLE,INFEASIBLE,INFEASIBLE,INFEASIBLE,INFEASIBLE,INFEASIBLE,INFEASIBLE,INFEASIBLE,no_trials_in_band
freeze,all_only,ewma_factor_cov_lrt,INFEASIBLE,1.0,budget_only,count,INFEASIBLE,INFEASIBLE,INFEASIBLE,INFEASIBLE,INFEASIBLE,INFEASIBLE,INFEASIBLE,INFEASIBLE,INFEASIBLE,INFEASIBLE,INFEASIBLE,INFEASIBLE,INFEASIBLE,INFEASIBLE,INFEASIBLE,INFEASIBLE,INFEASIBLE,INFEASIBLE,INFEASIBLE,INFEASIBLE,INFEASIBLE,INFEASIBLE,INFEASIBLE,,INFEASIBLE,INFEASIBLE,INFEASIBLE,INFEASIBLE,INFEASIBLE,INFEASIBLE,INFEASIBLE,INFEASIBLE,INFEASIBLE,INFEASIBLE,INFEASIBLE,INFEASIBLE,INFEASIBLE,INFEASIBLE,INFEASIBLE,INFEASIBLE,INFEASIBLE,INFEASIBLE,INFEASIBLE,INFEASIBLE,INFEASIBLE,INFEASIBLE,INFEASIBLE,INFEASIBLE,INFEASIBLE,no_trials_in_band
freeze,all_only,factor_cov_change,1.0,0.0,budget_only,count,0.1,0.15,0.1,30,30,30,30,1.0,1.0,1.0,1.038770685579196,0.11430260047281322,5.633333333333334,0.4666666666666667,0.4666666666666667,0.0,0.6666666666666666,0.23333333333333334,0.6666666666666666,0.23333333333333334,0.2,0.03333333333333333,0.03333333333333333,4.0,26.0,26.0,26.0,26.0,26.0,26.0,20.0,26.0,26.0,26.0,18.5,18.5,5.9437352245862884,1.038770685579196,0.11430260047281322,0.33409558876152445,0.20003773485707857,1.038770685579196,0.11430260047281322,0.0,0.0,0.0,0.0,0.0,OK,
freeze,all_only,factor_cov_change,1.0,0.25,budget_only,count,0.1,0.15,0.1,30,30,30,30,1.0,1.0,1.0,1.038770685579196,0.11430260047281322,5.633333333333334,0.4666666666666667,0.4666666666666667,0.0,0.6666666666666666,0.23333333333333334,0.6666666666666666,0.23333333333333334,0.2,0.03333333333333333,0.03333333333333333,4.0,26.0,26.0,26.0,26.0,26.0,26.0,20.0,26.0,26.0,26.0,18.5,18.5,5.9437352245862884,1.038770685579196,0.11430260047281322,0.33409558876152445,0.20003773485707857,1.038770685579196,0.11430260047281322,0.0,0.0,0.0,0.0,0.0,OK,
freeze,all_only,factor_cov_change,1.0,0.5,budget_only,count,0.1,0.15,0.1,30,30,30,30,1.0,1.0,1.0,1.038770685579196,0.11430260047281322,5.633333333333334,0.4666666666666667,0.4666666666666667,0.0,0.6666666666666666,0.23333333333333334,0.6666666666666666,0.23333333333333334,0.2,0.03333333333333333,0.03333333333333333,4.0,26.0,26.0,26.0,26.0,26.0,26.0,20.0,26.0,26.0,26.0,18.5,18.5,5.9437352245862884,1.038770685579196,0.11430260047281322,0.33409558876152445,0.20003773485707857,1.038770685579196,0.11430260047281322,0.0,0.0,0.0,0.0,0.0,OK,
freeze,all_only,factor_cov_change,1.0,0.75,budget_only,count,0.1,0.15,0.1,30,30,30,30,1.0,1.0,1.0,1.038770685579196,0.11430260047281322,5.633333333333334,0.4666666666666667,0.4666666666666667,0.0,0.6666666666666666,0.23333333333333334,0.6666666666666666,0.23333333333333334,0.2,0.03333333333333333,0.03333333333333333,4.0,26.0,26.0,26.0,26.0,26.0,26.0,20.0,26.0,26.0,26.0,18.5,18.5,5.9437352245862884,1.038770685579196,0.11430260047281322,0.33409558876152445,0.20003773485707857,1.038770685579196,0.11430260047281322,0.0,0.0,0.0,0.0,0.0,OK,
freeze,all_only,factor_cov_change,1.0,1.0,budget_only,count,0.1,0.15,0.1,30,30,30,30,1.0,1.0,1.0,1.038770685579196,0.11430260047281322,5.633333333333334,0.4666666666666667,0.4666666666666667,0.0,0.6666666666666666,0.23333333333333334,0.6666666666666666,0.23333333333333334,0.2,0.03333333333333333,0.03333333333333333,4.0,26.0,26.0,26.0,26.0,26.0,26.0,20.0,26.0,26.0,26.0,18.5,18.5,5.9437352245862884,1.038770685579196,0.11430260047281322,0.33409558876152445,0.20003773485707857,1.038770685579196,0.11430260047281322,0.0,0.0,0.0,0.0,0.0,OK,
freeze,all_only,factor_cov_change,2.0,0.0,budget_only,count,0.1,0.15,0.1,30,14,14,14,0.4666666666666667,0.4666666666666667,0.4666666666666667,1.6595744680851066,0.1469098277608916,9.0,0.2857142857142857,0.2857142857142857,0.0,0.6428571428571429,0.35714285714285715,0.6428571428571429,0.35714285714285715,0.35714285714285715,0.35714285714285715,0.35714285714285715,4.0,26.0,26.0,26.0,26.0,26.0,26.0,22.0,26.0,26.0,26.0,22.0,22.0,7.639311043566363,1.6595744680851066,0.1469098277608916,0.9094273818307756,0.3214501342040448,1.6595744680851066,0.1469098277608916,0.0,0.0,0.0,0.0,0.0,OK,
freeze,all_only,factor_cov_change,2.0,0.25,budget_only,count,0.1,0.15,0.1,30,14,14,14,0.4666666666666667,0.4666666666666667,0.4666666666666667,1.6595744680851066,0.1469098277608916,9.0,0.2857142857142857,0.2857142857142857,0.0,0.6428571428571429,0.35714285714285715,0.6428571428571429,0.35714285714285715,0.35714285714285715,0.35714285714285715,0.35714285714285715,4.0,26.0,26.0,26.0,26.0,26.0,26.0,22.0,26.0,26.0,26.0,22.0,22.0,7.639311043566363,1.6595744680851066,0.1469098277608916,0.9094273818307756,0.3214501342040448,1.6595744680851066,0.1469098277608916,0.0,0.0,0.0,0.0,0.0,OK,
freeze,all_only,factor_cov_change,2.0,0.5,budget_only,count,0.1,0.15,0.1,30,14,14,14,0.4666666666666667,0.4666666666666667,0.4666666666666667,1.6595744680851066,0.1469098277608916,9.0,0.2857142857142857,0.2857142857142857,0.0,0.6428571428571429,0.35714285714285715,0.6428571428571429,0.35714285714285715,0.35714285714285715,0.35714285714285715,0.35714285714285715,4.0,26.0,26.0,26.0,26.0,26.0,26.0,22.0,26.0,26.0,26.0,22.0,22.0,7.639311043566363,1.6595744680851066,0.1469098277608916,0.9094273818307756,0.3214501342040448,1.6595744680851066,0.1469098277608916,0.0,0.0,0.0,0.0,0.0,OK,
freeze,all_only,factor_cov_change,2.0,0.75,budget_only,count,0.1,0.15,0.1,30,14,14,14,0.4666666666666667,0.4666666666666667,0.4666666666666667,1.6595744680851066,0.1469098277608916,9.0,0.2857142857142857,0.2857142857142857,0.0,0.6428571428571429,0.35714285714285715,0.6428571428571429,0.35714285714285715,0.35714285714285715,0.35714285714285715,0.35714285714285715,4.0,26.0,26.0,26.0,26.0,26.0,26.0,22.0,26.0,26.0,26.0,22.0,22.0,7.639311043566363,1.6595744680851066,0.1469098277608916,0.9094273818307756,0.3214501342040448,1.6595744680851066,0.1469098277608916,0.0,0.0,0.0,0.0,0.0,OK,
freeze,all_only,factor_cov_change,2.0,1.0,budget_only,count,0.1,0.15,0.1,30,14,14,14,0.4666666666666667,0.4666666666666667,0.4666666666666667,1.6595744680851066,0.1469098277608916,9.0,0.2857142857142857,0.2857142857142857,0.0,0.6428571428571429,0.35714285714285715,0.6428571428571429,0.35714285714285715,0.35714285714285715,0.35714285714285715,0.35714285714285715,4.0,26.0,26.0,26.0,26.0,26.0,26.0,22.0,26.0,26.0,26.0,22.0,22.0,7.639311043566363,1.6595744680851066,0.1469098277608916,0.9094273818307756,0.3214501342040448,1.6595744680851066,0.1469098277608916,0.0,0.0,0.0,0.0,0.0,OK,
freeze,all_only,factor_cov_delta,1.0,0.0,budget_only,count,0.1,0.15,0.1,30,30,30,30,1.0,1.0,1.0,0.8543735224586289,0.019621749408983456,4.633333333333334,0.36666666666666664,0.36666666666666664,0.0,0.36666666666666664,0.0,0.36666666666666664,0.0,0.0,0.0,0.0,4.0,26.0,26.0,26.0,26.0,26.0,26.0,26.0,26.0,26.0,26.0,15.0,15.0,1.0203309692671394,0.8543735224586289,0.019621749408983456,0.020294593204858803,2.378304202792081e-06,0.8543735224586289,0.019621749408983456,0.0,0.0,0.0,0.0,0.0,OK,
freeze,all_only,factor_cov_delta,1.0,0.25,budget_only,count,0.1,0.15,0.1,30,30,30,30,1.0,1.0,1.0,0.8543735224586289,0.019621749408983456,4.633333333333334,0.36666666666666664,0.36666666666666664,0.0,0.36666666666666664,0.0,0.36666666666666664,0.0,0.0,0.0,0.0,4.0,26.0,26.0,26.0,26.0,26.0,26.0,26.0,26.0,26.0,26.0,15.0,15.0,1.0203309692671394,0.8543735224586289,0.019621749408983456,0.020294593204858803,2.378304202792081e-06,0.8543735224586289,0.019621749408983456,0.0,0.0,0.0,0.0,0.0,OK,
freeze,all_only,factor_cov_delta,1.0,0.5,budget_only,count,0.1,0.15,0.1,30,30,30,30,1.0,1.0,1.0,0.8543735224586289,0.019621749408983456,4.633333333333334,0.36666666666666664,0.36666666666666664,0.0,0.36666666666666664,0.0,0.36666666666666664,0.0,0.0,0.0,0.0,4.0,26.0,26.0,26.0,26.0,26.0,26.0,26.0,26.0,26.0,26.0,15.0,15.0,1.0203309692671394,0.8543735224586289,0.019621749408983456,0.020294593204858803,2.378304202792081e-06,0.8543735224586289,0.019621749408983456,0.0,0.0,0.0,0.0,0.0,OK,
freeze,all_only,factor_cov_delta,1.0,0.75,budget_only,count,0.1,0.15,0.1,30,30,30,30,1.0,1.0,1.0,0.8543735224586289,0.019621749408983456,4.633333333333334,0.36666666666666664,0.36666666666666664,0.0,0.36666666666666664,0.0,0.36666666666666664,0.0,0.0,0.0,0.0,4.0,26.0,26.0,26.0,26.0,26.0,26.0,26.0,26.0,26.0,26.0,15.0,15.0,1.0203309692671394,0.8543735224586289,0.019621749408983456,0.020294593204858803,2.378304202792081e-06,0.8543735224586289,0.019621749408983456,0.0,0.0,0.0,0.0,0.0,OK,
freeze,all_only,factor_cov_delta,1.0,1.0,budget_only,count,0.1,0.15,0.1,30,30,30,30,1.0,1.0,1.0,0.8543735224586289,0.019621749408983456,4.633333333333334,0.36666666666666664,0.36666666666666664,0.0,0.36666666666666664,0.0,0.36666666666666664,0.0,0.0,0.0,0.0,4.0,26.0,26.0,26.0,26.0,26.0,26.0,26.0,26.0,26.0,26.0,15.0,15.0,1.0203309692671394,0.8543735224586289,0.019621749408983456,0.020294593204858803,2.378304202792081e-06,0.8543735224586289,0.019621749408983456,0.0,0.0,0.0,0.0,0.0,OK,
freeze,all_only,factor_cov_delta,2.0,0.0,budget_only,count,0.1,0.15,0.1,30,9,9,9,0.3,0.3,0.3,1.6595744680851063,0.0417651694247439,9.0,0.1111111111111111,0.1111111111111111,0.0,0.2222222222222222,0.1111111111111111,0.2222222222222222,0.1111111111111111,0.1111111111111111,0.1111111111111111,0.1111111111111111,4.0,26.0,26.0,26.0,26.0,26.0,26.0,26.0,26.0,26.0,26.0,25.0,25.0,2.171788810086683,1.6595744680851063,0.0417651694247439,0.98,6.023345402697247e-10,1.6595744680851063,0.0417651694247439,0.0,0.0,0.0,0.0,0.0,OK,
freeze,all_only,factor_cov_delta,2.0,0.25,budget_only,count,0.1,0.15,0.1,30,9,9,9,0.3,0.3,0.3,1.6595744680851063,0.0417651694247439,9.0,0.1111111111111111,0.1111111111111111,0.0,0.2222222222222222,0.1111111111111111,0.2222222222222222,0.1111111111111111,0.1111111111111111,0.1111111111111111,0.1111111111111111,4.0,26.0,26.0,26.0,26.0,26.0,26.0,26.0,26.0,26.0,26.0,25.0,25.0,2.171788810086683,1.6595744680851063,0.0417651694247439,0.98,6.023345402697247e-10,1.6595744680851063,0.0417651694247439,0.0,0.0,0.0,0.0,0.0,OK,
freeze,all_only,factor_cov_delta,2.0,0.5,budget_only,count,0.1,0.15,0.1,30,9,9,9,0.3,0.3,0.3,1.6595744680851063,0.0417651694247439,9.0,0.1111111111111111,0.1111111111111111,0.0,0.2222222222222222,0.1111111111111111,0.2222222222222222,0.1111111111111111,0.1111111111111111,0.1111111111111111,0.1111111111111111,4.0,26.0,26.0,26.0,26.0,26.0,26.0,26.0,26.0,26.0,26.0,25.0,25.0,2.171788810086683,1.6595744680851063,0.0417651694247439,0.98,6.023345402697247e-10,1.6595744680851063,0.0417651694247439,0.0,0.0,0.0,0.0,0.0,OK,
freeze,all_only,factor_cov_delta,2.0,0.75,budget_only,count,0.1,0.15,0.1,30,9,9,9,0.3,0.3,0.3,1.6595744680851063,0.0417651694247439,9.0,0.1111111111111111,0.1111111111111111,0.0,0.2222222222222222,0.1111111111111111,0.2222222222222222,0.1111111111111111,0.1111111111111111,0.1111111111111111,0.1111111111111111,4.0,26.0,26.0,26.0,26.0,26.0,26.0,26.0,26.0,26.0,26.0,25.0,25.0,2.171788810086683,1.6595744680851063,0.0417651694247439,0.98,6.023345402697247e-10,1.6595744680851063,0.0417651694247439,0.0,0.0,0.0,0.0,0.0,OK,
freeze,all_only,factor_cov_delta,2.0,1.0,budget_only,count,0.1,0.15,0.1,30,9,9,9,0.3,0.3,0.3,1.6595744680851063,0.0417651694247439,9.0,0.1111111111111111,0.1111111111111111,0.0,0.2222222222222222,0.1111111111111111,0.2222222222222222,0.1111111111111111,0.1111111111111111,0.1111111111111111,0.1111111111111111,4.0,26.0,26.0,26.0,26.0,26.0,26.0,26.0,26.0,26.0,26.0,25.0,25.0,2.171788810086683,1.6595744680851063,0.0417651694247439,0.98,6.023345402697247e-10,1.6595744680851063,0.0417651694247439,0.0,0.0,0.0,0.0,0.0,OK,
freeze,all_only,factor_cov_lrt,1.0,0.0,budget_only,count,0.1,0.15,0.1,30,30,5,30,1.0,0.16666666666666666,1.0,1.0633569739952717,0.1780141843971631,5.766666666666667,0.4,0.4,0.0,0.6,0.3,0.6,0.3,0.2,0.03333333333333333,0.03333333333333333,4.0,26.0,26.0,26.0,26.0,26.0,26.0,20.0,26.0,26.0,26.0,14.5,14.5,9.25673758865248,1.0633569739952717,0.1780141843971631,0.6644288488758611,-0.21308644295497667,1.0633569739952717,0.1780141843971631,0.0,0.0,0.0,0.0,0.0,OK,
freeze,all_only,factor_cov_lrt,1.0,0.25,budget_only,count,0.1,0.15,0.1,30,30,5,30,1.0,0.16666666666666666,1.0,1.0633569739952717,0.1780141843971631,5.766666666666667,0.4,0.4,0.0,0.6,0.3,0.6,0.3,0.2,0.03333333333333333,0.03333333333333333,4.0,26.0,26.0,26.0,26.0,26.0,26.0,20.0,26.0,26.0,26.0,14.5,14.5,9.25673758865248,1.0633569739952717,0.1780141843971631,0.6644288488758611,-0.21308644295497667,1.0633569739952717,0.1780141843971631,0.0,0.0,0.0,0.0,0.0,OK,
freeze,all_only,factor_cov_lrt,1.0,0.5,budget_only,count,0.1,0.15,0.1,30,30,5,30,1.0,0.16666666666666666,1.0,1.0633569739952717,0.1780141843971631,5.766666666666667,0.4,0.4,0.0,0.6,0.3,0.6,0.3,0.2,0.03333333333333333,0.03333333333333333,4.0,26.0,26.0,26.0,26.0,26.0,26.0,20.0,26.0,26.0,26.0,14.5,14.5,9.25673758865248,1.0633569739952717,0.1780141843971631,0.6644288488758611,-0.21308644295497667,1.0633569739952717,0.1780141843971631,0.0,0.0,0.0,0.0,0.0,OK,
freeze,all_only,factor_cov_lrt,1.0,0.75,budget_only,count,0.1,0.15,0.1,30,30,5,30,1.0,0.16666666666666666,1.0,1.0633569739952717,0.1780141843971631,5.766666666666667,0.4,0.4,0.0,0.6,0.3,0.6,0.3,0.2,0.03333333333333333,0.03333333333333333,4.0,26.0,26.0,26.0,26.0,26.0,26.0,20.0,26.0,26.0,26.0,14.5,14.5,9.25673758865248,1.0633569739952717,0.1780141843971631,0.6644288488758611,-0.21308644295497667,1.0633569739952717,0.1780141843971631,0.0,0.0,0.0,0.0,0.0,OK,
freeze,all_only,factor_cov_lrt,1.0,1.0,budget_only,count,0.1,0.15,0.1,30,30,5,30,1.0,0.16666666666666666,1.0,1.0633569739952717,0.1780141843971631,5.766666666666667,0.4,0.4,0.0,0.6,0.3,0.6,0.3,0.2,0.03333333333333333,0.03333333333333333,4.0,26.0,26.0,26.0,26.0,26.0,26.0,20.0,26.0,26.0,26.0,14.5,14.5,9.25673758865248,1.0633569739952717,0.1780141843971631,0.6644288488758611,-0.21308644295497667,1.0633569739952717,0.1780141843971631,0.0,0.0,0.0,0.0,0.0,OK,
freeze,all_only,factor_cov_lrt,INFEASIBLE,0.0,budget_only,count,INFEASIBLE,INFEASIBLE,INFEASIBLE,INFEASIBLE,INFEASIBLE,INFEASIBLE,INFEASIBLE,INFEASIBLE,INFEASIBLE,INFEASIBLE,INFEASIBLE,INFEASIBLE,INFEASIBLE,INFEASIBLE,INFEASIBLE,INFEASIBLE,INFEASIBLE,INFEASIBLE,INFEASIBLE,INFEASIBLE,INFEASIBLE,INFEASIBLE,INFEASIBLE,,INFEASIBLE,INFEASIBLE,INFEASIBLE,INFEASIBLE,INFEASIBLE,INFEASIBLE,INFEASIBLE,INFEASIBLE,INFEASIBLE,INFEASIBLE,INFEASIBLE,INFEASIBLE,INFEASIBLE,INFEASIBLE,INFEASIBLE,INFEASIBLE,INFEASIBLE,INFEASIBLE,INFEASIBLE,INFEASIBLE,INFEASIBLE,INFEASIBLE,INFEASIBLE,INFEASIBLE,INFEASIBLE,no_trials_in_band
freeze,all_only,factor_cov_lrt,INFEASIBLE,0.25,budget_only,count,INFEASIBLE,INFEASIBLE,INFEASIBLE,INFEASIBLE,INFEASIBLE,INFEASIBLE,INFEASIBLE,INFEASIBLE,INFEASIBLE,INFEASIBLE,INFEASIBLE,INFEASIBLE,INFEASIBLE,INFEASIBLE,INFEASIBLE,INFEASIBLE,INFEASIBLE,INFEASIBLE,INFEASIBLE,INFEASIBLE,INFEASIBLE,INFEASIBLE,INFEASIBLE,,INFEASIBLE,INFEASIBLE,INFEASIBLE,INFEASIBLE,INFEASIBLE,INFEASIBLE,INFEASIBLE,INFEASIBLE,INFEASIBLE,INFEASIBLE,INFEASIBLE,INFEASIBLE,INFEASIBLE,INFEASIBLE,INFEASIBLE,INFEASIBLE,INFEASIBLE,INFEASIBLE,INFEASIBLE,INFEASIBLE,INFEASIBLE,INFEASIBLE,INFEASIBLE,INFEASIBLE,INFEASIBLE,no_trials_in_band
freeze,all_only,factor_cov_lrt,INFEASIBLE,0.5,budget_only,count,INFEASIBLE,INFEASIBLE,INFEASIBLE,INFEASIBLE,INFEASIBLE,INFEASIBLE,INFEASIBLE,INFEASIBLE,INFEASIBLE,INFEASIBLE,INFEASIBLE,INFEASIBLE,INFEASIBLE,INFEASIBLE,INFEASIBLE,INFEASIBLE,INFEASIBLE,INFEASIBLE,INFEASIBLE,INFEASIBLE,INFEASIBLE,INFEASIBLE,INFEASIBLE,,INFEASIBLE,INFEASIBLE,INFEASIBLE,INFEASIBLE,INFEASIBLE,INFEASIBLE,INFEASIBLE,INFEASIBLE,INFEASIBLE,INFEASIBLE,INFEASIBLE,INFEASIBLE,INFEASIBLE,INFEASIBLE,INFEASIBLE,INFEASIBLE,INFEASIBLE,INFEASIBLE,INFEASIBLE,INFEASIBLE,INFEASIBLE,INFEASIBLE,INFEASIBLE,INFEASIBLE,INFEASIBLE,no_trials_in_band
freeze,all_only,factor_cov_lrt,INFEASIBLE,0.75,budget_only,count,INFEASIBLE,INFEASIBLE,INFEASIBLE,INFEASIBLE,INFEASIBLE,INFEASIBLE,INFEASIBLE,INFEASIBLE,INFEASIBLE,INFEASIBLE,INFEASIBLE,INFEASIBLE,INFEASIBLE,INFEASIBLE,INFEASIBLE,INFEASIBLE,INFEASIBLE,INFEASIBLE,INFEASIBLE,INFEASIBLE,INFEASIBLE,INFEASIBLE,INFEASIBLE,,INFEASIBLE,INFEASIBLE,INFEASIBLE,INFEASIBLE,INFEASIBLE,INFEASIBLE,INFEASIBLE,INFEASIBLE,INFEASIBLE,INFEASIBLE,INFEASIBLE,INFEASIBLE,INFEASIBLE,INFEASIBLE,INFEASIBLE,INFEASIBLE,INFEASIBLE,INFEASIBLE,INFEASIBLE,INFEASIBLE,INFEASIBLE,INFEASIBLE,INFEASIBLE,INFEASIBLE,INFEASIBLE,no_trials_in_band
freeze,all_only,factor_cov_lrt,INFEASIBLE,1.0,budget_only,count,INFEASIBLE,INFEASIBLE,INFEASIBLE,INFEASIBLE,INFEASIBLE,INFEASIBLE,INFEASIBLE,INFEASIBLE,INFEASIBLE,INFEASIBLE,INFEASIBLE,INFEASIBLE,INFEASIBLE,INFEASIBLE,INFEASIBLE,INFEASIBLE,INFEASIBLE,INFEASIBLE,INFEASIBLE,INFEASIBLE,INFEASIBLE,INFEASIBLE,INFEASIBLE,,INFEASIBLE,INFEASIBLE,INFEASIBLE,INFEASIBLE,INFEASIBLE,INFEASIBLE,INFEASIBLE,INFEASIBLE,INFEASIBLE,INFEASIBLE,INFEASIBLE,INFEASIBLE,INFEASIBLE,INFEASIBLE,INFEASIBLE,INFEASIBLE,INFEASIBLE,INFEASIBLE,INFEASIBLE,INFEASIBLE,INFEASIBLE,INFEASIBLE,INFEASIBLE,INFEASIBLE,INFEASIBLE,no_trials_in_band
freeze,all_only,factor_cov_lrt_delta,1.0,0.0,budget_only,count,0.1,0.15,0.1,30,21,21,21,0.7,0.7,0.7,0.7375886524822695,0.014184397163120569,4.0,0.0,0.0,0.0,0.0,0.0,0.0,0.0,0.0,0.0,0.0,4.0,26.0,26.0,26.0,26.0,26.0,26.0,26.0,26.0,26.0,26.0,NA,NA,0.7375886524822695,0.7375886524822695,0.014184397163120569,0.020294593204858803,0.06656367029883928,0.7375886524822695,0.014184397163120569,0.0,0.0,0.0,0.0,0.0,OK,
freeze,all_only,factor_cov_lrt_delta,1.0,0.25,budget_only,count,0.1,0.15,0.1,30,21,21,21,0.7,0.7,0.7,0.7375886524822695,0.014184397163120569,4.0,0.0,0.0,0.0,0.0,0.0,0.0,0.0,0.0,0.0,0.0,4.0,26.0,26.0,26.0,26.0,26.0,26.0,26.0,26.0,26.0,26.0,NA,NA,0.7375886524822695,0.7375886524822695,0.014184397163120569,0.020294593204858803,0.06656367029883928,0.7375886524822695,0.014184397163120569,0.0,0.0,0.0,0.0,0.0,OK,
freeze,all_only,factor_cov_lrt_delta,1.0,0.5,budget_only,count,0.1,0.15,0.1,30,21,21,21,0.7,0.7,0.7,0.7375886524822695,0.014184397163120569,4.0,0.0,0.0,0.0,0.0,0.0,0.0,0.0,0.0,0.0,0.0,4.0,26.0,26.0,26.0,26.0,26.0,26.0,26.0,26.0,26.0,26.0,NA,NA,0.7375886524822695,0.7375886524822695,0.014184397163120569,0.020294593204858803,0.06656367029883928,0.7375886524822695,0.014184397163120569,0.0,0.0,0.0,0.0,0.0,OK,
freeze,all_only,factor_cov_lrt_delta,1.0,0.75,budget_only,count,0.1,0.15,0.1,30,21,21,21,0.7,0.7,0.7,0.7375886524822695,0.014184397163120569,4.0,0.0,0.0,0.0,0.0,0.0,0.0,0.0,0.0,0.0,0.0,4.0,26.0,26.0,26.0,26.0,26.0,26.0,26.0,26.0,26.0,26.0,NA,NA,0.7375886524822695,0.7375886524822695,0.014184397163120569,0.020294593204858803,0.06656367029883928,0.7375886524822695,0.014184397163120569,0.0,0.0,0.0,0.0,0.0,OK,
freeze,all_only,factor_cov_lrt_delta,1.0,1.0,budget_only,count,0.1,0.15,0.1,30,21,21,21,0.7,0.7,0.7,0.7375886524822695,0.014184397163120569,4.0,0.0,0.0,0.0,0.0,0.0,0.0,0.0,0.0,0.0,0.0,4.0,26.0,26.0,26.0,26.0,26.0,26.0,26.0,26.0,26.0,26.0,NA,NA,0.7375886524822695,0.7375886524822695,0.014184397163120569,0.020294593204858803,0.06656367029883928,0.7375886524822695,0.014184397163120569,0.0,0.0,0.0,0.0,0.0,OK,
freeze,all_only,factor_cov_lrt_delta,INFEASIBLE,0.0,budget_only,count,INFEASIBLE,INFEASIBLE,INFEASIBLE,INFEASIBLE,INFEASIBLE,INFEASIBLE,INFEASIBLE,INFEASIBLE,INFEASIBLE,INFEASIBLE,INFEASIBLE,INFEASIBLE,INFEASIBLE,INFEASIBLE,INFEASIBLE,INFEASIBLE,INFEASIBLE,INFEASIBLE,INFEASIBLE,INFEASIBLE,INFEASIBLE,INFEASIBLE,INFEASIBLE,,INFEASIBLE,INFEASIBLE,INFEASIBLE,INFEASIBLE,INFEASIBLE,INFEASIBLE,INFEASIBLE,INFEASIBLE,INFEASIBLE,INFEASIBLE,INFEASIBLE,INFEASIBLE,INFEASIBLE,INFEASIBLE,INFEASIBLE,INFEASIBLE,INFEASIBLE,INFEASIBLE,INFEASIBLE,INFEASIBLE,INFEASIBLE,INFEASIBLE,INFEASIBLE,INFEASIBLE,INFEASIBLE,no_trials_in_band
freeze,all_only,factor_cov_lrt_delta,INFEASIBLE,0.25,budget_only,count,INFEASIBLE,INFEASIBLE,INFEASIBLE,INFEASIBLE,INFEASIBLE,INFEASIBLE,INFEASIBLE,INFEASIBLE,INFEASIBLE,INFEASIBLE,INFEASIBLE,INFEASIBLE,INFEASIBLE,INFEASIBLE,INFEASIBLE,INFEASIBLE,INFEASIBLE,INFEASIBLE,INFEASIBLE,INFEASIBLE,INFEASIBLE,INFEASIBLE,INFEASIBLE,,INFEASIBLE,INFEASIBLE,INFEASIBLE,INFEASIBLE,INFEASIBLE,INFEASIBLE,INFEASIBLE,INFEASIBLE,INFEASIBLE,INFEASIBLE,INFEASIBLE,INFEASIBLE,INFEASIBLE,INFEASIBLE,INFEASIBLE,INFEASIBLE,INFEASIBLE,INFEASIBLE,INFEASIBLE,INFEASIBLE,INFEASIBLE,INFEASIBLE,INFEASIBLE,INFEASIBLE,INFEASIBLE,no_trials_in_band
freeze,all_only,factor_cov_lrt_delta,INFEASIBLE,0.5,budget_only,count,INFEASIBLE,INFEASIBLE,INFEASIBLE,INFEASIBLE,INFEASIBLE,INFEASIBLE,INFEASIBLE,INFEASIBLE,INFEASIBLE,INFEASIBLE,INFEASIBLE,INFEASIBLE,INFEASIBLE,INFEASIBLE,INFEASIBLE,INFEASIBLE,INFEASIBLE,INFEASIBLE,INFEASIBLE,INFEASIBLE,INFEASIBLE,INFEASIBLE,INFEASIBLE,,INFEASIBLE,INFEASIBLE,INFEASIBLE,INFEASIBLE,INFEASIBLE,INFEASIBLE,INFEASIBLE,INFEASIBLE,INFEASIBLE,INFEASIBLE,INFEASIBLE,INFEASIBLE,INFEASIBLE,INFEASIBLE,INFEASIBLE,INFEASIBLE,INFEASIBLE,INFEASIBLE,INFEASIBLE,INFEASIBLE,INFEASIBLE,INFEASIBLE,INFEASIBLE,INFEASIBLE,INFEASIBLE,no_trials_in_band
freeze,all_only,factor_cov_lrt_delta,INFEASIBLE,0.75,budget_only,count,INFEASIBLE,INFEASIBLE,INFEASIBLE,INFEASIBLE,INFEASIBLE,INFEASIBLE,INFEASIBLE,INFEASIBLE,INFEASIBLE,INFEASIBLE,INFEASIBLE,INFEASIBLE,INFEASIBLE,INFEASIBLE,INFEASIBLE,INFEASIBLE,INFEASIBLE,INFEASIBLE,INFEASIBLE,INFEASIBLE,INFEASIBLE,INFEASIBLE,INFEASIBLE,,INFEASIBLE,INFEASIBLE,INFEASIBLE,INFEASIBLE,INFEASIBLE,INFEASIBLE,INFEASIBLE,INFEASIBLE,INFEASIBLE,INFEASIBLE,INFEASIBLE,INFEASIBLE,INFEASIBLE,INFEASIBLE,INFEASIBLE,INFEASIBLE,INFEASIBLE,INFEASIBLE,INFEASIBLE,INFEASIBLE,INFEASIBLE,INFEASIBLE,INFEASIBLE,INFEASIBLE,INFEASIBLE,no_trials_in_band
freeze,all_only,factor_cov_lrt_delta,INFEASIBLE,1.0,budget_only,count,INFEASIBLE,INFEASIBLE,INFEASIBLE,INFEASIBLE,INFEASIBLE,INFEASIBLE,INFEASIBLE,INFEASIBLE,INFEASIBLE,INFEASIBLE,INFEASIBLE,INFEASIBLE,INFEASIBLE,INFEASIBLE,INFEASIBLE,INFEASIBLE,INFEASIBLE,INFEASIBLE,INFEASIBLE,INFEASIBLE,INFEASIBLE,INFEASIBLE,INFEASIBLE,,INFEASIBLE,INFEASIBLE,INFEASIBLE,INFEASIBLE,INFEASIBLE,INFEASIBLE,INFEASIBLE,INFEASIBLE,INFEASIBLE,INFEASIBLE,INFEASIBLE,INFEASIBLE,INFEASIBLE,INFEASIBLE,INFEASIBLE,INFEASIBLE,INFEASIBLE,INFEASIBLE,INFEASIBLE,INFEASIBLE,INFEASIBLE,INFEASIBLE,INFEASIBLE,INFEASIBLE,INFEASIBLE,no_trials_in_band
freeze,all_only,fused_fisher,1.0,0.0,budget_only,count,0.1,0.15,0.1,30,26,26,26,0.8666666666666667,0.8666666666666667,0.8666666666666667,0.7375886524822695,0.09192580469176215,4.0,0.23076923076923078,0.23076923076923078,0.0,0.38461538461538464,0.15384615384615385,0.38461538461538464,0.15384615384615385,0.15384615384615385,0.15384615384615385,0.15384615384615385,4.0,26.0,26.0,26.0,26.0,26.0,26.0,26.0,26.0,26.0,26.0,24.5,24.5,4.780141843971631,0.7375886524822695,0.09192580469176215,9.313225746154785e-06,0.12993450046918448,0.7375886524822695,0.09192580469176215,0.0,0.0,0.0,0.0,0.0,OK,
freeze,all_only,fused_fisher,1.0,0.25,budget_only,count,0.1,0.15,0.1,30,26,26,26,0.8666666666666667,0.8666666666666667,0.8666666666666667,0.7375886524822695,0.09192580469176215,4.0,0.23076923076923078,0.23076923076923078,0.0,0.38461538461538464,0.15384615384615385,0.38461538461538464,0.15384615384615385,0.15384615384615385,0.15384615384615385,0.15384615384615385,4.0,26.0,26.0,26.0,26.0,26.0,26.0,26.0,26.0,26.0,26.0,24.5,24.5,4.780141843971631,0.7375886524822695,0.09192580469176215,9.313225746154785e-06,0.12993450046918448,0.7375886524822695,0.09192580469176215,0.0,0.0,0.0,0.0,0.0,OK,
freeze,all_only,fused_fisher,1.0,0.5,budget_only,count,0.1,0.15,0.1,30,26,26,26,0.8666666666666667,0.8666666666666667,0.8666666666666667,0.7375886524822695,0.09192580469176215,4.0,0.23076923076923078,0.23076923076923078,0.0,0.38461538461538464,0.15384615384615385,0.38461538461538464,0.15384615384615385,0.15384615384615385,0.15384615384615385,0.15384615384615385,4.0,26.0,26.0,26.0,26.0,26.0,26.0,26.0,26.0,26.0,26.0,24.5,24.5,4.780141843971631,0.7375886524822695,0.09192580469176215,9.313225746154785e-06,0.12993450046918448,0.7375886524822695,0.09192580469176215,0.0,0.0,0.0,0.0,0.0,OK,
freeze,all_only,fused_fisher,1.0,0.75,budget_only,count,0.1,0.15,0.1,30,26,26,26,0.8666666666666667,0.8666666666666667,0.8666666666666667,0.7375886524822695,0.09192580469176215,4.0,0.23076923076923078,0.23076923076923078,0.0,0.38461538461538464,0.15384615384615385,0.38461538461538464,0.15384615384615385,0.15384615384615385,0.15384615384615385,0.15384615384615385,4.0,26.0,26.0,26.0,26.0,26.0,26.0,26.0,26.0,26.0,26.0,24.5,24.5,4.780141843971631,0.7375886524822695,0.09192580469176215,9.313225746154785e-06,0.12993450046918448,0.7375886524822695,0.09192580469176215,0.0,0.0,0.0,0.0,0.0,OK,
freeze,all_only,fused_fisher,1.0,1.0,budget_only,count,0.1,0.15,0.1,30,26,26,26,0.8666666666666667,0.8666666666666667,0.8666666666666667,0.7375886524822695,0.09192580469176215,4.0,0.23076923076923078,0.23076923076923078,0.0,0.38461538461538464,0.15384615384615385,0.38461538461538464,0.15384615384615385,0.15384615384615385,0.15384615384615385,0.15384615384615385,4.0,26.0,26.0,26.0,26.0,26.0,26.0,26.0,26.0,26.0,26.0,24.5,24.5,4.780141843971631,0.7375886524822695,0.09192580469176215,9.313225746154785e-06,0.12993450046918448,0.7375886524822695,0.09192580469176215,0.0,0.0,0.0,0.0,0.0,OK,
freeze,all_only,fused_fisher,INFEASIBLE,0.0,budget_only,count,INFEASIBLE,INFEASIBLE,INFEASIBLE,INFEASIBLE,INFEASIBLE,INFEASIBLE,INFEASIBLE,INFEASIBLE,INFEASIBLE,INFEASIBLE,INFEASIBLE,INFEASIBLE,INFEASIBLE,INFEASIBLE,INFEASIBLE,INFEASIBLE,INFEASIBLE,INFEASIBLE,INFEASIBLE,INFEASIBLE,INFEASIBLE,INFEASIBLE,INFEASIBLE,,INFEASIBLE,INFEASIBLE,INFEASIBLE,INFEASIBLE,INFEASIBLE,INFEASIBLE,INFEASIBLE,INFEASIBLE,INFEASIBLE,INFEASIBLE,INFEASIBLE,INFEASIBLE,INFEASIBLE,INFEASIBLE,INFEASIBLE,INFEASIBLE,INFEASIBLE,INFEASIBLE,INFEASIBLE,INFEASIBLE,INFEASIBLE,INFEASIBLE,INFEASIBLE,INFEASIBLE,INFEASIBLE,no_trials_in_band
freeze,all_only,fused_fisher,INFEASIBLE,0.25,budget_only,count,INFEASIBLE,INFEASIBLE,INFEASIBLE,INFEASIBLE,INFEASIBLE,INFEASIBLE,INFEASIBLE,INFEASIBLE,INFEASIBLE,INFEASIBLE,INFEASIBLE,INFEASIBLE,INFEASIBLE,INFEASIBLE,INFEASIBLE,INFEASIBLE,INFEASIBLE,INFEASIBLE,INFEASIBLE,INFEASIBLE,INFEASIBLE,INFEASIBLE,INFEASIBLE,,INFEASIBLE,INFEASIBLE,INFEASIBLE,INFEASIBLE,INFEASIBLE,INFEASIBLE,INFEASIBLE,INFEASIBLE,INFEASIBLE,INFEASIBLE,INFEASIBLE,INFEASIBLE,INFEASIBLE,INFEASIBLE,INFEASIBLE,INFEASIBLE,INFEASIBLE,INFEASIBLE,INFEASIBLE,INFEASIBLE,INFEASIBLE,INFEASIBLE,INFEASIBLE,INFEASIBLE,INFEASIBLE,no_trials_in_band
freeze,all_only,fused_fisher,INFEASIBLE,0.5,budget_only,count,INFEASIBLE,INFEASIBLE,INFEASIBLE,INFEASIBLE,INFEASIBLE,INFEASIBLE,INFEASIBLE,INFEASIBLE,INFEASIBLE,INFEASIBLE,INFEASIBLE,INFEASIBLE,INFEASIBLE,INFEASIBLE,INFEASIBLE,INFEASIBLE,INFEASIBLE,INFEASIBLE,INFEASIBLE,INFEASIBLE,INFEASIBLE,INFEASIBLE,INFEASIBLE,,INFEASIBLE,INFEASIBLE,INFEASIBLE,INFEASIBLE,INFEASIBLE,INFEASIBLE,INFEASIBLE,INFEASIBLE,INFEASIBLE,INFEASIBLE,INFEASIBLE,INFEASIBLE,INFEASIBLE,INFEASIBLE,INFEASIBLE,INFEASIBLE,INFEASIBLE,INFEASIBLE,INFEASIBLE,INFEASIBLE,INFEASIBLE,INFEASIBLE,INFEASIBLE,INFEASIBLE,INFEASIBLE,no_trials_in_band
freeze,all_only,fused_fisher,INFEASIBLE,0.75,budget_only,count,INFEASIBLE,INFEASIBLE,INFEASIBLE,INFEASIBLE,INFEASIBLE,INFEASIBLE,INFEASIBLE,INFEASIBLE,INFEASIBLE,INFEASIBLE,INFEASIBLE,INFEASIBLE,INFEASIBLE,INFEASIBLE,INFEASIBLE,INFEASIBLE,INFEASIBLE,INFEASIBLE,INFEASIBLE,INFEASIBLE,INFEASIBLE,INFEASIBLE,INFEASIBLE,,INFEASIBLE,INFEASIBLE,INFEASIBLE,INFEASIBLE,INFEASIBLE,INFEASIBLE,INFEASIBLE,INFEASIBLE,INFEASIBLE,INFEASIBLE,INFEASIBLE,INFEASIBLE,INFEASIBLE,INFEASIBLE,INFEASIBLE,INFEASIBLE,INFEASIBLE,INFEASIBLE,INFEASIBLE,INFEASIBLE,INFEASIBLE,INFEASIBLE,INFEASIBLE,INFEASIBLE,INFEASIBLE,no_trials_in_band
freeze,all_only,fused_fisher,INFEASIBLE,1.0,budget_only,count,INFEASIBLE,INFEASIBLE,INFEASIBLE,INFEASIBLE,INFEASIBLE,INFEASIBLE,INFEASIBLE,INFEASIBLE,INFEASIBLE,INFEASIBLE,INFEASIBLE,INFEASIBLE,INFEASIBLE,INFEASIBLE,INFEASIBLE,INFEASIBLE,INFEASIBLE,INFEASIBLE,INFEASIBLE,INFEASIBLE,INFEASIBLE,INFEASIBLE,INFEASIBLE,,INFEASIBLE,INFEASIBLE,INFEASIBLE,INFEASIBLE,INFEASIBLE,INFEASIBLE,INFEASIBLE,INFEASIBLE,INFEASIBLE,INFEASIBLE,INFEASIBLE,INFEASIBLE,INFEASIBLE,INFEASIBLE,INFEASIBLE,INFEASIBLE,INFEASIBLE,INFEASIBLE,INFEASIBLE,INFEASIBLE,INFEASIBLE,INFEASIBLE,INFEASIBLE,INFEASIBLE,INFEASIBLE,no_trials_in_band
freeze,all_only,fused_fisher_lrt_delta,1.0,0.0,budget_only,count,0.1,0.15,0.1,30,30,30,30,1.0,1.0,1.0,1.0141843971631206,0.01950354609929078,5.5,0.5,0.5,0.0,0.5,0.1,0.5,0.1,0.0,0.1,0.1,4.0,25.5,25.5,25.5,26.0,25.5,26.0,25.5,26.0,25.5,26.0,13.0,13.0,1.0141843971631206,1.0141843971631206,0.01950354609929078,0.014241159089097342,0.07529029351782685,1.0141843971631206,0.01950354609929078,0.0,0.0,0.0,0.0,0.0,OK,
freeze,all_only,fused_fisher_lrt_delta,1.0,0.25,budget_only,count,0.1,0.15,0.1,30,30,30,30,1.0,1.0,1.0,1.0141843971631206,0.01950354609929078,5.5,0.5,0.5,0.0,0.5,0.1,0.5,0.1,0.0,0.1,0.1,4.0,25.5,25.5,25.5,26.0,25.5,26.0,25.5,26.0,25.5,26.0,13.0,13.0,1.0141843971631206,1.0141843971631206,0.01950354609929078,0.014241159089097342,0.07529029351782685,1.0141843971631206,0.01950354609929078,0.0,0.0,0.0,0.0,0.0,OK,
freeze,all_only,fused_fisher_lrt_delta,1.0,0.5,budget_only,count,0.1,0.15,0.1,30,30,30,30,1.0,1.0,1.0,1.0141843971631206,0.01950354609929078,5.5,0.5,0.5,0.0,0.5,0.1,0.5,0.1,0.0,0.1,0.1,4.0,25.5,25.5,25.5,26.0,25.5,26.0,25.5,26.0,25.5,26.0,13.0,13.0,1.0141843971631206,1.0141843971631206,0.01950354609929078,0.014241159089097342,0.07529029351782685,1.0141843971631206,0.01950354609929078,0.0,0.0,0.0,0.0,0.0,OK,
freeze,all_only,fused_fisher_lrt_delta,1.0,0.75,budget_only,count,0.1,0.15,0.1,30,30,30,30,1.0,1.0,1.0,1.0141843971631206,0.01950354609929078,5.5,0.5,0.5,0.0,0.5,0.1,0.5,0.1,0.0,0.1,0.1,4.0,25.5,25.5,25.5,26.0,25.5,26.0,25.5,26.0,25.5,26.0,13.0,13.0,1.0141843971631206,1.0141843971631206,0.01950354609929078,0.014241159089097342,0.07529029351782685,1.0141843971631206,0.01950354609929078,0.0,0.0,0.0,0.0,0.0,OK,
freeze,all_only,fused_fisher_lrt_delta,1.0,1.0,budget_only,count,0.1,0.15,0.1,30,30,30,30,1.0,1.0,1.0,1.0141843971631206,0.01950354609929078,5.5,0.5,0.5,0.0,0.5,0.1,0.5,0.1,0.0,0.1,0.1,4.0,25.5,25.5,25.5,26.0,25.5,26.0,25.5,26.0,25.5,26.0,13.0,13.0,1.0141843971631206,1.0141843971631206,0.01950354609929078,0.014241159089097342,0.07529029351782685,1.0141843971631206,0.01950354609929078,0.0,0.0,0.0,0.0,0.0,OK,
freeze,all_only,fused_fisher_lrt_delta,INFEASIBLE,0.0,budget_only,count,INFEASIBLE,INFEASIBLE,INFEASIBLE,INFEASIBLE,INFEASIBLE,INFEASIBLE,INFEASIBLE,INFEASIBLE,INFEASIBLE,INFEASIBLE,INFEASIBLE,INFEASIBLE,INFEASIBLE,INFEASIBLE,INFEASIBLE,INFEASIBLE,INFEASIBLE,INFEASIBLE,INFEASIBLE,INFEASIBLE,INFEASIBLE,INFEASIBLE,INFEASIBLE,,INFEASIBLE,INFEASIBLE,INFEASIBLE,INFEASIBLE,INFEASIBLE,INFEASIBLE,INFEASIBLE,INFEASIBLE,INFEASIBLE,INFEASIBLE,INFEASIBLE,INFEASIBLE,INFEASIBLE,INFEASIBLE,INFEASIBLE,INFEASIBLE,INFEASIBLE,INFEASIBLE,INFEASIBLE,INFEASIBLE,INFEASIBLE,INFEASIBLE,INFEASIBLE,INFEASIBLE,INFEASIBLE,no_trials_in_band
freeze,all_only,fused_fisher_lrt_delta,INFEASIBLE,0.25,budget_only,count,INFEASIBLE,INFEASIBLE,INFEASIBLE,INFEASIBLE,INFEASIBLE,INFEASIBLE,INFEASIBLE,INFEASIBLE,INFEASIBLE,INFEASIBLE,INFEASIBLE,INFEASIBLE,INFEASIBLE,INFEASIBLE,INFEASIBLE,INFEASIBLE,INFEASIBLE,INFEASIBLE,INFEASIBLE,INFEASIBLE,INFEASIBLE,INFEASIBLE,INFEASIBLE,,INFEASIBLE,INFEASIBLE,INFEASIBLE,INFEASIBLE,INFEASIBLE,INFEASIBLE,INFEASIBLE,INFEASIBLE,INFEASIBLE,INFEASIBLE,INFEASIBLE,INFEASIBLE,INFEASIBLE,INFEASIBLE,INFEASIBLE,INFEASIBLE,INFEASIBLE,INFEASIBLE,INFEASIBLE,INFEASIBLE,INFEASIBLE,INFEASIBLE,INFEASIBLE,INFEASIBLE,INFEASIBLE,no_trials_in_band
freeze,all_only,fused_fisher_lrt_delta,INFEASIBLE,0.5,budget_only,count,INFEASIBLE,INFEASIBLE,INFEASIBLE,INFEASIBLE,INFEASIBLE,INFEASIBLE,INFEASIBLE,INFEASIBLE,INFEASIBLE,INFEASIBLE,INFEASIBLE,INFEASIBLE,INFEASIBLE,INFEASIBLE,INFEASIBLE,INFEASIBLE,INFEASIBLE,INFEASIBLE,INFEASIBLE,INFEASIBLE,INFEASIBLE,INFEASIBLE,INFEASIBLE,,INFEASIBLE,INFEASIBLE,INFEASIBLE,INFEASIBLE,INFEASIBLE,INFEASIBLE,INFEASIBLE,INFEASIBLE,INFEASIBLE,INFEASIBLE,INFEASIBLE,INFEASIBLE,INFEASIBLE,INFEASIBLE,INFEASIBLE,INFEASIBLE,INFEASIBLE,INFEASIBLE,INFEASIBLE,INFEASIBLE,INFEASIBLE,INFEASIBLE,INFEASIBLE,INFEASIBLE,INFEASIBLE,no_trials_in_band
freeze,all_only,fused_fisher_lrt_delta,INFEASIBLE,0.75,budget_only,count,INFEASIBLE,INFEASIBLE,INFEASIBLE,INFEASIBLE,INFEASIBLE,INFEASIBLE,INFEASIBLE,INFEASIBLE,INFEASIBLE,INFEASIBLE,INFEASIBLE,INFEASIBLE,INFEASIBLE,INFEASIBLE,INFEASIBLE,INFEASIBLE,INFEASIBLE,INFEASIBLE,INFEASIBLE,INFEASIBLE,INFEASIBLE,INFEASIBLE,INFEASIBLE,,INFEASIBLE,INFEASIBLE,INFEASIBLE,INFEASIBLE,INFEASIBLE,INFEASIBLE,INFEASIBLE,INFEASIBLE,INFEASIBLE,INFEASIBLE,INFEASIBLE,INFEASIBLE,INFEASIBLE,INFEASIBLE,INFEASIBLE,INFEASIBLE,INFEASIBLE,INFEASIBLE,INFEASIBLE,INFEASIBLE,INFEASIBLE,INFEASIBLE,INFEASIBLE,INFEASIBLE,INFEASIBLE,no_trials_in_band
freeze,all_only,fused_fisher_lrt_delta,INFEASIBLE,1.0,budget_only,count,INFEASIBLE,INFEASIBLE,INFEASIBLE,INFEASIBLE,INFEASIBLE,INFEASIBLE,INFEASIBLE,INFEASIBLE,INFEASIBLE,INFEASIBLE,INFEASIBLE,INFEASIBLE,INFEASIBLE,INFEASIBLE,INFEASIBLE,INFEASIBLE,INFEASIBLE,INFEASIBLE,INFEASIBLE,INFEASIBLE,INFEASIBLE,INFEASIBLE,INFEASIBLE,,INFEASIBLE,INFEASIBLE,INFEASIBLE,INFEASIBLE,INFEASIBLE,INFEASIBLE,INFEASIBLE,INFEASIBLE,INFEASIBLE,INFEASIBLE,INFEASIBLE,INFEASIBLE,INFEASIBLE,INFEASIBLE,INFEASIBLE,INFEASIBLE,INFEASIBLE,INFEASIBLE,INFEASIBLE,INFEASIBLE,INFEASIBLE,INFEASIBLE,INFEASIBLE,INFEASIBLE,INFEASIBLE,no_trials_in_band
freeze,all_only,fused_sp,1.0,0.0,budget_only,count,0.1,0.15,0.1,30,30,30,30,1.0,1.0,1.0,0.8666666666666667,0.04539007092198581,4.7,0.3,0.3,0.0,0.3,0.06666666666666667,0.3,0.06666666666666667,0.0,0.06666666666666667,0.06666666666666667,4.0,26.0,26.0,26.0,26.0,26.0,26.0,26.0,26.0,26.0,26.0,14.0,14.0,2.3602836879432627,0.8666666666666667,0.04539007092198581,0.020294593204858803,-0.03203709191278005,0.8666666666666667,0.04539007092198581,0.0,0.0,0.0,0.0,0.0,OK,
freeze,all_only,fused_sp,1.0,0.25,budget_only,count,0.1,0.15,0.1,30,30,30,30,1.0,1.0,1.0,0.8666666666666667,0.04539007092198581,4.7,0.3,0.3,0.0,0.3,0.06666666666666667,0.3,0.06666666666666667,0.0,0.06666666666666667,0.06666666666666667,4.0,26.0,26.0,26.0,26.0,26.0,26.0,26.0,26.0,26.0,26.0,14.0,14.0,2.3602836879432627,0.8666666666666667,0.04539007092198581,0.020294593204858803,-0.03203709191278005,0.8666666666666667,0.04539007092198581,0.0,0.0,0.0,0.0,0.0,OK,
freeze,all_only,fused_sp,1.0,0.5,budget_only,count,0.1,0.15,0.1,30,30,30,30,1.0,1.0,1.0,0.8666666666666667,0.04539007092198581,4.7,0.3,0.3,0.0,0.3,0.06666666666666667,0.3,0.06666666666666667,0.0,0.06666666666666667,0.06666666666666667,4.0,26.0,26.0,26.0,26.0,26.0,26.0,26.0,26.0,26.0,26.0,14.0,14.0,2.3602836879432627,0.8666666666666667,0.04539007092198581,0.020294593204858803,-0.03203709191278005,0.8666666666666667,0.04539007092198581,0.0,0.0,0.0,0.0,0.0,OK,
freeze,all_only,fused_sp,1.0,0.75,budget_only,count,0.1,0.15,0.1,30,30,30,30,1.0,1.0,1.0,0.8666666666666667,0.04539007092198581,4.7,0.3,0.3,0.0,0.3,0.06666666666666667,0.3,0.06666666666666667,0.0,0.06666666666666667,0.06666666666666667,4.0,26.0,26.0,26.0,26.0,26.0,26.0,26.0,26.0,26.0,26.0,14.0,14.0,2.3602836879432627,0.8666666666666667,0.04539007092198581,0.020294593204858803,-0.03203709191278005,0.8666666666666667,0.04539007092198581,0.0,0.0,0.0,0.0,0.0,OK,
freeze,all_only,fused_sp,1.0,1.0,budget_only,count,0.1,0.15,0.1,30,30,30,30,1.0,1.0,1.0,0.8666666666666667,0.04539007092198581,4.7,0.3,0.3,0.0,0.3,0.06666666666666667,0.3,0.06666666666666667,0.0,0.06666666666666667,0.06666666666666667,4.0,26.0,26.0,26.0,26.0,26.0,26.0,26.0,26.0,26.0,26.0,14.0,14.0,2.3602836879432627,0.8666666666666667,0.04539007092198581,0.020294593204858803,-0.03203709191278005,0.8666666666666667,0.04539007092198581,0.0,0.0,0.0,0.0,0.0,OK,
freeze,all_only,fused_sp,INFEASIBLE,0.0,budget_only,count,INFEASIBLE,INFEASIBLE,INFEASIBLE,INFEASIBLE,INFEASIBLE,INFEASIBLE,INFEASIBLE,INFEASIBLE,INFEASIBLE,INFEASIBLE,INFEASIBLE,INFEASIBLE,INFEASIBLE,INFEASIBLE,INFEASIBLE,INFEASIBLE,INFEASIBLE,INFEASIBLE,INFEASIBLE,INFEASIBLE,INFEASIBLE,INFEASIBLE,INFEASIBLE,,INFEASIBLE,INFEASIBLE,INFEASIBLE,INFEASIBLE,INFEASIBLE,INFEASIBLE,INFEASIBLE,INFEASIBLE,INFEASIBLE,INFEASIBLE,INFEASIBLE,INFEASIBLE,INFEASIBLE,INFEASIBLE,INFEASIBLE,INFEASIBLE,INFEASIBLE,INFEASIBLE,INFEASIBLE,INFEASIBLE,INFEASIBLE,INFEASIBLE,INFEASIBLE,INFEASIBLE,INFEASIBLE,no_trials_in_band
freeze,all_only,fused_sp,INFEASIBLE,0.25,budget_only,count,INFEASIBLE,INFEASIBLE,INFEASIBLE,INFEASIBLE,INFEASIBLE,INFEASIBLE,INFEASIBLE,INFEASIBLE,INFEASIBLE,INFEASIBLE,INFEASIBLE,INFEASIBLE,INFEASIBLE,INFEASIBLE,INFEASIBLE,INFEASIBLE,INFEASIBLE,INFEASIBLE,INFEASIBLE,INFEASIBLE,INFEASIBLE,INFEASIBLE,INFEASIBLE,,INFEASIBLE,INFEASIBLE,INFEASIBLE,INFEASIBLE,INFEASIBLE,INFEASIBLE,INFEASIBLE,INFEASIBLE,INFEASIBLE,INFEASIBLE,INFEASIBLE,INFEASIBLE,INFEASIBLE,INFEASIBLE,INFEASIBLE,INFEASIBLE,INFEASIBLE,INFEASIBLE,INFEASIBLE,INFEASIBLE,INFEASIBLE,INFEASIBLE,INFEASIBLE,INFEASIBLE,INFEASIBLE,no_trials_in_band
freeze,all_only,fused_sp,INFEASIBLE,0.5,budget_only,count,INFEASIBLE,INFEASIBLE,INFEASIBLE,INFEASIBLE,INFEASIBLE,INFEASIBLE,INFEASIBLE,INFEASIBLE,INFEASIBLE,INFEASIBLE,INFEASIBLE,INFEASIBLE,INFEASIBLE,INFEASIBLE,INFEASIBLE,INFEASIBLE,INFEASIBLE,INFEASIBLE,INFEASIBLE,INFEASIBLE,INFEASIBLE,INFEASIBLE,INFEASIBLE,,INFEASIBLE,INFEASIBLE,INFEASIBLE,INFEASIBLE,INFEASIBLE,INFEASIBLE,INFEASIBLE,INFEASIBLE,INFEASIBLE,INFEASIBLE,INFEASIBLE,INFEASIBLE,INFEASIBLE,INFEASIBLE,INFEASIBLE,INFEASIBLE,INFEASIBLE,INFEASIBLE,INFEASIBLE,INFEASIBLE,INFEASIBLE,INFEASIBLE,INFEASIBLE,INFEASIBLE,INFEASIBLE,no_trials_in_band
freeze,all_only,fused_sp,INFEASIBLE,0.75,budget_only,count,INFEASIBLE,INFEASIBLE,INFEASIBLE,INFEASIBLE,INFEASIBLE,INFEASIBLE,INFEASIBLE,INFEASIBLE,INFEASIBLE,INFEASIBLE,INFEASIBLE,INFEASIBLE,INFEASIBLE,INFEASIBLE,INFEASIBLE,INFEASIBLE,INFEASIBLE,INFEASIBLE,INFEASIBLE,INFEASIBLE,INFEASIBLE,INFEASIBLE,INFEASIBLE,,INFEASIBLE,INFEASIBLE,INFEASIBLE,INFEASIBLE,INFEASIBLE,INFEASIBLE,INFEASIBLE,INFEASIBLE,INFEASIBLE,INFEASIBLE,INFEASIBLE,INFEASIBLE,INFEASIBLE,INFEASIBLE,INFEASIBLE,INFEASIBLE,INFEASIBLE,INFEASIBLE,INFEASIBLE,INFEASIBLE,INFEASIBLE,INFEASIBLE,INFEASIBLE,INFEASIBLE,INFEASIBLE,no_trials_in_band
freeze,all_only,fused_sp,INFEASIBLE,1.0,budget_only,count,INFEASIBLE,INFEASIBLE,INFEASIBLE,INFEASIBLE,INFEASIBLE,INFEASIBLE,INFEASIBLE,INFEASIBLE,INFEASIBLE,INFEASIBLE,INFEASIBLE,INFEASIBLE,INFEASIBLE,INFEASIBLE,INFEASIBLE,INFEASIBLE,INFEASIBLE,INFEASIBLE,INFEASIBLE,INFEASIBLE,INFEASIBLE,INFEASIBLE,INFEASIBLE,,INFEASIBLE,INFEASIBLE,INFEASIBLE,INFEASIBLE,INFEASIBLE,INFEASIBLE,INFEASIBLE,INFEASIBLE,INFEASIBLE,INFEASIBLE,INFEASIBLE,INFEASIBLE,INFEASIBLE,INFEASIBLE,INFEASIBLE,INFEASIBLE,INFEASIBLE,INFEASIBLE,INFEASIBLE,INFEASIBLE,INFEASIBLE,INFEASIBLE,INFEASIBLE,INFEASIBLE,INFEASIBLE,no_trials_in_band
freeze,all_only,fused_sp_lrt_delta,1.0,0.0,budget_only,count,0.1,0.15,0.1,30,21,21,21,0.7,0.7,0.7,0.7375886524822695,0.014184397163120569,4.0,0.0,0.0,0.0,0.0,0.0,0.0,0.0,0.0,0.0,0.0,4.0,26.0,26.0,26.0,26.0,26.0,26.0,26.0,26.0,26.0,26.0,NA,NA,0.7375886524822695,0.7375886524822695,0.014184397163120569,0.020294593204858803,-0.24276574022236672,0.7375886524822695,0.014184397163120569,0.0,0.0,0.0,0.0,0.0,OK,
freeze,all_only,fused_sp_lrt_delta,1.0,0.25,budget_only,count,0.1,0.15,0.1,30,21,21,21,0.7,0.7,0.7,0.7375886524822695,0.014184397163120569,4.0,0.0,0.0,0.0,0.0,0.0,0.0,0.0,0.0,0.0,0.0,4.0,26.0,26.0,26.0,26.0,26.0,26.0,26.0,26.0,26.0,26.0,NA,NA,0.7375886524822695,0.7375886524822695,0.014184397163120569,0.020294593204858803,-0.24276574022236672,0.7375886524822695,0.014184397163120569,0.0,0.0,0.0,0.0,0.0,OK,
freeze,all_only,fused_sp_lrt_delta,1.0,0.5,budget_only,count,0.1,0.15,0.1,30,21,21,21,0.7,0.7,0.7,0.7375886524822695,0.014184397163120569,4.0,0.0,0.0,0.0,0.0,0.0,0.0,0.0,0.0,0.0,0.0,4.0,26.0,26.0,26.0,26.0,26.0,26.0,26.0,26.0,26.0,26.0,NA,NA,0.7375886524822695,0.7375886524822695,0.014184397163120569,0.020294593204858803,-0.24276574022236672,0.7375886524822695,0.014184397163120569,0.0,0.0,0.0,0.0,0.0,OK,
freeze,all_only,fused_sp_lrt_delta,1.0,0.75,budget_only,count,0.1,0.15,0.1,30,21,21,21,0.7,0.7,0.7,0.7375886524822695,0.014184397163120569,4.0,0.0,0.0,0.0,0.0,0.0,0.0,0.0,0.0,0.0,0.0,4.0,26.0,26.0,26.0,26.0,26.0,26.0,26.0,26.0,26.0,26.0,NA,NA,0.7375886524822695,0.7375886524822695,0.014184397163120569,0.020294593204858803,-0.24276574022236672,0.7375886524822695,0.014184397163120569,0.0,0.0,0.0,0.0,0.0,OK,
freeze,all_only,fused_sp_lrt_delta,1.0,1.0,budget_only,count,0.1,0.15,0.1,30,21,21,21,0.7,0.7,0.7,0.7375886524822695,0.014184397163120569,4.0,0.0,0.0,0.0,0.0,0.0,0.0,0.0,0.0,0.0,0.0,4.0,26.0,26.0,26.0,26.0,26.0,26.0,26.0,26.0,26.0,26.0,NA,NA,0.7375886524822695,0.7375886524822695,0.014184397163120569,0.020294593204858803,-0.24276574022236672,0.7375886524822695,0.014184397163120569,0.0,0.0,0.0,0.0,0.0,OK,
freeze,all_only,fused_sp_lrt_delta,INFEASIBLE,0.0,budget_only,count,INFEASIBLE,INFEASIBLE,INFEASIBLE,INFEASIBLE,INFEASIBLE,INFEASIBLE,INFEASIBLE,INFEASIBLE,INFEASIBLE,INFEASIBLE,INFEASIBLE,INFEASIBLE,INFEASIBLE,INFEASIBLE,INFEASIBLE,INFEASIBLE,INFEASIBLE,INFEASIBLE,INFEASIBLE,INFEASIBLE,INFEASIBLE,INFEASIBLE,INFEASIBLE,,INFEASIBLE,INFEASIBLE,INFEASIBLE,INFEASIBLE,INFEASIBLE,INFEASIBLE,INFEASIBLE,INFEASIBLE,INFEASIBLE,INFEASIBLE,INFEASIBLE,INFEASIBLE,INFEASIBLE,INFEASIBLE,INFEASIBLE,INFEASIBLE,INFEASIBLE,INFEASIBLE,INFEASIBLE,INFEASIBLE,INFEASIBLE,INFEASIBLE,INFEASIBLE,INFEASIBLE,INFEASIBLE,no_trials_in_band
freeze,all_only,fused_sp_lrt_delta,INFEASIBLE,0.25,budget_only,count,INFEASIBLE,INFEASIBLE,INFEASIBLE,INFEASIBLE,INFEASIBLE,INFEASIBLE,INFEASIBLE,INFEASIBLE,INFEASIBLE,INFEASIBLE,INFEASIBLE,INFEASIBLE,INFEASIBLE,INFEASIBLE,INFEASIBLE,INFEASIBLE,INFEASIBLE,INFEASIBLE,INFEASIBLE,INFEASIBLE,INFEASIBLE,INFEASIBLE,INFEASIBLE,,INFEASIBLE,INFEASIBLE,INFEASIBLE,INFEASIBLE,INFEASIBLE,INFEASIBLE,INFEASIBLE,INFEASIBLE,INFEASIBLE,INFEASIBLE,INFEASIBLE,INFEASIBLE,INFEASIBLE,INFEASIBLE,INFEASIBLE,INFEASIBLE,INFEASIBLE,INFEASIBLE,INFEASIBLE,INFEASIBLE,INFEASIBLE,INFEASIBLE,INFEASIBLE,INFEASIBLE,INFEASIBLE,no_trials_in_band
freeze,all_only,fused_sp_lrt_delta,INFEASIBLE,0.5,budget_only,count,INFEASIBLE,INFEASIBLE,INFEASIBLE,INFEASIBLE,INFEASIBLE,INFEASIBLE,INFEASIBLE,INFEASIBLE,INFEASIBLE,INFEASIBLE,INFEASIBLE,INFEASIBLE,INFEASIBLE,INFEASIBLE,INFEASIBLE,INFEASIBLE,INFEASIBLE,INFEASIBLE,INFEASIBLE,INFEASIBLE,INFEASIBLE,INFEASIBLE,INFEASIBLE,,INFEASIBLE,INFEASIBLE,INFEASIBLE,INFEASIBLE,INFEASIBLE,INFEASIBLE,INFEASIBLE,INFEASIBLE,INFEASIBLE,INFEASIBLE,INFEASIBLE,INFEASIBLE,INFEASIBLE,INFEASIBLE,INFEASIBLE,INFEASIBLE,INFEASIBLE,INFEASIBLE,INFEASIBLE,INFEASIBLE,INFEASIBLE,INFEASIBLE,INFEASIBLE,INFEASIBLE,INFEASIBLE,no_trials_in_band
freeze,all_only,fused_sp_lrt_delta,INFEASIBLE,0.75,budget_only,count,INFEASIBLE,INFEASIBLE,INFEASIBLE,INFEASIBLE,INFEASIBLE,INFEASIBLE,INFEASIBLE,INFEASIBLE,INFEASIBLE,INFEASIBLE,INFEASIBLE,INFEASIBLE,INFEASIBLE,INFEASIBLE,INFEASIBLE,INFEASIBLE,INFEASIBLE,INFEASIBLE,INFEASIBLE,INFEASIBLE,INFEASIBLE,INFEASIBLE,INFEASIBLE,,INFEASIBLE,INFEASIBLE,INFEASIBLE,INFEASIBLE,INFEASIBLE,INFEASIBLE,INFEASIBLE,INFEASIBLE,INFEASIBLE,INFEASIBLE,INFEASIBLE,INFEASIBLE,INFEASIBLE,INFEASIBLE,INFEASIBLE,INFEASIBLE,INFEASIBLE,INFEASIBLE,INFEASIBLE,INFEASIBLE,INFEASIBLE,INFEASIBLE,INFEASIBLE,INFEASIBLE,INFEASIBLE,no_trials_in_band
freeze,all_only,fused_sp_lrt_delta,INFEASIBLE,1.0,budget_only,count,INFEASIBLE,INFEASIBLE,INFEASIBLE,INFEASIBLE,INFEASIBLE,INFEASIBLE,INFEASIBLE,INFEASIBLE,INFEASIBLE,INFEASIBLE,INFEASIBLE,INFEASIBLE,INFEASIBLE,INFEASIBLE,INFEASIBLE,INFEASIBLE,INFEASIBLE,INFEASIBLE,INFEASIBLE,INFEASIBLE,INFEASIBLE,INFEASIBLE,INFEASIBLE,,INFEASIBLE,INFEASIBLE,INFEASIBLE,INFEASIBLE,INFEASIBLE,INFEASIBLE,INFEASIBLE,INFEASIBLE,INFEASIBLE,INFEASIBLE,INFEASIBLE,INFEASIBLE,INFEASIBLE,INFEASIBLE,INFEASIBLE,INFEASIBLE,INFEASIBLE,INFEASIBLE,INFEASIBLE,INFEASIBLE,INFEASIBLE,INFEASIBLE,INFEASIBLE,INFEASIBLE,INFEASIBLE,no_trials_in_band
freeze,all_only,max_abs,INFEASIBLE,0.0,budget_only,count,INFEASIBLE,INFEASIBLE,INFEASIBLE,INFEASIBLE,INFEASIBLE,INFEASIBLE,INFEASIBLE,INFEASIBLE,INFEASIBLE,INFEASIBLE,INFEASIBLE,INFEASIBLE,INFEASIBLE,INFEASIBLE,INFEASIBLE,INFEASIBLE,INFEASIBLE,INFEASIBLE,INFEASIBLE,INFEASIBLE,INFEASIBLE,INFEASIBLE,INFEASIBLE,,INFEASIBLE,INFEASIBLE,INFEASIBLE,INFEASIBLE,INFEASIBLE,INFEASIBLE,INFEASIBLE,INFEASIBLE,INFEASIBLE,INFEASIBLE,INFEASIBLE,INFEASIBLE,INFEASIBLE,INFEASIBLE,INFEASIBLE,INFEASIBLE,INFEASIBLE,INFEASIBLE,INFEASIBLE,INFEASIBLE,INFEASIBLE,INFEASIBLE,INFEASIBLE,INFEASIBLE,INFEASIBLE,no_trials_in_band
freeze,all_only,max_abs,INFEASIBLE,0.25,budget_only,count,INFEASIBLE,INFEASIBLE,INFEASIBLE,INFEASIBLE,INFEASIBLE,INFEASIBLE,INFEASIBLE,INFEASIBLE,INFEASIBLE,INFEASIBLE,INFEASIBLE,INFEASIBLE,INFEASIBLE,INFEASIBLE,INFEASIBLE,INFEASIBLE,INFEASIBLE,INFEASIBLE,INFEASIBLE,INFEASIBLE,INFEASIBLE,INFEASIBLE,INFEASIBLE,,INFEASIBLE,INFEASIBLE,INFEASIBLE,INFEASIBLE,INFEASIBLE,INFEASIBLE,INFEASIBLE,INFEASIBLE,INFEASIBLE,INFEASIBLE,INFEASIBLE,INFEASIBLE,INFEASIBLE,INFEASIBLE,INFEASIBLE,INFEASIBLE,INFEASIBLE,INFEASIBLE,INFEASIBLE,INFEASIBLE,INFEASIBLE,INFEASIBLE,INFEASIBLE,INFEASIBLE,INFEASIBLE,no_trials_in_band
freeze,all_only,max_abs,INFEASIBLE,0.5,budget_only,count,INFEASIBLE,INFEASIBLE,INFEASIBLE,INFEASIBLE,INFEASIBLE,INFEASIBLE,INFEASIBLE,INFEASIBLE,INFEASIBLE,INFEASIBLE,INFEASIBLE,INFEASIBLE,INFEASIBLE,INFEASIBLE,INFEASIBLE,INFEASIBLE,INFEASIBLE,INFEASIBLE,INFEASIBLE,INFEASIBLE,INFEASIBLE,INFEASIBLE,INFEASIBLE,,INFEASIBLE,INFEASIBLE,INFEASIBLE,INFEASIBLE,INFEASIBLE,INFEASIBLE,INFEASIBLE,INFEASIBLE,INFEASIBLE,INFEASIBLE,INFEASIBLE,INFEASIBLE,INFEASIBLE,INFEASIBLE,INFEASIBLE,INFEASIBLE,INFEASIBLE,INFEASIBLE,INFEASIBLE,INFEASIBLE,INFEASIBLE,INFEASIBLE,INFEASIBLE,INFEASIBLE,INFEASIBLE,no_trials_in_band
freeze,all_only,max_abs,INFEASIBLE,0.75,budget_only,count,INFEASIBLE,INFEASIBLE,INFEASIBLE,INFEASIBLE,INFEASIBLE,INFEASIBLE,INFEASIBLE,INFEASIBLE,INFEASIBLE,INFEASIBLE,INFEASIBLE,INFEASIBLE,INFEASIBLE,INFEASIBLE,INFEASIBLE,INFEASIBLE,INFEASIBLE,INFEASIBLE,INFEASIBLE,INFEASIBLE,INFEASIBLE,INFEASIBLE,INFEASIBLE,,INFEASIBLE,INFEASIBLE,INFEASIBLE,INFEASIBLE,INFEASIBLE,INFEASIBLE,INFEASIBLE,INFEASIBLE,INFEASIBLE,INFEASIBLE,INFEASIBLE,INFEASIBLE,INFEASIBLE,INFEASIBLE,INFEASIBLE,INFEASIBLE,INFEASIBLE,INFEASIBLE,INFEASIBLE,INFEASIBLE,INFEASIBLE,INFEASIBLE,INFEASIBLE,INFEASIBLE,INFEASIBLE,no_trials_in_band
freeze,all_only,max_abs,INFEASIBLE,1.0,budget_only,count,INFEASIBLE,INFEASIBLE,INFEASIBLE,INFEASIBLE,INFEASIBLE,INFEASIBLE,INFEASIBLE,INFEASIBLE,INFEASIBLE,INFEASIBLE,INFEASIBLE,INFEASIBLE,INFEASIBLE,INFEASIBLE,INFEASIBLE,INFEASIBLE,INFEASIBLE,INFEASIBLE,INFEASIBLE,INFEASIBLE,INFEASIBLE,INFEASIBLE,INFEASIBLE,,INFEASIBLE,INFEASIBLE,INFEASIBLE,INFEASIBLE,INFEASIBLE,INFEASIBLE,INFEASIBLE,INFEASIBLE,INFEASIBLE,INFEASIBLE,INFEASIBLE,INFEASIBLE,INFEASIBLE,INFEASIBLE,INFEASIBLE,INFEASIBLE,INFEASIBLE,INFEASIBLE,INFEASIBLE,INFEASIBLE,INFEASIBLE,INFEASIBLE,INFEASIBLE,INFEASIBLE,INFEASIBLE,no_trials_in_band
freeze,all_only,max_abs,INFEASIBLE,0.0,budget_only,count,INFEASIBLE,INFEASIBLE,INFEASIBLE,INFEASIBLE,INFEASIBLE,INFEASIBLE,INFEASIBLE,INFEASIBLE,INFEASIBLE,INFEASIBLE,INFEASIBLE,INFEASIBLE,INFEASIBLE,INFEASIBLE,INFEASIBLE,INFEASIBLE,INFEASIBLE,INFEASIBLE,INFEASIBLE,INFEASIBLE,INFEASIBLE,INFEASIBLE,INFEASIBLE,,INFEASIBLE,INFEASIBLE,INFEASIBLE,INFEASIBLE,INFEASIBLE,INFEASIBLE,INFEASIBLE,INFEASIBLE,INFEASIBLE,INFEASIBLE,INFEASIBLE,INFEASIBLE,INFEASIBLE,INFEASIBLE,INFEASIBLE,INFEASIBLE,INFEASIBLE,INFEASIBLE,INFEASIBLE,INFEASIBLE,INFEASIBLE,INFEASIBLE,INFEASIBLE,INFEASIBLE,INFEASIBLE,no_trials_in_band
freeze,all_only,max_abs,INFEASIBLE,0.25,budget_only,count,INFEASIBLE,INFEASIBLE,INFEASIBLE,INFEASIBLE,INFEASIBLE,INFEASIBLE,INFEASIBLE,INFEASIBLE,INFEASIBLE,INFEASIBLE,INFEASIBLE,INFEASIBLE,INFEASIBLE,INFEASIBLE,INFEASIBLE,INFEASIBLE,INFEASIBLE,INFEASIBLE,INFEASIBLE,INFEASIBLE,INFEASIBLE,INFEASIBLE,INFEASIBLE,,INFEASIBLE,INFEASIBLE,INFEASIBLE,INFEASIBLE,INFEASIBLE,INFEASIBLE,INFEASIBLE,INFEASIBLE,INFEASIBLE,INFEASIBLE,INFEASIBLE,INFEASIBLE,INFEASIBLE,INFEASIBLE,INFEASIBLE,INFEASIBLE,INFEASIBLE,INFEASIBLE,INFEASIBLE,INFEASIBLE,INFEASIBLE,INFEASIBLE,INFEASIBLE,INFEASIBLE,INFEASIBLE,no_trials_in_band
freeze,all_only,max_abs,INFEASIBLE,0.5,budget_only,count,INFEASIBLE,INFEASIBLE,INFEASIBLE,INFEASIBLE,INFEASIBLE,INFEASIBLE,INFEASIBLE,INFEASIBLE,INFEASIBLE,INFEASIBLE,INFEASIBLE,INFEASIBLE,INFEASIBLE,INFEASIBLE,INFEASIBLE,INFEASIBLE,INFEASIBLE,INFEASIBLE,INFEASIBLE,INFEASIBLE,INFEASIBLE,INFEASIBLE,INFEASIBLE,,INFEASIBLE,INFEASIBLE,INFEASIBLE,INFEASIBLE,INFEASIBLE,INFEASIBLE,INFEASIBLE,INFEASIBLE,INFEASIBLE,INFEASIBLE,INFEASIBLE,INFEASIBLE,INFEASIBLE,INFEASIBLE,INFEASIBLE,INFEASIBLE,INFEASIBLE,INFEASIBLE,INFEASIBLE,INFEASIBLE,INFEASIBLE,INFEASIBLE,INFEASIBLE,INFEASIBLE,INFEASIBLE,no_trials_in_band
freeze,all_only,max_abs,INFEASIBLE,0.75,budget_only,count,INFEASIBLE,INFEASIBLE,INFEASIBLE,INFEASIBLE,INFEASIBLE,INFEASIBLE,INFEASIBLE,INFEASIBLE,INFEASIBLE,INFEASIBLE,INFEASIBLE,INFEASIBLE,INFEASIBLE,INFEASIBLE,INFEASIBLE,INFEASIBLE,INFEASIBLE,INFEASIBLE,INFEASIBLE,INFEASIBLE,INFEASIBLE,INFEASIBLE,INFEASIBLE,,INFEASIBLE,INFEASIBLE,INFEASIBLE,INFEASIBLE,INFEASIBLE,INFEASIBLE,INFEASIBLE,INFEASIBLE,INFEASIBLE,INFEASIBLE,INFEASIBLE,INFEASIBLE,INFEASIBLE,INFEASIBLE,INFEASIBLE,INFEASIBLE,INFEASIBLE,INFEASIBLE,INFEASIBLE,INFEASIBLE,INFEASIBLE,INFEASIBLE,INFEASIBLE,INFEASIBLE,INFEASIBLE,no_trials_in_band
freeze,all_only,max_abs,INFEASIBLE,1.0,budget_only,count,INFEASIBLE,INFEASIBLE,INFEASIBLE,INFEASIBLE,INFEASIBLE,INFEASIBLE,INFEASIBLE,INFEASIBLE,INFEASIBLE,INFEASIBLE,INFEASIBLE,INFEASIBLE,INFEASIBLE,INFEASIBLE,INFEASIBLE,INFEASIBLE,INFEASIBLE,INFEASIBLE,INFEASIBLE,INFEASIBLE,INFEASIBLE,INFEASIBLE,INFEASIBLE,,INFEASIBLE,INFEASIBLE,INFEASIBLE,INFEASIBLE,INFEASIBLE,INFEASIBLE,INFEASIBLE,INFEASIBLE,INFEASIBLE,INFEASIBLE,INFEASIBLE,INFEASIBLE,INFEASIBLE,INFEASIBLE,INFEASIBLE,INFEASIBLE,INFEASIBLE,INFEASIBLE,INFEASIBLE,INFEASIBLE,INFEASIBLE,INFEASIBLE,INFEASIBLE,INFEASIBLE,INFEASIBLE,no_trials_in_band
freeze,all_only,pc_t2,1.0,0.0,budget_only,count,0.1,0.15,0.1,30,30,30,30,1.0,1.0,1.0,0.8543735224586289,0.019621749408983456,4.633333333333334,0.36666666666666664,0.36666666666666664,0.0,0.36666666666666664,0.0,0.36666666666666664,0.0,0.0,0.0,0.0,4.0,26.0,26.0,26.0,26.0,26.0,26.0,26.0,26.0,26.0,26.0,15.0,15.0,1.0203309692671394,0.8543735224586289,0.019621749408983456,0.020294593204858803,0.0,0.8543735224586289,0.019621749408983456,0.0,0.0,0.0,0.0,0.0,OK,
freeze,all_only,pc_t2,1.0,0.25,budget_only,count,0.1,0.15,0.1,30,30,30,30,1.0,1.0,1.0,0.8543735224586289,0.019621749408983456,4.633333333333334,0.36666666666666664,0.36666666666666664,0.0,0.36666666666666664,0.0,0.36666666666666664,0.0,0.0,0.0,0.0,4.0,26.0,26.0,26.0,26.0,26.0,26.0,26.0,26.0,26.0,26.0,15.0,15.0,1.0203309692671394,0.8543735224586289,0.019621749408983456,0.020294593204858803,0.0,0.8543735224586289,0.019621749408983456,0.0,0.0,0.0,0.0,0.0,OK,
freeze,all_only,pc_t2,1.0,0.5,budget_only,count,0.1,0.15,0.1,30,30,30,30,1.0,1.0,1.0,0.8543735224586289,0.019621749408983456,4.633333333333334,0.36666666666666664,0.36666666666666664,0.0,0.36666666666666664,0.0,0.36666666666666664,0.0,0.0,0.0,0.0,4.0,26.0,26.0,26.0,26.0,26.0,26.0,26.0,26.0,26.0,26.0,15.0,15.0,1.0203309692671394,0.8543735224586289,0.019621749408983456,0.020294593204858803,0.0,0.8543735224586289,0.019621749408983456,0.0,0.0,0.0,0.0,0.0,OK,
freeze,all_only,pc_t2,1.0,0.75,budget_only,count,0.1,0.15,0.1,30,30,30,30,1.0,1.0,1.0,0.8543735224586289,0.019621749408983456,4.633333333333334,0.36666666666666664,0.36666666666666664,0.0,0.36666666666666664,0.0,0.36666666666666664,0.0,0.0,0.0,0.0,4.0,26.0,26.0,26.0,26.0,26.0,26.0,26.0,26.0,26.0,26.0,15.0,15.0,1.0203309692671394,0.8543735224586289,0.019621749408983456,0.020294593204858803,0.0,0.8543735224586289,0.019621749408983456,0.0,0.0,0.0,0.0,0.0,OK,
freeze,all_only,pc_t2,1.0,1.0,budget_only,count,0.1,0.15,0.1,30,30,30,30,1.0,1.0,1.0,0.8543735224586289,0.019621749408983456,4.633333333333334,0.36666666666666664,0.36666666666666664,0.0,0.36666666666666664,0.0,0.36666666666666664,0.0,0.0,0.0,0.0,4.0,26.0,26.0,26.0,26.0,26.0,26.0,26.0,26.0,26.0,26.0,15.0,15.0,1.0203309692671394,0.8543735224586289,0.019621749408983456,0.020294593204858803,0.0,0.8543735224586289,0.019621749408983456,0.0,0.0,0.0,0.0,0.0,OK,
freeze,all_only,pc_t2,INFEASIBLE,0.0,budget_only,count,INFEASIBLE,INFEASIBLE,INFEASIBLE,INFEASIBLE,INFEASIBLE,INFEASIBLE,INFEASIBLE,INFEASIBLE,INFEASIBLE,INFEASIBLE,INFEASIBLE,INFEASIBLE,INFEASIBLE,INFEASIBLE,INFEASIBLE,INFEASIBLE,INFEASIBLE,INFEASIBLE,INFEASIBLE,INFEASIBLE,INFEASIBLE,INFEASIBLE,INFEASIBLE,,INFEASIBLE,INFEASIBLE,INFEASIBLE,INFEASIBLE,INFEASIBLE,INFEASIBLE,INFEASIBLE,INFEASIBLE,INFEASIBLE,INFEASIBLE,INFEASIBLE,INFEASIBLE,INFEASIBLE,INFEASIBLE,INFEASIBLE,INFEASIBLE,INFEASIBLE,INFEASIBLE,INFEASIBLE,INFEASIBLE,INFEASIBLE,INFEASIBLE,INFEASIBLE,INFEASIBLE,INFEASIBLE,no_trials_in_band
freeze,all_only,pc_t2,INFEASIBLE,0.25,budget_only,count,INFEASIBLE,INFEASIBLE,INFEASIBLE,INFEASIBLE,INFEASIBLE,INFEASIBLE,INFEASIBLE,INFEASIBLE,INFEASIBLE,INFEASIBLE,INFEASIBLE,INFEASIBLE,INFEASIBLE,INFEASIBLE,INFEASIBLE,INFEASIBLE,INFEASIBLE,INFEASIBLE,INFEASIBLE,INFEASIBLE,INFEASIBLE,INFEASIBLE,INFEASIBLE,,INFEASIBLE,INFEASIBLE,INFEASIBLE,INFEASIBLE,INFEASIBLE,INFEASIBLE,INFEASIBLE,INFEASIBLE,INFEASIBLE,INFEASIBLE,INFEASIBLE,INFEASIBLE,INFEASIBLE,INFEASIBLE,INFEASIBLE,INFEASIBLE,INFEASIBLE,INFEASIBLE,INFEASIBLE,INFEASIBLE,INFEASIBLE,INFEASIBLE,INFEASIBLE,INFEASIBLE,INFEASIBLE,no_trials_in_band
freeze,all_only,pc_t2,INFEASIBLE,0.5,budget_only,count,INFEASIBLE,INFEASIBLE,INFEASIBLE,INFEASIBLE,INFEASIBLE,INFEASIBLE,INFEASIBLE,INFEASIBLE,INFEASIBLE,INFEASIBLE,INFEASIBLE,INFEASIBLE,INFEASIBLE,INFEASIBLE,INFEASIBLE,INFEASIBLE,INFEASIBLE,INFEASIBLE,INFEASIBLE,INFEASIBLE,INFEASIBLE,INFEASIBLE,INFEASIBLE,,INFEASIBLE,INFEASIBLE,INFEASIBLE,INFEASIBLE,INFEASIBLE,INFEASIBLE,INFEASIBLE,INFEASIBLE,INFEASIBLE,INFEASIBLE,INFEASIBLE,INFEASIBLE,INFEASIBLE,INFEASIBLE,INFEASIBLE,INFEASIBLE,INFEASIBLE,INFEASIBLE,INFEASIBLE,INFEASIBLE,INFEASIBLE,INFEASIBLE,INFEASIBLE,INFEASIBLE,INFEASIBLE,no_trials_in_band
freeze,all_only,pc_t2,INFEASIBLE,0.75,budget_only,count,INFEASIBLE,INFEASIBLE,INFEASIBLE,INFEASIBLE,INFEASIBLE,INFEASIBLE,INFEASIBLE,INFEASIBLE,INFEASIBLE,INFEASIBLE,INFEASIBLE,INFEASIBLE,INFEASIBLE,INFEASIBLE,INFEASIBLE,INFEASIBLE,INFEASIBLE,INFEASIBLE,INFEASIBLE,INFEASIBLE,INFEASIBLE,INFEASIBLE,INFEASIBLE,,INFEASIBLE,INFEASIBLE,INFEASIBLE,INFEASIBLE,INFEASIBLE,INFEASIBLE,INFEASIBLE,INFEASIBLE,INFEASIBLE,INFEASIBLE,INFEASIBLE,INFEASIBLE,INFEASIBLE,INFEASIBLE,INFEASIBLE,INFEASIBLE,INFEASIBLE,INFEASIBLE,INFEASIBLE,INFEASIBLE,INFEASIBLE,INFEASIBLE,INFEASIBLE,INFEASIBLE,INFEASIBLE,no_trials_in_band
freeze,all_only,pc_t2,INFEASIBLE,1.0,budget_only,count,INFEASIBLE,INFEASIBLE,INFEASIBLE,INFEASIBLE,INFEASIBLE,INFEASIBLE,INFEASIBLE,INFEASIBLE,INFEASIBLE,INFEASIBLE,INFEASIBLE,INFEASIBLE,INFEASIBLE,INFEASIBLE,INFEASIBLE,INFEASIBLE,INFEASIBLE,INFEASIBLE,INFEASIBLE,INFEASIBLE,INFEASIBLE,INFEASIBLE,INFEASIBLE,,INFEASIBLE,INFEASIBLE,INFEASIBLE,INFEASIBLE,INFEASIBLE,INFEASIBLE,INFEASIBLE,INFEASIBLE,INFEASIBLE,INFEASIBLE,INFEASIBLE,INFEASIBLE,INFEASIBLE,INFEASIBLE,INFEASIBLE,INFEASIBLE,INFEASIBLE,INFEASIBLE,INFEASIBLE,INFEASIBLE,INFEASIBLE,INFEASIBLE,INFEASIBLE,INFEASIBLE,INFEASIBLE,no_trials_in_band
freeze,all_only,res_energy,1.0,0.0,budget_only,count,0.1,0.15,0.1,30,30,30,30,1.0,1.0,1.0,0.8851063829787235,0.10070921985815601,4.8,0.3,0.3,0.0,0.36666666666666664,0.06666666666666667,0.36666666666666664,0.06666666666666667,0.06666666666666667,0.06666666666666667,0.06666666666666667,4.0,26.0,26.0,26.0,26.0,26.0,26.0,26.0,26.0,26.0,26.0,16.0,16.0,5.2368794326241135,0.8851063829787235,0.10070921985815601,0.09981968072590121,0.0,0.8851063829787235,0.10070921985815601,0.0,0.0,0.0,0.0,0.0,OK,
freeze,all_only,res_energy,1.0,0.25,budget_only,count,0.1,0.15,0.1,30,30,30,30,1.0,1.0,1.0,0.8851063829787235,0.10070921985815601,4.8,0.3,0.3,0.0,0.36666666666666664,0.06666666666666667,0.36666666666666664,0.06666666666666667,0.06666666666666667,0.06666666666666667,0.06666666666666667,4.0,26.0,26.0,26.0,26.0,26.0,26.0,26.0,26.0,26.0,26.0,16.0,16.0,5.2368794326241135,0.8851063829787235,0.10070921985815601,0.09981968072590121,0.0,0.8851063829787235,0.10070921985815601,0.0,0.0,0.0,0.0,0.0,OK,
freeze,all_only,res_energy,1.0,0.5,budget_only,count,0.1,0.15,0.1,30,30,30,30,1.0,1.0,1.0,0.8851063829787235,0.10070921985815601,4.8,0.3,0.3,0.0,0.36666666666666664,0.06666666666666667,0.36666666666666664,0.06666666666666667,0.06666666666666667,0.06666666666666667,0.06666666666666667,4.0,26.0,26.0,26.0,26.0,26.0,26.0,26.0,26.0,26.0,26.0,16.0,16.0,5.2368794326241135,0.8851063829787235,0.10070921985815601,0.09981968072590121,0.0,0.8851063829787235,0.10070921985815601,0.0,0.0,0.0,0.0,0.0,OK,
freeze,all_only,res_energy,1.0,0.75,budget_only,count,0.1,0.15,0.1,30,30,30,30,1.0,1.0,1.0,0.8851063829787235,0.10070921985815601,4.8,0.3,0.3,0.0,0.36666666666666664,0.06666666666666667,0.36666666666666664,0.06666666666666667,0.06666666666666667,0.06666666666666667,0.06666666666666667,4.0,26.0,26.0,26.0,26.0,26.0,26.0,26.0,26.0,26.0,26.0,16.0,16.0,5.2368794326241135,0.8851063829787235,0.10070921985815601,0.09981968072590121,0.0,0.8851063829787235,0.10070921985815601,0.0,0.0,0.0,0.0,0.0,OK,
freeze,all_only,res_energy,1.0,1.0,budget_only,count,0.1,0.15,0.1,30,30,30,30,1.0,1.0,1.0,0.8851063829787235,0.10070921985815601,4.8,0.3,0.3,0.0,0.36666666666666664,0.06666666666666667,0.36666666666666664,0.06666666666666667,0.06666666666666667,0.06666666666666667,0.06666666666666667,4.0,26.0,26.0,26.0,26.0,26.0,26.0,26.0,26.0,26.0,26.0,16.0,16.0,5.2368794326241135,0.8851063829787235,0.10070921985815601,0.09981968072590121,0.0,0.8851063829787235,0.10070921985815601,0.0,0.0,0.0,0.0,0.0,OK,
freeze,all_only,res_energy,INFEASIBLE,0.0,budget_only,count,INFEASIBLE,INFEASIBLE,INFEASIBLE,INFEASIBLE,INFEASIBLE,INFEASIBLE,INFEASIBLE,INFEASIBLE,INFEASIBLE,INFEASIBLE,INFEASIBLE,INFEASIBLE,INFEASIBLE,INFEASIBLE,INFEASIBLE,INFEASIBLE,INFEASIBLE,INFEASIBLE,INFEASIBLE,INFEASIBLE,INFEASIBLE,INFEASIBLE,INFEASIBLE,,INFEASIBLE,INFEASIBLE,INFEASIBLE,INFEASIBLE,INFEASIBLE,INFEASIBLE,INFEASIBLE,INFEASIBLE,INFEASIBLE,INFEASIBLE,INFEASIBLE,INFEASIBLE,INFEASIBLE,INFEASIBLE,INFEASIBLE,INFEASIBLE,INFEASIBLE,INFEASIBLE,INFEASIBLE,INFEASIBLE,INFEASIBLE,INFEASIBLE,INFEASIBLE,INFEASIBLE,INFEASIBLE,no_trials_in_band
freeze,all_only,res_energy,INFEASIBLE,0.25,budget_only,count,INFEASIBLE,INFEASIBLE,INFEASIBLE,INFEASIBLE,INFEASIBLE,INFEASIBLE,INFEASIBLE,INFEASIBLE,INFEASIBLE,INFEASIBLE,INFEASIBLE,INFEASIBLE,INFEASIBLE,INFEASIBLE,INFEASIBLE,INFEASIBLE,INFEASIBLE,INFEASIBLE,INFEASIBLE,INFEASIBLE,INFEASIBLE,INFEASIBLE,INFEASIBLE,,INFEASIBLE,INFEASIBLE,INFEASIBLE,INFEASIBLE,INFEASIBLE,INFEASIBLE,INFEASIBLE,INFEASIBLE,INFEASIBLE,INFEASIBLE,INFEASIBLE,INFEASIBLE,INFEASIBLE,INFEASIBLE,INFEASIBLE,INFEASIBLE,INFEASIBLE,INFEASIBLE,INFEASIBLE,INFEASIBLE,INFEASIBLE,INFEASIBLE,INFEASIBLE,INFEASIBLE,INFEASIBLE,no_trials_in_band
freeze,all_only,res_energy,INFEASIBLE,0.5,budget_only,count,INFEASIBLE,INFEASIBLE,INFEASIBLE,INFEASIBLE,INFEASIBLE,INFEASIBLE,INFEASIBLE,INFEASIBLE,INFEASIBLE,INFEASIBLE,INFEASIBLE,INFEASIBLE,INFEASIBLE,INFEASIBLE,INFEASIBLE,INFEASIBLE,INFEASIBLE,INFEASIBLE,INFEASIBLE,INFEASIBLE,INFEASIBLE,INFEASIBLE,INFEASIBLE,,INFEASIBLE,INFEASIBLE,INFEASIBLE,INFEASIBLE,INFEASIBLE,INFEASIBLE,INFEASIBLE,INFEASIBLE,INFEASIBLE,INFEASIBLE,INFEASIBLE,INFEASIBLE,INFEASIBLE,INFEASIBLE,INFEASIBLE,INFEASIBLE,INFEASIBLE,INFEASIBLE,INFEASIBLE,INFEASIBLE,INFEASIBLE,INFEASIBLE,INFEASIBLE,INFEASIBLE,INFEASIBLE,no_trials_in_band
freeze,all_only,res_energy,INFEASIBLE,0.75,budget_only,count,INFEASIBLE,INFEASIBLE,INFEASIBLE,INFEASIBLE,INFEASIBLE,INFEASIBLE,INFEASIBLE,INFEASIBLE,INFEASIBLE,INFEASIBLE,INFEASIBLE,INFEASIBLE,INFEASIBLE,INFEASIBLE,INFEASIBLE,INFEASIBLE,INFEASIBLE,INFEASIBLE,INFEASIBLE,INFEASIBLE,INFEASIBLE,INFEASIBLE,INFEASIBLE,,INFEASIBLE,INFEASIBLE,INFEASIBLE,INFEASIBLE,INFEASIBLE,INFEASIBLE,INFEASIBLE,INFEASIBLE,INFEASIBLE,INFEASIBLE,INFEASIBLE,INFEASIBLE,INFEASIBLE,INFEASIBLE,INFEASIBLE,INFEASIBLE,INFEASIBLE,INFEASIBLE,INFEASIBLE,INFEASIBLE,INFEASIBLE,INFEASIBLE,INFEASIBLE,INFEASIBLE,INFEASIBLE,no_trials_in_band
freeze,all_only,res_energy,INFEASIBLE,1.0,budget_only,count,INFEASIBLE,INFEASIBLE,INFEASIBLE,INFEASIBLE,INFEASIBLE,INFEASIBLE,INFEASIBLE,INFEASIBLE,INFEASIBLE,INFEASIBLE,INFEASIBLE,INFEASIBLE,INFEASIBLE,INFEASIBLE,INFEASIBLE,INFEASIBLE,INFEASIBLE,INFEASIBLE,INFEASIBLE,INFEASIBLE,INFEASIBLE,INFEASIBLE,INFEASIBLE,,INFEASIBLE,INFEASIBLE,INFEASIBLE,INFEASIBLE,INFEASIBLE,INFEASIBLE,INFEASIBLE,INFEASIBLE,INFEASIBLE,INFEASIBLE,INFEASIBLE,INFEASIBLE,INFEASIBLE,INFEASIBLE,INFEASIBLE,INFEASIBLE,INFEASIBLE,INFEASIBLE,INFEASIBLE,INFEASIBLE,INFEASIBLE,INFEASIBLE,INFEASIBLE,INFEASIBLE,INFEASIBLE,no_trials_in_band
freeze,all_only,stale,1.0,0.0,budget_only,count,0.1,0.15,0.1,30,30,0,30,1.0,0.0,1.0,1.094089834515366,0.4839243498817967,5.933333333333334,0.4,0.4,0.0,0.9666666666666667,0.6,0.9666666666666667,0.6,0.5666666666666667,0.0,0.0,4.0,26.0,26.0,26.0,26.0,26.0,26.0,0.0,23.200000000000003,26.0,26.0,17.0,17.0,25.164066193853426,1.094089834515366,0.4839243498817967,1.0000000000000002e-06,0.07697804566131967,1.094089834515366,0.4839243498817967,0.0,0.0,0.0,0.0,0.0,OK,
freeze,all_only,stale,1.0,0.25,budget_only,count,0.1,0.15,0.1,30,30,0,30,1.0,0.0,1.0,1.094089834515366,0.4839243498817967,5.933333333333334,0.4,0.4,0.0,0.9666666666666667,0.6,0.9666666666666667,0.6,0.5666666666666667,0.0,0.0,4.0,26.0,26.0,26.0,26.0,26.0,26.0,0.0,23.200000000000003,26.0,26.0,17.0,17.0,25.164066193853426,1.094089834515366,0.4839243498817967,1.0000000000000002e-06,0.07697804566131967,1.094089834515366,0.4839243498817967,0.0,0.0,0.0,0.0,0.0,OK,
freeze,all_only,stale,1.0,0.5,budget_only,count,0.1,0.15,0.1,30,30,0,30,1.0,0.0,1.0,1.094089834515366,0.4839243498817967,5.933333333333334,0.4,0.4,0.0,0.9666666666666667,0.6,0.9666666666666667,0.6,0.5666666666666667,0.0,0.0,4.0,26.0,26.0,26.0,26.0,26.0,26.0,0.0,23.200000000000003,26.0,26.0,17.0,17.0,25.164066193853426,1.094089834515366,0.4839243498817967,1.0000000000000002e-06,0.07697804566131967,1.094089834515366,0.4839243498817967,0.0,0.0,0.0,0.0,0.0,OK,
freeze,all_only,stale,1.0,0.75,budget_only,count,0.1,0.15,0.1,30,30,0,30,1.0,0.0,1.0,1.094089834515366,0.4839243498817967,5.933333333333334,0.4,0.4,0.0,0.9666666666666667,0.6,0.9666666666666667,0.6,0.5666666666666667,0.0,0.0,4.0,26.0,26.0,26.0,26.0,26.0,26.0,0.0,23.200000000000003,26.0,26.0,17.0,17.0,25.164066193853426,1.094089834515366,0.4839243498817967,1.0000000000000002e-06,0.07697804566131967,1.094089834515366,0.4839243498817967,0.0,0.0,0.0,0.0,0.0,OK,
freeze,all_only,stale,1.0,1.0,budget_only,count,0.1,0.15,0.1,30,30,0,30,1.0,0.0,1.0,1.094089834515366,0.4839243498817967,5.933333333333334,0.4,0.4,0.0,0.9666666666666667,0.6,0.9666666666666667,0.6,0.5666666666666667,0.0,0.0,4.0,26.0,26.0,26.0,26.0,26.0,26.0,0.0,23.200000000000003,26.0,26.0,17.0,17.0,25.164066193853426,1.094089834515366,0.4839243498817967,1.0000000000000002e-06,0.07697804566131967,1.094089834515366,0.4839243498817967,0.0,0.0,0.0,0.0,0.0,OK,
freeze,all_only,stale,INFEASIBLE,0.0,budget_only,count,INFEASIBLE,INFEASIBLE,INFEASIBLE,INFEASIBLE,INFEASIBLE,INFEASIBLE,INFEASIBLE,INFEASIBLE,INFEASIBLE,INFEASIBLE,INFEASIBLE,INFEASIBLE,INFEASIBLE,INFEASIBLE,INFEASIBLE,INFEASIBLE,INFEASIBLE,INFEASIBLE,INFEASIBLE,INFEASIBLE,INFEASIBLE,INFEASIBLE,INFEASIBLE,,INFEASIBLE,INFEASIBLE,INFEASIBLE,INFEASIBLE,INFEASIBLE,INFEASIBLE,INFEASIBLE,INFEASIBLE,INFEASIBLE,INFEASIBLE,INFEASIBLE,INFEASIBLE,INFEASIBLE,INFEASIBLE,INFEASIBLE,INFEASIBLE,INFEASIBLE,INFEASIBLE,INFEASIBLE,INFEASIBLE,INFEASIBLE,INFEASIBLE,INFEASIBLE,INFEASIBLE,INFEASIBLE,no_trials_in_band
freeze,all_only,stale,INFEASIBLE,0.25,budget_only,count,INFEASIBLE,INFEASIBLE,INFEASIBLE,INFEASIBLE,INFEASIBLE,INFEASIBLE,INFEASIBLE,INFEASIBLE,INFEASIBLE,INFEASIBLE,INFEASIBLE,INFEASIBLE,INFEASIBLE,INFEASIBLE,INFEASIBLE,INFEASIBLE,INFEASIBLE,INFEASIBLE,INFEASIBLE,INFEASIBLE,INFEASIBLE,INFEASIBLE,INFEASIBLE,,INFEASIBLE,INFEASIBLE,INFEASIBLE,INFEASIBLE,INFEASIBLE,INFEASIBLE,INFEASIBLE,INFEASIBLE,INFEASIBLE,INFEASIBLE,INFEASIBLE,INFEASIBLE,INFEASIBLE,INFEASIBLE,INFEASIBLE,INFEASIBLE,INFEASIBLE,INFEASIBLE,INFEASIBLE,INFEASIBLE,INFEASIBLE,INFEASIBLE,INFEASIBLE,INFEASIBLE,INFEASIBLE,no_trials_in_band
freeze,all_only,stale,INFEASIBLE,0.5,budget_only,count,INFEASIBLE,INFEASIBLE,INFEASIBLE,INFEASIBLE,INFEASIBLE,INFEASIBLE,INFEASIBLE,INFEASIBLE,INFEASIBLE,INFEASIBLE,INFEASIBLE,INFEASIBLE,INFEASIBLE,INFEASIBLE,INFEASIBLE,INFEASIBLE,INFEASIBLE,INFEASIBLE,INFEASIBLE,INFEASIBLE,INFEASIBLE,INFEASIBLE,INFEASIBLE,,INFEASIBLE,INFEASIBLE,INFEASIBLE,INFEASIBLE,INFEASIBLE,INFEASIBLE,INFEASIBLE,INFEASIBLE,INFEASIBLE,INFEASIBLE,INFEASIBLE,INFEASIBLE,INFEASIBLE,INFEASIBLE,INFEASIBLE,INFEASIBLE,INFEASIBLE,INFEASIBLE,INFEASIBLE,INFEASIBLE,INFEASIBLE,INFEASIBLE,INFEASIBLE,INFEASIBLE,INFEASIBLE,no_trials_in_band
freeze,all_only,stale,INFEASIBLE,0.75,budget_only,count,INFEASIBLE,INFEASIBLE,INFEASIBLE,INFEASIBLE,INFEASIBLE,INFEASIBLE,INFEASIBLE,INFEASIBLE,INFEASIBLE,INFEASIBLE,INFEASIBLE,INFEASIBLE,INFEASIBLE,INFEASIBLE,INFEASIBLE,INFEASIBLE,INFEASIBLE,INFEASIBLE,INFEASIBLE,INFEASIBLE,INFEASIBLE,INFEASIBLE,INFEASIBLE,,INFEASIBLE,INFEASIBLE,INFEASIBLE,INFEASIBLE,INFEASIBLE,INFEASIBLE,INFEASIBLE,INFEASIBLE,INFEASIBLE,INFEASIBLE,INFEASIBLE,INFEASIBLE,INFEASIBLE,INFEASIBLE,INFEASIBLE,INFEASIBLE,INFEASIBLE,INFEASIBLE,INFEASIBLE,INFEASIBLE,INFEASIBLE,INFEASIBLE,INFEASIBLE,INFEASIBLE,INFEASIBLE,no_trials_in_band
freeze,all_only,stale,INFEASIBLE,1.0,budget_only,count,INFEASIBLE,INFEASIBLE,INFEASIBLE,INFEASIBLE,INFEASIBLE,INFEASIBLE,INFEASIBLE,INFEASIBLE,INFEASIBLE,INFEASIBLE,INFEASIBLE,INFEASIBLE,INFEASIBLE,INFEASIBLE,INFEASIBLE,INFEASIBLE,INFEASIBLE,INFEASIBLE,INFEASIBLE,INFEASIBLE,INFEASIBLE,INFEASIBLE,INFEASIBLE,,INFEASIBLE,INFEASIBLE,INFEASIBLE,INFEASIBLE,INFEASIBLE,INFEASIBLE,INFEASIBLE,INFEASIBLE,INFEASIBLE,INFEASIBLE,INFEASIBLE,INFEASIBLE,INFEASIBLE,INFEASIBLE,INFEASIBLE,INFEASIBLE,INFEASIBLE,INFEASIBLE,INFEASIBLE,INFEASIBLE,INFEASIBLE,INFEASIBLE,INFEASIBLE,INFEASIBLE,INFEASIBLE,no_trials_in_band
freeze,full,T2,1.0,0.0,budget_only,count,0.1,0.15,0.1,30,22,22,22,0.7333333333333333,0.7333333333333333,0.7333333333333333,0.7375886524822696,0.024822695035460987,4.0,0.0,0.0,0.0,0.0,0.0,0.0,0.0,0.0,0.0,0.0,4.0,26.0,26.0,26.0,26.0,26.0,26.0,26.0,26.0,26.0,26.0,NA,NA,1.2907801418439713,0.7375886524822696,0.024822695035460987,3.051757812500001e-06,-0.016119384293756405,0.7375886524822696,0.024822695035460987,0.0,0.0,0.0,0.0,0.0,OK,
freeze,full,T2,1.0,0.25,budget_only,count,0.1,0.15,0.1,30,22,22,22,0.7333333333333333,0.7333333333333333,0.7333333333333333,0.7375886524822696,0.024822695035460987,4.0,0.0,0.0,0.0,0.0,0.0,0.0,0.0,0.0,0.0,0.0,4.0,26.0,26.0,26.0,26.0,26.0,26.0,26.0,26.0,26.0,26.0,NA,NA,1.3243068987749835,0.7711154094132818,0.02546744036105738,3.051757812500001e-06,-0.14662237193774205,0.7375886524822696,0.024822695035460987,0.0,0.01515151515151515,0.0,0.0,0.01515151515151515,OK,
freeze,full,T2,1.0,0.5,budget_only,count,0.1,0.15,0.1,30,22,22,22,0.7333333333333333,0.7333333333333333,0.7333333333333333,0.7375886524822696,0.024822695035460987,4.0,0.0,0.0,0.0,0.0,0.0,0.0,0.0,0.0,0.0,0.0,4.0,26.0,26.0,26.0,26.0,26.0,26.0,26.0,26.0,26.0,26.0,NA,NA,1.3243068987749835,0.7711154094132818,0.02546744036105738,3.051757812500001e-06,-0.15502976351871886,0.7375886524822696,0.024822695035460987,0.0,0.01515151515151515,0.0,0.0,0.01515151515151515,OK,
freeze,full,T2,1.0,0.75,budget_only,count,0.1,0.15,0.1,30,22,22,22,0.7333333333333333,0.7333333333333333,0.7333333333333333,0.7375886524822696,0.024822695035460987,4.0,0.0,0.0,0.0,0.0,0.0,0.0,0.0,0.0,0.0,0.0,4.0,26.0,26.0,26.0,26.0,26.0,26.0,26.0,26.0,26.0,26.0,NA,NA,1.3075435203094776,0.7711154094132818,0.025145067698259183,3.051757812500001e-06,-0.007725606976362782,0.7375886524822696,0.024822695035460987,0.0,0.01515151515151515,0.0,0.0,0.01515151515151515,OK,
freeze,full,T2,1.0,1.0,budget_only,count,0.1,0.15,0.1,30,22,22,22,0.7333333333333333,0.7333333333333333,0.7333333333333333,0.7375886524822696,0.024822695035460987,4.0,0.0,0.0,0.0,0.0,0.0,0.0,0.0,0.0,0.0,0.0,4.0,26.0,26.0,26.0,26.0,26.0,26.0,26.0,26.0,26.0,26.0,NA,NA,1.2823984526112184,0.7711154094132818,0.024661508704061894,3.051757812500001e-06,0.2661292689848672,0.7375886524822696,0.024822695035460987,0.0,0.01515151515151515,0.0,0.0,0.01515151515151515,OK,
freeze,full,T2,INFEASIBLE,0.0,budget_only,count,INFEASIBLE,INFEASIBLE,INFEASIBLE,INFEASIBLE,INFEASIBLE,INFEASIBLE,INFEASIBLE,INFEASIBLE,INFEASIBLE,INFEASIBLE,INFEASIBLE,INFEASIBLE,INFEASIBLE,INFEASIBLE,INFEASIBLE,INFEASIBLE,INFEASIBLE,INFEASIBLE,INFEASIBLE,INFEASIBLE,INFEASIBLE,INFEASIBLE,INFEASIBLE,,INFEASIBLE,INFEASIBLE,INFEASIBLE,INFEASIBLE,INFEASIBLE,INFEASIBLE,INFEASIBLE,INFEASIBLE,INFEASIBLE,INFEASIBLE,INFEASIBLE,INFEASIBLE,INFEASIBLE,INFEASIBLE,INFEASIBLE,INFEASIBLE,INFEASIBLE,INFEASIBLE,INFEASIBLE,INFEASIBLE,INFEASIBLE,INFEASIBLE,INFEASIBLE,INFEASIBLE,INFEASIBLE,no_trials_in_band
freeze,full,T2,INFEASIBLE,0.25,budget_only,count,INFEASIBLE,INFEASIBLE,INFEASIBLE,INFEASIBLE,INFEASIBLE,INFEASIBLE,INFEASIBLE,INFEASIBLE,INFEASIBLE,INFEASIBLE,INFEASIBLE,INFEASIBLE,INFEASIBLE,INFEASIBLE,INFEASIBLE,INFEASIBLE,INFEASIBLE,INFEASIBLE,INFEASIBLE,INFEASIBLE,INFEASIBLE,INFEASIBLE,INFEASIBLE,,INFEASIBLE,INFEASIBLE,INFEASIBLE,INFEASIBLE,INFEASIBLE,INFEASIBLE,INFEASIBLE,INFEASIBLE,INFEASIBLE,INFEASIBLE,INFEASIBLE,INFEASIBLE,INFEASIBLE,INFEASIBLE,INFEASIBLE,INFEASIBLE,INFEASIBLE,INFEASIBLE,INFEASIBLE,INFEASIBLE,INFEASIBLE,INFEASIBLE,INFEASIBLE,INFEASIBLE,INFEASIBLE,no_trials_in_band
freeze,full,T2,INFEASIBLE,0.5,budget_only,count,INFEASIBLE,INFEASIBLE,INFEASIBLE,INFEASIBLE,INFEASIBLE,INFEASIBLE,INFEASIBLE,INFEASIBLE,INFEASIBLE,INFEASIBLE,INFEASIBLE,INFEASIBLE,INFEASIBLE,INFEASIBLE,INFEASIBLE,INFEASIBLE,INFEASIBLE,INFEASIBLE,INFEASIBLE,INFEASIBLE,INFEASIBLE,INFEASIBLE,INFEASIBLE,,INFEASIBLE,INFEASIBLE,INFEASIBLE,INFEASIBLE,INFEASIBLE,INFEASIBLE,INFEASIBLE,INFEASIBLE,INFEASIBLE,INFEASIBLE,INFEASIBLE,INFEASIBLE,INFEASIBLE,INFEASIBLE,INFEASIBLE,INFEASIBLE,INFEASIBLE,INFEASIBLE,INFEASIBLE,INFEASIBLE,INFEASIBLE,INFEASIBLE,INFEASIBLE,INFEASIBLE,INFEASIBLE,no_trials_in_band
freeze,full,T2,INFEASIBLE,0.75,budget_only,count,INFEASIBLE,INFEASIBLE,INFEASIBLE,INFEASIBLE,INFEASIBLE,INFEASIBLE,INFEASIBLE,INFEASIBLE,INFEASIBLE,INFEASIBLE,INFEASIBLE,INFEASIBLE,INFEASIBLE,INFEASIBLE,INFEASIBLE,INFEASIBLE,INFEASIBLE,INFEASIBLE,INFEASIBLE,INFEASIBLE,INFEASIBLE,INFEASIBLE,INFEASIBLE,,INFEASIBLE,INFEASIBLE,INFEASIBLE,INFEASIBLE,INFEASIBLE,INFEASIBLE,INFEASIBLE,INFEASIBLE,INFEASIBLE,INFEASIBLE,INFEASIBLE,INFEASIBLE,INFEASIBLE,INFEASIBLE,INFEASIBLE,INFEASIBLE,INFEASIBLE,INFEASIBLE,INFEASIBLE,INFEASIBLE,INFEASIBLE,INFEASIBLE,INFEASIBLE,INFEASIBLE,INFEASIBLE,no_trials_in_band
freeze,full,T2,INFEASIBLE,1.0,budget_only,count,INFEASIBLE,INFEASIBLE,INFEASIBLE,INFEASIBLE,INFEASIBLE,INFEASIBLE,INFEASIBLE,INFEASIBLE,INFEASIBLE,INFEASIBLE,INFEASIBLE,INFEASIBLE,INFEASIBLE,INFEASIBLE,INFEASIBLE,INFEASIBLE,INFEASIBLE,INFEASIBLE,INFEASIBLE,INFEASIBLE,INFEASIBLE,INFEASIBLE,INFEASIBLE,,INFEASIBLE,INFEASIBLE,INFEASIBLE,INFEASIBLE,INFEASIBLE,INFEASIBLE,INFEASIBLE,INFEASIBLE,INFEASIBLE,INFEASIBLE,INFEASIBLE,INFEASIBLE,INFEASIBLE,INFEASIBLE,INFEASIBLE,INFEASIBLE,INFEASIBLE,INFEASIBLE,INFEASIBLE,INFEASIBLE,INFEASIBLE,INFEASIBLE,INFEASIBLE,INFEASIBLE,INFEASIBLE,no_trials_in_band
freeze,full,cusum_factor_cov_lrt,1.0,0.0,budget_only,count,0.1,0.15,0.1,30,14,14,14,0.4666666666666667,0.4666666666666667,0.4666666666666667,1.0536980749746707,0.022796352583586626,5.714285714285714,0.6428571428571429,0.6428571428571429,0.0,0.6428571428571429,0.14285714285714285,0.6428571428571429,0.14285714285714285,0.0,0.07142857142857142,0.07142857142857142,4.0,19.5,19.5,19.5,26.0,19.5,26.0,19.5,26.0,19.5,26.0,14.0,14.0,1.1854103343465046,1.0536980749746707,0.022796352583586626,NA,0.15109290314126952,1.0536980749746707,0.022796352583586626,0.0,0.0,0.0,0.0,0.0,OK,
freeze,full,cusum_factor_cov_lrt,1.0,0.25,budget_only,count,0.1,0.15,0.1,30,14,14,14,0.4666666666666667,0.4666666666666667,0.4666666666666667,1.0536980749746707,0.022796352583586626,5.714285714285714,0.7142857142857143,0.6428571428571429,0.0714285714285714,0.7142857142857143,0.14285714285714285,0.7142857142857143,0.14285714285714285,0.0,0.07142857142857142,0.07142857142857142,4.0,16.0,19.5,16.0,26.0,19.5,26.0,16.0,26.0,16.0,26.0,11.5,14.0,1.1722391084093213,1.0405268490374875,0.022543059777102328,NA,0.1440188741599498,1.0536980749746707,0.022796352583586626,0.0467032967032967,0.0,0.0027472527472527475,0.013736263736263738,0.0,OK,
freeze,full,cusum_factor_cov_lrt,1.0,0.5,budget_only,count,0.1,0.15,0.1,30,14,14,14,0.4666666666666667,0.4666666666666667,0.4666666666666667,1.0536980749746707,0.022796352583586626,5.714285714285714,0.6428571428571429,0.6428571428571429,0.0,0.6428571428571429,0.14285714285714285,0.6428571428571429,0.14285714285714285,0.0,0.07142857142857142,0.07142857142857142,4.0,16.5,19.5,16.5,26.0,19.5,26.0,16.5,26.0,16.5,26.0,10.0,14.0,1.1854103343465046,1.0536980749746707,0.022796352583586626,NA,0.05199624670043722,1.0536980749746707,0.022796352583586626,0.04395604395604396,0.0,0.0,0.01098901098901099,0.0,OK,
freeze,full,cusum_factor_cov_lrt,1.0,0.75,budget_only,count,0.1,0.15,0.1,30,14,14,14,0.4666666666666667,0.4666666666666667,0.4666666666666667,1.0536980749746707,0.022796352583586626,5.714285714285714,0.7857142857142857,0.6428571428571429,0.1428571428571428,0.7857142857142857,0.2857142857142857,0.7857142857142857,0.2857142857142857,0.0,0.14285714285714285,0.14285714285714285,4.0,16.0,19.5,16.0,26.0,19.5,26.0,16.0,26.0,16.0,26.0,8.0,14.0,1.1854103343465046,1.0536980749746707,0.022796352583586626,NA,0.21437348366375023,1.0536980749746707,0.022796352583586626,0.05219780219780219,0.0,0.008241758241758242,0.013736263736263738,0.0,OK,
freeze,full,cusum_factor_cov_lrt,1.0,1.0,budget_only,count,0.1,0.15,0.1,30,14,14,14,0.4666666666666667,0.4666666666666667,0.4666666666666667,1.0536980749746707,0.022796352583586626,5.714285714285714,1.0,0.6428571428571429,0.3571428571428571,1.0,0.6428571428571429,1.0,0.6428571428571429,0.0,0.14285714285714285,0.14285714285714285,4.0,3.0,19.5,3.0,18.500000000000007,19.5,26.0,3.0,18.500000000000007,3.0,18.500000000000007,3.0,14.0,1.198581560283688,1.0668693009118542,0.02304964539007092,NA,3.245093362075056,1.0536980749746707,0.022796352583586626,0.060439560439560426,0.0,0.016483516483516484,0.016483516483516484,0.0,OK,
freeze,full,cusum_factor_cov_lrt,2.0,0.0,budget_only,count,0.1,0.15,0.1,30,27,27,27,0.9,0.9,0.9,1.6868925663251901,0.056474914630943,9.148148148148149,0.8518518518518519,0.8518518518518519,0.0,0.8888888888888888,0.18518518518518517,0.8888888888888888,0.18518518518518517,0.037037037037037035,0.18518518518518517,0.18518518518518517,4.0,14.0,14.0,14.0,26.0,14.0,26.0,14.0,24.200000000000006,14.0,26.0,12.0,12.0,2.936695560809036,1.6868925663251901,0.056474914630943,NA,0.08665830492360085,1.6868925663251901,0.056474914630943,0.0,0.0,0.0,0.0,0.0,OK,
freeze,full,cusum_factor_cov_lrt,2.0,0.25,budget_only,count,0.1,0.15,0.1,30,27,27,27,0.9,0.9,0.9,1.6868925663251901,0.056474914630943,9.148148148148149,0.8888888888888888,0.8518518518518519,0.03703703703703698,0.9259259259259259,0.25925925925925924,0.9259259259259259,0.25925925925925924,0.037037037037037035,0.25925925925925924,0.25925925925925924,4.0,13.0,14.0,13.0,25.400000000000002,14.0,26.0,9.0,25.0,13.0,25.400000000000002,8.5,12.0,3.2645127396900446,1.6595744680851066,0.06277909114788548,NA,0.10771678786941888,1.6868925663251901,0.056474914630943,0.08404558404558404,0.024691358024691357,0.024216524216524222,0.03276353276353276,0.02469135802469136,OK,
freeze,full,cusum_factor_cov_lrt,2.0,0.5,budget_only,count,0.1,0.15,0.1,30,27,27,27,0.9,0.9,0.9,1.6868925663251901,0.056474914630943,9.148148148148149,0.9259259259259259,0.8518518518518519,0.07407407407407407,0.9629629629629629,0.25925925925925924,0.9629629629629629,0.25925925925925924,0.037037037037037035,0.25925925925925924,0.25925925925925924,4.0,14.0,14.0,14.0,20.800000000000004,14.0,26.0,9.0,18.800000000000004,14.0,20.800000000000004,9.0,12.0,3.2303651168899394,1.6800630417651694,0.062122406094037304,NA,0.02813362554368559,1.6868925663251901,0.056474914630943,0.06837606837606838,0.024691358024691357,-0.005698005698005698,0.02564102564102564,0.024691358024691357,OK,
freeze,full,cusum_factor_cov_lrt,2.0,0.75,budget_only,count,0.1,0.15,0.1,30,27,27,27,0.9,0.9,0.9,1.6868925663251901,0.056474914630943,9.148148148148149,0.9259259259259259,0.8518518518518519,0.07407407407407407,0.9629629629629629,0.2222222222222222,0.9629629629629629,0.2222222222222222,0.037037037037037035,0.2222222222222222,0.2222222222222222,4.0,13.0,14.0,13.0,19.800000000000004,14.0,26.0,9.0,19.0,13.0,19.800000000000004,9.0,12.0,3.2713422642500656,1.6732335172051482,0.06291042815865511,NA,0.2966772608270368,1.6868925663251901,0.056474914630943,0.1054131054131054,0.0,0.022792022792022793,0.037037037037037035,0.0,OK,
freeze,full,cusum_factor_cov_lrt,2.0,1.0,budget_only,count,0.1,0.15,0.1,30,27,27,27,0.9,0.9,0.9,1.6868925663251901,0.056474914630943,9.148148148148149,0.9259259259259259,0.8518518518518519,0.07407407407407407,0.9629629629629629,0.2962962962962963,0.9629629629629629,0.2962962962962963,0.037037037037037035,0.2962962962962963,0.2962962962962963,4.0,12.0,14.0,12.0,20.0,14.0,26.0,8.0,18.800000000000004,12.0,20.0,8.0,12.0,3.045967953769372,1.6868925663251904,0.058576306803257164,NA,2.945520134412013,1.6868925663251901,0.056474914630943,0.2521367521367522,0.1111111111111111,0.2207977207977208,0.22934472934472935,0.1111111111111111,OK,
freeze,full,ewma_factor_cov_lrt,INFEASIBLE,0.0,budget_only,count,INFEASIBLE,INFEASIBLE,INFEASIBLE,INFEASIBLE,INFEASIBLE,INFEASIBLE,INFEASIBLE,INFEASIBLE,INFEASIBLE,INFEASIBLE,INFEASIBLE,INFEASIBLE,INFEASIBLE,INFEASIBLE,INFEASIBLE,INFEASIBLE,INFEASIBLE,INFEASIBLE,INFEASIBLE,INFEASIBLE,INFEASIBLE,INFEASIBLE,INFEASIBLE,,INFEASIBLE,INFEASIBLE,INFEASIBLE,INFEASIBLE,INFEASIBLE,INFEASIBLE,INFEASIBLE,INFEASIBLE,INFEASIBLE,INFEASIBLE,INFEASIBLE,INFEASIBLE,INFEASIBLE,INFEASIBLE,INFEASIBLE,INFEASIBLE,INFEASIBLE,INFEASIBLE,INFEASIBLE,INFEASIBLE,INFEASIBLE,INFEASIBLE,INFEASIBLE,INFEASIBLE,INFEASIBLE,no_trials_in_band
freeze,full,ewma_factor_cov_lrt,INFEASIBLE,0.25,budget_only,count,INFEASIBLE,INFEASIBLE,INFEASIBLE,INFEASIBLE,INFEASIBLE,INFEASIBLE,INFEASIBLE,INFEASIBLE,INFEASIBLE,INFEASIBLE,INFEASIBLE,INFEASIBLE,INFEASIBLE,INFEASIBLE,INFEASIBLE,INFEASIBLE,INFEASIBLE,INFEASIBLE,INFEASIBLE,INFEASIBLE,INFEASIBLE,INFEASIBLE,INFEASIBLE,,INFEASIBLE,INFEASIBLE,INFEASIBLE,INFEASIBLE,INFEASIBLE,INFEASIBLE,INFEASIBLE,INFEASIBLE,INFEASIBLE,INFEASIBLE,INFEASIBLE,INFEASIBLE,INFEASIBLE,INFEASIBLE,INFEASIBLE,INFEASIBLE,INFEASIBLE,INFEASIBLE,INFEASIBLE,INFEASIBLE,INFEASIBLE,INFEASIBLE,INFEASIBLE,INFEASIBLE,INFEASIBLE,no_trials_in_band
freeze,full,ewma_factor_cov_lrt,INFEASIBLE,0.5,budget_only,count,INFEASIBLE,INFEASIBLE,INFEASIBLE,INFEASIBLE,INFEASIBLE,INFEASIBLE,INFEASIBLE,INFEASIBLE,INFEASIBLE,INFEASIBLE,INFEASIBLE,INFEASIBLE,INFEASIBLE,INFEASIBLE,INFEASIBLE,INFEASIBLE,INFEASIBLE,INFEASIBLE,INFEASIBLE,INFEASIBLE,INFEASIBLE,INFEASIBLE,INFEASIBLE,,INFEASIBLE,INFEASIBLE,INFEASIBLE,INFEASIBLE,INFEASIBLE,INFEASIBLE,INFEASIBLE,INFEASIBLE,INFEASIBLE,INFEASIBLE,INFEASIBLE,INFEASIBLE,INFEASIBLE,INFEASIBLE,INFEASIBLE,INFEASIBLE,INFEASIBLE,INFEASIBLE,INFEASIBLE,INFEASIBLE,INFEASIBLE,INFEASIBLE,INFEASIBLE,INFEASIBLE,INFEASIBLE,no_trials_in_band
freeze,full,ewma_factor_cov_lrt,INFEASIBLE,0.75,budget_only,count,INFEASIBLE,INFEASIBLE,INFEASIBLE,INFEASIBLE,INFEASIBLE,INFEASIBLE,INFEASIBLE,INFEASIBLE,INFEASIBLE,INFEASIBLE,INFEASIBLE,INFEASIBLE,INFEASIBLE,INFEASIBLE,INFEASIBLE,INFEASIBLE,INFEASIBLE,INFEASIBLE,INFEASIBLE,INFEASIBLE,INFEASIBLE,INFEASIBLE,INFEASIBLE,,INFEASIBLE,INFEASIBLE,INFEASIBLE,INFEASIBLE,INFEASIBLE,INFEASIBLE,INFEASIBLE,INFEASIBLE,INFEASIBLE,INFEASIBLE,INFEASIBLE,INFEASIBLE,INFEASIBLE,INFEASIBLE,INFEASIBLE,INFEASIBLE,INFEASIBLE,INFEASIBLE,INFEASIBLE,INFEASIBLE,INFEASIBLE,INFEASIBLE,INFEASIBLE,INFEASIBLE,INFEASIBLE,no_trials_in_band
freeze,full,ewma_factor_cov_lrt,INFEASIBLE,1.0,budget_only,count,INFEASIBLE,INFEASIBLE,INFEASIBLE,INFEASIBLE,INFEASIBLE,INFEASIBLE,INFEASIBLE,INFEASIBLE,INFEASIBLE,INFEASIBLE,INFEASIBLE,INFEASIBLE,INFEASIBLE,INFEASIBLE,INFEASIBLE,INFEASIBLE,INFEASIBLE,INFEASIBLE,INFEASIBLE,INFEASIBLE,INFEASIBLE,INFEASIBLE,INFEASIBLE,,INFEASIBLE,INFEASIBLE,INFEASIBLE,INFEASIBLE,INFEASIBLE,INFEASIBLE,INFEASIBLE,INFEASIBLE,INFEASIBLE,INFEASIBLE,INFEASIBLE,INFEASIBLE,INFEASIBLE,INFEASIBLE,INFEASIBLE,INFEASIBLE,INFEASIBLE,INFEASIBLE,INFEASIBLE,INFEASIBLE,INFEASIBLE,INFEASIBLE,INFEASIBLE,INFEASIBLE,INFEASIBLE,no_trials_in_band
freeze,full,ewma_factor_cov_lrt,INFEASIBLE,0.0,budget_only,count,INFEASIBLE,INFEASIBLE,INFEASIBLE,INFEASIBLE,INFEASIBLE,INFEASIBLE,INFEASIBLE,INFEASIBLE,INFEASIBLE,INFEASIBLE,INFEASIBLE,INFEASIBLE,INFEASIBLE,INFEASIBLE,INFEASIBLE,INFEASIBLE,INFEASIBLE,INFEASIBLE,INFEASIBLE,INFEASIBLE,INFEASIBLE,INFEASIBLE,INFEASIBLE,,INFEASIBLE,INFEASIBLE,INFEASIBLE,INFEASIBLE,INFEASIBLE,INFEASIBLE,INFEASIBLE,INFEASIBLE,INFEASIBLE,INFEASIBLE,INFEASIBLE,INFEASIBLE,INFEASIBLE,INFEASIBLE,INFEASIBLE,INFEASIBLE,INFEASIBLE,INFEASIBLE,INFEASIBLE,INFEASIBLE,INFEASIBLE,INFEASIBLE,INFEASIBLE,INFEASIBLE,INFEASIBLE,no_trials_in_band
freeze,full,ewma_factor_cov_lrt,INFEASIBLE,0.25,budget_only,count,INFEASIBLE,INFEASIBLE,INFEASIBLE,INFEASIBLE,INFEASIBLE,INFEASIBLE,INFEASIBLE,INFEASIBLE,INFEASIBLE,INFEASIBLE,INFEASIBLE,INFEASIBLE,INFEASIBLE,INFEASIBLE,INFEASIBLE,INFEASIBLE,INFEASIBLE,INFEASIBLE,INFEASIBLE,INFEASIBLE,INFEASIBLE,INFEASIBLE,INFEASIBLE,,INFEASIBLE,INFEASIBLE,INFEASIBLE,INFEASIBLE,INFEASIBLE,INFEASIBLE,INFEASIBLE,INFEASIBLE,INFEASIBLE,INFEASIBLE,INFEASIBLE,INFEASIBLE,INFEASIBLE,INFEASIBLE,INFEASIBLE,INFEASIBLE,INFEASIBLE,INFEASIBLE,INFEASIBLE,INFEASIBLE,INFEASIBLE,INFEASIBLE,INFEASIBLE,INFEASIBLE,INFEASIBLE,no_trials_in_band
freeze,full,ewma_factor_cov_lrt,INFEASIBLE,0.5,budget_only,count,INFEASIBLE,INFEASIBLE,INFEASIBLE,INFEASIBLE,INFEASIBLE,INFEASIBLE,INFEASIBLE,INFEASIBLE,INFEASIBLE,INFEASIBLE,INFEASIBLE,INFEASIBLE,INFEASIBLE,INFEASIBLE,INFEASIBLE,INFEASIBLE,INFEASIBLE,INFEASIBLE,INFEASIBLE,INFEASIBLE,INFEASIBLE,INFEASIBLE,INFEASIBLE,,INFEASIBLE,INFEASIBLE,INFEASIBLE,INFEASIBLE,INFEASIBLE,INFEASIBLE,INFEASIBLE,INFEASIBLE,INFEASIBLE,INFEASIBLE,INFEASIBLE,INFEASIBLE,INFEASIBLE,INFEASIBLE,INFEASIBLE,INFEASIBLE,INFEASIBLE,INFEASIBLE,INFEASIBLE,INFEASIBLE,INFEASIBLE,INFEASIBLE,INFEASIBLE,INFEASIBLE,INFEASIBLE,no_trials_in_band
freeze,full,ewma_factor_cov_lrt,INFEASIBLE,0.75,budget_only,count,INFEASIBLE,INFEASIBLE,INFEASIBLE,INFEASIBLE,INFEASIBLE,INFEASIBLE,INFEASIBLE,INFEASIBLE,INFEASIBLE,INFEASIBLE,INFEASIBLE,INFEASIBLE,INFEASIBLE,INFEASIBLE,INFEASIBLE,INFEASIBLE,INFEASIBLE,INFEASIBLE,INFEASIBLE,INFEASIBLE,INFEASIBLE,INFEASIBLE,INFEASIBLE,,INFEASIBLE,INFEASIBLE,INFEASIBLE,INFEASIBLE,INFEASIBLE,INFEASIBLE,INFEASIBLE,INFEASIBLE,INFEASIBLE,INFEASIBLE,INFEASIBLE,INFEASIBLE,INFEASIBLE,INFEASIBLE,INFEASIBLE,INFEASIBLE,INFEASIBLE,INFEASIBLE,INFEASIBLE,INFEASIBLE,INFEASIBLE,INFEASIBLE,INFEASIBLE,INFEASIBLE,INFEASIBLE,no_trials_in_band
freeze,full,ewma_factor_cov_lrt,INFEASIBLE,1.0,budget_only,count,INFEASIBLE,INFEASIBLE,INFEASIBLE,INFEASIBLE,INFEASIBLE,INFEASIBLE,INFEASIBLE,INFEASIBLE,INFEASIBLE,INFEASIBLE,INFEASIBLE,INFEASIBLE,INFEASIBLE,INFEASIBLE,INFEASIBLE,INFEASIBLE,INFEASIBLE,INFEASIBLE,INFEASIBLE,INFEASIBLE,INFEASIBLE,INFEASIBLE,INFEASIBLE,,INFEASIBLE,INFEASIBLE,INFEASIBLE,INFEASIBLE,INFEASIBLE,INFEASIBLE,INFEASIBLE,INFEASIBLE,INFEASIBLE,INFEASIBLE,INFEASIBLE,INFEASIBLE,INFEASIBLE,INFEASIBLE,INFEASIBLE,INFEASIBLE,INFEASIBLE,INFEASIBLE,INFEASIBLE,INFEASIBLE,INFEASIBLE,INFEASIBLE,INFEASIBLE,INFEASIBLE,INFEASIBLE,no_trials_in_band
freeze,full,factor_cov_change,1.0,0.0,budget_only,count,0.1,0.15,0.1,30,18,18,18,0.6,0.6,0.6,1.106382978723404,0.052009456264775406,6.0,1.0,1.0,0.0,1.0,0.2222222222222222,1.0,0.2222222222222222,0.0,0.0,0.0,4.0,11.5,11.5,11.5,22.6,11.5,22.6,11.5,22.6,11.5,22.6,11.5,11.5,2.7044917257683214,1.106382978723404,0.052009456264775406,0.05873343323689557,0.018718994825451335,1.106382978723404,0.052009456264775406,0.0,0.0,0.0,0.0,0.0,OK,
freeze,full,factor_cov_change,1.0,0.25,budget_only,count,0.1,0.15,0.1,30,18,18,18,0.6,0.6,0.6,1.106382978723404,0.052009456264775406,6.0,0.1111111111111111,1.0,-0.8888888888888888,0.1111111111111111,0.05555555555555555,0.1111111111111111,0.05555555555555555,0.0,0.0,0.0,4.0,26.0,11.5,26.0,26.0,11.5,22.6,26.0,26.0,26.0,26.0,5.5,11.5,2.7249802994483847,1.106382978723404,0.05240346729708432,0.05873343323689557,-0.40809985598554277,1.106382978723404,0.052009456264775406,0.07905982905982907,0.05555555555555555,-0.07905982905982907,0.07905982905982907,0.05555555555555555,OK,
freeze,full,factor_cov_change,1.0,0.5,budget_only,count,0.1,0.15,0.1,30,18,18,18,0.6,0.6,0.6,1.106382978723404,0.052009456264775406,6.0,0.05555555555555555,1.0,-0.9444444444444444,0.05555555555555555,0.05555555555555555,0.05555555555555555,0.05555555555555555,0.0,0.0,0.0,4.0,26.0,11.5,26.0,26.0,11.5,22.6,26.0,26.0,26.0,26.0,0.0,11.5,2.796690307328605,1.106382978723404,0.05378250591016549,0.05873343323689557,-0.7661648740637999,1.106382978723404,0.052009456264775406,0.08760683760683761,0.07407407407407407,-0.08760683760683761,0.08760683760683761,0.07407407407407407,OK,
freeze,full,factor_cov_change,1.0,0.75,budget_only,count,0.1,0.15,0.1,30,18,18,18,0.6,0.6,0.6,1.106382978723404,0.052009456264775406,6.0,0.05555555555555555,1.0,-0.9444444444444444,0.05555555555555555,0.05555555555555555,0.05555555555555555,0.05555555555555555,0.0,0.0,0.0,4.0,26.0,11.5,26.0,26.0,11.5,22.6,26.0,26.0,26.0,26.0,0.0,11.5,2.806934594168636,1.1166272655634357,0.05397951142631994,0.05873343323689557,-1.0382300616329136,1.106382978723404,0.052009456264775406,0.08760683760683761,0.07407407407407407,-0.08760683760683761,0.08760683760683761,0.07407407407407407,OK,
freeze,full,factor_cov_change,1.0,1.0,budget_only,count,0.1,0.15,0.1,30,18,18,18,0.6,0.6,0.6,1.106382978723404,0.052009456264775406,6.0,0.05555555555555555,1.0,-0.9444444444444444,0.05555555555555555,0.05555555555555555,0.05555555555555555,0.05555555555555555,0.0,0.0,0.0,4.0,26.0,11.5,26.0,26.0,11.5,22.6,26.0,26.0,26.0,26.0,0.0,11.5,2.755713159968479,1.1166272655634357,0.05299448384554768,0.05873343323689557,-1.133524589605634,1.106382978723404,0.052009456264775406,0.08760683760683761,0.1111111111111111,-0.08760683760683761,0.08760683760683761,0.1111111111111111,OK,
freeze,full,factor_cov_change,INFEASIBLE,0.0,budget_only,count,INFEASIBLE,INFEASIBLE,INFEASIBLE,INFEASIBLE,INFEASIBLE,INFEASIBLE,INFEASIBLE,INFEASIBLE,INFEASIBLE,INFEASIBLE,INFEASIBLE,INFEASIBLE,INFEASIBLE,INFEASIBLE,INFEASIBLE,INFEASIBLE,INFEASIBLE,INFEASIBLE,INFEASIBLE,INFEASIBLE,INFEASIBLE,INFEASIBLE,INFEASIBLE,,INFEASIBLE,INFEASIBLE,INFEASIBLE,INFEASIBLE,INFEASIBLE,INFEASIBLE,INFEASIBLE,INFEASIBLE,INFEASIBLE,INFEASIBLE,INFEASIBLE,INFEASIBLE,INFEASIBLE,INFEASIBLE,INFEASIBLE,INFEASIBLE,INFEASIBLE,INFEASIBLE,INFEASIBLE,INFEASIBLE,INFEASIBLE,INFEASIBLE,INFEASIBLE,INFEASIBLE,INFEASIBLE,no_trials_in_band
freeze,full,factor_cov_change,INFEASIBLE,0.25,budget_only,count,INFEASIBLE,INFEASIBLE,INFEASIBLE,INFEASIBLE,INFEASIBLE,INFEASIBLE,INFEASIBLE,INFEASIBLE,INFEASIBLE,INFEASIBLE,INFEASIBLE,INFEASIBLE,INFEASIBLE,INFEASIBLE,INFEASIBLE,INFEASIBLE,INFEASIBLE,INFEASIBLE,INFEASIBLE,INFEASIBLE,INFEASIBLE,INFEASIBLE,INFEASIBLE,,INFEASIBLE,INFEASIBLE,INFEASIBLE,INFEASIBLE,INFEASIBLE,INFEASIBLE,INFEASIBLE,INFEASIBLE,INFEASIBLE,INFEASIBLE,INFEASIBLE,INFEASIBLE,INFEASIBLE,INFEASIBLE,INFEASIBLE,INFEASIBLE,INFEASIBLE,INFEASIBLE,INFEASIBLE,INFEASIBLE,INFEASIBLE,INFEASIBLE,INFEASIBLE,INFEASIBLE,INFEASIBLE,no_trials_in_band
freeze,full,factor_cov_change,INFEASIBLE,0.5,budget_only,count,INFEASIBLE,INFEASIBLE,INFEASIBLE,INFEASIBLE,INFEASIBLE,INFEASIBLE,INFEASIBLE,INFEASIBLE,INFEASIBLE,INFEASIBLE,INFEASIBLE,INFEASIBLE,INFEASIBLE,INFEASIBLE,INFEASIBLE,INFEASIBLE,INFEASIBLE,INFEASIBLE,INFEASIBLE,INFEASIBLE,INFEASIBLE,INFEASIBLE,INFEASIBLE,,INFEASIBLE,INFEASIBLE,INFEASIBLE,INFEASIBLE,INFEASIBLE,INFEASIBLE,INFEASIBLE,INFEASIBLE,INFEASIBLE,INFEASIBLE,INFEASIBLE,INFEASIBLE,INFEASIBLE,INFEASIBLE,INFEASIBLE,INFEASIBLE,INFEASIBLE,INFEASIBLE,INFEASIBLE,INFEASIBLE,INFEASIBLE,INFEASIBLE,INFEASIBLE,INFEASIBLE,INFEASIBLE,no_trials_in_band
freeze,full,factor_cov_change,INFEASIBLE,0.75,budget_only,count,INFEASIBLE,INFEASIBLE,INFEASIBLE,INFEASIBLE,INFEASIBLE,INFEASIBLE,INFEASIBLE,INFEASIBLE,INFEASIBLE,INFEASIBLE,INFEASIBLE,INFEASIBLE,INFEASIBLE,INFEASIBLE,INFEASIBLE,INFEASIBLE,INFEASIBLE,INFEASIBLE,INFEASIBLE,INFEASIBLE,INFEASIBLE,INFEASIBLE,INFEASIBLE,,INFEASIBLE,INFEASIBLE,INFEASIBLE,INFEASIBLE,INFEASIBLE,INFEASIBLE,INFEASIBLE,INFEASIBLE,INFEASIBLE,INFEASIBLE,INFEASIBLE,INFEASIBLE,INFEASIBLE,INFEASIBLE,INFEASIBLE,INFEASIBLE,INFEASIBLE,INFEASIBLE,INFEASIBLE,INFEASIBLE,INFEASIBLE,INFEASIBLE,INFEASIBLE,INFEASIBLE,INFEASIBLE,no_trials_in_band
freeze,full,factor_cov_change,INFEASIBLE,1.0,budget_only,count,INFEASIBLE,INFEASIBLE,INFEASIBLE,INFEASIBLE,INFEASIBLE,INFEASIBLE,INFEASIBLE,INFEASIBLE,INFEASIBLE,INFEASIBLE,INFEASIBLE,INFEASIBLE,INFEASIBLE,INFEASIBLE,INFEASIBLE,INFEASIBLE,INFEASIBLE,INFEASIBLE,INFEASIBLE,INFEASIBLE,INFEASIBLE,INFEASIBLE,INFEASIBLE,,INFEASIBLE,INFEASIBLE,INFEASIBLE,INFEASIBLE,INFEASIBLE,INFEASIBLE,INFEASIBLE,INFEASIBLE,INFEASIBLE,INFEASIBLE,INFEASIBLE,INFEASIBLE,INFEASIBLE,INFEASIBLE,INFEASIBLE,INFEASIBLE,INFEASIBLE,INFEASIBLE,INFEASIBLE,INFEASIBLE,INFEASIBLE,INFEASIBLE,INFEASIBLE,INFEASIBLE,INFEASIBLE,no_trials_in_band
freeze,full,factor_cov_delta,1.0,0.0,budget_only,count,0.1,0.15,0.1,30,30,30,30,1.0,1.0,1.0,0.9895981087470449,0.0351063829787234,5.366666666666666,0.6333333333333333,0.6333333333333333,0.0,0.6333333333333333,0.0,0.6333333333333333,0.0,0.0,0.0,0.0,4.0,21.5,21.5,21.5,26.0,21.5,26.0,21.5,26.0,21.5,26.0,15.0,15.0,1.825531914893617,0.9895981087470449,0.0351063829787234,0.03363732529821174,-0.02689869450324922,0.9895981087470449,0.0351063829787234,0.0,0.0,0.0,0.0,0.0,OK,
freeze,full,factor_cov_delta,1.0,0.25,budget_only,count,0.1,0.15,0.1,30,30,30,30,1.0,1.0,1.0,0.9895981087470449,0.0351063829787234,5.366666666666666,0.3333333333333333,0.6333333333333333,-0.3,0.3333333333333333,0.0,0.3333333333333333,0.0,0.0,0.0,0.0,4.0,26.0,21.5,26.0,26.0,21.5,26.0,26.0,26.0,26.0,26.0,16.5,15.0,1.9054373522458627,1.051063829787234,0.03664302600472813,0.03363732529821174,-0.37605290859089086,0.9895981087470449,0.0351063829787234,0.03333333333333333,0.08888888888888888,-0.023076923076923075,0.023076923076923075,0.04444444444444444,OK,
freeze,full,factor_cov_delta,1.0,0.5,budget_only,count,0.1,0.15,0.1,30,30,30,30,1.0,1.0,1.0,0.9895981087470449,0.0351063829787234,5.366666666666666,0.2,0.6333333333333333,-0.4333333333333333,0.2,0.0,0.2,0.0,0.0,0.0,0.0,4.0,26.0,21.5,26.0,26.0,21.5,26.0,26.0,26.0,26.0,26.0,16.0,15.0,2.095981087470449,1.0756501182033096,0.04030732860520095,0.03363732529821174,-0.6324739505744206,0.9895981087470449,0.0351063829787234,0.03461538461538462,0.12222222222222222,-0.03461538461538462,0.03461538461538462,0.07777777777777777,OK,
freeze,full,factor_cov_delta,1.0,0.75,budget_only,count,0.1,0.15,0.1,30,30,30,30,1.0,1.0,1.0,0.9895981087470449,0.0351063829787234,5.366666666666666,0.0,0.6333333333333333,-0.6333333333333333,0.0,0.0,0.0,0.0,0.0,0.0,0.0,4.0,26.0,21.5,26.0,26.0,21.5,26.0,26.0,26.0,26.0,26.0,NA,15.0,2.114420803782506,1.106382978723404,0.040661938534278956,0.03363732529821174,-0.8449871362980471,0.9895981087470449,0.0351063829787234,0.04230769230769232,0.26666666666666666,-0.04230769230769232,0.04230769230769232,0.22222222222222218,OK,
freeze,full,factor_cov_delta,1.0,1.0,budget_only,count,0.1,0.15,0.1,30,30,30,30,1.0,1.0,1.0,0.9895981087470449,0.0351063829787234,5.366666666666666,0.0,0.6333333333333333,-0.6333333333333333,0.0,0.0,0.0,0.0,0.0,0.0,0.0,4.0,26.0,21.5,26.0,26.0,21.5,26.0,26.0,26.0,26.0,26.0,NA,15.0,2.151300236406619,1.100236406619385,0.04137115839243499,0.03363732529821174,-0.9454809492156538,0.9895981087470449,0.0351063829787234,0.04230769230769232,0.32222222222222213,-0.04230769230769232,0.04230769230769232,0.2777777777777777,OK,
freeze,full,factor_cov_delta,INFEASIBLE,0.0,budget_only,count,INFEASIBLE,INFEASIBLE,INFEASIBLE,INFEASIBLE,INFEASIBLE,INFEASIBLE,INFEASIBLE,INFEASIBLE,INFEASIBLE,INFEASIBLE,INFEASIBLE,INFEASIBLE,INFEASIBLE,INFEASIBLE,INFEASIBLE,INFEASIBLE,INFEASIBLE,INFEASIBLE,INFEASIBLE,INFEASIBLE,INFEASIBLE,INFEASIBLE,INFEASIBLE,,INFEASIBLE,INFEASIBLE,INFEASIBLE,INFEASIBLE,INFEASIBLE,INFEASIBLE,INFEASIBLE,INFEASIBLE,INFEASIBLE,INFEASIBLE,INFEASIBLE,INFEASIBLE,INFEASIBLE,INFEASIBLE,INFEASIBLE,INFEASIBLE,INFEASIBLE,INFEASIBLE,INFEASIBLE,INFEASIBLE,INFEASIBLE,INFEASIBLE,INFEASIBLE,INFEASIBLE,INFEASIBLE,no_trials_in_band
freeze,full,factor_cov_delta,INFEASIBLE,0.25,budget_only,count,INFEASIBLE,INFEASIBLE,INFEASIBLE,INFEASIBLE,INFEASIBLE,INFEASIBLE,INFEASIBLE,INFEASIBLE,INFEASIBLE,INFEASIBLE,INFEASIBLE,INFEASIBLE,INFEASIBLE,INFEASIBLE,INFEASIBLE,INFEASIBLE,INFEASIBLE,INFEASIBLE,INFEASIBLE,INFEASIBLE,INFEASIBLE,INFEASIBLE,INFEASIBLE,,INFEASIBLE,INFEASIBLE,INFEASIBLE,INFEASIBLE,INFEASIBLE,INFEASIBLE,INFEASIBLE,INFEASIBLE,INFEASIBLE,INFEASIBLE,INFEASIBLE,INFEASIBLE,INFEASIBLE,INFEASIBLE,INFEASIBLE,INFEASIBLE,INFEASIBLE,INFEASIBLE,INFEASIBLE,INFEASIBLE,INFEASIBLE,INFEASIBLE,INFEASIBLE,INFEASIBLE,INFEASIBLE,no_trials_in_band
freeze,full,factor_cov_delta,INFEASIBLE,0.5,budget_only,count,INFEASIBLE,INFEASIBLE,INFEASIBLE,INFEASIBLE,INFEASIBLE,INFEASIBLE,INFEASIBLE,INFEASIBLE,INFEASIBLE,INFEASIBLE,INFEASIBLE,INFEASIBLE,INFEASIBLE,INFEASIBLE,INFEASIBLE,INFEASIBLE,INFEASIBLE,INFEASIBLE,INFEASIBLE,INFEASIBLE,INFEASIBLE,INFEASIBLE,INFEASIBLE,,INFEASIBLE,INFEASIBLE,INFEASIBLE,INFEASIBLE,INFEASIBLE,INFEASIBLE,INFEASIBLE,INFEASIBLE,INFEASIBLE,INFEASIBLE,INFEASIBLE,INFEASIBLE,INFEASIBLE,INFEASIBLE,INFEASIBLE,INFEASIBLE,INFEASIBLE,INFEASIBLE,INFEASIBLE,INFEASIBLE,INFEASIBLE,INFEASIBLE,INFEASIBLE,INFEASIBLE,INFEASIBLE,no_trials_in_band
freeze,full,factor_cov_delta,INFEASIBLE,0.75,budget_only,count,INFEASIBLE,INFEASIBLE,INFEASIBLE,INFEASIBLE,INFEASIBLE,INFEASIBLE,INFEASIBLE,INFEASIBLE,INFEASIBLE,INFEASIBLE,INFEASIBLE,INFEASIBLE,INFEASIBLE,INFEASIBLE,INFEASIBLE,INFEASIBLE,INFEASIBLE,INFEASIBLE,INFEASIBLE,INFEASIBLE,INFEASIBLE,INFEASIBLE,INFEASIBLE,,INFEASIBLE,INFEASIBLE,INFEASIBLE,INFEASIBLE,INFEASIBLE,INFEASIBLE,INFEASIBLE,INFEASIBLE,INFEASIBLE,INFEASIBLE,INFEASIBLE,INFEASIBLE,INFEASIBLE,INFEASIBLE,INFEASIBLE,INFEASIBLE,INFEASIBLE,INFEASIBLE,INFEASIBLE,INFEASIBLE,INFEASIBLE,INFEASIBLE,INFEASIBLE,INFEASIBLE,INFEASIBLE,no_trials_in_band
freeze,full,factor_cov_delta,INFEASIBLE,1.0,budget_only,count,INFEASIBLE,INFEASIBLE,INFEASIBLE,INFEASIBLE,INFEASIBLE,INFEASIBLE,INFEASIBLE,INFEASIBLE,INFEASIBLE,INFEASIBLE,INFEASIBLE,INFEASIBLE,INFEASIBLE,INFEASIBLE,INFEASIBLE,INFEASIBLE,INFEASIBLE,INFEASIBLE,INFEASIBLE,INFEASIBLE,INFEASIBLE,INFEASIBLE,INFEASIBLE,,INFEASIBLE,INFEASIBLE,INFEASIBLE,INFEASIBLE,INFEASIBLE,INFEASIBLE,INFEASIBLE,INFEASIBLE,INFEASIBLE,INFEASIBLE,INFEASIBLE,INFEASIBLE,INFEASIBLE,INFEASIBLE,INFEASIBLE,INFEASIBLE,INFEASIBLE,INFEASIBLE,INFEASIBLE,INFEASIBLE,INFEASIBLE,INFEASIBLE,INFEASIBLE,INFEASIBLE,INFEASIBLE,no_trials_in_band
freeze,full,factor_cov_lrt,1.0,0.0,budget_only,count,0.1,0.15,0.1,30,21,21,21,0.7,0.7,0.7,0.7375886524822695,0.017561634582911184,4.0,0.0,0.0,0.0,0.047619047619047616,0.047619047619047616,0.047619047619047616,0.047619047619047616,0.047619047619047616,0.047619047619047616,0.047619047619047616,4.0,26.0,26.0,26.0,26.0,26.0,26.0,26.0,26.0,26.0,26.0,NA,NA,0.9132049983113814,0.7375886524822695,0.017561634582911184,1.0000000000000002e-06,0.07220718677457036,0.7375886524822695,0.017561634582911184,0.0,0.0,0.0,0.0,0.0,OK,
freeze,full,factor_cov_lrt,1.0,0.25,budget_only,count,0.1,0.15,0.1,30,21,21,21,0.7,0.7,0.7,0.7375886524822695,0.017561634582911184,4.0,0.23809523809523808,0.0,0.23809523809523808,0.2857142857142857,0.09523809523809523,0.2857142857142857,0.09523809523809523,0.047619047619047616,0.09523809523809523,0.09523809523809523,4.0,26.0,26.0,26.0,26.0,26.0,26.0,26.0,26.0,26.0,26.0,19.0,NA,0.8693009118541033,0.6936845660249915,0.016717325227963535,1.0000000000000002e-06,0.0460310146758304,0.7375886524822695,0.017561634582911184,0.009157509157509158,0.015873015873015872,0.009157509157509158,0.009157509157509158,-0.015873015873015872,OK,
freeze,full,factor_cov_lrt,1.0,0.5,budget_only,count,0.1,0.15,0.1,30,21,21,21,0.7,0.7,0.7,0.7375886524822695,0.017561634582911184,4.0,0.3333333333333333,0.0,0.3333333333333333,0.38095238095238093,0.19047619047619047,0.38095238095238093,0.19047619047619047,0.047619047619047616,0.19047619047619047,0.19047619047619047,4.0,26.0,26.0,26.0,26.0,26.0,26.0,26.0,26.0,26.0,26.0,17.0,NA,0.8693009118541033,0.6936845660249915,0.016717325227963535,1.0000000000000002e-06,0.026273678505623,0.7375886524822695,0.017561634582911184,0.012820512820512822,0.015873015873015872,0.012820512820512822,0.012820512820512822,-0.015873015873015872,OK,
freeze,full,factor_cov_lrt,1.0,0.75,budget_only,count,0.1,0.15,0.1,30,21,21,21,0.7,0.7,0.7,0.7375886524822695,0.017561634582911184,4.0,0.38095238095238093,0.0,0.38095238095238093,0.42857142857142855,0.19047619047619047,0.42857142857142855,0.19047619047619047,0.047619047619047616,0.19047619047619047,0.19047619047619047,4.0,26.0,26.0,26.0,26.0,26.0,26.0,26.0,26.0,26.0,26.0,18.0,NA,0.8693009118541033,0.6936845660249915,0.016717325227963535,1.0000000000000002e-06,0.32546509764575965,0.7375886524822695,0.017561634582911184,0.014652014652014652,0.015873015873015872,0.014652014652014652,0.014652014652014652,-0.015873015873015872,OK,
freeze,full,factor_cov_lrt,1.0,1.0,budget_only,count,0.1,0.15,0.1,30,21,21,21,0.7,0.7,0.7,0.7375886524822695,0.017561634582911184,4.0,0.7142857142857143,0.0,0.7142857142857143,0.7619047619047619,0.47619047619047616,0.7619047619047619,0.47619047619047616,0.047619047619047616,0.47619047619047616,0.47619047619047616,4.0,5.0,26.0,5.0,26.0,26.0,26.0,5.0,26.0,5.0,26.0,4.0,NA,0.8868625464370145,0.6585612968591692,0.017055048969942588,1.0000000000000002e-06,2.9858246160779336,0.7375886524822695,0.017561634582911184,0.06043956043956043,0.015873015873015872,0.06043956043956043,0.06043956043956043,-0.015873015873015872,OK,
freeze,full,factor_cov_lrt,INFEASIBLE,0.0,budget_only,count,INFEASIBLE,INFEASIBLE,INFEASIBLE,INFEASIBLE,INFEASIBLE,INFEASIBLE,INFEASIBLE,INFEASIBLE,INFEASIBLE,INFEASIBLE,INFEASIBLE,INFEASIBLE,INFEASIBLE,INFEASIBLE,INFEASIBLE,INFEASIBLE,INFEASIBLE,INFEASIBLE,INFEASIBLE,INFEASIBLE,INFEASIBLE,INFEASIBLE,INFEASIBLE,,INFEASIBLE,INFEASIBLE,INFEASIBLE,INFEASIBLE,INFEASIBLE,INFEASIBLE,INFEASIBLE,INFEASIBLE,INFEASIBLE,INFEASIBLE,INFEASIBLE,INFEASIBLE,INFEASIBLE,INFEASIBLE,INFEASIBLE,INFEASIBLE,INFEASIBLE,INFEASIBLE,INFEASIBLE,INFEASIBLE,INFEASIBLE,INFEASIBLE,INFEASIBLE,INFEASIBLE,INFEASIBLE,no_trials_in_band
freeze,full,factor_cov_lrt,INFEASIBLE,0.25,budget_only,count,INFEASIBLE,INFEASIBLE,INFEASIBLE,INFEASIBLE,INFEASIBLE,INFEASIBLE,INFEASIBLE,INFEASIBLE,INFEASIBLE,INFEASIBLE,INFEASIBLE,INFEASIBLE,INFEASIBLE,INFEASIBLE,INFEASIBLE,INFEASIBLE,INFEASIBLE,INFEASIBLE,INFEASIBLE,INFEASIBLE,INFEASIBLE,INFEASIBLE,INFEASIBLE,,INFEASIBLE,INFEASIBLE,INFEASIBLE,INFEASIBLE,INFEASIBLE,INFEASIBLE,INFEASIBLE,INFEASIBLE,INFEASIBLE,INFEASIBLE,INFEASIBLE,INFEASIBLE,INFEASIBLE,INFEASIBLE,INFEASIBLE,INFEASIBLE,INFEASIBLE,INFEASIBLE,INFEASIBLE,INFEASIBLE,INFEASIBLE,INFEASIBLE,INFEASIBLE,INFEASIBLE,INFEASIBLE,no_trials_in_band
freeze,full,factor_cov_lrt,INFEASIBLE,0.5,budget_only,count,INFEASIBLE,INFEASIBLE,INFEASIBLE,INFEASIBLE,INFEASIBLE,INFEASIBLE,INFEASIBLE,INFEASIBLE,INFEASIBLE,INFEASIBLE,INFEASIBLE,INFEASIBLE,INFEASIBLE,INFEASIBLE,INFEASIBLE,INFEASIBLE,INFEASIBLE,INFEASIBLE,INFEASIBLE,INFEASIBLE,INFEASIBLE,INFEASIBLE,INFEASIBLE,,INFEASIBLE,INFEASIBLE,INFEASIBLE,INFEASIBLE,INFEASIBLE,INFEASIBLE,INFEASIBLE,INFEASIBLE,INFEASIBLE,INFEASIBLE,INFEASIBLE,INFEASIBLE,INFEASIBLE,INFEASIBLE,INFEASIBLE,INFEASIBLE,INFEASIBLE,INFEASIBLE,INFEASIBLE,INFEASIBLE,INFEASIBLE,INFEASIBLE,INFEASIBLE,INFEASIBLE,INFEASIBLE,no_trials_in_band
freeze,full,factor_cov_lrt,INFEASIBLE,0.75,budget_only,count,INFEASIBLE,INFEASIBLE,INFEASIBLE,INFEASIBLE,INFEASIBLE,INFEASIBLE,INFEASIBLE,INFEASIBLE,INFEASIBLE,INFEASIBLE,INFEASIBLE,INFEASIBLE,INFEASIBLE,INFEASIBLE,INFEASIBLE,INFEASIBLE,INFEASIBLE,INFEASIBLE,INFEASIBLE,INFEASIBLE,INFEASIBLE,INFEASIBLE,INFEASIBLE,,INFEASIBLE,INFEASIBLE,INFEASIBLE,INFEASIBLE,INFEASIBLE,INFEASIBLE,INFEASIBLE,INFEASIBLE,INFEASIBLE,INFEASIBLE,INFEASIBLE,INFEASIBLE,INFEASIBLE,INFEASIBLE,INFEASIBLE,INFEASIBLE,INFEASIBLE,INFEASIBLE,INFEASIBLE,INFEASIBLE,INFEASIBLE,INFEASIBLE,INFEASIBLE,INFEASIBLE,INFEASIBLE,no_trials_in_band
freeze,full,factor_cov_lrt,INFEASIBLE,1.0,budget_only,count,INFEASIBLE,INFEASIBLE,INFEASIBLE,INFEASIBLE,INFEASIBLE,INFEASIBLE,INFEASIBLE,INFEASIBLE,INFEASIBLE,INFEASIBLE,INFEASIBLE,INFEASIBLE,INFEASIBLE,INFEASIBLE,INFEASIBLE,INFEASIBLE,INFEASIBLE,INFEASIBLE,INFEASIBLE,INFEASIBLE,INFEASIBLE,INFEASIBLE,INFEASIBLE,,INFEASIBLE,INFEASIBLE,INFEASIBLE,INFEASIBLE,INFEASIBLE,INFEASIBLE,INFEASIBLE,INFEASIBLE,INFEASIBLE,INFEASIBLE,INFEASIBLE,INFEASIBLE,INFEASIBLE,INFEASIBLE,INFEASIBLE,INFEASIBLE,INFEASIBLE,INFEASIBLE,INFEASIBLE,INFEASIBLE,INFEASIBLE,INFEASIBLE,INFEASIBLE,INFEASIBLE,INFEASIBLE,no_trials_in_band
freeze,full,factor_cov_lrt_delta,1.0,0.0,budget_only,count,0.1,0.15,0.1,30,30,30,30,1.0,1.0,1.0,0.842080378250591,0.016193853427895987,4.566666666666666,0.43333333333333335,0.43333333333333335,0.0,0.43333333333333335,0.06666666666666667,0.43333333333333335,0.06666666666666667,0.0,0.06666666666666667,0.06666666666666667,4.0,26.0,26.0,26.0,26.0,26.0,26.0,26.0,26.0,26.0,26.0,15.0,15.0,0.842080378250591,0.842080378250591,0.016193853427895987,0.014241159089097342,0.02566869328112713,0.842080378250591,0.016193853427895987,0.0,0.0,0.0,0.0,0.0,OK,
freeze,full,factor_cov_lrt_delta,1.0,0.25,budget_only,count,0.1,0.15,0.1,30,30,30,30,1.0,1.0,1.0,0.842080378250591,0.016193853427895987,4.566666666666666,0.3,0.43333333333333335,-0.13333333333333336,0.3,0.06666666666666667,0.3,0.06666666666666667,0.0,0.06666666666666667,0.06666666666666667,4.0,26.0,26.0,26.0,26.0,26.0,26.0,26.0,26.0,26.0,26.0,13.0,15.0,0.8851063829787235,0.8851063829787235,0.017021276595744688,0.014241159089097342,0.060968997732806805,0.842080378250591,0.016193853427895987,0.015384615384615385,0.0,-0.005128205128205128,0.007692307692307693,0.0,OK,
freeze,full,factor_cov_lrt_delta,1.0,0.5,budget_only,count,0.1,0.15,0.1,30,30,30,30,1.0,1.0,1.0,0.842080378250591,0.016193853427895987,4.566666666666666,0.36666666666666664,0.43333333333333335,-0.06666666666666671,0.36666666666666664,0.03333333333333333,0.36666666666666664,0.03333333333333333,0.0,0.03333333333333333,0.03333333333333333,4.0,26.0,26.0,26.0,26.0,26.0,26.0,26.0,26.0,26.0,26.0,17.0,15.0,0.8851063829787235,0.8851063829787235,0.017021276595744688,0.014241159089097342,0.09071389359902964,0.842080378250591,0.016193853427895987,0.028205128205128202,0.0,-0.002564102564102564,0.015384615384615382,0.0,OK,
freeze,full,factor_cov_lrt_delta,1.0,0.75,budget_only,count,0.1,0.15,0.1,30,30,30,30,1.0,1.0,1.0,0.842080378250591,0.016193853427895987,4.566666666666666,0.26666666666666666,0.43333333333333335,-0.16666666666666669,0.26666666666666666,0.03333333333333333,0.26666666666666666,0.03333333333333333,0.0,0.03333333333333333,0.03333333333333333,4.0,26.0,26.0,26.0,26.0,26.0,26.0,26.0,26.0,26.0,26.0,16.0,15.0,0.921985815602837,0.921985815602837,0.017730496453900714,0.014241159089097342,0.10279882844423689,0.842080378250591,0.016193853427895987,0.02692307692307692,0.01111111111111111,-0.006410256410256411,0.016666666666666663,0.01111111111111111,OK,
freeze,full,factor_cov_lrt_delta,1.0,1.0,budget_only,count,0.1,0.15,0.1,30,30,30,30,1.0,1.0,1.0,0.842080378250591,0.016193853427895987,4.566666666666666,0.3333333333333333,0.43333333333333335,-0.10000000000000003,0.3333333333333333,0.06666666666666667,0.3333333333333333,0.06666666666666667,0.0,0.06666666666666667,0.06666666666666667,4.0,26.0,26.0,26.0,26.0,26.0,26.0,26.0,26.0,26.0,26.0,13.0,15.0,0.8912529550827425,0.8912529550827425,0.017139479905437356,0.014241159089097342,-0.08876533003774147,0.842080378250591,0.016193853427895987,0.029487179487179483,0.11111111111111112,-0.0038461538461538464,0.016666666666666666,0.11111111111111112,OK,
freeze,full,factor_cov_lrt_delta,INFEASIBLE,0.0,budget_only,count,INFEASIBLE,INFEASIBLE,INFEASIBLE,INFEASIBLE,INFEASIBLE,INFEASIBLE,INFEASIBLE,INFEASIBLE,INFEASIBLE,INFEASIBLE,INFEASIBLE,INFEASIBLE,INFEASIBLE,INFEASIBLE,INFEASIBLE,INFEASIBLE,INFEASIBLE,INFEASIBLE,INFEASIBLE,INFEASIBLE,INFEASIBLE,INFEASIBLE,INFEASIBLE,,INFEASIBLE,INFEASIBLE,INFEASIBLE,INFEASIBLE,INFEASIBLE,INFEASIBLE,INFEASIBLE,INFEASIBLE,INFEASIBLE,INFEASIBLE,INFEASIBLE,INFEASIBLE,INFEASIBLE,INFEASIBLE,INFEASIBLE,INFEASIBLE,INFEASIBLE,INFEASIBLE,INFEASIBLE,INFEASIBLE,INFEASIBLE,INFEASIBLE,INFEASIBLE,INFEASIBLE,INFEASIBLE,no_trials_in_band
freeze,full,factor_cov_lrt_delta,INFEASIBLE,0.25,budget_only,count,INFEASIBLE,INFEASIBLE,INFEASIBLE,INFEASIBLE,INFEASIBLE,INFEASIBLE,INFEASIBLE,INFEASIBLE,INFEASIBLE,INFEASIBLE,INFEASIBLE,INFEASIBLE,INFEASIBLE,INFEASIBLE,INFEASIBLE,INFEASIBLE,INFEASIBLE,INFEASIBLE,INFEASIBLE,INFEASIBLE,INFEASIBLE,INFEASIBLE,INFEASIBLE,,INFEASIBLE,INFEASIBLE,INFEASIBLE,INFEASIBLE,INFEASIBLE,INFEASIBLE,INFEASIBLE,INFEASIBLE,INFEASIBLE,INFEASIBLE,INFEASIBLE,INFEASIBLE,INFEASIBLE,INFEASIBLE,INFEASIBLE,INFEASIBLE,INFEASIBLE,INFEASIBLE,INFEASIBLE,INFEASIBLE,INFEASIBLE,INFEASIBLE,INFEASIBLE,INFEASIBLE,INFEASIBLE,no_trials_in_band
freeze,full,factor_cov_lrt_delta,INFEASIBLE,0.5,budget_only,count,INFEASIBLE,INFEASIBLE,INFEASIBLE,INFEASIBLE,INFEASIBLE,INFEASIBLE,INFEASIBLE,INFEASIBLE,INFEASIBLE,INFEASIBLE,INFEASIBLE,INFEASIBLE,INFEASIBLE,INFEASIBLE,INFEASIBLE,INFEASIBLE,INFEASIBLE,INFEASIBLE,INFEASIBLE,INFEASIBLE,INFEASIBLE,INFEASIBLE,INFEASIBLE,,INFEASIBLE,INFEASIBLE,INFEASIBLE,INFEASIBLE,INFEASIBLE,INFEASIBLE,INFEASIBLE,INFEASIBLE,INFEASIBLE,INFEASIBLE,INFEASIBLE,INFEASIBLE,INFEASIBLE,INFEASIBLE,INFEASIBLE,INFEASIBLE,INFEASIBLE,INFEASIBLE,INFEASIBLE,INFEASIBLE,INFEASIBLE,INFEASIBLE,INFEASIBLE,INFEASIBLE,INFEASIBLE,no_trials_in_band
freeze,full,factor_cov_lrt_delta,INFEASIBLE,0.75,budget_only,count,INFEASIBLE,INFEASIBLE,INFEASIBLE,INFEASIBLE,INFEASIBLE,INFEASIBLE,INFEASIBLE,INFEASIBLE,INFEASIBLE,INFEASIBLE,INFEASIBLE,INFEASIBLE,INFEASIBLE,INFEASIBLE,INFEASIBLE,INFEASIBLE,INFEASIBLE,INFEASIBLE,INFEASIBLE,INFEASIBLE,INFEASIBLE,INFEASIBLE,INFEASIBLE,,INFEASIBLE,INFEASIBLE,INFEASIBLE,INFEASIBLE,INFEASIBLE,INFEASIBLE,INFEASIBLE,INFEASIBLE,INFEASIBLE,INFEASIBLE,INFEASIBLE,INFEASIBLE,INFEASIBLE,INFEASIBLE,INFEASIBLE,INFEASIBLE,INFEASIBLE,INFEASIBLE,INFEASIBLE,INFEASIBLE,INFEASIBLE,INFEASIBLE,INFEASIBLE,INFEASIBLE,INFEASIBLE,no_trials_in_band
freeze,full,factor_cov_lrt_delta,INFEASIBLE,1.0,budget_only,count,INFEASIBLE,INFEASIBLE,INFEASIBLE,INFEASIBLE,INFEASIBLE,INFEASIBLE,INFEASIBLE,INFEASIBLE,INFEASIBLE,INFEASIBLE,INFEASIBLE,INFEASIBLE,INFEASIBLE,INFEASIBLE,INFEASIBLE,INFEASIBLE,INFEASIBLE,INFEASIBLE,INFEASIBLE,INFEASIBLE,INFEASIBLE,INFEASIBLE,INFEASIBLE,,INFEASIBLE,INFEASIBLE,INFEASIBLE,INFEASIBLE,INFEASIBLE,INFEASIBLE,INFEASIBLE,INFEASIBLE,INFEASIBLE,INFEASIBLE,INFEASIBLE,INFEASIBLE,INFEASIBLE,INFEASIBLE,INFEASIBLE,INFEASIBLE,INFEASIBLE,INFEASIBLE,INFEASIBLE,INFEASIBLE,INFEASIBLE,INFEASIBLE,INFEASIBLE,INFEASIBLE,INFEASIBLE,no_trials_in_band
freeze,full,fused_fisher,1.0,0.0,budget_only,count,0.1,0.15,0.1,30,30,30,30,1.0,1.0,1.0,0.8543735224586289,0.01643026004728133,4.633333333333334,0.3333333333333333,0.3333333333333333,0.0,0.36666666666666664,0.06666666666666667,0.36666666666666664,0.06666666666666667,0.03333333333333333,0.06666666666666667,0.06666666666666667,4.0,26.0,26.0,26.0,26.0,26.0,26.0,26.0,26.0,26.0,26.0,11.0,11.0,0.8543735224586289,0.8543735224586289,0.01643026004728133,1.0000000000000002e-06,-0.05667259472535323,0.8543735224586289,0.01643026004728133,0.0,0.0,0.0,0.0,0.0,OK,
freeze,full,fused_fisher,1.0,0.25,budget_only,count,0.1,0.15,0.1,30,30,30,30,1.0,1.0,1.0,0.8543735224586289,0.01643026004728133,4.633333333333334,0.0,0.3333333333333333,-0.3333333333333333,0.0,0.0,0.0,0.0,0.0,0.0,0.0,4.0,26.0,26.0,26.0,26.0,26.0,26.0,26.0,26.0,26.0,26.0,NA,11.0,0.9035460992907803,0.9035460992907803,0.0173758865248227,1.0000000000000002e-06,-0.3487031680366069,0.8543735224586289,0.01643026004728133,0.014102564102564105,0.02222222222222222,-0.014102564102564105,0.014102564102564105,0.02222222222222222,OK,
freeze,full,fused_fisher,1.0,0.5,budget_only,count,0.1,0.15,0.1,30,30,30,30,1.0,1.0,1.0,0.8543735224586289,0.01643026004728133,4.633333333333334,0.0,0.3333333333333333,-0.3333333333333333,0.0,0.0,0.0,0.0,0.0,0.0,0.0,4.0,26.0,26.0,26.0,26.0,26.0,26.0,26.0,26.0,26.0,26.0,NA,11.0,0.9035460992907803,0.9035460992907803,0.0173758865248227,1.0000000000000002e-06,-0.45374620420761863,0.8543735224586289,0.01643026004728133,0.014102564102564105,0.02222222222222222,-0.014102564102564105,0.014102564102564105,0.02222222222222222,OK,
freeze,full,fused_fisher,1.0,0.75,budget_only,count,0.1,0.15,0.1,30,30,30,30,1.0,1.0,1.0,0.8543735224586289,0.01643026004728133,4.633333333333334,0.0,0.3333333333333333,-0.3333333333333333,0.0,0.0,0.0,0.0,0.0,0.0,0.0,4.0,26.0,26.0,26.0,26.0,26.0,26.0,26.0,26.0,26.0,26.0,NA,11.0,0.8973995271867614,0.8973995271867614,0.017257683215130028,1.0000000000000002e-06,-0.41616111715184734,0.8543735224586289,0.01643026004728133,0.014102564102564105,0.02222222222222222,-0.014102564102564105,0.014102564102564105,0.02222222222222222,OK,
freeze,full,fused_fisher,1.0,1.0,budget_only,count,0.1,0.15,0.1,30,30,30,30,1.0,1.0,1.0,0.8543735224586289,0.01643026004728133,4.633333333333334,0.0,0.3333333333333333,-0.3333333333333333,0.03333333333333333,0.03333333333333333,0.03333333333333333,0.03333333333333333,0.03333333333333333,0.03333333333333333,0.03333333333333333,4.0,26.0,26.0,26.0,26.0,26.0,26.0,26.0,26.0,26.0,26.0,NA,11.0,0.8973995271867614,0.8973995271867614,0.017257683215130028,1.0000000000000002e-06,-0.3177740893522529,0.8543735224586289,0.01643026004728133,0.01282051282051282,0.03333333333333333,-0.01282051282051282,0.01282051282051282,0.03333333333333333,OK,
freeze,full,fused_fisher,INFEASIBLE,0.0,budget_only,count,INFEASIBLE,INFEASIBLE,INFEASIBLE,INFEASIBLE,INFEASIBLE,INFEASIBLE,INFEASIBLE,INFEASIBLE,INFEASIBLE,INFEASIBLE,INFEASIBLE,INFEASIBLE,INFEASIBLE,INFEASIBLE,INFEASIBLE,INFEASIBLE,INFEASIBLE,INFEASIBLE,INFEASIBLE,INFEASIBLE,INFEASIBLE,INFEASIBLE,INFEASIBLE,,INFEASIBLE,INFEASIBLE,INFEASIBLE,INFEASIBLE,INFEASIBLE,INFEASIBLE,INFEASIBLE,INFEASIBLE,INFEASIBLE,INFEASIBLE,INFEASIBLE,INFEASIBLE,INFEASIBLE,INFEASIBLE,INFEASIBLE,INFEASIBLE,INFEASIBLE,INFEASIBLE,INFEASIBLE,INFEASIBLE,INFEASIBLE,INFEASIBLE,INFEASIBLE,INFEASIBLE,INFEASIBLE,no_trials_in_band
freeze,full,fused_fisher,INFEASIBLE,0.25,budget_only,count,INFEASIBLE,INFEASIBLE,INFEASIBLE,INFEASIBLE,INFEASIBLE,INFEASIBLE,INFEASIBLE,INFEASIBLE,INFEASIBLE,INFEASIBLE,INFEASIBLE,INFEASIBLE,INFEASIBLE,INFEASIBLE,INFEASIBLE,INFEASIBLE,INFEASIBLE,INFEASIBLE,INFEASIBLE,INFEASIBLE,INFEASIBLE,INFEASIBLE,INFEASIBLE,,INFEASIBLE,INFEASIBLE,INFEASIBLE,INFEASIBLE,INFEASIBLE,INFEASIBLE,INFEASIBLE,INFEASIBLE,INFEASIBLE,INFEASIBLE,INFEASIBLE,INFEASIBLE,INFEASIBLE,INFEASIBLE,INFEASIBLE,INFEASIBLE,INFEASIBLE,INFEASIBLE,INFEASIBLE,INFEASIBLE,INFEASIBLE,INFEASIBLE,INFEASIBLE,INFEASIBLE,INFEASIBLE,no_trials_in_band
freeze,full,fused_fisher,INFEASIBLE,0.5,budget_only,count,INFEASIBLE,INFEASIBLE,INFEASIBLE,INFEASIBLE,INFEASIBLE,INFEASIBLE,INFEASIBLE,INFEASIBLE,INFEASIBLE,INFEASIBLE,INFEASIBLE,INFEASIBLE,INFEASIBLE,INFEASIBLE,INFEASIBLE,INFEASIBLE,INFEASIBLE,INFEASIBLE,INFEASIBLE,INFEASIBLE,INFEASIBLE,INFEASIBLE,INFEASIBLE,,INFEASIBLE,INFEASIBLE,INFEASIBLE,INFEASIBLE,INFEASIBLE,INFEASIBLE,INFEASIBLE,INFEASIBLE,INFEASIBLE,INFEASIBLE,INFEASIBLE,INFEASIBLE,INFEASIBLE,INFEASIBLE,INFEASIBLE,INFEASIBLE,INFEASIBLE,INFEASIBLE,INFEASIBLE,INFEASIBLE,INFEASIBLE,INFEASIBLE,INFEASIBLE,INFEASIBLE,INFEASIBLE,no_trials_in_band
freeze,full,fused_fisher,INFEASIBLE,0.75,budget_only,count,INFEASIBLE,INFEASIBLE,INFEASIBLE,INFEASIBLE,INFEASIBLE,INFEASIBLE,INFEASIBLE,INFEASIBLE,INFEASIBLE,INFEASIBLE,INFEASIBLE,INFEASIBLE,INFEASIBLE,INFEASIBLE,INFEASIBLE,INFEASIBLE,INFEASIBLE,INFEASIBLE,INFEASIBLE,INFEASIBLE,INFEASIBLE,INFEASIBLE,INFEASIBLE,,INFEASIBLE,INFEASIBLE,INFEASIBLE,INFEASIBLE,INFEASIBLE,INFEASIBLE,INFEASIBLE,INFEASIBLE,INFEASIBLE,INFEASIBLE,INFEASIBLE,INFEASIBLE,INFEASIBLE,INFEASIBLE,INFEASIBLE,INFEASIBLE,INFEASIBLE,INFEASIBLE,INFEASIBLE,INFEASIBLE,INFEASIBLE,INFEASIBLE,INFEASIBLE,INFEASIBLE,INFEASIBLE,no_trials_in_band
freeze,full,fused_fisher,INFEASIBLE,1.0,budget_only,count,INFEASIBLE,INFEASIBLE,INFEASIBLE,INFEASIBLE,INFEASIBLE,INFEASIBLE,INFEASIBLE,INFEASIBLE,INFEASIBLE,INFEASIBLE,INFEASIBLE,INFEASIBLE,INFEASIBLE,INFEASIBLE,INFEASIBLE,INFEASIBLE,INFEASIBLE,INFEASIBLE,INFEASIBLE,INFEASIBLE,INFEASIBLE,INFEASIBLE,INFEASIBLE,,INFEASIBLE,INFEASIBLE,INFEASIBLE,INFEASIBLE,INFEASIBLE,INFEASIBLE,INFEASIBLE,INFEASIBLE,INFEASIBLE,INFEASIBLE,INFEASIBLE,INFEASIBLE,INFEASIBLE,INFEASIBLE,INFEASIBLE,INFEASIBLE,INFEASIBLE,INFEASIBLE,INFEASIBLE,INFEASIBLE,INFEASIBLE,INFEASIBLE,INFEASIBLE,INFEASIBLE,INFEASIBLE,no_trials_in_band
freeze,full,fused_fisher_lrt_delta,1.0,0.0,budget_only,count,0.1,0.15,0.1,30,30,30,30,1.0,1.0,1.0,0.8605200945626479,0.016548463356974002,4.666666666666667,0.3,0.3,0.0,0.3333333333333333,0.1,0.3333333333333333,0.1,0.03333333333333333,0.1,0.1,4.0,26.0,26.0,26.0,26.0,26.0,26.0,26.0,26.0,26.0,26.0,15.0,15.0,0.8605200945626479,0.8605200945626479,0.016548463356974002,1.0000000000000002e-06,0.04018382308832987,0.8605200945626479,0.016548463356974002,0.0,0.0,0.0,0.0,0.0,OK,
freeze,full,fused_fisher_lrt_delta,1.0,0.25,budget_only,count,0.1,0.15,0.1,30,30,30,30,1.0,1.0,1.0,0.8605200945626479,0.016548463356974002,4.666666666666667,0.13333333333333333,0.3,-0.16666666666666666,0.16666666666666666,0.1,0.16666666666666666,0.1,0.03333333333333333,0.1,0.1,4.0,26.0,26.0,26.0,26.0,26.0,26.0,26.0,26.0,26.0,26.0,9.5,15.0,0.8912529550827425,0.8851063829787235,0.017139479905437356,1.0000000000000002e-06,-0.09448280998120229,0.8605200945626479,0.016548463356974002,0.014102564102564103,0.01111111111111111,-0.006410256410256411,0.006410256410256411,0.01111111111111111,OK,
freeze,full,fused_fisher_lrt_delta,1.0,0.5,budget_only,count,0.1,0.15,0.1,30,30,30,30,1.0,1.0,1.0,0.8605200945626479,0.016548463356974002,4.666666666666667,0.03333333333333333,0.3,-0.26666666666666666,0.06666666666666667,0.03333333333333333,0.06666666666666667,0.03333333333333333,0.03333333333333333,0.03333333333333333,0.03333333333333333,4.0,26.0,26.0,26.0,26.0,26.0,26.0,26.0,26.0,26.0,26.0,25.0,15.0,0.9096926713947991,0.9035460992907802,0.01749408983451537,1.0000000000000002e-06,-0.10926022198079706,0.8605200945626479,0.016548463356974002,0.014102564102564105,0.01111111111111111,-0.008974358974358975,0.011538461538461537,0.01111111111111111,OK,
freeze,full,fused_fisher_lrt_delta,1.0,0.75,budget_only,count,0.1,0.15,0.1,30,30,30,30,1.0,1.0,1.0,0.8605200945626479,0.016548463356974002,4.666666666666667,0.13333333333333333,0.3,-0.16666666666666666,0.16666666666666666,0.03333333333333333,0.16666666666666666,0.03333333333333333,0.03333333333333333,0.03333333333333333,0.03333333333333333,4.0,26.0,26.0,26.0,26.0,26.0,26.0,26.0,26.0,26.0,26.0,22.5,15.0,0.8789598108747047,0.8789598108747047,0.016903073286052013,1.0000000000000002e-06,-0.06488754409774793,0.8605200945626479,0.016548463356974002,0.016666666666666666,0.02222222222222222,-0.006410256410256411,0.008974358974358975,0.0,OK,
freeze,full,fused_fisher_lrt_delta,1.0,1.0,budget_only,count,0.1,0.15,0.1,30,30,30,30,1.0,1.0,1.0,0.8605200945626479,0.016548463356974002,4.666666666666667,0.26666666666666666,0.3,-0.033333333333333326,0.3,0.03333333333333333,0.3,0.03333333333333333,0.03333333333333333,0.03333333333333333,0.03333333333333333,4.0,26.0,26.0,26.0,26.0,26.0,26.0,26.0,26.0,26.0,26.0,14.0,15.0,0.8666666666666668,0.8666666666666668,0.01666666666666667,1.0000000000000002e-06,-0.2625258963616012,0.8605200945626479,0.016548463356974002,0.02179487179487179,0.02222222222222222,-0.001282051282051282,0.008974358974358975,0.0,OK,
freeze,full,fused_fisher_lrt_delta,INFEASIBLE,0.0,budget_only,count,INFEASIBLE,INFEASIBLE,INFEASIBLE,INFEASIBLE,INFEASIBLE,INFEASIBLE,INFEASIBLE,INFEASIBLE,INFEASIBLE,INFEASIBLE,INFEASIBLE,INFEASIBLE,INFEASIBLE,INFEASIBLE,INFEASIBLE,INFEASIBLE,INFEASIBLE,INFEASIBLE,INFEASIBLE,INFEASIBLE,INFEASIBLE,INFEASIBLE,INFEASIBLE,,INFEASIBLE,INFEASIBLE,INFEASIBLE,INFEASIBLE,INFEASIBLE,INFEASIBLE,INFEASIBLE,INFEASIBLE,INFEASIBLE,INFEASIBLE,INFEASIBLE,INFEASIBLE,INFEASIBLE,INFEASIBLE,INFEASIBLE,INFEASIBLE,INFEASIBLE,INFEASIBLE,INFEASIBLE,INFEASIBLE,INFEASIBLE,INFEASIBLE,INFEASIBLE,INFEASIBLE,INFEASIBLE,no_trials_in_band
freeze,full,fused_fisher_lrt_delta,INFEASIBLE,0.25,budget_only,count,INFEASIBLE,INFEASIBLE,INFEASIBLE,INFEASIBLE,INFEASIBLE,INFEASIBLE,INFEASIBLE,INFEASIBLE,INFEASIBLE,INFEASIBLE,INFEASIBLE,INFEASIBLE,INFEASIBLE,INFEASIBLE,INFEASIBLE,INFEASIBLE,INFEASIBLE,INFEASIBLE,INFEASIBLE,INFEASIBLE,INFEASIBLE,INFEASIBLE,INFEASIBLE,,INFEASIBLE,INFEASIBLE,INFEASIBLE,INFEASIBLE,INFEASIBLE,INFEASIBLE,INFEASIBLE,INFEASIBLE,INFEASIBLE,INFEASIBLE,INFEASIBLE,INFEASIBLE,INFEASIBLE,INFEASIBLE,INFEASIBLE,INFEASIBLE,INFEASIBLE,INFEASIBLE,INFEASIBLE,INFEASIBLE,INFEASIBLE,INFEASIBLE,INFEASIBLE,INFEASIBLE,INFEASIBLE,no_trials_in_band
freeze,full,fused_fisher_lrt_delta,INFEASIBLE,0.5,budget_only,count,INFEASIBLE,INFEASIBLE,INFEASIBLE,INFEASIBLE,INFEASIBLE,INFEASIBLE,INFEASIBLE,INFEASIBLE,INFEASIBLE,INFEASIBLE,INFEASIBLE,INFEASIBLE,INFEASIBLE,INFEASIBLE,INFEASIBLE,INFEASIBLE,INFEASIBLE,INFEASIBLE,INFEASIBLE,INFEASIBLE,INFEASIBLE,INFEASIBLE,INFEASIBLE,,INFEASIBLE,INFEASIBLE,INFEASIBLE,INFEASIBLE,INFEASIBLE,INFEASIBLE,INFEASIBLE,INFEASIBLE,INFEASIBLE,INFEASIBLE,INFEASIBLE,INFEASIBLE,INFEASIBLE,INFEASIBLE,INFEASIBLE,INFEASIBLE,INFEASIBLE,INFEASIBLE,INFEASIBLE,INFEASIBLE,INFEASIBLE,INFEASIBLE,INFEASIBLE,INFEASIBLE,INFEASIBLE,no_trials_in_band
freeze,full,fused_fisher_lrt_delta,INFEASIBLE,0.75,budget_only,count,INFEASIBLE,INFEASIBLE,INFEASIBLE,INFEASIBLE,INFEASIBLE,INFEASIBLE,INFEASIBLE,INFEASIBLE,INFEASIBLE,INFEASIBLE,INFEASIBLE,INFEASIBLE,INFEASIBLE,INFEASIBLE,INFEASIBLE,INFEASIBLE,INFEASIBLE,INFEASIBLE,INFEASIBLE,INFEASIBLE,INFEASIBLE,INFEASIBLE,INFEASIBLE,,INFEASIBLE,INFEASIBLE,INFEASIBLE,INFEASIBLE,INFEASIBLE,INFEASIBLE,INFEASIBLE,INFEASIBLE,INFEASIBLE,INFEASIBLE,INFEASIBLE,INFEASIBLE,INFEASIBLE,INFEASIBLE,INFEASIBLE,INFEASIBLE,INFEASIBLE,INFEASIBLE,INFEASIBLE,INFEASIBLE,INFEASIBLE,INFEASIBLE,INFEASIBLE,INFEASIBLE,INFEASIBLE,no_trials_in_band
freeze,full,fused_fisher_lrt_delta,INFEASIBLE,1.0,budget_only,count,INFEASIBLE,INFEASIBLE,INFEASIBLE,INFEASIBLE,INFEASIBLE,INFEASIBLE,INFEASIBLE,INFEASIBLE,INFEASIBLE,INFEASIBLE,INFEASIBLE,INFEASIBLE,INFEASIBLE,INFEASIBLE,INFEASIBLE,INFEASIBLE,INFEASIBLE,INFEASIBLE,INFEASIBLE,INFEASIBLE,INFEASIBLE,INFEASIBLE,INFEASIBLE,,INFEASIBLE,INFEASIBLE,INFEASIBLE,INFEASIBLE,INFEASIBLE,INFEASIBLE,INFEASIBLE,INFEASIBLE,INFEASIBLE,INFEASIBLE,INFEASIBLE,INFEASIBLE,INFEASIBLE,INFEASIBLE,INFEASIBLE,INFEASIBLE,INFEASIBLE,INFEASIBLE,INFEASIBLE,INFEASIBLE,INFEASIBLE,INFEASIBLE,INFEASIBLE,INFEASIBLE,INFEASIBLE,no_trials_in_band
freeze,full,fused_sp,1.0,0.0,budget_only,count,0.1,0.15,0.1,30,30,30,30,1.0,1.0,1.0,0.854373522458629,0.02316784869976359,4.633333333333334,0.36666666666666664,0.36666666666666664,0.0,0.36666666666666664,0.06666666666666667,0.36666666666666664,0.06666666666666667,0.0,0.06666666666666667,0.06666666666666667,4.0,26.0,26.0,26.0,26.0,26.0,26.0,26.0,26.0,26.0,26.0,13.0,13.0,1.2047281323877073,0.854373522458629,0.02316784869976359,0.04121453227134665,-0.20946344442319242,0.854373522458629,0.02316784869976359,0.0,0.0,0.0,0.0,0.0,OK,
freeze,full,fused_sp,1.0,0.25,budget_only,count,0.1,0.15,0.1,30,30,30,30,1.0,1.0,1.0,0.854373522458629,0.02316784869976359,4.633333333333334,0.36666666666666664,0.36666666666666664,0.0,0.36666666666666664,0.06666666666666667,0.36666666666666664,0.06666666666666667,0.0,0.06666666666666667,0.06666666666666667,4.0,26.0,26.0,26.0,26.0,26.0,26.0,26.0,26.0,26.0,26.0,13.0,13.0,1.2354609929078015,0.8728132387706857,0.02375886524822695,0.04121453227134665,-0.2309693784952419,0.854373522458629,0.02316784869976359,0.0038461538461538464,0.0,-0.001282051282051282,0.001282051282051282,0.0,OK,
freeze,full,fused_sp,1.0,0.5,budget_only,count,0.1,0.15,0.1,30,30,30,30,1.0,1.0,1.0,0.854373522458629,0.02316784869976359,4.633333333333334,0.36666666666666664,0.36666666666666664,0.0,0.36666666666666664,0.06666666666666667,0.36666666666666664,0.06666666666666667,0.0,0.06666666666666667,0.06666666666666667,4.0,26.0,26.0,26.0,26.0,26.0,26.0,26.0,26.0,26.0,26.0,13.0,13.0,1.2293144208037827,0.8666666666666668,0.02364066193853428,0.04121453227134665,-0.1694168318958143,0.854373522458629,0.02316784869976359,0.005128205128205128,0.0,-0.002564102564102564,0.002564102564102564,0.0,OK,
freeze,full,fused_sp,1.0,0.75,budget_only,count,0.1,0.15,0.1,30,30,30,30,1.0,1.0,1.0,0.854373522458629,0.02316784869976359,4.633333333333334,0.3333333333333333,0.36666666666666664,-0.033333333333333326,0.3333333333333333,0.0,0.3333333333333333,0.0,0.0,0.0,0.0,4.0,26.0,26.0,26.0,26.0,26.0,26.0,26.0,26.0,26.0,26.0,14.0,13.0,1.204728132387707,0.8728132387706857,0.023167848699763592,0.04121453227134665,0.35354428316060876,0.854373522458629,0.02316784869976359,0.020512820512820513,0.0,-0.005128205128205128,0.005128205128205128,0.0,OK,
freeze,full,fused_sp,1.0,1.0,budget_only,count,0.1,0.15,0.1,30,30,30,30,1.0,1.0,1.0,0.854373522458629,0.02316784869976359,4.633333333333334,0.3333333333333333,0.36666666666666664,-0.033333333333333326,0.3333333333333333,0.03333333333333333,0.3333333333333333,0.03333333333333333,0.0,0.03333333333333333,0.03333333333333333,4.0,26.0,26.0,26.0,26.0,26.0,26.0,26.0,26.0,26.0,26.0,9.5,13.0,1.204728132387707,0.8851063829787235,0.02316784869976359,0.04121453227134665,1.3416905039097342,0.854373522458629,0.02316784869976359,0.025641025641025644,0.0,-0.005128205128205128,0.007692307692307693,0.0,OK,
freeze,full,fused_sp,2.0,0.0,budget_only,count,0.1,0.15,0.1,30,8,2,8,0.26666666666666666,0.06666666666666667,0.26666666666666666,1.6595744680851063,0.17375886524822692,9.0,0.5,0.5,0.0,0.5,0.125,0.5,0.125,0.0,0.125,0.125,4.0,25.0,25.0,25.0,26.0,25.0,26.0,25.0,26.0,25.0,26.0,15.0,15.0,9.035460992907801,1.6595744680851063,0.17375886524822692,0.31562720889131124,-0.04726878940720941,1.6595744680851063,0.17375886524822692,0.0,0.0,0.0,0.0,0.0,OK,
freeze,full,fused_sp,2.0,0.25,budget_only,count,0.1,0.15,0.1,30,8,2,8,0.26666666666666666,0.06666666666666667,0.26666666666666666,1.6595744680851063,0.17375886524822692,9.0,0.5,0.5,0.0,0.5,0.125,0.5,0.125,0.0,0.125,0.125,4.0,25.0,25.0,25.0,26.0,25.0,26.0,25.0,26.0,25.0,26.0,15.0,15.0,9.058510638297872,1.6595744680851063,0.17420212765957446,0.31562720889131124,-0.05774233692660244,1.6595744680851063,0.17375886524822692,0.0,0.0,0.0,0.0,0.0,OK,
freeze,full,fused_sp,2.0,0.5,budget_only,count,0.1,0.15,0.1,30,8,2,8,0.26666666666666666,0.06666666666666667,0.26666666666666666,1.6595744680851063,0.17375886524822692,9.0,0.5,0.5,0.0,0.5,0.125,0.5,0.125,0.0,0.125,0.125,4.0,25.0,25.0,25.0,26.0,25.0,26.0,25.0,26.0,25.0,26.0,15.0,15.0,9.035460992907801,1.6595744680851063,0.17375886524822692,0.31562720889131124,-0.057734356710964246,1.6595744680851063,0.17375886524822692,0.0,0.0,0.0,0.0,0.0,OK,
freeze,full,fused_sp,2.0,0.75,budget_only,count,0.1,0.15,0.1,30,8,2,8,0.26666666666666666,0.06666666666666667,0.26666666666666666,1.6595744680851063,0.17375886524822692,9.0,0.5,0.5,0.0,0.5,0.125,0.5,0.125,0.0,0.125,0.125,4.0,25.0,25.0,25.0,26.0,25.0,26.0,25.0,26.0,25.0,26.0,15.0,15.0,9.611702127659573,1.6365248226950353,0.18484042553191488,0.31562720889131124,-0.06070062248996569,1.6595744680851063,0.17375886524822692,0.0,0.08333333333333333,0.0,0.0,0.08333333333333334,OK,
freeze,full,fused_sp,2.0,1.0,budget_only,count,0.1,0.15,0.1,30,8,2,8,0.26666666666666666,0.06666666666666667,0.26666666666666666,1.6595744680851063,0.17375886524822692,9.0,0.625,0.5,0.125,0.625,0.125,0.625,0.125,0.0,0.125,0.125,4.0,23.5,25.0,23.5,26.0,25.0,26.0,23.5,26.0,23.5,26.0,18.0,15.0,9.680851063829786,1.6134751773049645,0.18617021276595747,0.31562720889131124,-0.06204862354427926,1.6595744680851063,0.17375886524822692,0.004807692307692308,0.125,0.004807692307692308,0.004807692307692308,0.125,OK,
freeze,full,fused_sp_lrt_delta,1.0,0.0,budget_only,count,0.1,0.15,0.1,30,24,24,24,0.8,0.8,0.8,0.7375886524822693,0.014184397163120567,4.0,0.0,0.0,0.0,0.0,0.0,0.0,0.0,0.0,0.0,0.0,4.0,26.0,26.0,26.0,26.0,26.0,26.0,26.0,26.0,26.0,26.0,NA,NA,0.7375886524822693,0.7375886524822693,0.014184397163120567,0.0002893078383172255,-0.08892158543220942,0.7375886524822693,0.014184397163120567,0.0,0.0,0.0,0.0,0.0,OK,
freeze,full,fused_sp_lrt_delta,1.0,0.25,budget_only,count,0.1,0.15,0.1,30,24,24,24,0.8,0.8,0.8,0.7375886524822693,0.014184397163120567,4.0,0.125,0.0,0.125,0.125,0.041666666666666664,0.125,0.041666666666666664,0.0,0.041666666666666664,0.041666666666666664,4.0,26.0,26.0,26.0,26.0,26.0,26.0,26.0,26.0,26.0,26.0,14.0,NA,0.7145390070921985,0.7145390070921985,0.01374113475177305,0.0002893078383172255,-0.08486106965969815,0.7375886524822693,0.014184397163120567,0.004807692307692308,0.0,0.004807692307692308,0.004807692307692308,0.0,OK,
freeze,full,fused_sp_lrt_delta,1.0,0.5,budget_only,count,0.1,0.15,0.1,30,24,24,24,0.8,0.8,0.8,0.7375886524822693,0.014184397163120567,4.0,0.16666666666666666,0.0,0.16666666666666666,0.16666666666666666,0.041666666666666664,0.16666666666666666,0.041666666666666664,0.0,0.041666666666666664,0.041666666666666664,4.0,26.0,26.0,26.0,26.0,26.0,26.0,26.0,26.0,26.0,26.0,12.5,NA,0.7299054373522457,0.7299054373522457,0.014036643026004728,0.0002893078383172255,-0.07902125463864289,0.7375886524822693,0.014184397163120567,0.006410256410256411,0.0,0.006410256410256411,0.006410256410256411,0.0,OK,
freeze,full,fused_sp_lrt_delta,1.0,0.75,budget_only,count,0.1,0.15,0.1,30,24,24,24,0.8,0.8,0.8,0.7375886524822693,0.014184397163120567,4.0,0.08333333333333333,0.0,0.08333333333333333,0.08333333333333333,0.041666666666666664,0.08333333333333333,0.041666666666666664,0.0,0.041666666666666664,0.041666666666666664,4.0,26.0,26.0,26.0,26.0,26.0,26.0,26.0,26.0,26.0,26.0,14.0,NA,0.6761229314420802,0.6761229314420802,0.013002364066193853,0.0002893078383172255,0.04225672609996097,0.7375886524822693,0.014184397163120567,0.0032051282051282055,0.013888888888888888,0.0032051282051282055,0.0032051282051282055,0.013888888888888888,OK,
freeze,full,fused_sp_lrt_delta,1.0,1.0,budget_only,count,0.1,0.15,0.1,30,24,24,24,0.8,0.8,0.8,0.7375886524822693,0.014184397163120567,4.0,0.20833333333333334,0.0,0.20833333333333334,0.20833333333333334,0.0,0.20833333333333334,0.0,0.0,0.0,0.0,4.0,26.0,26.0,26.0,26.0,26.0,26.0,26.0,26.0,26.0,26.0,19.0,NA,0.6761229314420802,0.6761229314420802,0.013002364066193853,0.0002893078383172255,0.27397841574634163,0.7375886524822693,0.014184397163120567,0.008012820512820514,0.05555555555555555,0.008012820512820514,0.008012820512820514,0.05555555555555555,OK,
freeze,full,fused_sp_lrt_delta,INFEASIBLE,0.0,budget_only,count,INFEASIBLE,INFEASIBLE,INFEASIBLE,INFEASIBLE,INFEASIBLE,INFEASIBLE,INFEASIBLE,INFEASIBLE,INFEASIBLE,INFEASIBLE,INFEASIBLE,INFEASIBLE,INFEASIBLE,INFEASIBLE,INFEASIBLE,INFEASIBLE,INFEASIBLE,INFEASIBLE,INFEASIBLE,INFEASIBLE,INFEASIBLE,INFEASIBLE,INFEASIBLE,,INFEASIBLE,INFEASIBLE,INFEASIBLE,INFEASIBLE,INFEASIBLE,INFEASIBLE,INFEASIBLE,INFEASIBLE,INFEASIBLE,INFEASIBLE,INFEASIBLE,INFEASIBLE,INFEASIBLE,INFEASIBLE,INFEASIBLE,INFEASIBLE,INFEASIBLE,INFEASIBLE,INFEASIBLE,INFEASIBLE,INFEASIBLE,INFEASIBLE,INFEASIBLE,INFEASIBLE,INFEASIBLE,no_trials_in_band
freeze,full,fused_sp_lrt_delta,INFEASIBLE,0.25,budget_only,count,INFEASIBLE,INFEASIBLE,INFEASIBLE,INFEASIBLE,INFEASIBLE,INFEASIBLE,INFEASIBLE,INFEASIBLE,INFEASIBLE,INFEASIBLE,INFEASIBLE,INFEASIBLE,INFEASIBLE,INFEASIBLE,INFEASIBLE,INFEASIBLE,INFEASIBLE,INFEASIBLE,INFEASIBLE,INFEASIBLE,INFEASIBLE,INFEASIBLE,INFEASIBLE,,INFEASIBLE,INFEASIBLE,INFEASIBLE,INFEASIBLE,INFEASIBLE,INFEASIBLE,INFEASIBLE,INFEASIBLE,INFEASIBLE,INFEASIBLE,INFEASIBLE,INFEASIBLE,INFEASIBLE,INFEASIBLE,INFEASIBLE,INFEASIBLE,INFEASIBLE,INFEASIBLE,INFEASIBLE,INFEASIBLE,INFEASIBLE,INFEASIBLE,INFEASIBLE,INFEASIBLE,INFEASIBLE,no_trials_in_band
freeze,full,fused_sp_lrt_delta,INFEASIBLE,0.5,budget_only,count,INFEASIBLE,INFEASIBLE,INFEASIBLE,INFEASIBLE,INFEASIBLE,INFEASIBLE,INFEASIBLE,INFEASIBLE,INFEASIBLE,INFEASIBLE,INFEASIBLE,INFEASIBLE,INFEASIBLE,INFEASIBLE,INFEASIBLE,INFEASIBLE,INFEASIBLE,INFEASIBLE,INFEASIBLE,INFEASIBLE,INFEASIBLE,INFEASIBLE,INFEASIBLE,,INFEASIBLE,INFEASIBLE,INFEASIBLE,INFEASIBLE,INFEASIBLE,INFEASIBLE,INFEASIBLE,INFEASIBLE,INFEASIBLE,INFEASIBLE,INFEASIBLE,INFEASIBLE,INFEASIBLE,INFEASIBLE,INFEASIBLE,INFEASIBLE,INFEASIBLE,INFEASIBLE,INFEASIBLE,INFEASIBLE,INFEASIBLE,INFEASIBLE,INFEASIBLE,INFEASIBLE,INFEASIBLE,no_trials_in_band
freeze,full,fused_sp_lrt_delta,INFEASIBLE,0.75,budget_only,count,INFEASIBLE,INFEASIBLE,INFEASIBLE,INFEASIBLE,INFEASIBLE,INFEASIBLE,INFEASIBLE,INFEASIBLE,INFEASIBLE,INFEASIBLE,INFEASIBLE,INFEASIBLE,INFEASIBLE,INFEASIBLE,INFEASIBLE,INFEASIBLE,INFEASIBLE,INFEASIBLE,INFEASIBLE,INFEASIBLE,INFEASIBLE,INFEASIBLE,INFEASIBLE,,INFEASIBLE,INFEASIBLE,INFEASIBLE,INFEASIBLE,INFEASIBLE,INFEASIBLE,INFEASIBLE,INFEASIBLE,INFEASIBLE,INFEASIBLE,INFEASIBLE,INFEASIBLE,INFEASIBLE,INFEASIBLE,INFEASIBLE,INFEASIBLE,INFEASIBLE,INFEASIBLE,INFEASIBLE,INFEASIBLE,INFEASIBLE,INFEASIBLE,INFEASIBLE,INFEASIBLE,INFEASIBLE,no_trials_in_band
freeze,full,fused_sp_lrt_delta,INFEASIBLE,1.0,budget_only,count,INFEASIBLE,INFEASIBLE,INFEASIBLE,INFEASIBLE,INFEASIBLE,INFEASIBLE,INFEASIBLE,INFEASIBLE,INFEASIBLE,INFEASIBLE,INFEASIBLE,INFEASIBLE,INFEASIBLE,INFEASIBLE,INFEASIBLE,INFEASIBLE,INFEASIBLE,INFEASIBLE,INFEASIBLE,INFEASIBLE,INFEASIBLE,INFEASIBLE,INFEASIBLE,,INFEASIBLE,INFEASIBLE,INFEASIBLE,INFEASIBLE,INFEASIBLE,INFEASIBLE,INFEASIBLE,INFEASIBLE,INFEASIBLE,INFEASIBLE,INFEASIBLE,INFEASIBLE,INFEASIBLE,INFEASIBLE,INFEASIBLE,INFEASIBLE,INFEASIBLE,INFEASIBLE,INFEASIBLE,INFEASIBLE,INFEASIBLE,INFEASIBLE,INFEASIBLE,INFEASIBLE,INFEASIBLE,no_trials_in_band
freeze,full,max_abs,1.0,0.0,budget_only,count,0.1,0.15,0.1,30,30,30,30,1.0,1.0,1.0,1.0141843971631204,0.03333333333333334,5.5,0.5333333333333333,0.5333333333333333,0.0,0.5666666666666667,0.23333333333333334,0.5666666666666667,0.23333333333333334,0.03333333333333333,0.2,0.2,4.0,24.5,24.5,24.5,26.0,24.5,26.0,18.0,26.0,24.5,26.0,5.5,5.5,1.7333333333333336,1.0141843971631204,0.03333333333333334,0.04666437208391654,-0.09999993797547463,1.0141843971631204,0.03333333333333334,0.0,0.0,0.0,0.0,0.0,OK,
freeze,full,max_abs,1.0,0.25,budget_only,count,0.1,0.15,0.1,30,30,30,30,1.0,1.0,1.0,1.0141843971631204,0.03333333333333334,5.5,0.4666666666666667,0.5333333333333333,-0.06666666666666665,0.5,0.23333333333333334,0.5,0.23333333333333334,0.03333333333333333,0.2,0.2,4.0,26.0,24.5,26.0,26.0,24.5,26.0,25.0,26.0,26.0,26.0,5.0,5.5,1.813238770685579,1.0695035460992908,0.03486997635933806,0.04666437208391654,-0.08333332607589858,1.0141843971631204,0.03333333333333334,0.002564102564102564,0.02222222222222222,-0.002564102564102564,0.002564102564102564,0.02222222222222222,OK,
freeze,full,max_abs,1.0,0.5,budget_only,count,0.1,0.15,0.1,30,30,30,30,1.0,1.0,1.0,1.0141843971631204,0.03333333333333334,5.5,0.23333333333333334,0.5333333333333333,-0.3,0.26666666666666666,0.1,0.26666666666666666,0.1,0.03333333333333333,0.06666666666666667,0.06666666666666667,4.0,26.0,24.5,26.0,26.0,24.5,26.0,26.0,26.0,26.0,26.0,6.0,5.5,1.7825059101654845,1.0756501182033096,0.034278959810874705,0.04666437208391654,-0.07083333501101823,1.0141843971631204,0.03333333333333334,0.020512820512820513,0.08888888888888888,-0.007692307692307693,0.015384615384615385,0.08888888888888888,OK,
freeze,full,max_abs,1.0,0.75,budget_only,count,0.1,0.15,0.1,30,30,30,30,1.0,1.0,1.0,1.0141843971631204,0.03333333333333334,5.5,0.1,0.5333333333333333,-0.43333333333333335,0.13333333333333333,0.06666666666666667,0.13333333333333333,0.06666666666666667,0.03333333333333333,0.03333333333333333,0.03333333333333333,4.0,26.0,24.5,26.0,26.0,24.5,26.0,26.0,26.0,26.0,26.0,6.0,5.5,1.825531914893617,1.0879432624113474,0.0351063829787234,0.04666437208391654,-0.031249962889320526,1.0141843971631204,0.03333333333333334,0.020512820512820513,0.08888888888888888,-0.017948717948717947,0.017948717948717947,0.08888888888888888,OK,
freeze,full,max_abs,1.0,1.0,budget_only,count,0.1,0.15,0.1,30,30,30,30,1.0,1.0,1.0,1.0141843971631204,0.03333333333333334,5.5,0.0,0.5333333333333333,-0.5333333333333333,0.03333333333333333,0.03333333333333333,0.03333333333333333,0.03333333333333333,0.03333333333333333,0.0,0.0,4.0,26.0,24.5,26.0,26.0,24.5,26.0,26.0,26.0,26.0,26.0,NA,5.5,1.8070921985815602,1.0879432624113474,0.034751773049645385,0.04666437208391654,0.016667200758689944,1.0141843971631204,0.03333333333333334,0.02179487179487179,0.08888888888888888,-0.02179487179487179,0.02179487179487179,0.08888888888888888,OK,
freeze,full,max_abs,INFEASIBLE,0.0,budget_only,count,INFEASIBLE,INFEASIBLE,INFEASIBLE,INFEASIBLE,INFEASIBLE,INFEASIBLE,INFEASIBLE,INFEASIBLE,INFEASIBLE,INFEASIBLE,INFEASIBLE,INFEASIBLE,INFEASIBLE,INFEASIBLE,INFEASIBLE,INFEASIBLE,INFEASIBLE,INFEASIBLE,INFEASIBLE,INFEASIBLE,INFEASIBLE,INFEASIBLE,INFEASIBLE,,INFEASIBLE,INFEASIBLE,INFEASIBLE,INFEASIBLE,INFEASIBLE,INFEASIBLE,INFEASIBLE,INFEASIBLE,INFEASIBLE,INFEASIBLE,INFEASIBLE,INFEASIBLE,INFEASIBLE,INFEASIBLE,INFEASIBLE,INFEASIBLE,INFEASIBLE,INFEASIBLE,INFEASIBLE,INFEASIBLE,INFEASIBLE,INFEASIBLE,INFEASIBLE,INFEASIBLE,INFEASIBLE,no_trials_in_band
freeze,full,max_abs,INFEASIBLE,0.25,budget_only,count,INFEASIBLE,INFEASIBLE,INFEASIBLE,INFEASIBLE,INFEASIBLE,INFEASIBLE,INFEASIBLE,INFEASIBLE,INFEASIBLE,INFEASIBLE,INFEASIBLE,INFEASIBLE,INFEASIBLE,INFEASIBLE,INFEASIBLE,INFEASIBLE,INFEASIBLE,INFEASIBLE,INFEASIBLE,INFEASIBLE,INFEASIBLE,INFEASIBLE,INFEASIBLE,,INFEASIBLE,INFEASIBLE,INFEASIBLE,INFEASIBLE,INFEASIBLE,INFEASIBLE,INFEASIBLE,INFEASIBLE,INFEASIBLE,INFEASIBLE,INFEASIBLE,INFEASIBLE,INFEASIBLE,INFEASIBLE,INFEASIBLE,INFEASIBLE,INFEASIBLE,INFEASIBLE,INFEASIBLE,INFEASIBLE,INFEASIBLE,INFEASIBLE,INFEASIBLE,INFEASIBLE,INFEASIBLE,no_trials_in_band
freeze,full,max_abs,INFEASIBLE,0.5,budget_only,count,INFEASIBLE,INFEASIBLE,INFEASIBLE,INFEASIBLE,INFEASIBLE,INFEASIBLE,INFEASIBLE,INFEASIBLE,INFEASIBLE,INFEASIBLE,INFEASIBLE,INFEASIBLE,INFEASIBLE,INFEASIBLE,INFEASIBLE,INFEASIBLE,INFEASIBLE,INFEASIBLE,INFEASIBLE,INFEASIBLE,INFEASIBLE,INFEASIBLE,INFEASIBLE,,INFEASIBLE,INFEASIBLE,INFEASIBLE,INFEASIBLE,INFEASIBLE,INFEASIBLE,INFEASIBLE,INFEASIBLE,INFEASIBLE,INFEASIBLE,INFEASIBLE,INFEASIBLE,INFEASIBLE,INFEASIBLE,INFEASIBLE,INFEASIBLE,INFEASIBLE,INFEASIBLE,INFEASIBLE,INFEASIBLE,INFEASIBLE,INFEASIBLE,INFEASIBLE,INFEASIBLE,INFEASIBLE,no_trials_in_band
freeze,full,max_abs,INFEASIBLE,0.75,budget_only,count,INFEASIBLE,INFEASIBLE,INFEASIBLE,INFEASIBLE,INFEASIBLE,INFEASIBLE,INFEASIBLE,INFEASIBLE,INFEASIBLE,INFEASIBLE,INFEASIBLE,INFEASIBLE,INFEASIBLE,INFEASIBLE,INFEASIBLE,INFEASIBLE,INFEASIBLE,INFEASIBLE,INFEASIBLE,INFEASIBLE,INFEASIBLE,INFEASIBLE,INFEASIBLE,,INFEASIBLE,INFEASIBLE,INFEASIBLE,INFEASIBLE,INFEASIBLE,INFEASIBLE,INFEASIBLE,INFEASIBLE,INFEASIBLE,INFEASIBLE,INFEASIBLE,INFEASIBLE,INFEASIBLE,INFEASIBLE,INFEASIBLE,INFEASIBLE,INFEASIBLE,INFEASIBLE,INFEASIBLE,INFEASIBLE,INFEASIBLE,INFEASIBLE,INFEASIBLE,INFEASIBLE,INFEASIBLE,no_trials_in_band
freeze,full,max_abs,INFEASIBLE,1.0,budget_only,count,INFEASIBLE,INFEASIBLE,INFEASIBLE,INFEASIBLE,INFEASIBLE,INFEASIBLE,INFEASIBLE,INFEASIBLE,INFEASIBLE,INFEASIBLE,INFEASIBLE,INFEASIBLE,INFEASIBLE,INFEASIBLE,INFEASIBLE,INFEASIBLE,INFEASIBLE,INFEASIBLE,INFEASIBLE,INFEASIBLE,INFEASIBLE,INFEASIBLE,INFEASIBLE,,INFEASIBLE,INFEASIBLE,INFEASIBLE,INFEASIBLE,INFEASIBLE,INFEASIBLE,INFEASIBLE,INFEASIBLE,INFEASIBLE,INFEASIBLE,INFEASIBLE,INFEASIBLE,INFEASIBLE,INFEASIBLE,INFEASIBLE,INFEASIBLE,INFEASIBLE,INFEASIBLE,INFEASIBLE,INFEASIBLE,INFEASIBLE,INFEASIBLE,INFEASIBLE,INFEASIBLE,INFEASIBLE,no_trials_in_band
freeze,full,pc_t2,1.0,0.0,budget_only,count,0.1,0.15,0.1,30,30,30,30,1.0,1.0,1.0,0.8420803782505911,0.019621749408983456,4.566666666666666,0.43333333333333335,0.43333333333333335,0.0,0.43333333333333335,0.03333333333333333,0.43333333333333335,0.03333333333333333,0.0,0.03333333333333333,0.03333333333333333,4.0,26.0,26.0,26.0,26.0,26.0,26.0,26.0,26.0,26.0,26.0,10.0,10.0,1.0203309692671394,0.8420803782505911,0.019621749408983456,0.012013798747827436,0.048048380607076197,0.8420803782505911,0.019621749408983456,0.0,0.0,0.0,0.0,0.0,OK,
freeze,full,pc_t2,1.0,0.25,budget_only,count,0.1,0.15,0.1,30,30,30,30,1.0,1.0,1.0,0.8420803782505911,0.019621749408983456,4.566666666666666,0.0,0.43333333333333335,-0.43333333333333335,0.0,0.0,0.0,0.0,0.0,0.0,0.0,4.0,26.0,26.0,26.0,26.0,26.0,26.0,26.0,26.0,26.0,26.0,NA,10.0,1.051063829787234,0.8973995271867614,0.02021276595744681,0.012013798747827436,-0.08315419222385408,0.8420803782505911,0.019621749408983456,0.017948717948717947,0.03333333333333333,-0.017948717948717947,0.017948717948717947,0.03333333333333333,OK,
freeze,full,pc_t2,1.0,0.5,budget_only,count,0.1,0.15,0.1,30,30,30,30,1.0,1.0,1.0,0.8420803782505911,0.019621749408983456,4.566666666666666,0.0,0.43333333333333335,-0.43333333333333335,0.0,0.0,0.0,0.0,0.0,0.0,0.0,4.0,26.0,26.0,26.0,26.0,26.0,26.0,26.0,26.0,26.0,26.0,NA,10.0,1.051063829787234,0.8973995271867614,0.02021276595744681,0.012013798747827436,-0.10232013164514428,0.8420803782505911,0.019621749408983456,0.017948717948717947,0.03333333333333333,-0.017948717948717947,0.017948717948717947,0.03333333333333333,OK,
freeze,full,pc_t2,1.0,0.75,budget_only,count,0.1,0.15,0.1,30,30,30,30,1.0,1.0,1.0,0.8420803782505911,0.019621749408983456,4.566666666666666,0.0,0.43333333333333335,-0.43333333333333335,0.0,0.0,0.0,0.0,0.0,0.0,0.0,4.0,26.0,26.0,26.0,26.0,26.0,26.0,26.0,26.0,26.0,26.0,NA,10.0,1.051063829787234,0.8973995271867614,0.02021276595744681,0.012013798747827436,3.0416713558737798e-05,0.8420803782505911,0.019621749408983456,0.017948717948717947,0.03333333333333333,-0.017948717948717947,0.017948717948717947,0.03333333333333333,OK,
freeze,full,pc_t2,1.0,1.0,budget_only,count,0.1,0.15,0.1,30,30,30,30,1.0,1.0,1.0,0.8420803782505911,0.019621749408983456,4.566666666666666,0.0,0.43333333333333335,-0.43333333333333335,0.0,0.0,0.0,0.0,0.0,0.0,0.0,4.0,26.0,26.0,26.0,26.0,26.0,26.0,26.0,26.0,26.0,26.0,NA,10.0,1.051063829787234,0.8973995271867614,0.02021276595744681,0.012013798747827436,0.21902766080144323,0.8420803782505911,0.019621749408983456,0.017948717948717947,0.03333333333333333,-0.017948717948717947,0.017948717948717947,0.03333333333333333,OK,
freeze,full,pc_t2,INFEASIBLE,0.0,budget_only,count,INFEASIBLE,INFEASIBLE,INFEASIBLE,INFEASIBLE,INFEASIBLE,INFEASIBLE,INFEASIBLE,INFEASIBLE,INFEASIBLE,INFEASIBLE,INFEASIBLE,INFEASIBLE,INFEASIBLE,INFEASIBLE,INFEASIBLE,INFEASIBLE,INFEASIBLE,INFEASIBLE,INFEASIBLE,INFEASIBLE,INFEASIBLE,INFEASIBLE,INFEASIBLE,,INFEASIBLE,INFEASIBLE,INFEASIBLE,INFEASIBLE,INFEASIBLE,INFEASIBLE,INFEASIBLE,INFEASIBLE,INFEASIBLE,INFEASIBLE,INFEASIBLE,INFEASIBLE,INFEASIBLE,INFEASIBLE,INFEASIBLE,INFEASIBLE,INFEASIBLE,INFEASIBLE,INFEASIBLE,INFEASIBLE,INFEASIBLE,INFEASIBLE,INFEASIBLE,INFEASIBLE,INFEASIBLE,no_trials_in_band
freeze,full,pc_t2,INFEASIBLE,0.25,budget_only,count,INFEASIBLE,INFEASIBLE,INFEASIBLE,INFEASIBLE,INFEASIBLE,INFEASIBLE,INFEASIBLE,INFEASIBLE,INFEASIBLE,INFEASIBLE,INFEASIBLE,INFEASIBLE,INFEASIBLE,INFEASIBLE,INFEASIBLE,INFEASIBLE,INFEASIBLE,INFEASIBLE,INFEASIBLE,INFEASIBLE,INFEASIBLE,INFEASIBLE,INFEASIBLE,,INFEASIBLE,INFEASIBLE,INFEASIBLE,INFEASIBLE,INFEASIBLE,INFEASIBLE,INFEASIBLE,INFEASIBLE,INFEASIBLE,INFEASIBLE,INFEASIBLE,INFEASIBLE,INFEASIBLE,INFEASIBLE,INFEASIBLE,INFEASIBLE,INFEASIBLE,INFEASIBLE,INFEASIBLE,INFEASIBLE,INFEASIBLE,INFEASIBLE,INFEASIBLE,INFEASIBLE,INFEASIBLE,no_trials_in_band
freeze,full,pc_t2,INFEASIBLE,0.5,budget_only,count,INFEASIBLE,INFEASIBLE,INFEASIBLE,INFEASIBLE,INFEASIBLE,INFEASIBLE,INFEASIBLE,INFEASIBLE,INFEASIBLE,INFEASIBLE,INFEASIBLE,INFEASIBLE,INFEASIBLE,INFEASIBLE,INFEASIBLE,INFEASIBLE,INFEASIBLE,INFEASIBLE,INFEASIBLE,INFEASIBLE,INFEASIBLE,INFEASIBLE,INFEASIBLE,,INFEASIBLE,INFEASIBLE,INFEASIBLE,INFEASIBLE,INFEASIBLE,INFEASIBLE,INFEASIBLE,INFEASIBLE,INFEASIBLE,INFEASIBLE,INFEASIBLE,INFEASIBLE,INFEASIBLE,INFEASIBLE,INFEASIBLE,INFEASIBLE,INFEASIBLE,INFEASIBLE,INFEASIBLE,INFEASIBLE,INFEASIBLE,INFEASIBLE,INFEASIBLE,INFEASIBLE,INFEASIBLE,no_trials_in_band
freeze,full,pc_t2,INFEASIBLE,0.75,budget_only,count,INFEASIBLE,INFEASIBLE,INFEASIBLE,INFEASIBLE,INFEASIBLE,INFEASIBLE,INFEASIBLE,INFEASIBLE,INFEASIBLE,INFEASIBLE,INFEASIBLE,INFEASIBLE,INFEASIBLE,INFEASIBLE,INFEASIBLE,INFEASIBLE,INFEASIBLE,INFEASIBLE,INFEASIBLE,INFEASIBLE,INFEASIBLE,INFEASIBLE,INFEASIBLE,,INFEASIBLE,INFEASIBLE,INFEASIBLE,INFEASIBLE,INFEASIBLE,INFEASIBLE,INFEASIBLE,INFEASIBLE,INFEASIBLE,INFEASIBLE,INFEASIBLE,INFEASIBLE,INFEASIBLE,INFEASIBLE,INFEASIBLE,INFEASIBLE,INFEASIBLE,INFEASIBLE,INFEASIBLE,INFEASIBLE,INFEASIBLE,INFEASIBLE,INFEASIBLE,INFEASIBLE,INFEASIBLE,no_trials_in_band
freeze,full,pc_t2,INFEASIBLE,1.0,budget_only,count,INFEASIBLE,INFEASIBLE,INFEASIBLE,INFEASIBLE,INFEASIBLE,INFEASIBLE,INFEASIBLE,INFEASIBLE,INFEASIBLE,INFEASIBLE,INFEASIBLE,INFEASIBLE,INFEASIBLE,INFEASIBLE,INFEASIBLE,INFEASIBLE,INFEASIBLE,INFEASIBLE,INFEASIBLE,INFEASIBLE,INFEASIBLE,INFEASIBLE,INFEASIBLE,,INFEASIBLE,INFEASIBLE,INFEASIBLE,INFEASIBLE,INFEASIBLE,INFEASIBLE,INFEASIBLE,INFEASIBLE,INFEASIBLE,INFEASIBLE,INFEASIBLE,INFEASIBLE,INFEASIBLE,INFEASIBLE,INFEASIBLE,INFEASIBLE,INFEASIBLE,INFEASIBLE,INFEASIBLE,INFEASIBLE,INFEASIBLE,INFEASIBLE,INFEASIBLE,INFEASIBLE,INFEASIBLE,no_trials_in_band
freeze,full,res_energy,1.0,0.0,budget_only,count,0.1,0.15,0.1,30,30,30,30,1.0,1.0,1.0,0.854373522458629,0.02316784869976359,4.633333333333334,0.36666666666666664,0.36666666666666664,0.0,0.36666666666666664,0.06666666666666667,0.36666666666666664,0.06666666666666667,0.0,0.06666666666666667,0.06666666666666667,4.0,26.0,26.0,26.0,26.0,26.0,26.0,26.0,26.0,26.0,26.0,13.0,13.0,1.2047281323877073,0.854373522458629,0.02316784869976359,0.04121453227134665,-0.005933143472956615,0.854373522458629,0.02316784869976359,0.0,0.0,0.0,0.0,0.0,OK,
freeze,full,res_energy,1.0,0.25,budget_only,count,0.1,0.15,0.1,30,30,30,30,1.0,1.0,1.0,0.854373522458629,0.02316784869976359,4.633333333333334,0.36666666666666664,0.36666666666666664,0.0,0.36666666666666664,0.06666666666666667,0.36666666666666664,0.06666666666666667,0.0,0.06666666666666667,0.06666666666666667,4.0,26.0,26.0,26.0,26.0,26.0,26.0,26.0,26.0,26.0,26.0,13.0,13.0,1.2354609929078015,0.8728132387706857,0.02375886524822695,0.04121453227134665,-0.0883663670228252,0.854373522458629,0.02316784869976359,0.0038461538461538464,0.0,-0.001282051282051282,0.001282051282051282,0.0,OK,
freeze,full,res_energy,1.0,0.5,budget_only,count,0.1,0.15,0.1,30,30,30,30,1.0,1.0,1.0,0.854373522458629,0.02316784869976359,4.633333333333334,0.36666666666666664,0.36666666666666664,0.0,0.36666666666666664,0.06666666666666667,0.36666666666666664,0.06666666666666667,0.0,0.06666666666666667,0.06666666666666667,4.0,26.0,26.0,26.0,26.0,26.0,26.0,26.0,26.0,26.0,26.0,13.0,13.0,1.2293144208037827,0.8666666666666668,0.02364066193853428,0.04121453227134665,0.020764206805769857,0.854373522458629,0.02316784869976359,0.005128205128205128,0.0,-0.002564102564102564,0.002564102564102564,0.0,OK,
freeze,full,res_energy,1.0,0.75,budget_only,count,0.1,0.15,0.1,30,30,30,30,1.0,1.0,1.0,0.854373522458629,0.02316784869976359,4.633333333333334,0.3333333333333333,0.36666666666666664,-0.033333333333333326,0.3333333333333333,0.0,0.3333333333333333,0.0,0.0,0.0,0.0,4.0,26.0,26.0,26.0,26.0,26.0,26.0,26.0,26.0,26.0,26.0,14.0,13.0,1.2293144208037827,0.8728132387706857,0.02364066193853428,0.04121453227134665,0.34252826363755734,0.854373522458629,0.02316784869976359,0.020512820512820513,0.0,-0.005128205128205128,0.005128205128205128,0.0,OK,
freeze,full,res_energy,1.0,1.0,budget_only,count,0.1,0.15,0.1,30,30,30,30,1.0,1.0,1.0,0.854373522458629,0.02316784869976359,4.633333333333334,0.3333333333333333,0.36666666666666664,-0.033333333333333326,0.3333333333333333,0.03333333333333333,0.3333333333333333,0.03333333333333333,0.0,0.03333333333333333,0.03333333333333333,4.0,26.0,26.0,26.0,26.0,26.0,26.0,26.0,26.0,26.0,26.0,9.5,13.0,1.2293144208037825,0.8851063829787235,0.023640661938534275,0.04121453227134665,0.8594053383748239,0.854373522458629,0.02316784869976359,0.025641025641025644,0.0,-0.005128205128205128,0.007692307692307693,0.0,OK,
freeze,full,res_energy,INFEASIBLE,0.0,budget_only,count,INFEASIBLE,INFEASIBLE,INFEASIBLE,INFEASIBLE,INFEASIBLE,INFEASIBLE,INFEASIBLE,INFEASIBLE,INFEASIBLE,INFEASIBLE,INFEASIBLE,INFEASIBLE,INFEASIBLE,INFEASIBLE,INFEASIBLE,INFEASIBLE,INFEASIBLE,INFEASIBLE,INFEASIBLE,INFEASIBLE,INFEASIBLE,INFEASIBLE,INFEASIBLE,,INFEASIBLE,INFEASIBLE,INFEASIBLE,INFEASIBLE,INFEASIBLE,INFEASIBLE,INFEASIBLE,INFEASIBLE,INFEASIBLE,INFEASIBLE,INFEASIBLE,INFEASIBLE,INFEASIBLE,INFEASIBLE,INFEASIBLE,INFEASIBLE,INFEASIBLE,INFEASIBLE,INFEASIBLE,INFEASIBLE,INFEASIBLE,INFEASIBLE,INFEASIBLE,INFEASIBLE,INFEASIBLE,no_trials_in_band
freeze,full,res_energy,INFEASIBLE,0.25,budget_only,count,INFEASIBLE,INFEASIBLE,INFEASIBLE,INFEASIBLE,INFEASIBLE,INFEASIBLE,INFEASIBLE,INFEASIBLE,INFEASIBLE,INFEASIBLE,INFEASIBLE,INFEASIBLE,INFEASIBLE,INFEASIBLE,INFEASIBLE,INFEASIBLE,INFEASIBLE,INFEASIBLE,INFEASIBLE,INFEASIBLE,INFEASIBLE,INFEASIBLE,INFEASIBLE,,INFEASIBLE,INFEASIBLE,INFEASIBLE,INFEASIBLE,INFEASIBLE,INFEASIBLE,INFEASIBLE,INFEASIBLE,INFEASIBLE,INFEASIBLE,INFEASIBLE,INFEASIBLE,INFEASIBLE,INFEASIBLE,INFEASIBLE,INFEASIBLE,INFEASIBLE,INFEASIBLE,INFEASIBLE,INFEASIBLE,INFEASIBLE,INFEASIBLE,INFEASIBLE,INFEASIBLE,INFEASIBLE,no_trials_in_band
freeze,full,res_energy,INFEASIBLE,0.5,budget_only,count,INFEASIBLE,INFEASIBLE,INFEASIBLE,INFEASIBLE,INFEASIBLE,INFEASIBLE,INFEASIBLE,INFEASIBLE,INFEASIBLE,INFEASIBLE,INFEASIBLE,INFEASIBLE,INFEASIBLE,INFEASIBLE,INFEASIBLE,INFEASIBLE,INFEASIBLE,INFEASIBLE,INFEASIBLE,INFEASIBLE,INFEASIBLE,INFEASIBLE,INFEASIBLE,,INFEASIBLE,INFEASIBLE,INFEASIBLE,INFEASIBLE,INFEASIBLE,INFEASIBLE,INFEASIBLE,INFEASIBLE,INFEASIBLE,INFEASIBLE,INFEASIBLE,INFEASIBLE,INFEASIBLE,INFEASIBLE,INFEASIBLE,INFEASIBLE,INFEASIBLE,INFEASIBLE,INFEASIBLE,INFEASIBLE,INFEASIBLE,INFEASIBLE,INFEASIBLE,INFEASIBLE,INFEASIBLE,no_trials_in_band
freeze,full,res_energy,INFEASIBLE,0.75,budget_only,count,INFEASIBLE,INFEASIBLE,INFEASIBLE,INFEASIBLE,INFEASIBLE,INFEASIBLE,INFEASIBLE,INFEASIBLE,INFEASIBLE,INFEASIBLE,INFEASIBLE,INFEASIBLE,INFEASIBLE,INFEASIBLE,INFEASIBLE,INFEASIBLE,INFEASIBLE,INFEASIBLE,INFEASIBLE,INFEASIBLE,INFEASIBLE,INFEASIBLE,INFEASIBLE,,INFEASIBLE,INFEASIBLE,INFEASIBLE,INFEASIBLE,INFEASIBLE,INFEASIBLE,INFEASIBLE,INFEASIBLE,INFEASIBLE,INFEASIBLE,INFEASIBLE,INFEASIBLE,INFEASIBLE,INFEASIBLE,INFEASIBLE,INFEASIBLE,INFEASIBLE,INFEASIBLE,INFEASIBLE,INFEASIBLE,INFEASIBLE,INFEASIBLE,INFEASIBLE,INFEASIBLE,INFEASIBLE,no_trials_in_band
freeze,full,res_energy,INFEASIBLE,1.0,budget_only,count,INFEASIBLE,INFEASIBLE,INFEASIBLE,INFEASIBLE,INFEASIBLE,INFEASIBLE,INFEASIBLE,INFEASIBLE,INFEASIBLE,INFEASIBLE,INFEASIBLE,INFEASIBLE,INFEASIBLE,INFEASIBLE,INFEASIBLE,INFEASIBLE,INFEASIBLE,INFEASIBLE,INFEASIBLE,INFEASIBLE,INFEASIBLE,INFEASIBLE,INFEASIBLE,,INFEASIBLE,INFEASIBLE,INFEASIBLE,INFEASIBLE,INFEASIBLE,INFEASIBLE,INFEASIBLE,INFEASIBLE,INFEASIBLE,INFEASIBLE,INFEASIBLE,INFEASIBLE,INFEASIBLE,INFEASIBLE,INFEASIBLE,INFEASIBLE,INFEASIBLE,INFEASIBLE,INFEASIBLE,INFEASIBLE,INFEASIBLE,INFEASIBLE,INFEASIBLE,INFEASIBLE,INFEASIBLE,no_trials_in_band
freeze,full,stale,1.0,0.0,budget_only,count,0.1,0.15,0.1,30,30,0,30,1.0,0.0,1.0,1.094089834515366,0.4839243498817967,5.933333333333334,0.4,0.4,0.0,0.9666666666666667,0.6,0.9666666666666667,0.6,0.5666666666666667,0.0,0.0,4.0,26.0,26.0,26.0,26.0,26.0,26.0,0.0,23.200000000000003,26.0,26.0,17.0,17.0,25.164066193853426,1.094089834515366,0.4839243498817967,1.0000000000000002e-06,0.07697804566131967,1.094089834515366,0.4839243498817967,0.0,0.0,0.0,0.0,0.0,OK,
freeze,full,stale,1.0,0.25,budget_only,count,0.1,0.15,0.1,30,30,0,30,1.0,0.0,1.0,1.094089834515366,0.4839243498817967,5.933333333333334,0.4,0.4,0.0,0.9666666666666667,0.6,0.9666666666666667,0.6,0.5666666666666667,0.0,0.0,4.0,26.0,26.0,26.0,26.0,26.0,26.0,0.0,23.200000000000003,26.0,26.0,17.0,17.0,25.164066193853426,1.094089834515366,0.4839243498817967,1.0000000000000002e-06,0.07697804566131967,1.094089834515366,0.4839243498817967,0.0,0.0,0.0,0.0,0.0,OK,
freeze,full,stale,1.0,0.5,budget_only,count,0.1,0.15,0.1,30,30,0,30,1.0,0.0,1.0,1.094089834515366,0.4839243498817967,5.933333333333334,0.4,0.4,0.0,0.9666666666666667,0.6,0.9666666666666667,0.6,0.5666666666666667,0.0,0.0,4.0,26.0,26.0,26.0,26.0,26.0,26.0,0.0,23.200000000000003,26.0,26.0,17.0,17.0,25.164066193853426,1.094089834515366,0.4839243498817967,1.0000000000000002e-06,0.07697804566131967,1.094089834515366,0.4839243498817967,0.0,0.0,0.0,0.0,0.0,OK,
freeze,full,stale,1.0,0.75,budget_only,count,0.1,0.15,0.1,30,30,0,30,1.0,0.0,1.0,1.094089834515366,0.4839243498817967,5.933333333333334,0.4,0.4,0.0,0.9666666666666667,0.6,0.9666666666666667,0.6,0.5666666666666667,0.0,0.0,4.0,26.0,26.0,26.0,26.0,26.0,26.0,0.0,23.200000000000003,26.0,26.0,17.0,17.0,25.164066193853426,1.094089834515366,0.4839243498817967,1.0000000000000002e-06,0.07697804566131967,1.094089834515366,0.4839243498817967,0.0,0.0,0.0,0.0,0.0,OK,
freeze,full,stale,1.0,1.0,budget_only,count,0.1,0.15,0.1,30,30,0,30,1.0,0.0,1.0,1.094089834515366,0.4839243498817967,5.933333333333334,0.4,0.4,0.0,0.9666666666666667,0.6,0.9666666666666667,0.6,0.5666666666666667,0.0,0.0,4.0,26.0,26.0,26.0,26.0,26.0,26.0,0.0,23.200000000000003,26.0,26.0,17.0,17.0,25.164066193853426,1.094089834515366,0.4839243498817967,1.0000000000000002e-06,0.07697804566131967,1.094089834515366,0.4839243498817967,0.0,0.0,0.0,0.0,0.0,OK,
freeze,full,stale,INFEASIBLE,0.0,budget_only,count,INFEASIBLE,INFEASIBLE,INFEASIBLE,INFEASIBLE,INFEASIBLE,INFEASIBLE,INFEASIBLE,INFEASIBLE,INFEASIBLE,INFEASIBLE,INFEASIBLE,INFEASIBLE,INFEASIBLE,INFEASIBLE,INFEASIBLE,INFEASIBLE,INFEASIBLE,INFEASIBLE,INFEASIBLE,INFEASIBLE,INFEASIBLE,INFEASIBLE,INFEASIBLE,,INFEASIBLE,INFEASIBLE,INFEASIBLE,INFEASIBLE,INFEASIBLE,INFEASIBLE,INFEASIBLE,INFEASIBLE,INFEASIBLE,INFEASIBLE,INFEASIBLE,INFEASIBLE,INFEASIBLE,INFEASIBLE,INFEASIBLE,INFEASIBLE,INFEASIBLE,INFEASIBLE,INFEASIBLE,INFEASIBLE,INFEASIBLE,INFEASIBLE,INFEASIBLE,INFEASIBLE,INFEASIBLE,no_trials_in_band
freeze,full,stale,INFEASIBLE,0.25,budget_only,count,INFEASIBLE,INFEASIBLE,INFEASIBLE,INFEASIBLE,INFEASIBLE,INFEASIBLE,INFEASIBLE,INFEASIBLE,INFEASIBLE,INFEASIBLE,INFEASIBLE,INFEASIBLE,INFEASIBLE,INFEASIBLE,INFEASIBLE,INFEASIBLE,INFEASIBLE,INFEASIBLE,INFEASIBLE,INFEASIBLE,INFEASIBLE,INFEASIBLE,INFEASIBLE,,INFEASIBLE,INFEASIBLE,INFEASIBLE,INFEASIBLE,INFEASIBLE,INFEASIBLE,INFEASIBLE,INFEASIBLE,INFEASIBLE,INFEASIBLE,INFEASIBLE,INFEASIBLE,INFEASIBLE,INFEASIBLE,INFEASIBLE,INFEASIBLE,INFEASIBLE,INFEASIBLE,INFEASIBLE,INFEASIBLE,INFEASIBLE,INFEASIBLE,INFEASIBLE,INFEASIBLE,INFEASIBLE,no_trials_in_band
freeze,full,stale,INFEASIBLE,0.5,budget_only,count,INFEASIBLE,INFEASIBLE,INFEASIBLE,INFEASIBLE,INFEASIBLE,INFEASIBLE,INFEASIBLE,INFEASIBLE,INFEASIBLE,INFEASIBLE,INFEASIBLE,INFEASIBLE,INFEASIBLE,INFEASIBLE,INFEASIBLE,INFEASIBLE,INFEASIBLE,INFEASIBLE,INFEASIBLE,INFEASIBLE,INFEASIBLE,INFEASIBLE,INFEASIBLE,,INFEASIBLE,INFEASIBLE,INFEASIBLE,INFEASIBLE,INFEASIBLE,INFEASIBLE,INFEASIBLE,INFEASIBLE,INFEASIBLE,INFEASIBLE,INFEASIBLE,INFEASIBLE,INFEASIBLE,INFEASIBLE,INFEASIBLE,INFEASIBLE,INFEASIBLE,INFEASIBLE,INFEASIBLE,INFEASIBLE,INFEASIBLE,INFEASIBLE,INFEASIBLE,INFEASIBLE,INFEASIBLE,no_trials_in_band
freeze,full,stale,INFEASIBLE,0.75,budget_only,count,INFEASIBLE,INFEASIBLE,INFEASIBLE,INFEASIBLE,INFEASIBLE,INFEASIBLE,INFEASIBLE,INFEASIBLE,INFEASIBLE,INFEASIBLE,INFEASIBLE,INFEASIBLE,INFEASIBLE,INFEASIBLE,INFEASIBLE,INFEASIBLE,INFEASIBLE,INFEASIBLE,INFEASIBLE,INFEASIBLE,INFEASIBLE,INFEASIBLE,INFEASIBLE,,INFEASIBLE,INFEASIBLE,INFEASIBLE,INFEASIBLE,INFEASIBLE,INFEASIBLE,INFEASIBLE,INFEASIBLE,INFEASIBLE,INFEASIBLE,INFEASIBLE,INFEASIBLE,INFEASIBLE,INFEASIBLE,INFEASIBLE,INFEASIBLE,INFEASIBLE,INFEASIBLE,INFEASIBLE,INFEASIBLE,INFEASIBLE,INFEASIBLE,INFEASIBLE,INFEASIBLE,INFEASIBLE,no_trials_in_band
freeze,full,stale,INFEASIBLE,1.0,budget_only,count,INFEASIBLE,INFEASIBLE,INFEASIBLE,INFEASIBLE,INFEASIBLE,INFEASIBLE,INFEASIBLE,INFEASIBLE,INFEASIBLE,INFEASIBLE,INFEASIBLE,INFEASIBLE,INFEASIBLE,INFEASIBLE,INFEASIBLE,INFEASIBLE,INFEASIBLE,INFEASIBLE,INFEASIBLE,INFEASIBLE,INFEASIBLE,INFEASIBLE,INFEASIBLE,,INFEASIBLE,INFEASIBLE,INFEASIBLE,INFEASIBLE,INFEASIBLE,INFEASIBLE,INFEASIBLE,INFEASIBLE,INFEASIBLE,INFEASIBLE,INFEASIBLE,INFEASIBLE,INFEASIBLE,INFEASIBLE,INFEASIBLE,INFEASIBLE,INFEASIBLE,INFEASIBLE,INFEASIBLE,INFEASIBLE,INFEASIBLE,INFEASIBLE,INFEASIBLE,INFEASIBLE,INFEASIBLE,no_trials_in_band
freeze,score_only,T2,1.0,0.0,budget_only,count,0.1,0.15,0.1,30,22,22,22,0.7333333333333333,0.7333333333333333,0.7333333333333333,0.7375886524822696,0.01418439716312057,4.0,0.0,0.0,0.0,0.0,0.0,0.0,0.0,0.0,0.0,0.0,4.0,26.0,26.0,26.0,26.0,26.0,26.0,26.0,26.0,26.0,26.0,NA,NA,0.7375886524822696,0.7375886524822696,0.01418439716312057,0.004920851967110119,-0.07507633051027668,0.7375886524822696,0.01418439716312057,0.0,0.0,0.0,0.0,0.0,OK,
freeze,score_only,T2,1.0,0.25,budget_only,count,0.1,0.15,0.1,30,22,22,22,0.7333333333333333,0.7333333333333333,0.7333333333333333,0.7375886524822696,0.01418439716312057,4.0,0.0,0.0,0.0,0.0,0.0,0.0,0.0,0.0,0.0,0.0,4.0,26.0,26.0,26.0,26.0,26.0,26.0,26.0,26.0,26.0,26.0,NA,NA,0.7375886524822696,0.7375886524822696,0.01418439716312057,0.004920851967110119,-0.20121406631993535,0.7375886524822696,0.01418439716312057,0.0,0.0,0.0,0.0,0.0,OK,
freeze,score_only,T2,1.0,0.5,budget_only,count,0.1,0.15,0.1,30,22,22,22,0.7333333333333333,0.7333333333333333,0.7333333333333333,0.7375886524822696,0.01418439716312057,4.0,0.0,0.0,0.0,0.0,0.0,0.0,0.0,0.0,0.0,0.0,4.0,26.0,26.0,26.0,26.0,26.0,26.0,26.0,26.0,26.0,26.0,NA,NA,0.7375886524822696,0.7375886524822696,0.01418439716312057,0.004920851967110119,-0.2179063837554269,0.7375886524822696,0.01418439716312057,0.0,0.0,0.0,0.0,0.0,OK,
freeze,score_only,T2,1.0,0.75,budget_only,count,0.1,0.15,0.1,30,22,22,22,0.7333333333333333,0.7333333333333333,0.7333333333333333,0.7375886524822696,0.01418439716312057,4.0,0.0,0.0,0.0,0.0,0.0,0.0,0.0,0.0,0.0,0.0,4.0,26.0,26.0,26.0,26.0,26.0,26.0,26.0,26.0,26.0,26.0,NA,NA,0.7459703417150224,0.7459703417150224,0.014345583494519669,0.004920851967110119,-0.10181948297976814,0.7375886524822696,0.01418439716312057,0.0,0.0,0.0,0.0,0.0,OK,
freeze,score_only,T2,1.0,1.0,budget_only,count,0.1,0.15,0.1,30,22,22,22,0.7333333333333333,0.7333333333333333,0.7333333333333333,0.7375886524822696,0.01418439716312057,4.0,0.0,0.0,0.0,0.0,0.0,0.0,0.0,0.0,0.0,0.0,4.0,26.0,26.0,26.0,26.0,26.0,26.0,26.0,26.0,26.0,26.0,NA,NA,0.7459703417150224,0.7459703417150224,0.014345583494519669,0.004920851967110119,0.16102816145126742,0.7375886524822696,0.01418439716312057,0.0,0.0,0.0,0.0,0.0,OK,
freeze,score_only,T2,INFEASIBLE,0.0,budget_only,count,INFEASIBLE,INFEASIBLE,INFEASIBLE,INFEASIBLE,INFEASIBLE,INFEASIBLE,INFEASIBLE,INFEASIBLE,INFEASIBLE,INFEASIBLE,INFEASIBLE,INFEASIBLE,INFEASIBLE,INFEASIBLE,INFEASIBLE,INFEASIBLE,INFEASIBLE,INFEASIBLE,INFEASIBLE,INFEASIBLE,INFEASIBLE,INFEASIBLE,INFEASIBLE,,INFEASIBLE,INFEASIBLE,INFEASIBLE,INFEASIBLE,INFEASIBLE,INFEASIBLE,INFEASIBLE,INFEASIBLE,INFEASIBLE,INFEASIBLE,INFEASIBLE,INFEASIBLE,INFEASIBLE,INFEASIBLE,INFEASIBLE,INFEASIBLE,INFEASIBLE,INFEASIBLE,INFEASIBLE,INFEASIBLE,INFEASIBLE,INFEASIBLE,INFEASIBLE,INFEASIBLE,INFEASIBLE,no_trials_in_band
freeze,score_only,T2,INFEASIBLE,0.25,budget_only,count,INFEASIBLE,INFEASIBLE,INFEASIBLE,INFEASIBLE,INFEASIBLE,INFEASIBLE,INFEASIBLE,INFEASIBLE,INFEASIBLE,INFEASIBLE,INFEASIBLE,INFEASIBLE,INFEASIBLE,INFEASIBLE,INFEASIBLE,INFEASIBLE,INFEASIBLE,INFEASIBLE,INFEASIBLE,INFEASIBLE,INFEASIBLE,INFEASIBLE,INFEASIBLE,,INFEASIBLE,INFEASIBLE,INFEASIBLE,INFEASIBLE,INFEASIBLE,INFEASIBLE,INFEASIBLE,INFEASIBLE,INFEASIBLE,INFEASIBLE,INFEASIBLE,INFEASIBLE,INFEASIBLE,INFEASIBLE,INFEASIBLE,INFEASIBLE,INFEASIBLE,INFEASIBLE,INFEASIBLE,INFEASIBLE,INFEASIBLE,INFEASIBLE,INFEASIBLE,INFEASIBLE,INFEASIBLE,no_trials_in_band
freeze,score_only,T2,INFEASIBLE,0.5,budget_only,count,INFEASIBLE,INFEASIBLE,INFEASIBLE,INFEASIBLE,INFEASIBLE,INFEASIBLE,INFEASIBLE,INFEASIBLE,INFEASIBLE,INFEASIBLE,INFEASIBLE,INFEASIBLE,INFEASIBLE,INFEASIBLE,INFEASIBLE,INFEASIBLE,INFEASIBLE,INFEASIBLE,INFEASIBLE,INFEASIBLE,INFEASIBLE,INFEASIBLE,INFEASIBLE,,INFEASIBLE,INFEASIBLE,INFEASIBLE,INFEASIBLE,INFEASIBLE,INFEASIBLE,INFEASIBLE,INFEASIBLE,INFEASIBLE,INFEASIBLE,INFEASIBLE,INFEASIBLE,INFEASIBLE,INFEASIBLE,INFEASIBLE,INFEASIBLE,INFEASIBLE,INFEASIBLE,INFEASIBLE,INFEASIBLE,INFEASIBLE,INFEASIBLE,INFEASIBLE,INFEASIBLE,INFEASIBLE,no_trials_in_band
freeze,score_only,T2,INFEASIBLE,0.75,budget_only,count,INFEASIBLE,INFEASIBLE,INFEASIBLE,INFEASIBLE,INFEASIBLE,INFEASIBLE,INFEASIBLE,INFEASIBLE,INFEASIBLE,INFEASIBLE,INFEASIBLE,INFEASIBLE,INFEASIBLE,INFEASIBLE,INFEASIBLE,INFEASIBLE,INFEASIBLE,INFEASIBLE,INFEASIBLE,INFEASIBLE,INFEASIBLE,INFEASIBLE,INFEASIBLE,,INFEASIBLE,INFEASIBLE,INFEASIBLE,INFEASIBLE,INFEASIBLE,INFEASIBLE,INFEASIBLE,INFEASIBLE,INFEASIBLE,INFEASIBLE,INFEASIBLE,INFEASIBLE,INFEASIBLE,INFEASIBLE,INFEASIBLE,INFEASIBLE,INFEASIBLE,INFEASIBLE,INFEASIBLE,INFEASIBLE,INFEASIBLE,INFEASIBLE,INFEASIBLE,INFEASIBLE,INFEASIBLE,no_trials_in_band
freeze,score_only,T2,INFEASIBLE,1.0,budget_only,count,INFEASIBLE,INFEASIBLE,INFEASIBLE,INFEASIBLE,INFEASIBLE,INFEASIBLE,INFEASIBLE,INFEASIBLE,INFEASIBLE,INFEASIBLE,INFEASIBLE,INFEASIBLE,INFEASIBLE,INFEASIBLE,INFEASIBLE,INFEASIBLE,INFEASIBLE,INFEASIBLE,INFEASIBLE,INFEASIBLE,INFEASIBLE,INFEASIBLE,INFEASIBLE,,INFEASIBLE,INFEASIBLE,INFEASIBLE,INFEASIBLE,INFEASIBLE,INFEASIBLE,INFEASIBLE,INFEASIBLE,INFEASIBLE,INFEASIBLE,INFEASIBLE,INFEASIBLE,INFEASIBLE,INFEASIBLE,INFEASIBLE,INFEASIBLE,INFEASIBLE,INFEASIBLE,INFEASIBLE,INFEASIBLE,INFEASIBLE,INFEASIBLE,INFEASIBLE,INFEASIBLE,INFEASIBLE,no_trials_in_band
freeze,score_only,coh_resid_energy,1.0,0.0,budget_only,count,0.1,0.15,0.1,30,22,22,22,0.7333333333333333,0.7333333333333333,0.7333333333333333,1.1063829787234039,0.021276595744680844,6.0,1.0,1.0,0.0,1.0,0.3181818181818182,1.0,0.3181818181818182,0.0,0.0,0.0,4.0,7.5,7.5,7.5,24.800000000000004,7.5,24.800000000000004,7.5,24.800000000000004,7.5,24.800000000000004,7.5,7.5,1.1063829787234039,1.1063829787234039,0.021276595744680844,0.01756510775974823,0.08091717827302003,1.1063829787234039,0.021276595744680844,0.0,0.0,0.0,0.0,0.0,OK,
freeze,score_only,coh_resid_energy,1.0,0.25,budget_only,count,0.1,0.15,0.1,30,22,22,22,0.7333333333333333,0.7333333333333333,0.7333333333333333,1.1063829787234039,0.021276595744680844,6.0,0.3181818181818182,1.0,-0.6818181818181819,0.3181818181818182,0.09090909090909091,0.3181818181818182,0.09090909090909091,0.0,0.0,0.0,4.0,26.0,7.5,26.0,26.0,7.5,24.800000000000004,26.0,26.0,26.0,26.0,5.0,7.5,1.1399097356544161,1.1399097356544161,0.021921341070277236,0.01756510775974823,-0.09196611419388848,1.1063829787234039,0.021276595744680844,0.02622377622377622,0.0303030303030303,-0.02622377622377622,0.02622377622377622,0.0303030303030303,OK,
freeze,score_only,coh_resid_energy,1.0,0.5,budget_only,count,0.1,0.15,0.1,30,22,22,22,0.7333333333333333,0.7333333333333333,0.7333333333333333,1.1063829787234039,0.021276595744680844,6.0,0.045454545454545456,1.0,-0.9545454545454546,0.045454545454545456,0.045454545454545456,0.045454545454545456,0.045454545454545456,0.0,0.0,0.0,4.0,26.0,7.5,26.0,26.0,7.5,24.800000000000004,26.0,26.0,26.0,26.0,3.0,7.5,1.1650548033526753,1.1482914248871692,0.022404900064474525,0.01756510775974823,-0.11446354067955622,1.1063829787234039,0.021276595744680844,0.03671328671328671,0.07575757575757575,-0.03671328671328671,0.03671328671328671,0.07575757575757575,OK,
freeze,score_only,coh_resid_energy,1.0,0.75,budget_only,count,0.1,0.15,0.1,30,22,22,22,0.7333333333333333,0.7333333333333333,0.7333333333333333,1.1063829787234039,0.021276595744680844,6.0,0.045454545454545456,1.0,-0.9545454545454546,0.045454545454545456,0.045454545454545456,0.045454545454545456,0.045454545454545456,0.0,0.0,0.0,4.0,26.0,7.5,26.0,26.0,7.5,24.800000000000004,26.0,26.0,26.0,26.0,3.0,7.5,1.1650548033526753,1.1482914248871692,0.022404900064474525,0.01756510775974823,0.0024929815519629246,1.1063829787234039,0.021276595744680844,0.03671328671328671,0.07575757575757575,-0.03671328671328671,0.03671328671328671,0.07575757575757575,OK,
freeze,score_only,coh_resid_energy,1.0,1.0,budget_only,count,0.1,0.15,0.1,30,22,22,22,0.7333333333333333,0.7333333333333333,0.7333333333333333,1.1063829787234039,0.021276595744680844,6.0,0.045454545454545456,1.0,-0.9545454545454546,0.045454545454545456,0.0,0.045454545454545456,0.0,0.0,0.0,0.0,4.0,26.0,7.5,26.0,26.0,7.5,24.800000000000004,26.0,26.0,26.0,26.0,7.0,7.5,1.1650548033526753,1.1482914248871692,0.022404900064474525,0.01756510775974823,0.3304630163679428,1.1063829787234039,0.021276595744680844,0.0402097902097902,0.09090909090909091,-0.03671328671328671,0.03671328671328671,0.09090909090909091,OK,
freeze,score_only,coh_resid_energy,INFEASIBLE,0.0,budget_only,count,INFEASIBLE,INFEASIBLE,INFEASIBLE,INFEASIBLE,INFEASIBLE,INFEASIBLE,INFEASIBLE,INFEASIBLE,INFEASIBLE,INFEASIBLE,INFEASIBLE,INFEASIBLE,INFEASIBLE,INFEASIBLE,INFEASIBLE,INFEASIBLE,INFEASIBLE,INFEASIBLE,INFEASIBLE,INFEASIBLE,INFEASIBLE,INFEASIBLE,INFEASIBLE,,INFEASIBLE,INFEASIBLE,INFEASIBLE,INFEASIBLE,INFEASIBLE,INFEASIBLE,INFEASIBLE,INFEASIBLE,INFEASIBLE,INFEASIBLE,INFEASIBLE,INFEASIBLE,INFEASIBLE,INFEASIBLE,INFEASIBLE,INFEASIBLE,INFEASIBLE,INFEASIBLE,INFEASIBLE,INFEASIBLE,INFEASIBLE,INFEASIBLE,INFEASIBLE,INFEASIBLE,INFEASIBLE,no_trials_in_band
freeze,score_only,coh_resid_energy,INFEASIBLE,0.25,budget_only,count,INFEASIBLE,INFEASIBLE,INFEASIBLE,INFEASIBLE,INFEASIBLE,INFEASIBLE,INFEASIBLE,INFEASIBLE,INFEASIBLE,INFEASIBLE,INFEASIBLE,INFEASIBLE,INFEASIBLE,INFEASIBLE,INFEASIBLE,INFEASIBLE,INFEASIBLE,INFEASIBLE,INFEASIBLE,INFEASIBLE,INFEASIBLE,INFEASIBLE,INFEASIBLE,,INFEASIBLE,INFEASIBLE,INFEASIBLE,INFEASIBLE,INFEASIBLE,INFEASIBLE,INFEASIBLE,INFEASIBLE,INFEASIBLE,INFEASIBLE,INFEASIBLE,INFEASIBLE,INFEASIBLE,INFEASIBLE,INFEASIBLE,INFEASIBLE,INFEASIBLE,INFEASIBLE,INFEASIBLE,INFEASIBLE,INFEASIBLE,INFEASIBLE,INFEASIBLE,INFEASIBLE,INFEASIBLE,no_trials_in_band
freeze,score_only,coh_resid_energy,INFEASIBLE,0.5,budget_only,count,INFEASIBLE,INFEASIBLE,INFEASIBLE,INFEASIBLE,INFEASIBLE,INFEASIBLE,INFEASIBLE,INFEASIBLE,INFEASIBLE,INFEASIBLE,INFEASIBLE,INFEASIBLE,INFEASIBLE,INFEASIBLE,INFEASIBLE,INFEASIBLE,INFEASIBLE,INFEASIBLE,INFEASIBLE,INFEASIBLE,INFEASIBLE,INFEASIBLE,INFEASIBLE,,INFEASIBLE,INFEASIBLE,INFEASIBLE,INFEASIBLE,INFEASIBLE,INFEASIBLE,INFEASIBLE,INFEASIBLE,INFEASIBLE,INFEASIBLE,INFEASIBLE,INFEASIBLE,INFEASIBLE,INFEASIBLE,INFEASIBLE,INFEASIBLE,INFEASIBLE,INFEASIBLE,INFEASIBLE,INFEASIBLE,INFEASIBLE,INFEASIBLE,INFEASIBLE,INFEASIBLE,INFEASIBLE,no_trials_in_band
freeze,score_only,coh_resid_energy,INFEASIBLE,0.75,budget_only,count,INFEASIBLE,INFEASIBLE,INFEASIBLE,INFEASIBLE,INFEASIBLE,INFEASIBLE,INFEASIBLE,INFEASIBLE,INFEASIBLE,INFEASIBLE,INFEASIBLE,INFEASIBLE,INFEASIBLE,INFEASIBLE,INFEASIBLE,INFEASIBLE,INFEASIBLE,INFEASIBLE,INFEASIBLE,INFEASIBLE,INFEASIBLE,INFEASIBLE,INFEASIBLE,,INFEASIBLE,INFEASIBLE,INFEASIBLE,INFEASIBLE,INFEASIBLE,INFEASIBLE,INFEASIBLE,INFEASIBLE,INFEASIBLE,INFEASIBLE,INFEASIBLE,INFEASIBLE,INFEASIBLE,INFEASIBLE,INFEASIBLE,INFEASIBLE,INFEASIBLE,INFEASIBLE,INFEASIBLE,INFEASIBLE,INFEASIBLE,INFEASIBLE,INFEASIBLE,INFEASIBLE,INFEASIBLE,no_trials_in_band
freeze,score_only,coh_resid_energy,INFEASIBLE,1.0,budget_only,count,INFEASIBLE,INFEASIBLE,INFEASIBLE,INFEASIBLE,INFEASIBLE,INFEASIBLE,INFEASIBLE,INFEASIBLE,INFEASIBLE,INFEASIBLE,INFEASIBLE,INFEASIBLE,INFEASIBLE,INFEASIBLE,INFEASIBLE,INFEASIBLE,INFEASIBLE,INFEASIBLE,INFEASIBLE,INFEASIBLE,INFEASIBLE,INFEASIBLE,INFEASIBLE,,INFEASIBLE,INFEASIBLE,INFEASIBLE,INFEASIBLE,INFEASIBLE,INFEASIBLE,INFEASIBLE,INFEASIBLE,INFEASIBLE,INFEASIBLE,INFEASIBLE,INFEASIBLE,INFEASIBLE,INFEASIBLE,INFEASIBLE,INFEASIBLE,INFEASIBLE,INFEASIBLE,INFEASIBLE,INFEASIBLE,INFEASIBLE,INFEASIBLE,INFEASIBLE,INFEASIBLE,INFEASIBLE,no_trials_in_band
freeze,score_only,coh_resid_t2,1.0,0.0,budget_only,count,0.1,0.15,0.1,30,22,22,22,0.7333333333333333,0.7333333333333333,0.7333333333333333,0.7375886524822696,0.01418439716312057,4.0,0.0,0.0,0.0,0.0,0.0,0.0,0.0,0.0,0.0,0.0,4.0,26.0,26.0,26.0,26.0,26.0,26.0,26.0,26.0,26.0,26.0,NA,NA,0.7375886524822696,0.7375886524822696,0.01418439716312057,0.002423094073622638,-0.05067003616890868,0.7375886524822696,0.01418439716312057,0.0,0.0,0.0,0.0,0.0,OK,
freeze,score_only,coh_resid_t2,1.0,0.25,budget_only,count,0.1,0.15,0.1,30,22,22,22,0.7333333333333333,0.7333333333333333,0.7333333333333333,0.7375886524822696,0.01418439716312057,4.0,0.0,0.0,0.0,0.0,0.0,0.0,0.0,0.0,0.0,0.0,4.0,26.0,26.0,26.0,26.0,26.0,26.0,26.0,26.0,26.0,26.0,NA,NA,0.7375886524822696,0.7375886524822696,0.01418439716312057,0.002423094073622638,-0.141664519226027,0.7375886524822696,0.01418439716312057,0.0,0.0,0.0,0.0,0.0,OK,
freeze,score_only,coh_resid_t2,1.0,0.5,budget_only,count,0.1,0.15,0.1,30,22,22,22,0.7333333333333333,0.7333333333333333,0.7333333333333333,0.7375886524822696,0.01418439716312057,4.0,0.0,0.0,0.0,0.0,0.0,0.0,0.0,0.0,0.0,0.0,4.0,26.0,26.0,26.0,26.0,26.0,26.0,26.0,26.0,26.0,26.0,NA,NA,0.7375886524822696,0.7375886524822696,0.01418439716312057,0.002423094073622638,-0.13102528199156593,0.7375886524822696,0.01418439716312057,0.0,0.0,0.0,0.0,0.0,OK,
freeze,score_only,coh_resid_t2,1.0,0.75,budget_only,count,0.1,0.15,0.1,30,22,22,22,0.7333333333333333,0.7333333333333333,0.7333333333333333,0.7375886524822696,0.01418439716312057,4.0,0.0,0.0,0.0,0.0,0.0,0.0,0.0,0.0,0.0,0.0,4.0,26.0,26.0,26.0,26.0,26.0,26.0,26.0,26.0,26.0,26.0,NA,NA,0.7375886524822696,0.7375886524822696,0.01418439716312057,0.002423094073622638,0.0048172440113798875,0.7375886524822696,0.01418439716312057,0.0,0.0,0.0,0.0,0.0,OK,
freeze,score_only,coh_resid_t2,1.0,1.0,budget_only,count,0.1,0.15,0.1,30,22,22,22,0.7333333333333333,0.7333333333333333,0.7333333333333333,0.7375886524822696,0.01418439716312057,4.0,0.0,0.0,0.0,0.0,0.0,0.0,0.0,0.0,0.0,0.0,4.0,26.0,26.0,26.0,26.0,26.0,26.0,26.0,26.0,26.0,26.0,NA,NA,0.7375886524822696,0.7375886524822696,0.01418439716312057,0.002423094073622638,0.2575995313267852,0.7375886524822696,0.01418439716312057,0.0,0.0,0.0,0.0,0.0,OK,
freeze,score_only,coh_resid_t2,2.0,0.0,budget_only,count,0.1,0.15,0.1,30,30,30,30,1.0,1.0,1.0,1.6964539007092199,0.048581560283687944,9.2,0.8333333333333334,0.8333333333333334,0.0,0.9,0.23333333333333334,0.9,0.23333333333333334,0.06666666666666667,0.23333333333333334,0.23333333333333334,4.0,14.5,14.5,14.5,26.0,14.5,26.0,12.0,25.1,14.5,26.0,11.0,11.0,2.526241134751773,1.6964539007092199,0.048581560283687944,0.21912518799484845,0.03309631306876047,1.6964539007092199,0.048581560283687944,0.0,0.0,0.0,0.0,0.0,OK,
freeze,score_only,coh_resid_t2,2.0,0.25,budget_only,count,0.1,0.15,0.1,30,30,30,30,1.0,1.0,1.0,1.6964539007092199,0.048581560283687944,9.2,0.8666666666666667,0.8333333333333334,0.033333333333333326,0.8666666666666667,0.1,0.8666666666666667,0.1,0.0,0.1,0.1,4.0,15.5,14.5,15.5,26.0,14.5,26.0,15.5,26.0,15.5,26.0,13.0,11.0,2.6184397163120563,1.6595744680851063,0.050354609929078024,0.21912518799484845,-0.08341439486584937,1.6964539007092199,0.048581560283687944,0.03461538461538462,0.07777777777777778,-0.008974358974358975,0.011538461538461537,0.05555555555555556,OK,
freeze,score_only,coh_resid_t2,2.0,0.5,budget_only,count,0.1,0.15,0.1,30,30,30,30,1.0,1.0,1.0,1.6964539007092199,0.048581560283687944,9.2,0.6,0.8333333333333334,-0.2333333333333334,0.6,0.0,0.6,0.0,0.0,0.0,0.0,4.0,23.0,14.5,23.0,26.0,14.5,26.0,23.0,26.0,23.0,26.0,18.0,11.0,2.6061465721040182,1.6595744680851063,0.05011820330969268,0.21912518799484845,-0.0856695229481299,1.6964539007092199,0.048581560283687944,0.06410256410256411,0.12222222222222222,-0.02307692307692308,0.028205128205128206,0.10000000000000002,OK,
freeze,score_only,coh_resid_t2,2.0,0.75,budget_only,count,0.1,0.15,0.1,30,30,30,30,1.0,1.0,1.0,1.6964539007092199,0.048581560283687944,9.2,0.3333333333333333,0.8333333333333334,-0.5,0.3333333333333333,0.0,0.3333333333333333,0.0,0.0,0.0,0.0,4.0,26.0,14.5,26.0,26.0,14.5,26.0,26.0,26.0,26.0,26.0,20.0,11.0,2.7966903073286047,1.6780141843971628,0.05378250591016549,0.21912518799484845,0.058148425301428795,1.6964539007092199,0.048581560283687944,0.05512820512820514,0.22222222222222224,-0.03717948717948718,0.03974358974358975,0.2,OK,
freeze,score_only,coh_resid_t2,2.0,1.0,budget_only,count,0.1,0.15,0.1,30,30,30,30,1.0,1.0,1.0,1.6964539007092199,0.048581560283687944,9.2,0.26666666666666666,0.8333333333333334,-0.5666666666666667,0.3333333333333333,0.06666666666666667,0.3333333333333333,0.06666666666666667,0.06666666666666667,0.06666666666666667,0.06666666666666667,4.0,26.0,14.5,26.0,26.0,14.5,26.0,26.0,26.0,26.0,26.0,11.5,11.0,2.587706855791962,1.665721040189125,0.04976359338061466,0.21912518799484845,0.3618951759239935,1.6964539007092199,0.048581560283687944,0.06282051282051283,0.1888888888888889,-0.019230769230769232,0.044871794871794886,0.16666666666666666,OK,
freeze,score_only,cusum_coh_resid_t2,1.0,0.0,budget_only,count,0.1,0.15,0.1,30,17,17,17,0.5666666666666667,0.5666666666666667,0.5666666666666667,0.9762202753441803,0.020442219440967878,5.294117647058823,0.7647058823529411,0.7647058823529411,0.0,0.7647058823529411,0.058823529411764705,0.7647058823529411,0.058823529411764705,0.0,0.058823529411764705,0.058823529411764705,4.0,14.0,14.0,14.0,26.0,14.0,26.0,14.0,26.0,14.0,26.0,9.0,9.0,1.0629954109303297,0.9762202753441803,0.020442219440967878,NA,0.02040062000579963,0.9762202753441803,0.020442219440967878,0.0,0.0,0.0,0.0,0.0,OK,
freeze,score_only,cusum_coh_resid_t2,1.0,0.25,budget_only,count,0.1,0.15,0.1,30,17,17,17,0.5666666666666667,0.5666666666666667,0.5666666666666667,0.9762202753441803,0.020442219440967878,5.294117647058823,0.47058823529411764,0.7647058823529411,-0.2941176470588235,0.47058823529411764,0.058823529411764705,0.47058823529411764,0.058823529411764705,0.0,0.058823529411764705,0.058823529411764705,4.0,26.0,14.0,26.0,26.0,14.0,26.0,26.0,26.0,26.0,26.0,14.0,9.0,1.052148518982061,0.9653733833959116,0.020233625365039636,NA,-0.09594751453595979,0.9762202753441803,0.020442219440967878,0.027149321266968326,0.0196078431372549,-0.013574660633484163,0.013574660633484163,-0.0196078431372549,OK,
freeze,score_only,cusum_coh_resid_t2,1.0,0.5,budget_only,count,0.1,0.15,0.1,30,17,17,17,0.5666666666666667,0.5666666666666667,0.5666666666666667,0.9762202753441803,0.020442219440967878,5.294117647058823,0.0,0.7647058823529411,-0.7647058823529411,0.0,0.0,0.0,0.0,0.0,0.0,0.0,4.0,26.0,14.0,26.0,26.0,14.0,26.0,26.0,26.0,26.0,26.0,NA,9.0,1.052148518982061,0.9979140592407176,0.020233625365039636,NA,-0.14419433768054177,0.9762202753441803,0.020442219440967878,0.03167420814479638,0.0392156862745098,-0.03167420814479638,0.03167420814479638,0.0,OK,
freeze,score_only,cusum_coh_resid_t2,1.0,0.75,budget_only,count,0.1,0.15,0.1,30,17,17,17,0.5666666666666667,0.5666666666666667,0.5666666666666667,0.9762202753441803,0.020442219440967878,5.294117647058823,0.058823529411764705,0.7647058823529411,-0.7058823529411764,0.058823529411764705,0.058823529411764705,0.058823529411764705,0.058823529411764705,0.0,0.058823529411764705,0.058823529411764705,4.0,26.0,14.0,26.0,26.0,14.0,26.0,26.0,26.0,26.0,26.0,3.0,9.0,1.052148518982061,0.9979140592407176,0.020233625365039636,NA,-0.07933308228531312,0.9762202753441803,0.020442219440967878,0.03393665158371041,0.0392156862745098,-0.029411764705882353,0.029411764705882353,0.0,OK,
freeze,score_only,cusum_coh_resid_t2,1.0,1.0,budget_only,count,0.1,0.15,0.1,30,17,17,17,0.5666666666666667,0.5666666666666667,0.5666666666666667,0.9762202753441803,0.020442219440967878,5.294117647058823,0.11764705882352941,0.7647058823529411,-0.6470588235294117,0.11764705882352941,0.058823529411764705,0.11764705882352941,0.058823529411764705,0.0,0.058823529411764705,0.058823529411764705,4.0,26.0,14.0,26.0,26.0,14.0,26.0,26.0,26.0,26.0,26.0,4.5,9.0,1.0413016270337923,0.9870671672924489,0.02002503128911139,NA,0.10285545548167607,0.9762202753441803,0.020442219440967878,0.03167420814479638,0.0392156862745098,-0.027149321266968326,0.027149321266968326,0.0,OK,
freeze,score_only,cusum_coh_resid_t2,2.0,0.0,budget_only,count,0.1,0.15,0.1,30,19,19,19,0.6333333333333333,0.6333333333333333,0.6333333333333333,1.6692795819335575,0.0759611795446062,9.052631578947368,0.8947368421052632,0.8947368421052632,0.0,0.8947368421052632,0.3157894736842105,0.8947368421052632,0.3157894736842105,0.0,0.3157894736842105,0.3157894736842105,4.0,12.0,12.0,12.0,25.2,12.0,25.2,12.0,25.2,12.0,25.2,10.0,10.0,3.9499813363195213,1.6692795819335575,0.0759611795446062,NA,0.07277048028466677,1.6692795819335575,0.0759611795446062,0.0,0.0,0.0,0.0,0.0,OK,
freeze,score_only,cusum_coh_resid_t2,2.0,0.25,budget_only,count,0.1,0.15,0.1,30,19,19,19,0.6333333333333333,0.6333333333333333,0.6333333333333333,1.6692795819335575,0.0759611795446062,9.052631578947368,0.8947368421052632,0.8947368421052632,0.0,0.8947368421052632,0.3157894736842105,0.8947368421052632,0.3157894736842105,0.0,0.3157894736842105,0.3157894736842105,4.0,12.0,12.0,12.0,25.2,12.0,25.2,12.0,25.2,12.0,25.2,10.0,10.0,3.940276222471071,1.6595744680851066,0.0757745427398283,NA,-0.06423039806667924,1.6692795819335575,0.0759611795446062,0.022267206477732795,0.0,-0.018218623481781375,0.018218623481781375,0.0,OK,
freeze,score_only,cusum_coh_resid_t2,2.0,0.5,budget_only,count,0.1,0.15,0.1,30,19,19,19,0.6333333333333333,0.6333333333333333,0.6333333333333333,1.6692795819335575,0.0759611795446062,9.052631578947368,0.7894736842105263,0.8947368421052632,-0.10526315789473684,0.7894736842105263,0.15789473684210525,0.7894736842105263,0.15789473684210525,0.0,0.15789473684210525,0.15789473684210525,4.0,14.0,12.0,14.0,26.0,12.0,25.2,14.0,26.0,14.0,26.0,12.0,10.0,3.93057110862262,1.6498693542366558,0.0755879059350504,NA,-0.084510130137598,1.6692795819335575,0.0759611795446062,0.04655870445344129,0.03508771929824561,-0.034412955465587036,0.034412955465587036,0.0,OK,
freeze,score_only,cusum_coh_resid_t2,2.0,0.75,budget_only,count,0.1,0.15,0.1,30,19,19,19,0.6333333333333333,0.6333333333333333,0.6333333333333333,1.6692795819335575,0.0759611795446062,9.052631578947368,0.47368421052631576,0.8947368421052632,-0.4210526315789474,0.47368421052631576,0.10526315789473684,0.47368421052631576,0.10526315789473684,0.0,0.10526315789473684,0.10526315789473684,4.0,26.0,12.0,26.0,26.0,12.0,25.2,26.0,26.0,26.0,26.0,9.0,10.0,3.746173945502052,1.6692795819335573,0.07204180664427025,NA,0.045581066864855885,1.6692795819335575,0.0759611795446062,0.12348178137651825,0.08771929824561403,0.006072874493927116,0.10728744939271255,0.08771929824561403,OK,
freeze,score_only,cusum_coh_resid_t2,2.0,1.0,budget_only,count,0.1,0.15,0.1,30,19,19,19,0.6333333333333333,0.6333333333333333,0.6333333333333333,1.6692795819335575,0.0759611795446062,9.052631578947368,0.5789473684210527,0.8947368421052632,-0.3157894736842105,0.5789473684210527,0.15789473684210525,0.5789473684210527,0.15789473684210525,0.0,0.15789473684210525,0.15789473684210525,4.0,16.0,12.0,16.0,26.0,12.0,25.2,16.0,26.0,16.0,26.0,7.0,10.0,4.163493840985442,1.6498693542366556,0.08006718924972005,NA,0.3491088248651661,1.6692795819335575,0.0759611795446062,0.3157894736842105,0.21052631578947367,0.25506072874493924,0.3076923076923077,0.10526315789473684,OK,
freeze,score_only,cusum_factor_cov_lrt,1.0,0.0,budget_only,count,0.1,0.15,0.1,30,18,18,18,0.6,0.6,0.6,0.8707643814026792,0.017336485421591802,4.722222222222222,0.6666666666666666,0.6666666666666666,0.0,0.6666666666666666,0.3333333333333333,0.6666666666666666,0.3333333333333333,0.0,0.2777777777777778,0.2777777777777778,4.0,16.5,16.5,16.5,26.0,16.5,26.0,16.5,26.0,16.5,26.0,6.0,6.0,0.9014972419227738,0.8707643814026792,0.017336485421591802,NA,0.08424623586955904,0.8707643814026792,0.017336485421591802,0.0,0.0,0.0,0.0,0.0,OK,
freeze,score_only,cusum_factor_cov_lrt,1.0,0.25,budget_only,count,0.1,0.15,0.1,30,18,18,18,0.6,0.6,0.6,0.8707643814026792,0.017336485421591802,4.722222222222222,0.7222222222222222,0.6666666666666666,0.05555555555555558,0.7222222222222222,0.2777777777777778,0.7222222222222222,0.2777777777777778,0.0,0.2222222222222222,0.2222222222222222,4.0,17.0,16.5,17.0,26.0,16.5,26.0,17.0,26.0,17.0,26.0,5.0,6.0,0.9117415287628052,0.8810086682427108,0.017533490937746254,NA,0.08213770823657057,0.8707643814026792,0.017336485421591802,0.027777777777777776,0.018518518518518517,0.002136752136752137,0.006410256410256411,0.018518518518518517,OK,
freeze,score_only,cusum_factor_cov_lrt,1.0,0.5,budget_only,count,0.1,0.15,0.1,30,18,18,18,0.6,0.6,0.6,0.8707643814026792,0.017336485421591802,4.722222222222222,0.8333333333333334,0.6666666666666666,0.16666666666666674,0.8333333333333334,0.2777777777777778,0.8333333333333334,0.2777777777777778,0.0,0.2222222222222222,0.2222222222222222,4.0,14.0,16.5,14.0,26.0,16.5,26.0,14.0,26.0,14.0,26.0,14.0,6.0,0.8912529550827423,0.8605200945626477,0.01713947990543735,NA,0.05162139909110191,0.8707643814026792,0.017336485421591802,0.03632478632478633,0.018518518518518517,0.006410256410256411,0.010683760683760684,0.018518518518518517,OK,
freeze,score_only,cusum_factor_cov_lrt,1.0,0.75,budget_only,count,0.1,0.15,0.1,30,18,18,18,0.6,0.6,0.6,0.8707643814026792,0.017336485421591802,4.722222222222222,0.8333333333333334,0.6666666666666666,0.16666666666666674,0.8333333333333334,0.4444444444444444,0.8333333333333334,0.4444444444444444,0.0,0.3333333333333333,0.3333333333333333,4.0,11.0,16.5,11.0,26.0,16.5,26.0,11.0,26.0,11.0,26.0,4.0,6.0,0.9014972419227738,0.8707643814026792,0.017336485421591802,NA,0.2920233239077795,0.8707643814026792,0.017336485421591802,0.032051282051282055,0.0,0.006410256410256411,0.006410256410256411,0.0,OK,
freeze,score_only,cusum_factor_cov_lrt,1.0,1.0,budget_only,count,0.1,0.15,0.1,30,18,18,18,0.6,0.6,0.6,0.8707643814026792,0.017336485421591802,4.722222222222222,1.0,0.6666666666666666,0.33333333333333337,1.0,0.6111111111111112,1.0,0.6111111111111112,0.0,0.5,0.5,4.0,4.0,16.5,4.0,5.300000000000001,16.5,26.0,4.0,5.300000000000001,4.0,5.300000000000001,4.0,6.0,0.9424743892828997,0.8912529550827423,0.018124507486209612,NA,1.357015614974734,0.8707643814026792,0.017336485421591802,0.2393162393162393,0.09259259259259259,0.20512820512820515,0.20512820512820515,0.09259259259259259,OK,
freeze,score_only,cusum_factor_cov_lrt,2.0,0.0,budget_only,count,0.1,0.15,0.1,30,20,20,20,0.6666666666666666,0.6666666666666666,0.6666666666666666,1.6780141843971634,0.06063829787234043,9.1,0.75,0.75,0.0,0.8,0.2,0.8,0.2,0.05,0.2,0.2,4.0,17.0,17.0,17.0,26.0,17.0,26.0,15.0,26.0,17.0,26.0,11.0,11.0,3.153191489361702,1.6780141843971634,0.06063829787234043,NA,-0.03919793630972798,1.6780141843971634,0.06063829787234043,0.0,0.0,0.0,0.0,0.0,OK,
freeze,score_only,cusum_factor_cov_lrt,2.0,0.25,budget_only,count,0.1,0.15,0.1,30,20,20,20,0.6666666666666666,0.6666666666666666,0.6666666666666666,1.6780141843971634,0.06063829787234043,9.1,0.85,0.75,0.09999999999999998,0.9,0.15,0.9,0.15,0.05,0.15,0.15,4.0,12.0,17.0,12.0,26.0,17.0,26.0,10.0,24.200000000000003,12.0,26.0,9.0,11.0,3.2914893617021272,1.6687943262411349,0.06329787234042554,NA,0.04160062785956905,1.6780141843971634,0.06063829787234043,0.06923076923076923,0.016666666666666666,0.03461538461538462,0.03461538461538462,0.016666666666666666,OK,
freeze,score_only,cusum_factor_cov_lrt,2.0,0.5,budget_only,count,0.1,0.15,0.1,30,20,20,20,0.6666666666666666,0.6666666666666666,0.6666666666666666,1.6780141843971634,0.06063829787234043,9.1,0.8,0.75,0.050000000000000044,0.85,0.2,0.85,0.2,0.05,0.2,0.2,4.0,14.0,17.0,14.0,26.0,17.0,26.0,12.0,26.0,14.0,26.0,10.0,11.0,3.3744680851063826,1.678014184397163,0.0648936170212766,NA,-0.0954401923161706,1.6780141843971634,0.06063829787234043,0.06730769230769232,0.016666666666666666,0.01730769230769231,0.032692307692307694,0.016666666666666666,OK,
freeze,score_only,cusum_factor_cov_lrt,2.0,0.75,budget_only,count,0.1,0.15,0.1,30,20,20,20,0.6666666666666666,0.6666666666666666,0.6666666666666666,1.6780141843971634,0.06063829787234043,9.1,0.85,0.75,0.09999999999999998,0.9,0.2,0.9,0.2,0.05,0.2,0.2,4.0,11.5,17.0,11.5,26.0,17.0,26.0,9.5,23.300000000000004,11.5,26.0,9.0,11.0,3.3283687943262406,1.6595744680851066,0.06400709219858157,NA,0.09864045165273538,1.6780141843971634,0.06063829787234043,0.07115384615384616,0.0,0.03653846153846154,0.04807692307692308,0.0,OK,
freeze,score_only,cusum_factor_cov_lrt,2.0,1.0,budget_only,count,0.1,0.15,0.1,30,20,20,20,0.6666666666666666,0.6666666666666666,0.6666666666666666,1.6780141843971634,0.06063829787234043,9.1,0.95,0.75,0.19999999999999996,1.0,0.25,1.0,0.25,0.05,0.25,0.25,4.0,11.0,17.0,11.0,22.1,17.0,26.0,9.0,22.0,11.0,22.1,9.0,11.0,3.402127659574468,1.7148936170212763,0.06542553191489361,NA,1.243975740159121,1.6780141843971634,0.06063829787234043,0.4384615384615384,0.21666666666666665,0.43461538461538457,0.43461538461538457,0.21666666666666665,OK,
freeze,score_only,ewma_coh_resid_t2,1.0,0.0,budget_only,count,0.1,0.15,0.1,30,22,22,22,0.7333333333333333,0.7333333333333333,0.7333333333333333,0.7375886524822696,0.024822695035460987,4.0,0.0,0.0,0.0,0.0,0.0,0.0,0.0,0.0,0.0,0.0,4.0,26.0,26.0,26.0,26.0,26.0,26.0,26.0,26.0,26.0,26.0,NA,NA,1.2907801418439713,0.7375886524822696,0.024822695035460987,0.004920851967110119,-0.15654946271586204,0.7375886524822696,0.024822695035460987,0.0,0.0,0.0,0.0,0.0,OK,
freeze,score_only,ewma_coh_resid_t2,1.0,0.25,budget_only,count,0.1,0.15,0.1,30,22,22,22,0.7333333333333333,0.7333333333333333,0.7333333333333333,0.7375886524822696,0.024822695035460987,4.0,0.0,0.0,0.0,0.0,0.0,0.0,0.0,0.0,0.0,0.0,4.0,26.0,26.0,26.0,26.0,26.0,26.0,26.0,26.0,26.0,26.0,NA,NA,1.2991618310767246,0.7627337201805287,0.024983881366860087,0.004920851967110119,-0.3919746954019621,0.7375886524822696,0.024822695035460987,0.0,0.01515151515151515,0.0,0.0,-0.01515151515151515,OK,
freeze,score_only,ewma_coh_resid_t2,1.0,0.5,budget_only,count,0.1,0.15,0.1,30,22,22,22,0.7333333333333333,0.7333333333333333,0.7333333333333333,0.7375886524822696,0.024822695035460987,4.0,0.0,0.0,0.0,0.0,0.0,0.0,0.0,0.0,0.0,0.0,4.0,26.0,26.0,26.0,26.0,26.0,26.0,26.0,26.0,26.0,26.0,NA,NA,1.3243068987749835,0.7627337201805287,0.025467440361057383,0.004920851967110119,-0.4350772830955502,0.7375886524822696,0.024822695035460987,0.0,0.01515151515151515,0.0,0.0,-0.01515151515151515,OK,
freeze,score_only,ewma_coh_resid_t2,1.0,0.75,budget_only,count,0.1,0.15,0.1,30,22,22,22,0.7333333333333333,0.7333333333333333,0.7333333333333333,0.7375886524822696,0.024822695035460987,4.0,0.0,0.0,0.0,0.0,0.0,0.0,0.0,0.0,0.0,0.0,4.0,26.0,26.0,26.0,26.0,26.0,26.0,26.0,26.0,26.0,26.0,NA,NA,1.3075435203094776,0.7543520309477756,0.02514506769825919,0.004920851967110119,-0.2795847704667831,0.7375886524822696,0.024822695035460987,0.0,0.01515151515151515,0.0,0.0,-0.01515151515151515,OK,
freeze,score_only,ewma_coh_resid_t2,1.0,1.0,budget_only,count,0.1,0.15,0.1,30,22,22,22,0.7333333333333333,0.7333333333333333,0.7333333333333333,0.7375886524822696,0.024822695035460987,4.0,0.0,0.0,0.0,0.0,0.0,0.0,0.0,0.0,0.0,0.0,4.0,26.0,26.0,26.0,26.0,26.0,26.0,26.0,26.0,26.0,26.0,NA,NA,1.2823984526112184,0.7711154094132818,0.024661508704061894,0.004920851967110119,0.06890813530462549,0.7375886524822696,0.024822695035460987,0.0,0.01515151515151515,0.0,0.0,-0.01515151515151515,OK,
freeze,score_only,ewma_coh_resid_t2,INFEASIBLE,0.0,budget_only,count,INFEASIBLE,INFEASIBLE,INFEASIBLE,INFEASIBLE,INFEASIBLE,INFEASIBLE,INFEASIBLE,INFEASIBLE,INFEASIBLE,INFEASIBLE,INFEASIBLE,INFEASIBLE,INFEASIBLE,INFEASIBLE,INFEASIBLE,INFEASIBLE,INFEASIBLE,INFEASIBLE,INFEASIBLE,INFEASIBLE,INFEASIBLE,INFEASIBLE,INFEASIBLE,,INFEASIBLE,INFEASIBLE,INFEASIBLE,INFEASIBLE,INFEASIBLE,INFEASIBLE,INFEASIBLE,INFEASIBLE,INFEASIBLE,INFEASIBLE,INFEASIBLE,INFEASIBLE,INFEASIBLE,INFEASIBLE,INFEASIBLE,INFEASIBLE,INFEASIBLE,INFEASIBLE,INFEASIBLE,INFEASIBLE,INFEASIBLE,INFEASIBLE,INFEASIBLE,INFEASIBLE,INFEASIBLE,no_trials_in_band
freeze,score_only,ewma_coh_resid_t2,INFEASIBLE,0.25,budget_only,count,INFEASIBLE,INFEASIBLE,INFEASIBLE,INFEASIBLE,INFEASIBLE,INFEASIBLE,INFEASIBLE,INFEASIBLE,INFEASIBLE,INFEASIBLE,INFEASIBLE,INFEASIBLE,INFEASIBLE,INFEASIBLE,INFEASIBLE,INFEASIBLE,INFEASIBLE,INFEASIBLE,INFEASIBLE,INFEASIBLE,INFEASIBLE,INFEASIBLE,INFEASIBLE,,INFEASIBLE,INFEASIBLE,INFEASIBLE,INFEASIBLE,INFEASIBLE,INFEASIBLE,INFEASIBLE,INFEASIBLE,INFEASIBLE,INFEASIBLE,INFEASIBLE,INFEASIBLE,INFEASIBLE,INFEASIBLE,INFEASIBLE,INFEASIBLE,INFEASIBLE,INFEASIBLE,INFEASIBLE,INFEASIBLE,INFEASIBLE,INFEASIBLE,INFEASIBLE,INFEASIBLE,INFEASIBLE,no_trials_in_band
freeze,score_only,ewma_coh_resid_t2,INFEASIBLE,0.5,budget_only,count,INFEASIBLE,INFEASIBLE,INFEASIBLE,INFEASIBLE,INFEASIBLE,INFEASIBLE,INFEASIBLE,INFEASIBLE,INFEASIBLE,INFEASIBLE,INFEASIBLE,INFEASIBLE,INFEASIBLE,INFEASIBLE,INFEASIBLE,INFEASIBLE,INFEASIBLE,INFEASIBLE,INFEASIBLE,INFEASIBLE,INFEASIBLE,INFEASIBLE,INFEASIBLE,,INFEASIBLE,INFEASIBLE,INFEASIBLE,INFEASIBLE,INFEASIBLE,INFEASIBLE,INFEASIBLE,INFEASIBLE,INFEASIBLE,INFEASIBLE,INFEASIBLE,INFEASIBLE,INFEASIBLE,INFEASIBLE,INFEASIBLE,INFEASIBLE,INFEASIBLE,INFEASIBLE,INFEASIBLE,INFEASIBLE,INFEASIBLE,INFEASIBLE,INFEASIBLE,INFEASIBLE,INFEASIBLE,no_trials_in_band
freeze,score_only,ewma_coh_resid_t2,INFEASIBLE,0.75,budget_only,count,INFEASIBLE,INFEASIBLE,INFEASIBLE,INFEASIBLE,INFEASIBLE,INFEASIBLE,INFEASIBLE,INFEASIBLE,INFEASIBLE,INFEASIBLE,INFEASIBLE,INFEASIBLE,INFEASIBLE,INFEASIBLE,INFEASIBLE,INFEASIBLE,INFEASIBLE,INFEASIBLE,INFEASIBLE,INFEASIBLE,INFEASIBLE,INFEASIBLE,INFEASIBLE,,INFEASIBLE,INFEASIBLE,INFEASIBLE,INFEASIBLE,INFEASIBLE,INFEASIBLE,INFEASIBLE,INFEASIBLE,INFEASIBLE,INFEASIBLE,INFEASIBLE,INFEASIBLE,INFEASIBLE,INFEASIBLE,INFEASIBLE,INFEASIBLE,INFEASIBLE,INFEASIBLE,INFEASIBLE,INFEASIBLE,INFEASIBLE,INFEASIBLE,INFEASIBLE,INFEASIBLE,INFEASIBLE,no_trials_in_band
freeze,score_only,ewma_coh_resid_t2,INFEASIBLE,1.0,budget_only,count,INFEASIBLE,INFEASIBLE,INFEASIBLE,INFEASIBLE,INFEASIBLE,INFEASIBLE,INFEASIBLE,INFEASIBLE,INFEASIBLE,INFEASIBLE,INFEASIBLE,INFEASIBLE,INFEASIBLE,INFEASIBLE,INFEASIBLE,INFEASIBLE,INFEASIBLE,INFEASIBLE,INFEASIBLE,INFEASIBLE,INFEASIBLE,INFEASIBLE,INFEASIBLE,,INFEASIBLE,INFEASIBLE,INFEASIBLE,INFEASIBLE,INFEASIBLE,INFEASIBLE,INFEASIBLE,INFEASIBLE,INFEASIBLE,INFEASIBLE,INFEASIBLE,INFEASIBLE,INFEASIBLE,INFEASIBLE,INFEASIBLE,INFEASIBLE,INFEASIBLE,INFEASIBLE,INFEASIBLE,INFEASIBLE,INFEASIBLE,INFEASIBLE,INFEASIBLE,INFEASIBLE,INFEASIBLE,no_trials_in_band
freeze,score_only,ewma_factor_cov_lrt,1.0,0.0,budget_only,count,0.1,0.15,0.1,30,30,30,30,1.0,1.0,1.0,1.0264775413711584,0.0355791962174941,5.566666666666666,0.43333333333333335,0.43333333333333335,0.0,0.43333333333333335,0.1,0.43333333333333335,0.1,0.0,0.1,0.1,4.0,26.0,26.0,26.0,26.0,26.0,26.0,26.0,26.0,26.0,26.0,10.0,10.0,1.8501182033096926,1.0264775413711584,0.0355791962174941,0.17105694144590058,0.18146645499813369,1.0264775413711584,0.0355791962174941,0.0,0.0,0.0,0.0,0.0,OK,
freeze,score_only,ewma_factor_cov_lrt,1.0,0.25,budget_only,count,0.1,0.15,0.1,30,30,30,30,1.0,1.0,1.0,1.0264775413711584,0.0355791962174941,5.566666666666666,0.6,0.43333333333333335,0.16666666666666663,0.6333333333333333,0.06666666666666667,0.6333333333333333,0.06666666666666667,0.03333333333333333,0.03333333333333333,0.03333333333333333,4.0,21.0,26.0,21.0,26.0,26.0,26.0,18.5,26.0,21.0,26.0,9.5,10.0,1.9423167848699765,1.038770685579196,0.037352245862884166,0.17105694144590058,0.17918194634566528,1.0264775413711584,0.0355791962174941,0.07435897435897436,0.02222222222222222,0.012820512820512824,0.04102564102564103,-0.02222222222222222,OK,
freeze,score_only,ewma_factor_cov_lrt,1.0,0.5,budget_only,count,0.1,0.15,0.1,30,30,30,30,1.0,1.0,1.0,1.0264775413711584,0.0355791962174941,5.566666666666666,0.6,0.43333333333333335,0.16666666666666663,0.6,0.06666666666666667,0.6,0.06666666666666667,0.0,0.06666666666666667,0.06666666666666667,4.0,17.0,26.0,17.0,26.0,26.0,26.0,17.0,26.0,17.0,26.0,10.0,10.0,1.9361702127659575,1.038770685579196,0.03723404255319149,0.17105694144590058,0.06721854115606973,1.0264775413711584,0.0355791962174941,0.05512820512820513,0.05555555555555555,0.00641025641025641,0.03461538461538462,0.011111111111111112,OK,
freeze,score_only,ewma_factor_cov_lrt,1.0,0.75,budget_only,count,0.1,0.15,0.1,30,30,30,30,1.0,1.0,1.0,1.0264775413711584,0.0355791962174941,5.566666666666666,0.6333333333333333,0.43333333333333335,0.19999999999999996,0.6333333333333333,0.1,0.6333333333333333,0.1,0.0,0.1,0.1,4.0,22.5,26.0,22.5,26.0,26.0,26.0,22.5,26.0,22.5,26.0,11.0,10.0,1.9054373522458625,1.0018912529550827,0.03664302600472813,0.17105694144590058,0.19986847459633802,1.0264775413711584,0.0355791962174941,0.07179487179487179,0.03333333333333333,0.023076923076923075,0.0358974358974359,0.011111111111111115,OK,
freeze,score_only,ewma_factor_cov_lrt,1.0,1.0,budget_only,count,0.1,0.15,0.1,30,30,30,30,1.0,1.0,1.0,1.0264775413711584,0.0355791962174941,5.566666666666666,0.9,0.43333333333333335,0.4666666666666667,0.9333333333333333,0.43333333333333335,0.9333333333333333,0.43333333333333335,0.03333333333333333,0.26666666666666666,0.26666666666666666,4.0,5.0,26.0,5.0,25.1,26.0,26.0,5.0,24.1,5.0,25.1,5.0,10.0,1.684160756501182,0.8973995271867613,0.03238770685579197,0.17105694144590058,5.342896359055828,1.0264775413711584,0.0355791962174941,0.5782051282051283,0.2111111111111111,0.5602564102564103,0.5705128205128206,0.14444444444444443,OK,
freeze,score_only,ewma_factor_cov_lrt,2.0,0.0,budget_only,count,0.1,0.15,0.1,30,10,10,10,0.3333333333333333,0.3333333333333333,0.3333333333333333,1.6595744680851063,0.1102836879432624,9.0,0.1,0.1,0.0,0.4,0.3,0.4,0.3,0.3,0.3,0.3,4.0,26.0,26.0,26.0,26.0,26.0,26.0,26.0,26.0,26.0,26.0,24.0,24.0,5.734751773049645,1.6595744680851063,0.1102836879432624,0.9800000000000001,0.08535227769716833,1.6595744680851063,0.1102836879432624,0.0,0.0,0.0,0.0,0.0,OK,
freeze,score_only,ewma_factor_cov_lrt,2.0,0.25,budget_only,count,0.1,0.15,0.1,30,10,10,10,0.3333333333333333,0.3333333333333333,0.3333333333333333,1.6595744680851063,0.1102836879432624,9.0,0.1,0.1,0.0,0.3,0.2,0.3,0.2,0.2,0.2,0.2,4.0,26.0,26.0,26.0,26.0,26.0,26.0,26.0,26.0,26.0,26.0,24.0,24.0,5.550354609929078,1.6042553191489362,0.10673758865248226,0.9800000000000001,0.04766391805018191,1.6595744680851063,0.1102836879432624,0.019230769230769232,0.06666666666666667,0.0038461538461538464,0.019230769230769232,0.0,OK,
freeze,score_only,ewma_factor_cov_lrt,2.0,0.5,budget_only,count,0.1,0.15,0.1,30,10,10,10,0.3333333333333333,0.3333333333333333,0.3333333333333333,1.6595744680851063,0.1102836879432624,9.0,0.1,0.1,0.0,0.4,0.3,0.4,0.3,0.3,0.3,0.3,4.0,26.0,26.0,26.0,26.0,26.0,26.0,26.0,26.0,26.0,26.0,25.0,24.0,5.882269503546098,1.6042553191489362,0.11312056737588652,0.9800000000000001,0.027946539893703437,1.6595744680851063,0.1102836879432624,0.007692307692307693,0.03333333333333333,-0.007692307692307693,0.007692307692307693,0.03333333333333334,OK,
freeze,score_only,ewma_factor_cov_lrt,2.0,0.75,budget_only,count,0.1,0.15,0.1,30,10,10,10,0.3333333333333333,0.3333333333333333,0.3333333333333333,1.6595744680851063,0.1102836879432624,9.0,0.1,0.1,0.0,0.3,0.2,0.3,0.2,0.2,0.2,0.2,4.0,26.0,26.0,26.0,26.0,26.0,26.0,26.0,26.0,26.0,26.0,25.0,24.0,5.587234042553192,1.6042553191489362,0.1074468085106383,0.9800000000000001,0.2462923455706733,1.6595744680851063,0.1102836879432624,0.019230769230769232,0.16666666666666666,-0.011538461538461539,0.019230769230769232,-0.033333333333333326,OK,
freeze,score_only,ewma_factor_cov_lrt,2.0,1.0,budget_only,count,0.1,0.15,0.1,30,10,10,10,0.3333333333333333,0.3333333333333333,0.3333333333333333,1.6595744680851063,0.1102836879432624,9.0,0.5,0.1,0.4,0.8,0.3,0.8,0.3,0.3,0.3,0.3,4.0,25.0,26.0,25.0,26.0,26.0,26.0,21.0,26.0,25.0,26.0,21.0,24.0,5.36595744680851,1.5673758865248228,0.10319148936170212,0.9800000000000001,5.331780889145837,1.6595744680851063,0.1102836879432624,0.21538461538461542,0.13333333333333333,0.20769230769230768,0.21538461538461542,0.13333333333333336,OK,
freeze,score_only,factor_cov_change,1.0,0.0,budget_only,count,0.1,0.15,0.1,30,30,30,30,1.0,1.0,1.0,1.0018912529550825,0.1062647754137116,5.433333333333334,0.6333333333333333,0.6333333333333333,0.0,0.6666666666666666,0.16666666666666666,0.6666666666666666,0.16666666666666666,0.03333333333333333,0.13333333333333333,0.13333333333333333,4.0,19.0,19.0,19.0,26.0,19.0,26.0,15.5,26.0,19.0,26.0,9.0,9.0,5.525768321513003,1.0018912529550825,0.1062647754137116,0.021649033754470793,-0.054176751249704135,1.0018912529550825,0.1062647754137116,0.0,0.0,0.0,0.0,0.0,OK,
freeze,score_only,factor_cov_change,1.0,0.25,budget_only,count,0.1,0.15,0.1,30,30,30,30,1.0,1.0,1.0,1.0018912529550825,0.1062647754137116,5.433333333333334,0.16666666666666666,0.6333333333333333,-0.4666666666666667,0.2,0.06666666666666667,0.2,0.06666666666666667,0.03333333333333333,0.03333333333333333,0.03333333333333333,4.0,26.0,19.0,26.0,26.0,19.0,26.0,26.0,26.0,26.0,26.0,18.0,9.0,5.734751773049646,1.0141843971631204,0.11028368794326243,0.021649033754470793,-0.45748584652350954,1.0018912529550825,0.1062647754137116,0.08205128205128204,0.07777777777777777,-0.030769230769230767,0.06666666666666667,0.05555555555555555,OK,
freeze,score_only,factor_cov_change,1.0,0.5,budget_only,count,0.1,0.15,0.1,30,30,30,30,1.0,1.0,1.0,1.0018912529550825,0.1062647754137116,5.433333333333334,0.16666666666666666,0.6333333333333333,-0.4666666666666667,0.2,0.06666666666666667,0.2,0.06666666666666667,0.03333333333333333,0.03333333333333333,0.03333333333333333,4.0,26.0,19.0,26.0,26.0,19.0,26.0,26.0,26.0,26.0,26.0,18.0,9.0,5.814657210401891,1.0141843971631204,0.11182033096926716,0.021649033754470793,-0.7761341706730995,1.0018912529550825,0.1062647754137116,0.09358974358974358,0.08888888888888889,-0.044871794871794865,0.07820512820512819,0.06666666666666667,OK,
freeze,score_only,factor_cov_change,1.0,0.75,budget_only,count,0.1,0.15,0.1,30,30,30,30,1.0,1.0,1.0,1.0018912529550825,0.1062647754137116,5.433333333333334,0.16666666666666666,0.6333333333333333,-0.4666666666666667,0.2,0.06666666666666667,0.2,0.06666666666666667,0.03333333333333333,0.03333333333333333,0.03333333333333333,4.0,26.0,19.0,26.0,26.0,19.0,26.0,26.0,26.0,26.0,26.0,18.0,9.0,5.814657210401891,1.0141843971631204,0.11182033096926716,0.021649033754470793,-0.9923977729611511,1.0018912529550825,0.1062647754137116,0.0923076923076923,0.08888888888888889,-0.04615384615384615,0.07692307692307691,0.06666666666666667,OK,
freeze,score_only,factor_cov_change,1.0,1.0,budget_only,count,0.1,0.15,0.1,30,30,30,30,1.0,1.0,1.0,1.0018912529550825,0.1062647754137116,5.433333333333334,0.03333333333333333,0.6333333333333333,-0.6,0.06666666666666667,0.06666666666666667,0.06666666666666667,0.06666666666666667,0.03333333333333333,0.03333333333333333,0.03333333333333333,4.0,26.0,19.0,26.0,26.0,19.0,26.0,26.0,26.0,26.0,26.0,0.0,9.0,5.783924349881796,1.0203309692671392,0.11122931442080382,0.021649033754470793,-1.064222100337427,1.0018912529550825,0.1062647754137116,0.07179487179487179,0.11111111111111112,-0.07179487179487179,0.07179487179487179,0.08888888888888888,OK,
freeze,score_only,factor_cov_change,INFEASIBLE,0.0,budget_only,count,INFEASIBLE,INFEASIBLE,INFEASIBLE,INFEASIBLE,INFEASIBLE,INFEASIBLE,INFEASIBLE,INFEASIBLE,INFEASIBLE,INFEASIBLE,INFEASIBLE,INFEASIBLE,INFEASIBLE,INFEASIBLE,INFEASIBLE,INFEASIBLE,INFEASIBLE,INFEASIBLE,INFEASIBLE,INFEASIBLE,INFEASIBLE,INFEASIBLE,INFEASIBLE,,INFEASIBLE,INFEASIBLE,INFEASIBLE,INFEASIBLE,INFEASIBLE,INFEASIBLE,INFEASIBLE,INFEASIBLE,INFEASIBLE,INFEASIBLE,INFEASIBLE,INFEASIBLE,INFEASIBLE,INFEASIBLE,INFEASIBLE,INFEASIBLE,INFEASIBLE,INFEASIBLE,INFEASIBLE,INFEASIBLE,INFEASIBLE,INFEASIBLE,INFEASIBLE,INFEASIBLE,INFEASIBLE,no_trials_in_band
freeze,score_only,factor_cov_change,INFEASIBLE,0.25,budget_only,count,INFEASIBLE,INFEASIBLE,INFEASIBLE,INFEASIBLE,INFEASIBLE,INFEASIBLE,INFEASIBLE,INFEASIBLE,INFEASIBLE,INFEASIBLE,INFEASIBLE,INFEASIBLE,INFEASIBLE,INFEASIBLE,INFEASIBLE,INFEASIBLE,INFEASIBLE,INFEASIBLE,INFEASIBLE,INFEASIBLE,INFEASIBLE,INFEASIBLE,INFEASIBLE,,INFEASIBLE,INFEASIBLE,INFEASIBLE,INFEASIBLE,INFEASIBLE,INFEASIBLE,INFEASIBLE,INFEASIBLE,INFEASIBLE,INFEASIBLE,INFEASIBLE,INFEASIBLE,INFEASIBLE,INFEASIBLE,INFEASIBLE,INFEASIBLE,INFEASIBLE,INFEASIBLE,INFEASIBLE,INFEASIBLE,INFEASIBLE,INFEASIBLE,INFEASIBLE,INFEASIBLE,INFEASIBLE,no_trials_in_band
freeze,score_only,factor_cov_change,INFEASIBLE,0.5,budget_only,count,INFEASIBLE,INFEASIBLE,INFEASIBLE,INFEASIBLE,INFEASIBLE,INFEASIBLE,INFEASIBLE,INFEASIBLE,INFEASIBLE,INFEASIBLE,INFEASIBLE,INFEASIBLE,INFEASIBLE,INFEASIBLE,INFEASIBLE,INFEASIBLE,INFEASIBLE,INFEASIBLE,INFEASIBLE,INFEASIBLE,INFEASIBLE,INFEASIBLE,INFEASIBLE,,INFEASIBLE,INFEASIBLE,INFEASIBLE,INFEASIBLE,INFEASIBLE,INFEASIBLE,INFEASIBLE,INFEASIBLE,INFEASIBLE,INFEASIBLE,INFEASIBLE,INFEASIBLE,INFEASIBLE,INFEASIBLE,INFEASIBLE,INFEASIBLE,INFEASIBLE,INFEASIBLE,INFEASIBLE,INFEASIBLE,INFEASIBLE,INFEASIBLE,INFEASIBLE,INFEASIBLE,INFEASIBLE,no_trials_in_band
freeze,score_only,factor_cov_change,INFEASIBLE,0.75,budget_only,count,INFEASIBLE,INFEASIBLE,INFEASIBLE,INFEASIBLE,INFEASIBLE,INFEASIBLE,INFEASIBLE,INFEASIBLE,INFEASIBLE,INFEASIBLE,INFEASIBLE,INFEASIBLE,INFEASIBLE,INFEASIBLE,INFEASIBLE,INFEASIBLE,INFEASIBLE,INFEASIBLE,INFEASIBLE,INFEASIBLE,INFEASIBLE,INFEASIBLE,INFEASIBLE,,INFEASIBLE,INFEASIBLE,INFEASIBLE,INFEASIBLE,INFEASIBLE,INFEASIBLE,INFEASIBLE,INFEASIBLE,INFEASIBLE,INFEASIBLE,INFEASIBLE,INFEASIBLE,INFEASIBLE,INFEASIBLE,INFEASIBLE,INFEASIBLE,INFEASIBLE,INFEASIBLE,INFEASIBLE,INFEASIBLE,INFEASIBLE,INFEASIBLE,INFEASIBLE,INFEASIBLE,INFEASIBLE,no_trials_in_band
freeze,score_only,factor_cov_change,INFEASIBLE,1.0,budget_only,count,INFEASIBLE,INFEASIBLE,INFEASIBLE,INFEASIBLE,INFEASIBLE,INFEASIBLE,INFEASIBLE,INFEASIBLE,INFEASIBLE,INFEASIBLE,INFEASIBLE,INFEASIBLE,INFEASIBLE,INFEASIBLE,INFEASIBLE,INFEASIBLE,INFEASIBLE,INFEASIBLE,INFEASIBLE,INFEASIBLE,INFEASIBLE,INFEASIBLE,INFEASIBLE,,INFEASIBLE,INFEASIBLE,INFEASIBLE,INFEASIBLE,INFEASIBLE,INFEASIBLE,INFEASIBLE,INFEASIBLE,INFEASIBLE,INFEASIBLE,INFEASIBLE,INFEASIBLE,INFEASIBLE,INFEASIBLE,INFEASIBLE,INFEASIBLE,INFEASIBLE,INFEASIBLE,INFEASIBLE,INFEASIBLE,INFEASIBLE,INFEASIBLE,INFEASIBLE,INFEASIBLE,INFEASIBLE,no_trials_in_band
freeze,score_only,factor_cov_delta,1.0,0.0,budget_only,count,0.1,0.15,0.1,30,30,30,30,1.0,1.0,1.0,0.9895981087470448,0.022340425531914895,5.366666666666666,0.6333333333333333,0.6333333333333333,0.0,0.6333333333333333,0.16666666666666666,0.6333333333333333,0.16666666666666666,0.0,0.16666666666666666,0.16666666666666666,4.0,18.0,18.0,18.0,26.0,18.0,26.0,18.0,26.0,18.0,26.0,11.0,11.0,1.1617021276595743,0.9895981087470448,0.022340425531914895,0.04121453227134665,0.00012479099052673155,0.9895981087470448,0.022340425531914895,0.0,0.0,0.0,0.0,0.0,OK,
freeze,score_only,factor_cov_delta,1.0,0.25,budget_only,count,0.1,0.15,0.1,30,30,30,30,1.0,1.0,1.0,0.9895981087470448,0.022340425531914895,5.366666666666666,0.26666666666666666,0.6333333333333333,-0.36666666666666664,0.26666666666666666,0.06666666666666667,0.26666666666666666,0.06666666666666667,0.0,0.06666666666666667,0.06666666666666667,4.0,26.0,18.0,26.0,26.0,18.0,26.0,26.0,26.0,26.0,26.0,14.5,11.0,1.2293144208037825,1.0449172576832149,0.02364066193853428,0.04121453227134665,-0.37726552081934867,0.9895981087470448,0.022340425531914895,0.032051282051282055,0.06666666666666667,-0.016666666666666666,0.016666666666666666,0.02222222222222222,OK,
freeze,score_only,factor_cov_delta,1.0,0.5,budget_only,count,0.1,0.15,0.1,30,30,30,30,1.0,1.0,1.0,0.9895981087470448,0.022340425531914895,5.366666666666666,0.03333333333333333,0.6333333333333333,-0.6,0.03333333333333333,0.03333333333333333,0.03333333333333333,0.03333333333333333,0.0,0.03333333333333333,0.03333333333333333,4.0,26.0,18.0,26.0,26.0,18.0,26.0,26.0,26.0,26.0,26.0,1.0,11.0,1.272340425531915,1.0756501182033096,0.02446808510638298,0.04121453227134665,-0.6579603491898409,0.9895981087470448,0.022340425531914895,0.025641025641025644,0.11111111111111112,-0.025641025641025644,0.025641025641025644,0.06666666666666665,OK,
freeze,score_only,factor_cov_delta,1.0,0.75,budget_only,count,0.1,0.15,0.1,30,30,30,30,1.0,1.0,1.0,0.9895981087470448,0.022340425531914895,5.366666666666666,0.03333333333333333,0.6333333333333333,-0.6,0.03333333333333333,0.03333333333333333,0.03333333333333333,0.03333333333333333,0.0,0.03333333333333333,0.03333333333333333,4.0,26.0,18.0,26.0,26.0,18.0,26.0,26.0,26.0,26.0,26.0,1.0,11.0,1.266193853427896,1.0817966903073284,0.024349881796690304,0.04121453227134665,-0.8489960369277739,0.9895981087470448,0.022340425531914895,0.025641025641025644,0.13333333333333333,-0.025641025641025644,0.025641025641025644,0.08888888888888889,OK,
freeze,score_only,factor_cov_delta,1.0,1.0,budget_only,count,0.1,0.15,0.1,30,30,30,30,1.0,1.0,1.0,0.9895981087470448,0.022340425531914895,5.366666666666666,0.06666666666666667,0.6333333333333333,-0.5666666666666667,0.06666666666666667,0.06666666666666667,0.06666666666666667,0.06666666666666667,0.0,0.06666666666666667,0.06666666666666667,4.0,26.0,18.0,26.0,26.0,18.0,26.0,26.0,26.0,26.0,26.0,0.5,11.0,1.2416075650118203,1.0695035460992905,0.02387706855791962,0.04121453227134665,-0.9160454266761413,0.9895981087470448,0.022340425531914895,0.026923076923076925,0.14444444444444443,-0.02435897435897436,0.02435897435897436,0.10000000000000002,OK,
freeze,score_only,factor_cov_delta,INFEASIBLE,0.0,budget_only,count,INFEASIBLE,INFEASIBLE,INFEASIBLE,INFEASIBLE,INFEASIBLE,INFEASIBLE,INFEASIBLE,INFEASIBLE,INFEASIBLE,INFEASIBLE,INFEASIBLE,INFEASIBLE,INFEASIBLE,INFEASIBLE,INFEASIBLE,INFEASIBLE,INFEASIBLE,INFEASIBLE,INFEASIBLE,INFEASIBLE,INFEASIBLE,INFEASIBLE,INFEASIBLE,,INFEASIBLE,INFEASIBLE,INFEASIBLE,INFEASIBLE,INFEASIBLE,INFEASIBLE,INFEASIBLE,INFEASIBLE,INFEASIBLE,INFEASIBLE,INFEASIBLE,INFEASIBLE,INFEASIBLE,INFEASIBLE,INFEASIBLE,INFEASIBLE,INFEASIBLE,INFEASIBLE,INFEASIBLE,INFEASIBLE,INFEASIBLE,INFEASIBLE,INFEASIBLE,INFEASIBLE,INFEASIBLE,no_trials_in_band
freeze,score_only,factor_cov_delta,INFEASIBLE,0.25,budget_only,count,INFEASIBLE,INFEASIBLE,INFEASIBLE,INFEASIBLE,INFEASIBLE,INFEASIBLE,INFEASIBLE,INFEASIBLE,INFEASIBLE,INFEASIBLE,INFEASIBLE,INFEASIBLE,INFEASIBLE,INFEASIBLE,INFEASIBLE,INFEASIBLE,INFEASIBLE,INFEASIBLE,INFEASIBLE,INFEASIBLE,INFEASIBLE,INFEASIBLE,INFEASIBLE,,INFEASIBLE,INFEASIBLE,INFEASIBLE,INFEASIBLE,INFEASIBLE,INFEASIBLE,INFEASIBLE,INFEASIBLE,INFEASIBLE,INFEASIBLE,INFEASIBLE,INFEASIBLE,INFEASIBLE,INFEASIBLE,INFEASIBLE,INFEASIBLE,INFEASIBLE,INFEASIBLE,INFEASIBLE,INFEASIBLE,INFEASIBLE,INFEASIBLE,INFEASIBLE,INFEASIBLE,INFEASIBLE,no_trials_in_band
freeze,score_only,factor_cov_delta,INFEASIBLE,0.5,budget_only,count,INFEASIBLE,INFEASIBLE,INFEASIBLE,INFEASIBLE,INFEASIBLE,INFEASIBLE,INFEASIBLE,INFEASIBLE,INFEASIBLE,INFEASIBLE,INFEASIBLE,INFEASIBLE,INFEASIBLE,INFEASIBLE,INFEASIBLE,INFEASIBLE,INFEASIBLE,INFEASIBLE,INFEASIBLE,INFEASIBLE,INFEASIBLE,INFEASIBLE,INFEASIBLE,,INFEASIBLE,INFEASIBLE,INFEASIBLE,INFEASIBLE,INFEASIBLE,INFEASIBLE,INFEASIBLE,INFEASIBLE,INFEASIBLE,INFEASIBLE,INFEASIBLE,INFEASIBLE,INFEASIBLE,INFEASIBLE,INFEASIBLE,INFEASIBLE,INFEASIBLE,INFEASIBLE,INFEASIBLE,INFEASIBLE,INFEASIBLE,INFEASIBLE,INFEASIBLE,INFEASIBLE,INFEASIBLE,no_trials_in_band
freeze,score_only,factor_cov_delta,INFEASIBLE,0.75,budget_only,count,INFEASIBLE,INFEASIBLE,INFEASIBLE,INFEASIBLE,INFEASIBLE,INFEASIBLE,INFEASIBLE,INFEASIBLE,INFEASIBLE,INFEASIBLE,INFEASIBLE,INFEASIBLE,INFEASIBLE,INFEASIBLE,INFEASIBLE,INFEASIBLE,INFEASIBLE,INFEASIBLE,INFEASIBLE,INFEASIBLE,INFEASIBLE,INFEASIBLE,INFEASIBLE,,INFEASIBLE,INFEASIBLE,INFEASIBLE,INFEASIBLE,INFEASIBLE,INFEASIBLE,INFEASIBLE,INFEASIBLE,INFEASIBLE,INFEASIBLE,INFEASIBLE,INFEASIBLE,INFEASIBLE,INFEASIBLE,INFEASIBLE,INFEASIBLE,INFEASIBLE,INFEASIBLE,INFEASIBLE,INFEASIBLE,INFEASIBLE,INFEASIBLE,INFEASIBLE,INFEASIBLE,INFEASIBLE,no_trials_in_band
freeze,score_only,factor_cov_delta,INFEASIBLE,1.0,budget_only,count,INFEASIBLE,INFEASIBLE,INFEASIBLE,INFEASIBLE,INFEASIBLE,INFEASIBLE,INFEASIBLE,INFEASIBLE,INFEASIBLE,INFEASIBLE,INFEASIBLE,INFEASIBLE,INFEASIBLE,INFEASIBLE,INFEASIBLE,INFEASIBLE,INFEASIBLE,INFEASIBLE,INFEASIBLE,INFEASIBLE,INFEASIBLE,INFEASIBLE,INFEASIBLE,,INFEASIBLE,INFEASIBLE,INFEASIBLE,INFEASIBLE,INFEASIBLE,INFEASIBLE,INFEASIBLE,INFEASIBLE,INFEASIBLE,INFEASIBLE,INFEASIBLE,INFEASIBLE,INFEASIBLE,INFEASIBLE,INFEASIBLE,INFEASIBLE,INFEASIBLE,INFEASIBLE,INFEASIBLE,INFEASIBLE,INFEASIBLE,INFEASIBLE,INFEASIBLE,INFEASIBLE,INFEASIBLE,no_trials_in_band
freeze,score_only,factor_cov_lrt,1.0,0.0,budget_only,count,0.1,0.15,0.1,30,20,20,20,0.6666666666666666,0.6666666666666666,0.6666666666666666,0.7375886524822695,0.017553191489361707,4.0,0.0,0.0,0.0,0.05,0.05,0.05,0.05,0.05,0.05,0.05,4.0,26.0,26.0,26.0,26.0,26.0,26.0,26.0,26.0,26.0,26.0,NA,NA,0.9127659574468086,0.7375886524822695,0.017553191489361707,1.0000000000000002e-06,-0.010642077719924925,0.7375886524822695,0.017553191489361707,0.0,0.0,0.0,0.0,0.0,OK,
freeze,score_only,factor_cov_lrt,1.0,0.25,budget_only,count,0.1,0.15,0.1,30,20,20,20,0.6666666666666666,0.6666666666666666,0.6666666666666666,0.7375886524822695,0.017553191489361707,4.0,0.2,0.0,0.2,0.25,0.1,0.25,0.1,0.05,0.1,0.1,4.0,26.0,26.0,26.0,26.0,26.0,26.0,26.0,26.0,26.0,26.0,18.0,NA,0.8666666666666668,0.6914893617021276,0.016666666666666673,1.0000000000000002e-06,0.0600085952846791,0.7375886524822695,0.017553191489361707,0.007692307692307693,0.016666666666666666,0.007692307692307693,0.007692307692307693,-0.016666666666666666,OK,
freeze,score_only,factor_cov_lrt,1.0,0.5,budget_only,count,0.1,0.15,0.1,30,20,20,20,0.6666666666666666,0.6666666666666666,0.6666666666666666,0.7375886524822695,0.017553191489361707,4.0,0.3,0.0,0.3,0.35,0.2,0.35,0.2,0.05,0.2,0.2,4.0,26.0,26.0,26.0,26.0,26.0,26.0,26.0,26.0,26.0,26.0,10.5,NA,0.8758865248226952,0.700709219858156,0.01684397163120568,1.0000000000000002e-06,-0.13172940034817088,0.7375886524822695,0.017553191489361707,0.011538461538461539,0.016666666666666666,0.011538461538461539,0.011538461538461539,-0.016666666666666666,OK,
freeze,score_only,factor_cov_lrt,1.0,0.75,budget_only,count,0.1,0.15,0.1,30,20,20,20,0.6666666666666666,0.6666666666666666,0.6666666666666666,0.7375886524822695,0.017553191489361707,4.0,0.35,0.0,0.35,0.4,0.2,0.4,0.2,0.05,0.2,0.2,4.0,26.0,26.0,26.0,26.0,26.0,26.0,26.0,26.0,26.0,26.0,17.0,NA,0.8666666666666668,0.6914893617021276,0.016666666666666673,1.0000000000000002e-06,0.20969277193390384,0.7375886524822695,0.017553191489361707,0.013461538461538464,0.016666666666666666,0.013461538461538464,0.013461538461538464,-0.016666666666666666,OK,
freeze,score_only,factor_cov_lrt,1.0,1.0,budget_only,count,0.1,0.15,0.1,30,20,20,20,0.6666666666666666,0.6666666666666666,0.6666666666666666,0.7375886524822695,0.017553191489361707,4.0,0.7,0.0,0.7,0.75,0.75,0.75,0.75,0.05,0.75,0.75,4.0,4.0,26.0,4.0,26.0,26.0,26.0,4.0,26.0,4.0,26.0,4.0,NA,0.7560283687943262,0.5808510638297871,0.014539007092198583,1.0000000000000002e-06,1.257405159682799,0.7375886524822695,0.017553191489361707,0.075,0.03333333333333333,0.075,0.075,-0.03333333333333333,OK,
freeze,score_only,factor_cov_lrt,INFEASIBLE,0.0,budget_only,count,INFEASIBLE,INFEASIBLE,INFEASIBLE,INFEASIBLE,INFEASIBLE,INFEASIBLE,INFEASIBLE,INFEASIBLE,INFEASIBLE,INFEASIBLE,INFEASIBLE,INFEASIBLE,INFEASIBLE,INFEASIBLE,INFEASIBLE,INFEASIBLE,INFEASIBLE,INFEASIBLE,INFEASIBLE,INFEASIBLE,INFEASIBLE,INFEASIBLE,INFEASIBLE,,INFEASIBLE,INFEASIBLE,INFEASIBLE,INFEASIBLE,INFEASIBLE,INFEASIBLE,INFEASIBLE,INFEASIBLE,INFEASIBLE,INFEASIBLE,INFEASIBLE,INFEASIBLE,INFEASIBLE,INFEASIBLE,INFEASIBLE,INFEASIBLE,INFEASIBLE,INFEASIBLE,INFEASIBLE,INFEASIBLE,INFEASIBLE,INFEASIBLE,INFEASIBLE,INFEASIBLE,INFEASIBLE,no_trials_in_band
freeze,score_only,factor_cov_lrt,INFEASIBLE,0.25,budget_only,count,INFEASIBLE,INFEASIBLE,INFEASIBLE,INFEASIBLE,INFEASIBLE,INFEASIBLE,INFEASIBLE,INFEASIBLE,INFEASIBLE,INFEASIBLE,INFEASIBLE,INFEASIBLE,INFEASIBLE,INFEASIBLE,INFEASIBLE,INFEASIBLE,INFEASIBLE,INFEASIBLE,INFEASIBLE,INFEASIBLE,INFEASIBLE,INFEASIBLE,INFEASIBLE,,INFEASIBLE,INFEASIBLE,INFEASIBLE,INFEASIBLE,INFEASIBLE,INFEASIBLE,INFEASIBLE,INFEASIBLE,INFEASIBLE,INFEASIBLE,INFEASIBLE,INFEASIBLE,INFEASIBLE,INFEASIBLE,INFEASIBLE,INFEASIBLE,INFEASIBLE,INFEASIBLE,INFEASIBLE,INFEASIBLE,INFEASIBLE,INFEASIBLE,INFEASIBLE,INFEASIBLE,INFEASIBLE,no_trials_in_band
freeze,score_only,factor_cov_lrt,INFEASIBLE,0.5,budget_only,count,INFEASIBLE,INFEASIBLE,INFEASIBLE,INFEASIBLE,INFEASIBLE,INFEASIBLE,INFEASIBLE,INFEASIBLE,INFEASIBLE,INFEASIBLE,INFEASIBLE,INFEASIBLE,INFEASIBLE,INFEASIBLE,INFEASIBLE,INFEASIBLE,INFEASIBLE,INFEASIBLE,INFEASIBLE,INFEASIBLE,INFEASIBLE,INFEASIBLE,INFEASIBLE,,INFEASIBLE,INFEASIBLE,INFEASIBLE,INFEASIBLE,INFEASIBLE,INFEASIBLE,INFEASIBLE,INFEASIBLE,INFEASIBLE,INFEASIBLE,INFEASIBLE,INFEASIBLE,INFEASIBLE,INFEASIBLE,INFEASIBLE,INFEASIBLE,INFEASIBLE,INFEASIBLE,INFEASIBLE,INFEASIBLE,INFEASIBLE,INFEASIBLE,INFEASIBLE,INFEASIBLE,INFEASIBLE,no_trials_in_band
freeze,score_only,factor_cov_lrt,INFEASIBLE,0.75,budget_only,count,INFEASIBLE,INFEASIBLE,INFEASIBLE,INFEASIBLE,INFEASIBLE,INFEASIBLE,INFEASIBLE,INFEASIBLE,INFEASIBLE,INFEASIBLE,INFEASIBLE,INFEASIBLE,INFEASIBLE,INFEASIBLE,INFEASIBLE,INFEASIBLE,INFEASIBLE,INFEASIBLE,INFEASIBLE,INFEASIBLE,INFEASIBLE,INFEASIBLE,INFEASIBLE,,INFEASIBLE,INFEASIBLE,INFEASIBLE,INFEASIBLE,INFEASIBLE,INFEASIBLE,INFEASIBLE,INFEASIBLE,INFEASIBLE,INFEASIBLE,INFEASIBLE,INFEASIBLE,INFEASIBLE,INFEASIBLE,INFEASIBLE,INFEASIBLE,INFEASIBLE,INFEASIBLE,INFEASIBLE,INFEASIBLE,INFEASIBLE,INFEASIBLE,INFEASIBLE,INFEASIBLE,INFEASIBLE,no_trials_in_band
freeze,score_only,factor_cov_lrt,INFEASIBLE,1.0,budget_only,count,INFEASIBLE,INFEASIBLE,INFEASIBLE,INFEASIBLE,INFEASIBLE,INFEASIBLE,INFEASIBLE,INFEASIBLE,INFEASIBLE,INFEASIBLE,INFEASIBLE,INFEASIBLE,INFEASIBLE,INFEASIBLE,INFEASIBLE,INFEASIBLE,INFEASIBLE,INFEASIBLE,INFEASIBLE,INFEASIBLE,INFEASIBLE,INFEASIBLE,INFEASIBLE,,INFEASIBLE,INFEASIBLE,INFEASIBLE,INFEASIBLE,INFEASIBLE,INFEASIBLE,INFEASIBLE,INFEASIBLE,INFEASIBLE,INFEASIBLE,INFEASIBLE,INFEASIBLE,INFEASIBLE,INFEASIBLE,INFEASIBLE,INFEASIBLE,INFEASIBLE,INFEASIBLE,INFEASIBLE,INFEASIBLE,INFEASIBLE,INFEASIBLE,INFEASIBLE,INFEASIBLE,INFEASIBLE,no_trials_in_band
freeze,score_only,factor_cov_lrt_delta,1.0,0.0,budget_only,count,0.1,0.15,0.1,30,30,30,30,1.0,1.0,1.0,1.0203309692671394,0.019621749408983456,5.533333333333333,0.4666666666666667,0.4666666666666667,0.0,0.4666666666666667,0.1,0.4666666666666667,0.1,0.0,0.1,0.1,4.0,26.0,26.0,26.0,26.0,26.0,26.0,26.0,26.0,26.0,26.0,11.5,11.5,1.0203309692671394,1.0203309692671394,0.019621749408983456,0.00970590199018114,0.2657618969827554,1.0203309692671394,0.019621749408983456,0.0,0.0,0.0,0.0,0.0,OK,
freeze,score_only,factor_cov_lrt_delta,1.0,0.25,budget_only,count,0.1,0.15,0.1,30,30,30,30,1.0,1.0,1.0,1.0203309692671394,0.019621749408983456,5.533333333333333,0.43333333333333335,0.4666666666666667,-0.033333333333333326,0.43333333333333335,0.1,0.43333333333333335,0.1,0.0,0.1,0.1,4.0,26.0,26.0,26.0,26.0,26.0,26.0,26.0,26.0,26.0,26.0,18.0,11.5,1.0817966903073286,1.038770685579196,0.020803782505910164,0.00970590199018114,0.1559915516999392,1.0203309692671394,0.019621749408983456,0.012820512820512822,0.0,0.0,0.002564102564102564,0.0,OK,
freeze,score_only,factor_cov_lrt_delta,1.0,0.5,budget_only,count,0.1,0.15,0.1,30,30,30,30,1.0,1.0,1.0,1.0203309692671394,0.019621749408983456,5.533333333333333,0.26666666666666666,0.4666666666666667,-0.2,0.26666666666666666,0.06666666666666667,0.26666666666666666,0.06666666666666667,0.0,0.06666666666666667,0.06666666666666667,4.0,26.0,26.0,26.0,26.0,26.0,26.0,26.0,26.0,26.0,26.0,9.5,11.5,1.0879432624113474,1.044917257683215,0.02092198581560284,0.00970590199018114,0.159440707550136,1.0203309692671394,0.019621749408983456,0.012820512820512822,0.02222222222222222,-0.007692307692307693,0.007692307692307693,0.02222222222222222,OK,
freeze,score_only,factor_cov_lrt_delta,1.0,0.75,budget_only,count,0.1,0.15,0.1,30,30,30,30,1.0,1.0,1.0,1.0203309692671394,0.019621749408983456,5.533333333333333,0.3,0.4666666666666667,-0.16666666666666669,0.3,0.06666666666666667,0.3,0.06666666666666667,0.0,0.06666666666666667,0.06666666666666667,4.0,26.0,26.0,26.0,26.0,26.0,26.0,26.0,26.0,26.0,26.0,10.0,11.5,1.051063829787234,1.0449172576832149,0.020212765957446813,0.00970590199018114,0.1893944507123381,1.0203309692671394,0.019621749408983456,0.019230769230769232,0.04444444444444444,-0.0038461538461538464,0.011538461538461537,0.02222222222222222,OK,
freeze,score_only,factor_cov_lrt_delta,1.0,1.0,budget_only,count,0.1,0.15,0.1,30,30,30,30,1.0,1.0,1.0,1.0203309692671394,0.019621749408983456,5.533333333333333,0.1,0.4666666666666667,-0.3666666666666667,0.1,0.1,0.1,0.1,0.0,0.1,0.1,4.0,26.0,26.0,26.0,26.0,26.0,26.0,26.0,26.0,26.0,26.0,4.0,11.5,1.1617021276595747,1.1125295508274233,0.02234042553191489,0.00970590199018114,-0.08072654581466429,1.0203309692671394,0.019621749408983456,0.023076923076923075,0.2444444444444444,-0.01282051282051282,0.015384615384615385,0.2444444444444444,OK,
freeze,score_only,factor_cov_lrt_delta,INFEASIBLE,0.0,budget_only,count,INFEASIBLE,INFEASIBLE,INFEASIBLE,INFEASIBLE,INFEASIBLE,INFEASIBLE,INFEASIBLE,INFEASIBLE,INFEASIBLE,INFEASIBLE,INFEASIBLE,INFEASIBLE,INFEASIBLE,INFEASIBLE,INFEASIBLE,INFEASIBLE,INFEASIBLE,INFEASIBLE,INFEASIBLE,INFEASIBLE,INFEASIBLE,INFEASIBLE,INFEASIBLE,,INFEASIBLE,INFEASIBLE,INFEASIBLE,INFEASIBLE,INFEASIBLE,INFEASIBLE,INFEASIBLE,INFEASIBLE,INFEASIBLE,INFEASIBLE,INFEASIBLE,INFEASIBLE,INFEASIBLE,INFEASIBLE,INFEASIBLE,INFEASIBLE,INFEASIBLE,INFEASIBLE,INFEASIBLE,INFEASIBLE,INFEASIBLE,INFEASIBLE,INFEASIBLE,INFEASIBLE,INFEASIBLE,no_trials_in_band
freeze,score_only,factor_cov_lrt_delta,INFEASIBLE,0.25,budget_only,count,INFEASIBLE,INFEASIBLE,INFEASIBLE,INFEASIBLE,INFEASIBLE,INFEASIBLE,INFEASIBLE,INFEASIBLE,INFEASIBLE,INFEASIBLE,INFEASIBLE,INFEASIBLE,INFEASIBLE,INFEASIBLE,INFEASIBLE,INFEASIBLE,INFEASIBLE,INFEASIBLE,INFEASIBLE,INFEASIBLE,INFEASIBLE,INFEASIBLE,INFEASIBLE,,INFEASIBLE,INFEASIBLE,INFEASIBLE,INFEASIBLE,INFEASIBLE,INFEASIBLE,INFEASIBLE,INFEASIBLE,INFEASIBLE,INFEASIBLE,INFEASIBLE,INFEASIBLE,INFEASIBLE,INFEASIBLE,INFEASIBLE,INFEASIBLE,INFEASIBLE,INFEASIBLE,INFEASIBLE,INFEASIBLE,INFEASIBLE,INFEASIBLE,INFEASIBLE,INFEASIBLE,INFEASIBLE,no_trials_in_band
freeze,score_only,factor_cov_lrt_delta,INFEASIBLE,0.5,budget_only,count,INFEASIBLE,INFEASIBLE,INFEASIBLE,INFEASIBLE,INFEASIBLE,INFEASIBLE,INFEASIBLE,INFEASIBLE,INFEASIBLE,INFEASIBLE,INFEASIBLE,INFEASIBLE,INFEASIBLE,INFEASIBLE,INFEASIBLE,INFEASIBLE,INFEASIBLE,INFEASIBLE,INFEASIBLE,INFEASIBLE,INFEASIBLE,INFEASIBLE,INFEASIBLE,,INFEASIBLE,INFEASIBLE,INFEASIBLE,INFEASIBLE,INFEASIBLE,INFEASIBLE,INFEASIBLE,INFEASIBLE,INFEASIBLE,INFEASIBLE,INFEASIBLE,INFEASIBLE,INFEASIBLE,INFEASIBLE,INFEASIBLE,INFEASIBLE,INFEASIBLE,INFEASIBLE,INFEASIBLE,INFEASIBLE,INFEASIBLE,INFEASIBLE,INFEASIBLE,INFEASIBLE,INFEASIBLE,no_trials_in_band
freeze,score_only,factor_cov_lrt_delta,INFEASIBLE,0.75,budget_only,count,INFEASIBLE,INFEASIBLE,INFEASIBLE,INFEASIBLE,INFEASIBLE,INFEASIBLE,INFEASIBLE,INFEASIBLE,INFEASIBLE,INFEASIBLE,INFEASIBLE,INFEASIBLE,INFEASIBLE,INFEASIBLE,INFEASIBLE,INFEASIBLE,INFEASIBLE,INFEASIBLE,INFEASIBLE,INFEASIBLE,INFEASIBLE,INFEASIBLE,INFEASIBLE,,INFEASIBLE,INFEASIBLE,INFEASIBLE,INFEASIBLE,INFEASIBLE,INFEASIBLE,INFEASIBLE,INFEASIBLE,INFEASIBLE,INFEASIBLE,INFEASIBLE,INFEASIBLE,INFEASIBLE,INFEASIBLE,INFEASIBLE,INFEASIBLE,INFEASIBLE,INFEASIBLE,INFEASIBLE,INFEASIBLE,INFEASIBLE,INFEASIBLE,INFEASIBLE,INFEASIBLE,INFEASIBLE,no_trials_in_band
freeze,score_only,factor_cov_lrt_delta,INFEASIBLE,1.0,budget_only,count,INFEASIBLE,INFEASIBLE,INFEASIBLE,INFEASIBLE,INFEASIBLE,INFEASIBLE,INFEASIBLE,INFEASIBLE,INFEASIBLE,INFEASIBLE,INFEASIBLE,INFEASIBLE,INFEASIBLE,INFEASIBLE,INFEASIBLE,INFEASIBLE,INFEASIBLE,INFEASIBLE,INFEASIBLE,INFEASIBLE,INFEASIBLE,INFEASIBLE,INFEASIBLE,,INFEASIBLE,INFEASIBLE,INFEASIBLE,INFEASIBLE,INFEASIBLE,INFEASIBLE,INFEASIBLE,INFEASIBLE,INFEASIBLE,INFEASIBLE,INFEASIBLE,INFEASIBLE,INFEASIBLE,INFEASIBLE,INFEASIBLE,INFEASIBLE,INFEASIBLE,INFEASIBLE,INFEASIBLE,INFEASIBLE,INFEASIBLE,INFEASIBLE,INFEASIBLE,INFEASIBLE,INFEASIBLE,no_trials_in_band
freeze,score_only,fused_fisher,1.0,0.0,budget_only,count,0.1,0.15,0.1,30,22,22,22,0.7333333333333333,0.7333333333333333,0.7333333333333333,0.7375886524822696,0.01418439716312057,4.0,0.0,0.0,0.0,0.0,0.0,0.0,0.0,0.0,0.0,0.0,4.0,26.0,26.0,26.0,26.0,26.0,26.0,26.0,26.0,26.0,26.0,NA,NA,0.7375886524822696,0.7375886524822696,0.01418439716312057,1.0000000000000002e-06,-0.06375021044920486,0.7375886524822696,0.01418439716312057,0.0,0.0,0.0,0.0,0.0,OK,
freeze,score_only,fused_fisher,1.0,0.25,budget_only,count,0.1,0.15,0.1,30,22,22,22,0.7333333333333333,0.7333333333333333,0.7333333333333333,0.7375886524822696,0.01418439716312057,4.0,0.0,0.0,0.0,0.0,0.0,0.0,0.0,0.0,0.0,0.0,4.0,26.0,26.0,26.0,26.0,26.0,26.0,26.0,26.0,26.0,26.0,NA,NA,0.7459703417150224,0.7459703417150224,0.014345583494519669,1.0000000000000002e-06,-0.3336869097286539,0.7375886524822696,0.01418439716312057,0.0,0.01515151515151515,0.0,0.0,-0.01515151515151515,OK,
freeze,score_only,fused_fisher,1.0,0.5,budget_only,count,0.1,0.15,0.1,30,22,22,22,0.7333333333333333,0.7333333333333333,0.7333333333333333,0.7375886524822696,0.01418439716312057,4.0,0.0,0.0,0.0,0.0,0.0,0.0,0.0,0.0,0.0,0.0,4.0,26.0,26.0,26.0,26.0,26.0,26.0,26.0,26.0,26.0,26.0,NA,NA,0.7459703417150224,0.7459703417150224,0.014345583494519669,1.0000000000000002e-06,-0.429190428320493,0.7375886524822696,0.01418439716312057,0.0,0.01515151515151515,0.0,0.0,-0.01515151515151515,OK,
freeze,score_only,fused_fisher,1.0,0.75,budget_only,count,0.1,0.15,0.1,30,22,22,22,0.7333333333333333,0.7333333333333333,0.7333333333333333,0.7375886524822696,0.01418439716312057,4.0,0.0,0.0,0.0,0.0,0.0,0.0,0.0,0.0,0.0,0.0,4.0,26.0,26.0,26.0,26.0,26.0,26.0,26.0,26.0,26.0,26.0,NA,NA,0.7459703417150224,0.7459703417150224,0.014345583494519669,1.0000000000000002e-06,-0.4275816218356068,0.7375886524822696,0.01418439716312057,0.0,0.01515151515151515,0.0,0.0,-0.01515151515151515,OK,
freeze,score_only,fused_fisher,1.0,1.0,budget_only,count,0.1,0.15,0.1,30,22,22,22,0.7333333333333333,0.7333333333333333,0.7333333333333333,0.7375886524822696,0.01418439716312057,4.0,0.0,0.0,0.0,0.0,0.0,0.0,0.0,0.0,0.0,0.0,4.0,26.0,26.0,26.0,26.0,26.0,26.0,26.0,26.0,26.0,26.0,NA,NA,0.7459703417150224,0.7459703417150224,0.014345583494519669,1.0000000000000002e-06,-0.34562040057550675,0.7375886524822696,0.01418439716312057,0.0,0.01515151515151515,0.0,0.0,-0.01515151515151515,OK,
freeze,score_only,fused_fisher,INFEASIBLE,0.0,budget_only,count,INFEASIBLE,INFEASIBLE,INFEASIBLE,INFEASIBLE,INFEASIBLE,INFEASIBLE,INFEASIBLE,INFEASIBLE,INFEASIBLE,INFEASIBLE,INFEASIBLE,INFEASIBLE,INFEASIBLE,INFEASIBLE,INFEASIBLE,INFEASIBLE,INFEASIBLE,INFEASIBLE,INFEASIBLE,INFEASIBLE,INFEASIBLE,INFEASIBLE,INFEASIBLE,,INFEASIBLE,INFEASIBLE,INFEASIBLE,INFEASIBLE,INFEASIBLE,INFEASIBLE,INFEASIBLE,INFEASIBLE,INFEASIBLE,INFEASIBLE,INFEASIBLE,INFEASIBLE,INFEASIBLE,INFEASIBLE,INFEASIBLE,INFEASIBLE,INFEASIBLE,INFEASIBLE,INFEASIBLE,INFEASIBLE,INFEASIBLE,INFEASIBLE,INFEASIBLE,INFEASIBLE,INFEASIBLE,no_trials_in_band
freeze,score_only,fused_fisher,INFEASIBLE,0.25,budget_only,count,INFEASIBLE,INFEASIBLE,INFEASIBLE,INFEASIBLE,INFEASIBLE,INFEASIBLE,INFEASIBLE,INFEASIBLE,INFEASIBLE,INFEASIBLE,INFEASIBLE,INFEASIBLE,INFEASIBLE,INFEASIBLE,INFEASIBLE,INFEASIBLE,INFEASIBLE,INFEASIBLE,INFEASIBLE,INFEASIBLE,INFEASIBLE,INFEASIBLE,INFEASIBLE,,INFEASIBLE,INFEASIBLE,INFEASIBLE,INFEASIBLE,INFEASIBLE,INFEASIBLE,INFEASIBLE,INFEASIBLE,INFEASIBLE,INFEASIBLE,INFEASIBLE,INFEASIBLE,INFEASIBLE,INFEASIBLE,INFEASIBLE,INFEASIBLE,INFEASIBLE,INFEASIBLE,INFEASIBLE,INFEASIBLE,INFEASIBLE,INFEASIBLE,INFEASIBLE,INFEASIBLE,INFEASIBLE,no_trials_in_band
freeze,score_only,fused_fisher,INFEASIBLE,0.5,budget_only,count,INFEASIBLE,INFEASIBLE,INFEASIBLE,INFEASIBLE,INFEASIBLE,INFEASIBLE,INFEASIBLE,INFEASIBLE,INFEASIBLE,INFEASIBLE,INFEASIBLE,INFEASIBLE,INFEASIBLE,INFEASIBLE,INFEASIBLE,INFEASIBLE,INFEASIBLE,INFEASIBLE,INFEASIBLE,INFEASIBLE,INFEASIBLE,INFEASIBLE,INFEASIBLE,,INFEASIBLE,INFEASIBLE,INFEASIBLE,INFEASIBLE,INFEASIBLE,INFEASIBLE,INFEASIBLE,INFEASIBLE,INFEASIBLE,INFEASIBLE,INFEASIBLE,INFEASIBLE,INFEASIBLE,INFEASIBLE,INFEASIBLE,INFEASIBLE,INFEASIBLE,INFEASIBLE,INFEASIBLE,INFEASIBLE,INFEASIBLE,INFEASIBLE,INFEASIBLE,INFEASIBLE,INFEASIBLE,no_trials_in_band
freeze,score_only,fused_fisher,INFEASIBLE,0.75,budget_only,count,INFEASIBLE,INFEASIBLE,INFEASIBLE,INFEASIBLE,INFEASIBLE,INFEASIBLE,INFEASIBLE,INFEASIBLE,INFEASIBLE,INFEASIBLE,INFEASIBLE,INFEASIBLE,INFEASIBLE,INFEASIBLE,INFEASIBLE,INFEASIBLE,INFEASIBLE,INFEASIBLE,INFEASIBLE,INFEASIBLE,INFEASIBLE,INFEASIBLE,INFEASIBLE,,INFEASIBLE,INFEASIBLE,INFEASIBLE,INFEASIBLE,INFEASIBLE,INFEASIBLE,INFEASIBLE,INFEASIBLE,INFEASIBLE,INFEASIBLE,INFEASIBLE,INFEASIBLE,INFEASIBLE,INFEASIBLE,INFEASIBLE,INFEASIBLE,INFEASIBLE,INFEASIBLE,INFEASIBLE,INFEASIBLE,INFEASIBLE,INFEASIBLE,INFEASIBLE,INFEASIBLE,INFEASIBLE,no_trials_in_band
freeze,score_only,fused_fisher,INFEASIBLE,1.0,budget_only,count,INFEASIBLE,INFEASIBLE,INFEASIBLE,INFEASIBLE,INFEASIBLE,INFEASIBLE,INFEASIBLE,INFEASIBLE,INFEASIBLE,INFEASIBLE,INFEASIBLE,INFEASIBLE,INFEASIBLE,INFEASIBLE,INFEASIBLE,INFEASIBLE,INFEASIBLE,INFEASIBLE,INFEASIBLE,INFEASIBLE,INFEASIBLE,INFEASIBLE,INFEASIBLE,,INFEASIBLE,INFEASIBLE,INFEASIBLE,INFEASIBLE,INFEASIBLE,INFEASIBLE,INFEASIBLE,INFEASIBLE,INFEASIBLE,INFEASIBLE,INFEASIBLE,INFEASIBLE,INFEASIBLE,INFEASIBLE,INFEASIBLE,INFEASIBLE,INFEASIBLE,INFEASIBLE,INFEASIBLE,INFEASIBLE,INFEASIBLE,INFEASIBLE,INFEASIBLE,INFEASIBLE,INFEASIBLE,no_trials_in_band
freeze,score_only,fused_fisher_lrt_delta,1.0,0.0,budget_only,count,0.1,0.15,0.1,30,21,21,21,0.7,0.7,0.7,0.7375886524822695,0.014184397163120569,4.0,0.0,0.0,0.0,0.0,0.0,0.0,0.0,0.0,0.0,0.0,4.0,26.0,26.0,26.0,26.0,26.0,26.0,26.0,26.0,26.0,26.0,NA,NA,0.7375886524822695,0.7375886524822695,0.014184397163120569,1.0000000000000002e-06,0.0030203408638849235,0.7375886524822695,0.014184397163120569,0.0,0.0,0.0,0.0,0.0,OK,
freeze,score_only,fused_fisher_lrt_delta,1.0,0.25,budget_only,count,0.1,0.15,0.1,30,21,21,21,0.7,0.7,0.7,0.7375886524822695,0.014184397163120569,4.0,0.047619047619047616,0.0,0.047619047619047616,0.047619047619047616,0.0,0.047619047619047616,0.0,0.0,0.0,0.0,4.0,26.0,26.0,26.0,26.0,26.0,26.0,26.0,26.0,26.0,26.0,9.0,NA,0.7288078351908138,0.7288078351908138,0.014015535292131039,1.0000000000000002e-06,-0.18729793204586279,0.7375886524822695,0.014184397163120569,0.0018315018315018315,0.0,0.0018315018315018315,0.0018315018315018315,0.0,OK,
freeze,score_only,fused_fisher_lrt_delta,1.0,0.5,budget_only,count,0.1,0.15,0.1,30,21,21,21,0.7,0.7,0.7,0.7375886524822695,0.014184397163120569,4.0,0.0,0.0,0.0,0.0,0.0,0.0,0.0,0.0,0.0,0.0,4.0,26.0,26.0,26.0,26.0,26.0,26.0,26.0,26.0,26.0,26.0,NA,NA,0.7375886524822695,0.7375886524822695,0.014184397163120569,1.0000000000000002e-06,-0.18528935043672737,0.7375886524822695,0.014184397163120569,0.0,0.015873015873015872,0.0,0.0,0.015873015873015872,OK,
freeze,score_only,fused_fisher_lrt_delta,1.0,0.75,budget_only,count,0.1,0.15,0.1,30,21,21,21,0.7,0.7,0.7,0.7375886524822695,0.014184397163120569,4.0,0.0,0.0,0.0,0.0,0.0,0.0,0.0,0.0,0.0,0.0,4.0,26.0,26.0,26.0,26.0,26.0,26.0,26.0,26.0,26.0,26.0,NA,NA,0.7288078351908138,0.7288078351908138,0.014015535292131039,1.0000000000000002e-06,-0.1790308684696727,0.7375886524822695,0.014184397163120569,0.0,0.031746031746031744,0.0,0.0,0.031746031746031744,OK,
freeze,score_only,fused_fisher_lrt_delta,1.0,1.0,budget_only,count,0.1,0.15,0.1,30,21,21,21,0.7,0.7,0.7,0.7375886524822695,0.014184397163120569,4.0,0.0,0.0,0.0,0.0,0.0,0.0,0.0,0.0,0.0,0.0,4.0,26.0,26.0,26.0,26.0,26.0,26.0,26.0,26.0,26.0,26.0,NA,NA,0.7375886524822695,0.7375886524822695,0.014184397163120569,1.0000000000000002e-06,-0.38407130576338583,0.7375886524822695,0.014184397163120569,0.0,0.047619047619047616,0.0,0.0,0.047619047619047616,OK,
freeze,score_only,fused_fisher_lrt_delta,INFEASIBLE,0.0,budget_only,count,INFEASIBLE,INFEASIBLE,INFEASIBLE,INFEASIBLE,INFEASIBLE,INFEASIBLE,INFEASIBLE,INFEASIBLE,INFEASIBLE,INFEASIBLE,INFEASIBLE,INFEASIBLE,INFEASIBLE,INFEASIBLE,INFEASIBLE,INFEASIBLE,INFEASIBLE,INFEASIBLE,INFEASIBLE,INFEASIBLE,INFEASIBLE,INFEASIBLE,INFEASIBLE,,INFEASIBLE,INFEASIBLE,INFEASIBLE,INFEASIBLE,INFEASIBLE,INFEASIBLE,INFEASIBLE,INFEASIBLE,INFEASIBLE,INFEASIBLE,INFEASIBLE,INFEASIBLE,INFEASIBLE,INFEASIBLE,INFEASIBLE,INFEASIBLE,INFEASIBLE,INFEASIBLE,INFEASIBLE,INFEASIBLE,INFEASIBLE,INFEASIBLE,INFEASIBLE,INFEASIBLE,INFEASIBLE,no_trials_in_band
freeze,score_only,fused_fisher_lrt_delta,INFEASIBLE,0.25,budget_only,count,INFEASIBLE,INFEASIBLE,INFEASIBLE,INFEASIBLE,INFEASIBLE,INFEASIBLE,INFEASIBLE,INFEASIBLE,INFEASIBLE,INFEASIBLE,INFEASIBLE,INFEASIBLE,INFEASIBLE,INFEASIBLE,INFEASIBLE,INFEASIBLE,INFEASIBLE,INFEASIBLE,INFEASIBLE,INFEASIBLE,INFEASIBLE,INFEASIBLE,INFEASIBLE,,INFEASIBLE,INFEASIBLE,INFEASIBLE,INFEASIBLE,INFEASIBLE,INFEASIBLE,INFEASIBLE,INFEASIBLE,INFEASIBLE,INFEASIBLE,INFEASIBLE,INFEASIBLE,INFEASIBLE,INFEASIBLE,INFEASIBLE,INFEASIBLE,INFEASIBLE,INFEASIBLE,INFEASIBLE,INFEASIBLE,INFEASIBLE,INFEASIBLE,INFEASIBLE,INFEASIBLE,INFEASIBLE,no_trials_in_band
freeze,score_only,fused_fisher_lrt_delta,INFEASIBLE,0.5,budget_only,count,INFEASIBLE,INFEASIBLE,INFEASIBLE,INFEASIBLE,INFEASIBLE,INFEASIBLE,INFEASIBLE,INFEASIBLE,INFEASIBLE,INFEASIBLE,INFEASIBLE,INFEASIBLE,INFEASIBLE,INFEASIBLE,INFEASIBLE,INFEASIBLE,INFEASIBLE,INFEASIBLE,INFEASIBLE,INFEASIBLE,INFEASIBLE,INFEASIBLE,INFEASIBLE,,INFEASIBLE,INFEASIBLE,INFEASIBLE,INFEASIBLE,INFEASIBLE,INFEASIBLE,INFEASIBLE,INFEASIBLE,INFEASIBLE,INFEASIBLE,INFEASIBLE,INFEASIBLE,INFEASIBLE,INFEASIBLE,INFEASIBLE,INFEASIBLE,INFEASIBLE,INFEASIBLE,INFEASIBLE,INFEASIBLE,INFEASIBLE,INFEASIBLE,INFEASIBLE,INFEASIBLE,INFEASIBLE,no_trials_in_band
freeze,score_only,fused_fisher_lrt_delta,INFEASIBLE,0.75,budget_only,count,INFEASIBLE,INFEASIBLE,INFEASIBLE,INFEASIBLE,INFEASIBLE,INFEASIBLE,INFEASIBLE,INFEASIBLE,INFEASIBLE,INFEASIBLE,INFEASIBLE,INFEASIBLE,INFEASIBLE,INFEASIBLE,INFEASIBLE,INFEASIBLE,INFEASIBLE,INFEASIBLE,INFEASIBLE,INFEASIBLE,INFEASIBLE,INFEASIBLE,INFEASIBLE,,INFEASIBLE,INFEASIBLE,INFEASIBLE,INFEASIBLE,INFEASIBLE,INFEASIBLE,INFEASIBLE,INFEASIBLE,INFEASIBLE,INFEASIBLE,INFEASIBLE,INFEASIBLE,INFEASIBLE,INFEASIBLE,INFEASIBLE,INFEASIBLE,INFEASIBLE,INFEASIBLE,INFEASIBLE,INFEASIBLE,INFEASIBLE,INFEASIBLE,INFEASIBLE,INFEASIBLE,INFEASIBLE,no_trials_in_band
freeze,score_only,fused_fisher_lrt_delta,INFEASIBLE,1.0,budget_only,count,INFEASIBLE,INFEASIBLE,INFEASIBLE,INFEASIBLE,INFEASIBLE,INFEASIBLE,INFEASIBLE,INFEASIBLE,INFEASIBLE,INFEASIBLE,INFEASIBLE,INFEASIBLE,INFEASIBLE,INFEASIBLE,INFEASIBLE,INFEASIBLE,INFEASIBLE,INFEASIBLE,INFEASIBLE,INFEASIBLE,INFEASIBLE,INFEASIBLE,INFEASIBLE,,INFEASIBLE,INFEASIBLE,INFEASIBLE,INFEASIBLE,INFEASIBLE,INFEASIBLE,INFEASIBLE,INFEASIBLE,INFEASIBLE,INFEASIBLE,INFEASIBLE,INFEASIBLE,INFEASIBLE,INFEASIBLE,INFEASIBLE,INFEASIBLE,INFEASIBLE,INFEASIBLE,INFEASIBLE,INFEASIBLE,INFEASIBLE,INFEASIBLE,INFEASIBLE,INFEASIBLE,INFEASIBLE,no_trials_in_band
freeze,score_only,fused_sp,1.0,0.0,budget_only,count,0.1,0.15,0.1,30,30,30,30,1.0,1.0,1.0,1.0080378250591016,0.03321513002364067,5.466666666666667,0.5666666666666667,0.5666666666666667,0.0,0.5666666666666667,0.13333333333333333,0.5666666666666667,0.13333333333333333,0.0,0.13333333333333333,0.13333333333333333,4.0,23.5,23.5,23.5,26.0,23.5,26.0,23.5,26.0,23.5,26.0,13.0,13.0,1.7271867612293146,1.0080378250591016,0.03321513002364067,0.04251529828121912,0.10679062110601573,1.0080378250591016,0.03321513002364067,0.0,0.0,0.0,0.0,0.0,OK,
freeze,score_only,fused_sp,1.0,0.25,budget_only,count,0.1,0.15,0.1,30,30,30,30,1.0,1.0,1.0,1.0080378250591016,0.03321513002364067,5.466666666666667,0.4,0.5666666666666667,-0.16666666666666663,0.4,0.06666666666666667,0.4,0.06666666666666667,0.0,0.06666666666666667,0.06666666666666667,4.0,26.0,23.5,26.0,26.0,23.5,26.0,26.0,26.0,26.0,26.0,14.0,13.0,1.8562647754137116,1.0510638297872341,0.03569739952718676,0.04251529828121912,0.04049004990622531,1.0080378250591016,0.03321513002364067,0.010256410256410256,0.06666666666666667,-0.005128205128205128,0.007692307692307693,0.06666666666666667,OK,
freeze,score_only,fused_sp,1.0,0.5,budget_only,count,0.1,0.15,0.1,30,30,30,30,1.0,1.0,1.0,1.0080378250591016,0.03321513002364067,5.466666666666667,0.36666666666666664,0.5666666666666667,-0.2,0.36666666666666664,0.03333333333333333,0.36666666666666664,0.03333333333333333,0.0,0.03333333333333333,0.03333333333333333,4.0,26.0,23.5,26.0,26.0,23.5,26.0,26.0,26.0,26.0,26.0,19.0,13.0,1.9853427895981086,1.057210401891253,0.03817966903073286,0.04251529828121912,0.055528236408379256,1.0080378250591016,0.03321513002364067,0.04102564102564103,0.1,0.015384615384615385,0.030769230769230767,0.1,OK,
freeze,score_only,fused_sp,1.0,0.75,budget_only,count,0.1,0.15,0.1,30,30,30,30,1.0,1.0,1.0,1.0080378250591016,0.03321513002364067,5.466666666666667,0.3333333333333333,0.5666666666666667,-0.23333333333333334,0.3333333333333333,0.0,0.3333333333333333,0.0,0.0,0.0,0.0,4.0,26.0,23.5,26.0,26.0,23.5,26.0,26.0,26.0,26.0,26.0,22.0,13.0,2.2189125295508276,1.0756501182033096,0.042671394799054366,0.04251529828121912,0.12518405288083911,1.0080378250591016,0.03321513002364067,0.04743589743589745,0.2333333333333333,0.01923076923076923,0.03717948717948718,0.2333333333333333,OK,
freeze,score_only,fused_sp,1.0,1.0,budget_only,count,0.1,0.15,0.1,30,30,30,30,1.0,1.0,1.0,1.0080378250591016,0.03321513002364067,5.466666666666667,0.23333333333333334,0.5666666666666667,-0.3333333333333333,0.23333333333333334,0.0,0.23333333333333334,0.0,0.0,0.0,0.0,4.0,26.0,23.5,26.0,26.0,23.5,26.0,26.0,26.0,26.0,26.0,22.0,13.0,2.477068557919622,1.0756501182033096,0.04763593380614657,0.04251529828121912,0.2310580812643713,1.0080378250591016,0.03321513002364067,0.05384615384615386,0.31111111111111117,0.020512820512820513,0.04615384615384618,0.31111111111111117,OK,
freeze,score_only,fused_sp,INFEASIBLE,0.0,budget_only,count,INFEASIBLE,INFEASIBLE,INFEASIBLE,INFEASIBLE,INFEASIBLE,INFEASIBLE,INFEASIBLE,INFEASIBLE,INFEASIBLE,INFEASIBLE,INFEASIBLE,INFEASIBLE,INFEASIBLE,INFEASIBLE,INFEASIBLE,INFEASIBLE,INFEASIBLE,INFEASIBLE,INFEASIBLE,INFEASIBLE,INFEASIBLE,INFEASIBLE,INFEASIBLE,,INFEASIBLE,INFEASIBLE,INFEASIBLE,INFEASIBLE,INFEASIBLE,INFEASIBLE,INFEASIBLE,INFEASIBLE,INFEASIBLE,INFEASIBLE,INFEASIBLE,INFEASIBLE,INFEASIBLE,INFEASIBLE,INFEASIBLE,INFEASIBLE,INFEASIBLE,INFEASIBLE,INFEASIBLE,INFEASIBLE,INFEASIBLE,INFEASIBLE,INFEASIBLE,INFEASIBLE,INFEASIBLE,no_trials_in_band
freeze,score_only,fused_sp,INFEASIBLE,0.25,budget_only,count,INFEASIBLE,INFEASIBLE,INFEASIBLE,INFEASIBLE,INFEASIBLE,INFEASIBLE,INFEASIBLE,INFEASIBLE,INFEASIBLE,INFEASIBLE,INFEASIBLE,INFEASIBLE,INFEASIBLE,INFEASIBLE,INFEASIBLE,INFEASIBLE,INFEASIBLE,INFEASIBLE,INFEASIBLE,INFEASIBLE,INFEASIBLE,INFEASIBLE,INFEASIBLE,,INFEASIBLE,INFEASIBLE,INFEASIBLE,INFEASIBLE,INFEASIBLE,INFEASIBLE,INFEASIBLE,INFEASIBLE,INFEASIBLE,INFEASIBLE,INFEASIBLE,INFEASIBLE,INFEASIBLE,INFEASIBLE,INFEASIBLE,INFEASIBLE,INFEASIBLE,INFEASIBLE,INFEASIBLE,INFEASIBLE,INFEASIBLE,INFEASIBLE,INFEASIBLE,INFEASIBLE,INFEASIBLE,no_trials_in_band
freeze,score_only,fused_sp,INFEASIBLE,0.5,budget_only,count,INFEASIBLE,INFEASIBLE,INFEASIBLE,INFEASIBLE,INFEASIBLE,INFEASIBLE,INFEASIBLE,INFEASIBLE,INFEASIBLE,INFEASIBLE,INFEASIBLE,INFEASIBLE,INFEASIBLE,INFEASIBLE,INFEASIBLE,INFEASIBLE,INFEASIBLE,INFEASIBLE,INFEASIBLE,INFEASIBLE,INFEASIBLE,INFEASIBLE,INFEASIBLE,,INFEASIBLE,INFEASIBLE,INFEASIBLE,INFEASIBLE,INFEASIBLE,INFEASIBLE,INFEASIBLE,INFEASIBLE,INFEASIBLE,INFEASIBLE,INFEASIBLE,INFEASIBLE,INFEASIBLE,INFEASIBLE,INFEASIBLE,INFEASIBLE,INFEASIBLE,INFEASIBLE,INFEASIBLE,INFEASIBLE,INFEASIBLE,INFEASIBLE,INFEASIBLE,INFEASIBLE,INFEASIBLE,no_trials_in_band
freeze,score_only,fused_sp,INFEASIBLE,0.75,budget_only,count,INFEASIBLE,INFEASIBLE,INFEASIBLE,INFEASIBLE,INFEASIBLE,INFEASIBLE,INFEASIBLE,INFEASIBLE,INFEASIBLE,INFEASIBLE,INFEASIBLE,INFEASIBLE,INFEASIBLE,INFEASIBLE,INFEASIBLE,INFEASIBLE,INFEASIBLE,INFEASIBLE,INFEASIBLE,INFEASIBLE,INFEASIBLE,INFEASIBLE,INFEASIBLE,,INFEASIBLE,INFEASIBLE,INFEASIBLE,INFEASIBLE,INFEASIBLE,INFEASIBLE,INFEASIBLE,INFEASIBLE,INFEASIBLE,INFEASIBLE,INFEASIBLE,INFEASIBLE,INFEASIBLE,INFEASIBLE,INFEASIBLE,INFEASIBLE,INFEASIBLE,INFEASIBLE,INFEASIBLE,INFEASIBLE,INFEASIBLE,INFEASIBLE,INFEASIBLE,INFEASIBLE,INFEASIBLE,no_trials_in_band
freeze,score_only,fused_sp,INFEASIBLE,1.0,budget_only,count,INFEASIBLE,INFEASIBLE,INFEASIBLE,INFEASIBLE,INFEASIBLE,INFEASIBLE,INFEASIBLE,INFEASIBLE,INFEASIBLE,INFEASIBLE,INFEASIBLE,INFEASIBLE,INFEASIBLE,INFEASIBLE,INFEASIBLE,INFEASIBLE,INFEASIBLE,INFEASIBLE,INFEASIBLE,INFEASIBLE,INFEASIBLE,INFEASIBLE,INFEASIBLE,,INFEASIBLE,INFEASIBLE,INFEASIBLE,INFEASIBLE,INFEASIBLE,INFEASIBLE,INFEASIBLE,INFEASIBLE,INFEASIBLE,INFEASIBLE,INFEASIBLE,INFEASIBLE,INFEASIBLE,INFEASIBLE,INFEASIBLE,INFEASIBLE,INFEASIBLE,INFEASIBLE,INFEASIBLE,INFEASIBLE,INFEASIBLE,INFEASIBLE,INFEASIBLE,INFEASIBLE,INFEASIBLE,no_trials_in_band
freeze,score_only,fused_sp_lrt_delta,1.0,0.0,budget_only,count,0.1,0.15,0.1,30,30,30,30,1.0,1.0,1.0,1.0203309692671394,0.019621749408983456,5.533333333333333,0.4666666666666667,0.4666666666666667,0.0,0.4666666666666667,0.1,0.4666666666666667,0.1,0.0,0.1,0.1,4.0,26.0,26.0,26.0,26.0,26.0,26.0,26.0,26.0,26.0,26.0,11.0,11.0,1.0203309692671394,1.0203309692671394,0.019621749408983456,0.007517076343338334,0.0943999581912741,1.0203309692671394,0.019621749408983456,0.0,0.0,0.0,0.0,0.0,OK,
freeze,score_only,fused_sp_lrt_delta,1.0,0.25,budget_only,count,0.1,0.15,0.1,30,30,30,30,1.0,1.0,1.0,1.0203309692671394,0.019621749408983456,5.533333333333333,0.43333333333333335,0.4666666666666667,-0.033333333333333326,0.43333333333333335,0.06666666666666667,0.43333333333333335,0.06666666666666667,0.0,0.06666666666666667,0.06666666666666667,4.0,26.0,26.0,26.0,26.0,26.0,26.0,26.0,26.0,26.0,26.0,18.0,11.0,1.038770685579196,1.038770685579196,0.019976359338061467,0.007517076343338334,-0.000744884795909681,1.0203309692671394,0.019621749408983456,0.008974358974358975,0.0,-0.001282051282051282,0.001282051282051282,0.0,OK,
freeze,score_only,fused_sp_lrt_delta,1.0,0.5,budget_only,count,0.1,0.15,0.1,30,30,30,30,1.0,1.0,1.0,1.0203309692671394,0.019621749408983456,5.533333333333333,0.23333333333333334,0.4666666666666667,-0.23333333333333334,0.23333333333333334,0.06666666666666667,0.23333333333333334,0.06666666666666667,0.0,0.06666666666666667,0.06666666666666667,4.0,26.0,26.0,26.0,26.0,26.0,26.0,26.0,26.0,26.0,26.0,10.0,11.0,1.051063829787234,1.051063829787234,0.02021276595744681,0.007517076343338334,0.015020308722096858,1.0203309692671394,0.019621749408983456,0.011538461538461537,0.02222222222222222,-0.008974358974358975,0.008974358974358975,0.02222222222222222,OK,
freeze,score_only,fused_sp_lrt_delta,1.0,0.75,budget_only,count,0.1,0.15,0.1,30,30,30,30,1.0,1.0,1.0,1.0203309692671394,0.019621749408983456,5.533333333333333,0.3,0.4666666666666667,-0.16666666666666669,0.3,0.06666666666666667,0.3,0.06666666666666667,0.0,0.06666666666666667,0.06666666666666667,4.0,26.0,26.0,26.0,26.0,26.0,26.0,26.0,26.0,26.0,26.0,10.0,11.0,1.032624113475177,1.032624113475177,0.0198581560283688,0.007517076343338334,0.09934987304847062,1.0203309692671394,0.019621749408983456,0.019230769230769232,0.04444444444444444,-0.0038461538461538464,0.011538461538461537,0.02222222222222222,OK,
freeze,score_only,fused_sp_lrt_delta,1.0,1.0,budget_only,count,0.1,0.15,0.1,30,30,30,30,1.0,1.0,1.0,1.0203309692671394,0.019621749408983456,5.533333333333333,0.0,0.4666666666666667,-0.4666666666666667,0.0,0.0,0.0,0.0,0.0,0.0,0.0,4.0,26.0,26.0,26.0,26.0,26.0,26.0,26.0,26.0,26.0,26.0,NA,11.0,1.1371158392434988,1.1125295508274233,0.021867612293144205,0.007517076343338334,0.14328473317215373,1.0203309692671394,0.019621749408983456,0.017948717948717947,0.28888888888888886,-0.017948717948717947,0.017948717948717947,0.2888888888888889,OK,
freeze,score_only,fused_sp_lrt_delta,INFEASIBLE,0.0,budget_only,count,INFEASIBLE,INFEASIBLE,INFEASIBLE,INFEASIBLE,INFEASIBLE,INFEASIBLE,INFEASIBLE,INFEASIBLE,INFEASIBLE,INFEASIBLE,INFEASIBLE,INFEASIBLE,INFEASIBLE,INFEASIBLE,INFEASIBLE,INFEASIBLE,INFEASIBLE,INFEASIBLE,INFEASIBLE,INFEASIBLE,INFEASIBLE,INFEASIBLE,INFEASIBLE,,INFEASIBLE,INFEASIBLE,INFEASIBLE,INFEASIBLE,INFEASIBLE,INFEASIBLE,INFEASIBLE,INFEASIBLE,INFEASIBLE,INFEASIBLE,INFEASIBLE,INFEASIBLE,INFEASIBLE,INFEASIBLE,INFEASIBLE,INFEASIBLE,INFEASIBLE,INFEASIBLE,INFEASIBLE,INFEASIBLE,INFEASIBLE,INFEASIBLE,INFEASIBLE,INFEASIBLE,INFEASIBLE,no_trials_in_band
freeze,score_only,fused_sp_lrt_delta,INFEASIBLE,0.25,budget_only,count,INFEASIBLE,INFEASIBLE,INFEASIBLE,INFEASIBLE,INFEASIBLE,INFEASIBLE,INFEASIBLE,INFEASIBLE,INFEASIBLE,INFEASIBLE,INFEASIBLE,INFEASIBLE,INFEASIBLE,INFEASIBLE,INFEASIBLE,INFEASIBLE,INFEASIBLE,INFEASIBLE,INFEASIBLE,INFEASIBLE,INFEASIBLE,INFEASIBLE,INFEASIBLE,,INFEASIBLE,INFEASIBLE,INFEASIBLE,INFEASIBLE,INFEASIBLE,INFEASIBLE,INFEASIBLE,INFEASIBLE,INFEASIBLE,INFEASIBLE,INFEASIBLE,INFEASIBLE,INFEASIBLE,INFEASIBLE,INFEASIBLE,INFEASIBLE,INFEASIBLE,INFEASIBLE,INFEASIBLE,INFEASIBLE,INFEASIBLE,INFEASIBLE,INFEASIBLE,INFEASIBLE,INFEASIBLE,no_trials_in_band
freeze,score_only,fused_sp_lrt_delta,INFEASIBLE,0.5,budget_only,count,INFEASIBLE,INFEASIBLE,INFEASIBLE,INFEASIBLE,INFEASIBLE,INFEASIBLE,INFEASIBLE,INFEASIBLE,INFEASIBLE,INFEASIBLE,INFEASIBLE,INFEASIBLE,INFEASIBLE,INFEASIBLE,INFEASIBLE,INFEASIBLE,INFEASIBLE,INFEASIBLE,INFEASIBLE,INFEASIBLE,INFEASIBLE,INFEASIBLE,INFEASIBLE,,INFEASIBLE,INFEASIBLE,INFEASIBLE,INFEASIBLE,INFEASIBLE,INFEASIBLE,INFEASIBLE,INFEASIBLE,INFEASIBLE,INFEASIBLE,INFEASIBLE,INFEASIBLE,INFEASIBLE,INFEASIBLE,INFEASIBLE,INFEASIBLE,INFEASIBLE,INFEASIBLE,INFEASIBLE,INFEASIBLE,INFEASIBLE,INFEASIBLE,INFEASIBLE,INFEASIBLE,INFEASIBLE,no_trials_in_band
freeze,score_only,fused_sp_lrt_delta,INFEASIBLE,0.75,budget_only,count,INFEASIBLE,INFEASIBLE,INFEASIBLE,INFEASIBLE,INFEASIBLE,INFEASIBLE,INFEASIBLE,INFEASIBLE,INFEASIBLE,INFEASIBLE,INFEASIBLE,INFEASIBLE,INFEASIBLE,INFEASIBLE,INFEASIBLE,INFEASIBLE,INFEASIBLE,INFEASIBLE,INFEASIBLE,INFEASIBLE,INFEASIBLE,INFEASIBLE,INFEASIBLE,,INFEASIBLE,INFEASIBLE,INFEASIBLE,INFEASIBLE,INFEASIBLE,INFEASIBLE,INFEASIBLE,INFEASIBLE,INFEASIBLE,INFEASIBLE,INFEASIBLE,INFEASIBLE,INFEASIBLE,INFEASIBLE,INFEASIBLE,INFEASIBLE,INFEASIBLE,INFEASIBLE,INFEASIBLE,INFEASIBLE,INFEASIBLE,INFEASIBLE,INFEASIBLE,INFEASIBLE,INFEASIBLE,no_trials_in_band
freeze,score_only,fused_sp_lrt_delta,INFEASIBLE,1.0,budget_only,count,INFEASIBLE,INFEASIBLE,INFEASIBLE,INFEASIBLE,INFEASIBLE,INFEASIBLE,INFEASIBLE,INFEASIBLE,INFEASIBLE,INFEASIBLE,INFEASIBLE,INFEASIBLE,INFEASIBLE,INFEASIBLE,INFEASIBLE,INFEASIBLE,INFEASIBLE,INFEASIBLE,INFEASIBLE,INFEASIBLE,INFEASIBLE,INFEASIBLE,INFEASIBLE,,INFEASIBLE,INFEASIBLE,INFEASIBLE,INFEASIBLE,INFEASIBLE,INFEASIBLE,INFEASIBLE,INFEASIBLE,INFEASIBLE,INFEASIBLE,INFEASIBLE,INFEASIBLE,INFEASIBLE,INFEASIBLE,INFEASIBLE,INFEASIBLE,INFEASIBLE,INFEASIBLE,INFEASIBLE,INFEASIBLE,INFEASIBLE,INFEASIBLE,INFEASIBLE,INFEASIBLE,INFEASIBLE,no_trials_in_band
freeze,score_only,max_abs,1.0,0.0,budget_only,count,0.1,0.15,0.1,30,30,30,30,1.0,1.0,1.0,1.0141843971631204,0.03333333333333334,5.5,0.5333333333333333,0.5333333333333333,0.0,0.5666666666666667,0.23333333333333334,0.5666666666666667,0.23333333333333334,0.03333333333333333,0.2,0.2,4.0,24.5,24.5,24.5,26.0,24.5,26.0,18.0,26.0,24.5,26.0,5.5,5.5,1.7333333333333336,1.0141843971631204,0.03333333333333334,0.04666437208391654,-0.09999993797547463,1.0141843971631204,0.03333333333333334,0.0,0.0,0.0,0.0,0.0,OK,
freeze,score_only,max_abs,1.0,0.25,budget_only,count,0.1,0.15,0.1,30,30,30,30,1.0,1.0,1.0,1.0141843971631204,0.03333333333333334,5.5,0.4666666666666667,0.5333333333333333,-0.06666666666666665,0.5,0.23333333333333334,0.5,0.23333333333333334,0.03333333333333333,0.2,0.2,4.0,26.0,24.5,26.0,26.0,24.5,26.0,25.0,26.0,26.0,26.0,5.0,5.5,1.813238770685579,1.0695035460992908,0.03486997635933806,0.04666437208391654,-0.08333332607589858,1.0141843971631204,0.03333333333333334,0.002564102564102564,0.02222222222222222,-0.002564102564102564,0.002564102564102564,0.02222222222222222,OK,
freeze,score_only,max_abs,1.0,0.5,budget_only,count,0.1,0.15,0.1,30,30,30,30,1.0,1.0,1.0,1.0141843971631204,0.03333333333333334,5.5,0.23333333333333334,0.5333333333333333,-0.3,0.26666666666666666,0.1,0.26666666666666666,0.1,0.03333333333333333,0.06666666666666667,0.06666666666666667,4.0,26.0,24.5,26.0,26.0,24.5,26.0,26.0,26.0,26.0,26.0,6.0,5.5,1.7825059101654845,1.0756501182033096,0.034278959810874705,0.04666437208391654,-0.07083333501101823,1.0141843971631204,0.03333333333333334,0.020512820512820513,0.08888888888888888,-0.007692307692307693,0.015384615384615385,0.08888888888888888,OK,
freeze,score_only,max_abs,1.0,0.75,budget_only,count,0.1,0.15,0.1,30,30,30,30,1.0,1.0,1.0,1.0141843971631204,0.03333333333333334,5.5,0.1,0.5333333333333333,-0.43333333333333335,0.13333333333333333,0.06666666666666667,0.13333333333333333,0.06666666666666667,0.03333333333333333,0.03333333333333333,0.03333333333333333,4.0,26.0,24.5,26.0,26.0,24.5,26.0,26.0,26.0,26.0,26.0,6.0,5.5,1.8316784869976361,1.0879432624113474,0.03522458628841608,0.04666437208391654,-0.031249962889320526,1.0141843971631204,0.03333333333333334,0.020512820512820513,0.09999999999999999,-0.017948717948717947,0.017948717948717947,0.09999999999999999,OK,
freeze,score_only,max_abs,1.0,1.0,budget_only,count,0.1,0.15,0.1,30,30,30,30,1.0,1.0,1.0,1.0141843971631204,0.03333333333333334,5.5,0.0,0.5333333333333333,-0.5333333333333333,0.03333333333333333,0.03333333333333333,0.03333333333333333,0.03333333333333333,0.03333333333333333,0.0,0.0,4.0,26.0,24.5,26.0,26.0,24.5,26.0,26.0,26.0,26.0,26.0,NA,5.5,1.8193853427895983,1.0879432624113474,0.034988179669030735,0.04666437208391654,0.016667200758689944,1.0141843971631204,0.03333333333333334,0.02179487179487179,0.09999999999999999,-0.02179487179487179,0.02179487179487179,0.09999999999999999,OK,
freeze,score_only,max_abs,INFEASIBLE,0.0,budget_only,count,INFEASIBLE,INFEASIBLE,INFEASIBLE,INFEASIBLE,INFEASIBLE,INFEASIBLE,INFEASIBLE,INFEASIBLE,INFEASIBLE,INFEASIBLE,INFEASIBLE,INFEASIBLE,INFEASIBLE,INFEASIBLE,INFEASIBLE,INFEASIBLE,INFEASIBLE,INFEASIBLE,INFEASIBLE,INFEASIBLE,INFEASIBLE,INFEASIBLE,INFEASIBLE,,INFEASIBLE,INFEASIBLE,INFEASIBLE,INFEASIBLE,INFEASIBLE,INFEASIBLE,INFEASIBLE,INFEASIBLE,INFEASIBLE,INFEASIBLE,INFEASIBLE,INFEASIBLE,INFEASIBLE,INFEASIBLE,INFEASIBLE,INFEASIBLE,INFEASIBLE,INFEASIBLE,INFEASIBLE,INFEASIBLE,INFEASIBLE,INFEASIBLE,INFEASIBLE,INFEASIBLE,INFEASIBLE,no_trials_in_band
freeze,score_only,max_abs,INFEASIBLE,0.25,budget_only,count,INFEASIBLE,INFEASIBLE,INFEASIBLE,INFEASIBLE,INFEASIBLE,INFEASIBLE,INFEASIBLE,INFEASIBLE,INFEASIBLE,INFEASIBLE,INFEASIBLE,INFEASIBLE,INFEASIBLE,INFEASIBLE,INFEASIBLE,INFEASIBLE,INFEASIBLE,INFEASIBLE,INFEASIBLE,INFEASIBLE,INFEASIBLE,INFEASIBLE,INFEASIBLE,,INFEASIBLE,INFEASIBLE,INFEASIBLE,INFEASIBLE,INFEASIBLE,INFEASIBLE,INFEASIBLE,INFEASIBLE,INFEASIBLE,INFEASIBLE,INFEASIBLE,INFEASIBLE,INFEASIBLE,INFEASIBLE,INFEASIBLE,INFEASIBLE,INFEASIBLE,INFEASIBLE,INFEASIBLE,INFEASIBLE,INFEASIBLE,INFEASIBLE,INFEASIBLE,INFEASIBLE,INFEASIBLE,no_trials_in_band
freeze,score_only,max_abs,INFEASIBLE,0.5,budget_only,count,INFEASIBLE,INFEASIBLE,INFEASIBLE,INFEASIBLE,INFEASIBLE,INFEASIBLE,INFEASIBLE,INFEASIBLE,INFEASIBLE,INFEASIBLE,INFEASIBLE,INFEASIBLE,INFEASIBLE,INFEASIBLE,INFEASIBLE,INFEASIBLE,INFEASIBLE,INFEASIBLE,INFEASIBLE,INFEASIBLE,INFEASIBLE,INFEASIBLE,INFEASIBLE,,INFEASIBLE,INFEASIBLE,INFEASIBLE,INFEASIBLE,INFEASIBLE,INFEASIBLE,INFEASIBLE,INFEASIBLE,INFEASIBLE,INFEASIBLE,INFEASIBLE,INFEASIBLE,INFEASIBLE,INFEASIBLE,INFEASIBLE,INFEASIBLE,INFEASIBLE,INFEASIBLE,INFEASIBLE,INFEASIBLE,INFEASIBLE,INFEASIBLE,INFEASIBLE,INFEASIBLE,INFEASIBLE,no_trials_in_band
freeze,score_only,max_abs,INFEASIBLE,0.75,budget_only,count,INFEASIBLE,INFEASIBLE,INFEASIBLE,INFEASIBLE,INFEASIBLE,INFEASIBLE,INFEASIBLE,INFEASIBLE,INFEASIBLE,INFEASIBLE,INFEASIBLE,INFEASIBLE,INFEASIBLE,INFEASIBLE,INFEASIBLE,INFEASIBLE,INFEASIBLE,INFEASIBLE,INFEASIBLE,INFEASIBLE,INFEASIBLE,INFEASIBLE,INFEASIBLE,,INFEASIBLE,INFEASIBLE,INFEASIBLE,INFEASIBLE,INFEASIBLE,INFEASIBLE,INFEASIBLE,INFEASIBLE,INFEASIBLE,INFEASIBLE,INFEASIBLE,INFEASIBLE,INFEASIBLE,INFEASIBLE,INFEASIBLE,INFEASIBLE,INFEASIBLE,INFEASIBLE,INFEASIBLE,INFEASIBLE,INFEASIBLE,INFEASIBLE,INFEASIBLE,INFEASIBLE,INFEASIBLE,no_trials_in_band
freeze,score_only,max_abs,INFEASIBLE,1.0,budget_only,count,INFEASIBLE,INFEASIBLE,INFEASIBLE,INFEASIBLE,INFEASIBLE,INFEASIBLE,INFEASIBLE,INFEASIBLE,INFEASIBLE,INFEASIBLE,INFEASIBLE,INFEASIBLE,INFEASIBLE,INFEASIBLE,INFEASIBLE,INFEASIBLE,INFEASIBLE,INFEASIBLE,INFEASIBLE,INFEASIBLE,INFEASIBLE,INFEASIBLE,INFEASIBLE,,INFEASIBLE,INFEASIBLE,INFEASIBLE,INFEASIBLE,INFEASIBLE,INFEASIBLE,INFEASIBLE,INFEASIBLE,INFEASIBLE,INFEASIBLE,INFEASIBLE,INFEASIBLE,INFEASIBLE,INFEASIBLE,INFEASIBLE,INFEASIBLE,INFEASIBLE,INFEASIBLE,INFEASIBLE,INFEASIBLE,INFEASIBLE,INFEASIBLE,INFEASIBLE,INFEASIBLE,INFEASIBLE,no_trials_in_band
freeze,score_only,pc_t2,1.0,0.0,budget_only,count,0.1,0.15,0.1,30,22,22,22,0.7333333333333333,0.7333333333333333,0.7333333333333333,0.7375886524822696,0.01418439716312057,4.0,0.0,0.0,0.0,0.0,0.0,0.0,0.0,0.0,0.0,0.0,4.0,26.0,26.0,26.0,26.0,26.0,26.0,26.0,26.0,26.0,26.0,NA,NA,0.7375886524822696,0.7375886524822696,0.01418439716312057,0.0034530692490419056,-0.021014480930718293,0.7375886524822696,0.01418439716312057,0.0,0.0,0.0,0.0,0.0,OK,
freeze,score_only,pc_t2,1.0,0.25,budget_only,count,0.1,0.15,0.1,30,22,22,22,0.7333333333333333,0.7333333333333333,0.7333333333333333,0.7375886524822696,0.01418439716312057,4.0,0.0,0.0,0.0,0.0,0.0,0.0,0.0,0.0,0.0,0.0,4.0,26.0,26.0,26.0,26.0,26.0,26.0,26.0,26.0,26.0,26.0,NA,NA,0.7375886524822696,0.7375886524822696,0.01418439716312057,0.0034530692490419056,-0.12782761268428802,0.7375886524822696,0.01418439716312057,0.0,0.0,0.0,0.0,0.0,OK,
freeze,score_only,pc_t2,1.0,0.5,budget_only,count,0.1,0.15,0.1,30,22,22,22,0.7333333333333333,0.7333333333333333,0.7333333333333333,0.7375886524822696,0.01418439716312057,4.0,0.0,0.0,0.0,0.0,0.0,0.0,0.0,0.0,0.0,0.0,4.0,26.0,26.0,26.0,26.0,26.0,26.0,26.0,26.0,26.0,26.0,NA,NA,0.7459703417150224,0.7459703417150224,0.014345583494519669,0.0034530692490419056,-0.1128193916248585,0.7375886524822696,0.01418439716312057,0.0,0.0,0.0,0.0,0.0,OK,
freeze,score_only,pc_t2,1.0,0.75,budget_only,count,0.1,0.15,0.1,30,22,22,22,0.7333333333333333,0.7333333333333333,0.7333333333333333,0.7375886524822696,0.01418439716312057,4.0,0.0,0.0,0.0,0.0,0.0,0.0,0.0,0.0,0.0,0.0,4.0,26.0,26.0,26.0,26.0,26.0,26.0,26.0,26.0,26.0,26.0,NA,NA,0.7459703417150224,0.7459703417150224,0.014345583494519669,0.0034530692490419056,0.05628226048998797,0.7375886524822696,0.01418439716312057,0.0,0.0,0.0,0.0,0.0,OK,
freeze,score_only,pc_t2,1.0,1.0,budget_only,count,0.1,0.15,0.1,30,22,22,22,0.7333333333333333,0.7333333333333333,0.7333333333333333,0.7375886524822696,0.01418439716312057,4.0,0.0,0.0,0.0,0.0,0.0,0.0,0.0,0.0,0.0,0.0,4.0,26.0,26.0,26.0,26.0,26.0,26.0,26.0,26.0,26.0,26.0,NA,NA,0.7459703417150224,0.7459703417150224,0.014345583494519669,0.0034530692490419056,0.36716609693179764,0.7375886524822696,0.01418439716312057,0.0,0.0,0.0,0.0,0.0,OK,
freeze,score_only,pc_t2,INFEASIBLE,0.0,budget_only,count,INFEASIBLE,INFEASIBLE,INFEASIBLE,INFEASIBLE,INFEASIBLE,INFEASIBLE,INFEASIBLE,INFEASIBLE,INFEASIBLE,INFEASIBLE,INFEASIBLE,INFEASIBLE,INFEASIBLE,INFEASIBLE,INFEASIBLE,INFEASIBLE,INFEASIBLE,INFEASIBLE,INFEASIBLE,INFEASIBLE,INFEASIBLE,INFEASIBLE,INFEASIBLE,,INFEASIBLE,INFEASIBLE,INFEASIBLE,INFEASIBLE,INFEASIBLE,INFEASIBLE,INFEASIBLE,INFEASIBLE,INFEASIBLE,INFEASIBLE,INFEASIBLE,INFEASIBLE,INFEASIBLE,INFEASIBLE,INFEASIBLE,INFEASIBLE,INFEASIBLE,INFEASIBLE,INFEASIBLE,INFEASIBLE,INFEASIBLE,INFEASIBLE,INFEASIBLE,INFEASIBLE,INFEASIBLE,no_trials_in_band
freeze,score_only,pc_t2,INFEASIBLE,0.25,budget_only,count,INFEASIBLE,INFEASIBLE,INFEASIBLE,INFEASIBLE,INFEASIBLE,INFEASIBLE,INFEASIBLE,INFEASIBLE,INFEASIBLE,INFEASIBLE,INFEASIBLE,INFEASIBLE,INFEASIBLE,INFEASIBLE,INFEASIBLE,INFEASIBLE,INFEASIBLE,INFEASIBLE,INFEASIBLE,INFEASIBLE,INFEASIBLE,INFEASIBLE,INFEASIBLE,,INFEASIBLE,INFEASIBLE,INFEASIBLE,INFEASIBLE,INFEASIBLE,INFEASIBLE,INFEASIBLE,INFEASIBLE,INFEASIBLE,INFEASIBLE,INFEASIBLE,INFEASIBLE,INFEASIBLE,INFEASIBLE,INFEASIBLE,INFEASIBLE,INFEASIBLE,INFEASIBLE,INFEASIBLE,INFEASIBLE,INFEASIBLE,INFEASIBLE,INFEASIBLE,INFEASIBLE,INFEASIBLE,no_trials_in_band
freeze,score_only,pc_t2,INFEASIBLE,0.5,budget_only,count,INFEASIBLE,INFEASIBLE,INFEASIBLE,INFEASIBLE,INFEASIBLE,INFEASIBLE,INFEASIBLE,INFEASIBLE,INFEASIBLE,INFEASIBLE,INFEASIBLE,INFEASIBLE,INFEASIBLE,INFEASIBLE,INFEASIBLE,INFEASIBLE,INFEASIBLE,INFEASIBLE,INFEASIBLE,INFEASIBLE,INFEASIBLE,INFEASIBLE,INFEASIBLE,,INFEASIBLE,INFEASIBLE,INFEASIBLE,INFEASIBLE,INFEASIBLE,INFEASIBLE,INFEASIBLE,INFEASIBLE,INFEASIBLE,INFEASIBLE,INFEASIBLE,INFEASIBLE,INFEASIBLE,INFEASIBLE,INFEASIBLE,INFEASIBLE,INFEASIBLE,INFEASIBLE,INFEASIBLE,INFEASIBLE,INFEASIBLE,INFEASIBLE,INFEASIBLE,INFEASIBLE,INFEASIBLE,no_trials_in_band
freeze,score_only,pc_t2,INFEASIBLE,0.75,budget_only,count,INFEASIBLE,INFEASIBLE,INFEASIBLE,INFEASIBLE,INFEASIBLE,INFEASIBLE,INFEASIBLE,INFEASIBLE,INFEASIBLE,INFEASIBLE,INFEASIBLE,INFEASIBLE,INFEASIBLE,INFEASIBLE,INFEASIBLE,INFEASIBLE,INFEASIBLE,INFEASIBLE,INFEASIBLE,INFEASIBLE,INFEASIBLE,INFEASIBLE,INFEASIBLE,,INFEASIBLE,INFEASIBLE,INFEASIBLE,INFEASIBLE,INFEASIBLE,INFEASIBLE,INFEASIBLE,INFEASIBLE,INFEASIBLE,INFEASIBLE,INFEASIBLE,INFEASIBLE,INFEASIBLE,INFEASIBLE,INFEASIBLE,INFEASIBLE,INFEASIBLE,INFEASIBLE,INFEASIBLE,INFEASIBLE,INFEASIBLE,INFEASIBLE,INFEASIBLE,INFEASIBLE,INFEASIBLE,no_trials_in_band
freeze,score_only,pc_t2,INFEASIBLE,1.0,budget_only,count,INFEASIBLE,INFEASIBLE,INFEASIBLE,INFEASIBLE,INFEASIBLE,INFEASIBLE,INFEASIBLE,INFEASIBLE,INFEASIBLE,INFEASIBLE,INFEASIBLE,INFEASIBLE,INFEASIBLE,INFEASIBLE,INFEASIBLE,INFEASIBLE,INFEASIBLE,INFEASIBLE,INFEASIBLE,INFEASIBLE,INFEASIBLE,INFEASIBLE,INFEASIBLE,,INFEASIBLE,INFEASIBLE,INFEASIBLE,INFEASIBLE,INFEASIBLE,INFEASIBLE,INFEASIBLE,INFEASIBLE,INFEASIBLE,INFEASIBLE,INFEASIBLE,INFEASIBLE,INFEASIBLE,INFEASIBLE,INFEASIBLE,INFEASIBLE,INFEASIBLE,INFEASIBLE,INFEASIBLE,INFEASIBLE,INFEASIBLE,INFEASIBLE,INFEASIBLE,INFEASIBLE,INFEASIBLE,no_trials_in_band
freeze,score_only,res_energy,1.0,0.0,budget_only,count,0.1,0.15,0.1,30,30,30,30,1.0,1.0,1.0,0.8236406619385342,0.022222222222222223,4.466666666666667,0.5333333333333333,0.5333333333333333,0.0,0.5333333333333333,0.1,0.5333333333333333,0.1,0.0,0.1,0.1,4.0,23.0,23.0,23.0,26.0,23.0,26.0,23.0,26.0,23.0,26.0,10.5,10.5,1.1555555555555552,0.8236406619385342,0.022222222222222223,0.0070125393775205035,0.27777405084599993,0.8236406619385342,0.022222222222222223,0.0,0.0,0.0,0.0,0.0,OK,
freeze,score_only,res_energy,1.0,0.25,budget_only,count,0.1,0.15,0.1,30,30,30,30,1.0,1.0,1.0,0.8236406619385342,0.022222222222222223,4.466666666666667,0.5,0.5333333333333333,-0.033333333333333326,0.5,0.06666666666666667,0.5,0.06666666666666667,0.0,0.06666666666666667,0.06666666666666667,4.0,25.0,23.0,25.0,26.0,23.0,26.0,25.0,26.0,25.0,26.0,15.0,10.5,1.1371158392434988,0.8297872340425533,0.02186761229314421,0.0070125393775205035,0.19766651199981677,0.8236406619385342,0.022222222222222223,0.02564102564102564,0.0,0.0,0.010256410256410256,0.0,OK,
freeze,score_only,res_energy,1.0,0.5,budget_only,count,0.1,0.15,0.1,30,30,30,30,1.0,1.0,1.0,0.8236406619385342,0.022222222222222223,4.466666666666667,0.3333333333333333,0.5333333333333333,-0.2,0.3333333333333333,0.03333333333333333,0.3333333333333333,0.03333333333333333,0.0,0.03333333333333333,0.03333333333333333,4.0,26.0,23.0,26.0,26.0,23.0,26.0,26.0,26.0,26.0,26.0,14.5,10.5,1.3092198581560281,0.8666666666666667,0.025177304964539005,0.0070125393775205035,0.16556037668791382,0.8236406619385342,0.022222222222222223,0.021794871794871794,0.12222222222222222,-0.011538461538461537,0.011538461538461537,0.12222222222222222,OK,
freeze,score_only,res_energy,1.0,0.75,budget_only,count,0.1,0.15,0.1,30,30,30,30,1.0,1.0,1.0,0.8236406619385342,0.022222222222222223,4.466666666666667,0.23333333333333334,0.5333333333333333,-0.3,0.23333333333333334,0.0,0.23333333333333334,0.0,0.0,0.0,0.0,4.0,26.0,23.0,26.0,26.0,23.0,26.0,26.0,26.0,26.0,26.0,16.0,10.5,1.4014184397163123,0.8728132387706856,0.02695035460992908,0.0070125393775205035,0.18762076439610348,0.8236406619385342,0.022222222222222223,0.024358974358974352,0.18888888888888886,-0.016666666666666666,0.016666666666666666,0.18888888888888886,OK,
freeze,score_only,res_energy,1.0,1.0,budget_only,count,0.1,0.15,0.1,30,30,30,30,1.0,1.0,1.0,0.8236406619385342,0.022222222222222223,4.466666666666667,0.0,0.5333333333333333,-0.5333333333333333,0.0,0.0,0.0,0.0,0.0,0.0,0.0,4.0,26.0,23.0,26.0,26.0,23.0,26.0,26.0,26.0,26.0,26.0,NA,10.5,1.5120567375886524,0.9096926713947991,0.029078014184397163,0.0070125393775205035,0.25827823979489456,0.8236406619385342,0.022222222222222223,0.028205128205128202,0.3333333333333333,-0.028205128205128202,0.028205128205128202,0.31111111111111106,OK,
freeze,score_only,res_energy,INFEASIBLE,0.0,budget_only,count,INFEASIBLE,INFEASIBLE,INFEASIBLE,INFEASIBLE,INFEASIBLE,INFEASIBLE,INFEASIBLE,INFEASIBLE,INFEASIBLE,INFEASIBLE,INFEASIBLE,INFEASIBLE,INFEASIBLE,INFEASIBLE,INFEASIBLE,INFEASIBLE,INFEASIBLE,INFEASIBLE,INFEASIBLE,INFEASIBLE,INFEASIBLE,INFEASIBLE,INFEASIBLE,,INFEASIBLE,INFEASIBLE,INFEASIBLE,INFEASIBLE,INFEASIBLE,INFEASIBLE,INFEASIBLE,INFEASIBLE,INFEASIBLE,INFEASIBLE,INFEASIBLE,INFEASIBLE,INFEASIBLE,INFEASIBLE,INFEASIBLE,INFEASIBLE,INFEASIBLE,INFEASIBLE,INFEASIBLE,INFEASIBLE,INFEASIBLE,INFEASIBLE,INFEASIBLE,INFEASIBLE,INFEASIBLE,no_trials_in_band
freeze,score_only,res_energy,INFEASIBLE,0.25,budget_only,count,INFEASIBLE,INFEASIBLE,INFEASIBLE,INFEASIBLE,INFEASIBLE,INFEASIBLE,INFEASIBLE,INFEASIBLE,INFEASIBLE,INFEASIBLE,INFEASIBLE,INFEASIBLE,INFEASIBLE,INFEASIBLE,INFEASIBLE,INFEASIBLE,INFEASIBLE,INFEASIBLE,INFEASIBLE,INFEASIBLE,INFEASIBLE,INFEASIBLE,INFEASIBLE,,INFEASIBLE,INFEASIBLE,INFEASIBLE,INFEASIBLE,INFEASIBLE,INFEASIBLE,INFEASIBLE,INFEASIBLE,INFEASIBLE,INFEASIBLE,INFEASIBLE,INFEASIBLE,INFEASIBLE,INFEASIBLE,INFEASIBLE,INFEASIBLE,INFEASIBLE,INFEASIBLE,INFEASIBLE,INFEASIBLE,INFEASIBLE,INFEASIBLE,INFEASIBLE,INFEASIBLE,INFEASIBLE,no_trials_in_band
freeze,score_only,res_energy,INFEASIBLE,0.5,budget_only,count,INFEASIBLE,INFEASIBLE,INFEASIBLE,INFEASIBLE,INFEASIBLE,INFEASIBLE,INFEASIBLE,INFEASIBLE,INFEASIBLE,INFEASIBLE,INFEASIBLE,INFEASIBLE,INFEASIBLE,INFEASIBLE,INFEASIBLE,INFEASIBLE,INFEASIBLE,INFEASIBLE,INFEASIBLE,INFEASIBLE,INFEASIBLE,INFEASIBLE,INFEASIBLE,,INFEASIBLE,INFEASIBLE,INFEASIBLE,INFEASIBLE,INFEASIBLE,INFEASIBLE,INFEASIBLE,INFEASIBLE,INFEASIBLE,INFEASIBLE,INFEASIBLE,INFEASIBLE,INFEASIBLE,INFEASIBLE,INFEASIBLE,INFEASIBLE,INFEASIBLE,INFEASIBLE,INFEASIBLE,INFEASIBLE,INFEASIBLE,INFEASIBLE,INFEASIBLE,INFEASIBLE,INFEASIBLE,no_trials_in_band
freeze,score_only,res_energy,INFEASIBLE,0.75,budget_only,count,INFEASIBLE,INFEASIBLE,INFEASIBLE,INFEASIBLE,INFEASIBLE,INFEASIBLE,INFEASIBLE,INFEASIBLE,INFEASIBLE,INFEASIBLE,INFEASIBLE,INFEASIBLE,INFEASIBLE,INFEASIBLE,INFEASIBLE,INFEASIBLE,INFEASIBLE,INFEASIBLE,INFEASIBLE,INFEASIBLE,INFEASIBLE,INFEASIBLE,INFEASIBLE,,INFEASIBLE,INFEASIBLE,INFEASIBLE,INFEASIBLE,INFEASIBLE,INFEASIBLE,INFEASIBLE,INFEASIBLE,INFEASIBLE,INFEASIBLE,INFEASIBLE,INFEASIBLE,INFEASIBLE,INFEASIBLE,INFEASIBLE,INFEASIBLE,INFEASIBLE,INFEASIBLE,INFEASIBLE,INFEASIBLE,INFEASIBLE,INFEASIBLE,INFEASIBLE,INFEASIBLE,INFEASIBLE,no_trials_in_band
freeze,score_only,res_energy,INFEASIBLE,1.0,budget_only,count,INFEASIBLE,INFEASIBLE,INFEASIBLE,INFEASIBLE,INFEASIBLE,INFEASIBLE,INFEASIBLE,INFEASIBLE,INFEASIBLE,INFEASIBLE,INFEASIBLE,INFEASIBLE,INFEASIBLE,INFEASIBLE,INFEASIBLE,INFEASIBLE,INFEASIBLE,INFEASIBLE,INFEASIBLE,INFEASIBLE,INFEASIBLE,INFEASIBLE,INFEASIBLE,,INFEASIBLE,INFEASIBLE,INFEASIBLE,INFEASIBLE,INFEASIBLE,INFEASIBLE,INFEASIBLE,INFEASIBLE,INFEASIBLE,INFEASIBLE,INFEASIBLE,INFEASIBLE,INFEASIBLE,INFEASIBLE,INFEASIBLE,INFEASIBLE,INFEASIBLE,INFEASIBLE,INFEASIBLE,INFEASIBLE,INFEASIBLE,INFEASIBLE,INFEASIBLE,INFEASIBLE,INFEASIBLE,no_trials_in_band
freeze,score_only,stale,1.0,0.0,budget_only,count,0.1,0.15,0.1,30,1,0,1,0.03333333333333333,0.0,0.03333333333333333,1.1063829787234043,0.5035460992907801,6.0,0.0,0.0,0.0,1.0,1.0,1.0,1.0,1.0,0.0,0.0,4.0,26.0,26.0,26.0,26.0,26.0,26.0,0.0,0.0,26.0,26.0,NA,NA,26.184397163120565,1.1063829787234043,0.5035460992907801,1e-06,-1.096085409252669,1.1063829787234043,0.5035460992907801,0.0,0.0,0.0,0.0,0.0,OK,
freeze,score_only,stale,1.0,0.25,budget_only,count,0.1,0.15,0.1,30,1,0,1,0.03333333333333333,0.0,0.03333333333333333,1.1063829787234043,0.5035460992907801,6.0,0.0,0.0,0.0,1.0,1.0,1.0,1.0,1.0,0.0,0.0,4.0,26.0,26.0,26.0,26.0,26.0,26.0,0.0,0.0,26.0,26.0,NA,NA,26.184397163120565,1.1063829787234043,0.5035460992907801,1e-06,-1.096085409252669,1.1063829787234043,0.5035460992907801,0.0,0.0,0.0,0.0,0.0,OK,
freeze,score_only,stale,1.0,0.5,budget_only,count,0.1,0.15,0.1,30,1,0,1,0.03333333333333333,0.0,0.03333333333333333,1.1063829787234043,0.5035460992907801,6.0,0.0,0.0,0.0,1.0,1.0,1.0,1.0,1.0,0.0,0.0,4.0,26.0,26.0,26.0,26.0,26.0,26.0,0.0,0.0,26.0,26.0,NA,NA,26.184397163120565,1.1063829787234043,0.5035460992907801,1e-06,-1.096085409252669,1.1063829787234043,0.5035460992907801,0.0,0.0,0.0,0.0,0.0,OK,
freeze,score_only,stale,1.0,0.75,budget_only,count,0.1,0.15,0.1,30,1,0,1,0.03333333333333333,0.0,0.03333333333333333,1.1063829787234043,0.5035460992907801,6.0,0.0,0.0,0.0,1.0,1.0,1.0,1.0,1.0,0.0,0.0,4.0,26.0,26.0,26.0,26.0,26.0,26.0,0.0,0.0,26.0,26.0,NA,NA,26.184397163120565,1.1063829787234043,0.5035460992907801,1e-06,-1.096085409252669,1.1063829787234043,0.5035460992907801,0.0,0.0,0.0,0.0,0.0,OK,
freeze,score_only,stale,1.0,1.0,budget_only,count,0.1,0.15,0.1,30,1,0,1,0.03333333333333333,0.0,0.03333333333333333,1.1063829787234043,0.5035460992907801,6.0,0.0,0.0,0.0,1.0,1.0,1.0,1.0,1.0,0.0,0.0,4.0,26.0,26.0,26.0,26.0,26.0,26.0,0.0,0.0,26.0,26.0,NA,NA,26.184397163120565,1.1063829787234043,0.5035460992907801,1e-06,-1.096085409252669,1.1063829787234043,0.5035460992907801,0.0,0.0,0.0,0.0,0.0,OK,
freeze,score_only,stale,INFEASIBLE,0.0,budget_only,count,INFEASIBLE,INFEASIBLE,INFEASIBLE,INFEASIBLE,INFEASIBLE,INFEASIBLE,INFEASIBLE,INFEASIBLE,INFEASIBLE,INFEASIBLE,INFEASIBLE,INFEASIBLE,INFEASIBLE,INFEASIBLE,INFEASIBLE,INFEASIBLE,INFEASIBLE,INFEASIBLE,INFEASIBLE,INFEASIBLE,INFEASIBLE,INFEASIBLE,INFEASIBLE,,INFEASIBLE,INFEASIBLE,INFEASIBLE,INFEASIBLE,INFEASIBLE,INFEASIBLE,INFEASIBLE,INFEASIBLE,INFEASIBLE,INFEASIBLE,INFEASIBLE,INFEASIBLE,INFEASIBLE,INFEASIBLE,INFEASIBLE,INFEASIBLE,INFEASIBLE,INFEASIBLE,INFEASIBLE,INFEASIBLE,INFEASIBLE,INFEASIBLE,INFEASIBLE,INFEASIBLE,INFEASIBLE,no_trials_in_band
freeze,score_only,stale,INFEASIBLE,0.25,budget_only,count,INFEASIBLE,INFEASIBLE,INFEASIBLE,INFEASIBLE,INFEASIBLE,INFEASIBLE,INFEASIBLE,INFEASIBLE,INFEASIBLE,INFEASIBLE,INFEASIBLE,INFEASIBLE,INFEASIBLE,INFEASIBLE,INFEASIBLE,INFEASIBLE,INFEASIBLE,INFEASIBLE,INFEASIBLE,INFEASIBLE,INFEASIBLE,INFEASIBLE,INFEASIBLE,,INFEASIBLE,INFEASIBLE,INFEASIBLE,INFEASIBLE,INFEASIBLE,INFEASIBLE,INFEASIBLE,INFEASIBLE,INFEASIBLE,INFEASIBLE,INFEASIBLE,INFEASIBLE,INFEASIBLE,INFEASIBLE,INFEASIBLE,INFEASIBLE,INFEASIBLE,INFEASIBLE,INFEASIBLE,INFEASIBLE,INFEASIBLE,INFEASIBLE,INFEASIBLE,INFEASIBLE,INFEASIBLE,no_trials_in_band
freeze,score_only,stale,INFEASIBLE,0.5,budget_only,count,INFEASIBLE,INFEASIBLE,INFEASIBLE,INFEASIBLE,INFEASIBLE,INFEASIBLE,INFEASIBLE,INFEASIBLE,INFEASIBLE,INFEASIBLE,INFEASIBLE,INFEASIBLE,INFEASIBLE,INFEASIBLE,INFEASIBLE,INFEASIBLE,INFEASIBLE,INFEASIBLE,INFEASIBLE,INFEASIBLE,INFEASIBLE,INFEASIBLE,INFEASIBLE,,INFEASIBLE,INFEASIBLE,INFEASIBLE,INFEASIBLE,INFEASIBLE,INFEASIBLE,INFEASIBLE,INFEASIBLE,INFEASIBLE,INFEASIBLE,INFEASIBLE,INFEASIBLE,INFEASIBLE,INFEASIBLE,INFEASIBLE,INFEASIBLE,INFEASIBLE,INFEASIBLE,INFEASIBLE,INFEASIBLE,INFEASIBLE,INFEASIBLE,INFEASIBLE,INFEASIBLE,INFEASIBLE,no_trials_in_band
freeze,score_only,stale,INFEASIBLE,0.75,budget_only,count,INFEASIBLE,INFEASIBLE,INFEASIBLE,INFEASIBLE,INFEASIBLE,INFEASIBLE,INFEASIBLE,INFEASIBLE,INFEASIBLE,INFEASIBLE,INFEASIBLE,INFEASIBLE,INFEASIBLE,INFEASIBLE,INFEASIBLE,INFEASIBLE,INFEASIBLE,INFEASIBLE,INFEASIBLE,INFEASIBLE,INFEASIBLE,INFEASIBLE,INFEASIBLE,,INFEASIBLE,INFEASIBLE,INFEASIBLE,INFEASIBLE,INFEASIBLE,INFEASIBLE,INFEASIBLE,INFEASIBLE,INFEASIBLE,INFEASIBLE,INFEASIBLE,INFEASIBLE,INFEASIBLE,INFEASIBLE,INFEASIBLE,INFEASIBLE,INFEASIBLE,INFEASIBLE,INFEASIBLE,INFEASIBLE,INFEASIBLE,INFEASIBLE,INFEASIBLE,INFEASIBLE,INFEASIBLE,no_trials_in_band
freeze,score_only,stale,INFEASIBLE,1.0,budget_only,count,INFEASIBLE,INFEASIBLE,INFEASIBLE,INFEASIBLE,INFEASIBLE,INFEASIBLE,INFEASIBLE,INFEASIBLE,INFEASIBLE,INFEASIBLE,INFEASIBLE,INFEASIBLE,INFEASIBLE,INFEASIBLE,INFEASIBLE,INFEASIBLE,INFEASIBLE,INFEASIBLE,INFEASIBLE,INFEASIBLE,INFEASIBLE,INFEASIBLE,INFEASIBLE,,INFEASIBLE,INFEASIBLE,INFEASIBLE,INFEASIBLE,INFEASIBLE,INFEASIBLE,INFEASIBLE,INFEASIBLE,INFEASIBLE,INFEASIBLE,INFEASIBLE,INFEASIBLE,INFEASIBLE,INFEASIBLE,INFEASIBLE,INFEASIBLE,INFEASIBLE,INFEASIBLE,INFEASIBLE,INFEASIBLE,INFEASIBLE,INFEASIBLE,INFEASIBLE,INFEASIBLE,INFEASIBLE,no_trials_in_band
