incident_regime_id,panel,detector,kind,attack_strength,budget,n_trials,contract_pass_full_rate,event_timely_sla_rate,budget_overshoot_rate,tiw_overshoot_rate,regime_start,regime_end
0,all_only,T2,gradual_bias,0.25,1.0,4,0.0,0.0,0.0,0.0,2007-11-17,2010-11-06
0,all_only,T2,gradual_bias,0.25,2.0,4,0.25,0.25,0.0,0.0,2007-11-17,2010-11-06
0,all_only,T2,gradual_bias,0.5,1.0,4,0.0,0.0,0.0,0.0,2007-11-17,2010-11-06
0,all_only,T2,gradual_bias,0.5,2.0,4,0.25,0.25,0.0,0.0,2007-11-17,2010-11-06
0,all_only,T2,gradual_bias,0.75,1.0,4,0.0,0.0,0.0,0.0,2007-11-17,2010-11-06
0,all_only,T2,gradual_bias,0.75,2.0,4,0.25,0.25,0.0,0.0,2007-11-17,2010-11-06
0,all_only,T2,gradual_bias,1.0,1.0,4,0.0,0.0,0.0,0.0,2007-11-17,2010-11-06
0,all_only,T2,gradual_bias,1.0,2.0,4,0.25,0.25,0.0,0.0,2007-11-17,2010-11-06
0,all_only,cusum_factor_cov_lrt,gradual_bias,0.25,1.0,4,0.0,0.0,0.5,0.0,2007-11-17,2010-11-06
0,all_only,cusum_factor_cov_lrt,gradual_bias,0.25,2.0,4,0.0,0.0,0.0,0.0,2007-11-17,2010-11-06
0,all_only,cusum_factor_cov_lrt,gradual_bias,0.5,1.0,4,0.0,0.0,0.5,0.0,2007-11-17,2010-11-06
0,all_only,cusum_factor_cov_lrt,gradual_bias,0.5,2.0,4,0.0,0.0,0.0,0.0,2007-11-17,2010-11-06
0,all_only,cusum_factor_cov_lrt,gradual_bias,0.75,1.0,4,0.0,0.0,0.5,0.0,2007-11-17,2010-11-06
0,all_only,cusum_factor_cov_lrt,gradual_bias,0.75,2.0,4,0.0,0.0,0.0,0.0,2007-11-17,2010-11-06
0,all_only,cusum_factor_cov_lrt,gradual_bias,1.0,1.0,4,0.0,0.0,0.5,0.0,2007-11-17,2010-11-06
0,all_only,cusum_factor_cov_lrt,gradual_bias,1.0,2.0,4,0.0,0.0,0.0,0.0,2007-11-17,2010-11-06
0,all_only,ewma_factor_cov_lrt,gradual_bias,0.25,1.0,4,0.0,0.0,0.0,0.0,2007-11-17,2010-11-06
0,all_only,ewma_factor_cov_lrt,gradual_bias,0.25,2.0,4,0.0,0.0,0.0,0.0,2007-11-17,2010-11-06
0,all_only,ewma_factor_cov_lrt,gradual_bias,0.5,1.0,4,0.0,0.0,0.0,0.0,2007-11-17,2010-11-06
0,all_only,ewma_factor_cov_lrt,gradual_bias,0.5,2.0,4,0.0,0.0,0.0,0.0,2007-11-17,2010-11-06
0,all_only,ewma_factor_cov_lrt,gradual_bias,0.75,1.0,4,0.0,0.0,0.0,0.0,2007-11-17,2010-11-06
0,all_only,ewma_factor_cov_lrt,gradual_bias,0.75,2.0,4,0.0,0.0,0.0,0.0,2007-11-17,2010-11-06
0,all_only,ewma_factor_cov_lrt,gradual_bias,1.0,1.0,4,0.0,0.0,0.0,0.0,2007-11-17,2010-11-06
0,all_only,ewma_factor_cov_lrt,gradual_bias,1.0,2.0,4,0.0,0.0,0.0,0.0,2007-11-17,2010-11-06
0,all_only,factor_cov_change,gradual_bias,0.25,1.0,4,0.0,0.0,0.0,0.0,2007-11-17,2010-11-06
0,all_only,factor_cov_change,gradual_bias,0.25,2.0,4,0.25,0.25,0.0,0.5,2007-11-17,2010-11-06
0,all_only,factor_cov_change,gradual_bias,0.5,1.0,4,0.0,0.0,0.0,0.0,2007-11-17,2010-11-06
0,all_only,factor_cov_change,gradual_bias,0.5,2.0,4,0.25,0.25,0.0,0.5,2007-11-17,2010-11-06
0,all_only,factor_cov_change,gradual_bias,0.75,1.0,4,0.0,0.0,0.0,0.0,2007-11-17,2010-11-06
0,all_only,factor_cov_change,gradual_bias,0.75,2.0,4,0.25,0.25,0.0,0.5,2007-11-17,2010-11-06
0,all_only,factor_cov_change,gradual_bias,1.0,1.0,4,0.0,0.0,0.0,0.0,2007-11-17,2010-11-06
0,all_only,factor_cov_change,gradual_bias,1.0,2.0,4,0.25,0.25,0.0,0.5,2007-11-17,2010-11-06
0,all_only,factor_cov_delta,gradual_bias,0.25,1.0,4,0.0,0.0,0.0,0.0,2007-11-17,2010-11-06
0,all_only,factor_cov_delta,gradual_bias,0.25,2.0,4,0.0,0.0,0.0,0.0,2007-11-17,2010-11-06
0,all_only,factor_cov_delta,gradual_bias,0.5,1.0,4,0.0,0.0,0.0,0.0,2007-11-17,2010-11-06
0,all_only,factor_cov_delta,gradual_bias,0.5,2.0,4,0.0,0.0,0.0,0.0,2007-11-17,2010-11-06
0,all_only,factor_cov_delta,gradual_bias,0.75,1.0,4,0.0,0.0,0.0,0.0,2007-11-17,2010-11-06
0,all_only,factor_cov_delta,gradual_bias,0.75,2.0,4,0.0,0.0,0.0,0.0,2007-11-17,2010-11-06
0,all_only,factor_cov_delta,gradual_bias,1.0,1.0,4,0.0,0.0,0.0,0.0,2007-11-17,2010-11-06
0,all_only,factor_cov_delta,gradual_bias,1.0,2.0,4,0.0,0.0,0.0,0.0,2007-11-17,2010-11-06
0,all_only,factor_cov_lrt,gradual_bias,0.25,1.0,4,0.0,0.0,0.0,0.0,2007-11-17,2010-11-06
0,all_only,factor_cov_lrt,gradual_bias,0.25,2.0,4,0.0,0.0,0.0,0.0,2007-11-17,2010-11-06
0,all_only,factor_cov_lrt,gradual_bias,0.5,1.0,4,0.0,0.0,0.0,0.0,2007-11-17,2010-11-06
0,all_only,factor_cov_lrt,gradual_bias,0.5,2.0,4,0.0,0.0,0.0,0.0,2007-11-17,2010-11-06
0,all_only,factor_cov_lrt,gradual_bias,0.75,1.0,4,0.0,0.0,0.0,0.0,2007-11-17,2010-11-06
0,all_only,factor_cov_lrt,gradual_bias,0.75,2.0,4,0.0,0.0,0.0,0.0,2007-11-17,2010-11-06
0,all_only,factor_cov_lrt,gradual_bias,1.0,1.0,4,0.0,0.0,0.0,0.0,2007-11-17,2010-11-06
0,all_only,factor_cov_lrt,gradual_bias,1.0,2.0,4,0.0,0.0,0.0,0.0,2007-11-17,2010-11-06
0,all_only,factor_cov_lrt_delta,gradual_bias,0.25,1.0,4,0.0,0.0,0.0,0.0,2007-11-17,2010-11-06
0,all_only,factor_cov_lrt_delta,gradual_bias,0.25,2.0,4,0.0,0.0,0.0,0.0,2007-11-17,2010-11-06
0,all_only,factor_cov_lrt_delta,gradual_bias,0.5,1.0,4,0.0,0.0,0.0,0.0,2007-11-17,2010-11-06
0,all_only,factor_cov_lrt_delta,gradual_bias,0.5,2.0,4,0.0,0.0,0.0,0.0,2007-11-17,2010-11-06
0,all_only,factor_cov_lrt_delta,gradual_bias,0.75,1.0,4,0.0,0.0,0.0,0.0,2007-11-17,2010-11-06
0,all_only,factor_cov_lrt_delta,gradual_bias,0.75,2.0,4,0.0,0.0,0.0,0.0,2007-11-17,2010-11-06
0,all_only,factor_cov_lrt_delta,gradual_bias,1.0,1.0,4,0.0,0.0,0.0,0.0,2007-11-17,2010-11-06
0,all_only,factor_cov_lrt_delta,gradual_bias,1.0,2.0,4,0.0,0.0,0.0,0.0,2007-11-17,2010-11-06
0,all_only,fused_fisher,gradual_bias,0.25,1.0,4,0.25,0.25,0.0,0.0,2007-11-17,2010-11-06
0,all_only,fused_fisher,gradual_bias,0.25,2.0,4,0.75,0.75,0.0,0.0,2007-11-17,2010-11-06
0,all_only,fused_fisher,gradual_bias,0.5,1.0,4,0.25,0.25,0.0,0.0,2007-11-17,2010-11-06
0,all_only,fused_fisher,gradual_bias,0.5,2.0,4,0.75,0.75,0.0,0.0,2007-11-17,2010-11-06
0,all_only,fused_fisher,gradual_bias,0.75,1.0,4,0.25,0.25,0.0,0.0,2007-11-17,2010-11-06
0,all_only,fused_fisher,gradual_bias,0.75,2.0,4,0.75,0.75,0.0,0.0,2007-11-17,2010-11-06
0,all_only,fused_fisher,gradual_bias,1.0,1.0,4,0.25,0.25,0.0,0.0,2007-11-17,2010-11-06
0,all_only,fused_fisher,gradual_bias,1.0,2.0,4,0.75,0.75,0.0,0.0,2007-11-17,2010-11-06
0,all_only,fused_fisher_lrt_delta,gradual_bias,0.25,1.0,4,0.0,0.0,0.0,0.0,2007-11-17,2010-11-06
0,all_only,fused_fisher_lrt_delta,gradual_bias,0.25,2.0,4,0.0,0.0,0.0,0.0,2007-11-17,2010-11-06
0,all_only,fused_fisher_lrt_delta,gradual_bias,0.5,1.0,4,0.0,0.0,0.0,0.0,2007-11-17,2010-11-06
0,all_only,fused_fisher_lrt_delta,gradual_bias,0.5,2.0,4,0.0,0.0,0.0,0.0,2007-11-17,2010-11-06
0,all_only,fused_fisher_lrt_delta,gradual_bias,0.75,1.0,4,0.0,0.0,0.0,0.0,2007-11-17,2010-11-06
0,all_only,fused_fisher_lrt_delta,gradual_bias,0.75,2.0,4,0.0,0.0,0.0,0.0,2007-11-17,2010-11-06
0,all_only,fused_fisher_lrt_delta,gradual_bias,1.0,1.0,4,0.0,0.0,0.0,0.0,2007-11-17,2010-11-06
0,all_only,fused_fisher_lrt_delta,gradual_bias,1.0,2.0,4,0.0,0.0,0.0,0.0,2007-11-17,2010-11-06
0,all_only,fused_sp,gradual_bias,0.25,1.0,4,0.0,0.0,0.0,0.0,2007-11-17,2010-11-06
0,all_only,fused_sp,gradual_bias,0.25,2.0,4,0.0,0.0,0.0,0.0,2007-11-17,2010-11-06
0,all_only,fused_sp,gradual_bias,0.5,1.0,4,0.0,0.0,0.0,0.0,2007-11-17,2010-11-06
0,all_only,fused_sp,gradual_bias,0.5,2.0,4,0.0,0.0,0.0,0.0,2007-11-17,2010-11-06
0,all_only,fused_sp,gradual_bias,0.75,1.0,4,0.0,0.0,0.0,0.0,2007-11-17,2010-11-06
0,all_only,fused_sp,gradual_bias,0.75,2.0,4,0.0,0.0,0.0,0.0,2007-11-17,2010-11-06
0,all_only,fused_sp,gradual_bias,1.0,1.0,4,0.0,0.0,0.0,0.0,2007-11-17,2010-11-06
0,all_only,fused_sp,gradual_bias,1.0,2.0,4,0.0,0.0,0.0,0.0,2007-11-17,2010-11-06
0,all_only,fused_sp_lrt_delta,gradual_bias,0.25,1.0,4,0.0,0.0,0.0,0.0,2007-11-17,2010-11-06
0,all_only,fused_sp_lrt_delta,gradual_bias,0.25,2.0,4,0.0,0.0,0.0,0.0,2007-11-17,2010-11-06
0,all_only,fused_sp_lrt_delta,gradual_bias,0.5,1.0,4,0.0,0.0,0.0,0.0,2007-11-17,2010-11-06
0,all_only,fused_sp_lrt_delta,gradual_bias,0.5,2.0,4,0.0,0.0,0.0,0.0,2007-11-17,2010-11-06
0,all_only,fused_sp_lrt_delta,gradual_bias,0.75,1.0,4,0.0,0.0,0.0,0.0,2007-11-17,2010-11-06
0,all_only,fused_sp_lrt_delta,gradual_bias,0.75,2.0,4,0.0,0.0,0.0,0.0,2007-11-17,2010-11-06
0,all_only,fused_sp_lrt_delta,gradual_bias,1.0,1.0,4,0.0,0.0,0.0,0.0,2007-11-17,2010-11-06
0,all_only,fused_sp_lrt_delta,gradual_bias,1.0,2.0,4,0.0,0.0,0.0,0.0,2007-11-17,2010-11-06
0,all_only,max_abs,gradual_bias,0.25,1.0,4,0.0,0.0,0.0,0.0,2007-11-17,2010-11-06
0,all_only,max_abs,gradual_bias,0.25,2.0,4,0.25,0.25,0.0,0.0,2007-11-17,2010-11-06
0,all_only,max_abs,gradual_bias,0.5,1.0,4,0.0,0.0,0.0,0.0,2007-11-17,2010-11-06
0,all_only,max_abs,gradual_bias,0.5,2.0,4,0.25,0.25,0.0,0.0,2007-11-17,2010-11-06
0,all_only,max_abs,gradual_bias,0.75,1.0,4,0.0,0.0,0.0,0.0,2007-11-17,2010-11-06
0,all_only,max_abs,gradual_bias,0.75,2.0,4,0.25,0.25,0.0,0.0,2007-11-17,2010-11-06
0,all_only,max_abs,gradual_bias,1.0,1.0,4,0.0,0.0,0.0,0.0,2007-11-17,2010-11-06
0,all_only,max_abs,gradual_bias,1.0,2.0,4,0.25,0.25,0.0,0.0,2007-11-17,2010-11-06
0,all_only,pc_t2,gradual_bias,0.25,1.0,4,0.25,0.25,0.0,0.0,2007-11-17,2010-11-06
0,all_only,pc_t2,gradual_bias,0.25,2.0,4,0.25,0.25,0.0,0.0,2007-11-17,2010-11-06
0,all_only,pc_t2,gradual_bias,0.5,1.0,4,0.25,0.25,0.0,0.0,2007-11-17,2010-11-06
0,all_only,pc_t2,gradual_bias,0.5,2.0,4,0.25,0.25,0.0,0.0,2007-11-17,2010-11-06
0,all_only,pc_t2,gradual_bias,0.75,1.0,4,0.25,0.25,0.0,0.0,2007-11-17,2010-11-06
0,all_only,pc_t2,gradual_bias,0.75,2.0,4,0.25,0.25,0.0,0.0,2007-11-17,2010-11-06
0,all_only,pc_t2,gradual_bias,1.0,1.0,4,0.25,0.25,0.0,0.0,2007-11-17,2010-11-06
0,all_only,pc_t2,gradual_bias,1.0,2.0,4,0.25,0.25,0.0,0.0,2007-11-17,2010-11-06
0,all_only,res_energy,gradual_bias,0.25,1.0,4,0.0,0.0,0.0,0.0,2007-11-17,2010-11-06
0,all_only,res_energy,gradual_bias,0.25,2.0,4,0.0,0.0,0.0,0.0,2007-11-17,2010-11-06
0,all_only,res_energy,gradual_bias,0.5,1.0,4,0.0,0.0,0.0,0.0,2007-11-17,2010-11-06
0,all_only,res_energy,gradual_bias,0.5,2.0,4,0.0,0.0,0.0,0.0,2007-11-17,2010-11-06
0,all_only,res_energy,gradual_bias,0.75,1.0,4,0.0,0.0,0.0,0.0,2007-11-17,2010-11-06
0,all_only,res_energy,gradual_bias,0.75,2.0,4,0.0,0.0,0.0,0.0,2007-11-17,2010-11-06
0,all_only,res_energy,gradual_bias,1.0,1.0,4,0.0,0.0,0.0,0.0,2007-11-17,2010-11-06
0,all_only,res_energy,gradual_bias,1.0,2.0,4,0.0,0.0,0.0,0.0,2007-11-17,2010-11-06
0,all_only,stale,gradual_bias,0.25,1.0,4,0.0,0.75,0.0,1.0,2007-11-17,2010-11-06
0,all_only,stale,gradual_bias,0.25,2.0,4,0.0,0.75,0.0,1.0,2007-11-17,2010-11-06
0,all_only,stale,gradual_bias,0.5,1.0,4,0.0,0.75,0.0,1.0,2007-11-17,2010-11-06
0,all_only,stale,gradual_bias,0.5,2.0,4,0.0,0.75,0.0,1.0,2007-11-17,2010-11-06
0,all_only,stale,gradual_bias,0.75,1.0,4,0.0,0.75,0.0,1.0,2007-11-17,2010-11-06
0,all_only,stale,gradual_bias,0.75,2.0,4,0.0,0.75,0.0,1.0,2007-11-17,2010-11-06
0,all_only,stale,gradual_bias,1.0,1.0,4,0.0,0.75,0.0,1.0,2007-11-17,2010-11-06
0,all_only,stale,gradual_bias,1.0,2.0,4,0.0,0.75,0.0,1.0,2007-11-17,2010-11-06
0,full,T2,gradual_bias,0.25,1.0,4,0.25,0.25,0.0,0.0,2007-11-17,2010-11-06
0,full,T2,gradual_bias,0.25,2.0,4,0.25,0.25,0.0,0.0,2007-11-17,2010-11-06
0,full,T2,gradual_bias,0.5,1.0,4,0.25,0.25,0.0,0.0,2007-11-17,2010-11-06
0,full,T2,gradual_bias,0.5,2.0,4,0.25,0.25,0.0,0.0,2007-11-17,2010-11-06
0,full,T2,gradual_bias,0.75,1.0,4,0.25,0.25,0.0,0.0,2007-11-17,2010-11-06
0,full,T2,gradual_bias,0.75,2.0,4,0.25,0.25,0.0,0.0,2007-11-17,2010-11-06
0,full,T2,gradual_bias,1.0,1.0,4,0.25,0.25,0.0,0.0,2007-11-17,2010-11-06
0,full,T2,gradual_bias,1.0,2.0,4,0.25,0.25,0.0,0.0,2007-11-17,2010-11-06
0,full,cusum_factor_cov_lrt,gradual_bias,0.25,1.0,4,0.0,0.0,0.5,0.0,2007-11-17,2010-11-06
0,full,cusum_factor_cov_lrt,gradual_bias,0.25,2.0,4,0.0,0.0,0.0,0.0,2007-11-17,2010-11-06
0,full,cusum_factor_cov_lrt,gradual_bias,0.5,1.0,4,0.0,0.0,0.5,0.0,2007-11-17,2010-11-06
0,full,cusum_factor_cov_lrt,gradual_bias,0.5,2.0,4,0.0,0.0,0.0,0.0,2007-11-17,2010-11-06
0,full,cusum_factor_cov_lrt,gradual_bias,0.75,1.0,4,0.0,0.0,0.5,0.0,2007-11-17,2010-11-06
0,full,cusum_factor_cov_lrt,gradual_bias,0.75,2.0,4,0.0,0.0,0.0,0.0,2007-11-17,2010-11-06
0,full,cusum_factor_cov_lrt,gradual_bias,1.0,1.0,4,0.0,0.0,0.5,0.0,2007-11-17,2010-11-06
0,full,cusum_factor_cov_lrt,gradual_bias,1.0,2.0,4,0.0,0.0,0.0,0.0,2007-11-17,2010-11-06
0,full,ewma_factor_cov_lrt,gradual_bias,0.25,1.0,4,0.0,0.0,0.0,0.0,2007-11-17,2010-11-06
0,full,ewma_factor_cov_lrt,gradual_bias,0.25,2.0,4,0.0,0.0,0.0,0.0,2007-11-17,2010-11-06
0,full,ewma_factor_cov_lrt,gradual_bias,0.5,1.0,4,0.0,0.0,0.0,0.0,2007-11-17,2010-11-06
0,full,ewma_factor_cov_lrt,gradual_bias,0.5,2.0,4,0.0,0.0,0.0,0.0,2007-11-17,2010-11-06
0,full,ewma_factor_cov_lrt,gradual_bias,0.75,1.0,4,0.0,0.0,0.0,0.0,2007-11-17,2010-11-06
0,full,ewma_factor_cov_lrt,gradual_bias,0.75,2.0,4,0.0,0.0,0.0,0.0,2007-11-17,2010-11-06
0,full,ewma_factor_cov_lrt,gradual_bias,1.0,1.0,4,0.0,0.0,0.0,0.0,2007-11-17,2010-11-06
0,full,ewma_factor_cov_lrt,gradual_bias,1.0,2.0,4,0.0,0.0,0.0,0.0,2007-11-17,2010-11-06
0,full,factor_cov_change,gradual_bias,0.25,1.0,4,0.0,0.0,0.0,0.0,2007-11-17,2010-11-06
0,full,factor_cov_change,gradual_bias,0.25,2.0,4,0.5,0.5,0.0,0.0,2007-11-17,2010-11-06
0,full,factor_cov_change,gradual_bias,0.5,1.0,4,0.0,0.0,0.0,0.0,2007-11-17,2010-11-06
0,full,factor_cov_change,gradual_bias,0.5,2.0,4,0.5,0.5,0.0,0.0,2007-11-17,2010-11-06
0,full,factor_cov_change,gradual_bias,0.75,1.0,4,0.0,0.0,0.0,0.0,2007-11-17,2010-11-06
0,full,factor_cov_change,gradual_bias,0.75,2.0,4,0.5,0.5,0.0,0.0,2007-11-17,2010-11-06
0,full,factor_cov_change,gradual_bias,1.0,1.0,4,0.0,0.0,0.0,0.0,2007-11-17,2010-11-06
0,full,factor_cov_change,gradual_bias,1.0,2.0,4,0.5,0.5,0.0,0.0,2007-11-17,2010-11-06
0,full,factor_cov_delta,gradual_bias,0.25,1.0,4,0.0,0.0,0.0,0.0,2007-11-17,2010-11-06
0,full,factor_cov_delta,gradual_bias,0.25,2.0,4,0.0,0.0,0.0,0.0,2007-11-17,2010-11-06
0,full,factor_cov_delta,gradual_bias,0.5,1.0,4,0.0,0.0,0.0,0.0,2007-11-17,2010-11-06
0,full,factor_cov_delta,gradual_bias,0.5,2.0,4,0.0,0.0,0.0,0.0,2007-11-17,2010-11-06
0,full,factor_cov_delta,gradual_bias,0.75,1.0,4,0.0,0.0,0.0,0.0,2007-11-17,2010-11-06
0,full,factor_cov_delta,gradual_bias,0.75,2.0,4,0.0,0.0,0.0,0.0,2007-11-17,2010-11-06
0,full,factor_cov_delta,gradual_bias,1.0,1.0,4,0.0,0.0,0.0,0.0,2007-11-17,2010-11-06
0,full,factor_cov_delta,gradual_bias,1.0,2.0,4,0.0,0.0,0.0,0.0,2007-11-17,2010-11-06
0,full,factor_cov_lrt,gradual_bias,0.25,1.0,4,0.5,0.5,0.0,0.0,2007-11-17,2010-11-06
0,full,factor_cov_lrt,gradual_bias,0.25,2.0,4,0.0,0.0,0.0,0.0,2007-11-17,2010-11-06
0,full,factor_cov_lrt,gradual_bias,0.5,1.0,4,0.5,0.5,0.0,0.0,2007-11-17,2010-11-06
0,full,factor_cov_lrt,gradual_bias,0.5,2.0,4,0.0,0.0,0.0,0.0,2007-11-17,2010-11-06
0,full,factor_cov_lrt,gradual_bias,0.75,1.0,4,0.5,0.5,0.0,0.0,2007-11-17,2010-11-06
0,full,factor_cov_lrt,gradual_bias,0.75,2.0,4,0.0,0.0,0.0,0.0,2007-11-17,2010-11-06
0,full,factor_cov_lrt,gradual_bias,1.0,1.0,4,0.5,0.5,0.0,0.0,2007-11-17,2010-11-06
0,full,factor_cov_lrt,gradual_bias,1.0,2.0,4,0.0,0.0,0.0,0.0,2007-11-17,2010-11-06
0,full,factor_cov_lrt_delta,gradual_bias,0.25,1.0,4,0.0,0.0,0.0,0.0,2007-11-17,2010-11-06
0,full,factor_cov_lrt_delta,gradual_bias,0.25,2.0,4,0.25,0.25,0.0,0.0,2007-11-17,2010-11-06
0,full,factor_cov_lrt_delta,gradual_bias,0.5,1.0,4,0.0,0.0,0.0,0.0,2007-11-17,2010-11-06
0,full,factor_cov_lrt_delta,gradual_bias,0.5,2.0,4,0.25,0.25,0.0,0.0,2007-11-17,2010-11-06
0,full,factor_cov_lrt_delta,gradual_bias,0.75,1.0,4,0.0,0.0,0.0,0.0,2007-11-17,2010-11-06
0,full,factor_cov_lrt_delta,gradual_bias,0.75,2.0,4,0.25,0.25,0.0,0.0,2007-11-17,2010-11-06
0,full,factor_cov_lrt_delta,gradual_bias,1.0,1.0,4,0.0,0.0,0.0,0.0,2007-11-17,2010-11-06
0,full,factor_cov_lrt_delta,gradual_bias,1.0,2.0,4,0.25,0.25,0.0,0.0,2007-11-17,2010-11-06
0,full,fused_fisher,gradual_bias,0.25,1.0,4,0.25,0.25,0.0,0.0,2007-11-17,2010-11-06
0,full,fused_fisher,gradual_bias,0.25,2.0,4,0.25,0.25,0.0,0.0,2007-11-17,2010-11-06
0,full,fused_fisher,gradual_bias,0.5,1.0,4,0.25,0.25,0.0,0.0,2007-11-17,2010-11-06
0,full,fused_fisher,gradual_bias,0.5,2.0,4,0.25,0.25,0.0,0.0,2007-11-17,2010-11-06
0,full,fused_fisher,gradual_bias,0.75,1.0,4,0.25,0.25,0.0,0.0,2007-11-17,2010-11-06
0,full,fused_fisher,gradual_bias,0.75,2.0,4,0.25,0.25,0.0,0.0,2007-11-17,2010-11-06
0,full,fused_fisher,gradual_bias,1.0,1.0,4,0.25,0.25,0.0,0.0,2007-11-17,2010-11-06
0,full,fused_fisher,gradual_bias,1.0,2.0,4,0.25,0.25,0.0,0.0,2007-11-17,2010-11-06
0,full,fused_fisher_lrt_delta,gradual_bias,0.25,1.0,4,0.0,0.0,0.0,0.0,2007-11-17,2010-11-06
0,full,fused_fisher_lrt_delta,gradual_bias,0.25,2.0,4,0.25,0.25,0.0,0.0,2007-11-17,2010-11-06
0,full,fused_fisher_lrt_delta,gradual_bias,0.5,1.0,4,0.0,0.0,0.0,0.0,2007-11-17,2010-11-06
0,full,fused_fisher_lrt_delta,gradual_bias,0.5,2.0,4,0.25,0.25,0.0,0.0,2007-11-17,2010-11-06
0,full,fused_fisher_lrt_delta,gradual_bias,0.75,1.0,4,0.25,0.25,0.0,0.0,2007-11-17,2010-11-06
0,full,fused_fisher_lrt_delta,gradual_bias,0.75,2.0,4,0.25,0.25,0.0,0.0,2007-11-17,2010-11-06
0,full,fused_fisher_lrt_delta,gradual_bias,1.0,1.0,4,0.25,0.25,0.0,0.0,2007-11-17,2010-11-06
0,full,fused_fisher_lrt_delta,gradual_bias,1.0,2.0,4,0.25,0.25,0.0,0.0,2007-11-17,2010-11-06
0,full,fused_sp,gradual_bias,0.25,1.0,4,0.25,0.25,0.0,0.0,2007-11-17,2010-11-06
0,full,fused_sp,gradual_bias,0.25,2.0,4,0.0,0.0,0.0,0.0,2007-11-17,2010-11-06
0,full,fused_sp,gradual_bias,0.5,1.0,4,0.25,0.25,0.0,0.0,2007-11-17,2010-11-06
0,full,fused_sp,gradual_bias,0.5,2.0,4,0.0,0.0,0.0,0.0,2007-11-17,2010-11-06
0,full,fused_sp,gradual_bias,0.75,1.0,4,0.25,0.25,0.0,0.0,2007-11-17,2010-11-06
0,full,fused_sp,gradual_bias,0.75,2.0,4,0.0,0.0,0.0,0.0,2007-11-17,2010-11-06
0,full,fused_sp,gradual_bias,1.0,1.0,4,0.25,0.25,0.0,0.0,2007-11-17,2010-11-06
0,full,fused_sp,gradual_bias,1.0,2.0,4,0.0,0.0,0.0,0.0,2007-11-17,2010-11-06
0,full,fused_sp_lrt_delta,gradual_bias,0.25,1.0,4,0.0,0.0,0.0,0.0,2007-11-17,2010-11-06
0,full,fused_sp_lrt_delta,gradual_bias,0.25,2.0,4,0.0,0.0,0.0,0.0,2007-11-17,2010-11-06
0,full,fused_sp_lrt_delta,gradual_bias,0.5,1.0,4,0.0,0.0,0.0,0.0,2007-11-17,2010-11-06
0,full,fused_sp_lrt_delta,gradual_bias,0.5,2.0,4,0.0,0.0,0.0,0.0,2007-11-17,2010-11-06
0,full,fused_sp_lrt_delta,gradual_bias,0.75,1.0,4,0.0,0.0,0.0,0.0,2007-11-17,2010-11-06
0,full,fused_sp_lrt_delta,gradual_bias,0.75,2.0,4,0.0,0.0,0.0,0.0,2007-11-17,2010-11-06
0,full,fused_sp_lrt_delta,gradual_bias,1.0,1.0,4,0.0,0.0,0.0,0.0,2007-11-17,2010-11-06
0,full,fused_sp_lrt_delta,gradual_bias,1.0,2.0,4,0.0,0.0,0.0,0.0,2007-11-17,2010-11-06
0,full,max_abs,gradual_bias,0.25,1.0,4,0.0,0.0,0.0,0.0,2007-11-17,2010-11-06
0,full,max_abs,gradual_bias,0.25,2.0,4,0.0,0.0,0.0,0.0,2007-11-17,2010-11-06
0,full,max_abs,gradual_bias,0.5,1.0,4,0.0,0.0,0.0,0.0,2007-11-17,2010-11-06
0,full,max_abs,gradual_bias,0.5,2.0,4,0.0,0.0,0.0,0.0,2007-11-17,2010-11-06
0,full,max_abs,gradual_bias,0.75,1.0,4,0.0,0.0,0.0,0.0,2007-11-17,2010-11-06
0,full,max_abs,gradual_bias,0.75,2.0,4,0.0,0.0,0.0,0.0,2007-11-17,2010-11-06
0,full,max_abs,gradual_bias,1.0,1.0,4,0.0,0.0,0.0,0.0,2007-11-17,2010-11-06
0,full,max_abs,gradual_bias,1.0,2.0,4,0.0,0.0,0.0,0.0,2007-11-17,2010-11-06
0,full,pc_t2,gradual_bias,0.25,1.0,4,0.0,0.0,0.0,0.0,2007-11-17,2010-11-06
0,full,pc_t2,gradual_bias,0.25,2.0,4,0.0,0.0,0.0,0.0,2007-11-17,2010-11-06
0,full,pc_t2,gradual_bias,0.5,1.0,4,0.0,0.0,0.0,0.0,2007-11-17,2010-11-06
0,full,pc_t2,gradual_bias,0.5,2.0,4,0.0,0.0,0.0,0.0,2007-11-17,2010-11-06
0,full,pc_t2,gradual_bias,0.75,1.0,4,0.0,0.0,0.0,0.0,2007-11-17,2010-11-06
0,full,pc_t2,gradual_bias,0.75,2.0,4,0.0,0.0,0.0,0.0,2007-11-17,2010-11-06
0,full,pc_t2,gradual_bias,1.0,1.0,4,0.0,0.0,0.0,0.0,2007-11-17,2010-11-06
0,full,pc_t2,gradual_bias,1.0,2.0,4,0.0,0.0,0.0,0.0,2007-11-17,2010-11-06
0,full,res_energy,gradual_bias,0.25,1.0,4,0.25,0.25,0.0,0.0,2007-11-17,2010-11-06
0,full,res_energy,gradual_bias,0.25,2.0,4,0.25,0.25,0.0,0.0,2007-11-17,2010-11-06
0,full,res_energy,gradual_bias,0.5,1.0,4,0.25,0.25,0.0,0.0,2007-11-17,2010-11-06
0,full,res_energy,gradual_bias,0.5,2.0,4,0.25,0.25,0.0,0.0,2007-11-17,2010-11-06
0,full,res_energy,gradual_bias,0.75,1.0,4,0.25,0.25,0.0,0.0,2007-11-17,2010-11-06
0,full,res_energy,gradual_bias,0.75,2.0,4,0.25,0.25,0.0,0.0,2007-11-17,2010-11-06
0,full,res_energy,gradual_bias,1.0,1.0,4,0.25,0.25,0.0,0.0,2007-11-17,2010-11-06
0,full,res_energy,gradual_bias,1.0,2.0,4,0.25,0.25,0.0,0.0,2007-11-17,2010-11-06
0,full,stale,gradual_bias,0.25,1.0,4,0.0,0.75,0.0,1.0,2007-11-17,2010-11-06
0,full,stale,gradual_bias,0.25,2.0,4,0.0,0.75,0.0,1.0,2007-11-17,2010-11-06
0,full,stale,gradual_bias,0.5,1.0,4,0.0,0.75,0.0,1.0,2007-11-17,2010-11-06
0,full,stale,gradual_bias,0.5,2.0,4,0.0,0.75,0.0,1.0,2007-11-17,2010-11-06
0,full,stale,gradual_bias,0.75,1.0,4,0.0,0.75,0.0,1.0,2007-11-17,2010-11-06
0,full,stale,gradual_bias,0.75,2.0,4,0.0,0.75,0.0,1.0,2007-11-17,2010-11-06
0,full,stale,gradual_bias,1.0,1.0,4,0.0,0.75,0.0,1.0,2007-11-17,2010-11-06
0,full,stale,gradual_bias,1.0,2.0,4,0.0,0.75,0.0,1.0,2007-11-17,2010-11-06
0,score_only,T2,gradual_bias,0.25,1.0,4,0.25,0.25,0.0,0.0,2007-11-17,2010-11-06
0,score_only,T2,gradual_bias,0.25,2.0,4,0.0,0.0,0.0,0.0,2007-11-17,2010-11-06
0,score_only,T2,gradual_bias,0.5,1.0,4,0.25,0.25,0.0,0.0,2007-11-17,2010-11-06
0,score_only,T2,gradual_bias,0.5,2.0,4,0.0,0.0,0.0,0.0,2007-11-17,2010-11-06
0,score_only,T2,gradual_bias,0.75,1.0,4,0.25,0.25,0.0,0.0,2007-11-17,2010-11-06
0,score_only,T2,gradual_bias,0.75,2.0,4,0.0,0.0,0.0,0.0,2007-11-17,2010-11-06
0,score_only,T2,gradual_bias,1.0,1.0,4,0.25,0.25,0.0,0.0,2007-11-17,2010-11-06
0,score_only,T2,gradual_bias,1.0,2.0,4,0.0,0.0,0.0,0.0,2007-11-17,2010-11-06
0,score_only,coh_resid_energy,gradual_bias,0.25,1.0,4,0.0,0.0,0.0,0.0,2007-11-17,2010-11-06
0,score_only,coh_resid_energy,gradual_bias,0.25,2.0,4,0.0,0.0,0.0,0.0,2007-11-17,2010-11-06
0,score_only,coh_resid_energy,gradual_bias,0.5,1.0,4,0.0,0.0,0.0,0.0,2007-11-17,2010-11-06
0,score_only,coh_resid_energy,gradual_bias,0.5,2.0,4,0.0,0.0,0.0,0.0,2007-11-17,2010-11-06
0,score_only,coh_resid_energy,gradual_bias,0.75,1.0,4,0.0,0.0,0.0,0.0,2007-11-17,2010-11-06
0,score_only,coh_resid_energy,gradual_bias,0.75,2.0,4,0.0,0.0,0.0,0.0,2007-11-17,2010-11-06
0,score_only,coh_resid_energy,gradual_bias,1.0,1.0,4,0.0,0.0,0.0,0.0,2007-11-17,2010-11-06
0,score_only,coh_resid_energy,gradual_bias,1.0,2.0,4,0.0,0.0,0.0,0.0,2007-11-17,2010-11-06
0,score_only,coh_resid_t2,gradual_bias,0.25,1.0,4,0.25,0.25,0.0,0.0,2007-11-17,2010-11-06
0,score_only,coh_resid_t2,gradual_bias,0.25,2.0,4,0.0,0.0,0.0,0.0,2007-11-17,2010-11-06
0,score_only,coh_resid_t2,gradual_bias,0.5,1.0,4,0.25,0.25,0.0,0.0,2007-11-17,2010-11-06
0,score_only,coh_resid_t2,gradual_bias,0.5,2.0,4,0.0,0.0,0.0,0.0,2007-11-17,2010-11-06
0,score_only,coh_resid_t2,gradual_bias,0.75,1.0,4,0.25,0.25,0.0,0.0,2007-11-17,2010-11-06
0,score_only,coh_resid_t2,gradual_bias,0.75,2.0,4,0.0,0.0,0.0,0.0,2007-11-17,2010-11-06
0,score_only,coh_resid_t2,gradual_bias,1.0,1.0,4,0.25,0.25,0.0,0.0,2007-11-17,2010-11-06
0,score_only,coh_resid_t2,gradual_bias,1.0,2.0,4,0.0,0.0,0.0,0.0,2007-11-17,2010-11-06
0,score_only,cusum_coh_resid_t2,gradual_bias,0.25,1.0,4,0.5,0.5,0.0,0.0,2007-11-17,2010-11-06
0,score_only,cusum_coh_resid_t2,gradual_bias,0.25,2.0,4,0.0,0.0,0.0,0.0,2007-11-17,2010-11-06
0,score_only,cusum_coh_resid_t2,gradual_bias,0.5,1.0,4,0.5,0.5,0.0,0.0,2007-11-17,2010-11-06
0,score_only,cusum_coh_resid_t2,gradual_bias,0.5,2.0,4,0.0,0.0,0.0,0.0,2007-11-17,2010-11-06
0,score_only,cusum_coh_resid_t2,gradual_bias,0.75,1.0,4,0.5,0.5,0.0,0.0,2007-11-17,2010-11-06
0,score_only,cusum_coh_resid_t2,gradual_bias,0.75,2.0,4,0.0,0.0,0.0,0.0,2007-11-17,2010-11-06
0,score_only,cusum_coh_resid_t2,gradual_bias,1.0,1.0,4,0.5,0.5,0.0,0.0,2007-11-17,2010-11-06
0,score_only,cusum_coh_resid_t2,gradual_bias,1.0,2.0,4,0.0,0.0,0.0,0.0,2007-11-17,2010-11-06
0,score_only,cusum_factor_cov_lrt,gradual_bias,0.25,1.0,4,0.0,0.0,0.5,0.0,2007-11-17,2010-11-06
0,score_only,cusum_factor_cov_lrt,gradual_bias,0.25,2.0,4,0.0,0.0,0.0,0.0,2007-11-17,2010-11-06
0,score_only,cusum_factor_cov_lrt,gradual_bias,0.5,1.0,4,0.0,0.25,0.5,0.0,2007-11-17,2010-11-06
0,score_only,cusum_factor_cov_lrt,gradual_bias,0.5,2.0,4,0.0,0.0,0.0,0.0,2007-11-17,2010-11-06
0,score_only,cusum_factor_cov_lrt,gradual_bias,0.75,1.0,4,0.0,0.25,0.5,0.0,2007-11-17,2010-11-06
0,score_only,cusum_factor_cov_lrt,gradual_bias,0.75,2.0,4,0.0,0.0,0.0,0.0,2007-11-17,2010-11-06
0,score_only,cusum_factor_cov_lrt,gradual_bias,1.0,1.0,4,0.0,0.25,0.5,0.0,2007-11-17,2010-11-06
0,score_only,cusum_factor_cov_lrt,gradual_bias,1.0,2.0,4,0.25,0.25,0.0,0.0,2007-11-17,2010-11-06
0,score_only,ewma_coh_resid_t2,gradual_bias,0.25,1.0,4,0.25,0.25,0.0,0.0,2007-11-17,2010-11-06
0,score_only,ewma_coh_resid_t2,gradual_bias,0.25,2.0,4,0.75,0.75,0.0,0.0,2007-11-17,2010-11-06
0,score_only,ewma_coh_resid_t2,gradual_bias,0.5,1.0,4,0.25,0.25,0.0,0.0,2007-11-17,2010-11-06
0,score_only,ewma_coh_resid_t2,gradual_bias,0.5,2.0,4,0.75,0.75,0.0,0.0,2007-11-17,2010-11-06
0,score_only,ewma_coh_resid_t2,gradual_bias,0.75,1.0,4,0.25,0.25,0.0,0.0,2007-11-17,2010-11-06
0,score_only,ewma_coh_resid_t2,gradual_bias,0.75,2.0,4,0.75,0.75,0.0,0.0,2007-11-17,2010-11-06
0,score_only,ewma_coh_resid_t2,gradual_bias,1.0,1.0,4,0.25,0.25,0.0,0.0,2007-11-17,2010-11-06
0,score_only,ewma_coh_resid_t2,gradual_bias,1.0,2.0,4,0.75,0.75,0.0,0.0,2007-11-17,2010-11-06
0,score_only,ewma_factor_cov_lrt,gradual_bias,0.25,1.0,4,0.0,0.0,0.0,0.0,2007-11-17,2010-11-06
0,score_only,ewma_factor_cov_lrt,gradual_bias,0.25,2.0,4,0.0,0.0,0.0,0.0,2007-11-17,2010-11-06
0,score_only,ewma_factor_cov_lrt,gradual_bias,0.5,1.0,4,0.0,0.0,0.0,0.0,2007-11-17,2010-11-06
0,score_only,ewma_factor_cov_lrt,gradual_bias,0.5,2.0,4,0.0,0.0,0.0,0.0,2007-11-17,2010-11-06
0,score_only,ewma_factor_cov_lrt,gradual_bias,0.75,1.0,4,0.0,0.0,0.0,0.0,2007-11-17,2010-11-06
0,score_only,ewma_factor_cov_lrt,gradual_bias,0.75,2.0,4,0.0,0.0,0.0,0.0,2007-11-17,2010-11-06
0,score_only,ewma_factor_cov_lrt,gradual_bias,1.0,1.0,4,0.0,0.0,0.0,0.0,2007-11-17,2010-11-06
0,score_only,ewma_factor_cov_lrt,gradual_bias,1.0,2.0,4,0.0,0.0,0.0,0.0,2007-11-17,2010-11-06
0,score_only,factor_cov_change,gradual_bias,0.25,1.0,4,0.0,0.0,0.0,0.0,2007-11-17,2010-11-06
0,score_only,factor_cov_change,gradual_bias,0.25,2.0,4,0.25,0.25,0.0,0.0,2007-11-17,2010-11-06
0,score_only,factor_cov_change,gradual_bias,0.5,1.0,4,0.0,0.0,0.0,0.0,2007-11-17,2010-11-06
0,score_only,factor_cov_change,gradual_bias,0.5,2.0,4,0.25,0.25,0.0,0.0,2007-11-17,2010-11-06
0,score_only,factor_cov_change,gradual_bias,0.75,1.0,4,0.0,0.0,0.0,0.0,2007-11-17,2010-11-06
0,score_only,factor_cov_change,gradual_bias,0.75,2.0,4,0.25,0.25,0.0,0.0,2007-11-17,2010-11-06
0,score_only,factor_cov_change,gradual_bias,1.0,1.0,4,0.0,0.0,0.0,0.0,2007-11-17,2010-11-06
0,score_only,factor_cov_change,gradual_bias,1.0,2.0,4,0.25,0.25,0.0,0.0,2007-11-17,2010-11-06
0,score_only,factor_cov_delta,gradual_bias,0.25,1.0,4,0.0,0.0,0.0,0.0,2007-11-17,2010-11-06
0,score_only,factor_cov_delta,gradual_bias,0.25,2.0,4,0.0,0.0,0.0,0.0,2007-11-17,2010-11-06
0,score_only,factor_cov_delta,gradual_bias,0.5,1.0,4,0.0,0.0,0.0,0.0,2007-11-17,2010-11-06
0,score_only,factor_cov_delta,gradual_bias,0.5,2.0,4,0.0,0.0,0.0,0.0,2007-11-17,2010-11-06
0,score_only,factor_cov_delta,gradual_bias,0.75,1.0,4,0.0,0.0,0.0,0.0,2007-11-17,2010-11-06
0,score_only,factor_cov_delta,gradual_bias,0.75,2.0,4,0.0,0.0,0.0,0.0,2007-11-17,2010-11-06
0,score_only,factor_cov_delta,gradual_bias,1.0,1.0,4,0.0,0.0,0.0,0.0,2007-11-17,2010-11-06
0,score_only,factor_cov_delta,gradual_bias,1.0,2.0,4,0.0,0.0,0.0,0.0,2007-11-17,2010-11-06
0,score_only,factor_cov_lrt,gradual_bias,0.25,1.0,4,0.0,0.0,0.0,0.0,2007-11-17,2010-11-06
0,score_only,factor_cov_lrt,gradual_bias,0.25,2.0,4,0.0,0.0,0.0,0.0,2007-11-17,2010-11-06
0,score_only,factor_cov_lrt,gradual_bias,0.5,1.0,4,0.0,0.0,0.0,0.0,2007-11-17,2010-11-06
0,score_only,factor_cov_lrt,gradual_bias,0.5,2.0,4,0.0,0.0,0.0,0.0,2007-11-17,2010-11-06
0,score_only,factor_cov_lrt,gradual_bias,0.75,1.0,4,0.0,0.0,0.0,0.0,2007-11-17,2010-11-06
0,score_only,factor_cov_lrt,gradual_bias,0.75,2.0,4,0.0,0.0,0.0,0.0,2007-11-17,2010-11-06
0,score_only,factor_cov_lrt,gradual_bias,1.0,1.0,4,0.0,0.0,0.0,0.0,2007-11-17,2010-11-06
0,score_only,factor_cov_lrt,gradual_bias,1.0,2.0,4,0.0,0.0,0.0,0.0,2007-11-17,2010-11-06
0,score_only,factor_cov_lrt_delta,gradual_bias,0.25,1.0,4,0.0,0.0,0.0,0.0,2007-11-17,2010-11-06
0,score_only,factor_cov_lrt_delta,gradual_bias,0.25,2.0,4,0.0,0.0,0.0,0.0,2007-11-17,2010-11-06
0,score_only,factor_cov_lrt_delta,gradual_bias,0.5,1.0,4,0.0,0.0,0.0,0.0,2007-11-17,2010-11-06
0,score_only,factor_cov_lrt_delta,gradual_bias,0.5,2.0,4,0.0,0.0,0.0,0.0,2007-11-17,2010-11-06
0,score_only,factor_cov_lrt_delta,gradual_bias,0.75,1.0,4,0.0,0.0,0.0,0.0,2007-11-17,2010-11-06
0,score_only,factor_cov_lrt_delta,gradual_bias,0.75,2.0,4,0.0,0.0,0.0,0.0,2007-11-17,2010-11-06
0,score_only,factor_cov_lrt_delta,gradual_bias,1.0,1.0,4,0.0,0.0,0.0,0.0,2007-11-17,2010-11-06
0,score_only,factor_cov_lrt_delta,gradual_bias,1.0,2.0,4,0.0,0.0,0.0,0.0,2007-11-17,2010-11-06
0,score_only,fused_fisher,gradual_bias,0.25,1.0,4,0.25,0.25,0.0,0.0,2007-11-17,2010-11-06
0,score_only,fused_fisher,gradual_bias,0.25,2.0,4,0.0,0.0,0.0,0.0,2007-11-17,2010-11-06
0,score_only,fused_fisher,gradual_bias,0.5,1.0,4,0.25,0.25,0.0,0.0,2007-11-17,2010-11-06
0,score_only,fused_fisher,gradual_bias,0.5,2.0,4,0.0,0.0,0.0,0.0,2007-11-17,2010-11-06
0,score_only,fused_fisher,gradual_bias,0.75,1.0,4,0.25,0.25,0.0,0.0,2007-11-17,2010-11-06
0,score_only,fused_fisher,gradual_bias,0.75,2.0,4,0.0,0.0,0.0,0.0,2007-11-17,2010-11-06
0,score_only,fused_fisher,gradual_bias,1.0,1.0,4,0.25,0.25,0.0,0.0,2007-11-17,2010-11-06
0,score_only,fused_fisher,gradual_bias,1.0,2.0,4,0.0,0.0,0.0,0.0,2007-11-17,2010-11-06
0,score_only,fused_fisher_lrt_delta,gradual_bias,0.25,1.0,4,0.0,0.0,0.0,0.0,2007-11-17,2010-11-06
0,score_only,fused_fisher_lrt_delta,gradual_bias,0.25,2.0,4,0.5,0.5,0.0,0.0,2007-11-17,2010-11-06
0,score_only,fused_fisher_lrt_delta,gradual_bias,0.5,1.0,4,0.0,0.0,0.0,0.0,2007-11-17,2010-11-06
0,score_only,fused_fisher_lrt_delta,gradual_bias,0.5,2.0,4,0.5,0.5,0.0,0.0,2007-11-17,2010-11-06
0,score_only,fused_fisher_lrt_delta,gradual_bias,0.75,1.0,4,0.0,0.0,0.0,0.0,2007-11-17,2010-11-06
0,score_only,fused_fisher_lrt_delta,gradual_bias,0.75,2.0,4,0.5,0.5,0.0,0.0,2007-11-17,2010-11-06
0,score_only,fused_fisher_lrt_delta,gradual_bias,1.0,1.0,4,0.0,0.0,0.0,0.0,2007-11-17,2010-11-06
0,score_only,fused_fisher_lrt_delta,gradual_bias,1.0,2.0,4,0.5,0.5,0.0,0.0,2007-11-17,2010-11-06
0,score_only,fused_sp,gradual_bias,0.25,1.0,4,0.0,0.0,0.0,0.0,2007-11-17,2010-11-06
0,score_only,fused_sp,gradual_bias,0.25,2.0,4,0.0,0.0,0.0,0.0,2007-11-17,2010-11-06
0,score_only,fused_sp,gradual_bias,0.5,1.0,4,0.0,0.0,0.0,0.0,2007-11-17,2010-11-06
0,score_only,fused_sp,gradual_bias,0.5,2.0,4,0.0,0.0,0.0,0.0,2007-11-17,2010-11-06
0,score_only,fused_sp,gradual_bias,0.75,1.0,4,0.0,0.0,0.0,0.0,2007-11-17,2010-11-06
0,score_only,fused_sp,gradual_bias,0.75,2.0,4,0.0,0.0,0.0,0.0,2007-11-17,2010-11-06
0,score_only,fused_sp,gradual_bias,1.0,1.0,4,0.0,0.0,0.0,0.0,2007-11-17,2010-11-06
0,score_only,fused_sp,gradual_bias,1.0,2.0,4,0.0,0.0,0.0,0.0,2007-11-17,2010-11-06
0,score_only,fused_sp_lrt_delta,gradual_bias,0.25,1.0,4,0.0,0.0,0.0,0.0,2007-11-17,2010-11-06
0,score_only,fused_sp_lrt_delta,gradual_bias,0.25,2.0,4,0.25,0.25,0.0,0.0,2007-11-17,2010-11-06
0,score_only,fused_sp_lrt_delta,gradual_bias,0.5,1.0,4,0.0,0.0,0.0,0.0,2007-11-17,2010-11-06
0,score_only,fused_sp_lrt_delta,gradual_bias,0.5,2.0,4,0.25,0.25,0.0,0.0,2007-11-17,2010-11-06
0,score_only,fused_sp_lrt_delta,gradual_bias,0.75,1.0,4,0.0,0.0,0.0,0.0,2007-11-17,2010-11-06
0,score_only,fused_sp_lrt_delta,gradual_bias,0.75,2.0,4,0.25,0.25,0.0,0.0,2007-11-17,2010-11-06
0,score_only,fused_sp_lrt_delta,gradual_bias,1.0,1.0,4,0.0,0.0,0.0,0.0,2007-11-17,2010-11-06
0,score_only,fused_sp_lrt_delta,gradual_bias,1.0,2.0,4,0.25,0.25,0.0,0.0,2007-11-17,2010-11-06
0,score_only,max_abs,gradual_bias,0.25,1.0,4,0.0,0.0,0.0,0.0,2007-11-17,2010-11-06
0,score_only,max_abs,gradual_bias,0.25,2.0,4,0.0,0.0,0.0,0.0,2007-11-17,2010-11-06
0,score_only,max_abs,gradual_bias,0.5,1.0,4,0.0,0.0,0.0,0.0,2007-11-17,2010-11-06
0,score_only,max_abs,gradual_bias,0.5,2.0,4,0.0,0.0,0.0,0.0,2007-11-17,2010-11-06
0,score_only,max_abs,gradual_bias,0.75,1.0,4,0.0,0.0,0.0,0.0,2007-11-17,2010-11-06
0,score_only,max_abs,gradual_bias,0.75,2.0,4,0.0,0.0,0.0,0.0,2007-11-17,2010-11-06
0,score_only,max_abs,gradual_bias,1.0,1.0,4,0.0,0.0,0.0,0.0,2007-11-17,2010-11-06
0,score_only,max_abs,gradual_bias,1.0,2.0,4,0.0,0.0,0.0,0.0,2007-11-17,2010-11-06
0,score_only,pc_t2,gradual_bias,0.25,1.0,4,0.25,0.25,0.0,0.0,2007-11-17,2010-11-06
0,score_only,pc_t2,gradual_bias,0.25,2.0,4,0.0,0.0,0.0,0.0,2007-11-17,2010-11-06
0,score_only,pc_t2,gradual_bias,0.5,1.0,4,0.25,0.25,0.0,0.0,2007-11-17,2010-11-06
0,score_only,pc_t2,gradual_bias,0.5,2.0,4,0.0,0.0,0.0,0.0,2007-11-17,2010-11-06
0,score_only,pc_t2,gradual_bias,0.75,1.0,4,0.25,0.25,0.0,0.0,2007-11-17,2010-11-06
0,score_only,pc_t2,gradual_bias,0.75,2.0,4,0.0,0.0,0.0,0.0,2007-11-17,2010-11-06
0,score_only,pc_t2,gradual_bias,1.0,1.0,4,0.25,0.25,0.0,0.0,2007-11-17,2010-11-06
0,score_only,pc_t2,gradual_bias,1.0,2.0,4,0.0,0.0,0.0,0.0,2007-11-17,2010-11-06
0,score_only,res_energy,gradual_bias,0.25,1.0,4,0.0,0.0,0.0,0.0,2007-11-17,2010-11-06
0,score_only,res_energy,gradual_bias,0.25,2.0,4,0.0,0.0,0.0,0.0,2007-11-17,2010-11-06
0,score_only,res_energy,gradual_bias,0.5,1.0,4,0.0,0.0,0.0,0.0,2007-11-17,2010-11-06
0,score_only,res_energy,gradual_bias,0.5,2.0,4,0.0,0.0,0.0,0.0,2007-11-17,2010-11-06
0,score_only,res_energy,gradual_bias,0.75,1.0,4,0.0,0.0,0.0,0.0,2007-11-17,2010-11-06
0,score_only,res_energy,gradual_bias,0.75,2.0,4,0.0,0.0,0.0,0.0,2007-11-17,2010-11-06
0,score_only,res_energy,gradual_bias,1.0,1.0,4,0.0,0.0,0.0,0.0,2007-11-17,2010-11-06
0,score_only,res_energy,gradual_bias,1.0,2.0,4,0.0,0.0,0.0,0.0,2007-11-17,2010-11-06
0,score_only,stale,gradual_bias,0.25,1.0,4,0.0,0.5,0.0,1.0,2007-11-17,2010-11-06
0,score_only,stale,gradual_bias,0.25,2.0,4,0.0,0.5,0.0,1.0,2007-11-17,2010-11-06
0,score_only,stale,gradual_bias,0.5,1.0,4,0.0,0.5,0.0,1.0,2007-11-17,2010-11-06
0,score_only,stale,gradual_bias,0.5,2.0,4,0.0,0.5,0.0,1.0,2007-11-17,2010-11-06
0,score_only,stale,gradual_bias,0.75,1.0,4,0.0,0.5,0.0,1.0,2007-11-17,2010-11-06
0,score_only,stale,gradual_bias,0.75,2.0,4,0.0,0.5,0.0,1.0,2007-11-17,2010-11-06
0,score_only,stale,gradual_bias,1.0,1.0,4,0.0,0.5,0.0,1.0,2007-11-17,2010-11-06
0,score_only,stale,gradual_bias,1.0,2.0,4,0.0,0.5,0.0,1.0,2007-11-17,2010-11-06
1,all_only,T2,gradual_bias,0.25,1.0,1,0.0,0.0,0.0,0.0,2008-11-15,2011-11-05
1,all_only,T2,gradual_bias,0.25,2.0,1,0.0,0.0,0.0,0.0,2008-11-15,2011-11-05
1,all_only,T2,gradual_bias,0.5,1.0,1,0.0,0.0,0.0,0.0,2008-11-15,2011-11-05
1,all_only,T2,gradual_bias,0.5,2.0,1,0.0,0.0,0.0,0.0,2008-11-15,2011-11-05
1,all_only,T2,gradual_bias,0.75,1.0,1,0.0,0.0,0.0,0.0,2008-11-15,2011-11-05
1,all_only,T2,gradual_bias,0.75,2.0,1,0.0,0.0,0.0,0.0,2008-11-15,2011-11-05
1,all_only,T2,gradual_bias,1.0,1.0,1,0.0,0.0,0.0,0.0,2008-11-15,2011-11-05
1,all_only,T2,gradual_bias,1.0,2.0,1,0.0,0.0,0.0,0.0,2008-11-15,2011-11-05
1,all_only,cusum_factor_cov_lrt,gradual_bias,0.25,1.0,1,0.0,0.0,1.0,0.0,2008-11-15,2011-11-05
1,all_only,cusum_factor_cov_lrt,gradual_bias,0.25,2.0,1,0.0,0.0,0.0,0.0,2008-11-15,2011-11-05
1,all_only,cusum_factor_cov_lrt,gradual_bias,0.5,1.0,1,0.0,0.0,1.0,0.0,2008-11-15,2011-11-05
1,all_only,cusum_factor_cov_lrt,gradual_bias,0.5,2.0,1,0.0,0.0,0.0,0.0,2008-11-15,2011-11-05
1,all_only,cusum_factor_cov_lrt,gradual_bias,0.75,1.0,1,0.0,0.0,1.0,0.0,2008-11-15,2011-11-05
1,all_only,cusum_factor_cov_lrt,gradual_bias,0.75,2.0,1,0.0,0.0,0.0,0.0,2008-11-15,2011-11-05
1,all_only,cusum_factor_cov_lrt,gradual_bias,1.0,1.0,1,0.0,0.0,1.0,0.0,2008-11-15,2011-11-05
1,all_only,cusum_factor_cov_lrt,gradual_bias,1.0,2.0,1,0.0,0.0,0.0,0.0,2008-11-15,2011-11-05
1,all_only,ewma_factor_cov_lrt,gradual_bias,0.25,1.0,1,0.0,0.0,0.0,0.0,2008-11-15,2011-11-05
1,all_only,ewma_factor_cov_lrt,gradual_bias,0.25,2.0,1,0.0,0.0,0.0,0.0,2008-11-15,2011-11-05
1,all_only,ewma_factor_cov_lrt,gradual_bias,0.5,1.0,1,0.0,0.0,0.0,0.0,2008-11-15,2011-11-05
1,all_only,ewma_factor_cov_lrt,gradual_bias,0.5,2.0,1,0.0,0.0,0.0,0.0,2008-11-15,2011-11-05
1,all_only,ewma_factor_cov_lrt,gradual_bias,0.75,1.0,1,0.0,0.0,0.0,0.0,2008-11-15,2011-11-05
1,all_only,ewma_factor_cov_lrt,gradual_bias,0.75,2.0,1,0.0,0.0,0.0,0.0,2008-11-15,2011-11-05
1,all_only,ewma_factor_cov_lrt,gradual_bias,1.0,1.0,1,0.0,0.0,0.0,0.0,2008-11-15,2011-11-05
1,all_only,ewma_factor_cov_lrt,gradual_bias,1.0,2.0,1,0.0,0.0,0.0,0.0,2008-11-15,2011-11-05
1,all_only,factor_cov_change,gradual_bias,0.25,1.0,1,0.0,0.0,0.0,0.0,2008-11-15,2011-11-05
1,all_only,factor_cov_change,gradual_bias,0.25,2.0,1,0.0,1.0,0.0,1.0,2008-11-15,2011-11-05
1,all_only,factor_cov_change,gradual_bias,0.5,1.0,1,0.0,0.0,0.0,0.0,2008-11-15,2011-11-05
1,all_only,factor_cov_change,gradual_bias,0.5,2.0,1,0.0,1.0,0.0,1.0,2008-11-15,2011-11-05
1,all_only,factor_cov_change,gradual_bias,0.75,1.0,1,0.0,0.0,0.0,0.0,2008-11-15,2011-11-05
1,all_only,factor_cov_change,gradual_bias,0.75,2.0,1,0.0,1.0,0.0,1.0,2008-11-15,2011-11-05
1,all_only,factor_cov_change,gradual_bias,1.0,1.0,1,0.0,0.0,0.0,0.0,2008-11-15,2011-11-05
1,all_only,factor_cov_change,gradual_bias,1.0,2.0,1,0.0,1.0,0.0,1.0,2008-11-15,2011-11-05
1,all_only,factor_cov_delta,gradual_bias,0.25,1.0,1,0.0,0.0,0.0,0.0,2008-11-15,2011-11-05
1,all_only,factor_cov_delta,gradual_bias,0.25,2.0,1,0.0,0.0,0.0,0.0,2008-11-15,2011-11-05
1,all_only,factor_cov_delta,gradual_bias,0.5,1.0,1,0.0,0.0,0.0,0.0,2008-11-15,2011-11-05
1,all_only,factor_cov_delta,gradual_bias,0.5,2.0,1,0.0,0.0,0.0,0.0,2008-11-15,2011-11-05
1,all_only,factor_cov_delta,gradual_bias,0.75,1.0,1,0.0,0.0,0.0,0.0,2008-11-15,2011-11-05
1,all_only,factor_cov_delta,gradual_bias,0.75,2.0,1,0.0,0.0,0.0,0.0,2008-11-15,2011-11-05
1,all_only,factor_cov_delta,gradual_bias,1.0,1.0,1,0.0,0.0,0.0,0.0,2008-11-15,2011-11-05
1,all_only,factor_cov_delta,gradual_bias,1.0,2.0,1,0.0,0.0,0.0,0.0,2008-11-15,2011-11-05
1,all_only,factor_cov_lrt,gradual_bias,0.25,1.0,1,0.0,0.0,0.0,0.0,2008-11-15,2011-11-05
1,all_only,factor_cov_lrt,gradual_bias,0.25,2.0,1,1.0,1.0,0.0,0.0,2008-11-15,2011-11-05
1,all_only,factor_cov_lrt,gradual_bias,0.5,1.0,1,0.0,0.0,0.0,0.0,2008-11-15,2011-11-05
1,all_only,factor_cov_lrt,gradual_bias,0.5,2.0,1,1.0,1.0,0.0,0.0,2008-11-15,2011-11-05
1,all_only,factor_cov_lrt,gradual_bias,0.75,1.0,1,0.0,0.0,0.0,0.0,2008-11-15,2011-11-05
1,all_only,factor_cov_lrt,gradual_bias,0.75,2.0,1,1.0,1.0,0.0,0.0,2008-11-15,2011-11-05
1,all_only,factor_cov_lrt,gradual_bias,1.0,1.0,1,0.0,0.0,0.0,0.0,2008-11-15,2011-11-05
1,all_only,factor_cov_lrt,gradual_bias,1.0,2.0,1,1.0,1.0,0.0,0.0,2008-11-15,2011-11-05
1,all_only,factor_cov_lrt_delta,gradual_bias,0.25,1.0,1,0.0,0.0,0.0,0.0,2008-11-15,2011-11-05
1,all_only,factor_cov_lrt_delta,gradual_bias,0.25,2.0,1,0.0,0.0,0.0,0.0,2008-11-15,2011-11-05
1,all_only,factor_cov_lrt_delta,gradual_bias,0.5,1.0,1,0.0,0.0,0.0,0.0,2008-11-15,2011-11-05
1,all_only,factor_cov_lrt_delta,gradual_bias,0.5,2.0,1,0.0,0.0,0.0,0.0,2008-11-15,2011-11-05
1,all_only,factor_cov_lrt_delta,gradual_bias,0.75,1.0,1,0.0,0.0,0.0,0.0,2008-11-15,2011-11-05
1,all_only,factor_cov_lrt_delta,gradual_bias,0.75,2.0,1,0.0,0.0,0.0,0.0,2008-11-15,2011-11-05
1,all_only,factor_cov_lrt_delta,gradual_bias,1.0,1.0,1,0.0,0.0,0.0,0.0,2008-11-15,2011-11-05
1,all_only,factor_cov_lrt_delta,gradual_bias,1.0,2.0,1,0.0,0.0,0.0,0.0,2008-11-15,2011-11-05
1,all_only,fused_fisher,gradual_bias,0.25,1.0,1,0.0,0.0,0.0,0.0,2008-11-15,2011-11-05
1,all_only,fused_fisher,gradual_bias,0.25,2.0,1,0.0,0.0,0.0,0.0,2008-11-15,2011-11-05
1,all_only,fused_fisher,gradual_bias,0.5,1.0,1,0.0,0.0,0.0,0.0,2008-11-15,2011-11-05
1,all_only,fused_fisher,gradual_bias,0.5,2.0,1,0.0,0.0,0.0,0.0,2008-11-15,2011-11-05
1,all_only,fused_fisher,gradual_bias,0.75,1.0,1,0.0,0.0,0.0,0.0,2008-11-15,2011-11-05
1,all_only,fused_fisher,gradual_bias,0.75,2.0,1,0.0,0.0,0.0,0.0,2008-11-15,2011-11-05
1,all_only,fused_fisher,gradual_bias,1.0,1.0,1,0.0,0.0,0.0,0.0,2008-11-15,2011-11-05
1,all_only,fused_fisher,gradual_bias,1.0,2.0,1,0.0,0.0,0.0,0.0,2008-11-15,2011-11-05
1,all_only,fused_fisher_lrt_delta,gradual_bias,0.25,1.0,1,0.0,0.0,0.0,0.0,2008-11-15,2011-11-05
1,all_only,fused_fisher_lrt_delta,gradual_bias,0.25,2.0,1,0.0,0.0,0.0,0.0,2008-11-15,2011-11-05
1,all_only,fused_fisher_lrt_delta,gradual_bias,0.5,1.0,1,0.0,0.0,0.0,0.0,2008-11-15,2011-11-05
1,all_only,fused_fisher_lrt_delta,gradual_bias,0.5,2.0,1,0.0,0.0,0.0,0.0,2008-11-15,2011-11-05
1,all_only,fused_fisher_lrt_delta,gradual_bias,0.75,1.0,1,0.0,0.0,0.0,0.0,2008-11-15,2011-11-05
1,all_only,fused_fisher_lrt_delta,gradual_bias,0.75,2.0,1,0.0,0.0,0.0,0.0,2008-11-15,2011-11-05
1,all_only,fused_fisher_lrt_delta,gradual_bias,1.0,1.0,1,0.0,0.0,0.0,0.0,2008-11-15,2011-11-05
1,all_only,fused_fisher_lrt_delta,gradual_bias,1.0,2.0,1,0.0,0.0,0.0,0.0,2008-11-15,2011-11-05
1,all_only,fused_sp,gradual_bias,0.25,1.0,1,0.0,0.0,0.0,0.0,2008-11-15,2011-11-05
1,all_only,fused_sp,gradual_bias,0.25,2.0,1,0.0,0.0,0.0,0.0,2008-11-15,2011-11-05
1,all_only,fused_sp,gradual_bias,0.5,1.0,1,0.0,0.0,0.0,0.0,2008-11-15,2011-11-05
1,all_only,fused_sp,gradual_bias,0.5,2.0,1,0.0,0.0,0.0,0.0,2008-11-15,2011-11-05
1,all_only,fused_sp,gradual_bias,0.75,1.0,1,0.0,0.0,0.0,0.0,2008-11-15,2011-11-05
1,all_only,fused_sp,gradual_bias,0.75,2.0,1,0.0,0.0,0.0,0.0,2008-11-15,2011-11-05
1,all_only,fused_sp,gradual_bias,1.0,1.0,1,0.0,0.0,0.0,0.0,2008-11-15,2011-11-05
1,all_only,fused_sp,gradual_bias,1.0,2.0,1,0.0,0.0,0.0,0.0,2008-11-15,2011-11-05
1,all_only,fused_sp_lrt_delta,gradual_bias,0.25,1.0,1,0.0,0.0,0.0,0.0,2008-11-15,2011-11-05
1,all_only,fused_sp_lrt_delta,gradual_bias,0.25,2.0,1,0.0,0.0,0.0,0.0,2008-11-15,2011-11-05
1,all_only,fused_sp_lrt_delta,gradual_bias,0.5,1.0,1,0.0,0.0,0.0,0.0,2008-11-15,2011-11-05
1,all_only,fused_sp_lrt_delta,gradual_bias,0.5,2.0,1,0.0,0.0,0.0,0.0,2008-11-15,2011-11-05
1,all_only,fused_sp_lrt_delta,gradual_bias,0.75,1.0,1,0.0,0.0,0.0,0.0,2008-11-15,2011-11-05
1,all_only,fused_sp_lrt_delta,gradual_bias,0.75,2.0,1,0.0,0.0,0.0,0.0,2008-11-15,2011-11-05
1,all_only,fused_sp_lrt_delta,gradual_bias,1.0,1.0,1,0.0,0.0,0.0,0.0,2008-11-15,2011-11-05
1,all_only,fused_sp_lrt_delta,gradual_bias,1.0,2.0,1,0.0,0.0,0.0,0.0,2008-11-15,2011-11-05
1,all_only,max_abs,gradual_bias,0.25,1.0,1,0.0,0.0,0.0,0.0,2008-11-15,2011-11-05
1,all_only,max_abs,gradual_bias,0.25,2.0,1,0.0,0.0,0.0,0.0,2008-11-15,2011-11-05
1,all_only,max_abs,gradual_bias,0.5,1.0,1,0.0,0.0,0.0,0.0,2008-11-15,2011-11-05
1,all_only,max_abs,gradual_bias,0.5,2.0,1,0.0,0.0,0.0,0.0,2008-11-15,2011-11-05
1,all_only,max_abs,gradual_bias,0.75,1.0,1,0.0,0.0,0.0,0.0,2008-11-15,2011-11-05
1,all_only,max_abs,gradual_bias,0.75,2.0,1,0.0,0.0,0.0,0.0,2008-11-15,2011-11-05
1,all_only,max_abs,gradual_bias,1.0,1.0,1,0.0,0.0,0.0,0.0,2008-11-15,2011-11-05
1,all_only,max_abs,gradual_bias,1.0,2.0,1,0.0,0.0,0.0,0.0,2008-11-15,2011-11-05
1,all_only,pc_t2,gradual_bias,0.25,1.0,1,0.0,0.0,0.0,0.0,2008-11-15,2011-11-05
1,all_only,pc_t2,gradual_bias,0.25,2.0,1,0.0,0.0,0.0,0.0,2008-11-15,2011-11-05
1,all_only,pc_t2,gradual_bias,0.5,1.0,1,0.0,0.0,0.0,0.0,2008-11-15,2011-11-05
1,all_only,pc_t2,gradual_bias,0.5,2.0,1,0.0,0.0,0.0,0.0,2008-11-15,2011-11-05
1,all_only,pc_t2,gradual_bias,0.75,1.0,1,0.0,0.0,0.0,0.0,2008-11-15,2011-11-05
1,all_only,pc_t2,gradual_bias,0.75,2.0,1,0.0,0.0,0.0,0.0,2008-11-15,2011-11-05
1,all_only,pc_t2,gradual_bias,1.0,1.0,1,0.0,0.0,0.0,0.0,2008-11-15,2011-11-05
1,all_only,pc_t2,gradual_bias,1.0,2.0,1,0.0,0.0,0.0,0.0,2008-11-15,2011-11-05
1,all_only,res_energy,gradual_bias,0.25,1.0,1,0.0,0.0,0.0,0.0,2008-11-15,2011-11-05
1,all_only,res_energy,gradual_bias,0.25,2.0,1,0.0,0.0,0.0,0.0,2008-11-15,2011-11-05
1,all_only,res_energy,gradual_bias,0.5,1.0,1,0.0,0.0,0.0,0.0,2008-11-15,2011-11-05
1,all_only,res_energy,gradual_bias,0.5,2.0,1,0.0,0.0,0.0,0.0,2008-11-15,2011-11-05
1,all_only,res_energy,gradual_bias,0.75,1.0,1,0.0,0.0,0.0,0.0,2008-11-15,2011-11-05
1,all_only,res_energy,gradual_bias,0.75,2.0,1,0.0,0.0,0.0,0.0,2008-11-15,2011-11-05
1,all_only,res_energy,gradual_bias,1.0,1.0,1,0.0,0.0,0.0,0.0,2008-11-15,2011-11-05
1,all_only,res_energy,gradual_bias,1.0,2.0,1,0.0,0.0,0.0,0.0,2008-11-15,2011-11-05
1,all_only,stale,gradual_bias,0.25,1.0,1,0.0,1.0,0.0,1.0,2008-11-15,2011-11-05
1,all_only,stale,gradual_bias,0.25,2.0,1,0.0,1.0,0.0,1.0,2008-11-15,2011-11-05
1,all_only,stale,gradual_bias,0.5,1.0,1,0.0,1.0,0.0,1.0,2008-11-15,2011-11-05
1,all_only,stale,gradual_bias,0.5,2.0,1,0.0,1.0,0.0,1.0,2008-11-15,2011-11-05
1,all_only,stale,gradual_bias,0.75,1.0,1,0.0,1.0,0.0,1.0,2008-11-15,2011-11-05
1,all_only,stale,gradual_bias,0.75,2.0,1,0.0,1.0,0.0,1.0,2008-11-15,2011-11-05
1,all_only,stale,gradual_bias,1.0,1.0,1,0.0,1.0,0.0,1.0,2008-11-15,2011-11-05
1,all_only,stale,gradual_bias,1.0,2.0,1,0.0,1.0,0.0,1.0,2008-11-15,2011-11-05
1,full,T2,gradual_bias,0.25,1.0,1,0.0,0.0,0.0,0.0,2008-11-15,2011-11-05
1,full,T2,gradual_bias,0.25,2.0,1,0.0,0.0,0.0,0.0,2008-11-15,2011-11-05
1,full,T2,gradual_bias,0.5,1.0,1,0.0,0.0,0.0,0.0,2008-11-15,2011-11-05
1,full,T2,gradual_bias,0.5,2.0,1,0.0,0.0,0.0,0.0,2008-11-15,2011-11-05
1,full,T2,gradual_bias,0.75,1.0,1,0.0,0.0,0.0,0.0,2008-11-15,2011-11-05
1,full,T2,gradual_bias,0.75,2.0,1,0.0,0.0,0.0,0.0,2008-11-15,2011-11-05
1,full,T2,gradual_bias,1.0,1.0,1,0.0,0.0,0.0,0.0,2008-11-15,2011-11-05
1,full,T2,gradual_bias,1.0,2.0,1,0.0,0.0,0.0,0.0,2008-11-15,2011-11-05
1,full,cusum_factor_cov_lrt,gradual_bias,0.25,1.0,1,0.0,0.0,1.0,0.0,2008-11-15,2011-11-05
1,full,cusum_factor_cov_lrt,gradual_bias,0.25,2.0,1,0.0,0.0,0.0,0.0,2008-11-15,2011-11-05
1,full,cusum_factor_cov_lrt,gradual_bias,0.5,1.0,1,0.0,0.0,1.0,0.0,2008-11-15,2011-11-05
1,full,cusum_factor_cov_lrt,gradual_bias,0.5,2.0,1,0.0,0.0,0.0,0.0,2008-11-15,2011-11-05
1,full,cusum_factor_cov_lrt,gradual_bias,0.75,1.0,1,0.0,0.0,1.0,0.0,2008-11-15,2011-11-05
1,full,cusum_factor_cov_lrt,gradual_bias,0.75,2.0,1,0.0,0.0,0.0,0.0,2008-11-15,2011-11-05
1,full,cusum_factor_cov_lrt,gradual_bias,1.0,1.0,1,0.0,0.0,1.0,0.0,2008-11-15,2011-11-05
1,full,cusum_factor_cov_lrt,gradual_bias,1.0,2.0,1,0.0,0.0,0.0,0.0,2008-11-15,2011-11-05
1,full,ewma_factor_cov_lrt,gradual_bias,0.25,1.0,1,0.0,0.0,0.0,0.0,2008-11-15,2011-11-05
1,full,ewma_factor_cov_lrt,gradual_bias,0.25,2.0,1,1.0,1.0,0.0,0.0,2008-11-15,2011-11-05
1,full,ewma_factor_cov_lrt,gradual_bias,0.5,1.0,1,0.0,0.0,0.0,0.0,2008-11-15,2011-11-05
1,full,ewma_factor_cov_lrt,gradual_bias,0.5,2.0,1,1.0,1.0,0.0,0.0,2008-11-15,2011-11-05
1,full,ewma_factor_cov_lrt,gradual_bias,0.75,1.0,1,0.0,0.0,0.0,0.0,2008-11-15,2011-11-05
1,full,ewma_factor_cov_lrt,gradual_bias,0.75,2.0,1,1.0,1.0,0.0,0.0,2008-11-15,2011-11-05
1,full,ewma_factor_cov_lrt,gradual_bias,1.0,1.0,1,0.0,0.0,0.0,0.0,2008-11-15,2011-11-05
1,full,ewma_factor_cov_lrt,gradual_bias,1.0,2.0,1,0.0,0.0,0.0,0.0,2008-11-15,2011-11-05
1,full,factor_cov_change,gradual_bias,0.25,1.0,1,0.0,0.0,0.0,0.0,2008-11-15,2011-11-05
1,full,factor_cov_change,gradual_bias,0.25,2.0,1,1.0,1.0,0.0,0.0,2008-11-15,2011-11-05
1,full,factor_cov_change,gradual_bias,0.5,1.0,1,0.0,0.0,0.0,0.0,2008-11-15,2011-11-05
1,full,factor_cov_change,gradual_bias,0.5,2.0,1,1.0,1.0,0.0,0.0,2008-11-15,2011-11-05
1,full,factor_cov_change,gradual_bias,0.75,1.0,1,0.0,0.0,0.0,0.0,2008-11-15,2011-11-05
1,full,factor_cov_change,gradual_bias,0.75,2.0,1,1.0,1.0,0.0,0.0,2008-11-15,2011-11-05
1,full,factor_cov_change,gradual_bias,1.0,1.0,1,0.0,0.0,0.0,0.0,2008-11-15,2011-11-05
1,full,factor_cov_change,gradual_bias,1.0,2.0,1,1.0,1.0,0.0,0.0,2008-11-15,2011-11-05
1,full,factor_cov_delta,gradual_bias,0.25,1.0,1,0.0,0.0,0.0,0.0,2008-11-15,2011-11-05
1,full,factor_cov_delta,gradual_bias,0.25,2.0,1,1.0,1.0,0.0,0.0,2008-11-15,2011-11-05
1,full,factor_cov_delta,gradual_bias,0.5,1.0,1,0.0,0.0,0.0,0.0,2008-11-15,2011-11-05
1,full,factor_cov_delta,gradual_bias,0.5,2.0,1,1.0,1.0,0.0,0.0,2008-11-15,2011-11-05
1,full,factor_cov_delta,gradual_bias,0.75,1.0,1,0.0,0.0,0.0,0.0,2008-11-15,2011-11-05
1,full,factor_cov_delta,gradual_bias,0.75,2.0,1,1.0,1.0,0.0,0.0,2008-11-15,2011-11-05
1,full,factor_cov_delta,gradual_bias,1.0,1.0,1,0.0,0.0,0.0,0.0,2008-11-15,2011-11-05
1,full,factor_cov_delta,gradual_bias,1.0,2.0,1,1.0,1.0,0.0,0.0,2008-11-15,2011-11-05
1,full,factor_cov_lrt,gradual_bias,0.25,1.0,1,0.0,0.0,0.0,0.0,2008-11-15,2011-11-05
1,full,factor_cov_lrt,gradual_bias,0.25,2.0,1,1.0,1.0,0.0,0.0,2008-11-15,2011-11-05
1,full,factor_cov_lrt,gradual_bias,0.5,1.0,1,0.0,0.0,0.0,0.0,2008-11-15,2011-11-05
1,full,factor_cov_lrt,gradual_bias,0.5,2.0,1,1.0,1.0,0.0,0.0,2008-11-15,2011-11-05
1,full,factor_cov_lrt,gradual_bias,0.75,1.0,1,0.0,0.0,0.0,0.0,2008-11-15,2011-11-05
1,full,factor_cov_lrt,gradual_bias,0.75,2.0,1,1.0,1.0,0.0,0.0,2008-11-15,2011-11-05
1,full,factor_cov_lrt,gradual_bias,1.0,1.0,1,0.0,0.0,0.0,0.0,2008-11-15,2011-11-05
1,full,factor_cov_lrt,gradual_bias,1.0,2.0,1,1.0,1.0,0.0,0.0,2008-11-15,2011-11-05
1,full,factor_cov_lrt_delta,gradual_bias,0.25,1.0,1,0.0,0.0,0.0,0.0,2008-11-15,2011-11-05
1,full,factor_cov_lrt_delta,gradual_bias,0.25,2.0,1,0.0,0.0,0.0,0.0,2008-11-15,2011-11-05
1,full,factor_cov_lrt_delta,gradual_bias,0.5,1.0,1,0.0,0.0,0.0,0.0,2008-11-15,2011-11-05
1,full,factor_cov_lrt_delta,gradual_bias,0.5,2.0,1,0.0,0.0,0.0,0.0,2008-11-15,2011-11-05
1,full,factor_cov_lrt_delta,gradual_bias,0.75,1.0,1,0.0,0.0,0.0,0.0,2008-11-15,2011-11-05
1,full,factor_cov_lrt_delta,gradual_bias,0.75,2.0,1,0.0,0.0,0.0,0.0,2008-11-15,2011-11-05
1,full,factor_cov_lrt_delta,gradual_bias,1.0,1.0,1,0.0,0.0,0.0,0.0,2008-11-15,2011-11-05
1,full,factor_cov_lrt_delta,gradual_bias,1.0,2.0,1,0.0,0.0,0.0,0.0,2008-11-15,2011-11-05
1,full,fused_fisher,gradual_bias,0.25,1.0,1,0.0,0.0,0.0,0.0,2008-11-15,2011-11-05
1,full,fused_fisher,gradual_bias,0.25,2.0,1,0.0,0.0,0.0,0.0,2008-11-15,2011-11-05
1,full,fused_fisher,gradual_bias,0.5,1.0,1,0.0,0.0,0.0,0.0,2008-11-15,2011-11-05
1,full,fused_fisher,gradual_bias,0.5,2.0,1,0.0,0.0,0.0,0.0,2008-11-15,2011-11-05
1,full,fused_fisher,gradual_bias,0.75,1.0,1,0.0,0.0,0.0,0.0,2008-11-15,2011-11-05
1,full,fused_fisher,gradual_bias,0.75,2.0,1,0.0,0.0,0.0,0.0,2008-11-15,2011-11-05
1,full,fused_fisher,gradual_bias,1.0,1.0,1,0.0,0.0,0.0,0.0,2008-11-15,2011-11-05
1,full,fused_fisher,gradual_bias,1.0,2.0,1,0.0,0.0,0.0,0.0,2008-11-15,2011-11-05
1,full,fused_fisher_lrt_delta,gradual_bias,0.25,1.0,1,0.0,0.0,0.0,0.0,2008-11-15,2011-11-05
1,full,fused_fisher_lrt_delta,gradual_bias,0.25,2.0,1,0.0,0.0,0.0,0.0,2008-11-15,2011-11-05
1,full,fused_fisher_lrt_delta,gradual_bias,0.5,1.0,1,0.0,0.0,0.0,0.0,2008-11-15,2011-11-05
1,full,fused_fisher_lrt_delta,gradual_bias,0.5,2.0,1,0.0,0.0,0.0,0.0,2008-11-15,2011-11-05
1,full,fused_fisher_lrt_delta,gradual_bias,0.75,1.0,1,0.0,0.0,0.0,0.0,2008-11-15,2011-11-05
1,full,fused_fisher_lrt_delta,gradual_bias,0.75,2.0,1,0.0,0.0,0.0,0.0,2008-11-15,2011-11-05
1,full,fused_fisher_lrt_delta,gradual_bias,1.0,1.0,1,0.0,0.0,0.0,0.0,2008-11-15,2011-11-05
1,full,fused_fisher_lrt_delta,gradual_bias,1.0,2.0,1,0.0,0.0,0.0,0.0,2008-11-15,2011-11-05
1,full,fused_sp,gradual_bias,0.25,1.0,1,0.0,0.0,0.0,0.0,2008-11-15,2011-11-05
1,full,fused_sp,gradual_bias,0.25,2.0,1,0.0,0.0,0.0,0.0,2008-11-15,2011-11-05
1,full,fused_sp,gradual_bias,0.5,1.0,1,0.0,0.0,0.0,0.0,2008-11-15,2011-11-05
1,full,fused_sp,gradual_bias,0.5,2.0,1,0.0,0.0,0.0,0.0,2008-11-15,2011-11-05
1,full,fused_sp,gradual_bias,0.75,1.0,1,0.0,0.0,0.0,0.0,2008-11-15,2011-11-05
1,full,fused_sp,gradual_bias,0.75,2.0,1,0.0,0.0,0.0,0.0,2008-11-15,2011-11-05
1,full,fused_sp,gradual_bias,1.0,1.0,1,0.0,0.0,0.0,0.0,2008-11-15,2011-11-05
1,full,fused_sp,gradual_bias,1.0,2.0,1,0.0,0.0,0.0,0.0,2008-11-15,2011-11-05
1,full,fused_sp_lrt_delta,gradual_bias,0.25,1.0,1,0.0,0.0,0.0,0.0,2008-11-15,2011-11-05
1,full,fused_sp_lrt_delta,gradual_bias,0.25,2.0,1,0.0,0.0,0.0,0.0,2008-11-15,2011-11-05
1,full,fused_sp_lrt_delta,gradual_bias,0.5,1.0,1,0.0,0.0,0.0,0.0,2008-11-15,2011-11-05
1,full,fused_sp_lrt_delta,gradual_bias,0.5,2.0,1,0.0,0.0,0.0,0.0,2008-11-15,2011-11-05
1,full,fused_sp_lrt_delta,gradual_bias,0.75,1.0,1,0.0,0.0,0.0,0.0,2008-11-15,2011-11-05
1,full,fused_sp_lrt_delta,gradual_bias,0.75,2.0,1,0.0,0.0,0.0,0.0,2008-11-15,2011-11-05
1,full,fused_sp_lrt_delta,gradual_bias,1.0,1.0,1,0.0,0.0,0.0,0.0,2008-11-15,2011-11-05
1,full,fused_sp_lrt_delta,gradual_bias,1.0,2.0,1,0.0,0.0,0.0,0.0,2008-11-15,2011-11-05
1,full,max_abs,gradual_bias,0.25,1.0,1,0.0,0.0,0.0,0.0,2008-11-15,2011-11-05
1,full,max_abs,gradual_bias,0.25,2.0,1,0.0,0.0,0.0,0.0,2008-11-15,2011-11-05
1,full,max_abs,gradual_bias,0.5,1.0,1,0.0,0.0,0.0,0.0,2008-11-15,2011-11-05
1,full,max_abs,gradual_bias,0.5,2.0,1,0.0,0.0,0.0,0.0,2008-11-15,2011-11-05
1,full,max_abs,gradual_bias,0.75,1.0,1,0.0,0.0,0.0,0.0,2008-11-15,2011-11-05
1,full,max_abs,gradual_bias,0.75,2.0,1,0.0,0.0,0.0,0.0,2008-11-15,2011-11-05
1,full,max_abs,gradual_bias,1.0,1.0,1,0.0,0.0,0.0,0.0,2008-11-15,2011-11-05
1,full,max_abs,gradual_bias,1.0,2.0,1,0.0,0.0,0.0,0.0,2008-11-15,2011-11-05
1,full,pc_t2,gradual_bias,0.25,1.0,1,0.0,0.0,0.0,0.0,2008-11-15,2011-11-05
1,full,pc_t2,gradual_bias,0.25,2.0,1,0.0,0.0,0.0,0.0,2008-11-15,2011-11-05
1,full,pc_t2,gradual_bias,0.5,1.0,1,0.0,0.0,0.0,0.0,2008-11-15,2011-11-05
1,full,pc_t2,gradual_bias,0.5,2.0,1,0.0,0.0,0.0,0.0,2008-11-15,2011-11-05
1,full,pc_t2,gradual_bias,0.75,1.0,1,0.0,0.0,0.0,0.0,2008-11-15,2011-11-05
1,full,pc_t2,gradual_bias,0.75,2.0,1,0.0,0.0,0.0,0.0,2008-11-15,2011-11-05
1,full,pc_t2,gradual_bias,1.0,1.0,1,0.0,0.0,0.0,0.0,2008-11-15,2011-11-05
1,full,pc_t2,gradual_bias,1.0,2.0,1,0.0,0.0,0.0,0.0,2008-11-15,2011-11-05
1,full,res_energy,gradual_bias,0.25,1.0,1,0.0,0.0,0.0,0.0,2008-11-15,2011-11-05
1,full,res_energy,gradual_bias,0.25,2.0,1,0.0,0.0,0.0,0.0,2008-11-15,2011-11-05
1,full,res_energy,gradual_bias,0.5,1.0,1,0.0,0.0,0.0,0.0,2008-11-15,2011-11-05
1,full,res_energy,gradual_bias,0.5,2.0,1,0.0,0.0,0.0,0.0,2008-11-15,2011-11-05
1,full,res_energy,gradual_bias,0.75,1.0,1,0.0,0.0,0.0,0.0,2008-11-15,2011-11-05
1,full,res_energy,gradual_bias,0.75,2.0,1,0.0,0.0,0.0,0.0,2008-11-15,2011-11-05
1,full,res_energy,gradual_bias,1.0,1.0,1,0.0,0.0,0.0,0.0,2008-11-15,2011-11-05
1,full,res_energy,gradual_bias,1.0,2.0,1,0.0,0.0,0.0,0.0,2008-11-15,2011-11-05
1,full,stale,gradual_bias,0.25,1.0,1,0.0,1.0,0.0,1.0,2008-11-15,2011-11-05
1,full,stale,gradual_bias,0.25,2.0,1,0.0,1.0,0.0,1.0,2008-11-15,2011-11-05
1,full,stale,gradual_bias,0.5,1.0,1,0.0,1.0,0.0,1.0,2008-11-15,2011-11-05
1,full,stale,gradual_bias,0.5,2.0,1,0.0,1.0,0.0,1.0,2008-11-15,2011-11-05
1,full,stale,gradual_bias,0.75,1.0,1,0.0,1.0,0.0,1.0,2008-11-15,2011-11-05
1,full,stale,gradual_bias,0.75,2.0,1,0.0,1.0,0.0,1.0,2008-11-15,2011-11-05
1,full,stale,gradual_bias,1.0,1.0,1,0.0,1.0,0.0,1.0,2008-11-15,2011-11-05
1,full,stale,gradual_bias,1.0,2.0,1,0.0,1.0,0.0,1.0,2008-11-15,2011-11-05
1,score_only,T2,gradual_bias,0.25,1.0,1,0.0,0.0,0.0,0.0,2008-11-15,2011-11-05
1,score_only,T2,gradual_bias,0.25,2.0,1,0.0,0.0,0.0,0.0,2008-11-15,2011-11-05
1,score_only,T2,gradual_bias,0.5,1.0,1,0.0,0.0,0.0,0.0,2008-11-15,2011-11-05
1,score_only,T2,gradual_bias,0.5,2.0,1,0.0,0.0,0.0,0.0,2008-11-15,2011-11-05
1,score_only,T2,gradual_bias,0.75,1.0,1,0.0,0.0,0.0,0.0,2008-11-15,2011-11-05
1,score_only,T2,gradual_bias,0.75,2.0,1,0.0,0.0,0.0,0.0,2008-11-15,2011-11-05
1,score_only,T2,gradual_bias,1.0,1.0,1,0.0,0.0,0.0,0.0,2008-11-15,2011-11-05
1,score_only,T2,gradual_bias,1.0,2.0,1,0.0,0.0,0.0,0.0,2008-11-15,2011-11-05
1,score_only,coh_resid_energy,gradual_bias,0.25,1.0,1,0.0,0.0,0.0,0.0,2008-11-15,2011-11-05
1,score_only,coh_resid_energy,gradual_bias,0.25,2.0,1,0.0,0.0,0.0,0.0,2008-11-15,2011-11-05
1,score_only,coh_resid_energy,gradual_bias,0.5,1.0,1,0.0,0.0,0.0,0.0,2008-11-15,2011-11-05
1,score_only,coh_resid_energy,gradual_bias,0.5,2.0,1,0.0,0.0,0.0,0.0,2008-11-15,2011-11-05
1,score_only,coh_resid_energy,gradual_bias,0.75,1.0,1,0.0,0.0,0.0,0.0,2008-11-15,2011-11-05
1,score_only,coh_resid_energy,gradual_bias,0.75,2.0,1,0.0,0.0,0.0,0.0,2008-11-15,2011-11-05
1,score_only,coh_resid_energy,gradual_bias,1.0,1.0,1,0.0,0.0,0.0,0.0,2008-11-15,2011-11-05
1,score_only,coh_resid_energy,gradual_bias,1.0,2.0,1,0.0,0.0,0.0,0.0,2008-11-15,2011-11-05
1,score_only,coh_resid_t2,gradual_bias,0.25,1.0,1,0.0,0.0,0.0,0.0,2008-11-15,2011-11-05
1,score_only,coh_resid_t2,gradual_bias,0.25,2.0,1,0.0,0.0,0.0,0.0,2008-11-15,2011-11-05
1,score_only,coh_resid_t2,gradual_bias,0.5,1.0,1,0.0,0.0,0.0,0.0,2008-11-15,2011-11-05
1,score_only,coh_resid_t2,gradual_bias,0.5,2.0,1,0.0,0.0,0.0,0.0,2008-11-15,2011-11-05
1,score_only,coh_resid_t2,gradual_bias,0.75,1.0,1,0.0,0.0,0.0,0.0,2008-11-15,2011-11-05
1,score_only,coh_resid_t2,gradual_bias,0.75,2.0,1,0.0,0.0,0.0,0.0,2008-11-15,2011-11-05
1,score_only,coh_resid_t2,gradual_bias,1.0,1.0,1,0.0,0.0,0.0,0.0,2008-11-15,2011-11-05
1,score_only,coh_resid_t2,gradual_bias,1.0,2.0,1,0.0,0.0,0.0,0.0,2008-11-15,2011-11-05
1,score_only,cusum_coh_resid_t2,gradual_bias,0.25,1.0,1,0.0,0.0,0.0,0.0,2008-11-15,2011-11-05
1,score_only,cusum_coh_resid_t2,gradual_bias,0.25,2.0,1,0.0,0.0,0.0,0.0,2008-11-15,2011-11-05
1,score_only,cusum_coh_resid_t2,gradual_bias,0.5,1.0,1,0.0,0.0,0.0,0.0,2008-11-15,2011-11-05
1,score_only,cusum_coh_resid_t2,gradual_bias,0.5,2.0,1,0.0,0.0,0.0,0.0,2008-11-15,2011-11-05
1,score_only,cusum_coh_resid_t2,gradual_bias,0.75,1.0,1,0.0,0.0,0.0,0.0,2008-11-15,2011-11-05
1,score_only,cusum_coh_resid_t2,gradual_bias,0.75,2.0,1,0.0,0.0,0.0,0.0,2008-11-15,2011-11-05
1,score_only,cusum_coh_resid_t2,gradual_bias,1.0,1.0,1,0.0,0.0,0.0,0.0,2008-11-15,2011-11-05
1,score_only,cusum_coh_resid_t2,gradual_bias,1.0,2.0,1,0.0,0.0,0.0,0.0,2008-11-15,2011-11-05
1,score_only,cusum_factor_cov_lrt,gradual_bias,0.25,1.0,1,0.0,0.0,0.0,0.0,2008-11-15,2011-11-05
1,score_only,cusum_factor_cov_lrt,gradual_bias,0.25,2.0,1,0.0,0.0,0.0,0.0,2008-11-15,2011-11-05
1,score_only,cusum_factor_cov_lrt,gradual_bias,0.5,1.0,1,0.0,0.0,0.0,0.0,2008-11-15,2011-11-05
1,score_only,cusum_factor_cov_lrt,gradual_bias,0.5,2.0,1,0.0,0.0,0.0,0.0,2008-11-15,2011-11-05
1,score_only,cusum_factor_cov_lrt,gradual_bias,0.75,1.0,1,0.0,0.0,0.0,0.0,2008-11-15,2011-11-05
1,score_only,cusum_factor_cov_lrt,gradual_bias,0.75,2.0,1,0.0,0.0,0.0,0.0,2008-11-15,2011-11-05
1,score_only,cusum_factor_cov_lrt,gradual_bias,1.0,1.0,1,0.0,0.0,0.0,0.0,2008-11-15,2011-11-05
1,score_only,cusum_factor_cov_lrt,gradual_bias,1.0,2.0,1,0.0,0.0,0.0,0.0,2008-11-15,2011-11-05
1,score_only,ewma_coh_resid_t2,gradual_bias,0.25,1.0,1,0.0,0.0,0.0,0.0,2008-11-15,2011-11-05
1,score_only,ewma_coh_resid_t2,gradual_bias,0.25,2.0,1,0.0,0.0,0.0,0.0,2008-11-15,2011-11-05
1,score_only,ewma_coh_resid_t2,gradual_bias,0.5,1.0,1,0.0,0.0,0.0,0.0,2008-11-15,2011-11-05
1,score_only,ewma_coh_resid_t2,gradual_bias,0.5,2.0,1,0.0,0.0,0.0,0.0,2008-11-15,2011-11-05
1,score_only,ewma_coh_resid_t2,gradual_bias,0.75,1.0,1,0.0,0.0,0.0,0.0,2008-11-15,2011-11-05
1,score_only,ewma_coh_resid_t2,gradual_bias,0.75,2.0,1,0.0,0.0,0.0,0.0,2008-11-15,2011-11-05
1,score_only,ewma_coh_resid_t2,gradual_bias,1.0,1.0,1,0.0,0.0,0.0,0.0,2008-11-15,2011-11-05
1,score_only,ewma_coh_resid_t2,gradual_bias,1.0,2.0,1,0.0,0.0,0.0,0.0,2008-11-15,2011-11-05
1,score_only,ewma_factor_cov_lrt,gradual_bias,0.25,1.0,1,0.0,0.0,0.0,0.0,2008-11-15,2011-11-05
1,score_only,ewma_factor_cov_lrt,gradual_bias,0.25,2.0,1,0.0,0.0,0.0,0.0,2008-11-15,2011-11-05
1,score_only,ewma_factor_cov_lrt,gradual_bias,0.5,1.0,1,0.0,0.0,0.0,0.0,2008-11-15,2011-11-05
1,score_only,ewma_factor_cov_lrt,gradual_bias,0.5,2.0,1,0.0,0.0,0.0,0.0,2008-11-15,2011-11-05
1,score_only,ewma_factor_cov_lrt,gradual_bias,0.75,1.0,1,0.0,0.0,0.0,0.0,2008-11-15,2011-11-05
1,score_only,ewma_factor_cov_lrt,gradual_bias,0.75,2.0,1,0.0,0.0,0.0,0.0,2008-11-15,2011-11-05
1,score_only,ewma_factor_cov_lrt,gradual_bias,1.0,1.0,1,0.0,0.0,0.0,0.0,2008-11-15,2011-11-05
1,score_only,ewma_factor_cov_lrt,gradual_bias,1.0,2.0,1,0.0,0.0,0.0,0.0,2008-11-15,2011-11-05
1,score_only,factor_cov_change,gradual_bias,0.25,1.0,1,0.0,0.0,0.0,0.0,2008-11-15,2011-11-05
1,score_only,factor_cov_change,gradual_bias,0.25,2.0,1,0.0,0.0,0.0,0.0,2008-11-15,2011-11-05
1,score_only,factor_cov_change,gradual_bias,0.5,1.0,1,0.0,0.0,0.0,0.0,2008-11-15,2011-11-05
1,score_only,factor_cov_change,gradual_bias,0.5,2.0,1,0.0,0.0,0.0,0.0,2008-11-15,2011-11-05
1,score_only,factor_cov_change,gradual_bias,0.75,1.0,1,0.0,0.0,0.0,0.0,2008-11-15,2011-11-05
1,score_only,factor_cov_change,gradual_bias,0.75,2.0,1,0.0,0.0,0.0,0.0,2008-11-15,2011-11-05
1,score_only,factor_cov_change,gradual_bias,1.0,1.0,1,0.0,0.0,0.0,0.0,2008-11-15,2011-11-05
1,score_only,factor_cov_change,gradual_bias,1.0,2.0,1,0.0,0.0,0.0,0.0,2008-11-15,2011-11-05
1,score_only,factor_cov_delta,gradual_bias,0.25,1.0,1,0.0,0.0,0.0,0.0,2008-11-15,2011-11-05
1,score_only,factor_cov_delta,gradual_bias,0.25,2.0,1,0.0,0.0,0.0,0.0,2008-11-15,2011-11-05
1,score_only,factor_cov_delta,gradual_bias,0.5,1.0,1,0.0,0.0,0.0,0.0,2008-11-15,2011-11-05
1,score_only,factor_cov_delta,gradual_bias,0.5,2.0,1,0.0,0.0,0.0,0.0,2008-11-15,2011-11-05
1,score_only,factor_cov_delta,gradual_bias,0.75,1.0,1,0.0,0.0,0.0,0.0,2008-11-15,2011-11-05
1,score_only,factor_cov_delta,gradual_bias,0.75,2.0,1,0.0,0.0,0.0,0.0,2008-11-15,2011-11-05
1,score_only,factor_cov_delta,gradual_bias,1.0,1.0,1,0.0,0.0,0.0,0.0,2008-11-15,2011-11-05
1,score_only,factor_cov_delta,gradual_bias,1.0,2.0,1,0.0,0.0,0.0,0.0,2008-11-15,2011-11-05
1,score_only,factor_cov_lrt,gradual_bias,0.25,1.0,1,0.0,0.0,0.0,0.0,2008-11-15,2011-11-05
1,score_only,factor_cov_lrt,gradual_bias,0.25,2.0,1,1.0,1.0,0.0,0.0,2008-11-15,2011-11-05
1,score_only,factor_cov_lrt,gradual_bias,0.5,1.0,1,0.0,0.0,0.0,0.0,2008-11-15,2011-11-05
1,score_only,factor_cov_lrt,gradual_bias,0.5,2.0,1,1.0,1.0,0.0,0.0,2008-11-15,2011-11-05
1,score_only,factor_cov_lrt,gradual_bias,0.75,1.0,1,0.0,0.0,0.0,0.0,2008-11-15,2011-11-05
1,score_only,factor_cov_lrt,gradual_bias,0.75,2.0,1,1.0,1.0,0.0,0.0,2008-11-15,2011-11-05
1,score_only,factor_cov_lrt,gradual_bias,1.0,1.0,1,0.0,0.0,0.0,0.0,2008-11-15,2011-11-05
1,score_only,factor_cov_lrt,gradual_bias,1.0,2.0,1,1.0,1.0,0.0,0.0,2008-11-15,2011-11-05
1,score_only,factor_cov_lrt_delta,gradual_bias,0.25,1.0,1,0.0,0.0,0.0,0.0,2008-11-15,2011-11-05
1,score_only,factor_cov_lrt_delta,gradual_bias,0.25,2.0,1,1.0,1.0,0.0,0.0,2008-11-15,2011-11-05
1,score_only,factor_cov_lrt_delta,gradual_bias,0.5,1.0,1,0.0,0.0,0.0,0.0,2008-11-15,2011-11-05
1,score_only,factor_cov_lrt_delta,gradual_bias,0.5,2.0,1,1.0,1.0,0.0,0.0,2008-11-15,2011-11-05
1,score_only,factor_cov_lrt_delta,gradual_bias,0.75,1.0,1,0.0,0.0,0.0,0.0,2008-11-15,2011-11-05
1,score_only,factor_cov_lrt_delta,gradual_bias,0.75,2.0,1,1.0,1.0,0.0,0.0,2008-11-15,2011-11-05
1,score_only,factor_cov_lrt_delta,gradual_bias,1.0,1.0,1,0.0,0.0,0.0,0.0,2008-11-15,2011-11-05
1,score_only,factor_cov_lrt_delta,gradual_bias,1.0,2.0,1,1.0,1.0,0.0,0.0,2008-11-15,2011-11-05
1,score_only,fused_fisher,gradual_bias,0.25,1.0,1,0.0,0.0,0.0,0.0,2008-11-15,2011-11-05
1,score_only,fused_fisher,gradual_bias,0.25,2.0,1,1.0,1.0,0.0,0.0,2008-11-15,2011-11-05
1,score_only,fused_fisher,gradual_bias,0.5,1.0,1,0.0,0.0,0.0,0.0,2008-11-15,2011-11-05
1,score_only,fused_fisher,gradual_bias,0.5,2.0,1,1.0,1.0,0.0,0.0,2008-11-15,2011-11-05
1,score_only,fused_fisher,gradual_bias,0.75,1.0,1,0.0,0.0,0.0,0.0,2008-11-15,2011-11-05
1,score_only,fused_fisher,gradual_bias,0.75,2.0,1,1.0,1.0,0.0,0.0,2008-11-15,2011-11-05
1,score_only,fused_fisher,gradual_bias,1.0,1.0,1,0.0,0.0,0.0,0.0,2008-11-15,2011-11-05
1,score_only,fused_fisher,gradual_bias,1.0,2.0,1,1.0,1.0,0.0,0.0,2008-11-15,2011-11-05
1,score_only,fused_fisher_lrt_delta,gradual_bias,0.25,1.0,1,0.0,0.0,0.0,0.0,2008-11-15,2011-11-05
1,score_only,fused_fisher_lrt_delta,gradual_bias,0.25,2.0,1,0.0,0.0,0.0,0.0,2008-11-15,2011-11-05
1,score_only,fused_fisher_lrt_delta,gradual_bias,0.5,1.0,1,0.0,0.0,0.0,0.0,2008-11-15,2011-11-05
1,score_only,fused_fisher_lrt_delta,gradual_bias,0.5,2.0,1,0.0,0.0,0.0,0.0,2008-11-15,2011-11-05
1,score_only,fused_fisher_lrt_delta,gradual_bias,0.75,1.0,1,0.0,0.0,0.0,0.0,2008-11-15,2011-11-05
1,score_only,fused_fisher_lrt_delta,gradual_bias,0.75,2.0,1,0.0,0.0,0.0,0.0,2008-11-15,2011-11-05
1,score_only,fused_fisher_lrt_delta,gradual_bias,1.0,1.0,1,0.0,0.0,0.0,0.0,2008-11-15,2011-11-05
1,score_only,fused_fisher_lrt_delta,gradual_bias,1.0,2.0,1,0.0,0.0,0.0,0.0,2008-11-15,2011-11-05
1,score_only,fused_sp,gradual_bias,0.25,1.0,1,0.0,0.0,0.0,0.0,2008-11-15,2011-11-05
1,score_only,fused_sp,gradual_bias,0.25,2.0,1,0.0,0.0,0.0,0.0,2008-11-15,2011-11-05
1,score_only,fused_sp,gradual_bias,0.5,1.0,1,0.0,0.0,0.0,0.0,2008-11-15,2011-11-05
1,score_only,fused_sp,gradual_bias,0.5,2.0,1,0.0,0.0,0.0,0.0,2008-11-15,2011-11-05
1,score_only,fused_sp,gradual_bias,0.75,1.0,1,0.0,0.0,0.0,0.0,2008-11-15,2011-11-05
1,score_only,fused_sp,gradual_bias,0.75,2.0,1,0.0,0.0,0.0,0.0,2008-11-15,2011-11-05
1,score_only,fused_sp,gradual_bias,1.0,1.0,1,0.0,0.0,0.0,0.0,2008-11-15,2011-11-05
1,score_only,fused_sp,gradual_bias,1.0,2.0,1,0.0,0.0,0.0,0.0,2008-11-15,2011-11-05
1,score_only,fused_sp_lrt_delta,gradual_bias,0.25,1.0,1,0.0,0.0,0.0,0.0,2008-11-15,2011-11-05
1,score_only,fused_sp_lrt_delta,gradual_bias,0.25,2.0,1,0.0,0.0,0.0,0.0,2008-11-15,2011-11-05
1,score_only,fused_sp_lrt_delta,gradual_bias,0.5,1.0,1,0.0,0.0,0.0,0.0,2008-11-15,2011-11-05
1,score_only,fused_sp_lrt_delta,gradual_bias,0.5,2.0,1,0.0,0.0,0.0,0.0,2008-11-15,2011-11-05
1,score_only,fused_sp_lrt_delta,gradual_bias,0.75,1.0,1,0.0,0.0,0.0,0.0,2008-11-15,2011-11-05
1,score_only,fused_sp_lrt_delta,gradual_bias,0.75,2.0,1,0.0,0.0,0.0,0.0,2008-11-15,2011-11-05
1,score_only,fused_sp_lrt_delta,gradual_bias,1.0,1.0,1,0.0,0.0,0.0,0.0,2008-11-15,2011-11-05
1,score_only,fused_sp_lrt_delta,gradual_bias,1.0,2.0,1,0.0,0.0,0.0,0.0,2008-11-15,2011-11-05
1,score_only,max_abs,gradual_bias,0.25,1.0,1,0.0,0.0,0.0,0.0,2008-11-15,2011-11-05
1,score_only,max_abs,gradual_bias,0.25,2.0,1,0.0,0.0,0.0,0.0,2008-11-15,2011-11-05
1,score_only,max_abs,gradual_bias,0.5,1.0,1,0.0,0.0,0.0,0.0,2008-11-15,2011-11-05
1,score_only,max_abs,gradual_bias,0.5,2.0,1,0.0,0.0,0.0,0.0,2008-11-15,2011-11-05
1,score_only,max_abs,gradual_bias,0.75,1.0,1,0.0,0.0,0.0,0.0,2008-11-15,2011-11-05
1,score_only,max_abs,gradual_bias,0.75,2.0,1,0.0,0.0,0.0,0.0,2008-11-15,2011-11-05
1,score_only,max_abs,gradual_bias,1.0,1.0,1,0.0,0.0,0.0,0.0,2008-11-15,2011-11-05
1,score_only,max_abs,gradual_bias,1.0,2.0,1,0.0,0.0,0.0,0.0,2008-11-15,2011-11-05
1,score_only,pc_t2,gradual_bias,0.25,1.0,1,0.0,0.0,0.0,0.0,2008-11-15,2011-11-05
1,score_only,pc_t2,gradual_bias,0.25,2.0,1,0.0,0.0,0.0,0.0,2008-11-15,2011-11-05
1,score_only,pc_t2,gradual_bias,0.5,1.0,1,0.0,0.0,0.0,0.0,2008-11-15,2011-11-05
1,score_only,pc_t2,gradual_bias,0.5,2.0,1,0.0,0.0,0.0,0.0,2008-11-15,2011-11-05
1,score_only,pc_t2,gradual_bias,0.75,1.0,1,0.0,0.0,0.0,0.0,2008-11-15,2011-11-05
1,score_only,pc_t2,gradual_bias,0.75,2.0,1,0.0,0.0,0.0,0.0,2008-11-15,2011-11-05
1,score_only,pc_t2,gradual_bias,1.0,1.0,1,0.0,0.0,0.0,0.0,2008-11-15,2011-11-05
1,score_only,pc_t2,gradual_bias,1.0,2.0,1,0.0,0.0,0.0,0.0,2008-11-15,2011-11-05
1,score_only,res_energy,gradual_bias,0.25,1.0,1,0.0,0.0,0.0,0.0,2008-11-15,2011-11-05
1,score_only,res_energy,gradual_bias,0.25,2.0,1,0.0,0.0,0.0,0.0,2008-11-15,2011-11-05
1,score_only,res_energy,gradual_bias,0.5,1.0,1,0.0,0.0,0.0,0.0,2008-11-15,2011-11-05
1,score_only,res_energy,gradual_bias,0.5,2.0,1,0.0,0.0,0.0,0.0,2008-11-15,2011-11-05
1,score_only,res_energy,gradual_bias,0.75,1.0,1,0.0,0.0,0.0,0.0,2008-11-15,2011-11-05
1,score_only,res_energy,gradual_bias,0.75,2.0,1,0.0,0.0,0.0,0.0,2008-11-15,2011-11-05
1,score_only,res_energy,gradual_bias,1.0,1.0,1,0.0,0.0,0.0,0.0,2008-11-15,2011-11-05
1,score_only,res_energy,gradual_bias,1.0,2.0,1,0.0,0.0,0.0,0.0,2008-11-15,2011-11-05
1,score_only,stale,gradual_bias,0.25,1.0,1,0.0,1.0,0.0,1.0,2008-11-15,2011-11-05
1,score_only,stale,gradual_bias,0.25,2.0,1,0.0,1.0,0.0,1.0,2008-11-15,2011-11-05
1,score_only,stale,gradual_bias,0.5,1.0,1,0.0,1.0,0.0,1.0,2008-11-15,2011-11-05
1,score_only,stale,gradual_bias,0.5,2.0,1,0.0,1.0,0.0,1.0,2008-11-15,2011-11-05
1,score_only,stale,gradual_bias,0.75,1.0,1,0.0,1.0,0.0,1.0,2008-11-15,2011-11-05
1,score_only,stale,gradual_bias,0.75,2.0,1,0.0,1.0,0.0,1.0,2008-11-15,2011-11-05
1,score_only,stale,gradual_bias,1.0,1.0,1,0.0,1.0,0.0,1.0,2008-11-15,2011-11-05
1,score_only,stale,gradual_bias,1.0,2.0,1,0.0,1.0,0.0,1.0,2008-11-15,2011-11-05
4,all_only,T2,gradual_bias,0.25,1.0,1,1.0,1.0,0.0,0.0,2011-11-12,2014-11-01
4,all_only,T2,gradual_bias,0.25,2.0,1,0.0,0.0,0.0,0.0,2011-11-12,2014-11-01
4,all_only,T2,gradual_bias,0.5,1.0,1,1.0,1.0,0.0,0.0,2011-11-12,2014-11-01
4,all_only,T2,gradual_bias,0.5,2.0,1,0.0,0.0,0.0,0.0,2011-11-12,2014-11-01
4,all_only,T2,gradual_bias,0.75,1.0,1,1.0,1.0,0.0,0.0,2011-11-12,2014-11-01
4,all_only,T2,gradual_bias,0.75,2.0,1,0.0,0.0,0.0,0.0,2011-11-12,2014-11-01
4,all_only,T2,gradual_bias,1.0,1.0,1,1.0,1.0,0.0,0.0,2011-11-12,2014-11-01
4,all_only,T2,gradual_bias,1.0,2.0,1,0.0,0.0,0.0,0.0,2011-11-12,2014-11-01
4,all_only,cusum_factor_cov_lrt,gradual_bias,0.25,1.0,1,0.0,0.0,0.0,0.0,2011-11-12,2014-11-01
4,all_only,cusum_factor_cov_lrt,gradual_bias,0.25,2.0,1,0.0,0.0,0.0,0.0,2011-11-12,2014-11-01
4,all_only,cusum_factor_cov_lrt,gradual_bias,0.5,1.0,1,0.0,0.0,0.0,0.0,2011-11-12,2014-11-01
4,all_only,cusum_factor_cov_lrt,gradual_bias,0.5,2.0,1,0.0,0.0,0.0,0.0,2011-11-12,2014-11-01
4,all_only,cusum_factor_cov_lrt,gradual_bias,0.75,1.0,1,0.0,0.0,0.0,0.0,2011-11-12,2014-11-01
4,all_only,cusum_factor_cov_lrt,gradual_bias,0.75,2.0,1,0.0,0.0,0.0,0.0,2011-11-12,2014-11-01
4,all_only,cusum_factor_cov_lrt,gradual_bias,1.0,1.0,1,0.0,0.0,0.0,0.0,2011-11-12,2014-11-01
4,all_only,cusum_factor_cov_lrt,gradual_bias,1.0,2.0,1,0.0,0.0,0.0,0.0,2011-11-12,2014-11-01
4,all_only,ewma_factor_cov_lrt,gradual_bias,0.25,1.0,1,0.0,0.0,0.0,0.0,2011-11-12,2014-11-01
4,all_only,ewma_factor_cov_lrt,gradual_bias,0.25,2.0,1,1.0,1.0,0.0,0.0,2011-11-12,2014-11-01
4,all_only,ewma_factor_cov_lrt,gradual_bias,0.5,1.0,1,0.0,0.0,0.0,0.0,2011-11-12,2014-11-01
4,all_only,ewma_factor_cov_lrt,gradual_bias,0.5,2.0,1,1.0,1.0,0.0,0.0,2011-11-12,2014-11-01
4,all_only,ewma_factor_cov_lrt,gradual_bias,0.75,1.0,1,0.0,0.0,0.0,0.0,2011-11-12,2014-11-01
4,all_only,ewma_factor_cov_lrt,gradual_bias,0.75,2.0,1,1.0,1.0,0.0,0.0,2011-11-12,2014-11-01
4,all_only,ewma_factor_cov_lrt,gradual_bias,1.0,1.0,1,0.0,0.0,0.0,0.0,2011-11-12,2014-11-01
4,all_only,ewma_factor_cov_lrt,gradual_bias,1.0,2.0,1,1.0,1.0,0.0,0.0,2011-11-12,2014-11-01
4,all_only,factor_cov_change,gradual_bias,0.25,1.0,1,0.0,0.0,0.0,0.0,2011-11-12,2014-11-01
4,all_only,factor_cov_change,gradual_bias,0.25,2.0,1,0.0,0.0,0.0,1.0,2011-11-12,2014-11-01
4,all_only,factor_cov_change,gradual_bias,0.5,1.0,1,0.0,0.0,0.0,0.0,2011-11-12,2014-11-01
4,all_only,factor_cov_change,gradual_bias,0.5,2.0,1,0.0,0.0,0.0,1.0,2011-11-12,2014-11-01
4,all_only,factor_cov_change,gradual_bias,0.75,1.0,1,0.0,0.0,0.0,0.0,2011-11-12,2014-11-01
4,all_only,factor_cov_change,gradual_bias,0.75,2.0,1,0.0,0.0,0.0,1.0,2011-11-12,2014-11-01
4,all_only,factor_cov_change,gradual_bias,1.0,1.0,1,0.0,0.0,0.0,0.0,2011-11-12,2014-11-01
4,all_only,factor_cov_change,gradual_bias,1.0,2.0,1,0.0,0.0,0.0,1.0,2011-11-12,2014-11-01
4,all_only,factor_cov_delta,gradual_bias,0.25,1.0,1,0.0,0.0,0.0,0.0,2011-11-12,2014-11-01
4,all_only,factor_cov_delta,gradual_bias,0.25,2.0,1,1.0,1.0,0.0,0.0,2011-11-12,2014-11-01
4,all_only,factor_cov_delta,gradual_bias,0.5,1.0,1,0.0,0.0,0.0,0.0,2011-11-12,2014-11-01
4,all_only,factor_cov_delta,gradual_bias,0.5,2.0,1,1.0,1.0,0.0,0.0,2011-11-12,2014-11-01
4,all_only,factor_cov_delta,gradual_bias,0.75,1.0,1,0.0,0.0,0.0,0.0,2011-11-12,2014-11-01
4,all_only,factor_cov_delta,gradual_bias,0.75,2.0,1,1.0,1.0,0.0,0.0,2011-11-12,2014-11-01
4,all_only,factor_cov_delta,gradual_bias,1.0,1.0,1,0.0,0.0,0.0,0.0,2011-11-12,2014-11-01
4,all_only,factor_cov_delta,gradual_bias,1.0,2.0,1,1.0,1.0,0.0,0.0,2011-11-12,2014-11-01
4,all_only,factor_cov_lrt,gradual_bias,0.25,1.0,1,0.0,0.0,0.0,0.0,2011-11-12,2014-11-01
4,all_only,factor_cov_lrt,gradual_bias,0.25,2.0,1,0.0,0.0,0.0,0.0,2011-11-12,2014-11-01
4,all_only,factor_cov_lrt,gradual_bias,0.5,1.0,1,0.0,0.0,0.0,0.0,2011-11-12,2014-11-01
4,all_only,factor_cov_lrt,gradual_bias,0.5,2.0,1,0.0,0.0,0.0,0.0,2011-11-12,2014-11-01
4,all_only,factor_cov_lrt,gradual_bias,0.75,1.0,1,0.0,0.0,0.0,0.0,2011-11-12,2014-11-01
4,all_only,factor_cov_lrt,gradual_bias,0.75,2.0,1,0.0,0.0,0.0,0.0,2011-11-12,2014-11-01
4,all_only,factor_cov_lrt,gradual_bias,1.0,1.0,1,0.0,0.0,0.0,0.0,2011-11-12,2014-11-01
4,all_only,factor_cov_lrt,gradual_bias,1.0,2.0,1,0.0,0.0,0.0,0.0,2011-11-12,2014-11-01
4,all_only,factor_cov_lrt_delta,gradual_bias,0.25,1.0,1,0.0,0.0,0.0,0.0,2011-11-12,2014-11-01
4,all_only,factor_cov_lrt_delta,gradual_bias,0.25,2.0,1,0.0,0.0,0.0,0.0,2011-11-12,2014-11-01
4,all_only,factor_cov_lrt_delta,gradual_bias,0.5,1.0,1,0.0,0.0,0.0,0.0,2011-11-12,2014-11-01
4,all_only,factor_cov_lrt_delta,gradual_bias,0.5,2.0,1,0.0,0.0,0.0,0.0,2011-11-12,2014-11-01
4,all_only,factor_cov_lrt_delta,gradual_bias,0.75,1.0,1,0.0,0.0,0.0,0.0,2011-11-12,2014-11-01
4,all_only,factor_cov_lrt_delta,gradual_bias,0.75,2.0,1,0.0,0.0,0.0,0.0,2011-11-12,2014-11-01
4,all_only,factor_cov_lrt_delta,gradual_bias,1.0,1.0,1,0.0,0.0,0.0,0.0,2011-11-12,2014-11-01
4,all_only,factor_cov_lrt_delta,gradual_bias,1.0,2.0,1,0.0,0.0,0.0,0.0,2011-11-12,2014-11-01
4,all_only,fused_fisher,gradual_bias,0.25,1.0,1,0.0,0.0,0.0,0.0,2011-11-12,2014-11-01
4,all_only,fused_fisher,gradual_bias,0.25,2.0,1,0.0,0.0,0.0,0.0,2011-11-12,2014-11-01
4,all_only,fused_fisher,gradual_bias,0.5,1.0,1,0.0,0.0,0.0,0.0,2011-11-12,2014-11-01
4,all_only,fused_fisher,gradual_bias,0.5,2.0,1,0.0,0.0,0.0,0.0,2011-11-12,2014-11-01
4,all_only,fused_fisher,gradual_bias,0.75,1.0,1,0.0,0.0,0.0,0.0,2011-11-12,2014-11-01
4,all_only,fused_fisher,gradual_bias,0.75,2.0,1,0.0,0.0,0.0,0.0,2011-11-12,2014-11-01
4,all_only,fused_fisher,gradual_bias,1.0,1.0,1,0.0,0.0,0.0,0.0,2011-11-12,2014-11-01
4,all_only,fused_fisher,gradual_bias,1.0,2.0,1,0.0,0.0,0.0,0.0,2011-11-12,2014-11-01
4,all_only,fused_fisher_lrt_delta,gradual_bias,0.25,1.0,1,1.0,1.0,0.0,0.0,2011-11-12,2014-11-01
4,all_only,fused_fisher_lrt_delta,gradual_bias,0.25,2.0,1,1.0,1.0,0.0,0.0,2011-11-12,2014-11-01
4,all_only,fused_fisher_lrt_delta,gradual_bias,0.5,1.0,1,1.0,1.0,0.0,0.0,2011-11-12,2014-11-01
4,all_only,fused_fisher_lrt_delta,gradual_bias,0.5,2.0,1,1.0,1.0,0.0,0.0,2011-11-12,2014-11-01
4,all_only,fused_fisher_lrt_delta,gradual_bias,0.75,1.0,1,1.0,1.0,0.0,0.0,2011-11-12,2014-11-01
4,all_only,fused_fisher_lrt_delta,gradual_bias,0.75,2.0,1,1.0,1.0,0.0,0.0,2011-11-12,2014-11-01
4,all_only,fused_fisher_lrt_delta,gradual_bias,1.0,1.0,1,1.0,1.0,0.0,0.0,2011-11-12,2014-11-01
4,all_only,fused_fisher_lrt_delta,gradual_bias,1.0,2.0,1,1.0,1.0,0.0,0.0,2011-11-12,2014-11-01
4,all_only,fused_sp,gradual_bias,0.25,1.0,1,1.0,1.0,0.0,0.0,2011-11-12,2014-11-01
4,all_only,fused_sp,gradual_bias,0.25,2.0,1,0.0,0.0,0.0,0.0,2011-11-12,2014-11-01
4,all_only,fused_sp,gradual_bias,0.5,1.0,1,1.0,1.0,0.0,0.0,2011-11-12,2014-11-01
4,all_only,fused_sp,gradual_bias,0.5,2.0,1,0.0,0.0,0.0,0.0,2011-11-12,2014-11-01
4,all_only,fused_sp,gradual_bias,0.75,1.0,1,1.0,1.0,0.0,0.0,2011-11-12,2014-11-01
4,all_only,fused_sp,gradual_bias,0.75,2.0,1,0.0,0.0,0.0,0.0,2011-11-12,2014-11-01
4,all_only,fused_sp,gradual_bias,1.0,1.0,1,1.0,1.0,0.0,0.0,2011-11-12,2014-11-01
4,all_only,fused_sp,gradual_bias,1.0,2.0,1,0.0,0.0,0.0,0.0,2011-11-12,2014-11-01
4,all_only,fused_sp_lrt_delta,gradual_bias,0.25,1.0,1,0.0,0.0,0.0,0.0,2011-11-12,2014-11-01
4,all_only,fused_sp_lrt_delta,gradual_bias,0.25,2.0,1,1.0,1.0,0.0,0.0,2011-11-12,2014-11-01
4,all_only,fused_sp_lrt_delta,gradual_bias,0.5,1.0,1,0.0,0.0,0.0,0.0,2011-11-12,2014-11-01
4,all_only,fused_sp_lrt_delta,gradual_bias,0.5,2.0,1,1.0,1.0,0.0,0.0,2011-11-12,2014-11-01
4,all_only,fused_sp_lrt_delta,gradual_bias,0.75,1.0,1,0.0,0.0,0.0,0.0,2011-11-12,2014-11-01
4,all_only,fused_sp_lrt_delta,gradual_bias,0.75,2.0,1,1.0,1.0,0.0,0.0,2011-11-12,2014-11-01
4,all_only,fused_sp_lrt_delta,gradual_bias,1.0,1.0,1,0.0,0.0,0.0,0.0,2011-11-12,2014-11-01
4,all_only,fused_sp_lrt_delta,gradual_bias,1.0,2.0,1,1.0,1.0,0.0,0.0,2011-11-12,2014-11-01
4,all_only,max_abs,gradual_bias,0.25,1.0,1,1.0,1.0,0.0,0.0,2011-11-12,2014-11-01
4,all_only,max_abs,gradual_bias,0.25,2.0,1,0.0,0.0,0.0,0.0,2011-11-12,2014-11-01
4,all_only,max_abs,gradual_bias,0.5,1.0,1,1.0,1.0,0.0,0.0,2011-11-12,2014-11-01
4,all_only,max_abs,gradual_bias,0.5,2.0,1,0.0,0.0,0.0,0.0,2011-11-12,2014-11-01
4,all_only,max_abs,gradual_bias,0.75,1.0,1,1.0,1.0,0.0,0.0,2011-11-12,2014-11-01
4,all_only,max_abs,gradual_bias,0.75,2.0,1,0.0,0.0,0.0,0.0,2011-11-12,2014-11-01
4,all_only,max_abs,gradual_bias,1.0,1.0,1,1.0,1.0,0.0,0.0,2011-11-12,2014-11-01
4,all_only,max_abs,gradual_bias,1.0,2.0,1,0.0,0.0,0.0,0.0,2011-11-12,2014-11-01
4,all_only,pc_t2,gradual_bias,0.25,1.0,1,0.0,0.0,0.0,0.0,2011-11-12,2014-11-01
4,all_only,pc_t2,gradual_bias,0.25,2.0,1,0.0,0.0,0.0,0.0,2011-11-12,2014-11-01
4,all_only,pc_t2,gradual_bias,0.5,1.0,1,0.0,0.0,0.0,0.0,2011-11-12,2014-11-01
4,all_only,pc_t2,gradual_bias,0.5,2.0,1,0.0,0.0,0.0,0.0,2011-11-12,2014-11-01
4,all_only,pc_t2,gradual_bias,0.75,1.0,1,0.0,0.0,0.0,0.0,2011-11-12,2014-11-01
4,all_only,pc_t2,gradual_bias,0.75,2.0,1,0.0,0.0,0.0,0.0,2011-11-12,2014-11-01
4,all_only,pc_t2,gradual_bias,1.0,1.0,1,0.0,0.0,0.0,0.0,2011-11-12,2014-11-01
4,all_only,pc_t2,gradual_bias,1.0,2.0,1,0.0,0.0,0.0,0.0,2011-11-12,2014-11-01
4,all_only,res_energy,gradual_bias,0.25,1.0,1,0.0,0.0,0.0,0.0,2011-11-12,2014-11-01
4,all_only,res_energy,gradual_bias,0.25,2.0,1,0.0,0.0,0.0,0.0,2011-11-12,2014-11-01
4,all_only,res_energy,gradual_bias,0.5,1.0,1,0.0,0.0,0.0,0.0,2011-11-12,2014-11-01
4,all_only,res_energy,gradual_bias,0.5,2.0,1,0.0,0.0,0.0,0.0,2011-11-12,2014-11-01
4,all_only,res_energy,gradual_bias,0.75,1.0,1,0.0,0.0,0.0,0.0,2011-11-12,2014-11-01
4,all_only,res_energy,gradual_bias,0.75,2.0,1,0.0,0.0,0.0,0.0,2011-11-12,2014-11-01
4,all_only,res_energy,gradual_bias,1.0,1.0,1,0.0,0.0,0.0,0.0,2011-11-12,2014-11-01
4,all_only,res_energy,gradual_bias,1.0,2.0,1,0.0,0.0,0.0,0.0,2011-11-12,2014-11-01
4,all_only,stale,gradual_bias,0.25,1.0,1,0.0,1.0,0.0,1.0,2011-11-12,2014-11-01
4,all_only,stale,gradual_bias,0.25,2.0,1,0.0,1.0,0.0,1.0,2011-11-12,2014-11-01
4,all_only,stale,gradual_bias,0.5,1.0,1,0.0,1.0,0.0,1.0,2011-11-12,2014-11-01
4,all_only,stale,gradual_bias,0.5,2.0,1,0.0,1.0,0.0,1.0,2011-11-12,2014-11-01
4,all_only,stale,gradual_bias,0.75,1.0,1,0.0,1.0,0.0,1.0,2011-11-12,2014-11-01
4,all_only,stale,gradual_bias,0.75,2.0,1,0.0,1.0,0.0,1.0,2011-11-12,2014-11-01
4,all_only,stale,gradual_bias,1.0,1.0,1,0.0,1.0,0.0,1.0,2011-11-12,2014-11-01
4,all_only,stale,gradual_bias,1.0,2.0,1,0.0,1.0,0.0,1.0,2011-11-12,2014-11-01
4,full,T2,gradual_bias,0.25,1.0,1,0.0,0.0,0.0,0.0,2011-11-12,2014-11-01
4,full,T2,gradual_bias,0.25,2.0,1,0.0,0.0,0.0,0.0,2011-11-12,2014-11-01
4,full,T2,gradual_bias,0.5,1.0,1,0.0,0.0,0.0,0.0,2011-11-12,2014-11-01
4,full,T2,gradual_bias,0.5,2.0,1,0.0,0.0,0.0,0.0,2011-11-12,2014-11-01
4,full,T2,gradual_bias,0.75,1.0,1,0.0,0.0,0.0,0.0,2011-11-12,2014-11-01
4,full,T2,gradual_bias,0.75,2.0,1,0.0,0.0,0.0,0.0,2011-11-12,2014-11-01
4,full,T2,gradual_bias,1.0,1.0,1,0.0,0.0,0.0,0.0,2011-11-12,2014-11-01
4,full,T2,gradual_bias,1.0,2.0,1,0.0,0.0,0.0,0.0,2011-11-12,2014-11-01
4,full,cusum_factor_cov_lrt,gradual_bias,0.25,1.0,1,0.0,0.0,1.0,0.0,2011-11-12,2014-11-01
4,full,cusum_factor_cov_lrt,gradual_bias,0.25,2.0,1,0.0,0.0,0.0,0.0,2011-11-12,2014-11-01
4,full,cusum_factor_cov_lrt,gradual_bias,0.5,1.0,1,0.0,0.0,1.0,0.0,2011-11-12,2014-11-01
4,full,cusum_factor_cov_lrt,gradual_bias,0.5,2.0,1,0.0,0.0,0.0,0.0,2011-11-12,2014-11-01
4,full,cusum_factor_cov_lrt,gradual_bias,0.75,1.0,1,0.0,0.0,1.0,0.0,2011-11-12,2014-11-01
4,full,cusum_factor_cov_lrt,gradual_bias,0.75,2.0,1,0.0,0.0,0.0,0.0,2011-11-12,2014-11-01
4,full,cusum_factor_cov_lrt,gradual_bias,1.0,1.0,1,0.0,0.0,1.0,0.0,2011-11-12,2014-11-01
4,full,cusum_factor_cov_lrt,gradual_bias,1.0,2.0,1,0.0,0.0,0.0,0.0,2011-11-12,2014-11-01
4,full,ewma_factor_cov_lrt,gradual_bias,0.25,1.0,1,0.0,0.0,0.0,0.0,2011-11-12,2014-11-01
4,full,ewma_factor_cov_lrt,gradual_bias,0.25,2.0,1,0.0,0.0,0.0,0.0,2011-11-12,2014-11-01
4,full,ewma_factor_cov_lrt,gradual_bias,0.5,1.0,1,0.0,0.0,0.0,0.0,2011-11-12,2014-11-01
4,full,ewma_factor_cov_lrt,gradual_bias,0.5,2.0,1,0.0,0.0,0.0,0.0,2011-11-12,2014-11-01
4,full,ewma_factor_cov_lrt,gradual_bias,0.75,1.0,1,0.0,0.0,0.0,0.0,2011-11-12,2014-11-01
4,full,ewma_factor_cov_lrt,gradual_bias,0.75,2.0,1,0.0,0.0,0.0,0.0,2011-11-12,2014-11-01
4,full,ewma_factor_cov_lrt,gradual_bias,1.0,1.0,1,0.0,0.0,0.0,0.0,2011-11-12,2014-11-01
4,full,ewma_factor_cov_lrt,gradual_bias,1.0,2.0,1,0.0,0.0,0.0,0.0,2011-11-12,2014-11-01
4,full,factor_cov_change,gradual_bias,0.25,1.0,1,0.0,0.0,0.0,0.0,2011-11-12,2014-11-01
4,full,factor_cov_change,gradual_bias,0.25,2.0,1,0.0,0.0,0.0,0.0,2011-11-12,2014-11-01
4,full,factor_cov_change,gradual_bias,0.5,1.0,1,0.0,0.0,0.0,0.0,2011-11-12,2014-11-01
4,full,factor_cov_change,gradual_bias,0.5,2.0,1,0.0,0.0,0.0,0.0,2011-11-12,2014-11-01
4,full,factor_cov_change,gradual_bias,0.75,1.0,1,0.0,0.0,0.0,0.0,2011-11-12,2014-11-01
4,full,factor_cov_change,gradual_bias,0.75,2.0,1,0.0,0.0,0.0,0.0,2011-11-12,2014-11-01
4,full,factor_cov_change,gradual_bias,1.0,1.0,1,0.0,0.0,0.0,0.0,2011-11-12,2014-11-01
4,full,factor_cov_change,gradual_bias,1.0,2.0,1,0.0,0.0,0.0,0.0,2011-11-12,2014-11-01
4,full,factor_cov_delta,gradual_bias,0.25,1.0,1,1.0,1.0,0.0,0.0,2011-11-12,2014-11-01
4,full,factor_cov_delta,gradual_bias,0.25,2.0,1,1.0,1.0,0.0,0.0,2011-11-12,2014-11-01
4,full,factor_cov_delta,gradual_bias,0.5,1.0,1,1.0,1.0,0.0,0.0,2011-11-12,2014-11-01
4,full,factor_cov_delta,gradual_bias,0.5,2.0,1,1.0,1.0,0.0,0.0,2011-11-12,2014-11-01
4,full,factor_cov_delta,gradual_bias,0.75,1.0,1,1.0,1.0,0.0,0.0,2011-11-12,2014-11-01
4,full,factor_cov_delta,gradual_bias,0.75,2.0,1,1.0,1.0,0.0,0.0,2011-11-12,2014-11-01
4,full,factor_cov_delta,gradual_bias,1.0,1.0,1,1.0,1.0,0.0,0.0,2011-11-12,2014-11-01
4,full,factor_cov_delta,gradual_bias,1.0,2.0,1,1.0,1.0,0.0,0.0,2011-11-12,2014-11-01
4,full,factor_cov_lrt,gradual_bias,0.25,1.0,1,0.0,0.0,0.0,0.0,2011-11-12,2014-11-01
4,full,factor_cov_lrt,gradual_bias,0.25,2.0,1,0.0,0.0,0.0,0.0,2011-11-12,2014-11-01
4,full,factor_cov_lrt,gradual_bias,0.5,1.0,1,0.0,0.0,0.0,0.0,2011-11-12,2014-11-01
4,full,factor_cov_lrt,gradual_bias,0.5,2.0,1,0.0,0.0,0.0,0.0,2011-11-12,2014-11-01
4,full,factor_cov_lrt,gradual_bias,0.75,1.0,1,0.0,0.0,0.0,0.0,2011-11-12,2014-11-01
4,full,factor_cov_lrt,gradual_bias,0.75,2.0,1,0.0,0.0,0.0,0.0,2011-11-12,2014-11-01
4,full,factor_cov_lrt,gradual_bias,1.0,1.0,1,0.0,0.0,0.0,0.0,2011-11-12,2014-11-01
4,full,factor_cov_lrt,gradual_bias,1.0,2.0,1,0.0,0.0,0.0,0.0,2011-11-12,2014-11-01
4,full,factor_cov_lrt_delta,gradual_bias,0.25,1.0,1,0.0,0.0,0.0,0.0,2011-11-12,2014-11-01
4,full,factor_cov_lrt_delta,gradual_bias,0.25,2.0,1,0.0,0.0,0.0,0.0,2011-11-12,2014-11-01
4,full,factor_cov_lrt_delta,gradual_bias,0.5,1.0,1,0.0,0.0,0.0,0.0,2011-11-12,2014-11-01
4,full,factor_cov_lrt_delta,gradual_bias,0.5,2.0,1,0.0,0.0,0.0,0.0,2011-11-12,2014-11-01
4,full,factor_cov_lrt_delta,gradual_bias,0.75,1.0,1,0.0,0.0,0.0,0.0,2011-11-12,2014-11-01
4,full,factor_cov_lrt_delta,gradual_bias,0.75,2.0,1,0.0,0.0,0.0,0.0,2011-11-12,2014-11-01
4,full,factor_cov_lrt_delta,gradual_bias,1.0,1.0,1,0.0,0.0,0.0,0.0,2011-11-12,2014-11-01
4,full,factor_cov_lrt_delta,gradual_bias,1.0,2.0,1,0.0,0.0,0.0,0.0,2011-11-12,2014-11-01
4,full,fused_fisher,gradual_bias,0.25,1.0,1,0.0,0.0,0.0,0.0,2011-11-12,2014-11-01
4,full,fused_fisher,gradual_bias,0.25,2.0,1,0.0,0.0,0.0,0.0,2011-11-12,2014-11-01
4,full,fused_fisher,gradual_bias,0.5,1.0,1,0.0,0.0,0.0,0.0,2011-11-12,2014-11-01
4,full,fused_fisher,gradual_bias,0.5,2.0,1,0.0,0.0,0.0,0.0,2011-11-12,2014-11-01
4,full,fused_fisher,gradual_bias,0.75,1.0,1,0.0,0.0,0.0,0.0,2011-11-12,2014-11-01
4,full,fused_fisher,gradual_bias,0.75,2.0,1,0.0,0.0,0.0,0.0,2011-11-12,2014-11-01
4,full,fused_fisher,gradual_bias,1.0,1.0,1,0.0,0.0,0.0,0.0,2011-11-12,2014-11-01
4,full,fused_fisher,gradual_bias,1.0,2.0,1,0.0,0.0,0.0,0.0,2011-11-12,2014-11-01
4,full,fused_fisher_lrt_delta,gradual_bias,0.25,1.0,1,1.0,1.0,0.0,0.0,2011-11-12,2014-11-01
4,full,fused_fisher_lrt_delta,gradual_bias,0.25,2.0,1,1.0,1.0,0.0,0.0,2011-11-12,2014-11-01
4,full,fused_fisher_lrt_delta,gradual_bias,0.5,1.0,1,1.0,1.0,0.0,0.0,2011-11-12,2014-11-01
4,full,fused_fisher_lrt_delta,gradual_bias,0.5,2.0,1,1.0,1.0,0.0,0.0,2011-11-12,2014-11-01
4,full,fused_fisher_lrt_delta,gradual_bias,0.75,1.0,1,1.0,1.0,0.0,0.0,2011-11-12,2014-11-01
4,full,fused_fisher_lrt_delta,gradual_bias,0.75,2.0,1,1.0,1.0,0.0,0.0,2011-11-12,2014-11-01
4,full,fused_fisher_lrt_delta,gradual_bias,1.0,1.0,1,1.0,1.0,0.0,0.0,2011-11-12,2014-11-01
4,full,fused_fisher_lrt_delta,gradual_bias,1.0,2.0,1,1.0,1.0,0.0,0.0,2011-11-12,2014-11-01
4,full,fused_sp,gradual_bias,0.25,1.0,1,0.0,0.0,0.0,0.0,2011-11-12,2014-11-01
4,full,fused_sp,gradual_bias,0.25,2.0,1,0.0,0.0,0.0,0.0,2011-11-12,2014-11-01
4,full,fused_sp,gradual_bias,0.5,1.0,1,0.0,0.0,0.0,0.0,2011-11-12,2014-11-01
4,full,fused_sp,gradual_bias,0.5,2.0,1,0.0,0.0,0.0,0.0,2011-11-12,2014-11-01
4,full,fused_sp,gradual_bias,0.75,1.0,1,0.0,0.0,0.0,0.0,2011-11-12,2014-11-01
4,full,fused_sp,gradual_bias,0.75,2.0,1,0.0,0.0,0.0,0.0,2011-11-12,2014-11-01
4,full,fused_sp,gradual_bias,1.0,1.0,1,0.0,0.0,0.0,0.0,2011-11-12,2014-11-01
4,full,fused_sp,gradual_bias,1.0,2.0,1,0.0,0.0,0.0,0.0,2011-11-12,2014-11-01
4,full,fused_sp_lrt_delta,gradual_bias,0.25,1.0,1,0.0,0.0,0.0,0.0,2011-11-12,2014-11-01
4,full,fused_sp_lrt_delta,gradual_bias,0.25,2.0,1,0.0,0.0,0.0,0.0,2011-11-12,2014-11-01
4,full,fused_sp_lrt_delta,gradual_bias,0.5,1.0,1,0.0,0.0,0.0,0.0,2011-11-12,2014-11-01
4,full,fused_sp_lrt_delta,gradual_bias,0.5,2.0,1,0.0,0.0,0.0,0.0,2011-11-12,2014-11-01
4,full,fused_sp_lrt_delta,gradual_bias,0.75,1.0,1,0.0,0.0,0.0,0.0,2011-11-12,2014-11-01
4,full,fused_sp_lrt_delta,gradual_bias,0.75,2.0,1,0.0,0.0,0.0,0.0,2011-11-12,2014-11-01
4,full,fused_sp_lrt_delta,gradual_bias,1.0,1.0,1,0.0,0.0,0.0,0.0,2011-11-12,2014-11-01
4,full,fused_sp_lrt_delta,gradual_bias,1.0,2.0,1,0.0,0.0,0.0,0.0,2011-11-12,2014-11-01
4,full,max_abs,gradual_bias,0.25,1.0,1,1.0,1.0,0.0,0.0,2011-11-12,2014-11-01
4,full,max_abs,gradual_bias,0.25,2.0,1,1.0,1.0,0.0,0.0,2011-11-12,2014-11-01
4,full,max_abs,gradual_bias,0.5,1.0,1,1.0,1.0,0.0,0.0,2011-11-12,2014-11-01
4,full,max_abs,gradual_bias,0.5,2.0,1,1.0,1.0,0.0,0.0,2011-11-12,2014-11-01
4,full,max_abs,gradual_bias,0.75,1.0,1,1.0,1.0,0.0,0.0,2011-11-12,2014-11-01
4,full,max_abs,gradual_bias,0.75,2.0,1,1.0,1.0,0.0,0.0,2011-11-12,2014-11-01
4,full,max_abs,gradual_bias,1.0,1.0,1,1.0,1.0,0.0,0.0,2011-11-12,2014-11-01
4,full,max_abs,gradual_bias,1.0,2.0,1,1.0,1.0,0.0,0.0,2011-11-12,2014-11-01
4,full,pc_t2,gradual_bias,0.25,1.0,1,1.0,1.0,0.0,0.0,2011-11-12,2014-11-01
4,full,pc_t2,gradual_bias,0.25,2.0,1,1.0,1.0,0.0,0.0,2011-11-12,2014-11-01
4,full,pc_t2,gradual_bias,0.5,1.0,1,1.0,1.0,0.0,0.0,2011-11-12,2014-11-01
4,full,pc_t2,gradual_bias,0.5,2.0,1,1.0,1.0,0.0,0.0,2011-11-12,2014-11-01
4,full,pc_t2,gradual_bias,0.75,1.0,1,1.0,1.0,0.0,0.0,2011-11-12,2014-11-01
4,full,pc_t2,gradual_bias,0.75,2.0,1,1.0,1.0,0.0,0.0,2011-11-12,2014-11-01
4,full,pc_t2,gradual_bias,1.0,1.0,1,1.0,1.0,0.0,0.0,2011-11-12,2014-11-01
4,full,pc_t2,gradual_bias,1.0,2.0,1,1.0,1.0,0.0,0.0,2011-11-12,2014-11-01
4,full,res_energy,gradual_bias,0.25,1.0,1,1.0,1.0,0.0,0.0,2011-11-12,2014-11-01
4,full,res_energy,gradual_bias,0.25,2.0,1,1.0,1.0,0.0,0.0,2011-11-12,2014-11-01
4,full,res_energy,gradual_bias,0.5,1.0,1,1.0,1.0,0.0,0.0,2011-11-12,2014-11-01
4,full,res_energy,gradual_bias,0.5,2.0,1,1.0,1.0,0.0,0.0,2011-11-12,2014-11-01
4,full,res_energy,gradual_bias,0.75,1.0,1,1.0,1.0,0.0,0.0,2011-11-12,2014-11-01
4,full,res_energy,gradual_bias,0.75,2.0,1,1.0,1.0,0.0,0.0,2011-11-12,2014-11-01
4,full,res_energy,gradual_bias,1.0,1.0,1,1.0,1.0,0.0,0.0,2011-11-12,2014-11-01
4,full,res_energy,gradual_bias,1.0,2.0,1,1.0,1.0,0.0,0.0,2011-11-12,2014-11-01
4,full,stale,gradual_bias,0.25,1.0,1,0.0,1.0,0.0,1.0,2011-11-12,2014-11-01
4,full,stale,gradual_bias,0.25,2.0,1,0.0,1.0,0.0,1.0,2011-11-12,2014-11-01
4,full,stale,gradual_bias,0.5,1.0,1,0.0,1.0,0.0,1.0,2011-11-12,2014-11-01
4,full,stale,gradual_bias,0.5,2.0,1,0.0,1.0,0.0,1.0,2011-11-12,2014-11-01
4,full,stale,gradual_bias,0.75,1.0,1,0.0,1.0,0.0,1.0,2011-11-12,2014-11-01
4,full,stale,gradual_bias,0.75,2.0,1,0.0,1.0,0.0,1.0,2011-11-12,2014-11-01
4,full,stale,gradual_bias,1.0,1.0,1,0.0,1.0,0.0,1.0,2011-11-12,2014-11-01
4,full,stale,gradual_bias,1.0,2.0,1,0.0,1.0,0.0,1.0,2011-11-12,2014-11-01
4,score_only,T2,gradual_bias,0.25,1.0,1,0.0,0.0,0.0,0.0,2011-11-12,2014-11-01
4,score_only,T2,gradual_bias,0.25,2.0,1,1.0,1.0,0.0,0.0,2011-11-12,2014-11-01
4,score_only,T2,gradual_bias,0.5,1.0,1,0.0,0.0,0.0,0.0,2011-11-12,2014-11-01
4,score_only,T2,gradual_bias,0.5,2.0,1,1.0,1.0,0.0,0.0,2011-11-12,2014-11-01
4,score_only,T2,gradual_bias,0.75,1.0,1,0.0,0.0,0.0,0.0,2011-11-12,2014-11-01
4,score_only,T2,gradual_bias,0.75,2.0,1,1.0,1.0,0.0,0.0,2011-11-12,2014-11-01
4,score_only,T2,gradual_bias,1.0,1.0,1,0.0,0.0,0.0,0.0,2011-11-12,2014-11-01
4,score_only,T2,gradual_bias,1.0,2.0,1,1.0,1.0,0.0,0.0,2011-11-12,2014-11-01
4,score_only,coh_resid_energy,gradual_bias,0.25,1.0,1,1.0,1.0,0.0,0.0,2011-11-12,2014-11-01
4,score_only,coh_resid_energy,gradual_bias,0.25,2.0,1,1.0,1.0,0.0,0.0,2011-11-12,2014-11-01
4,score_only,coh_resid_energy,gradual_bias,0.5,1.0,1,1.0,1.0,0.0,0.0,2011-11-12,2014-11-01
4,score_only,coh_resid_energy,gradual_bias,0.5,2.0,1,1.0,1.0,0.0,0.0,2011-11-12,2014-11-01
4,score_only,coh_resid_energy,gradual_bias,0.75,1.0,1,1.0,1.0,0.0,0.0,2011-11-12,2014-11-01
4,score_only,coh_resid_energy,gradual_bias,0.75,2.0,1,1.0,1.0,0.0,0.0,2011-11-12,2014-11-01
4,score_only,coh_resid_energy,gradual_bias,1.0,1.0,1,1.0,1.0,0.0,0.0,2011-11-12,2014-11-01
4,score_only,coh_resid_energy,gradual_bias,1.0,2.0,1,1.0,1.0,0.0,0.0,2011-11-12,2014-11-01
4,score_only,coh_resid_t2,gradual_bias,0.25,1.0,1,1.0,1.0,0.0,0.0,2011-11-12,2014-11-01
4,score_only,coh_resid_t2,gradual_bias,0.25,2.0,1,1.0,1.0,0.0,0.0,2011-11-12,2014-11-01
4,score_only,coh_resid_t2,gradual_bias,0.5,1.0,1,1.0,1.0,0.0,0.0,2011-11-12,2014-11-01
4,score_only,coh_resid_t2,gradual_bias,0.5,2.0,1,1.0,1.0,0.0,0.0,2011-11-12,2014-11-01
4,score_only,coh_resid_t2,gradual_bias,0.75,1.0,1,1.0,1.0,0.0,0.0,2011-11-12,2014-11-01
4,score_only,coh_resid_t2,gradual_bias,0.75,2.0,1,1.0,1.0,0.0,0.0,2011-11-12,2014-11-01
4,score_only,coh_resid_t2,gradual_bias,1.0,1.0,1,1.0,1.0,0.0,0.0,2011-11-12,2014-11-01
4,score_only,coh_resid_t2,gradual_bias,1.0,2.0,1,1.0,1.0,0.0,0.0,2011-11-12,2014-11-01
4,score_only,cusum_coh_resid_t2,gradual_bias,0.25,1.0,1,1.0,1.0,0.0,0.0,2011-11-12,2014-11-01
4,score_only,cusum_coh_resid_t2,gradual_bias,0.25,2.0,1,1.0,1.0,0.0,0.0,2011-11-12,2014-11-01
4,score_only,cusum_coh_resid_t2,gradual_bias,0.5,1.0,1,1.0,1.0,0.0,0.0,2011-11-12,2014-11-01
4,score_only,cusum_coh_resid_t2,gradual_bias,0.5,2.0,1,1.0,1.0,0.0,0.0,2011-11-12,2014-11-01
4,score_only,cusum_coh_resid_t2,gradual_bias,0.75,1.0,1,1.0,1.0,0.0,0.0,2011-11-12,2014-11-01
4,score_only,cusum_coh_resid_t2,gradual_bias,0.75,2.0,1,1.0,1.0,0.0,0.0,2011-11-12,2014-11-01
4,score_only,cusum_coh_resid_t2,gradual_bias,1.0,1.0,1,1.0,1.0,0.0,0.0,2011-11-12,2014-11-01
4,score_only,cusum_coh_resid_t2,gradual_bias,1.0,2.0,1,1.0,1.0,0.0,0.0,2011-11-12,2014-11-01
4,score_only,cusum_factor_cov_lrt,gradual_bias,0.25,1.0,1,0.0,0.0,0.0,0.0,2011-11-12,2014-11-01
4,score_only,cusum_factor_cov_lrt,gradual_bias,0.25,2.0,1,0.0,0.0,0.0,0.0,2011-11-12,2014-11-01
4,score_only,cusum_factor_cov_lrt,gradual_bias,0.5,1.0,1,0.0,0.0,0.0,0.0,2011-11-12,2014-11-01
4,score_only,cusum_factor_cov_lrt,gradual_bias,0.5,2.0,1,0.0,0.0,0.0,0.0,2011-11-12,2014-11-01
4,score_only,cusum_factor_cov_lrt,gradual_bias,0.75,1.0,1,0.0,0.0,0.0,0.0,2011-11-12,2014-11-01
4,score_only,cusum_factor_cov_lrt,gradual_bias,0.75,2.0,1,0.0,0.0,0.0,0.0,2011-11-12,2014-11-01
4,score_only,cusum_factor_cov_lrt,gradual_bias,1.0,1.0,1,0.0,0.0,0.0,0.0,2011-11-12,2014-11-01
4,score_only,cusum_factor_cov_lrt,gradual_bias,1.0,2.0,1,0.0,0.0,0.0,0.0,2011-11-12,2014-11-01
4,score_only,ewma_coh_resid_t2,gradual_bias,0.25,1.0,1,1.0,1.0,0.0,0.0,2011-11-12,2014-11-01
4,score_only,ewma_coh_resid_t2,gradual_bias,0.25,2.0,1,1.0,1.0,0.0,0.0,2011-11-12,2014-11-01
4,score_only,ewma_coh_resid_t2,gradual_bias,0.5,1.0,1,1.0,1.0,0.0,0.0,2011-11-12,2014-11-01
4,score_only,ewma_coh_resid_t2,gradual_bias,0.5,2.0,1,1.0,1.0,0.0,0.0,2011-11-12,2014-11-01
4,score_only,ewma_coh_resid_t2,gradual_bias,0.75,1.0,1,1.0,1.0,0.0,0.0,2011-11-12,2014-11-01
4,score_only,ewma_coh_resid_t2,gradual_bias,0.75,2.0,1,1.0,1.0,0.0,0.0,2011-11-12,2014-11-01
4,score_only,ewma_coh_resid_t2,gradual_bias,1.0,1.0,1,1.0,1.0,0.0,0.0,2011-11-12,2014-11-01
4,score_only,ewma_coh_resid_t2,gradual_bias,1.0,2.0,1,1.0,1.0,0.0,0.0,2011-11-12,2014-11-01
4,score_only,ewma_factor_cov_lrt,gradual_bias,0.25,1.0,1,0.0,0.0,0.0,0.0,2011-11-12,2014-11-01
4,score_only,ewma_factor_cov_lrt,gradual_bias,0.25,2.0,1,0.0,0.0,0.0,0.0,2011-11-12,2014-11-01
4,score_only,ewma_factor_cov_lrt,gradual_bias,0.5,1.0,1,0.0,0.0,0.0,0.0,2011-11-12,2014-11-01
4,score_only,ewma_factor_cov_lrt,gradual_bias,0.5,2.0,1,0.0,0.0,0.0,0.0,2011-11-12,2014-11-01
4,score_only,ewma_factor_cov_lrt,gradual_bias,0.75,1.0,1,0.0,0.0,0.0,0.0,2011-11-12,2014-11-01
4,score_only,ewma_factor_cov_lrt,gradual_bias,0.75,2.0,1,0.0,0.0,0.0,0.0,2011-11-12,2014-11-01
4,score_only,ewma_factor_cov_lrt,gradual_bias,1.0,1.0,1,0.0,0.0,0.0,0.0,2011-11-12,2014-11-01
4,score_only,ewma_factor_cov_lrt,gradual_bias,1.0,2.0,1,0.0,0.0,0.0,0.0,2011-11-12,2014-11-01
4,score_only,factor_cov_change,gradual_bias,0.25,1.0,1,1.0,1.0,0.0,0.0,2011-11-12,2014-11-01
4,score_only,factor_cov_change,gradual_bias,0.25,2.0,1,0.0,0.0,0.0,0.0,2011-11-12,2014-11-01
4,score_only,factor_cov_change,gradual_bias,0.5,1.0,1,1.0,1.0,0.0,0.0,2011-11-12,2014-11-01
4,score_only,factor_cov_change,gradual_bias,0.5,2.0,1,0.0,0.0,0.0,0.0,2011-11-12,2014-11-01
4,score_only,factor_cov_change,gradual_bias,0.75,1.0,1,1.0,1.0,0.0,0.0,2011-11-12,2014-11-01
4,score_only,factor_cov_change,gradual_bias,0.75,2.0,1,0.0,0.0,0.0,0.0,2011-11-12,2014-11-01
4,score_only,factor_cov_change,gradual_bias,1.0,1.0,1,1.0,1.0,0.0,0.0,2011-11-12,2014-11-01
4,score_only,factor_cov_change,gradual_bias,1.0,2.0,1,0.0,0.0,0.0,0.0,2011-11-12,2014-11-01
4,score_only,factor_cov_delta,gradual_bias,0.25,1.0,1,0.0,0.0,0.0,0.0,2011-11-12,2014-11-01
4,score_only,factor_cov_delta,gradual_bias,0.25,2.0,1,1.0,1.0,0.0,0.0,2011-11-12,2014-11-01
4,score_only,factor_cov_delta,gradual_bias,0.5,1.0,1,0.0,0.0,0.0,0.0,2011-11-12,2014-11-01
4,score_only,factor_cov_delta,gradual_bias,0.5,2.0,1,1.0,1.0,0.0,0.0,2011-11-12,2014-11-01
4,score_only,factor_cov_delta,gradual_bias,0.75,1.0,1,0.0,0.0,0.0,0.0,2011-11-12,2014-11-01
4,score_only,factor_cov_delta,gradual_bias,0.75,2.0,1,1.0,1.0,0.0,0.0,2011-11-12,2014-11-01
4,score_only,factor_cov_delta,gradual_bias,1.0,1.0,1,0.0,0.0,0.0,0.0,2011-11-12,2014-11-01
4,score_only,factor_cov_delta,gradual_bias,1.0,2.0,1,1.0,1.0,0.0,0.0,2011-11-12,2014-11-01
4,score_only,factor_cov_lrt,gradual_bias,0.25,1.0,1,1.0,1.0,0.0,0.0,2011-11-12,2014-11-01
4,score_only,factor_cov_lrt,gradual_bias,0.25,2.0,1,1.0,1.0,0.0,0.0,2011-11-12,2014-11-01
4,score_only,factor_cov_lrt,gradual_bias,0.5,1.0,1,1.0,1.0,0.0,0.0,2011-11-12,2014-11-01
4,score_only,factor_cov_lrt,gradual_bias,0.5,2.0,1,1.0,1.0,0.0,0.0,2011-11-12,2014-11-01
4,score_only,factor_cov_lrt,gradual_bias,0.75,1.0,1,1.0,1.0,0.0,0.0,2011-11-12,2014-11-01
4,score_only,factor_cov_lrt,gradual_bias,0.75,2.0,1,1.0,1.0,0.0,0.0,2011-11-12,2014-11-01
4,score_only,factor_cov_lrt,gradual_bias,1.0,1.0,1,1.0,1.0,0.0,0.0,2011-11-12,2014-11-01
4,score_only,factor_cov_lrt,gradual_bias,1.0,2.0,1,1.0,1.0,0.0,0.0,2011-11-12,2014-11-01
4,score_only,factor_cov_lrt_delta,gradual_bias,0.25,1.0,1,0.0,0.0,0.0,0.0,2011-11-12,2014-11-01
4,score_only,factor_cov_lrt_delta,gradual_bias,0.25,2.0,1,0.0,0.0,0.0,0.0,2011-11-12,2014-11-01
4,score_only,factor_cov_lrt_delta,gradual_bias,0.5,1.0,1,0.0,0.0,0.0,0.0,2011-11-12,2014-11-01
4,score_only,factor_cov_lrt_delta,gradual_bias,0.5,2.0,1,0.0,0.0,0.0,0.0,2011-11-12,2014-11-01
4,score_only,factor_cov_lrt_delta,gradual_bias,0.75,1.0,1,0.0,0.0,0.0,0.0,2011-11-12,2014-11-01
4,score_only,factor_cov_lrt_delta,gradual_bias,0.75,2.0,1,0.0,0.0,0.0,0.0,2011-11-12,2014-11-01
4,score_only,factor_cov_lrt_delta,gradual_bias,1.0,1.0,1,0.0,0.0,0.0,0.0,2011-11-12,2014-11-01
4,score_only,factor_cov_lrt_delta,gradual_bias,1.0,2.0,1,0.0,0.0,0.0,0.0,2011-11-12,2014-11-01
4,score_only,fused_fisher,gradual_bias,0.25,1.0,1,0.0,0.0,0.0,0.0,2011-11-12,2014-11-01
4,score_only,fused_fisher,gradual_bias,0.25,2.0,1,0.0,0.0,0.0,0.0,2011-11-12,2014-11-01
4,score_only,fused_fisher,gradual_bias,0.5,1.0,1,0.0,0.0,0.0,0.0,2011-11-12,2014-11-01
4,score_only,fused_fisher,gradual_bias,0.5,2.0,1,0.0,0.0,0.0,0.0,2011-11-12,2014-11-01
4,score_only,fused_fisher,gradual_bias,0.75,1.0,1,0.0,0.0,0.0,0.0,2011-11-12,2014-11-01
4,score_only,fused_fisher,gradual_bias,0.75,2.0,1,0.0,0.0,0.0,0.0,2011-11-12,2014-11-01
4,score_only,fused_fisher,gradual_bias,1.0,1.0,1,0.0,0.0,0.0,0.0,2011-11-12,2014-11-01
4,score_only,fused_fisher,gradual_bias,1.0,2.0,1,0.0,0.0,0.0,0.0,2011-11-12,2014-11-01
4,score_only,fused_fisher_lrt_delta,gradual_bias,0.25,1.0,1,1.0,1.0,0.0,0.0,2011-11-12,2014-11-01
4,score_only,fused_fisher_lrt_delta,gradual_bias,0.25,2.0,1,1.0,1.0,0.0,0.0,2011-11-12,2014-11-01
4,score_only,fused_fisher_lrt_delta,gradual_bias,0.5,1.0,1,1.0,1.0,0.0,0.0,2011-11-12,2014-11-01
4,score_only,fused_fisher_lrt_delta,gradual_bias,0.5,2.0,1,1.0,1.0,0.0,0.0,2011-11-12,2014-11-01
4,score_only,fused_fisher_lrt_delta,gradual_bias,0.75,1.0,1,1.0,1.0,0.0,0.0,2011-11-12,2014-11-01
4,score_only,fused_fisher_lrt_delta,gradual_bias,0.75,2.0,1,1.0,1.0,0.0,0.0,2011-11-12,2014-11-01
4,score_only,fused_fisher_lrt_delta,gradual_bias,1.0,1.0,1,1.0,1.0,0.0,0.0,2011-11-12,2014-11-01
4,score_only,fused_fisher_lrt_delta,gradual_bias,1.0,2.0,1,1.0,1.0,0.0,0.0,2011-11-12,2014-11-01
4,score_only,fused_sp,gradual_bias,0.25,1.0,1,0.0,0.0,0.0,0.0,2011-11-12,2014-11-01
4,score_only,fused_sp,gradual_bias,0.25,2.0,1,0.0,0.0,0.0,0.0,2011-11-12,2014-11-01
4,score_only,fused_sp,gradual_bias,0.5,1.0,1,0.0,0.0,0.0,0.0,2011-11-12,2014-11-01
4,score_only,fused_sp,gradual_bias,0.5,2.0,1,0.0,0.0,0.0,0.0,2011-11-12,2014-11-01
4,score_only,fused_sp,gradual_bias,0.75,1.0,1,0.0,0.0,0.0,0.0,2011-11-12,2014-11-01
4,score_only,fused_sp,gradual_bias,0.75,2.0,1,0.0,0.0,0.0,0.0,2011-11-12,2014-11-01
4,score_only,fused_sp,gradual_bias,1.0,1.0,1,0.0,0.0,0.0,0.0,2011-11-12,2014-11-01
4,score_only,fused_sp,gradual_bias,1.0,2.0,1,0.0,0.0,0.0,0.0,2011-11-12,2014-11-01
4,score_only,fused_sp_lrt_delta,gradual_bias,0.25,1.0,1,0.0,0.0,0.0,0.0,2011-11-12,2014-11-01
4,score_only,fused_sp_lrt_delta,gradual_bias,0.25,2.0,1,1.0,1.0,0.0,0.0,2011-11-12,2014-11-01
4,score_only,fused_sp_lrt_delta,gradual_bias,0.5,1.0,1,0.0,0.0,0.0,0.0,2011-11-12,2014-11-01
4,score_only,fused_sp_lrt_delta,gradual_bias,0.5,2.0,1,1.0,1.0,0.0,0.0,2011-11-12,2014-11-01
4,score_only,fused_sp_lrt_delta,gradual_bias,0.75,1.0,1,0.0,0.0,0.0,0.0,2011-11-12,2014-11-01
4,score_only,fused_sp_lrt_delta,gradual_bias,0.75,2.0,1,1.0,1.0,0.0,0.0,2011-11-12,2014-11-01
4,score_only,fused_sp_lrt_delta,gradual_bias,1.0,1.0,1,0.0,0.0,0.0,0.0,2011-11-12,2014-11-01
4,score_only,fused_sp_lrt_delta,gradual_bias,1.0,2.0,1,1.0,1.0,0.0,0.0,2011-11-12,2014-11-01
4,score_only,max_abs,gradual_bias,0.25,1.0,1,1.0,1.0,0.0,0.0,2011-11-12,2014-11-01
4,score_only,max_abs,gradual_bias,0.25,2.0,1,1.0,1.0,0.0,0.0,2011-11-12,2014-11-01
4,score_only,max_abs,gradual_bias,0.5,1.0,1,1.0,1.0,0.0,0.0,2011-11-12,2014-11-01
4,score_only,max_abs,gradual_bias,0.5,2.0,1,1.0,1.0,0.0,0.0,2011-11-12,2014-11-01
4,score_only,max_abs,gradual_bias,0.75,1.0,1,1.0,1.0,0.0,0.0,2011-11-12,2014-11-01
4,score_only,max_abs,gradual_bias,0.75,2.0,1,1.0,1.0,0.0,0.0,2011-11-12,2014-11-01
4,score_only,max_abs,gradual_bias,1.0,1.0,1,1.0,1.0,0.0,0.0,2011-11-12,2014-11-01
4,score_only,max_abs,gradual_bias,1.0,2.0,1,1.0,1.0,0.0,0.0,2011-11-12,2014-11-01
4,score_only,pc_t2,gradual_bias,0.25,1.0,1,0.0,0.0,0.0,0.0,2011-11-12,2014-11-01
4,score_only,pc_t2,gradual_bias,0.25,2.0,1,1.0,1.0,0.0,0.0,2011-11-12,2014-11-01
4,score_only,pc_t2,gradual_bias,0.5,1.0,1,0.0,0.0,0.0,0.0,2011-11-12,2014-11-01
4,score_only,pc_t2,gradual_bias,0.5,2.0,1,1.0,1.0,0.0,0.0,2011-11-12,2014-11-01
4,score_only,pc_t2,gradual_bias,0.75,1.0,1,0.0,0.0,0.0,0.0,2011-11-12,2014-11-01
4,score_only,pc_t2,gradual_bias,0.75,2.0,1,1.0,1.0,0.0,0.0,2011-11-12,2014-11-01
4,score_only,pc_t2,gradual_bias,1.0,1.0,1,0.0,0.0,0.0,0.0,2011-11-12,2014-11-01
4,score_only,pc_t2,gradual_bias,1.0,2.0,1,1.0,1.0,0.0,0.0,2011-11-12,2014-11-01
4,score_only,res_energy,gradual_bias,0.25,1.0,1,0.0,0.0,0.0,0.0,2011-11-12,2014-11-01
4,score_only,res_energy,gradual_bias,0.25,2.0,1,0.0,0.0,0.0,0.0,2011-11-12,2014-11-01
4,score_only,res_energy,gradual_bias,0.5,1.0,1,0.0,0.0,0.0,0.0,2011-11-12,2014-11-01
4,score_only,res_energy,gradual_bias,0.5,2.0,1,0.0,0.0,0.0,0.0,2011-11-12,2014-11-01
4,score_only,res_energy,gradual_bias,0.75,1.0,1,0.0,0.0,0.0,0.0,2011-11-12,2014-11-01
4,score_only,res_energy,gradual_bias,0.75,2.0,1,0.0,0.0,0.0,0.0,2011-11-12,2014-11-01
4,score_only,res_energy,gradual_bias,1.0,1.0,1,0.0,0.0,0.0,0.0,2011-11-12,2014-11-01
4,score_only,res_energy,gradual_bias,1.0,2.0,1,0.0,0.0,0.0,0.0,2011-11-12,2014-11-01
4,score_only,stale,gradual_bias,0.25,1.0,1,0.0,0.0,0.0,1.0,2011-11-12,2014-11-01
4,score_only,stale,gradual_bias,0.25,2.0,1,0.0,0.0,0.0,1.0,2011-11-12,2014-11-01
4,score_only,stale,gradual_bias,0.5,1.0,1,0.0,0.0,0.0,1.0,2011-11-12,2014-11-01
4,score_only,stale,gradual_bias,0.5,2.0,1,0.0,0.0,0.0,1.0,2011-11-12,2014-11-01
4,score_only,stale,gradual_bias,0.75,1.0,1,0.0,0.0,0.0,1.0,2011-11-12,2014-11-01
4,score_only,stale,gradual_bias,0.75,2.0,1,0.0,0.0,0.0,1.0,2011-11-12,2014-11-01
4,score_only,stale,gradual_bias,1.0,1.0,1,0.0,0.0,0.0,1.0,2011-11-12,2014-11-01
4,score_only,stale,gradual_bias,1.0,2.0,1,0.0,0.0,0.0,1.0,2011-11-12,2014-11-01
6,all_only,T2,gradual_bias,0.25,1.0,2,0.0,0.0,0.0,0.0,2013-11-09,2016-10-29
6,all_only,T2,gradual_bias,0.25,2.0,2,0.5,0.5,0.0,0.0,2013-11-09,2016-10-29
6,all_only,T2,gradual_bias,0.5,1.0,2,0.0,0.0,0.0,0.0,2013-11-09,2016-10-29
6,all_only,T2,gradual_bias,0.5,2.0,2,0.5,0.5,0.0,0.0,2013-11-09,2016-10-29
6,all_only,T2,gradual_bias,0.75,1.0,2,0.0,0.0,0.0,0.0,2013-11-09,2016-10-29
6,all_only,T2,gradual_bias,0.75,2.0,2,0.5,0.5,0.0,0.0,2013-11-09,2016-10-29
6,all_only,T2,gradual_bias,1.0,1.0,2,0.0,0.0,0.0,0.0,2013-11-09,2016-10-29
6,all_only,T2,gradual_bias,1.0,2.0,2,0.5,0.5,0.0,0.0,2013-11-09,2016-10-29
6,all_only,cusum_factor_cov_lrt,gradual_bias,0.25,1.0,2,0.0,0.0,0.0,0.0,2013-11-09,2016-10-29
6,all_only,cusum_factor_cov_lrt,gradual_bias,0.25,2.0,2,0.0,0.0,0.0,0.0,2013-11-09,2016-10-29
6,all_only,cusum_factor_cov_lrt,gradual_bias,0.5,1.0,2,0.0,0.0,0.0,0.0,2013-11-09,2016-10-29
6,all_only,cusum_factor_cov_lrt,gradual_bias,0.5,2.0,2,0.0,0.0,0.0,0.0,2013-11-09,2016-10-29
6,all_only,cusum_factor_cov_lrt,gradual_bias,0.75,1.0,2,0.0,0.0,0.0,0.0,2013-11-09,2016-10-29
6,all_only,cusum_factor_cov_lrt,gradual_bias,0.75,2.0,2,0.0,0.0,0.0,0.0,2013-11-09,2016-10-29
6,all_only,cusum_factor_cov_lrt,gradual_bias,1.0,1.0,2,0.0,0.0,0.0,0.0,2013-11-09,2016-10-29
6,all_only,cusum_factor_cov_lrt,gradual_bias,1.0,2.0,2,0.0,0.0,0.0,0.0,2013-11-09,2016-10-29
6,all_only,ewma_factor_cov_lrt,gradual_bias,0.25,1.0,2,0.0,0.0,0.0,0.0,2013-11-09,2016-10-29
6,all_only,ewma_factor_cov_lrt,gradual_bias,0.25,2.0,2,0.0,0.0,0.0,0.0,2013-11-09,2016-10-29
6,all_only,ewma_factor_cov_lrt,gradual_bias,0.5,1.0,2,0.0,0.0,0.0,0.0,2013-11-09,2016-10-29
6,all_only,ewma_factor_cov_lrt,gradual_bias,0.5,2.0,2,0.0,0.0,0.0,0.0,2013-11-09,2016-10-29
6,all_only,ewma_factor_cov_lrt,gradual_bias,0.75,1.0,2,0.0,0.0,0.0,0.0,2013-11-09,2016-10-29
6,all_only,ewma_factor_cov_lrt,gradual_bias,0.75,2.0,2,0.0,0.0,0.0,0.0,2013-11-09,2016-10-29
6,all_only,ewma_factor_cov_lrt,gradual_bias,1.0,1.0,2,0.0,0.0,0.0,0.0,2013-11-09,2016-10-29
6,all_only,ewma_factor_cov_lrt,gradual_bias,1.0,2.0,2,0.0,0.0,0.0,0.0,2013-11-09,2016-10-29
6,all_only,factor_cov_change,gradual_bias,0.25,1.0,2,0.0,0.0,0.0,0.0,2013-11-09,2016-10-29
6,all_only,factor_cov_change,gradual_bias,0.25,2.0,2,0.0,0.0,0.0,0.5,2013-11-09,2016-10-29
6,all_only,factor_cov_change,gradual_bias,0.5,1.0,2,0.0,0.0,0.0,0.0,2013-11-09,2016-10-29
6,all_only,factor_cov_change,gradual_bias,0.5,2.0,2,0.0,0.0,0.0,0.5,2013-11-09,2016-10-29
6,all_only,factor_cov_change,gradual_bias,0.75,1.0,2,0.0,0.0,0.0,0.0,2013-11-09,2016-10-29
6,all_only,factor_cov_change,gradual_bias,0.75,2.0,2,0.0,0.0,0.0,0.5,2013-11-09,2016-10-29
6,all_only,factor_cov_change,gradual_bias,1.0,1.0,2,0.0,0.0,0.0,0.0,2013-11-09,2016-10-29
6,all_only,factor_cov_change,gradual_bias,1.0,2.0,2,0.0,0.0,0.0,0.5,2013-11-09,2016-10-29
6,all_only,factor_cov_delta,gradual_bias,0.25,1.0,2,0.0,0.0,0.0,0.0,2013-11-09,2016-10-29
6,all_only,factor_cov_delta,gradual_bias,0.25,2.0,2,0.5,0.5,0.0,0.0,2013-11-09,2016-10-29
6,all_only,factor_cov_delta,gradual_bias,0.5,1.0,2,0.0,0.0,0.0,0.0,2013-11-09,2016-10-29
6,all_only,factor_cov_delta,gradual_bias,0.5,2.0,2,0.5,0.5,0.0,0.0,2013-11-09,2016-10-29
6,all_only,factor_cov_delta,gradual_bias,0.75,1.0,2,0.0,0.0,0.0,0.0,2013-11-09,2016-10-29
6,all_only,factor_cov_delta,gradual_bias,0.75,2.0,2,0.5,0.5,0.0,0.0,2013-11-09,2016-10-29
6,all_only,factor_cov_delta,gradual_bias,1.0,1.0,2,0.0,0.0,0.0,0.0,2013-11-09,2016-10-29
6,all_only,factor_cov_delta,gradual_bias,1.0,2.0,2,0.5,0.5,0.0,0.0,2013-11-09,2016-10-29
6,all_only,factor_cov_lrt,gradual_bias,0.25,1.0,2,0.5,0.5,0.0,0.0,2013-11-09,2016-10-29
6,all_only,factor_cov_lrt,gradual_bias,0.25,2.0,2,0.0,0.0,0.0,0.0,2013-11-09,2016-10-29
6,all_only,factor_cov_lrt,gradual_bias,0.5,1.0,2,0.5,0.5,0.0,0.0,2013-11-09,2016-10-29
6,all_only,factor_cov_lrt,gradual_bias,0.5,2.0,2,0.0,0.0,0.0,0.0,2013-11-09,2016-10-29
6,all_only,factor_cov_lrt,gradual_bias,0.75,1.0,2,0.5,0.5,0.0,0.0,2013-11-09,2016-10-29
6,all_only,factor_cov_lrt,gradual_bias,0.75,2.0,2,0.0,0.0,0.0,0.0,2013-11-09,2016-10-29
6,all_only,factor_cov_lrt,gradual_bias,1.0,1.0,2,0.5,0.5,0.0,0.0,2013-11-09,2016-10-29
6,all_only,factor_cov_lrt,gradual_bias,1.0,2.0,2,0.0,0.0,0.0,0.0,2013-11-09,2016-10-29
6,all_only,factor_cov_lrt_delta,gradual_bias,0.25,1.0,2,0.0,0.0,0.0,0.0,2013-11-09,2016-10-29
6,all_only,factor_cov_lrt_delta,gradual_bias,0.25,2.0,2,0.0,0.0,0.0,0.0,2013-11-09,2016-10-29
6,all_only,factor_cov_lrt_delta,gradual_bias,0.5,1.0,2,0.0,0.0,0.0,0.0,2013-11-09,2016-10-29
6,all_only,factor_cov_lrt_delta,gradual_bias,0.5,2.0,2,0.0,0.0,0.0,0.0,2013-11-09,2016-10-29
6,all_only,factor_cov_lrt_delta,gradual_bias,0.75,1.0,2,0.0,0.0,0.0,0.0,2013-11-09,2016-10-29
6,all_only,factor_cov_lrt_delta,gradual_bias,0.75,2.0,2,0.0,0.0,0.0,0.0,2013-11-09,2016-10-29
6,all_only,factor_cov_lrt_delta,gradual_bias,1.0,1.0,2,0.0,0.0,0.0,0.0,2013-11-09,2016-10-29
6,all_only,factor_cov_lrt_delta,gradual_bias,1.0,2.0,2,0.0,0.0,0.0,0.0,2013-11-09,2016-10-29
6,all_only,fused_fisher,gradual_bias,0.25,1.0,2,0.0,0.0,0.0,0.0,2013-11-09,2016-10-29
6,all_only,fused_fisher,gradual_bias,0.25,2.0,2,0.0,0.0,0.0,0.0,2013-11-09,2016-10-29
6,all_only,fused_fisher,gradual_bias,0.5,1.0,2,0.0,0.0,0.0,0.0,2013-11-09,2016-10-29
6,all_only,fused_fisher,gradual_bias,0.5,2.0,2,0.0,0.0,0.0,0.0,2013-11-09,2016-10-29
6,all_only,fused_fisher,gradual_bias,0.75,1.0,2,0.0,0.0,0.0,0.0,2013-11-09,2016-10-29
6,all_only,fused_fisher,gradual_bias,0.75,2.0,2,0.0,0.0,0.0,0.0,2013-11-09,2016-10-29
6,all_only,fused_fisher,gradual_bias,1.0,1.0,2,0.0,0.0,0.0,0.0,2013-11-09,2016-10-29
6,all_only,fused_fisher,gradual_bias,1.0,2.0,2,0.0,0.0,0.0,0.0,2013-11-09,2016-10-29
6,all_only,fused_fisher_lrt_delta,gradual_bias,0.25,1.0,2,0.0,0.0,0.0,0.0,2013-11-09,2016-10-29
6,all_only,fused_fisher_lrt_delta,gradual_bias,0.25,2.0,2,0.0,0.0,0.0,0.0,2013-11-09,2016-10-29
6,all_only,fused_fisher_lrt_delta,gradual_bias,0.5,1.0,2,0.0,0.0,0.0,0.0,2013-11-09,2016-10-29
6,all_only,fused_fisher_lrt_delta,gradual_bias,0.5,2.0,2,0.0,0.0,0.0,0.0,2013-11-09,2016-10-29
6,all_only,fused_fisher_lrt_delta,gradual_bias,0.75,1.0,2,0.0,0.0,0.0,0.0,2013-11-09,2016-10-29
6,all_only,fused_fisher_lrt_delta,gradual_bias,0.75,2.0,2,0.0,0.0,0.0,0.0,2013-11-09,2016-10-29
6,all_only,fused_fisher_lrt_delta,gradual_bias,1.0,1.0,2,0.0,0.0,0.0,0.0,2013-11-09,2016-10-29
6,all_only,fused_fisher_lrt_delta,gradual_bias,1.0,2.0,2,0.0,0.0,0.0,0.0,2013-11-09,2016-10-29
6,all_only,fused_sp,gradual_bias,0.25,1.0,2,0.0,0.0,0.0,0.0,2013-11-09,2016-10-29
6,all_only,fused_sp,gradual_bias,0.25,2.0,2,0.0,0.0,0.0,0.0,2013-11-09,2016-10-29
6,all_only,fused_sp,gradual_bias,0.5,1.0,2,0.0,0.0,0.0,0.0,2013-11-09,2016-10-29
6,all_only,fused_sp,gradual_bias,0.5,2.0,2,0.0,0.0,0.0,0.0,2013-11-09,2016-10-29
6,all_only,fused_sp,gradual_bias,0.75,1.0,2,0.0,0.0,0.0,0.0,2013-11-09,2016-10-29
6,all_only,fused_sp,gradual_bias,0.75,2.0,2,0.0,0.0,0.0,0.0,2013-11-09,2016-10-29
6,all_only,fused_sp,gradual_bias,1.0,1.0,2,0.0,0.0,0.0,0.0,2013-11-09,2016-10-29
6,all_only,fused_sp,gradual_bias,1.0,2.0,2,0.0,0.0,0.0,0.0,2013-11-09,2016-10-29
6,all_only,fused_sp_lrt_delta,gradual_bias,0.25,1.0,2,0.0,0.0,0.0,0.0,2013-11-09,2016-10-29
6,all_only,fused_sp_lrt_delta,gradual_bias,0.25,2.0,2,0.5,0.5,0.0,0.0,2013-11-09,2016-10-29
6,all_only,fused_sp_lrt_delta,gradual_bias,0.5,1.0,2,0.0,0.0,0.0,0.0,2013-11-09,2016-10-29
6,all_only,fused_sp_lrt_delta,gradual_bias,0.5,2.0,2,0.5,0.5,0.0,0.0,2013-11-09,2016-10-29
6,all_only,fused_sp_lrt_delta,gradual_bias,0.75,1.0,2,0.0,0.0,0.0,0.0,2013-11-09,2016-10-29
6,all_only,fused_sp_lrt_delta,gradual_bias,0.75,2.0,2,0.5,0.5,0.0,0.0,2013-11-09,2016-10-29
6,all_only,fused_sp_lrt_delta,gradual_bias,1.0,1.0,2,0.0,0.0,0.0,0.0,2013-11-09,2016-10-29
6,all_only,fused_sp_lrt_delta,gradual_bias,1.0,2.0,2,0.5,0.5,0.0,0.0,2013-11-09,2016-10-29
6,all_only,max_abs,gradual_bias,0.25,1.0,2,0.0,0.0,0.0,0.0,2013-11-09,2016-10-29
6,all_only,max_abs,gradual_bias,0.25,2.0,2,0.5,0.5,0.0,0.0,2013-11-09,2016-10-29
6,all_only,max_abs,gradual_bias,0.5,1.0,2,0.0,0.0,0.0,0.0,2013-11-09,2016-10-29
6,all_only,max_abs,gradual_bias,0.5,2.0,2,0.5,0.5,0.0,0.0,2013-11-09,2016-10-29
6,all_only,max_abs,gradual_bias,0.75,1.0,2,0.0,0.0,0.0,0.0,2013-11-09,2016-10-29
6,all_only,max_abs,gradual_bias,0.75,2.0,2,0.5,0.5,0.0,0.0,2013-11-09,2016-10-29
6,all_only,max_abs,gradual_bias,1.0,1.0,2,0.0,0.0,0.0,0.0,2013-11-09,2016-10-29
6,all_only,max_abs,gradual_bias,1.0,2.0,2,0.5,0.5,0.0,0.0,2013-11-09,2016-10-29
6,all_only,pc_t2,gradual_bias,0.25,1.0,2,0.0,0.0,0.0,0.0,2013-11-09,2016-10-29
6,all_only,pc_t2,gradual_bias,0.25,2.0,2,0.5,0.5,0.0,0.0,2013-11-09,2016-10-29
6,all_only,pc_t2,gradual_bias,0.5,1.0,2,0.0,0.0,0.0,0.0,2013-11-09,2016-10-29
6,all_only,pc_t2,gradual_bias,0.5,2.0,2,0.5,0.5,0.0,0.0,2013-11-09,2016-10-29
6,all_only,pc_t2,gradual_bias,0.75,1.0,2,0.0,0.0,0.0,0.0,2013-11-09,2016-10-29
6,all_only,pc_t2,gradual_bias,0.75,2.0,2,0.5,0.5,0.0,0.0,2013-11-09,2016-10-29
6,all_only,pc_t2,gradual_bias,1.0,1.0,2,0.0,0.0,0.0,0.0,2013-11-09,2016-10-29
6,all_only,pc_t2,gradual_bias,1.0,2.0,2,0.5,0.5,0.0,0.0,2013-11-09,2016-10-29
6,all_only,res_energy,gradual_bias,0.25,1.0,2,0.0,0.0,0.0,0.0,2013-11-09,2016-10-29
6,all_only,res_energy,gradual_bias,0.25,2.0,2,0.0,0.0,0.0,0.0,2013-11-09,2016-10-29
6,all_only,res_energy,gradual_bias,0.5,1.0,2,0.0,0.0,0.0,0.0,2013-11-09,2016-10-29
6,all_only,res_energy,gradual_bias,0.5,2.0,2,0.0,0.0,0.0,0.0,2013-11-09,2016-10-29
6,all_only,res_energy,gradual_bias,0.75,1.0,2,0.0,0.0,0.0,0.0,2013-11-09,2016-10-29
6,all_only,res_energy,gradual_bias,0.75,2.0,2,0.0,0.0,0.0,0.0,2013-11-09,2016-10-29
6,all_only,res_energy,gradual_bias,1.0,1.0,2,0.0,0.0,0.0,0.0,2013-11-09,2016-10-29
6,all_only,res_energy,gradual_bias,1.0,2.0,2,0.0,0.0,0.0,0.0,2013-11-09,2016-10-29
6,all_only,stale,gradual_bias,0.25,1.0,2,0.0,0.5,0.0,1.0,2013-11-09,2016-10-29
6,all_only,stale,gradual_bias,0.25,2.0,2,0.0,0.5,0.0,1.0,2013-11-09,2016-10-29
6,all_only,stale,gradual_bias,0.5,1.0,2,0.0,0.5,0.0,1.0,2013-11-09,2016-10-29
6,all_only,stale,gradual_bias,0.5,2.0,2,0.0,0.5,0.0,1.0,2013-11-09,2016-10-29
6,all_only,stale,gradual_bias,0.75,1.0,2,0.0,0.5,0.0,1.0,2013-11-09,2016-10-29
6,all_only,stale,gradual_bias,0.75,2.0,2,0.0,0.5,0.0,1.0,2013-11-09,2016-10-29
6,all_only,stale,gradual_bias,1.0,1.0,2,0.0,0.5,0.0,1.0,2013-11-09,2016-10-29
6,all_only,stale,gradual_bias,1.0,2.0,2,0.0,0.5,0.0,1.0,2013-11-09,2016-10-29
6,full,T2,gradual_bias,0.25,1.0,2,0.0,0.0,0.0,0.0,2013-11-09,2016-10-29
6,full,T2,gradual_bias,0.25,2.0,2,0.0,0.0,0.0,0.0,2013-11-09,2016-10-29
6,full,T2,gradual_bias,0.5,1.0,2,0.0,0.0,0.0,0.0,2013-11-09,2016-10-29
6,full,T2,gradual_bias,0.5,2.0,2,0.0,0.0,0.0,0.0,2013-11-09,2016-10-29
6,full,T2,gradual_bias,0.75,1.0,2,0.0,0.0,0.0,0.0,2013-11-09,2016-10-29
6,full,T2,gradual_bias,0.75,2.0,2,0.0,0.0,0.0,0.0,2013-11-09,2016-10-29
6,full,T2,gradual_bias,1.0,1.0,2,0.0,0.0,0.0,0.0,2013-11-09,2016-10-29
6,full,T2,gradual_bias,1.0,2.0,2,0.0,0.0,0.0,0.0,2013-11-09,2016-10-29
6,full,cusum_factor_cov_lrt,gradual_bias,0.25,1.0,2,0.0,0.0,0.0,0.0,2013-11-09,2016-10-29
6,full,cusum_factor_cov_lrt,gradual_bias,0.25,2.0,2,0.0,0.0,0.0,0.0,2013-11-09,2016-10-29
6,full,cusum_factor_cov_lrt,gradual_bias,0.5,1.0,2,0.0,0.0,0.0,0.0,2013-11-09,2016-10-29
6,full,cusum_factor_cov_lrt,gradual_bias,0.5,2.0,2,0.0,0.0,0.0,0.0,2013-11-09,2016-10-29
6,full,cusum_factor_cov_lrt,gradual_bias,0.75,1.0,2,0.0,0.0,0.0,0.0,2013-11-09,2016-10-29
6,full,cusum_factor_cov_lrt,gradual_bias,0.75,2.0,2,0.0,0.0,0.0,0.0,2013-11-09,2016-10-29
6,full,cusum_factor_cov_lrt,gradual_bias,1.0,1.0,2,0.0,0.0,0.0,0.0,2013-11-09,2016-10-29
6,full,cusum_factor_cov_lrt,gradual_bias,1.0,2.0,2,0.0,0.0,0.0,0.0,2013-11-09,2016-10-29
6,full,ewma_factor_cov_lrt,gradual_bias,0.25,1.0,2,0.0,0.0,0.0,0.0,2013-11-09,2016-10-29
6,full,ewma_factor_cov_lrt,gradual_bias,0.25,2.0,2,0.0,0.0,0.0,0.0,2013-11-09,2016-10-29
6,full,ewma_factor_cov_lrt,gradual_bias,0.5,1.0,2,0.0,0.0,0.0,0.0,2013-11-09,2016-10-29
6,full,ewma_factor_cov_lrt,gradual_bias,0.5,2.0,2,0.0,0.0,0.0,0.0,2013-11-09,2016-10-29
6,full,ewma_factor_cov_lrt,gradual_bias,0.75,1.0,2,0.0,0.0,0.0,0.0,2013-11-09,2016-10-29
6,full,ewma_factor_cov_lrt,gradual_bias,0.75,2.0,2,0.0,0.0,0.0,0.0,2013-11-09,2016-10-29
6,full,ewma_factor_cov_lrt,gradual_bias,1.0,1.0,2,0.0,0.0,0.0,0.0,2013-11-09,2016-10-29
6,full,ewma_factor_cov_lrt,gradual_bias,1.0,2.0,2,0.0,0.0,0.0,0.0,2013-11-09,2016-10-29
6,full,factor_cov_change,gradual_bias,0.25,1.0,2,0.0,0.0,0.0,0.0,2013-11-09,2016-10-29
6,full,factor_cov_change,gradual_bias,0.25,2.0,2,0.0,0.0,0.0,0.0,2013-11-09,2016-10-29
6,full,factor_cov_change,gradual_bias,0.5,1.0,2,0.0,0.0,0.0,0.0,2013-11-09,2016-10-29
6,full,factor_cov_change,gradual_bias,0.5,2.0,2,0.0,0.0,0.0,0.0,2013-11-09,2016-10-29
6,full,factor_cov_change,gradual_bias,0.75,1.0,2,0.0,0.0,0.0,0.0,2013-11-09,2016-10-29
6,full,factor_cov_change,gradual_bias,0.75,2.0,2,0.0,0.0,0.0,0.0,2013-11-09,2016-10-29
6,full,factor_cov_change,gradual_bias,1.0,1.0,2,0.0,0.0,0.0,0.0,2013-11-09,2016-10-29
6,full,factor_cov_change,gradual_bias,1.0,2.0,2,0.0,0.0,0.0,0.0,2013-11-09,2016-10-29
6,full,factor_cov_delta,gradual_bias,0.25,1.0,2,0.5,0.5,0.0,0.0,2013-11-09,2016-10-29
6,full,factor_cov_delta,gradual_bias,0.25,2.0,2,0.5,0.5,0.0,0.0,2013-11-09,2016-10-29
6,full,factor_cov_delta,gradual_bias,0.5,1.0,2,0.5,0.5,0.0,0.0,2013-11-09,2016-10-29
6,full,factor_cov_delta,gradual_bias,0.5,2.0,2,0.5,0.5,0.0,0.0,2013-11-09,2016-10-29
6,full,factor_cov_delta,gradual_bias,0.75,1.0,2,0.5,0.5,0.0,0.0,2013-11-09,2016-10-29
6,full,factor_cov_delta,gradual_bias,0.75,2.0,2,0.5,0.5,0.0,0.0,2013-11-09,2016-10-29
6,full,factor_cov_delta,gradual_bias,1.0,1.0,2,0.5,0.5,0.0,0.0,2013-11-09,2016-10-29
6,full,factor_cov_delta,gradual_bias,1.0,2.0,2,0.5,0.5,0.0,0.0,2013-11-09,2016-10-29
6,full,factor_cov_lrt,gradual_bias,0.25,1.0,2,0.0,0.0,0.0,0.0,2013-11-09,2016-10-29
6,full,factor_cov_lrt,gradual_bias,0.25,2.0,2,0.0,0.0,0.0,0.0,2013-11-09,2016-10-29
6,full,factor_cov_lrt,gradual_bias,0.5,1.0,2,0.0,0.0,0.0,0.0,2013-11-09,2016-10-29
6,full,factor_cov_lrt,gradual_bias,0.5,2.0,2,0.0,0.0,0.0,0.0,2013-11-09,2016-10-29
6,full,factor_cov_lrt,gradual_bias,0.75,1.0,2,0.0,0.0,0.0,0.0,2013-11-09,2016-10-29
6,full,factor_cov_lrt,gradual_bias,0.75,2.0,2,0.0,0.0,0.0,0.0,2013-11-09,2016-10-29
6,full,factor_cov_lrt,gradual_bias,1.0,1.0,2,0.0,0.0,0.0,0.0,2013-11-09,2016-10-29
6,full,factor_cov_lrt,gradual_bias,1.0,2.0,2,0.0,0.0,0.0,0.0,2013-11-09,2016-10-29
6,full,factor_cov_lrt_delta,gradual_bias,0.25,1.0,2,0.5,0.5,0.0,0.0,2013-11-09,2016-10-29
6,full,factor_cov_lrt_delta,gradual_bias,0.25,2.0,2,0.0,0.0,0.0,0.0,2013-11-09,2016-10-29
6,full,factor_cov_lrt_delta,gradual_bias,0.5,1.0,2,0.5,0.5,0.0,0.0,2013-11-09,2016-10-29
6,full,factor_cov_lrt_delta,gradual_bias,0.5,2.0,2,0.0,0.0,0.0,0.0,2013-11-09,2016-10-29
6,full,factor_cov_lrt_delta,gradual_bias,0.75,1.0,2,0.5,0.5,0.0,0.0,2013-11-09,2016-10-29
6,full,factor_cov_lrt_delta,gradual_bias,0.75,2.0,2,0.0,0.0,0.0,0.0,2013-11-09,2016-10-29
6,full,factor_cov_lrt_delta,gradual_bias,1.0,1.0,2,0.5,0.5,0.0,0.0,2013-11-09,2016-10-29
6,full,factor_cov_lrt_delta,gradual_bias,1.0,2.0,2,0.0,0.0,0.0,0.0,2013-11-09,2016-10-29
6,full,fused_fisher,gradual_bias,0.25,1.0,2,0.0,0.0,0.0,0.0,2013-11-09,2016-10-29
6,full,fused_fisher,gradual_bias,0.25,2.0,2,0.0,0.0,0.0,0.0,2013-11-09,2016-10-29
6,full,fused_fisher,gradual_bias,0.5,1.0,2,0.0,0.0,0.0,0.0,2013-11-09,2016-10-29
6,full,fused_fisher,gradual_bias,0.5,2.0,2,0.0,0.0,0.0,0.0,2013-11-09,2016-10-29
6,full,fused_fisher,gradual_bias,0.75,1.0,2,0.0,0.0,0.0,0.0,2013-11-09,2016-10-29
6,full,fused_fisher,gradual_bias,0.75,2.0,2,0.0,0.0,0.0,0.0,2013-11-09,2016-10-29
6,full,fused_fisher,gradual_bias,1.0,1.0,2,0.0,0.0,0.0,0.0,2013-11-09,2016-10-29
6,full,fused_fisher,gradual_bias,1.0,2.0,2,0.0,0.0,0.0,0.0,2013-11-09,2016-10-29
6,full,fused_fisher_lrt_delta,gradual_bias,0.25,1.0,2,0.0,0.0,0.0,0.0,2013-11-09,2016-10-29
6,full,fused_fisher_lrt_delta,gradual_bias,0.25,2.0,2,0.5,0.5,0.0,0.0,2013-11-09,2016-10-29
6,full,fused_fisher_lrt_delta,gradual_bias,0.5,1.0,2,0.0,0.0,0.0,0.0,2013-11-09,2016-10-29
6,full,fused_fisher_lrt_delta,gradual_bias,0.5,2.0,2,0.5,0.5,0.0,0.0,2013-11-09,2016-10-29
6,full,fused_fisher_lrt_delta,gradual_bias,0.75,1.0,2,0.0,0.0,0.0,0.0,2013-11-09,2016-10-29
6,full,fused_fisher_lrt_delta,gradual_bias,0.75,2.0,2,0.5,0.5,0.0,0.0,2013-11-09,2016-10-29
6,full,fused_fisher_lrt_delta,gradual_bias,1.0,1.0,2,0.0,0.0,0.0,0.0,2013-11-09,2016-10-29
6,full,fused_fisher_lrt_delta,gradual_bias,1.0,2.0,2,0.5,0.5,0.0,0.0,2013-11-09,2016-10-29
6,full,fused_sp,gradual_bias,0.25,1.0,2,0.5,0.5,0.0,0.0,2013-11-09,2016-10-29
6,full,fused_sp,gradual_bias,0.25,2.0,2,0.5,0.5,0.0,0.0,2013-11-09,2016-10-29
6,full,fused_sp,gradual_bias,0.5,1.0,2,0.5,0.5,0.0,0.0,2013-11-09,2016-10-29
6,full,fused_sp,gradual_bias,0.5,2.0,2,0.5,0.5,0.0,0.0,2013-11-09,2016-10-29
6,full,fused_sp,gradual_bias,0.75,1.0,2,0.5,0.5,0.0,0.0,2013-11-09,2016-10-29
6,full,fused_sp,gradual_bias,0.75,2.0,2,0.5,0.5,0.0,0.0,2013-11-09,2016-10-29
6,full,fused_sp,gradual_bias,1.0,1.0,2,0.5,0.5,0.0,0.0,2013-11-09,2016-10-29
6,full,fused_sp,gradual_bias,1.0,2.0,2,0.5,0.5,0.0,0.0,2013-11-09,2016-10-29
6,full,fused_sp_lrt_delta,gradual_bias,0.25,1.0,2,0.5,0.5,0.0,0.0,2013-11-09,2016-10-29
6,full,fused_sp_lrt_delta,gradual_bias,0.25,2.0,2,0.5,0.5,0.0,0.0,2013-11-09,2016-10-29
6,full,fused_sp_lrt_delta,gradual_bias,0.5,1.0,2,0.5,0.5,0.0,0.0,2013-11-09,2016-10-29
6,full,fused_sp_lrt_delta,gradual_bias,0.5,2.0,2,0.5,0.5,0.0,0.0,2013-11-09,2016-10-29
6,full,fused_sp_lrt_delta,gradual_bias,0.75,1.0,2,0.5,0.5,0.0,0.0,2013-11-09,2016-10-29
6,full,fused_sp_lrt_delta,gradual_bias,0.75,2.0,2,0.5,0.5,0.0,0.0,2013-11-09,2016-10-29
6,full,fused_sp_lrt_delta,gradual_bias,1.0,1.0,2,0.5,0.5,0.0,0.0,2013-11-09,2016-10-29
6,full,fused_sp_lrt_delta,gradual_bias,1.0,2.0,2,0.5,0.5,0.0,0.0,2013-11-09,2016-10-29
6,full,max_abs,gradual_bias,0.25,1.0,2,0.0,0.0,0.0,0.0,2013-11-09,2016-10-29
6,full,max_abs,gradual_bias,0.25,2.0,2,0.5,0.5,0.0,0.0,2013-11-09,2016-10-29
6,full,max_abs,gradual_bias,0.5,1.0,2,0.0,0.0,0.0,0.0,2013-11-09,2016-10-29
6,full,max_abs,gradual_bias,0.5,2.0,2,0.5,0.5,0.0,0.0,2013-11-09,2016-10-29
6,full,max_abs,gradual_bias,0.75,1.0,2,0.0,0.0,0.0,0.0,2013-11-09,2016-10-29
6,full,max_abs,gradual_bias,0.75,2.0,2,0.5,0.5,0.0,0.0,2013-11-09,2016-10-29
6,full,max_abs,gradual_bias,1.0,1.0,2,0.0,0.0,0.0,0.0,2013-11-09,2016-10-29
6,full,max_abs,gradual_bias,1.0,2.0,2,0.5,0.5,0.0,0.0,2013-11-09,2016-10-29
6,full,pc_t2,gradual_bias,0.25,1.0,2,0.0,0.0,0.0,0.0,2013-11-09,2016-10-29
6,full,pc_t2,gradual_bias,0.25,2.0,2,0.5,0.5,0.0,0.0,2013-11-09,2016-10-29
6,full,pc_t2,gradual_bias,0.5,1.0,2,0.0,0.0,0.0,0.0,2013-11-09,2016-10-29
6,full,pc_t2,gradual_bias,0.5,2.0,2,0.5,0.5,0.0,0.0,2013-11-09,2016-10-29
6,full,pc_t2,gradual_bias,0.75,1.0,2,0.0,0.0,0.0,0.0,2013-11-09,2016-10-29
6,full,pc_t2,gradual_bias,0.75,2.0,2,0.5,0.5,0.0,0.0,2013-11-09,2016-10-29
6,full,pc_t2,gradual_bias,1.0,1.0,2,0.0,0.0,0.0,0.0,2013-11-09,2016-10-29
6,full,pc_t2,gradual_bias,1.0,2.0,2,0.5,0.5,0.0,0.0,2013-11-09,2016-10-29
6,full,res_energy,gradual_bias,0.25,1.0,2,0.0,0.0,0.0,0.0,2013-11-09,2016-10-29
6,full,res_energy,gradual_bias,0.25,2.0,2,0.5,0.5,0.0,0.0,2013-11-09,2016-10-29
6,full,res_energy,gradual_bias,0.5,1.0,2,0.0,0.0,0.0,0.0,2013-11-09,2016-10-29
6,full,res_energy,gradual_bias,0.5,2.0,2,0.5,0.5,0.0,0.0,2013-11-09,2016-10-29
6,full,res_energy,gradual_bias,0.75,1.0,2,0.0,0.0,0.0,0.0,2013-11-09,2016-10-29
6,full,res_energy,gradual_bias,0.75,2.0,2,0.5,0.5,0.0,0.0,2013-11-09,2016-10-29
6,full,res_energy,gradual_bias,1.0,1.0,2,0.0,0.0,0.0,0.0,2013-11-09,2016-10-29
6,full,res_energy,gradual_bias,1.0,2.0,2,0.5,0.5,0.0,0.0,2013-11-09,2016-10-29
6,full,stale,gradual_bias,0.25,1.0,2,0.0,0.5,0.0,1.0,2013-11-09,2016-10-29
6,full,stale,gradual_bias,0.25,2.0,2,0.0,0.5,0.0,1.0,2013-11-09,2016-10-29
6,full,stale,gradual_bias,0.5,1.0,2,0.0,0.5,0.0,1.0,2013-11-09,2016-10-29
6,full,stale,gradual_bias,0.5,2.0,2,0.0,0.5,0.0,1.0,2013-11-09,2016-10-29
6,full,stale,gradual_bias,0.75,1.0,2,0.0,0.5,0.0,1.0,2013-11-09,2016-10-29
6,full,stale,gradual_bias,0.75,2.0,2,0.0,0.5,0.0,1.0,2013-11-09,2016-10-29
6,full,stale,gradual_bias,1.0,1.0,2,0.0,0.5,0.0,1.0,2013-11-09,2016-10-29
6,full,stale,gradual_bias,1.0,2.0,2,0.0,0.5,0.0,1.0,2013-11-09,2016-10-29
6,score_only,T2,gradual_bias,0.25,1.0,2,0.0,0.0,0.0,0.0,2013-11-09,2016-10-29
6,score_only,T2,gradual_bias,0.25,2.0,2,0.5,0.5,0.0,0.0,2013-11-09,2016-10-29
6,score_only,T2,gradual_bias,0.5,1.0,2,0.0,0.0,0.0,0.0,2013-11-09,2016-10-29
6,score_only,T2,gradual_bias,0.5,2.0,2,0.5,0.5,0.0,0.0,2013-11-09,2016-10-29
6,score_only,T2,gradual_bias,0.75,1.0,2,0.0,0.0,0.0,0.0,2013-11-09,2016-10-29
6,score_only,T2,gradual_bias,0.75,2.0,2,0.5,0.5,0.0,0.0,2013-11-09,2016-10-29
6,score_only,T2,gradual_bias,1.0,1.0,2,0.0,0.0,0.0,0.0,2013-11-09,2016-10-29
6,score_only,T2,gradual_bias,1.0,2.0,2,0.5,0.5,0.0,0.0,2013-11-09,2016-10-29
6,score_only,coh_resid_energy,gradual_bias,0.25,1.0,2,0.0,0.0,0.0,0.0,2013-11-09,2016-10-29
6,score_only,coh_resid_energy,gradual_bias,0.25,2.0,2,0.5,0.5,0.0,0.0,2013-11-09,2016-10-29
6,score_only,coh_resid_energy,gradual_bias,0.5,1.0,2,0.0,0.0,0.0,0.0,2013-11-09,2016-10-29
6,score_only,coh_resid_energy,gradual_bias,0.5,2.0,2,0.5,0.5,0.0,0.0,2013-11-09,2016-10-29
6,score_only,coh_resid_energy,gradual_bias,0.75,1.0,2,0.0,0.0,0.0,0.0,2013-11-09,2016-10-29
6,score_only,coh_resid_energy,gradual_bias,0.75,2.0,2,0.5,0.5,0.0,0.0,2013-11-09,2016-10-29
6,score_only,coh_resid_energy,gradual_bias,1.0,1.0,2,0.0,0.0,0.0,0.0,2013-11-09,2016-10-29
6,score_only,coh_resid_energy,gradual_bias,1.0,2.0,2,0.5,0.5,0.0,0.0,2013-11-09,2016-10-29
6,score_only,coh_resid_t2,gradual_bias,0.25,1.0,2,0.5,0.5,0.0,0.0,2013-11-09,2016-10-29
6,score_only,coh_resid_t2,gradual_bias,0.25,2.0,2,0.5,0.5,0.0,0.0,2013-11-09,2016-10-29
6,score_only,coh_resid_t2,gradual_bias,0.5,1.0,2,0.5,0.5,0.0,0.0,2013-11-09,2016-10-29
6,score_only,coh_resid_t2,gradual_bias,0.5,2.0,2,0.5,0.5,0.0,0.0,2013-11-09,2016-10-29
6,score_only,coh_resid_t2,gradual_bias,0.75,1.0,2,0.5,0.5,0.0,0.0,2013-11-09,2016-10-29
6,score_only,coh_resid_t2,gradual_bias,0.75,2.0,2,0.5,0.5,0.0,0.0,2013-11-09,2016-10-29
6,score_only,coh_resid_t2,gradual_bias,1.0,1.0,2,0.5,0.5,0.0,0.0,2013-11-09,2016-10-29
6,score_only,coh_resid_t2,gradual_bias,1.0,2.0,2,0.5,0.5,0.0,0.0,2013-11-09,2016-10-29
6,score_only,cusum_coh_resid_t2,gradual_bias,0.25,1.0,2,0.0,0.0,1.0,0.0,2013-11-09,2016-10-29
6,score_only,cusum_coh_resid_t2,gradual_bias,0.25,2.0,2,0.5,0.5,0.0,0.0,2013-11-09,2016-10-29
6,score_only,cusum_coh_resid_t2,gradual_bias,0.5,1.0,2,0.0,0.0,1.0,0.0,2013-11-09,2016-10-29
6,score_only,cusum_coh_resid_t2,gradual_bias,0.5,2.0,2,0.5,0.5,0.0,0.0,2013-11-09,2016-10-29
6,score_only,cusum_coh_resid_t2,gradual_bias,0.75,1.0,2,0.0,0.0,1.0,0.0,2013-11-09,2016-10-29
6,score_only,cusum_coh_resid_t2,gradual_bias,0.75,2.0,2,0.5,0.5,0.0,0.0,2013-11-09,2016-10-29
6,score_only,cusum_coh_resid_t2,gradual_bias,1.0,1.0,2,0.0,0.0,1.0,0.0,2013-11-09,2016-10-29
6,score_only,cusum_coh_resid_t2,gradual_bias,1.0,2.0,2,0.5,0.5,0.0,0.0,2013-11-09,2016-10-29
6,score_only,cusum_factor_cov_lrt,gradual_bias,0.25,1.0,2,0.0,0.0,0.0,0.0,2013-11-09,2016-10-29
6,score_only,cusum_factor_cov_lrt,gradual_bias,0.25,2.0,2,0.0,0.0,0.0,0.0,2013-11-09,2016-10-29
6,score_only,cusum_factor_cov_lrt,gradual_bias,0.5,1.0,2,0.0,0.0,0.0,0.0,2013-11-09,2016-10-29
6,score_only,cusum_factor_cov_lrt,gradual_bias,0.5,2.0,2,0.0,0.0,0.0,0.0,2013-11-09,2016-10-29
6,score_only,cusum_factor_cov_lrt,gradual_bias,0.75,1.0,2,0.0,0.0,0.0,0.0,2013-11-09,2016-10-29
6,score_only,cusum_factor_cov_lrt,gradual_bias,0.75,2.0,2,0.0,0.0,0.0,0.0,2013-11-09,2016-10-29
6,score_only,cusum_factor_cov_lrt,gradual_bias,1.0,1.0,2,0.0,0.0,0.0,0.0,2013-11-09,2016-10-29
6,score_only,cusum_factor_cov_lrt,gradual_bias,1.0,2.0,2,0.0,0.0,0.0,0.0,2013-11-09,2016-10-29
6,score_only,ewma_coh_resid_t2,gradual_bias,0.25,1.0,2,0.0,0.0,0.0,0.0,2013-11-09,2016-10-29
6,score_only,ewma_coh_resid_t2,gradual_bias,0.25,2.0,2,0.0,0.0,0.0,0.0,2013-11-09,2016-10-29
6,score_only,ewma_coh_resid_t2,gradual_bias,0.5,1.0,2,0.0,0.0,0.0,0.0,2013-11-09,2016-10-29
6,score_only,ewma_coh_resid_t2,gradual_bias,0.5,2.0,2,0.0,0.0,0.0,0.0,2013-11-09,2016-10-29
6,score_only,ewma_coh_resid_t2,gradual_bias,0.75,1.0,2,0.0,0.0,0.0,0.0,2013-11-09,2016-10-29
6,score_only,ewma_coh_resid_t2,gradual_bias,0.75,2.0,2,0.0,0.0,0.0,0.0,2013-11-09,2016-10-29
6,score_only,ewma_coh_resid_t2,gradual_bias,1.0,1.0,2,0.0,0.0,0.0,0.0,2013-11-09,2016-10-29
6,score_only,ewma_coh_resid_t2,gradual_bias,1.0,2.0,2,0.0,0.0,0.0,0.0,2013-11-09,2016-10-29
6,score_only,ewma_factor_cov_lrt,gradual_bias,0.25,1.0,2,0.0,0.0,0.0,0.0,2013-11-09,2016-10-29
6,score_only,ewma_factor_cov_lrt,gradual_bias,0.25,2.0,2,0.5,0.5,0.0,0.0,2013-11-09,2016-10-29
6,score_only,ewma_factor_cov_lrt,gradual_bias,0.5,1.0,2,0.0,0.0,0.0,0.0,2013-11-09,2016-10-29
6,score_only,ewma_factor_cov_lrt,gradual_bias,0.5,2.0,2,0.5,0.5,0.0,0.0,2013-11-09,2016-10-29
6,score_only,ewma_factor_cov_lrt,gradual_bias,0.75,1.0,2,0.0,0.0,0.0,0.0,2013-11-09,2016-10-29
6,score_only,ewma_factor_cov_lrt,gradual_bias,0.75,2.0,2,0.5,0.5,0.0,0.0,2013-11-09,2016-10-29
6,score_only,ewma_factor_cov_lrt,gradual_bias,1.0,1.0,2,0.0,0.0,0.0,0.0,2013-11-09,2016-10-29
6,score_only,ewma_factor_cov_lrt,gradual_bias,1.0,2.0,2,0.5,0.5,0.0,0.0,2013-11-09,2016-10-29
6,score_only,factor_cov_change,gradual_bias,0.25,1.0,2,0.0,0.0,0.0,0.0,2013-11-09,2016-10-29
6,score_only,factor_cov_change,gradual_bias,0.25,2.0,2,0.0,0.0,0.0,0.0,2013-11-09,2016-10-29
6,score_only,factor_cov_change,gradual_bias,0.5,1.0,2,0.0,0.0,0.0,0.0,2013-11-09,2016-10-29
6,score_only,factor_cov_change,gradual_bias,0.5,2.0,2,0.0,0.0,0.0,0.0,2013-11-09,2016-10-29
6,score_only,factor_cov_change,gradual_bias,0.75,1.0,2,0.0,0.0,0.0,0.0,2013-11-09,2016-10-29
6,score_only,factor_cov_change,gradual_bias,0.75,2.0,2,0.0,0.0,0.0,0.0,2013-11-09,2016-10-29
6,score_only,factor_cov_change,gradual_bias,1.0,1.0,2,0.0,0.0,0.0,0.0,2013-11-09,2016-10-29
6,score_only,factor_cov_change,gradual_bias,1.0,2.0,2,0.0,0.0,0.0,0.0,2013-11-09,2016-10-29
6,score_only,factor_cov_delta,gradual_bias,0.25,1.0,2,0.0,0.0,0.0,0.0,2013-11-09,2016-10-29
6,score_only,factor_cov_delta,gradual_bias,0.25,2.0,2,0.5,0.5,0.0,0.0,2013-11-09,2016-10-29
6,score_only,factor_cov_delta,gradual_bias,0.5,1.0,2,0.0,0.0,0.0,0.0,2013-11-09,2016-10-29
6,score_only,factor_cov_delta,gradual_bias,0.5,2.0,2,0.5,0.5,0.0,0.0,2013-11-09,2016-10-29
6,score_only,factor_cov_delta,gradual_bias,0.75,1.0,2,0.0,0.0,0.0,0.0,2013-11-09,2016-10-29
6,score_only,factor_cov_delta,gradual_bias,0.75,2.0,2,0.5,0.5,0.0,0.0,2013-11-09,2016-10-29
6,score_only,factor_cov_delta,gradual_bias,1.0,1.0,2,0.0,0.0,0.0,0.0,2013-11-09,2016-10-29
6,score_only,factor_cov_delta,gradual_bias,1.0,2.0,2,0.5,0.5,0.0,0.0,2013-11-09,2016-10-29
6,score_only,factor_cov_lrt,gradual_bias,0.25,1.0,2,0.0,0.0,0.0,0.0,2013-11-09,2016-10-29
6,score_only,factor_cov_lrt,gradual_bias,0.25,2.0,2,0.0,0.0,0.0,0.0,2013-11-09,2016-10-29
6,score_only,factor_cov_lrt,gradual_bias,0.5,1.0,2,0.0,0.0,0.0,0.0,2013-11-09,2016-10-29
6,score_only,factor_cov_lrt,gradual_bias,0.5,2.0,2,0.0,0.0,0.0,0.0,2013-11-09,2016-10-29
6,score_only,factor_cov_lrt,gradual_bias,0.75,1.0,2,0.0,0.0,0.0,0.0,2013-11-09,2016-10-29
6,score_only,factor_cov_lrt,gradual_bias,0.75,2.0,2,0.0,0.0,0.0,0.0,2013-11-09,2016-10-29
6,score_only,factor_cov_lrt,gradual_bias,1.0,1.0,2,0.0,0.0,0.0,0.0,2013-11-09,2016-10-29
6,score_only,factor_cov_lrt,gradual_bias,1.0,2.0,2,0.0,0.0,0.0,0.0,2013-11-09,2016-10-29
6,score_only,factor_cov_lrt_delta,gradual_bias,0.25,1.0,2,0.5,0.5,0.0,0.0,2013-11-09,2016-10-29
6,score_only,factor_cov_lrt_delta,gradual_bias,0.25,2.0,2,0.0,0.0,0.0,0.0,2013-11-09,2016-10-29
6,score_only,factor_cov_lrt_delta,gradual_bias,0.5,1.0,2,0.5,0.5,0.0,0.0,2013-11-09,2016-10-29
6,score_only,factor_cov_lrt_delta,gradual_bias,0.5,2.0,2,0.0,0.0,0.0,0.0,2013-11-09,2016-10-29
6,score_only,factor_cov_lrt_delta,gradual_bias,0.75,1.0,2,0.5,0.5,0.0,0.0,2013-11-09,2016-10-29
6,score_only,factor_cov_lrt_delta,gradual_bias,0.75,2.0,2,0.0,0.0,0.0,0.0,2013-11-09,2016-10-29
6,score_only,factor_cov_lrt_delta,gradual_bias,1.0,1.0,2,0.5,0.5,0.0,0.0,2013-11-09,2016-10-29
6,score_only,factor_cov_lrt_delta,gradual_bias,1.0,2.0,2,0.0,0.0,0.0,0.0,2013-11-09,2016-10-29
6,score_only,fused_fisher,gradual_bias,0.25,1.0,2,0.0,0.0,0.0,0.0,2013-11-09,2016-10-29
6,score_only,fused_fisher,gradual_bias,0.25,2.0,2,0.0,0.0,0.0,0.0,2013-11-09,2016-10-29
6,score_only,fused_fisher,gradual_bias,0.5,1.0,2,0.0,0.0,0.0,0.0,2013-11-09,2016-10-29
6,score_only,fused_fisher,gradual_bias,0.5,2.0,2,0.0,0.0,0.0,0.0,2013-11-09,2016-10-29
6,score_only,fused_fisher,gradual_bias,0.75,1.0,2,0.0,0.0,0.0,0.0,2013-11-09,2016-10-29
6,score_only,fused_fisher,gradual_bias,0.75,2.0,2,0.0,0.0,0.0,0.0,2013-11-09,2016-10-29
6,score_only,fused_fisher,gradual_bias,1.0,1.0,2,0.0,0.0,0.0,0.0,2013-11-09,2016-10-29
6,score_only,fused_fisher,gradual_bias,1.0,2.0,2,0.0,0.0,0.0,0.0,2013-11-09,2016-10-29
6,score_only,fused_fisher_lrt_delta,gradual_bias,0.25,1.0,2,0.0,0.0,0.0,0.0,2013-11-09,2016-10-29
6,score_only,fused_fisher_lrt_delta,gradual_bias,0.25,2.0,2,0.5,0.5,0.0,0.0,2013-11-09,2016-10-29
6,score_only,fused_fisher_lrt_delta,gradual_bias,0.5,1.0,2,0.0,0.0,0.0,0.0,2013-11-09,2016-10-29
6,score_only,fused_fisher_lrt_delta,gradual_bias,0.5,2.0,2,0.5,0.5,0.0,0.0,2013-11-09,2016-10-29
6,score_only,fused_fisher_lrt_delta,gradual_bias,0.75,1.0,2,0.0,0.0,0.0,0.0,2013-11-09,2016-10-29
6,score_only,fused_fisher_lrt_delta,gradual_bias,0.75,2.0,2,0.5,0.5,0.0,0.0,2013-11-09,2016-10-29
6,score_only,fused_fisher_lrt_delta,gradual_bias,1.0,1.0,2,0.0,0.0,0.0,0.0,2013-11-09,2016-10-29
6,score_only,fused_fisher_lrt_delta,gradual_bias,1.0,2.0,2,0.5,0.5,0.0,0.0,2013-11-09,2016-10-29
6,score_only,fused_sp,gradual_bias,0.25,1.0,2,0.0,0.0,0.0,0.0,2013-11-09,2016-10-29
6,score_only,fused_sp,gradual_bias,0.25,2.0,2,0.0,0.0,0.0,0.0,2013-11-09,2016-10-29
6,score_only,fused_sp,gradual_bias,0.5,1.0,2,0.0,0.0,0.0,0.0,2013-11-09,2016-10-29
6,score_only,fused_sp,gradual_bias,0.5,2.0,2,0.0,0.0,0.0,0.0,2013-11-09,2016-10-29
6,score_only,fused_sp,gradual_bias,0.75,1.0,2,0.0,0.0,0.0,0.0,2013-11-09,2016-10-29
6,score_only,fused_sp,gradual_bias,0.75,2.0,2,0.0,0.0,0.0,0.0,2013-11-09,2016-10-29
6,score_only,fused_sp,gradual_bias,1.0,1.0,2,0.0,0.0,0.0,0.0,2013-11-09,2016-10-29
6,score_only,fused_sp,gradual_bias,1.0,2.0,2,0.0,0.0,0.0,0.0,2013-11-09,2016-10-29
6,score_only,fused_sp_lrt_delta,gradual_bias,0.25,1.0,2,0.5,0.5,0.0,0.0,2013-11-09,2016-10-29
6,score_only,fused_sp_lrt_delta,gradual_bias,0.25,2.0,2,1.0,1.0,0.0,0.0,2013-11-09,2016-10-29
6,score_only,fused_sp_lrt_delta,gradual_bias,0.5,1.0,2,0.5,0.5,0.0,0.0,2013-11-09,2016-10-29
6,score_only,fused_sp_lrt_delta,gradual_bias,0.5,2.0,2,1.0,1.0,0.0,0.0,2013-11-09,2016-10-29
6,score_only,fused_sp_lrt_delta,gradual_bias,0.75,1.0,2,0.5,0.5,0.0,0.0,2013-11-09,2016-10-29
6,score_only,fused_sp_lrt_delta,gradual_bias,0.75,2.0,2,1.0,1.0,0.0,0.0,2013-11-09,2016-10-29
6,score_only,fused_sp_lrt_delta,gradual_bias,1.0,1.0,2,0.5,0.5,0.0,0.0,2013-11-09,2016-10-29
6,score_only,fused_sp_lrt_delta,gradual_bias,1.0,2.0,2,1.0,1.0,0.0,0.0,2013-11-09,2016-10-29
6,score_only,max_abs,gradual_bias,0.25,1.0,2,0.0,0.0,0.0,0.0,2013-11-09,2016-10-29
6,score_only,max_abs,gradual_bias,0.25,2.0,2,0.5,0.5,0.0,0.0,2013-11-09,2016-10-29
6,score_only,max_abs,gradual_bias,0.5,1.0,2,0.0,0.0,0.0,0.0,2013-11-09,2016-10-29
6,score_only,max_abs,gradual_bias,0.5,2.0,2,0.5,0.5,0.0,0.0,2013-11-09,2016-10-29
6,score_only,max_abs,gradual_bias,0.75,1.0,2,0.0,0.0,0.0,0.0,2013-11-09,2016-10-29
6,score_only,max_abs,gradual_bias,0.75,2.0,2,0.5,0.5,0.0,0.0,2013-11-09,2016-10-29
6,score_only,max_abs,gradual_bias,1.0,1.0,2,0.0,0.0,0.0,0.0,2013-11-09,2016-10-29
6,score_only,max_abs,gradual_bias,1.0,2.0,2,0.5,0.5,0.0,0.0,2013-11-09,2016-10-29
6,score_only,pc_t2,gradual_bias,0.25,1.0,2,0.0,0.0,0.0,0.0,2013-11-09,2016-10-29
6,score_only,pc_t2,gradual_bias,0.25,2.0,2,0.5,0.5,0.0,0.0,2013-11-09,2016-10-29
6,score_only,pc_t2,gradual_bias,0.5,1.0,2,0.0,0.0,0.0,0.0,2013-11-09,2016-10-29
6,score_only,pc_t2,gradual_bias,0.5,2.0,2,0.5,0.5,0.0,0.0,2013-11-09,2016-10-29
6,score_only,pc_t2,gradual_bias,0.75,1.0,2,0.0,0.0,0.0,0.0,2013-11-09,2016-10-29
6,score_only,pc_t2,gradual_bias,0.75,2.0,2,0.5,0.5,0.0,0.0,2013-11-09,2016-10-29
6,score_only,pc_t2,gradual_bias,1.0,1.0,2,0.0,0.0,0.0,0.0,2013-11-09,2016-10-29
6,score_only,pc_t2,gradual_bias,1.0,2.0,2,0.5,0.5,0.0,0.0,2013-11-09,2016-10-29
6,score_only,res_energy,gradual_bias,0.25,1.0,2,0.0,0.0,0.0,0.0,2013-11-09,2016-10-29
6,score_only,res_energy,gradual_bias,0.25,2.0,2,0.0,0.0,0.0,0.0,2013-11-09,2016-10-29
6,score_only,res_energy,gradual_bias,0.5,1.0,2,0.0,0.0,0.0,0.0,2013-11-09,2016-10-29
6,score_only,res_energy,gradual_bias,0.5,2.0,2,0.0,0.0,0.0,0.0,2013-11-09,2016-10-29
6,score_only,res_energy,gradual_bias,0.75,1.0,2,0.0,0.0,0.0,0.0,2013-11-09,2016-10-29
6,score_only,res_energy,gradual_bias,0.75,2.0,2,0.0,0.0,0.0,0.0,2013-11-09,2016-10-29
6,score_only,res_energy,gradual_bias,1.0,1.0,2,0.0,0.0,0.0,0.0,2013-11-09,2016-10-29
6,score_only,res_energy,gradual_bias,1.0,2.0,2,0.0,0.0,0.0,0.0,2013-11-09,2016-10-29
6,score_only,stale,gradual_bias,0.25,1.0,2,0.0,0.0,0.0,1.0,2013-11-09,2016-10-29
6,score_only,stale,gradual_bias,0.25,2.0,2,0.0,0.0,0.0,1.0,2013-11-09,2016-10-29
6,score_only,stale,gradual_bias,0.5,1.0,2,0.0,0.0,0.0,1.0,2013-11-09,2016-10-29
6,score_only,stale,gradual_bias,0.5,2.0,2,0.0,0.0,0.0,1.0,2013-11-09,2016-10-29
6,score_only,stale,gradual_bias,0.75,1.0,2,0.0,0.0,0.0,1.0,2013-11-09,2016-10-29
6,score_only,stale,gradual_bias,0.75,2.0,2,0.0,0.0,0.0,1.0,2013-11-09,2016-10-29
6,score_only,stale,gradual_bias,1.0,1.0,2,0.0,0.0,0.0,1.0,2013-11-09,2016-10-29
6,score_only,stale,gradual_bias,1.0,2.0,2,0.0,0.0,0.0,1.0,2013-11-09,2016-10-29
7,all_only,T2,gradual_bias,0.25,1.0,1,0.0,0.0,0.0,0.0,2014-11-08,2017-10-28
7,all_only,T2,gradual_bias,0.25,2.0,1,0.0,0.0,0.0,0.0,2014-11-08,2017-10-28
7,all_only,T2,gradual_bias,0.5,1.0,1,0.0,0.0,0.0,0.0,2014-11-08,2017-10-28
7,all_only,T2,gradual_bias,0.5,2.0,1,0.0,0.0,0.0,0.0,2014-11-08,2017-10-28
7,all_only,T2,gradual_bias,0.75,1.0,1,0.0,0.0,0.0,0.0,2014-11-08,2017-10-28
7,all_only,T2,gradual_bias,0.75,2.0,1,0.0,0.0,0.0,0.0,2014-11-08,2017-10-28
7,all_only,T2,gradual_bias,1.0,1.0,1,0.0,0.0,0.0,0.0,2014-11-08,2017-10-28
7,all_only,T2,gradual_bias,1.0,2.0,1,0.0,0.0,0.0,0.0,2014-11-08,2017-10-28
7,all_only,cusum_factor_cov_lrt,gradual_bias,0.25,1.0,1,0.0,0.0,0.0,0.0,2014-11-08,2017-10-28
7,all_only,cusum_factor_cov_lrt,gradual_bias,0.25,2.0,1,0.0,0.0,0.0,0.0,2014-11-08,2017-10-28
7,all_only,cusum_factor_cov_lrt,gradual_bias,0.5,1.0,1,0.0,0.0,0.0,0.0,2014-11-08,2017-10-28
7,all_only,cusum_factor_cov_lrt,gradual_bias,0.5,2.0,1,0.0,0.0,0.0,0.0,2014-11-08,2017-10-28
7,all_only,cusum_factor_cov_lrt,gradual_bias,0.75,1.0,1,0.0,0.0,0.0,0.0,2014-11-08,2017-10-28
7,all_only,cusum_factor_cov_lrt,gradual_bias,0.75,2.0,1,0.0,0.0,0.0,0.0,2014-11-08,2017-10-28
7,all_only,cusum_factor_cov_lrt,gradual_bias,1.0,1.0,1,0.0,0.0,0.0,0.0,2014-11-08,2017-10-28
7,all_only,cusum_factor_cov_lrt,gradual_bias,1.0,2.0,1,0.0,0.0,0.0,0.0,2014-11-08,2017-10-28
7,all_only,ewma_factor_cov_lrt,gradual_bias,0.25,1.0,1,0.0,0.0,0.0,0.0,2014-11-08,2017-10-28
7,all_only,ewma_factor_cov_lrt,gradual_bias,0.25,2.0,1,1.0,1.0,0.0,0.0,2014-11-08,2017-10-28
7,all_only,ewma_factor_cov_lrt,gradual_bias,0.5,1.0,1,0.0,0.0,0.0,0.0,2014-11-08,2017-10-28
7,all_only,ewma_factor_cov_lrt,gradual_bias,0.5,2.0,1,1.0,1.0,0.0,0.0,2014-11-08,2017-10-28
7,all_only,ewma_factor_cov_lrt,gradual_bias,0.75,1.0,1,0.0,0.0,0.0,0.0,2014-11-08,2017-10-28
7,all_only,ewma_factor_cov_lrt,gradual_bias,0.75,2.0,1,1.0,1.0,0.0,0.0,2014-11-08,2017-10-28
7,all_only,ewma_factor_cov_lrt,gradual_bias,1.0,1.0,1,0.0,0.0,0.0,0.0,2014-11-08,2017-10-28
7,all_only,ewma_factor_cov_lrt,gradual_bias,1.0,2.0,1,1.0,1.0,0.0,0.0,2014-11-08,2017-10-28
7,all_only,factor_cov_change,gradual_bias,0.25,1.0,1,0.0,0.0,0.0,0.0,2014-11-08,2017-10-28
7,all_only,factor_cov_change,gradual_bias,0.25,2.0,1,1.0,1.0,0.0,0.0,2014-11-08,2017-10-28
7,all_only,factor_cov_change,gradual_bias,0.5,1.0,1,0.0,0.0,0.0,0.0,2014-11-08,2017-10-28
7,all_only,factor_cov_change,gradual_bias,0.5,2.0,1,1.0,1.0,0.0,0.0,2014-11-08,2017-10-28
7,all_only,factor_cov_change,gradual_bias,0.75,1.0,1,0.0,0.0,0.0,0.0,2014-11-08,2017-10-28
7,all_only,factor_cov_change,gradual_bias,0.75,2.0,1,1.0,1.0,0.0,0.0,2014-11-08,2017-10-28
7,all_only,factor_cov_change,gradual_bias,1.0,1.0,1,0.0,0.0,0.0,0.0,2014-11-08,2017-10-28
7,all_only,factor_cov_change,gradual_bias,1.0,2.0,1,1.0,1.0,0.0,0.0,2014-11-08,2017-10-28
7,all_only,factor_cov_delta,gradual_bias,0.25,1.0,1,0.0,0.0,0.0,0.0,2014-11-08,2017-10-28
7,all_only,factor_cov_delta,gradual_bias,0.25,2.0,1,0.0,0.0,0.0,0.0,2014-11-08,2017-10-28
7,all_only,factor_cov_delta,gradual_bias,0.5,1.0,1,0.0,0.0,0.0,0.0,2014-11-08,2017-10-28
7,all_only,factor_cov_delta,gradual_bias,0.5,2.0,1,0.0,0.0,0.0,0.0,2014-11-08,2017-10-28
7,all_only,factor_cov_delta,gradual_bias,0.75,1.0,1,0.0,0.0,0.0,0.0,2014-11-08,2017-10-28
7,all_only,factor_cov_delta,gradual_bias,0.75,2.0,1,0.0,0.0,0.0,0.0,2014-11-08,2017-10-28
7,all_only,factor_cov_delta,gradual_bias,1.0,1.0,1,0.0,0.0,0.0,0.0,2014-11-08,2017-10-28
7,all_only,factor_cov_delta,gradual_bias,1.0,2.0,1,0.0,0.0,0.0,0.0,2014-11-08,2017-10-28
7,all_only,factor_cov_lrt,gradual_bias,0.25,1.0,1,1.0,1.0,0.0,0.0,2014-11-08,2017-10-28
7,all_only,factor_cov_lrt,gradual_bias,0.25,2.0,1,1.0,1.0,0.0,0.0,2014-11-08,2017-10-28
7,all_only,factor_cov_lrt,gradual_bias,0.5,1.0,1,1.0,1.0,0.0,0.0,2014-11-08,2017-10-28
7,all_only,factor_cov_lrt,gradual_bias,0.5,2.0,1,1.0,1.0,0.0,0.0,2014-11-08,2017-10-28
7,all_only,factor_cov_lrt,gradual_bias,0.75,1.0,1,1.0,1.0,0.0,0.0,2014-11-08,2017-10-28
7,all_only,factor_cov_lrt,gradual_bias,0.75,2.0,1,1.0,1.0,0.0,0.0,2014-11-08,2017-10-28
7,all_only,factor_cov_lrt,gradual_bias,1.0,1.0,1,1.0,1.0,0.0,0.0,2014-11-08,2017-10-28
7,all_only,factor_cov_lrt,gradual_bias,1.0,2.0,1,1.0,1.0,0.0,0.0,2014-11-08,2017-10-28
7,all_only,factor_cov_lrt_delta,gradual_bias,0.25,1.0,1,0.0,0.0,0.0,0.0,2014-11-08,2017-10-28
7,all_only,factor_cov_lrt_delta,gradual_bias,0.25,2.0,1,1.0,1.0,0.0,0.0,2014-11-08,2017-10-28
7,all_only,factor_cov_lrt_delta,gradual_bias,0.5,1.0,1,0.0,0.0,0.0,0.0,2014-11-08,2017-10-28
7,all_only,factor_cov_lrt_delta,gradual_bias,0.5,2.0,1,1.0,1.0,0.0,0.0,2014-11-08,2017-10-28
7,all_only,factor_cov_lrt_delta,gradual_bias,0.75,1.0,1,0.0,0.0,0.0,0.0,2014-11-08,2017-10-28
7,all_only,factor_cov_lrt_delta,gradual_bias,0.75,2.0,1,1.0,1.0,0.0,0.0,2014-11-08,2017-10-28
7,all_only,factor_cov_lrt_delta,gradual_bias,1.0,1.0,1,0.0,0.0,0.0,0.0,2014-11-08,2017-10-28
7,all_only,factor_cov_lrt_delta,gradual_bias,1.0,2.0,1,1.0,1.0,0.0,0.0,2014-11-08,2017-10-28
7,all_only,fused_fisher,gradual_bias,0.25,1.0,1,0.0,0.0,0.0,0.0,2014-11-08,2017-10-28
7,all_only,fused_fisher,gradual_bias,0.25,2.0,1,0.0,0.0,0.0,0.0,2014-11-08,2017-10-28
7,all_only,fused_fisher,gradual_bias,0.5,1.0,1,0.0,0.0,0.0,0.0,2014-11-08,2017-10-28
7,all_only,fused_fisher,gradual_bias,0.5,2.0,1,0.0,0.0,0.0,0.0,2014-11-08,2017-10-28
7,all_only,fused_fisher,gradual_bias,0.75,1.0,1,0.0,0.0,0.0,0.0,2014-11-08,2017-10-28
7,all_only,fused_fisher,gradual_bias,0.75,2.0,1,0.0,0.0,0.0,0.0,2014-11-08,2017-10-28
7,all_only,fused_fisher,gradual_bias,1.0,1.0,1,0.0,0.0,0.0,0.0,2014-11-08,2017-10-28
7,all_only,fused_fisher,gradual_bias,1.0,2.0,1,0.0,0.0,0.0,0.0,2014-11-08,2017-10-28
7,all_only,fused_fisher_lrt_delta,gradual_bias,0.25,1.0,1,0.0,0.0,0.0,0.0,2014-11-08,2017-10-28
7,all_only,fused_fisher_lrt_delta,gradual_bias,0.25,2.0,1,0.0,0.0,0.0,0.0,2014-11-08,2017-10-28
7,all_only,fused_fisher_lrt_delta,gradual_bias,0.5,1.0,1,0.0,0.0,0.0,0.0,2014-11-08,2017-10-28
7,all_only,fused_fisher_lrt_delta,gradual_bias,0.5,2.0,1,0.0,0.0,0.0,0.0,2014-11-08,2017-10-28
7,all_only,fused_fisher_lrt_delta,gradual_bias,0.75,1.0,1,0.0,0.0,0.0,0.0,2014-11-08,2017-10-28
7,all_only,fused_fisher_lrt_delta,gradual_bias,0.75,2.0,1,0.0,0.0,0.0,0.0,2014-11-08,2017-10-28
7,all_only,fused_fisher_lrt_delta,gradual_bias,1.0,1.0,1,0.0,0.0,0.0,0.0,2014-11-08,2017-10-28
7,all_only,fused_fisher_lrt_delta,gradual_bias,1.0,2.0,1,0.0,0.0,0.0,0.0,2014-11-08,2017-10-28
7,all_only,fused_sp,gradual_bias,0.25,1.0,1,0.0,0.0,0.0,0.0,2014-11-08,2017-10-28
7,all_only,fused_sp,gradual_bias,0.25,2.0,1,0.0,0.0,0.0,0.0,2014-11-08,2017-10-28
7,all_only,fused_sp,gradual_bias,0.5,1.0,1,0.0,0.0,0.0,0.0,2014-11-08,2017-10-28
7,all_only,fused_sp,gradual_bias,0.5,2.0,1,0.0,0.0,0.0,0.0,2014-11-08,2017-10-28
7,all_only,fused_sp,gradual_bias,0.75,1.0,1,0.0,0.0,0.0,0.0,2014-11-08,2017-10-28
7,all_only,fused_sp,gradual_bias,0.75,2.0,1,0.0,0.0,0.0,0.0,2014-11-08,2017-10-28
7,all_only,fused_sp,gradual_bias,1.0,1.0,1,0.0,0.0,0.0,0.0,2014-11-08,2017-10-28
7,all_only,fused_sp,gradual_bias,1.0,2.0,1,0.0,0.0,0.0,0.0,2014-11-08,2017-10-28
7,all_only,fused_sp_lrt_delta,gradual_bias,0.25,1.0,1,0.0,0.0,0.0,0.0,2014-11-08,2017-10-28
7,all_only,fused_sp_lrt_delta,gradual_bias,0.25,2.0,1,0.0,0.0,0.0,0.0,2014-11-08,2017-10-28
7,all_only,fused_sp_lrt_delta,gradual_bias,0.5,1.0,1,0.0,0.0,0.0,0.0,2014-11-08,2017-10-28
7,all_only,fused_sp_lrt_delta,gradual_bias,0.5,2.0,1,0.0,0.0,0.0,0.0,2014-11-08,2017-10-28
7,all_only,fused_sp_lrt_delta,gradual_bias,0.75,1.0,1,0.0,0.0,0.0,0.0,2014-11-08,2017-10-28
7,all_only,fused_sp_lrt_delta,gradual_bias,0.75,2.0,1,0.0,0.0,0.0,0.0,2014-11-08,2017-10-28
7,all_only,fused_sp_lrt_delta,gradual_bias,1.0,1.0,1,0.0,0.0,0.0,0.0,2014-11-08,2017-10-28
7,all_only,fused_sp_lrt_delta,gradual_bias,1.0,2.0,1,0.0,0.0,0.0,0.0,2014-11-08,2017-10-28
7,all_only,max_abs,gradual_bias,0.25,1.0,1,0.0,0.0,0.0,0.0,2014-11-08,2017-10-28
7,all_only,max_abs,gradual_bias,0.25,2.0,1,0.0,0.0,0.0,0.0,2014-11-08,2017-10-28
7,all_only,max_abs,gradual_bias,0.5,1.0,1,0.0,0.0,0.0,0.0,2014-11-08,2017-10-28
7,all_only,max_abs,gradual_bias,0.5,2.0,1,0.0,0.0,0.0,0.0,2014-11-08,2017-10-28
7,all_only,max_abs,gradual_bias,0.75,1.0,1,0.0,0.0,0.0,0.0,2014-11-08,2017-10-28
7,all_only,max_abs,gradual_bias,0.75,2.0,1,0.0,0.0,0.0,0.0,2014-11-08,2017-10-28
7,all_only,max_abs,gradual_bias,1.0,1.0,1,0.0,0.0,0.0,0.0,2014-11-08,2017-10-28
7,all_only,max_abs,gradual_bias,1.0,2.0,1,0.0,0.0,0.0,0.0,2014-11-08,2017-10-28
7,all_only,pc_t2,gradual_bias,0.25,1.0,1,0.0,0.0,0.0,0.0,2014-11-08,2017-10-28
7,all_only,pc_t2,gradual_bias,0.25,2.0,1,0.0,0.0,0.0,0.0,2014-11-08,2017-10-28
7,all_only,pc_t2,gradual_bias,0.5,1.0,1,0.0,0.0,0.0,0.0,2014-11-08,2017-10-28
7,all_only,pc_t2,gradual_bias,0.5,2.0,1,0.0,0.0,0.0,0.0,2014-11-08,2017-10-28
7,all_only,pc_t2,gradual_bias,0.75,1.0,1,0.0,0.0,0.0,0.0,2014-11-08,2017-10-28
7,all_only,pc_t2,gradual_bias,0.75,2.0,1,0.0,0.0,0.0,0.0,2014-11-08,2017-10-28
7,all_only,pc_t2,gradual_bias,1.0,1.0,1,0.0,0.0,0.0,0.0,2014-11-08,2017-10-28
7,all_only,pc_t2,gradual_bias,1.0,2.0,1,0.0,0.0,0.0,0.0,2014-11-08,2017-10-28
7,all_only,res_energy,gradual_bias,0.25,1.0,1,0.0,0.0,0.0,0.0,2014-11-08,2017-10-28
7,all_only,res_energy,gradual_bias,0.25,2.0,1,0.0,0.0,0.0,0.0,2014-11-08,2017-10-28
7,all_only,res_energy,gradual_bias,0.5,1.0,1,0.0,0.0,0.0,0.0,2014-11-08,2017-10-28
7,all_only,res_energy,gradual_bias,0.5,2.0,1,0.0,0.0,0.0,0.0,2014-11-08,2017-10-28
7,all_only,res_energy,gradual_bias,0.75,1.0,1,0.0,0.0,0.0,0.0,2014-11-08,2017-10-28
7,all_only,res_energy,gradual_bias,0.75,2.0,1,0.0,0.0,0.0,0.0,2014-11-08,2017-10-28
7,all_only,res_energy,gradual_bias,1.0,1.0,1,0.0,0.0,0.0,0.0,2014-11-08,2017-10-28
7,all_only,res_energy,gradual_bias,1.0,2.0,1,0.0,0.0,0.0,0.0,2014-11-08,2017-10-28
7,all_only,stale,gradual_bias,0.25,1.0,1,0.0,1.0,0.0,1.0,2014-11-08,2017-10-28
7,all_only,stale,gradual_bias,0.25,2.0,1,0.0,1.0,0.0,1.0,2014-11-08,2017-10-28
7,all_only,stale,gradual_bias,0.5,1.0,1,0.0,1.0,0.0,1.0,2014-11-08,2017-10-28
7,all_only,stale,gradual_bias,0.5,2.0,1,0.0,1.0,0.0,1.0,2014-11-08,2017-10-28
7,all_only,stale,gradual_bias,0.75,1.0,1,0.0,1.0,0.0,1.0,2014-11-08,2017-10-28
7,all_only,stale,gradual_bias,0.75,2.0,1,0.0,1.0,0.0,1.0,2014-11-08,2017-10-28
7,all_only,stale,gradual_bias,1.0,1.0,1,0.0,1.0,0.0,1.0,2014-11-08,2017-10-28
7,all_only,stale,gradual_bias,1.0,2.0,1,0.0,1.0,0.0,1.0,2014-11-08,2017-10-28
7,full,T2,gradual_bias,0.25,1.0,1,0.0,0.0,0.0,0.0,2014-11-08,2017-10-28
7,full,T2,gradual_bias,0.25,2.0,1,0.0,0.0,0.0,0.0,2014-11-08,2017-10-28
7,full,T2,gradual_bias,0.5,1.0,1,0.0,0.0,0.0,0.0,2014-11-08,2017-10-28
7,full,T2,gradual_bias,0.5,2.0,1,0.0,0.0,0.0,0.0,2014-11-08,2017-10-28
7,full,T2,gradual_bias,0.75,1.0,1,0.0,0.0,0.0,0.0,2014-11-08,2017-10-28
7,full,T2,gradual_bias,0.75,2.0,1,0.0,0.0,0.0,0.0,2014-11-08,2017-10-28
7,full,T2,gradual_bias,1.0,1.0,1,0.0,0.0,0.0,0.0,2014-11-08,2017-10-28
7,full,T2,gradual_bias,1.0,2.0,1,0.0,0.0,0.0,0.0,2014-11-08,2017-10-28
7,full,cusum_factor_cov_lrt,gradual_bias,0.25,1.0,1,0.0,0.0,0.0,0.0,2014-11-08,2017-10-28
7,full,cusum_factor_cov_lrt,gradual_bias,0.25,2.0,1,0.0,0.0,0.0,0.0,2014-11-08,2017-10-28
7,full,cusum_factor_cov_lrt,gradual_bias,0.5,1.0,1,0.0,0.0,0.0,0.0,2014-11-08,2017-10-28
7,full,cusum_factor_cov_lrt,gradual_bias,0.5,2.0,1,0.0,0.0,0.0,0.0,2014-11-08,2017-10-28
7,full,cusum_factor_cov_lrt,gradual_bias,0.75,1.0,1,0.0,0.0,0.0,0.0,2014-11-08,2017-10-28
7,full,cusum_factor_cov_lrt,gradual_bias,0.75,2.0,1,0.0,0.0,0.0,0.0,2014-11-08,2017-10-28
7,full,cusum_factor_cov_lrt,gradual_bias,1.0,1.0,1,0.0,0.0,0.0,0.0,2014-11-08,2017-10-28
7,full,cusum_factor_cov_lrt,gradual_bias,1.0,2.0,1,0.0,0.0,0.0,0.0,2014-11-08,2017-10-28
7,full,ewma_factor_cov_lrt,gradual_bias,0.25,1.0,1,0.0,0.0,0.0,0.0,2014-11-08,2017-10-28
7,full,ewma_factor_cov_lrt,gradual_bias,0.25,2.0,1,0.0,0.0,0.0,0.0,2014-11-08,2017-10-28
7,full,ewma_factor_cov_lrt,gradual_bias,0.5,1.0,1,0.0,0.0,0.0,0.0,2014-11-08,2017-10-28
7,full,ewma_factor_cov_lrt,gradual_bias,0.5,2.0,1,0.0,0.0,0.0,0.0,2014-11-08,2017-10-28
7,full,ewma_factor_cov_lrt,gradual_bias,0.75,1.0,1,0.0,0.0,0.0,0.0,2014-11-08,2017-10-28
7,full,ewma_factor_cov_lrt,gradual_bias,0.75,2.0,1,0.0,0.0,0.0,0.0,2014-11-08,2017-10-28
7,full,ewma_factor_cov_lrt,gradual_bias,1.0,1.0,1,0.0,0.0,0.0,0.0,2014-11-08,2017-10-28
7,full,ewma_factor_cov_lrt,gradual_bias,1.0,2.0,1,0.0,0.0,0.0,0.0,2014-11-08,2017-10-28
7,full,factor_cov_change,gradual_bias,0.25,1.0,1,0.0,0.0,0.0,0.0,2014-11-08,2017-10-28
7,full,factor_cov_change,gradual_bias,0.25,2.0,1,0.0,0.0,0.0,0.0,2014-11-08,2017-10-28
7,full,factor_cov_change,gradual_bias,0.5,1.0,1,0.0,0.0,0.0,0.0,2014-11-08,2017-10-28
7,full,factor_cov_change,gradual_bias,0.5,2.0,1,0.0,0.0,0.0,0.0,2014-11-08,2017-10-28
7,full,factor_cov_change,gradual_bias,0.75,1.0,1,0.0,0.0,0.0,0.0,2014-11-08,2017-10-28
7,full,factor_cov_change,gradual_bias,0.75,2.0,1,0.0,0.0,0.0,0.0,2014-11-08,2017-10-28
7,full,factor_cov_change,gradual_bias,1.0,1.0,1,0.0,0.0,0.0,0.0,2014-11-08,2017-10-28
7,full,factor_cov_change,gradual_bias,1.0,2.0,1,0.0,0.0,0.0,0.0,2014-11-08,2017-10-28
7,full,factor_cov_delta,gradual_bias,0.25,1.0,1,0.0,0.0,0.0,0.0,2014-11-08,2017-10-28
7,full,factor_cov_delta,gradual_bias,0.25,2.0,1,0.0,0.0,0.0,0.0,2014-11-08,2017-10-28
7,full,factor_cov_delta,gradual_bias,0.5,1.0,1,0.0,0.0,0.0,0.0,2014-11-08,2017-10-28
7,full,factor_cov_delta,gradual_bias,0.5,2.0,1,0.0,0.0,0.0,0.0,2014-11-08,2017-10-28
7,full,factor_cov_delta,gradual_bias,0.75,1.0,1,0.0,0.0,0.0,0.0,2014-11-08,2017-10-28
7,full,factor_cov_delta,gradual_bias,0.75,2.0,1,0.0,0.0,0.0,0.0,2014-11-08,2017-10-28
7,full,factor_cov_delta,gradual_bias,1.0,1.0,1,0.0,0.0,0.0,0.0,2014-11-08,2017-10-28
7,full,factor_cov_delta,gradual_bias,1.0,2.0,1,0.0,0.0,0.0,0.0,2014-11-08,2017-10-28
7,full,factor_cov_lrt,gradual_bias,0.25,1.0,1,0.0,0.0,0.0,0.0,2014-11-08,2017-10-28
7,full,factor_cov_lrt,gradual_bias,0.25,2.0,1,0.0,0.0,0.0,0.0,2014-11-08,2017-10-28
7,full,factor_cov_lrt,gradual_bias,0.5,1.0,1,0.0,0.0,0.0,0.0,2014-11-08,2017-10-28
7,full,factor_cov_lrt,gradual_bias,0.5,2.0,1,0.0,0.0,0.0,0.0,2014-11-08,2017-10-28
7,full,factor_cov_lrt,gradual_bias,0.75,1.0,1,0.0,0.0,0.0,0.0,2014-11-08,2017-10-28
7,full,factor_cov_lrt,gradual_bias,0.75,2.0,1,0.0,0.0,0.0,0.0,2014-11-08,2017-10-28
7,full,factor_cov_lrt,gradual_bias,1.0,1.0,1,0.0,0.0,0.0,0.0,2014-11-08,2017-10-28
7,full,factor_cov_lrt,gradual_bias,1.0,2.0,1,0.0,0.0,0.0,0.0,2014-11-08,2017-10-28
7,full,factor_cov_lrt_delta,gradual_bias,0.25,1.0,1,0.0,0.0,0.0,0.0,2014-11-08,2017-10-28
7,full,factor_cov_lrt_delta,gradual_bias,0.25,2.0,1,0.0,0.0,0.0,0.0,2014-11-08,2017-10-28
7,full,factor_cov_lrt_delta,gradual_bias,0.5,1.0,1,0.0,0.0,0.0,0.0,2014-11-08,2017-10-28
7,full,factor_cov_lrt_delta,gradual_bias,0.5,2.0,1,0.0,0.0,0.0,0.0,2014-11-08,2017-10-28
7,full,factor_cov_lrt_delta,gradual_bias,0.75,1.0,1,0.0,0.0,0.0,0.0,2014-11-08,2017-10-28
7,full,factor_cov_lrt_delta,gradual_bias,0.75,2.0,1,0.0,0.0,0.0,0.0,2014-11-08,2017-10-28
7,full,factor_cov_lrt_delta,gradual_bias,1.0,1.0,1,0.0,0.0,0.0,0.0,2014-11-08,2017-10-28
7,full,factor_cov_lrt_delta,gradual_bias,1.0,2.0,1,0.0,0.0,0.0,0.0,2014-11-08,2017-10-28
7,full,fused_fisher,gradual_bias,0.25,1.0,1,0.0,0.0,0.0,0.0,2014-11-08,2017-10-28
7,full,fused_fisher,gradual_bias,0.25,2.0,1,0.0,0.0,0.0,0.0,2014-11-08,2017-10-28
7,full,fused_fisher,gradual_bias,0.5,1.0,1,0.0,0.0,0.0,0.0,2014-11-08,2017-10-28
7,full,fused_fisher,gradual_bias,0.5,2.0,1,0.0,0.0,0.0,0.0,2014-11-08,2017-10-28
7,full,fused_fisher,gradual_bias,0.75,1.0,1,0.0,0.0,0.0,0.0,2014-11-08,2017-10-28
7,full,fused_fisher,gradual_bias,0.75,2.0,1,0.0,0.0,0.0,0.0,2014-11-08,2017-10-28
7,full,fused_fisher,gradual_bias,1.0,1.0,1,0.0,0.0,0.0,0.0,2014-11-08,2017-10-28
7,full,fused_fisher,gradual_bias,1.0,2.0,1,0.0,0.0,0.0,0.0,2014-11-08,2017-10-28
7,full,fused_fisher_lrt_delta,gradual_bias,0.25,1.0,1,0.0,0.0,0.0,0.0,2014-11-08,2017-10-28
7,full,fused_fisher_lrt_delta,gradual_bias,0.25,2.0,1,0.0,0.0,0.0,0.0,2014-11-08,2017-10-28
7,full,fused_fisher_lrt_delta,gradual_bias,0.5,1.0,1,0.0,0.0,0.0,0.0,2014-11-08,2017-10-28
7,full,fused_fisher_lrt_delta,gradual_bias,0.5,2.0,1,0.0,0.0,0.0,0.0,2014-11-08,2017-10-28
7,full,fused_fisher_lrt_delta,gradual_bias,0.75,1.0,1,0.0,0.0,0.0,0.0,2014-11-08,2017-10-28
7,full,fused_fisher_lrt_delta,gradual_bias,0.75,2.0,1,0.0,0.0,0.0,0.0,2014-11-08,2017-10-28
7,full,fused_fisher_lrt_delta,gradual_bias,1.0,1.0,1,0.0,0.0,0.0,0.0,2014-11-08,2017-10-28
7,full,fused_fisher_lrt_delta,gradual_bias,1.0,2.0,1,0.0,0.0,0.0,0.0,2014-11-08,2017-10-28
7,full,fused_sp,gradual_bias,0.25,1.0,1,0.0,0.0,0.0,0.0,2014-11-08,2017-10-28
7,full,fused_sp,gradual_bias,0.25,2.0,1,1.0,1.0,0.0,0.0,2014-11-08,2017-10-28
7,full,fused_sp,gradual_bias,0.5,1.0,1,0.0,0.0,0.0,0.0,2014-11-08,2017-10-28
7,full,fused_sp,gradual_bias,0.5,2.0,1,1.0,1.0,0.0,0.0,2014-11-08,2017-10-28
7,full,fused_sp,gradual_bias,0.75,1.0,1,0.0,0.0,0.0,0.0,2014-11-08,2017-10-28
7,full,fused_sp,gradual_bias,0.75,2.0,1,1.0,1.0,0.0,0.0,2014-11-08,2017-10-28
7,full,fused_sp,gradual_bias,1.0,1.0,1,0.0,0.0,0.0,0.0,2014-11-08,2017-10-28
7,full,fused_sp,gradual_bias,1.0,2.0,1,1.0,1.0,0.0,0.0,2014-11-08,2017-10-28
7,full,fused_sp_lrt_delta,gradual_bias,0.25,1.0,1,0.0,0.0,0.0,0.0,2014-11-08,2017-10-28
7,full,fused_sp_lrt_delta,gradual_bias,0.25,2.0,1,0.0,0.0,0.0,0.0,2014-11-08,2017-10-28
7,full,fused_sp_lrt_delta,gradual_bias,0.5,1.0,1,0.0,0.0,0.0,0.0,2014-11-08,2017-10-28
7,full,fused_sp_lrt_delta,gradual_bias,0.5,2.0,1,0.0,0.0,0.0,0.0,2014-11-08,2017-10-28
7,full,fused_sp_lrt_delta,gradual_bias,0.75,1.0,1,0.0,0.0,0.0,0.0,2014-11-08,2017-10-28
7,full,fused_sp_lrt_delta,gradual_bias,0.75,2.0,1,0.0,0.0,0.0,0.0,2014-11-08,2017-10-28
7,full,fused_sp_lrt_delta,gradual_bias,1.0,1.0,1,0.0,0.0,0.0,0.0,2014-11-08,2017-10-28
7,full,fused_sp_lrt_delta,gradual_bias,1.0,2.0,1,0.0,0.0,0.0,0.0,2014-11-08,2017-10-28
7,full,max_abs,gradual_bias,0.25,1.0,1,0.0,0.0,0.0,0.0,2014-11-08,2017-10-28
7,full,max_abs,gradual_bias,0.25,2.0,1,0.0,0.0,0.0,0.0,2014-11-08,2017-10-28
7,full,max_abs,gradual_bias,0.5,1.0,1,0.0,0.0,0.0,0.0,2014-11-08,2017-10-28
7,full,max_abs,gradual_bias,0.5,2.0,1,0.0,0.0,0.0,0.0,2014-11-08,2017-10-28
7,full,max_abs,gradual_bias,0.75,1.0,1,0.0,0.0,0.0,0.0,2014-11-08,2017-10-28
7,full,max_abs,gradual_bias,0.75,2.0,1,0.0,0.0,0.0,0.0,2014-11-08,2017-10-28
7,full,max_abs,gradual_bias,1.0,1.0,1,0.0,0.0,0.0,0.0,2014-11-08,2017-10-28
7,full,max_abs,gradual_bias,1.0,2.0,1,0.0,0.0,0.0,0.0,2014-11-08,2017-10-28
7,full,pc_t2,gradual_bias,0.25,1.0,1,0.0,0.0,0.0,0.0,2014-11-08,2017-10-28
7,full,pc_t2,gradual_bias,0.25,2.0,1,0.0,0.0,0.0,0.0,2014-11-08,2017-10-28
7,full,pc_t2,gradual_bias,0.5,1.0,1,0.0,0.0,0.0,0.0,2014-11-08,2017-10-28
7,full,pc_t2,gradual_bias,0.5,2.0,1,0.0,0.0,0.0,0.0,2014-11-08,2017-10-28
7,full,pc_t2,gradual_bias,0.75,1.0,1,0.0,0.0,0.0,0.0,2014-11-08,2017-10-28
7,full,pc_t2,gradual_bias,0.75,2.0,1,0.0,0.0,0.0,0.0,2014-11-08,2017-10-28
7,full,pc_t2,gradual_bias,1.0,1.0,1,0.0,0.0,0.0,0.0,2014-11-08,2017-10-28
7,full,pc_t2,gradual_bias,1.0,2.0,1,0.0,0.0,0.0,0.0,2014-11-08,2017-10-28
7,full,res_energy,gradual_bias,0.25,1.0,1,0.0,0.0,0.0,0.0,2014-11-08,2017-10-28
7,full,res_energy,gradual_bias,0.25,2.0,1,0.0,0.0,0.0,0.0,2014-11-08,2017-10-28
7,full,res_energy,gradual_bias,0.5,1.0,1,0.0,0.0,0.0,0.0,2014-11-08,2017-10-28
7,full,res_energy,gradual_bias,0.5,2.0,1,0.0,0.0,0.0,0.0,2014-11-08,2017-10-28
7,full,res_energy,gradual_bias,0.75,1.0,1,0.0,0.0,0.0,0.0,2014-11-08,2017-10-28
7,full,res_energy,gradual_bias,0.75,2.0,1,0.0,0.0,0.0,0.0,2014-11-08,2017-10-28
7,full,res_energy,gradual_bias,1.0,1.0,1,0.0,0.0,0.0,0.0,2014-11-08,2017-10-28
7,full,res_energy,gradual_bias,1.0,2.0,1,0.0,0.0,0.0,0.0,2014-11-08,2017-10-28
7,full,stale,gradual_bias,0.25,1.0,1,0.0,1.0,0.0,1.0,2014-11-08,2017-10-28
7,full,stale,gradual_bias,0.25,2.0,1,0.0,1.0,0.0,1.0,2014-11-08,2017-10-28
7,full,stale,gradual_bias,0.5,1.0,1,0.0,1.0,0.0,1.0,2014-11-08,2017-10-28
7,full,stale,gradual_bias,0.5,2.0,1,0.0,1.0,0.0,1.0,2014-11-08,2017-10-28
7,full,stale,gradual_bias,0.75,1.0,1,0.0,1.0,0.0,1.0,2014-11-08,2017-10-28
7,full,stale,gradual_bias,0.75,2.0,1,0.0,1.0,0.0,1.0,2014-11-08,2017-10-28
7,full,stale,gradual_bias,1.0,1.0,1,0.0,1.0,0.0,1.0,2014-11-08,2017-10-28
7,full,stale,gradual_bias,1.0,2.0,1,0.0,1.0,0.0,1.0,2014-11-08,2017-10-28
7,score_only,T2,gradual_bias,0.25,1.0,1,0.0,0.0,0.0,0.0,2014-11-08,2017-10-28
7,score_only,T2,gradual_bias,0.25,2.0,1,0.0,0.0,0.0,0.0,2014-11-08,2017-10-28
7,score_only,T2,gradual_bias,0.5,1.0,1,0.0,0.0,0.0,0.0,2014-11-08,2017-10-28
7,score_only,T2,gradual_bias,0.5,2.0,1,0.0,0.0,0.0,0.0,2014-11-08,2017-10-28
7,score_only,T2,gradual_bias,0.75,1.0,1,0.0,0.0,0.0,0.0,2014-11-08,2017-10-28
7,score_only,T2,gradual_bias,0.75,2.0,1,0.0,0.0,0.0,0.0,2014-11-08,2017-10-28
7,score_only,T2,gradual_bias,1.0,1.0,1,0.0,0.0,0.0,0.0,2014-11-08,2017-10-28
7,score_only,T2,gradual_bias,1.0,2.0,1,0.0,0.0,0.0,0.0,2014-11-08,2017-10-28
7,score_only,coh_resid_energy,gradual_bias,0.25,1.0,1,0.0,0.0,0.0,0.0,2014-11-08,2017-10-28
7,score_only,coh_resid_energy,gradual_bias,0.25,2.0,1,0.0,0.0,0.0,0.0,2014-11-08,2017-10-28
7,score_only,coh_resid_energy,gradual_bias,0.5,1.0,1,0.0,0.0,0.0,0.0,2014-11-08,2017-10-28
7,score_only,coh_resid_energy,gradual_bias,0.5,2.0,1,0.0,0.0,0.0,0.0,2014-11-08,2017-10-28
7,score_only,coh_resid_energy,gradual_bias,0.75,1.0,1,0.0,0.0,0.0,0.0,2014-11-08,2017-10-28
7,score_only,coh_resid_energy,gradual_bias,0.75,2.0,1,0.0,0.0,0.0,0.0,2014-11-08,2017-10-28
7,score_only,coh_resid_energy,gradual_bias,1.0,1.0,1,0.0,0.0,0.0,0.0,2014-11-08,2017-10-28
7,score_only,coh_resid_energy,gradual_bias,1.0,2.0,1,0.0,0.0,0.0,0.0,2014-11-08,2017-10-28
7,score_only,coh_resid_t2,gradual_bias,0.25,1.0,1,0.0,0.0,0.0,0.0,2014-11-08,2017-10-28
7,score_only,coh_resid_t2,gradual_bias,0.25,2.0,1,0.0,0.0,0.0,0.0,2014-11-08,2017-10-28
7,score_only,coh_resid_t2,gradual_bias,0.5,1.0,1,0.0,0.0,0.0,0.0,2014-11-08,2017-10-28
7,score_only,coh_resid_t2,gradual_bias,0.5,2.0,1,0.0,0.0,0.0,0.0,2014-11-08,2017-10-28
7,score_only,coh_resid_t2,gradual_bias,0.75,1.0,1,0.0,0.0,0.0,0.0,2014-11-08,2017-10-28
7,score_only,coh_resid_t2,gradual_bias,0.75,2.0,1,0.0,0.0,0.0,0.0,2014-11-08,2017-10-28
7,score_only,coh_resid_t2,gradual_bias,1.0,1.0,1,0.0,0.0,0.0,0.0,2014-11-08,2017-10-28
7,score_only,coh_resid_t2,gradual_bias,1.0,2.0,1,0.0,0.0,0.0,0.0,2014-11-08,2017-10-28
7,score_only,cusum_coh_resid_t2,gradual_bias,0.25,1.0,1,0.0,0.0,1.0,0.0,2014-11-08,2017-10-28
7,score_only,cusum_coh_resid_t2,gradual_bias,0.25,2.0,1,0.0,0.0,0.0,0.0,2014-11-08,2017-10-28
7,score_only,cusum_coh_resid_t2,gradual_bias,0.5,1.0,1,0.0,0.0,1.0,0.0,2014-11-08,2017-10-28
7,score_only,cusum_coh_resid_t2,gradual_bias,0.5,2.0,1,0.0,0.0,0.0,0.0,2014-11-08,2017-10-28
7,score_only,cusum_coh_resid_t2,gradual_bias,0.75,1.0,1,0.0,0.0,1.0,0.0,2014-11-08,2017-10-28
7,score_only,cusum_coh_resid_t2,gradual_bias,0.75,2.0,1,0.0,0.0,0.0,0.0,2014-11-08,2017-10-28
7,score_only,cusum_coh_resid_t2,gradual_bias,1.0,1.0,1,0.0,0.0,1.0,0.0,2014-11-08,2017-10-28
7,score_only,cusum_coh_resid_t2,gradual_bias,1.0,2.0,1,0.0,0.0,0.0,0.0,2014-11-08,2017-10-28
7,score_only,cusum_factor_cov_lrt,gradual_bias,0.25,1.0,1,0.0,0.0,0.0,0.0,2014-11-08,2017-10-28
7,score_only,cusum_factor_cov_lrt,gradual_bias,0.25,2.0,1,0.0,0.0,0.0,0.0,2014-11-08,2017-10-28
7,score_only,cusum_factor_cov_lrt,gradual_bias,0.5,1.0,1,0.0,0.0,0.0,0.0,2014-11-08,2017-10-28
7,score_only,cusum_factor_cov_lrt,gradual_bias,0.5,2.0,1,0.0,0.0,0.0,0.0,2014-11-08,2017-10-28
7,score_only,cusum_factor_cov_lrt,gradual_bias,0.75,1.0,1,0.0,0.0,0.0,0.0,2014-11-08,2017-10-28
7,score_only,cusum_factor_cov_lrt,gradual_bias,0.75,2.0,1,0.0,0.0,0.0,0.0,2014-11-08,2017-10-28
7,score_only,cusum_factor_cov_lrt,gradual_bias,1.0,1.0,1,0.0,0.0,0.0,0.0,2014-11-08,2017-10-28
7,score_only,cusum_factor_cov_lrt,gradual_bias,1.0,2.0,1,0.0,0.0,0.0,0.0,2014-11-08,2017-10-28
7,score_only,ewma_coh_resid_t2,gradual_bias,0.25,1.0,1,0.0,0.0,0.0,0.0,2014-11-08,2017-10-28
7,score_only,ewma_coh_resid_t2,gradual_bias,0.25,2.0,1,0.0,0.0,0.0,0.0,2014-11-08,2017-10-28
7,score_only,ewma_coh_resid_t2,gradual_bias,0.5,1.0,1,0.0,0.0,0.0,0.0,2014-11-08,2017-10-28
7,score_only,ewma_coh_resid_t2,gradual_bias,0.5,2.0,1,0.0,0.0,0.0,0.0,2014-11-08,2017-10-28
7,score_only,ewma_coh_resid_t2,gradual_bias,0.75,1.0,1,0.0,0.0,0.0,0.0,2014-11-08,2017-10-28
7,score_only,ewma_coh_resid_t2,gradual_bias,0.75,2.0,1,0.0,0.0,0.0,0.0,2014-11-08,2017-10-28
7,score_only,ewma_coh_resid_t2,gradual_bias,1.0,1.0,1,0.0,0.0,0.0,0.0,2014-11-08,2017-10-28
7,score_only,ewma_coh_resid_t2,gradual_bias,1.0,2.0,1,0.0,0.0,0.0,0.0,2014-11-08,2017-10-28
7,score_only,ewma_factor_cov_lrt,gradual_bias,0.25,1.0,1,0.0,0.0,0.0,0.0,2014-11-08,2017-10-28
7,score_only,ewma_factor_cov_lrt,gradual_bias,0.25,2.0,1,0.0,0.0,0.0,0.0,2014-11-08,2017-10-28
7,score_only,ewma_factor_cov_lrt,gradual_bias,0.5,1.0,1,0.0,0.0,0.0,0.0,2014-11-08,2017-10-28
7,score_only,ewma_factor_cov_lrt,gradual_bias,0.5,2.0,1,0.0,0.0,0.0,0.0,2014-11-08,2017-10-28
7,score_only,ewma_factor_cov_lrt,gradual_bias,0.75,1.0,1,0.0,0.0,0.0,0.0,2014-11-08,2017-10-28
7,score_only,ewma_factor_cov_lrt,gradual_bias,0.75,2.0,1,0.0,0.0,0.0,0.0,2014-11-08,2017-10-28
7,score_only,ewma_factor_cov_lrt,gradual_bias,1.0,1.0,1,0.0,0.0,0.0,0.0,2014-11-08,2017-10-28
7,score_only,ewma_factor_cov_lrt,gradual_bias,1.0,2.0,1,0.0,0.0,0.0,0.0,2014-11-08,2017-10-28
7,score_only,factor_cov_change,gradual_bias,0.25,1.0,1,0.0,0.0,0.0,0.0,2014-11-08,2017-10-28
7,score_only,factor_cov_change,gradual_bias,0.25,2.0,1,0.0,0.0,0.0,0.0,2014-11-08,2017-10-28
7,score_only,factor_cov_change,gradual_bias,0.5,1.0,1,0.0,0.0,0.0,0.0,2014-11-08,2017-10-28
7,score_only,factor_cov_change,gradual_bias,0.5,2.0,1,0.0,0.0,0.0,0.0,2014-11-08,2017-10-28
7,score_only,factor_cov_change,gradual_bias,0.75,1.0,1,0.0,0.0,0.0,0.0,2014-11-08,2017-10-28
7,score_only,factor_cov_change,gradual_bias,0.75,2.0,1,0.0,0.0,0.0,0.0,2014-11-08,2017-10-28
7,score_only,factor_cov_change,gradual_bias,1.0,1.0,1,0.0,0.0,0.0,0.0,2014-11-08,2017-10-28
7,score_only,factor_cov_change,gradual_bias,1.0,2.0,1,0.0,0.0,0.0,0.0,2014-11-08,2017-10-28
7,score_only,factor_cov_delta,gradual_bias,0.25,1.0,1,0.0,0.0,0.0,0.0,2014-11-08,2017-10-28
7,score_only,factor_cov_delta,gradual_bias,0.25,2.0,1,1.0,1.0,0.0,0.0,2014-11-08,2017-10-28
7,score_only,factor_cov_delta,gradual_bias,0.5,1.0,1,0.0,0.0,0.0,0.0,2014-11-08,2017-10-28
7,score_only,factor_cov_delta,gradual_bias,0.5,2.0,1,1.0,1.0,0.0,0.0,2014-11-08,2017-10-28
7,score_only,factor_cov_delta,gradual_bias,0.75,1.0,1,0.0,0.0,0.0,0.0,2014-11-08,2017-10-28
7,score_only,factor_cov_delta,gradual_bias,0.75,2.0,1,1.0,1.0,0.0,0.0,2014-11-08,2017-10-28
7,score_only,factor_cov_delta,gradual_bias,1.0,1.0,1,0.0,0.0,0.0,0.0,2014-11-08,2017-10-28
7,score_only,factor_cov_delta,gradual_bias,1.0,2.0,1,1.0,1.0,0.0,0.0,2014-11-08,2017-10-28
7,score_only,factor_cov_lrt,gradual_bias,0.25,1.0,1,0.0,0.0,0.0,0.0,2014-11-08,2017-10-28
7,score_only,factor_cov_lrt,gradual_bias,0.25,2.0,1,1.0,1.0,0.0,0.0,2014-11-08,2017-10-28
7,score_only,factor_cov_lrt,gradual_bias,0.5,1.0,1,0.0,0.0,0.0,0.0,2014-11-08,2017-10-28
7,score_only,factor_cov_lrt,gradual_bias,0.5,2.0,1,1.0,1.0,0.0,0.0,2014-11-08,2017-10-28
7,score_only,factor_cov_lrt,gradual_bias,0.75,1.0,1,0.0,0.0,0.0,0.0,2014-11-08,2017-10-28
7,score_only,factor_cov_lrt,gradual_bias,0.75,2.0,1,1.0,1.0,0.0,0.0,2014-11-08,2017-10-28
7,score_only,factor_cov_lrt,gradual_bias,1.0,1.0,1,0.0,0.0,0.0,0.0,2014-11-08,2017-10-28
7,score_only,factor_cov_lrt,gradual_bias,1.0,2.0,1,1.0,1.0,0.0,0.0,2014-11-08,2017-10-28
7,score_only,factor_cov_lrt_delta,gradual_bias,0.25,1.0,1,0.0,0.0,0.0,0.0,2014-11-08,2017-10-28
7,score_only,factor_cov_lrt_delta,gradual_bias,0.25,2.0,1,0.0,0.0,0.0,0.0,2014-11-08,2017-10-28
7,score_only,factor_cov_lrt_delta,gradual_bias,0.5,1.0,1,0.0,0.0,0.0,0.0,2014-11-08,2017-10-28
7,score_only,factor_cov_lrt_delta,gradual_bias,0.5,2.0,1,0.0,0.0,0.0,0.0,2014-11-08,2017-10-28
7,score_only,factor_cov_lrt_delta,gradual_bias,0.75,1.0,1,0.0,0.0,0.0,0.0,2014-11-08,2017-10-28
7,score_only,factor_cov_lrt_delta,gradual_bias,0.75,2.0,1,0.0,0.0,0.0,0.0,2014-11-08,2017-10-28
7,score_only,factor_cov_lrt_delta,gradual_bias,1.0,1.0,1,0.0,0.0,0.0,0.0,2014-11-08,2017-10-28
7,score_only,factor_cov_lrt_delta,gradual_bias,1.0,2.0,1,0.0,0.0,0.0,0.0,2014-11-08,2017-10-28
7,score_only,fused_fisher,gradual_bias,0.25,1.0,1,0.0,0.0,0.0,0.0,2014-11-08,2017-10-28
7,score_only,fused_fisher,gradual_bias,0.25,2.0,1,0.0,0.0,0.0,0.0,2014-11-08,2017-10-28
7,score_only,fused_fisher,gradual_bias,0.5,1.0,1,0.0,0.0,0.0,0.0,2014-11-08,2017-10-28
7,score_only,fused_fisher,gradual_bias,0.5,2.0,1,0.0,0.0,0.0,0.0,2014-11-08,2017-10-28
7,score_only,fused_fisher,gradual_bias,0.75,1.0,1,0.0,0.0,0.0,0.0,2014-11-08,2017-10-28
7,score_only,fused_fisher,gradual_bias,0.75,2.0,1,0.0,0.0,0.0,0.0,2014-11-08,2017-10-28
7,score_only,fused_fisher,gradual_bias,1.0,1.0,1,0.0,0.0,0.0,0.0,2014-11-08,2017-10-28
7,score_only,fused_fisher,gradual_bias,1.0,2.0,1,0.0,0.0,0.0,0.0,2014-11-08,2017-10-28
7,score_only,fused_fisher_lrt_delta,gradual_bias,0.25,1.0,1,0.0,0.0,0.0,0.0,2014-11-08,2017-10-28
7,score_only,fused_fisher_lrt_delta,gradual_bias,0.25,2.0,1,0.0,0.0,0.0,0.0,2014-11-08,2017-10-28
7,score_only,fused_fisher_lrt_delta,gradual_bias,0.5,1.0,1,0.0,0.0,0.0,0.0,2014-11-08,2017-10-28
7,score_only,fused_fisher_lrt_delta,gradual_bias,0.5,2.0,1,0.0,0.0,0.0,0.0,2014-11-08,2017-10-28
7,score_only,fused_fisher_lrt_delta,gradual_bias,0.75,1.0,1,0.0,0.0,0.0,0.0,2014-11-08,2017-10-28
7,score_only,fused_fisher_lrt_delta,gradual_bias,0.75,2.0,1,0.0,0.0,0.0,0.0,2014-11-08,2017-10-28
7,score_only,fused_fisher_lrt_delta,gradual_bias,1.0,1.0,1,0.0,0.0,0.0,0.0,2014-11-08,2017-10-28
7,score_only,fused_fisher_lrt_delta,gradual_bias,1.0,2.0,1,0.0,0.0,0.0,0.0,2014-11-08,2017-10-28
7,score_only,fused_sp,gradual_bias,0.25,1.0,1,0.0,0.0,0.0,0.0,2014-11-08,2017-10-28
7,score_only,fused_sp,gradual_bias,0.25,2.0,1,1.0,1.0,0.0,0.0,2014-11-08,2017-10-28
7,score_only,fused_sp,gradual_bias,0.5,1.0,1,0.0,0.0,0.0,0.0,2014-11-08,2017-10-28
7,score_only,fused_sp,gradual_bias,0.5,2.0,1,1.0,1.0,0.0,0.0,2014-11-08,2017-10-28
7,score_only,fused_sp,gradual_bias,0.75,1.0,1,0.0,0.0,0.0,0.0,2014-11-08,2017-10-28
7,score_only,fused_sp,gradual_bias,0.75,2.0,1,1.0,1.0,0.0,0.0,2014-11-08,2017-10-28
7,score_only,fused_sp,gradual_bias,1.0,1.0,1,0.0,0.0,0.0,0.0,2014-11-08,2017-10-28
7,score_only,fused_sp,gradual_bias,1.0,2.0,1,1.0,1.0,0.0,0.0,2014-11-08,2017-10-28
7,score_only,fused_sp_lrt_delta,gradual_bias,0.25,1.0,1,0.0,0.0,0.0,0.0,2014-11-08,2017-10-28
7,score_only,fused_sp_lrt_delta,gradual_bias,0.25,2.0,1,0.0,0.0,0.0,0.0,2014-11-08,2017-10-28
7,score_only,fused_sp_lrt_delta,gradual_bias,0.5,1.0,1,0.0,0.0,0.0,0.0,2014-11-08,2017-10-28
7,score_only,fused_sp_lrt_delta,gradual_bias,0.5,2.0,1,0.0,0.0,0.0,0.0,2014-11-08,2017-10-28
7,score_only,fused_sp_lrt_delta,gradual_bias,0.75,1.0,1,0.0,0.0,0.0,0.0,2014-11-08,2017-10-28
7,score_only,fused_sp_lrt_delta,gradual_bias,0.75,2.0,1,0.0,0.0,0.0,0.0,2014-11-08,2017-10-28
7,score_only,fused_sp_lrt_delta,gradual_bias,1.0,1.0,1,0.0,0.0,0.0,0.0,2014-11-08,2017-10-28
7,score_only,fused_sp_lrt_delta,gradual_bias,1.0,2.0,1,0.0,0.0,0.0,0.0,2014-11-08,2017-10-28
7,score_only,max_abs,gradual_bias,0.25,1.0,1,0.0,0.0,0.0,0.0,2014-11-08,2017-10-28
7,score_only,max_abs,gradual_bias,0.25,2.0,1,0.0,0.0,0.0,0.0,2014-11-08,2017-10-28
7,score_only,max_abs,gradual_bias,0.5,1.0,1,0.0,0.0,0.0,0.0,2014-11-08,2017-10-28
7,score_only,max_abs,gradual_bias,0.5,2.0,1,0.0,0.0,0.0,0.0,2014-11-08,2017-10-28
7,score_only,max_abs,gradual_bias,0.75,1.0,1,0.0,0.0,0.0,0.0,2014-11-08,2017-10-28
7,score_only,max_abs,gradual_bias,0.75,2.0,1,0.0,0.0,0.0,0.0,2014-11-08,2017-10-28
7,score_only,max_abs,gradual_bias,1.0,1.0,1,0.0,0.0,0.0,0.0,2014-11-08,2017-10-28
7,score_only,max_abs,gradual_bias,1.0,2.0,1,0.0,0.0,0.0,0.0,2014-11-08,2017-10-28
7,score_only,pc_t2,gradual_bias,0.25,1.0,1,0.0,0.0,0.0,0.0,2014-11-08,2017-10-28
7,score_only,pc_t2,gradual_bias,0.25,2.0,1,0.0,0.0,0.0,0.0,2014-11-08,2017-10-28
7,score_only,pc_t2,gradual_bias,0.5,1.0,1,0.0,0.0,0.0,0.0,2014-11-08,2017-10-28
7,score_only,pc_t2,gradual_bias,0.5,2.0,1,0.0,0.0,0.0,0.0,2014-11-08,2017-10-28
7,score_only,pc_t2,gradual_bias,0.75,1.0,1,0.0,0.0,0.0,0.0,2014-11-08,2017-10-28
7,score_only,pc_t2,gradual_bias,0.75,2.0,1,0.0,0.0,0.0,0.0,2014-11-08,2017-10-28
7,score_only,pc_t2,gradual_bias,1.0,1.0,1,0.0,0.0,0.0,0.0,2014-11-08,2017-10-28
7,score_only,pc_t2,gradual_bias,1.0,2.0,1,0.0,0.0,0.0,0.0,2014-11-08,2017-10-28
7,score_only,res_energy,gradual_bias,0.25,1.0,1,0.0,0.0,0.0,0.0,2014-11-08,2017-10-28
7,score_only,res_energy,gradual_bias,0.25,2.0,1,0.0,0.0,0.0,0.0,2014-11-08,2017-10-28
7,score_only,res_energy,gradual_bias,0.5,1.0,1,0.0,0.0,0.0,0.0,2014-11-08,2017-10-28
7,score_only,res_energy,gradual_bias,0.5,2.0,1,0.0,0.0,0.0,0.0,2014-11-08,2017-10-28
7,score_only,res_energy,gradual_bias,0.75,1.0,1,0.0,0.0,0.0,0.0,2014-11-08,2017-10-28
7,score_only,res_energy,gradual_bias,0.75,2.0,1,0.0,0.0,0.0,0.0,2014-11-08,2017-10-28
7,score_only,res_energy,gradual_bias,1.0,1.0,1,0.0,0.0,0.0,0.0,2014-11-08,2017-10-28
7,score_only,res_energy,gradual_bias,1.0,2.0,1,0.0,0.0,0.0,0.0,2014-11-08,2017-10-28
7,score_only,stale,gradual_bias,0.25,1.0,1,0.0,0.0,0.0,1.0,2014-11-08,2017-10-28
7,score_only,stale,gradual_bias,0.25,2.0,1,0.0,0.0,0.0,1.0,2014-11-08,2017-10-28
7,score_only,stale,gradual_bias,0.5,1.0,1,0.0,0.0,0.0,1.0,2014-11-08,2017-10-28
7,score_only,stale,gradual_bias,0.5,2.0,1,0.0,0.0,0.0,1.0,2014-11-08,2017-10-28
7,score_only,stale,gradual_bias,0.75,1.0,1,0.0,0.0,0.0,1.0,2014-11-08,2017-10-28
7,score_only,stale,gradual_bias,0.75,2.0,1,0.0,0.0,0.0,1.0,2014-11-08,2017-10-28
7,score_only,stale,gradual_bias,1.0,1.0,1,0.0,0.0,0.0,1.0,2014-11-08,2017-10-28
7,score_only,stale,gradual_bias,1.0,2.0,1,0.0,0.0,0.0,1.0,2014-11-08,2017-10-28
9,all_only,T2,gradual_bias,0.25,1.0,1,0.0,0.0,0.0,0.0,2016-11-05,2019-10-26
9,all_only,T2,gradual_bias,0.25,2.0,1,1.0,1.0,0.0,0.0,2016-11-05,2019-10-26
9,all_only,T2,gradual_bias,0.5,1.0,1,0.0,0.0,0.0,0.0,2016-11-05,2019-10-26
9,all_only,T2,gradual_bias,0.5,2.0,1,1.0,1.0,0.0,0.0,2016-11-05,2019-10-26
9,all_only,T2,gradual_bias,0.75,1.0,1,0.0,0.0,0.0,0.0,2016-11-05,2019-10-26
9,all_only,T2,gradual_bias,0.75,2.0,1,1.0,1.0,0.0,0.0,2016-11-05,2019-10-26
9,all_only,T2,gradual_bias,1.0,1.0,1,0.0,0.0,0.0,0.0,2016-11-05,2019-10-26
9,all_only,T2,gradual_bias,1.0,2.0,1,1.0,1.0,0.0,0.0,2016-11-05,2019-10-26
9,all_only,cusum_factor_cov_lrt,gradual_bias,0.25,1.0,1,0.0,0.0,1.0,0.0,2016-11-05,2019-10-26
9,all_only,cusum_factor_cov_lrt,gradual_bias,0.25,2.0,1,0.0,0.0,0.0,0.0,2016-11-05,2019-10-26
9,all_only,cusum_factor_cov_lrt,gradual_bias,0.5,1.0,1,0.0,0.0,1.0,0.0,2016-11-05,2019-10-26
9,all_only,cusum_factor_cov_lrt,gradual_bias,0.5,2.0,1,0.0,0.0,0.0,0.0,2016-11-05,2019-10-26
9,all_only,cusum_factor_cov_lrt,gradual_bias,0.75,1.0,1,0.0,0.0,1.0,0.0,2016-11-05,2019-10-26
9,all_only,cusum_factor_cov_lrt,gradual_bias,0.75,2.0,1,0.0,0.0,0.0,0.0,2016-11-05,2019-10-26
9,all_only,cusum_factor_cov_lrt,gradual_bias,1.0,1.0,1,0.0,0.0,1.0,0.0,2016-11-05,2019-10-26
9,all_only,cusum_factor_cov_lrt,gradual_bias,1.0,2.0,1,0.0,0.0,0.0,0.0,2016-11-05,2019-10-26
9,all_only,ewma_factor_cov_lrt,gradual_bias,0.25,1.0,1,0.0,0.0,0.0,0.0,2016-11-05,2019-10-26
9,all_only,ewma_factor_cov_lrt,gradual_bias,0.25,2.0,1,0.0,0.0,0.0,0.0,2016-11-05,2019-10-26
9,all_only,ewma_factor_cov_lrt,gradual_bias,0.5,1.0,1,0.0,0.0,0.0,0.0,2016-11-05,2019-10-26
9,all_only,ewma_factor_cov_lrt,gradual_bias,0.5,2.0,1,0.0,0.0,0.0,0.0,2016-11-05,2019-10-26
9,all_only,ewma_factor_cov_lrt,gradual_bias,0.75,1.0,1,0.0,0.0,0.0,0.0,2016-11-05,2019-10-26
9,all_only,ewma_factor_cov_lrt,gradual_bias,0.75,2.0,1,0.0,0.0,0.0,0.0,2016-11-05,2019-10-26
9,all_only,ewma_factor_cov_lrt,gradual_bias,1.0,1.0,1,0.0,0.0,0.0,0.0,2016-11-05,2019-10-26
9,all_only,ewma_factor_cov_lrt,gradual_bias,1.0,2.0,1,0.0,0.0,0.0,0.0,2016-11-05,2019-10-26
9,all_only,factor_cov_change,gradual_bias,0.25,1.0,1,0.0,0.0,0.0,0.0,2016-11-05,2019-10-26
9,all_only,factor_cov_change,gradual_bias,0.25,2.0,1,0.0,0.0,0.0,1.0,2016-11-05,2019-10-26
9,all_only,factor_cov_change,gradual_bias,0.5,1.0,1,0.0,0.0,0.0,0.0,2016-11-05,2019-10-26
9,all_only,factor_cov_change,gradual_bias,0.5,2.0,1,0.0,0.0,0.0,1.0,2016-11-05,2019-10-26
9,all_only,factor_cov_change,gradual_bias,0.75,1.0,1,0.0,0.0,0.0,0.0,2016-11-05,2019-10-26
9,all_only,factor_cov_change,gradual_bias,0.75,2.0,1,0.0,0.0,0.0,1.0,2016-11-05,2019-10-26
9,all_only,factor_cov_change,gradual_bias,1.0,1.0,1,0.0,0.0,0.0,0.0,2016-11-05,2019-10-26
9,all_only,factor_cov_change,gradual_bias,1.0,2.0,1,0.0,0.0,0.0,1.0,2016-11-05,2019-10-26
9,all_only,factor_cov_delta,gradual_bias,0.25,1.0,1,0.0,0.0,0.0,0.0,2016-11-05,2019-10-26
9,all_only,factor_cov_delta,gradual_bias,0.25,2.0,1,0.0,0.0,0.0,0.0,2016-11-05,2019-10-26
9,all_only,factor_cov_delta,gradual_bias,0.5,1.0,1,0.0,0.0,0.0,0.0,2016-11-05,2019-10-26
9,all_only,factor_cov_delta,gradual_bias,0.5,2.0,1,0.0,0.0,0.0,0.0,2016-11-05,2019-10-26
9,all_only,factor_cov_delta,gradual_bias,0.75,1.0,1,0.0,0.0,0.0,0.0,2016-11-05,2019-10-26
9,all_only,factor_cov_delta,gradual_bias,0.75,2.0,1,0.0,0.0,0.0,0.0,2016-11-05,2019-10-26
9,all_only,factor_cov_delta,gradual_bias,1.0,1.0,1,0.0,0.0,0.0,0.0,2016-11-05,2019-10-26
9,all_only,factor_cov_delta,gradual_bias,1.0,2.0,1,0.0,0.0,0.0,0.0,2016-11-05,2019-10-26
9,all_only,factor_cov_lrt,gradual_bias,0.25,1.0,1,0.0,0.0,0.0,0.0,2016-11-05,2019-10-26
9,all_only,factor_cov_lrt,gradual_bias,0.25,2.0,1,0.0,0.0,0.0,0.0,2016-11-05,2019-10-26
9,all_only,factor_cov_lrt,gradual_bias,0.5,1.0,1,0.0,0.0,0.0,0.0,2016-11-05,2019-10-26
9,all_only,factor_cov_lrt,gradual_bias,0.5,2.0,1,0.0,0.0,0.0,0.0,2016-11-05,2019-10-26
9,all_only,factor_cov_lrt,gradual_bias,0.75,1.0,1,0.0,0.0,0.0,0.0,2016-11-05,2019-10-26
9,all_only,factor_cov_lrt,gradual_bias,0.75,2.0,1,0.0,0.0,0.0,0.0,2016-11-05,2019-10-26
9,all_only,factor_cov_lrt,gradual_bias,1.0,1.0,1,0.0,0.0,0.0,0.0,2016-11-05,2019-10-26
9,all_only,factor_cov_lrt,gradual_bias,1.0,2.0,1,0.0,0.0,0.0,0.0,2016-11-05,2019-10-26
9,all_only,factor_cov_lrt_delta,gradual_bias,0.25,1.0,1,0.0,0.0,0.0,0.0,2016-11-05,2019-10-26
9,all_only,factor_cov_lrt_delta,gradual_bias,0.25,2.0,1,0.0,0.0,0.0,0.0,2016-11-05,2019-10-26
9,all_only,factor_cov_lrt_delta,gradual_bias,0.5,1.0,1,0.0,0.0,0.0,0.0,2016-11-05,2019-10-26
9,all_only,factor_cov_lrt_delta,gradual_bias,0.5,2.0,1,0.0,0.0,0.0,0.0,2016-11-05,2019-10-26
9,all_only,factor_cov_lrt_delta,gradual_bias,0.75,1.0,1,0.0,0.0,0.0,0.0,2016-11-05,2019-10-26
9,all_only,factor_cov_lrt_delta,gradual_bias,0.75,2.0,1,0.0,0.0,0.0,0.0,2016-11-05,2019-10-26
9,all_only,factor_cov_lrt_delta,gradual_bias,1.0,1.0,1,0.0,0.0,0.0,0.0,2016-11-05,2019-10-26
9,all_only,factor_cov_lrt_delta,gradual_bias,1.0,2.0,1,0.0,0.0,0.0,0.0,2016-11-05,2019-10-26
9,all_only,fused_fisher,gradual_bias,0.25,1.0,1,0.0,0.0,0.0,0.0,2016-11-05,2019-10-26
9,all_only,fused_fisher,gradual_bias,0.25,2.0,1,0.0,0.0,0.0,0.0,2016-11-05,2019-10-26
9,all_only,fused_fisher,gradual_bias,0.5,1.0,1,0.0,0.0,0.0,0.0,2016-11-05,2019-10-26
9,all_only,fused_fisher,gradual_bias,0.5,2.0,1,0.0,0.0,0.0,0.0,2016-11-05,2019-10-26
9,all_only,fused_fisher,gradual_bias,0.75,1.0,1,0.0,0.0,0.0,0.0,2016-11-05,2019-10-26
9,all_only,fused_fisher,gradual_bias,0.75,2.0,1,0.0,0.0,0.0,0.0,2016-11-05,2019-10-26
9,all_only,fused_fisher,gradual_bias,1.0,1.0,1,0.0,0.0,0.0,0.0,2016-11-05,2019-10-26
9,all_only,fused_fisher,gradual_bias,1.0,2.0,1,0.0,0.0,0.0,0.0,2016-11-05,2019-10-26
9,all_only,fused_fisher_lrt_delta,gradual_bias,0.25,1.0,1,0.0,0.0,0.0,0.0,2016-11-05,2019-10-26
9,all_only,fused_fisher_lrt_delta,gradual_bias,0.25,2.0,1,0.0,0.0,0.0,0.0,2016-11-05,2019-10-26
9,all_only,fused_fisher_lrt_delta,gradual_bias,0.5,1.0,1,0.0,0.0,0.0,0.0,2016-11-05,2019-10-26
9,all_only,fused_fisher_lrt_delta,gradual_bias,0.5,2.0,1,0.0,0.0,0.0,0.0,2016-11-05,2019-10-26
9,all_only,fused_fisher_lrt_delta,gradual_bias,0.75,1.0,1,0.0,0.0,0.0,0.0,2016-11-05,2019-10-26
9,all_only,fused_fisher_lrt_delta,gradual_bias,0.75,2.0,1,0.0,0.0,0.0,0.0,2016-11-05,2019-10-26
9,all_only,fused_fisher_lrt_delta,gradual_bias,1.0,1.0,1,0.0,0.0,0.0,0.0,2016-11-05,2019-10-26
9,all_only,fused_fisher_lrt_delta,gradual_bias,1.0,2.0,1,0.0,0.0,0.0,0.0,2016-11-05,2019-10-26
9,all_only,fused_sp,gradual_bias,0.25,1.0,1,1.0,1.0,0.0,0.0,2016-11-05,2019-10-26
9,all_only,fused_sp,gradual_bias,0.25,2.0,1,0.0,0.0,0.0,0.0,2016-11-05,2019-10-26
9,all_only,fused_sp,gradual_bias,0.5,1.0,1,1.0,1.0,0.0,0.0,2016-11-05,2019-10-26
9,all_only,fused_sp,gradual_bias,0.5,2.0,1,0.0,0.0,0.0,0.0,2016-11-05,2019-10-26
9,all_only,fused_sp,gradual_bias,0.75,1.0,1,1.0,1.0,0.0,0.0,2016-11-05,2019-10-26
9,all_only,fused_sp,gradual_bias,0.75,2.0,1,0.0,0.0,0.0,0.0,2016-11-05,2019-10-26
9,all_only,fused_sp,gradual_bias,1.0,1.0,1,1.0,1.0,0.0,0.0,2016-11-05,2019-10-26
9,all_only,fused_sp,gradual_bias,1.0,2.0,1,0.0,0.0,0.0,0.0,2016-11-05,2019-10-26
9,all_only,fused_sp_lrt_delta,gradual_bias,0.25,1.0,1,0.0,0.0,0.0,0.0,2016-11-05,2019-10-26
9,all_only,fused_sp_lrt_delta,gradual_bias,0.25,2.0,1,1.0,1.0,0.0,0.0,2016-11-05,2019-10-26
9,all_only,fused_sp_lrt_delta,gradual_bias,0.5,1.0,1,0.0,0.0,0.0,0.0,2016-11-05,2019-10-26
9,all_only,fused_sp_lrt_delta,gradual_bias,0.5,2.0,1,1.0,1.0,0.0,0.0,2016-11-05,2019-10-26
9,all_only,fused_sp_lrt_delta,gradual_bias,0.75,1.0,1,0.0,0.0,0.0,0.0,2016-11-05,2019-10-26
9,all_only,fused_sp_lrt_delta,gradual_bias,0.75,2.0,1,1.0,1.0,0.0,0.0,2016-11-05,2019-10-26
9,all_only,fused_sp_lrt_delta,gradual_bias,1.0,1.0,1,0.0,0.0,0.0,0.0,2016-11-05,2019-10-26
9,all_only,fused_sp_lrt_delta,gradual_bias,1.0,2.0,1,1.0,1.0,0.0,0.0,2016-11-05,2019-10-26
9,all_only,max_abs,gradual_bias,0.25,1.0,1,0.0,0.0,0.0,0.0,2016-11-05,2019-10-26
9,all_only,max_abs,gradual_bias,0.25,2.0,1,1.0,1.0,0.0,0.0,2016-11-05,2019-10-26
9,all_only,max_abs,gradual_bias,0.5,1.0,1,0.0,0.0,0.0,0.0,2016-11-05,2019-10-26
9,all_only,max_abs,gradual_bias,0.5,2.0,1,1.0,1.0,0.0,0.0,2016-11-05,2019-10-26
9,all_only,max_abs,gradual_bias,0.75,1.0,1,0.0,0.0,0.0,0.0,2016-11-05,2019-10-26
9,all_only,max_abs,gradual_bias,0.75,2.0,1,1.0,1.0,0.0,0.0,2016-11-05,2019-10-26
9,all_only,max_abs,gradual_bias,1.0,1.0,1,0.0,0.0,0.0,0.0,2016-11-05,2019-10-26
9,all_only,max_abs,gradual_bias,1.0,2.0,1,1.0,1.0,0.0,0.0,2016-11-05,2019-10-26
9,all_only,pc_t2,gradual_bias,0.25,1.0,1,0.0,0.0,0.0,0.0,2016-11-05,2019-10-26
9,all_only,pc_t2,gradual_bias,0.25,2.0,1,1.0,1.0,0.0,0.0,2016-11-05,2019-10-26
9,all_only,pc_t2,gradual_bias,0.5,1.0,1,0.0,0.0,0.0,0.0,2016-11-05,2019-10-26
9,all_only,pc_t2,gradual_bias,0.5,2.0,1,1.0,1.0,0.0,0.0,2016-11-05,2019-10-26
9,all_only,pc_t2,gradual_bias,0.75,1.0,1,0.0,0.0,0.0,0.0,2016-11-05,2019-10-26
9,all_only,pc_t2,gradual_bias,0.75,2.0,1,1.0,1.0,0.0,0.0,2016-11-05,2019-10-26
9,all_only,pc_t2,gradual_bias,1.0,1.0,1,0.0,0.0,0.0,0.0,2016-11-05,2019-10-26
9,all_only,pc_t2,gradual_bias,1.0,2.0,1,1.0,1.0,0.0,0.0,2016-11-05,2019-10-26
9,all_only,res_energy,gradual_bias,0.25,1.0,1,1.0,1.0,0.0,0.0,2016-11-05,2019-10-26
9,all_only,res_energy,gradual_bias,0.25,2.0,1,0.0,0.0,0.0,0.0,2016-11-05,2019-10-26
9,all_only,res_energy,gradual_bias,0.5,1.0,1,1.0,1.0,0.0,0.0,2016-11-05,2019-10-26
9,all_only,res_energy,gradual_bias,0.5,2.0,1,0.0,0.0,0.0,0.0,2016-11-05,2019-10-26
9,all_only,res_energy,gradual_bias,0.75,1.0,1,1.0,1.0,0.0,0.0,2016-11-05,2019-10-26
9,all_only,res_energy,gradual_bias,0.75,2.0,1,0.0,0.0,0.0,0.0,2016-11-05,2019-10-26
9,all_only,res_energy,gradual_bias,1.0,1.0,1,1.0,1.0,0.0,0.0,2016-11-05,2019-10-26
9,all_only,res_energy,gradual_bias,1.0,2.0,1,0.0,0.0,0.0,0.0,2016-11-05,2019-10-26
9,all_only,stale,gradual_bias,0.25,1.0,1,0.0,1.0,0.0,1.0,2016-11-05,2019-10-26
9,all_only,stale,gradual_bias,0.25,2.0,1,0.0,1.0,0.0,1.0,2016-11-05,2019-10-26
9,all_only,stale,gradual_bias,0.5,1.0,1,0.0,1.0,0.0,1.0,2016-11-05,2019-10-26
9,all_only,stale,gradual_bias,0.5,2.0,1,0.0,1.0,0.0,1.0,2016-11-05,2019-10-26
9,all_only,stale,gradual_bias,0.75,1.0,1,0.0,1.0,0.0,1.0,2016-11-05,2019-10-26
9,all_only,stale,gradual_bias,0.75,2.0,1,0.0,1.0,0.0,1.0,2016-11-05,2019-10-26
9,all_only,stale,gradual_bias,1.0,1.0,1,0.0,1.0,0.0,1.0,2016-11-05,2019-10-26
9,all_only,stale,gradual_bias,1.0,2.0,1,0.0,1.0,0.0,1.0,2016-11-05,2019-10-26
9,full,T2,gradual_bias,0.25,1.0,1,0.0,0.0,0.0,0.0,2016-11-05,2019-10-26
9,full,T2,gradual_bias,0.25,2.0,1,0.0,0.0,0.0,0.0,2016-11-05,2019-10-26
9,full,T2,gradual_bias,0.5,1.0,1,0.0,0.0,0.0,0.0,2016-11-05,2019-10-26
9,full,T2,gradual_bias,0.5,2.0,1,0.0,0.0,0.0,0.0,2016-11-05,2019-10-26
9,full,T2,gradual_bias,0.75,1.0,1,0.0,0.0,0.0,0.0,2016-11-05,2019-10-26
9,full,T2,gradual_bias,0.75,2.0,1,0.0,0.0,0.0,0.0,2016-11-05,2019-10-26
9,full,T2,gradual_bias,1.0,1.0,1,0.0,0.0,0.0,0.0,2016-11-05,2019-10-26
9,full,T2,gradual_bias,1.0,2.0,1,0.0,0.0,0.0,0.0,2016-11-05,2019-10-26
9,full,cusum_factor_cov_lrt,gradual_bias,0.25,1.0,1,0.0,0.0,1.0,0.0,2016-11-05,2019-10-26
9,full,cusum_factor_cov_lrt,gradual_bias,0.25,2.0,1,0.0,0.0,0.0,0.0,2016-11-05,2019-10-26
9,full,cusum_factor_cov_lrt,gradual_bias,0.5,1.0,1,0.0,0.0,1.0,0.0,2016-11-05,2019-10-26
9,full,cusum_factor_cov_lrt,gradual_bias,0.5,2.0,1,0.0,0.0,0.0,0.0,2016-11-05,2019-10-26
9,full,cusum_factor_cov_lrt,gradual_bias,0.75,1.0,1,0.0,0.0,1.0,0.0,2016-11-05,2019-10-26
9,full,cusum_factor_cov_lrt,gradual_bias,0.75,2.0,1,0.0,0.0,0.0,0.0,2016-11-05,2019-10-26
9,full,cusum_factor_cov_lrt,gradual_bias,1.0,1.0,1,0.0,0.0,1.0,0.0,2016-11-05,2019-10-26
9,full,cusum_factor_cov_lrt,gradual_bias,1.0,2.0,1,0.0,0.0,0.0,0.0,2016-11-05,2019-10-26
9,full,ewma_factor_cov_lrt,gradual_bias,0.25,1.0,1,0.0,0.0,0.0,0.0,2016-11-05,2019-10-26
9,full,ewma_factor_cov_lrt,gradual_bias,0.25,2.0,1,0.0,0.0,0.0,0.0,2016-11-05,2019-10-26
9,full,ewma_factor_cov_lrt,gradual_bias,0.5,1.0,1,0.0,0.0,0.0,0.0,2016-11-05,2019-10-26
9,full,ewma_factor_cov_lrt,gradual_bias,0.5,2.0,1,0.0,0.0,0.0,0.0,2016-11-05,2019-10-26
9,full,ewma_factor_cov_lrt,gradual_bias,0.75,1.0,1,0.0,0.0,0.0,0.0,2016-11-05,2019-10-26
9,full,ewma_factor_cov_lrt,gradual_bias,0.75,2.0,1,0.0,0.0,0.0,0.0,2016-11-05,2019-10-26
9,full,ewma_factor_cov_lrt,gradual_bias,1.0,1.0,1,0.0,0.0,0.0,0.0,2016-11-05,2019-10-26
9,full,ewma_factor_cov_lrt,gradual_bias,1.0,2.0,1,0.0,0.0,0.0,0.0,2016-11-05,2019-10-26
9,full,factor_cov_change,gradual_bias,0.25,1.0,1,0.0,0.0,0.0,0.0,2016-11-05,2019-10-26
9,full,factor_cov_change,gradual_bias,0.25,2.0,1,0.0,0.0,0.0,0.0,2016-11-05,2019-10-26
9,full,factor_cov_change,gradual_bias,0.5,1.0,1,0.0,0.0,0.0,0.0,2016-11-05,2019-10-26
9,full,factor_cov_change,gradual_bias,0.5,2.0,1,0.0,0.0,0.0,0.0,2016-11-05,2019-10-26
9,full,factor_cov_change,gradual_bias,0.75,1.0,1,0.0,0.0,0.0,0.0,2016-11-05,2019-10-26
9,full,factor_cov_change,gradual_bias,0.75,2.0,1,0.0,0.0,0.0,0.0,2016-11-05,2019-10-26
9,full,factor_cov_change,gradual_bias,1.0,1.0,1,0.0,0.0,0.0,0.0,2016-11-05,2019-10-26
9,full,factor_cov_change,gradual_bias,1.0,2.0,1,0.0,0.0,0.0,0.0,2016-11-05,2019-10-26
9,full,factor_cov_delta,gradual_bias,0.25,1.0,1,0.0,0.0,0.0,0.0,2016-11-05,2019-10-26
9,full,factor_cov_delta,gradual_bias,0.25,2.0,1,0.0,0.0,0.0,0.0,2016-11-05,2019-10-26
9,full,factor_cov_delta,gradual_bias,0.5,1.0,1,0.0,0.0,0.0,0.0,2016-11-05,2019-10-26
9,full,factor_cov_delta,gradual_bias,0.5,2.0,1,0.0,0.0,0.0,0.0,2016-11-05,2019-10-26
9,full,factor_cov_delta,gradual_bias,0.75,1.0,1,0.0,0.0,0.0,0.0,2016-11-05,2019-10-26
9,full,factor_cov_delta,gradual_bias,0.75,2.0,1,0.0,0.0,0.0,0.0,2016-11-05,2019-10-26
9,full,factor_cov_delta,gradual_bias,1.0,1.0,1,0.0,0.0,0.0,0.0,2016-11-05,2019-10-26
9,full,factor_cov_delta,gradual_bias,1.0,2.0,1,0.0,0.0,0.0,0.0,2016-11-05,2019-10-26
9,full,factor_cov_lrt,gradual_bias,0.25,1.0,1,1.0,1.0,0.0,0.0,2016-11-05,2019-10-26
9,full,factor_cov_lrt,gradual_bias,0.25,2.0,1,0.0,0.0,0.0,0.0,2016-11-05,2019-10-26
9,full,factor_cov_lrt,gradual_bias,0.5,1.0,1,1.0,1.0,0.0,0.0,2016-11-05,2019-10-26
9,full,factor_cov_lrt,gradual_bias,0.5,2.0,1,0.0,0.0,0.0,0.0,2016-11-05,2019-10-26
9,full,factor_cov_lrt,gradual_bias,0.75,1.0,1,0.0,0.0,0.0,0.0,2016-11-05,2019-10-26
9,full,factor_cov_lrt,gradual_bias,0.75,2.0,1,0.0,0.0,0.0,0.0,2016-11-05,2019-10-26
9,full,factor_cov_lrt,gradual_bias,1.0,1.0,1,1.0,1.0,0.0,0.0,2016-11-05,2019-10-26
9,full,factor_cov_lrt,gradual_bias,1.0,2.0,1,0.0,0.0,0.0,0.0,2016-11-05,2019-10-26
9,full,factor_cov_lrt_delta,gradual_bias,0.25,1.0,1,0.0,0.0,0.0,0.0,2016-11-05,2019-10-26
9,full,factor_cov_lrt_delta,gradual_bias,0.25,2.0,1,0.0,0.0,0.0,0.0,2016-11-05,2019-10-26
9,full,factor_cov_lrt_delta,gradual_bias,0.5,1.0,1,0.0,0.0,0.0,0.0,2016-11-05,2019-10-26
9,full,factor_cov_lrt_delta,gradual_bias,0.5,2.0,1,0.0,0.0,0.0,0.0,2016-11-05,2019-10-26
9,full,factor_cov_lrt_delta,gradual_bias,0.75,1.0,1,0.0,0.0,0.0,0.0,2016-11-05,2019-10-26
9,full,factor_cov_lrt_delta,gradual_bias,0.75,2.0,1,0.0,0.0,0.0,0.0,2016-11-05,2019-10-26
9,full,factor_cov_lrt_delta,gradual_bias,1.0,1.0,1,0.0,0.0,0.0,0.0,2016-11-05,2019-10-26
9,full,factor_cov_lrt_delta,gradual_bias,1.0,2.0,1,0.0,0.0,0.0,0.0,2016-11-05,2019-10-26
9,full,fused_fisher,gradual_bias,0.25,1.0,1,0.0,0.0,0.0,0.0,2016-11-05,2019-10-26
9,full,fused_fisher,gradual_bias,0.25,2.0,1,1.0,1.0,0.0,0.0,2016-11-05,2019-10-26
9,full,fused_fisher,gradual_bias,0.5,1.0,1,0.0,0.0,0.0,0.0,2016-11-05,2019-10-26
9,full,fused_fisher,gradual_bias,0.5,2.0,1,1.0,1.0,0.0,0.0,2016-11-05,2019-10-26
9,full,fused_fisher,gradual_bias,0.75,1.0,1,0.0,0.0,0.0,0.0,2016-11-05,2019-10-26
9,full,fused_fisher,gradual_bias,0.75,2.0,1,1.0,1.0,0.0,0.0,2016-11-05,2019-10-26
9,full,fused_fisher,gradual_bias,1.0,1.0,1,0.0,0.0,0.0,0.0,2016-11-05,2019-10-26
9,full,fused_fisher,gradual_bias,1.0,2.0,1,1.0,1.0,0.0,0.0,2016-11-05,2019-10-26
9,full,fused_fisher_lrt_delta,gradual_bias,0.25,1.0,1,0.0,0.0,0.0,0.0,2016-11-05,2019-10-26
9,full,fused_fisher_lrt_delta,gradual_bias,0.25,2.0,1,0.0,0.0,0.0,0.0,2016-11-05,2019-10-26
9,full,fused_fisher_lrt_delta,gradual_bias,0.5,1.0,1,0.0,0.0,0.0,0.0,2016-11-05,2019-10-26
9,full,fused_fisher_lrt_delta,gradual_bias,0.5,2.0,1,0.0,0.0,0.0,0.0,2016-11-05,2019-10-26
9,full,fused_fisher_lrt_delta,gradual_bias,0.75,1.0,1,0.0,0.0,0.0,0.0,2016-11-05,2019-10-26
9,full,fused_fisher_lrt_delta,gradual_bias,0.75,2.0,1,0.0,0.0,0.0,0.0,2016-11-05,2019-10-26
9,full,fused_fisher_lrt_delta,gradual_bias,1.0,1.0,1,0.0,0.0,0.0,0.0,2016-11-05,2019-10-26
9,full,fused_fisher_lrt_delta,gradual_bias,1.0,2.0,1,0.0,0.0,0.0,0.0,2016-11-05,2019-10-26
9,full,fused_sp,gradual_bias,0.25,1.0,1,0.0,0.0,0.0,0.0,2016-11-05,2019-10-26
9,full,fused_sp,gradual_bias,0.25,2.0,1,0.0,0.0,0.0,0.0,2016-11-05,2019-10-26
9,full,fused_sp,gradual_bias,0.5,1.0,1,0.0,0.0,0.0,0.0,2016-11-05,2019-10-26
9,full,fused_sp,gradual_bias,0.5,2.0,1,0.0,0.0,0.0,0.0,2016-11-05,2019-10-26
9,full,fused_sp,gradual_bias,0.75,1.0,1,0.0,0.0,0.0,0.0,2016-11-05,2019-10-26
9,full,fused_sp,gradual_bias,0.75,2.0,1,0.0,0.0,0.0,0.0,2016-11-05,2019-10-26
9,full,fused_sp,gradual_bias,1.0,1.0,1,0.0,0.0,0.0,0.0,2016-11-05,2019-10-26
9,full,fused_sp,gradual_bias,1.0,2.0,1,0.0,0.0,0.0,0.0,2016-11-05,2019-10-26
9,full,fused_sp_lrt_delta,gradual_bias,0.25,1.0,1,0.0,0.0,0.0,0.0,2016-11-05,2019-10-26
9,full,fused_sp_lrt_delta,gradual_bias,0.25,2.0,1,0.0,0.0,0.0,0.0,2016-11-05,2019-10-26
9,full,fused_sp_lrt_delta,gradual_bias,0.5,1.0,1,0.0,0.0,0.0,0.0,2016-11-05,2019-10-26
9,full,fused_sp_lrt_delta,gradual_bias,0.5,2.0,1,0.0,0.0,0.0,0.0,2016-11-05,2019-10-26
9,full,fused_sp_lrt_delta,gradual_bias,0.75,1.0,1,0.0,0.0,0.0,0.0,2016-11-05,2019-10-26
9,full,fused_sp_lrt_delta,gradual_bias,0.75,2.0,1,0.0,0.0,0.0,0.0,2016-11-05,2019-10-26
9,full,fused_sp_lrt_delta,gradual_bias,1.0,1.0,1,0.0,0.0,0.0,0.0,2016-11-05,2019-10-26
9,full,fused_sp_lrt_delta,gradual_bias,1.0,2.0,1,0.0,0.0,0.0,0.0,2016-11-05,2019-10-26
9,full,max_abs,gradual_bias,0.25,1.0,1,0.0,0.0,0.0,0.0,2016-11-05,2019-10-26
9,full,max_abs,gradual_bias,0.25,2.0,1,0.0,0.0,0.0,0.0,2016-11-05,2019-10-26
9,full,max_abs,gradual_bias,0.5,1.0,1,0.0,0.0,0.0,0.0,2016-11-05,2019-10-26
9,full,max_abs,gradual_bias,0.5,2.0,1,0.0,0.0,0.0,0.0,2016-11-05,2019-10-26
9,full,max_abs,gradual_bias,0.75,1.0,1,0.0,0.0,0.0,0.0,2016-11-05,2019-10-26
9,full,max_abs,gradual_bias,0.75,2.0,1,0.0,0.0,0.0,0.0,2016-11-05,2019-10-26
9,full,max_abs,gradual_bias,1.0,1.0,1,0.0,0.0,0.0,0.0,2016-11-05,2019-10-26
9,full,max_abs,gradual_bias,1.0,2.0,1,0.0,0.0,0.0,0.0,2016-11-05,2019-10-26
9,full,pc_t2,gradual_bias,0.25,1.0,1,0.0,0.0,0.0,0.0,2016-11-05,2019-10-26
9,full,pc_t2,gradual_bias,0.25,2.0,1,0.0,0.0,0.0,0.0,2016-11-05,2019-10-26
9,full,pc_t2,gradual_bias,0.5,1.0,1,0.0,0.0,0.0,0.0,2016-11-05,2019-10-26
9,full,pc_t2,gradual_bias,0.5,2.0,1,0.0,0.0,0.0,0.0,2016-11-05,2019-10-26
9,full,pc_t2,gradual_bias,0.75,1.0,1,0.0,0.0,0.0,0.0,2016-11-05,2019-10-26
9,full,pc_t2,gradual_bias,0.75,2.0,1,0.0,0.0,0.0,0.0,2016-11-05,2019-10-26
9,full,pc_t2,gradual_bias,1.0,1.0,1,0.0,0.0,0.0,0.0,2016-11-05,2019-10-26
9,full,pc_t2,gradual_bias,1.0,2.0,1,0.0,0.0,0.0,0.0,2016-11-05,2019-10-26
9,full,res_energy,gradual_bias,0.25,1.0,1,0.0,0.0,0.0,0.0,2016-11-05,2019-10-26
9,full,res_energy,gradual_bias,0.25,2.0,1,0.0,0.0,0.0,0.0,2016-11-05,2019-10-26
9,full,res_energy,gradual_bias,0.5,1.0,1,0.0,0.0,0.0,0.0,2016-11-05,2019-10-26
9,full,res_energy,gradual_bias,0.5,2.0,1,0.0,0.0,0.0,0.0,2016-11-05,2019-10-26
9,full,res_energy,gradual_bias,0.75,1.0,1,0.0,0.0,0.0,0.0,2016-11-05,2019-10-26
9,full,res_energy,gradual_bias,0.75,2.0,1,0.0,0.0,0.0,0.0,2016-11-05,2019-10-26
9,full,res_energy,gradual_bias,1.0,1.0,1,0.0,0.0,0.0,0.0,2016-11-05,2019-10-26
9,full,res_energy,gradual_bias,1.0,2.0,1,0.0,0.0,0.0,0.0,2016-11-05,2019-10-26
9,full,stale,gradual_bias,0.25,1.0,1,0.0,1.0,0.0,1.0,2016-11-05,2019-10-26
9,full,stale,gradual_bias,0.25,2.0,1,0.0,1.0,0.0,1.0,2016-11-05,2019-10-26
9,full,stale,gradual_bias,0.5,1.0,1,0.0,1.0,0.0,1.0,2016-11-05,2019-10-26
9,full,stale,gradual_bias,0.5,2.0,1,0.0,1.0,0.0,1.0,2016-11-05,2019-10-26
9,full,stale,gradual_bias,0.75,1.0,1,0.0,1.0,0.0,1.0,2016-11-05,2019-10-26
9,full,stale,gradual_bias,0.75,2.0,1,0.0,1.0,0.0,1.0,2016-11-05,2019-10-26
9,full,stale,gradual_bias,1.0,1.0,1,0.0,1.0,0.0,1.0,2016-11-05,2019-10-26
9,full,stale,gradual_bias,1.0,2.0,1,0.0,1.0,0.0,1.0,2016-11-05,2019-10-26
9,score_only,T2,gradual_bias,0.25,1.0,1,0.0,0.0,0.0,0.0,2016-11-05,2019-10-26
9,score_only,T2,gradual_bias,0.25,2.0,1,0.0,0.0,0.0,0.0,2016-11-05,2019-10-26
9,score_only,T2,gradual_bias,0.5,1.0,1,0.0,0.0,0.0,0.0,2016-11-05,2019-10-26
9,score_only,T2,gradual_bias,0.5,2.0,1,0.0,0.0,0.0,0.0,2016-11-05,2019-10-26
9,score_only,T2,gradual_bias,0.75,1.0,1,0.0,0.0,0.0,0.0,2016-11-05,2019-10-26
9,score_only,T2,gradual_bias,0.75,2.0,1,0.0,0.0,0.0,0.0,2016-11-05,2019-10-26
9,score_only,T2,gradual_bias,1.0,1.0,1,0.0,0.0,0.0,0.0,2016-11-05,2019-10-26
9,score_only,T2,gradual_bias,1.0,2.0,1,0.0,0.0,0.0,0.0,2016-11-05,2019-10-26
9,score_only,coh_resid_energy,gradual_bias,0.25,1.0,1,0.0,0.0,0.0,0.0,2016-11-05,2019-10-26
9,score_only,coh_resid_energy,gradual_bias,0.25,2.0,1,0.0,0.0,0.0,0.0,2016-11-05,2019-10-26
9,score_only,coh_resid_energy,gradual_bias,0.5,1.0,1,0.0,0.0,0.0,0.0,2016-11-05,2019-10-26
9,score_only,coh_resid_energy,gradual_bias,0.5,2.0,1,0.0,0.0,0.0,0.0,2016-11-05,2019-10-26
9,score_only,coh_resid_energy,gradual_bias,0.75,1.0,1,0.0,0.0,0.0,0.0,2016-11-05,2019-10-26
9,score_only,coh_resid_energy,gradual_bias,0.75,2.0,1,0.0,0.0,0.0,0.0,2016-11-05,2019-10-26
9,score_only,coh_resid_energy,gradual_bias,1.0,1.0,1,0.0,0.0,0.0,0.0,2016-11-05,2019-10-26
9,score_only,coh_resid_energy,gradual_bias,1.0,2.0,1,0.0,0.0,0.0,0.0,2016-11-05,2019-10-26
9,score_only,coh_resid_t2,gradual_bias,0.25,1.0,1,0.0,0.0,0.0,0.0,2016-11-05,2019-10-26
9,score_only,coh_resid_t2,gradual_bias,0.25,2.0,1,0.0,0.0,0.0,0.0,2016-11-05,2019-10-26
9,score_only,coh_resid_t2,gradual_bias,0.5,1.0,1,0.0,0.0,0.0,0.0,2016-11-05,2019-10-26
9,score_only,coh_resid_t2,gradual_bias,0.5,2.0,1,0.0,0.0,0.0,0.0,2016-11-05,2019-10-26
9,score_only,coh_resid_t2,gradual_bias,0.75,1.0,1,0.0,0.0,0.0,0.0,2016-11-05,2019-10-26
9,score_only,coh_resid_t2,gradual_bias,0.75,2.0,1,0.0,0.0,0.0,0.0,2016-11-05,2019-10-26
9,score_only,coh_resid_t2,gradual_bias,1.0,1.0,1,0.0,0.0,0.0,0.0,2016-11-05,2019-10-26
9,score_only,coh_resid_t2,gradual_bias,1.0,2.0,1,0.0,0.0,0.0,0.0,2016-11-05,2019-10-26
9,score_only,cusum_coh_resid_t2,gradual_bias,0.25,1.0,1,0.0,0.0,0.0,0.0,2016-11-05,2019-10-26
9,score_only,cusum_coh_resid_t2,gradual_bias,0.25,2.0,1,0.0,0.0,0.0,0.0,2016-11-05,2019-10-26
9,score_only,cusum_coh_resid_t2,gradual_bias,0.5,1.0,1,0.0,0.0,0.0,0.0,2016-11-05,2019-10-26
9,score_only,cusum_coh_resid_t2,gradual_bias,0.5,2.0,1,0.0,0.0,0.0,0.0,2016-11-05,2019-10-26
9,score_only,cusum_coh_resid_t2,gradual_bias,0.75,1.0,1,0.0,0.0,0.0,0.0,2016-11-05,2019-10-26
9,score_only,cusum_coh_resid_t2,gradual_bias,0.75,2.0,1,0.0,0.0,0.0,0.0,2016-11-05,2019-10-26
9,score_only,cusum_coh_resid_t2,gradual_bias,1.0,1.0,1,0.0,0.0,0.0,0.0,2016-11-05,2019-10-26
9,score_only,cusum_coh_resid_t2,gradual_bias,1.0,2.0,1,0.0,0.0,0.0,0.0,2016-11-05,2019-10-26
9,score_only,cusum_factor_cov_lrt,gradual_bias,0.25,1.0,1,0.0,0.0,1.0,0.0,2016-11-05,2019-10-26
9,score_only,cusum_factor_cov_lrt,gradual_bias,0.25,2.0,1,0.0,0.0,0.0,0.0,2016-11-05,2019-10-26
9,score_only,cusum_factor_cov_lrt,gradual_bias,0.5,1.0,1,0.0,0.0,1.0,0.0,2016-11-05,2019-10-26
9,score_only,cusum_factor_cov_lrt,gradual_bias,0.5,2.0,1,0.0,0.0,0.0,0.0,2016-11-05,2019-10-26
9,score_only,cusum_factor_cov_lrt,gradual_bias,0.75,1.0,1,0.0,0.0,1.0,0.0,2016-11-05,2019-10-26
9,score_only,cusum_factor_cov_lrt,gradual_bias,0.75,2.0,1,0.0,0.0,0.0,0.0,2016-11-05,2019-10-26
9,score_only,cusum_factor_cov_lrt,gradual_bias,1.0,1.0,1,0.0,0.0,1.0,0.0,2016-11-05,2019-10-26
9,score_only,cusum_factor_cov_lrt,gradual_bias,1.0,2.0,1,0.0,0.0,0.0,0.0,2016-11-05,2019-10-26
9,score_only,ewma_coh_resid_t2,gradual_bias,0.25,1.0,1,0.0,0.0,0.0,0.0,2016-11-05,2019-10-26
9,score_only,ewma_coh_resid_t2,gradual_bias,0.25,2.0,1,1.0,1.0,0.0,0.0,2016-11-05,2019-10-26
9,score_only,ewma_coh_resid_t2,gradual_bias,0.5,1.0,1,0.0,0.0,0.0,0.0,2016-11-05,2019-10-26
9,score_only,ewma_coh_resid_t2,gradual_bias,0.5,2.0,1,1.0,1.0,0.0,0.0,2016-11-05,2019-10-26
9,score_only,ewma_coh_resid_t2,gradual_bias,0.75,1.0,1,0.0,0.0,0.0,0.0,2016-11-05,2019-10-26
9,score_only,ewma_coh_resid_t2,gradual_bias,0.75,2.0,1,1.0,1.0,0.0,0.0,2016-11-05,2019-10-26
9,score_only,ewma_coh_resid_t2,gradual_bias,1.0,1.0,1,0.0,0.0,0.0,0.0,2016-11-05,2019-10-26
9,score_only,ewma_coh_resid_t2,gradual_bias,1.0,2.0,1,1.0,1.0,0.0,0.0,2016-11-05,2019-10-26
9,score_only,ewma_factor_cov_lrt,gradual_bias,0.25,1.0,1,0.0,0.0,0.0,0.0,2016-11-05,2019-10-26
9,score_only,ewma_factor_cov_lrt,gradual_bias,0.25,2.0,1,1.0,1.0,0.0,0.0,2016-11-05,2019-10-26
9,score_only,ewma_factor_cov_lrt,gradual_bias,0.5,1.0,1,0.0,0.0,0.0,0.0,2016-11-05,2019-10-26
9,score_only,ewma_factor_cov_lrt,gradual_bias,0.5,2.0,1,1.0,1.0,0.0,0.0,2016-11-05,2019-10-26
9,score_only,ewma_factor_cov_lrt,gradual_bias,0.75,1.0,1,0.0,0.0,0.0,0.0,2016-11-05,2019-10-26
9,score_only,ewma_factor_cov_lrt,gradual_bias,0.75,2.0,1,1.0,1.0,0.0,0.0,2016-11-05,2019-10-26
9,score_only,ewma_factor_cov_lrt,gradual_bias,1.0,1.0,1,0.0,0.0,0.0,0.0,2016-11-05,2019-10-26
9,score_only,ewma_factor_cov_lrt,gradual_bias,1.0,2.0,1,1.0,1.0,0.0,0.0,2016-11-05,2019-10-26
9,score_only,factor_cov_change,gradual_bias,0.25,1.0,1,1.0,1.0,0.0,0.0,2016-11-05,2019-10-26
9,score_only,factor_cov_change,gradual_bias,0.25,2.0,1,0.0,0.0,0.0,0.0,2016-11-05,2019-10-26
9,score_only,factor_cov_change,gradual_bias,0.5,1.0,1,1.0,1.0,0.0,0.0,2016-11-05,2019-10-26
9,score_only,factor_cov_change,gradual_bias,0.5,2.0,1,0.0,0.0,0.0,0.0,2016-11-05,2019-10-26
9,score_only,factor_cov_change,gradual_bias,0.75,1.0,1,1.0,1.0,0.0,0.0,2016-11-05,2019-10-26
9,score_only,factor_cov_change,gradual_bias,0.75,2.0,1,0.0,0.0,0.0,0.0,2016-11-05,2019-10-26
9,score_only,factor_cov_change,gradual_bias,1.0,1.0,1,1.0,1.0,0.0,0.0,2016-11-05,2019-10-26
9,score_only,factor_cov_change,gradual_bias,1.0,2.0,1,0.0,0.0,0.0,0.0,2016-11-05,2019-10-26
9,score_only,factor_cov_delta,gradual_bias,0.25,1.0,1,0.0,0.0,0.0,0.0,2016-11-05,2019-10-26
9,score_only,factor_cov_delta,gradual_bias,0.25,2.0,1,0.0,0.0,0.0,0.0,2016-11-05,2019-10-26
9,score_only,factor_cov_delta,gradual_bias,0.5,1.0,1,0.0,0.0,0.0,0.0,2016-11-05,2019-10-26
9,score_only,factor_cov_delta,gradual_bias,0.5,2.0,1,0.0,0.0,0.0,0.0,2016-11-05,2019-10-26
9,score_only,factor_cov_delta,gradual_bias,0.75,1.0,1,0.0,0.0,0.0,0.0,2016-11-05,2019-10-26
9,score_only,factor_cov_delta,gradual_bias,0.75,2.0,1,0.0,0.0,0.0,0.0,2016-11-05,2019-10-26
9,score_only,factor_cov_delta,gradual_bias,1.0,1.0,1,0.0,0.0,0.0,0.0,2016-11-05,2019-10-26
9,score_only,factor_cov_delta,gradual_bias,1.0,2.0,1,0.0,0.0,0.0,0.0,2016-11-05,2019-10-26
9,score_only,factor_cov_lrt,gradual_bias,0.25,1.0,1,0.0,0.0,0.0,0.0,2016-11-05,2019-10-26
9,score_only,factor_cov_lrt,gradual_bias,0.25,2.0,1,0.0,0.0,0.0,0.0,2016-11-05,2019-10-26
9,score_only,factor_cov_lrt,gradual_bias,0.5,1.0,1,0.0,0.0,0.0,0.0,2016-11-05,2019-10-26
9,score_only,factor_cov_lrt,gradual_bias,0.5,2.0,1,0.0,0.0,0.0,0.0,2016-11-05,2019-10-26
9,score_only,factor_cov_lrt,gradual_bias,0.75,1.0,1,0.0,0.0,0.0,0.0,2016-11-05,2019-10-26
9,score_only,factor_cov_lrt,gradual_bias,0.75,2.0,1,0.0,0.0,0.0,0.0,2016-11-05,2019-10-26
9,score_only,factor_cov_lrt,gradual_bias,1.0,1.0,1,0.0,0.0,0.0,0.0,2016-11-05,2019-10-26
9,score_only,factor_cov_lrt,gradual_bias,1.0,2.0,1,0.0,0.0,0.0,0.0,2016-11-05,2019-10-26
9,score_only,factor_cov_lrt_delta,gradual_bias,0.25,1.0,1,0.0,0.0,0.0,0.0,2016-11-05,2019-10-26
9,score_only,factor_cov_lrt_delta,gradual_bias,0.25,2.0,1,0.0,0.0,0.0,0.0,2016-11-05,2019-10-26
9,score_only,factor_cov_lrt_delta,gradual_bias,0.5,1.0,1,0.0,0.0,0.0,0.0,2016-11-05,2019-10-26
9,score_only,factor_cov_lrt_delta,gradual_bias,0.5,2.0,1,0.0,0.0,0.0,0.0,2016-11-05,2019-10-26
9,score_only,factor_cov_lrt_delta,gradual_bias,0.75,1.0,1,0.0,0.0,0.0,0.0,2016-11-05,2019-10-26
9,score_only,factor_cov_lrt_delta,gradual_bias,0.75,2.0,1,0.0,0.0,0.0,0.0,2016-11-05,2019-10-26
9,score_only,factor_cov_lrt_delta,gradual_bias,1.0,1.0,1,0.0,0.0,0.0,0.0,2016-11-05,2019-10-26
9,score_only,factor_cov_lrt_delta,gradual_bias,1.0,2.0,1,0.0,0.0,0.0,0.0,2016-11-05,2019-10-26
9,score_only,fused_fisher,gradual_bias,0.25,1.0,1,0.0,0.0,0.0,0.0,2016-11-05,2019-10-26
9,score_only,fused_fisher,gradual_bias,0.25,2.0,1,1.0,1.0,0.0,0.0,2016-11-05,2019-10-26
9,score_only,fused_fisher,gradual_bias,0.5,1.0,1,0.0,0.0,0.0,0.0,2016-11-05,2019-10-26
9,score_only,fused_fisher,gradual_bias,0.5,2.0,1,1.0,1.0,0.0,0.0,2016-11-05,2019-10-26
9,score_only,fused_fisher,gradual_bias,0.75,1.0,1,0.0,0.0,0.0,0.0,2016-11-05,2019-10-26
9,score_only,fused_fisher,gradual_bias,0.75,2.0,1,1.0,1.0,0.0,0.0,2016-11-05,2019-10-26
9,score_only,fused_fisher,gradual_bias,1.0,1.0,1,0.0,0.0,0.0,0.0,2016-11-05,2019-10-26
9,score_only,fused_fisher,gradual_bias,1.0,2.0,1,1.0,1.0,0.0,0.0,2016-11-05,2019-10-26
9,score_only,fused_fisher_lrt_delta,gradual_bias,0.25,1.0,1,0.0,0.0,0.0,0.0,2016-11-05,2019-10-26
9,score_only,fused_fisher_lrt_delta,gradual_bias,0.25,2.0,1,0.0,0.0,0.0,0.0,2016-11-05,2019-10-26
9,score_only,fused_fisher_lrt_delta,gradual_bias,0.5,1.0,1,0.0,0.0,0.0,0.0,2016-11-05,2019-10-26
9,score_only,fused_fisher_lrt_delta,gradual_bias,0.5,2.0,1,0.0,0.0,0.0,0.0,2016-11-05,2019-10-26
9,score_only,fused_fisher_lrt_delta,gradual_bias,0.75,1.0,1,0.0,0.0,0.0,0.0,2016-11-05,2019-10-26
9,score_only,fused_fisher_lrt_delta,gradual_bias,0.75,2.0,1,0.0,0.0,0.0,0.0,2016-11-05,2019-10-26
9,score_only,fused_fisher_lrt_delta,gradual_bias,1.0,1.0,1,0.0,0.0,0.0,0.0,2016-11-05,2019-10-26
9,score_only,fused_fisher_lrt_delta,gradual_bias,1.0,2.0,1,0.0,0.0,0.0,0.0,2016-11-05,2019-10-26
9,score_only,fused_sp,gradual_bias,0.25,1.0,1,0.0,0.0,0.0,0.0,2016-11-05,2019-10-26
9,score_only,fused_sp,gradual_bias,0.25,2.0,1,0.0,0.0,0.0,0.0,2016-11-05,2019-10-26
9,score_only,fused_sp,gradual_bias,0.5,1.0,1,0.0,0.0,0.0,0.0,2016-11-05,2019-10-26
9,score_only,fused_sp,gradual_bias,0.5,2.0,1,0.0,0.0,0.0,0.0,2016-11-05,2019-10-26
9,score_only,fused_sp,gradual_bias,0.75,1.0,1,0.0,0.0,0.0,0.0,2016-11-05,2019-10-26
9,score_only,fused_sp,gradual_bias,0.75,2.0,1,0.0,0.0,0.0,0.0,2016-11-05,2019-10-26
9,score_only,fused_sp,gradual_bias,1.0,1.0,1,0.0,0.0,0.0,0.0,2016-11-05,2019-10-26
9,score_only,fused_sp,gradual_bias,1.0,2.0,1,0.0,0.0,0.0,0.0,2016-11-05,2019-10-26
9,score_only,fused_sp_lrt_delta,gradual_bias,0.25,1.0,1,0.0,0.0,0.0,0.0,2016-11-05,2019-10-26
9,score_only,fused_sp_lrt_delta,gradual_bias,0.25,2.0,1,0.0,0.0,0.0,0.0,2016-11-05,2019-10-26
9,score_only,fused_sp_lrt_delta,gradual_bias,0.5,1.0,1,0.0,0.0,0.0,0.0,2016-11-05,2019-10-26
9,score_only,fused_sp_lrt_delta,gradual_bias,0.5,2.0,1,0.0,0.0,0.0,0.0,2016-11-05,2019-10-26
9,score_only,fused_sp_lrt_delta,gradual_bias,0.75,1.0,1,0.0,0.0,0.0,0.0,2016-11-05,2019-10-26
9,score_only,fused_sp_lrt_delta,gradual_bias,0.75,2.0,1,0.0,0.0,0.0,0.0,2016-11-05,2019-10-26
9,score_only,fused_sp_lrt_delta,gradual_bias,1.0,1.0,1,0.0,0.0,0.0,0.0,2016-11-05,2019-10-26
9,score_only,fused_sp_lrt_delta,gradual_bias,1.0,2.0,1,0.0,0.0,0.0,0.0,2016-11-05,2019-10-26
9,score_only,max_abs,gradual_bias,0.25,1.0,1,0.0,0.0,0.0,0.0,2016-11-05,2019-10-26
9,score_only,max_abs,gradual_bias,0.25,2.0,1,0.0,0.0,0.0,0.0,2016-11-05,2019-10-26
9,score_only,max_abs,gradual_bias,0.5,1.0,1,0.0,0.0,0.0,0.0,2016-11-05,2019-10-26
9,score_only,max_abs,gradual_bias,0.5,2.0,1,0.0,0.0,0.0,0.0,2016-11-05,2019-10-26
9,score_only,max_abs,gradual_bias,0.75,1.0,1,0.0,0.0,0.0,0.0,2016-11-05,2019-10-26
9,score_only,max_abs,gradual_bias,0.75,2.0,1,0.0,0.0,0.0,0.0,2016-11-05,2019-10-26
9,score_only,max_abs,gradual_bias,1.0,1.0,1,0.0,0.0,0.0,0.0,2016-11-05,2019-10-26
9,score_only,max_abs,gradual_bias,1.0,2.0,1,0.0,0.0,0.0,0.0,2016-11-05,2019-10-26
9,score_only,pc_t2,gradual_bias,0.25,1.0,1,0.0,0.0,0.0,0.0,2016-11-05,2019-10-26
9,score_only,pc_t2,gradual_bias,0.25,2.0,1,0.0,0.0,0.0,0.0,2016-11-05,2019-10-26
9,score_only,pc_t2,gradual_bias,0.5,1.0,1,0.0,0.0,0.0,0.0,2016-11-05,2019-10-26
9,score_only,pc_t2,gradual_bias,0.5,2.0,1,0.0,0.0,0.0,0.0,2016-11-05,2019-10-26
9,score_only,pc_t2,gradual_bias,0.75,1.0,1,0.0,0.0,0.0,0.0,2016-11-05,2019-10-26
9,score_only,pc_t2,gradual_bias,0.75,2.0,1,0.0,0.0,0.0,0.0,2016-11-05,2019-10-26
9,score_only,pc_t2,gradual_bias,1.0,1.0,1,0.0,0.0,0.0,0.0,2016-11-05,2019-10-26
9,score_only,pc_t2,gradual_bias,1.0,2.0,1,0.0,0.0,0.0,0.0,2016-11-05,2019-10-26
9,score_only,res_energy,gradual_bias,0.25,1.0,1,0.0,0.0,0.0,0.0,2016-11-05,2019-10-26
9,score_only,res_energy,gradual_bias,0.25,2.0,1,1.0,1.0,0.0,0.0,2016-11-05,2019-10-26
9,score_only,res_energy,gradual_bias,0.5,1.0,1,0.0,0.0,0.0,0.0,2016-11-05,2019-10-26
9,score_only,res_energy,gradual_bias,0.5,2.0,1,1.0,1.0,0.0,0.0,2016-11-05,2019-10-26
9,score_only,res_energy,gradual_bias,0.75,1.0,1,0.0,0.0,0.0,0.0,2016-11-05,2019-10-26
9,score_only,res_energy,gradual_bias,0.75,2.0,1,1.0,1.0,0.0,0.0,2016-11-05,2019-10-26
9,score_only,res_energy,gradual_bias,1.0,1.0,1,0.0,0.0,0.0,0.0,2016-11-05,2019-10-26
9,score_only,res_energy,gradual_bias,1.0,2.0,1,1.0,1.0,0.0,0.0,2016-11-05,2019-10-26
9,score_only,stale,gradual_bias,0.25,1.0,1,0.0,0.0,0.0,1.0,2016-11-05,2019-10-26
9,score_only,stale,gradual_bias,0.25,2.0,1,0.0,0.0,0.0,1.0,2016-11-05,2019-10-26
9,score_only,stale,gradual_bias,0.5,1.0,1,0.0,0.0,0.0,1.0,2016-11-05,2019-10-26
9,score_only,stale,gradual_bias,0.5,2.0,1,0.0,0.0,0.0,1.0,2016-11-05,2019-10-26
9,score_only,stale,gradual_bias,0.75,1.0,1,0.0,0.0,0.0,1.0,2016-11-05,2019-10-26
9,score_only,stale,gradual_bias,0.75,2.0,1,0.0,0.0,0.0,1.0,2016-11-05,2019-10-26
9,score_only,stale,gradual_bias,1.0,1.0,1,0.0,0.0,0.0,1.0,2016-11-05,2019-10-26
9,score_only,stale,gradual_bias,1.0,2.0,1,0.0,0.0,0.0,1.0,2016-11-05,2019-10-26
11,all_only,T2,gradual_bias,0.25,1.0,2,0.0,0.0,0.0,0.0,2018-11-03,2021-10-23
11,all_only,T2,gradual_bias,0.25,2.0,2,0.0,0.0,0.0,0.0,2018-11-03,2021-10-23
11,all_only,T2,gradual_bias,0.5,1.0,2,0.0,0.0,0.0,0.0,2018-11-03,2021-10-23
11,all_only,T2,gradual_bias,0.5,2.0,2,0.0,0.0,0.0,0.0,2018-11-03,2021-10-23
11,all_only,T2,gradual_bias,0.75,1.0,2,0.0,0.0,0.0,0.0,2018-11-03,2021-10-23
11,all_only,T2,gradual_bias,0.75,2.0,2,0.0,0.0,0.0,0.0,2018-11-03,2021-10-23
11,all_only,T2,gradual_bias,1.0,1.0,2,0.0,0.0,0.0,0.0,2018-11-03,2021-10-23
11,all_only,T2,gradual_bias,1.0,2.0,2,0.0,0.0,0.0,0.0,2018-11-03,2021-10-23
11,all_only,cusum_factor_cov_lrt,gradual_bias,0.25,1.0,2,0.0,0.0,0.0,0.0,2018-11-03,2021-10-23
11,all_only,cusum_factor_cov_lrt,gradual_bias,0.25,2.0,2,0.0,0.0,0.0,0.0,2018-11-03,2021-10-23
11,all_only,cusum_factor_cov_lrt,gradual_bias,0.5,1.0,2,0.0,0.0,0.0,0.0,2018-11-03,2021-10-23
11,all_only,cusum_factor_cov_lrt,gradual_bias,0.5,2.0,2,0.0,0.0,0.0,0.0,2018-11-03,2021-10-23
11,all_only,cusum_factor_cov_lrt,gradual_bias,0.75,1.0,2,0.0,0.0,0.0,0.0,2018-11-03,2021-10-23
11,all_only,cusum_factor_cov_lrt,gradual_bias,0.75,2.0,2,0.0,0.0,0.0,0.0,2018-11-03,2021-10-23
11,all_only,cusum_factor_cov_lrt,gradual_bias,1.0,1.0,2,0.0,0.0,0.0,0.0,2018-11-03,2021-10-23
11,all_only,cusum_factor_cov_lrt,gradual_bias,1.0,2.0,2,0.0,0.0,0.0,0.0,2018-11-03,2021-10-23
11,all_only,ewma_factor_cov_lrt,gradual_bias,0.25,1.0,2,0.0,0.0,0.0,0.0,2018-11-03,2021-10-23
11,all_only,ewma_factor_cov_lrt,gradual_bias,0.25,2.0,2,1.0,1.0,0.0,0.0,2018-11-03,2021-10-23
11,all_only,ewma_factor_cov_lrt,gradual_bias,0.5,1.0,2,0.0,0.0,0.0,0.0,2018-11-03,2021-10-23
11,all_only,ewma_factor_cov_lrt,gradual_bias,0.5,2.0,2,1.0,1.0,0.0,0.0,2018-11-03,2021-10-23
11,all_only,ewma_factor_cov_lrt,gradual_bias,0.75,1.0,2,0.0,0.0,0.0,0.0,2018-11-03,2021-10-23
11,all_only,ewma_factor_cov_lrt,gradual_bias,0.75,2.0,2,1.0,1.0,0.0,0.0,2018-11-03,2021-10-23
11,all_only,ewma_factor_cov_lrt,gradual_bias,1.0,1.0,2,0.0,0.0,0.0,0.0,2018-11-03,2021-10-23
11,all_only,ewma_factor_cov_lrt,gradual_bias,1.0,2.0,2,1.0,1.0,0.0,0.0,2018-11-03,2021-10-23
11,all_only,factor_cov_change,gradual_bias,0.25,1.0,2,0.0,0.0,0.0,0.0,2018-11-03,2021-10-23
11,all_only,factor_cov_change,gradual_bias,0.25,2.0,2,0.5,0.5,0.0,0.0,2018-11-03,2021-10-23
11,all_only,factor_cov_change,gradual_bias,0.5,1.0,2,0.0,0.0,0.0,0.0,2018-11-03,2021-10-23
11,all_only,factor_cov_change,gradual_bias,0.5,2.0,2,0.5,0.5,0.0,0.0,2018-11-03,2021-10-23
11,all_only,factor_cov_change,gradual_bias,0.75,1.0,2,0.0,0.0,0.0,0.0,2018-11-03,2021-10-23
11,all_only,factor_cov_change,gradual_bias,0.75,2.0,2,0.5,0.5,0.0,0.0,2018-11-03,2021-10-23
11,all_only,factor_cov_change,gradual_bias,1.0,1.0,2,0.0,0.0,0.0,0.0,2018-11-03,2021-10-23
11,all_only,factor_cov_change,gradual_bias,1.0,2.0,2,0.5,0.5,0.0,0.0,2018-11-03,2021-10-23
11,all_only,factor_cov_delta,gradual_bias,0.25,1.0,2,0.0,0.0,0.0,0.0,2018-11-03,2021-10-23
11,all_only,factor_cov_delta,gradual_bias,0.25,2.0,2,0.0,0.0,0.0,0.0,2018-11-03,2021-10-23
11,all_only,factor_cov_delta,gradual_bias,0.5,1.0,2,0.0,0.0,0.0,0.0,2018-11-03,2021-10-23
11,all_only,factor_cov_delta,gradual_bias,0.5,2.0,2,0.0,0.0,0.0,0.0,2018-11-03,2021-10-23
11,all_only,factor_cov_delta,gradual_bias,0.75,1.0,2,0.0,0.0,0.0,0.0,2018-11-03,2021-10-23
11,all_only,factor_cov_delta,gradual_bias,0.75,2.0,2,0.0,0.0,0.0,0.0,2018-11-03,2021-10-23
11,all_only,factor_cov_delta,gradual_bias,1.0,1.0,2,0.0,0.0,0.0,0.0,2018-11-03,2021-10-23
11,all_only,factor_cov_delta,gradual_bias,1.0,2.0,2,0.0,0.0,0.0,0.0,2018-11-03,2021-10-23
11,all_only,factor_cov_lrt,gradual_bias,0.25,1.0,2,0.0,0.0,0.0,0.0,2018-11-03,2021-10-23
11,all_only,factor_cov_lrt,gradual_bias,0.25,2.0,2,0.5,0.5,0.0,0.0,2018-11-03,2021-10-23
11,all_only,factor_cov_lrt,gradual_bias,0.5,1.0,2,0.0,0.0,0.0,0.0,2018-11-03,2021-10-23
11,all_only,factor_cov_lrt,gradual_bias,0.5,2.0,2,0.5,0.5,0.0,0.0,2018-11-03,2021-10-23
11,all_only,factor_cov_lrt,gradual_bias,0.75,1.0,2,0.0,0.0,0.0,0.0,2018-11-03,2021-10-23
11,all_only,factor_cov_lrt,gradual_bias,0.75,2.0,2,0.5,0.5,0.0,0.0,2018-11-03,2021-10-23
11,all_only,factor_cov_lrt,gradual_bias,1.0,1.0,2,0.0,0.0,0.0,0.0,2018-11-03,2021-10-23
11,all_only,factor_cov_lrt,gradual_bias,1.0,2.0,2,0.5,0.5,0.0,0.0,2018-11-03,2021-10-23
11,all_only,factor_cov_lrt_delta,gradual_bias,0.25,1.0,2,0.0,0.0,0.0,0.0,2018-11-03,2021-10-23
11,all_only,factor_cov_lrt_delta,gradual_bias,0.25,2.0,2,0.0,0.0,0.0,0.0,2018-11-03,2021-10-23
11,all_only,factor_cov_lrt_delta,gradual_bias,0.5,1.0,2,0.0,0.0,0.0,0.0,2018-11-03,2021-10-23
11,all_only,factor_cov_lrt_delta,gradual_bias,0.5,2.0,2,0.0,0.0,0.0,0.0,2018-11-03,2021-10-23
11,all_only,factor_cov_lrt_delta,gradual_bias,0.75,1.0,2,0.0,0.0,0.0,0.0,2018-11-03,2021-10-23
11,all_only,factor_cov_lrt_delta,gradual_bias,0.75,2.0,2,0.0,0.0,0.0,0.0,2018-11-03,2021-10-23
11,all_only,factor_cov_lrt_delta,gradual_bias,1.0,1.0,2,0.0,0.0,0.0,0.0,2018-11-03,2021-10-23
11,all_only,factor_cov_lrt_delta,gradual_bias,1.0,2.0,2,0.0,0.0,0.0,0.0,2018-11-03,2021-10-23
11,all_only,fused_fisher,gradual_bias,0.25,1.0,2,0.0,0.0,0.0,0.0,2018-11-03,2021-10-23
11,all_only,fused_fisher,gradual_bias,0.25,2.0,2,0.0,0.0,0.0,0.0,2018-11-03,2021-10-23
11,all_only,fused_fisher,gradual_bias,0.5,1.0,2,0.0,0.0,0.0,0.0,2018-11-03,2021-10-23
11,all_only,fused_fisher,gradual_bias,0.5,2.0,2,0.0,0.0,0.0,0.0,2018-11-03,2021-10-23
11,all_only,fused_fisher,gradual_bias,0.75,1.0,2,0.0,0.0,0.0,0.0,2018-11-03,2021-10-23
11,all_only,fused_fisher,gradual_bias,0.75,2.0,2,0.0,0.0,0.0,0.0,2018-11-03,2021-10-23
11,all_only,fused_fisher,gradual_bias,1.0,1.0,2,0.0,0.0,0.0,0.0,2018-11-03,2021-10-23
11,all_only,fused_fisher,gradual_bias,1.0,2.0,2,0.0,0.0,0.0,0.0,2018-11-03,2021-10-23
11,all_only,fused_fisher_lrt_delta,gradual_bias,0.25,1.0,2,0.0,0.0,0.0,0.0,2018-11-03,2021-10-23
11,all_only,fused_fisher_lrt_delta,gradual_bias,0.25,2.0,2,0.0,0.0,0.0,0.0,2018-11-03,2021-10-23
11,all_only,fused_fisher_lrt_delta,gradual_bias,0.5,1.0,2,0.0,0.0,0.0,0.0,2018-11-03,2021-10-23
11,all_only,fused_fisher_lrt_delta,gradual_bias,0.5,2.0,2,0.0,0.0,0.0,0.0,2018-11-03,2021-10-23
11,all_only,fused_fisher_lrt_delta,gradual_bias,0.75,1.0,2,0.0,0.0,0.0,0.0,2018-11-03,2021-10-23
11,all_only,fused_fisher_lrt_delta,gradual_bias,0.75,2.0,2,0.0,0.0,0.0,0.0,2018-11-03,2021-10-23
11,all_only,fused_fisher_lrt_delta,gradual_bias,1.0,1.0,2,0.0,0.0,0.0,0.0,2018-11-03,2021-10-23
11,all_only,fused_fisher_lrt_delta,gradual_bias,1.0,2.0,2,0.0,0.0,0.0,0.0,2018-11-03,2021-10-23
11,all_only,fused_sp,gradual_bias,0.25,1.0,2,0.0,0.0,0.0,0.0,2018-11-03,2021-10-23
11,all_only,fused_sp,gradual_bias,0.25,2.0,2,0.0,0.0,0.0,0.0,2018-11-03,2021-10-23
11,all_only,fused_sp,gradual_bias,0.5,1.0,2,0.0,0.0,0.0,0.0,2018-11-03,2021-10-23
11,all_only,fused_sp,gradual_bias,0.5,2.0,2,0.0,0.0,0.0,0.0,2018-11-03,2021-10-23
11,all_only,fused_sp,gradual_bias,0.75,1.0,2,0.0,0.0,0.0,0.0,2018-11-03,2021-10-23
11,all_only,fused_sp,gradual_bias,0.75,2.0,2,0.0,0.0,0.0,0.0,2018-11-03,2021-10-23
11,all_only,fused_sp,gradual_bias,1.0,1.0,2,0.0,0.0,0.0,0.0,2018-11-03,2021-10-23
11,all_only,fused_sp,gradual_bias,1.0,2.0,2,0.0,0.0,0.0,0.0,2018-11-03,2021-10-23
11,all_only,fused_sp_lrt_delta,gradual_bias,0.25,1.0,2,0.0,0.0,0.0,0.0,2018-11-03,2021-10-23
11,all_only,fused_sp_lrt_delta,gradual_bias,0.25,2.0,2,0.0,0.0,0.0,0.0,2018-11-03,2021-10-23
11,all_only,fused_sp_lrt_delta,gradual_bias,0.5,1.0,2,0.0,0.0,0.0,0.0,2018-11-03,2021-10-23
11,all_only,fused_sp_lrt_delta,gradual_bias,0.5,2.0,2,0.0,0.0,0.0,0.0,2018-11-03,2021-10-23
11,all_only,fused_sp_lrt_delta,gradual_bias,0.75,1.0,2,0.0,0.0,0.0,0.0,2018-11-03,2021-10-23
11,all_only,fused_sp_lrt_delta,gradual_bias,0.75,2.0,2,0.0,0.0,0.0,0.0,2018-11-03,2021-10-23
11,all_only,fused_sp_lrt_delta,gradual_bias,1.0,1.0,2,0.0,0.0,0.0,0.0,2018-11-03,2021-10-23
11,all_only,fused_sp_lrt_delta,gradual_bias,1.0,2.0,2,0.0,0.0,0.0,0.0,2018-11-03,2021-10-23
11,all_only,max_abs,gradual_bias,0.25,1.0,2,0.0,0.0,0.0,0.0,2018-11-03,2021-10-23
11,all_only,max_abs,gradual_bias,0.25,2.0,2,0.0,0.0,0.0,0.0,2018-11-03,2021-10-23
11,all_only,max_abs,gradual_bias,0.5,1.0,2,0.0,0.0,0.0,0.0,2018-11-03,2021-10-23
11,all_only,max_abs,gradual_bias,0.5,2.0,2,0.0,0.0,0.0,0.0,2018-11-03,2021-10-23
11,all_only,max_abs,gradual_bias,0.75,1.0,2,0.0,0.0,0.0,0.0,2018-11-03,2021-10-23
11,all_only,max_abs,gradual_bias,0.75,2.0,2,0.0,0.0,0.0,0.0,2018-11-03,2021-10-23
11,all_only,max_abs,gradual_bias,1.0,1.0,2,0.0,0.0,0.0,0.0,2018-11-03,2021-10-23
11,all_only,max_abs,gradual_bias,1.0,2.0,2,0.0,0.0,0.0,0.0,2018-11-03,2021-10-23
11,all_only,pc_t2,gradual_bias,0.25,1.0,2,0.0,0.0,0.0,0.0,2018-11-03,2021-10-23
11,all_only,pc_t2,gradual_bias,0.25,2.0,2,0.0,0.0,0.0,0.0,2018-11-03,2021-10-23
11,all_only,pc_t2,gradual_bias,0.5,1.0,2,0.0,0.0,0.0,0.0,2018-11-03,2021-10-23
11,all_only,pc_t2,gradual_bias,0.5,2.0,2,0.0,0.0,0.0,0.0,2018-11-03,2021-10-23
11,all_only,pc_t2,gradual_bias,0.75,1.0,2,0.0,0.0,0.0,0.0,2018-11-03,2021-10-23
11,all_only,pc_t2,gradual_bias,0.75,2.0,2,0.0,0.0,0.0,0.0,2018-11-03,2021-10-23
11,all_only,pc_t2,gradual_bias,1.0,1.0,2,0.0,0.0,0.0,0.0,2018-11-03,2021-10-23
11,all_only,pc_t2,gradual_bias,1.0,2.0,2,0.0,0.0,0.0,0.0,2018-11-03,2021-10-23
11,all_only,res_energy,gradual_bias,0.25,1.0,2,0.0,0.0,0.0,0.0,2018-11-03,2021-10-23
11,all_only,res_energy,gradual_bias,0.25,2.0,2,0.0,0.0,0.0,0.0,2018-11-03,2021-10-23
11,all_only,res_energy,gradual_bias,0.5,1.0,2,0.0,0.0,0.0,0.0,2018-11-03,2021-10-23
11,all_only,res_energy,gradual_bias,0.5,2.0,2,0.0,0.0,0.0,0.0,2018-11-03,2021-10-23
11,all_only,res_energy,gradual_bias,0.75,1.0,2,0.0,0.0,0.0,0.0,2018-11-03,2021-10-23
11,all_only,res_energy,gradual_bias,0.75,2.0,2,0.0,0.0,0.0,0.0,2018-11-03,2021-10-23
11,all_only,res_energy,gradual_bias,1.0,1.0,2,0.0,0.0,0.0,0.0,2018-11-03,2021-10-23
11,all_only,res_energy,gradual_bias,1.0,2.0,2,0.0,0.0,0.0,0.0,2018-11-03,2021-10-23
11,all_only,stale,gradual_bias,0.25,1.0,2,0.0,0.5,0.0,1.0,2018-11-03,2021-10-23
11,all_only,stale,gradual_bias,0.25,2.0,2,0.0,0.5,0.0,1.0,2018-11-03,2021-10-23
11,all_only,stale,gradual_bias,0.5,1.0,2,0.0,0.5,0.0,1.0,2018-11-03,2021-10-23
11,all_only,stale,gradual_bias,0.5,2.0,2,0.0,0.5,0.0,1.0,2018-11-03,2021-10-23
11,all_only,stale,gradual_bias,0.75,1.0,2,0.0,0.5,0.0,1.0,2018-11-03,2021-10-23
11,all_only,stale,gradual_bias,0.75,2.0,2,0.0,0.5,0.0,1.0,2018-11-03,2021-10-23
11,all_only,stale,gradual_bias,1.0,1.0,2,0.0,0.5,0.0,1.0,2018-11-03,2021-10-23
11,all_only,stale,gradual_bias,1.0,2.0,2,0.0,0.5,0.0,1.0,2018-11-03,2021-10-23
11,full,T2,gradual_bias,0.25,1.0,2,0.0,0.0,0.0,0.0,2018-11-03,2021-10-23
11,full,T2,gradual_bias,0.25,2.0,2,1.0,1.0,0.0,0.0,2018-11-03,2021-10-23
11,full,T2,gradual_bias,0.5,1.0,2,0.0,0.0,0.0,0.0,2018-11-03,2021-10-23
11,full,T2,gradual_bias,0.5,2.0,2,1.0,1.0,0.0,0.0,2018-11-03,2021-10-23
11,full,T2,gradual_bias,0.75,1.0,2,0.0,0.0,0.0,0.0,2018-11-03,2021-10-23
11,full,T2,gradual_bias,0.75,2.0,2,1.0,1.0,0.0,0.0,2018-11-03,2021-10-23
11,full,T2,gradual_bias,1.0,1.0,2,0.0,0.0,0.0,0.0,2018-11-03,2021-10-23
11,full,T2,gradual_bias,1.0,2.0,2,1.0,1.0,0.0,0.0,2018-11-03,2021-10-23
11,full,cusum_factor_cov_lrt,gradual_bias,0.25,1.0,2,0.0,0.0,0.0,0.0,2018-11-03,2021-10-23
11,full,cusum_factor_cov_lrt,gradual_bias,0.25,2.0,2,0.0,0.0,0.0,0.0,2018-11-03,2021-10-23
11,full,cusum_factor_cov_lrt,gradual_bias,0.5,1.0,2,0.0,0.0,0.0,0.0,2018-11-03,2021-10-23
11,full,cusum_factor_cov_lrt,gradual_bias,0.5,2.0,2,0.0,0.0,0.0,0.0,2018-11-03,2021-10-23
11,full,cusum_factor_cov_lrt,gradual_bias,0.75,1.0,2,0.0,0.0,0.0,0.0,2018-11-03,2021-10-23
11,full,cusum_factor_cov_lrt,gradual_bias,0.75,2.0,2,0.0,0.0,0.0,0.0,2018-11-03,2021-10-23
11,full,cusum_factor_cov_lrt,gradual_bias,1.0,1.0,2,0.0,0.0,0.0,0.0,2018-11-03,2021-10-23
11,full,cusum_factor_cov_lrt,gradual_bias,1.0,2.0,2,0.0,0.0,0.0,0.0,2018-11-03,2021-10-23
11,full,ewma_factor_cov_lrt,gradual_bias,0.25,1.0,2,0.0,0.0,0.0,0.0,2018-11-03,2021-10-23
11,full,ewma_factor_cov_lrt,gradual_bias,0.25,2.0,2,0.0,0.0,0.0,0.0,2018-11-03,2021-10-23
11,full,ewma_factor_cov_lrt,gradual_bias,0.5,1.0,2,0.0,0.0,0.0,0.0,2018-11-03,2021-10-23
11,full,ewma_factor_cov_lrt,gradual_bias,0.5,2.0,2,0.0,0.0,0.0,0.0,2018-11-03,2021-10-23
11,full,ewma_factor_cov_lrt,gradual_bias,0.75,1.0,2,0.0,0.0,0.0,0.0,2018-11-03,2021-10-23
11,full,ewma_factor_cov_lrt,gradual_bias,0.75,2.0,2,0.0,0.0,0.0,0.0,2018-11-03,2021-10-23
11,full,ewma_factor_cov_lrt,gradual_bias,1.0,1.0,2,0.0,0.0,0.0,0.0,2018-11-03,2021-10-23
11,full,ewma_factor_cov_lrt,gradual_bias,1.0,2.0,2,0.0,0.0,0.0,0.0,2018-11-03,2021-10-23
11,full,factor_cov_change,gradual_bias,0.25,1.0,2,0.5,0.5,0.0,0.0,2018-11-03,2021-10-23
11,full,factor_cov_change,gradual_bias,0.25,2.0,2,0.5,0.5,0.0,0.0,2018-11-03,2021-10-23
11,full,factor_cov_change,gradual_bias,0.5,1.0,2,0.5,0.5,0.0,0.0,2018-11-03,2021-10-23
11,full,factor_cov_change,gradual_bias,0.5,2.0,2,0.5,0.5,0.0,0.0,2018-11-03,2021-10-23
11,full,factor_cov_change,gradual_bias,0.75,1.0,2,0.5,0.5,0.0,0.0,2018-11-03,2021-10-23
11,full,factor_cov_change,gradual_bias,0.75,2.0,2,0.5,0.5,0.0,0.0,2018-11-03,2021-10-23
11,full,factor_cov_change,gradual_bias,1.0,1.0,2,0.5,0.5,0.0,0.0,2018-11-03,2021-10-23
11,full,factor_cov_change,gradual_bias,1.0,2.0,2,0.5,0.5,0.0,0.0,2018-11-03,2021-10-23
11,full,factor_cov_delta,gradual_bias,0.25,1.0,2,0.0,0.0,0.0,0.0,2018-11-03,2021-10-23
11,full,factor_cov_delta,gradual_bias,0.25,2.0,2,0.0,0.0,0.0,0.0,2018-11-03,2021-10-23
11,full,factor_cov_delta,gradual_bias,0.5,1.0,2,0.0,0.0,0.0,0.0,2018-11-03,2021-10-23
11,full,factor_cov_delta,gradual_bias,0.5,2.0,2,0.0,0.0,0.0,0.0,2018-11-03,2021-10-23
11,full,factor_cov_delta,gradual_bias,0.75,1.0,2,0.0,0.0,0.0,0.0,2018-11-03,2021-10-23
11,full,factor_cov_delta,gradual_bias,0.75,2.0,2,0.0,0.0,0.0,0.0,2018-11-03,2021-10-23
11,full,factor_cov_delta,gradual_bias,1.0,1.0,2,0.0,0.0,0.0,0.0,2018-11-03,2021-10-23
11,full,factor_cov_delta,gradual_bias,1.0,2.0,2,0.0,0.0,0.0,0.0,2018-11-03,2021-10-23
11,full,factor_cov_lrt,gradual_bias,0.25,1.0,2,0.0,0.0,0.0,0.0,2018-11-03,2021-10-23
11,full,factor_cov_lrt,gradual_bias,0.25,2.0,2,0.0,0.0,0.0,0.0,2018-11-03,2021-10-23
11,full,factor_cov_lrt,gradual_bias,0.5,1.0,2,0.0,0.0,0.0,0.0,2018-11-03,2021-10-23
11,full,factor_cov_lrt,gradual_bias,0.5,2.0,2,0.0,0.0,0.0,0.0,2018-11-03,2021-10-23
11,full,factor_cov_lrt,gradual_bias,0.75,1.0,2,0.0,0.0,0.0,0.0,2018-11-03,2021-10-23
11,full,factor_cov_lrt,gradual_bias,0.75,2.0,2,0.0,0.0,0.0,0.0,2018-11-03,2021-10-23
11,full,factor_cov_lrt,gradual_bias,1.0,1.0,2,0.0,0.0,0.0,0.0,2018-11-03,2021-10-23
11,full,factor_cov_lrt,gradual_bias,1.0,2.0,2,0.0,0.0,0.0,0.0,2018-11-03,2021-10-23
11,full,factor_cov_lrt_delta,gradual_bias,0.25,1.0,2,0.0,0.0,0.0,0.0,2018-11-03,2021-10-23
11,full,factor_cov_lrt_delta,gradual_bias,0.25,2.0,2,0.0,0.0,0.0,0.0,2018-11-03,2021-10-23
11,full,factor_cov_lrt_delta,gradual_bias,0.5,1.0,2,0.0,0.0,0.0,0.0,2018-11-03,2021-10-23
11,full,factor_cov_lrt_delta,gradual_bias,0.5,2.0,2,0.0,0.0,0.0,0.0,2018-11-03,2021-10-23
11,full,factor_cov_lrt_delta,gradual_bias,0.75,1.0,2,0.0,0.0,0.0,0.0,2018-11-03,2021-10-23
11,full,factor_cov_lrt_delta,gradual_bias,0.75,2.0,2,0.0,0.0,0.0,0.0,2018-11-03,2021-10-23
11,full,factor_cov_lrt_delta,gradual_bias,1.0,1.0,2,0.0,0.0,0.0,0.0,2018-11-03,2021-10-23
11,full,factor_cov_lrt_delta,gradual_bias,1.0,2.0,2,0.0,0.0,0.0,0.0,2018-11-03,2021-10-23
11,full,fused_fisher,gradual_bias,0.25,1.0,2,0.5,0.5,0.0,0.0,2018-11-03,2021-10-23
11,full,fused_fisher,gradual_bias,0.25,2.0,2,0.0,0.0,0.0,0.0,2018-11-03,2021-10-23
11,full,fused_fisher,gradual_bias,0.5,1.0,2,0.5,0.5,0.0,0.0,2018-11-03,2021-10-23
11,full,fused_fisher,gradual_bias,0.5,2.0,2,0.0,0.0,0.0,0.0,2018-11-03,2021-10-23
11,full,fused_fisher,gradual_bias,0.75,1.0,2,0.5,0.5,0.0,0.0,2018-11-03,2021-10-23
11,full,fused_fisher,gradual_bias,0.75,2.0,2,0.0,0.0,0.0,0.0,2018-11-03,2021-10-23
11,full,fused_fisher,gradual_bias,1.0,1.0,2,0.5,0.5,0.0,0.0,2018-11-03,2021-10-23
11,full,fused_fisher,gradual_bias,1.0,2.0,2,0.0,0.0,0.0,0.0,2018-11-03,2021-10-23
11,full,fused_fisher_lrt_delta,gradual_bias,0.25,1.0,2,0.0,0.0,0.0,0.0,2018-11-03,2021-10-23
11,full,fused_fisher_lrt_delta,gradual_bias,0.25,2.0,2,0.0,0.0,0.0,0.0,2018-11-03,2021-10-23
11,full,fused_fisher_lrt_delta,gradual_bias,0.5,1.0,2,0.0,0.0,0.0,0.0,2018-11-03,2021-10-23
11,full,fused_fisher_lrt_delta,gradual_bias,0.5,2.0,2,0.0,0.0,0.0,0.0,2018-11-03,2021-10-23
11,full,fused_fisher_lrt_delta,gradual_bias,0.75,1.0,2,0.0,0.0,0.0,0.0,2018-11-03,2021-10-23
11,full,fused_fisher_lrt_delta,gradual_bias,0.75,2.0,2,0.0,0.0,0.0,0.0,2018-11-03,2021-10-23
11,full,fused_fisher_lrt_delta,gradual_bias,1.0,1.0,2,0.0,0.0,0.0,0.0,2018-11-03,2021-10-23
11,full,fused_fisher_lrt_delta,gradual_bias,1.0,2.0,2,0.0,0.0,0.0,0.0,2018-11-03,2021-10-23
11,full,fused_sp,gradual_bias,0.25,1.0,2,0.0,0.0,0.0,0.0,2018-11-03,2021-10-23
11,full,fused_sp,gradual_bias,0.25,2.0,2,0.0,0.0,0.0,0.0,2018-11-03,2021-10-23
11,full,fused_sp,gradual_bias,0.5,1.0,2,0.0,0.0,0.0,0.0,2018-11-03,2021-10-23
11,full,fused_sp,gradual_bias,0.5,2.0,2,0.0,0.0,0.0,0.0,2018-11-03,2021-10-23
11,full,fused_sp,gradual_bias,0.75,1.0,2,0.0,0.0,0.0,0.0,2018-11-03,2021-10-23
11,full,fused_sp,gradual_bias,0.75,2.0,2,0.0,0.0,0.0,0.0,2018-11-03,2021-10-23
11,full,fused_sp,gradual_bias,1.0,1.0,2,0.0,0.0,0.0,0.0,2018-11-03,2021-10-23
11,full,fused_sp,gradual_bias,1.0,2.0,2,0.0,0.0,0.0,0.0,2018-11-03,2021-10-23
11,full,fused_sp_lrt_delta,gradual_bias,0.25,1.0,2,0.0,0.0,0.0,0.0,2018-11-03,2021-10-23
11,full,fused_sp_lrt_delta,gradual_bias,0.25,2.0,2,0.0,0.0,0.0,0.0,2018-11-03,2021-10-23
11,full,fused_sp_lrt_delta,gradual_bias,0.5,1.0,2,0.0,0.0,0.0,0.0,2018-11-03,2021-10-23
11,full,fused_sp_lrt_delta,gradual_bias,0.5,2.0,2,0.0,0.0,0.0,0.0,2018-11-03,2021-10-23
11,full,fused_sp_lrt_delta,gradual_bias,0.75,1.0,2,0.0,0.0,0.0,0.0,2018-11-03,2021-10-23
11,full,fused_sp_lrt_delta,gradual_bias,0.75,2.0,2,0.0,0.0,0.0,0.0,2018-11-03,2021-10-23
11,full,fused_sp_lrt_delta,gradual_bias,1.0,1.0,2,0.0,0.0,0.0,0.0,2018-11-03,2021-10-23
11,full,fused_sp_lrt_delta,gradual_bias,1.0,2.0,2,0.0,0.0,0.0,0.0,2018-11-03,2021-10-23
11,full,max_abs,gradual_bias,0.25,1.0,2,0.5,0.5,0.0,0.0,2018-11-03,2021-10-23
11,full,max_abs,gradual_bias,0.25,2.0,2,0.5,0.5,0.0,0.0,2018-11-03,2021-10-23
11,full,max_abs,gradual_bias,0.5,1.0,2,0.5,0.5,0.0,0.0,2018-11-03,2021-10-23
11,full,max_abs,gradual_bias,0.5,2.0,2,0.5,0.5,0.0,0.0,2018-11-03,2021-10-23
11,full,max_abs,gradual_bias,0.75,1.0,2,0.5,0.5,0.0,0.0,2018-11-03,2021-10-23
11,full,max_abs,gradual_bias,0.75,2.0,2,0.5,0.5,0.0,0.0,2018-11-03,2021-10-23
11,full,max_abs,gradual_bias,1.0,1.0,2,0.5,0.5,0.0,0.0,2018-11-03,2021-10-23
11,full,max_abs,gradual_bias,1.0,2.0,2,0.5,0.5,0.0,0.0,2018-11-03,2021-10-23
11,full,pc_t2,gradual_bias,0.25,1.0,2,0.0,0.0,0.0,0.0,2018-11-03,2021-10-23
11,full,pc_t2,gradual_bias,0.25,2.0,2,0.5,0.5,0.0,0.0,2018-11-03,2021-10-23
11,full,pc_t2,gradual_bias,0.5,1.0,2,0.0,0.0,0.0,0.0,2018-11-03,2021-10-23
11,full,pc_t2,gradual_bias,0.5,2.0,2,0.5,0.5,0.0,0.0,2018-11-03,2021-10-23
11,full,pc_t2,gradual_bias,0.75,1.0,2,0.0,0.0,0.0,0.0,2018-11-03,2021-10-23
11,full,pc_t2,gradual_bias,0.75,2.0,2,0.5,0.5,0.0,0.0,2018-11-03,2021-10-23
11,full,pc_t2,gradual_bias,1.0,1.0,2,0.0,0.0,0.0,0.0,2018-11-03,2021-10-23
11,full,pc_t2,gradual_bias,1.0,2.0,2,0.5,0.5,0.0,0.0,2018-11-03,2021-10-23
11,full,res_energy,gradual_bias,0.25,1.0,2,0.0,0.0,0.0,0.0,2018-11-03,2021-10-23
11,full,res_energy,gradual_bias,0.25,2.0,2,0.5,0.5,0.0,0.0,2018-11-03,2021-10-23
11,full,res_energy,gradual_bias,0.5,1.0,2,0.0,0.0,0.0,0.0,2018-11-03,2021-10-23
11,full,res_energy,gradual_bias,0.5,2.0,2,0.5,0.5,0.0,0.0,2018-11-03,2021-10-23
11,full,res_energy,gradual_bias,0.75,1.0,2,0.0,0.0,0.0,0.0,2018-11-03,2021-10-23
11,full,res_energy,gradual_bias,0.75,2.0,2,0.5,0.5,0.0,0.0,2018-11-03,2021-10-23
11,full,res_energy,gradual_bias,1.0,1.0,2,0.0,0.0,0.0,0.0,2018-11-03,2021-10-23
11,full,res_energy,gradual_bias,1.0,2.0,2,0.5,0.5,0.0,0.0,2018-11-03,2021-10-23
11,full,stale,gradual_bias,0.25,1.0,2,0.0,0.5,0.0,1.0,2018-11-03,2021-10-23
11,full,stale,gradual_bias,0.25,2.0,2,0.0,0.5,0.0,1.0,2018-11-03,2021-10-23
11,full,stale,gradual_bias,0.5,1.0,2,0.0,0.5,0.0,1.0,2018-11-03,2021-10-23
11,full,stale,gradual_bias,0.5,2.0,2,0.0,0.5,0.0,1.0,2018-11-03,2021-10-23
11,full,stale,gradual_bias,0.75,1.0,2,0.0,0.5,0.0,1.0,2018-11-03,2021-10-23
11,full,stale,gradual_bias,0.75,2.0,2,0.0,0.5,0.0,1.0,2018-11-03,2021-10-23
11,full,stale,gradual_bias,1.0,1.0,2,0.0,0.5,0.0,1.0,2018-11-03,2021-10-23
11,full,stale,gradual_bias,1.0,2.0,2,0.0,0.5,0.0,1.0,2018-11-03,2021-10-23
11,score_only,T2,gradual_bias,0.25,1.0,2,0.5,0.5,0.0,0.0,2018-11-03,2021-10-23
11,score_only,T2,gradual_bias,0.25,2.0,2,0.5,0.5,0.0,0.0,2018-11-03,2021-10-23
11,score_only,T2,gradual_bias,0.5,1.0,2,0.5,0.5,0.0,0.0,2018-11-03,2021-10-23
11,score_only,T2,gradual_bias,0.5,2.0,2,0.5,0.5,0.0,0.0,2018-11-03,2021-10-23
11,score_only,T2,gradual_bias,0.75,1.0,2,0.5,0.5,0.0,0.0,2018-11-03,2021-10-23
11,score_only,T2,gradual_bias,0.75,2.0,2,0.5,0.5,0.0,0.0,2018-11-03,2021-10-23
11,score_only,T2,gradual_bias,1.0,1.0,2,0.5,0.5,0.0,0.0,2018-11-03,2021-10-23
11,score_only,T2,gradual_bias,1.0,2.0,2,0.5,0.5,0.0,0.0,2018-11-03,2021-10-23
11,score_only,coh_resid_energy,gradual_bias,0.25,1.0,2,0.0,0.0,0.0,0.0,2018-11-03,2021-10-23
11,score_only,coh_resid_energy,gradual_bias,0.25,2.0,2,0.5,0.5,0.0,0.0,2018-11-03,2021-10-23
11,score_only,coh_resid_energy,gradual_bias,0.5,1.0,2,0.0,0.0,0.0,0.0,2018-11-03,2021-10-23
11,score_only,coh_resid_energy,gradual_bias,0.5,2.0,2,0.5,0.5,0.0,0.0,2018-11-03,2021-10-23
11,score_only,coh_resid_energy,gradual_bias,0.75,1.0,2,0.0,0.0,0.0,0.0,2018-11-03,2021-10-23
11,score_only,coh_resid_energy,gradual_bias,0.75,2.0,2,0.5,0.5,0.0,0.0,2018-11-03,2021-10-23
11,score_only,coh_resid_energy,gradual_bias,1.0,1.0,2,0.0,0.0,0.0,0.0,2018-11-03,2021-10-23
11,score_only,coh_resid_energy,gradual_bias,1.0,2.0,2,0.5,0.5,0.0,0.0,2018-11-03,2021-10-23
11,score_only,coh_resid_t2,gradual_bias,0.25,1.0,2,0.0,0.0,0.0,0.0,2018-11-03,2021-10-23
11,score_only,coh_resid_t2,gradual_bias,0.25,2.0,2,0.5,0.5,0.0,0.0,2018-11-03,2021-10-23
11,score_only,coh_resid_t2,gradual_bias,0.5,1.0,2,0.0,0.0,0.0,0.0,2018-11-03,2021-10-23
11,score_only,coh_resid_t2,gradual_bias,0.5,2.0,2,0.5,0.5,0.0,0.0,2018-11-03,2021-10-23
11,score_only,coh_resid_t2,gradual_bias,0.75,1.0,2,0.0,0.0,0.0,0.0,2018-11-03,2021-10-23
11,score_only,coh_resid_t2,gradual_bias,0.75,2.0,2,0.5,0.5,0.0,0.0,2018-11-03,2021-10-23
11,score_only,coh_resid_t2,gradual_bias,1.0,1.0,2,0.0,0.0,0.0,0.0,2018-11-03,2021-10-23
11,score_only,coh_resid_t2,gradual_bias,1.0,2.0,2,0.5,0.5,0.0,0.0,2018-11-03,2021-10-23
11,score_only,cusum_coh_resid_t2,gradual_bias,0.25,1.0,2,0.0,0.5,1.0,0.0,2018-11-03,2021-10-23
11,score_only,cusum_coh_resid_t2,gradual_bias,0.25,2.0,2,0.5,0.5,0.0,0.0,2018-11-03,2021-10-23
11,score_only,cusum_coh_resid_t2,gradual_bias,0.5,1.0,2,0.0,0.5,1.0,0.0,2018-11-03,2021-10-23
11,score_only,cusum_coh_resid_t2,gradual_bias,0.5,2.0,2,0.5,0.5,0.0,0.0,2018-11-03,2021-10-23
11,score_only,cusum_coh_resid_t2,gradual_bias,0.75,1.0,2,0.0,0.5,1.0,0.0,2018-11-03,2021-10-23
11,score_only,cusum_coh_resid_t2,gradual_bias,0.75,2.0,2,0.5,0.5,0.0,0.0,2018-11-03,2021-10-23
11,score_only,cusum_coh_resid_t2,gradual_bias,1.0,1.0,2,0.0,0.5,1.0,0.0,2018-11-03,2021-10-23
11,score_only,cusum_coh_resid_t2,gradual_bias,1.0,2.0,2,0.5,0.5,0.0,0.0,2018-11-03,2021-10-23
11,score_only,cusum_factor_cov_lrt,gradual_bias,0.25,1.0,2,0.0,0.0,0.0,0.0,2018-11-03,2021-10-23
11,score_only,cusum_factor_cov_lrt,gradual_bias,0.25,2.0,2,0.0,0.0,0.0,0.0,2018-11-03,2021-10-23
11,score_only,cusum_factor_cov_lrt,gradual_bias,0.5,1.0,2,0.0,0.0,0.0,0.0,2018-11-03,2021-10-23
11,score_only,cusum_factor_cov_lrt,gradual_bias,0.5,2.0,2,0.0,0.0,0.0,0.0,2018-11-03,2021-10-23
11,score_only,cusum_factor_cov_lrt,gradual_bias,0.75,1.0,2,0.0,0.0,0.0,0.0,2018-11-03,2021-10-23
11,score_only,cusum_factor_cov_lrt,gradual_bias,0.75,2.0,2,0.0,0.0,0.0,0.0,2018-11-03,2021-10-23
11,score_only,cusum_factor_cov_lrt,gradual_bias,1.0,1.0,2,0.0,0.0,0.0,0.0,2018-11-03,2021-10-23
11,score_only,cusum_factor_cov_lrt,gradual_bias,1.0,2.0,2,0.0,0.0,0.0,0.0,2018-11-03,2021-10-23
11,score_only,ewma_coh_resid_t2,gradual_bias,0.25,1.0,2,0.0,0.0,0.0,0.0,2018-11-03,2021-10-23
11,score_only,ewma_coh_resid_t2,gradual_bias,0.25,2.0,2,0.0,0.0,0.0,0.0,2018-11-03,2021-10-23
11,score_only,ewma_coh_resid_t2,gradual_bias,0.5,1.0,2,0.0,0.0,0.0,0.0,2018-11-03,2021-10-23
11,score_only,ewma_coh_resid_t2,gradual_bias,0.5,2.0,2,0.0,0.0,0.0,0.0,2018-11-03,2021-10-23
11,score_only,ewma_coh_resid_t2,gradual_bias,0.75,1.0,2,0.0,0.0,0.0,0.0,2018-11-03,2021-10-23
11,score_only,ewma_coh_resid_t2,gradual_bias,0.75,2.0,2,0.0,0.0,0.0,0.0,2018-11-03,2021-10-23
11,score_only,ewma_coh_resid_t2,gradual_bias,1.0,1.0,2,0.0,0.0,0.0,0.0,2018-11-03,2021-10-23
11,score_only,ewma_coh_resid_t2,gradual_bias,1.0,2.0,2,0.0,0.0,0.0,0.0,2018-11-03,2021-10-23
11,score_only,ewma_factor_cov_lrt,gradual_bias,0.25,1.0,2,0.0,0.0,0.0,0.0,2018-11-03,2021-10-23
11,score_only,ewma_factor_cov_lrt,gradual_bias,0.25,2.0,2,0.5,0.5,0.0,0.0,2018-11-03,2021-10-23
11,score_only,ewma_factor_cov_lrt,gradual_bias,0.5,1.0,2,0.0,0.0,0.0,0.0,2018-11-03,2021-10-23
11,score_only,ewma_factor_cov_lrt,gradual_bias,0.5,2.0,2,0.5,0.5,0.0,0.0,2018-11-03,2021-10-23
11,score_only,ewma_factor_cov_lrt,gradual_bias,0.75,1.0,2,0.0,0.0,0.0,0.0,2018-11-03,2021-10-23
11,score_only,ewma_factor_cov_lrt,gradual_bias,0.75,2.0,2,0.5,0.5,0.0,0.0,2018-11-03,2021-10-23
11,score_only,ewma_factor_cov_lrt,gradual_bias,1.0,1.0,2,0.0,0.0,0.0,0.0,2018-11-03,2021-10-23
11,score_only,ewma_factor_cov_lrt,gradual_bias,1.0,2.0,2,0.5,0.5,0.0,0.0,2018-11-03,2021-10-23
11,score_only,factor_cov_change,gradual_bias,0.25,1.0,2,0.0,0.0,0.0,0.0,2018-11-03,2021-10-23
11,score_only,factor_cov_change,gradual_bias,0.25,2.0,2,0.5,0.5,0.0,0.0,2018-11-03,2021-10-23
11,score_only,factor_cov_change,gradual_bias,0.5,1.0,2,0.0,0.0,0.0,0.0,2018-11-03,2021-10-23
11,score_only,factor_cov_change,gradual_bias,0.5,2.0,2,0.5,0.5,0.0,0.0,2018-11-03,2021-10-23
11,score_only,factor_cov_change,gradual_bias,0.75,1.0,2,0.0,0.0,0.0,0.0,2018-11-03,2021-10-23
11,score_only,factor_cov_change,gradual_bias,0.75,2.0,2,0.5,0.5,0.0,0.0,2018-11-03,2021-10-23
11,score_only,factor_cov_change,gradual_bias,1.0,1.0,2,0.0,0.0,0.0,0.0,2018-11-03,2021-10-23
11,score_only,factor_cov_change,gradual_bias,1.0,2.0,2,0.5,0.5,0.0,0.0,2018-11-03,2021-10-23
11,score_only,factor_cov_delta,gradual_bias,0.25,1.0,2,0.0,0.0,0.0,0.0,2018-11-03,2021-10-23
11,score_only,factor_cov_delta,gradual_bias,0.25,2.0,2,0.0,0.0,0.0,0.0,2018-11-03,2021-10-23
11,score_only,factor_cov_delta,gradual_bias,0.5,1.0,2,0.0,0.0,0.0,0.0,2018-11-03,2021-10-23
11,score_only,factor_cov_delta,gradual_bias,0.5,2.0,2,0.0,0.0,0.0,0.0,2018-11-03,2021-10-23
11,score_only,factor_cov_delta,gradual_bias,0.75,1.0,2,0.0,0.0,0.0,0.0,2018-11-03,2021-10-23
11,score_only,factor_cov_delta,gradual_bias,0.75,2.0,2,0.0,0.0,0.0,0.0,2018-11-03,2021-10-23
11,score_only,factor_cov_delta,gradual_bias,1.0,1.0,2,0.0,0.0,0.0,0.0,2018-11-03,2021-10-23
11,score_only,factor_cov_delta,gradual_bias,1.0,2.0,2,0.0,0.0,0.0,0.0,2018-11-03,2021-10-23
11,score_only,factor_cov_lrt,gradual_bias,0.25,1.0,2,0.0,0.0,0.0,0.0,2018-11-03,2021-10-23
11,score_only,factor_cov_lrt,gradual_bias,0.25,2.0,2,0.0,0.0,0.0,0.0,2018-11-03,2021-10-23
11,score_only,factor_cov_lrt,gradual_bias,0.5,1.0,2,0.0,0.0,0.0,0.0,2018-11-03,2021-10-23
11,score_only,factor_cov_lrt,gradual_bias,0.5,2.0,2,0.0,0.0,0.0,0.0,2018-11-03,2021-10-23
11,score_only,factor_cov_lrt,gradual_bias,0.75,1.0,2,0.0,0.0,0.0,0.0,2018-11-03,2021-10-23
11,score_only,factor_cov_lrt,gradual_bias,0.75,2.0,2,0.0,0.0,0.0,0.0,2018-11-03,2021-10-23
11,score_only,factor_cov_lrt,gradual_bias,1.0,1.0,2,0.0,0.0,0.0,0.0,2018-11-03,2021-10-23
11,score_only,factor_cov_lrt,gradual_bias,1.0,2.0,2,0.0,0.0,0.0,0.0,2018-11-03,2021-10-23
11,score_only,factor_cov_lrt_delta,gradual_bias,0.25,1.0,2,0.0,0.0,0.0,0.0,2018-11-03,2021-10-23
11,score_only,factor_cov_lrt_delta,gradual_bias,0.25,2.0,2,0.0,0.0,0.0,0.0,2018-11-03,2021-10-23
11,score_only,factor_cov_lrt_delta,gradual_bias,0.5,1.0,2,0.0,0.0,0.0,0.0,2018-11-03,2021-10-23
11,score_only,factor_cov_lrt_delta,gradual_bias,0.5,2.0,2,0.5,0.5,0.0,0.0,2018-11-03,2021-10-23
11,score_only,factor_cov_lrt_delta,gradual_bias,0.75,1.0,2,0.0,0.0,0.0,0.0,2018-11-03,2021-10-23
11,score_only,factor_cov_lrt_delta,gradual_bias,0.75,2.0,2,0.5,0.5,0.0,0.0,2018-11-03,2021-10-23
11,score_only,factor_cov_lrt_delta,gradual_bias,1.0,1.0,2,0.0,0.0,0.0,0.0,2018-11-03,2021-10-23
11,score_only,factor_cov_lrt_delta,gradual_bias,1.0,2.0,2,0.5,0.5,0.0,0.0,2018-11-03,2021-10-23
11,score_only,fused_fisher,gradual_bias,0.25,1.0,2,0.0,0.0,0.0,0.0,2018-11-03,2021-10-23
11,score_only,fused_fisher,gradual_bias,0.25,2.0,2,1.0,1.0,0.0,0.0,2018-11-03,2021-10-23
11,score_only,fused_fisher,gradual_bias,0.5,1.0,2,0.0,0.0,0.0,0.0,2018-11-03,2021-10-23
11,score_only,fused_fisher,gradual_bias,0.5,2.0,2,1.0,1.0,0.0,0.0,2018-11-03,2021-10-23
11,score_only,fused_fisher,gradual_bias,0.75,1.0,2,0.0,0.0,0.0,0.0,2018-11-03,2021-10-23
11,score_only,fused_fisher,gradual_bias,0.75,2.0,2,1.0,1.0,0.0,0.0,2018-11-03,2021-10-23
11,score_only,fused_fisher,gradual_bias,1.0,1.0,2,0.0,0.0,0.0,0.0,2018-11-03,2021-10-23
11,score_only,fused_fisher,gradual_bias,1.0,2.0,2,1.0,1.0,0.0,0.0,2018-11-03,2021-10-23
11,score_only,fused_fisher_lrt_delta,gradual_bias,0.25,1.0,2,0.0,0.0,0.0,0.0,2018-11-03,2021-10-23
11,score_only,fused_fisher_lrt_delta,gradual_bias,0.25,2.0,2,0.0,0.0,0.0,0.0,2018-11-03,2021-10-23
11,score_only,fused_fisher_lrt_delta,gradual_bias,0.5,1.0,2,0.0,0.0,0.0,0.0,2018-11-03,2021-10-23
11,score_only,fused_fisher_lrt_delta,gradual_bias,0.5,2.0,2,0.0,0.0,0.0,0.0,2018-11-03,2021-10-23
11,score_only,fused_fisher_lrt_delta,gradual_bias,0.75,1.0,2,0.0,0.0,0.0,0.0,2018-11-03,2021-10-23
11,score_only,fused_fisher_lrt_delta,gradual_bias,0.75,2.0,2,0.0,0.0,0.0,0.0,2018-11-03,2021-10-23
11,score_only,fused_fisher_lrt_delta,gradual_bias,1.0,1.0,2,0.0,0.0,0.0,0.0,2018-11-03,2021-10-23
11,score_only,fused_fisher_lrt_delta,gradual_bias,1.0,2.0,2,0.0,0.0,0.0,0.0,2018-11-03,2021-10-23
11,score_only,fused_sp,gradual_bias,0.25,1.0,2,0.0,0.0,0.0,0.0,2018-11-03,2021-10-23
11,score_only,fused_sp,gradual_bias,0.25,2.0,2,0.0,0.0,0.0,0.0,2018-11-03,2021-10-23
11,score_only,fused_sp,gradual_bias,0.5,1.0,2,0.0,0.0,0.0,0.0,2018-11-03,2021-10-23
11,score_only,fused_sp,gradual_bias,0.5,2.0,2,0.0,0.0,0.0,0.0,2018-11-03,2021-10-23
11,score_only,fused_sp,gradual_bias,0.75,1.0,2,0.0,0.0,0.0,0.0,2018-11-03,2021-10-23
11,score_only,fused_sp,gradual_bias,0.75,2.0,2,0.0,0.0,0.0,0.0,2018-11-03,2021-10-23
11,score_only,fused_sp,gradual_bias,1.0,1.0,2,0.0,0.0,0.0,0.0,2018-11-03,2021-10-23
11,score_only,fused_sp,gradual_bias,1.0,2.0,2,0.0,0.0,0.0,0.0,2018-11-03,2021-10-23
11,score_only,fused_sp_lrt_delta,gradual_bias,0.25,1.0,2,0.0,0.0,0.0,0.0,2018-11-03,2021-10-23
11,score_only,fused_sp_lrt_delta,gradual_bias,0.25,2.0,2,0.0,0.0,0.0,0.0,2018-11-03,2021-10-23
11,score_only,fused_sp_lrt_delta,gradual_bias,0.5,1.0,2,0.0,0.0,0.0,0.0,2018-11-03,2021-10-23
11,score_only,fused_sp_lrt_delta,gradual_bias,0.5,2.0,2,0.0,0.0,0.0,0.0,2018-11-03,2021-10-23
11,score_only,fused_sp_lrt_delta,gradual_bias,0.75,1.0,2,0.0,0.0,0.0,0.0,2018-11-03,2021-10-23
11,score_only,fused_sp_lrt_delta,gradual_bias,0.75,2.0,2,0.0,0.0,0.0,0.0,2018-11-03,2021-10-23
11,score_only,fused_sp_lrt_delta,gradual_bias,1.0,1.0,2,0.0,0.0,0.0,0.0,2018-11-03,2021-10-23
11,score_only,fused_sp_lrt_delta,gradual_bias,1.0,2.0,2,0.0,0.0,0.0,0.0,2018-11-03,2021-10-23
11,score_only,max_abs,gradual_bias,0.25,1.0,2,1.0,1.0,0.0,0.0,2018-11-03,2021-10-23
11,score_only,max_abs,gradual_bias,0.25,2.0,2,1.0,1.0,0.0,0.0,2018-11-03,2021-10-23
11,score_only,max_abs,gradual_bias,0.5,1.0,2,1.0,1.0,0.0,0.0,2018-11-03,2021-10-23
11,score_only,max_abs,gradual_bias,0.5,2.0,2,1.0,1.0,0.0,0.0,2018-11-03,2021-10-23
11,score_only,max_abs,gradual_bias,0.75,1.0,2,1.0,1.0,0.0,0.0,2018-11-03,2021-10-23
11,score_only,max_abs,gradual_bias,0.75,2.0,2,1.0,1.0,0.0,0.0,2018-11-03,2021-10-23
11,score_only,max_abs,gradual_bias,1.0,1.0,2,1.0,1.0,0.0,0.0,2018-11-03,2021-10-23
11,score_only,max_abs,gradual_bias,1.0,2.0,2,1.0,1.0,0.0,0.0,2018-11-03,2021-10-23
11,score_only,pc_t2,gradual_bias,0.25,1.0,2,0.5,0.5,0.0,0.0,2018-11-03,2021-10-23
11,score_only,pc_t2,gradual_bias,0.25,2.0,2,0.5,0.5,0.0,0.0,2018-11-03,2021-10-23
11,score_only,pc_t2,gradual_bias,0.5,1.0,2,0.5,0.5,0.0,0.0,2018-11-03,2021-10-23
11,score_only,pc_t2,gradual_bias,0.5,2.0,2,0.5,0.5,0.0,0.0,2018-11-03,2021-10-23
11,score_only,pc_t2,gradual_bias,0.75,1.0,2,0.5,0.5,0.0,0.0,2018-11-03,2021-10-23
11,score_only,pc_t2,gradual_bias,0.75,2.0,2,0.5,0.5,0.0,0.0,2018-11-03,2021-10-23
11,score_only,pc_t2,gradual_bias,1.0,1.0,2,0.5,0.5,0.0,0.0,2018-11-03,2021-10-23
11,score_only,pc_t2,gradual_bias,1.0,2.0,2,0.5,0.5,0.0,0.0,2018-11-03,2021-10-23
11,score_only,res_energy,gradual_bias,0.25,1.0,2,0.0,0.0,0.0,0.0,2018-11-03,2021-10-23
11,score_only,res_energy,gradual_bias,0.25,2.0,2,1.0,1.0,0.0,0.0,2018-11-03,2021-10-23
11,score_only,res_energy,gradual_bias,0.5,1.0,2,0.0,0.0,0.0,0.0,2018-11-03,2021-10-23
11,score_only,res_energy,gradual_bias,0.5,2.0,2,1.0,1.0,0.0,0.0,2018-11-03,2021-10-23
11,score_only,res_energy,gradual_bias,0.75,1.0,2,0.0,0.0,0.0,0.0,2018-11-03,2021-10-23
11,score_only,res_energy,gradual_bias,0.75,2.0,2,1.0,1.0,0.0,0.0,2018-11-03,2021-10-23
11,score_only,res_energy,gradual_bias,1.0,1.0,2,0.0,0.0,0.0,0.0,2018-11-03,2021-10-23
11,score_only,res_energy,gradual_bias,1.0,2.0,2,1.0,1.0,0.0,0.0,2018-11-03,2021-10-23
11,score_only,stale,gradual_bias,0.25,1.0,2,0.0,1.0,0.0,1.0,2018-11-03,2021-10-23
11,score_only,stale,gradual_bias,0.25,2.0,2,0.0,1.0,0.0,1.0,2018-11-03,2021-10-23
11,score_only,stale,gradual_bias,0.5,1.0,2,0.0,1.0,0.0,1.0,2018-11-03,2021-10-23
11,score_only,stale,gradual_bias,0.5,2.0,2,0.0,1.0,0.0,1.0,2018-11-03,2021-10-23
11,score_only,stale,gradual_bias,0.75,1.0,2,0.0,1.0,0.0,1.0,2018-11-03,2021-10-23
11,score_only,stale,gradual_bias,0.75,2.0,2,0.0,1.0,0.0,1.0,2018-11-03,2021-10-23
11,score_only,stale,gradual_bias,1.0,1.0,2,0.0,1.0,0.0,1.0,2018-11-03,2021-10-23
11,score_only,stale,gradual_bias,1.0,2.0,2,0.0,1.0,0.0,1.0,2018-11-03,2021-10-23
12,all_only,T2,gradual_bias,0.25,1.0,2,0.0,0.0,0.0,0.0,2019-11-02,2022-10-22
12,all_only,T2,gradual_bias,0.25,2.0,2,0.0,0.0,0.0,0.0,2019-11-02,2022-10-22
12,all_only,T2,gradual_bias,0.5,1.0,2,0.0,0.0,0.0,0.0,2019-11-02,2022-10-22
12,all_only,T2,gradual_bias,0.5,2.0,2,0.0,0.0,0.0,0.0,2019-11-02,2022-10-22
12,all_only,T2,gradual_bias,0.75,1.0,2,0.0,0.0,0.0,0.0,2019-11-02,2022-10-22
12,all_only,T2,gradual_bias,0.75,2.0,2,0.0,0.0,0.0,0.0,2019-11-02,2022-10-22
12,all_only,T2,gradual_bias,1.0,1.0,2,0.0,0.0,0.0,0.0,2019-11-02,2022-10-22
12,all_only,T2,gradual_bias,1.0,2.0,2,0.0,0.0,0.0,0.0,2019-11-02,2022-10-22
12,all_only,cusum_factor_cov_lrt,gradual_bias,0.25,1.0,2,0.0,0.5,1.0,0.0,2019-11-02,2022-10-22
12,all_only,cusum_factor_cov_lrt,gradual_bias,0.25,2.0,2,0.5,0.5,0.0,0.0,2019-11-02,2022-10-22
12,all_only,cusum_factor_cov_lrt,gradual_bias,0.5,1.0,2,0.0,0.5,1.0,0.0,2019-11-02,2022-10-22
12,all_only,cusum_factor_cov_lrt,gradual_bias,0.5,2.0,2,0.5,0.5,0.0,0.0,2019-11-02,2022-10-22
12,all_only,cusum_factor_cov_lrt,gradual_bias,0.75,1.0,2,0.0,0.5,1.0,0.0,2019-11-02,2022-10-22
12,all_only,cusum_factor_cov_lrt,gradual_bias,0.75,2.0,2,0.5,0.5,0.0,0.0,2019-11-02,2022-10-22
12,all_only,cusum_factor_cov_lrt,gradual_bias,1.0,1.0,2,0.0,0.5,1.0,0.0,2019-11-02,2022-10-22
12,all_only,cusum_factor_cov_lrt,gradual_bias,1.0,2.0,2,0.5,0.5,0.0,0.0,2019-11-02,2022-10-22
12,all_only,ewma_factor_cov_lrt,gradual_bias,0.25,1.0,2,0.0,0.0,0.0,0.0,2019-11-02,2022-10-22
12,all_only,ewma_factor_cov_lrt,gradual_bias,0.25,2.0,2,0.5,0.5,0.0,0.0,2019-11-02,2022-10-22
12,all_only,ewma_factor_cov_lrt,gradual_bias,0.5,1.0,2,0.0,0.0,0.0,0.0,2019-11-02,2022-10-22
12,all_only,ewma_factor_cov_lrt,gradual_bias,0.5,2.0,2,0.5,0.5,0.0,0.0,2019-11-02,2022-10-22
12,all_only,ewma_factor_cov_lrt,gradual_bias,0.75,1.0,2,0.0,0.0,0.0,0.0,2019-11-02,2022-10-22
12,all_only,ewma_factor_cov_lrt,gradual_bias,0.75,2.0,2,0.5,0.5,0.0,0.0,2019-11-02,2022-10-22
12,all_only,ewma_factor_cov_lrt,gradual_bias,1.0,1.0,2,0.0,0.0,0.0,0.0,2019-11-02,2022-10-22
12,all_only,ewma_factor_cov_lrt,gradual_bias,1.0,2.0,2,0.5,0.5,0.0,0.0,2019-11-02,2022-10-22
12,all_only,factor_cov_change,gradual_bias,0.25,1.0,2,0.0,0.0,0.0,0.0,2019-11-02,2022-10-22
12,all_only,factor_cov_change,gradual_bias,0.25,2.0,2,0.0,0.0,0.0,1.0,2019-11-02,2022-10-22
12,all_only,factor_cov_change,gradual_bias,0.5,1.0,2,0.0,0.0,0.0,0.0,2019-11-02,2022-10-22
12,all_only,factor_cov_change,gradual_bias,0.5,2.0,2,0.0,0.0,0.0,1.0,2019-11-02,2022-10-22
12,all_only,factor_cov_change,gradual_bias,0.75,1.0,2,0.0,0.0,0.0,0.0,2019-11-02,2022-10-22
12,all_only,factor_cov_change,gradual_bias,0.75,2.0,2,0.0,0.0,0.0,1.0,2019-11-02,2022-10-22
12,all_only,factor_cov_change,gradual_bias,1.0,1.0,2,0.0,0.0,0.0,0.0,2019-11-02,2022-10-22
12,all_only,factor_cov_change,gradual_bias,1.0,2.0,2,0.0,0.0,0.0,1.0,2019-11-02,2022-10-22
12,all_only,factor_cov_delta,gradual_bias,0.25,1.0,2,0.0,0.0,0.0,0.0,2019-11-02,2022-10-22
12,all_only,factor_cov_delta,gradual_bias,0.25,2.0,2,0.0,0.0,0.0,0.0,2019-11-02,2022-10-22
12,all_only,factor_cov_delta,gradual_bias,0.5,1.0,2,0.0,0.0,0.0,0.0,2019-11-02,2022-10-22
12,all_only,factor_cov_delta,gradual_bias,0.5,2.0,2,0.0,0.0,0.0,0.0,2019-11-02,2022-10-22
12,all_only,factor_cov_delta,gradual_bias,0.75,1.0,2,0.0,0.0,0.0,0.0,2019-11-02,2022-10-22
12,all_only,factor_cov_delta,gradual_bias,0.75,2.0,2,0.0,0.0,0.0,0.0,2019-11-02,2022-10-22
12,all_only,factor_cov_delta,gradual_bias,1.0,1.0,2,0.0,0.0,0.0,0.0,2019-11-02,2022-10-22
12,all_only,factor_cov_delta,gradual_bias,1.0,2.0,2,0.0,0.0,0.0,0.0,2019-11-02,2022-10-22
12,all_only,factor_cov_lrt,gradual_bias,0.25,1.0,2,0.0,0.0,0.0,0.0,2019-11-02,2022-10-22
12,all_only,factor_cov_lrt,gradual_bias,0.25,2.0,2,0.0,0.0,0.0,0.0,2019-11-02,2022-10-22
12,all_only,factor_cov_lrt,gradual_bias,0.5,1.0,2,0.0,0.0,0.0,0.0,2019-11-02,2022-10-22
12,all_only,factor_cov_lrt,gradual_bias,0.5,2.0,2,0.0,0.0,0.0,0.0,2019-11-02,2022-10-22
12,all_only,factor_cov_lrt,gradual_bias,0.75,1.0,2,0.0,0.0,0.0,0.0,2019-11-02,2022-10-22
12,all_only,factor_cov_lrt,gradual_bias,0.75,2.0,2,0.0,0.0,0.0,0.0,2019-11-02,2022-10-22
12,all_only,factor_cov_lrt,gradual_bias,1.0,1.0,2,0.0,0.0,0.0,0.0,2019-11-02,2022-10-22
12,all_only,factor_cov_lrt,gradual_bias,1.0,2.0,2,0.0,0.0,0.0,0.0,2019-11-02,2022-10-22
12,all_only,factor_cov_lrt_delta,gradual_bias,0.25,1.0,2,0.0,0.0,0.0,0.0,2019-11-02,2022-10-22
12,all_only,factor_cov_lrt_delta,gradual_bias,0.25,2.0,2,0.5,0.5,0.0,0.0,2019-11-02,2022-10-22
12,all_only,factor_cov_lrt_delta,gradual_bias,0.5,1.0,2,0.0,0.0,0.0,0.0,2019-11-02,2022-10-22
12,all_only,factor_cov_lrt_delta,gradual_bias,0.5,2.0,2,0.5,0.5,0.0,0.0,2019-11-02,2022-10-22
12,all_only,factor_cov_lrt_delta,gradual_bias,0.75,1.0,2,0.0,0.0,0.0,0.0,2019-11-02,2022-10-22
12,all_only,factor_cov_lrt_delta,gradual_bias,0.75,2.0,2,0.5,0.5,0.0,0.0,2019-11-02,2022-10-22
12,all_only,factor_cov_lrt_delta,gradual_bias,1.0,1.0,2,0.0,0.0,0.0,0.0,2019-11-02,2022-10-22
12,all_only,factor_cov_lrt_delta,gradual_bias,1.0,2.0,2,0.5,0.5,0.0,0.0,2019-11-02,2022-10-22
12,all_only,fused_fisher,gradual_bias,0.25,1.0,2,0.0,0.0,0.0,0.0,2019-11-02,2022-10-22
12,all_only,fused_fisher,gradual_bias,0.25,2.0,2,0.5,0.5,0.0,0.0,2019-11-02,2022-10-22
12,all_only,fused_fisher,gradual_bias,0.5,1.0,2,0.0,0.0,0.0,0.0,2019-11-02,2022-10-22
12,all_only,fused_fisher,gradual_bias,0.5,2.0,2,0.5,0.5,0.0,0.0,2019-11-02,2022-10-22
12,all_only,fused_fisher,gradual_bias,0.75,1.0,2,0.0,0.0,0.0,0.0,2019-11-02,2022-10-22
12,all_only,fused_fisher,gradual_bias,0.75,2.0,2,0.5,0.5,0.0,0.0,2019-11-02,2022-10-22
12,all_only,fused_fisher,gradual_bias,1.0,1.0,2,0.0,0.0,0.0,0.0,2019-11-02,2022-10-22
12,all_only,fused_fisher,gradual_bias,1.0,2.0,2,0.5,0.5,0.0,0.0,2019-11-02,2022-10-22
12,all_only,fused_fisher_lrt_delta,gradual_bias,0.25,1.0,2,0.0,0.0,0.0,0.0,2019-11-02,2022-10-22
12,all_only,fused_fisher_lrt_delta,gradual_bias,0.25,2.0,2,0.5,0.5,0.0,0.0,2019-11-02,2022-10-22
12,all_only,fused_fisher_lrt_delta,gradual_bias,0.5,1.0,2,0.0,0.0,0.0,0.0,2019-11-02,2022-10-22
12,all_only,fused_fisher_lrt_delta,gradual_bias,0.5,2.0,2,0.5,0.5,0.0,0.0,2019-11-02,2022-10-22
12,all_only,fused_fisher_lrt_delta,gradual_bias,0.75,1.0,2,0.0,0.0,0.0,0.0,2019-11-02,2022-10-22
12,all_only,fused_fisher_lrt_delta,gradual_bias,0.75,2.0,2,0.5,0.5,0.0,0.0,2019-11-02,2022-10-22
12,all_only,fused_fisher_lrt_delta,gradual_bias,1.0,1.0,2,0.0,0.0,0.0,0.0,2019-11-02,2022-10-22
12,all_only,fused_fisher_lrt_delta,gradual_bias,1.0,2.0,2,0.5,0.5,0.0,0.0,2019-11-02,2022-10-22
12,all_only,fused_sp,gradual_bias,0.25,1.0,2,0.0,0.0,0.0,0.0,2019-11-02,2022-10-22
12,all_only,fused_sp,gradual_bias,0.25,2.0,2,0.5,0.5,0.0,0.0,2019-11-02,2022-10-22
12,all_only,fused_sp,gradual_bias,0.5,1.0,2,0.0,0.0,0.0,0.0,2019-11-02,2022-10-22
12,all_only,fused_sp,gradual_bias,0.5,2.0,2,0.5,0.5,0.0,0.0,2019-11-02,2022-10-22
12,all_only,fused_sp,gradual_bias,0.75,1.0,2,0.0,0.0,0.0,0.0,2019-11-02,2022-10-22
12,all_only,fused_sp,gradual_bias,0.75,2.0,2,0.5,0.5,0.0,0.0,2019-11-02,2022-10-22
12,all_only,fused_sp,gradual_bias,1.0,1.0,2,0.0,0.0,0.0,0.0,2019-11-02,2022-10-22
12,all_only,fused_sp,gradual_bias,1.0,2.0,2,0.5,0.5,0.0,0.0,2019-11-02,2022-10-22
12,all_only,fused_sp_lrt_delta,gradual_bias,0.25,1.0,2,0.0,0.0,0.0,0.0,2019-11-02,2022-10-22
12,all_only,fused_sp_lrt_delta,gradual_bias,0.25,2.0,2,0.0,0.0,0.0,0.0,2019-11-02,2022-10-22
12,all_only,fused_sp_lrt_delta,gradual_bias,0.5,1.0,2,0.0,0.0,0.0,0.0,2019-11-02,2022-10-22
12,all_only,fused_sp_lrt_delta,gradual_bias,0.5,2.0,2,0.0,0.0,0.0,0.0,2019-11-02,2022-10-22
12,all_only,fused_sp_lrt_delta,gradual_bias,0.75,1.0,2,0.0,0.0,0.0,0.0,2019-11-02,2022-10-22
12,all_only,fused_sp_lrt_delta,gradual_bias,0.75,2.0,2,0.0,0.0,0.0,0.0,2019-11-02,2022-10-22
12,all_only,fused_sp_lrt_delta,gradual_bias,1.0,1.0,2,0.0,0.0,0.0,0.0,2019-11-02,2022-10-22
12,all_only,fused_sp_lrt_delta,gradual_bias,1.0,2.0,2,0.0,0.0,0.0,0.0,2019-11-02,2022-10-22
12,all_only,max_abs,gradual_bias,0.25,1.0,2,0.0,0.0,0.0,0.0,2019-11-02,2022-10-22
12,all_only,max_abs,gradual_bias,0.25,2.0,2,0.0,0.0,0.0,0.0,2019-11-02,2022-10-22
12,all_only,max_abs,gradual_bias,0.5,1.0,2,0.0,0.0,0.0,0.0,2019-11-02,2022-10-22
12,all_only,max_abs,gradual_bias,0.5,2.0,2,0.0,0.0,0.0,0.0,2019-11-02,2022-10-22
12,all_only,max_abs,gradual_bias,0.75,1.0,2,0.0,0.0,0.0,0.0,2019-11-02,2022-10-22
12,all_only,max_abs,gradual_bias,0.75,2.0,2,0.0,0.0,0.0,0.0,2019-11-02,2022-10-22
12,all_only,max_abs,gradual_bias,1.0,1.0,2,0.0,0.0,0.0,0.0,2019-11-02,2022-10-22
12,all_only,max_abs,gradual_bias,1.0,2.0,2,0.0,0.0,0.0,0.0,2019-11-02,2022-10-22
12,all_only,pc_t2,gradual_bias,0.25,1.0,2,0.0,0.0,0.0,0.0,2019-11-02,2022-10-22
12,all_only,pc_t2,gradual_bias,0.25,2.0,2,0.0,0.0,0.0,0.0,2019-11-02,2022-10-22
12,all_only,pc_t2,gradual_bias,0.5,1.0,2,0.0,0.0,0.0,0.0,2019-11-02,2022-10-22
12,all_only,pc_t2,gradual_bias,0.5,2.0,2,0.0,0.0,0.0,0.0,2019-11-02,2022-10-22
12,all_only,pc_t2,gradual_bias,0.75,1.0,2,0.0,0.0,0.0,0.0,2019-11-02,2022-10-22
12,all_only,pc_t2,gradual_bias,0.75,2.0,2,0.0,0.0,0.0,0.0,2019-11-02,2022-10-22
12,all_only,pc_t2,gradual_bias,1.0,1.0,2,0.0,0.0,0.0,0.0,2019-11-02,2022-10-22
12,all_only,pc_t2,gradual_bias,1.0,2.0,2,0.0,0.0,0.0,0.0,2019-11-02,2022-10-22
12,all_only,res_energy,gradual_bias,0.25,1.0,2,0.0,0.0,0.0,0.0,2019-11-02,2022-10-22
12,all_only,res_energy,gradual_bias,0.25,2.0,2,0.5,0.5,0.0,0.0,2019-11-02,2022-10-22
12,all_only,res_energy,gradual_bias,0.5,1.0,2,0.0,0.0,0.0,0.0,2019-11-02,2022-10-22
12,all_only,res_energy,gradual_bias,0.5,2.0,2,0.5,0.5,0.0,0.0,2019-11-02,2022-10-22
12,all_only,res_energy,gradual_bias,0.75,1.0,2,0.0,0.0,0.0,0.0,2019-11-02,2022-10-22
12,all_only,res_energy,gradual_bias,0.75,2.0,2,0.5,0.5,0.0,0.0,2019-11-02,2022-10-22
12,all_only,res_energy,gradual_bias,1.0,1.0,2,0.0,0.0,0.0,0.0,2019-11-02,2022-10-22
12,all_only,res_energy,gradual_bias,1.0,2.0,2,0.5,0.5,0.0,0.0,2019-11-02,2022-10-22
12,all_only,stale,gradual_bias,0.25,1.0,2,0.0,0.5,0.0,1.0,2019-11-02,2022-10-22
12,all_only,stale,gradual_bias,0.25,2.0,2,0.0,0.5,0.0,1.0,2019-11-02,2022-10-22
12,all_only,stale,gradual_bias,0.5,1.0,2,0.0,0.5,0.0,1.0,2019-11-02,2022-10-22
12,all_only,stale,gradual_bias,0.5,2.0,2,0.0,0.5,0.0,1.0,2019-11-02,2022-10-22
12,all_only,stale,gradual_bias,0.75,1.0,2,0.0,0.5,0.0,1.0,2019-11-02,2022-10-22
12,all_only,stale,gradual_bias,0.75,2.0,2,0.0,0.5,0.0,1.0,2019-11-02,2022-10-22
12,all_only,stale,gradual_bias,1.0,1.0,2,0.0,0.5,0.0,1.0,2019-11-02,2022-10-22
12,all_only,stale,gradual_bias,1.0,2.0,2,0.0,0.5,0.0,1.0,2019-11-02,2022-10-22
12,full,T2,gradual_bias,0.25,1.0,2,0.0,0.0,0.0,0.0,2019-11-02,2022-10-22
12,full,T2,gradual_bias,0.25,2.0,2,0.0,0.0,0.0,0.0,2019-11-02,2022-10-22
12,full,T2,gradual_bias,0.5,1.0,2,0.0,0.0,0.0,0.0,2019-11-02,2022-10-22
12,full,T2,gradual_bias,0.5,2.0,2,0.0,0.0,0.0,0.0,2019-11-02,2022-10-22
12,full,T2,gradual_bias,0.75,1.0,2,0.0,0.0,0.0,0.0,2019-11-02,2022-10-22
12,full,T2,gradual_bias,0.75,2.0,2,0.0,0.0,0.0,0.0,2019-11-02,2022-10-22
12,full,T2,gradual_bias,1.0,1.0,2,0.0,0.0,0.0,0.0,2019-11-02,2022-10-22
12,full,T2,gradual_bias,1.0,2.0,2,0.0,0.0,0.0,0.0,2019-11-02,2022-10-22
12,full,cusum_factor_cov_lrt,gradual_bias,0.25,1.0,2,0.0,0.5,1.0,0.0,2019-11-02,2022-10-22
12,full,cusum_factor_cov_lrt,gradual_bias,0.25,2.0,2,0.5,0.5,0.0,0.0,2019-11-02,2022-10-22
12,full,cusum_factor_cov_lrt,gradual_bias,0.5,1.0,2,0.0,0.5,1.0,0.0,2019-11-02,2022-10-22
12,full,cusum_factor_cov_lrt,gradual_bias,0.5,2.0,2,0.5,0.5,0.0,0.0,2019-11-02,2022-10-22
12,full,cusum_factor_cov_lrt,gradual_bias,0.75,1.0,2,0.0,0.5,1.0,0.0,2019-11-02,2022-10-22
12,full,cusum_factor_cov_lrt,gradual_bias,0.75,2.0,2,0.5,0.5,0.0,0.0,2019-11-02,2022-10-22
12,full,cusum_factor_cov_lrt,gradual_bias,1.0,1.0,2,0.0,0.5,1.0,0.0,2019-11-02,2022-10-22
12,full,cusum_factor_cov_lrt,gradual_bias,1.0,2.0,2,0.5,0.5,0.0,0.0,2019-11-02,2022-10-22
12,full,ewma_factor_cov_lrt,gradual_bias,0.25,1.0,2,0.5,0.5,0.0,0.0,2019-11-02,2022-10-22
12,full,ewma_factor_cov_lrt,gradual_bias,0.25,2.0,2,0.0,0.0,0.0,0.0,2019-11-02,2022-10-22
12,full,ewma_factor_cov_lrt,gradual_bias,0.5,1.0,2,0.5,0.5,0.0,0.0,2019-11-02,2022-10-22
12,full,ewma_factor_cov_lrt,gradual_bias,0.5,2.0,2,0.0,0.0,0.0,0.0,2019-11-02,2022-10-22
12,full,ewma_factor_cov_lrt,gradual_bias,0.75,1.0,2,0.0,0.0,0.0,0.0,2019-11-02,2022-10-22
12,full,ewma_factor_cov_lrt,gradual_bias,0.75,2.0,2,0.0,0.0,0.0,0.0,2019-11-02,2022-10-22
12,full,ewma_factor_cov_lrt,gradual_bias,1.0,1.0,2,0.5,0.5,0.0,0.0,2019-11-02,2022-10-22
12,full,ewma_factor_cov_lrt,gradual_bias,1.0,2.0,2,0.0,0.0,0.0,0.0,2019-11-02,2022-10-22
12,full,factor_cov_change,gradual_bias,0.25,1.0,2,0.0,0.0,0.0,0.0,2019-11-02,2022-10-22
12,full,factor_cov_change,gradual_bias,0.25,2.0,2,0.5,0.5,0.0,0.0,2019-11-02,2022-10-22
12,full,factor_cov_change,gradual_bias,0.5,1.0,2,0.0,0.0,0.0,0.0,2019-11-02,2022-10-22
12,full,factor_cov_change,gradual_bias,0.5,2.0,2,0.5,0.5,0.0,0.0,2019-11-02,2022-10-22
12,full,factor_cov_change,gradual_bias,0.75,1.0,2,0.0,0.0,0.0,0.0,2019-11-02,2022-10-22
12,full,factor_cov_change,gradual_bias,0.75,2.0,2,0.5,0.5,0.0,0.0,2019-11-02,2022-10-22
12,full,factor_cov_change,gradual_bias,1.0,1.0,2,0.0,0.0,0.0,0.0,2019-11-02,2022-10-22
12,full,factor_cov_change,gradual_bias,1.0,2.0,2,0.5,0.5,0.0,0.0,2019-11-02,2022-10-22
12,full,factor_cov_delta,gradual_bias,0.25,1.0,2,0.0,0.0,0.0,0.0,2019-11-02,2022-10-22
12,full,factor_cov_delta,gradual_bias,0.25,2.0,2,0.0,0.0,0.0,0.0,2019-11-02,2022-10-22
12,full,factor_cov_delta,gradual_bias,0.5,1.0,2,0.0,0.0,0.0,0.0,2019-11-02,2022-10-22
12,full,factor_cov_delta,gradual_bias,0.5,2.0,2,0.0,0.0,0.0,0.0,2019-11-02,2022-10-22
12,full,factor_cov_delta,gradual_bias,0.75,1.0,2,0.0,0.0,0.0,0.0,2019-11-02,2022-10-22
12,full,factor_cov_delta,gradual_bias,0.75,2.0,2,0.0,0.0,0.0,0.0,2019-11-02,2022-10-22
12,full,factor_cov_delta,gradual_bias,1.0,1.0,2,0.0,0.0,0.0,0.0,2019-11-02,2022-10-22
12,full,factor_cov_delta,gradual_bias,1.0,2.0,2,0.0,0.0,0.0,0.0,2019-11-02,2022-10-22
12,full,factor_cov_lrt,gradual_bias,0.25,1.0,2,0.0,0.0,0.0,0.0,2019-11-02,2022-10-22
12,full,factor_cov_lrt,gradual_bias,0.25,2.0,2,0.0,0.0,0.0,0.0,2019-11-02,2022-10-22
12,full,factor_cov_lrt,gradual_bias,0.5,1.0,2,0.0,0.0,0.0,0.0,2019-11-02,2022-10-22
12,full,factor_cov_lrt,gradual_bias,0.5,2.0,2,0.0,0.0,0.0,0.0,2019-11-02,2022-10-22
12,full,factor_cov_lrt,gradual_bias,0.75,1.0,2,0.0,0.0,0.0,0.0,2019-11-02,2022-10-22
12,full,factor_cov_lrt,gradual_bias,0.75,2.0,2,0.0,0.0,0.0,0.0,2019-11-02,2022-10-22
12,full,factor_cov_lrt,gradual_bias,1.0,1.0,2,0.0,0.0,0.0,0.0,2019-11-02,2022-10-22
12,full,factor_cov_lrt,gradual_bias,1.0,2.0,2,0.0,0.0,0.0,0.0,2019-11-02,2022-10-22
12,full,factor_cov_lrt_delta,gradual_bias,0.25,1.0,2,0.0,0.0,0.0,0.0,2019-11-02,2022-10-22
12,full,factor_cov_lrt_delta,gradual_bias,0.25,2.0,2,1.0,1.0,0.0,0.0,2019-11-02,2022-10-22
12,full,factor_cov_lrt_delta,gradual_bias,0.5,1.0,2,0.0,0.0,0.0,0.0,2019-11-02,2022-10-22
12,full,factor_cov_lrt_delta,gradual_bias,0.5,2.0,2,1.0,1.0,0.0,0.0,2019-11-02,2022-10-22
12,full,factor_cov_lrt_delta,gradual_bias,0.75,1.0,2,0.0,0.0,0.0,0.0,2019-11-02,2022-10-22
12,full,factor_cov_lrt_delta,gradual_bias,0.75,2.0,2,1.0,1.0,0.0,0.0,2019-11-02,2022-10-22
12,full,factor_cov_lrt_delta,gradual_bias,1.0,1.0,2,0.0,0.0,0.0,0.0,2019-11-02,2022-10-22
12,full,factor_cov_lrt_delta,gradual_bias,1.0,2.0,2,1.0,1.0,0.0,0.0,2019-11-02,2022-10-22
12,full,fused_fisher,gradual_bias,0.25,1.0,2,0.0,0.0,0.0,0.0,2019-11-02,2022-10-22
12,full,fused_fisher,gradual_bias,0.25,2.0,2,0.0,0.0,0.0,0.0,2019-11-02,2022-10-22
12,full,fused_fisher,gradual_bias,0.5,1.0,2,0.0,0.0,0.0,0.0,2019-11-02,2022-10-22
12,full,fused_fisher,gradual_bias,0.5,2.0,2,0.0,0.0,0.0,0.0,2019-11-02,2022-10-22
12,full,fused_fisher,gradual_bias,0.75,1.0,2,0.0,0.0,0.0,0.0,2019-11-02,2022-10-22
12,full,fused_fisher,gradual_bias,0.75,2.0,2,0.0,0.0,0.0,0.0,2019-11-02,2022-10-22
12,full,fused_fisher,gradual_bias,1.0,1.0,2,0.0,0.0,0.0,0.0,2019-11-02,2022-10-22
12,full,fused_fisher,gradual_bias,1.0,2.0,2,0.0,0.0,0.0,0.0,2019-11-02,2022-10-22
12,full,fused_fisher_lrt_delta,gradual_bias,0.25,1.0,2,0.0,0.0,0.0,0.0,2019-11-02,2022-10-22
12,full,fused_fisher_lrt_delta,gradual_bias,0.25,2.0,2,0.5,0.5,0.0,0.0,2019-11-02,2022-10-22
12,full,fused_fisher_lrt_delta,gradual_bias,0.5,1.0,2,0.0,0.0,0.0,0.0,2019-11-02,2022-10-22
12,full,fused_fisher_lrt_delta,gradual_bias,0.5,2.0,2,0.5,0.5,0.0,0.0,2019-11-02,2022-10-22
12,full,fused_fisher_lrt_delta,gradual_bias,0.75,1.0,2,0.0,0.0,0.0,0.0,2019-11-02,2022-10-22
12,full,fused_fisher_lrt_delta,gradual_bias,0.75,2.0,2,0.5,0.5,0.0,0.0,2019-11-02,2022-10-22
12,full,fused_fisher_lrt_delta,gradual_bias,1.0,1.0,2,0.0,0.0,0.0,0.0,2019-11-02,2022-10-22
12,full,fused_fisher_lrt_delta,gradual_bias,1.0,2.0,2,0.5,0.5,0.0,0.0,2019-11-02,2022-10-22
12,full,fused_sp,gradual_bias,0.25,1.0,2,0.0,0.0,0.0,0.0,2019-11-02,2022-10-22
12,full,fused_sp,gradual_bias,0.25,2.0,2,0.0,0.0,0.0,0.0,2019-11-02,2022-10-22
12,full,fused_sp,gradual_bias,0.5,1.0,2,0.0,0.0,0.0,0.0,2019-11-02,2022-10-22
12,full,fused_sp,gradual_bias,0.5,2.0,2,0.0,0.0,0.0,0.0,2019-11-02,2022-10-22
12,full,fused_sp,gradual_bias,0.75,1.0,2,0.0,0.0,0.0,0.0,2019-11-02,2022-10-22
12,full,fused_sp,gradual_bias,0.75,2.0,2,0.0,0.0,0.0,0.0,2019-11-02,2022-10-22
12,full,fused_sp,gradual_bias,1.0,1.0,2,0.0,0.0,0.0,0.0,2019-11-02,2022-10-22
12,full,fused_sp,gradual_bias,1.0,2.0,2,0.0,0.0,0.0,0.0,2019-11-02,2022-10-22
12,full,fused_sp_lrt_delta,gradual_bias,0.25,1.0,2,0.0,0.0,0.0,0.0,2019-11-02,2022-10-22
12,full,fused_sp_lrt_delta,gradual_bias,0.25,2.0,2,0.0,0.0,0.0,0.0,2019-11-02,2022-10-22
12,full,fused_sp_lrt_delta,gradual_bias,0.5,1.0,2,0.0,0.0,0.0,0.0,2019-11-02,2022-10-22
12,full,fused_sp_lrt_delta,gradual_bias,0.5,2.0,2,0.0,0.0,0.0,0.0,2019-11-02,2022-10-22
12,full,fused_sp_lrt_delta,gradual_bias,0.75,1.0,2,0.0,0.0,0.0,0.0,2019-11-02,2022-10-22
12,full,fused_sp_lrt_delta,gradual_bias,0.75,2.0,2,0.0,0.0,0.0,0.0,2019-11-02,2022-10-22
12,full,fused_sp_lrt_delta,gradual_bias,1.0,1.0,2,0.0,0.0,0.0,0.0,2019-11-02,2022-10-22
12,full,fused_sp_lrt_delta,gradual_bias,1.0,2.0,2,0.0,0.0,0.0,0.0,2019-11-02,2022-10-22
12,full,max_abs,gradual_bias,0.25,1.0,2,0.0,0.0,0.0,0.0,2019-11-02,2022-10-22
12,full,max_abs,gradual_bias,0.25,2.0,2,0.0,0.0,0.0,0.0,2019-11-02,2022-10-22
12,full,max_abs,gradual_bias,0.5,1.0,2,0.0,0.0,0.0,0.0,2019-11-02,2022-10-22
12,full,max_abs,gradual_bias,0.5,2.0,2,0.0,0.0,0.0,0.0,2019-11-02,2022-10-22
12,full,max_abs,gradual_bias,0.75,1.0,2,0.0,0.0,0.0,0.0,2019-11-02,2022-10-22
12,full,max_abs,gradual_bias,0.75,2.0,2,0.0,0.0,0.0,0.0,2019-11-02,2022-10-22
12,full,max_abs,gradual_bias,1.0,1.0,2,0.0,0.0,0.0,0.0,2019-11-02,2022-10-22
12,full,max_abs,gradual_bias,1.0,2.0,2,0.0,0.0,0.0,0.0,2019-11-02,2022-10-22
12,full,pc_t2,gradual_bias,0.25,1.0,2,0.0,0.0,0.0,0.0,2019-11-02,2022-10-22
12,full,pc_t2,gradual_bias,0.25,2.0,2,0.0,0.0,0.0,0.0,2019-11-02,2022-10-22
12,full,pc_t2,gradual_bias,0.5,1.0,2,0.0,0.0,0.0,0.0,2019-11-02,2022-10-22
12,full,pc_t2,gradual_bias,0.5,2.0,2,0.0,0.0,0.0,0.0,2019-11-02,2022-10-22
12,full,pc_t2,gradual_bias,0.75,1.0,2,0.0,0.0,0.0,0.0,2019-11-02,2022-10-22
12,full,pc_t2,gradual_bias,0.75,2.0,2,0.0,0.0,0.0,0.0,2019-11-02,2022-10-22
12,full,pc_t2,gradual_bias,1.0,1.0,2,0.0,0.0,0.0,0.0,2019-11-02,2022-10-22
12,full,pc_t2,gradual_bias,1.0,2.0,2,0.0,0.0,0.0,0.0,2019-11-02,2022-10-22
12,full,res_energy,gradual_bias,0.25,1.0,2,0.0,0.0,0.0,0.0,2019-11-02,2022-10-22
12,full,res_energy,gradual_bias,0.25,2.0,2,0.0,0.0,0.0,0.0,2019-11-02,2022-10-22
12,full,res_energy,gradual_bias,0.5,1.0,2,0.0,0.0,0.0,0.0,2019-11-02,2022-10-22
12,full,res_energy,gradual_bias,0.5,2.0,2,0.0,0.0,0.0,0.0,2019-11-02,2022-10-22
12,full,res_energy,gradual_bias,0.75,1.0,2,0.0,0.0,0.0,0.0,2019-11-02,2022-10-22
12,full,res_energy,gradual_bias,0.75,2.0,2,0.0,0.0,0.0,0.0,2019-11-02,2022-10-22
12,full,res_energy,gradual_bias,1.0,1.0,2,0.0,0.0,0.0,0.0,2019-11-02,2022-10-22
12,full,res_energy,gradual_bias,1.0,2.0,2,0.0,0.0,0.0,0.0,2019-11-02,2022-10-22
12,full,stale,gradual_bias,0.25,1.0,2,0.0,0.5,0.0,1.0,2019-11-02,2022-10-22
12,full,stale,gradual_bias,0.25,2.0,2,0.0,0.5,0.0,1.0,2019-11-02,2022-10-22
12,full,stale,gradual_bias,0.5,1.0,2,0.0,0.5,0.0,1.0,2019-11-02,2022-10-22
12,full,stale,gradual_bias,0.5,2.0,2,0.0,0.5,0.0,1.0,2019-11-02,2022-10-22
12,full,stale,gradual_bias,0.75,1.0,2,0.0,0.5,0.0,1.0,2019-11-02,2022-10-22
12,full,stale,gradual_bias,0.75,2.0,2,0.0,0.5,0.0,1.0,2019-11-02,2022-10-22
12,full,stale,gradual_bias,1.0,1.0,2,0.0,0.5,0.0,1.0,2019-11-02,2022-10-22
12,full,stale,gradual_bias,1.0,2.0,2,0.0,0.5,0.0,1.0,2019-11-02,2022-10-22
12,score_only,T2,gradual_bias,0.25,1.0,2,0.0,0.0,0.0,0.0,2019-11-02,2022-10-22
12,score_only,T2,gradual_bias,0.25,2.0,2,0.0,0.0,0.0,0.0,2019-11-02,2022-10-22
12,score_only,T2,gradual_bias,0.5,1.0,2,0.0,0.0,0.0,0.0,2019-11-02,2022-10-22
12,score_only,T2,gradual_bias,0.5,2.0,2,0.0,0.0,0.0,0.0,2019-11-02,2022-10-22
12,score_only,T2,gradual_bias,0.75,1.0,2,0.0,0.0,0.0,0.0,2019-11-02,2022-10-22
12,score_only,T2,gradual_bias,0.75,2.0,2,0.0,0.0,0.0,0.0,2019-11-02,2022-10-22
12,score_only,T2,gradual_bias,1.0,1.0,2,0.0,0.0,0.0,0.0,2019-11-02,2022-10-22
12,score_only,T2,gradual_bias,1.0,2.0,2,0.0,0.0,0.0,0.0,2019-11-02,2022-10-22
12,score_only,coh_resid_energy,gradual_bias,0.25,1.0,2,0.0,0.0,0.0,0.0,2019-11-02,2022-10-22
12,score_only,coh_resid_energy,gradual_bias,0.25,2.0,2,0.0,0.0,0.0,0.0,2019-11-02,2022-10-22
12,score_only,coh_resid_energy,gradual_bias,0.5,1.0,2,0.0,0.0,0.0,0.0,2019-11-02,2022-10-22
12,score_only,coh_resid_energy,gradual_bias,0.5,2.0,2,0.0,0.0,0.0,0.0,2019-11-02,2022-10-22
12,score_only,coh_resid_energy,gradual_bias,0.75,1.0,2,0.0,0.0,0.0,0.0,2019-11-02,2022-10-22
12,score_only,coh_resid_energy,gradual_bias,0.75,2.0,2,0.0,0.0,0.0,0.0,2019-11-02,2022-10-22
12,score_only,coh_resid_energy,gradual_bias,1.0,1.0,2,0.0,0.0,0.0,0.0,2019-11-02,2022-10-22
12,score_only,coh_resid_energy,gradual_bias,1.0,2.0,2,0.0,0.0,0.0,0.0,2019-11-02,2022-10-22
12,score_only,coh_resid_t2,gradual_bias,0.25,1.0,2,0.0,0.0,0.0,0.0,2019-11-02,2022-10-22
12,score_only,coh_resid_t2,gradual_bias,0.25,2.0,2,0.0,0.0,0.0,0.0,2019-11-02,2022-10-22
12,score_only,coh_resid_t2,gradual_bias,0.5,1.0,2,0.0,0.0,0.0,0.0,2019-11-02,2022-10-22
12,score_only,coh_resid_t2,gradual_bias,0.5,2.0,2,0.0,0.0,0.0,0.0,2019-11-02,2022-10-22
12,score_only,coh_resid_t2,gradual_bias,0.75,1.0,2,0.0,0.0,0.0,0.0,2019-11-02,2022-10-22
12,score_only,coh_resid_t2,gradual_bias,0.75,2.0,2,0.0,0.0,0.0,0.0,2019-11-02,2022-10-22
12,score_only,coh_resid_t2,gradual_bias,1.0,1.0,2,0.0,0.0,0.0,0.0,2019-11-02,2022-10-22
12,score_only,coh_resid_t2,gradual_bias,1.0,2.0,2,0.0,0.0,0.0,0.0,2019-11-02,2022-10-22
12,score_only,cusum_coh_resid_t2,gradual_bias,0.25,1.0,2,0.0,0.0,0.0,0.0,2019-11-02,2022-10-22
12,score_only,cusum_coh_resid_t2,gradual_bias,0.25,2.0,2,0.0,0.0,0.0,0.0,2019-11-02,2022-10-22
12,score_only,cusum_coh_resid_t2,gradual_bias,0.5,1.0,2,0.0,0.0,0.0,0.0,2019-11-02,2022-10-22
12,score_only,cusum_coh_resid_t2,gradual_bias,0.5,2.0,2,0.0,0.0,0.0,0.0,2019-11-02,2022-10-22
12,score_only,cusum_coh_resid_t2,gradual_bias,0.75,1.0,2,0.0,0.0,0.0,0.0,2019-11-02,2022-10-22
12,score_only,cusum_coh_resid_t2,gradual_bias,0.75,2.0,2,0.0,0.0,0.0,0.0,2019-11-02,2022-10-22
12,score_only,cusum_coh_resid_t2,gradual_bias,1.0,1.0,2,0.0,0.0,0.0,0.0,2019-11-02,2022-10-22
12,score_only,cusum_coh_resid_t2,gradual_bias,1.0,2.0,2,0.0,0.0,0.0,0.0,2019-11-02,2022-10-22
12,score_only,cusum_factor_cov_lrt,gradual_bias,0.25,1.0,2,0.0,0.5,1.0,0.0,2019-11-02,2022-10-22
12,score_only,cusum_factor_cov_lrt,gradual_bias,0.25,2.0,2,0.5,0.5,0.0,0.0,2019-11-02,2022-10-22
12,score_only,cusum_factor_cov_lrt,gradual_bias,0.5,1.0,2,0.0,0.5,1.0,0.0,2019-11-02,2022-10-22
12,score_only,cusum_factor_cov_lrt,gradual_bias,0.5,2.0,2,0.5,0.5,0.0,0.0,2019-11-02,2022-10-22
12,score_only,cusum_factor_cov_lrt,gradual_bias,0.75,1.0,2,0.0,0.5,1.0,0.0,2019-11-02,2022-10-22
12,score_only,cusum_factor_cov_lrt,gradual_bias,0.75,2.0,2,0.5,0.5,0.0,0.0,2019-11-02,2022-10-22
12,score_only,cusum_factor_cov_lrt,gradual_bias,1.0,1.0,2,0.0,0.5,1.0,0.0,2019-11-02,2022-10-22
12,score_only,cusum_factor_cov_lrt,gradual_bias,1.0,2.0,2,0.0,0.0,0.0,0.0,2019-11-02,2022-10-22
12,score_only,ewma_coh_resid_t2,gradual_bias,0.25,1.0,2,1.0,1.0,0.0,0.0,2019-11-02,2022-10-22
12,score_only,ewma_coh_resid_t2,gradual_bias,0.25,2.0,2,0.5,0.5,0.0,0.0,2019-11-02,2022-10-22
12,score_only,ewma_coh_resid_t2,gradual_bias,0.5,1.0,2,1.0,1.0,0.0,0.0,2019-11-02,2022-10-22
12,score_only,ewma_coh_resid_t2,gradual_bias,0.5,2.0,2,0.5,0.5,0.0,0.0,2019-11-02,2022-10-22
12,score_only,ewma_coh_resid_t2,gradual_bias,0.75,1.0,2,1.0,1.0,0.0,0.0,2019-11-02,2022-10-22
12,score_only,ewma_coh_resid_t2,gradual_bias,0.75,2.0,2,0.5,0.5,0.0,0.0,2019-11-02,2022-10-22
12,score_only,ewma_coh_resid_t2,gradual_bias,1.0,1.0,2,1.0,1.0,0.0,0.0,2019-11-02,2022-10-22
12,score_only,ewma_coh_resid_t2,gradual_bias,1.0,2.0,2,0.5,0.5,0.0,0.0,2019-11-02,2022-10-22
12,score_only,ewma_factor_cov_lrt,gradual_bias,0.25,1.0,2,0.0,0.0,0.0,0.0,2019-11-02,2022-10-22
12,score_only,ewma_factor_cov_lrt,gradual_bias,0.25,2.0,2,0.5,0.5,0.0,0.0,2019-11-02,2022-10-22
12,score_only,ewma_factor_cov_lrt,gradual_bias,0.5,1.0,2,0.0,0.0,0.0,0.0,2019-11-02,2022-10-22
12,score_only,ewma_factor_cov_lrt,gradual_bias,0.5,2.0,2,0.5,0.5,0.0,0.0,2019-11-02,2022-10-22
12,score_only,ewma_factor_cov_lrt,gradual_bias,0.75,1.0,2,0.0,0.0,0.0,0.0,2019-11-02,2022-10-22
12,score_only,ewma_factor_cov_lrt,gradual_bias,0.75,2.0,2,0.5,0.5,0.0,0.0,2019-11-02,2022-10-22
12,score_only,ewma_factor_cov_lrt,gradual_bias,1.0,1.0,2,0.0,0.0,0.0,0.0,2019-11-02,2022-10-22
12,score_only,ewma_factor_cov_lrt,gradual_bias,1.0,2.0,2,0.0,0.0,0.0,0.0,2019-11-02,2022-10-22
12,score_only,factor_cov_change,gradual_bias,0.25,1.0,2,0.0,0.0,0.0,0.0,2019-11-02,2022-10-22
12,score_only,factor_cov_change,gradual_bias,0.25,2.0,2,0.0,0.0,0.0,0.0,2019-11-02,2022-10-22
12,score_only,factor_cov_change,gradual_bias,0.5,1.0,2,0.0,0.0,0.0,0.0,2019-11-02,2022-10-22
12,score_only,factor_cov_change,gradual_bias,0.5,2.0,2,0.0,0.0,0.0,0.0,2019-11-02,2022-10-22
12,score_only,factor_cov_change,gradual_bias,0.75,1.0,2,0.0,0.0,0.0,0.0,2019-11-02,2022-10-22
12,score_only,factor_cov_change,gradual_bias,0.75,2.0,2,0.0,0.0,0.0,0.0,2019-11-02,2022-10-22
12,score_only,factor_cov_change,gradual_bias,1.0,1.0,2,0.0,0.0,0.0,0.0,2019-11-02,2022-10-22
12,score_only,factor_cov_change,gradual_bias,1.0,2.0,2,0.0,0.0,0.0,0.0,2019-11-02,2022-10-22
12,score_only,factor_cov_delta,gradual_bias,0.25,1.0,2,0.0,0.0,0.0,0.0,2019-11-02,2022-10-22
12,score_only,factor_cov_delta,gradual_bias,0.25,2.0,2,0.0,0.0,0.0,0.0,2019-11-02,2022-10-22
12,score_only,factor_cov_delta,gradual_bias,0.5,1.0,2,0.0,0.0,0.0,0.0,2019-11-02,2022-10-22
12,score_only,factor_cov_delta,gradual_bias,0.5,2.0,2,0.0,0.0,0.0,0.0,2019-11-02,2022-10-22
12,score_only,factor_cov_delta,gradual_bias,0.75,1.0,2,0.0,0.0,0.0,0.0,2019-11-02,2022-10-22
12,score_only,factor_cov_delta,gradual_bias,0.75,2.0,2,0.0,0.0,0.0,0.0,2019-11-02,2022-10-22
12,score_only,factor_cov_delta,gradual_bias,1.0,1.0,2,0.0,0.0,0.0,0.0,2019-11-02,2022-10-22
12,score_only,factor_cov_delta,gradual_bias,1.0,2.0,2,0.0,0.0,0.0,0.0,2019-11-02,2022-10-22
12,score_only,factor_cov_lrt,gradual_bias,0.25,1.0,2,0.5,0.5,0.0,0.0,2019-11-02,2022-10-22
12,score_only,factor_cov_lrt,gradual_bias,0.25,2.0,2,0.5,0.5,0.0,0.0,2019-11-02,2022-10-22
12,score_only,factor_cov_lrt,gradual_bias,0.5,1.0,2,0.5,0.5,0.0,0.0,2019-11-02,2022-10-22
12,score_only,factor_cov_lrt,gradual_bias,0.5,2.0,2,0.5,0.5,0.0,0.0,2019-11-02,2022-10-22
12,score_only,factor_cov_lrt,gradual_bias,0.75,1.0,2,0.5,0.5,0.0,0.0,2019-11-02,2022-10-22
12,score_only,factor_cov_lrt,gradual_bias,0.75,2.0,2,0.5,0.5,0.0,0.0,2019-11-02,2022-10-22
12,score_only,factor_cov_lrt,gradual_bias,1.0,1.0,2,0.5,0.5,0.0,0.0,2019-11-02,2022-10-22
12,score_only,factor_cov_lrt,gradual_bias,1.0,2.0,2,0.5,0.5,0.0,0.0,2019-11-02,2022-10-22
12,score_only,factor_cov_lrt_delta,gradual_bias,0.25,1.0,2,0.0,0.0,0.0,0.0,2019-11-02,2022-10-22
12,score_only,factor_cov_lrt_delta,gradual_bias,0.25,2.0,2,0.5,0.5,0.0,0.0,2019-11-02,2022-10-22
12,score_only,factor_cov_lrt_delta,gradual_bias,0.5,1.0,2,0.0,0.0,0.0,0.0,2019-11-02,2022-10-22
12,score_only,factor_cov_lrt_delta,gradual_bias,0.5,2.0,2,0.5,0.5,0.0,0.0,2019-11-02,2022-10-22
12,score_only,factor_cov_lrt_delta,gradual_bias,0.75,1.0,2,0.0,0.0,0.0,0.0,2019-11-02,2022-10-22
12,score_only,factor_cov_lrt_delta,gradual_bias,0.75,2.0,2,0.5,0.5,0.0,0.0,2019-11-02,2022-10-22
12,score_only,factor_cov_lrt_delta,gradual_bias,1.0,1.0,2,0.0,0.0,0.0,0.0,2019-11-02,2022-10-22
12,score_only,factor_cov_lrt_delta,gradual_bias,1.0,2.0,2,0.5,0.5,0.0,0.0,2019-11-02,2022-10-22
12,score_only,fused_fisher,gradual_bias,0.25,1.0,2,0.0,0.0,0.0,0.0,2019-11-02,2022-10-22
12,score_only,fused_fisher,gradual_bias,0.25,2.0,2,0.5,0.5,0.0,0.0,2019-11-02,2022-10-22
12,score_only,fused_fisher,gradual_bias,0.5,1.0,2,0.0,0.0,0.0,0.0,2019-11-02,2022-10-22
12,score_only,fused_fisher,gradual_bias,0.5,2.0,2,0.5,0.5,0.0,0.0,2019-11-02,2022-10-22
12,score_only,fused_fisher,gradual_bias,0.75,1.0,2,0.0,0.0,0.0,0.0,2019-11-02,2022-10-22
12,score_only,fused_fisher,gradual_bias,0.75,2.0,2,0.5,0.5,0.0,0.0,2019-11-02,2022-10-22
12,score_only,fused_fisher,gradual_bias,1.0,1.0,2,0.0,0.0,0.0,0.0,2019-11-02,2022-10-22
12,score_only,fused_fisher,gradual_bias,1.0,2.0,2,0.5,0.5,0.0,0.0,2019-11-02,2022-10-22
12,score_only,fused_fisher_lrt_delta,gradual_bias,0.25,1.0,2,0.0,0.0,0.0,0.0,2019-11-02,2022-10-22
12,score_only,fused_fisher_lrt_delta,gradual_bias,0.25,2.0,2,0.5,0.5,0.0,0.0,2019-11-02,2022-10-22
12,score_only,fused_fisher_lrt_delta,gradual_bias,0.5,1.0,2,0.0,0.0,0.0,0.0,2019-11-02,2022-10-22
12,score_only,fused_fisher_lrt_delta,gradual_bias,0.5,2.0,2,0.5,0.5,0.0,0.0,2019-11-02,2022-10-22
12,score_only,fused_fisher_lrt_delta,gradual_bias,0.75,1.0,2,0.0,0.0,0.0,0.0,2019-11-02,2022-10-22
12,score_only,fused_fisher_lrt_delta,gradual_bias,0.75,2.0,2,0.5,0.5,0.0,0.0,2019-11-02,2022-10-22
12,score_only,fused_fisher_lrt_delta,gradual_bias,1.0,1.0,2,0.0,0.0,0.0,0.0,2019-11-02,2022-10-22
12,score_only,fused_fisher_lrt_delta,gradual_bias,1.0,2.0,2,0.5,0.5,0.0,0.0,2019-11-02,2022-10-22
12,score_only,fused_sp,gradual_bias,0.25,1.0,2,0.5,0.5,0.0,0.0,2019-11-02,2022-10-22
12,score_only,fused_sp,gradual_bias,0.25,2.0,2,0.0,0.0,0.0,0.0,2019-11-02,2022-10-22
12,score_only,fused_sp,gradual_bias,0.5,1.0,2,0.5,0.5,0.0,0.0,2019-11-02,2022-10-22
12,score_only,fused_sp,gradual_bias,0.5,2.0,2,0.0,0.0,0.0,0.0,2019-11-02,2022-10-22
12,score_only,fused_sp,gradual_bias,0.75,1.0,2,0.5,0.5,0.0,0.0,2019-11-02,2022-10-22
12,score_only,fused_sp,gradual_bias,0.75,2.0,2,0.0,0.0,0.0,0.0,2019-11-02,2022-10-22
12,score_only,fused_sp,gradual_bias,1.0,1.0,2,0.5,0.5,0.0,0.0,2019-11-02,2022-10-22
12,score_only,fused_sp,gradual_bias,1.0,2.0,2,0.0,0.0,0.0,0.0,2019-11-02,2022-10-22
12,score_only,fused_sp_lrt_delta,gradual_bias,0.25,1.0,2,0.0,0.0,0.0,0.0,2019-11-02,2022-10-22
12,score_only,fused_sp_lrt_delta,gradual_bias,0.25,2.0,2,0.0,0.0,0.0,0.0,2019-11-02,2022-10-22
12,score_only,fused_sp_lrt_delta,gradual_bias,0.5,1.0,2,0.0,0.0,0.0,0.0,2019-11-02,2022-10-22
12,score_only,fused_sp_lrt_delta,gradual_bias,0.5,2.0,2,0.0,0.0,0.0,0.0,2019-11-02,2022-10-22
12,score_only,fused_sp_lrt_delta,gradual_bias,0.75,1.0,2,0.0,0.0,0.0,0.0,2019-11-02,2022-10-22
12,score_only,fused_sp_lrt_delta,gradual_bias,0.75,2.0,2,0.0,0.0,0.0,0.0,2019-11-02,2022-10-22
12,score_only,fused_sp_lrt_delta,gradual_bias,1.0,1.0,2,0.0,0.0,0.0,0.0,2019-11-02,2022-10-22
12,score_only,fused_sp_lrt_delta,gradual_bias,1.0,2.0,2,0.0,0.0,0.0,0.0,2019-11-02,2022-10-22
12,score_only,max_abs,gradual_bias,0.25,1.0,2,0.0,0.0,0.0,0.0,2019-11-02,2022-10-22
12,score_only,max_abs,gradual_bias,0.25,2.0,2,0.0,0.0,0.0,0.0,2019-11-02,2022-10-22
12,score_only,max_abs,gradual_bias,0.5,1.0,2,0.0,0.0,0.0,0.0,2019-11-02,2022-10-22
12,score_only,max_abs,gradual_bias,0.5,2.0,2,0.0,0.0,0.0,0.0,2019-11-02,2022-10-22
12,score_only,max_abs,gradual_bias,0.75,1.0,2,0.0,0.0,0.0,0.0,2019-11-02,2022-10-22
12,score_only,max_abs,gradual_bias,0.75,2.0,2,0.0,0.0,0.0,0.0,2019-11-02,2022-10-22
12,score_only,max_abs,gradual_bias,1.0,1.0,2,0.0,0.0,0.0,0.0,2019-11-02,2022-10-22
12,score_only,max_abs,gradual_bias,1.0,2.0,2,0.0,0.0,0.0,0.0,2019-11-02,2022-10-22
12,score_only,pc_t2,gradual_bias,0.25,1.0,2,0.0,0.0,0.0,0.0,2019-11-02,2022-10-22
12,score_only,pc_t2,gradual_bias,0.25,2.0,2,0.0,0.0,0.0,0.0,2019-11-02,2022-10-22
12,score_only,pc_t2,gradual_bias,0.5,1.0,2,0.0,0.0,0.0,0.0,2019-11-02,2022-10-22
12,score_only,pc_t2,gradual_bias,0.5,2.0,2,0.0,0.0,0.0,0.0,2019-11-02,2022-10-22
12,score_only,pc_t2,gradual_bias,0.75,1.0,2,0.0,0.0,0.0,0.0,2019-11-02,2022-10-22
12,score_only,pc_t2,gradual_bias,0.75,2.0,2,0.0,0.0,0.0,0.0,2019-11-02,2022-10-22
12,score_only,pc_t2,gradual_bias,1.0,1.0,2,0.0,0.0,0.0,0.0,2019-11-02,2022-10-22
12,score_only,pc_t2,gradual_bias,1.0,2.0,2,0.0,0.0,0.0,0.0,2019-11-02,2022-10-22
12,score_only,res_energy,gradual_bias,0.25,1.0,2,0.0,0.0,0.0,0.0,2019-11-02,2022-10-22
12,score_only,res_energy,gradual_bias,0.25,2.0,2,0.5,0.5,0.0,0.0,2019-11-02,2022-10-22
12,score_only,res_energy,gradual_bias,0.5,1.0,2,0.0,0.0,0.0,0.0,2019-11-02,2022-10-22
12,score_only,res_energy,gradual_bias,0.5,2.0,2,0.5,0.5,0.0,0.0,2019-11-02,2022-10-22
12,score_only,res_energy,gradual_bias,0.75,1.0,2,0.0,0.0,0.0,0.0,2019-11-02,2022-10-22
12,score_only,res_energy,gradual_bias,0.75,2.0,2,0.5,0.5,0.0,0.0,2019-11-02,2022-10-22
12,score_only,res_energy,gradual_bias,1.0,1.0,2,0.0,0.0,0.0,0.0,2019-11-02,2022-10-22
12,score_only,res_energy,gradual_bias,1.0,2.0,2,0.5,0.5,0.0,0.0,2019-11-02,2022-10-22
12,score_only,stale,gradual_bias,0.25,1.0,2,0.0,0.5,0.0,1.0,2019-11-02,2022-10-22
12,score_only,stale,gradual_bias,0.25,2.0,2,0.0,0.5,0.0,1.0,2019-11-02,2022-10-22
12,score_only,stale,gradual_bias,0.5,1.0,2,0.0,0.5,0.0,1.0,2019-11-02,2022-10-22
12,score_only,stale,gradual_bias,0.5,2.0,2,0.0,0.5,0.0,1.0,2019-11-02,2022-10-22
12,score_only,stale,gradual_bias,0.75,1.0,2,0.0,0.5,0.0,1.0,2019-11-02,2022-10-22
12,score_only,stale,gradual_bias,0.75,2.0,2,0.0,0.5,0.0,1.0,2019-11-02,2022-10-22
12,score_only,stale,gradual_bias,1.0,1.0,2,0.0,0.5,0.0,1.0,2019-11-02,2022-10-22
12,score_only,stale,gradual_bias,1.0,2.0,2,0.0,0.5,0.0,1.0,2019-11-02,2022-10-22
13,all_only,T2,gradual_bias,0.25,1.0,1,1.0,1.0,0.0,0.0,2020-10-31,2023-10-21
13,all_only,T2,gradual_bias,0.25,2.0,1,1.0,1.0,0.0,0.0,2020-10-31,2023-10-21
13,all_only,T2,gradual_bias,0.5,1.0,1,1.0,1.0,0.0,0.0,2020-10-31,2023-10-21
13,all_only,T2,gradual_bias,0.5,2.0,1,1.0,1.0,0.0,0.0,2020-10-31,2023-10-21
13,all_only,T2,gradual_bias,0.75,1.0,1,1.0,1.0,0.0,0.0,2020-10-31,2023-10-21
13,all_only,T2,gradual_bias,0.75,2.0,1,1.0,1.0,0.0,0.0,2020-10-31,2023-10-21
13,all_only,T2,gradual_bias,1.0,1.0,1,1.0,1.0,0.0,0.0,2020-10-31,2023-10-21
13,all_only,T2,gradual_bias,1.0,2.0,1,1.0,1.0,0.0,0.0,2020-10-31,2023-10-21
13,all_only,cusum_factor_cov_lrt,gradual_bias,0.25,1.0,1,0.0,1.0,1.0,0.0,2020-10-31,2023-10-21
13,all_only,cusum_factor_cov_lrt,gradual_bias,0.25,2.0,1,1.0,1.0,0.0,0.0,2020-10-31,2023-10-21
13,all_only,cusum_factor_cov_lrt,gradual_bias,0.5,1.0,1,0.0,1.0,1.0,0.0,2020-10-31,2023-10-21
13,all_only,cusum_factor_cov_lrt,gradual_bias,0.5,2.0,1,1.0,1.0,0.0,0.0,2020-10-31,2023-10-21
13,all_only,cusum_factor_cov_lrt,gradual_bias,0.75,1.0,1,0.0,1.0,1.0,0.0,2020-10-31,2023-10-21
13,all_only,cusum_factor_cov_lrt,gradual_bias,0.75,2.0,1,1.0,1.0,0.0,0.0,2020-10-31,2023-10-21
13,all_only,cusum_factor_cov_lrt,gradual_bias,1.0,1.0,1,0.0,1.0,1.0,0.0,2020-10-31,2023-10-21
13,all_only,cusum_factor_cov_lrt,gradual_bias,1.0,2.0,1,1.0,1.0,0.0,0.0,2020-10-31,2023-10-21
13,all_only,ewma_factor_cov_lrt,gradual_bias,0.25,1.0,1,1.0,1.0,0.0,0.0,2020-10-31,2023-10-21
13,all_only,ewma_factor_cov_lrt,gradual_bias,0.25,2.0,1,1.0,1.0,0.0,0.0,2020-10-31,2023-10-21
13,all_only,ewma_factor_cov_lrt,gradual_bias,0.5,1.0,1,1.0,1.0,0.0,0.0,2020-10-31,2023-10-21
13,all_only,ewma_factor_cov_lrt,gradual_bias,0.5,2.0,1,1.0,1.0,0.0,0.0,2020-10-31,2023-10-21
13,all_only,ewma_factor_cov_lrt,gradual_bias,0.75,1.0,1,1.0,1.0,0.0,0.0,2020-10-31,2023-10-21
13,all_only,ewma_factor_cov_lrt,gradual_bias,0.75,2.0,1,1.0,1.0,0.0,0.0,2020-10-31,2023-10-21
13,all_only,ewma_factor_cov_lrt,gradual_bias,1.0,1.0,1,1.0,1.0,0.0,0.0,2020-10-31,2023-10-21
13,all_only,ewma_factor_cov_lrt,gradual_bias,1.0,2.0,1,1.0,1.0,0.0,0.0,2020-10-31,2023-10-21
13,all_only,factor_cov_change,gradual_bias,0.25,1.0,1,0.0,0.0,0.0,0.0,2020-10-31,2023-10-21
13,all_only,factor_cov_change,gradual_bias,0.25,2.0,1,0.0,0.0,0.0,1.0,2020-10-31,2023-10-21
13,all_only,factor_cov_change,gradual_bias,0.5,1.0,1,0.0,0.0,0.0,0.0,2020-10-31,2023-10-21
13,all_only,factor_cov_change,gradual_bias,0.5,2.0,1,0.0,0.0,0.0,1.0,2020-10-31,2023-10-21
13,all_only,factor_cov_change,gradual_bias,0.75,1.0,1,0.0,0.0,0.0,0.0,2020-10-31,2023-10-21
13,all_only,factor_cov_change,gradual_bias,0.75,2.0,1,0.0,0.0,0.0,1.0,2020-10-31,2023-10-21
13,all_only,factor_cov_change,gradual_bias,1.0,1.0,1,0.0,0.0,0.0,0.0,2020-10-31,2023-10-21
13,all_only,factor_cov_change,gradual_bias,1.0,2.0,1,0.0,0.0,0.0,1.0,2020-10-31,2023-10-21
13,all_only,factor_cov_delta,gradual_bias,0.25,1.0,1,0.0,0.0,0.0,0.0,2020-10-31,2023-10-21
13,all_only,factor_cov_delta,gradual_bias,0.25,2.0,1,0.0,0.0,0.0,0.0,2020-10-31,2023-10-21
13,all_only,factor_cov_delta,gradual_bias,0.5,1.0,1,0.0,0.0,0.0,0.0,2020-10-31,2023-10-21
13,all_only,factor_cov_delta,gradual_bias,0.5,2.0,1,0.0,0.0,0.0,0.0,2020-10-31,2023-10-21
13,all_only,factor_cov_delta,gradual_bias,0.75,1.0,1,0.0,0.0,0.0,0.0,2020-10-31,2023-10-21
13,all_only,factor_cov_delta,gradual_bias,0.75,2.0,1,0.0,0.0,0.0,0.0,2020-10-31,2023-10-21
13,all_only,factor_cov_delta,gradual_bias,1.0,1.0,1,0.0,0.0,0.0,0.0,2020-10-31,2023-10-21
13,all_only,factor_cov_delta,gradual_bias,1.0,2.0,1,0.0,0.0,0.0,0.0,2020-10-31,2023-10-21
13,all_only,factor_cov_lrt,gradual_bias,0.25,1.0,1,0.0,0.0,0.0,0.0,2020-10-31,2023-10-21
13,all_only,factor_cov_lrt,gradual_bias,0.25,2.0,1,0.0,0.0,0.0,0.0,2020-10-31,2023-10-21
13,all_only,factor_cov_lrt,gradual_bias,0.5,1.0,1,0.0,0.0,0.0,0.0,2020-10-31,2023-10-21
13,all_only,factor_cov_lrt,gradual_bias,0.5,2.0,1,0.0,0.0,0.0,0.0,2020-10-31,2023-10-21
13,all_only,factor_cov_lrt,gradual_bias,0.75,1.0,1,0.0,0.0,0.0,0.0,2020-10-31,2023-10-21
13,all_only,factor_cov_lrt,gradual_bias,0.75,2.0,1,0.0,0.0,0.0,0.0,2020-10-31,2023-10-21
13,all_only,factor_cov_lrt,gradual_bias,1.0,1.0,1,0.0,0.0,0.0,0.0,2020-10-31,2023-10-21
13,all_only,factor_cov_lrt,gradual_bias,1.0,2.0,1,0.0,0.0,0.0,0.0,2020-10-31,2023-10-21
13,all_only,factor_cov_lrt_delta,gradual_bias,0.25,1.0,1,1.0,1.0,0.0,0.0,2020-10-31,2023-10-21
13,all_only,factor_cov_lrt_delta,gradual_bias,0.25,2.0,1,1.0,1.0,0.0,0.0,2020-10-31,2023-10-21
13,all_only,factor_cov_lrt_delta,gradual_bias,0.5,1.0,1,1.0,1.0,0.0,0.0,2020-10-31,2023-10-21
13,all_only,factor_cov_lrt_delta,gradual_bias,0.5,2.0,1,1.0,1.0,0.0,0.0,2020-10-31,2023-10-21
13,all_only,factor_cov_lrt_delta,gradual_bias,0.75,1.0,1,1.0,1.0,0.0,0.0,2020-10-31,2023-10-21
13,all_only,factor_cov_lrt_delta,gradual_bias,0.75,2.0,1,1.0,1.0,0.0,0.0,2020-10-31,2023-10-21
13,all_only,factor_cov_lrt_delta,gradual_bias,1.0,1.0,1,1.0,1.0,0.0,0.0,2020-10-31,2023-10-21
13,all_only,factor_cov_lrt_delta,gradual_bias,1.0,2.0,1,1.0,1.0,0.0,0.0,2020-10-31,2023-10-21
13,all_only,fused_fisher,gradual_bias,0.25,1.0,1,0.0,0.0,0.0,0.0,2020-10-31,2023-10-21
13,all_only,fused_fisher,gradual_bias,0.25,2.0,1,0.0,0.0,0.0,0.0,2020-10-31,2023-10-21
13,all_only,fused_fisher,gradual_bias,0.5,1.0,1,0.0,0.0,0.0,0.0,2020-10-31,2023-10-21
13,all_only,fused_fisher,gradual_bias,0.5,2.0,1,0.0,0.0,0.0,0.0,2020-10-31,2023-10-21
13,all_only,fused_fisher,gradual_bias,0.75,1.0,1,0.0,0.0,0.0,0.0,2020-10-31,2023-10-21
13,all_only,fused_fisher,gradual_bias,0.75,2.0,1,0.0,0.0,0.0,0.0,2020-10-31,2023-10-21
13,all_only,fused_fisher,gradual_bias,1.0,1.0,1,0.0,0.0,0.0,0.0,2020-10-31,2023-10-21
13,all_only,fused_fisher,gradual_bias,1.0,2.0,1,0.0,0.0,0.0,0.0,2020-10-31,2023-10-21
13,all_only,fused_fisher_lrt_delta,gradual_bias,0.25,1.0,1,0.0,0.0,0.0,0.0,2020-10-31,2023-10-21
13,all_only,fused_fisher_lrt_delta,gradual_bias,0.25,2.0,1,1.0,1.0,0.0,0.0,2020-10-31,2023-10-21
13,all_only,fused_fisher_lrt_delta,gradual_bias,0.5,1.0,1,0.0,0.0,0.0,0.0,2020-10-31,2023-10-21
13,all_only,fused_fisher_lrt_delta,gradual_bias,0.5,2.0,1,1.0,1.0,0.0,0.0,2020-10-31,2023-10-21
13,all_only,fused_fisher_lrt_delta,gradual_bias,0.75,1.0,1,0.0,0.0,0.0,0.0,2020-10-31,2023-10-21
13,all_only,fused_fisher_lrt_delta,gradual_bias,0.75,2.0,1,1.0,1.0,0.0,0.0,2020-10-31,2023-10-21
13,all_only,fused_fisher_lrt_delta,gradual_bias,1.0,1.0,1,0.0,0.0,0.0,0.0,2020-10-31,2023-10-21
13,all_only,fused_fisher_lrt_delta,gradual_bias,1.0,2.0,1,1.0,1.0,0.0,0.0,2020-10-31,2023-10-21
13,all_only,fused_sp,gradual_bias,0.25,1.0,1,1.0,1.0,0.0,0.0,2020-10-31,2023-10-21
13,all_only,fused_sp,gradual_bias,0.25,2.0,1,1.0,1.0,0.0,0.0,2020-10-31,2023-10-21
13,all_only,fused_sp,gradual_bias,0.5,1.0,1,1.0,1.0,0.0,0.0,2020-10-31,2023-10-21
13,all_only,fused_sp,gradual_bias,0.5,2.0,1,1.0,1.0,0.0,0.0,2020-10-31,2023-10-21
13,all_only,fused_sp,gradual_bias,0.75,1.0,1,1.0,1.0,0.0,0.0,2020-10-31,2023-10-21
13,all_only,fused_sp,gradual_bias,0.75,2.0,1,1.0,1.0,0.0,0.0,2020-10-31,2023-10-21
13,all_only,fused_sp,gradual_bias,1.0,1.0,1,1.0,1.0,0.0,0.0,2020-10-31,2023-10-21
13,all_only,fused_sp,gradual_bias,1.0,2.0,1,1.0,1.0,0.0,0.0,2020-10-31,2023-10-21
13,all_only,fused_sp_lrt_delta,gradual_bias,0.25,1.0,1,1.0,1.0,0.0,0.0,2020-10-31,2023-10-21
13,all_only,fused_sp_lrt_delta,gradual_bias,0.25,2.0,1,1.0,1.0,0.0,0.0,2020-10-31,2023-10-21
13,all_only,fused_sp_lrt_delta,gradual_bias,0.5,1.0,1,1.0,1.0,0.0,0.0,2020-10-31,2023-10-21
13,all_only,fused_sp_lrt_delta,gradual_bias,0.5,2.0,1,1.0,1.0,0.0,0.0,2020-10-31,2023-10-21
13,all_only,fused_sp_lrt_delta,gradual_bias,0.75,1.0,1,1.0,1.0,0.0,0.0,2020-10-31,2023-10-21
13,all_only,fused_sp_lrt_delta,gradual_bias,0.75,2.0,1,1.0,1.0,0.0,0.0,2020-10-31,2023-10-21
13,all_only,fused_sp_lrt_delta,gradual_bias,1.0,1.0,1,1.0,1.0,0.0,0.0,2020-10-31,2023-10-21
13,all_only,fused_sp_lrt_delta,gradual_bias,1.0,2.0,1,1.0,1.0,0.0,0.0,2020-10-31,2023-10-21
13,all_only,max_abs,gradual_bias,0.25,1.0,1,0.0,0.0,0.0,0.0,2020-10-31,2023-10-21
13,all_only,max_abs,gradual_bias,0.25,2.0,1,1.0,1.0,0.0,0.0,2020-10-31,2023-10-21
13,all_only,max_abs,gradual_bias,0.5,1.0,1,0.0,0.0,0.0,0.0,2020-10-31,2023-10-21
13,all_only,max_abs,gradual_bias,0.5,2.0,1,1.0,1.0,0.0,0.0,2020-10-31,2023-10-21
13,all_only,max_abs,gradual_bias,0.75,1.0,1,0.0,0.0,0.0,0.0,2020-10-31,2023-10-21
13,all_only,max_abs,gradual_bias,0.75,2.0,1,1.0,1.0,0.0,0.0,2020-10-31,2023-10-21
13,all_only,max_abs,gradual_bias,1.0,1.0,1,0.0,0.0,0.0,0.0,2020-10-31,2023-10-21
13,all_only,max_abs,gradual_bias,1.0,2.0,1,1.0,1.0,0.0,0.0,2020-10-31,2023-10-21
13,all_only,pc_t2,gradual_bias,0.25,1.0,1,1.0,1.0,0.0,0.0,2020-10-31,2023-10-21
13,all_only,pc_t2,gradual_bias,0.25,2.0,1,1.0,1.0,0.0,0.0,2020-10-31,2023-10-21
13,all_only,pc_t2,gradual_bias,0.5,1.0,1,1.0,1.0,0.0,0.0,2020-10-31,2023-10-21
13,all_only,pc_t2,gradual_bias,0.5,2.0,1,1.0,1.0,0.0,0.0,2020-10-31,2023-10-21
13,all_only,pc_t2,gradual_bias,0.75,1.0,1,1.0,1.0,0.0,0.0,2020-10-31,2023-10-21
13,all_only,pc_t2,gradual_bias,0.75,2.0,1,1.0,1.0,0.0,0.0,2020-10-31,2023-10-21
13,all_only,pc_t2,gradual_bias,1.0,1.0,1,1.0,1.0,0.0,0.0,2020-10-31,2023-10-21
13,all_only,pc_t2,gradual_bias,1.0,2.0,1,1.0,1.0,0.0,0.0,2020-10-31,2023-10-21
13,all_only,res_energy,gradual_bias,0.25,1.0,1,1.0,1.0,0.0,0.0,2020-10-31,2023-10-21
13,all_only,res_energy,gradual_bias,0.25,2.0,1,0.0,0.0,0.0,0.0,2020-10-31,2023-10-21
13,all_only,res_energy,gradual_bias,0.5,1.0,1,1.0,1.0,0.0,0.0,2020-10-31,2023-10-21
13,all_only,res_energy,gradual_bias,0.5,2.0,1,0.0,0.0,0.0,0.0,2020-10-31,2023-10-21
13,all_only,res_energy,gradual_bias,0.75,1.0,1,1.0,1.0,0.0,0.0,2020-10-31,2023-10-21
13,all_only,res_energy,gradual_bias,0.75,2.0,1,0.0,0.0,0.0,0.0,2020-10-31,2023-10-21
13,all_only,res_energy,gradual_bias,1.0,1.0,1,1.0,1.0,0.0,0.0,2020-10-31,2023-10-21
13,all_only,res_energy,gradual_bias,1.0,2.0,1,0.0,0.0,0.0,0.0,2020-10-31,2023-10-21
13,all_only,stale,gradual_bias,0.25,1.0,1,0.0,1.0,0.0,1.0,2020-10-31,2023-10-21
13,all_only,stale,gradual_bias,0.25,2.0,1,0.0,1.0,0.0,1.0,2020-10-31,2023-10-21
13,all_only,stale,gradual_bias,0.5,1.0,1,0.0,1.0,0.0,1.0,2020-10-31,2023-10-21
13,all_only,stale,gradual_bias,0.5,2.0,1,0.0,1.0,0.0,1.0,2020-10-31,2023-10-21
13,all_only,stale,gradual_bias,0.75,1.0,1,0.0,1.0,0.0,1.0,2020-10-31,2023-10-21
13,all_only,stale,gradual_bias,0.75,2.0,1,0.0,1.0,0.0,1.0,2020-10-31,2023-10-21
13,all_only,stale,gradual_bias,1.0,1.0,1,0.0,1.0,0.0,1.0,2020-10-31,2023-10-21
13,all_only,stale,gradual_bias,1.0,2.0,1,0.0,1.0,0.0,1.0,2020-10-31,2023-10-21
13,full,T2,gradual_bias,0.25,1.0,1,1.0,1.0,0.0,0.0,2020-10-31,2023-10-21
13,full,T2,gradual_bias,0.25,2.0,1,1.0,1.0,0.0,0.0,2020-10-31,2023-10-21
13,full,T2,gradual_bias,0.5,1.0,1,1.0,1.0,0.0,0.0,2020-10-31,2023-10-21
13,full,T2,gradual_bias,0.5,2.0,1,1.0,1.0,0.0,0.0,2020-10-31,2023-10-21
13,full,T2,gradual_bias,0.75,1.0,1,1.0,1.0,0.0,0.0,2020-10-31,2023-10-21
13,full,T2,gradual_bias,0.75,2.0,1,1.0,1.0,0.0,0.0,2020-10-31,2023-10-21
13,full,T2,gradual_bias,1.0,1.0,1,1.0,1.0,0.0,0.0,2020-10-31,2023-10-21
13,full,T2,gradual_bias,1.0,2.0,1,1.0,1.0,0.0,0.0,2020-10-31,2023-10-21
13,full,cusum_factor_cov_lrt,gradual_bias,0.25,1.0,1,0.0,0.0,1.0,0.0,2020-10-31,2023-10-21
13,full,cusum_factor_cov_lrt,gradual_bias,0.25,2.0,1,1.0,1.0,0.0,0.0,2020-10-31,2023-10-21
13,full,cusum_factor_cov_lrt,gradual_bias,0.5,1.0,1,0.0,0.0,1.0,0.0,2020-10-31,2023-10-21
13,full,cusum_factor_cov_lrt,gradual_bias,0.5,2.0,1,1.0,1.0,0.0,0.0,2020-10-31,2023-10-21
13,full,cusum_factor_cov_lrt,gradual_bias,0.75,1.0,1,0.0,0.0,1.0,0.0,2020-10-31,2023-10-21
13,full,cusum_factor_cov_lrt,gradual_bias,0.75,2.0,1,1.0,1.0,0.0,0.0,2020-10-31,2023-10-21
13,full,cusum_factor_cov_lrt,gradual_bias,1.0,1.0,1,0.0,0.0,1.0,0.0,2020-10-31,2023-10-21
13,full,cusum_factor_cov_lrt,gradual_bias,1.0,2.0,1,1.0,1.0,0.0,0.0,2020-10-31,2023-10-21
13,full,ewma_factor_cov_lrt,gradual_bias,0.25,1.0,1,1.0,1.0,0.0,0.0,2020-10-31,2023-10-21
13,full,ewma_factor_cov_lrt,gradual_bias,0.25,2.0,1,0.0,0.0,0.0,0.0,2020-10-31,2023-10-21
13,full,ewma_factor_cov_lrt,gradual_bias,0.5,1.0,1,1.0,1.0,0.0,0.0,2020-10-31,2023-10-21
13,full,ewma_factor_cov_lrt,gradual_bias,0.5,2.0,1,0.0,0.0,0.0,0.0,2020-10-31,2023-10-21
13,full,ewma_factor_cov_lrt,gradual_bias,0.75,1.0,1,1.0,1.0,0.0,0.0,2020-10-31,2023-10-21
13,full,ewma_factor_cov_lrt,gradual_bias,0.75,2.0,1,0.0,0.0,0.0,0.0,2020-10-31,2023-10-21
13,full,ewma_factor_cov_lrt,gradual_bias,1.0,1.0,1,1.0,1.0,0.0,0.0,2020-10-31,2023-10-21
13,full,ewma_factor_cov_lrt,gradual_bias,1.0,2.0,1,0.0,0.0,0.0,0.0,2020-10-31,2023-10-21
13,full,factor_cov_change,gradual_bias,0.25,1.0,1,0.0,0.0,0.0,0.0,2020-10-31,2023-10-21
13,full,factor_cov_change,gradual_bias,0.25,2.0,1,0.0,0.0,0.0,0.0,2020-10-31,2023-10-21
13,full,factor_cov_change,gradual_bias,0.5,1.0,1,0.0,0.0,0.0,0.0,2020-10-31,2023-10-21
13,full,factor_cov_change,gradual_bias,0.5,2.0,1,0.0,0.0,0.0,0.0,2020-10-31,2023-10-21
13,full,factor_cov_change,gradual_bias,0.75,1.0,1,0.0,0.0,0.0,0.0,2020-10-31,2023-10-21
13,full,factor_cov_change,gradual_bias,0.75,2.0,1,0.0,0.0,0.0,0.0,2020-10-31,2023-10-21
13,full,factor_cov_change,gradual_bias,1.0,1.0,1,0.0,0.0,0.0,0.0,2020-10-31,2023-10-21
13,full,factor_cov_change,gradual_bias,1.0,2.0,1,0.0,0.0,0.0,0.0,2020-10-31,2023-10-21
13,full,factor_cov_delta,gradual_bias,0.25,1.0,1,0.0,0.0,0.0,0.0,2020-10-31,2023-10-21
13,full,factor_cov_delta,gradual_bias,0.25,2.0,1,0.0,0.0,0.0,0.0,2020-10-31,2023-10-21
13,full,factor_cov_delta,gradual_bias,0.5,1.0,1,0.0,0.0,0.0,0.0,2020-10-31,2023-10-21
13,full,factor_cov_delta,gradual_bias,0.5,2.0,1,0.0,0.0,0.0,0.0,2020-10-31,2023-10-21
13,full,factor_cov_delta,gradual_bias,0.75,1.0,1,0.0,0.0,0.0,0.0,2020-10-31,2023-10-21
13,full,factor_cov_delta,gradual_bias,0.75,2.0,1,0.0,0.0,0.0,0.0,2020-10-31,2023-10-21
13,full,factor_cov_delta,gradual_bias,1.0,1.0,1,0.0,0.0,0.0,0.0,2020-10-31,2023-10-21
13,full,factor_cov_delta,gradual_bias,1.0,2.0,1,0.0,0.0,0.0,0.0,2020-10-31,2023-10-21
13,full,factor_cov_lrt,gradual_bias,0.25,1.0,1,1.0,1.0,0.0,0.0,2020-10-31,2023-10-21
13,full,factor_cov_lrt,gradual_bias,0.25,2.0,1,1.0,1.0,0.0,0.0,2020-10-31,2023-10-21
13,full,factor_cov_lrt,gradual_bias,0.5,1.0,1,1.0,1.0,0.0,0.0,2020-10-31,2023-10-21
13,full,factor_cov_lrt,gradual_bias,0.5,2.0,1,1.0,1.0,0.0,0.0,2020-10-31,2023-10-21
13,full,factor_cov_lrt,gradual_bias,0.75,1.0,1,1.0,1.0,0.0,0.0,2020-10-31,2023-10-21
13,full,factor_cov_lrt,gradual_bias,0.75,2.0,1,1.0,1.0,0.0,0.0,2020-10-31,2023-10-21
13,full,factor_cov_lrt,gradual_bias,1.0,1.0,1,1.0,1.0,0.0,0.0,2020-10-31,2023-10-21
13,full,factor_cov_lrt,gradual_bias,1.0,2.0,1,1.0,1.0,0.0,0.0,2020-10-31,2023-10-21
13,full,factor_cov_lrt_delta,gradual_bias,0.25,1.0,1,1.0,1.0,0.0,0.0,2020-10-31,2023-10-21
13,full,factor_cov_lrt_delta,gradual_bias,0.25,2.0,1,0.0,0.0,0.0,0.0,2020-10-31,2023-10-21
13,full,factor_cov_lrt_delta,gradual_bias,0.5,1.0,1,1.0,1.0,0.0,0.0,2020-10-31,2023-10-21
13,full,factor_cov_lrt_delta,gradual_bias,0.5,2.0,1,0.0,0.0,0.0,0.0,2020-10-31,2023-10-21
13,full,factor_cov_lrt_delta,gradual_bias,0.75,1.0,1,1.0,1.0,0.0,0.0,2020-10-31,2023-10-21
13,full,factor_cov_lrt_delta,gradual_bias,0.75,2.0,1,0.0,0.0,0.0,0.0,2020-10-31,2023-10-21
13,full,factor_cov_lrt_delta,gradual_bias,1.0,1.0,1,1.0,1.0,0.0,0.0,2020-10-31,2023-10-21
13,full,factor_cov_lrt_delta,gradual_bias,1.0,2.0,1,0.0,0.0,0.0,0.0,2020-10-31,2023-10-21
13,full,fused_fisher,gradual_bias,0.25,1.0,1,1.0,1.0,0.0,0.0,2020-10-31,2023-10-21
13,full,fused_fisher,gradual_bias,0.25,2.0,1,1.0,1.0,0.0,0.0,2020-10-31,2023-10-21
13,full,fused_fisher,gradual_bias,0.5,1.0,1,1.0,1.0,0.0,0.0,2020-10-31,2023-10-21
13,full,fused_fisher,gradual_bias,0.5,2.0,1,1.0,1.0,0.0,0.0,2020-10-31,2023-10-21
13,full,fused_fisher,gradual_bias,0.75,1.0,1,1.0,1.0,0.0,0.0,2020-10-31,2023-10-21
13,full,fused_fisher,gradual_bias,0.75,2.0,1,1.0,1.0,0.0,0.0,2020-10-31,2023-10-21
13,full,fused_fisher,gradual_bias,1.0,1.0,1,1.0,1.0,0.0,0.0,2020-10-31,2023-10-21
13,full,fused_fisher,gradual_bias,1.0,2.0,1,1.0,1.0,0.0,0.0,2020-10-31,2023-10-21
13,full,fused_fisher_lrt_delta,gradual_bias,0.25,1.0,1,1.0,1.0,0.0,0.0,2020-10-31,2023-10-21
13,full,fused_fisher_lrt_delta,gradual_bias,0.25,2.0,1,0.0,0.0,0.0,0.0,2020-10-31,2023-10-21
13,full,fused_fisher_lrt_delta,gradual_bias,0.5,1.0,1,1.0,1.0,0.0,0.0,2020-10-31,2023-10-21
13,full,fused_fisher_lrt_delta,gradual_bias,0.5,2.0,1,0.0,0.0,0.0,0.0,2020-10-31,2023-10-21
13,full,fused_fisher_lrt_delta,gradual_bias,0.75,1.0,1,1.0,1.0,0.0,0.0,2020-10-31,2023-10-21
13,full,fused_fisher_lrt_delta,gradual_bias,0.75,2.0,1,0.0,0.0,0.0,0.0,2020-10-31,2023-10-21
13,full,fused_fisher_lrt_delta,gradual_bias,1.0,1.0,1,1.0,1.0,0.0,0.0,2020-10-31,2023-10-21
13,full,fused_fisher_lrt_delta,gradual_bias,1.0,2.0,1,0.0,0.0,0.0,0.0,2020-10-31,2023-10-21
13,full,fused_sp,gradual_bias,0.25,1.0,1,0.0,0.0,0.0,0.0,2020-10-31,2023-10-21
13,full,fused_sp,gradual_bias,0.25,2.0,1,0.0,0.0,0.0,0.0,2020-10-31,2023-10-21
13,full,fused_sp,gradual_bias,0.5,1.0,1,0.0,0.0,0.0,0.0,2020-10-31,2023-10-21
13,full,fused_sp,gradual_bias,0.5,2.0,1,0.0,0.0,0.0,0.0,2020-10-31,2023-10-21
13,full,fused_sp,gradual_bias,0.75,1.0,1,0.0,0.0,0.0,0.0,2020-10-31,2023-10-21
13,full,fused_sp,gradual_bias,0.75,2.0,1,0.0,0.0,0.0,0.0,2020-10-31,2023-10-21
13,full,fused_sp,gradual_bias,1.0,1.0,1,0.0,0.0,0.0,0.0,2020-10-31,2023-10-21
13,full,fused_sp,gradual_bias,1.0,2.0,1,0.0,0.0,0.0,0.0,2020-10-31,2023-10-21
13,full,fused_sp_lrt_delta,gradual_bias,0.25,1.0,1,1.0,1.0,0.0,0.0,2020-10-31,2023-10-21
13,full,fused_sp_lrt_delta,gradual_bias,0.25,2.0,1,0.0,0.0,0.0,0.0,2020-10-31,2023-10-21
13,full,fused_sp_lrt_delta,gradual_bias,0.5,1.0,1,1.0,1.0,0.0,0.0,2020-10-31,2023-10-21
13,full,fused_sp_lrt_delta,gradual_bias,0.5,2.0,1,0.0,0.0,0.0,0.0,2020-10-31,2023-10-21
13,full,fused_sp_lrt_delta,gradual_bias,0.75,1.0,1,1.0,1.0,0.0,0.0,2020-10-31,2023-10-21
13,full,fused_sp_lrt_delta,gradual_bias,0.75,2.0,1,0.0,0.0,0.0,0.0,2020-10-31,2023-10-21
13,full,fused_sp_lrt_delta,gradual_bias,1.0,1.0,1,1.0,1.0,0.0,0.0,2020-10-31,2023-10-21
13,full,fused_sp_lrt_delta,gradual_bias,1.0,2.0,1,0.0,0.0,0.0,0.0,2020-10-31,2023-10-21
13,full,max_abs,gradual_bias,0.25,1.0,1,1.0,1.0,0.0,0.0,2020-10-31,2023-10-21
13,full,max_abs,gradual_bias,0.25,2.0,1,1.0,1.0,0.0,0.0,2020-10-31,2023-10-21
13,full,max_abs,gradual_bias,0.5,1.0,1,1.0,1.0,0.0,0.0,2020-10-31,2023-10-21
13,full,max_abs,gradual_bias,0.5,2.0,1,1.0,1.0,0.0,0.0,2020-10-31,2023-10-21
13,full,max_abs,gradual_bias,0.75,1.0,1,1.0,1.0,0.0,0.0,2020-10-31,2023-10-21
13,full,max_abs,gradual_bias,0.75,2.0,1,1.0,1.0,0.0,0.0,2020-10-31,2023-10-21
13,full,max_abs,gradual_bias,1.0,1.0,1,1.0,1.0,0.0,0.0,2020-10-31,2023-10-21
13,full,max_abs,gradual_bias,1.0,2.0,1,1.0,1.0,0.0,0.0,2020-10-31,2023-10-21
13,full,pc_t2,gradual_bias,0.25,1.0,1,1.0,1.0,0.0,0.0,2020-10-31,2023-10-21
13,full,pc_t2,gradual_bias,0.25,2.0,1,1.0,1.0,0.0,0.0,2020-10-31,2023-10-21
13,full,pc_t2,gradual_bias,0.5,1.0,1,1.0,1.0,0.0,0.0,2020-10-31,2023-10-21
13,full,pc_t2,gradual_bias,0.5,2.0,1,1.0,1.0,0.0,0.0,2020-10-31,2023-10-21
13,full,pc_t2,gradual_bias,0.75,1.0,1,1.0,1.0,0.0,0.0,2020-10-31,2023-10-21
13,full,pc_t2,gradual_bias,0.75,2.0,1,1.0,1.0,0.0,0.0,2020-10-31,2023-10-21
13,full,pc_t2,gradual_bias,1.0,1.0,1,1.0,1.0,0.0,0.0,2020-10-31,2023-10-21
13,full,pc_t2,gradual_bias,1.0,2.0,1,1.0,1.0,0.0,0.0,2020-10-31,2023-10-21
13,full,res_energy,gradual_bias,0.25,1.0,1,0.0,0.0,0.0,0.0,2020-10-31,2023-10-21
13,full,res_energy,gradual_bias,0.25,2.0,1,1.0,1.0,0.0,0.0,2020-10-31,2023-10-21
13,full,res_energy,gradual_bias,0.5,1.0,1,0.0,0.0,0.0,0.0,2020-10-31,2023-10-21
13,full,res_energy,gradual_bias,0.5,2.0,1,1.0,1.0,0.0,0.0,2020-10-31,2023-10-21
13,full,res_energy,gradual_bias,0.75,1.0,1,0.0,0.0,0.0,0.0,2020-10-31,2023-10-21
13,full,res_energy,gradual_bias,0.75,2.0,1,1.0,1.0,0.0,0.0,2020-10-31,2023-10-21
13,full,res_energy,gradual_bias,1.0,1.0,1,0.0,0.0,0.0,0.0,2020-10-31,2023-10-21
13,full,res_energy,gradual_bias,1.0,2.0,1,1.0,1.0,0.0,0.0,2020-10-31,2023-10-21
13,full,stale,gradual_bias,0.25,1.0,1,0.0,1.0,0.0,1.0,2020-10-31,2023-10-21
13,full,stale,gradual_bias,0.25,2.0,1,0.0,1.0,0.0,1.0,2020-10-31,2023-10-21
13,full,stale,gradual_bias,0.5,1.0,1,0.0,1.0,0.0,1.0,2020-10-31,2023-10-21
13,full,stale,gradual_bias,0.5,2.0,1,0.0,1.0,0.0,1.0,2020-10-31,2023-10-21
13,full,stale,gradual_bias,0.75,1.0,1,0.0,1.0,0.0,1.0,2020-10-31,2023-10-21
13,full,stale,gradual_bias,0.75,2.0,1,0.0,1.0,0.0,1.0,2020-10-31,2023-10-21
13,full,stale,gradual_bias,1.0,1.0,1,0.0,1.0,0.0,1.0,2020-10-31,2023-10-21
13,full,stale,gradual_bias,1.0,2.0,1,0.0,1.0,0.0,1.0,2020-10-31,2023-10-21
13,score_only,T2,gradual_bias,0.25,1.0,1,1.0,1.0,0.0,0.0,2020-10-31,2023-10-21
13,score_only,T2,gradual_bias,0.25,2.0,1,1.0,1.0,0.0,0.0,2020-10-31,2023-10-21
13,score_only,T2,gradual_bias,0.5,1.0,1,1.0,1.0,0.0,0.0,2020-10-31,2023-10-21
13,score_only,T2,gradual_bias,0.5,2.0,1,1.0,1.0,0.0,0.0,2020-10-31,2023-10-21
13,score_only,T2,gradual_bias,0.75,1.0,1,1.0,1.0,0.0,0.0,2020-10-31,2023-10-21
13,score_only,T2,gradual_bias,0.75,2.0,1,1.0,1.0,0.0,0.0,2020-10-31,2023-10-21
13,score_only,T2,gradual_bias,1.0,1.0,1,1.0,1.0,0.0,0.0,2020-10-31,2023-10-21
13,score_only,T2,gradual_bias,1.0,2.0,1,1.0,1.0,0.0,0.0,2020-10-31,2023-10-21
13,score_only,coh_resid_energy,gradual_bias,0.25,1.0,1,0.0,0.0,0.0,0.0,2020-10-31,2023-10-21
13,score_only,coh_resid_energy,gradual_bias,0.25,2.0,1,1.0,1.0,0.0,0.0,2020-10-31,2023-10-21
13,score_only,coh_resid_energy,gradual_bias,0.5,1.0,1,0.0,0.0,0.0,0.0,2020-10-31,2023-10-21
13,score_only,coh_resid_energy,gradual_bias,0.5,2.0,1,1.0,1.0,0.0,0.0,2020-10-31,2023-10-21
13,score_only,coh_resid_energy,gradual_bias,0.75,1.0,1,0.0,0.0,0.0,0.0,2020-10-31,2023-10-21
13,score_only,coh_resid_energy,gradual_bias,0.75,2.0,1,1.0,1.0,0.0,0.0,2020-10-31,2023-10-21
13,score_only,coh_resid_energy,gradual_bias,1.0,1.0,1,0.0,0.0,0.0,0.0,2020-10-31,2023-10-21
13,score_only,coh_resid_energy,gradual_bias,1.0,2.0,1,1.0,1.0,0.0,0.0,2020-10-31,2023-10-21
13,score_only,coh_resid_t2,gradual_bias,0.25,1.0,1,1.0,1.0,0.0,0.0,2020-10-31,2023-10-21
13,score_only,coh_resid_t2,gradual_bias,0.25,2.0,1,1.0,1.0,0.0,0.0,2020-10-31,2023-10-21
13,score_only,coh_resid_t2,gradual_bias,0.5,1.0,1,1.0,1.0,0.0,0.0,2020-10-31,2023-10-21
13,score_only,coh_resid_t2,gradual_bias,0.5,2.0,1,1.0,1.0,0.0,0.0,2020-10-31,2023-10-21
13,score_only,coh_resid_t2,gradual_bias,0.75,1.0,1,1.0,1.0,0.0,0.0,2020-10-31,2023-10-21
13,score_only,coh_resid_t2,gradual_bias,0.75,2.0,1,1.0,1.0,0.0,0.0,2020-10-31,2023-10-21
13,score_only,coh_resid_t2,gradual_bias,1.0,1.0,1,1.0,1.0,0.0,0.0,2020-10-31,2023-10-21
13,score_only,coh_resid_t2,gradual_bias,1.0,2.0,1,1.0,1.0,0.0,0.0,2020-10-31,2023-10-21
13,score_only,cusum_coh_resid_t2,gradual_bias,0.25,1.0,1,1.0,1.0,0.0,0.0,2020-10-31,2023-10-21
13,score_only,cusum_coh_resid_t2,gradual_bias,0.25,2.0,1,1.0,1.0,0.0,0.0,2020-10-31,2023-10-21
13,score_only,cusum_coh_resid_t2,gradual_bias,0.5,1.0,1,1.0,1.0,0.0,0.0,2020-10-31,2023-10-21
13,score_only,cusum_coh_resid_t2,gradual_bias,0.5,2.0,1,1.0,1.0,0.0,0.0,2020-10-31,2023-10-21
13,score_only,cusum_coh_resid_t2,gradual_bias,0.75,1.0,1,1.0,1.0,0.0,0.0,2020-10-31,2023-10-21
13,score_only,cusum_coh_resid_t2,gradual_bias,0.75,2.0,1,1.0,1.0,0.0,0.0,2020-10-31,2023-10-21
13,score_only,cusum_coh_resid_t2,gradual_bias,1.0,1.0,1,1.0,1.0,0.0,0.0,2020-10-31,2023-10-21
13,score_only,cusum_coh_resid_t2,gradual_bias,1.0,2.0,1,1.0,1.0,0.0,0.0,2020-10-31,2023-10-21
13,score_only,cusum_factor_cov_lrt,gradual_bias,0.25,1.0,1,0.0,0.0,1.0,0.0,2020-10-31,2023-10-21
13,score_only,cusum_factor_cov_lrt,gradual_bias,0.25,2.0,1,0.0,0.0,0.0,0.0,2020-10-31,2023-10-21
13,score_only,cusum_factor_cov_lrt,gradual_bias,0.5,1.0,1,0.0,0.0,1.0,0.0,2020-10-31,2023-10-21
13,score_only,cusum_factor_cov_lrt,gradual_bias,0.5,2.0,1,0.0,0.0,0.0,0.0,2020-10-31,2023-10-21
13,score_only,cusum_factor_cov_lrt,gradual_bias,0.75,1.0,1,0.0,1.0,1.0,0.0,2020-10-31,2023-10-21
13,score_only,cusum_factor_cov_lrt,gradual_bias,0.75,2.0,1,0.0,0.0,0.0,0.0,2020-10-31,2023-10-21
13,score_only,cusum_factor_cov_lrt,gradual_bias,1.0,1.0,1,0.0,1.0,1.0,0.0,2020-10-31,2023-10-21
13,score_only,cusum_factor_cov_lrt,gradual_bias,1.0,2.0,1,0.0,0.0,0.0,0.0,2020-10-31,2023-10-21
13,score_only,ewma_coh_resid_t2,gradual_bias,0.25,1.0,1,0.0,0.0,0.0,0.0,2020-10-31,2023-10-21
13,score_only,ewma_coh_resid_t2,gradual_bias,0.25,2.0,1,0.0,0.0,0.0,0.0,2020-10-31,2023-10-21
13,score_only,ewma_coh_resid_t2,gradual_bias,0.5,1.0,1,0.0,0.0,0.0,0.0,2020-10-31,2023-10-21
13,score_only,ewma_coh_resid_t2,gradual_bias,0.5,2.0,1,0.0,0.0,0.0,0.0,2020-10-31,2023-10-21
13,score_only,ewma_coh_resid_t2,gradual_bias,0.75,1.0,1,0.0,0.0,0.0,0.0,2020-10-31,2023-10-21
13,score_only,ewma_coh_resid_t2,gradual_bias,0.75,2.0,1,0.0,0.0,0.0,0.0,2020-10-31,2023-10-21
13,score_only,ewma_coh_resid_t2,gradual_bias,1.0,1.0,1,0.0,0.0,0.0,0.0,2020-10-31,2023-10-21
13,score_only,ewma_coh_resid_t2,gradual_bias,1.0,2.0,1,0.0,0.0,0.0,0.0,2020-10-31,2023-10-21
13,score_only,ewma_factor_cov_lrt,gradual_bias,0.25,1.0,1,0.0,0.0,0.0,0.0,2020-10-31,2023-10-21
13,score_only,ewma_factor_cov_lrt,gradual_bias,0.25,2.0,1,0.0,0.0,0.0,0.0,2020-10-31,2023-10-21
13,score_only,ewma_factor_cov_lrt,gradual_bias,0.5,1.0,1,0.0,0.0,0.0,0.0,2020-10-31,2023-10-21
13,score_only,ewma_factor_cov_lrt,gradual_bias,0.5,2.0,1,0.0,0.0,0.0,0.0,2020-10-31,2023-10-21
13,score_only,ewma_factor_cov_lrt,gradual_bias,0.75,1.0,1,0.0,0.0,0.0,0.0,2020-10-31,2023-10-21
13,score_only,ewma_factor_cov_lrt,gradual_bias,0.75,2.0,1,0.0,0.0,0.0,0.0,2020-10-31,2023-10-21
13,score_only,ewma_factor_cov_lrt,gradual_bias,1.0,1.0,1,0.0,0.0,0.0,0.0,2020-10-31,2023-10-21
13,score_only,ewma_factor_cov_lrt,gradual_bias,1.0,2.0,1,0.0,0.0,0.0,0.0,2020-10-31,2023-10-21
13,score_only,factor_cov_change,gradual_bias,0.25,1.0,1,1.0,1.0,0.0,0.0,2020-10-31,2023-10-21
13,score_only,factor_cov_change,gradual_bias,0.25,2.0,1,1.0,1.0,0.0,0.0,2020-10-31,2023-10-21
13,score_only,factor_cov_change,gradual_bias,0.5,1.0,1,1.0,1.0,0.0,0.0,2020-10-31,2023-10-21
13,score_only,factor_cov_change,gradual_bias,0.5,2.0,1,1.0,1.0,0.0,0.0,2020-10-31,2023-10-21
13,score_only,factor_cov_change,gradual_bias,0.75,1.0,1,1.0,1.0,0.0,0.0,2020-10-31,2023-10-21
13,score_only,factor_cov_change,gradual_bias,0.75,2.0,1,1.0,1.0,0.0,0.0,2020-10-31,2023-10-21
13,score_only,factor_cov_change,gradual_bias,1.0,1.0,1,1.0,1.0,0.0,0.0,2020-10-31,2023-10-21
13,score_only,factor_cov_change,gradual_bias,1.0,2.0,1,1.0,1.0,0.0,0.0,2020-10-31,2023-10-21
13,score_only,factor_cov_delta,gradual_bias,0.25,1.0,1,0.0,0.0,0.0,0.0,2020-10-31,2023-10-21
13,score_only,factor_cov_delta,gradual_bias,0.25,2.0,1,0.0,0.0,0.0,0.0,2020-10-31,2023-10-21
13,score_only,factor_cov_delta,gradual_bias,0.5,1.0,1,0.0,0.0,0.0,0.0,2020-10-31,2023-10-21
13,score_only,factor_cov_delta,gradual_bias,0.5,2.0,1,0.0,0.0,0.0,0.0,2020-10-31,2023-10-21
13,score_only,factor_cov_delta,gradual_bias,0.75,1.0,1,0.0,0.0,0.0,0.0,2020-10-31,2023-10-21
13,score_only,factor_cov_delta,gradual_bias,0.75,2.0,1,0.0,0.0,0.0,0.0,2020-10-31,2023-10-21
13,score_only,factor_cov_delta,gradual_bias,1.0,1.0,1,0.0,0.0,0.0,0.0,2020-10-31,2023-10-21
13,score_only,factor_cov_delta,gradual_bias,1.0,2.0,1,0.0,0.0,0.0,0.0,2020-10-31,2023-10-21
13,score_only,factor_cov_lrt,gradual_bias,0.25,1.0,1,1.0,1.0,0.0,0.0,2020-10-31,2023-10-21
13,score_only,factor_cov_lrt,gradual_bias,0.25,2.0,1,0.0,0.0,0.0,0.0,2020-10-31,2023-10-21
13,score_only,factor_cov_lrt,gradual_bias,0.5,1.0,1,1.0,1.0,0.0,0.0,2020-10-31,2023-10-21
13,score_only,factor_cov_lrt,gradual_bias,0.5,2.0,1,0.0,0.0,0.0,0.0,2020-10-31,2023-10-21
13,score_only,factor_cov_lrt,gradual_bias,0.75,1.0,1,1.0,1.0,0.0,0.0,2020-10-31,2023-10-21
13,score_only,factor_cov_lrt,gradual_bias,0.75,2.0,1,0.0,0.0,0.0,0.0,2020-10-31,2023-10-21
13,score_only,factor_cov_lrt,gradual_bias,1.0,1.0,1,1.0,1.0,0.0,0.0,2020-10-31,2023-10-21
13,score_only,factor_cov_lrt,gradual_bias,1.0,2.0,1,0.0,0.0,0.0,0.0,2020-10-31,2023-10-21
13,score_only,factor_cov_lrt_delta,gradual_bias,0.25,1.0,1,0.0,0.0,0.0,0.0,2020-10-31,2023-10-21
13,score_only,factor_cov_lrt_delta,gradual_bias,0.25,2.0,1,0.0,0.0,0.0,0.0,2020-10-31,2023-10-21
13,score_only,factor_cov_lrt_delta,gradual_bias,0.5,1.0,1,0.0,0.0,0.0,0.0,2020-10-31,2023-10-21
13,score_only,factor_cov_lrt_delta,gradual_bias,0.5,2.0,1,0.0,0.0,0.0,0.0,2020-10-31,2023-10-21
13,score_only,factor_cov_lrt_delta,gradual_bias,0.75,1.0,1,0.0,0.0,0.0,0.0,2020-10-31,2023-10-21
13,score_only,factor_cov_lrt_delta,gradual_bias,0.75,2.0,1,0.0,0.0,0.0,0.0,2020-10-31,2023-10-21
13,score_only,factor_cov_lrt_delta,gradual_bias,1.0,1.0,1,0.0,0.0,0.0,0.0,2020-10-31,2023-10-21
13,score_only,factor_cov_lrt_delta,gradual_bias,1.0,2.0,1,0.0,0.0,0.0,0.0,2020-10-31,2023-10-21
13,score_only,fused_fisher,gradual_bias,0.25,1.0,1,0.0,0.0,0.0,0.0,2020-10-31,2023-10-21
13,score_only,fused_fisher,gradual_bias,0.25,2.0,1,0.0,0.0,0.0,0.0,2020-10-31,2023-10-21
13,score_only,fused_fisher,gradual_bias,0.5,1.0,1,0.0,0.0,0.0,0.0,2020-10-31,2023-10-21
13,score_only,fused_fisher,gradual_bias,0.5,2.0,1,0.0,0.0,0.0,0.0,2020-10-31,2023-10-21
13,score_only,fused_fisher,gradual_bias,0.75,1.0,1,0.0,0.0,0.0,0.0,2020-10-31,2023-10-21
13,score_only,fused_fisher,gradual_bias,0.75,2.0,1,0.0,0.0,0.0,0.0,2020-10-31,2023-10-21
13,score_only,fused_fisher,gradual_bias,1.0,1.0,1,0.0,0.0,0.0,0.0,2020-10-31,2023-10-21
13,score_only,fused_fisher,gradual_bias,1.0,2.0,1,0.0,0.0,0.0,0.0,2020-10-31,2023-10-21
13,score_only,fused_fisher_lrt_delta,gradual_bias,0.25,1.0,1,0.0,0.0,0.0,0.0,2020-10-31,2023-10-21
13,score_only,fused_fisher_lrt_delta,gradual_bias,0.25,2.0,1,0.0,0.0,0.0,0.0,2020-10-31,2023-10-21
13,score_only,fused_fisher_lrt_delta,gradual_bias,0.5,1.0,1,0.0,0.0,0.0,0.0,2020-10-31,2023-10-21
13,score_only,fused_fisher_lrt_delta,gradual_bias,0.5,2.0,1,0.0,0.0,0.0,0.0,2020-10-31,2023-10-21
13,score_only,fused_fisher_lrt_delta,gradual_bias,0.75,1.0,1,0.0,0.0,0.0,0.0,2020-10-31,2023-10-21
13,score_only,fused_fisher_lrt_delta,gradual_bias,0.75,2.0,1,0.0,0.0,0.0,0.0,2020-10-31,2023-10-21
13,score_only,fused_fisher_lrt_delta,gradual_bias,1.0,1.0,1,0.0,0.0,0.0,0.0,2020-10-31,2023-10-21
13,score_only,fused_fisher_lrt_delta,gradual_bias,1.0,2.0,1,0.0,0.0,0.0,0.0,2020-10-31,2023-10-21
13,score_only,fused_sp,gradual_bias,0.25,1.0,1,0.0,0.0,0.0,0.0,2020-10-31,2023-10-21
13,score_only,fused_sp,gradual_bias,0.25,2.0,1,0.0,0.0,0.0,0.0,2020-10-31,2023-10-21
13,score_only,fused_sp,gradual_bias,0.5,1.0,1,0.0,0.0,0.0,0.0,2020-10-31,2023-10-21
13,score_only,fused_sp,gradual_bias,0.5,2.0,1,0.0,0.0,0.0,0.0,2020-10-31,2023-10-21
13,score_only,fused_sp,gradual_bias,0.75,1.0,1,0.0,0.0,0.0,0.0,2020-10-31,2023-10-21
13,score_only,fused_sp,gradual_bias,0.75,2.0,1,0.0,0.0,0.0,0.0,2020-10-31,2023-10-21
13,score_only,fused_sp,gradual_bias,1.0,1.0,1,0.0,0.0,0.0,0.0,2020-10-31,2023-10-21
13,score_only,fused_sp,gradual_bias,1.0,2.0,1,0.0,0.0,0.0,0.0,2020-10-31,2023-10-21
13,score_only,fused_sp_lrt_delta,gradual_bias,0.25,1.0,1,0.0,0.0,0.0,0.0,2020-10-31,2023-10-21
13,score_only,fused_sp_lrt_delta,gradual_bias,0.25,2.0,1,0.0,0.0,0.0,0.0,2020-10-31,2023-10-21
13,score_only,fused_sp_lrt_delta,gradual_bias,0.5,1.0,1,0.0,0.0,0.0,0.0,2020-10-31,2023-10-21
13,score_only,fused_sp_lrt_delta,gradual_bias,0.5,2.0,1,0.0,0.0,0.0,0.0,2020-10-31,2023-10-21
13,score_only,fused_sp_lrt_delta,gradual_bias,0.75,1.0,1,0.0,0.0,0.0,0.0,2020-10-31,2023-10-21
13,score_only,fused_sp_lrt_delta,gradual_bias,0.75,2.0,1,0.0,0.0,0.0,0.0,2020-10-31,2023-10-21
13,score_only,fused_sp_lrt_delta,gradual_bias,1.0,1.0,1,0.0,0.0,0.0,0.0,2020-10-31,2023-10-21
13,score_only,fused_sp_lrt_delta,gradual_bias,1.0,2.0,1,0.0,0.0,0.0,0.0,2020-10-31,2023-10-21
13,score_only,max_abs,gradual_bias,0.25,1.0,1,1.0,1.0,0.0,0.0,2020-10-31,2023-10-21
13,score_only,max_abs,gradual_bias,0.25,2.0,1,1.0,1.0,0.0,0.0,2020-10-31,2023-10-21
13,score_only,max_abs,gradual_bias,0.5,1.0,1,1.0,1.0,0.0,0.0,2020-10-31,2023-10-21
13,score_only,max_abs,gradual_bias,0.5,2.0,1,1.0,1.0,0.0,0.0,2020-10-31,2023-10-21
13,score_only,max_abs,gradual_bias,0.75,1.0,1,1.0,1.0,0.0,0.0,2020-10-31,2023-10-21
13,score_only,max_abs,gradual_bias,0.75,2.0,1,1.0,1.0,0.0,0.0,2020-10-31,2023-10-21
13,score_only,max_abs,gradual_bias,1.0,1.0,1,1.0,1.0,0.0,0.0,2020-10-31,2023-10-21
13,score_only,max_abs,gradual_bias,1.0,2.0,1,1.0,1.0,0.0,0.0,2020-10-31,2023-10-21
13,score_only,pc_t2,gradual_bias,0.25,1.0,1,1.0,1.0,0.0,0.0,2020-10-31,2023-10-21
13,score_only,pc_t2,gradual_bias,0.25,2.0,1,1.0,1.0,0.0,0.0,2020-10-31,2023-10-21
13,score_only,pc_t2,gradual_bias,0.5,1.0,1,1.0,1.0,0.0,0.0,2020-10-31,2023-10-21
13,score_only,pc_t2,gradual_bias,0.5,2.0,1,1.0,1.0,0.0,0.0,2020-10-31,2023-10-21
13,score_only,pc_t2,gradual_bias,0.75,1.0,1,1.0,1.0,0.0,0.0,2020-10-31,2023-10-21
13,score_only,pc_t2,gradual_bias,0.75,2.0,1,1.0,1.0,0.0,0.0,2020-10-31,2023-10-21
13,score_only,pc_t2,gradual_bias,1.0,1.0,1,1.0,1.0,0.0,0.0,2020-10-31,2023-10-21
13,score_only,pc_t2,gradual_bias,1.0,2.0,1,1.0,1.0,0.0,0.0,2020-10-31,2023-10-21
13,score_only,res_energy,gradual_bias,0.25,1.0,1,0.0,0.0,0.0,0.0,2020-10-31,2023-10-21
13,score_only,res_energy,gradual_bias,0.25,2.0,1,0.0,0.0,0.0,0.0,2020-10-31,2023-10-21
13,score_only,res_energy,gradual_bias,0.5,1.0,1,0.0,0.0,0.0,0.0,2020-10-31,2023-10-21
13,score_only,res_energy,gradual_bias,0.5,2.0,1,0.0,0.0,0.0,0.0,2020-10-31,2023-10-21
13,score_only,res_energy,gradual_bias,0.75,1.0,1,0.0,0.0,0.0,0.0,2020-10-31,2023-10-21
13,score_only,res_energy,gradual_bias,0.75,2.0,1,0.0,0.0,0.0,0.0,2020-10-31,2023-10-21
13,score_only,res_energy,gradual_bias,1.0,1.0,1,0.0,0.0,0.0,0.0,2020-10-31,2023-10-21
13,score_only,res_energy,gradual_bias,1.0,2.0,1,0.0,0.0,0.0,0.0,2020-10-31,2023-10-21
13,score_only,stale,gradual_bias,0.25,1.0,1,0.0,1.0,0.0,1.0,2020-10-31,2023-10-21
13,score_only,stale,gradual_bias,0.25,2.0,1,0.0,1.0,0.0,1.0,2020-10-31,2023-10-21
13,score_only,stale,gradual_bias,0.5,1.0,1,0.0,1.0,0.0,1.0,2020-10-31,2023-10-21
13,score_only,stale,gradual_bias,0.5,2.0,1,0.0,1.0,0.0,1.0,2020-10-31,2023-10-21
13,score_only,stale,gradual_bias,0.75,1.0,1,0.0,1.0,0.0,1.0,2020-10-31,2023-10-21
13,score_only,stale,gradual_bias,0.75,2.0,1,0.0,1.0,0.0,1.0,2020-10-31,2023-10-21
13,score_only,stale,gradual_bias,1.0,1.0,1,0.0,1.0,0.0,1.0,2020-10-31,2023-10-21
13,score_only,stale,gradual_bias,1.0,2.0,1,0.0,1.0,0.0,1.0,2020-10-31,2023-10-21
14,all_only,T2,gradual_bias,0.25,1.0,3,0.0,0.0,0.0,0.0,2021-10-30,2024-10-19
14,all_only,T2,gradual_bias,0.25,2.0,3,0.3333333333333333,0.3333333333333333,0.0,0.0,2021-10-30,2024-10-19
14,all_only,T2,gradual_bias,0.5,1.0,3,0.0,0.0,0.0,0.0,2021-10-30,2024-10-19
14,all_only,T2,gradual_bias,0.5,2.0,3,0.3333333333333333,0.3333333333333333,0.0,0.0,2021-10-30,2024-10-19
14,all_only,T2,gradual_bias,0.75,1.0,3,0.0,0.0,0.0,0.0,2021-10-30,2024-10-19
14,all_only,T2,gradual_bias,0.75,2.0,3,0.3333333333333333,0.3333333333333333,0.0,0.0,2021-10-30,2024-10-19
14,all_only,T2,gradual_bias,1.0,1.0,3,0.0,0.0,0.0,0.0,2021-10-30,2024-10-19
14,all_only,T2,gradual_bias,1.0,2.0,3,0.3333333333333333,0.3333333333333333,0.0,0.0,2021-10-30,2024-10-19
14,all_only,cusum_factor_cov_lrt,gradual_bias,0.25,1.0,3,0.0,0.0,0.0,0.0,2021-10-30,2024-10-19
14,all_only,cusum_factor_cov_lrt,gradual_bias,0.25,2.0,3,0.0,0.0,0.0,0.0,2021-10-30,2024-10-19
14,all_only,cusum_factor_cov_lrt,gradual_bias,0.5,1.0,3,0.0,0.0,0.0,0.0,2021-10-30,2024-10-19
14,all_only,cusum_factor_cov_lrt,gradual_bias,0.5,2.0,3,0.0,0.0,0.0,0.0,2021-10-30,2024-10-19
14,all_only,cusum_factor_cov_lrt,gradual_bias,0.75,1.0,3,0.0,0.0,0.0,0.0,2021-10-30,2024-10-19
14,all_only,cusum_factor_cov_lrt,gradual_bias,0.75,2.0,3,0.0,0.0,0.0,0.0,2021-10-30,2024-10-19
14,all_only,cusum_factor_cov_lrt,gradual_bias,1.0,1.0,3,0.0,0.0,0.0,0.0,2021-10-30,2024-10-19
14,all_only,cusum_factor_cov_lrt,gradual_bias,1.0,2.0,3,0.0,0.0,0.0,0.0,2021-10-30,2024-10-19
14,all_only,ewma_factor_cov_lrt,gradual_bias,0.25,1.0,3,0.0,0.0,0.0,0.0,2021-10-30,2024-10-19
14,all_only,ewma_factor_cov_lrt,gradual_bias,0.25,2.0,3,0.6666666666666666,0.6666666666666666,0.0,0.0,2021-10-30,2024-10-19
14,all_only,ewma_factor_cov_lrt,gradual_bias,0.5,1.0,3,0.0,0.0,0.0,0.0,2021-10-30,2024-10-19
14,all_only,ewma_factor_cov_lrt,gradual_bias,0.5,2.0,3,0.6666666666666666,0.6666666666666666,0.0,0.0,2021-10-30,2024-10-19
14,all_only,ewma_factor_cov_lrt,gradual_bias,0.75,1.0,3,0.0,0.0,0.0,0.0,2021-10-30,2024-10-19
14,all_only,ewma_factor_cov_lrt,gradual_bias,0.75,2.0,3,0.6666666666666666,0.6666666666666666,0.0,0.0,2021-10-30,2024-10-19
14,all_only,ewma_factor_cov_lrt,gradual_bias,1.0,1.0,3,0.0,0.0,0.0,0.0,2021-10-30,2024-10-19
14,all_only,ewma_factor_cov_lrt,gradual_bias,1.0,2.0,3,0.6666666666666666,0.6666666666666666,0.0,0.0,2021-10-30,2024-10-19
14,all_only,factor_cov_change,gradual_bias,0.25,1.0,3,0.0,0.0,0.0,0.0,2021-10-30,2024-10-19
14,all_only,factor_cov_change,gradual_bias,0.25,2.0,3,0.0,0.0,0.0,0.0,2021-10-30,2024-10-19
14,all_only,factor_cov_change,gradual_bias,0.5,1.0,3,0.0,0.0,0.0,0.0,2021-10-30,2024-10-19
14,all_only,factor_cov_change,gradual_bias,0.5,2.0,3,0.0,0.0,0.0,0.0,2021-10-30,2024-10-19
14,all_only,factor_cov_change,gradual_bias,0.75,1.0,3,0.0,0.0,0.0,0.0,2021-10-30,2024-10-19
14,all_only,factor_cov_change,gradual_bias,0.75,2.0,3,0.0,0.0,0.0,0.0,2021-10-30,2024-10-19
14,all_only,factor_cov_change,gradual_bias,1.0,1.0,3,0.0,0.0,0.0,0.0,2021-10-30,2024-10-19
14,all_only,factor_cov_change,gradual_bias,1.0,2.0,3,0.0,0.0,0.0,0.0,2021-10-30,2024-10-19
14,all_only,factor_cov_delta,gradual_bias,0.25,1.0,3,0.0,0.0,0.0,0.0,2021-10-30,2024-10-19
14,all_only,factor_cov_delta,gradual_bias,0.25,2.0,3,0.0,0.0,0.0,0.0,2021-10-30,2024-10-19
14,all_only,factor_cov_delta,gradual_bias,0.5,1.0,3,0.0,0.0,0.0,0.0,2021-10-30,2024-10-19
14,all_only,factor_cov_delta,gradual_bias,0.5,2.0,3,0.0,0.0,0.0,0.0,2021-10-30,2024-10-19
14,all_only,factor_cov_delta,gradual_bias,0.75,1.0,3,0.0,0.0,0.0,0.0,2021-10-30,2024-10-19
14,all_only,factor_cov_delta,gradual_bias,0.75,2.0,3,0.0,0.0,0.0,0.0,2021-10-30,2024-10-19
14,all_only,factor_cov_delta,gradual_bias,1.0,1.0,3,0.0,0.0,0.0,0.0,2021-10-30,2024-10-19
14,all_only,factor_cov_delta,gradual_bias,1.0,2.0,3,0.0,0.0,0.0,0.0,2021-10-30,2024-10-19
14,all_only,factor_cov_lrt,gradual_bias,0.25,1.0,3,0.0,0.0,0.0,0.0,2021-10-30,2024-10-19
14,all_only,factor_cov_lrt,gradual_bias,0.25,2.0,3,0.0,0.0,0.0,0.0,2021-10-30,2024-10-19
14,all_only,factor_cov_lrt,gradual_bias,0.5,1.0,3,0.0,0.0,0.0,0.0,2021-10-30,2024-10-19
14,all_only,factor_cov_lrt,gradual_bias,0.5,2.0,3,0.0,0.0,0.0,0.0,2021-10-30,2024-10-19
14,all_only,factor_cov_lrt,gradual_bias,0.75,1.0,3,0.0,0.0,0.0,0.0,2021-10-30,2024-10-19
14,all_only,factor_cov_lrt,gradual_bias,0.75,2.0,3,0.0,0.0,0.0,0.0,2021-10-30,2024-10-19
14,all_only,factor_cov_lrt,gradual_bias,1.0,1.0,3,0.0,0.0,0.0,0.0,2021-10-30,2024-10-19
14,all_only,factor_cov_lrt,gradual_bias,1.0,2.0,3,0.0,0.0,0.0,0.0,2021-10-30,2024-10-19
14,all_only,factor_cov_lrt_delta,gradual_bias,0.25,1.0,3,0.3333333333333333,0.3333333333333333,0.0,0.0,2021-10-30,2024-10-19
14,all_only,factor_cov_lrt_delta,gradual_bias,0.25,2.0,3,0.0,0.0,0.0,0.0,2021-10-30,2024-10-19
14,all_only,factor_cov_lrt_delta,gradual_bias,0.5,1.0,3,0.3333333333333333,0.3333333333333333,0.0,0.0,2021-10-30,2024-10-19
14,all_only,factor_cov_lrt_delta,gradual_bias,0.5,2.0,3,0.0,0.0,0.0,0.0,2021-10-30,2024-10-19
14,all_only,factor_cov_lrt_delta,gradual_bias,0.75,1.0,3,0.3333333333333333,0.3333333333333333,0.0,0.0,2021-10-30,2024-10-19
14,all_only,factor_cov_lrt_delta,gradual_bias,0.75,2.0,3,0.0,0.0,0.0,0.0,2021-10-30,2024-10-19
14,all_only,factor_cov_lrt_delta,gradual_bias,1.0,1.0,3,0.3333333333333333,0.3333333333333333,0.0,0.0,2021-10-30,2024-10-19
14,all_only,factor_cov_lrt_delta,gradual_bias,1.0,2.0,3,0.0,0.0,0.0,0.0,2021-10-30,2024-10-19
14,all_only,fused_fisher,gradual_bias,0.25,1.0,3,0.0,0.0,0.0,0.0,2021-10-30,2024-10-19
14,all_only,fused_fisher,gradual_bias,0.25,2.0,3,0.0,0.0,0.0,0.0,2021-10-30,2024-10-19
14,all_only,fused_fisher,gradual_bias,0.5,1.0,3,0.0,0.0,0.0,0.0,2021-10-30,2024-10-19
14,all_only,fused_fisher,gradual_bias,0.5,2.0,3,0.0,0.0,0.0,0.0,2021-10-30,2024-10-19
14,all_only,fused_fisher,gradual_bias,0.75,1.0,3,0.0,0.0,0.0,0.0,2021-10-30,2024-10-19
14,all_only,fused_fisher,gradual_bias,0.75,2.0,3,0.0,0.0,0.0,0.0,2021-10-30,2024-10-19
14,all_only,fused_fisher,gradual_bias,1.0,1.0,3,0.0,0.0,0.0,0.0,2021-10-30,2024-10-19
14,all_only,fused_fisher,gradual_bias,1.0,2.0,3,0.0,0.0,0.0,0.0,2021-10-30,2024-10-19
14,all_only,fused_fisher_lrt_delta,gradual_bias,0.25,1.0,3,0.0,0.0,0.0,0.0,2021-10-30,2024-10-19
14,all_only,fused_fisher_lrt_delta,gradual_bias,0.25,2.0,3,0.0,0.0,0.0,0.0,2021-10-30,2024-10-19
14,all_only,fused_fisher_lrt_delta,gradual_bias,0.5,1.0,3,0.0,0.0,0.0,0.0,2021-10-30,2024-10-19
14,all_only,fused_fisher_lrt_delta,gradual_bias,0.5,2.0,3,0.0,0.0,0.0,0.0,2021-10-30,2024-10-19
14,all_only,fused_fisher_lrt_delta,gradual_bias,0.75,1.0,3,0.0,0.0,0.0,0.0,2021-10-30,2024-10-19
14,all_only,fused_fisher_lrt_delta,gradual_bias,0.75,2.0,3,0.0,0.0,0.0,0.0,2021-10-30,2024-10-19
14,all_only,fused_fisher_lrt_delta,gradual_bias,1.0,1.0,3,0.0,0.0,0.0,0.0,2021-10-30,2024-10-19
14,all_only,fused_fisher_lrt_delta,gradual_bias,1.0,2.0,3,0.0,0.0,0.0,0.0,2021-10-30,2024-10-19
14,all_only,fused_sp,gradual_bias,0.25,1.0,3,0.0,0.0,0.0,0.0,2021-10-30,2024-10-19
14,all_only,fused_sp,gradual_bias,0.25,2.0,3,0.0,0.0,0.0,0.0,2021-10-30,2024-10-19
14,all_only,fused_sp,gradual_bias,0.5,1.0,3,0.0,0.0,0.0,0.0,2021-10-30,2024-10-19
14,all_only,fused_sp,gradual_bias,0.5,2.0,3,0.0,0.0,0.0,0.0,2021-10-30,2024-10-19
14,all_only,fused_sp,gradual_bias,0.75,1.0,3,0.0,0.0,0.0,0.0,2021-10-30,2024-10-19
14,all_only,fused_sp,gradual_bias,0.75,2.0,3,0.0,0.0,0.0,0.0,2021-10-30,2024-10-19
14,all_only,fused_sp,gradual_bias,1.0,1.0,3,0.0,0.0,0.0,0.0,2021-10-30,2024-10-19
14,all_only,fused_sp,gradual_bias,1.0,2.0,3,0.0,0.0,0.0,0.0,2021-10-30,2024-10-19
14,all_only,fused_sp_lrt_delta,gradual_bias,0.25,1.0,3,0.0,0.0,0.0,0.0,2021-10-30,2024-10-19
14,all_only,fused_sp_lrt_delta,gradual_bias,0.25,2.0,3,0.0,0.0,0.0,0.0,2021-10-30,2024-10-19
14,all_only,fused_sp_lrt_delta,gradual_bias,0.5,1.0,3,0.0,0.0,0.0,0.0,2021-10-30,2024-10-19
14,all_only,fused_sp_lrt_delta,gradual_bias,0.5,2.0,3,0.0,0.0,0.0,0.0,2021-10-30,2024-10-19
14,all_only,fused_sp_lrt_delta,gradual_bias,0.75,1.0,3,0.0,0.0,0.0,0.0,2021-10-30,2024-10-19
14,all_only,fused_sp_lrt_delta,gradual_bias,0.75,2.0,3,0.0,0.0,0.0,0.0,2021-10-30,2024-10-19
14,all_only,fused_sp_lrt_delta,gradual_bias,1.0,1.0,3,0.0,0.0,0.0,0.0,2021-10-30,2024-10-19
14,all_only,fused_sp_lrt_delta,gradual_bias,1.0,2.0,3,0.0,0.0,0.0,0.0,2021-10-30,2024-10-19
14,all_only,max_abs,gradual_bias,0.25,1.0,3,0.0,0.0,0.0,0.0,2021-10-30,2024-10-19
14,all_only,max_abs,gradual_bias,0.25,2.0,3,0.3333333333333333,0.3333333333333333,0.0,0.0,2021-10-30,2024-10-19
14,all_only,max_abs,gradual_bias,0.5,1.0,3,0.0,0.0,0.0,0.0,2021-10-30,2024-10-19
14,all_only,max_abs,gradual_bias,0.5,2.0,3,0.3333333333333333,0.3333333333333333,0.0,0.0,2021-10-30,2024-10-19
14,all_only,max_abs,gradual_bias,0.75,1.0,3,0.0,0.0,0.0,0.0,2021-10-30,2024-10-19
14,all_only,max_abs,gradual_bias,0.75,2.0,3,0.3333333333333333,0.3333333333333333,0.0,0.0,2021-10-30,2024-10-19
14,all_only,max_abs,gradual_bias,1.0,1.0,3,0.0,0.0,0.0,0.0,2021-10-30,2024-10-19
14,all_only,max_abs,gradual_bias,1.0,2.0,3,0.3333333333333333,0.3333333333333333,0.0,0.0,2021-10-30,2024-10-19
14,all_only,pc_t2,gradual_bias,0.25,1.0,3,0.0,0.0,0.0,0.0,2021-10-30,2024-10-19
14,all_only,pc_t2,gradual_bias,0.25,2.0,3,0.3333333333333333,0.3333333333333333,0.0,0.0,2021-10-30,2024-10-19
14,all_only,pc_t2,gradual_bias,0.5,1.0,3,0.0,0.0,0.0,0.0,2021-10-30,2024-10-19
14,all_only,pc_t2,gradual_bias,0.5,2.0,3,0.3333333333333333,0.3333333333333333,0.0,0.0,2021-10-30,2024-10-19
14,all_only,pc_t2,gradual_bias,0.75,1.0,3,0.0,0.0,0.0,0.0,2021-10-30,2024-10-19
14,all_only,pc_t2,gradual_bias,0.75,2.0,3,0.3333333333333333,0.3333333333333333,0.0,0.0,2021-10-30,2024-10-19
14,all_only,pc_t2,gradual_bias,1.0,1.0,3,0.0,0.0,0.0,0.0,2021-10-30,2024-10-19
14,all_only,pc_t2,gradual_bias,1.0,2.0,3,0.3333333333333333,0.3333333333333333,0.0,0.0,2021-10-30,2024-10-19
14,all_only,res_energy,gradual_bias,0.25,1.0,3,0.0,0.0,0.0,0.0,2021-10-30,2024-10-19
14,all_only,res_energy,gradual_bias,0.25,2.0,3,0.0,0.0,0.0,0.0,2021-10-30,2024-10-19
14,all_only,res_energy,gradual_bias,0.5,1.0,3,0.0,0.0,0.0,0.0,2021-10-30,2024-10-19
14,all_only,res_energy,gradual_bias,0.5,2.0,3,0.0,0.0,0.0,0.0,2021-10-30,2024-10-19
14,all_only,res_energy,gradual_bias,0.75,1.0,3,0.0,0.0,0.0,0.0,2021-10-30,2024-10-19
14,all_only,res_energy,gradual_bias,0.75,2.0,3,0.0,0.0,0.0,0.0,2021-10-30,2024-10-19
14,all_only,res_energy,gradual_bias,1.0,1.0,3,0.0,0.0,0.0,0.0,2021-10-30,2024-10-19
14,all_only,res_energy,gradual_bias,1.0,2.0,3,0.0,0.0,0.0,0.0,2021-10-30,2024-10-19
14,all_only,stale,gradual_bias,0.25,1.0,3,0.0,0.3333333333333333,0.0,1.0,2021-10-30,2024-10-19
14,all_only,stale,gradual_bias,0.25,2.0,3,0.0,0.3333333333333333,0.0,1.0,2021-10-30,2024-10-19
14,all_only,stale,gradual_bias,0.5,1.0,3,0.0,0.3333333333333333,0.0,1.0,2021-10-30,2024-10-19
14,all_only,stale,gradual_bias,0.5,2.0,3,0.0,0.3333333333333333,0.0,1.0,2021-10-30,2024-10-19
14,all_only,stale,gradual_bias,0.75,1.0,3,0.0,0.3333333333333333,0.0,1.0,2021-10-30,2024-10-19
14,all_only,stale,gradual_bias,0.75,2.0,3,0.0,0.3333333333333333,0.0,1.0,2021-10-30,2024-10-19
14,all_only,stale,gradual_bias,1.0,1.0,3,0.0,0.3333333333333333,0.0,1.0,2021-10-30,2024-10-19
14,all_only,stale,gradual_bias,1.0,2.0,3,0.0,0.3333333333333333,0.0,1.0,2021-10-30,2024-10-19
14,full,T2,gradual_bias,0.25,1.0,3,0.0,0.0,0.0,0.0,2021-10-30,2024-10-19
14,full,T2,gradual_bias,0.25,2.0,3,0.6666666666666666,0.6666666666666666,0.0,0.0,2021-10-30,2024-10-19
14,full,T2,gradual_bias,0.5,1.0,3,0.0,0.0,0.0,0.0,2021-10-30,2024-10-19
14,full,T2,gradual_bias,0.5,2.0,3,0.6666666666666666,0.6666666666666666,0.0,0.0,2021-10-30,2024-10-19
14,full,T2,gradual_bias,0.75,1.0,3,0.0,0.0,0.0,0.0,2021-10-30,2024-10-19
14,full,T2,gradual_bias,0.75,2.0,3,0.6666666666666666,0.6666666666666666,0.0,0.0,2021-10-30,2024-10-19
14,full,T2,gradual_bias,1.0,1.0,3,0.0,0.0,0.0,0.0,2021-10-30,2024-10-19
14,full,T2,gradual_bias,1.0,2.0,3,0.6666666666666666,0.6666666666666666,0.0,0.0,2021-10-30,2024-10-19
14,full,cusum_factor_cov_lrt,gradual_bias,0.25,1.0,3,0.0,0.0,0.0,0.0,2021-10-30,2024-10-19
14,full,cusum_factor_cov_lrt,gradual_bias,0.25,2.0,3,0.0,0.0,0.0,0.0,2021-10-30,2024-10-19
14,full,cusum_factor_cov_lrt,gradual_bias,0.5,1.0,3,0.0,0.0,0.0,0.0,2021-10-30,2024-10-19
14,full,cusum_factor_cov_lrt,gradual_bias,0.5,2.0,3,0.0,0.0,0.0,0.0,2021-10-30,2024-10-19
14,full,cusum_factor_cov_lrt,gradual_bias,0.75,1.0,3,0.0,0.0,0.0,0.0,2021-10-30,2024-10-19
14,full,cusum_factor_cov_lrt,gradual_bias,0.75,2.0,3,0.0,0.0,0.0,0.0,2021-10-30,2024-10-19
14,full,cusum_factor_cov_lrt,gradual_bias,1.0,1.0,3,0.0,0.0,0.0,0.0,2021-10-30,2024-10-19
14,full,cusum_factor_cov_lrt,gradual_bias,1.0,2.0,3,0.0,0.0,0.0,0.0,2021-10-30,2024-10-19
14,full,ewma_factor_cov_lrt,gradual_bias,0.25,1.0,3,0.0,0.0,0.0,0.0,2021-10-30,2024-10-19
14,full,ewma_factor_cov_lrt,gradual_bias,0.25,2.0,3,0.3333333333333333,0.3333333333333333,0.0,0.0,2021-10-30,2024-10-19
14,full,ewma_factor_cov_lrt,gradual_bias,0.5,1.0,3,0.0,0.0,0.0,0.0,2021-10-30,2024-10-19
14,full,ewma_factor_cov_lrt,gradual_bias,0.5,2.0,3,0.0,0.0,0.0,0.0,2021-10-30,2024-10-19
14,full,ewma_factor_cov_lrt,gradual_bias,0.75,1.0,3,0.0,0.0,0.0,0.0,2021-10-30,2024-10-19
14,full,ewma_factor_cov_lrt,gradual_bias,0.75,2.0,3,0.3333333333333333,0.3333333333333333,0.0,0.0,2021-10-30,2024-10-19
14,full,ewma_factor_cov_lrt,gradual_bias,1.0,1.0,3,0.0,0.0,0.0,0.0,2021-10-30,2024-10-19
14,full,ewma_factor_cov_lrt,gradual_bias,1.0,2.0,3,0.3333333333333333,0.3333333333333333,0.0,0.0,2021-10-30,2024-10-19
14,full,factor_cov_change,gradual_bias,0.25,1.0,3,0.3333333333333333,0.3333333333333333,0.0,0.0,2021-10-30,2024-10-19
14,full,factor_cov_change,gradual_bias,0.25,2.0,3,0.3333333333333333,0.3333333333333333,0.0,0.0,2021-10-30,2024-10-19
14,full,factor_cov_change,gradual_bias,0.5,1.0,3,0.3333333333333333,0.3333333333333333,0.0,0.0,2021-10-30,2024-10-19
14,full,factor_cov_change,gradual_bias,0.5,2.0,3,0.3333333333333333,0.3333333333333333,0.0,0.0,2021-10-30,2024-10-19
14,full,factor_cov_change,gradual_bias,0.75,1.0,3,0.3333333333333333,0.3333333333333333,0.0,0.0,2021-10-30,2024-10-19
14,full,factor_cov_change,gradual_bias,0.75,2.0,3,0.3333333333333333,0.3333333333333333,0.0,0.0,2021-10-30,2024-10-19
14,full,factor_cov_change,gradual_bias,1.0,1.0,3,0.3333333333333333,0.3333333333333333,0.0,0.0,2021-10-30,2024-10-19
14,full,factor_cov_change,gradual_bias,1.0,2.0,3,0.3333333333333333,0.3333333333333333,0.0,0.0,2021-10-30,2024-10-19
14,full,factor_cov_delta,gradual_bias,0.25,1.0,3,0.0,0.0,0.0,0.0,2021-10-30,2024-10-19
14,full,factor_cov_delta,gradual_bias,0.25,2.0,3,0.0,0.0,0.0,0.0,2021-10-30,2024-10-19
14,full,factor_cov_delta,gradual_bias,0.5,1.0,3,0.0,0.0,0.0,0.0,2021-10-30,2024-10-19
14,full,factor_cov_delta,gradual_bias,0.5,2.0,3,0.0,0.0,0.0,0.0,2021-10-30,2024-10-19
14,full,factor_cov_delta,gradual_bias,0.75,1.0,3,0.0,0.0,0.0,0.0,2021-10-30,2024-10-19
14,full,factor_cov_delta,gradual_bias,0.75,2.0,3,0.0,0.0,0.0,0.0,2021-10-30,2024-10-19
14,full,factor_cov_delta,gradual_bias,1.0,1.0,3,0.0,0.0,0.0,0.0,2021-10-30,2024-10-19
14,full,factor_cov_delta,gradual_bias,1.0,2.0,3,0.0,0.0,0.0,0.0,2021-10-30,2024-10-19
14,full,factor_cov_lrt,gradual_bias,0.25,1.0,3,0.6666666666666666,0.6666666666666666,0.0,0.0,2021-10-30,2024-10-19
14,full,factor_cov_lrt,gradual_bias,0.25,2.0,3,0.3333333333333333,0.3333333333333333,0.0,0.0,2021-10-30,2024-10-19
14,full,factor_cov_lrt,gradual_bias,0.5,1.0,3,0.3333333333333333,0.3333333333333333,0.0,0.0,2021-10-30,2024-10-19
14,full,factor_cov_lrt,gradual_bias,0.5,2.0,3,0.3333333333333333,0.3333333333333333,0.0,0.0,2021-10-30,2024-10-19
14,full,factor_cov_lrt,gradual_bias,0.75,1.0,3,0.6666666666666666,0.6666666666666666,0.0,0.0,2021-10-30,2024-10-19
14,full,factor_cov_lrt,gradual_bias,0.75,2.0,3,0.3333333333333333,0.3333333333333333,0.0,0.0,2021-10-30,2024-10-19
14,full,factor_cov_lrt,gradual_bias,1.0,1.0,3,0.6666666666666666,0.6666666666666666,0.0,0.0,2021-10-30,2024-10-19
14,full,factor_cov_lrt,gradual_bias,1.0,2.0,3,0.3333333333333333,0.3333333333333333,0.0,0.0,2021-10-30,2024-10-19
14,full,factor_cov_lrt_delta,gradual_bias,0.25,1.0,3,0.3333333333333333,0.3333333333333333,0.0,0.0,2021-10-30,2024-10-19
14,full,factor_cov_lrt_delta,gradual_bias,0.25,2.0,3,0.3333333333333333,0.3333333333333333,0.0,0.0,2021-10-30,2024-10-19
14,full,factor_cov_lrt_delta,gradual_bias,0.5,1.0,3,0.3333333333333333,0.3333333333333333,0.0,0.0,2021-10-30,2024-10-19
14,full,factor_cov_lrt_delta,gradual_bias,0.5,2.0,3,0.3333333333333333,0.3333333333333333,0.0,0.0,2021-10-30,2024-10-19
14,full,factor_cov_lrt_delta,gradual_bias,0.75,1.0,3,0.3333333333333333,0.3333333333333333,0.0,0.0,2021-10-30,2024-10-19
14,full,factor_cov_lrt_delta,gradual_bias,0.75,2.0,3,0.3333333333333333,0.3333333333333333,0.0,0.0,2021-10-30,2024-10-19
14,full,factor_cov_lrt_delta,gradual_bias,1.0,1.0,3,0.3333333333333333,0.3333333333333333,0.0,0.0,2021-10-30,2024-10-19
14,full,factor_cov_lrt_delta,gradual_bias,1.0,2.0,3,0.3333333333333333,0.3333333333333333,0.0,0.0,2021-10-30,2024-10-19
14,full,fused_fisher,gradual_bias,0.25,1.0,3,0.0,0.0,0.0,0.0,2021-10-30,2024-10-19
14,full,fused_fisher,gradual_bias,0.25,2.0,3,0.0,0.0,0.0,0.0,2021-10-30,2024-10-19
14,full,fused_fisher,gradual_bias,0.5,1.0,3,0.0,0.0,0.0,0.0,2021-10-30,2024-10-19
14,full,fused_fisher,gradual_bias,0.5,2.0,3,0.0,0.0,0.0,0.0,2021-10-30,2024-10-19
14,full,fused_fisher,gradual_bias,0.75,1.0,3,0.0,0.0,0.0,0.0,2021-10-30,2024-10-19
14,full,fused_fisher,gradual_bias,0.75,2.0,3,0.0,0.0,0.0,0.0,2021-10-30,2024-10-19
14,full,fused_fisher,gradual_bias,1.0,1.0,3,0.0,0.0,0.0,0.0,2021-10-30,2024-10-19
14,full,fused_fisher,gradual_bias,1.0,2.0,3,0.0,0.0,0.0,0.0,2021-10-30,2024-10-19
14,full,fused_fisher_lrt_delta,gradual_bias,0.25,1.0,3,0.0,0.0,0.0,0.0,2021-10-30,2024-10-19
14,full,fused_fisher_lrt_delta,gradual_bias,0.25,2.0,3,0.0,0.0,0.0,0.0,2021-10-30,2024-10-19
14,full,fused_fisher_lrt_delta,gradual_bias,0.5,1.0,3,0.0,0.0,0.0,0.0,2021-10-30,2024-10-19
14,full,fused_fisher_lrt_delta,gradual_bias,0.5,2.0,3,0.0,0.0,0.0,0.0,2021-10-30,2024-10-19
14,full,fused_fisher_lrt_delta,gradual_bias,0.75,1.0,3,0.0,0.0,0.0,0.0,2021-10-30,2024-10-19
14,full,fused_fisher_lrt_delta,gradual_bias,0.75,2.0,3,0.0,0.0,0.0,0.0,2021-10-30,2024-10-19
14,full,fused_fisher_lrt_delta,gradual_bias,1.0,1.0,3,0.0,0.0,0.0,0.0,2021-10-30,2024-10-19
14,full,fused_fisher_lrt_delta,gradual_bias,1.0,2.0,3,0.0,0.0,0.0,0.0,2021-10-30,2024-10-19
14,full,fused_sp,gradual_bias,0.25,1.0,3,0.0,0.0,0.0,0.0,2021-10-30,2024-10-19
14,full,fused_sp,gradual_bias,0.25,2.0,3,0.0,0.0,0.0,0.0,2021-10-30,2024-10-19
14,full,fused_sp,gradual_bias,0.5,1.0,3,0.0,0.0,0.0,0.0,2021-10-30,2024-10-19
14,full,fused_sp,gradual_bias,0.5,2.0,3,0.0,0.0,0.0,0.0,2021-10-30,2024-10-19
14,full,fused_sp,gradual_bias,0.75,1.0,3,0.0,0.0,0.0,0.0,2021-10-30,2024-10-19
14,full,fused_sp,gradual_bias,0.75,2.0,3,0.0,0.0,0.0,0.0,2021-10-30,2024-10-19
14,full,fused_sp,gradual_bias,1.0,1.0,3,0.0,0.0,0.0,0.0,2021-10-30,2024-10-19
14,full,fused_sp,gradual_bias,1.0,2.0,3,0.0,0.0,0.0,0.0,2021-10-30,2024-10-19
14,full,fused_sp_lrt_delta,gradual_bias,0.25,1.0,3,0.3333333333333333,0.3333333333333333,0.0,0.0,2021-10-30,2024-10-19
14,full,fused_sp_lrt_delta,gradual_bias,0.25,2.0,3,0.3333333333333333,0.3333333333333333,0.0,0.0,2021-10-30,2024-10-19
14,full,fused_sp_lrt_delta,gradual_bias,0.5,1.0,3,0.3333333333333333,0.3333333333333333,0.0,0.0,2021-10-30,2024-10-19
14,full,fused_sp_lrt_delta,gradual_bias,0.5,2.0,3,0.3333333333333333,0.3333333333333333,0.0,0.0,2021-10-30,2024-10-19
14,full,fused_sp_lrt_delta,gradual_bias,0.75,1.0,3,0.3333333333333333,0.3333333333333333,0.0,0.0,2021-10-30,2024-10-19
14,full,fused_sp_lrt_delta,gradual_bias,0.75,2.0,3,0.3333333333333333,0.3333333333333333,0.0,0.0,2021-10-30,2024-10-19
14,full,fused_sp_lrt_delta,gradual_bias,1.0,1.0,3,0.3333333333333333,0.3333333333333333,0.0,0.0,2021-10-30,2024-10-19
14,full,fused_sp_lrt_delta,gradual_bias,1.0,2.0,3,0.3333333333333333,0.3333333333333333,0.0,0.0,2021-10-30,2024-10-19
14,full,max_abs,gradual_bias,0.25,1.0,3,0.0,0.0,0.0,0.0,2021-10-30,2024-10-19
14,full,max_abs,gradual_bias,0.25,2.0,3,0.6666666666666666,0.6666666666666666,0.0,0.0,2021-10-30,2024-10-19
14,full,max_abs,gradual_bias,0.5,1.0,3,0.0,0.0,0.0,0.0,2021-10-30,2024-10-19
14,full,max_abs,gradual_bias,0.5,2.0,3,0.6666666666666666,0.6666666666666666,0.0,0.0,2021-10-30,2024-10-19
14,full,max_abs,gradual_bias,0.75,1.0,3,0.0,0.0,0.0,0.0,2021-10-30,2024-10-19
14,full,max_abs,gradual_bias,0.75,2.0,3,0.6666666666666666,0.6666666666666666,0.0,0.0,2021-10-30,2024-10-19
14,full,max_abs,gradual_bias,1.0,1.0,3,0.0,0.0,0.0,0.0,2021-10-30,2024-10-19
14,full,max_abs,gradual_bias,1.0,2.0,3,0.6666666666666666,0.6666666666666666,0.0,0.0,2021-10-30,2024-10-19
14,full,pc_t2,gradual_bias,0.25,1.0,3,0.0,0.0,0.0,0.0,2021-10-30,2024-10-19
14,full,pc_t2,gradual_bias,0.25,2.0,3,0.6666666666666666,0.6666666666666666,0.0,0.0,2021-10-30,2024-10-19
14,full,pc_t2,gradual_bias,0.5,1.0,3,0.0,0.0,0.0,0.0,2021-10-30,2024-10-19
14,full,pc_t2,gradual_bias,0.5,2.0,3,0.6666666666666666,0.6666666666666666,0.0,0.0,2021-10-30,2024-10-19
14,full,pc_t2,gradual_bias,0.75,1.0,3,0.0,0.0,0.0,0.0,2021-10-30,2024-10-19
14,full,pc_t2,gradual_bias,0.75,2.0,3,0.6666666666666666,0.6666666666666666,0.0,0.0,2021-10-30,2024-10-19
14,full,pc_t2,gradual_bias,1.0,1.0,3,0.0,0.0,0.0,0.0,2021-10-30,2024-10-19
14,full,pc_t2,gradual_bias,1.0,2.0,3,0.6666666666666666,0.6666666666666666,0.0,0.0,2021-10-30,2024-10-19
14,full,res_energy,gradual_bias,0.25,1.0,3,0.0,0.0,0.0,0.0,2021-10-30,2024-10-19
14,full,res_energy,gradual_bias,0.25,2.0,3,0.6666666666666666,0.6666666666666666,0.0,0.0,2021-10-30,2024-10-19
14,full,res_energy,gradual_bias,0.5,1.0,3,0.0,0.0,0.0,0.0,2021-10-30,2024-10-19
14,full,res_energy,gradual_bias,0.5,2.0,3,0.6666666666666666,0.6666666666666666,0.0,0.0,2021-10-30,2024-10-19
14,full,res_energy,gradual_bias,0.75,1.0,3,0.0,0.0,0.0,0.0,2021-10-30,2024-10-19
14,full,res_energy,gradual_bias,0.75,2.0,3,0.6666666666666666,0.6666666666666666,0.0,0.0,2021-10-30,2024-10-19
14,full,res_energy,gradual_bias,1.0,1.0,3,0.0,0.0,0.0,0.0,2021-10-30,2024-10-19
14,full,res_energy,gradual_bias,1.0,2.0,3,0.6666666666666666,0.6666666666666666,0.0,0.0,2021-10-30,2024-10-19
14,full,stale,gradual_bias,0.25,1.0,3,0.0,0.3333333333333333,0.0,1.0,2021-10-30,2024-10-19
14,full,stale,gradual_bias,0.25,2.0,3,0.0,0.3333333333333333,0.0,1.0,2021-10-30,2024-10-19
14,full,stale,gradual_bias,0.5,1.0,3,0.0,0.3333333333333333,0.0,1.0,2021-10-30,2024-10-19
14,full,stale,gradual_bias,0.5,2.0,3,0.0,0.3333333333333333,0.0,1.0,2021-10-30,2024-10-19
14,full,stale,gradual_bias,0.75,1.0,3,0.0,0.3333333333333333,0.0,1.0,2021-10-30,2024-10-19
14,full,stale,gradual_bias,0.75,2.0,3,0.0,0.3333333333333333,0.0,1.0,2021-10-30,2024-10-19
14,full,stale,gradual_bias,1.0,1.0,3,0.0,0.3333333333333333,0.0,1.0,2021-10-30,2024-10-19
14,full,stale,gradual_bias,1.0,2.0,3,0.0,0.3333333333333333,0.0,1.0,2021-10-30,2024-10-19
14,score_only,T2,gradual_bias,0.25,1.0,3,0.0,0.0,0.0,0.0,2021-10-30,2024-10-19
14,score_only,T2,gradual_bias,0.25,2.0,3,0.6666666666666666,0.6666666666666666,0.0,0.0,2021-10-30,2024-10-19
14,score_only,T2,gradual_bias,0.5,1.0,3,0.0,0.0,0.0,0.0,2021-10-30,2024-10-19
14,score_only,T2,gradual_bias,0.5,2.0,3,0.6666666666666666,0.6666666666666666,0.0,0.0,2021-10-30,2024-10-19
14,score_only,T2,gradual_bias,0.75,1.0,3,0.0,0.0,0.0,0.0,2021-10-30,2024-10-19
14,score_only,T2,gradual_bias,0.75,2.0,3,0.6666666666666666,0.6666666666666666,0.0,0.0,2021-10-30,2024-10-19
14,score_only,T2,gradual_bias,1.0,1.0,3,0.0,0.0,0.0,0.0,2021-10-30,2024-10-19
14,score_only,T2,gradual_bias,1.0,2.0,3,0.6666666666666666,0.6666666666666666,0.0,0.0,2021-10-30,2024-10-19
14,score_only,coh_resid_energy,gradual_bias,0.25,1.0,3,0.3333333333333333,0.3333333333333333,0.0,0.0,2021-10-30,2024-10-19
14,score_only,coh_resid_energy,gradual_bias,0.25,2.0,3,0.6666666666666666,0.6666666666666666,0.0,0.0,2021-10-30,2024-10-19
14,score_only,coh_resid_energy,gradual_bias,0.5,1.0,3,0.3333333333333333,0.3333333333333333,0.0,0.0,2021-10-30,2024-10-19
14,score_only,coh_resid_energy,gradual_bias,0.5,2.0,3,0.6666666666666666,0.6666666666666666,0.0,0.0,2021-10-30,2024-10-19
14,score_only,coh_resid_energy,gradual_bias,0.75,1.0,3,0.3333333333333333,0.3333333333333333,0.0,0.0,2021-10-30,2024-10-19
14,score_only,coh_resid_energy,gradual_bias,0.75,2.0,3,0.6666666666666666,0.6666666666666666,0.0,0.0,2021-10-30,2024-10-19
14,score_only,coh_resid_energy,gradual_bias,1.0,1.0,3,0.3333333333333333,0.3333333333333333,0.0,0.0,2021-10-30,2024-10-19
14,score_only,coh_resid_energy,gradual_bias,1.0,2.0,3,0.6666666666666666,0.6666666666666666,0.0,0.0,2021-10-30,2024-10-19
14,score_only,coh_resid_t2,gradual_bias,0.25,1.0,3,0.0,0.0,0.0,0.0,2021-10-30,2024-10-19
14,score_only,coh_resid_t2,gradual_bias,0.25,2.0,3,0.6666666666666666,0.6666666666666666,0.0,0.0,2021-10-30,2024-10-19
14,score_only,coh_resid_t2,gradual_bias,0.5,1.0,3,0.0,0.0,0.0,0.0,2021-10-30,2024-10-19
14,score_only,coh_resid_t2,gradual_bias,0.5,2.0,3,0.6666666666666666,0.6666666666666666,0.0,0.0,2021-10-30,2024-10-19
14,score_only,coh_resid_t2,gradual_bias,0.75,1.0,3,0.0,0.0,0.0,0.0,2021-10-30,2024-10-19
14,score_only,coh_resid_t2,gradual_bias,0.75,2.0,3,0.6666666666666666,0.6666666666666666,0.0,0.0,2021-10-30,2024-10-19
14,score_only,coh_resid_t2,gradual_bias,1.0,1.0,3,0.0,0.0,0.0,0.0,2021-10-30,2024-10-19
14,score_only,coh_resid_t2,gradual_bias,1.0,2.0,3,0.6666666666666666,0.6666666666666666,0.0,0.0,2021-10-30,2024-10-19
14,score_only,cusum_coh_resid_t2,gradual_bias,0.25,1.0,3,0.0,0.3333333333333333,1.0,0.0,2021-10-30,2024-10-19
14,score_only,cusum_coh_resid_t2,gradual_bias,0.25,2.0,3,0.6666666666666666,0.6666666666666666,0.0,0.0,2021-10-30,2024-10-19
14,score_only,cusum_coh_resid_t2,gradual_bias,0.5,1.0,3,0.0,0.3333333333333333,1.0,0.0,2021-10-30,2024-10-19
14,score_only,cusum_coh_resid_t2,gradual_bias,0.5,2.0,3,0.6666666666666666,0.6666666666666666,0.0,0.0,2021-10-30,2024-10-19
14,score_only,cusum_coh_resid_t2,gradual_bias,0.75,1.0,3,0.0,0.3333333333333333,1.0,0.0,2021-10-30,2024-10-19
14,score_only,cusum_coh_resid_t2,gradual_bias,0.75,2.0,3,0.6666666666666666,0.6666666666666666,0.0,0.0,2021-10-30,2024-10-19
14,score_only,cusum_coh_resid_t2,gradual_bias,1.0,1.0,3,0.0,0.3333333333333333,1.0,0.0,2021-10-30,2024-10-19
14,score_only,cusum_coh_resid_t2,gradual_bias,1.0,2.0,3,0.6666666666666666,0.6666666666666666,0.0,0.0,2021-10-30,2024-10-19
14,score_only,cusum_factor_cov_lrt,gradual_bias,0.25,1.0,3,0.0,0.0,0.0,0.0,2021-10-30,2024-10-19
14,score_only,cusum_factor_cov_lrt,gradual_bias,0.25,2.0,3,0.0,0.0,0.0,0.0,2021-10-30,2024-10-19
14,score_only,cusum_factor_cov_lrt,gradual_bias,0.5,1.0,3,0.0,0.0,0.0,0.0,2021-10-30,2024-10-19
14,score_only,cusum_factor_cov_lrt,gradual_bias,0.5,2.0,3,0.0,0.0,0.0,0.0,2021-10-30,2024-10-19
14,score_only,cusum_factor_cov_lrt,gradual_bias,0.75,1.0,3,0.0,0.0,0.0,0.0,2021-10-30,2024-10-19
14,score_only,cusum_factor_cov_lrt,gradual_bias,0.75,2.0,3,0.0,0.0,0.0,0.0,2021-10-30,2024-10-19
14,score_only,cusum_factor_cov_lrt,gradual_bias,1.0,1.0,3,0.0,0.0,0.0,0.0,2021-10-30,2024-10-19
14,score_only,cusum_factor_cov_lrt,gradual_bias,1.0,2.0,3,0.0,0.0,0.0,0.0,2021-10-30,2024-10-19
14,score_only,ewma_coh_resid_t2,gradual_bias,0.25,1.0,3,0.3333333333333333,0.3333333333333333,0.0,0.0,2021-10-30,2024-10-19
14,score_only,ewma_coh_resid_t2,gradual_bias,0.25,2.0,3,0.0,0.0,0.0,0.0,2021-10-30,2024-10-19
14,score_only,ewma_coh_resid_t2,gradual_bias,0.5,1.0,3,0.3333333333333333,0.3333333333333333,0.0,0.0,2021-10-30,2024-10-19
14,score_only,ewma_coh_resid_t2,gradual_bias,0.5,2.0,3,0.0,0.0,0.0,0.0,2021-10-30,2024-10-19
14,score_only,ewma_coh_resid_t2,gradual_bias,0.75,1.0,3,0.3333333333333333,0.3333333333333333,0.0,0.0,2021-10-30,2024-10-19
14,score_only,ewma_coh_resid_t2,gradual_bias,0.75,2.0,3,0.0,0.0,0.0,0.0,2021-10-30,2024-10-19
14,score_only,ewma_coh_resid_t2,gradual_bias,1.0,1.0,3,0.3333333333333333,0.3333333333333333,0.0,0.0,2021-10-30,2024-10-19
14,score_only,ewma_coh_resid_t2,gradual_bias,1.0,2.0,3,0.0,0.0,0.0,0.0,2021-10-30,2024-10-19
14,score_only,ewma_factor_cov_lrt,gradual_bias,0.25,1.0,3,0.0,0.0,0.0,0.0,2021-10-30,2024-10-19
14,score_only,ewma_factor_cov_lrt,gradual_bias,0.25,2.0,3,0.0,0.0,0.0,0.0,2021-10-30,2024-10-19
14,score_only,ewma_factor_cov_lrt,gradual_bias,0.5,1.0,3,0.3333333333333333,0.3333333333333333,0.0,0.0,2021-10-30,2024-10-19
14,score_only,ewma_factor_cov_lrt,gradual_bias,0.5,2.0,3,0.3333333333333333,0.3333333333333333,0.0,0.0,2021-10-30,2024-10-19
14,score_only,ewma_factor_cov_lrt,gradual_bias,0.75,1.0,3,0.0,0.0,0.0,0.0,2021-10-30,2024-10-19
14,score_only,ewma_factor_cov_lrt,gradual_bias,0.75,2.0,3,0.0,0.0,0.0,0.0,2021-10-30,2024-10-19
14,score_only,ewma_factor_cov_lrt,gradual_bias,1.0,1.0,3,0.3333333333333333,0.3333333333333333,0.0,0.0,2021-10-30,2024-10-19
14,score_only,ewma_factor_cov_lrt,gradual_bias,1.0,2.0,3,0.0,0.0,0.0,0.0,2021-10-30,2024-10-19
14,score_only,factor_cov_change,gradual_bias,0.25,1.0,3,0.3333333333333333,0.3333333333333333,0.0,0.0,2021-10-30,2024-10-19
14,score_only,factor_cov_change,gradual_bias,0.25,2.0,3,0.0,0.0,0.0,0.0,2021-10-30,2024-10-19
14,score_only,factor_cov_change,gradual_bias,0.5,1.0,3,0.3333333333333333,0.3333333333333333,0.0,0.0,2021-10-30,2024-10-19
14,score_only,factor_cov_change,gradual_bias,0.5,2.0,3,0.0,0.0,0.0,0.0,2021-10-30,2024-10-19
14,score_only,factor_cov_change,gradual_bias,0.75,1.0,3,0.3333333333333333,0.3333333333333333,0.0,0.0,2021-10-30,2024-10-19
14,score_only,factor_cov_change,gradual_bias,0.75,2.0,3,0.0,0.0,0.0,0.0,2021-10-30,2024-10-19
14,score_only,factor_cov_change,gradual_bias,1.0,1.0,3,0.3333333333333333,0.3333333333333333,0.0,0.0,2021-10-30,2024-10-19
14,score_only,factor_cov_change,gradual_bias,1.0,2.0,3,0.0,0.0,0.0,0.0,2021-10-30,2024-10-19
14,score_only,factor_cov_delta,gradual_bias,0.25,1.0,3,0.0,0.0,0.0,0.0,2021-10-30,2024-10-19
14,score_only,factor_cov_delta,gradual_bias,0.25,2.0,3,0.0,0.0,0.0,0.0,2021-10-30,2024-10-19
14,score_only,factor_cov_delta,gradual_bias,0.5,1.0,3,0.0,0.0,0.0,0.0,2021-10-30,2024-10-19
14,score_only,factor_cov_delta,gradual_bias,0.5,2.0,3,0.0,0.0,0.0,0.0,2021-10-30,2024-10-19
14,score_only,factor_cov_delta,gradual_bias,0.75,1.0,3,0.0,0.0,0.0,0.0,2021-10-30,2024-10-19
14,score_only,factor_cov_delta,gradual_bias,0.75,2.0,3,0.0,0.0,0.0,0.0,2021-10-30,2024-10-19
14,score_only,factor_cov_delta,gradual_bias,1.0,1.0,3,0.0,0.0,0.0,0.0,2021-10-30,2024-10-19
14,score_only,factor_cov_delta,gradual_bias,1.0,2.0,3,0.0,0.0,0.0,0.0,2021-10-30,2024-10-19
14,score_only,factor_cov_lrt,gradual_bias,0.25,1.0,3,0.0,0.0,0.0,0.0,2021-10-30,2024-10-19
14,score_only,factor_cov_lrt,gradual_bias,0.25,2.0,3,0.0,0.0,0.0,0.0,2021-10-30,2024-10-19
14,score_only,factor_cov_lrt,gradual_bias,0.5,1.0,3,0.0,0.0,0.0,0.0,2021-10-30,2024-10-19
14,score_only,factor_cov_lrt,gradual_bias,0.5,2.0,3,0.0,0.0,0.0,0.0,2021-10-30,2024-10-19
14,score_only,factor_cov_lrt,gradual_bias,0.75,1.0,3,0.0,0.0,0.0,0.0,2021-10-30,2024-10-19
14,score_only,factor_cov_lrt,gradual_bias,0.75,2.0,3,0.0,0.0,0.0,0.0,2021-10-30,2024-10-19
14,score_only,factor_cov_lrt,gradual_bias,1.0,1.0,3,0.0,0.0,0.0,0.0,2021-10-30,2024-10-19
14,score_only,factor_cov_lrt,gradual_bias,1.0,2.0,3,0.0,0.0,0.0,0.0,2021-10-30,2024-10-19
14,score_only,factor_cov_lrt_delta,gradual_bias,0.25,1.0,3,0.3333333333333333,0.3333333333333333,0.0,0.0,2021-10-30,2024-10-19
14,score_only,factor_cov_lrt_delta,gradual_bias,0.25,2.0,3,0.3333333333333333,0.3333333333333333,0.0,0.0,2021-10-30,2024-10-19
14,score_only,factor_cov_lrt_delta,gradual_bias,0.5,1.0,3,0.3333333333333333,0.3333333333333333,0.0,0.0,2021-10-30,2024-10-19
14,score_only,factor_cov_lrt_delta,gradual_bias,0.5,2.0,3,0.3333333333333333,0.3333333333333333,0.0,0.0,2021-10-30,2024-10-19
14,score_only,factor_cov_lrt_delta,gradual_bias,0.75,1.0,3,0.3333333333333333,0.3333333333333333,0.0,0.0,2021-10-30,2024-10-19
14,score_only,factor_cov_lrt_delta,gradual_bias,0.75,2.0,3,0.3333333333333333,0.3333333333333333,0.0,0.0,2021-10-30,2024-10-19
14,score_only,factor_cov_lrt_delta,gradual_bias,1.0,1.0,3,0.3333333333333333,0.3333333333333333,0.0,0.0,2021-10-30,2024-10-19
14,score_only,factor_cov_lrt_delta,gradual_bias,1.0,2.0,3,0.3333333333333333,0.3333333333333333,0.0,0.0,2021-10-30,2024-10-19
14,score_only,fused_fisher,gradual_bias,0.25,1.0,3,0.0,0.0,0.0,0.0,2021-10-30,2024-10-19
14,score_only,fused_fisher,gradual_bias,0.25,2.0,3,0.0,0.0,0.0,0.0,2021-10-30,2024-10-19
14,score_only,fused_fisher,gradual_bias,0.5,1.0,3,0.0,0.0,0.0,0.0,2021-10-30,2024-10-19
14,score_only,fused_fisher,gradual_bias,0.5,2.0,3,0.0,0.0,0.0,0.0,2021-10-30,2024-10-19
14,score_only,fused_fisher,gradual_bias,0.75,1.0,3,0.0,0.0,0.0,0.0,2021-10-30,2024-10-19
14,score_only,fused_fisher,gradual_bias,0.75,2.0,3,0.0,0.0,0.0,0.0,2021-10-30,2024-10-19
14,score_only,fused_fisher,gradual_bias,1.0,1.0,3,0.0,0.0,0.0,0.0,2021-10-30,2024-10-19
14,score_only,fused_fisher,gradual_bias,1.0,2.0,3,0.0,0.0,0.0,0.0,2021-10-30,2024-10-19
14,score_only,fused_fisher_lrt_delta,gradual_bias,0.25,1.0,3,0.0,0.0,0.0,0.0,2021-10-30,2024-10-19
14,score_only,fused_fisher_lrt_delta,gradual_bias,0.25,2.0,3,0.0,0.0,0.0,0.0,2021-10-30,2024-10-19
14,score_only,fused_fisher_lrt_delta,gradual_bias,0.5,1.0,3,0.0,0.0,0.0,0.0,2021-10-30,2024-10-19
14,score_only,fused_fisher_lrt_delta,gradual_bias,0.5,2.0,3,0.0,0.0,0.0,0.0,2021-10-30,2024-10-19
14,score_only,fused_fisher_lrt_delta,gradual_bias,0.75,1.0,3,0.0,0.0,0.0,0.0,2021-10-30,2024-10-19
14,score_only,fused_fisher_lrt_delta,gradual_bias,0.75,2.0,3,0.0,0.0,0.0,0.0,2021-10-30,2024-10-19
14,score_only,fused_fisher_lrt_delta,gradual_bias,1.0,1.0,3,0.0,0.0,0.0,0.0,2021-10-30,2024-10-19
14,score_only,fused_fisher_lrt_delta,gradual_bias,1.0,2.0,3,0.0,0.0,0.0,0.0,2021-10-30,2024-10-19
14,score_only,fused_sp,gradual_bias,0.25,1.0,3,0.0,0.0,0.0,0.0,2021-10-30,2024-10-19
14,score_only,fused_sp,gradual_bias,0.25,2.0,3,0.0,0.0,0.0,0.0,2021-10-30,2024-10-19
14,score_only,fused_sp,gradual_bias,0.5,1.0,3,0.0,0.0,0.0,0.0,2021-10-30,2024-10-19
14,score_only,fused_sp,gradual_bias,0.5,2.0,3,0.0,0.0,0.0,0.0,2021-10-30,2024-10-19
14,score_only,fused_sp,gradual_bias,0.75,1.0,3,0.0,0.0,0.0,0.0,2021-10-30,2024-10-19
14,score_only,fused_sp,gradual_bias,0.75,2.0,3,0.0,0.0,0.0,0.0,2021-10-30,2024-10-19
14,score_only,fused_sp,gradual_bias,1.0,1.0,3,0.0,0.0,0.0,0.0,2021-10-30,2024-10-19
14,score_only,fused_sp,gradual_bias,1.0,2.0,3,0.0,0.0,0.0,0.0,2021-10-30,2024-10-19
14,score_only,fused_sp_lrt_delta,gradual_bias,0.25,1.0,3,0.3333333333333333,0.3333333333333333,0.0,0.0,2021-10-30,2024-10-19
14,score_only,fused_sp_lrt_delta,gradual_bias,0.25,2.0,3,1.0,1.0,0.0,0.0,2021-10-30,2024-10-19
14,score_only,fused_sp_lrt_delta,gradual_bias,0.5,1.0,3,0.3333333333333333,0.3333333333333333,0.0,0.0,2021-10-30,2024-10-19
14,score_only,fused_sp_lrt_delta,gradual_bias,0.5,2.0,3,1.0,1.0,0.0,0.0,2021-10-30,2024-10-19
14,score_only,fused_sp_lrt_delta,gradual_bias,0.75,1.0,3,0.3333333333333333,0.3333333333333333,0.0,0.0,2021-10-30,2024-10-19
14,score_only,fused_sp_lrt_delta,gradual_bias,0.75,2.0,3,1.0,1.0,0.0,0.0,2021-10-30,2024-10-19
14,score_only,fused_sp_lrt_delta,gradual_bias,1.0,1.0,3,0.3333333333333333,0.3333333333333333,0.0,0.0,2021-10-30,2024-10-19
14,score_only,fused_sp_lrt_delta,gradual_bias,1.0,2.0,3,1.0,1.0,0.0,0.0,2021-10-30,2024-10-19
14,score_only,max_abs,gradual_bias,0.25,1.0,3,0.0,0.0,0.0,0.0,2021-10-30,2024-10-19
14,score_only,max_abs,gradual_bias,0.25,2.0,3,0.6666666666666666,0.6666666666666666,0.0,0.0,2021-10-30,2024-10-19
14,score_only,max_abs,gradual_bias,0.5,1.0,3,0.0,0.0,0.0,0.0,2021-10-30,2024-10-19
14,score_only,max_abs,gradual_bias,0.5,2.0,3,0.6666666666666666,0.6666666666666666,0.0,0.0,2021-10-30,2024-10-19
14,score_only,max_abs,gradual_bias,0.75,1.0,3,0.0,0.0,0.0,0.0,2021-10-30,2024-10-19
14,score_only,max_abs,gradual_bias,0.75,2.0,3,0.6666666666666666,0.6666666666666666,0.0,0.0,2021-10-30,2024-10-19
14,score_only,max_abs,gradual_bias,1.0,1.0,3,0.0,0.0,0.0,0.0,2021-10-30,2024-10-19
14,score_only,max_abs,gradual_bias,1.0,2.0,3,0.6666666666666666,0.6666666666666666,0.0,0.0,2021-10-30,2024-10-19
14,score_only,pc_t2,gradual_bias,0.25,1.0,3,0.0,0.0,0.0,0.0,2021-10-30,2024-10-19
14,score_only,pc_t2,gradual_bias,0.25,2.0,3,0.6666666666666666,0.6666666666666666,0.0,0.0,2021-10-30,2024-10-19
14,score_only,pc_t2,gradual_bias,0.5,1.0,3,0.0,0.0,0.0,0.0,2021-10-30,2024-10-19
14,score_only,pc_t2,gradual_bias,0.5,2.0,3,0.6666666666666666,0.6666666666666666,0.0,0.0,2021-10-30,2024-10-19
14,score_only,pc_t2,gradual_bias,0.75,1.0,3,0.0,0.0,0.0,0.0,2021-10-30,2024-10-19
14,score_only,pc_t2,gradual_bias,0.75,2.0,3,0.6666666666666666,0.6666666666666666,0.0,0.0,2021-10-30,2024-10-19
14,score_only,pc_t2,gradual_bias,1.0,1.0,3,0.0,0.0,0.0,0.0,2021-10-30,2024-10-19
14,score_only,pc_t2,gradual_bias,1.0,2.0,3,0.6666666666666666,0.6666666666666666,0.0,0.0,2021-10-30,2024-10-19
14,score_only,res_energy,gradual_bias,0.25,1.0,3,0.0,0.0,0.0,0.0,2021-10-30,2024-10-19
14,score_only,res_energy,gradual_bias,0.25,2.0,3,0.0,0.0,0.0,0.0,2021-10-30,2024-10-19
14,score_only,res_energy,gradual_bias,0.5,1.0,3,0.0,0.0,0.0,0.0,2021-10-30,2024-10-19
14,score_only,res_energy,gradual_bias,0.5,2.0,3,0.0,0.0,0.0,0.0,2021-10-30,2024-10-19
14,score_only,res_energy,gradual_bias,0.75,1.0,3,0.0,0.0,0.0,0.0,2021-10-30,2024-10-19
14,score_only,res_energy,gradual_bias,0.75,2.0,3,0.0,0.0,0.0,0.0,2021-10-30,2024-10-19
14,score_only,res_energy,gradual_bias,1.0,1.0,3,0.0,0.0,0.0,0.0,2021-10-30,2024-10-19
14,score_only,res_energy,gradual_bias,1.0,2.0,3,0.0,0.0,0.0,0.0,2021-10-30,2024-10-19
14,score_only,stale,gradual_bias,0.25,1.0,3,0.0,1.0,0.0,1.0,2021-10-30,2024-10-19
14,score_only,stale,gradual_bias,0.25,2.0,3,0.0,1.0,0.0,1.0,2021-10-30,2024-10-19
14,score_only,stale,gradual_bias,0.5,1.0,3,0.0,1.0,0.0,1.0,2021-10-30,2024-10-19
14,score_only,stale,gradual_bias,0.5,2.0,3,0.0,1.0,0.0,1.0,2021-10-30,2024-10-19
14,score_only,stale,gradual_bias,0.75,1.0,3,0.0,1.0,0.0,1.0,2021-10-30,2024-10-19
14,score_only,stale,gradual_bias,0.75,2.0,3,0.0,1.0,0.0,1.0,2021-10-30,2024-10-19
14,score_only,stale,gradual_bias,1.0,1.0,3,0.0,1.0,0.0,1.0,2021-10-30,2024-10-19
14,score_only,stale,gradual_bias,1.0,2.0,3,0.0,1.0,0.0,1.0,2021-10-30,2024-10-19
15,all_only,T2,gradual_bias,0.25,1.0,2,0.0,0.0,0.0,0.0,2022-10-29,2025-10-18
15,all_only,T2,gradual_bias,0.25,2.0,2,0.0,0.0,0.0,0.0,2022-10-29,2025-10-18
15,all_only,T2,gradual_bias,0.5,1.0,2,0.0,0.0,0.0,0.0,2022-10-29,2025-10-18
15,all_only,T2,gradual_bias,0.5,2.0,2,0.0,0.0,0.0,0.0,2022-10-29,2025-10-18
15,all_only,T2,gradual_bias,0.75,1.0,2,0.0,0.0,0.0,0.0,2022-10-29,2025-10-18
15,all_only,T2,gradual_bias,0.75,2.0,2,0.0,0.0,0.0,0.0,2022-10-29,2025-10-18
15,all_only,T2,gradual_bias,1.0,1.0,2,0.0,0.0,0.0,0.0,2022-10-29,2025-10-18
15,all_only,T2,gradual_bias,1.0,2.0,2,0.0,0.0,0.0,0.0,2022-10-29,2025-10-18
15,all_only,cusum_factor_cov_lrt,gradual_bias,0.25,1.0,2,0.0,0.0,0.0,0.0,2022-10-29,2025-10-18
15,all_only,cusum_factor_cov_lrt,gradual_bias,0.25,2.0,2,0.0,0.0,0.0,0.0,2022-10-29,2025-10-18
15,all_only,cusum_factor_cov_lrt,gradual_bias,0.5,1.0,2,0.0,0.0,0.0,0.0,2022-10-29,2025-10-18
15,all_only,cusum_factor_cov_lrt,gradual_bias,0.5,2.0,2,0.0,0.0,0.0,0.0,2022-10-29,2025-10-18
15,all_only,cusum_factor_cov_lrt,gradual_bias,0.75,1.0,2,0.0,0.0,0.0,0.0,2022-10-29,2025-10-18
15,all_only,cusum_factor_cov_lrt,gradual_bias,0.75,2.0,2,0.0,0.0,0.0,0.0,2022-10-29,2025-10-18
15,all_only,cusum_factor_cov_lrt,gradual_bias,1.0,1.0,2,0.0,0.0,0.0,0.0,2022-10-29,2025-10-18
15,all_only,cusum_factor_cov_lrt,gradual_bias,1.0,2.0,2,0.0,0.0,0.0,0.0,2022-10-29,2025-10-18
15,all_only,ewma_factor_cov_lrt,gradual_bias,0.25,1.0,2,0.0,0.0,0.0,0.0,2022-10-29,2025-10-18
15,all_only,ewma_factor_cov_lrt,gradual_bias,0.25,2.0,2,0.5,0.5,0.0,0.0,2022-10-29,2025-10-18
15,all_only,ewma_factor_cov_lrt,gradual_bias,0.5,1.0,2,0.0,0.0,0.0,0.0,2022-10-29,2025-10-18
15,all_only,ewma_factor_cov_lrt,gradual_bias,0.5,2.0,2,0.5,0.5,0.0,0.0,2022-10-29,2025-10-18
15,all_only,ewma_factor_cov_lrt,gradual_bias,0.75,1.0,2,0.0,0.0,0.0,0.0,2022-10-29,2025-10-18
15,all_only,ewma_factor_cov_lrt,gradual_bias,0.75,2.0,2,0.5,0.5,0.0,0.0,2022-10-29,2025-10-18
15,all_only,ewma_factor_cov_lrt,gradual_bias,1.0,1.0,2,0.0,0.0,0.0,0.0,2022-10-29,2025-10-18
15,all_only,ewma_factor_cov_lrt,gradual_bias,1.0,2.0,2,0.5,0.5,0.0,0.0,2022-10-29,2025-10-18
15,all_only,factor_cov_change,gradual_bias,0.25,1.0,2,0.0,0.0,0.0,0.0,2022-10-29,2025-10-18
15,all_only,factor_cov_change,gradual_bias,0.25,2.0,2,0.5,0.5,0.0,0.0,2022-10-29,2025-10-18
15,all_only,factor_cov_change,gradual_bias,0.5,1.0,2,0.0,0.0,0.0,0.0,2022-10-29,2025-10-18
15,all_only,factor_cov_change,gradual_bias,0.5,2.0,2,0.5,0.5,0.0,0.0,2022-10-29,2025-10-18
15,all_only,factor_cov_change,gradual_bias,0.75,1.0,2,0.0,0.0,0.0,0.0,2022-10-29,2025-10-18
15,all_only,factor_cov_change,gradual_bias,0.75,2.0,2,0.5,0.5,0.0,0.0,2022-10-29,2025-10-18
15,all_only,factor_cov_change,gradual_bias,1.0,1.0,2,0.0,0.0,0.0,0.0,2022-10-29,2025-10-18
15,all_only,factor_cov_change,gradual_bias,1.0,2.0,2,0.5,0.5,0.0,0.0,2022-10-29,2025-10-18
15,all_only,factor_cov_delta,gradual_bias,0.25,1.0,2,0.5,0.5,0.0,0.0,2022-10-29,2025-10-18
15,all_only,factor_cov_delta,gradual_bias,0.25,2.0,2,0.5,0.5,0.0,0.0,2022-10-29,2025-10-18
15,all_only,factor_cov_delta,gradual_bias,0.5,1.0,2,0.5,0.5,0.0,0.0,2022-10-29,2025-10-18
15,all_only,factor_cov_delta,gradual_bias,0.5,2.0,2,0.5,0.5,0.0,0.0,2022-10-29,2025-10-18
15,all_only,factor_cov_delta,gradual_bias,0.75,1.0,2,0.5,0.5,0.0,0.0,2022-10-29,2025-10-18
15,all_only,factor_cov_delta,gradual_bias,0.75,2.0,2,0.5,0.5,0.0,0.0,2022-10-29,2025-10-18
15,all_only,factor_cov_delta,gradual_bias,1.0,1.0,2,0.5,0.5,0.0,0.0,2022-10-29,2025-10-18
15,all_only,factor_cov_delta,gradual_bias,1.0,2.0,2,0.5,0.5,0.0,0.0,2022-10-29,2025-10-18
15,all_only,factor_cov_lrt,gradual_bias,0.25,1.0,2,0.5,0.5,0.0,0.0,2022-10-29,2025-10-18
15,all_only,factor_cov_lrt,gradual_bias,0.25,2.0,2,0.5,0.5,0.0,0.0,2022-10-29,2025-10-18
15,all_only,factor_cov_lrt,gradual_bias,0.5,1.0,2,0.5,0.5,0.0,0.0,2022-10-29,2025-10-18
15,all_only,factor_cov_lrt,gradual_bias,0.5,2.0,2,0.5,0.5,0.0,0.0,2022-10-29,2025-10-18
15,all_only,factor_cov_lrt,gradual_bias,0.75,1.0,2,0.5,0.5,0.0,0.0,2022-10-29,2025-10-18
15,all_only,factor_cov_lrt,gradual_bias,0.75,2.0,2,0.5,0.5,0.0,0.0,2022-10-29,2025-10-18
15,all_only,factor_cov_lrt,gradual_bias,1.0,1.0,2,0.5,0.5,0.0,0.0,2022-10-29,2025-10-18
15,all_only,factor_cov_lrt,gradual_bias,1.0,2.0,2,0.5,0.5,0.0,0.0,2022-10-29,2025-10-18
15,all_only,factor_cov_lrt_delta,gradual_bias,0.25,1.0,2,0.0,0.0,0.0,0.0,2022-10-29,2025-10-18
15,all_only,factor_cov_lrt_delta,gradual_bias,0.25,2.0,2,0.0,0.0,0.0,0.0,2022-10-29,2025-10-18
15,all_only,factor_cov_lrt_delta,gradual_bias,0.5,1.0,2,0.0,0.0,0.0,0.0,2022-10-29,2025-10-18
15,all_only,factor_cov_lrt_delta,gradual_bias,0.5,2.0,2,0.0,0.0,0.0,0.0,2022-10-29,2025-10-18
15,all_only,factor_cov_lrt_delta,gradual_bias,0.75,1.0,2,0.0,0.0,0.0,0.0,2022-10-29,2025-10-18
15,all_only,factor_cov_lrt_delta,gradual_bias,0.75,2.0,2,0.0,0.0,0.0,0.0,2022-10-29,2025-10-18
15,all_only,factor_cov_lrt_delta,gradual_bias,1.0,1.0,2,0.0,0.0,0.0,0.0,2022-10-29,2025-10-18
15,all_only,factor_cov_lrt_delta,gradual_bias,1.0,2.0,2,0.0,0.0,0.0,0.0,2022-10-29,2025-10-18
15,all_only,fused_fisher,gradual_bias,0.25,1.0,2,0.0,0.0,0.0,0.0,2022-10-29,2025-10-18
15,all_only,fused_fisher,gradual_bias,0.25,2.0,2,0.0,0.0,0.0,0.0,2022-10-29,2025-10-18
15,all_only,fused_fisher,gradual_bias,0.5,1.0,2,0.0,0.0,0.0,0.0,2022-10-29,2025-10-18
15,all_only,fused_fisher,gradual_bias,0.5,2.0,2,0.0,0.0,0.0,0.0,2022-10-29,2025-10-18
15,all_only,fused_fisher,gradual_bias,0.75,1.0,2,0.0,0.0,0.0,0.0,2022-10-29,2025-10-18
15,all_only,fused_fisher,gradual_bias,0.75,2.0,2,0.0,0.0,0.0,0.0,2022-10-29,2025-10-18
15,all_only,fused_fisher,gradual_bias,1.0,1.0,2,0.0,0.0,0.0,0.0,2022-10-29,2025-10-18
15,all_only,fused_fisher,gradual_bias,1.0,2.0,2,0.0,0.0,0.0,0.0,2022-10-29,2025-10-18
15,all_only,fused_fisher_lrt_delta,gradual_bias,0.25,1.0,2,0.0,0.0,0.0,0.0,2022-10-29,2025-10-18
15,all_only,fused_fisher_lrt_delta,gradual_bias,0.25,2.0,2,0.0,0.0,0.0,0.0,2022-10-29,2025-10-18
15,all_only,fused_fisher_lrt_delta,gradual_bias,0.5,1.0,2,0.0,0.0,0.0,0.0,2022-10-29,2025-10-18
15,all_only,fused_fisher_lrt_delta,gradual_bias,0.5,2.0,2,0.0,0.0,0.0,0.0,2022-10-29,2025-10-18
15,all_only,fused_fisher_lrt_delta,gradual_bias,0.75,1.0,2,0.0,0.0,0.0,0.0,2022-10-29,2025-10-18
15,all_only,fused_fisher_lrt_delta,gradual_bias,0.75,2.0,2,0.0,0.0,0.0,0.0,2022-10-29,2025-10-18
15,all_only,fused_fisher_lrt_delta,gradual_bias,1.0,1.0,2,0.0,0.0,0.0,0.0,2022-10-29,2025-10-18
15,all_only,fused_fisher_lrt_delta,gradual_bias,1.0,2.0,2,0.0,0.0,0.0,0.0,2022-10-29,2025-10-18
15,all_only,fused_sp,gradual_bias,0.25,1.0,2,0.5,0.5,0.0,0.0,2022-10-29,2025-10-18
15,all_only,fused_sp,gradual_bias,0.25,2.0,2,0.0,0.0,0.0,0.0,2022-10-29,2025-10-18
15,all_only,fused_sp,gradual_bias,0.5,1.0,2,0.5,0.5,0.0,0.0,2022-10-29,2025-10-18
15,all_only,fused_sp,gradual_bias,0.5,2.0,2,0.0,0.0,0.0,0.0,2022-10-29,2025-10-18
15,all_only,fused_sp,gradual_bias,0.75,1.0,2,0.5,0.5,0.0,0.0,2022-10-29,2025-10-18
15,all_only,fused_sp,gradual_bias,0.75,2.0,2,0.0,0.0,0.0,0.0,2022-10-29,2025-10-18
15,all_only,fused_sp,gradual_bias,1.0,1.0,2,0.5,0.5,0.0,0.0,2022-10-29,2025-10-18
15,all_only,fused_sp,gradual_bias,1.0,2.0,2,0.0,0.0,0.0,0.0,2022-10-29,2025-10-18
15,all_only,fused_sp_lrt_delta,gradual_bias,0.25,1.0,2,0.0,0.0,0.0,0.0,2022-10-29,2025-10-18
15,all_only,fused_sp_lrt_delta,gradual_bias,0.25,2.0,2,0.5,0.5,0.0,0.0,2022-10-29,2025-10-18
15,all_only,fused_sp_lrt_delta,gradual_bias,0.5,1.0,2,0.0,0.0,0.0,0.0,2022-10-29,2025-10-18
15,all_only,fused_sp_lrt_delta,gradual_bias,0.5,2.0,2,0.5,0.5,0.0,0.0,2022-10-29,2025-10-18
15,all_only,fused_sp_lrt_delta,gradual_bias,0.75,1.0,2,0.0,0.0,0.0,0.0,2022-10-29,2025-10-18
15,all_only,fused_sp_lrt_delta,gradual_bias,0.75,2.0,2,0.5,0.5,0.0,0.0,2022-10-29,2025-10-18
15,all_only,fused_sp_lrt_delta,gradual_bias,1.0,1.0,2,0.0,0.0,0.0,0.0,2022-10-29,2025-10-18
15,all_only,fused_sp_lrt_delta,gradual_bias,1.0,2.0,2,0.5,0.5,0.0,0.0,2022-10-29,2025-10-18
15,all_only,max_abs,gradual_bias,0.25,1.0,2,0.0,0.0,0.0,0.0,2022-10-29,2025-10-18
15,all_only,max_abs,gradual_bias,0.25,2.0,2,0.0,0.0,0.0,0.0,2022-10-29,2025-10-18
15,all_only,max_abs,gradual_bias,0.5,1.0,2,0.0,0.0,0.0,0.0,2022-10-29,2025-10-18
15,all_only,max_abs,gradual_bias,0.5,2.0,2,0.0,0.0,0.0,0.0,2022-10-29,2025-10-18
15,all_only,max_abs,gradual_bias,0.75,1.0,2,0.0,0.0,0.0,0.0,2022-10-29,2025-10-18
15,all_only,max_abs,gradual_bias,0.75,2.0,2,0.0,0.0,0.0,0.0,2022-10-29,2025-10-18
15,all_only,max_abs,gradual_bias,1.0,1.0,2,0.0,0.0,0.0,0.0,2022-10-29,2025-10-18
15,all_only,max_abs,gradual_bias,1.0,2.0,2,0.0,0.0,0.0,0.0,2022-10-29,2025-10-18
15,all_only,pc_t2,gradual_bias,0.25,1.0,2,0.0,0.0,0.0,0.0,2022-10-29,2025-10-18
15,all_only,pc_t2,gradual_bias,0.25,2.0,2,0.0,0.0,0.0,0.0,2022-10-29,2025-10-18
15,all_only,pc_t2,gradual_bias,0.5,1.0,2,0.0,0.0,0.0,0.0,2022-10-29,2025-10-18
15,all_only,pc_t2,gradual_bias,0.5,2.0,2,0.0,0.0,0.0,0.0,2022-10-29,2025-10-18
15,all_only,pc_t2,gradual_bias,0.75,1.0,2,0.0,0.0,0.0,0.0,2022-10-29,2025-10-18
15,all_only,pc_t2,gradual_bias,0.75,2.0,2,0.0,0.0,0.0,0.0,2022-10-29,2025-10-18
15,all_only,pc_t2,gradual_bias,1.0,1.0,2,0.0,0.0,0.0,0.0,2022-10-29,2025-10-18
15,all_only,pc_t2,gradual_bias,1.0,2.0,2,0.0,0.0,0.0,0.0,2022-10-29,2025-10-18
15,all_only,res_energy,gradual_bias,0.25,1.0,2,0.5,0.5,0.0,0.0,2022-10-29,2025-10-18
15,all_only,res_energy,gradual_bias,0.25,2.0,2,0.0,0.0,0.0,0.0,2022-10-29,2025-10-18
15,all_only,res_energy,gradual_bias,0.5,1.0,2,0.5,0.5,0.0,0.0,2022-10-29,2025-10-18
15,all_only,res_energy,gradual_bias,0.5,2.0,2,0.0,0.0,0.0,0.0,2022-10-29,2025-10-18
15,all_only,res_energy,gradual_bias,0.75,1.0,2,0.5,0.5,0.0,0.0,2022-10-29,2025-10-18
15,all_only,res_energy,gradual_bias,0.75,2.0,2,0.0,0.0,0.0,0.0,2022-10-29,2025-10-18
15,all_only,res_energy,gradual_bias,1.0,1.0,2,0.5,0.5,0.0,0.0,2022-10-29,2025-10-18
15,all_only,res_energy,gradual_bias,1.0,2.0,2,0.0,0.0,0.0,0.0,2022-10-29,2025-10-18
15,all_only,stale,gradual_bias,0.25,1.0,2,0.0,0.5,0.0,1.0,2022-10-29,2025-10-18
15,all_only,stale,gradual_bias,0.25,2.0,2,0.0,0.5,0.0,1.0,2022-10-29,2025-10-18
15,all_only,stale,gradual_bias,0.5,1.0,2,0.0,0.5,0.0,1.0,2022-10-29,2025-10-18
15,all_only,stale,gradual_bias,0.5,2.0,2,0.0,0.5,0.0,1.0,2022-10-29,2025-10-18
15,all_only,stale,gradual_bias,0.75,1.0,2,0.0,0.5,0.0,1.0,2022-10-29,2025-10-18
15,all_only,stale,gradual_bias,0.75,2.0,2,0.0,0.5,0.0,1.0,2022-10-29,2025-10-18
15,all_only,stale,gradual_bias,1.0,1.0,2,0.0,0.5,0.0,1.0,2022-10-29,2025-10-18
15,all_only,stale,gradual_bias,1.0,2.0,2,0.0,0.5,0.0,1.0,2022-10-29,2025-10-18
15,full,T2,gradual_bias,0.25,1.0,2,0.0,0.0,0.0,0.0,2022-10-29,2025-10-18
15,full,T2,gradual_bias,0.25,2.0,2,0.0,0.0,0.0,0.0,2022-10-29,2025-10-18
15,full,T2,gradual_bias,0.5,1.0,2,0.0,0.0,0.0,0.0,2022-10-29,2025-10-18
15,full,T2,gradual_bias,0.5,2.0,2,0.0,0.0,0.0,0.0,2022-10-29,2025-10-18
15,full,T2,gradual_bias,0.75,1.0,2,0.0,0.0,0.0,0.0,2022-10-29,2025-10-18
15,full,T2,gradual_bias,0.75,2.0,2,0.0,0.0,0.0,0.0,2022-10-29,2025-10-18
15,full,T2,gradual_bias,1.0,1.0,2,0.0,0.0,0.0,0.0,2022-10-29,2025-10-18
15,full,T2,gradual_bias,1.0,2.0,2,0.0,0.0,0.0,0.0,2022-10-29,2025-10-18
15,full,cusum_factor_cov_lrt,gradual_bias,0.25,1.0,2,0.0,0.5,0.5,0.0,2022-10-29,2025-10-18
15,full,cusum_factor_cov_lrt,gradual_bias,0.25,2.0,2,0.0,0.0,0.0,0.0,2022-10-29,2025-10-18
15,full,cusum_factor_cov_lrt,gradual_bias,0.5,1.0,2,0.0,0.5,0.5,0.0,2022-10-29,2025-10-18
15,full,cusum_factor_cov_lrt,gradual_bias,0.5,2.0,2,0.0,0.0,0.0,0.0,2022-10-29,2025-10-18
15,full,cusum_factor_cov_lrt,gradual_bias,0.75,1.0,2,0.0,0.5,0.5,0.0,2022-10-29,2025-10-18
15,full,cusum_factor_cov_lrt,gradual_bias,0.75,2.0,2,0.0,0.0,0.0,0.0,2022-10-29,2025-10-18
15,full,cusum_factor_cov_lrt,gradual_bias,1.0,1.0,2,0.0,0.5,0.5,0.0,2022-10-29,2025-10-18
15,full,cusum_factor_cov_lrt,gradual_bias,1.0,2.0,2,0.0,0.0,0.0,0.0,2022-10-29,2025-10-18
15,full,ewma_factor_cov_lrt,gradual_bias,0.25,1.0,2,0.0,0.0,0.0,0.0,2022-10-29,2025-10-18
15,full,ewma_factor_cov_lrt,gradual_bias,0.25,2.0,2,0.0,0.0,0.0,0.0,2022-10-29,2025-10-18
15,full,ewma_factor_cov_lrt,gradual_bias,0.5,1.0,2,0.0,0.0,0.0,0.0,2022-10-29,2025-10-18
15,full,ewma_factor_cov_lrt,gradual_bias,0.5,2.0,2,0.0,0.0,0.0,0.0,2022-10-29,2025-10-18
15,full,ewma_factor_cov_lrt,gradual_bias,0.75,1.0,2,0.0,0.0,0.0,0.0,2022-10-29,2025-10-18
15,full,ewma_factor_cov_lrt,gradual_bias,0.75,2.0,2,0.0,0.0,0.0,0.0,2022-10-29,2025-10-18
15,full,ewma_factor_cov_lrt,gradual_bias,1.0,1.0,2,0.0,0.0,0.0,0.0,2022-10-29,2025-10-18
15,full,ewma_factor_cov_lrt,gradual_bias,1.0,2.0,2,0.0,0.0,0.0,0.0,2022-10-29,2025-10-18
15,full,factor_cov_change,gradual_bias,0.25,1.0,2,0.0,0.0,0.0,0.0,2022-10-29,2025-10-18
15,full,factor_cov_change,gradual_bias,0.25,2.0,2,0.0,0.0,0.0,0.0,2022-10-29,2025-10-18
15,full,factor_cov_change,gradual_bias,0.5,1.0,2,0.0,0.0,0.0,0.0,2022-10-29,2025-10-18
15,full,factor_cov_change,gradual_bias,0.5,2.0,2,0.0,0.0,0.0,0.0,2022-10-29,2025-10-18
15,full,factor_cov_change,gradual_bias,0.75,1.0,2,0.0,0.0,0.0,0.0,2022-10-29,2025-10-18
15,full,factor_cov_change,gradual_bias,0.75,2.0,2,0.0,0.0,0.0,0.0,2022-10-29,2025-10-18
15,full,factor_cov_change,gradual_bias,1.0,1.0,2,0.0,0.0,0.0,0.0,2022-10-29,2025-10-18
15,full,factor_cov_change,gradual_bias,1.0,2.0,2,0.0,0.0,0.0,0.0,2022-10-29,2025-10-18
15,full,factor_cov_delta,gradual_bias,0.25,1.0,2,0.0,0.0,0.0,0.0,2022-10-29,2025-10-18
15,full,factor_cov_delta,gradual_bias,0.25,2.0,2,0.5,0.5,0.0,0.0,2022-10-29,2025-10-18
15,full,factor_cov_delta,gradual_bias,0.5,1.0,2,0.0,0.0,0.0,0.0,2022-10-29,2025-10-18
15,full,factor_cov_delta,gradual_bias,0.5,2.0,2,0.5,0.5,0.0,0.0,2022-10-29,2025-10-18
15,full,factor_cov_delta,gradual_bias,0.75,1.0,2,0.0,0.0,0.0,0.0,2022-10-29,2025-10-18
15,full,factor_cov_delta,gradual_bias,0.75,2.0,2,0.5,0.5,0.0,0.0,2022-10-29,2025-10-18
15,full,factor_cov_delta,gradual_bias,1.0,1.0,2,0.0,0.0,0.0,0.0,2022-10-29,2025-10-18
15,full,factor_cov_delta,gradual_bias,1.0,2.0,2,0.5,0.5,0.0,0.0,2022-10-29,2025-10-18
15,full,factor_cov_lrt,gradual_bias,0.25,1.0,2,0.0,0.0,0.0,0.0,2022-10-29,2025-10-18
15,full,factor_cov_lrt,gradual_bias,0.25,2.0,2,0.0,0.0,0.0,0.0,2022-10-29,2025-10-18
15,full,factor_cov_lrt,gradual_bias,0.5,1.0,2,0.0,0.0,0.0,0.0,2022-10-29,2025-10-18
15,full,factor_cov_lrt,gradual_bias,0.5,2.0,2,0.0,0.0,0.0,0.0,2022-10-29,2025-10-18
15,full,factor_cov_lrt,gradual_bias,0.75,1.0,2,0.0,0.0,0.0,0.0,2022-10-29,2025-10-18
15,full,factor_cov_lrt,gradual_bias,0.75,2.0,2,0.0,0.0,0.0,0.0,2022-10-29,2025-10-18
15,full,factor_cov_lrt,gradual_bias,1.0,1.0,2,0.0,0.0,0.0,0.0,2022-10-29,2025-10-18
15,full,factor_cov_lrt,gradual_bias,1.0,2.0,2,0.0,0.0,0.0,0.0,2022-10-29,2025-10-18
15,full,factor_cov_lrt_delta,gradual_bias,0.25,1.0,2,0.0,0.0,0.0,0.0,2022-10-29,2025-10-18
15,full,factor_cov_lrt_delta,gradual_bias,0.25,2.0,2,0.0,0.0,0.0,0.0,2022-10-29,2025-10-18
15,full,factor_cov_lrt_delta,gradual_bias,0.5,1.0,2,0.0,0.0,0.0,0.0,2022-10-29,2025-10-18
15,full,factor_cov_lrt_delta,gradual_bias,0.5,2.0,2,0.0,0.0,0.0,0.0,2022-10-29,2025-10-18
15,full,factor_cov_lrt_delta,gradual_bias,0.75,1.0,2,0.0,0.0,0.0,0.0,2022-10-29,2025-10-18
15,full,factor_cov_lrt_delta,gradual_bias,0.75,2.0,2,0.0,0.0,0.0,0.0,2022-10-29,2025-10-18
15,full,factor_cov_lrt_delta,gradual_bias,1.0,1.0,2,0.0,0.0,0.0,0.0,2022-10-29,2025-10-18
15,full,factor_cov_lrt_delta,gradual_bias,1.0,2.0,2,0.0,0.0,0.0,0.0,2022-10-29,2025-10-18
15,full,fused_fisher,gradual_bias,0.25,1.0,2,0.0,0.0,0.0,0.0,2022-10-29,2025-10-18
15,full,fused_fisher,gradual_bias,0.25,2.0,2,0.5,0.5,0.0,0.0,2022-10-29,2025-10-18
15,full,fused_fisher,gradual_bias,0.5,1.0,2,0.0,0.0,0.0,0.0,2022-10-29,2025-10-18
15,full,fused_fisher,gradual_bias,0.5,2.0,2,0.5,0.5,0.0,0.0,2022-10-29,2025-10-18
15,full,fused_fisher,gradual_bias,0.75,1.0,2,0.0,0.0,0.0,0.0,2022-10-29,2025-10-18
15,full,fused_fisher,gradual_bias,0.75,2.0,2,0.5,0.5,0.0,0.0,2022-10-29,2025-10-18
15,full,fused_fisher,gradual_bias,1.0,1.0,2,0.0,0.0,0.0,0.0,2022-10-29,2025-10-18
15,full,fused_fisher,gradual_bias,1.0,2.0,2,0.5,0.5,0.0,0.0,2022-10-29,2025-10-18
15,full,fused_fisher_lrt_delta,gradual_bias,0.25,1.0,2,0.0,0.0,0.0,0.0,2022-10-29,2025-10-18
15,full,fused_fisher_lrt_delta,gradual_bias,0.25,2.0,2,0.5,0.5,0.0,0.0,2022-10-29,2025-10-18
15,full,fused_fisher_lrt_delta,gradual_bias,0.5,1.0,2,0.0,0.0,0.0,0.0,2022-10-29,2025-10-18
15,full,fused_fisher_lrt_delta,gradual_bias,0.5,2.0,2,0.5,0.5,0.0,0.0,2022-10-29,2025-10-18
15,full,fused_fisher_lrt_delta,gradual_bias,0.75,1.0,2,0.0,0.0,0.0,0.0,2022-10-29,2025-10-18
15,full,fused_fisher_lrt_delta,gradual_bias,0.75,2.0,2,0.5,0.5,0.0,0.0,2022-10-29,2025-10-18
15,full,fused_fisher_lrt_delta,gradual_bias,1.0,1.0,2,0.0,0.0,0.0,0.0,2022-10-29,2025-10-18
15,full,fused_fisher_lrt_delta,gradual_bias,1.0,2.0,2,0.5,0.5,0.0,0.0,2022-10-29,2025-10-18
15,full,fused_sp,gradual_bias,0.25,1.0,2,0.0,0.0,0.0,0.0,2022-10-29,2025-10-18
15,full,fused_sp,gradual_bias,0.25,2.0,2,0.5,0.5,0.0,0.0,2022-10-29,2025-10-18
15,full,fused_sp,gradual_bias,0.5,1.0,2,0.0,0.0,0.0,0.0,2022-10-29,2025-10-18
15,full,fused_sp,gradual_bias,0.5,2.0,2,0.5,0.5,0.0,0.0,2022-10-29,2025-10-18
15,full,fused_sp,gradual_bias,0.75,1.0,2,0.0,0.0,0.0,0.0,2022-10-29,2025-10-18
15,full,fused_sp,gradual_bias,0.75,2.0,2,0.5,0.5,0.0,0.0,2022-10-29,2025-10-18
15,full,fused_sp,gradual_bias,1.0,1.0,2,0.0,0.0,0.0,0.0,2022-10-29,2025-10-18
15,full,fused_sp,gradual_bias,1.0,2.0,2,0.5,0.5,0.0,0.0,2022-10-29,2025-10-18
15,full,fused_sp_lrt_delta,gradual_bias,0.25,1.0,2,0.0,0.0,0.0,0.0,2022-10-29,2025-10-18
15,full,fused_sp_lrt_delta,gradual_bias,0.25,2.0,2,0.5,0.5,0.0,0.0,2022-10-29,2025-10-18
15,full,fused_sp_lrt_delta,gradual_bias,0.5,1.0,2,0.0,0.0,0.0,0.0,2022-10-29,2025-10-18
15,full,fused_sp_lrt_delta,gradual_bias,0.5,2.0,2,0.5,0.5,0.0,0.0,2022-10-29,2025-10-18
15,full,fused_sp_lrt_delta,gradual_bias,0.75,1.0,2,0.0,0.0,0.0,0.0,2022-10-29,2025-10-18
15,full,fused_sp_lrt_delta,gradual_bias,0.75,2.0,2,0.5,0.5,0.0,0.0,2022-10-29,2025-10-18
15,full,fused_sp_lrt_delta,gradual_bias,1.0,1.0,2,0.0,0.0,0.0,0.0,2022-10-29,2025-10-18
15,full,fused_sp_lrt_delta,gradual_bias,1.0,2.0,2,0.5,0.5,0.0,0.0,2022-10-29,2025-10-18
15,full,max_abs,gradual_bias,0.25,1.0,2,0.0,0.0,0.0,0.0,2022-10-29,2025-10-18
15,full,max_abs,gradual_bias,0.25,2.0,2,0.0,0.0,0.0,0.0,2022-10-29,2025-10-18
15,full,max_abs,gradual_bias,0.5,1.0,2,0.0,0.0,0.0,0.0,2022-10-29,2025-10-18
15,full,max_abs,gradual_bias,0.5,2.0,2,0.0,0.0,0.0,0.0,2022-10-29,2025-10-18
15,full,max_abs,gradual_bias,0.75,1.0,2,0.0,0.0,0.0,0.0,2022-10-29,2025-10-18
15,full,max_abs,gradual_bias,0.75,2.0,2,0.0,0.0,0.0,0.0,2022-10-29,2025-10-18
15,full,max_abs,gradual_bias,1.0,1.0,2,0.0,0.0,0.0,0.0,2022-10-29,2025-10-18
15,full,max_abs,gradual_bias,1.0,2.0,2,0.0,0.0,0.0,0.0,2022-10-29,2025-10-18
15,full,pc_t2,gradual_bias,0.25,1.0,2,0.0,0.0,0.0,0.0,2022-10-29,2025-10-18
15,full,pc_t2,gradual_bias,0.25,2.0,2,0.0,0.0,0.0,0.0,2022-10-29,2025-10-18
15,full,pc_t2,gradual_bias,0.5,1.0,2,0.0,0.0,0.0,0.0,2022-10-29,2025-10-18
15,full,pc_t2,gradual_bias,0.5,2.0,2,0.0,0.0,0.0,0.0,2022-10-29,2025-10-18
15,full,pc_t2,gradual_bias,0.75,1.0,2,0.0,0.0,0.0,0.0,2022-10-29,2025-10-18
15,full,pc_t2,gradual_bias,0.75,2.0,2,0.0,0.0,0.0,0.0,2022-10-29,2025-10-18
15,full,pc_t2,gradual_bias,1.0,1.0,2,0.0,0.0,0.0,0.0,2022-10-29,2025-10-18
15,full,pc_t2,gradual_bias,1.0,2.0,2,0.0,0.0,0.0,0.0,2022-10-29,2025-10-18
15,full,res_energy,gradual_bias,0.25,1.0,2,0.0,0.0,0.0,0.0,2022-10-29,2025-10-18
15,full,res_energy,gradual_bias,0.25,2.0,2,0.0,0.0,0.0,0.0,2022-10-29,2025-10-18
15,full,res_energy,gradual_bias,0.5,1.0,2,0.0,0.0,0.0,0.0,2022-10-29,2025-10-18
15,full,res_energy,gradual_bias,0.5,2.0,2,0.0,0.0,0.0,0.0,2022-10-29,2025-10-18
15,full,res_energy,gradual_bias,0.75,1.0,2,0.0,0.0,0.0,0.0,2022-10-29,2025-10-18
15,full,res_energy,gradual_bias,0.75,2.0,2,0.0,0.0,0.0,0.0,2022-10-29,2025-10-18
15,full,res_energy,gradual_bias,1.0,1.0,2,0.0,0.0,0.0,0.0,2022-10-29,2025-10-18
15,full,res_energy,gradual_bias,1.0,2.0,2,0.0,0.0,0.0,0.0,2022-10-29,2025-10-18
15,full,stale,gradual_bias,0.25,1.0,2,0.0,0.5,0.0,1.0,2022-10-29,2025-10-18
15,full,stale,gradual_bias,0.25,2.0,2,0.0,0.5,0.0,1.0,2022-10-29,2025-10-18
15,full,stale,gradual_bias,0.5,1.0,2,0.0,0.5,0.0,1.0,2022-10-29,2025-10-18
15,full,stale,gradual_bias,0.5,2.0,2,0.0,0.5,0.0,1.0,2022-10-29,2025-10-18
15,full,stale,gradual_bias,0.75,1.0,2,0.0,0.5,0.0,1.0,2022-10-29,2025-10-18
15,full,stale,gradual_bias,0.75,2.0,2,0.0,0.5,0.0,1.0,2022-10-29,2025-10-18
15,full,stale,gradual_bias,1.0,1.0,2,0.0,0.5,0.0,1.0,2022-10-29,2025-10-18
15,full,stale,gradual_bias,1.0,2.0,2,0.0,0.5,0.0,1.0,2022-10-29,2025-10-18
15,score_only,T2,gradual_bias,0.25,1.0,2,0.0,0.0,0.0,0.0,2022-10-29,2025-10-18
15,score_only,T2,gradual_bias,0.25,2.0,2,0.0,0.0,0.0,0.0,2022-10-29,2025-10-18
15,score_only,T2,gradual_bias,0.5,1.0,2,0.0,0.0,0.0,0.0,2022-10-29,2025-10-18
15,score_only,T2,gradual_bias,0.5,2.0,2,0.0,0.0,0.0,0.0,2022-10-29,2025-10-18
15,score_only,T2,gradual_bias,0.75,1.0,2,0.0,0.0,0.0,0.0,2022-10-29,2025-10-18
15,score_only,T2,gradual_bias,0.75,2.0,2,0.0,0.0,0.0,0.0,2022-10-29,2025-10-18
15,score_only,T2,gradual_bias,1.0,1.0,2,0.0,0.0,0.0,0.0,2022-10-29,2025-10-18
15,score_only,T2,gradual_bias,1.0,2.0,2,0.0,0.0,0.0,0.0,2022-10-29,2025-10-18
15,score_only,coh_resid_energy,gradual_bias,0.25,1.0,2,0.5,0.5,0.0,0.0,2022-10-29,2025-10-18
15,score_only,coh_resid_energy,gradual_bias,0.25,2.0,2,0.0,0.0,0.0,0.0,2022-10-29,2025-10-18
15,score_only,coh_resid_energy,gradual_bias,0.5,1.0,2,0.5,0.5,0.0,0.0,2022-10-29,2025-10-18
15,score_only,coh_resid_energy,gradual_bias,0.5,2.0,2,0.0,0.0,0.0,0.0,2022-10-29,2025-10-18
15,score_only,coh_resid_energy,gradual_bias,0.75,1.0,2,0.5,0.5,0.0,0.0,2022-10-29,2025-10-18
15,score_only,coh_resid_energy,gradual_bias,0.75,2.0,2,0.0,0.0,0.0,0.0,2022-10-29,2025-10-18
15,score_only,coh_resid_energy,gradual_bias,1.0,1.0,2,0.5,0.5,0.0,0.0,2022-10-29,2025-10-18
15,score_only,coh_resid_energy,gradual_bias,1.0,2.0,2,0.0,0.0,0.0,0.0,2022-10-29,2025-10-18
15,score_only,coh_resid_t2,gradual_bias,0.25,1.0,2,0.0,0.0,0.0,0.0,2022-10-29,2025-10-18
15,score_only,coh_resid_t2,gradual_bias,0.25,2.0,2,0.0,0.0,0.0,0.0,2022-10-29,2025-10-18
15,score_only,coh_resid_t2,gradual_bias,0.5,1.0,2,0.0,0.0,0.0,0.0,2022-10-29,2025-10-18
15,score_only,coh_resid_t2,gradual_bias,0.5,2.0,2,0.0,0.0,0.0,0.0,2022-10-29,2025-10-18
15,score_only,coh_resid_t2,gradual_bias,0.75,1.0,2,0.0,0.0,0.0,0.0,2022-10-29,2025-10-18
15,score_only,coh_resid_t2,gradual_bias,0.75,2.0,2,0.0,0.0,0.0,0.0,2022-10-29,2025-10-18
15,score_only,coh_resid_t2,gradual_bias,1.0,1.0,2,0.0,0.0,0.0,0.0,2022-10-29,2025-10-18
15,score_only,coh_resid_t2,gradual_bias,1.0,2.0,2,0.0,0.0,0.0,0.0,2022-10-29,2025-10-18
15,score_only,cusum_coh_resid_t2,gradual_bias,0.25,1.0,2,0.0,0.5,1.0,0.0,2022-10-29,2025-10-18
15,score_only,cusum_coh_resid_t2,gradual_bias,0.25,2.0,2,0.0,0.0,0.0,0.0,2022-10-29,2025-10-18
15,score_only,cusum_coh_resid_t2,gradual_bias,0.5,1.0,2,0.0,0.5,1.0,0.0,2022-10-29,2025-10-18
15,score_only,cusum_coh_resid_t2,gradual_bias,0.5,2.0,2,0.0,0.0,0.0,0.0,2022-10-29,2025-10-18
15,score_only,cusum_coh_resid_t2,gradual_bias,0.75,1.0,2,0.0,0.5,1.0,0.0,2022-10-29,2025-10-18
15,score_only,cusum_coh_resid_t2,gradual_bias,0.75,2.0,2,0.0,0.0,0.0,0.0,2022-10-29,2025-10-18
15,score_only,cusum_coh_resid_t2,gradual_bias,1.0,1.0,2,0.0,0.5,1.0,0.0,2022-10-29,2025-10-18
15,score_only,cusum_coh_resid_t2,gradual_bias,1.0,2.0,2,0.0,0.0,0.0,0.0,2022-10-29,2025-10-18
15,score_only,cusum_factor_cov_lrt,gradual_bias,0.25,1.0,2,0.0,0.0,0.0,0.0,2022-10-29,2025-10-18
15,score_only,cusum_factor_cov_lrt,gradual_bias,0.25,2.0,2,0.0,0.0,0.0,0.0,2022-10-29,2025-10-18
15,score_only,cusum_factor_cov_lrt,gradual_bias,0.5,1.0,2,0.0,0.0,0.0,0.0,2022-10-29,2025-10-18
15,score_only,cusum_factor_cov_lrt,gradual_bias,0.5,2.0,2,0.0,0.0,0.0,0.0,2022-10-29,2025-10-18
15,score_only,cusum_factor_cov_lrt,gradual_bias,0.75,1.0,2,0.0,0.0,0.0,0.0,2022-10-29,2025-10-18
15,score_only,cusum_factor_cov_lrt,gradual_bias,0.75,2.0,2,0.0,0.0,0.0,0.0,2022-10-29,2025-10-18
15,score_only,cusum_factor_cov_lrt,gradual_bias,1.0,1.0,2,0.0,0.0,0.0,0.0,2022-10-29,2025-10-18
15,score_only,cusum_factor_cov_lrt,gradual_bias,1.0,2.0,2,0.0,0.0,0.0,0.0,2022-10-29,2025-10-18
15,score_only,ewma_coh_resid_t2,gradual_bias,0.25,1.0,2,0.0,0.0,0.0,0.0,2022-10-29,2025-10-18
15,score_only,ewma_coh_resid_t2,gradual_bias,0.25,2.0,2,0.0,0.0,0.0,0.0,2022-10-29,2025-10-18
15,score_only,ewma_coh_resid_t2,gradual_bias,0.5,1.0,2,0.0,0.0,0.0,0.0,2022-10-29,2025-10-18
15,score_only,ewma_coh_resid_t2,gradual_bias,0.5,2.0,2,0.0,0.0,0.0,0.0,2022-10-29,2025-10-18
15,score_only,ewma_coh_resid_t2,gradual_bias,0.75,1.0,2,0.0,0.0,0.0,0.0,2022-10-29,2025-10-18
15,score_only,ewma_coh_resid_t2,gradual_bias,0.75,2.0,2,0.0,0.0,0.0,0.0,2022-10-29,2025-10-18
15,score_only,ewma_coh_resid_t2,gradual_bias,1.0,1.0,2,0.0,0.0,0.0,0.0,2022-10-29,2025-10-18
15,score_only,ewma_coh_resid_t2,gradual_bias,1.0,2.0,2,0.0,0.0,0.0,0.0,2022-10-29,2025-10-18
15,score_only,ewma_factor_cov_lrt,gradual_bias,0.25,1.0,2,0.5,0.5,0.0,0.0,2022-10-29,2025-10-18
15,score_only,ewma_factor_cov_lrt,gradual_bias,0.25,2.0,2,0.0,0.0,0.0,0.0,2022-10-29,2025-10-18
15,score_only,ewma_factor_cov_lrt,gradual_bias,0.5,1.0,2,0.5,0.5,0.0,0.0,2022-10-29,2025-10-18
15,score_only,ewma_factor_cov_lrt,gradual_bias,0.5,2.0,2,0.0,0.0,0.0,0.0,2022-10-29,2025-10-18
15,score_only,ewma_factor_cov_lrt,gradual_bias,0.75,1.0,2,0.5,0.5,0.0,0.0,2022-10-29,2025-10-18
15,score_only,ewma_factor_cov_lrt,gradual_bias,0.75,2.0,2,0.0,0.0,0.0,0.0,2022-10-29,2025-10-18
15,score_only,ewma_factor_cov_lrt,gradual_bias,1.0,1.0,2,0.5,0.5,0.0,0.0,2022-10-29,2025-10-18
15,score_only,ewma_factor_cov_lrt,gradual_bias,1.0,2.0,2,0.0,0.0,0.0,0.0,2022-10-29,2025-10-18
15,score_only,factor_cov_change,gradual_bias,0.25,1.0,2,0.0,0.0,0.0,0.0,2022-10-29,2025-10-18
15,score_only,factor_cov_change,gradual_bias,0.25,2.0,2,0.5,0.5,0.0,0.0,2022-10-29,2025-10-18
15,score_only,factor_cov_change,gradual_bias,0.5,1.0,2,0.0,0.0,0.0,0.0,2022-10-29,2025-10-18
15,score_only,factor_cov_change,gradual_bias,0.5,2.0,2,0.5,0.5,0.0,0.0,2022-10-29,2025-10-18
15,score_only,factor_cov_change,gradual_bias,0.75,1.0,2,0.0,0.0,0.0,0.0,2022-10-29,2025-10-18
15,score_only,factor_cov_change,gradual_bias,0.75,2.0,2,0.5,0.5,0.0,0.0,2022-10-29,2025-10-18
15,score_only,factor_cov_change,gradual_bias,1.0,1.0,2,0.0,0.0,0.0,0.0,2022-10-29,2025-10-18
15,score_only,factor_cov_change,gradual_bias,1.0,2.0,2,0.5,0.5,0.0,0.0,2022-10-29,2025-10-18
15,score_only,factor_cov_delta,gradual_bias,0.25,1.0,2,0.0,0.0,0.0,0.0,2022-10-29,2025-10-18
15,score_only,factor_cov_delta,gradual_bias,0.25,2.0,2,0.0,0.0,0.0,0.0,2022-10-29,2025-10-18
15,score_only,factor_cov_delta,gradual_bias,0.5,1.0,2,0.0,0.0,0.0,0.0,2022-10-29,2025-10-18
15,score_only,factor_cov_delta,gradual_bias,0.5,2.0,2,0.0,0.0,0.0,0.0,2022-10-29,2025-10-18
15,score_only,factor_cov_delta,gradual_bias,0.75,1.0,2,0.0,0.0,0.0,0.0,2022-10-29,2025-10-18
15,score_only,factor_cov_delta,gradual_bias,0.75,2.0,2,0.0,0.0,0.0,0.0,2022-10-29,2025-10-18
15,score_only,factor_cov_delta,gradual_bias,1.0,1.0,2,0.0,0.0,0.0,0.0,2022-10-29,2025-10-18
15,score_only,factor_cov_delta,gradual_bias,1.0,2.0,2,0.0,0.0,0.0,0.0,2022-10-29,2025-10-18
15,score_only,factor_cov_lrt,gradual_bias,0.25,1.0,2,0.0,0.0,0.0,0.0,2022-10-29,2025-10-18
15,score_only,factor_cov_lrt,gradual_bias,0.25,2.0,2,0.0,0.0,0.0,0.0,2022-10-29,2025-10-18
15,score_only,factor_cov_lrt,gradual_bias,0.5,1.0,2,0.0,0.0,0.0,0.0,2022-10-29,2025-10-18
15,score_only,factor_cov_lrt,gradual_bias,0.5,2.0,2,0.0,0.0,0.0,0.0,2022-10-29,2025-10-18
15,score_only,factor_cov_lrt,gradual_bias,0.75,1.0,2,0.0,0.0,0.0,0.0,2022-10-29,2025-10-18
15,score_only,factor_cov_lrt,gradual_bias,0.75,2.0,2,0.0,0.0,0.0,0.0,2022-10-29,2025-10-18
15,score_only,factor_cov_lrt,gradual_bias,1.0,1.0,2,0.0,0.0,0.0,0.0,2022-10-29,2025-10-18
15,score_only,factor_cov_lrt,gradual_bias,1.0,2.0,2,0.0,0.0,0.0,0.0,2022-10-29,2025-10-18
15,score_only,factor_cov_lrt_delta,gradual_bias,0.25,1.0,2,0.0,0.0,0.0,0.0,2022-10-29,2025-10-18
15,score_only,factor_cov_lrt_delta,gradual_bias,0.25,2.0,2,0.5,0.5,0.0,0.0,2022-10-29,2025-10-18
15,score_only,factor_cov_lrt_delta,gradual_bias,0.5,1.0,2,0.0,0.0,0.0,0.0,2022-10-29,2025-10-18
15,score_only,factor_cov_lrt_delta,gradual_bias,0.5,2.0,2,0.5,0.5,0.0,0.0,2022-10-29,2025-10-18
15,score_only,factor_cov_lrt_delta,gradual_bias,0.75,1.0,2,0.0,0.0,0.0,0.0,2022-10-29,2025-10-18
15,score_only,factor_cov_lrt_delta,gradual_bias,0.75,2.0,2,0.5,0.5,0.0,0.0,2022-10-29,2025-10-18
15,score_only,factor_cov_lrt_delta,gradual_bias,1.0,1.0,2,0.0,0.0,0.0,0.0,2022-10-29,2025-10-18
15,score_only,factor_cov_lrt_delta,gradual_bias,1.0,2.0,2,0.5,0.5,0.0,0.0,2022-10-29,2025-10-18
15,score_only,fused_fisher,gradual_bias,0.25,1.0,2,0.0,0.0,0.0,0.0,2022-10-29,2025-10-18
15,score_only,fused_fisher,gradual_bias,0.25,2.0,2,0.0,0.0,0.0,0.0,2022-10-29,2025-10-18
15,score_only,fused_fisher,gradual_bias,0.5,1.0,2,0.0,0.0,0.0,0.0,2022-10-29,2025-10-18
15,score_only,fused_fisher,gradual_bias,0.5,2.0,2,0.0,0.0,0.0,0.0,2022-10-29,2025-10-18
15,score_only,fused_fisher,gradual_bias,0.75,1.0,2,0.0,0.0,0.0,0.0,2022-10-29,2025-10-18
15,score_only,fused_fisher,gradual_bias,0.75,2.0,2,0.0,0.0,0.0,0.0,2022-10-29,2025-10-18
15,score_only,fused_fisher,gradual_bias,1.0,1.0,2,0.0,0.0,0.0,0.0,2022-10-29,2025-10-18
15,score_only,fused_fisher,gradual_bias,1.0,2.0,2,0.0,0.0,0.0,0.0,2022-10-29,2025-10-18
15,score_only,fused_fisher_lrt_delta,gradual_bias,0.25,1.0,2,0.0,0.0,0.0,0.0,2022-10-29,2025-10-18
15,score_only,fused_fisher_lrt_delta,gradual_bias,0.25,2.0,2,0.5,0.5,0.0,0.0,2022-10-29,2025-10-18
15,score_only,fused_fisher_lrt_delta,gradual_bias,0.5,1.0,2,0.0,0.0,0.0,0.0,2022-10-29,2025-10-18
15,score_only,fused_fisher_lrt_delta,gradual_bias,0.5,2.0,2,0.5,0.5,0.0,0.0,2022-10-29,2025-10-18
15,score_only,fused_fisher_lrt_delta,gradual_bias,0.75,1.0,2,0.0,0.0,0.0,0.0,2022-10-29,2025-10-18
15,score_only,fused_fisher_lrt_delta,gradual_bias,0.75,2.0,2,0.5,0.5,0.0,0.0,2022-10-29,2025-10-18
15,score_only,fused_fisher_lrt_delta,gradual_bias,1.0,1.0,2,0.0,0.0,0.0,0.0,2022-10-29,2025-10-18
15,score_only,fused_fisher_lrt_delta,gradual_bias,1.0,2.0,2,0.5,0.5,0.0,0.0,2022-10-29,2025-10-18
15,score_only,fused_sp,gradual_bias,0.25,1.0,2,0.0,0.0,0.0,0.0,2022-10-29,2025-10-18
15,score_only,fused_sp,gradual_bias,0.25,2.0,2,0.5,0.5,0.0,0.0,2022-10-29,2025-10-18
15,score_only,fused_sp,gradual_bias,0.5,1.0,2,0.0,0.0,0.0,0.0,2022-10-29,2025-10-18
15,score_only,fused_sp,gradual_bias,0.5,2.0,2,0.5,0.5,0.0,0.0,2022-10-29,2025-10-18
15,score_only,fused_sp,gradual_bias,0.75,1.0,2,0.0,0.0,0.0,0.0,2022-10-29,2025-10-18
15,score_only,fused_sp,gradual_bias,0.75,2.0,2,0.5,0.5,0.0,0.0,2022-10-29,2025-10-18
15,score_only,fused_sp,gradual_bias,1.0,1.0,2,0.0,0.0,0.0,0.0,2022-10-29,2025-10-18
15,score_only,fused_sp,gradual_bias,1.0,2.0,2,0.5,0.5,0.0,0.0,2022-10-29,2025-10-18
15,score_only,fused_sp_lrt_delta,gradual_bias,0.25,1.0,2,0.0,0.0,0.0,0.0,2022-10-29,2025-10-18
15,score_only,fused_sp_lrt_delta,gradual_bias,0.25,2.0,2,0.5,0.5,0.0,0.0,2022-10-29,2025-10-18
15,score_only,fused_sp_lrt_delta,gradual_bias,0.5,1.0,2,0.0,0.0,0.0,0.0,2022-10-29,2025-10-18
15,score_only,fused_sp_lrt_delta,gradual_bias,0.5,2.0,2,0.5,0.5,0.0,0.0,2022-10-29,2025-10-18
15,score_only,fused_sp_lrt_delta,gradual_bias,0.75,1.0,2,0.0,0.0,0.0,0.0,2022-10-29,2025-10-18
15,score_only,fused_sp_lrt_delta,gradual_bias,0.75,2.0,2,0.5,0.5,0.0,0.0,2022-10-29,2025-10-18
15,score_only,fused_sp_lrt_delta,gradual_bias,1.0,1.0,2,0.0,0.0,0.0,0.0,2022-10-29,2025-10-18
15,score_only,fused_sp_lrt_delta,gradual_bias,1.0,2.0,2,0.5,0.5,0.0,0.0,2022-10-29,2025-10-18
15,score_only,max_abs,gradual_bias,0.25,1.0,2,0.0,0.0,0.0,0.0,2022-10-29,2025-10-18
15,score_only,max_abs,gradual_bias,0.25,2.0,2,0.0,0.0,0.0,0.0,2022-10-29,2025-10-18
15,score_only,max_abs,gradual_bias,0.5,1.0,2,0.0,0.0,0.0,0.0,2022-10-29,2025-10-18
15,score_only,max_abs,gradual_bias,0.5,2.0,2,0.0,0.0,0.0,0.0,2022-10-29,2025-10-18
15,score_only,max_abs,gradual_bias,0.75,1.0,2,0.0,0.0,0.0,0.0,2022-10-29,2025-10-18
15,score_only,max_abs,gradual_bias,0.75,2.0,2,0.0,0.0,0.0,0.0,2022-10-29,2025-10-18
15,score_only,max_abs,gradual_bias,1.0,1.0,2,0.0,0.0,0.0,0.0,2022-10-29,2025-10-18
15,score_only,max_abs,gradual_bias,1.0,2.0,2,0.0,0.0,0.0,0.0,2022-10-29,2025-10-18
15,score_only,pc_t2,gradual_bias,0.25,1.0,2,0.0,0.0,0.0,0.0,2022-10-29,2025-10-18
15,score_only,pc_t2,gradual_bias,0.25,2.0,2,0.0,0.0,0.0,0.0,2022-10-29,2025-10-18
15,score_only,pc_t2,gradual_bias,0.5,1.0,2,0.0,0.0,0.0,0.0,2022-10-29,2025-10-18
15,score_only,pc_t2,gradual_bias,0.5,2.0,2,0.0,0.0,0.0,0.0,2022-10-29,2025-10-18
15,score_only,pc_t2,gradual_bias,0.75,1.0,2,0.0,0.0,0.0,0.0,2022-10-29,2025-10-18
15,score_only,pc_t2,gradual_bias,0.75,2.0,2,0.0,0.0,0.0,0.0,2022-10-29,2025-10-18
15,score_only,pc_t2,gradual_bias,1.0,1.0,2,0.0,0.0,0.0,0.0,2022-10-29,2025-10-18
15,score_only,pc_t2,gradual_bias,1.0,2.0,2,0.0,0.0,0.0,0.0,2022-10-29,2025-10-18
15,score_only,res_energy,gradual_bias,0.25,1.0,2,0.0,0.0,0.0,0.0,2022-10-29,2025-10-18
15,score_only,res_energy,gradual_bias,0.25,2.0,2,0.0,0.0,0.0,0.0,2022-10-29,2025-10-18
15,score_only,res_energy,gradual_bias,0.5,1.0,2,0.0,0.0,0.0,0.0,2022-10-29,2025-10-18
15,score_only,res_energy,gradual_bias,0.5,2.0,2,0.0,0.0,0.0,0.0,2022-10-29,2025-10-18
15,score_only,res_energy,gradual_bias,0.75,1.0,2,0.0,0.0,0.0,0.0,2022-10-29,2025-10-18
15,score_only,res_energy,gradual_bias,0.75,2.0,2,0.0,0.0,0.0,0.0,2022-10-29,2025-10-18
15,score_only,res_energy,gradual_bias,1.0,1.0,2,0.0,0.0,0.0,0.0,2022-10-29,2025-10-18
15,score_only,res_energy,gradual_bias,1.0,2.0,2,0.0,0.0,0.0,0.0,2022-10-29,2025-10-18
15,score_only,stale,gradual_bias,0.25,1.0,2,0.0,0.5,0.0,1.0,2022-10-29,2025-10-18
15,score_only,stale,gradual_bias,0.25,2.0,2,0.0,0.5,0.0,1.0,2022-10-29,2025-10-18
15,score_only,stale,gradual_bias,0.5,1.0,2,0.0,0.5,0.0,1.0,2022-10-29,2025-10-18
15,score_only,stale,gradual_bias,0.5,2.0,2,0.0,0.5,0.0,1.0,2022-10-29,2025-10-18
15,score_only,stale,gradual_bias,0.75,1.0,2,0.0,0.5,0.0,1.0,2022-10-29,2025-10-18
15,score_only,stale,gradual_bias,0.75,2.0,2,0.0,0.5,0.0,1.0,2022-10-29,2025-10-18
15,score_only,stale,gradual_bias,1.0,1.0,2,0.0,0.5,0.0,1.0,2022-10-29,2025-10-18
15,score_only,stale,gradual_bias,1.0,2.0,2,0.0,0.5,0.0,1.0,2022-10-29,2025-10-18
16,all_only,T2,gradual_bias,0.25,1.0,2,0.0,0.0,0.0,0.0,2023-10-28,2026-10-17
16,all_only,T2,gradual_bias,0.25,2.0,2,0.0,0.0,0.0,0.0,2023-10-28,2026-10-17
16,all_only,T2,gradual_bias,0.5,1.0,2,0.0,0.0,0.0,0.0,2023-10-28,2026-10-17
16,all_only,T2,gradual_bias,0.5,2.0,2,0.0,0.0,0.0,0.0,2023-10-28,2026-10-17
16,all_only,T2,gradual_bias,0.75,1.0,2,0.0,0.0,0.0,0.0,2023-10-28,2026-10-17
16,all_only,T2,gradual_bias,0.75,2.0,2,0.0,0.0,0.0,0.0,2023-10-28,2026-10-17
16,all_only,T2,gradual_bias,1.0,1.0,2,0.0,0.0,0.0,0.0,2023-10-28,2026-10-17
16,all_only,T2,gradual_bias,1.0,2.0,2,0.0,0.0,0.0,0.0,2023-10-28,2026-10-17
16,all_only,cusum_factor_cov_lrt,gradual_bias,0.25,1.0,2,0.0,1.0,1.0,0.0,2023-10-28,2026-10-17
16,all_only,cusum_factor_cov_lrt,gradual_bias,0.25,2.0,2,0.0,0.0,0.0,0.0,2023-10-28,2026-10-17
16,all_only,cusum_factor_cov_lrt,gradual_bias,0.5,1.0,2,0.0,1.0,1.0,0.0,2023-10-28,2026-10-17
16,all_only,cusum_factor_cov_lrt,gradual_bias,0.5,2.0,2,0.0,0.0,0.0,0.0,2023-10-28,2026-10-17
16,all_only,cusum_factor_cov_lrt,gradual_bias,0.75,1.0,2,0.0,1.0,1.0,0.0,2023-10-28,2026-10-17
16,all_only,cusum_factor_cov_lrt,gradual_bias,0.75,2.0,2,0.0,0.0,0.0,0.0,2023-10-28,2026-10-17
16,all_only,cusum_factor_cov_lrt,gradual_bias,1.0,1.0,2,0.0,1.0,1.0,0.0,2023-10-28,2026-10-17
16,all_only,cusum_factor_cov_lrt,gradual_bias,1.0,2.0,2,0.0,0.0,0.0,0.0,2023-10-28,2026-10-17
16,all_only,ewma_factor_cov_lrt,gradual_bias,0.25,1.0,2,0.0,0.0,0.0,0.0,2023-10-28,2026-10-17
16,all_only,ewma_factor_cov_lrt,gradual_bias,0.25,2.0,2,0.0,0.0,0.0,0.0,2023-10-28,2026-10-17
16,all_only,ewma_factor_cov_lrt,gradual_bias,0.5,1.0,2,0.0,0.0,0.0,0.0,2023-10-28,2026-10-17
16,all_only,ewma_factor_cov_lrt,gradual_bias,0.5,2.0,2,0.0,0.0,0.0,0.0,2023-10-28,2026-10-17
16,all_only,ewma_factor_cov_lrt,gradual_bias,0.75,1.0,2,0.0,0.0,0.0,0.0,2023-10-28,2026-10-17
16,all_only,ewma_factor_cov_lrt,gradual_bias,0.75,2.0,2,0.0,0.0,0.0,0.0,2023-10-28,2026-10-17
16,all_only,ewma_factor_cov_lrt,gradual_bias,1.0,1.0,2,0.0,0.0,0.0,0.0,2023-10-28,2026-10-17
16,all_only,ewma_factor_cov_lrt,gradual_bias,1.0,2.0,2,0.0,0.0,0.0,0.0,2023-10-28,2026-10-17
16,all_only,factor_cov_change,gradual_bias,0.25,1.0,2,0.5,0.5,0.0,0.0,2023-10-28,2026-10-17
16,all_only,factor_cov_change,gradual_bias,0.25,2.0,2,0.0,0.0,0.0,1.0,2023-10-28,2026-10-17
16,all_only,factor_cov_change,gradual_bias,0.5,1.0,2,0.5,0.5,0.0,0.0,2023-10-28,2026-10-17
16,all_only,factor_cov_change,gradual_bias,0.5,2.0,2,0.0,0.0,0.0,1.0,2023-10-28,2026-10-17
16,all_only,factor_cov_change,gradual_bias,0.75,1.0,2,0.5,0.5,0.0,0.0,2023-10-28,2026-10-17
16,all_only,factor_cov_change,gradual_bias,0.75,2.0,2,0.0,0.0,0.0,1.0,2023-10-28,2026-10-17
16,all_only,factor_cov_change,gradual_bias,1.0,1.0,2,0.5,0.5,0.0,0.0,2023-10-28,2026-10-17
16,all_only,factor_cov_change,gradual_bias,1.0,2.0,2,0.0,0.0,0.0,1.0,2023-10-28,2026-10-17
16,all_only,factor_cov_delta,gradual_bias,0.25,1.0,2,0.0,0.0,0.0,0.0,2023-10-28,2026-10-17
16,all_only,factor_cov_delta,gradual_bias,0.25,2.0,2,0.0,0.0,0.0,0.0,2023-10-28,2026-10-17
16,all_only,factor_cov_delta,gradual_bias,0.5,1.0,2,0.0,0.0,0.0,0.0,2023-10-28,2026-10-17
16,all_only,factor_cov_delta,gradual_bias,0.5,2.0,2,0.0,0.0,0.0,0.0,2023-10-28,2026-10-17
16,all_only,factor_cov_delta,gradual_bias,0.75,1.0,2,0.0,0.0,0.0,0.0,2023-10-28,2026-10-17
16,all_only,factor_cov_delta,gradual_bias,0.75,2.0,2,0.0,0.0,0.0,0.0,2023-10-28,2026-10-17
16,all_only,factor_cov_delta,gradual_bias,1.0,1.0,2,0.0,0.0,0.0,0.0,2023-10-28,2026-10-17
16,all_only,factor_cov_delta,gradual_bias,1.0,2.0,2,0.0,0.0,0.0,0.0,2023-10-28,2026-10-17
16,all_only,factor_cov_lrt,gradual_bias,0.25,1.0,2,0.0,0.0,0.0,0.0,2023-10-28,2026-10-17
16,all_only,factor_cov_lrt,gradual_bias,0.25,2.0,2,0.0,0.0,0.0,0.0,2023-10-28,2026-10-17
16,all_only,factor_cov_lrt,gradual_bias,0.5,1.0,2,0.0,0.0,0.0,0.0,2023-10-28,2026-10-17
16,all_only,factor_cov_lrt,gradual_bias,0.5,2.0,2,0.0,0.0,0.0,0.0,2023-10-28,2026-10-17
16,all_only,factor_cov_lrt,gradual_bias,0.75,1.0,2,0.0,0.0,0.0,0.0,2023-10-28,2026-10-17
16,all_only,factor_cov_lrt,gradual_bias,0.75,2.0,2,0.0,0.0,0.0,0.0,2023-10-28,2026-10-17
16,all_only,factor_cov_lrt,gradual_bias,1.0,1.0,2,0.0,0.0,0.0,0.0,2023-10-28,2026-10-17
16,all_only,factor_cov_lrt,gradual_bias,1.0,2.0,2,0.0,0.0,0.0,0.0,2023-10-28,2026-10-17
16,all_only,factor_cov_lrt_delta,gradual_bias,0.25,1.0,2,0.0,0.0,0.0,0.0,2023-10-28,2026-10-17
16,all_only,factor_cov_lrt_delta,gradual_bias,0.25,2.0,2,0.0,0.0,0.0,0.0,2023-10-28,2026-10-17
16,all_only,factor_cov_lrt_delta,gradual_bias,0.5,1.0,2,0.0,0.0,0.0,0.0,2023-10-28,2026-10-17
16,all_only,factor_cov_lrt_delta,gradual_bias,0.5,2.0,2,0.0,0.0,0.0,0.0,2023-10-28,2026-10-17
16,all_only,factor_cov_lrt_delta,gradual_bias,0.75,1.0,2,0.0,0.0,0.0,0.0,2023-10-28,2026-10-17
16,all_only,factor_cov_lrt_delta,gradual_bias,0.75,2.0,2,0.0,0.0,0.0,0.0,2023-10-28,2026-10-17
16,all_only,factor_cov_lrt_delta,gradual_bias,1.0,1.0,2,0.0,0.0,0.0,0.0,2023-10-28,2026-10-17
16,all_only,factor_cov_lrt_delta,gradual_bias,1.0,2.0,2,0.0,0.0,0.0,0.0,2023-10-28,2026-10-17
16,all_only,fused_fisher,gradual_bias,0.25,1.0,2,0.0,0.0,0.0,0.0,2023-10-28,2026-10-17
16,all_only,fused_fisher,gradual_bias,0.25,2.0,2,0.0,0.0,0.0,0.0,2023-10-28,2026-10-17
16,all_only,fused_fisher,gradual_bias,0.5,1.0,2,0.0,0.0,0.0,0.0,2023-10-28,2026-10-17
16,all_only,fused_fisher,gradual_bias,0.5,2.0,2,0.0,0.0,0.0,0.0,2023-10-28,2026-10-17
16,all_only,fused_fisher,gradual_bias,0.75,1.0,2,0.0,0.0,0.0,0.0,2023-10-28,2026-10-17
16,all_only,fused_fisher,gradual_bias,0.75,2.0,2,0.0,0.0,0.0,0.0,2023-10-28,2026-10-17
16,all_only,fused_fisher,gradual_bias,1.0,1.0,2,0.0,0.0,0.0,0.0,2023-10-28,2026-10-17
16,all_only,fused_fisher,gradual_bias,1.0,2.0,2,0.0,0.0,0.0,0.0,2023-10-28,2026-10-17
16,all_only,fused_fisher_lrt_delta,gradual_bias,0.25,1.0,2,0.0,0.0,0.0,0.0,2023-10-28,2026-10-17
16,all_only,fused_fisher_lrt_delta,gradual_bias,0.25,2.0,2,0.0,0.0,0.0,0.0,2023-10-28,2026-10-17
16,all_only,fused_fisher_lrt_delta,gradual_bias,0.5,1.0,2,0.0,0.0,0.0,0.0,2023-10-28,2026-10-17
16,all_only,fused_fisher_lrt_delta,gradual_bias,0.5,2.0,2,0.0,0.0,0.0,0.0,2023-10-28,2026-10-17
16,all_only,fused_fisher_lrt_delta,gradual_bias,0.75,1.0,2,0.0,0.0,0.0,0.0,2023-10-28,2026-10-17
16,all_only,fused_fisher_lrt_delta,gradual_bias,0.75,2.0,2,0.0,0.0,0.0,0.0,2023-10-28,2026-10-17
16,all_only,fused_fisher_lrt_delta,gradual_bias,1.0,1.0,2,0.0,0.0,0.0,0.0,2023-10-28,2026-10-17
16,all_only,fused_fisher_lrt_delta,gradual_bias,1.0,2.0,2,0.0,0.0,0.0,0.0,2023-10-28,2026-10-17
16,all_only,fused_sp,gradual_bias,0.25,1.0,2,0.0,0.0,0.0,0.0,2023-10-28,2026-10-17
16,all_only,fused_sp,gradual_bias,0.25,2.0,2,0.0,0.0,0.0,0.0,2023-10-28,2026-10-17
16,all_only,fused_sp,gradual_bias,0.5,1.0,2,0.0,0.0,0.0,0.0,2023-10-28,2026-10-17
16,all_only,fused_sp,gradual_bias,0.5,2.0,2,0.0,0.0,0.0,0.0,2023-10-28,2026-10-17
16,all_only,fused_sp,gradual_bias,0.75,1.0,2,0.0,0.0,0.0,0.0,2023-10-28,2026-10-17
16,all_only,fused_sp,gradual_bias,0.75,2.0,2,0.0,0.0,0.0,0.0,2023-10-28,2026-10-17
16,all_only,fused_sp,gradual_bias,1.0,1.0,2,0.0,0.0,0.0,0.0,2023-10-28,2026-10-17
16,all_only,fused_sp,gradual_bias,1.0,2.0,2,0.0,0.0,0.0,0.0,2023-10-28,2026-10-17
16,all_only,fused_sp_lrt_delta,gradual_bias,0.25,1.0,2,0.0,0.0,0.0,0.0,2023-10-28,2026-10-17
16,all_only,fused_sp_lrt_delta,gradual_bias,0.25,2.0,2,1.0,1.0,0.0,0.0,2023-10-28,2026-10-17
16,all_only,fused_sp_lrt_delta,gradual_bias,0.5,1.0,2,0.0,0.0,0.0,0.0,2023-10-28,2026-10-17
16,all_only,fused_sp_lrt_delta,gradual_bias,0.5,2.0,2,1.0,1.0,0.0,0.0,2023-10-28,2026-10-17
16,all_only,fused_sp_lrt_delta,gradual_bias,0.75,1.0,2,0.0,0.0,0.0,0.0,2023-10-28,2026-10-17
16,all_only,fused_sp_lrt_delta,gradual_bias,0.75,2.0,2,1.0,1.0,0.0,0.0,2023-10-28,2026-10-17
16,all_only,fused_sp_lrt_delta,gradual_bias,1.0,1.0,2,0.0,0.0,0.0,0.0,2023-10-28,2026-10-17
16,all_only,fused_sp_lrt_delta,gradual_bias,1.0,2.0,2,1.0,1.0,0.0,0.0,2023-10-28,2026-10-17
16,all_only,max_abs,gradual_bias,0.25,1.0,2,0.0,0.0,0.0,0.0,2023-10-28,2026-10-17
16,all_only,max_abs,gradual_bias,0.25,2.0,2,0.0,0.0,0.0,0.0,2023-10-28,2026-10-17
16,all_only,max_abs,gradual_bias,0.5,1.0,2,0.0,0.0,0.0,0.0,2023-10-28,2026-10-17
16,all_only,max_abs,gradual_bias,0.5,2.0,2,0.0,0.0,0.0,0.0,2023-10-28,2026-10-17
16,all_only,max_abs,gradual_bias,0.75,1.0,2,0.0,0.0,0.0,0.0,2023-10-28,2026-10-17
16,all_only,max_abs,gradual_bias,0.75,2.0,2,0.0,0.0,0.0,0.0,2023-10-28,2026-10-17
16,all_only,max_abs,gradual_bias,1.0,1.0,2,0.0,0.0,0.0,0.0,2023-10-28,2026-10-17
16,all_only,max_abs,gradual_bias,1.0,2.0,2,0.0,0.0,0.0,0.0,2023-10-28,2026-10-17
16,all_only,pc_t2,gradual_bias,0.25,1.0,2,0.0,0.0,0.0,0.0,2023-10-28,2026-10-17
16,all_only,pc_t2,gradual_bias,0.25,2.0,2,0.0,0.0,0.0,0.0,2023-10-28,2026-10-17
16,all_only,pc_t2,gradual_bias,0.5,1.0,2,0.0,0.0,0.0,0.0,2023-10-28,2026-10-17
16,all_only,pc_t2,gradual_bias,0.5,2.0,2,0.0,0.0,0.0,0.0,2023-10-28,2026-10-17
16,all_only,pc_t2,gradual_bias,0.75,1.0,2,0.0,0.0,0.0,0.0,2023-10-28,2026-10-17
16,all_only,pc_t2,gradual_bias,0.75,2.0,2,0.0,0.0,0.0,0.0,2023-10-28,2026-10-17
16,all_only,pc_t2,gradual_bias,1.0,1.0,2,0.0,0.0,0.0,0.0,2023-10-28,2026-10-17
16,all_only,pc_t2,gradual_bias,1.0,2.0,2,0.0,0.0,0.0,0.0,2023-10-28,2026-10-17
16,all_only,res_energy,gradual_bias,0.25,1.0,2,0.0,0.0,0.0,0.0,2023-10-28,2026-10-17
16,all_only,res_energy,gradual_bias,0.25,2.0,2,0.0,0.0,0.0,0.0,2023-10-28,2026-10-17
16,all_only,res_energy,gradual_bias,0.5,1.0,2,0.0,0.0,0.0,0.0,2023-10-28,2026-10-17
16,all_only,res_energy,gradual_bias,0.5,2.0,2,0.0,0.0,0.0,0.0,2023-10-28,2026-10-17
16,all_only,res_energy,gradual_bias,0.75,1.0,2,0.0,0.0,0.0,0.0,2023-10-28,2026-10-17
16,all_only,res_energy,gradual_bias,0.75,2.0,2,0.0,0.0,0.0,0.0,2023-10-28,2026-10-17
16,all_only,res_energy,gradual_bias,1.0,1.0,2,0.0,0.0,0.0,0.0,2023-10-28,2026-10-17
16,all_only,res_energy,gradual_bias,1.0,2.0,2,0.0,0.0,0.0,0.0,2023-10-28,2026-10-17
16,all_only,stale,gradual_bias,0.25,1.0,2,0.0,1.0,0.0,1.0,2023-10-28,2026-10-17
16,all_only,stale,gradual_bias,0.25,2.0,2,0.0,1.0,0.0,1.0,2023-10-28,2026-10-17
16,all_only,stale,gradual_bias,0.5,1.0,2,0.0,1.0,0.0,1.0,2023-10-28,2026-10-17
16,all_only,stale,gradual_bias,0.5,2.0,2,0.0,1.0,0.0,1.0,2023-10-28,2026-10-17
16,all_only,stale,gradual_bias,0.75,1.0,2,0.0,1.0,0.0,1.0,2023-10-28,2026-10-17
16,all_only,stale,gradual_bias,0.75,2.0,2,0.0,1.0,0.0,1.0,2023-10-28,2026-10-17
16,all_only,stale,gradual_bias,1.0,1.0,2,0.0,1.0,0.0,1.0,2023-10-28,2026-10-17
16,all_only,stale,gradual_bias,1.0,2.0,2,0.0,1.0,0.0,1.0,2023-10-28,2026-10-17
16,full,T2,gradual_bias,0.25,1.0,2,0.0,0.0,0.0,0.0,2023-10-28,2026-10-17
16,full,T2,gradual_bias,0.25,2.0,2,0.0,0.0,0.0,0.0,2023-10-28,2026-10-17
16,full,T2,gradual_bias,0.5,1.0,2,0.0,0.0,0.0,0.0,2023-10-28,2026-10-17
16,full,T2,gradual_bias,0.5,2.0,2,0.0,0.0,0.0,0.0,2023-10-28,2026-10-17
16,full,T2,gradual_bias,0.75,1.0,2,0.0,0.0,0.0,0.0,2023-10-28,2026-10-17
16,full,T2,gradual_bias,0.75,2.0,2,0.0,0.0,0.0,0.0,2023-10-28,2026-10-17
16,full,T2,gradual_bias,1.0,1.0,2,0.0,0.0,0.0,0.0,2023-10-28,2026-10-17
16,full,T2,gradual_bias,1.0,2.0,2,0.0,0.0,0.0,0.0,2023-10-28,2026-10-17
16,full,cusum_factor_cov_lrt,gradual_bias,0.25,1.0,2,0.0,1.0,1.0,0.0,2023-10-28,2026-10-17
16,full,cusum_factor_cov_lrt,gradual_bias,0.25,2.0,2,0.5,0.5,0.0,0.0,2023-10-28,2026-10-17
16,full,cusum_factor_cov_lrt,gradual_bias,0.5,1.0,2,0.0,1.0,1.0,0.0,2023-10-28,2026-10-17
16,full,cusum_factor_cov_lrt,gradual_bias,0.5,2.0,2,0.5,0.5,0.0,0.0,2023-10-28,2026-10-17
16,full,cusum_factor_cov_lrt,gradual_bias,0.75,1.0,2,0.0,1.0,1.0,0.0,2023-10-28,2026-10-17
16,full,cusum_factor_cov_lrt,gradual_bias,0.75,2.0,2,0.5,0.5,0.0,0.0,2023-10-28,2026-10-17
16,full,cusum_factor_cov_lrt,gradual_bias,1.0,1.0,2,0.0,1.0,1.0,0.0,2023-10-28,2026-10-17
16,full,cusum_factor_cov_lrt,gradual_bias,1.0,2.0,2,0.5,0.5,0.0,0.0,2023-10-28,2026-10-17
16,full,ewma_factor_cov_lrt,gradual_bias,0.25,1.0,2,0.0,0.0,0.0,0.0,2023-10-28,2026-10-17
16,full,ewma_factor_cov_lrt,gradual_bias,0.25,2.0,2,0.0,0.0,0.0,0.0,2023-10-28,2026-10-17
16,full,ewma_factor_cov_lrt,gradual_bias,0.5,1.0,2,0.0,0.0,0.0,0.0,2023-10-28,2026-10-17
16,full,ewma_factor_cov_lrt,gradual_bias,0.5,2.0,2,0.0,0.0,0.0,0.0,2023-10-28,2026-10-17
16,full,ewma_factor_cov_lrt,gradual_bias,0.75,1.0,2,0.0,0.0,0.0,0.0,2023-10-28,2026-10-17
16,full,ewma_factor_cov_lrt,gradual_bias,0.75,2.0,2,0.0,0.0,0.0,0.0,2023-10-28,2026-10-17
16,full,ewma_factor_cov_lrt,gradual_bias,1.0,1.0,2,0.0,0.0,0.0,0.0,2023-10-28,2026-10-17
16,full,ewma_factor_cov_lrt,gradual_bias,1.0,2.0,2,0.0,0.0,0.0,0.0,2023-10-28,2026-10-17
16,full,factor_cov_change,gradual_bias,0.25,1.0,2,0.0,0.0,0.0,0.0,2023-10-28,2026-10-17
16,full,factor_cov_change,gradual_bias,0.25,2.0,2,1.0,1.0,0.0,0.0,2023-10-28,2026-10-17
16,full,factor_cov_change,gradual_bias,0.5,1.0,2,0.0,0.0,0.0,0.0,2023-10-28,2026-10-17
16,full,factor_cov_change,gradual_bias,0.5,2.0,2,1.0,1.0,0.0,0.0,2023-10-28,2026-10-17
16,full,factor_cov_change,gradual_bias,0.75,1.0,2,0.0,0.0,0.0,0.0,2023-10-28,2026-10-17
16,full,factor_cov_change,gradual_bias,0.75,2.0,2,1.0,1.0,0.0,0.0,2023-10-28,2026-10-17
16,full,factor_cov_change,gradual_bias,1.0,1.0,2,0.0,0.0,0.0,0.0,2023-10-28,2026-10-17
16,full,factor_cov_change,gradual_bias,1.0,2.0,2,1.0,1.0,0.0,0.0,2023-10-28,2026-10-17
16,full,factor_cov_delta,gradual_bias,0.25,1.0,2,0.0,0.0,0.0,0.0,2023-10-28,2026-10-17
16,full,factor_cov_delta,gradual_bias,0.25,2.0,2,0.0,0.0,0.0,0.0,2023-10-28,2026-10-17
16,full,factor_cov_delta,gradual_bias,0.5,1.0,2,0.0,0.0,0.0,0.0,2023-10-28,2026-10-17
16,full,factor_cov_delta,gradual_bias,0.5,2.0,2,0.0,0.0,0.0,0.0,2023-10-28,2026-10-17
16,full,factor_cov_delta,gradual_bias,0.75,1.0,2,0.0,0.0,0.0,0.0,2023-10-28,2026-10-17
16,full,factor_cov_delta,gradual_bias,0.75,2.0,2,0.0,0.0,0.0,0.0,2023-10-28,2026-10-17
16,full,factor_cov_delta,gradual_bias,1.0,1.0,2,0.0,0.0,0.0,0.0,2023-10-28,2026-10-17
16,full,factor_cov_delta,gradual_bias,1.0,2.0,2,0.0,0.0,0.0,0.0,2023-10-28,2026-10-17
16,full,factor_cov_lrt,gradual_bias,0.25,1.0,2,0.0,0.0,0.0,0.0,2023-10-28,2026-10-17
16,full,factor_cov_lrt,gradual_bias,0.25,2.0,2,0.0,0.0,0.0,0.0,2023-10-28,2026-10-17
16,full,factor_cov_lrt,gradual_bias,0.5,1.0,2,0.0,0.0,0.0,0.0,2023-10-28,2026-10-17
16,full,factor_cov_lrt,gradual_bias,0.5,2.0,2,0.0,0.0,0.0,0.0,2023-10-28,2026-10-17
16,full,factor_cov_lrt,gradual_bias,0.75,1.0,2,0.0,0.0,0.0,0.0,2023-10-28,2026-10-17
16,full,factor_cov_lrt,gradual_bias,0.75,2.0,2,0.0,0.0,0.0,0.0,2023-10-28,2026-10-17
16,full,factor_cov_lrt,gradual_bias,1.0,1.0,2,0.0,0.0,0.0,0.0,2023-10-28,2026-10-17
16,full,factor_cov_lrt,gradual_bias,1.0,2.0,2,0.0,0.0,0.0,0.0,2023-10-28,2026-10-17
16,full,factor_cov_lrt_delta,gradual_bias,0.25,1.0,2,0.0,0.0,0.0,0.0,2023-10-28,2026-10-17
16,full,factor_cov_lrt_delta,gradual_bias,0.25,2.0,2,1.0,1.0,0.0,0.0,2023-10-28,2026-10-17
16,full,factor_cov_lrt_delta,gradual_bias,0.5,1.0,2,0.0,0.0,0.0,0.0,2023-10-28,2026-10-17
16,full,factor_cov_lrt_delta,gradual_bias,0.5,2.0,2,1.0,1.0,0.0,0.0,2023-10-28,2026-10-17
16,full,factor_cov_lrt_delta,gradual_bias,0.75,1.0,2,0.0,0.0,0.0,0.0,2023-10-28,2026-10-17
16,full,factor_cov_lrt_delta,gradual_bias,0.75,2.0,2,1.0,1.0,0.0,0.0,2023-10-28,2026-10-17
16,full,factor_cov_lrt_delta,gradual_bias,1.0,1.0,2,0.0,0.0,0.0,0.0,2023-10-28,2026-10-17
16,full,factor_cov_lrt_delta,gradual_bias,1.0,2.0,2,1.0,1.0,0.0,0.0,2023-10-28,2026-10-17
16,full,fused_fisher,gradual_bias,0.25,1.0,2,0.0,0.0,0.0,0.0,2023-10-28,2026-10-17
16,full,fused_fisher,gradual_bias,0.25,2.0,2,0.0,0.0,0.0,0.0,2023-10-28,2026-10-17
16,full,fused_fisher,gradual_bias,0.5,1.0,2,0.0,0.0,0.0,0.0,2023-10-28,2026-10-17
16,full,fused_fisher,gradual_bias,0.5,2.0,2,0.0,0.0,0.0,0.0,2023-10-28,2026-10-17
16,full,fused_fisher,gradual_bias,0.75,1.0,2,0.0,0.0,0.0,0.0,2023-10-28,2026-10-17
16,full,fused_fisher,gradual_bias,0.75,2.0,2,0.0,0.0,0.0,0.0,2023-10-28,2026-10-17
16,full,fused_fisher,gradual_bias,1.0,1.0,2,0.0,0.0,0.0,0.0,2023-10-28,2026-10-17
16,full,fused_fisher,gradual_bias,1.0,2.0,2,0.0,0.0,0.0,0.0,2023-10-28,2026-10-17
16,full,fused_fisher_lrt_delta,gradual_bias,0.25,1.0,2,0.0,0.0,0.0,0.0,2023-10-28,2026-10-17
16,full,fused_fisher_lrt_delta,gradual_bias,0.25,2.0,2,0.0,0.0,0.0,0.0,2023-10-28,2026-10-17
16,full,fused_fisher_lrt_delta,gradual_bias,0.5,1.0,2,0.0,0.0,0.0,0.0,2023-10-28,2026-10-17
16,full,fused_fisher_lrt_delta,gradual_bias,0.5,2.0,2,0.0,0.0,0.0,0.0,2023-10-28,2026-10-17
16,full,fused_fisher_lrt_delta,gradual_bias,0.75,1.0,2,0.0,0.0,0.0,0.0,2023-10-28,2026-10-17
16,full,fused_fisher_lrt_delta,gradual_bias,0.75,2.0,2,0.0,0.0,0.0,0.0,2023-10-28,2026-10-17
16,full,fused_fisher_lrt_delta,gradual_bias,1.0,1.0,2,0.0,0.0,0.0,0.0,2023-10-28,2026-10-17
16,full,fused_fisher_lrt_delta,gradual_bias,1.0,2.0,2,0.0,0.0,0.0,0.0,2023-10-28,2026-10-17
16,full,fused_sp,gradual_bias,0.25,1.0,2,0.0,0.0,0.0,0.0,2023-10-28,2026-10-17
16,full,fused_sp,gradual_bias,0.25,2.0,2,0.0,0.0,0.0,0.0,2023-10-28,2026-10-17
16,full,fused_sp,gradual_bias,0.5,1.0,2,0.0,0.0,0.0,0.0,2023-10-28,2026-10-17
16,full,fused_sp,gradual_bias,0.5,2.0,2,0.0,0.0,0.0,0.0,2023-10-28,2026-10-17
16,full,fused_sp,gradual_bias,0.75,1.0,2,0.0,0.0,0.0,0.0,2023-10-28,2026-10-17
16,full,fused_sp,gradual_bias,0.75,2.0,2,0.0,0.0,0.0,0.0,2023-10-28,2026-10-17
16,full,fused_sp,gradual_bias,1.0,1.0,2,0.0,0.0,0.0,0.0,2023-10-28,2026-10-17
16,full,fused_sp,gradual_bias,1.0,2.0,2,0.0,0.0,0.0,0.0,2023-10-28,2026-10-17
16,full,fused_sp_lrt_delta,gradual_bias,0.25,1.0,2,0.0,0.0,0.0,0.0,2023-10-28,2026-10-17
16,full,fused_sp_lrt_delta,gradual_bias,0.25,2.0,2,0.0,0.0,0.0,0.0,2023-10-28,2026-10-17
16,full,fused_sp_lrt_delta,gradual_bias,0.5,1.0,2,0.0,0.0,0.0,0.0,2023-10-28,2026-10-17
16,full,fused_sp_lrt_delta,gradual_bias,0.5,2.0,2,0.0,0.0,0.0,0.0,2023-10-28,2026-10-17
16,full,fused_sp_lrt_delta,gradual_bias,0.75,1.0,2,0.0,0.0,0.0,0.0,2023-10-28,2026-10-17
16,full,fused_sp_lrt_delta,gradual_bias,0.75,2.0,2,0.0,0.0,0.0,0.0,2023-10-28,2026-10-17
16,full,fused_sp_lrt_delta,gradual_bias,1.0,1.0,2,0.0,0.0,0.0,0.0,2023-10-28,2026-10-17
16,full,fused_sp_lrt_delta,gradual_bias,1.0,2.0,2,0.0,0.0,0.0,0.0,2023-10-28,2026-10-17
16,full,max_abs,gradual_bias,0.25,1.0,2,0.0,0.0,0.0,0.0,2023-10-28,2026-10-17
16,full,max_abs,gradual_bias,0.25,2.0,2,0.0,0.0,0.0,0.0,2023-10-28,2026-10-17
16,full,max_abs,gradual_bias,0.5,1.0,2,0.0,0.0,0.0,0.0,2023-10-28,2026-10-17
16,full,max_abs,gradual_bias,0.5,2.0,2,0.0,0.0,0.0,0.0,2023-10-28,2026-10-17
16,full,max_abs,gradual_bias,0.75,1.0,2,0.0,0.0,0.0,0.0,2023-10-28,2026-10-17
16,full,max_abs,gradual_bias,0.75,2.0,2,0.0,0.0,0.0,0.0,2023-10-28,2026-10-17
16,full,max_abs,gradual_bias,1.0,1.0,2,0.0,0.0,0.0,0.0,2023-10-28,2026-10-17
16,full,max_abs,gradual_bias,1.0,2.0,2,0.0,0.0,0.0,0.0,2023-10-28,2026-10-17
16,full,pc_t2,gradual_bias,0.25,1.0,2,0.0,0.0,0.0,0.0,2023-10-28,2026-10-17
16,full,pc_t2,gradual_bias,0.25,2.0,2,0.0,0.0,0.0,0.0,2023-10-28,2026-10-17
16,full,pc_t2,gradual_bias,0.5,1.0,2,0.0,0.0,0.0,0.0,2023-10-28,2026-10-17
16,full,pc_t2,gradual_bias,0.5,2.0,2,0.0,0.0,0.0,0.0,2023-10-28,2026-10-17
16,full,pc_t2,gradual_bias,0.75,1.0,2,0.0,0.0,0.0,0.0,2023-10-28,2026-10-17
16,full,pc_t2,gradual_bias,0.75,2.0,2,0.0,0.0,0.0,0.0,2023-10-28,2026-10-17
16,full,pc_t2,gradual_bias,1.0,1.0,2,0.0,0.0,0.0,0.0,2023-10-28,2026-10-17
16,full,pc_t2,gradual_bias,1.0,2.0,2,0.0,0.0,0.0,0.0,2023-10-28,2026-10-17
16,full,res_energy,gradual_bias,0.25,1.0,2,0.0,0.0,0.0,0.0,2023-10-28,2026-10-17
16,full,res_energy,gradual_bias,0.25,2.0,2,0.0,0.0,0.0,0.0,2023-10-28,2026-10-17
16,full,res_energy,gradual_bias,0.5,1.0,2,0.0,0.0,0.0,0.0,2023-10-28,2026-10-17
16,full,res_energy,gradual_bias,0.5,2.0,2,0.0,0.0,0.0,0.0,2023-10-28,2026-10-17
16,full,res_energy,gradual_bias,0.75,1.0,2,0.0,0.0,0.0,0.0,2023-10-28,2026-10-17
16,full,res_energy,gradual_bias,0.75,2.0,2,0.0,0.0,0.0,0.0,2023-10-28,2026-10-17
16,full,res_energy,gradual_bias,1.0,1.0,2,0.0,0.0,0.0,0.0,2023-10-28,2026-10-17
16,full,res_energy,gradual_bias,1.0,2.0,2,0.0,0.0,0.0,0.0,2023-10-28,2026-10-17
16,full,stale,gradual_bias,0.25,1.0,2,0.0,1.0,0.0,1.0,2023-10-28,2026-10-17
16,full,stale,gradual_bias,0.25,2.0,2,0.0,1.0,0.0,1.0,2023-10-28,2026-10-17
16,full,stale,gradual_bias,0.5,1.0,2,0.0,1.0,0.0,1.0,2023-10-28,2026-10-17
16,full,stale,gradual_bias,0.5,2.0,2,0.0,1.0,0.0,1.0,2023-10-28,2026-10-17
16,full,stale,gradual_bias,0.75,1.0,2,0.0,1.0,0.0,1.0,2023-10-28,2026-10-17
16,full,stale,gradual_bias,0.75,2.0,2,0.0,1.0,0.0,1.0,2023-10-28,2026-10-17
16,full,stale,gradual_bias,1.0,1.0,2,0.0,1.0,0.0,1.0,2023-10-28,2026-10-17
16,full,stale,gradual_bias,1.0,2.0,2,0.0,1.0,0.0,1.0,2023-10-28,2026-10-17
16,score_only,T2,gradual_bias,0.25,1.0,2,0.0,0.0,0.0,0.0,2023-10-28,2026-10-17
16,score_only,T2,gradual_bias,0.25,2.0,2,0.0,0.0,0.0,0.0,2023-10-28,2026-10-17
16,score_only,T2,gradual_bias,0.5,1.0,2,0.0,0.0,0.0,0.0,2023-10-28,2026-10-17
16,score_only,T2,gradual_bias,0.5,2.0,2,0.0,0.0,0.0,0.0,2023-10-28,2026-10-17
16,score_only,T2,gradual_bias,0.75,1.0,2,0.0,0.0,0.0,0.0,2023-10-28,2026-10-17
16,score_only,T2,gradual_bias,0.75,2.0,2,0.0,0.0,0.0,0.0,2023-10-28,2026-10-17
16,score_only,T2,gradual_bias,1.0,1.0,2,0.0,0.0,0.0,0.0,2023-10-28,2026-10-17
16,score_only,T2,gradual_bias,1.0,2.0,2,0.0,0.0,0.0,0.0,2023-10-28,2026-10-17
16,score_only,coh_resid_energy,gradual_bias,0.25,1.0,2,0.0,0.0,0.0,0.0,2023-10-28,2026-10-17
16,score_only,coh_resid_energy,gradual_bias,0.25,2.0,2,0.0,0.0,0.0,0.0,2023-10-28,2026-10-17
16,score_only,coh_resid_energy,gradual_bias,0.5,1.0,2,0.0,0.0,0.0,0.0,2023-10-28,2026-10-17
16,score_only,coh_resid_energy,gradual_bias,0.5,2.0,2,0.0,0.0,0.0,0.0,2023-10-28,2026-10-17
16,score_only,coh_resid_energy,gradual_bias,0.75,1.0,2,0.0,0.0,0.0,0.0,2023-10-28,2026-10-17
16,score_only,coh_resid_energy,gradual_bias,0.75,2.0,2,0.0,0.0,0.0,0.0,2023-10-28,2026-10-17
16,score_only,coh_resid_energy,gradual_bias,1.0,1.0,2,0.0,0.0,0.0,0.0,2023-10-28,2026-10-17
16,score_only,coh_resid_energy,gradual_bias,1.0,2.0,2,0.0,0.0,0.0,0.0,2023-10-28,2026-10-17
16,score_only,coh_resid_t2,gradual_bias,0.25,1.0,2,0.0,0.0,0.0,0.0,2023-10-28,2026-10-17
16,score_only,coh_resid_t2,gradual_bias,0.25,2.0,2,0.0,0.0,0.0,0.0,2023-10-28,2026-10-17
16,score_only,coh_resid_t2,gradual_bias,0.5,1.0,2,0.0,0.0,0.0,0.0,2023-10-28,2026-10-17
16,score_only,coh_resid_t2,gradual_bias,0.5,2.0,2,0.0,0.0,0.0,0.0,2023-10-28,2026-10-17
16,score_only,coh_resid_t2,gradual_bias,0.75,1.0,2,0.0,0.0,0.0,0.0,2023-10-28,2026-10-17
16,score_only,coh_resid_t2,gradual_bias,0.75,2.0,2,0.0,0.0,0.0,0.0,2023-10-28,2026-10-17
16,score_only,coh_resid_t2,gradual_bias,1.0,1.0,2,0.0,0.0,0.0,0.0,2023-10-28,2026-10-17
16,score_only,coh_resid_t2,gradual_bias,1.0,2.0,2,0.0,0.0,0.0,0.0,2023-10-28,2026-10-17
16,score_only,cusum_coh_resid_t2,gradual_bias,0.25,1.0,2,0.0,0.0,0.0,0.0,2023-10-28,2026-10-17
16,score_only,cusum_coh_resid_t2,gradual_bias,0.25,2.0,2,0.0,0.0,0.0,0.0,2023-10-28,2026-10-17
16,score_only,cusum_coh_resid_t2,gradual_bias,0.5,1.0,2,0.0,0.0,0.0,0.0,2023-10-28,2026-10-17
16,score_only,cusum_coh_resid_t2,gradual_bias,0.5,2.0,2,0.0,0.0,0.0,0.0,2023-10-28,2026-10-17
16,score_only,cusum_coh_resid_t2,gradual_bias,0.75,1.0,2,0.0,0.0,0.0,0.0,2023-10-28,2026-10-17
16,score_only,cusum_coh_resid_t2,gradual_bias,0.75,2.0,2,0.0,0.0,0.0,0.0,2023-10-28,2026-10-17
16,score_only,cusum_coh_resid_t2,gradual_bias,1.0,1.0,2,0.0,0.0,0.0,0.0,2023-10-28,2026-10-17
16,score_only,cusum_coh_resid_t2,gradual_bias,1.0,2.0,2,0.0,0.0,0.0,0.0,2023-10-28,2026-10-17
16,score_only,cusum_factor_cov_lrt,gradual_bias,0.25,1.0,2,0.0,0.0,1.0,0.0,2023-10-28,2026-10-17
16,score_only,cusum_factor_cov_lrt,gradual_bias,0.25,2.0,2,0.0,0.0,0.0,0.0,2023-10-28,2026-10-17
16,score_only,cusum_factor_cov_lrt,gradual_bias,0.5,1.0,2,0.0,0.0,1.0,0.0,2023-10-28,2026-10-17
16,score_only,cusum_factor_cov_lrt,gradual_bias,0.5,2.0,2,0.0,0.0,0.0,0.0,2023-10-28,2026-10-17
16,score_only,cusum_factor_cov_lrt,gradual_bias,0.75,1.0,2,0.0,0.0,1.0,0.0,2023-10-28,2026-10-17
16,score_only,cusum_factor_cov_lrt,gradual_bias,0.75,2.0,2,0.0,0.0,0.0,0.0,2023-10-28,2026-10-17
16,score_only,cusum_factor_cov_lrt,gradual_bias,1.0,1.0,2,0.0,0.0,1.0,0.0,2023-10-28,2026-10-17
16,score_only,cusum_factor_cov_lrt,gradual_bias,1.0,2.0,2,0.0,0.0,0.0,0.0,2023-10-28,2026-10-17
16,score_only,ewma_coh_resid_t2,gradual_bias,0.25,1.0,2,0.0,0.0,0.0,0.0,2023-10-28,2026-10-17
16,score_only,ewma_coh_resid_t2,gradual_bias,0.25,2.0,2,1.0,1.0,0.0,0.0,2023-10-28,2026-10-17
16,score_only,ewma_coh_resid_t2,gradual_bias,0.5,1.0,2,0.0,0.0,0.0,0.0,2023-10-28,2026-10-17
16,score_only,ewma_coh_resid_t2,gradual_bias,0.5,2.0,2,1.0,1.0,0.0,0.0,2023-10-28,2026-10-17
16,score_only,ewma_coh_resid_t2,gradual_bias,0.75,1.0,2,0.0,0.0,0.0,0.0,2023-10-28,2026-10-17
16,score_only,ewma_coh_resid_t2,gradual_bias,0.75,2.0,2,1.0,1.0,0.0,0.0,2023-10-28,2026-10-17
16,score_only,ewma_coh_resid_t2,gradual_bias,1.0,1.0,2,0.0,0.0,0.0,0.0,2023-10-28,2026-10-17
16,score_only,ewma_coh_resid_t2,gradual_bias,1.0,2.0,2,1.0,1.0,0.0,0.0,2023-10-28,2026-10-17
16,score_only,ewma_factor_cov_lrt,gradual_bias,0.25,1.0,2,0.5,0.5,0.0,0.0,2023-10-28,2026-10-17
16,score_only,ewma_factor_cov_lrt,gradual_bias,0.25,2.0,2,0.0,0.0,0.0,0.0,2023-10-28,2026-10-17
16,score_only,ewma_factor_cov_lrt,gradual_bias,0.5,1.0,2,0.5,0.5,0.0,0.0,2023-10-28,2026-10-17
16,score_only,ewma_factor_cov_lrt,gradual_bias,0.5,2.0,2,0.0,0.0,0.0,0.0,2023-10-28,2026-10-17
16,score_only,ewma_factor_cov_lrt,gradual_bias,0.75,1.0,2,0.0,0.0,0.0,0.0,2023-10-28,2026-10-17
16,score_only,ewma_factor_cov_lrt,gradual_bias,0.75,2.0,2,0.0,0.0,0.0,0.0,2023-10-28,2026-10-17
16,score_only,ewma_factor_cov_lrt,gradual_bias,1.0,1.0,2,0.5,0.5,0.0,0.0,2023-10-28,2026-10-17
16,score_only,ewma_factor_cov_lrt,gradual_bias,1.0,2.0,2,0.0,0.0,0.0,0.0,2023-10-28,2026-10-17
16,score_only,factor_cov_change,gradual_bias,0.25,1.0,2,0.0,0.0,0.0,0.0,2023-10-28,2026-10-17
16,score_only,factor_cov_change,gradual_bias,0.25,2.0,2,0.0,0.0,0.0,0.0,2023-10-28,2026-10-17
16,score_only,factor_cov_change,gradual_bias,0.5,1.0,2,0.0,0.0,0.0,0.0,2023-10-28,2026-10-17
16,score_only,factor_cov_change,gradual_bias,0.5,2.0,2,0.0,0.0,0.0,0.0,2023-10-28,2026-10-17
16,score_only,factor_cov_change,gradual_bias,0.75,1.0,2,0.0,0.0,0.0,0.0,2023-10-28,2026-10-17
16,score_only,factor_cov_change,gradual_bias,0.75,2.0,2,0.0,0.0,0.0,0.0,2023-10-28,2026-10-17
16,score_only,factor_cov_change,gradual_bias,1.0,1.0,2,0.0,0.0,0.0,0.0,2023-10-28,2026-10-17
16,score_only,factor_cov_change,gradual_bias,1.0,2.0,2,0.0,0.0,0.0,0.0,2023-10-28,2026-10-17
16,score_only,factor_cov_delta,gradual_bias,0.25,1.0,2,0.0,0.0,0.0,0.0,2023-10-28,2026-10-17
16,score_only,factor_cov_delta,gradual_bias,0.25,2.0,2,0.0,0.0,0.0,0.0,2023-10-28,2026-10-17
16,score_only,factor_cov_delta,gradual_bias,0.5,1.0,2,0.0,0.0,0.0,0.0,2023-10-28,2026-10-17
16,score_only,factor_cov_delta,gradual_bias,0.5,2.0,2,0.0,0.0,0.0,0.0,2023-10-28,2026-10-17
16,score_only,factor_cov_delta,gradual_bias,0.75,1.0,2,0.0,0.0,0.0,0.0,2023-10-28,2026-10-17
16,score_only,factor_cov_delta,gradual_bias,0.75,2.0,2,0.0,0.0,0.0,0.0,2023-10-28,2026-10-17
16,score_only,factor_cov_delta,gradual_bias,1.0,1.0,2,0.0,0.0,0.0,0.0,2023-10-28,2026-10-17
16,score_only,factor_cov_delta,gradual_bias,1.0,2.0,2,0.0,0.0,0.0,0.0,2023-10-28,2026-10-17
16,score_only,factor_cov_lrt,gradual_bias,0.25,1.0,2,0.5,0.5,0.0,0.0,2023-10-28,2026-10-17
16,score_only,factor_cov_lrt,gradual_bias,0.25,2.0,2,0.0,0.0,0.0,0.0,2023-10-28,2026-10-17
16,score_only,factor_cov_lrt,gradual_bias,0.5,1.0,2,0.5,0.5,0.0,0.0,2023-10-28,2026-10-17
16,score_only,factor_cov_lrt,gradual_bias,0.5,2.0,2,0.0,0.0,0.0,0.0,2023-10-28,2026-10-17
16,score_only,factor_cov_lrt,gradual_bias,0.75,1.0,2,0.5,0.5,0.0,0.0,2023-10-28,2026-10-17
16,score_only,factor_cov_lrt,gradual_bias,0.75,2.0,2,0.0,0.0,0.0,0.0,2023-10-28,2026-10-17
16,score_only,factor_cov_lrt,gradual_bias,1.0,1.0,2,0.5,0.5,0.0,0.0,2023-10-28,2026-10-17
16,score_only,factor_cov_lrt,gradual_bias,1.0,2.0,2,0.0,0.0,0.0,0.0,2023-10-28,2026-10-17
16,score_only,factor_cov_lrt_delta,gradual_bias,0.25,1.0,2,0.0,0.0,0.0,0.0,2023-10-28,2026-10-17
16,score_only,factor_cov_lrt_delta,gradual_bias,0.25,2.0,2,0.0,0.0,0.0,0.0,2023-10-28,2026-10-17
16,score_only,factor_cov_lrt_delta,gradual_bias,0.5,1.0,2,0.0,0.0,0.0,0.0,2023-10-28,2026-10-17
16,score_only,factor_cov_lrt_delta,gradual_bias,0.5,2.0,2,0.0,0.0,0.0,0.0,2023-10-28,2026-10-17
16,score_only,factor_cov_lrt_delta,gradual_bias,0.75,1.0,2,0.0,0.0,0.0,0.0,2023-10-28,2026-10-17
16,score_only,factor_cov_lrt_delta,gradual_bias,0.75,2.0,2,0.0,0.0,0.0,0.0,2023-10-28,2026-10-17
16,score_only,factor_cov_lrt_delta,gradual_bias,1.0,1.0,2,0.0,0.0,0.0,0.0,2023-10-28,2026-10-17
16,score_only,factor_cov_lrt_delta,gradual_bias,1.0,2.0,2,0.0,0.0,0.0,0.0,2023-10-28,2026-10-17
16,score_only,fused_fisher,gradual_bias,0.25,1.0,2,0.0,0.0,0.0,0.0,2023-10-28,2026-10-17
16,score_only,fused_fisher,gradual_bias,0.25,2.0,2,1.0,1.0,0.0,0.0,2023-10-28,2026-10-17
16,score_only,fused_fisher,gradual_bias,0.5,1.0,2,0.0,0.0,0.0,0.0,2023-10-28,2026-10-17
16,score_only,fused_fisher,gradual_bias,0.5,2.0,2,1.0,1.0,0.0,0.0,2023-10-28,2026-10-17
16,score_only,fused_fisher,gradual_bias,0.75,1.0,2,0.0,0.0,0.0,0.0,2023-10-28,2026-10-17
16,score_only,fused_fisher,gradual_bias,0.75,2.0,2,1.0,1.0,0.0,0.0,2023-10-28,2026-10-17
16,score_only,fused_fisher,gradual_bias,1.0,1.0,2,0.0,0.0,0.0,0.0,2023-10-28,2026-10-17
16,score_only,fused_fisher,gradual_bias,1.0,2.0,2,1.0,1.0,0.0,0.0,2023-10-28,2026-10-17
16,score_only,fused_fisher_lrt_delta,gradual_bias,0.25,1.0,2,0.0,0.0,0.0,0.0,2023-10-28,2026-10-17
16,score_only,fused_fisher_lrt_delta,gradual_bias,0.25,2.0,2,0.0,0.0,0.0,0.0,2023-10-28,2026-10-17
16,score_only,fused_fisher_lrt_delta,gradual_bias,0.5,1.0,2,0.0,0.0,0.0,0.0,2023-10-28,2026-10-17
16,score_only,fused_fisher_lrt_delta,gradual_bias,0.5,2.0,2,0.0,0.0,0.0,0.0,2023-10-28,2026-10-17
16,score_only,fused_fisher_lrt_delta,gradual_bias,0.75,1.0,2,0.0,0.0,0.0,0.0,2023-10-28,2026-10-17
16,score_only,fused_fisher_lrt_delta,gradual_bias,0.75,2.0,2,0.0,0.0,0.0,0.0,2023-10-28,2026-10-17
16,score_only,fused_fisher_lrt_delta,gradual_bias,1.0,1.0,2,0.0,0.0,0.0,0.0,2023-10-28,2026-10-17
16,score_only,fused_fisher_lrt_delta,gradual_bias,1.0,2.0,2,0.0,0.0,0.0,0.0,2023-10-28,2026-10-17
16,score_only,fused_sp,gradual_bias,0.25,1.0,2,0.0,0.0,0.0,0.0,2023-10-28,2026-10-17
16,score_only,fused_sp,gradual_bias,0.25,2.0,2,0.0,0.0,0.0,0.0,2023-10-28,2026-10-17
16,score_only,fused_sp,gradual_bias,0.5,1.0,2,0.0,0.0,0.0,0.0,2023-10-28,2026-10-17
16,score_only,fused_sp,gradual_bias,0.5,2.0,2,0.0,0.0,0.0,0.0,2023-10-28,2026-10-17
16,score_only,fused_sp,gradual_bias,0.75,1.0,2,0.0,0.0,0.0,0.0,2023-10-28,2026-10-17
16,score_only,fused_sp,gradual_bias,0.75,2.0,2,0.0,0.0,0.0,0.0,2023-10-28,2026-10-17
16,score_only,fused_sp,gradual_bias,1.0,1.0,2,0.0,0.0,0.0,0.0,2023-10-28,2026-10-17
16,score_only,fused_sp,gradual_bias,1.0,2.0,2,0.0,0.0,0.0,0.0,2023-10-28,2026-10-17
16,score_only,fused_sp_lrt_delta,gradual_bias,0.25,1.0,2,0.0,0.0,0.0,0.0,2023-10-28,2026-10-17
16,score_only,fused_sp_lrt_delta,gradual_bias,0.25,2.0,2,0.0,0.0,0.0,0.0,2023-10-28,2026-10-17
16,score_only,fused_sp_lrt_delta,gradual_bias,0.5,1.0,2,0.0,0.0,0.0,0.0,2023-10-28,2026-10-17
16,score_only,fused_sp_lrt_delta,gradual_bias,0.5,2.0,2,0.0,0.0,0.0,0.0,2023-10-28,2026-10-17
16,score_only,fused_sp_lrt_delta,gradual_bias,0.75,1.0,2,0.0,0.0,0.0,0.0,2023-10-28,2026-10-17
16,score_only,fused_sp_lrt_delta,gradual_bias,0.75,2.0,2,0.0,0.0,0.0,0.0,2023-10-28,2026-10-17
16,score_only,fused_sp_lrt_delta,gradual_bias,1.0,1.0,2,0.0,0.0,0.0,0.0,2023-10-28,2026-10-17
16,score_only,fused_sp_lrt_delta,gradual_bias,1.0,2.0,2,0.0,0.0,0.0,0.0,2023-10-28,2026-10-17
16,score_only,max_abs,gradual_bias,0.25,1.0,2,0.0,0.0,0.0,0.0,2023-10-28,2026-10-17
16,score_only,max_abs,gradual_bias,0.25,2.0,2,0.0,0.0,0.0,0.0,2023-10-28,2026-10-17
16,score_only,max_abs,gradual_bias,0.5,1.0,2,0.0,0.0,0.0,0.0,2023-10-28,2026-10-17
16,score_only,max_abs,gradual_bias,0.5,2.0,2,0.0,0.0,0.0,0.0,2023-10-28,2026-10-17
16,score_only,max_abs,gradual_bias,0.75,1.0,2,0.0,0.0,0.0,0.0,2023-10-28,2026-10-17
16,score_only,max_abs,gradual_bias,0.75,2.0,2,0.0,0.0,0.0,0.0,2023-10-28,2026-10-17
16,score_only,max_abs,gradual_bias,1.0,1.0,2,0.0,0.0,0.0,0.0,2023-10-28,2026-10-17
16,score_only,max_abs,gradual_bias,1.0,2.0,2,0.0,0.0,0.0,0.0,2023-10-28,2026-10-17
16,score_only,pc_t2,gradual_bias,0.25,1.0,2,0.0,0.0,0.0,0.0,2023-10-28,2026-10-17
16,score_only,pc_t2,gradual_bias,0.25,2.0,2,0.0,0.0,0.0,0.0,2023-10-28,2026-10-17
16,score_only,pc_t2,gradual_bias,0.5,1.0,2,0.0,0.0,0.0,0.0,2023-10-28,2026-10-17
16,score_only,pc_t2,gradual_bias,0.5,2.0,2,0.0,0.0,0.0,0.0,2023-10-28,2026-10-17
16,score_only,pc_t2,gradual_bias,0.75,1.0,2,0.0,0.0,0.0,0.0,2023-10-28,2026-10-17
16,score_only,pc_t2,gradual_bias,0.75,2.0,2,0.0,0.0,0.0,0.0,2023-10-28,2026-10-17
16,score_only,pc_t2,gradual_bias,1.0,1.0,2,0.0,0.0,0.0,0.0,2023-10-28,2026-10-17
16,score_only,pc_t2,gradual_bias,1.0,2.0,2,0.0,0.0,0.0,0.0,2023-10-28,2026-10-17
16,score_only,res_energy,gradual_bias,0.25,1.0,2,0.0,0.0,0.0,0.0,2023-10-28,2026-10-17
16,score_only,res_energy,gradual_bias,0.25,2.0,2,1.0,1.0,0.0,0.0,2023-10-28,2026-10-17
16,score_only,res_energy,gradual_bias,0.5,1.0,2,0.0,0.0,0.0,0.0,2023-10-28,2026-10-17
16,score_only,res_energy,gradual_bias,0.5,2.0,2,1.0,1.0,0.0,0.0,2023-10-28,2026-10-17
16,score_only,res_energy,gradual_bias,0.75,1.0,2,0.0,0.0,0.0,0.0,2023-10-28,2026-10-17
16,score_only,res_energy,gradual_bias,0.75,2.0,2,1.0,1.0,0.0,0.0,2023-10-28,2026-10-17
16,score_only,res_energy,gradual_bias,1.0,1.0,2,0.0,0.0,0.0,0.0,2023-10-28,2026-10-17
16,score_only,res_energy,gradual_bias,1.0,2.0,2,1.0,1.0,0.0,0.0,2023-10-28,2026-10-17
16,score_only,stale,gradual_bias,0.25,1.0,2,0.0,1.0,0.0,1.0,2023-10-28,2026-10-17
16,score_only,stale,gradual_bias,0.25,2.0,2,0.0,1.0,0.0,1.0,2023-10-28,2026-10-17
16,score_only,stale,gradual_bias,0.5,1.0,2,0.0,1.0,0.0,1.0,2023-10-28,2026-10-17
16,score_only,stale,gradual_bias,0.5,2.0,2,0.0,1.0,0.0,1.0,2023-10-28,2026-10-17
16,score_only,stale,gradual_bias,0.75,1.0,2,0.0,1.0,0.0,1.0,2023-10-28,2026-10-17
16,score_only,stale,gradual_bias,0.75,2.0,2,0.0,1.0,0.0,1.0,2023-10-28,2026-10-17
16,score_only,stale,gradual_bias,1.0,1.0,2,0.0,1.0,0.0,1.0,2023-10-28,2026-10-17
16,score_only,stale,gradual_bias,1.0,2.0,2,0.0,1.0,0.0,1.0,2023-10-28,2026-10-17
17,all_only,T2,gradual_bias,0.25,1.0,1,0.0,0.0,0.0,0.0,2024-10-26,2027-10-16
17,all_only,T2,gradual_bias,0.25,2.0,1,0.0,0.0,0.0,0.0,2024-10-26,2027-10-16
17,all_only,T2,gradual_bias,0.5,1.0,1,0.0,0.0,0.0,0.0,2024-10-26,2027-10-16
17,all_only,T2,gradual_bias,0.5,2.0,1,0.0,0.0,0.0,0.0,2024-10-26,2027-10-16
17,all_only,T2,gradual_bias,0.75,1.0,1,0.0,0.0,0.0,0.0,2024-10-26,2027-10-16
17,all_only,T2,gradual_bias,0.75,2.0,1,0.0,0.0,0.0,0.0,2024-10-26,2027-10-16
17,all_only,T2,gradual_bias,1.0,1.0,1,0.0,0.0,0.0,0.0,2024-10-26,2027-10-16
17,all_only,T2,gradual_bias,1.0,2.0,1,0.0,0.0,0.0,0.0,2024-10-26,2027-10-16
17,all_only,cusum_factor_cov_lrt,gradual_bias,0.25,1.0,1,0.0,0.0,0.0,0.0,2024-10-26,2027-10-16
17,all_only,cusum_factor_cov_lrt,gradual_bias,0.25,2.0,1,0.0,0.0,0.0,0.0,2024-10-26,2027-10-16
17,all_only,cusum_factor_cov_lrt,gradual_bias,0.5,1.0,1,0.0,0.0,0.0,0.0,2024-10-26,2027-10-16
17,all_only,cusum_factor_cov_lrt,gradual_bias,0.5,2.0,1,0.0,0.0,0.0,0.0,2024-10-26,2027-10-16
17,all_only,cusum_factor_cov_lrt,gradual_bias,0.75,1.0,1,0.0,0.0,0.0,0.0,2024-10-26,2027-10-16
17,all_only,cusum_factor_cov_lrt,gradual_bias,0.75,2.0,1,0.0,0.0,0.0,0.0,2024-10-26,2027-10-16
17,all_only,cusum_factor_cov_lrt,gradual_bias,1.0,1.0,1,0.0,0.0,0.0,0.0,2024-10-26,2027-10-16
17,all_only,cusum_factor_cov_lrt,gradual_bias,1.0,2.0,1,0.0,0.0,0.0,0.0,2024-10-26,2027-10-16
17,all_only,ewma_factor_cov_lrt,gradual_bias,0.25,1.0,1,0.0,0.0,0.0,0.0,2024-10-26,2027-10-16
17,all_only,ewma_factor_cov_lrt,gradual_bias,0.25,2.0,1,0.0,0.0,0.0,0.0,2024-10-26,2027-10-16
17,all_only,ewma_factor_cov_lrt,gradual_bias,0.5,1.0,1,0.0,0.0,0.0,0.0,2024-10-26,2027-10-16
17,all_only,ewma_factor_cov_lrt,gradual_bias,0.5,2.0,1,0.0,0.0,0.0,0.0,2024-10-26,2027-10-16
17,all_only,ewma_factor_cov_lrt,gradual_bias,0.75,1.0,1,0.0,0.0,0.0,0.0,2024-10-26,2027-10-16
17,all_only,ewma_factor_cov_lrt,gradual_bias,0.75,2.0,1,0.0,0.0,0.0,0.0,2024-10-26,2027-10-16
17,all_only,ewma_factor_cov_lrt,gradual_bias,1.0,1.0,1,0.0,0.0,0.0,0.0,2024-10-26,2027-10-16
17,all_only,ewma_factor_cov_lrt,gradual_bias,1.0,2.0,1,0.0,0.0,0.0,0.0,2024-10-26,2027-10-16
17,all_only,factor_cov_change,gradual_bias,0.25,1.0,1,0.0,0.0,0.0,0.0,2024-10-26,2027-10-16
17,all_only,factor_cov_change,gradual_bias,0.25,2.0,1,0.0,0.0,0.0,1.0,2024-10-26,2027-10-16
17,all_only,factor_cov_change,gradual_bias,0.5,1.0,1,0.0,0.0,0.0,0.0,2024-10-26,2027-10-16
17,all_only,factor_cov_change,gradual_bias,0.5,2.0,1,0.0,0.0,0.0,1.0,2024-10-26,2027-10-16
17,all_only,factor_cov_change,gradual_bias,0.75,1.0,1,0.0,0.0,0.0,0.0,2024-10-26,2027-10-16
17,all_only,factor_cov_change,gradual_bias,0.75,2.0,1,0.0,0.0,0.0,1.0,2024-10-26,2027-10-16
17,all_only,factor_cov_change,gradual_bias,1.0,1.0,1,0.0,0.0,0.0,0.0,2024-10-26,2027-10-16
17,all_only,factor_cov_change,gradual_bias,1.0,2.0,1,0.0,0.0,0.0,1.0,2024-10-26,2027-10-16
17,all_only,factor_cov_delta,gradual_bias,0.25,1.0,1,0.0,0.0,0.0,0.0,2024-10-26,2027-10-16
17,all_only,factor_cov_delta,gradual_bias,0.25,2.0,1,0.0,0.0,0.0,0.0,2024-10-26,2027-10-16
17,all_only,factor_cov_delta,gradual_bias,0.5,1.0,1,0.0,0.0,0.0,0.0,2024-10-26,2027-10-16
17,all_only,factor_cov_delta,gradual_bias,0.5,2.0,1,0.0,0.0,0.0,0.0,2024-10-26,2027-10-16
17,all_only,factor_cov_delta,gradual_bias,0.75,1.0,1,0.0,0.0,0.0,0.0,2024-10-26,2027-10-16
17,all_only,factor_cov_delta,gradual_bias,0.75,2.0,1,0.0,0.0,0.0,0.0,2024-10-26,2027-10-16
17,all_only,factor_cov_delta,gradual_bias,1.0,1.0,1,0.0,0.0,0.0,0.0,2024-10-26,2027-10-16
17,all_only,factor_cov_delta,gradual_bias,1.0,2.0,1,0.0,0.0,0.0,0.0,2024-10-26,2027-10-16
17,all_only,factor_cov_lrt,gradual_bias,0.25,1.0,1,0.0,0.0,0.0,0.0,2024-10-26,2027-10-16
17,all_only,factor_cov_lrt,gradual_bias,0.25,2.0,1,0.0,0.0,0.0,0.0,2024-10-26,2027-10-16
17,all_only,factor_cov_lrt,gradual_bias,0.5,1.0,1,0.0,0.0,0.0,0.0,2024-10-26,2027-10-16
17,all_only,factor_cov_lrt,gradual_bias,0.5,2.0,1,0.0,0.0,0.0,0.0,2024-10-26,2027-10-16
17,all_only,factor_cov_lrt,gradual_bias,0.75,1.0,1,0.0,0.0,0.0,0.0,2024-10-26,2027-10-16
17,all_only,factor_cov_lrt,gradual_bias,0.75,2.0,1,0.0,0.0,0.0,0.0,2024-10-26,2027-10-16
17,all_only,factor_cov_lrt,gradual_bias,1.0,1.0,1,0.0,0.0,0.0,0.0,2024-10-26,2027-10-16
17,all_only,factor_cov_lrt,gradual_bias,1.0,2.0,1,0.0,0.0,0.0,0.0,2024-10-26,2027-10-16
17,all_only,factor_cov_lrt_delta,gradual_bias,0.25,1.0,1,0.0,0.0,0.0,0.0,2024-10-26,2027-10-16
17,all_only,factor_cov_lrt_delta,gradual_bias,0.25,2.0,1,1.0,1.0,0.0,0.0,2024-10-26,2027-10-16
17,all_only,factor_cov_lrt_delta,gradual_bias,0.5,1.0,1,0.0,0.0,0.0,0.0,2024-10-26,2027-10-16
17,all_only,factor_cov_lrt_delta,gradual_bias,0.5,2.0,1,1.0,1.0,0.0,0.0,2024-10-26,2027-10-16
17,all_only,factor_cov_lrt_delta,gradual_bias,0.75,1.0,1,0.0,0.0,0.0,0.0,2024-10-26,2027-10-16
17,all_only,factor_cov_lrt_delta,gradual_bias,0.75,2.0,1,1.0,1.0,0.0,0.0,2024-10-26,2027-10-16
17,all_only,factor_cov_lrt_delta,gradual_bias,1.0,1.0,1,0.0,0.0,0.0,0.0,2024-10-26,2027-10-16
17,all_only,factor_cov_lrt_delta,gradual_bias,1.0,2.0,1,1.0,1.0,0.0,0.0,2024-10-26,2027-10-16
17,all_only,fused_fisher,gradual_bias,0.25,1.0,1,0.0,0.0,0.0,0.0,2024-10-26,2027-10-16
17,all_only,fused_fisher,gradual_bias,0.25,2.0,1,0.0,0.0,0.0,0.0,2024-10-26,2027-10-16
17,all_only,fused_fisher,gradual_bias,0.5,1.0,1,0.0,0.0,0.0,0.0,2024-10-26,2027-10-16
17,all_only,fused_fisher,gradual_bias,0.5,2.0,1,0.0,0.0,0.0,0.0,2024-10-26,2027-10-16
17,all_only,fused_fisher,gradual_bias,0.75,1.0,1,0.0,0.0,0.0,0.0,2024-10-26,2027-10-16
17,all_only,fused_fisher,gradual_bias,0.75,2.0,1,0.0,0.0,0.0,0.0,2024-10-26,2027-10-16
17,all_only,fused_fisher,gradual_bias,1.0,1.0,1,0.0,0.0,0.0,0.0,2024-10-26,2027-10-16
17,all_only,fused_fisher,gradual_bias,1.0,2.0,1,0.0,0.0,0.0,0.0,2024-10-26,2027-10-16
17,all_only,fused_fisher_lrt_delta,gradual_bias,0.25,1.0,1,0.0,0.0,0.0,0.0,2024-10-26,2027-10-16
17,all_only,fused_fisher_lrt_delta,gradual_bias,0.25,2.0,1,0.0,0.0,0.0,0.0,2024-10-26,2027-10-16
17,all_only,fused_fisher_lrt_delta,gradual_bias,0.5,1.0,1,0.0,0.0,0.0,0.0,2024-10-26,2027-10-16
17,all_only,fused_fisher_lrt_delta,gradual_bias,0.5,2.0,1,0.0,0.0,0.0,0.0,2024-10-26,2027-10-16
17,all_only,fused_fisher_lrt_delta,gradual_bias,0.75,1.0,1,0.0,0.0,0.0,0.0,2024-10-26,2027-10-16
17,all_only,fused_fisher_lrt_delta,gradual_bias,0.75,2.0,1,0.0,0.0,0.0,0.0,2024-10-26,2027-10-16
17,all_only,fused_fisher_lrt_delta,gradual_bias,1.0,1.0,1,0.0,0.0,0.0,0.0,2024-10-26,2027-10-16
17,all_only,fused_fisher_lrt_delta,gradual_bias,1.0,2.0,1,0.0,0.0,0.0,0.0,2024-10-26,2027-10-16
17,all_only,fused_sp,gradual_bias,0.25,1.0,1,0.0,0.0,0.0,0.0,2024-10-26,2027-10-16
17,all_only,fused_sp,gradual_bias,0.25,2.0,1,0.0,0.0,0.0,0.0,2024-10-26,2027-10-16
17,all_only,fused_sp,gradual_bias,0.5,1.0,1,0.0,0.0,0.0,0.0,2024-10-26,2027-10-16
17,all_only,fused_sp,gradual_bias,0.5,2.0,1,0.0,0.0,0.0,0.0,2024-10-26,2027-10-16
17,all_only,fused_sp,gradual_bias,0.75,1.0,1,0.0,0.0,0.0,0.0,2024-10-26,2027-10-16
17,all_only,fused_sp,gradual_bias,0.75,2.0,1,0.0,0.0,0.0,0.0,2024-10-26,2027-10-16
17,all_only,fused_sp,gradual_bias,1.0,1.0,1,0.0,0.0,0.0,0.0,2024-10-26,2027-10-16
17,all_only,fused_sp,gradual_bias,1.0,2.0,1,0.0,0.0,0.0,0.0,2024-10-26,2027-10-16
17,all_only,fused_sp_lrt_delta,gradual_bias,0.25,1.0,1,0.0,0.0,0.0,0.0,2024-10-26,2027-10-16
17,all_only,fused_sp_lrt_delta,gradual_bias,0.25,2.0,1,0.0,0.0,0.0,0.0,2024-10-26,2027-10-16
17,all_only,fused_sp_lrt_delta,gradual_bias,0.5,1.0,1,0.0,0.0,0.0,0.0,2024-10-26,2027-10-16
17,all_only,fused_sp_lrt_delta,gradual_bias,0.5,2.0,1,0.0,0.0,0.0,0.0,2024-10-26,2027-10-16
17,all_only,fused_sp_lrt_delta,gradual_bias,0.75,1.0,1,0.0,0.0,0.0,0.0,2024-10-26,2027-10-16
17,all_only,fused_sp_lrt_delta,gradual_bias,0.75,2.0,1,0.0,0.0,0.0,0.0,2024-10-26,2027-10-16
17,all_only,fused_sp_lrt_delta,gradual_bias,1.0,1.0,1,0.0,0.0,0.0,0.0,2024-10-26,2027-10-16
17,all_only,fused_sp_lrt_delta,gradual_bias,1.0,2.0,1,0.0,0.0,0.0,0.0,2024-10-26,2027-10-16
17,all_only,max_abs,gradual_bias,0.25,1.0,1,0.0,0.0,0.0,0.0,2024-10-26,2027-10-16
17,all_only,max_abs,gradual_bias,0.25,2.0,1,0.0,0.0,0.0,0.0,2024-10-26,2027-10-16
17,all_only,max_abs,gradual_bias,0.5,1.0,1,0.0,0.0,0.0,0.0,2024-10-26,2027-10-16
17,all_only,max_abs,gradual_bias,0.5,2.0,1,0.0,0.0,0.0,0.0,2024-10-26,2027-10-16
17,all_only,max_abs,gradual_bias,0.75,1.0,1,0.0,0.0,0.0,0.0,2024-10-26,2027-10-16
17,all_only,max_abs,gradual_bias,0.75,2.0,1,0.0,0.0,0.0,0.0,2024-10-26,2027-10-16
17,all_only,max_abs,gradual_bias,1.0,1.0,1,0.0,0.0,0.0,0.0,2024-10-26,2027-10-16
17,all_only,max_abs,gradual_bias,1.0,2.0,1,0.0,0.0,0.0,0.0,2024-10-26,2027-10-16
17,all_only,pc_t2,gradual_bias,0.25,1.0,1,0.0,0.0,0.0,0.0,2024-10-26,2027-10-16
17,all_only,pc_t2,gradual_bias,0.25,2.0,1,0.0,0.0,0.0,0.0,2024-10-26,2027-10-16
17,all_only,pc_t2,gradual_bias,0.5,1.0,1,0.0,0.0,0.0,0.0,2024-10-26,2027-10-16
17,all_only,pc_t2,gradual_bias,0.5,2.0,1,0.0,0.0,0.0,0.0,2024-10-26,2027-10-16
17,all_only,pc_t2,gradual_bias,0.75,1.0,1,0.0,0.0,0.0,0.0,2024-10-26,2027-10-16
17,all_only,pc_t2,gradual_bias,0.75,2.0,1,0.0,0.0,0.0,0.0,2024-10-26,2027-10-16
17,all_only,pc_t2,gradual_bias,1.0,1.0,1,0.0,0.0,0.0,0.0,2024-10-26,2027-10-16
17,all_only,pc_t2,gradual_bias,1.0,2.0,1,0.0,0.0,0.0,0.0,2024-10-26,2027-10-16
17,all_only,res_energy,gradual_bias,0.25,1.0,1,0.0,0.0,0.0,0.0,2024-10-26,2027-10-16
17,all_only,res_energy,gradual_bias,0.25,2.0,1,1.0,1.0,0.0,0.0,2024-10-26,2027-10-16
17,all_only,res_energy,gradual_bias,0.5,1.0,1,0.0,0.0,0.0,0.0,2024-10-26,2027-10-16
17,all_only,res_energy,gradual_bias,0.5,2.0,1,1.0,1.0,0.0,0.0,2024-10-26,2027-10-16
17,all_only,res_energy,gradual_bias,0.75,1.0,1,0.0,0.0,0.0,0.0,2024-10-26,2027-10-16
17,all_only,res_energy,gradual_bias,0.75,2.0,1,1.0,1.0,0.0,0.0,2024-10-26,2027-10-16
17,all_only,res_energy,gradual_bias,1.0,1.0,1,0.0,0.0,0.0,0.0,2024-10-26,2027-10-16
17,all_only,res_energy,gradual_bias,1.0,2.0,1,1.0,1.0,0.0,0.0,2024-10-26,2027-10-16
17,all_only,stale,gradual_bias,0.25,1.0,1,0.0,0.0,0.0,1.0,2024-10-26,2027-10-16
17,all_only,stale,gradual_bias,0.25,2.0,1,0.0,0.0,0.0,1.0,2024-10-26,2027-10-16
17,all_only,stale,gradual_bias,0.5,1.0,1,0.0,0.0,0.0,1.0,2024-10-26,2027-10-16
17,all_only,stale,gradual_bias,0.5,2.0,1,0.0,0.0,0.0,1.0,2024-10-26,2027-10-16
17,all_only,stale,gradual_bias,0.75,1.0,1,0.0,0.0,0.0,1.0,2024-10-26,2027-10-16
17,all_only,stale,gradual_bias,0.75,2.0,1,0.0,0.0,0.0,1.0,2024-10-26,2027-10-16
17,all_only,stale,gradual_bias,1.0,1.0,1,0.0,0.0,0.0,1.0,2024-10-26,2027-10-16
17,all_only,stale,gradual_bias,1.0,2.0,1,0.0,0.0,0.0,1.0,2024-10-26,2027-10-16
17,full,T2,gradual_bias,0.25,1.0,1,0.0,0.0,0.0,0.0,2024-10-26,2027-10-16
17,full,T2,gradual_bias,0.25,2.0,1,0.0,0.0,0.0,0.0,2024-10-26,2027-10-16
17,full,T2,gradual_bias,0.5,1.0,1,0.0,0.0,0.0,0.0,2024-10-26,2027-10-16
17,full,T2,gradual_bias,0.5,2.0,1,0.0,0.0,0.0,0.0,2024-10-26,2027-10-16
17,full,T2,gradual_bias,0.75,1.0,1,0.0,0.0,0.0,0.0,2024-10-26,2027-10-16
17,full,T2,gradual_bias,0.75,2.0,1,0.0,0.0,0.0,0.0,2024-10-26,2027-10-16
17,full,T2,gradual_bias,1.0,1.0,1,0.0,0.0,0.0,0.0,2024-10-26,2027-10-16
17,full,T2,gradual_bias,1.0,2.0,1,0.0,0.0,0.0,0.0,2024-10-26,2027-10-16
17,full,cusum_factor_cov_lrt,gradual_bias,0.25,1.0,1,0.0,0.0,0.0,0.0,2024-10-26,2027-10-16
17,full,cusum_factor_cov_lrt,gradual_bias,0.25,2.0,1,0.0,0.0,0.0,0.0,2024-10-26,2027-10-16
17,full,cusum_factor_cov_lrt,gradual_bias,0.5,1.0,1,0.0,0.0,0.0,0.0,2024-10-26,2027-10-16
17,full,cusum_factor_cov_lrt,gradual_bias,0.5,2.0,1,0.0,0.0,0.0,0.0,2024-10-26,2027-10-16
17,full,cusum_factor_cov_lrt,gradual_bias,0.75,1.0,1,0.0,0.0,0.0,0.0,2024-10-26,2027-10-16
17,full,cusum_factor_cov_lrt,gradual_bias,0.75,2.0,1,0.0,0.0,0.0,0.0,2024-10-26,2027-10-16
17,full,cusum_factor_cov_lrt,gradual_bias,1.0,1.0,1,0.0,0.0,0.0,0.0,2024-10-26,2027-10-16
17,full,cusum_factor_cov_lrt,gradual_bias,1.0,2.0,1,0.0,0.0,0.0,0.0,2024-10-26,2027-10-16
17,full,ewma_factor_cov_lrt,gradual_bias,0.25,1.0,1,0.0,0.0,0.0,0.0,2024-10-26,2027-10-16
17,full,ewma_factor_cov_lrt,gradual_bias,0.25,2.0,1,0.0,0.0,0.0,0.0,2024-10-26,2027-10-16
17,full,ewma_factor_cov_lrt,gradual_bias,0.5,1.0,1,0.0,0.0,0.0,0.0,2024-10-26,2027-10-16
17,full,ewma_factor_cov_lrt,gradual_bias,0.5,2.0,1,0.0,0.0,0.0,0.0,2024-10-26,2027-10-16
17,full,ewma_factor_cov_lrt,gradual_bias,0.75,1.0,1,0.0,0.0,0.0,0.0,2024-10-26,2027-10-16
17,full,ewma_factor_cov_lrt,gradual_bias,0.75,2.0,1,0.0,0.0,0.0,0.0,2024-10-26,2027-10-16
17,full,ewma_factor_cov_lrt,gradual_bias,1.0,1.0,1,0.0,0.0,0.0,0.0,2024-10-26,2027-10-16
17,full,ewma_factor_cov_lrt,gradual_bias,1.0,2.0,1,0.0,0.0,0.0,0.0,2024-10-26,2027-10-16
17,full,factor_cov_change,gradual_bias,0.25,1.0,1,0.0,0.0,0.0,0.0,2024-10-26,2027-10-16
17,full,factor_cov_change,gradual_bias,0.25,2.0,1,1.0,1.0,0.0,0.0,2024-10-26,2027-10-16
17,full,factor_cov_change,gradual_bias,0.5,1.0,1,0.0,0.0,0.0,0.0,2024-10-26,2027-10-16
17,full,factor_cov_change,gradual_bias,0.5,2.0,1,1.0,1.0,0.0,0.0,2024-10-26,2027-10-16
17,full,factor_cov_change,gradual_bias,0.75,1.0,1,0.0,0.0,0.0,0.0,2024-10-26,2027-10-16
17,full,factor_cov_change,gradual_bias,0.75,2.0,1,1.0,1.0,0.0,0.0,2024-10-26,2027-10-16
17,full,factor_cov_change,gradual_bias,1.0,1.0,1,0.0,0.0,0.0,0.0,2024-10-26,2027-10-16
17,full,factor_cov_change,gradual_bias,1.0,2.0,1,1.0,1.0,0.0,0.0,2024-10-26,2027-10-16
17,full,factor_cov_delta,gradual_bias,0.25,1.0,1,0.0,0.0,0.0,0.0,2024-10-26,2027-10-16
17,full,factor_cov_delta,gradual_bias,0.25,2.0,1,0.0,0.0,0.0,0.0,2024-10-26,2027-10-16
17,full,factor_cov_delta,gradual_bias,0.5,1.0,1,0.0,0.0,0.0,0.0,2024-10-26,2027-10-16
17,full,factor_cov_delta,gradual_bias,0.5,2.0,1,0.0,0.0,0.0,0.0,2024-10-26,2027-10-16
17,full,factor_cov_delta,gradual_bias,0.75,1.0,1,0.0,0.0,0.0,0.0,2024-10-26,2027-10-16
17,full,factor_cov_delta,gradual_bias,0.75,2.0,1,0.0,0.0,0.0,0.0,2024-10-26,2027-10-16
17,full,factor_cov_delta,gradual_bias,1.0,1.0,1,0.0,0.0,0.0,0.0,2024-10-26,2027-10-16
17,full,factor_cov_delta,gradual_bias,1.0,2.0,1,0.0,0.0,0.0,0.0,2024-10-26,2027-10-16
17,full,factor_cov_lrt,gradual_bias,0.25,1.0,1,0.0,0.0,0.0,0.0,2024-10-26,2027-10-16
17,full,factor_cov_lrt,gradual_bias,0.25,2.0,1,1.0,1.0,0.0,0.0,2024-10-26,2027-10-16
17,full,factor_cov_lrt,gradual_bias,0.5,1.0,1,0.0,0.0,0.0,0.0,2024-10-26,2027-10-16
17,full,factor_cov_lrt,gradual_bias,0.5,2.0,1,1.0,1.0,0.0,0.0,2024-10-26,2027-10-16
17,full,factor_cov_lrt,gradual_bias,0.75,1.0,1,0.0,0.0,0.0,0.0,2024-10-26,2027-10-16
17,full,factor_cov_lrt,gradual_bias,0.75,2.0,1,1.0,1.0,0.0,0.0,2024-10-26,2027-10-16
17,full,factor_cov_lrt,gradual_bias,1.0,1.0,1,0.0,0.0,0.0,0.0,2024-10-26,2027-10-16
17,full,factor_cov_lrt,gradual_bias,1.0,2.0,1,1.0,1.0,0.0,0.0,2024-10-26,2027-10-16
17,full,factor_cov_lrt_delta,gradual_bias,0.25,1.0,1,0.0,0.0,0.0,0.0,2024-10-26,2027-10-16
17,full,factor_cov_lrt_delta,gradual_bias,0.25,2.0,1,1.0,1.0,0.0,0.0,2024-10-26,2027-10-16
17,full,factor_cov_lrt_delta,gradual_bias,0.5,1.0,1,0.0,0.0,0.0,0.0,2024-10-26,2027-10-16
17,full,factor_cov_lrt_delta,gradual_bias,0.5,2.0,1,1.0,1.0,0.0,0.0,2024-10-26,2027-10-16
17,full,factor_cov_lrt_delta,gradual_bias,0.75,1.0,1,0.0,0.0,0.0,0.0,2024-10-26,2027-10-16
17,full,factor_cov_lrt_delta,gradual_bias,0.75,2.0,1,1.0,1.0,0.0,0.0,2024-10-26,2027-10-16
17,full,factor_cov_lrt_delta,gradual_bias,1.0,1.0,1,0.0,0.0,0.0,0.0,2024-10-26,2027-10-16
17,full,factor_cov_lrt_delta,gradual_bias,1.0,2.0,1,1.0,1.0,0.0,0.0,2024-10-26,2027-10-16
17,full,fused_fisher,gradual_bias,0.25,1.0,1,0.0,0.0,0.0,0.0,2024-10-26,2027-10-16
17,full,fused_fisher,gradual_bias,0.25,2.0,1,0.0,0.0,0.0,0.0,2024-10-26,2027-10-16
17,full,fused_fisher,gradual_bias,0.5,1.0,1,0.0,0.0,0.0,0.0,2024-10-26,2027-10-16
17,full,fused_fisher,gradual_bias,0.5,2.0,1,0.0,0.0,0.0,0.0,2024-10-26,2027-10-16
17,full,fused_fisher,gradual_bias,0.75,1.0,1,0.0,0.0,0.0,0.0,2024-10-26,2027-10-16
17,full,fused_fisher,gradual_bias,0.75,2.0,1,0.0,0.0,0.0,0.0,2024-10-26,2027-10-16
17,full,fused_fisher,gradual_bias,1.0,1.0,1,0.0,0.0,0.0,0.0,2024-10-26,2027-10-16
17,full,fused_fisher,gradual_bias,1.0,2.0,1,0.0,0.0,0.0,0.0,2024-10-26,2027-10-16
17,full,fused_fisher_lrt_delta,gradual_bias,0.25,1.0,1,0.0,0.0,0.0,0.0,2024-10-26,2027-10-16
17,full,fused_fisher_lrt_delta,gradual_bias,0.25,2.0,1,0.0,0.0,0.0,0.0,2024-10-26,2027-10-16
17,full,fused_fisher_lrt_delta,gradual_bias,0.5,1.0,1,0.0,0.0,0.0,0.0,2024-10-26,2027-10-16
17,full,fused_fisher_lrt_delta,gradual_bias,0.5,2.0,1,0.0,0.0,0.0,0.0,2024-10-26,2027-10-16
17,full,fused_fisher_lrt_delta,gradual_bias,0.75,1.0,1,0.0,0.0,0.0,0.0,2024-10-26,2027-10-16
17,full,fused_fisher_lrt_delta,gradual_bias,0.75,2.0,1,0.0,0.0,0.0,0.0,2024-10-26,2027-10-16
17,full,fused_fisher_lrt_delta,gradual_bias,1.0,1.0,1,0.0,0.0,0.0,0.0,2024-10-26,2027-10-16
17,full,fused_fisher_lrt_delta,gradual_bias,1.0,2.0,1,0.0,0.0,0.0,0.0,2024-10-26,2027-10-16
17,full,fused_sp,gradual_bias,0.25,1.0,1,0.0,0.0,0.0,0.0,2024-10-26,2027-10-16
17,full,fused_sp,gradual_bias,0.25,2.0,1,0.0,0.0,0.0,0.0,2024-10-26,2027-10-16
17,full,fused_sp,gradual_bias,0.5,1.0,1,0.0,0.0,0.0,0.0,2024-10-26,2027-10-16
17,full,fused_sp,gradual_bias,0.5,2.0,1,0.0,0.0,0.0,0.0,2024-10-26,2027-10-16
17,full,fused_sp,gradual_bias,0.75,1.0,1,0.0,0.0,0.0,0.0,2024-10-26,2027-10-16
17,full,fused_sp,gradual_bias,0.75,2.0,1,0.0,0.0,0.0,0.0,2024-10-26,2027-10-16
17,full,fused_sp,gradual_bias,1.0,1.0,1,0.0,0.0,0.0,0.0,2024-10-26,2027-10-16
17,full,fused_sp,gradual_bias,1.0,2.0,1,0.0,0.0,0.0,0.0,2024-10-26,2027-10-16
17,full,fused_sp_lrt_delta,gradual_bias,0.25,1.0,1,0.0,0.0,0.0,0.0,2024-10-26,2027-10-16
17,full,fused_sp_lrt_delta,gradual_bias,0.25,2.0,1,0.0,0.0,0.0,0.0,2024-10-26,2027-10-16
17,full,fused_sp_lrt_delta,gradual_bias,0.5,1.0,1,0.0,0.0,0.0,0.0,2024-10-26,2027-10-16
17,full,fused_sp_lrt_delta,gradual_bias,0.5,2.0,1,0.0,0.0,0.0,0.0,2024-10-26,2027-10-16
17,full,fused_sp_lrt_delta,gradual_bias,0.75,1.0,1,0.0,0.0,0.0,0.0,2024-10-26,2027-10-16
17,full,fused_sp_lrt_delta,gradual_bias,0.75,2.0,1,0.0,0.0,0.0,0.0,2024-10-26,2027-10-16
17,full,fused_sp_lrt_delta,gradual_bias,1.0,1.0,1,0.0,0.0,0.0,0.0,2024-10-26,2027-10-16
17,full,fused_sp_lrt_delta,gradual_bias,1.0,2.0,1,0.0,0.0,0.0,0.0,2024-10-26,2027-10-16
17,full,max_abs,gradual_bias,0.25,1.0,1,0.0,0.0,0.0,0.0,2024-10-26,2027-10-16
17,full,max_abs,gradual_bias,0.25,2.0,1,0.0,0.0,0.0,0.0,2024-10-26,2027-10-16
17,full,max_abs,gradual_bias,0.5,1.0,1,0.0,0.0,0.0,0.0,2024-10-26,2027-10-16
17,full,max_abs,gradual_bias,0.5,2.0,1,0.0,0.0,0.0,0.0,2024-10-26,2027-10-16
17,full,max_abs,gradual_bias,0.75,1.0,1,0.0,0.0,0.0,0.0,2024-10-26,2027-10-16
17,full,max_abs,gradual_bias,0.75,2.0,1,0.0,0.0,0.0,0.0,2024-10-26,2027-10-16
17,full,max_abs,gradual_bias,1.0,1.0,1,0.0,0.0,0.0,0.0,2024-10-26,2027-10-16
17,full,max_abs,gradual_bias,1.0,2.0,1,0.0,0.0,0.0,0.0,2024-10-26,2027-10-16
17,full,pc_t2,gradual_bias,0.25,1.0,1,0.0,0.0,0.0,0.0,2024-10-26,2027-10-16
17,full,pc_t2,gradual_bias,0.25,2.0,1,0.0,0.0,0.0,0.0,2024-10-26,2027-10-16
17,full,pc_t2,gradual_bias,0.5,1.0,1,0.0,0.0,0.0,0.0,2024-10-26,2027-10-16
17,full,pc_t2,gradual_bias,0.5,2.0,1,0.0,0.0,0.0,0.0,2024-10-26,2027-10-16
17,full,pc_t2,gradual_bias,0.75,1.0,1,0.0,0.0,0.0,0.0,2024-10-26,2027-10-16
17,full,pc_t2,gradual_bias,0.75,2.0,1,0.0,0.0,0.0,0.0,2024-10-26,2027-10-16
17,full,pc_t2,gradual_bias,1.0,1.0,1,0.0,0.0,0.0,0.0,2024-10-26,2027-10-16
17,full,pc_t2,gradual_bias,1.0,2.0,1,0.0,0.0,0.0,0.0,2024-10-26,2027-10-16
17,full,res_energy,gradual_bias,0.25,1.0,1,0.0,0.0,0.0,0.0,2024-10-26,2027-10-16
17,full,res_energy,gradual_bias,0.25,2.0,1,0.0,0.0,0.0,0.0,2024-10-26,2027-10-16
17,full,res_energy,gradual_bias,0.5,1.0,1,0.0,0.0,0.0,0.0,2024-10-26,2027-10-16
17,full,res_energy,gradual_bias,0.5,2.0,1,0.0,0.0,0.0,0.0,2024-10-26,2027-10-16
17,full,res_energy,gradual_bias,0.75,1.0,1,0.0,0.0,0.0,0.0,2024-10-26,2027-10-16
17,full,res_energy,gradual_bias,0.75,2.0,1,0.0,0.0,0.0,0.0,2024-10-26,2027-10-16
17,full,res_energy,gradual_bias,1.0,1.0,1,0.0,0.0,0.0,0.0,2024-10-26,2027-10-16
17,full,res_energy,gradual_bias,1.0,2.0,1,0.0,0.0,0.0,0.0,2024-10-26,2027-10-16
17,full,stale,gradual_bias,0.25,1.0,1,0.0,0.0,0.0,1.0,2024-10-26,2027-10-16
17,full,stale,gradual_bias,0.25,2.0,1,0.0,0.0,0.0,1.0,2024-10-26,2027-10-16
17,full,stale,gradual_bias,0.5,1.0,1,0.0,0.0,0.0,1.0,2024-10-26,2027-10-16
17,full,stale,gradual_bias,0.5,2.0,1,0.0,0.0,0.0,1.0,2024-10-26,2027-10-16
17,full,stale,gradual_bias,0.75,1.0,1,0.0,0.0,0.0,1.0,2024-10-26,2027-10-16
17,full,stale,gradual_bias,0.75,2.0,1,0.0,0.0,0.0,1.0,2024-10-26,2027-10-16
17,full,stale,gradual_bias,1.0,1.0,1,0.0,0.0,0.0,1.0,2024-10-26,2027-10-16
17,full,stale,gradual_bias,1.0,2.0,1,0.0,0.0,0.0,1.0,2024-10-26,2027-10-16
17,score_only,T2,gradual_bias,0.25,1.0,1,0.0,0.0,0.0,0.0,2024-10-26,2027-10-16
17,score_only,T2,gradual_bias,0.25,2.0,1,0.0,0.0,0.0,0.0,2024-10-26,2027-10-16
17,score_only,T2,gradual_bias,0.5,1.0,1,0.0,0.0,0.0,0.0,2024-10-26,2027-10-16
17,score_only,T2,gradual_bias,0.5,2.0,1,0.0,0.0,0.0,0.0,2024-10-26,2027-10-16
17,score_only,T2,gradual_bias,0.75,1.0,1,0.0,0.0,0.0,0.0,2024-10-26,2027-10-16
17,score_only,T2,gradual_bias,0.75,2.0,1,0.0,0.0,0.0,0.0,2024-10-26,2027-10-16
17,score_only,T2,gradual_bias,1.0,1.0,1,0.0,0.0,0.0,0.0,2024-10-26,2027-10-16
17,score_only,T2,gradual_bias,1.0,2.0,1,0.0,0.0,0.0,0.0,2024-10-26,2027-10-16
17,score_only,coh_resid_energy,gradual_bias,0.25,1.0,1,0.0,0.0,0.0,0.0,2024-10-26,2027-10-16
17,score_only,coh_resid_energy,gradual_bias,0.25,2.0,1,0.0,0.0,0.0,0.0,2024-10-26,2027-10-16
17,score_only,coh_resid_energy,gradual_bias,0.5,1.0,1,0.0,0.0,0.0,0.0,2024-10-26,2027-10-16
17,score_only,coh_resid_energy,gradual_bias,0.5,2.0,1,0.0,0.0,0.0,0.0,2024-10-26,2027-10-16
17,score_only,coh_resid_energy,gradual_bias,0.75,1.0,1,0.0,0.0,0.0,0.0,2024-10-26,2027-10-16
17,score_only,coh_resid_energy,gradual_bias,0.75,2.0,1,0.0,0.0,0.0,0.0,2024-10-26,2027-10-16
17,score_only,coh_resid_energy,gradual_bias,1.0,1.0,1,0.0,0.0,0.0,0.0,2024-10-26,2027-10-16
17,score_only,coh_resid_energy,gradual_bias,1.0,2.0,1,0.0,0.0,0.0,0.0,2024-10-26,2027-10-16
17,score_only,coh_resid_t2,gradual_bias,0.25,1.0,1,0.0,0.0,0.0,0.0,2024-10-26,2027-10-16
17,score_only,coh_resid_t2,gradual_bias,0.25,2.0,1,0.0,0.0,0.0,0.0,2024-10-26,2027-10-16
17,score_only,coh_resid_t2,gradual_bias,0.5,1.0,1,0.0,0.0,0.0,0.0,2024-10-26,2027-10-16
17,score_only,coh_resid_t2,gradual_bias,0.5,2.0,1,0.0,0.0,0.0,0.0,2024-10-26,2027-10-16
17,score_only,coh_resid_t2,gradual_bias,0.75,1.0,1,0.0,0.0,0.0,0.0,2024-10-26,2027-10-16
17,score_only,coh_resid_t2,gradual_bias,0.75,2.0,1,0.0,0.0,0.0,0.0,2024-10-26,2027-10-16
17,score_only,coh_resid_t2,gradual_bias,1.0,1.0,1,0.0,0.0,0.0,0.0,2024-10-26,2027-10-16
17,score_only,coh_resid_t2,gradual_bias,1.0,2.0,1,0.0,0.0,0.0,0.0,2024-10-26,2027-10-16
17,score_only,cusum_coh_resid_t2,gradual_bias,0.25,1.0,1,0.0,0.0,1.0,0.0,2024-10-26,2027-10-16
17,score_only,cusum_coh_resid_t2,gradual_bias,0.25,2.0,1,0.0,0.0,0.0,0.0,2024-10-26,2027-10-16
17,score_only,cusum_coh_resid_t2,gradual_bias,0.5,1.0,1,0.0,0.0,1.0,0.0,2024-10-26,2027-10-16
17,score_only,cusum_coh_resid_t2,gradual_bias,0.5,2.0,1,0.0,0.0,0.0,0.0,2024-10-26,2027-10-16
17,score_only,cusum_coh_resid_t2,gradual_bias,0.75,1.0,1,0.0,0.0,1.0,0.0,2024-10-26,2027-10-16
17,score_only,cusum_coh_resid_t2,gradual_bias,0.75,2.0,1,0.0,0.0,0.0,0.0,2024-10-26,2027-10-16
17,score_only,cusum_coh_resid_t2,gradual_bias,1.0,1.0,1,0.0,0.0,1.0,0.0,2024-10-26,2027-10-16
17,score_only,cusum_coh_resid_t2,gradual_bias,1.0,2.0,1,0.0,0.0,0.0,0.0,2024-10-26,2027-10-16
17,score_only,cusum_factor_cov_lrt,gradual_bias,0.25,1.0,1,0.0,0.0,0.0,0.0,2024-10-26,2027-10-16
17,score_only,cusum_factor_cov_lrt,gradual_bias,0.25,2.0,1,0.0,0.0,0.0,0.0,2024-10-26,2027-10-16
17,score_only,cusum_factor_cov_lrt,gradual_bias,0.5,1.0,1,0.0,0.0,0.0,0.0,2024-10-26,2027-10-16
17,score_only,cusum_factor_cov_lrt,gradual_bias,0.5,2.0,1,0.0,0.0,0.0,0.0,2024-10-26,2027-10-16
17,score_only,cusum_factor_cov_lrt,gradual_bias,0.75,1.0,1,0.0,0.0,0.0,0.0,2024-10-26,2027-10-16
17,score_only,cusum_factor_cov_lrt,gradual_bias,0.75,2.0,1,0.0,0.0,0.0,0.0,2024-10-26,2027-10-16
17,score_only,cusum_factor_cov_lrt,gradual_bias,1.0,1.0,1,0.0,0.0,0.0,0.0,2024-10-26,2027-10-16
17,score_only,cusum_factor_cov_lrt,gradual_bias,1.0,2.0,1,0.0,0.0,0.0,0.0,2024-10-26,2027-10-16
17,score_only,ewma_coh_resid_t2,gradual_bias,0.25,1.0,1,0.0,0.0,0.0,0.0,2024-10-26,2027-10-16
17,score_only,ewma_coh_resid_t2,gradual_bias,0.25,2.0,1,0.0,0.0,0.0,0.0,2024-10-26,2027-10-16
17,score_only,ewma_coh_resid_t2,gradual_bias,0.5,1.0,1,0.0,0.0,0.0,0.0,2024-10-26,2027-10-16
17,score_only,ewma_coh_resid_t2,gradual_bias,0.5,2.0,1,0.0,0.0,0.0,0.0,2024-10-26,2027-10-16
17,score_only,ewma_coh_resid_t2,gradual_bias,0.75,1.0,1,0.0,0.0,0.0,0.0,2024-10-26,2027-10-16
17,score_only,ewma_coh_resid_t2,gradual_bias,0.75,2.0,1,0.0,0.0,0.0,0.0,2024-10-26,2027-10-16
17,score_only,ewma_coh_resid_t2,gradual_bias,1.0,1.0,1,0.0,0.0,0.0,0.0,2024-10-26,2027-10-16
17,score_only,ewma_coh_resid_t2,gradual_bias,1.0,2.0,1,0.0,0.0,0.0,0.0,2024-10-26,2027-10-16
17,score_only,ewma_factor_cov_lrt,gradual_bias,0.25,1.0,1,0.0,0.0,0.0,0.0,2024-10-26,2027-10-16
17,score_only,ewma_factor_cov_lrt,gradual_bias,0.25,2.0,1,0.0,0.0,0.0,0.0,2024-10-26,2027-10-16
17,score_only,ewma_factor_cov_lrt,gradual_bias,0.5,1.0,1,0.0,0.0,0.0,0.0,2024-10-26,2027-10-16
17,score_only,ewma_factor_cov_lrt,gradual_bias,0.5,2.0,1,0.0,0.0,0.0,0.0,2024-10-26,2027-10-16
17,score_only,ewma_factor_cov_lrt,gradual_bias,0.75,1.0,1,0.0,0.0,0.0,0.0,2024-10-26,2027-10-16
17,score_only,ewma_factor_cov_lrt,gradual_bias,0.75,2.0,1,0.0,0.0,0.0,0.0,2024-10-26,2027-10-16
17,score_only,ewma_factor_cov_lrt,gradual_bias,1.0,1.0,1,0.0,0.0,0.0,0.0,2024-10-26,2027-10-16
17,score_only,ewma_factor_cov_lrt,gradual_bias,1.0,2.0,1,0.0,0.0,0.0,0.0,2024-10-26,2027-10-16
17,score_only,factor_cov_change,gradual_bias,0.25,1.0,1,0.0,0.0,0.0,0.0,2024-10-26,2027-10-16
17,score_only,factor_cov_change,gradual_bias,0.25,2.0,1,0.0,0.0,0.0,0.0,2024-10-26,2027-10-16
17,score_only,factor_cov_change,gradual_bias,0.5,1.0,1,0.0,0.0,0.0,0.0,2024-10-26,2027-10-16
17,score_only,factor_cov_change,gradual_bias,0.5,2.0,1,0.0,0.0,0.0,0.0,2024-10-26,2027-10-16
17,score_only,factor_cov_change,gradual_bias,0.75,1.0,1,0.0,0.0,0.0,0.0,2024-10-26,2027-10-16
17,score_only,factor_cov_change,gradual_bias,0.75,2.0,1,0.0,0.0,0.0,0.0,2024-10-26,2027-10-16
17,score_only,factor_cov_change,gradual_bias,1.0,1.0,1,0.0,0.0,0.0,0.0,2024-10-26,2027-10-16
17,score_only,factor_cov_change,gradual_bias,1.0,2.0,1,0.0,0.0,0.0,0.0,2024-10-26,2027-10-16
17,score_only,factor_cov_delta,gradual_bias,0.25,1.0,1,0.0,0.0,0.0,0.0,2024-10-26,2027-10-16
17,score_only,factor_cov_delta,gradual_bias,0.25,2.0,1,0.0,0.0,0.0,0.0,2024-10-26,2027-10-16
17,score_only,factor_cov_delta,gradual_bias,0.5,1.0,1,0.0,0.0,0.0,0.0,2024-10-26,2027-10-16
17,score_only,factor_cov_delta,gradual_bias,0.5,2.0,1,0.0,0.0,0.0,0.0,2024-10-26,2027-10-16
17,score_only,factor_cov_delta,gradual_bias,0.75,1.0,1,0.0,0.0,0.0,0.0,2024-10-26,2027-10-16
17,score_only,factor_cov_delta,gradual_bias,0.75,2.0,1,0.0,0.0,0.0,0.0,2024-10-26,2027-10-16
17,score_only,factor_cov_delta,gradual_bias,1.0,1.0,1,0.0,0.0,0.0,0.0,2024-10-26,2027-10-16
17,score_only,factor_cov_delta,gradual_bias,1.0,2.0,1,0.0,0.0,0.0,0.0,2024-10-26,2027-10-16
17,score_only,factor_cov_lrt,gradual_bias,0.25,1.0,1,0.0,0.0,0.0,0.0,2024-10-26,2027-10-16
17,score_only,factor_cov_lrt,gradual_bias,0.25,2.0,1,0.0,0.0,0.0,0.0,2024-10-26,2027-10-16
17,score_only,factor_cov_lrt,gradual_bias,0.5,1.0,1,0.0,0.0,0.0,0.0,2024-10-26,2027-10-16
17,score_only,factor_cov_lrt,gradual_bias,0.5,2.0,1,0.0,0.0,0.0,0.0,2024-10-26,2027-10-16
17,score_only,factor_cov_lrt,gradual_bias,0.75,1.0,1,0.0,0.0,0.0,0.0,2024-10-26,2027-10-16
17,score_only,factor_cov_lrt,gradual_bias,0.75,2.0,1,0.0,0.0,0.0,0.0,2024-10-26,2027-10-16
17,score_only,factor_cov_lrt,gradual_bias,1.0,1.0,1,0.0,0.0,0.0,0.0,2024-10-26,2027-10-16
17,score_only,factor_cov_lrt,gradual_bias,1.0,2.0,1,0.0,0.0,0.0,0.0,2024-10-26,2027-10-16
17,score_only,factor_cov_lrt_delta,gradual_bias,0.25,1.0,1,0.0,0.0,0.0,0.0,2024-10-26,2027-10-16
17,score_only,factor_cov_lrt_delta,gradual_bias,0.25,2.0,1,0.0,0.0,0.0,0.0,2024-10-26,2027-10-16
17,score_only,factor_cov_lrt_delta,gradual_bias,0.5,1.0,1,0.0,0.0,0.0,0.0,2024-10-26,2027-10-16
17,score_only,factor_cov_lrt_delta,gradual_bias,0.5,2.0,1,0.0,0.0,0.0,0.0,2024-10-26,2027-10-16
17,score_only,factor_cov_lrt_delta,gradual_bias,0.75,1.0,1,0.0,0.0,0.0,0.0,2024-10-26,2027-10-16
17,score_only,factor_cov_lrt_delta,gradual_bias,0.75,2.0,1,0.0,0.0,0.0,0.0,2024-10-26,2027-10-16
17,score_only,factor_cov_lrt_delta,gradual_bias,1.0,1.0,1,0.0,0.0,0.0,0.0,2024-10-26,2027-10-16
17,score_only,factor_cov_lrt_delta,gradual_bias,1.0,2.0,1,0.0,0.0,0.0,0.0,2024-10-26,2027-10-16
17,score_only,fused_fisher,gradual_bias,0.25,1.0,1,0.0,0.0,0.0,0.0,2024-10-26,2027-10-16
17,score_only,fused_fisher,gradual_bias,0.25,2.0,1,0.0,0.0,0.0,0.0,2024-10-26,2027-10-16
17,score_only,fused_fisher,gradual_bias,0.5,1.0,1,0.0,0.0,0.0,0.0,2024-10-26,2027-10-16
17,score_only,fused_fisher,gradual_bias,0.5,2.0,1,0.0,0.0,0.0,0.0,2024-10-26,2027-10-16
17,score_only,fused_fisher,gradual_bias,0.75,1.0,1,0.0,0.0,0.0,0.0,2024-10-26,2027-10-16
17,score_only,fused_fisher,gradual_bias,0.75,2.0,1,0.0,0.0,0.0,0.0,2024-10-26,2027-10-16
17,score_only,fused_fisher,gradual_bias,1.0,1.0,1,0.0,0.0,0.0,0.0,2024-10-26,2027-10-16
17,score_only,fused_fisher,gradual_bias,1.0,2.0,1,0.0,0.0,0.0,0.0,2024-10-26,2027-10-16
17,score_only,fused_fisher_lrt_delta,gradual_bias,0.25,1.0,1,0.0,0.0,0.0,0.0,2024-10-26,2027-10-16
17,score_only,fused_fisher_lrt_delta,gradual_bias,0.25,2.0,1,0.0,0.0,0.0,0.0,2024-10-26,2027-10-16
17,score_only,fused_fisher_lrt_delta,gradual_bias,0.5,1.0,1,0.0,0.0,0.0,0.0,2024-10-26,2027-10-16
17,score_only,fused_fisher_lrt_delta,gradual_bias,0.5,2.0,1,0.0,0.0,0.0,0.0,2024-10-26,2027-10-16
17,score_only,fused_fisher_lrt_delta,gradual_bias,0.75,1.0,1,0.0,0.0,0.0,0.0,2024-10-26,2027-10-16
17,score_only,fused_fisher_lrt_delta,gradual_bias,0.75,2.0,1,0.0,0.0,0.0,0.0,2024-10-26,2027-10-16
17,score_only,fused_fisher_lrt_delta,gradual_bias,1.0,1.0,1,0.0,0.0,0.0,0.0,2024-10-26,2027-10-16
17,score_only,fused_fisher_lrt_delta,gradual_bias,1.0,2.0,1,0.0,0.0,0.0,0.0,2024-10-26,2027-10-16
17,score_only,fused_sp,gradual_bias,0.25,1.0,1,0.0,0.0,0.0,0.0,2024-10-26,2027-10-16
17,score_only,fused_sp,gradual_bias,0.25,2.0,1,0.0,0.0,0.0,0.0,2024-10-26,2027-10-16
17,score_only,fused_sp,gradual_bias,0.5,1.0,1,0.0,0.0,0.0,0.0,2024-10-26,2027-10-16
17,score_only,fused_sp,gradual_bias,0.5,2.0,1,0.0,0.0,0.0,0.0,2024-10-26,2027-10-16
17,score_only,fused_sp,gradual_bias,0.75,1.0,1,0.0,0.0,0.0,0.0,2024-10-26,2027-10-16
17,score_only,fused_sp,gradual_bias,0.75,2.0,1,0.0,0.0,0.0,0.0,2024-10-26,2027-10-16
17,score_only,fused_sp,gradual_bias,1.0,1.0,1,0.0,0.0,0.0,0.0,2024-10-26,2027-10-16
17,score_only,fused_sp,gradual_bias,1.0,2.0,1,0.0,0.0,0.0,0.0,2024-10-26,2027-10-16
17,score_only,fused_sp_lrt_delta,gradual_bias,0.25,1.0,1,0.0,0.0,0.0,0.0,2024-10-26,2027-10-16
17,score_only,fused_sp_lrt_delta,gradual_bias,0.25,2.0,1,0.0,0.0,0.0,0.0,2024-10-26,2027-10-16
17,score_only,fused_sp_lrt_delta,gradual_bias,0.5,1.0,1,0.0,0.0,0.0,0.0,2024-10-26,2027-10-16
17,score_only,fused_sp_lrt_delta,gradual_bias,0.5,2.0,1,0.0,0.0,0.0,0.0,2024-10-26,2027-10-16
17,score_only,fused_sp_lrt_delta,gradual_bias,0.75,1.0,1,0.0,0.0,0.0,0.0,2024-10-26,2027-10-16
17,score_only,fused_sp_lrt_delta,gradual_bias,0.75,2.0,1,0.0,0.0,0.0,0.0,2024-10-26,2027-10-16
17,score_only,fused_sp_lrt_delta,gradual_bias,1.0,1.0,1,0.0,0.0,0.0,0.0,2024-10-26,2027-10-16
17,score_only,fused_sp_lrt_delta,gradual_bias,1.0,2.0,1,0.0,0.0,0.0,0.0,2024-10-26,2027-10-16
17,score_only,max_abs,gradual_bias,0.25,1.0,1,0.0,0.0,0.0,0.0,2024-10-26,2027-10-16
17,score_only,max_abs,gradual_bias,0.25,2.0,1,0.0,0.0,0.0,0.0,2024-10-26,2027-10-16
17,score_only,max_abs,gradual_bias,0.5,1.0,1,0.0,0.0,0.0,0.0,2024-10-26,2027-10-16
17,score_only,max_abs,gradual_bias,0.5,2.0,1,0.0,0.0,0.0,0.0,2024-10-26,2027-10-16
17,score_only,max_abs,gradual_bias,0.75,1.0,1,0.0,0.0,0.0,0.0,2024-10-26,2027-10-16
17,score_only,max_abs,gradual_bias,0.75,2.0,1,0.0,0.0,0.0,0.0,2024-10-26,2027-10-16
17,score_only,max_abs,gradual_bias,1.0,1.0,1,0.0,0.0,0.0,0.0,2024-10-26,2027-10-16
17,score_only,max_abs,gradual_bias,1.0,2.0,1,0.0,0.0,0.0,0.0,2024-10-26,2027-10-16
17,score_only,pc_t2,gradual_bias,0.25,1.0,1,0.0,0.0,0.0,0.0,2024-10-26,2027-10-16
17,score_only,pc_t2,gradual_bias,0.25,2.0,1,0.0,0.0,0.0,0.0,2024-10-26,2027-10-16
17,score_only,pc_t2,gradual_bias,0.5,1.0,1,0.0,0.0,0.0,0.0,2024-10-26,2027-10-16
17,score_only,pc_t2,gradual_bias,0.5,2.0,1,0.0,0.0,0.0,0.0,2024-10-26,2027-10-16
17,score_only,pc_t2,gradual_bias,0.75,1.0,1,0.0,0.0,0.0,0.0,2024-10-26,2027-10-16
17,score_only,pc_t2,gradual_bias,0.75,2.0,1,0.0,0.0,0.0,0.0,2024-10-26,2027-10-16
17,score_only,pc_t2,gradual_bias,1.0,1.0,1,0.0,0.0,0.0,0.0,2024-10-26,2027-10-16
17,score_only,pc_t2,gradual_bias,1.0,2.0,1,0.0,0.0,0.0,0.0,2024-10-26,2027-10-16
17,score_only,res_energy,gradual_bias,0.25,1.0,1,0.0,0.0,0.0,0.0,2024-10-26,2027-10-16
17,score_only,res_energy,gradual_bias,0.25,2.0,1,0.0,0.0,0.0,0.0,2024-10-26,2027-10-16
17,score_only,res_energy,gradual_bias,0.5,1.0,1,0.0,0.0,0.0,0.0,2024-10-26,2027-10-16
17,score_only,res_energy,gradual_bias,0.5,2.0,1,0.0,0.0,0.0,0.0,2024-10-26,2027-10-16
17,score_only,res_energy,gradual_bias,0.75,1.0,1,0.0,0.0,0.0,0.0,2024-10-26,2027-10-16
17,score_only,res_energy,gradual_bias,0.75,2.0,1,0.0,0.0,0.0,0.0,2024-10-26,2027-10-16
17,score_only,res_energy,gradual_bias,1.0,1.0,1,0.0,0.0,0.0,0.0,2024-10-26,2027-10-16
17,score_only,res_energy,gradual_bias,1.0,2.0,1,0.0,0.0,0.0,0.0,2024-10-26,2027-10-16
17,score_only,stale,gradual_bias,0.25,1.0,1,0.0,1.0,0.0,1.0,2024-10-26,2027-10-16
17,score_only,stale,gradual_bias,0.25,2.0,1,0.0,1.0,0.0,1.0,2024-10-26,2027-10-16
17,score_only,stale,gradual_bias,0.5,1.0,1,0.0,1.0,0.0,1.0,2024-10-26,2027-10-16
17,score_only,stale,gradual_bias,0.5,2.0,1,0.0,1.0,0.0,1.0,2024-10-26,2027-10-16
17,score_only,stale,gradual_bias,0.75,1.0,1,0.0,1.0,0.0,1.0,2024-10-26,2027-10-16
17,score_only,stale,gradual_bias,0.75,2.0,1,0.0,1.0,0.0,1.0,2024-10-26,2027-10-16
17,score_only,stale,gradual_bias,1.0,1.0,1,0.0,1.0,0.0,1.0,2024-10-26,2027-10-16
17,score_only,stale,gradual_bias,1.0,2.0,1,0.0,1.0,0.0,1.0,2024-10-26,2027-10-16
18,all_only,T2,gradual_bias,0.25,1.0,2,0.0,0.0,0.0,0.0,2025-10-25,2028-10-14
18,all_only,T2,gradual_bias,0.25,2.0,2,0.5,0.5,0.0,0.0,2025-10-25,2028-10-14
18,all_only,T2,gradual_bias,0.5,1.0,2,0.0,0.0,0.0,0.0,2025-10-25,2028-10-14
18,all_only,T2,gradual_bias,0.5,2.0,2,0.5,0.5,0.0,0.0,2025-10-25,2028-10-14
18,all_only,T2,gradual_bias,0.75,1.0,2,0.0,0.0,0.0,0.0,2025-10-25,2028-10-14
18,all_only,T2,gradual_bias,0.75,2.0,2,0.5,0.5,0.0,0.0,2025-10-25,2028-10-14
18,all_only,T2,gradual_bias,1.0,1.0,2,0.0,0.0,0.0,0.0,2025-10-25,2028-10-14
18,all_only,T2,gradual_bias,1.0,2.0,2,0.5,0.5,0.0,0.0,2025-10-25,2028-10-14
18,all_only,cusum_factor_cov_lrt,gradual_bias,0.25,1.0,2,0.0,0.0,0.0,0.0,2025-10-25,2028-10-14
18,all_only,cusum_factor_cov_lrt,gradual_bias,0.25,2.0,2,0.0,0.0,0.0,0.0,2025-10-25,2028-10-14
18,all_only,cusum_factor_cov_lrt,gradual_bias,0.5,1.0,2,0.0,0.0,0.0,0.0,2025-10-25,2028-10-14
18,all_only,cusum_factor_cov_lrt,gradual_bias,0.5,2.0,2,0.0,0.0,0.0,0.0,2025-10-25,2028-10-14
18,all_only,cusum_factor_cov_lrt,gradual_bias,0.75,1.0,2,0.0,0.0,0.0,0.0,2025-10-25,2028-10-14
18,all_only,cusum_factor_cov_lrt,gradual_bias,0.75,2.0,2,0.0,0.0,0.0,0.0,2025-10-25,2028-10-14
18,all_only,cusum_factor_cov_lrt,gradual_bias,1.0,1.0,2,0.0,0.0,0.0,0.0,2025-10-25,2028-10-14
18,all_only,cusum_factor_cov_lrt,gradual_bias,1.0,2.0,2,0.0,0.0,0.0,0.0,2025-10-25,2028-10-14
18,all_only,ewma_factor_cov_lrt,gradual_bias,0.25,1.0,2,0.0,0.0,0.0,0.0,2025-10-25,2028-10-14
18,all_only,ewma_factor_cov_lrt,gradual_bias,0.25,2.0,2,0.0,0.0,0.0,0.0,2025-10-25,2028-10-14
18,all_only,ewma_factor_cov_lrt,gradual_bias,0.5,1.0,2,0.0,0.0,0.0,0.0,2025-10-25,2028-10-14
18,all_only,ewma_factor_cov_lrt,gradual_bias,0.5,2.0,2,0.0,0.0,0.0,0.0,2025-10-25,2028-10-14
18,all_only,ewma_factor_cov_lrt,gradual_bias,0.75,1.0,2,0.0,0.0,0.0,0.0,2025-10-25,2028-10-14
18,all_only,ewma_factor_cov_lrt,gradual_bias,0.75,2.0,2,0.0,0.0,0.0,0.0,2025-10-25,2028-10-14
18,all_only,ewma_factor_cov_lrt,gradual_bias,1.0,1.0,2,0.0,0.0,0.0,0.0,2025-10-25,2028-10-14
18,all_only,ewma_factor_cov_lrt,gradual_bias,1.0,2.0,2,0.0,0.0,0.0,0.0,2025-10-25,2028-10-14
18,all_only,factor_cov_change,gradual_bias,0.25,1.0,2,0.0,0.0,0.0,0.0,2025-10-25,2028-10-14
18,all_only,factor_cov_change,gradual_bias,0.25,2.0,2,1.0,1.0,0.0,0.0,2025-10-25,2028-10-14
18,all_only,factor_cov_change,gradual_bias,0.5,1.0,2,0.0,0.0,0.0,0.0,2025-10-25,2028-10-14
18,all_only,factor_cov_change,gradual_bias,0.5,2.0,2,1.0,1.0,0.0,0.0,2025-10-25,2028-10-14
18,all_only,factor_cov_change,gradual_bias,0.75,1.0,2,0.0,0.0,0.0,0.0,2025-10-25,2028-10-14
18,all_only,factor_cov_change,gradual_bias,0.75,2.0,2,1.0,1.0,0.0,0.0,2025-10-25,2028-10-14
18,all_only,factor_cov_change,gradual_bias,1.0,1.0,2,0.0,0.0,0.0,0.0,2025-10-25,2028-10-14
18,all_only,factor_cov_change,gradual_bias,1.0,2.0,2,1.0,1.0,0.0,0.0,2025-10-25,2028-10-14
18,all_only,factor_cov_delta,gradual_bias,0.25,1.0,2,0.0,0.0,0.0,0.0,2025-10-25,2028-10-14
18,all_only,factor_cov_delta,gradual_bias,0.25,2.0,2,0.0,0.0,0.0,0.0,2025-10-25,2028-10-14
18,all_only,factor_cov_delta,gradual_bias,0.5,1.0,2,0.0,0.0,0.0,0.0,2025-10-25,2028-10-14
18,all_only,factor_cov_delta,gradual_bias,0.5,2.0,2,0.0,0.0,0.0,0.0,2025-10-25,2028-10-14
18,all_only,factor_cov_delta,gradual_bias,0.75,1.0,2,0.0,0.0,0.0,0.0,2025-10-25,2028-10-14
18,all_only,factor_cov_delta,gradual_bias,0.75,2.0,2,0.0,0.0,0.0,0.0,2025-10-25,2028-10-14
18,all_only,factor_cov_delta,gradual_bias,1.0,1.0,2,0.0,0.0,0.0,0.0,2025-10-25,2028-10-14
18,all_only,factor_cov_delta,gradual_bias,1.0,2.0,2,0.0,0.0,0.0,0.0,2025-10-25,2028-10-14
18,all_only,factor_cov_lrt,gradual_bias,0.25,1.0,2,0.0,0.0,0.0,0.0,2025-10-25,2028-10-14
18,all_only,factor_cov_lrt,gradual_bias,0.25,2.0,2,1.0,1.0,0.0,0.0,2025-10-25,2028-10-14
18,all_only,factor_cov_lrt,gradual_bias,0.5,1.0,2,0.0,0.0,0.0,0.0,2025-10-25,2028-10-14
18,all_only,factor_cov_lrt,gradual_bias,0.5,2.0,2,1.0,1.0,0.0,0.0,2025-10-25,2028-10-14
18,all_only,factor_cov_lrt,gradual_bias,0.75,1.0,2,0.0,0.0,0.0,0.0,2025-10-25,2028-10-14
18,all_only,factor_cov_lrt,gradual_bias,0.75,2.0,2,1.0,1.0,0.0,0.0,2025-10-25,2028-10-14
18,all_only,factor_cov_lrt,gradual_bias,1.0,1.0,2,0.0,0.0,0.0,0.0,2025-10-25,2028-10-14
18,all_only,factor_cov_lrt,gradual_bias,1.0,2.0,2,1.0,1.0,0.0,0.0,2025-10-25,2028-10-14
18,all_only,factor_cov_lrt_delta,gradual_bias,0.25,1.0,2,0.0,0.0,0.0,0.0,2025-10-25,2028-10-14
18,all_only,factor_cov_lrt_delta,gradual_bias,0.25,2.0,2,0.0,0.0,0.0,0.0,2025-10-25,2028-10-14
18,all_only,factor_cov_lrt_delta,gradual_bias,0.5,1.0,2,0.0,0.0,0.0,0.0,2025-10-25,2028-10-14
18,all_only,factor_cov_lrt_delta,gradual_bias,0.5,2.0,2,0.0,0.0,0.0,0.0,2025-10-25,2028-10-14
18,all_only,factor_cov_lrt_delta,gradual_bias,0.75,1.0,2,0.0,0.0,0.0,0.0,2025-10-25,2028-10-14
18,all_only,factor_cov_lrt_delta,gradual_bias,0.75,2.0,2,0.0,0.0,0.0,0.0,2025-10-25,2028-10-14
18,all_only,factor_cov_lrt_delta,gradual_bias,1.0,1.0,2,0.0,0.0,0.0,0.0,2025-10-25,2028-10-14
18,all_only,factor_cov_lrt_delta,gradual_bias,1.0,2.0,2,0.0,0.0,0.0,0.0,2025-10-25,2028-10-14
18,all_only,fused_fisher,gradual_bias,0.25,1.0,2,0.0,0.0,0.0,0.0,2025-10-25,2028-10-14
18,all_only,fused_fisher,gradual_bias,0.25,2.0,2,0.0,0.0,0.0,0.0,2025-10-25,2028-10-14
18,all_only,fused_fisher,gradual_bias,0.5,1.0,2,0.0,0.0,0.0,0.0,2025-10-25,2028-10-14
18,all_only,fused_fisher,gradual_bias,0.5,2.0,2,0.0,0.0,0.0,0.0,2025-10-25,2028-10-14
18,all_only,fused_fisher,gradual_bias,0.75,1.0,2,0.0,0.0,0.0,0.0,2025-10-25,2028-10-14
18,all_only,fused_fisher,gradual_bias,0.75,2.0,2,0.0,0.0,0.0,0.0,2025-10-25,2028-10-14
18,all_only,fused_fisher,gradual_bias,1.0,1.0,2,0.0,0.0,0.0,0.0,2025-10-25,2028-10-14
18,all_only,fused_fisher,gradual_bias,1.0,2.0,2,0.0,0.0,0.0,0.0,2025-10-25,2028-10-14
18,all_only,fused_fisher_lrt_delta,gradual_bias,0.25,1.0,2,0.0,0.0,0.0,0.0,2025-10-25,2028-10-14
18,all_only,fused_fisher_lrt_delta,gradual_bias,0.25,2.0,2,0.0,0.0,0.0,0.0,2025-10-25,2028-10-14
18,all_only,fused_fisher_lrt_delta,gradual_bias,0.5,1.0,2,0.0,0.0,0.0,0.0,2025-10-25,2028-10-14
18,all_only,fused_fisher_lrt_delta,gradual_bias,0.5,2.0,2,0.0,0.0,0.0,0.0,2025-10-25,2028-10-14
18,all_only,fused_fisher_lrt_delta,gradual_bias,0.75,1.0,2,0.0,0.0,0.0,0.0,2025-10-25,2028-10-14
18,all_only,fused_fisher_lrt_delta,gradual_bias,0.75,2.0,2,0.0,0.0,0.0,0.0,2025-10-25,2028-10-14
18,all_only,fused_fisher_lrt_delta,gradual_bias,1.0,1.0,2,0.0,0.0,0.0,0.0,2025-10-25,2028-10-14
18,all_only,fused_fisher_lrt_delta,gradual_bias,1.0,2.0,2,0.0,0.0,0.0,0.0,2025-10-25,2028-10-14
18,all_only,fused_sp,gradual_bias,0.25,1.0,2,0.0,0.0,0.0,0.0,2025-10-25,2028-10-14
18,all_only,fused_sp,gradual_bias,0.25,2.0,2,0.0,0.0,0.0,0.0,2025-10-25,2028-10-14
18,all_only,fused_sp,gradual_bias,0.5,1.0,2,0.0,0.0,0.0,0.0,2025-10-25,2028-10-14
18,all_only,fused_sp,gradual_bias,0.5,2.0,2,0.0,0.0,0.0,0.0,2025-10-25,2028-10-14
18,all_only,fused_sp,gradual_bias,0.75,1.0,2,0.0,0.0,0.0,0.0,2025-10-25,2028-10-14
18,all_only,fused_sp,gradual_bias,0.75,2.0,2,0.0,0.0,0.0,0.0,2025-10-25,2028-10-14
18,all_only,fused_sp,gradual_bias,1.0,1.0,2,0.0,0.0,0.0,0.0,2025-10-25,2028-10-14
18,all_only,fused_sp,gradual_bias,1.0,2.0,2,0.0,0.0,0.0,0.0,2025-10-25,2028-10-14
18,all_only,fused_sp_lrt_delta,gradual_bias,0.25,1.0,2,0.0,0.0,0.0,0.0,2025-10-25,2028-10-14
18,all_only,fused_sp_lrt_delta,gradual_bias,0.25,2.0,2,0.5,0.5,0.0,0.0,2025-10-25,2028-10-14
18,all_only,fused_sp_lrt_delta,gradual_bias,0.5,1.0,2,0.0,0.0,0.0,0.0,2025-10-25,2028-10-14
18,all_only,fused_sp_lrt_delta,gradual_bias,0.5,2.0,2,0.5,0.5,0.0,0.0,2025-10-25,2028-10-14
18,all_only,fused_sp_lrt_delta,gradual_bias,0.75,1.0,2,0.0,0.0,0.0,0.0,2025-10-25,2028-10-14
18,all_only,fused_sp_lrt_delta,gradual_bias,0.75,2.0,2,0.5,0.5,0.0,0.0,2025-10-25,2028-10-14
18,all_only,fused_sp_lrt_delta,gradual_bias,1.0,1.0,2,0.0,0.0,0.0,0.0,2025-10-25,2028-10-14
18,all_only,fused_sp_lrt_delta,gradual_bias,1.0,2.0,2,0.5,0.5,0.0,0.0,2025-10-25,2028-10-14
18,all_only,max_abs,gradual_bias,0.25,1.0,2,0.0,0.0,0.0,0.0,2025-10-25,2028-10-14
18,all_only,max_abs,gradual_bias,0.25,2.0,2,0.5,0.5,0.0,0.0,2025-10-25,2028-10-14
18,all_only,max_abs,gradual_bias,0.5,1.0,2,0.0,0.0,0.0,0.0,2025-10-25,2028-10-14
18,all_only,max_abs,gradual_bias,0.5,2.0,2,0.5,0.5,0.0,0.0,2025-10-25,2028-10-14
18,all_only,max_abs,gradual_bias,0.75,1.0,2,0.0,0.0,0.0,0.0,2025-10-25,2028-10-14
18,all_only,max_abs,gradual_bias,0.75,2.0,2,0.5,0.5,0.0,0.0,2025-10-25,2028-10-14
18,all_only,max_abs,gradual_bias,1.0,1.0,2,0.0,0.0,0.0,0.0,2025-10-25,2028-10-14
18,all_only,max_abs,gradual_bias,1.0,2.0,2,0.5,0.5,0.0,0.0,2025-10-25,2028-10-14
18,all_only,pc_t2,gradual_bias,0.25,1.0,2,0.0,0.0,0.0,0.0,2025-10-25,2028-10-14
18,all_only,pc_t2,gradual_bias,0.25,2.0,2,0.5,0.5,0.0,0.0,2025-10-25,2028-10-14
18,all_only,pc_t2,gradual_bias,0.5,1.0,2,0.0,0.0,0.0,0.0,2025-10-25,2028-10-14
18,all_only,pc_t2,gradual_bias,0.5,2.0,2,0.5,0.5,0.0,0.0,2025-10-25,2028-10-14
18,all_only,pc_t2,gradual_bias,0.75,1.0,2,0.0,0.0,0.0,0.0,2025-10-25,2028-10-14
18,all_only,pc_t2,gradual_bias,0.75,2.0,2,0.5,0.5,0.0,0.0,2025-10-25,2028-10-14
18,all_only,pc_t2,gradual_bias,1.0,1.0,2,0.0,0.0,0.0,0.0,2025-10-25,2028-10-14
18,all_only,pc_t2,gradual_bias,1.0,2.0,2,0.5,0.5,0.0,0.0,2025-10-25,2028-10-14
18,all_only,res_energy,gradual_bias,0.25,1.0,2,0.0,0.0,0.0,0.0,2025-10-25,2028-10-14
18,all_only,res_energy,gradual_bias,0.25,2.0,2,0.0,0.0,0.0,0.0,2025-10-25,2028-10-14
18,all_only,res_energy,gradual_bias,0.5,1.0,2,0.0,0.0,0.0,0.0,2025-10-25,2028-10-14
18,all_only,res_energy,gradual_bias,0.5,2.0,2,0.0,0.0,0.0,0.0,2025-10-25,2028-10-14
18,all_only,res_energy,gradual_bias,0.75,1.0,2,0.0,0.0,0.0,0.0,2025-10-25,2028-10-14
18,all_only,res_energy,gradual_bias,0.75,2.0,2,0.0,0.0,0.0,0.0,2025-10-25,2028-10-14
18,all_only,res_energy,gradual_bias,1.0,1.0,2,0.0,0.0,0.0,0.0,2025-10-25,2028-10-14
18,all_only,res_energy,gradual_bias,1.0,2.0,2,0.0,0.0,0.0,0.0,2025-10-25,2028-10-14
18,all_only,stale,gradual_bias,0.25,1.0,2,0.0,0.0,0.0,1.0,2025-10-25,2028-10-14
18,all_only,stale,gradual_bias,0.25,2.0,2,0.0,0.0,0.0,1.0,2025-10-25,2028-10-14
18,all_only,stale,gradual_bias,0.5,1.0,2,0.0,0.0,0.0,1.0,2025-10-25,2028-10-14
18,all_only,stale,gradual_bias,0.5,2.0,2,0.0,0.0,0.0,1.0,2025-10-25,2028-10-14
18,all_only,stale,gradual_bias,0.75,1.0,2,0.0,0.0,0.0,1.0,2025-10-25,2028-10-14
18,all_only,stale,gradual_bias,0.75,2.0,2,0.0,0.0,0.0,1.0,2025-10-25,2028-10-14
18,all_only,stale,gradual_bias,1.0,1.0,2,0.0,0.0,0.0,1.0,2025-10-25,2028-10-14
18,all_only,stale,gradual_bias,1.0,2.0,2,0.0,0.0,0.0,1.0,2025-10-25,2028-10-14
18,full,T2,gradual_bias,0.25,1.0,2,0.0,0.0,0.0,0.0,2025-10-25,2028-10-14
18,full,T2,gradual_bias,0.25,2.0,2,0.5,0.5,0.0,0.0,2025-10-25,2028-10-14
18,full,T2,gradual_bias,0.5,1.0,2,0.0,0.0,0.0,0.0,2025-10-25,2028-10-14
18,full,T2,gradual_bias,0.5,2.0,2,0.5,0.5,0.0,0.0,2025-10-25,2028-10-14
18,full,T2,gradual_bias,0.75,1.0,2,0.0,0.0,0.0,0.0,2025-10-25,2028-10-14
18,full,T2,gradual_bias,0.75,2.0,2,0.5,0.5,0.0,0.0,2025-10-25,2028-10-14
18,full,T2,gradual_bias,1.0,1.0,2,0.0,0.0,0.0,0.0,2025-10-25,2028-10-14
18,full,T2,gradual_bias,1.0,2.0,2,0.5,0.5,0.0,0.0,2025-10-25,2028-10-14
18,full,cusum_factor_cov_lrt,gradual_bias,0.25,1.0,2,0.0,0.0,1.0,0.0,2025-10-25,2028-10-14
18,full,cusum_factor_cov_lrt,gradual_bias,0.25,2.0,2,0.0,0.0,0.0,0.0,2025-10-25,2028-10-14
18,full,cusum_factor_cov_lrt,gradual_bias,0.5,1.0,2,0.0,0.0,1.0,0.0,2025-10-25,2028-10-14
18,full,cusum_factor_cov_lrt,gradual_bias,0.5,2.0,2,0.0,0.0,0.0,0.0,2025-10-25,2028-10-14
18,full,cusum_factor_cov_lrt,gradual_bias,0.75,1.0,2,0.0,0.0,1.0,0.0,2025-10-25,2028-10-14
18,full,cusum_factor_cov_lrt,gradual_bias,0.75,2.0,2,0.0,0.0,0.0,0.0,2025-10-25,2028-10-14
18,full,cusum_factor_cov_lrt,gradual_bias,1.0,1.0,2,0.0,0.0,1.0,0.0,2025-10-25,2028-10-14
18,full,cusum_factor_cov_lrt,gradual_bias,1.0,2.0,2,0.0,0.0,0.0,0.0,2025-10-25,2028-10-14
18,full,ewma_factor_cov_lrt,gradual_bias,0.25,1.0,2,0.0,0.0,0.0,0.0,2025-10-25,2028-10-14
18,full,ewma_factor_cov_lrt,gradual_bias,0.25,2.0,2,0.0,0.0,0.0,0.0,2025-10-25,2028-10-14
18,full,ewma_factor_cov_lrt,gradual_bias,0.5,1.0,2,0.0,0.0,0.0,0.0,2025-10-25,2028-10-14
18,full,ewma_factor_cov_lrt,gradual_bias,0.5,2.0,2,0.0,0.0,0.0,0.0,2025-10-25,2028-10-14
18,full,ewma_factor_cov_lrt,gradual_bias,0.75,1.0,2,0.0,0.0,0.0,0.0,2025-10-25,2028-10-14
18,full,ewma_factor_cov_lrt,gradual_bias,0.75,2.0,2,0.0,0.0,0.0,0.0,2025-10-25,2028-10-14
18,full,ewma_factor_cov_lrt,gradual_bias,1.0,1.0,2,0.0,0.0,0.0,0.0,2025-10-25,2028-10-14
18,full,ewma_factor_cov_lrt,gradual_bias,1.0,2.0,2,0.0,0.0,0.0,0.0,2025-10-25,2028-10-14
18,full,factor_cov_change,gradual_bias,0.25,1.0,2,0.0,0.0,0.0,0.0,2025-10-25,2028-10-14
18,full,factor_cov_change,gradual_bias,0.25,2.0,2,0.0,0.0,0.0,0.0,2025-10-25,2028-10-14
18,full,factor_cov_change,gradual_bias,0.5,1.0,2,0.0,0.0,0.0,0.0,2025-10-25,2028-10-14
18,full,factor_cov_change,gradual_bias,0.5,2.0,2,0.0,0.0,0.0,0.0,2025-10-25,2028-10-14
18,full,factor_cov_change,gradual_bias,0.75,1.0,2,0.0,0.0,0.0,0.0,2025-10-25,2028-10-14
18,full,factor_cov_change,gradual_bias,0.75,2.0,2,0.0,0.0,0.0,0.0,2025-10-25,2028-10-14
18,full,factor_cov_change,gradual_bias,1.0,1.0,2,0.0,0.0,0.0,0.0,2025-10-25,2028-10-14
18,full,factor_cov_change,gradual_bias,1.0,2.0,2,0.0,0.0,0.0,0.0,2025-10-25,2028-10-14
18,full,factor_cov_delta,gradual_bias,0.25,1.0,2,0.0,0.0,0.0,0.0,2025-10-25,2028-10-14
18,full,factor_cov_delta,gradual_bias,0.25,2.0,2,0.0,0.0,0.0,0.0,2025-10-25,2028-10-14
18,full,factor_cov_delta,gradual_bias,0.5,1.0,2,0.0,0.0,0.0,0.0,2025-10-25,2028-10-14
18,full,factor_cov_delta,gradual_bias,0.5,2.0,2,0.0,0.0,0.0,0.0,2025-10-25,2028-10-14
18,full,factor_cov_delta,gradual_bias,0.75,1.0,2,0.0,0.0,0.0,0.0,2025-10-25,2028-10-14
18,full,factor_cov_delta,gradual_bias,0.75,2.0,2,0.0,0.0,0.0,0.0,2025-10-25,2028-10-14
18,full,factor_cov_delta,gradual_bias,1.0,1.0,2,0.0,0.0,0.0,0.0,2025-10-25,2028-10-14
18,full,factor_cov_delta,gradual_bias,1.0,2.0,2,0.0,0.0,0.0,0.0,2025-10-25,2028-10-14
18,full,factor_cov_lrt,gradual_bias,0.25,1.0,2,0.0,0.0,0.0,0.0,2025-10-25,2028-10-14
18,full,factor_cov_lrt,gradual_bias,0.25,2.0,2,1.0,1.0,0.0,0.0,2025-10-25,2028-10-14
18,full,factor_cov_lrt,gradual_bias,0.5,1.0,2,0.0,0.0,0.0,0.0,2025-10-25,2028-10-14
18,full,factor_cov_lrt,gradual_bias,0.5,2.0,2,1.0,1.0,0.0,0.0,2025-10-25,2028-10-14
18,full,factor_cov_lrt,gradual_bias,0.75,1.0,2,0.0,0.0,0.0,0.0,2025-10-25,2028-10-14
18,full,factor_cov_lrt,gradual_bias,0.75,2.0,2,1.0,1.0,0.0,0.0,2025-10-25,2028-10-14
18,full,factor_cov_lrt,gradual_bias,1.0,1.0,2,0.0,0.0,0.0,0.0,2025-10-25,2028-10-14
18,full,factor_cov_lrt,gradual_bias,1.0,2.0,2,1.0,1.0,0.0,0.0,2025-10-25,2028-10-14
18,full,factor_cov_lrt_delta,gradual_bias,0.25,1.0,2,0.0,0.0,0.0,0.0,2025-10-25,2028-10-14
18,full,factor_cov_lrt_delta,gradual_bias,0.25,2.0,2,0.0,0.0,0.0,0.0,2025-10-25,2028-10-14
18,full,factor_cov_lrt_delta,gradual_bias,0.5,1.0,2,0.0,0.0,0.0,0.0,2025-10-25,2028-10-14
18,full,factor_cov_lrt_delta,gradual_bias,0.5,2.0,2,0.0,0.0,0.0,0.0,2025-10-25,2028-10-14
18,full,factor_cov_lrt_delta,gradual_bias,0.75,1.0,2,0.0,0.0,0.0,0.0,2025-10-25,2028-10-14
18,full,factor_cov_lrt_delta,gradual_bias,0.75,2.0,2,0.0,0.0,0.0,0.0,2025-10-25,2028-10-14
18,full,factor_cov_lrt_delta,gradual_bias,1.0,1.0,2,0.0,0.0,0.0,0.0,2025-10-25,2028-10-14
18,full,factor_cov_lrt_delta,gradual_bias,1.0,2.0,2,0.0,0.0,0.0,0.0,2025-10-25,2028-10-14
18,full,fused_fisher,gradual_bias,0.25,1.0,2,0.5,0.5,0.0,0.0,2025-10-25,2028-10-14
18,full,fused_fisher,gradual_bias,0.25,2.0,2,0.5,0.5,0.0,0.0,2025-10-25,2028-10-14
18,full,fused_fisher,gradual_bias,0.5,1.0,2,0.5,0.5,0.0,0.0,2025-10-25,2028-10-14
18,full,fused_fisher,gradual_bias,0.5,2.0,2,0.5,0.5,0.0,0.0,2025-10-25,2028-10-14
18,full,fused_fisher,gradual_bias,0.75,1.0,2,0.5,0.5,0.0,0.0,2025-10-25,2028-10-14
18,full,fused_fisher,gradual_bias,0.75,2.0,2,0.5,0.5,0.0,0.0,2025-10-25,2028-10-14
18,full,fused_fisher,gradual_bias,1.0,1.0,2,0.5,0.5,0.0,0.0,2025-10-25,2028-10-14
18,full,fused_fisher,gradual_bias,1.0,2.0,2,0.5,0.5,0.0,0.0,2025-10-25,2028-10-14
18,full,fused_fisher_lrt_delta,gradual_bias,0.25,1.0,2,0.0,0.0,0.0,0.0,2025-10-25,2028-10-14
18,full,fused_fisher_lrt_delta,gradual_bias,0.25,2.0,2,0.5,0.5,0.0,0.0,2025-10-25,2028-10-14
18,full,fused_fisher_lrt_delta,gradual_bias,0.5,1.0,2,0.0,0.0,0.0,0.0,2025-10-25,2028-10-14
18,full,fused_fisher_lrt_delta,gradual_bias,0.5,2.0,2,0.5,0.5,0.0,0.0,2025-10-25,2028-10-14
18,full,fused_fisher_lrt_delta,gradual_bias,0.75,1.0,2,0.0,0.0,0.0,0.0,2025-10-25,2028-10-14
18,full,fused_fisher_lrt_delta,gradual_bias,0.75,2.0,2,0.5,0.5,0.0,0.0,2025-10-25,2028-10-14
18,full,fused_fisher_lrt_delta,gradual_bias,1.0,1.0,2,0.0,0.0,0.0,0.0,2025-10-25,2028-10-14
18,full,fused_fisher_lrt_delta,gradual_bias,1.0,2.0,2,0.5,0.5,0.0,0.0,2025-10-25,2028-10-14
18,full,fused_sp,gradual_bias,0.25,1.0,2,0.0,0.0,0.0,0.0,2025-10-25,2028-10-14
18,full,fused_sp,gradual_bias,0.25,2.0,2,0.0,0.0,0.0,0.0,2025-10-25,2028-10-14
18,full,fused_sp,gradual_bias,0.5,1.0,2,0.0,0.0,0.0,0.0,2025-10-25,2028-10-14
18,full,fused_sp,gradual_bias,0.5,2.0,2,0.0,0.0,0.0,0.0,2025-10-25,2028-10-14
18,full,fused_sp,gradual_bias,0.75,1.0,2,0.0,0.0,0.0,0.0,2025-10-25,2028-10-14
18,full,fused_sp,gradual_bias,0.75,2.0,2,0.0,0.0,0.0,0.0,2025-10-25,2028-10-14
18,full,fused_sp,gradual_bias,1.0,1.0,2,0.0,0.0,0.0,0.0,2025-10-25,2028-10-14
18,full,fused_sp,gradual_bias,1.0,2.0,2,0.0,0.0,0.0,0.0,2025-10-25,2028-10-14
18,full,fused_sp_lrt_delta,gradual_bias,0.25,1.0,2,0.0,0.0,0.0,0.0,2025-10-25,2028-10-14
18,full,fused_sp_lrt_delta,gradual_bias,0.25,2.0,2,0.0,0.0,0.0,0.0,2025-10-25,2028-10-14
18,full,fused_sp_lrt_delta,gradual_bias,0.5,1.0,2,0.0,0.0,0.0,0.0,2025-10-25,2028-10-14
18,full,fused_sp_lrt_delta,gradual_bias,0.5,2.0,2,0.0,0.0,0.0,0.0,2025-10-25,2028-10-14
18,full,fused_sp_lrt_delta,gradual_bias,0.75,1.0,2,0.0,0.0,0.0,0.0,2025-10-25,2028-10-14
18,full,fused_sp_lrt_delta,gradual_bias,0.75,2.0,2,0.0,0.0,0.0,0.0,2025-10-25,2028-10-14
18,full,fused_sp_lrt_delta,gradual_bias,1.0,1.0,2,0.0,0.0,0.0,0.0,2025-10-25,2028-10-14
18,full,fused_sp_lrt_delta,gradual_bias,1.0,2.0,2,0.0,0.0,0.0,0.0,2025-10-25,2028-10-14
18,full,max_abs,gradual_bias,0.25,1.0,2,0.0,0.0,0.0,0.0,2025-10-25,2028-10-14
18,full,max_abs,gradual_bias,0.25,2.0,2,0.5,0.5,0.0,0.0,2025-10-25,2028-10-14
18,full,max_abs,gradual_bias,0.5,1.0,2,0.0,0.0,0.0,0.0,2025-10-25,2028-10-14
18,full,max_abs,gradual_bias,0.5,2.0,2,0.5,0.5,0.0,0.0,2025-10-25,2028-10-14
18,full,max_abs,gradual_bias,0.75,1.0,2,0.0,0.0,0.0,0.0,2025-10-25,2028-10-14
18,full,max_abs,gradual_bias,0.75,2.0,2,0.5,0.5,0.0,0.0,2025-10-25,2028-10-14
18,full,max_abs,gradual_bias,1.0,1.0,2,0.0,0.0,0.0,0.0,2025-10-25,2028-10-14
18,full,max_abs,gradual_bias,1.0,2.0,2,0.5,0.5,0.0,0.0,2025-10-25,2028-10-14
18,full,pc_t2,gradual_bias,0.25,1.0,2,0.0,0.0,0.0,0.0,2025-10-25,2028-10-14
18,full,pc_t2,gradual_bias,0.25,2.0,2,0.5,0.5,0.0,0.0,2025-10-25,2028-10-14
18,full,pc_t2,gradual_bias,0.5,1.0,2,0.0,0.0,0.0,0.0,2025-10-25,2028-10-14
18,full,pc_t2,gradual_bias,0.5,2.0,2,0.5,0.5,0.0,0.0,2025-10-25,2028-10-14
18,full,pc_t2,gradual_bias,0.75,1.0,2,0.0,0.0,0.0,0.0,2025-10-25,2028-10-14
18,full,pc_t2,gradual_bias,0.75,2.0,2,0.5,0.5,0.0,0.0,2025-10-25,2028-10-14
18,full,pc_t2,gradual_bias,1.0,1.0,2,0.0,0.0,0.0,0.0,2025-10-25,2028-10-14
18,full,pc_t2,gradual_bias,1.0,2.0,2,0.5,0.5,0.0,0.0,2025-10-25,2028-10-14
18,full,res_energy,gradual_bias,0.25,1.0,2,0.5,0.5,0.0,0.0,2025-10-25,2028-10-14
18,full,res_energy,gradual_bias,0.25,2.0,2,0.5,0.5,0.0,0.0,2025-10-25,2028-10-14
18,full,res_energy,gradual_bias,0.5,1.0,2,0.5,0.5,0.0,0.0,2025-10-25,2028-10-14
18,full,res_energy,gradual_bias,0.5,2.0,2,0.5,0.5,0.0,0.0,2025-10-25,2028-10-14
18,full,res_energy,gradual_bias,0.75,1.0,2,0.5,0.5,0.0,0.0,2025-10-25,2028-10-14
18,full,res_energy,gradual_bias,0.75,2.0,2,0.5,0.5,0.0,0.0,2025-10-25,2028-10-14
18,full,res_energy,gradual_bias,1.0,1.0,2,0.5,0.5,0.0,0.0,2025-10-25,2028-10-14
18,full,res_energy,gradual_bias,1.0,2.0,2,0.5,0.5,0.0,0.0,2025-10-25,2028-10-14
18,full,stale,gradual_bias,0.25,1.0,2,0.0,0.0,0.0,1.0,2025-10-25,2028-10-14
18,full,stale,gradual_bias,0.25,2.0,2,0.0,0.0,0.0,1.0,2025-10-25,2028-10-14
18,full,stale,gradual_bias,0.5,1.0,2,0.0,0.0,0.0,1.0,2025-10-25,2028-10-14
18,full,stale,gradual_bias,0.5,2.0,2,0.0,0.0,0.0,1.0,2025-10-25,2028-10-14
18,full,stale,gradual_bias,0.75,1.0,2,0.0,0.0,0.0,1.0,2025-10-25,2028-10-14
18,full,stale,gradual_bias,0.75,2.0,2,0.0,0.0,0.0,1.0,2025-10-25,2028-10-14
18,full,stale,gradual_bias,1.0,1.0,2,0.0,0.0,0.0,1.0,2025-10-25,2028-10-14
18,full,stale,gradual_bias,1.0,2.0,2,0.0,0.0,0.0,1.0,2025-10-25,2028-10-14
18,score_only,T2,gradual_bias,0.25,1.0,2,0.0,0.0,0.0,0.0,2025-10-25,2028-10-14
18,score_only,T2,gradual_bias,0.25,2.0,2,0.5,0.5,0.0,0.0,2025-10-25,2028-10-14
18,score_only,T2,gradual_bias,0.5,1.0,2,0.0,0.0,0.0,0.0,2025-10-25,2028-10-14
18,score_only,T2,gradual_bias,0.5,2.0,2,0.5,0.5,0.0,0.0,2025-10-25,2028-10-14
18,score_only,T2,gradual_bias,0.75,1.0,2,0.0,0.0,0.0,0.0,2025-10-25,2028-10-14
18,score_only,T2,gradual_bias,0.75,2.0,2,0.5,0.5,0.0,0.0,2025-10-25,2028-10-14
18,score_only,T2,gradual_bias,1.0,1.0,2,0.0,0.0,0.0,0.0,2025-10-25,2028-10-14
18,score_only,T2,gradual_bias,1.0,2.0,2,0.5,0.5,0.0,0.0,2025-10-25,2028-10-14
18,score_only,coh_resid_energy,gradual_bias,0.25,1.0,2,0.0,0.0,0.0,0.0,2025-10-25,2028-10-14
18,score_only,coh_resid_energy,gradual_bias,0.25,2.0,2,0.5,0.5,0.0,0.0,2025-10-25,2028-10-14
18,score_only,coh_resid_energy,gradual_bias,0.5,1.0,2,0.0,0.0,0.0,0.0,2025-10-25,2028-10-14
18,score_only,coh_resid_energy,gradual_bias,0.5,2.0,2,0.5,0.5,0.0,0.0,2025-10-25,2028-10-14
18,score_only,coh_resid_energy,gradual_bias,0.75,1.0,2,0.0,0.0,0.0,0.0,2025-10-25,2028-10-14
18,score_only,coh_resid_energy,gradual_bias,0.75,2.0,2,0.5,0.5,0.0,0.0,2025-10-25,2028-10-14
18,score_only,coh_resid_energy,gradual_bias,1.0,1.0,2,0.0,0.0,0.0,0.0,2025-10-25,2028-10-14
18,score_only,coh_resid_energy,gradual_bias,1.0,2.0,2,0.5,0.5,0.0,0.0,2025-10-25,2028-10-14
18,score_only,coh_resid_t2,gradual_bias,0.25,1.0,2,0.0,0.0,0.0,0.0,2025-10-25,2028-10-14
18,score_only,coh_resid_t2,gradual_bias,0.25,2.0,2,0.5,0.5,0.0,0.0,2025-10-25,2028-10-14
18,score_only,coh_resid_t2,gradual_bias,0.5,1.0,2,0.0,0.0,0.0,0.0,2025-10-25,2028-10-14
18,score_only,coh_resid_t2,gradual_bias,0.5,2.0,2,0.5,0.5,0.0,0.0,2025-10-25,2028-10-14
18,score_only,coh_resid_t2,gradual_bias,0.75,1.0,2,0.0,0.0,0.0,0.0,2025-10-25,2028-10-14
18,score_only,coh_resid_t2,gradual_bias,0.75,2.0,2,0.5,0.5,0.0,0.0,2025-10-25,2028-10-14
18,score_only,coh_resid_t2,gradual_bias,1.0,1.0,2,0.0,0.0,0.0,0.0,2025-10-25,2028-10-14
18,score_only,coh_resid_t2,gradual_bias,1.0,2.0,2,0.5,0.5,0.0,0.0,2025-10-25,2028-10-14
18,score_only,cusum_coh_resid_t2,gradual_bias,0.25,1.0,2,1.0,1.0,0.0,0.0,2025-10-25,2028-10-14
18,score_only,cusum_coh_resid_t2,gradual_bias,0.25,2.0,2,0.5,0.5,0.0,0.0,2025-10-25,2028-10-14
18,score_only,cusum_coh_resid_t2,gradual_bias,0.5,1.0,2,1.0,1.0,0.0,0.0,2025-10-25,2028-10-14
18,score_only,cusum_coh_resid_t2,gradual_bias,0.5,2.0,2,0.5,0.5,0.0,0.0,2025-10-25,2028-10-14
18,score_only,cusum_coh_resid_t2,gradual_bias,0.75,1.0,2,1.0,1.0,0.0,0.0,2025-10-25,2028-10-14
18,score_only,cusum_coh_resid_t2,gradual_bias,0.75,2.0,2,0.5,0.5,0.0,0.0,2025-10-25,2028-10-14
18,score_only,cusum_coh_resid_t2,gradual_bias,1.0,1.0,2,1.0,1.0,0.0,0.0,2025-10-25,2028-10-14
18,score_only,cusum_coh_resid_t2,gradual_bias,1.0,2.0,2,0.5,0.5,0.0,0.0,2025-10-25,2028-10-14
18,score_only,cusum_factor_cov_lrt,gradual_bias,0.25,1.0,2,0.0,0.0,1.0,0.0,2025-10-25,2028-10-14
18,score_only,cusum_factor_cov_lrt,gradual_bias,0.25,2.0,2,0.5,0.5,0.0,0.0,2025-10-25,2028-10-14
18,score_only,cusum_factor_cov_lrt,gradual_bias,0.5,1.0,2,0.0,0.0,1.0,0.0,2025-10-25,2028-10-14
18,score_only,cusum_factor_cov_lrt,gradual_bias,0.5,2.0,2,0.5,0.5,0.0,0.0,2025-10-25,2028-10-14
18,score_only,cusum_factor_cov_lrt,gradual_bias,0.75,1.0,2,0.0,0.0,1.0,0.0,2025-10-25,2028-10-14
18,score_only,cusum_factor_cov_lrt,gradual_bias,0.75,2.0,2,0.0,0.0,0.0,0.0,2025-10-25,2028-10-14
18,score_only,cusum_factor_cov_lrt,gradual_bias,1.0,1.0,2,0.0,0.0,1.0,0.0,2025-10-25,2028-10-14
18,score_only,cusum_factor_cov_lrt,gradual_bias,1.0,2.0,2,0.0,0.0,0.0,0.0,2025-10-25,2028-10-14
18,score_only,ewma_coh_resid_t2,gradual_bias,0.25,1.0,2,0.0,0.0,0.0,0.0,2025-10-25,2028-10-14
18,score_only,ewma_coh_resid_t2,gradual_bias,0.25,2.0,2,0.0,0.0,0.0,0.0,2025-10-25,2028-10-14
18,score_only,ewma_coh_resid_t2,gradual_bias,0.5,1.0,2,0.0,0.0,0.0,0.0,2025-10-25,2028-10-14
18,score_only,ewma_coh_resid_t2,gradual_bias,0.5,2.0,2,0.0,0.0,0.0,0.0,2025-10-25,2028-10-14
18,score_only,ewma_coh_resid_t2,gradual_bias,0.75,1.0,2,0.0,0.0,0.0,0.0,2025-10-25,2028-10-14
18,score_only,ewma_coh_resid_t2,gradual_bias,0.75,2.0,2,0.0,0.0,0.0,0.0,2025-10-25,2028-10-14
18,score_only,ewma_coh_resid_t2,gradual_bias,1.0,1.0,2,0.0,0.0,0.0,0.0,2025-10-25,2028-10-14
18,score_only,ewma_coh_resid_t2,gradual_bias,1.0,2.0,2,0.0,0.0,0.0,0.0,2025-10-25,2028-10-14
18,score_only,ewma_factor_cov_lrt,gradual_bias,0.25,1.0,2,0.0,0.0,0.0,0.0,2025-10-25,2028-10-14
18,score_only,ewma_factor_cov_lrt,gradual_bias,0.25,2.0,2,0.0,0.0,0.0,0.0,2025-10-25,2028-10-14
18,score_only,ewma_factor_cov_lrt,gradual_bias,0.5,1.0,2,0.0,0.0,0.0,0.0,2025-10-25,2028-10-14
18,score_only,ewma_factor_cov_lrt,gradual_bias,0.5,2.0,2,0.5,0.5,0.0,0.0,2025-10-25,2028-10-14
18,score_only,ewma_factor_cov_lrt,gradual_bias,0.75,1.0,2,0.0,0.0,0.0,0.0,2025-10-25,2028-10-14
18,score_only,ewma_factor_cov_lrt,gradual_bias,0.75,2.0,2,0.0,0.0,0.0,0.0,2025-10-25,2028-10-14
18,score_only,ewma_factor_cov_lrt,gradual_bias,1.0,1.0,2,0.0,0.0,0.0,0.0,2025-10-25,2028-10-14
18,score_only,ewma_factor_cov_lrt,gradual_bias,1.0,2.0,2,0.0,0.0,0.0,0.0,2025-10-25,2028-10-14
18,score_only,factor_cov_change,gradual_bias,0.25,1.0,2,0.0,0.0,0.0,0.0,2025-10-25,2028-10-14
18,score_only,factor_cov_change,gradual_bias,0.25,2.0,2,0.0,0.0,0.0,0.0,2025-10-25,2028-10-14
18,score_only,factor_cov_change,gradual_bias,0.5,1.0,2,0.0,0.0,0.0,0.0,2025-10-25,2028-10-14
18,score_only,factor_cov_change,gradual_bias,0.5,2.0,2,0.0,0.0,0.0,0.0,2025-10-25,2028-10-14
18,score_only,factor_cov_change,gradual_bias,0.75,1.0,2,0.0,0.0,0.0,0.0,2025-10-25,2028-10-14
18,score_only,factor_cov_change,gradual_bias,0.75,2.0,2,0.0,0.0,0.0,0.0,2025-10-25,2028-10-14
18,score_only,factor_cov_change,gradual_bias,1.0,1.0,2,0.0,0.0,0.0,0.0,2025-10-25,2028-10-14
18,score_only,factor_cov_change,gradual_bias,1.0,2.0,2,0.0,0.0,0.0,0.0,2025-10-25,2028-10-14
18,score_only,factor_cov_delta,gradual_bias,0.25,1.0,2,0.0,0.0,0.0,0.0,2025-10-25,2028-10-14
18,score_only,factor_cov_delta,gradual_bias,0.25,2.0,2,0.0,0.0,0.0,0.0,2025-10-25,2028-10-14
18,score_only,factor_cov_delta,gradual_bias,0.5,1.0,2,0.0,0.0,0.0,0.0,2025-10-25,2028-10-14
18,score_only,factor_cov_delta,gradual_bias,0.5,2.0,2,0.0,0.0,0.0,0.0,2025-10-25,2028-10-14
18,score_only,factor_cov_delta,gradual_bias,0.75,1.0,2,0.0,0.0,0.0,0.0,2025-10-25,2028-10-14
18,score_only,factor_cov_delta,gradual_bias,0.75,2.0,2,0.0,0.0,0.0,0.0,2025-10-25,2028-10-14
18,score_only,factor_cov_delta,gradual_bias,1.0,1.0,2,0.0,0.0,0.0,0.0,2025-10-25,2028-10-14
18,score_only,factor_cov_delta,gradual_bias,1.0,2.0,2,0.0,0.0,0.0,0.0,2025-10-25,2028-10-14
18,score_only,factor_cov_lrt,gradual_bias,0.25,1.0,2,0.5,0.5,0.0,0.0,2025-10-25,2028-10-14
18,score_only,factor_cov_lrt,gradual_bias,0.25,2.0,2,0.0,0.0,0.0,0.0,2025-10-25,2028-10-14
18,score_only,factor_cov_lrt,gradual_bias,0.5,1.0,2,0.5,0.5,0.0,0.0,2025-10-25,2028-10-14
18,score_only,factor_cov_lrt,gradual_bias,0.5,2.0,2,0.0,0.0,0.0,0.0,2025-10-25,2028-10-14
18,score_only,factor_cov_lrt,gradual_bias,0.75,1.0,2,0.5,0.5,0.0,0.0,2025-10-25,2028-10-14
18,score_only,factor_cov_lrt,gradual_bias,0.75,2.0,2,0.0,0.0,0.0,0.0,2025-10-25,2028-10-14
18,score_only,factor_cov_lrt,gradual_bias,1.0,1.0,2,0.0,0.0,0.0,0.0,2025-10-25,2028-10-14
18,score_only,factor_cov_lrt,gradual_bias,1.0,2.0,2,0.0,0.0,0.0,0.0,2025-10-25,2028-10-14
18,score_only,factor_cov_lrt_delta,gradual_bias,0.25,1.0,2,0.0,0.0,0.0,0.0,2025-10-25,2028-10-14
18,score_only,factor_cov_lrt_delta,gradual_bias,0.25,2.0,2,1.0,1.0,0.0,0.0,2025-10-25,2028-10-14
18,score_only,factor_cov_lrt_delta,gradual_bias,0.5,1.0,2,0.0,0.0,0.0,0.0,2025-10-25,2028-10-14
18,score_only,factor_cov_lrt_delta,gradual_bias,0.5,2.0,2,1.0,1.0,0.0,0.0,2025-10-25,2028-10-14
18,score_only,factor_cov_lrt_delta,gradual_bias,0.75,1.0,2,0.0,0.0,0.0,0.0,2025-10-25,2028-10-14
18,score_only,factor_cov_lrt_delta,gradual_bias,0.75,2.0,2,1.0,1.0,0.0,0.0,2025-10-25,2028-10-14
18,score_only,factor_cov_lrt_delta,gradual_bias,1.0,1.0,2,0.0,0.0,0.0,0.0,2025-10-25,2028-10-14
18,score_only,factor_cov_lrt_delta,gradual_bias,1.0,2.0,2,1.0,1.0,0.0,0.0,2025-10-25,2028-10-14
18,score_only,fused_fisher,gradual_bias,0.25,1.0,2,0.0,0.0,0.0,0.0,2025-10-25,2028-10-14
18,score_only,fused_fisher,gradual_bias,0.25,2.0,2,0.0,0.0,0.0,0.0,2025-10-25,2028-10-14
18,score_only,fused_fisher,gradual_bias,0.5,1.0,2,0.0,0.0,0.0,0.0,2025-10-25,2028-10-14
18,score_only,fused_fisher,gradual_bias,0.5,2.0,2,0.0,0.0,0.0,0.0,2025-10-25,2028-10-14
18,score_only,fused_fisher,gradual_bias,0.75,1.0,2,0.0,0.0,0.0,0.0,2025-10-25,2028-10-14
18,score_only,fused_fisher,gradual_bias,0.75,2.0,2,0.0,0.0,0.0,0.0,2025-10-25,2028-10-14
18,score_only,fused_fisher,gradual_bias,1.0,1.0,2,0.0,0.0,0.0,0.0,2025-10-25,2028-10-14
18,score_only,fused_fisher,gradual_bias,1.0,2.0,2,0.0,0.0,0.0,0.0,2025-10-25,2028-10-14
18,score_only,fused_fisher_lrt_delta,gradual_bias,0.25,1.0,2,0.0,0.0,0.0,0.0,2025-10-25,2028-10-14
18,score_only,fused_fisher_lrt_delta,gradual_bias,0.25,2.0,2,0.0,0.0,0.0,0.0,2025-10-25,2028-10-14
18,score_only,fused_fisher_lrt_delta,gradual_bias,0.5,1.0,2,0.0,0.0,0.0,0.0,2025-10-25,2028-10-14
18,score_only,fused_fisher_lrt_delta,gradual_bias,0.5,2.0,2,0.0,0.0,0.0,0.0,2025-10-25,2028-10-14
18,score_only,fused_fisher_lrt_delta,gradual_bias,0.75,1.0,2,0.0,0.0,0.0,0.0,2025-10-25,2028-10-14
18,score_only,fused_fisher_lrt_delta,gradual_bias,0.75,2.0,2,0.0,0.0,0.0,0.0,2025-10-25,2028-10-14
18,score_only,fused_fisher_lrt_delta,gradual_bias,1.0,1.0,2,0.0,0.0,0.0,0.0,2025-10-25,2028-10-14
18,score_only,fused_fisher_lrt_delta,gradual_bias,1.0,2.0,2,0.0,0.0,0.0,0.0,2025-10-25,2028-10-14
18,score_only,fused_sp,gradual_bias,0.25,1.0,2,0.0,0.0,0.0,0.0,2025-10-25,2028-10-14
18,score_only,fused_sp,gradual_bias,0.25,2.0,2,0.0,0.0,0.0,0.0,2025-10-25,2028-10-14
18,score_only,fused_sp,gradual_bias,0.5,1.0,2,0.0,0.0,0.0,0.0,2025-10-25,2028-10-14
18,score_only,fused_sp,gradual_bias,0.5,2.0,2,0.0,0.0,0.0,0.0,2025-10-25,2028-10-14
18,score_only,fused_sp,gradual_bias,0.75,1.0,2,0.0,0.0,0.0,0.0,2025-10-25,2028-10-14
18,score_only,fused_sp,gradual_bias,0.75,2.0,2,0.0,0.0,0.0,0.0,2025-10-25,2028-10-14
18,score_only,fused_sp,gradual_bias,1.0,1.0,2,0.0,0.0,0.0,0.0,2025-10-25,2028-10-14
18,score_only,fused_sp,gradual_bias,1.0,2.0,2,0.0,0.0,0.0,0.0,2025-10-25,2028-10-14
18,score_only,fused_sp_lrt_delta,gradual_bias,0.25,1.0,2,0.0,0.0,0.0,0.0,2025-10-25,2028-10-14
18,score_only,fused_sp_lrt_delta,gradual_bias,0.25,2.0,2,0.0,0.0,0.0,0.0,2025-10-25,2028-10-14
18,score_only,fused_sp_lrt_delta,gradual_bias,0.5,1.0,2,0.0,0.0,0.0,0.0,2025-10-25,2028-10-14
18,score_only,fused_sp_lrt_delta,gradual_bias,0.5,2.0,2,0.0,0.0,0.0,0.0,2025-10-25,2028-10-14
18,score_only,fused_sp_lrt_delta,gradual_bias,0.75,1.0,2,0.0,0.0,0.0,0.0,2025-10-25,2028-10-14
18,score_only,fused_sp_lrt_delta,gradual_bias,0.75,2.0,2,0.0,0.0,0.0,0.0,2025-10-25,2028-10-14
18,score_only,fused_sp_lrt_delta,gradual_bias,1.0,1.0,2,0.0,0.0,0.0,0.0,2025-10-25,2028-10-14
18,score_only,fused_sp_lrt_delta,gradual_bias,1.0,2.0,2,0.0,0.0,0.0,0.0,2025-10-25,2028-10-14
18,score_only,max_abs,gradual_bias,0.25,1.0,2,0.0,0.0,0.0,0.0,2025-10-25,2028-10-14
18,score_only,max_abs,gradual_bias,0.25,2.0,2,0.5,0.5,0.0,0.0,2025-10-25,2028-10-14
18,score_only,max_abs,gradual_bias,0.5,1.0,2,0.0,0.0,0.0,0.0,2025-10-25,2028-10-14
18,score_only,max_abs,gradual_bias,0.5,2.0,2,0.5,0.5,0.0,0.0,2025-10-25,2028-10-14
18,score_only,max_abs,gradual_bias,0.75,1.0,2,0.0,0.0,0.0,0.0,2025-10-25,2028-10-14
18,score_only,max_abs,gradual_bias,0.75,2.0,2,0.5,0.5,0.0,0.0,2025-10-25,2028-10-14
18,score_only,max_abs,gradual_bias,1.0,1.0,2,0.0,0.0,0.0,0.0,2025-10-25,2028-10-14
18,score_only,max_abs,gradual_bias,1.0,2.0,2,0.5,0.5,0.0,0.0,2025-10-25,2028-10-14
18,score_only,pc_t2,gradual_bias,0.25,1.0,2,0.0,0.0,0.0,0.0,2025-10-25,2028-10-14
18,score_only,pc_t2,gradual_bias,0.25,2.0,2,0.5,0.5,0.0,0.0,2025-10-25,2028-10-14
18,score_only,pc_t2,gradual_bias,0.5,1.0,2,0.0,0.0,0.0,0.0,2025-10-25,2028-10-14
18,score_only,pc_t2,gradual_bias,0.5,2.0,2,0.5,0.5,0.0,0.0,2025-10-25,2028-10-14
18,score_only,pc_t2,gradual_bias,0.75,1.0,2,0.0,0.0,0.0,0.0,2025-10-25,2028-10-14
18,score_only,pc_t2,gradual_bias,0.75,2.0,2,0.5,0.5,0.0,0.0,2025-10-25,2028-10-14
18,score_only,pc_t2,gradual_bias,1.0,1.0,2,0.0,0.0,0.0,0.0,2025-10-25,2028-10-14
18,score_only,pc_t2,gradual_bias,1.0,2.0,2,0.5,0.5,0.0,0.0,2025-10-25,2028-10-14
18,score_only,res_energy,gradual_bias,0.25,1.0,2,0.0,0.0,0.0,0.0,2025-10-25,2028-10-14
18,score_only,res_energy,gradual_bias,0.25,2.0,2,0.0,0.0,0.0,0.0,2025-10-25,2028-10-14
18,score_only,res_energy,gradual_bias,0.5,1.0,2,0.0,0.0,0.0,0.0,2025-10-25,2028-10-14
18,score_only,res_energy,gradual_bias,0.5,2.0,2,0.0,0.0,0.0,0.0,2025-10-25,2028-10-14
18,score_only,res_energy,gradual_bias,0.75,1.0,2,0.0,0.0,0.0,0.0,2025-10-25,2028-10-14
18,score_only,res_energy,gradual_bias,0.75,2.0,2,0.0,0.0,0.0,0.0,2025-10-25,2028-10-14
18,score_only,res_energy,gradual_bias,1.0,1.0,2,0.0,0.0,0.0,0.0,2025-10-25,2028-10-14
18,score_only,res_energy,gradual_bias,1.0,2.0,2,0.0,0.0,0.0,0.0,2025-10-25,2028-10-14
18,score_only,stale,gradual_bias,0.25,1.0,2,0.0,1.0,0.0,1.0,2025-10-25,2028-10-14
18,score_only,stale,gradual_bias,0.25,2.0,2,0.0,1.0,0.0,1.0,2025-10-25,2028-10-14
18,score_only,stale,gradual_bias,0.5,1.0,2,0.0,1.0,0.0,1.0,2025-10-25,2028-10-14
18,score_only,stale,gradual_bias,0.5,2.0,2,0.0,1.0,0.0,1.0,2025-10-25,2028-10-14
18,score_only,stale,gradual_bias,0.75,1.0,2,0.0,1.0,0.0,1.0,2025-10-25,2028-10-14
18,score_only,stale,gradual_bias,0.75,2.0,2,0.0,1.0,0.0,1.0,2025-10-25,2028-10-14
18,score_only,stale,gradual_bias,1.0,1.0,2,0.0,1.0,0.0,1.0,2025-10-25,2028-10-14
18,score_only,stale,gradual_bias,1.0,2.0,2,0.0,1.0,0.0,1.0,2025-10-25,2028-10-14
19,all_only,T2,gradual_bias,0.25,1.0,2,0.5,0.5,0.0,0.0,2026-10-24,2029-10-13
19,all_only,T2,gradual_bias,0.25,2.0,2,0.0,0.0,0.0,0.0,2026-10-24,2029-10-13
19,all_only,T2,gradual_bias,0.5,1.0,2,0.5,0.5,0.0,0.0,2026-10-24,2029-10-13
19,all_only,T2,gradual_bias,0.5,2.0,2,0.0,0.0,0.0,0.0,2026-10-24,2029-10-13
19,all_only,T2,gradual_bias,0.75,1.0,2,0.5,0.5,0.0,0.0,2026-10-24,2029-10-13
19,all_only,T2,gradual_bias,0.75,2.0,2,0.0,0.0,0.0,0.0,2026-10-24,2029-10-13
19,all_only,T2,gradual_bias,1.0,1.0,2,0.5,0.5,0.0,0.0,2026-10-24,2029-10-13
19,all_only,T2,gradual_bias,1.0,2.0,2,0.0,0.0,0.0,0.0,2026-10-24,2029-10-13
19,all_only,cusum_factor_cov_lrt,gradual_bias,0.25,1.0,2,0.0,0.5,1.0,0.0,2026-10-24,2029-10-13
19,all_only,cusum_factor_cov_lrt,gradual_bias,0.25,2.0,2,0.5,0.5,0.0,0.0,2026-10-24,2029-10-13
19,all_only,cusum_factor_cov_lrt,gradual_bias,0.5,1.0,2,0.0,0.5,1.0,0.0,2026-10-24,2029-10-13
19,all_only,cusum_factor_cov_lrt,gradual_bias,0.5,2.0,2,0.5,0.5,0.0,0.0,2026-10-24,2029-10-13
19,all_only,cusum_factor_cov_lrt,gradual_bias,0.75,1.0,2,0.0,0.5,1.0,0.0,2026-10-24,2029-10-13
19,all_only,cusum_factor_cov_lrt,gradual_bias,0.75,2.0,2,0.5,0.5,0.0,0.0,2026-10-24,2029-10-13
19,all_only,cusum_factor_cov_lrt,gradual_bias,1.0,1.0,2,0.0,0.5,1.0,0.0,2026-10-24,2029-10-13
19,all_only,cusum_factor_cov_lrt,gradual_bias,1.0,2.0,2,0.5,0.5,0.0,0.0,2026-10-24,2029-10-13
19,all_only,ewma_factor_cov_lrt,gradual_bias,0.25,1.0,2,0.0,0.0,0.0,0.0,2026-10-24,2029-10-13
19,all_only,ewma_factor_cov_lrt,gradual_bias,0.25,2.0,2,0.0,0.0,0.0,0.0,2026-10-24,2029-10-13
19,all_only,ewma_factor_cov_lrt,gradual_bias,0.5,1.0,2,0.0,0.0,0.0,0.0,2026-10-24,2029-10-13
19,all_only,ewma_factor_cov_lrt,gradual_bias,0.5,2.0,2,0.0,0.0,0.0,0.0,2026-10-24,2029-10-13
19,all_only,ewma_factor_cov_lrt,gradual_bias,0.75,1.0,2,0.0,0.0,0.0,0.0,2026-10-24,2029-10-13
19,all_only,ewma_factor_cov_lrt,gradual_bias,0.75,2.0,2,0.0,0.0,0.0,0.0,2026-10-24,2029-10-13
19,all_only,ewma_factor_cov_lrt,gradual_bias,1.0,1.0,2,0.0,0.0,0.0,0.0,2026-10-24,2029-10-13
19,all_only,ewma_factor_cov_lrt,gradual_bias,1.0,2.0,2,0.0,0.0,0.0,0.0,2026-10-24,2029-10-13
19,all_only,factor_cov_change,gradual_bias,0.25,1.0,2,0.0,0.0,0.0,0.0,2026-10-24,2029-10-13
19,all_only,factor_cov_change,gradual_bias,0.25,2.0,2,0.5,1.0,0.0,0.5,2026-10-24,2029-10-13
19,all_only,factor_cov_change,gradual_bias,0.5,1.0,2,0.0,0.0,0.0,0.0,2026-10-24,2029-10-13
19,all_only,factor_cov_change,gradual_bias,0.5,2.0,2,0.5,1.0,0.0,0.5,2026-10-24,2029-10-13
19,all_only,factor_cov_change,gradual_bias,0.75,1.0,2,0.0,0.0,0.0,0.0,2026-10-24,2029-10-13
19,all_only,factor_cov_change,gradual_bias,0.75,2.0,2,0.5,1.0,0.0,0.5,2026-10-24,2029-10-13
19,all_only,factor_cov_change,gradual_bias,1.0,1.0,2,0.0,0.0,0.0,0.0,2026-10-24,2029-10-13
19,all_only,factor_cov_change,gradual_bias,1.0,2.0,2,0.5,1.0,0.0,0.5,2026-10-24,2029-10-13
19,all_only,factor_cov_delta,gradual_bias,0.25,1.0,2,0.0,0.0,0.0,0.0,2026-10-24,2029-10-13
19,all_only,factor_cov_delta,gradual_bias,0.25,2.0,2,0.0,0.0,0.0,0.0,2026-10-24,2029-10-13
19,all_only,factor_cov_delta,gradual_bias,0.5,1.0,2,0.0,0.0,0.0,0.0,2026-10-24,2029-10-13
19,all_only,factor_cov_delta,gradual_bias,0.5,2.0,2,0.0,0.0,0.0,0.0,2026-10-24,2029-10-13
19,all_only,factor_cov_delta,gradual_bias,0.75,1.0,2,0.0,0.0,0.0,0.0,2026-10-24,2029-10-13
19,all_only,factor_cov_delta,gradual_bias,0.75,2.0,2,0.0,0.0,0.0,0.0,2026-10-24,2029-10-13
19,all_only,factor_cov_delta,gradual_bias,1.0,1.0,2,0.0,0.0,0.0,0.0,2026-10-24,2029-10-13
19,all_only,factor_cov_delta,gradual_bias,1.0,2.0,2,0.0,0.0,0.0,0.0,2026-10-24,2029-10-13
19,all_only,factor_cov_lrt,gradual_bias,0.25,1.0,2,0.0,0.0,0.0,0.0,2026-10-24,2029-10-13
19,all_only,factor_cov_lrt,gradual_bias,0.25,2.0,2,0.0,0.0,0.0,0.0,2026-10-24,2029-10-13
19,all_only,factor_cov_lrt,gradual_bias,0.5,1.0,2,0.0,0.0,0.0,0.0,2026-10-24,2029-10-13
19,all_only,factor_cov_lrt,gradual_bias,0.5,2.0,2,0.0,0.0,0.0,0.0,2026-10-24,2029-10-13
19,all_only,factor_cov_lrt,gradual_bias,0.75,1.0,2,0.0,0.0,0.0,0.0,2026-10-24,2029-10-13
19,all_only,factor_cov_lrt,gradual_bias,0.75,2.0,2,0.0,0.0,0.0,0.0,2026-10-24,2029-10-13
19,all_only,factor_cov_lrt,gradual_bias,1.0,1.0,2,0.0,0.0,0.0,0.0,2026-10-24,2029-10-13
19,all_only,factor_cov_lrt,gradual_bias,1.0,2.0,2,0.0,0.0,0.0,0.0,2026-10-24,2029-10-13
19,all_only,factor_cov_lrt_delta,gradual_bias,0.25,1.0,2,0.0,0.0,0.0,0.0,2026-10-24,2029-10-13
19,all_only,factor_cov_lrt_delta,gradual_bias,0.25,2.0,2,0.0,0.0,0.0,0.0,2026-10-24,2029-10-13
19,all_only,factor_cov_lrt_delta,gradual_bias,0.5,1.0,2,0.0,0.0,0.0,0.0,2026-10-24,2029-10-13
19,all_only,factor_cov_lrt_delta,gradual_bias,0.5,2.0,2,0.0,0.0,0.0,0.0,2026-10-24,2029-10-13
19,all_only,factor_cov_lrt_delta,gradual_bias,0.75,1.0,2,0.0,0.0,0.0,0.0,2026-10-24,2029-10-13
19,all_only,factor_cov_lrt_delta,gradual_bias,0.75,2.0,2,0.0,0.0,0.0,0.0,2026-10-24,2029-10-13
19,all_only,factor_cov_lrt_delta,gradual_bias,1.0,1.0,2,0.0,0.0,0.0,0.0,2026-10-24,2029-10-13
19,all_only,factor_cov_lrt_delta,gradual_bias,1.0,2.0,2,0.0,0.0,0.0,0.0,2026-10-24,2029-10-13
19,all_only,fused_fisher,gradual_bias,0.25,1.0,2,0.0,0.0,0.0,0.0,2026-10-24,2029-10-13
19,all_only,fused_fisher,gradual_bias,0.25,2.0,2,0.5,0.5,0.0,0.0,2026-10-24,2029-10-13
19,all_only,fused_fisher,gradual_bias,0.5,1.0,2,0.0,0.0,0.0,0.0,2026-10-24,2029-10-13
19,all_only,fused_fisher,gradual_bias,0.5,2.0,2,0.5,0.5,0.0,0.0,2026-10-24,2029-10-13
19,all_only,fused_fisher,gradual_bias,0.75,1.0,2,0.0,0.0,0.0,0.0,2026-10-24,2029-10-13
19,all_only,fused_fisher,gradual_bias,0.75,2.0,2,0.5,0.5,0.0,0.0,2026-10-24,2029-10-13
19,all_only,fused_fisher,gradual_bias,1.0,1.0,2,0.0,0.0,0.0,0.0,2026-10-24,2029-10-13
19,all_only,fused_fisher,gradual_bias,1.0,2.0,2,0.5,0.5,0.0,0.0,2026-10-24,2029-10-13
19,all_only,fused_fisher_lrt_delta,gradual_bias,0.25,1.0,2,0.0,0.0,0.0,0.0,2026-10-24,2029-10-13
19,all_only,fused_fisher_lrt_delta,gradual_bias,0.25,2.0,2,0.0,0.0,0.0,0.0,2026-10-24,2029-10-13
19,all_only,fused_fisher_lrt_delta,gradual_bias,0.5,1.0,2,0.0,0.0,0.0,0.0,2026-10-24,2029-10-13
19,all_only,fused_fisher_lrt_delta,gradual_bias,0.5,2.0,2,0.0,0.0,0.0,0.0,2026-10-24,2029-10-13
19,all_only,fused_fisher_lrt_delta,gradual_bias,0.75,1.0,2,0.0,0.0,0.0,0.0,2026-10-24,2029-10-13
19,all_only,fused_fisher_lrt_delta,gradual_bias,0.75,2.0,2,0.0,0.0,0.0,0.0,2026-10-24,2029-10-13
19,all_only,fused_fisher_lrt_delta,gradual_bias,1.0,1.0,2,0.0,0.0,0.0,0.0,2026-10-24,2029-10-13
19,all_only,fused_fisher_lrt_delta,gradual_bias,1.0,2.0,2,0.0,0.0,0.0,0.0,2026-10-24,2029-10-13
19,all_only,fused_sp,gradual_bias,0.25,1.0,2,0.0,0.0,0.0,0.0,2026-10-24,2029-10-13
19,all_only,fused_sp,gradual_bias,0.25,2.0,2,0.0,0.0,0.0,0.0,2026-10-24,2029-10-13
19,all_only,fused_sp,gradual_bias,0.5,1.0,2,0.0,0.0,0.0,0.0,2026-10-24,2029-10-13
19,all_only,fused_sp,gradual_bias,0.5,2.0,2,0.0,0.0,0.0,0.0,2026-10-24,2029-10-13
19,all_only,fused_sp,gradual_bias,0.75,1.0,2,0.0,0.0,0.0,0.0,2026-10-24,2029-10-13
19,all_only,fused_sp,gradual_bias,0.75,2.0,2,0.0,0.0,0.0,0.0,2026-10-24,2029-10-13
19,all_only,fused_sp,gradual_bias,1.0,1.0,2,0.0,0.0,0.0,0.0,2026-10-24,2029-10-13
19,all_only,fused_sp,gradual_bias,1.0,2.0,2,0.0,0.0,0.0,0.0,2026-10-24,2029-10-13
19,all_only,fused_sp_lrt_delta,gradual_bias,0.25,1.0,2,0.0,0.0,0.0,0.0,2026-10-24,2029-10-13
19,all_only,fused_sp_lrt_delta,gradual_bias,0.25,2.0,2,0.5,0.5,0.0,0.0,2026-10-24,2029-10-13
19,all_only,fused_sp_lrt_delta,gradual_bias,0.5,1.0,2,0.0,0.0,0.0,0.0,2026-10-24,2029-10-13
19,all_only,fused_sp_lrt_delta,gradual_bias,0.5,2.0,2,0.5,0.5,0.0,0.0,2026-10-24,2029-10-13
19,all_only,fused_sp_lrt_delta,gradual_bias,0.75,1.0,2,0.0,0.0,0.0,0.0,2026-10-24,2029-10-13
19,all_only,fused_sp_lrt_delta,gradual_bias,0.75,2.0,2,0.5,0.5,0.0,0.0,2026-10-24,2029-10-13
19,all_only,fused_sp_lrt_delta,gradual_bias,1.0,1.0,2,0.0,0.0,0.0,0.0,2026-10-24,2029-10-13
19,all_only,fused_sp_lrt_delta,gradual_bias,1.0,2.0,2,0.5,0.5,0.0,0.0,2026-10-24,2029-10-13
19,all_only,max_abs,gradual_bias,0.25,1.0,2,0.0,0.0,0.0,0.0,2026-10-24,2029-10-13
19,all_only,max_abs,gradual_bias,0.25,2.0,2,0.0,0.0,0.0,0.0,2026-10-24,2029-10-13
19,all_only,max_abs,gradual_bias,0.5,1.0,2,0.0,0.0,0.0,0.0,2026-10-24,2029-10-13
19,all_only,max_abs,gradual_bias,0.5,2.0,2,0.0,0.0,0.0,0.0,2026-10-24,2029-10-13
19,all_only,max_abs,gradual_bias,0.75,1.0,2,0.0,0.0,0.0,0.0,2026-10-24,2029-10-13
19,all_only,max_abs,gradual_bias,0.75,2.0,2,0.0,0.0,0.0,0.0,2026-10-24,2029-10-13
19,all_only,max_abs,gradual_bias,1.0,1.0,2,0.0,0.0,0.0,0.0,2026-10-24,2029-10-13
19,all_only,max_abs,gradual_bias,1.0,2.0,2,0.0,0.0,0.0,0.0,2026-10-24,2029-10-13
19,all_only,pc_t2,gradual_bias,0.25,1.0,2,0.5,0.5,0.0,0.0,2026-10-24,2029-10-13
19,all_only,pc_t2,gradual_bias,0.25,2.0,2,0.0,0.0,0.0,0.0,2026-10-24,2029-10-13
19,all_only,pc_t2,gradual_bias,0.5,1.0,2,0.5,0.5,0.0,0.0,2026-10-24,2029-10-13
19,all_only,pc_t2,gradual_bias,0.5,2.0,2,0.0,0.0,0.0,0.0,2026-10-24,2029-10-13
19,all_only,pc_t2,gradual_bias,0.75,1.0,2,0.5,0.5,0.0,0.0,2026-10-24,2029-10-13
19,all_only,pc_t2,gradual_bias,0.75,2.0,2,0.0,0.0,0.0,0.0,2026-10-24,2029-10-13
19,all_only,pc_t2,gradual_bias,1.0,1.0,2,0.5,0.5,0.0,0.0,2026-10-24,2029-10-13
19,all_only,pc_t2,gradual_bias,1.0,2.0,2,0.0,0.0,0.0,0.0,2026-10-24,2029-10-13
19,all_only,res_energy,gradual_bias,0.25,1.0,2,0.0,0.0,0.0,0.0,2026-10-24,2029-10-13
19,all_only,res_energy,gradual_bias,0.25,2.0,2,0.0,0.0,0.0,0.0,2026-10-24,2029-10-13
19,all_only,res_energy,gradual_bias,0.5,1.0,2,0.0,0.0,0.0,0.0,2026-10-24,2029-10-13
19,all_only,res_energy,gradual_bias,0.5,2.0,2,0.0,0.0,0.0,0.0,2026-10-24,2029-10-13
19,all_only,res_energy,gradual_bias,0.75,1.0,2,0.0,0.0,0.0,0.0,2026-10-24,2029-10-13
19,all_only,res_energy,gradual_bias,0.75,2.0,2,0.0,0.0,0.0,0.0,2026-10-24,2029-10-13
19,all_only,res_energy,gradual_bias,1.0,1.0,2,0.0,0.0,0.0,0.0,2026-10-24,2029-10-13
19,all_only,res_energy,gradual_bias,1.0,2.0,2,0.0,0.0,0.0,0.0,2026-10-24,2029-10-13
19,all_only,stale,gradual_bias,0.25,1.0,2,0.0,0.0,0.0,1.0,2026-10-24,2029-10-13
19,all_only,stale,gradual_bias,0.25,2.0,2,0.0,0.0,0.0,1.0,2026-10-24,2029-10-13
19,all_only,stale,gradual_bias,0.5,1.0,2,0.0,0.0,0.0,1.0,2026-10-24,2029-10-13
19,all_only,stale,gradual_bias,0.5,2.0,2,0.0,0.0,0.0,1.0,2026-10-24,2029-10-13
19,all_only,stale,gradual_bias,0.75,1.0,2,0.0,0.0,0.0,1.0,2026-10-24,2029-10-13
19,all_only,stale,gradual_bias,0.75,2.0,2,0.0,0.0,0.0,1.0,2026-10-24,2029-10-13
19,all_only,stale,gradual_bias,1.0,1.0,2,0.0,0.0,0.0,1.0,2026-10-24,2029-10-13
19,all_only,stale,gradual_bias,1.0,2.0,2,0.0,0.0,0.0,1.0,2026-10-24,2029-10-13
19,full,T2,gradual_bias,0.25,1.0,2,0.0,0.0,0.0,0.0,2026-10-24,2029-10-13
19,full,T2,gradual_bias,0.25,2.0,2,0.0,0.0,0.0,0.0,2026-10-24,2029-10-13
19,full,T2,gradual_bias,0.5,1.0,2,0.0,0.0,0.0,0.0,2026-10-24,2029-10-13
19,full,T2,gradual_bias,0.5,2.0,2,0.0,0.0,0.0,0.0,2026-10-24,2029-10-13
19,full,T2,gradual_bias,0.75,1.0,2,0.0,0.0,0.0,0.0,2026-10-24,2029-10-13
19,full,T2,gradual_bias,0.75,2.0,2,0.0,0.0,0.0,0.0,2026-10-24,2029-10-13
19,full,T2,gradual_bias,1.0,1.0,2,0.0,0.0,0.0,0.0,2026-10-24,2029-10-13
19,full,T2,gradual_bias,1.0,2.0,2,0.0,0.0,0.0,0.0,2026-10-24,2029-10-13
19,full,cusum_factor_cov_lrt,gradual_bias,0.25,1.0,2,0.0,0.5,1.0,0.0,2026-10-24,2029-10-13
19,full,cusum_factor_cov_lrt,gradual_bias,0.25,2.0,2,0.5,0.5,0.0,0.0,2026-10-24,2029-10-13
19,full,cusum_factor_cov_lrt,gradual_bias,0.5,1.0,2,0.0,0.5,1.0,0.0,2026-10-24,2029-10-13
19,full,cusum_factor_cov_lrt,gradual_bias,0.5,2.0,2,0.5,0.5,0.0,0.0,2026-10-24,2029-10-13
19,full,cusum_factor_cov_lrt,gradual_bias,0.75,1.0,2,0.0,0.5,1.0,0.0,2026-10-24,2029-10-13
19,full,cusum_factor_cov_lrt,gradual_bias,0.75,2.0,2,0.5,0.5,0.0,0.0,2026-10-24,2029-10-13
19,full,cusum_factor_cov_lrt,gradual_bias,1.0,1.0,2,0.0,0.5,1.0,0.0,2026-10-24,2029-10-13
19,full,cusum_factor_cov_lrt,gradual_bias,1.0,2.0,2,0.5,0.5,0.0,0.0,2026-10-24,2029-10-13
19,full,ewma_factor_cov_lrt,gradual_bias,0.25,1.0,2,0.0,0.0,0.0,0.0,2026-10-24,2029-10-13
19,full,ewma_factor_cov_lrt,gradual_bias,0.25,2.0,2,0.0,0.0,0.0,0.0,2026-10-24,2029-10-13
19,full,ewma_factor_cov_lrt,gradual_bias,0.5,1.0,2,0.0,0.0,0.0,0.0,2026-10-24,2029-10-13
19,full,ewma_factor_cov_lrt,gradual_bias,0.5,2.0,2,0.0,0.0,0.0,0.0,2026-10-24,2029-10-13
19,full,ewma_factor_cov_lrt,gradual_bias,0.75,1.0,2,0.0,0.0,0.0,0.0,2026-10-24,2029-10-13
19,full,ewma_factor_cov_lrt,gradual_bias,0.75,2.0,2,0.0,0.0,0.0,0.0,2026-10-24,2029-10-13
19,full,ewma_factor_cov_lrt,gradual_bias,1.0,1.0,2,0.0,0.0,0.0,0.0,2026-10-24,2029-10-13
19,full,ewma_factor_cov_lrt,gradual_bias,1.0,2.0,2,0.0,0.0,0.0,0.0,2026-10-24,2029-10-13
19,full,factor_cov_change,gradual_bias,0.25,1.0,2,0.5,0.5,0.0,0.0,2026-10-24,2029-10-13
19,full,factor_cov_change,gradual_bias,0.25,2.0,2,0.0,0.0,0.0,0.0,2026-10-24,2029-10-13
19,full,factor_cov_change,gradual_bias,0.5,1.0,2,0.5,0.5,0.0,0.0,2026-10-24,2029-10-13
19,full,factor_cov_change,gradual_bias,0.5,2.0,2,0.0,0.0,0.0,0.0,2026-10-24,2029-10-13
19,full,factor_cov_change,gradual_bias,0.75,1.0,2,0.5,0.5,0.0,0.0,2026-10-24,2029-10-13
19,full,factor_cov_change,gradual_bias,0.75,2.0,2,0.0,0.0,0.0,0.0,2026-10-24,2029-10-13
19,full,factor_cov_change,gradual_bias,1.0,1.0,2,0.5,0.5,0.0,0.0,2026-10-24,2029-10-13
19,full,factor_cov_change,gradual_bias,1.0,2.0,2,0.0,0.0,0.0,0.0,2026-10-24,2029-10-13
19,full,factor_cov_delta,gradual_bias,0.25,1.0,2,0.0,0.0,0.0,0.0,2026-10-24,2029-10-13
19,full,factor_cov_delta,gradual_bias,0.25,2.0,2,0.5,0.5,0.0,0.0,2026-10-24,2029-10-13
19,full,factor_cov_delta,gradual_bias,0.5,1.0,2,0.0,0.0,0.0,0.0,2026-10-24,2029-10-13
19,full,factor_cov_delta,gradual_bias,0.5,2.0,2,0.5,0.5,0.0,0.0,2026-10-24,2029-10-13
19,full,factor_cov_delta,gradual_bias,0.75,1.0,2,0.0,0.0,0.0,0.0,2026-10-24,2029-10-13
19,full,factor_cov_delta,gradual_bias,0.75,2.0,2,0.5,0.5,0.0,0.0,2026-10-24,2029-10-13
19,full,factor_cov_delta,gradual_bias,1.0,1.0,2,0.0,0.0,0.0,0.0,2026-10-24,2029-10-13
19,full,factor_cov_delta,gradual_bias,1.0,2.0,2,0.5,0.5,0.0,0.0,2026-10-24,2029-10-13
19,full,factor_cov_lrt,gradual_bias,0.25,1.0,2,0.5,0.5,0.0,0.0,2026-10-24,2029-10-13
19,full,factor_cov_lrt,gradual_bias,0.25,2.0,2,0.0,0.0,0.0,0.0,2026-10-24,2029-10-13
19,full,factor_cov_lrt,gradual_bias,0.5,1.0,2,0.5,0.5,0.0,0.0,2026-10-24,2029-10-13
19,full,factor_cov_lrt,gradual_bias,0.5,2.0,2,0.0,0.0,0.0,0.0,2026-10-24,2029-10-13
19,full,factor_cov_lrt,gradual_bias,0.75,1.0,2,0.5,0.5,0.0,0.0,2026-10-24,2029-10-13
19,full,factor_cov_lrt,gradual_bias,0.75,2.0,2,0.0,0.0,0.0,0.0,2026-10-24,2029-10-13
19,full,factor_cov_lrt,gradual_bias,1.0,1.0,2,0.5,0.5,0.0,0.0,2026-10-24,2029-10-13
19,full,factor_cov_lrt,gradual_bias,1.0,2.0,2,0.0,0.0,0.0,0.0,2026-10-24,2029-10-13
19,full,factor_cov_lrt_delta,gradual_bias,0.25,1.0,2,0.0,0.0,0.0,0.0,2026-10-24,2029-10-13
19,full,factor_cov_lrt_delta,gradual_bias,0.25,2.0,2,0.0,0.0,0.0,0.0,2026-10-24,2029-10-13
19,full,factor_cov_lrt_delta,gradual_bias,0.5,1.0,2,0.0,0.0,0.0,0.0,2026-10-24,2029-10-13
19,full,factor_cov_lrt_delta,gradual_bias,0.5,2.0,2,0.0,0.0,0.0,0.0,2026-10-24,2029-10-13
19,full,factor_cov_lrt_delta,gradual_bias,0.75,1.0,2,0.0,0.0,0.0,0.0,2026-10-24,2029-10-13
19,full,factor_cov_lrt_delta,gradual_bias,0.75,2.0,2,0.0,0.0,0.0,0.0,2026-10-24,2029-10-13
19,full,factor_cov_lrt_delta,gradual_bias,1.0,1.0,2,0.0,0.0,0.0,0.0,2026-10-24,2029-10-13
19,full,factor_cov_lrt_delta,gradual_bias,1.0,2.0,2,0.0,0.0,0.0,0.0,2026-10-24,2029-10-13
19,full,fused_fisher,gradual_bias,0.25,1.0,2,0.0,0.0,0.0,0.0,2026-10-24,2029-10-13
19,full,fused_fisher,gradual_bias,0.25,2.0,2,0.0,0.0,0.0,0.0,2026-10-24,2029-10-13
19,full,fused_fisher,gradual_bias,0.5,1.0,2,0.0,0.0,0.0,0.0,2026-10-24,2029-10-13
19,full,fused_fisher,gradual_bias,0.5,2.0,2,0.0,0.0,0.0,0.0,2026-10-24,2029-10-13
19,full,fused_fisher,gradual_bias,0.75,1.0,2,0.0,0.0,0.0,0.0,2026-10-24,2029-10-13
19,full,fused_fisher,gradual_bias,0.75,2.0,2,0.0,0.0,0.0,0.0,2026-10-24,2029-10-13
19,full,fused_fisher,gradual_bias,1.0,1.0,2,0.0,0.0,0.0,0.0,2026-10-24,2029-10-13
19,full,fused_fisher,gradual_bias,1.0,2.0,2,0.0,0.0,0.0,0.0,2026-10-24,2029-10-13
19,full,fused_fisher_lrt_delta,gradual_bias,0.25,1.0,2,0.0,0.0,0.0,0.0,2026-10-24,2029-10-13
19,full,fused_fisher_lrt_delta,gradual_bias,0.25,2.0,2,1.0,1.0,0.0,0.0,2026-10-24,2029-10-13
19,full,fused_fisher_lrt_delta,gradual_bias,0.5,1.0,2,0.0,0.0,0.0,0.0,2026-10-24,2029-10-13
19,full,fused_fisher_lrt_delta,gradual_bias,0.5,2.0,2,1.0,1.0,0.0,0.0,2026-10-24,2029-10-13
19,full,fused_fisher_lrt_delta,gradual_bias,0.75,1.0,2,0.0,0.0,0.0,0.0,2026-10-24,2029-10-13
19,full,fused_fisher_lrt_delta,gradual_bias,0.75,2.0,2,1.0,1.0,0.0,0.0,2026-10-24,2029-10-13
19,full,fused_fisher_lrt_delta,gradual_bias,1.0,1.0,2,0.0,0.0,0.0,0.0,2026-10-24,2029-10-13
19,full,fused_fisher_lrt_delta,gradual_bias,1.0,2.0,2,1.0,1.0,0.0,0.0,2026-10-24,2029-10-13
19,full,fused_sp,gradual_bias,0.25,1.0,2,0.0,0.0,0.0,0.0,2026-10-24,2029-10-13
19,full,fused_sp,gradual_bias,0.25,2.0,2,0.0,0.0,0.0,0.0,2026-10-24,2029-10-13
19,full,fused_sp,gradual_bias,0.5,1.0,2,0.0,0.0,0.0,0.0,2026-10-24,2029-10-13
19,full,fused_sp,gradual_bias,0.5,2.0,2,0.0,0.0,0.0,0.0,2026-10-24,2029-10-13
19,full,fused_sp,gradual_bias,0.75,1.0,2,0.0,0.0,0.0,0.0,2026-10-24,2029-10-13
19,full,fused_sp,gradual_bias,0.75,2.0,2,0.0,0.0,0.0,0.0,2026-10-24,2029-10-13
19,full,fused_sp,gradual_bias,1.0,1.0,2,0.0,0.0,0.0,0.0,2026-10-24,2029-10-13
19,full,fused_sp,gradual_bias,1.0,2.0,2,0.0,0.0,0.0,0.0,2026-10-24,2029-10-13
19,full,fused_sp_lrt_delta,gradual_bias,0.25,1.0,2,0.0,0.0,0.0,0.0,2026-10-24,2029-10-13
19,full,fused_sp_lrt_delta,gradual_bias,0.25,2.0,2,0.0,0.0,0.0,0.0,2026-10-24,2029-10-13
19,full,fused_sp_lrt_delta,gradual_bias,0.5,1.0,2,0.0,0.0,0.0,0.0,2026-10-24,2029-10-13
19,full,fused_sp_lrt_delta,gradual_bias,0.5,2.0,2,0.0,0.0,0.0,0.0,2026-10-24,2029-10-13
19,full,fused_sp_lrt_delta,gradual_bias,0.75,1.0,2,0.0,0.0,0.0,0.0,2026-10-24,2029-10-13
19,full,fused_sp_lrt_delta,gradual_bias,0.75,2.0,2,0.0,0.0,0.0,0.0,2026-10-24,2029-10-13
19,full,fused_sp_lrt_delta,gradual_bias,1.0,1.0,2,0.0,0.0,0.0,0.0,2026-10-24,2029-10-13
19,full,fused_sp_lrt_delta,gradual_bias,1.0,2.0,2,0.0,0.0,0.0,0.0,2026-10-24,2029-10-13
19,full,max_abs,gradual_bias,0.25,1.0,2,0.5,0.5,0.0,0.0,2026-10-24,2029-10-13
19,full,max_abs,gradual_bias,0.25,2.0,2,0.0,0.0,0.0,0.0,2026-10-24,2029-10-13
19,full,max_abs,gradual_bias,0.5,1.0,2,0.5,0.5,0.0,0.0,2026-10-24,2029-10-13
19,full,max_abs,gradual_bias,0.5,2.0,2,0.0,0.0,0.0,0.0,2026-10-24,2029-10-13
19,full,max_abs,gradual_bias,0.75,1.0,2,0.5,0.5,0.0,0.0,2026-10-24,2029-10-13
19,full,max_abs,gradual_bias,0.75,2.0,2,0.0,0.0,0.0,0.0,2026-10-24,2029-10-13
19,full,max_abs,gradual_bias,1.0,1.0,2,0.5,0.5,0.0,0.0,2026-10-24,2029-10-13
19,full,max_abs,gradual_bias,1.0,2.0,2,0.0,0.0,0.0,0.0,2026-10-24,2029-10-13
19,full,pc_t2,gradual_bias,0.25,1.0,2,0.0,0.0,0.0,0.0,2026-10-24,2029-10-13
19,full,pc_t2,gradual_bias,0.25,2.0,2,0.0,0.0,0.0,0.0,2026-10-24,2029-10-13
19,full,pc_t2,gradual_bias,0.5,1.0,2,0.0,0.0,0.0,0.0,2026-10-24,2029-10-13
19,full,pc_t2,gradual_bias,0.5,2.0,2,0.0,0.0,0.0,0.0,2026-10-24,2029-10-13
19,full,pc_t2,gradual_bias,0.75,1.0,2,0.0,0.0,0.0,0.0,2026-10-24,2029-10-13
19,full,pc_t2,gradual_bias,0.75,2.0,2,0.0,0.0,0.0,0.0,2026-10-24,2029-10-13
19,full,pc_t2,gradual_bias,1.0,1.0,2,0.0,0.0,0.0,0.0,2026-10-24,2029-10-13
19,full,pc_t2,gradual_bias,1.0,2.0,2,0.0,0.0,0.0,0.0,2026-10-24,2029-10-13
19,full,res_energy,gradual_bias,0.25,1.0,2,0.0,0.0,0.0,0.0,2026-10-24,2029-10-13
19,full,res_energy,gradual_bias,0.25,2.0,2,0.0,0.0,0.0,0.0,2026-10-24,2029-10-13
19,full,res_energy,gradual_bias,0.5,1.0,2,0.0,0.0,0.0,0.0,2026-10-24,2029-10-13
19,full,res_energy,gradual_bias,0.5,2.0,2,0.0,0.0,0.0,0.0,2026-10-24,2029-10-13
19,full,res_energy,gradual_bias,0.75,1.0,2,0.0,0.0,0.0,0.0,2026-10-24,2029-10-13
19,full,res_energy,gradual_bias,0.75,2.0,2,0.0,0.0,0.0,0.0,2026-10-24,2029-10-13
19,full,res_energy,gradual_bias,1.0,1.0,2,0.0,0.0,0.0,0.0,2026-10-24,2029-10-13
19,full,res_energy,gradual_bias,1.0,2.0,2,0.0,0.0,0.0,0.0,2026-10-24,2029-10-13
19,full,stale,gradual_bias,0.25,1.0,2,0.0,0.0,0.0,1.0,2026-10-24,2029-10-13
19,full,stale,gradual_bias,0.25,2.0,2,0.0,0.0,0.0,1.0,2026-10-24,2029-10-13
19,full,stale,gradual_bias,0.5,1.0,2,0.0,0.0,0.0,1.0,2026-10-24,2029-10-13
19,full,stale,gradual_bias,0.5,2.0,2,0.0,0.0,0.0,1.0,2026-10-24,2029-10-13
19,full,stale,gradual_bias,0.75,1.0,2,0.0,0.0,0.0,1.0,2026-10-24,2029-10-13
19,full,stale,gradual_bias,0.75,2.0,2,0.0,0.0,0.0,1.0,2026-10-24,2029-10-13
19,full,stale,gradual_bias,1.0,1.0,2,0.0,0.0,0.0,1.0,2026-10-24,2029-10-13
19,full,stale,gradual_bias,1.0,2.0,2,0.0,0.0,0.0,1.0,2026-10-24,2029-10-13
19,score_only,T2,gradual_bias,0.25,1.0,2,0.0,0.0,0.0,0.0,2026-10-24,2029-10-13
19,score_only,T2,gradual_bias,0.25,2.0,2,0.0,0.0,0.0,0.0,2026-10-24,2029-10-13
19,score_only,T2,gradual_bias,0.5,1.0,2,0.0,0.0,0.0,0.0,2026-10-24,2029-10-13
19,score_only,T2,gradual_bias,0.5,2.0,2,0.0,0.0,0.0,0.0,2026-10-24,2029-10-13
19,score_only,T2,gradual_bias,0.75,1.0,2,0.0,0.0,0.0,0.0,2026-10-24,2029-10-13
19,score_only,T2,gradual_bias,0.75,2.0,2,0.0,0.0,0.0,0.0,2026-10-24,2029-10-13
19,score_only,T2,gradual_bias,1.0,1.0,2,0.0,0.0,0.0,0.0,2026-10-24,2029-10-13
19,score_only,T2,gradual_bias,1.0,2.0,2,0.0,0.0,0.0,0.0,2026-10-24,2029-10-13
19,score_only,coh_resid_energy,gradual_bias,0.25,1.0,2,0.0,0.0,0.0,0.0,2026-10-24,2029-10-13
19,score_only,coh_resid_energy,gradual_bias,0.25,2.0,2,0.0,0.0,0.0,0.0,2026-10-24,2029-10-13
19,score_only,coh_resid_energy,gradual_bias,0.5,1.0,2,0.0,0.0,0.0,0.0,2026-10-24,2029-10-13
19,score_only,coh_resid_energy,gradual_bias,0.5,2.0,2,0.0,0.0,0.0,0.0,2026-10-24,2029-10-13
19,score_only,coh_resid_energy,gradual_bias,0.75,1.0,2,0.0,0.0,0.0,0.0,2026-10-24,2029-10-13
19,score_only,coh_resid_energy,gradual_bias,0.75,2.0,2,0.0,0.0,0.0,0.0,2026-10-24,2029-10-13
19,score_only,coh_resid_energy,gradual_bias,1.0,1.0,2,0.0,0.0,0.0,0.0,2026-10-24,2029-10-13
19,score_only,coh_resid_energy,gradual_bias,1.0,2.0,2,0.0,0.0,0.0,0.0,2026-10-24,2029-10-13
19,score_only,coh_resid_t2,gradual_bias,0.25,1.0,2,0.0,0.0,0.0,0.0,2026-10-24,2029-10-13
19,score_only,coh_resid_t2,gradual_bias,0.25,2.0,2,0.0,0.0,0.0,0.0,2026-10-24,2029-10-13
19,score_only,coh_resid_t2,gradual_bias,0.5,1.0,2,0.0,0.0,0.0,0.0,2026-10-24,2029-10-13
19,score_only,coh_resid_t2,gradual_bias,0.5,2.0,2,0.0,0.0,0.0,0.0,2026-10-24,2029-10-13
19,score_only,coh_resid_t2,gradual_bias,0.75,1.0,2,0.0,0.0,0.0,0.0,2026-10-24,2029-10-13
19,score_only,coh_resid_t2,gradual_bias,0.75,2.0,2,0.0,0.0,0.0,0.0,2026-10-24,2029-10-13
19,score_only,coh_resid_t2,gradual_bias,1.0,1.0,2,0.0,0.0,0.0,0.0,2026-10-24,2029-10-13
19,score_only,coh_resid_t2,gradual_bias,1.0,2.0,2,0.0,0.0,0.0,0.0,2026-10-24,2029-10-13
19,score_only,cusum_coh_resid_t2,gradual_bias,0.25,1.0,2,0.0,0.0,0.0,0.0,2026-10-24,2029-10-13
19,score_only,cusum_coh_resid_t2,gradual_bias,0.25,2.0,2,0.0,0.0,0.0,0.0,2026-10-24,2029-10-13
19,score_only,cusum_coh_resid_t2,gradual_bias,0.5,1.0,2,0.0,0.0,0.0,0.0,2026-10-24,2029-10-13
19,score_only,cusum_coh_resid_t2,gradual_bias,0.5,2.0,2,0.0,0.0,0.0,0.0,2026-10-24,2029-10-13
19,score_only,cusum_coh_resid_t2,gradual_bias,0.75,1.0,2,0.0,0.0,0.0,0.0,2026-10-24,2029-10-13
19,score_only,cusum_coh_resid_t2,gradual_bias,0.75,2.0,2,0.0,0.0,0.0,0.0,2026-10-24,2029-10-13
19,score_only,cusum_coh_resid_t2,gradual_bias,1.0,1.0,2,0.0,0.0,0.0,0.0,2026-10-24,2029-10-13
19,score_only,cusum_coh_resid_t2,gradual_bias,1.0,2.0,2,0.0,0.0,0.0,0.0,2026-10-24,2029-10-13
19,score_only,cusum_factor_cov_lrt,gradual_bias,0.25,1.0,2,0.0,1.0,1.0,0.0,2026-10-24,2029-10-13
19,score_only,cusum_factor_cov_lrt,gradual_bias,0.25,2.0,2,0.5,0.5,0.0,0.0,2026-10-24,2029-10-13
19,score_only,cusum_factor_cov_lrt,gradual_bias,0.5,1.0,2,0.0,0.5,1.0,0.0,2026-10-24,2029-10-13
19,score_only,cusum_factor_cov_lrt,gradual_bias,0.5,2.0,2,0.5,0.5,0.0,0.0,2026-10-24,2029-10-13
19,score_only,cusum_factor_cov_lrt,gradual_bias,0.75,1.0,2,0.0,0.5,1.0,0.0,2026-10-24,2029-10-13
19,score_only,cusum_factor_cov_lrt,gradual_bias,0.75,2.0,2,0.5,0.5,0.0,0.0,2026-10-24,2029-10-13
19,score_only,cusum_factor_cov_lrt,gradual_bias,1.0,1.0,2,0.0,0.5,1.0,0.0,2026-10-24,2029-10-13
19,score_only,cusum_factor_cov_lrt,gradual_bias,1.0,2.0,2,0.5,0.5,0.0,0.0,2026-10-24,2029-10-13
19,score_only,ewma_coh_resid_t2,gradual_bias,0.25,1.0,2,0.5,0.5,0.0,0.0,2026-10-24,2029-10-13
19,score_only,ewma_coh_resid_t2,gradual_bias,0.25,2.0,2,1.0,1.0,0.0,0.0,2026-10-24,2029-10-13
19,score_only,ewma_coh_resid_t2,gradual_bias,0.5,1.0,2,0.5,0.5,0.0,0.0,2026-10-24,2029-10-13
19,score_only,ewma_coh_resid_t2,gradual_bias,0.5,2.0,2,1.0,1.0,0.0,0.0,2026-10-24,2029-10-13
19,score_only,ewma_coh_resid_t2,gradual_bias,0.75,1.0,2,0.5,0.5,0.0,0.0,2026-10-24,2029-10-13
19,score_only,ewma_coh_resid_t2,gradual_bias,0.75,2.0,2,1.0,1.0,0.0,0.0,2026-10-24,2029-10-13
19,score_only,ewma_coh_resid_t2,gradual_bias,1.0,1.0,2,0.5,0.5,0.0,0.0,2026-10-24,2029-10-13
19,score_only,ewma_coh_resid_t2,gradual_bias,1.0,2.0,2,1.0,1.0,0.0,0.0,2026-10-24,2029-10-13
19,score_only,ewma_factor_cov_lrt,gradual_bias,0.25,1.0,2,0.0,0.0,0.0,0.0,2026-10-24,2029-10-13
19,score_only,ewma_factor_cov_lrt,gradual_bias,0.25,2.0,2,0.0,0.0,0.0,0.0,2026-10-24,2029-10-13
19,score_only,ewma_factor_cov_lrt,gradual_bias,0.5,1.0,2,0.0,0.0,0.0,0.0,2026-10-24,2029-10-13
19,score_only,ewma_factor_cov_lrt,gradual_bias,0.5,2.0,2,0.0,0.0,0.0,0.0,2026-10-24,2029-10-13
19,score_only,ewma_factor_cov_lrt,gradual_bias,0.75,1.0,2,0.0,0.0,0.0,0.0,2026-10-24,2029-10-13
19,score_only,ewma_factor_cov_lrt,gradual_bias,0.75,2.0,2,0.0,0.0,0.0,0.0,2026-10-24,2029-10-13
19,score_only,ewma_factor_cov_lrt,gradual_bias,1.0,1.0,2,0.0,0.0,0.0,0.0,2026-10-24,2029-10-13
19,score_only,ewma_factor_cov_lrt,gradual_bias,1.0,2.0,2,0.0,0.0,0.0,0.0,2026-10-24,2029-10-13
19,score_only,factor_cov_change,gradual_bias,0.25,1.0,2,0.0,0.0,0.0,0.0,2026-10-24,2029-10-13
19,score_only,factor_cov_change,gradual_bias,0.25,2.0,2,0.0,0.0,0.0,0.0,2026-10-24,2029-10-13
19,score_only,factor_cov_change,gradual_bias,0.5,1.0,2,0.0,0.0,0.0,0.0,2026-10-24,2029-10-13
19,score_only,factor_cov_change,gradual_bias,0.5,2.0,2,0.0,0.0,0.0,0.0,2026-10-24,2029-10-13
19,score_only,factor_cov_change,gradual_bias,0.75,1.0,2,0.0,0.0,0.0,0.0,2026-10-24,2029-10-13
19,score_only,factor_cov_change,gradual_bias,0.75,2.0,2,0.0,0.0,0.0,0.0,2026-10-24,2029-10-13
19,score_only,factor_cov_change,gradual_bias,1.0,1.0,2,0.0,0.0,0.0,0.0,2026-10-24,2029-10-13
19,score_only,factor_cov_change,gradual_bias,1.0,2.0,2,0.0,0.0,0.0,0.0,2026-10-24,2029-10-13
19,score_only,factor_cov_delta,gradual_bias,0.25,1.0,2,0.5,0.5,0.0,0.0,2026-10-24,2029-10-13
19,score_only,factor_cov_delta,gradual_bias,0.25,2.0,2,0.0,0.0,0.0,0.0,2026-10-24,2029-10-13
19,score_only,factor_cov_delta,gradual_bias,0.5,1.0,2,0.5,0.5,0.0,0.0,2026-10-24,2029-10-13
19,score_only,factor_cov_delta,gradual_bias,0.5,2.0,2,0.0,0.0,0.0,0.0,2026-10-24,2029-10-13
19,score_only,factor_cov_delta,gradual_bias,0.75,1.0,2,0.5,0.5,0.0,0.0,2026-10-24,2029-10-13
19,score_only,factor_cov_delta,gradual_bias,0.75,2.0,2,0.0,0.0,0.0,0.0,2026-10-24,2029-10-13
19,score_only,factor_cov_delta,gradual_bias,1.0,1.0,2,0.5,0.5,0.0,0.0,2026-10-24,2029-10-13
19,score_only,factor_cov_delta,gradual_bias,1.0,2.0,2,0.0,0.0,0.0,0.0,2026-10-24,2029-10-13
19,score_only,factor_cov_lrt,gradual_bias,0.25,1.0,2,0.0,0.0,0.0,0.0,2026-10-24,2029-10-13
19,score_only,factor_cov_lrt,gradual_bias,0.25,2.0,2,0.5,0.5,0.0,0.0,2026-10-24,2029-10-13
19,score_only,factor_cov_lrt,gradual_bias,0.5,1.0,2,0.0,0.0,0.0,0.0,2026-10-24,2029-10-13
19,score_only,factor_cov_lrt,gradual_bias,0.5,2.0,2,0.5,0.5,0.0,0.0,2026-10-24,2029-10-13
19,score_only,factor_cov_lrt,gradual_bias,0.75,1.0,2,0.0,0.0,0.0,0.0,2026-10-24,2029-10-13
19,score_only,factor_cov_lrt,gradual_bias,0.75,2.0,2,0.5,0.5,0.0,0.0,2026-10-24,2029-10-13
19,score_only,factor_cov_lrt,gradual_bias,1.0,1.0,2,0.0,0.0,0.0,0.0,2026-10-24,2029-10-13
19,score_only,factor_cov_lrt,gradual_bias,1.0,2.0,2,0.5,0.5,0.0,0.0,2026-10-24,2029-10-13
19,score_only,factor_cov_lrt_delta,gradual_bias,0.25,1.0,2,0.5,0.5,0.0,0.0,2026-10-24,2029-10-13
19,score_only,factor_cov_lrt_delta,gradual_bias,0.25,2.0,2,0.0,0.0,0.0,0.0,2026-10-24,2029-10-13
19,score_only,factor_cov_lrt_delta,gradual_bias,0.5,1.0,2,0.5,0.5,0.0,0.0,2026-10-24,2029-10-13
19,score_only,factor_cov_lrt_delta,gradual_bias,0.5,2.0,2,0.0,0.0,0.0,0.0,2026-10-24,2029-10-13
19,score_only,factor_cov_lrt_delta,gradual_bias,0.75,1.0,2,0.5,0.5,0.0,0.0,2026-10-24,2029-10-13
19,score_only,factor_cov_lrt_delta,gradual_bias,0.75,2.0,2,0.0,0.0,0.0,0.0,2026-10-24,2029-10-13
19,score_only,factor_cov_lrt_delta,gradual_bias,1.0,1.0,2,0.0,0.0,0.0,0.0,2026-10-24,2029-10-13
19,score_only,factor_cov_lrt_delta,gradual_bias,1.0,2.0,2,0.0,0.0,0.0,0.0,2026-10-24,2029-10-13
19,score_only,fused_fisher,gradual_bias,0.25,1.0,2,0.0,0.0,0.0,0.0,2026-10-24,2029-10-13
19,score_only,fused_fisher,gradual_bias,0.25,2.0,2,0.0,0.0,0.0,0.0,2026-10-24,2029-10-13
19,score_only,fused_fisher,gradual_bias,0.5,1.0,2,0.0,0.0,0.0,0.0,2026-10-24,2029-10-13
19,score_only,fused_fisher,gradual_bias,0.5,2.0,2,0.0,0.0,0.0,0.0,2026-10-24,2029-10-13
19,score_only,fused_fisher,gradual_bias,0.75,1.0,2,0.0,0.0,0.0,0.0,2026-10-24,2029-10-13
19,score_only,fused_fisher,gradual_bias,0.75,2.0,2,0.0,0.0,0.0,0.0,2026-10-24,2029-10-13
19,score_only,fused_fisher,gradual_bias,1.0,1.0,2,0.0,0.0,0.0,0.0,2026-10-24,2029-10-13
19,score_only,fused_fisher,gradual_bias,1.0,2.0,2,0.0,0.0,0.0,0.0,2026-10-24,2029-10-13
19,score_only,fused_fisher_lrt_delta,gradual_bias,0.25,1.0,2,0.0,0.0,0.0,0.0,2026-10-24,2029-10-13
19,score_only,fused_fisher_lrt_delta,gradual_bias,0.25,2.0,2,0.5,0.5,0.0,0.0,2026-10-24,2029-10-13
19,score_only,fused_fisher_lrt_delta,gradual_bias,0.5,1.0,2,0.0,0.0,0.0,0.0,2026-10-24,2029-10-13
19,score_only,fused_fisher_lrt_delta,gradual_bias,0.5,2.0,2,0.5,0.5,0.0,0.0,2026-10-24,2029-10-13
19,score_only,fused_fisher_lrt_delta,gradual_bias,0.75,1.0,2,0.0,0.0,0.0,0.0,2026-10-24,2029-10-13
19,score_only,fused_fisher_lrt_delta,gradual_bias,0.75,2.0,2,0.5,0.5,0.0,0.0,2026-10-24,2029-10-13
19,score_only,fused_fisher_lrt_delta,gradual_bias,1.0,1.0,2,0.0,0.0,0.0,0.0,2026-10-24,2029-10-13
19,score_only,fused_fisher_lrt_delta,gradual_bias,1.0,2.0,2,0.5,0.5,0.0,0.0,2026-10-24,2029-10-13
19,score_only,fused_sp,gradual_bias,0.25,1.0,2,0.0,0.0,0.0,0.0,2026-10-24,2029-10-13
19,score_only,fused_sp,gradual_bias,0.25,2.0,2,1.0,1.0,0.0,0.0,2026-10-24,2029-10-13
19,score_only,fused_sp,gradual_bias,0.5,1.0,2,0.0,0.0,0.0,0.0,2026-10-24,2029-10-13
19,score_only,fused_sp,gradual_bias,0.5,2.0,2,1.0,1.0,0.0,0.0,2026-10-24,2029-10-13
19,score_only,fused_sp,gradual_bias,0.75,1.0,2,0.0,0.0,0.0,0.0,2026-10-24,2029-10-13
19,score_only,fused_sp,gradual_bias,0.75,2.0,2,1.0,1.0,0.0,0.0,2026-10-24,2029-10-13
19,score_only,fused_sp,gradual_bias,1.0,1.0,2,0.0,0.0,0.0,0.0,2026-10-24,2029-10-13
19,score_only,fused_sp,gradual_bias,1.0,2.0,2,1.0,1.0,0.0,0.0,2026-10-24,2029-10-13
19,score_only,fused_sp_lrt_delta,gradual_bias,0.25,1.0,2,0.0,0.0,0.0,0.0,2026-10-24,2029-10-13
19,score_only,fused_sp_lrt_delta,gradual_bias,0.25,2.0,2,0.0,0.0,0.0,0.0,2026-10-24,2029-10-13
19,score_only,fused_sp_lrt_delta,gradual_bias,0.5,1.0,2,0.0,0.0,0.0,0.0,2026-10-24,2029-10-13
19,score_only,fused_sp_lrt_delta,gradual_bias,0.5,2.0,2,0.0,0.0,0.0,0.0,2026-10-24,2029-10-13
19,score_only,fused_sp_lrt_delta,gradual_bias,0.75,1.0,2,0.0,0.0,0.0,0.0,2026-10-24,2029-10-13
19,score_only,fused_sp_lrt_delta,gradual_bias,0.75,2.0,2,0.0,0.0,0.0,0.0,2026-10-24,2029-10-13
19,score_only,fused_sp_lrt_delta,gradual_bias,1.0,1.0,2,0.0,0.0,0.0,0.0,2026-10-24,2029-10-13
19,score_only,fused_sp_lrt_delta,gradual_bias,1.0,2.0,2,0.0,0.0,0.0,0.0,2026-10-24,2029-10-13
19,score_only,max_abs,gradual_bias,0.25,1.0,2,0.5,0.5,0.0,0.0,2026-10-24,2029-10-13
19,score_only,max_abs,gradual_bias,0.25,2.0,2,0.0,0.0,0.0,0.0,2026-10-24,2029-10-13
19,score_only,max_abs,gradual_bias,0.5,1.0,2,0.5,0.5,0.0,0.0,2026-10-24,2029-10-13
19,score_only,max_abs,gradual_bias,0.5,2.0,2,0.0,0.0,0.0,0.0,2026-10-24,2029-10-13
19,score_only,max_abs,gradual_bias,0.75,1.0,2,0.5,0.5,0.0,0.0,2026-10-24,2029-10-13
19,score_only,max_abs,gradual_bias,0.75,2.0,2,0.0,0.0,0.0,0.0,2026-10-24,2029-10-13
19,score_only,max_abs,gradual_bias,1.0,1.0,2,0.5,0.5,0.0,0.0,2026-10-24,2029-10-13
19,score_only,max_abs,gradual_bias,1.0,2.0,2,0.0,0.0,0.0,0.0,2026-10-24,2029-10-13
19,score_only,pc_t2,gradual_bias,0.25,1.0,2,0.0,0.0,0.0,0.0,2026-10-24,2029-10-13
19,score_only,pc_t2,gradual_bias,0.25,2.0,2,0.0,0.0,0.0,0.0,2026-10-24,2029-10-13
19,score_only,pc_t2,gradual_bias,0.5,1.0,2,0.0,0.0,0.0,0.0,2026-10-24,2029-10-13
19,score_only,pc_t2,gradual_bias,0.5,2.0,2,0.0,0.0,0.0,0.0,2026-10-24,2029-10-13
19,score_only,pc_t2,gradual_bias,0.75,1.0,2,0.0,0.0,0.0,0.0,2026-10-24,2029-10-13
19,score_only,pc_t2,gradual_bias,0.75,2.0,2,0.0,0.0,0.0,0.0,2026-10-24,2029-10-13
19,score_only,pc_t2,gradual_bias,1.0,1.0,2,0.0,0.0,0.0,0.0,2026-10-24,2029-10-13
19,score_only,pc_t2,gradual_bias,1.0,2.0,2,0.0,0.0,0.0,0.0,2026-10-24,2029-10-13
19,score_only,res_energy,gradual_bias,0.25,1.0,2,0.0,0.0,0.0,0.0,2026-10-24,2029-10-13
19,score_only,res_energy,gradual_bias,0.25,2.0,2,0.0,0.0,0.0,0.0,2026-10-24,2029-10-13
19,score_only,res_energy,gradual_bias,0.5,1.0,2,0.0,0.0,0.0,0.0,2026-10-24,2029-10-13
19,score_only,res_energy,gradual_bias,0.5,2.0,2,0.0,0.0,0.0,0.0,2026-10-24,2029-10-13
19,score_only,res_energy,gradual_bias,0.75,1.0,2,0.0,0.0,0.0,0.0,2026-10-24,2029-10-13
19,score_only,res_energy,gradual_bias,0.75,2.0,2,0.0,0.0,0.0,0.0,2026-10-24,2029-10-13
19,score_only,res_energy,gradual_bias,1.0,1.0,2,0.0,0.0,0.0,0.0,2026-10-24,2029-10-13
19,score_only,res_energy,gradual_bias,1.0,2.0,2,0.0,0.0,0.0,0.0,2026-10-24,2029-10-13
19,score_only,stale,gradual_bias,0.25,1.0,2,0.0,0.5,0.0,1.0,2026-10-24,2029-10-13
19,score_only,stale,gradual_bias,0.25,2.0,2,0.0,0.5,0.0,1.0,2026-10-24,2029-10-13
19,score_only,stale,gradual_bias,0.5,1.0,2,0.0,0.5,0.0,1.0,2026-10-24,2029-10-13
19,score_only,stale,gradual_bias,0.5,2.0,2,0.0,0.5,0.0,1.0,2026-10-24,2029-10-13
19,score_only,stale,gradual_bias,0.75,1.0,2,0.0,0.5,0.0,1.0,2026-10-24,2029-10-13
19,score_only,stale,gradual_bias,0.75,2.0,2,0.0,0.5,0.0,1.0,2026-10-24,2029-10-13
19,score_only,stale,gradual_bias,1.0,1.0,2,0.0,0.5,0.0,1.0,2026-10-24,2029-10-13
19,score_only,stale,gradual_bias,1.0,2.0,2,0.0,0.5,0.0,1.0,2026-10-24,2029-10-13
20,all_only,T2,gradual_bias,0.25,1.0,3,0.0,0.0,0.0,0.0,2027-10-23,2030-10-12
20,all_only,T2,gradual_bias,0.25,2.0,3,0.0,0.0,0.0,0.0,2027-10-23,2030-10-12
20,all_only,T2,gradual_bias,0.5,1.0,3,0.0,0.0,0.0,0.0,2027-10-23,2030-10-12
20,all_only,T2,gradual_bias,0.5,2.0,3,0.0,0.0,0.0,0.0,2027-10-23,2030-10-12
20,all_only,T2,gradual_bias,0.75,1.0,3,0.0,0.0,0.0,0.0,2027-10-23,2030-10-12
20,all_only,T2,gradual_bias,0.75,2.0,3,0.0,0.0,0.0,0.0,2027-10-23,2030-10-12
20,all_only,T2,gradual_bias,1.0,1.0,3,0.0,0.0,0.0,0.0,2027-10-23,2030-10-12
20,all_only,T2,gradual_bias,1.0,2.0,3,0.0,0.0,0.0,0.0,2027-10-23,2030-10-12
20,all_only,cusum_factor_cov_lrt,gradual_bias,0.25,1.0,3,0.0,0.3333333333333333,0.6666666666666666,0.0,2027-10-23,2030-10-12
20,all_only,cusum_factor_cov_lrt,gradual_bias,0.25,2.0,3,0.0,0.0,0.0,0.0,2027-10-23,2030-10-12
20,all_only,cusum_factor_cov_lrt,gradual_bias,0.5,1.0,3,0.0,0.3333333333333333,0.6666666666666666,0.0,2027-10-23,2030-10-12
20,all_only,cusum_factor_cov_lrt,gradual_bias,0.5,2.0,3,0.0,0.0,0.0,0.0,2027-10-23,2030-10-12
20,all_only,cusum_factor_cov_lrt,gradual_bias,0.75,1.0,3,0.0,0.3333333333333333,0.6666666666666666,0.0,2027-10-23,2030-10-12
20,all_only,cusum_factor_cov_lrt,gradual_bias,0.75,2.0,3,0.0,0.0,0.0,0.0,2027-10-23,2030-10-12
20,all_only,cusum_factor_cov_lrt,gradual_bias,1.0,1.0,3,0.0,0.3333333333333333,0.6666666666666666,0.0,2027-10-23,2030-10-12
20,all_only,cusum_factor_cov_lrt,gradual_bias,1.0,2.0,3,0.0,0.0,0.0,0.0,2027-10-23,2030-10-12
20,all_only,ewma_factor_cov_lrt,gradual_bias,0.25,1.0,3,0.0,0.0,0.0,0.0,2027-10-23,2030-10-12
20,all_only,ewma_factor_cov_lrt,gradual_bias,0.25,2.0,3,0.3333333333333333,0.3333333333333333,0.0,0.0,2027-10-23,2030-10-12
20,all_only,ewma_factor_cov_lrt,gradual_bias,0.5,1.0,3,0.0,0.0,0.0,0.0,2027-10-23,2030-10-12
20,all_only,ewma_factor_cov_lrt,gradual_bias,0.5,2.0,3,0.3333333333333333,0.3333333333333333,0.0,0.0,2027-10-23,2030-10-12
20,all_only,ewma_factor_cov_lrt,gradual_bias,0.75,1.0,3,0.0,0.0,0.0,0.0,2027-10-23,2030-10-12
20,all_only,ewma_factor_cov_lrt,gradual_bias,0.75,2.0,3,0.3333333333333333,0.3333333333333333,0.0,0.0,2027-10-23,2030-10-12
20,all_only,ewma_factor_cov_lrt,gradual_bias,1.0,1.0,3,0.0,0.0,0.0,0.0,2027-10-23,2030-10-12
20,all_only,ewma_factor_cov_lrt,gradual_bias,1.0,2.0,3,0.3333333333333333,0.3333333333333333,0.0,0.0,2027-10-23,2030-10-12
20,all_only,factor_cov_change,gradual_bias,0.25,1.0,3,0.0,0.0,0.0,0.0,2027-10-23,2030-10-12
20,all_only,factor_cov_change,gradual_bias,0.25,2.0,3,0.0,0.0,0.0,0.6666666666666666,2027-10-23,2030-10-12
20,all_only,factor_cov_change,gradual_bias,0.5,1.0,3,0.0,0.0,0.0,0.0,2027-10-23,2030-10-12
20,all_only,factor_cov_change,gradual_bias,0.5,2.0,3,0.0,0.0,0.0,0.6666666666666666,2027-10-23,2030-10-12
20,all_only,factor_cov_change,gradual_bias,0.75,1.0,3,0.0,0.0,0.0,0.0,2027-10-23,2030-10-12
20,all_only,factor_cov_change,gradual_bias,0.75,2.0,3,0.0,0.0,0.0,0.6666666666666666,2027-10-23,2030-10-12
20,all_only,factor_cov_change,gradual_bias,1.0,1.0,3,0.0,0.0,0.0,0.0,2027-10-23,2030-10-12
20,all_only,factor_cov_change,gradual_bias,1.0,2.0,3,0.0,0.0,0.0,0.6666666666666666,2027-10-23,2030-10-12
20,all_only,factor_cov_delta,gradual_bias,0.25,1.0,3,0.0,0.0,0.0,0.0,2027-10-23,2030-10-12
20,all_only,factor_cov_delta,gradual_bias,0.25,2.0,3,0.0,0.0,0.0,0.0,2027-10-23,2030-10-12
20,all_only,factor_cov_delta,gradual_bias,0.5,1.0,3,0.0,0.0,0.0,0.0,2027-10-23,2030-10-12
20,all_only,factor_cov_delta,gradual_bias,0.5,2.0,3,0.0,0.0,0.0,0.0,2027-10-23,2030-10-12
20,all_only,factor_cov_delta,gradual_bias,0.75,1.0,3,0.0,0.0,0.0,0.0,2027-10-23,2030-10-12
20,all_only,factor_cov_delta,gradual_bias,0.75,2.0,3,0.0,0.0,0.0,0.0,2027-10-23,2030-10-12
20,all_only,factor_cov_delta,gradual_bias,1.0,1.0,3,0.0,0.0,0.0,0.0,2027-10-23,2030-10-12
20,all_only,factor_cov_delta,gradual_bias,1.0,2.0,3,0.0,0.0,0.0,0.0,2027-10-23,2030-10-12
20,all_only,factor_cov_lrt,gradual_bias,0.25,1.0,3,0.3333333333333333,0.3333333333333333,0.0,0.0,2027-10-23,2030-10-12
20,all_only,factor_cov_lrt,gradual_bias,0.25,2.0,3,0.0,0.0,0.0,0.0,2027-10-23,2030-10-12
20,all_only,factor_cov_lrt,gradual_bias,0.5,1.0,3,0.3333333333333333,0.3333333333333333,0.0,0.0,2027-10-23,2030-10-12
20,all_only,factor_cov_lrt,gradual_bias,0.5,2.0,3,0.0,0.0,0.0,0.0,2027-10-23,2030-10-12
20,all_only,factor_cov_lrt,gradual_bias,0.75,1.0,3,0.3333333333333333,0.3333333333333333,0.0,0.0,2027-10-23,2030-10-12
20,all_only,factor_cov_lrt,gradual_bias,0.75,2.0,3,0.0,0.0,0.0,0.0,2027-10-23,2030-10-12
20,all_only,factor_cov_lrt,gradual_bias,1.0,1.0,3,0.3333333333333333,0.3333333333333333,0.0,0.0,2027-10-23,2030-10-12
20,all_only,factor_cov_lrt,gradual_bias,1.0,2.0,3,0.0,0.0,0.0,0.0,2027-10-23,2030-10-12
20,all_only,factor_cov_lrt_delta,gradual_bias,0.25,1.0,3,0.0,0.0,0.0,0.0,2027-10-23,2030-10-12
20,all_only,factor_cov_lrt_delta,gradual_bias,0.25,2.0,3,0.3333333333333333,0.3333333333333333,0.0,0.0,2027-10-23,2030-10-12
20,all_only,factor_cov_lrt_delta,gradual_bias,0.5,1.0,3,0.0,0.0,0.0,0.0,2027-10-23,2030-10-12
20,all_only,factor_cov_lrt_delta,gradual_bias,0.5,2.0,3,0.3333333333333333,0.3333333333333333,0.0,0.0,2027-10-23,2030-10-12
20,all_only,factor_cov_lrt_delta,gradual_bias,0.75,1.0,3,0.0,0.0,0.0,0.0,2027-10-23,2030-10-12
20,all_only,factor_cov_lrt_delta,gradual_bias,0.75,2.0,3,0.3333333333333333,0.3333333333333333,0.0,0.0,2027-10-23,2030-10-12
20,all_only,factor_cov_lrt_delta,gradual_bias,1.0,1.0,3,0.0,0.0,0.0,0.0,2027-10-23,2030-10-12
20,all_only,factor_cov_lrt_delta,gradual_bias,1.0,2.0,3,0.3333333333333333,0.3333333333333333,0.0,0.0,2027-10-23,2030-10-12
20,all_only,fused_fisher,gradual_bias,0.25,1.0,3,0.0,0.0,0.0,0.0,2027-10-23,2030-10-12
20,all_only,fused_fisher,gradual_bias,0.25,2.0,3,0.3333333333333333,0.3333333333333333,0.0,0.0,2027-10-23,2030-10-12
20,all_only,fused_fisher,gradual_bias,0.5,1.0,3,0.0,0.0,0.0,0.0,2027-10-23,2030-10-12
20,all_only,fused_fisher,gradual_bias,0.5,2.0,3,0.3333333333333333,0.3333333333333333,0.0,0.0,2027-10-23,2030-10-12
20,all_only,fused_fisher,gradual_bias,0.75,1.0,3,0.0,0.0,0.0,0.0,2027-10-23,2030-10-12
20,all_only,fused_fisher,gradual_bias,0.75,2.0,3,0.3333333333333333,0.3333333333333333,0.0,0.0,2027-10-23,2030-10-12
20,all_only,fused_fisher,gradual_bias,1.0,1.0,3,0.0,0.0,0.0,0.0,2027-10-23,2030-10-12
20,all_only,fused_fisher,gradual_bias,1.0,2.0,3,0.3333333333333333,0.3333333333333333,0.0,0.0,2027-10-23,2030-10-12
20,all_only,fused_fisher_lrt_delta,gradual_bias,0.25,1.0,3,0.0,0.0,0.0,0.0,2027-10-23,2030-10-12
20,all_only,fused_fisher_lrt_delta,gradual_bias,0.25,2.0,3,0.3333333333333333,0.3333333333333333,0.0,0.0,2027-10-23,2030-10-12
20,all_only,fused_fisher_lrt_delta,gradual_bias,0.5,1.0,3,0.0,0.0,0.0,0.0,2027-10-23,2030-10-12
20,all_only,fused_fisher_lrt_delta,gradual_bias,0.5,2.0,3,0.3333333333333333,0.3333333333333333,0.0,0.0,2027-10-23,2030-10-12
20,all_only,fused_fisher_lrt_delta,gradual_bias,0.75,1.0,3,0.0,0.0,0.0,0.0,2027-10-23,2030-10-12
20,all_only,fused_fisher_lrt_delta,gradual_bias,0.75,2.0,3,0.3333333333333333,0.3333333333333333,0.0,0.0,2027-10-23,2030-10-12
20,all_only,fused_fisher_lrt_delta,gradual_bias,1.0,1.0,3,0.0,0.0,0.0,0.0,2027-10-23,2030-10-12
20,all_only,fused_fisher_lrt_delta,gradual_bias,1.0,2.0,3,0.3333333333333333,0.3333333333333333,0.0,0.0,2027-10-23,2030-10-12
20,all_only,fused_sp,gradual_bias,0.25,1.0,3,0.0,0.0,0.0,0.0,2027-10-23,2030-10-12
20,all_only,fused_sp,gradual_bias,0.25,2.0,3,0.0,0.0,0.0,0.0,2027-10-23,2030-10-12
20,all_only,fused_sp,gradual_bias,0.5,1.0,3,0.0,0.0,0.0,0.0,2027-10-23,2030-10-12
20,all_only,fused_sp,gradual_bias,0.5,2.0,3,0.0,0.0,0.0,0.0,2027-10-23,2030-10-12
20,all_only,fused_sp,gradual_bias,0.75,1.0,3,0.0,0.0,0.0,0.0,2027-10-23,2030-10-12
20,all_only,fused_sp,gradual_bias,0.75,2.0,3,0.0,0.0,0.0,0.0,2027-10-23,2030-10-12
20,all_only,fused_sp,gradual_bias,1.0,1.0,3,0.0,0.0,0.0,0.0,2027-10-23,2030-10-12
20,all_only,fused_sp,gradual_bias,1.0,2.0,3,0.0,0.0,0.0,0.0,2027-10-23,2030-10-12
20,all_only,fused_sp_lrt_delta,gradual_bias,0.25,1.0,3,0.0,0.0,0.0,0.0,2027-10-23,2030-10-12
20,all_only,fused_sp_lrt_delta,gradual_bias,0.25,2.0,3,0.3333333333333333,0.3333333333333333,0.0,0.0,2027-10-23,2030-10-12
20,all_only,fused_sp_lrt_delta,gradual_bias,0.5,1.0,3,0.0,0.0,0.0,0.0,2027-10-23,2030-10-12
20,all_only,fused_sp_lrt_delta,gradual_bias,0.5,2.0,3,0.3333333333333333,0.3333333333333333,0.0,0.0,2027-10-23,2030-10-12
20,all_only,fused_sp_lrt_delta,gradual_bias,0.75,1.0,3,0.0,0.0,0.0,0.0,2027-10-23,2030-10-12
20,all_only,fused_sp_lrt_delta,gradual_bias,0.75,2.0,3,0.3333333333333333,0.3333333333333333,0.0,0.0,2027-10-23,2030-10-12
20,all_only,fused_sp_lrt_delta,gradual_bias,1.0,1.0,3,0.0,0.0,0.0,0.0,2027-10-23,2030-10-12
20,all_only,fused_sp_lrt_delta,gradual_bias,1.0,2.0,3,0.3333333333333333,0.3333333333333333,0.0,0.0,2027-10-23,2030-10-12
20,all_only,max_abs,gradual_bias,0.25,1.0,3,0.0,0.0,0.0,0.0,2027-10-23,2030-10-12
20,all_only,max_abs,gradual_bias,0.25,2.0,3,0.0,0.0,0.0,0.0,2027-10-23,2030-10-12
20,all_only,max_abs,gradual_bias,0.5,1.0,3,0.0,0.0,0.0,0.0,2027-10-23,2030-10-12
20,all_only,max_abs,gradual_bias,0.5,2.0,3,0.0,0.0,0.0,0.0,2027-10-23,2030-10-12
20,all_only,max_abs,gradual_bias,0.75,1.0,3,0.0,0.0,0.0,0.0,2027-10-23,2030-10-12
20,all_only,max_abs,gradual_bias,0.75,2.0,3,0.0,0.0,0.0,0.0,2027-10-23,2030-10-12
20,all_only,max_abs,gradual_bias,1.0,1.0,3,0.0,0.0,0.0,0.0,2027-10-23,2030-10-12
20,all_only,max_abs,gradual_bias,1.0,2.0,3,0.0,0.0,0.0,0.0,2027-10-23,2030-10-12
20,all_only,pc_t2,gradual_bias,0.25,1.0,3,0.0,0.0,0.0,0.0,2027-10-23,2030-10-12
20,all_only,pc_t2,gradual_bias,0.25,2.0,3,0.0,0.0,0.0,0.0,2027-10-23,2030-10-12
20,all_only,pc_t2,gradual_bias,0.5,1.0,3,0.0,0.0,0.0,0.0,2027-10-23,2030-10-12
20,all_only,pc_t2,gradual_bias,0.5,2.0,3,0.0,0.0,0.0,0.0,2027-10-23,2030-10-12
20,all_only,pc_t2,gradual_bias,0.75,1.0,3,0.0,0.0,0.0,0.0,2027-10-23,2030-10-12
20,all_only,pc_t2,gradual_bias,0.75,2.0,3,0.0,0.0,0.0,0.0,2027-10-23,2030-10-12
20,all_only,pc_t2,gradual_bias,1.0,1.0,3,0.0,0.0,0.0,0.0,2027-10-23,2030-10-12
20,all_only,pc_t2,gradual_bias,1.0,2.0,3,0.0,0.0,0.0,0.0,2027-10-23,2030-10-12
20,all_only,res_energy,gradual_bias,0.25,1.0,3,0.0,0.0,0.0,0.0,2027-10-23,2030-10-12
20,all_only,res_energy,gradual_bias,0.25,2.0,3,0.3333333333333333,0.3333333333333333,0.0,0.0,2027-10-23,2030-10-12
20,all_only,res_energy,gradual_bias,0.5,1.0,3,0.0,0.0,0.0,0.0,2027-10-23,2030-10-12
20,all_only,res_energy,gradual_bias,0.5,2.0,3,0.3333333333333333,0.3333333333333333,0.0,0.0,2027-10-23,2030-10-12
20,all_only,res_energy,gradual_bias,0.75,1.0,3,0.0,0.0,0.0,0.0,2027-10-23,2030-10-12
20,all_only,res_energy,gradual_bias,0.75,2.0,3,0.3333333333333333,0.3333333333333333,0.0,0.0,2027-10-23,2030-10-12
20,all_only,res_energy,gradual_bias,1.0,1.0,3,0.0,0.0,0.0,0.0,2027-10-23,2030-10-12
20,all_only,res_energy,gradual_bias,1.0,2.0,3,0.3333333333333333,0.3333333333333333,0.0,0.0,2027-10-23,2030-10-12
20,all_only,stale,gradual_bias,0.25,1.0,3,0.0,0.6666666666666666,0.0,1.0,2027-10-23,2030-10-12
20,all_only,stale,gradual_bias,0.25,2.0,3,0.0,0.6666666666666666,0.0,1.0,2027-10-23,2030-10-12
20,all_only,stale,gradual_bias,0.5,1.0,3,0.0,0.6666666666666666,0.0,1.0,2027-10-23,2030-10-12
20,all_only,stale,gradual_bias,0.5,2.0,3,0.0,0.6666666666666666,0.0,1.0,2027-10-23,2030-10-12
20,all_only,stale,gradual_bias,0.75,1.0,3,0.0,0.6666666666666666,0.0,1.0,2027-10-23,2030-10-12
20,all_only,stale,gradual_bias,0.75,2.0,3,0.0,0.6666666666666666,0.0,1.0,2027-10-23,2030-10-12
20,all_only,stale,gradual_bias,1.0,1.0,3,0.0,0.6666666666666666,0.0,1.0,2027-10-23,2030-10-12
20,all_only,stale,gradual_bias,1.0,2.0,3,0.0,0.6666666666666666,0.0,1.0,2027-10-23,2030-10-12
20,full,T2,gradual_bias,0.25,1.0,3,0.0,0.0,0.0,0.0,2027-10-23,2030-10-12
20,full,T2,gradual_bias,0.25,2.0,3,0.0,0.0,0.0,0.0,2027-10-23,2030-10-12
20,full,T2,gradual_bias,0.5,1.0,3,0.0,0.0,0.0,0.0,2027-10-23,2030-10-12
20,full,T2,gradual_bias,0.5,2.0,3,0.0,0.0,0.0,0.0,2027-10-23,2030-10-12
20,full,T2,gradual_bias,0.75,1.0,3,0.0,0.0,0.0,0.0,2027-10-23,2030-10-12
20,full,T2,gradual_bias,0.75,2.0,3,0.0,0.0,0.0,0.0,2027-10-23,2030-10-12
20,full,T2,gradual_bias,1.0,1.0,3,0.0,0.0,0.0,0.0,2027-10-23,2030-10-12
20,full,T2,gradual_bias,1.0,2.0,3,0.0,0.0,0.0,0.0,2027-10-23,2030-10-12
20,full,cusum_factor_cov_lrt,gradual_bias,0.25,1.0,3,0.0,0.0,0.6666666666666666,0.0,2027-10-23,2030-10-12
20,full,cusum_factor_cov_lrt,gradual_bias,0.25,2.0,3,0.3333333333333333,0.3333333333333333,0.0,0.0,2027-10-23,2030-10-12
20,full,cusum_factor_cov_lrt,gradual_bias,0.5,1.0,3,0.0,0.0,0.6666666666666666,0.0,2027-10-23,2030-10-12
20,full,cusum_factor_cov_lrt,gradual_bias,0.5,2.0,3,0.3333333333333333,0.3333333333333333,0.0,0.0,2027-10-23,2030-10-12
20,full,cusum_factor_cov_lrt,gradual_bias,0.75,1.0,3,0.0,0.0,0.6666666666666666,0.0,2027-10-23,2030-10-12
20,full,cusum_factor_cov_lrt,gradual_bias,0.75,2.0,3,0.0,0.0,0.0,0.0,2027-10-23,2030-10-12
20,full,cusum_factor_cov_lrt,gradual_bias,1.0,1.0,3,0.0,0.0,0.6666666666666666,0.0,2027-10-23,2030-10-12
20,full,cusum_factor_cov_lrt,gradual_bias,1.0,2.0,3,0.3333333333333333,0.3333333333333333,0.0,0.0,2027-10-23,2030-10-12
20,full,ewma_factor_cov_lrt,gradual_bias,0.25,1.0,3,0.0,0.0,0.0,0.0,2027-10-23,2030-10-12
20,full,ewma_factor_cov_lrt,gradual_bias,0.25,2.0,3,0.3333333333333333,0.3333333333333333,0.0,0.0,2027-10-23,2030-10-12
20,full,ewma_factor_cov_lrt,gradual_bias,0.5,1.0,3,0.0,0.0,0.0,0.0,2027-10-23,2030-10-12
20,full,ewma_factor_cov_lrt,gradual_bias,0.5,2.0,3,0.3333333333333333,0.3333333333333333,0.0,0.0,2027-10-23,2030-10-12
20,full,ewma_factor_cov_lrt,gradual_bias,0.75,1.0,3,0.0,0.0,0.0,0.0,2027-10-23,2030-10-12
20,full,ewma_factor_cov_lrt,gradual_bias,0.75,2.0,3,0.0,0.0,0.0,0.0,2027-10-23,2030-10-12
20,full,ewma_factor_cov_lrt,gradual_bias,1.0,1.0,3,0.0,0.0,0.0,0.0,2027-10-23,2030-10-12
20,full,ewma_factor_cov_lrt,gradual_bias,1.0,2.0,3,0.3333333333333333,0.3333333333333333,0.0,0.0,2027-10-23,2030-10-12
20,full,factor_cov_change,gradual_bias,0.25,1.0,3,0.0,0.0,0.0,0.0,2027-10-23,2030-10-12
20,full,factor_cov_change,gradual_bias,0.25,2.0,3,0.0,0.0,0.0,0.0,2027-10-23,2030-10-12
20,full,factor_cov_change,gradual_bias,0.5,1.0,3,0.0,0.0,0.0,0.0,2027-10-23,2030-10-12
20,full,factor_cov_change,gradual_bias,0.5,2.0,3,0.0,0.0,0.0,0.0,2027-10-23,2030-10-12
20,full,factor_cov_change,gradual_bias,0.75,1.0,3,0.0,0.0,0.0,0.0,2027-10-23,2030-10-12
20,full,factor_cov_change,gradual_bias,0.75,2.0,3,0.0,0.0,0.0,0.0,2027-10-23,2030-10-12
20,full,factor_cov_change,gradual_bias,1.0,1.0,3,0.0,0.0,0.0,0.0,2027-10-23,2030-10-12
20,full,factor_cov_change,gradual_bias,1.0,2.0,3,0.0,0.0,0.0,0.0,2027-10-23,2030-10-12
20,full,factor_cov_delta,gradual_bias,0.25,1.0,3,0.3333333333333333,0.3333333333333333,0.0,0.0,2027-10-23,2030-10-12
20,full,factor_cov_delta,gradual_bias,0.25,2.0,3,0.0,0.0,0.0,0.0,2027-10-23,2030-10-12
20,full,factor_cov_delta,gradual_bias,0.5,1.0,3,0.3333333333333333,0.3333333333333333,0.0,0.0,2027-10-23,2030-10-12
20,full,factor_cov_delta,gradual_bias,0.5,2.0,3,0.0,0.0,0.0,0.0,2027-10-23,2030-10-12
20,full,factor_cov_delta,gradual_bias,0.75,1.0,3,0.3333333333333333,0.3333333333333333,0.0,0.0,2027-10-23,2030-10-12
20,full,factor_cov_delta,gradual_bias,0.75,2.0,3,0.0,0.0,0.0,0.0,2027-10-23,2030-10-12
20,full,factor_cov_delta,gradual_bias,1.0,1.0,3,0.3333333333333333,0.3333333333333333,0.0,0.0,2027-10-23,2030-10-12
20,full,factor_cov_delta,gradual_bias,1.0,2.0,3,0.0,0.0,0.0,0.0,2027-10-23,2030-10-12
20,full,factor_cov_lrt,gradual_bias,0.25,1.0,3,0.6666666666666666,0.6666666666666666,0.0,0.0,2027-10-23,2030-10-12
20,full,factor_cov_lrt,gradual_bias,0.25,2.0,3,0.3333333333333333,0.3333333333333333,0.0,0.0,2027-10-23,2030-10-12
20,full,factor_cov_lrt,gradual_bias,0.5,1.0,3,0.6666666666666666,0.6666666666666666,0.0,0.0,2027-10-23,2030-10-12
20,full,factor_cov_lrt,gradual_bias,0.5,2.0,3,0.3333333333333333,0.3333333333333333,0.0,0.0,2027-10-23,2030-10-12
20,full,factor_cov_lrt,gradual_bias,0.75,1.0,3,0.6666666666666666,0.6666666666666666,0.0,0.0,2027-10-23,2030-10-12
20,full,factor_cov_lrt,gradual_bias,0.75,2.0,3,0.3333333333333333,0.3333333333333333,0.0,0.0,2027-10-23,2030-10-12
20,full,factor_cov_lrt,gradual_bias,1.0,1.0,3,0.6666666666666666,0.6666666666666666,0.0,0.0,2027-10-23,2030-10-12
20,full,factor_cov_lrt,gradual_bias,1.0,2.0,3,0.3333333333333333,0.3333333333333333,0.0,0.0,2027-10-23,2030-10-12
20,full,factor_cov_lrt_delta,gradual_bias,0.25,1.0,3,0.3333333333333333,0.3333333333333333,0.0,0.0,2027-10-23,2030-10-12
20,full,factor_cov_lrt_delta,gradual_bias,0.25,2.0,3,0.0,0.0,0.0,0.0,2027-10-23,2030-10-12
20,full,factor_cov_lrt_delta,gradual_bias,0.5,1.0,3,0.3333333333333333,0.3333333333333333,0.0,0.0,2027-10-23,2030-10-12
20,full,factor_cov_lrt_delta,gradual_bias,0.5,2.0,3,0.0,0.0,0.0,0.0,2027-10-23,2030-10-12
20,full,factor_cov_lrt_delta,gradual_bias,0.75,1.0,3,0.3333333333333333,0.3333333333333333,0.0,0.0,2027-10-23,2030-10-12
20,full,factor_cov_lrt_delta,gradual_bias,0.75,2.0,3,0.0,0.0,0.0,0.0,2027-10-23,2030-10-12
20,full,factor_cov_lrt_delta,gradual_bias,1.0,1.0,3,0.3333333333333333,0.3333333333333333,0.0,0.0,2027-10-23,2030-10-12
20,full,factor_cov_lrt_delta,gradual_bias,1.0,2.0,3,0.0,0.0,0.0,0.0,2027-10-23,2030-10-12
20,full,fused_fisher,gradual_bias,0.25,1.0,3,0.0,0.0,0.0,0.0,2027-10-23,2030-10-12
20,full,fused_fisher,gradual_bias,0.25,2.0,3,0.0,0.0,0.0,0.0,2027-10-23,2030-10-12
20,full,fused_fisher,gradual_bias,0.5,1.0,3,0.0,0.0,0.0,0.0,2027-10-23,2030-10-12
20,full,fused_fisher,gradual_bias,0.5,2.0,3,0.0,0.0,0.0,0.0,2027-10-23,2030-10-12
20,full,fused_fisher,gradual_bias,0.75,1.0,3,0.0,0.0,0.0,0.0,2027-10-23,2030-10-12
20,full,fused_fisher,gradual_bias,0.75,2.0,3,0.0,0.0,0.0,0.0,2027-10-23,2030-10-12
20,full,fused_fisher,gradual_bias,1.0,1.0,3,0.0,0.0,0.0,0.0,2027-10-23,2030-10-12
20,full,fused_fisher,gradual_bias,1.0,2.0,3,0.0,0.0,0.0,0.0,2027-10-23,2030-10-12
20,full,fused_fisher_lrt_delta,gradual_bias,0.25,1.0,3,0.0,0.0,0.0,0.0,2027-10-23,2030-10-12
20,full,fused_fisher_lrt_delta,gradual_bias,0.25,2.0,3,0.0,0.0,0.0,0.0,2027-10-23,2030-10-12
20,full,fused_fisher_lrt_delta,gradual_bias,0.5,1.0,3,0.0,0.0,0.0,0.0,2027-10-23,2030-10-12
20,full,fused_fisher_lrt_delta,gradual_bias,0.5,2.0,3,0.0,0.0,0.0,0.0,2027-10-23,2030-10-12
20,full,fused_fisher_lrt_delta,gradual_bias,0.75,1.0,3,0.0,0.0,0.0,0.0,2027-10-23,2030-10-12
20,full,fused_fisher_lrt_delta,gradual_bias,0.75,2.0,3,0.3333333333333333,0.3333333333333333,0.0,0.0,2027-10-23,2030-10-12
20,full,fused_fisher_lrt_delta,gradual_bias,1.0,1.0,3,0.0,0.0,0.0,0.0,2027-10-23,2030-10-12
20,full,fused_fisher_lrt_delta,gradual_bias,1.0,2.0,3,0.0,0.0,0.0,0.0,2027-10-23,2030-10-12
20,full,fused_sp,gradual_bias,0.25,1.0,3,0.0,0.0,0.0,0.0,2027-10-23,2030-10-12
20,full,fused_sp,gradual_bias,0.25,2.0,3,0.0,0.0,0.0,0.0,2027-10-23,2030-10-12
20,full,fused_sp,gradual_bias,0.5,1.0,3,0.0,0.0,0.0,0.0,2027-10-23,2030-10-12
20,full,fused_sp,gradual_bias,0.5,2.0,3,0.0,0.0,0.0,0.0,2027-10-23,2030-10-12
20,full,fused_sp,gradual_bias,0.75,1.0,3,0.0,0.0,0.0,0.0,2027-10-23,2030-10-12
20,full,fused_sp,gradual_bias,0.75,2.0,3,0.0,0.0,0.0,0.0,2027-10-23,2030-10-12
20,full,fused_sp,gradual_bias,1.0,1.0,3,0.0,0.0,0.0,0.0,2027-10-23,2030-10-12
20,full,fused_sp,gradual_bias,1.0,2.0,3,0.0,0.0,0.0,0.0,2027-10-23,2030-10-12
20,full,fused_sp_lrt_delta,gradual_bias,0.25,1.0,3,0.3333333333333333,0.3333333333333333,0.0,0.0,2027-10-23,2030-10-12
20,full,fused_sp_lrt_delta,gradual_bias,0.25,2.0,3,0.3333333333333333,0.3333333333333333,0.0,0.0,2027-10-23,2030-10-12
20,full,fused_sp_lrt_delta,gradual_bias,0.5,1.0,3,0.3333333333333333,0.3333333333333333,0.0,0.0,2027-10-23,2030-10-12
20,full,fused_sp_lrt_delta,gradual_bias,0.5,2.0,3,0.3333333333333333,0.3333333333333333,0.0,0.0,2027-10-23,2030-10-12
20,full,fused_sp_lrt_delta,gradual_bias,0.75,1.0,3,0.3333333333333333,0.3333333333333333,0.0,0.0,2027-10-23,2030-10-12
20,full,fused_sp_lrt_delta,gradual_bias,0.75,2.0,3,0.3333333333333333,0.3333333333333333,0.0,0.0,2027-10-23,2030-10-12
20,full,fused_sp_lrt_delta,gradual_bias,1.0,1.0,3,0.3333333333333333,0.3333333333333333,0.0,0.0,2027-10-23,2030-10-12
20,full,fused_sp_lrt_delta,gradual_bias,1.0,2.0,3,0.3333333333333333,0.3333333333333333,0.0,0.0,2027-10-23,2030-10-12
20,full,max_abs,gradual_bias,0.25,1.0,3,0.3333333333333333,0.3333333333333333,0.0,0.0,2027-10-23,2030-10-12
20,full,max_abs,gradual_bias,0.25,2.0,3,0.0,0.0,0.0,0.0,2027-10-23,2030-10-12
20,full,max_abs,gradual_bias,0.5,1.0,3,0.3333333333333333,0.3333333333333333,0.0,0.0,2027-10-23,2030-10-12
20,full,max_abs,gradual_bias,0.5,2.0,3,0.0,0.0,0.0,0.0,2027-10-23,2030-10-12
20,full,max_abs,gradual_bias,0.75,1.0,3,0.3333333333333333,0.3333333333333333,0.0,0.0,2027-10-23,2030-10-12
20,full,max_abs,gradual_bias,0.75,2.0,3,0.0,0.0,0.0,0.0,2027-10-23,2030-10-12
20,full,max_abs,gradual_bias,1.0,1.0,3,0.3333333333333333,0.3333333333333333,0.0,0.0,2027-10-23,2030-10-12
20,full,max_abs,gradual_bias,1.0,2.0,3,0.0,0.0,0.0,0.0,2027-10-23,2030-10-12
20,full,pc_t2,gradual_bias,0.25,1.0,3,0.3333333333333333,0.3333333333333333,0.0,0.0,2027-10-23,2030-10-12
20,full,pc_t2,gradual_bias,0.25,2.0,3,0.0,0.0,0.0,0.0,2027-10-23,2030-10-12
20,full,pc_t2,gradual_bias,0.5,1.0,3,0.3333333333333333,0.3333333333333333,0.0,0.0,2027-10-23,2030-10-12
20,full,pc_t2,gradual_bias,0.5,2.0,3,0.0,0.0,0.0,0.0,2027-10-23,2030-10-12
20,full,pc_t2,gradual_bias,0.75,1.0,3,0.3333333333333333,0.3333333333333333,0.0,0.0,2027-10-23,2030-10-12
20,full,pc_t2,gradual_bias,0.75,2.0,3,0.0,0.0,0.0,0.0,2027-10-23,2030-10-12
20,full,pc_t2,gradual_bias,1.0,1.0,3,0.3333333333333333,0.3333333333333333,0.0,0.0,2027-10-23,2030-10-12
20,full,pc_t2,gradual_bias,1.0,2.0,3,0.0,0.0,0.0,0.0,2027-10-23,2030-10-12
20,full,res_energy,gradual_bias,0.25,1.0,3,0.0,0.0,0.0,0.0,2027-10-23,2030-10-12
20,full,res_energy,gradual_bias,0.25,2.0,3,0.0,0.0,0.0,0.0,2027-10-23,2030-10-12
20,full,res_energy,gradual_bias,0.5,1.0,3,0.0,0.0,0.0,0.0,2027-10-23,2030-10-12
20,full,res_energy,gradual_bias,0.5,2.0,3,0.0,0.0,0.0,0.0,2027-10-23,2030-10-12
20,full,res_energy,gradual_bias,0.75,1.0,3,0.0,0.0,0.0,0.0,2027-10-23,2030-10-12
20,full,res_energy,gradual_bias,0.75,2.0,3,0.0,0.0,0.0,0.0,2027-10-23,2030-10-12
20,full,res_energy,gradual_bias,1.0,1.0,3,0.0,0.0,0.0,0.0,2027-10-23,2030-10-12
20,full,res_energy,gradual_bias,1.0,2.0,3,0.0,0.0,0.0,0.0,2027-10-23,2030-10-12
20,full,stale,gradual_bias,0.25,1.0,3,0.0,0.6666666666666666,0.0,1.0,2027-10-23,2030-10-12
20,full,stale,gradual_bias,0.25,2.0,3,0.0,0.6666666666666666,0.0,1.0,2027-10-23,2030-10-12
20,full,stale,gradual_bias,0.5,1.0,3,0.0,0.6666666666666666,0.0,1.0,2027-10-23,2030-10-12
20,full,stale,gradual_bias,0.5,2.0,3,0.0,0.6666666666666666,0.0,1.0,2027-10-23,2030-10-12
20,full,stale,gradual_bias,0.75,1.0,3,0.0,0.6666666666666666,0.0,1.0,2027-10-23,2030-10-12
20,full,stale,gradual_bias,0.75,2.0,3,0.0,0.6666666666666666,0.0,1.0,2027-10-23,2030-10-12
20,full,stale,gradual_bias,1.0,1.0,3,0.0,0.6666666666666666,0.0,1.0,2027-10-23,2030-10-12
20,full,stale,gradual_bias,1.0,2.0,3,0.0,0.6666666666666666,0.0,1.0,2027-10-23,2030-10-12
20,score_only,T2,gradual_bias,0.25,1.0,3,0.0,0.0,0.0,0.0,2027-10-23,2030-10-12
20,score_only,T2,gradual_bias,0.25,2.0,3,0.0,0.0,0.0,0.0,2027-10-23,2030-10-12
20,score_only,T2,gradual_bias,0.5,1.0,3,0.0,0.0,0.0,0.0,2027-10-23,2030-10-12
20,score_only,T2,gradual_bias,0.5,2.0,3,0.0,0.0,0.0,0.0,2027-10-23,2030-10-12
20,score_only,T2,gradual_bias,0.75,1.0,3,0.0,0.0,0.0,0.0,2027-10-23,2030-10-12
20,score_only,T2,gradual_bias,0.75,2.0,3,0.0,0.0,0.0,0.0,2027-10-23,2030-10-12
20,score_only,T2,gradual_bias,1.0,1.0,3,0.0,0.0,0.0,0.0,2027-10-23,2030-10-12
20,score_only,T2,gradual_bias,1.0,2.0,3,0.0,0.0,0.0,0.0,2027-10-23,2030-10-12
20,score_only,coh_resid_energy,gradual_bias,0.25,1.0,3,0.3333333333333333,0.3333333333333333,0.0,0.0,2027-10-23,2030-10-12
20,score_only,coh_resid_energy,gradual_bias,0.25,2.0,3,0.0,0.0,0.0,0.0,2027-10-23,2030-10-12
20,score_only,coh_resid_energy,gradual_bias,0.5,1.0,3,0.3333333333333333,0.3333333333333333,0.0,0.0,2027-10-23,2030-10-12
20,score_only,coh_resid_energy,gradual_bias,0.5,2.0,3,0.0,0.0,0.0,0.0,2027-10-23,2030-10-12
20,score_only,coh_resid_energy,gradual_bias,0.75,1.0,3,0.3333333333333333,0.3333333333333333,0.0,0.0,2027-10-23,2030-10-12
20,score_only,coh_resid_energy,gradual_bias,0.75,2.0,3,0.0,0.0,0.0,0.0,2027-10-23,2030-10-12
20,score_only,coh_resid_energy,gradual_bias,1.0,1.0,3,0.3333333333333333,0.3333333333333333,0.0,0.0,2027-10-23,2030-10-12
20,score_only,coh_resid_energy,gradual_bias,1.0,2.0,3,0.0,0.0,0.0,0.0,2027-10-23,2030-10-12
20,score_only,coh_resid_t2,gradual_bias,0.25,1.0,3,0.3333333333333333,0.3333333333333333,0.0,0.0,2027-10-23,2030-10-12
20,score_only,coh_resid_t2,gradual_bias,0.25,2.0,3,0.0,0.0,0.0,0.0,2027-10-23,2030-10-12
20,score_only,coh_resid_t2,gradual_bias,0.5,1.0,3,0.3333333333333333,0.3333333333333333,0.0,0.0,2027-10-23,2030-10-12
20,score_only,coh_resid_t2,gradual_bias,0.5,2.0,3,0.0,0.0,0.0,0.0,2027-10-23,2030-10-12
20,score_only,coh_resid_t2,gradual_bias,0.75,1.0,3,0.3333333333333333,0.3333333333333333,0.0,0.0,2027-10-23,2030-10-12
20,score_only,coh_resid_t2,gradual_bias,0.75,2.0,3,0.0,0.0,0.0,0.0,2027-10-23,2030-10-12
20,score_only,coh_resid_t2,gradual_bias,1.0,1.0,3,0.3333333333333333,0.3333333333333333,0.0,0.0,2027-10-23,2030-10-12
20,score_only,coh_resid_t2,gradual_bias,1.0,2.0,3,0.0,0.0,0.0,0.0,2027-10-23,2030-10-12
20,score_only,cusum_coh_resid_t2,gradual_bias,0.25,1.0,3,0.0,0.3333333333333333,0.6666666666666666,0.0,2027-10-23,2030-10-12
20,score_only,cusum_coh_resid_t2,gradual_bias,0.25,2.0,3,0.0,0.0,0.0,0.0,2027-10-23,2030-10-12
20,score_only,cusum_coh_resid_t2,gradual_bias,0.5,1.0,3,0.0,0.3333333333333333,0.6666666666666666,0.0,2027-10-23,2030-10-12
20,score_only,cusum_coh_resid_t2,gradual_bias,0.5,2.0,3,0.0,0.0,0.0,0.0,2027-10-23,2030-10-12
20,score_only,cusum_coh_resid_t2,gradual_bias,0.75,1.0,3,0.0,0.3333333333333333,0.6666666666666666,0.0,2027-10-23,2030-10-12
20,score_only,cusum_coh_resid_t2,gradual_bias,0.75,2.0,3,0.0,0.0,0.0,0.0,2027-10-23,2030-10-12
20,score_only,cusum_coh_resid_t2,gradual_bias,1.0,1.0,3,0.0,0.3333333333333333,0.6666666666666666,0.0,2027-10-23,2030-10-12
20,score_only,cusum_coh_resid_t2,gradual_bias,1.0,2.0,3,0.0,0.0,0.0,0.0,2027-10-23,2030-10-12
20,score_only,cusum_factor_cov_lrt,gradual_bias,0.25,1.0,3,0.0,0.0,0.3333333333333333,0.0,2027-10-23,2030-10-12
20,score_only,cusum_factor_cov_lrt,gradual_bias,0.25,2.0,3,0.0,0.0,0.0,0.0,2027-10-23,2030-10-12
20,score_only,cusum_factor_cov_lrt,gradual_bias,0.5,1.0,3,0.0,0.0,0.3333333333333333,0.0,2027-10-23,2030-10-12
20,score_only,cusum_factor_cov_lrt,gradual_bias,0.5,2.0,3,0.0,0.0,0.0,0.0,2027-10-23,2030-10-12
20,score_only,cusum_factor_cov_lrt,gradual_bias,0.75,1.0,3,0.0,0.0,0.3333333333333333,0.0,2027-10-23,2030-10-12
20,score_only,cusum_factor_cov_lrt,gradual_bias,0.75,2.0,3,0.0,0.0,0.0,0.0,2027-10-23,2030-10-12
20,score_only,cusum_factor_cov_lrt,gradual_bias,1.0,1.0,3,0.0,0.0,0.3333333333333333,0.0,2027-10-23,2030-10-12
20,score_only,cusum_factor_cov_lrt,gradual_bias,1.0,2.0,3,0.0,0.0,0.0,0.0,2027-10-23,2030-10-12
20,score_only,ewma_coh_resid_t2,gradual_bias,0.25,1.0,3,0.0,0.0,0.0,0.0,2027-10-23,2030-10-12
20,score_only,ewma_coh_resid_t2,gradual_bias,0.25,2.0,3,0.0,0.0,0.0,0.0,2027-10-23,2030-10-12
20,score_only,ewma_coh_resid_t2,gradual_bias,0.5,1.0,3,0.0,0.0,0.0,0.0,2027-10-23,2030-10-12
20,score_only,ewma_coh_resid_t2,gradual_bias,0.5,2.0,3,0.0,0.0,0.0,0.0,2027-10-23,2030-10-12
20,score_only,ewma_coh_resid_t2,gradual_bias,0.75,1.0,3,0.0,0.0,0.0,0.0,2027-10-23,2030-10-12
20,score_only,ewma_coh_resid_t2,gradual_bias,0.75,2.0,3,0.0,0.0,0.0,0.0,2027-10-23,2030-10-12
20,score_only,ewma_coh_resid_t2,gradual_bias,1.0,1.0,3,0.0,0.0,0.0,0.0,2027-10-23,2030-10-12
20,score_only,ewma_coh_resid_t2,gradual_bias,1.0,2.0,3,0.0,0.0,0.0,0.0,2027-10-23,2030-10-12
20,score_only,ewma_factor_cov_lrt,gradual_bias,0.25,1.0,3,0.0,0.0,0.0,0.0,2027-10-23,2030-10-12
20,score_only,ewma_factor_cov_lrt,gradual_bias,0.25,2.0,3,0.0,0.0,0.0,0.0,2027-10-23,2030-10-12
20,score_only,ewma_factor_cov_lrt,gradual_bias,0.5,1.0,3,0.0,0.0,0.0,0.0,2027-10-23,2030-10-12
20,score_only,ewma_factor_cov_lrt,gradual_bias,0.5,2.0,3,0.0,0.0,0.0,0.0,2027-10-23,2030-10-12
20,score_only,ewma_factor_cov_lrt,gradual_bias,0.75,1.0,3,0.0,0.0,0.0,0.0,2027-10-23,2030-10-12
20,score_only,ewma_factor_cov_lrt,gradual_bias,0.75,2.0,3,0.0,0.0,0.0,0.0,2027-10-23,2030-10-12
20,score_only,ewma_factor_cov_lrt,gradual_bias,1.0,1.0,3,0.0,0.0,0.0,0.0,2027-10-23,2030-10-12
20,score_only,ewma_factor_cov_lrt,gradual_bias,1.0,2.0,3,0.0,0.0,0.0,0.0,2027-10-23,2030-10-12
20,score_only,factor_cov_change,gradual_bias,0.25,1.0,3,0.0,0.0,0.0,0.0,2027-10-23,2030-10-12
20,score_only,factor_cov_change,gradual_bias,0.25,2.0,3,0.0,0.0,0.0,0.0,2027-10-23,2030-10-12
20,score_only,factor_cov_change,gradual_bias,0.5,1.0,3,0.0,0.0,0.0,0.0,2027-10-23,2030-10-12
20,score_only,factor_cov_change,gradual_bias,0.5,2.0,3,0.0,0.0,0.0,0.0,2027-10-23,2030-10-12
20,score_only,factor_cov_change,gradual_bias,0.75,1.0,3,0.0,0.0,0.0,0.0,2027-10-23,2030-10-12
20,score_only,factor_cov_change,gradual_bias,0.75,2.0,3,0.0,0.0,0.0,0.0,2027-10-23,2030-10-12
20,score_only,factor_cov_change,gradual_bias,1.0,1.0,3,0.0,0.0,0.0,0.0,2027-10-23,2030-10-12
20,score_only,factor_cov_change,gradual_bias,1.0,2.0,3,0.0,0.0,0.0,0.0,2027-10-23,2030-10-12
20,score_only,factor_cov_delta,gradual_bias,0.25,1.0,3,0.0,0.0,0.0,0.0,2027-10-23,2030-10-12
20,score_only,factor_cov_delta,gradual_bias,0.25,2.0,3,0.3333333333333333,0.3333333333333333,0.0,0.0,2027-10-23,2030-10-12
20,score_only,factor_cov_delta,gradual_bias,0.5,1.0,3,0.0,0.0,0.0,0.0,2027-10-23,2030-10-12
20,score_only,factor_cov_delta,gradual_bias,0.5,2.0,3,0.3333333333333333,0.3333333333333333,0.0,0.0,2027-10-23,2030-10-12
20,score_only,factor_cov_delta,gradual_bias,0.75,1.0,3,0.0,0.0,0.0,0.0,2027-10-23,2030-10-12
20,score_only,factor_cov_delta,gradual_bias,0.75,2.0,3,0.3333333333333333,0.3333333333333333,0.0,0.0,2027-10-23,2030-10-12
20,score_only,factor_cov_delta,gradual_bias,1.0,1.0,3,0.0,0.0,0.0,0.0,2027-10-23,2030-10-12
20,score_only,factor_cov_delta,gradual_bias,1.0,2.0,3,0.3333333333333333,0.3333333333333333,0.0,0.0,2027-10-23,2030-10-12
20,score_only,factor_cov_lrt,gradual_bias,0.25,1.0,3,0.0,0.0,0.0,0.0,2027-10-23,2030-10-12
20,score_only,factor_cov_lrt,gradual_bias,0.25,2.0,3,0.0,0.0,0.0,0.0,2027-10-23,2030-10-12
20,score_only,factor_cov_lrt,gradual_bias,0.5,1.0,3,0.0,0.0,0.0,0.0,2027-10-23,2030-10-12
20,score_only,factor_cov_lrt,gradual_bias,0.5,2.0,3,0.0,0.0,0.0,0.0,2027-10-23,2030-10-12
20,score_only,factor_cov_lrt,gradual_bias,0.75,1.0,3,0.0,0.0,0.0,0.0,2027-10-23,2030-10-12
20,score_only,factor_cov_lrt,gradual_bias,0.75,2.0,3,0.0,0.0,0.0,0.0,2027-10-23,2030-10-12
20,score_only,factor_cov_lrt,gradual_bias,1.0,1.0,3,0.0,0.0,0.0,0.0,2027-10-23,2030-10-12
20,score_only,factor_cov_lrt,gradual_bias,1.0,2.0,3,0.0,0.0,0.0,0.0,2027-10-23,2030-10-12
20,score_only,factor_cov_lrt_delta,gradual_bias,0.25,1.0,3,0.0,0.0,0.0,0.0,2027-10-23,2030-10-12
20,score_only,factor_cov_lrt_delta,gradual_bias,0.25,2.0,3,0.3333333333333333,0.3333333333333333,0.0,0.0,2027-10-23,2030-10-12
20,score_only,factor_cov_lrt_delta,gradual_bias,0.5,1.0,3,0.0,0.0,0.0,0.0,2027-10-23,2030-10-12
20,score_only,factor_cov_lrt_delta,gradual_bias,0.5,2.0,3,0.3333333333333333,0.3333333333333333,0.0,0.0,2027-10-23,2030-10-12
20,score_only,factor_cov_lrt_delta,gradual_bias,0.75,1.0,3,0.0,0.0,0.0,0.0,2027-10-23,2030-10-12
20,score_only,factor_cov_lrt_delta,gradual_bias,0.75,2.0,3,0.3333333333333333,0.3333333333333333,0.0,0.0,2027-10-23,2030-10-12
20,score_only,factor_cov_lrt_delta,gradual_bias,1.0,1.0,3,0.0,0.0,0.0,0.0,2027-10-23,2030-10-12
20,score_only,factor_cov_lrt_delta,gradual_bias,1.0,2.0,3,0.3333333333333333,0.3333333333333333,0.0,0.0,2027-10-23,2030-10-12
20,score_only,fused_fisher,gradual_bias,0.25,1.0,3,0.0,0.0,0.0,0.0,2027-10-23,2030-10-12
20,score_only,fused_fisher,gradual_bias,0.25,2.0,3,0.3333333333333333,0.3333333333333333,0.0,0.0,2027-10-23,2030-10-12
20,score_only,fused_fisher,gradual_bias,0.5,1.0,3,0.0,0.0,0.0,0.0,2027-10-23,2030-10-12
20,score_only,fused_fisher,gradual_bias,0.5,2.0,3,0.3333333333333333,0.3333333333333333,0.0,0.0,2027-10-23,2030-10-12
20,score_only,fused_fisher,gradual_bias,0.75,1.0,3,0.0,0.0,0.0,0.0,2027-10-23,2030-10-12
20,score_only,fused_fisher,gradual_bias,0.75,2.0,3,0.3333333333333333,0.3333333333333333,0.0,0.0,2027-10-23,2030-10-12
20,score_only,fused_fisher,gradual_bias,1.0,1.0,3,0.0,0.0,0.0,0.0,2027-10-23,2030-10-12
20,score_only,fused_fisher,gradual_bias,1.0,2.0,3,0.3333333333333333,0.3333333333333333,0.0,0.0,2027-10-23,2030-10-12
20,score_only,fused_fisher_lrt_delta,gradual_bias,0.25,1.0,3,0.0,0.0,0.0,0.0,2027-10-23,2030-10-12
20,score_only,fused_fisher_lrt_delta,gradual_bias,0.25,2.0,3,0.0,0.0,0.0,0.0,2027-10-23,2030-10-12
20,score_only,fused_fisher_lrt_delta,gradual_bias,0.5,1.0,3,0.0,0.0,0.0,0.0,2027-10-23,2030-10-12
20,score_only,fused_fisher_lrt_delta,gradual_bias,0.5,2.0,3,0.0,0.0,0.0,0.0,2027-10-23,2030-10-12
20,score_only,fused_fisher_lrt_delta,gradual_bias,0.75,1.0,3,0.0,0.0,0.0,0.0,2027-10-23,2030-10-12
20,score_only,fused_fisher_lrt_delta,gradual_bias,0.75,2.0,3,0.0,0.0,0.0,0.0,2027-10-23,2030-10-12
20,score_only,fused_fisher_lrt_delta,gradual_bias,1.0,1.0,3,0.0,0.0,0.0,0.0,2027-10-23,2030-10-12
20,score_only,fused_fisher_lrt_delta,gradual_bias,1.0,2.0,3,0.0,0.0,0.0,0.0,2027-10-23,2030-10-12
20,score_only,fused_sp,gradual_bias,0.25,1.0,3,0.0,0.0,0.0,0.0,2027-10-23,2030-10-12
20,score_only,fused_sp,gradual_bias,0.25,2.0,3,0.0,0.0,0.0,0.0,2027-10-23,2030-10-12
20,score_only,fused_sp,gradual_bias,0.5,1.0,3,0.0,0.0,0.0,0.0,2027-10-23,2030-10-12
20,score_only,fused_sp,gradual_bias,0.5,2.0,3,0.0,0.0,0.0,0.0,2027-10-23,2030-10-12
20,score_only,fused_sp,gradual_bias,0.75,1.0,3,0.0,0.0,0.0,0.0,2027-10-23,2030-10-12
20,score_only,fused_sp,gradual_bias,0.75,2.0,3,0.0,0.0,0.0,0.0,2027-10-23,2030-10-12
20,score_only,fused_sp,gradual_bias,1.0,1.0,3,0.0,0.0,0.0,0.0,2027-10-23,2030-10-12
20,score_only,fused_sp,gradual_bias,1.0,2.0,3,0.0,0.0,0.0,0.0,2027-10-23,2030-10-12
20,score_only,fused_sp_lrt_delta,gradual_bias,0.25,1.0,3,0.0,0.0,0.0,0.0,2027-10-23,2030-10-12
20,score_only,fused_sp_lrt_delta,gradual_bias,0.25,2.0,3,0.6666666666666666,0.6666666666666666,0.0,0.0,2027-10-23,2030-10-12
20,score_only,fused_sp_lrt_delta,gradual_bias,0.5,1.0,3,0.0,0.0,0.0,0.0,2027-10-23,2030-10-12
20,score_only,fused_sp_lrt_delta,gradual_bias,0.5,2.0,3,0.6666666666666666,0.6666666666666666,0.0,0.0,2027-10-23,2030-10-12
20,score_only,fused_sp_lrt_delta,gradual_bias,0.75,1.0,3,0.0,0.0,0.0,0.0,2027-10-23,2030-10-12
20,score_only,fused_sp_lrt_delta,gradual_bias,0.75,2.0,3,0.6666666666666666,0.6666666666666666,0.0,0.0,2027-10-23,2030-10-12
20,score_only,fused_sp_lrt_delta,gradual_bias,1.0,1.0,3,0.0,0.0,0.0,0.0,2027-10-23,2030-10-12
20,score_only,fused_sp_lrt_delta,gradual_bias,1.0,2.0,3,0.6666666666666666,0.6666666666666666,0.0,0.0,2027-10-23,2030-10-12
20,score_only,max_abs,gradual_bias,0.25,1.0,3,0.3333333333333333,0.3333333333333333,0.0,0.0,2027-10-23,2030-10-12
20,score_only,max_abs,gradual_bias,0.25,2.0,3,0.0,0.0,0.0,0.0,2027-10-23,2030-10-12
20,score_only,max_abs,gradual_bias,0.5,1.0,3,0.3333333333333333,0.3333333333333333,0.0,0.0,2027-10-23,2030-10-12
20,score_only,max_abs,gradual_bias,0.5,2.0,3,0.0,0.0,0.0,0.0,2027-10-23,2030-10-12
20,score_only,max_abs,gradual_bias,0.75,1.0,3,0.3333333333333333,0.3333333333333333,0.0,0.0,2027-10-23,2030-10-12
20,score_only,max_abs,gradual_bias,0.75,2.0,3,0.0,0.0,0.0,0.0,2027-10-23,2030-10-12
20,score_only,max_abs,gradual_bias,1.0,1.0,3,0.3333333333333333,0.3333333333333333,0.0,0.0,2027-10-23,2030-10-12
20,score_only,max_abs,gradual_bias,1.0,2.0,3,0.0,0.0,0.0,0.0,2027-10-23,2030-10-12
20,score_only,pc_t2,gradual_bias,0.25,1.0,3,0.0,0.0,0.0,0.0,2027-10-23,2030-10-12
20,score_only,pc_t2,gradual_bias,0.25,2.0,3,0.0,0.0,0.0,0.0,2027-10-23,2030-10-12
20,score_only,pc_t2,gradual_bias,0.5,1.0,3,0.0,0.0,0.0,0.0,2027-10-23,2030-10-12
20,score_only,pc_t2,gradual_bias,0.5,2.0,3,0.0,0.0,0.0,0.0,2027-10-23,2030-10-12
20,score_only,pc_t2,gradual_bias,0.75,1.0,3,0.0,0.0,0.0,0.0,2027-10-23,2030-10-12
20,score_only,pc_t2,gradual_bias,0.75,2.0,3,0.0,0.0,0.0,0.0,2027-10-23,2030-10-12
20,score_only,pc_t2,gradual_bias,1.0,1.0,3,0.0,0.0,0.0,0.0,2027-10-23,2030-10-12
20,score_only,pc_t2,gradual_bias,1.0,2.0,3,0.0,0.0,0.0,0.0,2027-10-23,2030-10-12
20,score_only,res_energy,gradual_bias,0.25,1.0,3,0.3333333333333333,0.3333333333333333,0.0,0.0,2027-10-23,2030-10-12
20,score_only,res_energy,gradual_bias,0.25,2.0,3,0.0,0.0,0.0,0.0,2027-10-23,2030-10-12
20,score_only,res_energy,gradual_bias,0.5,1.0,3,0.3333333333333333,0.3333333333333333,0.0,0.0,2027-10-23,2030-10-12
20,score_only,res_energy,gradual_bias,0.5,2.0,3,0.0,0.0,0.0,0.0,2027-10-23,2030-10-12
20,score_only,res_energy,gradual_bias,0.75,1.0,3,0.3333333333333333,0.3333333333333333,0.0,0.0,2027-10-23,2030-10-12
20,score_only,res_energy,gradual_bias,0.75,2.0,3,0.0,0.0,0.0,0.0,2027-10-23,2030-10-12
20,score_only,res_energy,gradual_bias,1.0,1.0,3,0.3333333333333333,0.3333333333333333,0.0,0.0,2027-10-23,2030-10-12
20,score_only,res_energy,gradual_bias,1.0,2.0,3,0.0,0.0,0.0,0.0,2027-10-23,2030-10-12
20,score_only,stale,gradual_bias,0.25,1.0,3,0.0,0.0,0.0,1.0,2027-10-23,2030-10-12
20,score_only,stale,gradual_bias,0.25,2.0,3,0.0,0.0,0.0,1.0,2027-10-23,2030-10-12
20,score_only,stale,gradual_bias,0.5,1.0,3,0.0,0.0,0.0,1.0,2027-10-23,2030-10-12
20,score_only,stale,gradual_bias,0.5,2.0,3,0.0,0.0,0.0,1.0,2027-10-23,2030-10-12
20,score_only,stale,gradual_bias,0.75,1.0,3,0.0,0.0,0.0,1.0,2027-10-23,2030-10-12
20,score_only,stale,gradual_bias,0.75,2.0,3,0.0,0.0,0.0,1.0,2027-10-23,2030-10-12
20,score_only,stale,gradual_bias,1.0,1.0,3,0.0,0.0,0.0,1.0,2027-10-23,2030-10-12
20,score_only,stale,gradual_bias,1.0,2.0,3,0.0,0.0,0.0,1.0,2027-10-23,2030-10-12
