kind,panel,detector,budget,attack_strength,matched_mode,matched_budget_band,matched_tol_budget,tiw_cap,matched_tol_tiw,n_trials_total,n_trials_budget,n_trials_joint,n_trials_primary,coverage_budget,coverage_joint,coverage_primary,fae_null_mean_primary,tiw_null_mean_primary,false_alert_events_count_mean_primary,detect_rate,detect_rate_null,uplift_detect_rate,event_success_rate,event_timely_sla_rate,event_anywarn_success_rate,event_anywarn_timely_sla_rate,event_preexisting_warning_rate,contract_pass_full_rate,contract_pass_full_anywarn_rate,event_sla_months,median_delay,median_delay_null,delay_p50,delay_p90,delay_null_p50,delay_null_p90,event_delay_p50,event_delay_p90,event_time_to_trigger_p50,event_time_to_trigger_p90,median_delay_uncens,median_delay_null_uncens,mean_false_alarm_months_per_year,mean_false_alert_events_per_year,mean_time_in_warning,mean_p_star,mean_effect_size,mean_fae_null,mean_tiw_null,mean_cad_win,mean_cad_post,mean_dtiw_win,mean_abs_dtiw_win,mean_dtiw_post,row_status,infeasible_reason
gradual_bias,all_only,T2,1.0,0.25,budget_only,count,0.1,0.15,0.1,30,30,30,30,1.0,1.0,1.0,0.9226269315673291,0.02160596026490066,21.433333333333334,0.5666666666666667,0.5666666666666667,0.0,0.5666666666666667,0.1,0.5666666666666667,0.1,0.0,0.1,0.1,4.0,18.0,18.0,18.0,26.0,18.0,26.0,18.0,26.0,18.0,26.0,8.0,8.0,1.1235099337748344,0.9226269315673291,0.02160596026490066,0.009993332221728103,0.0,0.9226269315673291,0.02160596026490066,0.0,0.0,0.0,0.0,0.0,OK,
gradual_bias,all_only,T2,1.0,0.5,budget_only,count,0.1,0.15,0.1,30,30,30,30,1.0,1.0,1.0,0.9226269315673291,0.02160596026490066,21.433333333333334,0.5666666666666667,0.5666666666666667,0.0,0.5666666666666667,0.1,0.5666666666666667,0.1,0.0,0.1,0.1,4.0,18.0,18.0,18.0,26.0,18.0,26.0,18.0,26.0,18.0,26.0,8.0,8.0,1.1235099337748344,0.9226269315673291,0.02160596026490066,0.009993332221728103,0.0,0.9226269315673291,0.02160596026490066,0.0,0.0,0.0,0.0,0.0,OK,
gradual_bias,all_only,T2,1.0,0.75,budget_only,count,0.1,0.15,0.1,30,30,30,30,1.0,1.0,1.0,0.9226269315673291,0.02160596026490066,21.433333333333334,0.5666666666666667,0.5666666666666667,0.0,0.5666666666666667,0.1,0.5666666666666667,0.1,0.0,0.1,0.1,4.0,18.0,18.0,18.0,26.0,18.0,26.0,18.0,26.0,18.0,26.0,8.0,8.0,1.1235099337748344,0.9226269315673291,0.02160596026490066,0.009993332221728103,0.0,0.9226269315673291,0.02160596026490066,0.0,0.0,0.0,0.0,0.0,OK,
gradual_bias,all_only,T2,1.0,1.0,budget_only,count,0.1,0.15,0.1,30,30,30,30,1.0,1.0,1.0,0.9226269315673291,0.02160596026490066,21.433333333333334,0.5666666666666667,0.5666666666666667,0.0,0.5666666666666667,0.1,0.5666666666666667,0.1,0.0,0.1,0.1,4.0,18.0,18.0,18.0,26.0,18.0,26.0,18.0,26.0,18.0,26.0,8.0,8.0,1.1235099337748344,0.9226269315673291,0.02160596026490066,0.009993332221728103,0.0,0.9226269315673291,0.02160596026490066,0.0,0.0,0.0,0.0,0.0,OK,
gradual_bias,all_only,T2,INFEASIBLE,0.25,budget_only,count,INFEASIBLE,INFEASIBLE,INFEASIBLE,INFEASIBLE,INFEASIBLE,INFEASIBLE,INFEASIBLE,INFEASIBLE,INFEASIBLE,INFEASIBLE,INFEASIBLE,INFEASIBLE,INFEASIBLE,INFEASIBLE,INFEASIBLE,INFEASIBLE,INFEASIBLE,INFEASIBLE,INFEASIBLE,INFEASIBLE,INFEASIBLE,INFEASIBLE,INFEASIBLE,,INFEASIBLE,INFEASIBLE,INFEASIBLE,INFEASIBLE,INFEASIBLE,INFEASIBLE,INFEASIBLE,INFEASIBLE,INFEASIBLE,INFEASIBLE,INFEASIBLE,INFEASIBLE,INFEASIBLE,INFEASIBLE,INFEASIBLE,INFEASIBLE,INFEASIBLE,INFEASIBLE,INFEASIBLE,INFEASIBLE,INFEASIBLE,INFEASIBLE,INFEASIBLE,INFEASIBLE,INFEASIBLE,no_trials_in_band
gradual_bias,all_only,T2,INFEASIBLE,0.5,budget_only,count,INFEASIBLE,INFEASIBLE,INFEASIBLE,INFEASIBLE,INFEASIBLE,INFEASIBLE,INFEASIBLE,INFEASIBLE,INFEASIBLE,INFEASIBLE,INFEASIBLE,INFEASIBLE,INFEASIBLE,INFEASIBLE,INFEASIBLE,INFEASIBLE,INFEASIBLE,INFEASIBLE,INFEASIBLE,INFEASIBLE,INFEASIBLE,INFEASIBLE,INFEASIBLE,,INFEASIBLE,INFEASIBLE,INFEASIBLE,INFEASIBLE,INFEASIBLE,INFEASIBLE,INFEASIBLE,INFEASIBLE,INFEASIBLE,INFEASIBLE,INFEASIBLE,INFEASIBLE,INFEASIBLE,INFEASIBLE,INFEASIBLE,INFEASIBLE,INFEASIBLE,INFEASIBLE,INFEASIBLE,INFEASIBLE,INFEASIBLE,INFEASIBLE,INFEASIBLE,INFEASIBLE,INFEASIBLE,no_trials_in_band
gradual_bias,all_only,T2,INFEASIBLE,0.75,budget_only,count,INFEASIBLE,INFEASIBLE,INFEASIBLE,INFEASIBLE,INFEASIBLE,INFEASIBLE,INFEASIBLE,INFEASIBLE,INFEASIBLE,INFEASIBLE,INFEASIBLE,INFEASIBLE,INFEASIBLE,INFEASIBLE,INFEASIBLE,INFEASIBLE,INFEASIBLE,INFEASIBLE,INFEASIBLE,INFEASIBLE,INFEASIBLE,INFEASIBLE,INFEASIBLE,,INFEASIBLE,INFEASIBLE,INFEASIBLE,INFEASIBLE,INFEASIBLE,INFEASIBLE,INFEASIBLE,INFEASIBLE,INFEASIBLE,INFEASIBLE,INFEASIBLE,INFEASIBLE,INFEASIBLE,INFEASIBLE,INFEASIBLE,INFEASIBLE,INFEASIBLE,INFEASIBLE,INFEASIBLE,INFEASIBLE,INFEASIBLE,INFEASIBLE,INFEASIBLE,INFEASIBLE,INFEASIBLE,no_trials_in_band
gradual_bias,all_only,T2,INFEASIBLE,1.0,budget_only,count,INFEASIBLE,INFEASIBLE,INFEASIBLE,INFEASIBLE,INFEASIBLE,INFEASIBLE,INFEASIBLE,INFEASIBLE,INFEASIBLE,INFEASIBLE,INFEASIBLE,INFEASIBLE,INFEASIBLE,INFEASIBLE,INFEASIBLE,INFEASIBLE,INFEASIBLE,INFEASIBLE,INFEASIBLE,INFEASIBLE,INFEASIBLE,INFEASIBLE,INFEASIBLE,,INFEASIBLE,INFEASIBLE,INFEASIBLE,INFEASIBLE,INFEASIBLE,INFEASIBLE,INFEASIBLE,INFEASIBLE,INFEASIBLE,INFEASIBLE,INFEASIBLE,INFEASIBLE,INFEASIBLE,INFEASIBLE,INFEASIBLE,INFEASIBLE,INFEASIBLE,INFEASIBLE,INFEASIBLE,INFEASIBLE,INFEASIBLE,INFEASIBLE,INFEASIBLE,INFEASIBLE,INFEASIBLE,no_trials_in_band
gradual_bias,all_only,cusum_factor_cov_lrt,INFEASIBLE,0.25,budget_only,count,INFEASIBLE,INFEASIBLE,INFEASIBLE,INFEASIBLE,INFEASIBLE,INFEASIBLE,INFEASIBLE,INFEASIBLE,INFEASIBLE,INFEASIBLE,INFEASIBLE,INFEASIBLE,INFEASIBLE,INFEASIBLE,INFEASIBLE,INFEASIBLE,INFEASIBLE,INFEASIBLE,INFEASIBLE,INFEASIBLE,INFEASIBLE,INFEASIBLE,INFEASIBLE,,INFEASIBLE,INFEASIBLE,INFEASIBLE,INFEASIBLE,INFEASIBLE,INFEASIBLE,INFEASIBLE,INFEASIBLE,INFEASIBLE,INFEASIBLE,INFEASIBLE,INFEASIBLE,INFEASIBLE,INFEASIBLE,INFEASIBLE,INFEASIBLE,INFEASIBLE,INFEASIBLE,INFEASIBLE,INFEASIBLE,INFEASIBLE,INFEASIBLE,INFEASIBLE,INFEASIBLE,INFEASIBLE,no_trials_in_band
gradual_bias,all_only,cusum_factor_cov_lrt,INFEASIBLE,0.5,budget_only,count,INFEASIBLE,INFEASIBLE,INFEASIBLE,INFEASIBLE,INFEASIBLE,INFEASIBLE,INFEASIBLE,INFEASIBLE,INFEASIBLE,INFEASIBLE,INFEASIBLE,INFEASIBLE,INFEASIBLE,INFEASIBLE,INFEASIBLE,INFEASIBLE,INFEASIBLE,INFEASIBLE,INFEASIBLE,INFEASIBLE,INFEASIBLE,INFEASIBLE,INFEASIBLE,,INFEASIBLE,INFEASIBLE,INFEASIBLE,INFEASIBLE,INFEASIBLE,INFEASIBLE,INFEASIBLE,INFEASIBLE,INFEASIBLE,INFEASIBLE,INFEASIBLE,INFEASIBLE,INFEASIBLE,INFEASIBLE,INFEASIBLE,INFEASIBLE,INFEASIBLE,INFEASIBLE,INFEASIBLE,INFEASIBLE,INFEASIBLE,INFEASIBLE,INFEASIBLE,INFEASIBLE,INFEASIBLE,no_trials_in_band
gradual_bias,all_only,cusum_factor_cov_lrt,INFEASIBLE,0.75,budget_only,count,INFEASIBLE,INFEASIBLE,INFEASIBLE,INFEASIBLE,INFEASIBLE,INFEASIBLE,INFEASIBLE,INFEASIBLE,INFEASIBLE,INFEASIBLE,INFEASIBLE,INFEASIBLE,INFEASIBLE,INFEASIBLE,INFEASIBLE,INFEASIBLE,INFEASIBLE,INFEASIBLE,INFEASIBLE,INFEASIBLE,INFEASIBLE,INFEASIBLE,INFEASIBLE,,INFEASIBLE,INFEASIBLE,INFEASIBLE,INFEASIBLE,INFEASIBLE,INFEASIBLE,INFEASIBLE,INFEASIBLE,INFEASIBLE,INFEASIBLE,INFEASIBLE,INFEASIBLE,INFEASIBLE,INFEASIBLE,INFEASIBLE,INFEASIBLE,INFEASIBLE,INFEASIBLE,INFEASIBLE,INFEASIBLE,INFEASIBLE,INFEASIBLE,INFEASIBLE,INFEASIBLE,INFEASIBLE,no_trials_in_band
gradual_bias,all_only,cusum_factor_cov_lrt,INFEASIBLE,1.0,budget_only,count,INFEASIBLE,INFEASIBLE,INFEASIBLE,INFEASIBLE,INFEASIBLE,INFEASIBLE,INFEASIBLE,INFEASIBLE,INFEASIBLE,INFEASIBLE,INFEASIBLE,INFEASIBLE,INFEASIBLE,INFEASIBLE,INFEASIBLE,INFEASIBLE,INFEASIBLE,INFEASIBLE,INFEASIBLE,INFEASIBLE,INFEASIBLE,INFEASIBLE,INFEASIBLE,,INFEASIBLE,INFEASIBLE,INFEASIBLE,INFEASIBLE,INFEASIBLE,INFEASIBLE,INFEASIBLE,INFEASIBLE,INFEASIBLE,INFEASIBLE,INFEASIBLE,INFEASIBLE,INFEASIBLE,INFEASIBLE,INFEASIBLE,INFEASIBLE,INFEASIBLE,INFEASIBLE,INFEASIBLE,INFEASIBLE,INFEASIBLE,INFEASIBLE,INFEASIBLE,INFEASIBLE,INFEASIBLE,no_trials_in_band
gradual_bias,all_only,cusum_factor_cov_lrt,INFEASIBLE,0.25,budget_only,count,INFEASIBLE,INFEASIBLE,INFEASIBLE,INFEASIBLE,INFEASIBLE,INFEASIBLE,INFEASIBLE,INFEASIBLE,INFEASIBLE,INFEASIBLE,INFEASIBLE,INFEASIBLE,INFEASIBLE,INFEASIBLE,INFEASIBLE,INFEASIBLE,INFEASIBLE,INFEASIBLE,INFEASIBLE,INFEASIBLE,INFEASIBLE,INFEASIBLE,INFEASIBLE,,INFEASIBLE,INFEASIBLE,INFEASIBLE,INFEASIBLE,INFEASIBLE,INFEASIBLE,INFEASIBLE,INFEASIBLE,INFEASIBLE,INFEASIBLE,INFEASIBLE,INFEASIBLE,INFEASIBLE,INFEASIBLE,INFEASIBLE,INFEASIBLE,INFEASIBLE,INFEASIBLE,INFEASIBLE,INFEASIBLE,INFEASIBLE,INFEASIBLE,INFEASIBLE,INFEASIBLE,INFEASIBLE,no_trials_in_band
gradual_bias,all_only,cusum_factor_cov_lrt,INFEASIBLE,0.5,budget_only,count,INFEASIBLE,INFEASIBLE,INFEASIBLE,INFEASIBLE,INFEASIBLE,INFEASIBLE,INFEASIBLE,INFEASIBLE,INFEASIBLE,INFEASIBLE,INFEASIBLE,INFEASIBLE,INFEASIBLE,INFEASIBLE,INFEASIBLE,INFEASIBLE,INFEASIBLE,INFEASIBLE,INFEASIBLE,INFEASIBLE,INFEASIBLE,INFEASIBLE,INFEASIBLE,,INFEASIBLE,INFEASIBLE,INFEASIBLE,INFEASIBLE,INFEASIBLE,INFEASIBLE,INFEASIBLE,INFEASIBLE,INFEASIBLE,INFEASIBLE,INFEASIBLE,INFEASIBLE,INFEASIBLE,INFEASIBLE,INFEASIBLE,INFEASIBLE,INFEASIBLE,INFEASIBLE,INFEASIBLE,INFEASIBLE,INFEASIBLE,INFEASIBLE,INFEASIBLE,INFEASIBLE,INFEASIBLE,no_trials_in_band
gradual_bias,all_only,cusum_factor_cov_lrt,INFEASIBLE,0.75,budget_only,count,INFEASIBLE,INFEASIBLE,INFEASIBLE,INFEASIBLE,INFEASIBLE,INFEASIBLE,INFEASIBLE,INFEASIBLE,INFEASIBLE,INFEASIBLE,INFEASIBLE,INFEASIBLE,INFEASIBLE,INFEASIBLE,INFEASIBLE,INFEASIBLE,INFEASIBLE,INFEASIBLE,INFEASIBLE,INFEASIBLE,INFEASIBLE,INFEASIBLE,INFEASIBLE,,INFEASIBLE,INFEASIBLE,INFEASIBLE,INFEASIBLE,INFEASIBLE,INFEASIBLE,INFEASIBLE,INFEASIBLE,INFEASIBLE,INFEASIBLE,INFEASIBLE,INFEASIBLE,INFEASIBLE,INFEASIBLE,INFEASIBLE,INFEASIBLE,INFEASIBLE,INFEASIBLE,INFEASIBLE,INFEASIBLE,INFEASIBLE,INFEASIBLE,INFEASIBLE,INFEASIBLE,INFEASIBLE,no_trials_in_band
gradual_bias,all_only,cusum_factor_cov_lrt,INFEASIBLE,1.0,budget_only,count,INFEASIBLE,INFEASIBLE,INFEASIBLE,INFEASIBLE,INFEASIBLE,INFEASIBLE,INFEASIBLE,INFEASIBLE,INFEASIBLE,INFEASIBLE,INFEASIBLE,INFEASIBLE,INFEASIBLE,INFEASIBLE,INFEASIBLE,INFEASIBLE,INFEASIBLE,INFEASIBLE,INFEASIBLE,INFEASIBLE,INFEASIBLE,INFEASIBLE,INFEASIBLE,,INFEASIBLE,INFEASIBLE,INFEASIBLE,INFEASIBLE,INFEASIBLE,INFEASIBLE,INFEASIBLE,INFEASIBLE,INFEASIBLE,INFEASIBLE,INFEASIBLE,INFEASIBLE,INFEASIBLE,INFEASIBLE,INFEASIBLE,INFEASIBLE,INFEASIBLE,INFEASIBLE,INFEASIBLE,INFEASIBLE,INFEASIBLE,INFEASIBLE,INFEASIBLE,INFEASIBLE,INFEASIBLE,no_trials_in_band
gradual_bias,all_only,ewma_factor_cov_lrt,1.0,0.25,budget_only,count,0.1,0.15,0.1,30,14,14,14,0.4666666666666667,0.4666666666666667,0.4666666666666667,0.860927152317881,0.02962393566698202,20.0,0.0,0.0,0.0,0.07142857142857142,0.07142857142857142,0.07142857142857142,0.07142857142857142,0.07142857142857142,0.07142857142857142,0.07142857142857142,4.0,26.0,26.0,26.0,26.0,26.0,26.0,26.0,26.0,26.0,26.0,NA,NA,1.5404446546830652,0.860927152317881,0.02962393566698202,0.0202945932048588,0.12019113419315919,0.860927152317881,0.02962393566698202,0.0,0.0,0.0,0.0,0.0,OK,
gradual_bias,all_only,ewma_factor_cov_lrt,1.0,0.5,budget_only,count,0.1,0.15,0.1,30,14,14,14,0.4666666666666667,0.4666666666666667,0.4666666666666667,0.860927152317881,0.02962393566698202,20.0,0.0,0.0,0.0,0.07142857142857142,0.07142857142857142,0.07142857142857142,0.07142857142857142,0.07142857142857142,0.07142857142857142,0.07142857142857142,4.0,26.0,26.0,26.0,26.0,26.0,26.0,26.0,26.0,26.0,26.0,NA,NA,1.5404446546830652,0.860927152317881,0.02962393566698202,0.0202945932048588,0.12019113419315919,0.860927152317881,0.02962393566698202,0.0,0.0,0.0,0.0,0.0,OK,
gradual_bias,all_only,ewma_factor_cov_lrt,1.0,0.75,budget_only,count,0.1,0.15,0.1,30,14,14,14,0.4666666666666667,0.4666666666666667,0.4666666666666667,0.860927152317881,0.02962393566698202,20.0,0.0,0.0,0.0,0.07142857142857142,0.07142857142857142,0.07142857142857142,0.07142857142857142,0.07142857142857142,0.07142857142857142,0.07142857142857142,4.0,26.0,26.0,26.0,26.0,26.0,26.0,26.0,26.0,26.0,26.0,NA,NA,1.5404446546830652,0.860927152317881,0.02962393566698202,0.0202945932048588,0.12019113419315919,0.860927152317881,0.02962393566698202,0.0,0.0,0.0,0.0,0.0,OK,
gradual_bias,all_only,ewma_factor_cov_lrt,1.0,1.0,budget_only,count,0.1,0.15,0.1,30,14,14,14,0.4666666666666667,0.4666666666666667,0.4666666666666667,0.860927152317881,0.02962393566698202,20.0,0.0,0.0,0.0,0.07142857142857142,0.07142857142857142,0.07142857142857142,0.07142857142857142,0.07142857142857142,0.07142857142857142,0.07142857142857142,4.0,26.0,26.0,26.0,26.0,26.0,26.0,26.0,26.0,26.0,26.0,NA,NA,1.5404446546830652,0.860927152317881,0.02962393566698202,0.0202945932048588,0.12019113419315919,0.860927152317881,0.02962393566698202,0.0,0.0,0.0,0.0,0.0,OK,
gradual_bias,all_only,ewma_factor_cov_lrt,INFEASIBLE,0.25,budget_only,count,INFEASIBLE,INFEASIBLE,INFEASIBLE,INFEASIBLE,INFEASIBLE,INFEASIBLE,INFEASIBLE,INFEASIBLE,INFEASIBLE,INFEASIBLE,INFEASIBLE,INFEASIBLE,INFEASIBLE,INFEASIBLE,INFEASIBLE,INFEASIBLE,INFEASIBLE,INFEASIBLE,INFEASIBLE,INFEASIBLE,INFEASIBLE,INFEASIBLE,INFEASIBLE,,INFEASIBLE,INFEASIBLE,INFEASIBLE,INFEASIBLE,INFEASIBLE,INFEASIBLE,INFEASIBLE,INFEASIBLE,INFEASIBLE,INFEASIBLE,INFEASIBLE,INFEASIBLE,INFEASIBLE,INFEASIBLE,INFEASIBLE,INFEASIBLE,INFEASIBLE,INFEASIBLE,INFEASIBLE,INFEASIBLE,INFEASIBLE,INFEASIBLE,INFEASIBLE,INFEASIBLE,INFEASIBLE,no_trials_in_band
gradual_bias,all_only,ewma_factor_cov_lrt,INFEASIBLE,0.5,budget_only,count,INFEASIBLE,INFEASIBLE,INFEASIBLE,INFEASIBLE,INFEASIBLE,INFEASIBLE,INFEASIBLE,INFEASIBLE,INFEASIBLE,INFEASIBLE,INFEASIBLE,INFEASIBLE,INFEASIBLE,INFEASIBLE,INFEASIBLE,INFEASIBLE,INFEASIBLE,INFEASIBLE,INFEASIBLE,INFEASIBLE,INFEASIBLE,INFEASIBLE,INFEASIBLE,,INFEASIBLE,INFEASIBLE,INFEASIBLE,INFEASIBLE,INFEASIBLE,INFEASIBLE,INFEASIBLE,INFEASIBLE,INFEASIBLE,INFEASIBLE,INFEASIBLE,INFEASIBLE,INFEASIBLE,INFEASIBLE,INFEASIBLE,INFEASIBLE,INFEASIBLE,INFEASIBLE,INFEASIBLE,INFEASIBLE,INFEASIBLE,INFEASIBLE,INFEASIBLE,INFEASIBLE,INFEASIBLE,no_trials_in_band
gradual_bias,all_only,ewma_factor_cov_lrt,INFEASIBLE,0.75,budget_only,count,INFEASIBLE,INFEASIBLE,INFEASIBLE,INFEASIBLE,INFEASIBLE,INFEASIBLE,INFEASIBLE,INFEASIBLE,INFEASIBLE,INFEASIBLE,INFEASIBLE,INFEASIBLE,INFEASIBLE,INFEASIBLE,INFEASIBLE,INFEASIBLE,INFEASIBLE,INFEASIBLE,INFEASIBLE,INFEASIBLE,INFEASIBLE,INFEASIBLE,INFEASIBLE,,INFEASIBLE,INFEASIBLE,INFEASIBLE,INFEASIBLE,INFEASIBLE,INFEASIBLE,INFEASIBLE,INFEASIBLE,INFEASIBLE,INFEASIBLE,INFEASIBLE,INFEASIBLE,INFEASIBLE,INFEASIBLE,INFEASIBLE,INFEASIBLE,INFEASIBLE,INFEASIBLE,INFEASIBLE,INFEASIBLE,INFEASIBLE,INFEASIBLE,INFEASIBLE,INFEASIBLE,INFEASIBLE,no_trials_in_band
gradual_bias,all_only,ewma_factor_cov_lrt,INFEASIBLE,1.0,budget_only,count,INFEASIBLE,INFEASIBLE,INFEASIBLE,INFEASIBLE,INFEASIBLE,INFEASIBLE,INFEASIBLE,INFEASIBLE,INFEASIBLE,INFEASIBLE,INFEASIBLE,INFEASIBLE,INFEASIBLE,INFEASIBLE,INFEASIBLE,INFEASIBLE,INFEASIBLE,INFEASIBLE,INFEASIBLE,INFEASIBLE,INFEASIBLE,INFEASIBLE,INFEASIBLE,,INFEASIBLE,INFEASIBLE,INFEASIBLE,INFEASIBLE,INFEASIBLE,INFEASIBLE,INFEASIBLE,INFEASIBLE,INFEASIBLE,INFEASIBLE,INFEASIBLE,INFEASIBLE,INFEASIBLE,INFEASIBLE,INFEASIBLE,INFEASIBLE,INFEASIBLE,INFEASIBLE,INFEASIBLE,INFEASIBLE,INFEASIBLE,INFEASIBLE,INFEASIBLE,INFEASIBLE,INFEASIBLE,no_trials_in_band
gradual_bias,all_only,factor_cov_change,1.0,0.25,budget_only,count,0.1,0.15,0.1,30,30,30,30,1.0,1.0,1.0,1.0173289183222958,0.07488962472406183,23.633333333333333,0.36666666666666664,0.36666666666666664,0.0,0.4,0.03333333333333333,0.4,0.03333333333333333,0.03333333333333333,0.03333333333333333,0.03333333333333333,4.0,26.0,26.0,26.0,26.0,26.0,26.0,26.0,26.0,26.0,26.0,13.0,13.0,3.8942604856512144,1.0173289183222958,0.07488962472406183,0.11927664452862602,-0.09230199211254096,1.0173289183222958,0.07488962472406183,0.0,0.0,0.0,0.0,0.0,OK,
gradual_bias,all_only,factor_cov_change,1.0,0.5,budget_only,count,0.1,0.15,0.1,30,30,30,30,1.0,1.0,1.0,1.0173289183222958,0.07488962472406183,23.633333333333333,0.36666666666666664,0.36666666666666664,0.0,0.4,0.03333333333333333,0.4,0.03333333333333333,0.03333333333333333,0.03333333333333333,0.03333333333333333,4.0,26.0,26.0,26.0,26.0,26.0,26.0,26.0,26.0,26.0,26.0,13.0,13.0,3.8942604856512144,1.0173289183222958,0.07488962472406183,0.11927664452862602,-0.09230199211254096,1.0173289183222958,0.07488962472406183,0.0,0.0,0.0,0.0,0.0,OK,
gradual_bias,all_only,factor_cov_change,1.0,0.75,budget_only,count,0.1,0.15,0.1,30,30,30,30,1.0,1.0,1.0,1.0173289183222958,0.07488962472406183,23.633333333333333,0.36666666666666664,0.36666666666666664,0.0,0.4,0.03333333333333333,0.4,0.03333333333333333,0.03333333333333333,0.03333333333333333,0.03333333333333333,4.0,26.0,26.0,26.0,26.0,26.0,26.0,26.0,26.0,26.0,26.0,13.0,13.0,3.8942604856512144,1.0173289183222958,0.07488962472406183,0.11927664452862602,-0.09230199211254096,1.0173289183222958,0.07488962472406183,0.0,0.0,0.0,0.0,0.0,OK,
gradual_bias,all_only,factor_cov_change,1.0,1.0,budget_only,count,0.1,0.15,0.1,30,30,30,30,1.0,1.0,1.0,1.0173289183222958,0.07488962472406183,23.633333333333333,0.36666666666666664,0.36666666666666664,0.0,0.4,0.03333333333333333,0.4,0.03333333333333333,0.03333333333333333,0.03333333333333333,0.03333333333333333,4.0,26.0,26.0,26.0,26.0,26.0,26.0,26.0,26.0,26.0,26.0,13.0,13.0,3.8942604856512144,1.0173289183222958,0.07488962472406183,0.11927664452862602,-0.09230199211254096,1.0173289183222958,0.07488962472406183,0.0,0.0,0.0,0.0,0.0,OK,
gradual_bias,all_only,factor_cov_change,INFEASIBLE,0.25,budget_only,count,INFEASIBLE,INFEASIBLE,INFEASIBLE,INFEASIBLE,INFEASIBLE,INFEASIBLE,INFEASIBLE,INFEASIBLE,INFEASIBLE,INFEASIBLE,INFEASIBLE,INFEASIBLE,INFEASIBLE,INFEASIBLE,INFEASIBLE,INFEASIBLE,INFEASIBLE,INFEASIBLE,INFEASIBLE,INFEASIBLE,INFEASIBLE,INFEASIBLE,INFEASIBLE,,INFEASIBLE,INFEASIBLE,INFEASIBLE,INFEASIBLE,INFEASIBLE,INFEASIBLE,INFEASIBLE,INFEASIBLE,INFEASIBLE,INFEASIBLE,INFEASIBLE,INFEASIBLE,INFEASIBLE,INFEASIBLE,INFEASIBLE,INFEASIBLE,INFEASIBLE,INFEASIBLE,INFEASIBLE,INFEASIBLE,INFEASIBLE,INFEASIBLE,INFEASIBLE,INFEASIBLE,INFEASIBLE,no_trials_in_band
gradual_bias,all_only,factor_cov_change,INFEASIBLE,0.5,budget_only,count,INFEASIBLE,INFEASIBLE,INFEASIBLE,INFEASIBLE,INFEASIBLE,INFEASIBLE,INFEASIBLE,INFEASIBLE,INFEASIBLE,INFEASIBLE,INFEASIBLE,INFEASIBLE,INFEASIBLE,INFEASIBLE,INFEASIBLE,INFEASIBLE,INFEASIBLE,INFEASIBLE,INFEASIBLE,INFEASIBLE,INFEASIBLE,INFEASIBLE,INFEASIBLE,,INFEASIBLE,INFEASIBLE,INFEASIBLE,INFEASIBLE,INFEASIBLE,INFEASIBLE,INFEASIBLE,INFEASIBLE,INFEASIBLE,INFEASIBLE,INFEASIBLE,INFEASIBLE,INFEASIBLE,INFEASIBLE,INFEASIBLE,INFEASIBLE,INFEASIBLE,INFEASIBLE,INFEASIBLE,INFEASIBLE,INFEASIBLE,INFEASIBLE,INFEASIBLE,INFEASIBLE,INFEASIBLE,no_trials_in_band
gradual_bias,all_only,factor_cov_change,INFEASIBLE,0.75,budget_only,count,INFEASIBLE,INFEASIBLE,INFEASIBLE,INFEASIBLE,INFEASIBLE,INFEASIBLE,INFEASIBLE,INFEASIBLE,INFEASIBLE,INFEASIBLE,INFEASIBLE,INFEASIBLE,INFEASIBLE,INFEASIBLE,INFEASIBLE,INFEASIBLE,INFEASIBLE,INFEASIBLE,INFEASIBLE,INFEASIBLE,INFEASIBLE,INFEASIBLE,INFEASIBLE,,INFEASIBLE,INFEASIBLE,INFEASIBLE,INFEASIBLE,INFEASIBLE,INFEASIBLE,INFEASIBLE,INFEASIBLE,INFEASIBLE,INFEASIBLE,INFEASIBLE,INFEASIBLE,INFEASIBLE,INFEASIBLE,INFEASIBLE,INFEASIBLE,INFEASIBLE,INFEASIBLE,INFEASIBLE,INFEASIBLE,INFEASIBLE,INFEASIBLE,INFEASIBLE,INFEASIBLE,INFEASIBLE,no_trials_in_band
gradual_bias,all_only,factor_cov_change,INFEASIBLE,1.0,budget_only,count,INFEASIBLE,INFEASIBLE,INFEASIBLE,INFEASIBLE,INFEASIBLE,INFEASIBLE,INFEASIBLE,INFEASIBLE,INFEASIBLE,INFEASIBLE,INFEASIBLE,INFEASIBLE,INFEASIBLE,INFEASIBLE,INFEASIBLE,INFEASIBLE,INFEASIBLE,INFEASIBLE,INFEASIBLE,INFEASIBLE,INFEASIBLE,INFEASIBLE,INFEASIBLE,,INFEASIBLE,INFEASIBLE,INFEASIBLE,INFEASIBLE,INFEASIBLE,INFEASIBLE,INFEASIBLE,INFEASIBLE,INFEASIBLE,INFEASIBLE,INFEASIBLE,INFEASIBLE,INFEASIBLE,INFEASIBLE,INFEASIBLE,INFEASIBLE,INFEASIBLE,INFEASIBLE,INFEASIBLE,INFEASIBLE,INFEASIBLE,INFEASIBLE,INFEASIBLE,INFEASIBLE,INFEASIBLE,no_trials_in_band
gradual_bias,all_only,factor_cov_delta,1.0,0.25,budget_only,count,0.1,0.15,0.1,30,30,30,30,1.0,1.0,1.0,0.9326710816777044,0.031181015452538628,21.666666666666668,0.36666666666666664,0.36666666666666664,0.0,0.36666666666666664,0.03333333333333333,0.36666666666666664,0.03333333333333333,0.0,0.03333333333333333,0.03333333333333333,4.0,26.0,26.0,26.0,26.0,26.0,26.0,26.0,26.0,26.0,26.0,14.0,14.0,1.6214128035320092,0.9326710816777044,0.031181015452538628,0.02222152213948248,0.10091852157382622,0.9326710816777044,0.031181015452538628,0.0,0.0,0.0,0.0,0.0,OK,
gradual_bias,all_only,factor_cov_delta,1.0,0.5,budget_only,count,0.1,0.15,0.1,30,30,30,30,1.0,1.0,1.0,0.9326710816777044,0.031181015452538628,21.666666666666668,0.36666666666666664,0.36666666666666664,0.0,0.36666666666666664,0.03333333333333333,0.36666666666666664,0.03333333333333333,0.0,0.03333333333333333,0.03333333333333333,4.0,26.0,26.0,26.0,26.0,26.0,26.0,26.0,26.0,26.0,26.0,14.0,14.0,1.6214128035320092,0.9326710816777044,0.031181015452538628,0.02222152213948248,0.10091852157382622,0.9326710816777044,0.031181015452538628,0.0,0.0,0.0,0.0,0.0,OK,
gradual_bias,all_only,factor_cov_delta,1.0,0.75,budget_only,count,0.1,0.15,0.1,30,30,30,30,1.0,1.0,1.0,0.9326710816777044,0.031181015452538628,21.666666666666668,0.36666666666666664,0.36666666666666664,0.0,0.36666666666666664,0.03333333333333333,0.36666666666666664,0.03333333333333333,0.0,0.03333333333333333,0.03333333333333333,4.0,26.0,26.0,26.0,26.0,26.0,26.0,26.0,26.0,26.0,26.0,14.0,14.0,1.6214128035320092,0.9326710816777044,0.031181015452538628,0.02222152213948248,0.10091852157382622,0.9326710816777044,0.031181015452538628,0.0,0.0,0.0,0.0,0.0,OK,
gradual_bias,all_only,factor_cov_delta,1.0,1.0,budget_only,count,0.1,0.15,0.1,30,30,30,30,1.0,1.0,1.0,0.9326710816777044,0.031181015452538628,21.666666666666668,0.36666666666666664,0.36666666666666664,0.0,0.36666666666666664,0.03333333333333333,0.36666666666666664,0.03333333333333333,0.0,0.03333333333333333,0.03333333333333333,4.0,26.0,26.0,26.0,26.0,26.0,26.0,26.0,26.0,26.0,26.0,14.0,14.0,1.6214128035320092,0.9326710816777044,0.031181015452538628,0.02222152213948248,0.10091852157382622,0.9326710816777044,0.031181015452538628,0.0,0.0,0.0,0.0,0.0,OK,
gradual_bias,all_only,factor_cov_delta,INFEASIBLE,0.25,budget_only,count,INFEASIBLE,INFEASIBLE,INFEASIBLE,INFEASIBLE,INFEASIBLE,INFEASIBLE,INFEASIBLE,INFEASIBLE,INFEASIBLE,INFEASIBLE,INFEASIBLE,INFEASIBLE,INFEASIBLE,INFEASIBLE,INFEASIBLE,INFEASIBLE,INFEASIBLE,INFEASIBLE,INFEASIBLE,INFEASIBLE,INFEASIBLE,INFEASIBLE,INFEASIBLE,,INFEASIBLE,INFEASIBLE,INFEASIBLE,INFEASIBLE,INFEASIBLE,INFEASIBLE,INFEASIBLE,INFEASIBLE,INFEASIBLE,INFEASIBLE,INFEASIBLE,INFEASIBLE,INFEASIBLE,INFEASIBLE,INFEASIBLE,INFEASIBLE,INFEASIBLE,INFEASIBLE,INFEASIBLE,INFEASIBLE,INFEASIBLE,INFEASIBLE,INFEASIBLE,INFEASIBLE,INFEASIBLE,no_trials_in_band
gradual_bias,all_only,factor_cov_delta,INFEASIBLE,0.5,budget_only,count,INFEASIBLE,INFEASIBLE,INFEASIBLE,INFEASIBLE,INFEASIBLE,INFEASIBLE,INFEASIBLE,INFEASIBLE,INFEASIBLE,INFEASIBLE,INFEASIBLE,INFEASIBLE,INFEASIBLE,INFEASIBLE,INFEASIBLE,INFEASIBLE,INFEASIBLE,INFEASIBLE,INFEASIBLE,INFEASIBLE,INFEASIBLE,INFEASIBLE,INFEASIBLE,,INFEASIBLE,INFEASIBLE,INFEASIBLE,INFEASIBLE,INFEASIBLE,INFEASIBLE,INFEASIBLE,INFEASIBLE,INFEASIBLE,INFEASIBLE,INFEASIBLE,INFEASIBLE,INFEASIBLE,INFEASIBLE,INFEASIBLE,INFEASIBLE,INFEASIBLE,INFEASIBLE,INFEASIBLE,INFEASIBLE,INFEASIBLE,INFEASIBLE,INFEASIBLE,INFEASIBLE,INFEASIBLE,no_trials_in_band
gradual_bias,all_only,factor_cov_delta,INFEASIBLE,0.75,budget_only,count,INFEASIBLE,INFEASIBLE,INFEASIBLE,INFEASIBLE,INFEASIBLE,INFEASIBLE,INFEASIBLE,INFEASIBLE,INFEASIBLE,INFEASIBLE,INFEASIBLE,INFEASIBLE,INFEASIBLE,INFEASIBLE,INFEASIBLE,INFEASIBLE,INFEASIBLE,INFEASIBLE,INFEASIBLE,INFEASIBLE,INFEASIBLE,INFEASIBLE,INFEASIBLE,,INFEASIBLE,INFEASIBLE,INFEASIBLE,INFEASIBLE,INFEASIBLE,INFEASIBLE,INFEASIBLE,INFEASIBLE,INFEASIBLE,INFEASIBLE,INFEASIBLE,INFEASIBLE,INFEASIBLE,INFEASIBLE,INFEASIBLE,INFEASIBLE,INFEASIBLE,INFEASIBLE,INFEASIBLE,INFEASIBLE,INFEASIBLE,INFEASIBLE,INFEASIBLE,INFEASIBLE,INFEASIBLE,no_trials_in_band
gradual_bias,all_only,factor_cov_delta,INFEASIBLE,1.0,budget_only,count,INFEASIBLE,INFEASIBLE,INFEASIBLE,INFEASIBLE,INFEASIBLE,INFEASIBLE,INFEASIBLE,INFEASIBLE,INFEASIBLE,INFEASIBLE,INFEASIBLE,INFEASIBLE,INFEASIBLE,INFEASIBLE,INFEASIBLE,INFEASIBLE,INFEASIBLE,INFEASIBLE,INFEASIBLE,INFEASIBLE,INFEASIBLE,INFEASIBLE,INFEASIBLE,,INFEASIBLE,INFEASIBLE,INFEASIBLE,INFEASIBLE,INFEASIBLE,INFEASIBLE,INFEASIBLE,INFEASIBLE,INFEASIBLE,INFEASIBLE,INFEASIBLE,INFEASIBLE,INFEASIBLE,INFEASIBLE,INFEASIBLE,INFEASIBLE,INFEASIBLE,INFEASIBLE,INFEASIBLE,INFEASIBLE,INFEASIBLE,INFEASIBLE,INFEASIBLE,INFEASIBLE,INFEASIBLE,no_trials_in_band
gradual_bias,all_only,factor_cov_lrt,1.0,0.25,budget_only,count,0.1,0.15,0.1,30,30,30,30,1.0,1.0,1.0,0.971412803532009,0.08027041942604855,22.566666666666666,0.5666666666666667,0.5666666666666667,0.0,0.6,0.13333333333333333,0.6,0.13333333333333333,0.03333333333333333,0.13333333333333333,0.13333333333333333,4.0,23.5,23.5,23.5,26.0,23.5,26.0,21.0,26.0,23.5,26.0,13.0,13.0,4.174061810154526,0.971412803532009,0.08027041942604855,0.3425684930178129,-0.0651654324822125,0.971412803532009,0.08027041942604855,0.0,0.0,0.0,0.0,0.0,OK,
gradual_bias,all_only,factor_cov_lrt,1.0,0.5,budget_only,count,0.1,0.15,0.1,30,30,30,30,1.0,1.0,1.0,0.971412803532009,0.08027041942604855,22.566666666666666,0.5666666666666667,0.5666666666666667,0.0,0.6,0.13333333333333333,0.6,0.13333333333333333,0.03333333333333333,0.13333333333333333,0.13333333333333333,4.0,23.5,23.5,23.5,26.0,23.5,26.0,21.0,26.0,23.5,26.0,13.0,13.0,4.174061810154526,0.971412803532009,0.08027041942604855,0.3425684930178129,-0.0651654324822125,0.971412803532009,0.08027041942604855,0.0,0.0,0.0,0.0,0.0,OK,
gradual_bias,all_only,factor_cov_lrt,1.0,0.75,budget_only,count,0.1,0.15,0.1,30,30,30,30,1.0,1.0,1.0,0.971412803532009,0.08027041942604855,22.566666666666666,0.5666666666666667,0.5666666666666667,0.0,0.6,0.13333333333333333,0.6,0.13333333333333333,0.03333333333333333,0.13333333333333333,0.13333333333333333,4.0,23.5,23.5,23.5,26.0,23.5,26.0,21.0,26.0,23.5,26.0,13.0,13.0,4.174061810154526,0.971412803532009,0.08027041942604855,0.3425684930178129,-0.0651654324822125,0.971412803532009,0.08027041942604855,0.0,0.0,0.0,0.0,0.0,OK,
gradual_bias,all_only,factor_cov_lrt,1.0,1.0,budget_only,count,0.1,0.15,0.1,30,30,30,30,1.0,1.0,1.0,0.971412803532009,0.08027041942604855,22.566666666666666,0.5666666666666667,0.5666666666666667,0.0,0.6,0.13333333333333333,0.6,0.13333333333333333,0.03333333333333333,0.13333333333333333,0.13333333333333333,4.0,23.5,23.5,23.5,26.0,23.5,26.0,21.0,26.0,23.5,26.0,13.0,13.0,4.174061810154526,0.971412803532009,0.08027041942604855,0.3425684930178129,-0.0651654324822125,0.971412803532009,0.08027041942604855,0.0,0.0,0.0,0.0,0.0,OK,
gradual_bias,all_only,factor_cov_lrt,INFEASIBLE,0.25,budget_only,count,INFEASIBLE,INFEASIBLE,INFEASIBLE,INFEASIBLE,INFEASIBLE,INFEASIBLE,INFEASIBLE,INFEASIBLE,INFEASIBLE,INFEASIBLE,INFEASIBLE,INFEASIBLE,INFEASIBLE,INFEASIBLE,INFEASIBLE,INFEASIBLE,INFEASIBLE,INFEASIBLE,INFEASIBLE,INFEASIBLE,INFEASIBLE,INFEASIBLE,INFEASIBLE,,INFEASIBLE,INFEASIBLE,INFEASIBLE,INFEASIBLE,INFEASIBLE,INFEASIBLE,INFEASIBLE,INFEASIBLE,INFEASIBLE,INFEASIBLE,INFEASIBLE,INFEASIBLE,INFEASIBLE,INFEASIBLE,INFEASIBLE,INFEASIBLE,INFEASIBLE,INFEASIBLE,INFEASIBLE,INFEASIBLE,INFEASIBLE,INFEASIBLE,INFEASIBLE,INFEASIBLE,INFEASIBLE,no_trials_in_band
gradual_bias,all_only,factor_cov_lrt,INFEASIBLE,0.5,budget_only,count,INFEASIBLE,INFEASIBLE,INFEASIBLE,INFEASIBLE,INFEASIBLE,INFEASIBLE,INFEASIBLE,INFEASIBLE,INFEASIBLE,INFEASIBLE,INFEASIBLE,INFEASIBLE,INFEASIBLE,INFEASIBLE,INFEASIBLE,INFEASIBLE,INFEASIBLE,INFEASIBLE,INFEASIBLE,INFEASIBLE,INFEASIBLE,INFEASIBLE,INFEASIBLE,,INFEASIBLE,INFEASIBLE,INFEASIBLE,INFEASIBLE,INFEASIBLE,INFEASIBLE,INFEASIBLE,INFEASIBLE,INFEASIBLE,INFEASIBLE,INFEASIBLE,INFEASIBLE,INFEASIBLE,INFEASIBLE,INFEASIBLE,INFEASIBLE,INFEASIBLE,INFEASIBLE,INFEASIBLE,INFEASIBLE,INFEASIBLE,INFEASIBLE,INFEASIBLE,INFEASIBLE,INFEASIBLE,no_trials_in_band
gradual_bias,all_only,factor_cov_lrt,INFEASIBLE,0.75,budget_only,count,INFEASIBLE,INFEASIBLE,INFEASIBLE,INFEASIBLE,INFEASIBLE,INFEASIBLE,INFEASIBLE,INFEASIBLE,INFEASIBLE,INFEASIBLE,INFEASIBLE,INFEASIBLE,INFEASIBLE,INFEASIBLE,INFEASIBLE,INFEASIBLE,INFEASIBLE,INFEASIBLE,INFEASIBLE,INFEASIBLE,INFEASIBLE,INFEASIBLE,INFEASIBLE,,INFEASIBLE,INFEASIBLE,INFEASIBLE,INFEASIBLE,INFEASIBLE,INFEASIBLE,INFEASIBLE,INFEASIBLE,INFEASIBLE,INFEASIBLE,INFEASIBLE,INFEASIBLE,INFEASIBLE,INFEASIBLE,INFEASIBLE,INFEASIBLE,INFEASIBLE,INFEASIBLE,INFEASIBLE,INFEASIBLE,INFEASIBLE,INFEASIBLE,INFEASIBLE,INFEASIBLE,INFEASIBLE,no_trials_in_band
gradual_bias,all_only,factor_cov_lrt,INFEASIBLE,1.0,budget_only,count,INFEASIBLE,INFEASIBLE,INFEASIBLE,INFEASIBLE,INFEASIBLE,INFEASIBLE,INFEASIBLE,INFEASIBLE,INFEASIBLE,INFEASIBLE,INFEASIBLE,INFEASIBLE,INFEASIBLE,INFEASIBLE,INFEASIBLE,INFEASIBLE,INFEASIBLE,INFEASIBLE,INFEASIBLE,INFEASIBLE,INFEASIBLE,INFEASIBLE,INFEASIBLE,,INFEASIBLE,INFEASIBLE,INFEASIBLE,INFEASIBLE,INFEASIBLE,INFEASIBLE,INFEASIBLE,INFEASIBLE,INFEASIBLE,INFEASIBLE,INFEASIBLE,INFEASIBLE,INFEASIBLE,INFEASIBLE,INFEASIBLE,INFEASIBLE,INFEASIBLE,INFEASIBLE,INFEASIBLE,INFEASIBLE,INFEASIBLE,INFEASIBLE,INFEASIBLE,INFEASIBLE,INFEASIBLE,no_trials_in_band
gradual_bias,all_only,factor_cov_lrt_delta,1.0,0.25,budget_only,count,0.1,0.15,0.1,30,30,30,30,1.0,1.0,1.0,1.014459161147903,0.023509933774834436,23.566666666666666,0.4666666666666667,0.4666666666666667,0.0,0.4666666666666667,0.06666666666666667,0.4666666666666667,0.06666666666666667,0.0,0.06666666666666667,0.06666666666666667,4.0,26.0,26.0,26.0,26.0,26.0,26.0,26.0,26.0,26.0,26.0,14.0,14.0,1.2225165562913909,1.014459161147903,0.023509933774834436,0.0010359789696915745,0.042608561990901864,1.014459161147903,0.023509933774834436,0.0,0.0,0.0,0.0,0.0,OK,
gradual_bias,all_only,factor_cov_lrt_delta,1.0,0.5,budget_only,count,0.1,0.15,0.1,30,30,30,30,1.0,1.0,1.0,1.014459161147903,0.023509933774834436,23.566666666666666,0.4666666666666667,0.4666666666666667,0.0,0.4666666666666667,0.06666666666666667,0.4666666666666667,0.06666666666666667,0.0,0.06666666666666667,0.06666666666666667,4.0,26.0,26.0,26.0,26.0,26.0,26.0,26.0,26.0,26.0,26.0,14.0,14.0,1.2225165562913909,1.014459161147903,0.023509933774834436,0.0010359789696915745,0.042608561990901864,1.014459161147903,0.023509933774834436,0.0,0.0,0.0,0.0,0.0,OK,
gradual_bias,all_only,factor_cov_lrt_delta,1.0,0.75,budget_only,count,0.1,0.15,0.1,30,30,30,30,1.0,1.0,1.0,1.014459161147903,0.023509933774834436,23.566666666666666,0.4666666666666667,0.4666666666666667,0.0,0.4666666666666667,0.06666666666666667,0.4666666666666667,0.06666666666666667,0.0,0.06666666666666667,0.06666666666666667,4.0,26.0,26.0,26.0,26.0,26.0,26.0,26.0,26.0,26.0,26.0,14.0,14.0,1.2225165562913909,1.014459161147903,0.023509933774834436,0.0010359789696915745,0.042608561990901864,1.014459161147903,0.023509933774834436,0.0,0.0,0.0,0.0,0.0,OK,
gradual_bias,all_only,factor_cov_lrt_delta,1.0,1.0,budget_only,count,0.1,0.15,0.1,30,30,30,30,1.0,1.0,1.0,1.014459161147903,0.023509933774834436,23.566666666666666,0.4666666666666667,0.4666666666666667,0.0,0.4666666666666667,0.06666666666666667,0.4666666666666667,0.06666666666666667,0.0,0.06666666666666667,0.06666666666666667,4.0,26.0,26.0,26.0,26.0,26.0,26.0,26.0,26.0,26.0,26.0,14.0,14.0,1.2225165562913909,1.014459161147903,0.023509933774834436,0.0010359789696915745,0.042608561990901864,1.014459161147903,0.023509933774834436,0.0,0.0,0.0,0.0,0.0,OK,
gradual_bias,all_only,factor_cov_lrt_delta,INFEASIBLE,0.25,budget_only,count,INFEASIBLE,INFEASIBLE,INFEASIBLE,INFEASIBLE,INFEASIBLE,INFEASIBLE,INFEASIBLE,INFEASIBLE,INFEASIBLE,INFEASIBLE,INFEASIBLE,INFEASIBLE,INFEASIBLE,INFEASIBLE,INFEASIBLE,INFEASIBLE,INFEASIBLE,INFEASIBLE,INFEASIBLE,INFEASIBLE,INFEASIBLE,INFEASIBLE,INFEASIBLE,,INFEASIBLE,INFEASIBLE,INFEASIBLE,INFEASIBLE,INFEASIBLE,INFEASIBLE,INFEASIBLE,INFEASIBLE,INFEASIBLE,INFEASIBLE,INFEASIBLE,INFEASIBLE,INFEASIBLE,INFEASIBLE,INFEASIBLE,INFEASIBLE,INFEASIBLE,INFEASIBLE,INFEASIBLE,INFEASIBLE,INFEASIBLE,INFEASIBLE,INFEASIBLE,INFEASIBLE,INFEASIBLE,no_trials_in_band
gradual_bias,all_only,factor_cov_lrt_delta,INFEASIBLE,0.5,budget_only,count,INFEASIBLE,INFEASIBLE,INFEASIBLE,INFEASIBLE,INFEASIBLE,INFEASIBLE,INFEASIBLE,INFEASIBLE,INFEASIBLE,INFEASIBLE,INFEASIBLE,INFEASIBLE,INFEASIBLE,INFEASIBLE,INFEASIBLE,INFEASIBLE,INFEASIBLE,INFEASIBLE,INFEASIBLE,INFEASIBLE,INFEASIBLE,INFEASIBLE,INFEASIBLE,,INFEASIBLE,INFEASIBLE,INFEASIBLE,INFEASIBLE,INFEASIBLE,INFEASIBLE,INFEASIBLE,INFEASIBLE,INFEASIBLE,INFEASIBLE,INFEASIBLE,INFEASIBLE,INFEASIBLE,INFEASIBLE,INFEASIBLE,INFEASIBLE,INFEASIBLE,INFEASIBLE,INFEASIBLE,INFEASIBLE,INFEASIBLE,INFEASIBLE,INFEASIBLE,INFEASIBLE,INFEASIBLE,no_trials_in_band
gradual_bias,all_only,factor_cov_lrt_delta,INFEASIBLE,0.75,budget_only,count,INFEASIBLE,INFEASIBLE,INFEASIBLE,INFEASIBLE,INFEASIBLE,INFEASIBLE,INFEASIBLE,INFEASIBLE,INFEASIBLE,INFEASIBLE,INFEASIBLE,INFEASIBLE,INFEASIBLE,INFEASIBLE,INFEASIBLE,INFEASIBLE,INFEASIBLE,INFEASIBLE,INFEASIBLE,INFEASIBLE,INFEASIBLE,INFEASIBLE,INFEASIBLE,,INFEASIBLE,INFEASIBLE,INFEASIBLE,INFEASIBLE,INFEASIBLE,INFEASIBLE,INFEASIBLE,INFEASIBLE,INFEASIBLE,INFEASIBLE,INFEASIBLE,INFEASIBLE,INFEASIBLE,INFEASIBLE,INFEASIBLE,INFEASIBLE,INFEASIBLE,INFEASIBLE,INFEASIBLE,INFEASIBLE,INFEASIBLE,INFEASIBLE,INFEASIBLE,INFEASIBLE,INFEASIBLE,no_trials_in_band
gradual_bias,all_only,factor_cov_lrt_delta,INFEASIBLE,1.0,budget_only,count,INFEASIBLE,INFEASIBLE,INFEASIBLE,INFEASIBLE,INFEASIBLE,INFEASIBLE,INFEASIBLE,INFEASIBLE,INFEASIBLE,INFEASIBLE,INFEASIBLE,INFEASIBLE,INFEASIBLE,INFEASIBLE,INFEASIBLE,INFEASIBLE,INFEASIBLE,INFEASIBLE,INFEASIBLE,INFEASIBLE,INFEASIBLE,INFEASIBLE,INFEASIBLE,,INFEASIBLE,INFEASIBLE,INFEASIBLE,INFEASIBLE,INFEASIBLE,INFEASIBLE,INFEASIBLE,INFEASIBLE,INFEASIBLE,INFEASIBLE,INFEASIBLE,INFEASIBLE,INFEASIBLE,INFEASIBLE,INFEASIBLE,INFEASIBLE,INFEASIBLE,INFEASIBLE,INFEASIBLE,INFEASIBLE,INFEASIBLE,INFEASIBLE,INFEASIBLE,INFEASIBLE,INFEASIBLE,no_trials_in_band
gradual_bias,all_only,fused_fisher,1.0,0.25,budget_only,count,0.1,0.15,0.1,30,30,30,30,1.0,1.0,1.0,1.0158940397350993,0.027759381898454744,23.6,0.4,0.4,0.0,0.4,0.03333333333333333,0.4,0.03333333333333333,0.0,0.03333333333333333,0.03333333333333333,4.0,26.0,26.0,26.0,26.0,26.0,26.0,26.0,26.0,26.0,26.0,8.5,8.5,1.4434878587196471,1.0158940397350993,0.027759381898454744,0.028921137020793422,-0.13505730683536188,1.0158940397350993,0.027759381898454744,0.0,0.0,0.0,0.0,0.0,OK,
gradual_bias,all_only,fused_fisher,1.0,0.5,budget_only,count,0.1,0.15,0.1,30,30,30,30,1.0,1.0,1.0,1.0158940397350993,0.027759381898454744,23.6,0.4,0.4,0.0,0.4,0.03333333333333333,0.4,0.03333333333333333,0.0,0.03333333333333333,0.03333333333333333,4.0,26.0,26.0,26.0,26.0,26.0,26.0,26.0,26.0,26.0,26.0,8.5,8.5,1.4434878587196471,1.0158940397350993,0.027759381898454744,0.028921137020793422,-0.13505730683536188,1.0158940397350993,0.027759381898454744,0.0,0.0,0.0,0.0,0.0,OK,
gradual_bias,all_only,fused_fisher,1.0,0.75,budget_only,count,0.1,0.15,0.1,30,30,30,30,1.0,1.0,1.0,1.0158940397350993,0.027759381898454744,23.6,0.4,0.4,0.0,0.4,0.03333333333333333,0.4,0.03333333333333333,0.0,0.03333333333333333,0.03333333333333333,4.0,26.0,26.0,26.0,26.0,26.0,26.0,26.0,26.0,26.0,26.0,8.5,8.5,1.4434878587196471,1.0158940397350993,0.027759381898454744,0.028921137020793422,-0.13505730683536188,1.0158940397350993,0.027759381898454744,0.0,0.0,0.0,0.0,0.0,OK,
gradual_bias,all_only,fused_fisher,1.0,1.0,budget_only,count,0.1,0.15,0.1,30,30,30,30,1.0,1.0,1.0,1.0158940397350993,0.027759381898454744,23.6,0.4,0.4,0.0,0.4,0.03333333333333333,0.4,0.03333333333333333,0.0,0.03333333333333333,0.03333333333333333,4.0,26.0,26.0,26.0,26.0,26.0,26.0,26.0,26.0,26.0,26.0,8.5,8.5,1.4434878587196471,1.0158940397350993,0.027759381898454744,0.028921137020793422,-0.13505730683536188,1.0158940397350993,0.027759381898454744,0.0,0.0,0.0,0.0,0.0,OK,
gradual_bias,all_only,fused_fisher,INFEASIBLE,0.25,budget_only,count,INFEASIBLE,INFEASIBLE,INFEASIBLE,INFEASIBLE,INFEASIBLE,INFEASIBLE,INFEASIBLE,INFEASIBLE,INFEASIBLE,INFEASIBLE,INFEASIBLE,INFEASIBLE,INFEASIBLE,INFEASIBLE,INFEASIBLE,INFEASIBLE,INFEASIBLE,INFEASIBLE,INFEASIBLE,INFEASIBLE,INFEASIBLE,INFEASIBLE,INFEASIBLE,,INFEASIBLE,INFEASIBLE,INFEASIBLE,INFEASIBLE,INFEASIBLE,INFEASIBLE,INFEASIBLE,INFEASIBLE,INFEASIBLE,INFEASIBLE,INFEASIBLE,INFEASIBLE,INFEASIBLE,INFEASIBLE,INFEASIBLE,INFEASIBLE,INFEASIBLE,INFEASIBLE,INFEASIBLE,INFEASIBLE,INFEASIBLE,INFEASIBLE,INFEASIBLE,INFEASIBLE,INFEASIBLE,no_trials_in_band
gradual_bias,all_only,fused_fisher,INFEASIBLE,0.5,budget_only,count,INFEASIBLE,INFEASIBLE,INFEASIBLE,INFEASIBLE,INFEASIBLE,INFEASIBLE,INFEASIBLE,INFEASIBLE,INFEASIBLE,INFEASIBLE,INFEASIBLE,INFEASIBLE,INFEASIBLE,INFEASIBLE,INFEASIBLE,INFEASIBLE,INFEASIBLE,INFEASIBLE,INFEASIBLE,INFEASIBLE,INFEASIBLE,INFEASIBLE,INFEASIBLE,,INFEASIBLE,INFEASIBLE,INFEASIBLE,INFEASIBLE,INFEASIBLE,INFEASIBLE,INFEASIBLE,INFEASIBLE,INFEASIBLE,INFEASIBLE,INFEASIBLE,INFEASIBLE,INFEASIBLE,INFEASIBLE,INFEASIBLE,INFEASIBLE,INFEASIBLE,INFEASIBLE,INFEASIBLE,INFEASIBLE,INFEASIBLE,INFEASIBLE,INFEASIBLE,INFEASIBLE,INFEASIBLE,no_trials_in_band
gradual_bias,all_only,fused_fisher,INFEASIBLE,0.75,budget_only,count,INFEASIBLE,INFEASIBLE,INFEASIBLE,INFEASIBLE,INFEASIBLE,INFEASIBLE,INFEASIBLE,INFEASIBLE,INFEASIBLE,INFEASIBLE,INFEASIBLE,INFEASIBLE,INFEASIBLE,INFEASIBLE,INFEASIBLE,INFEASIBLE,INFEASIBLE,INFEASIBLE,INFEASIBLE,INFEASIBLE,INFEASIBLE,INFEASIBLE,INFEASIBLE,,INFEASIBLE,INFEASIBLE,INFEASIBLE,INFEASIBLE,INFEASIBLE,INFEASIBLE,INFEASIBLE,INFEASIBLE,INFEASIBLE,INFEASIBLE,INFEASIBLE,INFEASIBLE,INFEASIBLE,INFEASIBLE,INFEASIBLE,INFEASIBLE,INFEASIBLE,INFEASIBLE,INFEASIBLE,INFEASIBLE,INFEASIBLE,INFEASIBLE,INFEASIBLE,INFEASIBLE,INFEASIBLE,no_trials_in_band
gradual_bias,all_only,fused_fisher,INFEASIBLE,1.0,budget_only,count,INFEASIBLE,INFEASIBLE,INFEASIBLE,INFEASIBLE,INFEASIBLE,INFEASIBLE,INFEASIBLE,INFEASIBLE,INFEASIBLE,INFEASIBLE,INFEASIBLE,INFEASIBLE,INFEASIBLE,INFEASIBLE,INFEASIBLE,INFEASIBLE,INFEASIBLE,INFEASIBLE,INFEASIBLE,INFEASIBLE,INFEASIBLE,INFEASIBLE,INFEASIBLE,,INFEASIBLE,INFEASIBLE,INFEASIBLE,INFEASIBLE,INFEASIBLE,INFEASIBLE,INFEASIBLE,INFEASIBLE,INFEASIBLE,INFEASIBLE,INFEASIBLE,INFEASIBLE,INFEASIBLE,INFEASIBLE,INFEASIBLE,INFEASIBLE,INFEASIBLE,INFEASIBLE,INFEASIBLE,INFEASIBLE,INFEASIBLE,INFEASIBLE,INFEASIBLE,INFEASIBLE,INFEASIBLE,no_trials_in_band
gradual_bias,all_only,fused_fisher_lrt_delta,1.0,0.25,budget_only,count,0.1,0.15,0.1,30,30,30,30,1.0,1.0,1.0,1.0144591611479028,0.028421633554083878,23.566666666666666,0.43333333333333335,0.43333333333333335,0.0,0.43333333333333335,0.03333333333333333,0.43333333333333335,0.03333333333333333,0.0,0.03333333333333333,0.03333333333333333,4.0,26.0,26.0,26.0,26.0,26.0,26.0,26.0,26.0,26.0,26.0,8.0,8.0,1.4779249448123621,1.0144591611479028,0.028421633554083878,0.05114696188607205,-0.025157043257137465,1.0144591611479028,0.028421633554083878,0.0,0.0,0.0,0.0,0.0,OK,
gradual_bias,all_only,fused_fisher_lrt_delta,1.0,0.5,budget_only,count,0.1,0.15,0.1,30,30,30,30,1.0,1.0,1.0,1.0144591611479028,0.028421633554083878,23.566666666666666,0.43333333333333335,0.43333333333333335,0.0,0.43333333333333335,0.03333333333333333,0.43333333333333335,0.03333333333333333,0.0,0.03333333333333333,0.03333333333333333,4.0,26.0,26.0,26.0,26.0,26.0,26.0,26.0,26.0,26.0,26.0,8.0,8.0,1.4779249448123621,1.0144591611479028,0.028421633554083878,0.05114696188607205,-0.025157043257137465,1.0144591611479028,0.028421633554083878,0.0,0.0,0.0,0.0,0.0,OK,
gradual_bias,all_only,fused_fisher_lrt_delta,1.0,0.75,budget_only,count,0.1,0.15,0.1,30,30,30,30,1.0,1.0,1.0,1.0144591611479028,0.028421633554083878,23.566666666666666,0.43333333333333335,0.43333333333333335,0.0,0.43333333333333335,0.03333333333333333,0.43333333333333335,0.03333333333333333,0.0,0.03333333333333333,0.03333333333333333,4.0,26.0,26.0,26.0,26.0,26.0,26.0,26.0,26.0,26.0,26.0,8.0,8.0,1.4779249448123621,1.0144591611479028,0.028421633554083878,0.05114696188607205,-0.025157043257137465,1.0144591611479028,0.028421633554083878,0.0,0.0,0.0,0.0,0.0,OK,
gradual_bias,all_only,fused_fisher_lrt_delta,1.0,1.0,budget_only,count,0.1,0.15,0.1,30,30,30,30,1.0,1.0,1.0,1.0144591611479028,0.028421633554083878,23.566666666666666,0.43333333333333335,0.43333333333333335,0.0,0.43333333333333335,0.03333333333333333,0.43333333333333335,0.03333333333333333,0.0,0.03333333333333333,0.03333333333333333,4.0,26.0,26.0,26.0,26.0,26.0,26.0,26.0,26.0,26.0,26.0,8.0,8.0,1.4779249448123621,1.0144591611479028,0.028421633554083878,0.05114696188607205,-0.025157043257137465,1.0144591611479028,0.028421633554083878,0.0,0.0,0.0,0.0,0.0,OK,
gradual_bias,all_only,fused_fisher_lrt_delta,INFEASIBLE,0.25,budget_only,count,INFEASIBLE,INFEASIBLE,INFEASIBLE,INFEASIBLE,INFEASIBLE,INFEASIBLE,INFEASIBLE,INFEASIBLE,INFEASIBLE,INFEASIBLE,INFEASIBLE,INFEASIBLE,INFEASIBLE,INFEASIBLE,INFEASIBLE,INFEASIBLE,INFEASIBLE,INFEASIBLE,INFEASIBLE,INFEASIBLE,INFEASIBLE,INFEASIBLE,INFEASIBLE,,INFEASIBLE,INFEASIBLE,INFEASIBLE,INFEASIBLE,INFEASIBLE,INFEASIBLE,INFEASIBLE,INFEASIBLE,INFEASIBLE,INFEASIBLE,INFEASIBLE,INFEASIBLE,INFEASIBLE,INFEASIBLE,INFEASIBLE,INFEASIBLE,INFEASIBLE,INFEASIBLE,INFEASIBLE,INFEASIBLE,INFEASIBLE,INFEASIBLE,INFEASIBLE,INFEASIBLE,INFEASIBLE,no_trials_in_band
gradual_bias,all_only,fused_fisher_lrt_delta,INFEASIBLE,0.5,budget_only,count,INFEASIBLE,INFEASIBLE,INFEASIBLE,INFEASIBLE,INFEASIBLE,INFEASIBLE,INFEASIBLE,INFEASIBLE,INFEASIBLE,INFEASIBLE,INFEASIBLE,INFEASIBLE,INFEASIBLE,INFEASIBLE,INFEASIBLE,INFEASIBLE,INFEASIBLE,INFEASIBLE,INFEASIBLE,INFEASIBLE,INFEASIBLE,INFEASIBLE,INFEASIBLE,,INFEASIBLE,INFEASIBLE,INFEASIBLE,INFEASIBLE,INFEASIBLE,INFEASIBLE,INFEASIBLE,INFEASIBLE,INFEASIBLE,INFEASIBLE,INFEASIBLE,INFEASIBLE,INFEASIBLE,INFEASIBLE,INFEASIBLE,INFEASIBLE,INFEASIBLE,INFEASIBLE,INFEASIBLE,INFEASIBLE,INFEASIBLE,INFEASIBLE,INFEASIBLE,INFEASIBLE,INFEASIBLE,no_trials_in_band
gradual_bias,all_only,fused_fisher_lrt_delta,INFEASIBLE,0.75,budget_only,count,INFEASIBLE,INFEASIBLE,INFEASIBLE,INFEASIBLE,INFEASIBLE,INFEASIBLE,INFEASIBLE,INFEASIBLE,INFEASIBLE,INFEASIBLE,INFEASIBLE,INFEASIBLE,INFEASIBLE,INFEASIBLE,INFEASIBLE,INFEASIBLE,INFEASIBLE,INFEASIBLE,INFEASIBLE,INFEASIBLE,INFEASIBLE,INFEASIBLE,INFEASIBLE,,INFEASIBLE,INFEASIBLE,INFEASIBLE,INFEASIBLE,INFEASIBLE,INFEASIBLE,INFEASIBLE,INFEASIBLE,INFEASIBLE,INFEASIBLE,INFEASIBLE,INFEASIBLE,INFEASIBLE,INFEASIBLE,INFEASIBLE,INFEASIBLE,INFEASIBLE,INFEASIBLE,INFEASIBLE,INFEASIBLE,INFEASIBLE,INFEASIBLE,INFEASIBLE,INFEASIBLE,INFEASIBLE,no_trials_in_band
gradual_bias,all_only,fused_fisher_lrt_delta,INFEASIBLE,1.0,budget_only,count,INFEASIBLE,INFEASIBLE,INFEASIBLE,INFEASIBLE,INFEASIBLE,INFEASIBLE,INFEASIBLE,INFEASIBLE,INFEASIBLE,INFEASIBLE,INFEASIBLE,INFEASIBLE,INFEASIBLE,INFEASIBLE,INFEASIBLE,INFEASIBLE,INFEASIBLE,INFEASIBLE,INFEASIBLE,INFEASIBLE,INFEASIBLE,INFEASIBLE,INFEASIBLE,,INFEASIBLE,INFEASIBLE,INFEASIBLE,INFEASIBLE,INFEASIBLE,INFEASIBLE,INFEASIBLE,INFEASIBLE,INFEASIBLE,INFEASIBLE,INFEASIBLE,INFEASIBLE,INFEASIBLE,INFEASIBLE,INFEASIBLE,INFEASIBLE,INFEASIBLE,INFEASIBLE,INFEASIBLE,INFEASIBLE,INFEASIBLE,INFEASIBLE,INFEASIBLE,INFEASIBLE,INFEASIBLE,no_trials_in_band
gradual_bias,all_only,fused_sp,INFEASIBLE,0.25,budget_only,count,INFEASIBLE,INFEASIBLE,INFEASIBLE,INFEASIBLE,INFEASIBLE,INFEASIBLE,INFEASIBLE,INFEASIBLE,INFEASIBLE,INFEASIBLE,INFEASIBLE,INFEASIBLE,INFEASIBLE,INFEASIBLE,INFEASIBLE,INFEASIBLE,INFEASIBLE,INFEASIBLE,INFEASIBLE,INFEASIBLE,INFEASIBLE,INFEASIBLE,INFEASIBLE,,INFEASIBLE,INFEASIBLE,INFEASIBLE,INFEASIBLE,INFEASIBLE,INFEASIBLE,INFEASIBLE,INFEASIBLE,INFEASIBLE,INFEASIBLE,INFEASIBLE,INFEASIBLE,INFEASIBLE,INFEASIBLE,INFEASIBLE,INFEASIBLE,INFEASIBLE,INFEASIBLE,INFEASIBLE,INFEASIBLE,INFEASIBLE,INFEASIBLE,INFEASIBLE,INFEASIBLE,INFEASIBLE,no_trials_in_band
gradual_bias,all_only,fused_sp,INFEASIBLE,0.5,budget_only,count,INFEASIBLE,INFEASIBLE,INFEASIBLE,INFEASIBLE,INFEASIBLE,INFEASIBLE,INFEASIBLE,INFEASIBLE,INFEASIBLE,INFEASIBLE,INFEASIBLE,INFEASIBLE,INFEASIBLE,INFEASIBLE,INFEASIBLE,INFEASIBLE,INFEASIBLE,INFEASIBLE,INFEASIBLE,INFEASIBLE,INFEASIBLE,INFEASIBLE,INFEASIBLE,,INFEASIBLE,INFEASIBLE,INFEASIBLE,INFEASIBLE,INFEASIBLE,INFEASIBLE,INFEASIBLE,INFEASIBLE,INFEASIBLE,INFEASIBLE,INFEASIBLE,INFEASIBLE,INFEASIBLE,INFEASIBLE,INFEASIBLE,INFEASIBLE,INFEASIBLE,INFEASIBLE,INFEASIBLE,INFEASIBLE,INFEASIBLE,INFEASIBLE,INFEASIBLE,INFEASIBLE,INFEASIBLE,no_trials_in_band
gradual_bias,all_only,fused_sp,INFEASIBLE,0.75,budget_only,count,INFEASIBLE,INFEASIBLE,INFEASIBLE,INFEASIBLE,INFEASIBLE,INFEASIBLE,INFEASIBLE,INFEASIBLE,INFEASIBLE,INFEASIBLE,INFEASIBLE,INFEASIBLE,INFEASIBLE,INFEASIBLE,INFEASIBLE,INFEASIBLE,INFEASIBLE,INFEASIBLE,INFEASIBLE,INFEASIBLE,INFEASIBLE,INFEASIBLE,INFEASIBLE,,INFEASIBLE,INFEASIBLE,INFEASIBLE,INFEASIBLE,INFEASIBLE,INFEASIBLE,INFEASIBLE,INFEASIBLE,INFEASIBLE,INFEASIBLE,INFEASIBLE,INFEASIBLE,INFEASIBLE,INFEASIBLE,INFEASIBLE,INFEASIBLE,INFEASIBLE,INFEASIBLE,INFEASIBLE,INFEASIBLE,INFEASIBLE,INFEASIBLE,INFEASIBLE,INFEASIBLE,INFEASIBLE,no_trials_in_band
gradual_bias,all_only,fused_sp,INFEASIBLE,1.0,budget_only,count,INFEASIBLE,INFEASIBLE,INFEASIBLE,INFEASIBLE,INFEASIBLE,INFEASIBLE,INFEASIBLE,INFEASIBLE,INFEASIBLE,INFEASIBLE,INFEASIBLE,INFEASIBLE,INFEASIBLE,INFEASIBLE,INFEASIBLE,INFEASIBLE,INFEASIBLE,INFEASIBLE,INFEASIBLE,INFEASIBLE,INFEASIBLE,INFEASIBLE,INFEASIBLE,,INFEASIBLE,INFEASIBLE,INFEASIBLE,INFEASIBLE,INFEASIBLE,INFEASIBLE,INFEASIBLE,INFEASIBLE,INFEASIBLE,INFEASIBLE,INFEASIBLE,INFEASIBLE,INFEASIBLE,INFEASIBLE,INFEASIBLE,INFEASIBLE,INFEASIBLE,INFEASIBLE,INFEASIBLE,INFEASIBLE,INFEASIBLE,INFEASIBLE,INFEASIBLE,INFEASIBLE,INFEASIBLE,no_trials_in_band
gradual_bias,all_only,fused_sp,INFEASIBLE,0.25,budget_only,count,INFEASIBLE,INFEASIBLE,INFEASIBLE,INFEASIBLE,INFEASIBLE,INFEASIBLE,INFEASIBLE,INFEASIBLE,INFEASIBLE,INFEASIBLE,INFEASIBLE,INFEASIBLE,INFEASIBLE,INFEASIBLE,INFEASIBLE,INFEASIBLE,INFEASIBLE,INFEASIBLE,INFEASIBLE,INFEASIBLE,INFEASIBLE,INFEASIBLE,INFEASIBLE,,INFEASIBLE,INFEASIBLE,INFEASIBLE,INFEASIBLE,INFEASIBLE,INFEASIBLE,INFEASIBLE,INFEASIBLE,INFEASIBLE,INFEASIBLE,INFEASIBLE,INFEASIBLE,INFEASIBLE,INFEASIBLE,INFEASIBLE,INFEASIBLE,INFEASIBLE,INFEASIBLE,INFEASIBLE,INFEASIBLE,INFEASIBLE,INFEASIBLE,INFEASIBLE,INFEASIBLE,INFEASIBLE,no_trials_in_band
gradual_bias,all_only,fused_sp,INFEASIBLE,0.5,budget_only,count,INFEASIBLE,INFEASIBLE,INFEASIBLE,INFEASIBLE,INFEASIBLE,INFEASIBLE,INFEASIBLE,INFEASIBLE,INFEASIBLE,INFEASIBLE,INFEASIBLE,INFEASIBLE,INFEASIBLE,INFEASIBLE,INFEASIBLE,INFEASIBLE,INFEASIBLE,INFEASIBLE,INFEASIBLE,INFEASIBLE,INFEASIBLE,INFEASIBLE,INFEASIBLE,,INFEASIBLE,INFEASIBLE,INFEASIBLE,INFEASIBLE,INFEASIBLE,INFEASIBLE,INFEASIBLE,INFEASIBLE,INFEASIBLE,INFEASIBLE,INFEASIBLE,INFEASIBLE,INFEASIBLE,INFEASIBLE,INFEASIBLE,INFEASIBLE,INFEASIBLE,INFEASIBLE,INFEASIBLE,INFEASIBLE,INFEASIBLE,INFEASIBLE,INFEASIBLE,INFEASIBLE,INFEASIBLE,no_trials_in_band
gradual_bias,all_only,fused_sp,INFEASIBLE,0.75,budget_only,count,INFEASIBLE,INFEASIBLE,INFEASIBLE,INFEASIBLE,INFEASIBLE,INFEASIBLE,INFEASIBLE,INFEASIBLE,INFEASIBLE,INFEASIBLE,INFEASIBLE,INFEASIBLE,INFEASIBLE,INFEASIBLE,INFEASIBLE,INFEASIBLE,INFEASIBLE,INFEASIBLE,INFEASIBLE,INFEASIBLE,INFEASIBLE,INFEASIBLE,INFEASIBLE,,INFEASIBLE,INFEASIBLE,INFEASIBLE,INFEASIBLE,INFEASIBLE,INFEASIBLE,INFEASIBLE,INFEASIBLE,INFEASIBLE,INFEASIBLE,INFEASIBLE,INFEASIBLE,INFEASIBLE,INFEASIBLE,INFEASIBLE,INFEASIBLE,INFEASIBLE,INFEASIBLE,INFEASIBLE,INFEASIBLE,INFEASIBLE,INFEASIBLE,INFEASIBLE,INFEASIBLE,INFEASIBLE,no_trials_in_band
gradual_bias,all_only,fused_sp,INFEASIBLE,1.0,budget_only,count,INFEASIBLE,INFEASIBLE,INFEASIBLE,INFEASIBLE,INFEASIBLE,INFEASIBLE,INFEASIBLE,INFEASIBLE,INFEASIBLE,INFEASIBLE,INFEASIBLE,INFEASIBLE,INFEASIBLE,INFEASIBLE,INFEASIBLE,INFEASIBLE,INFEASIBLE,INFEASIBLE,INFEASIBLE,INFEASIBLE,INFEASIBLE,INFEASIBLE,INFEASIBLE,,INFEASIBLE,INFEASIBLE,INFEASIBLE,INFEASIBLE,INFEASIBLE,INFEASIBLE,INFEASIBLE,INFEASIBLE,INFEASIBLE,INFEASIBLE,INFEASIBLE,INFEASIBLE,INFEASIBLE,INFEASIBLE,INFEASIBLE,INFEASIBLE,INFEASIBLE,INFEASIBLE,INFEASIBLE,INFEASIBLE,INFEASIBLE,INFEASIBLE,INFEASIBLE,INFEASIBLE,INFEASIBLE,no_trials_in_band
gradual_bias,all_only,fused_sp_lrt_delta,1.0,0.25,budget_only,count,0.1,0.15,0.1,30,30,30,30,1.0,1.0,1.0,0.9714128035320091,0.018681015452538634,22.566666666666666,0.43333333333333335,0.43333333333333335,0.0,0.43333333333333335,0.03333333333333333,0.43333333333333335,0.03333333333333333,0.0,0.03333333333333333,0.03333333333333333,4.0,26.0,26.0,26.0,26.0,26.0,26.0,26.0,26.0,26.0,26.0,15.0,15.0,0.9714128035320091,0.9714128035320091,0.018681015452538634,0.0010359789696915745,0.0,0.9714128035320091,0.018681015452538634,0.0,0.0,0.0,0.0,0.0,OK,
gradual_bias,all_only,fused_sp_lrt_delta,1.0,0.5,budget_only,count,0.1,0.15,0.1,30,30,30,30,1.0,1.0,1.0,0.9714128035320091,0.018681015452538634,22.566666666666666,0.43333333333333335,0.43333333333333335,0.0,0.43333333333333335,0.03333333333333333,0.43333333333333335,0.03333333333333333,0.0,0.03333333333333333,0.03333333333333333,4.0,26.0,26.0,26.0,26.0,26.0,26.0,26.0,26.0,26.0,26.0,15.0,15.0,0.9714128035320091,0.9714128035320091,0.018681015452538634,0.0010359789696915745,0.0,0.9714128035320091,0.018681015452538634,0.0,0.0,0.0,0.0,0.0,OK,
gradual_bias,all_only,fused_sp_lrt_delta,1.0,0.75,budget_only,count,0.1,0.15,0.1,30,30,30,30,1.0,1.0,1.0,0.9714128035320091,0.018681015452538634,22.566666666666666,0.43333333333333335,0.43333333333333335,0.0,0.43333333333333335,0.03333333333333333,0.43333333333333335,0.03333333333333333,0.0,0.03333333333333333,0.03333333333333333,4.0,26.0,26.0,26.0,26.0,26.0,26.0,26.0,26.0,26.0,26.0,15.0,15.0,0.9714128035320091,0.9714128035320091,0.018681015452538634,0.0010359789696915745,0.0,0.9714128035320091,0.018681015452538634,0.0,0.0,0.0,0.0,0.0,OK,
gradual_bias,all_only,fused_sp_lrt_delta,1.0,1.0,budget_only,count,0.1,0.15,0.1,30,30,30,30,1.0,1.0,1.0,0.9714128035320091,0.018681015452538634,22.566666666666666,0.43333333333333335,0.43333333333333335,0.0,0.43333333333333335,0.03333333333333333,0.43333333333333335,0.03333333333333333,0.0,0.03333333333333333,0.03333333333333333,4.0,26.0,26.0,26.0,26.0,26.0,26.0,26.0,26.0,26.0,26.0,15.0,15.0,0.9714128035320091,0.9714128035320091,0.018681015452538634,0.0010359789696915745,0.0,0.9714128035320091,0.018681015452538634,0.0,0.0,0.0,0.0,0.0,OK,
gradual_bias,all_only,fused_sp_lrt_delta,INFEASIBLE,0.25,budget_only,count,INFEASIBLE,INFEASIBLE,INFEASIBLE,INFEASIBLE,INFEASIBLE,INFEASIBLE,INFEASIBLE,INFEASIBLE,INFEASIBLE,INFEASIBLE,INFEASIBLE,INFEASIBLE,INFEASIBLE,INFEASIBLE,INFEASIBLE,INFEASIBLE,INFEASIBLE,INFEASIBLE,INFEASIBLE,INFEASIBLE,INFEASIBLE,INFEASIBLE,INFEASIBLE,,INFEASIBLE,INFEASIBLE,INFEASIBLE,INFEASIBLE,INFEASIBLE,INFEASIBLE,INFEASIBLE,INFEASIBLE,INFEASIBLE,INFEASIBLE,INFEASIBLE,INFEASIBLE,INFEASIBLE,INFEASIBLE,INFEASIBLE,INFEASIBLE,INFEASIBLE,INFEASIBLE,INFEASIBLE,INFEASIBLE,INFEASIBLE,INFEASIBLE,INFEASIBLE,INFEASIBLE,INFEASIBLE,no_trials_in_band
gradual_bias,all_only,fused_sp_lrt_delta,INFEASIBLE,0.5,budget_only,count,INFEASIBLE,INFEASIBLE,INFEASIBLE,INFEASIBLE,INFEASIBLE,INFEASIBLE,INFEASIBLE,INFEASIBLE,INFEASIBLE,INFEASIBLE,INFEASIBLE,INFEASIBLE,INFEASIBLE,INFEASIBLE,INFEASIBLE,INFEASIBLE,INFEASIBLE,INFEASIBLE,INFEASIBLE,INFEASIBLE,INFEASIBLE,INFEASIBLE,INFEASIBLE,,INFEASIBLE,INFEASIBLE,INFEASIBLE,INFEASIBLE,INFEASIBLE,INFEASIBLE,INFEASIBLE,INFEASIBLE,INFEASIBLE,INFEASIBLE,INFEASIBLE,INFEASIBLE,INFEASIBLE,INFEASIBLE,INFEASIBLE,INFEASIBLE,INFEASIBLE,INFEASIBLE,INFEASIBLE,INFEASIBLE,INFEASIBLE,INFEASIBLE,INFEASIBLE,INFEASIBLE,INFEASIBLE,no_trials_in_band
gradual_bias,all_only,fused_sp_lrt_delta,INFEASIBLE,0.75,budget_only,count,INFEASIBLE,INFEASIBLE,INFEASIBLE,INFEASIBLE,INFEASIBLE,INFEASIBLE,INFEASIBLE,INFEASIBLE,INFEASIBLE,INFEASIBLE,INFEASIBLE,INFEASIBLE,INFEASIBLE,INFEASIBLE,INFEASIBLE,INFEASIBLE,INFEASIBLE,INFEASIBLE,INFEASIBLE,INFEASIBLE,INFEASIBLE,INFEASIBLE,INFEASIBLE,,INFEASIBLE,INFEASIBLE,INFEASIBLE,INFEASIBLE,INFEASIBLE,INFEASIBLE,INFEASIBLE,INFEASIBLE,INFEASIBLE,INFEASIBLE,INFEASIBLE,INFEASIBLE,INFEASIBLE,INFEASIBLE,INFEASIBLE,INFEASIBLE,INFEASIBLE,INFEASIBLE,INFEASIBLE,INFEASIBLE,INFEASIBLE,INFEASIBLE,INFEASIBLE,INFEASIBLE,INFEASIBLE,no_trials_in_band
gradual_bias,all_only,fused_sp_lrt_delta,INFEASIBLE,1.0,budget_only,count,INFEASIBLE,INFEASIBLE,INFEASIBLE,INFEASIBLE,INFEASIBLE,INFEASIBLE,INFEASIBLE,INFEASIBLE,INFEASIBLE,INFEASIBLE,INFEASIBLE,INFEASIBLE,INFEASIBLE,INFEASIBLE,INFEASIBLE,INFEASIBLE,INFEASIBLE,INFEASIBLE,INFEASIBLE,INFEASIBLE,INFEASIBLE,INFEASIBLE,INFEASIBLE,,INFEASIBLE,INFEASIBLE,INFEASIBLE,INFEASIBLE,INFEASIBLE,INFEASIBLE,INFEASIBLE,INFEASIBLE,INFEASIBLE,INFEASIBLE,INFEASIBLE,INFEASIBLE,INFEASIBLE,INFEASIBLE,INFEASIBLE,INFEASIBLE,INFEASIBLE,INFEASIBLE,INFEASIBLE,INFEASIBLE,INFEASIBLE,INFEASIBLE,INFEASIBLE,INFEASIBLE,INFEASIBLE,no_trials_in_band
gradual_bias,all_only,max_abs,1.0,0.25,budget_only,count,0.1,0.15,0.1,30,30,30,30,1.0,1.0,1.0,0.9298013245033114,0.01788079470198675,21.6,0.4,0.4,0.0,0.4,0.03333333333333333,0.4,0.03333333333333333,0.0,0.03333333333333333,0.03333333333333333,4.0,26.0,26.0,26.0,26.0,26.0,26.0,26.0,26.0,26.0,26.0,10.5,10.5,0.9298013245033114,0.9298013245033114,0.01788079470198675,0.020294593204858803,0.0,0.9298013245033114,0.01788079470198675,0.0,0.0,0.0,0.0,0.0,OK,
gradual_bias,all_only,max_abs,1.0,0.5,budget_only,count,0.1,0.15,0.1,30,30,30,30,1.0,1.0,1.0,0.9298013245033114,0.01788079470198675,21.6,0.4,0.4,0.0,0.4,0.03333333333333333,0.4,0.03333333333333333,0.0,0.03333333333333333,0.03333333333333333,4.0,26.0,26.0,26.0,26.0,26.0,26.0,26.0,26.0,26.0,26.0,10.5,10.5,0.9298013245033114,0.9298013245033114,0.01788079470198675,0.020294593204858803,0.0,0.9298013245033114,0.01788079470198675,0.0,0.0,0.0,0.0,0.0,OK,
gradual_bias,all_only,max_abs,1.0,0.75,budget_only,count,0.1,0.15,0.1,30,30,30,30,1.0,1.0,1.0,0.9298013245033114,0.01788079470198675,21.6,0.4,0.4,0.0,0.4,0.03333333333333333,0.4,0.03333333333333333,0.0,0.03333333333333333,0.03333333333333333,4.0,26.0,26.0,26.0,26.0,26.0,26.0,26.0,26.0,26.0,26.0,10.5,10.5,0.9298013245033114,0.9298013245033114,0.01788079470198675,0.020294593204858803,0.0,0.9298013245033114,0.01788079470198675,0.0,0.0,0.0,0.0,0.0,OK,
gradual_bias,all_only,max_abs,1.0,1.0,budget_only,count,0.1,0.15,0.1,30,30,30,30,1.0,1.0,1.0,0.9298013245033114,0.01788079470198675,21.6,0.4,0.4,0.0,0.4,0.03333333333333333,0.4,0.03333333333333333,0.0,0.03333333333333333,0.03333333333333333,4.0,26.0,26.0,26.0,26.0,26.0,26.0,26.0,26.0,26.0,26.0,10.5,10.5,0.9298013245033114,0.9298013245033114,0.01788079470198675,0.020294593204858803,0.0,0.9298013245033114,0.01788079470198675,0.0,0.0,0.0,0.0,0.0,OK,
gradual_bias,all_only,max_abs,INFEASIBLE,0.25,budget_only,count,INFEASIBLE,INFEASIBLE,INFEASIBLE,INFEASIBLE,INFEASIBLE,INFEASIBLE,INFEASIBLE,INFEASIBLE,INFEASIBLE,INFEASIBLE,INFEASIBLE,INFEASIBLE,INFEASIBLE,INFEASIBLE,INFEASIBLE,INFEASIBLE,INFEASIBLE,INFEASIBLE,INFEASIBLE,INFEASIBLE,INFEASIBLE,INFEASIBLE,INFEASIBLE,,INFEASIBLE,INFEASIBLE,INFEASIBLE,INFEASIBLE,INFEASIBLE,INFEASIBLE,INFEASIBLE,INFEASIBLE,INFEASIBLE,INFEASIBLE,INFEASIBLE,INFEASIBLE,INFEASIBLE,INFEASIBLE,INFEASIBLE,INFEASIBLE,INFEASIBLE,INFEASIBLE,INFEASIBLE,INFEASIBLE,INFEASIBLE,INFEASIBLE,INFEASIBLE,INFEASIBLE,INFEASIBLE,no_trials_in_band
gradual_bias,all_only,max_abs,INFEASIBLE,0.5,budget_only,count,INFEASIBLE,INFEASIBLE,INFEASIBLE,INFEASIBLE,INFEASIBLE,INFEASIBLE,INFEASIBLE,INFEASIBLE,INFEASIBLE,INFEASIBLE,INFEASIBLE,INFEASIBLE,INFEASIBLE,INFEASIBLE,INFEASIBLE,INFEASIBLE,INFEASIBLE,INFEASIBLE,INFEASIBLE,INFEASIBLE,INFEASIBLE,INFEASIBLE,INFEASIBLE,,INFEASIBLE,INFEASIBLE,INFEASIBLE,INFEASIBLE,INFEASIBLE,INFEASIBLE,INFEASIBLE,INFEASIBLE,INFEASIBLE,INFEASIBLE,INFEASIBLE,INFEASIBLE,INFEASIBLE,INFEASIBLE,INFEASIBLE,INFEASIBLE,INFEASIBLE,INFEASIBLE,INFEASIBLE,INFEASIBLE,INFEASIBLE,INFEASIBLE,INFEASIBLE,INFEASIBLE,INFEASIBLE,no_trials_in_band
gradual_bias,all_only,max_abs,INFEASIBLE,0.75,budget_only,count,INFEASIBLE,INFEASIBLE,INFEASIBLE,INFEASIBLE,INFEASIBLE,INFEASIBLE,INFEASIBLE,INFEASIBLE,INFEASIBLE,INFEASIBLE,INFEASIBLE,INFEASIBLE,INFEASIBLE,INFEASIBLE,INFEASIBLE,INFEASIBLE,INFEASIBLE,INFEASIBLE,INFEASIBLE,INFEASIBLE,INFEASIBLE,INFEASIBLE,INFEASIBLE,,INFEASIBLE,INFEASIBLE,INFEASIBLE,INFEASIBLE,INFEASIBLE,INFEASIBLE,INFEASIBLE,INFEASIBLE,INFEASIBLE,INFEASIBLE,INFEASIBLE,INFEASIBLE,INFEASIBLE,INFEASIBLE,INFEASIBLE,INFEASIBLE,INFEASIBLE,INFEASIBLE,INFEASIBLE,INFEASIBLE,INFEASIBLE,INFEASIBLE,INFEASIBLE,INFEASIBLE,INFEASIBLE,no_trials_in_band
gradual_bias,all_only,max_abs,INFEASIBLE,1.0,budget_only,count,INFEASIBLE,INFEASIBLE,INFEASIBLE,INFEASIBLE,INFEASIBLE,INFEASIBLE,INFEASIBLE,INFEASIBLE,INFEASIBLE,INFEASIBLE,INFEASIBLE,INFEASIBLE,INFEASIBLE,INFEASIBLE,INFEASIBLE,INFEASIBLE,INFEASIBLE,INFEASIBLE,INFEASIBLE,INFEASIBLE,INFEASIBLE,INFEASIBLE,INFEASIBLE,,INFEASIBLE,INFEASIBLE,INFEASIBLE,INFEASIBLE,INFEASIBLE,INFEASIBLE,INFEASIBLE,INFEASIBLE,INFEASIBLE,INFEASIBLE,INFEASIBLE,INFEASIBLE,INFEASIBLE,INFEASIBLE,INFEASIBLE,INFEASIBLE,INFEASIBLE,INFEASIBLE,INFEASIBLE,INFEASIBLE,INFEASIBLE,INFEASIBLE,INFEASIBLE,INFEASIBLE,INFEASIBLE,no_trials_in_band
gradual_bias,all_only,pc_t2,1.0,0.25,budget_only,count,0.1,0.15,0.1,30,30,30,30,1.0,1.0,1.0,0.9240618101545254,0.020115894039735096,21.466666666666665,0.5333333333333333,0.5333333333333333,0.0,0.5333333333333333,0.1,0.5333333333333333,0.1,0.0,0.1,0.1,4.0,21.5,21.5,21.5,26.0,21.5,26.0,21.5,26.0,21.5,26.0,8.5,8.5,1.0460264900662253,0.9240618101545254,0.020115894039735096,0.013074472449781053,0.0,0.9240618101545254,0.020115894039735096,0.0,0.0,0.0,0.0,0.0,OK,
gradual_bias,all_only,pc_t2,1.0,0.5,budget_only,count,0.1,0.15,0.1,30,30,30,30,1.0,1.0,1.0,0.9240618101545254,0.020115894039735096,21.466666666666665,0.5333333333333333,0.5333333333333333,0.0,0.5333333333333333,0.1,0.5333333333333333,0.1,0.0,0.1,0.1,4.0,21.5,21.5,21.5,26.0,21.5,26.0,21.5,26.0,21.5,26.0,8.5,8.5,1.0460264900662253,0.9240618101545254,0.020115894039735096,0.013074472449781053,0.0,0.9240618101545254,0.020115894039735096,0.0,0.0,0.0,0.0,0.0,OK,
gradual_bias,all_only,pc_t2,1.0,0.75,budget_only,count,0.1,0.15,0.1,30,30,30,30,1.0,1.0,1.0,0.9240618101545254,0.020115894039735096,21.466666666666665,0.5333333333333333,0.5333333333333333,0.0,0.5333333333333333,0.1,0.5333333333333333,0.1,0.0,0.1,0.1,4.0,21.5,21.5,21.5,26.0,21.5,26.0,21.5,26.0,21.5,26.0,8.5,8.5,1.0460264900662253,0.9240618101545254,0.020115894039735096,0.013074472449781053,0.0,0.9240618101545254,0.020115894039735096,0.0,0.0,0.0,0.0,0.0,OK,
gradual_bias,all_only,pc_t2,1.0,1.0,budget_only,count,0.1,0.15,0.1,30,30,30,30,1.0,1.0,1.0,0.9240618101545254,0.020115894039735096,21.466666666666665,0.5333333333333333,0.5333333333333333,0.0,0.5333333333333333,0.1,0.5333333333333333,0.1,0.0,0.1,0.1,4.0,21.5,21.5,21.5,26.0,21.5,26.0,21.5,26.0,21.5,26.0,8.5,8.5,1.0460264900662253,0.9240618101545254,0.020115894039735096,0.013074472449781053,0.0,0.9240618101545254,0.020115894039735096,0.0,0.0,0.0,0.0,0.0,OK,
gradual_bias,all_only,pc_t2,INFEASIBLE,0.25,budget_only,count,INFEASIBLE,INFEASIBLE,INFEASIBLE,INFEASIBLE,INFEASIBLE,INFEASIBLE,INFEASIBLE,INFEASIBLE,INFEASIBLE,INFEASIBLE,INFEASIBLE,INFEASIBLE,INFEASIBLE,INFEASIBLE,INFEASIBLE,INFEASIBLE,INFEASIBLE,INFEASIBLE,INFEASIBLE,INFEASIBLE,INFEASIBLE,INFEASIBLE,INFEASIBLE,,INFEASIBLE,INFEASIBLE,INFEASIBLE,INFEASIBLE,INFEASIBLE,INFEASIBLE,INFEASIBLE,INFEASIBLE,INFEASIBLE,INFEASIBLE,INFEASIBLE,INFEASIBLE,INFEASIBLE,INFEASIBLE,INFEASIBLE,INFEASIBLE,INFEASIBLE,INFEASIBLE,INFEASIBLE,INFEASIBLE,INFEASIBLE,INFEASIBLE,INFEASIBLE,INFEASIBLE,INFEASIBLE,no_trials_in_band
gradual_bias,all_only,pc_t2,INFEASIBLE,0.5,budget_only,count,INFEASIBLE,INFEASIBLE,INFEASIBLE,INFEASIBLE,INFEASIBLE,INFEASIBLE,INFEASIBLE,INFEASIBLE,INFEASIBLE,INFEASIBLE,INFEASIBLE,INFEASIBLE,INFEASIBLE,INFEASIBLE,INFEASIBLE,INFEASIBLE,INFEASIBLE,INFEASIBLE,INFEASIBLE,INFEASIBLE,INFEASIBLE,INFEASIBLE,INFEASIBLE,,INFEASIBLE,INFEASIBLE,INFEASIBLE,INFEASIBLE,INFEASIBLE,INFEASIBLE,INFEASIBLE,INFEASIBLE,INFEASIBLE,INFEASIBLE,INFEASIBLE,INFEASIBLE,INFEASIBLE,INFEASIBLE,INFEASIBLE,INFEASIBLE,INFEASIBLE,INFEASIBLE,INFEASIBLE,INFEASIBLE,INFEASIBLE,INFEASIBLE,INFEASIBLE,INFEASIBLE,INFEASIBLE,no_trials_in_band
gradual_bias,all_only,pc_t2,INFEASIBLE,0.75,budget_only,count,INFEASIBLE,INFEASIBLE,INFEASIBLE,INFEASIBLE,INFEASIBLE,INFEASIBLE,INFEASIBLE,INFEASIBLE,INFEASIBLE,INFEASIBLE,INFEASIBLE,INFEASIBLE,INFEASIBLE,INFEASIBLE,INFEASIBLE,INFEASIBLE,INFEASIBLE,INFEASIBLE,INFEASIBLE,INFEASIBLE,INFEASIBLE,INFEASIBLE,INFEASIBLE,,INFEASIBLE,INFEASIBLE,INFEASIBLE,INFEASIBLE,INFEASIBLE,INFEASIBLE,INFEASIBLE,INFEASIBLE,INFEASIBLE,INFEASIBLE,INFEASIBLE,INFEASIBLE,INFEASIBLE,INFEASIBLE,INFEASIBLE,INFEASIBLE,INFEASIBLE,INFEASIBLE,INFEASIBLE,INFEASIBLE,INFEASIBLE,INFEASIBLE,INFEASIBLE,INFEASIBLE,INFEASIBLE,no_trials_in_band
gradual_bias,all_only,pc_t2,INFEASIBLE,1.0,budget_only,count,INFEASIBLE,INFEASIBLE,INFEASIBLE,INFEASIBLE,INFEASIBLE,INFEASIBLE,INFEASIBLE,INFEASIBLE,INFEASIBLE,INFEASIBLE,INFEASIBLE,INFEASIBLE,INFEASIBLE,INFEASIBLE,INFEASIBLE,INFEASIBLE,INFEASIBLE,INFEASIBLE,INFEASIBLE,INFEASIBLE,INFEASIBLE,INFEASIBLE,INFEASIBLE,,INFEASIBLE,INFEASIBLE,INFEASIBLE,INFEASIBLE,INFEASIBLE,INFEASIBLE,INFEASIBLE,INFEASIBLE,INFEASIBLE,INFEASIBLE,INFEASIBLE,INFEASIBLE,INFEASIBLE,INFEASIBLE,INFEASIBLE,INFEASIBLE,INFEASIBLE,INFEASIBLE,INFEASIBLE,INFEASIBLE,INFEASIBLE,INFEASIBLE,INFEASIBLE,INFEASIBLE,INFEASIBLE,no_trials_in_band
gradual_bias,all_only,res_energy,1.0,0.25,budget_only,count,0.1,0.15,0.1,30,30,30,30,1.0,1.0,1.0,0.8881898454746137,0.10532560706401767,20.633333333333333,0.4666666666666667,0.4666666666666667,0.0,0.5,0.1,0.5,0.1,0.03333333333333333,0.1,0.1,4.0,26.0,26.0,26.0,26.0,26.0,26.0,24.5,26.0,26.0,26.0,13.5,13.5,5.476931567328919,0.8881898454746137,0.10532560706401767,0.2708875900176909,0.0,0.8881898454746137,0.10532560706401767,0.0,0.0,0.0,0.0,0.0,OK,
gradual_bias,all_only,res_energy,1.0,0.5,budget_only,count,0.1,0.15,0.1,30,30,30,30,1.0,1.0,1.0,0.8881898454746137,0.10532560706401767,20.633333333333333,0.4666666666666667,0.4666666666666667,0.0,0.5,0.1,0.5,0.1,0.03333333333333333,0.1,0.1,4.0,26.0,26.0,26.0,26.0,26.0,26.0,24.5,26.0,26.0,26.0,13.5,13.5,5.476931567328919,0.8881898454746137,0.10532560706401767,0.2708875900176909,0.0,0.8881898454746137,0.10532560706401767,0.0,0.0,0.0,0.0,0.0,OK,
gradual_bias,all_only,res_energy,1.0,0.75,budget_only,count,0.1,0.15,0.1,30,30,30,30,1.0,1.0,1.0,0.8881898454746137,0.10532560706401767,20.633333333333333,0.4666666666666667,0.4666666666666667,0.0,0.5,0.1,0.5,0.1,0.03333333333333333,0.1,0.1,4.0,26.0,26.0,26.0,26.0,26.0,26.0,24.5,26.0,26.0,26.0,13.5,13.5,5.476931567328919,0.8881898454746137,0.10532560706401767,0.2708875900176909,0.0,0.8881898454746137,0.10532560706401767,0.0,0.0,0.0,0.0,0.0,OK,
gradual_bias,all_only,res_energy,1.0,1.0,budget_only,count,0.1,0.15,0.1,30,30,30,30,1.0,1.0,1.0,0.8881898454746137,0.10532560706401767,20.633333333333333,0.4666666666666667,0.4666666666666667,0.0,0.5,0.1,0.5,0.1,0.03333333333333333,0.1,0.1,4.0,26.0,26.0,26.0,26.0,26.0,26.0,24.5,26.0,26.0,26.0,13.5,13.5,5.476931567328919,0.8881898454746137,0.10532560706401767,0.2708875900176909,0.0,0.8881898454746137,0.10532560706401767,0.0,0.0,0.0,0.0,0.0,OK,
gradual_bias,all_only,res_energy,INFEASIBLE,0.25,budget_only,count,INFEASIBLE,INFEASIBLE,INFEASIBLE,INFEASIBLE,INFEASIBLE,INFEASIBLE,INFEASIBLE,INFEASIBLE,INFEASIBLE,INFEASIBLE,INFEASIBLE,INFEASIBLE,INFEASIBLE,INFEASIBLE,INFEASIBLE,INFEASIBLE,INFEASIBLE,INFEASIBLE,INFEASIBLE,INFEASIBLE,INFEASIBLE,INFEASIBLE,INFEASIBLE,,INFEASIBLE,INFEASIBLE,INFEASIBLE,INFEASIBLE,INFEASIBLE,INFEASIBLE,INFEASIBLE,INFEASIBLE,INFEASIBLE,INFEASIBLE,INFEASIBLE,INFEASIBLE,INFEASIBLE,INFEASIBLE,INFEASIBLE,INFEASIBLE,INFEASIBLE,INFEASIBLE,INFEASIBLE,INFEASIBLE,INFEASIBLE,INFEASIBLE,INFEASIBLE,INFEASIBLE,INFEASIBLE,no_trials_in_band
gradual_bias,all_only,res_energy,INFEASIBLE,0.5,budget_only,count,INFEASIBLE,INFEASIBLE,INFEASIBLE,INFEASIBLE,INFEASIBLE,INFEASIBLE,INFEASIBLE,INFEASIBLE,INFEASIBLE,INFEASIBLE,INFEASIBLE,INFEASIBLE,INFEASIBLE,INFEASIBLE,INFEASIBLE,INFEASIBLE,INFEASIBLE,INFEASIBLE,INFEASIBLE,INFEASIBLE,INFEASIBLE,INFEASIBLE,INFEASIBLE,,INFEASIBLE,INFEASIBLE,INFEASIBLE,INFEASIBLE,INFEASIBLE,INFEASIBLE,INFEASIBLE,INFEASIBLE,INFEASIBLE,INFEASIBLE,INFEASIBLE,INFEASIBLE,INFEASIBLE,INFEASIBLE,INFEASIBLE,INFEASIBLE,INFEASIBLE,INFEASIBLE,INFEASIBLE,INFEASIBLE,INFEASIBLE,INFEASIBLE,INFEASIBLE,INFEASIBLE,INFEASIBLE,no_trials_in_band
gradual_bias,all_only,res_energy,INFEASIBLE,0.75,budget_only,count,INFEASIBLE,INFEASIBLE,INFEASIBLE,INFEASIBLE,INFEASIBLE,INFEASIBLE,INFEASIBLE,INFEASIBLE,INFEASIBLE,INFEASIBLE,INFEASIBLE,INFEASIBLE,INFEASIBLE,INFEASIBLE,INFEASIBLE,INFEASIBLE,INFEASIBLE,INFEASIBLE,INFEASIBLE,INFEASIBLE,INFEASIBLE,INFEASIBLE,INFEASIBLE,,INFEASIBLE,INFEASIBLE,INFEASIBLE,INFEASIBLE,INFEASIBLE,INFEASIBLE,INFEASIBLE,INFEASIBLE,INFEASIBLE,INFEASIBLE,INFEASIBLE,INFEASIBLE,INFEASIBLE,INFEASIBLE,INFEASIBLE,INFEASIBLE,INFEASIBLE,INFEASIBLE,INFEASIBLE,INFEASIBLE,INFEASIBLE,INFEASIBLE,INFEASIBLE,INFEASIBLE,INFEASIBLE,no_trials_in_band
gradual_bias,all_only,res_energy,INFEASIBLE,1.0,budget_only,count,INFEASIBLE,INFEASIBLE,INFEASIBLE,INFEASIBLE,INFEASIBLE,INFEASIBLE,INFEASIBLE,INFEASIBLE,INFEASIBLE,INFEASIBLE,INFEASIBLE,INFEASIBLE,INFEASIBLE,INFEASIBLE,INFEASIBLE,INFEASIBLE,INFEASIBLE,INFEASIBLE,INFEASIBLE,INFEASIBLE,INFEASIBLE,INFEASIBLE,INFEASIBLE,,INFEASIBLE,INFEASIBLE,INFEASIBLE,INFEASIBLE,INFEASIBLE,INFEASIBLE,INFEASIBLE,INFEASIBLE,INFEASIBLE,INFEASIBLE,INFEASIBLE,INFEASIBLE,INFEASIBLE,INFEASIBLE,INFEASIBLE,INFEASIBLE,INFEASIBLE,INFEASIBLE,INFEASIBLE,INFEASIBLE,INFEASIBLE,INFEASIBLE,INFEASIBLE,INFEASIBLE,INFEASIBLE,no_trials_in_band
gradual_bias,all_only,stale,1.0,0.25,budget_only,count,0.1,0.15,0.1,30,30,0,30,1.0,0.0,1.0,1.0316777041942602,0.49130794701986763,23.966666666666665,0.6,0.6,0.0,1.0,0.5666666666666667,1.0,0.5666666666666667,0.4,0.0,0.0,4.0,19.0,19.0,19.0,26.0,19.0,26.0,3.0,18.200000000000003,19.0,26.0,10.5,10.5,25.548013245033115,1.0316777041942602,0.49130794701986763,1.0000000000000002e-06,0.061576028458122795,1.0316777041942602,0.49130794701986763,0.0,0.0,0.0,0.0,0.0,OK,
gradual_bias,all_only,stale,1.0,0.5,budget_only,count,0.1,0.15,0.1,30,30,0,30,1.0,0.0,1.0,1.0316777041942602,0.49130794701986763,23.966666666666665,0.6,0.6,0.0,1.0,0.5666666666666667,1.0,0.5666666666666667,0.4,0.0,0.0,4.0,19.0,19.0,19.0,26.0,19.0,26.0,3.0,18.200000000000003,19.0,26.0,10.5,10.5,25.548013245033115,1.0316777041942602,0.49130794701986763,1.0000000000000002e-06,0.061576028458122795,1.0316777041942602,0.49130794701986763,0.0,0.0,0.0,0.0,0.0,OK,
gradual_bias,all_only,stale,1.0,0.75,budget_only,count,0.1,0.15,0.1,30,30,0,30,1.0,0.0,1.0,1.0316777041942602,0.49130794701986763,23.966666666666665,0.6,0.6,0.0,1.0,0.5666666666666667,1.0,0.5666666666666667,0.4,0.0,0.0,4.0,19.0,19.0,19.0,26.0,19.0,26.0,3.0,18.200000000000003,19.0,26.0,10.5,10.5,25.548013245033115,1.0316777041942602,0.49130794701986763,1.0000000000000002e-06,0.061576028458122795,1.0316777041942602,0.49130794701986763,0.0,0.0,0.0,0.0,0.0,OK,
gradual_bias,all_only,stale,1.0,1.0,budget_only,count,0.1,0.15,0.1,30,30,0,30,1.0,0.0,1.0,1.0316777041942602,0.49130794701986763,23.966666666666665,0.6,0.6,0.0,1.0,0.5666666666666667,1.0,0.5666666666666667,0.4,0.0,0.0,4.0,19.0,19.0,19.0,26.0,19.0,26.0,3.0,18.200000000000003,19.0,26.0,10.5,10.5,25.548013245033115,1.0316777041942602,0.49130794701986763,1.0000000000000002e-06,0.061576028458122795,1.0316777041942602,0.49130794701986763,0.0,0.0,0.0,0.0,0.0,OK,
gradual_bias,all_only,stale,INFEASIBLE,0.25,budget_only,count,INFEASIBLE,INFEASIBLE,INFEASIBLE,INFEASIBLE,INFEASIBLE,INFEASIBLE,INFEASIBLE,INFEASIBLE,INFEASIBLE,INFEASIBLE,INFEASIBLE,INFEASIBLE,INFEASIBLE,INFEASIBLE,INFEASIBLE,INFEASIBLE,INFEASIBLE,INFEASIBLE,INFEASIBLE,INFEASIBLE,INFEASIBLE,INFEASIBLE,INFEASIBLE,,INFEASIBLE,INFEASIBLE,INFEASIBLE,INFEASIBLE,INFEASIBLE,INFEASIBLE,INFEASIBLE,INFEASIBLE,INFEASIBLE,INFEASIBLE,INFEASIBLE,INFEASIBLE,INFEASIBLE,INFEASIBLE,INFEASIBLE,INFEASIBLE,INFEASIBLE,INFEASIBLE,INFEASIBLE,INFEASIBLE,INFEASIBLE,INFEASIBLE,INFEASIBLE,INFEASIBLE,INFEASIBLE,no_trials_in_band
gradual_bias,all_only,stale,INFEASIBLE,0.5,budget_only,count,INFEASIBLE,INFEASIBLE,INFEASIBLE,INFEASIBLE,INFEASIBLE,INFEASIBLE,INFEASIBLE,INFEASIBLE,INFEASIBLE,INFEASIBLE,INFEASIBLE,INFEASIBLE,INFEASIBLE,INFEASIBLE,INFEASIBLE,INFEASIBLE,INFEASIBLE,INFEASIBLE,INFEASIBLE,INFEASIBLE,INFEASIBLE,INFEASIBLE,INFEASIBLE,,INFEASIBLE,INFEASIBLE,INFEASIBLE,INFEASIBLE,INFEASIBLE,INFEASIBLE,INFEASIBLE,INFEASIBLE,INFEASIBLE,INFEASIBLE,INFEASIBLE,INFEASIBLE,INFEASIBLE,INFEASIBLE,INFEASIBLE,INFEASIBLE,INFEASIBLE,INFEASIBLE,INFEASIBLE,INFEASIBLE,INFEASIBLE,INFEASIBLE,INFEASIBLE,INFEASIBLE,INFEASIBLE,no_trials_in_band
gradual_bias,all_only,stale,INFEASIBLE,0.75,budget_only,count,INFEASIBLE,INFEASIBLE,INFEASIBLE,INFEASIBLE,INFEASIBLE,INFEASIBLE,INFEASIBLE,INFEASIBLE,INFEASIBLE,INFEASIBLE,INFEASIBLE,INFEASIBLE,INFEASIBLE,INFEASIBLE,INFEASIBLE,INFEASIBLE,INFEASIBLE,INFEASIBLE,INFEASIBLE,INFEASIBLE,INFEASIBLE,INFEASIBLE,INFEASIBLE,,INFEASIBLE,INFEASIBLE,INFEASIBLE,INFEASIBLE,INFEASIBLE,INFEASIBLE,INFEASIBLE,INFEASIBLE,INFEASIBLE,INFEASIBLE,INFEASIBLE,INFEASIBLE,INFEASIBLE,INFEASIBLE,INFEASIBLE,INFEASIBLE,INFEASIBLE,INFEASIBLE,INFEASIBLE,INFEASIBLE,INFEASIBLE,INFEASIBLE,INFEASIBLE,INFEASIBLE,INFEASIBLE,no_trials_in_band
gradual_bias,all_only,stale,INFEASIBLE,1.0,budget_only,count,INFEASIBLE,INFEASIBLE,INFEASIBLE,INFEASIBLE,INFEASIBLE,INFEASIBLE,INFEASIBLE,INFEASIBLE,INFEASIBLE,INFEASIBLE,INFEASIBLE,INFEASIBLE,INFEASIBLE,INFEASIBLE,INFEASIBLE,INFEASIBLE,INFEASIBLE,INFEASIBLE,INFEASIBLE,INFEASIBLE,INFEASIBLE,INFEASIBLE,INFEASIBLE,,INFEASIBLE,INFEASIBLE,INFEASIBLE,INFEASIBLE,INFEASIBLE,INFEASIBLE,INFEASIBLE,INFEASIBLE,INFEASIBLE,INFEASIBLE,INFEASIBLE,INFEASIBLE,INFEASIBLE,INFEASIBLE,INFEASIBLE,INFEASIBLE,INFEASIBLE,INFEASIBLE,INFEASIBLE,INFEASIBLE,INFEASIBLE,INFEASIBLE,INFEASIBLE,INFEASIBLE,INFEASIBLE,no_trials_in_band
gradual_bias,full,T2,1.0,0.25,budget_only,count,0.1,0.15,0.1,30,30,30,30,1.0,1.0,1.0,1.054635761589404,0.02673841059602649,24.5,0.5333333333333333,0.5,0.033333333333333326,0.5333333333333333,0.06666666666666667,0.5333333333333333,0.06666666666666667,0.0,0.06666666666666667,0.06666666666666667,4.0,21.5,23.5,21.5,26.0,23.5,26.0,21.5,26.0,21.5,26.0,9.5,8.0,1.3860927152317888,1.0532008830022075,0.026655629139072847,0.03198793120090359,0.5477371715469779,1.054635761589404,0.02673841059602649,0.002564102564102564,0.0,0.002564102564102564,0.002564102564102564,0.0,OK,
gradual_bias,full,T2,1.0,0.5,budget_only,count,0.1,0.15,0.1,30,30,30,30,1.0,1.0,1.0,1.054635761589404,0.02673841059602649,24.5,0.6,0.5,0.09999999999999998,0.6,0.06666666666666667,0.6,0.06666666666666667,0.0,0.06666666666666667,0.06666666666666667,4.0,15.5,23.5,15.5,26.0,23.5,26.0,15.5,26.0,15.5,26.0,11.0,8.0,1.3774834437086096,1.0474613686534215,0.026490066225165566,0.03198793120090359,1.827561282188657,1.054635761589404,0.02673841059602649,0.011538461538461537,0.0,0.008974358974358975,0.008974358974358975,0.0,OK,
gradual_bias,full,T2,1.0,0.75,budget_only,count,0.1,0.15,0.1,30,30,30,30,1.0,1.0,1.0,1.054635761589404,0.02673841059602649,24.5,0.6666666666666666,0.5,0.16666666666666663,0.6666666666666666,0.06666666666666667,0.6666666666666666,0.06666666666666667,0.0,0.06666666666666667,0.06666666666666667,4.0,13.5,23.5,13.5,26.0,23.5,26.0,13.5,26.0,13.5,26.0,11.0,8.0,1.3631346578366452,1.0345474613686536,0.02621412803532009,0.03198793120090359,3.423356324403376,1.054635761589404,0.02673841059602649,0.03461538461538462,0.0,0.032051282051282055,0.032051282051282055,0.0,OK,
gradual_bias,full,T2,1.0,1.0,budget_only,count,0.1,0.15,0.1,30,30,30,30,1.0,1.0,1.0,1.054635761589404,0.02673841059602649,24.5,0.7666666666666667,0.5,0.2666666666666667,0.7666666666666667,0.06666666666666667,0.7666666666666667,0.06666666666666667,0.0,0.06666666666666667,0.06666666666666667,4.0,13.5,23.5,13.5,26.0,23.5,26.0,13.5,26.0,13.5,26.0,11.0,8.0,1.3502207505518764,1.0259381898454747,0.025965783664459167,0.03198793120090359,5.455970757687587,1.054635761589404,0.02673841059602649,0.10256410256410257,0.0,0.09487179487179488,0.09487179487179488,0.0,OK,
gradual_bias,full,T2,INFEASIBLE,0.25,budget_only,count,INFEASIBLE,INFEASIBLE,INFEASIBLE,INFEASIBLE,INFEASIBLE,INFEASIBLE,INFEASIBLE,INFEASIBLE,INFEASIBLE,INFEASIBLE,INFEASIBLE,INFEASIBLE,INFEASIBLE,INFEASIBLE,INFEASIBLE,INFEASIBLE,INFEASIBLE,INFEASIBLE,INFEASIBLE,INFEASIBLE,INFEASIBLE,INFEASIBLE,INFEASIBLE,,INFEASIBLE,INFEASIBLE,INFEASIBLE,INFEASIBLE,INFEASIBLE,INFEASIBLE,INFEASIBLE,INFEASIBLE,INFEASIBLE,INFEASIBLE,INFEASIBLE,INFEASIBLE,INFEASIBLE,INFEASIBLE,INFEASIBLE,INFEASIBLE,INFEASIBLE,INFEASIBLE,INFEASIBLE,INFEASIBLE,INFEASIBLE,INFEASIBLE,INFEASIBLE,INFEASIBLE,INFEASIBLE,no_trials_in_band
gradual_bias,full,T2,INFEASIBLE,0.5,budget_only,count,INFEASIBLE,INFEASIBLE,INFEASIBLE,INFEASIBLE,INFEASIBLE,INFEASIBLE,INFEASIBLE,INFEASIBLE,INFEASIBLE,INFEASIBLE,INFEASIBLE,INFEASIBLE,INFEASIBLE,INFEASIBLE,INFEASIBLE,INFEASIBLE,INFEASIBLE,INFEASIBLE,INFEASIBLE,INFEASIBLE,INFEASIBLE,INFEASIBLE,INFEASIBLE,,INFEASIBLE,INFEASIBLE,INFEASIBLE,INFEASIBLE,INFEASIBLE,INFEASIBLE,INFEASIBLE,INFEASIBLE,INFEASIBLE,INFEASIBLE,INFEASIBLE,INFEASIBLE,INFEASIBLE,INFEASIBLE,INFEASIBLE,INFEASIBLE,INFEASIBLE,INFEASIBLE,INFEASIBLE,INFEASIBLE,INFEASIBLE,INFEASIBLE,INFEASIBLE,INFEASIBLE,INFEASIBLE,no_trials_in_band
gradual_bias,full,T2,INFEASIBLE,0.75,budget_only,count,INFEASIBLE,INFEASIBLE,INFEASIBLE,INFEASIBLE,INFEASIBLE,INFEASIBLE,INFEASIBLE,INFEASIBLE,INFEASIBLE,INFEASIBLE,INFEASIBLE,INFEASIBLE,INFEASIBLE,INFEASIBLE,INFEASIBLE,INFEASIBLE,INFEASIBLE,INFEASIBLE,INFEASIBLE,INFEASIBLE,INFEASIBLE,INFEASIBLE,INFEASIBLE,,INFEASIBLE,INFEASIBLE,INFEASIBLE,INFEASIBLE,INFEASIBLE,INFEASIBLE,INFEASIBLE,INFEASIBLE,INFEASIBLE,INFEASIBLE,INFEASIBLE,INFEASIBLE,INFEASIBLE,INFEASIBLE,INFEASIBLE,INFEASIBLE,INFEASIBLE,INFEASIBLE,INFEASIBLE,INFEASIBLE,INFEASIBLE,INFEASIBLE,INFEASIBLE,INFEASIBLE,INFEASIBLE,no_trials_in_band
gradual_bias,full,T2,INFEASIBLE,1.0,budget_only,count,INFEASIBLE,INFEASIBLE,INFEASIBLE,INFEASIBLE,INFEASIBLE,INFEASIBLE,INFEASIBLE,INFEASIBLE,INFEASIBLE,INFEASIBLE,INFEASIBLE,INFEASIBLE,INFEASIBLE,INFEASIBLE,INFEASIBLE,INFEASIBLE,INFEASIBLE,INFEASIBLE,INFEASIBLE,INFEASIBLE,INFEASIBLE,INFEASIBLE,INFEASIBLE,,INFEASIBLE,INFEASIBLE,INFEASIBLE,INFEASIBLE,INFEASIBLE,INFEASIBLE,INFEASIBLE,INFEASIBLE,INFEASIBLE,INFEASIBLE,INFEASIBLE,INFEASIBLE,INFEASIBLE,INFEASIBLE,INFEASIBLE,INFEASIBLE,INFEASIBLE,INFEASIBLE,INFEASIBLE,INFEASIBLE,INFEASIBLE,INFEASIBLE,INFEASIBLE,INFEASIBLE,INFEASIBLE,no_trials_in_band
gradual_bias,full,cusum_factor_cov_lrt,1.0,0.25,budget_only,count,0.1,0.15,0.1,30,4,4,4,0.13333333333333333,0.13333333333333333,0.13333333333333333,1.076158940397351,0.020695364238410598,25.0,0.0,0.5,-0.5,0.0,0.0,0.0,0.0,0.0,0.0,0.0,4.0,26.0,24.5,26.0,26.0,24.5,26.0,26.0,26.0,26.0,26.0,NA,21.5,1.076158940397351,1.076158940397351,0.020695364238410598,NA,-0.21506963679935598,1.076158940397351,0.020695364238410598,0.019230769230769232,0.0,-0.019230769230769232,0.019230769230769232,0.0,OK,
gradual_bias,full,cusum_factor_cov_lrt,1.0,0.5,budget_only,count,0.1,0.15,0.1,30,4,4,4,0.13333333333333333,0.13333333333333333,0.13333333333333333,1.076158940397351,0.020695364238410598,25.0,0.0,0.5,-0.5,0.0,0.0,0.0,0.0,0.0,0.0,0.0,4.0,26.0,24.5,26.0,26.0,24.5,26.0,26.0,26.0,26.0,26.0,NA,21.5,1.076158940397351,1.076158940397351,0.020695364238410598,NA,-0.19320281641307555,1.076158940397351,0.020695364238410598,0.019230769230769232,0.0,-0.019230769230769232,0.019230769230769232,0.0,OK,
gradual_bias,full,cusum_factor_cov_lrt,1.0,0.75,budget_only,count,0.1,0.15,0.1,30,4,4,4,0.13333333333333333,0.13333333333333333,0.13333333333333333,1.076158940397351,0.020695364238410598,25.0,0.0,0.5,-0.5,0.0,0.0,0.0,0.0,0.0,0.0,0.0,4.0,26.0,24.5,26.0,26.0,24.5,26.0,26.0,26.0,26.0,26.0,NA,21.5,1.076158940397351,1.076158940397351,0.020695364238410598,NA,-0.22685975174719497,1.076158940397351,0.020695364238410598,0.019230769230769232,0.0,-0.019230769230769232,0.019230769230769232,0.0,OK,
gradual_bias,full,cusum_factor_cov_lrt,1.0,1.0,budget_only,count,0.1,0.15,0.1,30,4,4,4,0.13333333333333333,0.13333333333333333,0.13333333333333333,1.076158940397351,0.020695364238410598,25.0,0.0,0.5,-0.5,0.0,0.0,0.0,0.0,0.0,0.0,0.0,4.0,26.0,24.5,26.0,26.0,24.5,26.0,26.0,26.0,26.0,26.0,NA,21.5,1.076158940397351,1.076158940397351,0.020695364238410598,NA,-0.18209288803215157,1.076158940397351,0.020695364238410598,0.019230769230769232,0.0,-0.019230769230769232,0.019230769230769232,0.0,OK,
gradual_bias,full,cusum_factor_cov_lrt,INFEASIBLE,0.25,budget_only,count,INFEASIBLE,INFEASIBLE,INFEASIBLE,INFEASIBLE,INFEASIBLE,INFEASIBLE,INFEASIBLE,INFEASIBLE,INFEASIBLE,INFEASIBLE,INFEASIBLE,INFEASIBLE,INFEASIBLE,INFEASIBLE,INFEASIBLE,INFEASIBLE,INFEASIBLE,INFEASIBLE,INFEASIBLE,INFEASIBLE,INFEASIBLE,INFEASIBLE,INFEASIBLE,,INFEASIBLE,INFEASIBLE,INFEASIBLE,INFEASIBLE,INFEASIBLE,INFEASIBLE,INFEASIBLE,INFEASIBLE,INFEASIBLE,INFEASIBLE,INFEASIBLE,INFEASIBLE,INFEASIBLE,INFEASIBLE,INFEASIBLE,INFEASIBLE,INFEASIBLE,INFEASIBLE,INFEASIBLE,INFEASIBLE,INFEASIBLE,INFEASIBLE,INFEASIBLE,INFEASIBLE,INFEASIBLE,no_trials_in_band
gradual_bias,full,cusum_factor_cov_lrt,INFEASIBLE,0.5,budget_only,count,INFEASIBLE,INFEASIBLE,INFEASIBLE,INFEASIBLE,INFEASIBLE,INFEASIBLE,INFEASIBLE,INFEASIBLE,INFEASIBLE,INFEASIBLE,INFEASIBLE,INFEASIBLE,INFEASIBLE,INFEASIBLE,INFEASIBLE,INFEASIBLE,INFEASIBLE,INFEASIBLE,INFEASIBLE,INFEASIBLE,INFEASIBLE,INFEASIBLE,INFEASIBLE,,INFEASIBLE,INFEASIBLE,INFEASIBLE,INFEASIBLE,INFEASIBLE,INFEASIBLE,INFEASIBLE,INFEASIBLE,INFEASIBLE,INFEASIBLE,INFEASIBLE,INFEASIBLE,INFEASIBLE,INFEASIBLE,INFEASIBLE,INFEASIBLE,INFEASIBLE,INFEASIBLE,INFEASIBLE,INFEASIBLE,INFEASIBLE,INFEASIBLE,INFEASIBLE,INFEASIBLE,INFEASIBLE,no_trials_in_band
gradual_bias,full,cusum_factor_cov_lrt,INFEASIBLE,0.75,budget_only,count,INFEASIBLE,INFEASIBLE,INFEASIBLE,INFEASIBLE,INFEASIBLE,INFEASIBLE,INFEASIBLE,INFEASIBLE,INFEASIBLE,INFEASIBLE,INFEASIBLE,INFEASIBLE,INFEASIBLE,INFEASIBLE,INFEASIBLE,INFEASIBLE,INFEASIBLE,INFEASIBLE,INFEASIBLE,INFEASIBLE,INFEASIBLE,INFEASIBLE,INFEASIBLE,,INFEASIBLE,INFEASIBLE,INFEASIBLE,INFEASIBLE,INFEASIBLE,INFEASIBLE,INFEASIBLE,INFEASIBLE,INFEASIBLE,INFEASIBLE,INFEASIBLE,INFEASIBLE,INFEASIBLE,INFEASIBLE,INFEASIBLE,INFEASIBLE,INFEASIBLE,INFEASIBLE,INFEASIBLE,INFEASIBLE,INFEASIBLE,INFEASIBLE,INFEASIBLE,INFEASIBLE,INFEASIBLE,no_trials_in_band
gradual_bias,full,cusum_factor_cov_lrt,INFEASIBLE,1.0,budget_only,count,INFEASIBLE,INFEASIBLE,INFEASIBLE,INFEASIBLE,INFEASIBLE,INFEASIBLE,INFEASIBLE,INFEASIBLE,INFEASIBLE,INFEASIBLE,INFEASIBLE,INFEASIBLE,INFEASIBLE,INFEASIBLE,INFEASIBLE,INFEASIBLE,INFEASIBLE,INFEASIBLE,INFEASIBLE,INFEASIBLE,INFEASIBLE,INFEASIBLE,INFEASIBLE,,INFEASIBLE,INFEASIBLE,INFEASIBLE,INFEASIBLE,INFEASIBLE,INFEASIBLE,INFEASIBLE,INFEASIBLE,INFEASIBLE,INFEASIBLE,INFEASIBLE,INFEASIBLE,INFEASIBLE,INFEASIBLE,INFEASIBLE,INFEASIBLE,INFEASIBLE,INFEASIBLE,INFEASIBLE,INFEASIBLE,INFEASIBLE,INFEASIBLE,INFEASIBLE,INFEASIBLE,INFEASIBLE,no_trials_in_band
gradual_bias,full,ewma_factor_cov_lrt,1.0,0.25,budget_only,count,0.1,0.15,0.1,30,30,30,30,1.0,1.0,1.0,0.9642384105960267,0.04594370860927153,22.4,0.26666666666666666,0.6,-0.3333333333333333,0.3,0.06666666666666667,0.3,0.06666666666666667,0.03333333333333333,0.06666666666666667,0.06666666666666667,4.0,26.0,20.0,26.0,26.0,20.0,26.0,26.0,26.0,26.0,26.0,12.0,12.0,2.406291390728477,0.9685430463576161,0.04627483443708608,0.058733433236895574,0.1696322362079436,0.9642384105960267,0.04594370860927153,0.03205128205128205,0.02222222222222222,-0.01923076923076923,0.03205128205128205,-0.02222222222222222,OK,
gradual_bias,full,ewma_factor_cov_lrt,1.0,0.5,budget_only,count,0.1,0.15,0.1,30,30,30,30,1.0,1.0,1.0,0.9642384105960267,0.04594370860927153,22.4,0.2,0.6,-0.39999999999999997,0.23333333333333334,0.06666666666666667,0.23333333333333334,0.06666666666666667,0.03333333333333333,0.06666666666666667,0.06666666666666667,4.0,26.0,20.0,26.0,26.0,20.0,26.0,26.0,26.0,26.0,26.0,12.0,12.0,2.413465783664459,0.9656732891832231,0.04641280353200882,0.058733433236895574,0.15563260625853106,0.9642384105960267,0.04594370860927153,0.02692307692307692,0.02222222222222222,-0.02692307692307692,0.02692307692307692,-0.02222222222222222,OK,
gradual_bias,full,ewma_factor_cov_lrt,1.0,0.75,budget_only,count,0.1,0.15,0.1,30,30,30,30,1.0,1.0,1.0,0.9642384105960267,0.04594370860927153,22.4,0.16666666666666666,0.6,-0.43333333333333335,0.2,0.03333333333333333,0.2,0.03333333333333333,0.03333333333333333,0.03333333333333333,0.03333333333333333,4.0,26.0,20.0,26.0,26.0,20.0,26.0,26.0,26.0,26.0,26.0,13.0,12.0,2.4177704194260485,0.9671081677704195,0.04649558498896247,0.058733433236895574,0.1224257621140657,0.9642384105960267,0.04594370860927153,0.034615384615384624,0.02222222222222222,-0.029487179487179487,0.034615384615384624,-0.02222222222222222,OK,
gradual_bias,full,ewma_factor_cov_lrt,1.0,1.0,budget_only,count,0.1,0.15,0.1,30,30,30,30,1.0,1.0,1.0,0.9642384105960267,0.04594370860927153,22.4,0.23333333333333334,0.6,-0.36666666666666664,0.26666666666666666,0.06666666666666667,0.26666666666666666,0.06666666666666667,0.03333333333333333,0.06666666666666667,0.06666666666666667,4.0,26.0,20.0,26.0,26.0,20.0,26.0,26.0,26.0,26.0,26.0,13.0,12.0,2.424944812362031,0.9699779249448125,0.04663355408388521,0.058733433236895574,0.12899200160833604,0.9642384105960267,0.04594370860927153,0.028205128205128206,0.02222222222222222,-0.025641025641025644,0.028205128205128206,-0.02222222222222222,OK,
gradual_bias,full,ewma_factor_cov_lrt,INFEASIBLE,0.25,budget_only,count,INFEASIBLE,INFEASIBLE,INFEASIBLE,INFEASIBLE,INFEASIBLE,INFEASIBLE,INFEASIBLE,INFEASIBLE,INFEASIBLE,INFEASIBLE,INFEASIBLE,INFEASIBLE,INFEASIBLE,INFEASIBLE,INFEASIBLE,INFEASIBLE,INFEASIBLE,INFEASIBLE,INFEASIBLE,INFEASIBLE,INFEASIBLE,INFEASIBLE,INFEASIBLE,,INFEASIBLE,INFEASIBLE,INFEASIBLE,INFEASIBLE,INFEASIBLE,INFEASIBLE,INFEASIBLE,INFEASIBLE,INFEASIBLE,INFEASIBLE,INFEASIBLE,INFEASIBLE,INFEASIBLE,INFEASIBLE,INFEASIBLE,INFEASIBLE,INFEASIBLE,INFEASIBLE,INFEASIBLE,INFEASIBLE,INFEASIBLE,INFEASIBLE,INFEASIBLE,INFEASIBLE,INFEASIBLE,no_trials_in_band
gradual_bias,full,ewma_factor_cov_lrt,INFEASIBLE,0.5,budget_only,count,INFEASIBLE,INFEASIBLE,INFEASIBLE,INFEASIBLE,INFEASIBLE,INFEASIBLE,INFEASIBLE,INFEASIBLE,INFEASIBLE,INFEASIBLE,INFEASIBLE,INFEASIBLE,INFEASIBLE,INFEASIBLE,INFEASIBLE,INFEASIBLE,INFEASIBLE,INFEASIBLE,INFEASIBLE,INFEASIBLE,INFEASIBLE,INFEASIBLE,INFEASIBLE,,INFEASIBLE,INFEASIBLE,INFEASIBLE,INFEASIBLE,INFEASIBLE,INFEASIBLE,INFEASIBLE,INFEASIBLE,INFEASIBLE,INFEASIBLE,INFEASIBLE,INFEASIBLE,INFEASIBLE,INFEASIBLE,INFEASIBLE,INFEASIBLE,INFEASIBLE,INFEASIBLE,INFEASIBLE,INFEASIBLE,INFEASIBLE,INFEASIBLE,INFEASIBLE,INFEASIBLE,INFEASIBLE,no_trials_in_band
gradual_bias,full,ewma_factor_cov_lrt,INFEASIBLE,0.75,budget_only,count,INFEASIBLE,INFEASIBLE,INFEASIBLE,INFEASIBLE,INFEASIBLE,INFEASIBLE,INFEASIBLE,INFEASIBLE,INFEASIBLE,INFEASIBLE,INFEASIBLE,INFEASIBLE,INFEASIBLE,INFEASIBLE,INFEASIBLE,INFEASIBLE,INFEASIBLE,INFEASIBLE,INFEASIBLE,INFEASIBLE,INFEASIBLE,INFEASIBLE,INFEASIBLE,,INFEASIBLE,INFEASIBLE,INFEASIBLE,INFEASIBLE,INFEASIBLE,INFEASIBLE,INFEASIBLE,INFEASIBLE,INFEASIBLE,INFEASIBLE,INFEASIBLE,INFEASIBLE,INFEASIBLE,INFEASIBLE,INFEASIBLE,INFEASIBLE,INFEASIBLE,INFEASIBLE,INFEASIBLE,INFEASIBLE,INFEASIBLE,INFEASIBLE,INFEASIBLE,INFEASIBLE,INFEASIBLE,no_trials_in_band
gradual_bias,full,ewma_factor_cov_lrt,INFEASIBLE,1.0,budget_only,count,INFEASIBLE,INFEASIBLE,INFEASIBLE,INFEASIBLE,INFEASIBLE,INFEASIBLE,INFEASIBLE,INFEASIBLE,INFEASIBLE,INFEASIBLE,INFEASIBLE,INFEASIBLE,INFEASIBLE,INFEASIBLE,INFEASIBLE,INFEASIBLE,INFEASIBLE,INFEASIBLE,INFEASIBLE,INFEASIBLE,INFEASIBLE,INFEASIBLE,INFEASIBLE,,INFEASIBLE,INFEASIBLE,INFEASIBLE,INFEASIBLE,INFEASIBLE,INFEASIBLE,INFEASIBLE,INFEASIBLE,INFEASIBLE,INFEASIBLE,INFEASIBLE,INFEASIBLE,INFEASIBLE,INFEASIBLE,INFEASIBLE,INFEASIBLE,INFEASIBLE,INFEASIBLE,INFEASIBLE,INFEASIBLE,INFEASIBLE,INFEASIBLE,INFEASIBLE,INFEASIBLE,INFEASIBLE,no_trials_in_band
gradual_bias,full,factor_cov_change,1.0,0.25,budget_only,count,0.1,0.15,0.1,30,30,30,30,1.0,1.0,1.0,0.8867549668874172,0.06846026490066226,20.6,0.4,0.4,0.0,0.4,0.1,0.4,0.1,0.0,0.1,0.1,4.0,26.0,26.0,26.0,26.0,26.0,26.0,26.0,26.0,26.0,26.0,8.5,8.5,3.551324503311258,0.8867549668874172,0.06829470198675497,0.006053218642576155,-0.04571028576778695,0.8867549668874172,0.06846026490066226,0.020512820512820513,0.03333333333333333,0.020512820512820513,0.020512820512820513,0.03333333333333333,OK,
gradual_bias,full,factor_cov_change,1.0,0.5,budget_only,count,0.1,0.15,0.1,30,30,30,30,1.0,1.0,1.0,0.8867549668874172,0.06846026490066226,20.6,0.4,0.4,0.0,0.4,0.1,0.4,0.1,0.0,0.1,0.1,4.0,26.0,26.0,26.0,26.0,26.0,26.0,26.0,26.0,26.0,26.0,8.5,8.5,3.551324503311258,0.8867549668874172,0.06829470198675497,0.006053218642576155,-0.045710257829224395,0.8867549668874172,0.06846026490066226,0.020512820512820513,0.03333333333333333,0.020512820512820513,0.020512820512820513,0.03333333333333333,OK,
gradual_bias,full,factor_cov_change,1.0,0.75,budget_only,count,0.1,0.15,0.1,30,30,30,30,1.0,1.0,1.0,0.8867549668874172,0.06846026490066226,20.6,0.4,0.4,0.0,0.4,0.1,0.4,0.1,0.0,0.1,0.1,4.0,26.0,26.0,26.0,26.0,26.0,26.0,26.0,26.0,26.0,26.0,8.5,8.5,3.551324503311258,0.8867549668874172,0.06829470198675497,0.006053218642576155,-0.04571022989060007,0.8867549668874172,0.06846026490066226,0.020512820512820513,0.03333333333333333,0.020512820512820513,0.020512820512820513,0.03333333333333333,OK,
gradual_bias,full,factor_cov_change,1.0,1.0,budget_only,count,0.1,0.15,0.1,30,30,30,30,1.0,1.0,1.0,0.8867549668874172,0.06846026490066226,20.6,0.4,0.4,0.0,0.4,0.1,0.4,0.1,0.0,0.1,0.1,4.0,26.0,26.0,26.0,26.0,26.0,26.0,26.0,26.0,26.0,26.0,8.5,8.5,3.551324503311258,0.8867549668874172,0.06829470198675497,0.006053218642576155,-0.045710201951914047,0.8867549668874172,0.06846026490066226,0.020512820512820513,0.03333333333333333,0.020512820512820513,0.020512820512820513,0.03333333333333333,OK,
gradual_bias,full,factor_cov_change,INFEASIBLE,0.25,budget_only,count,INFEASIBLE,INFEASIBLE,INFEASIBLE,INFEASIBLE,INFEASIBLE,INFEASIBLE,INFEASIBLE,INFEASIBLE,INFEASIBLE,INFEASIBLE,INFEASIBLE,INFEASIBLE,INFEASIBLE,INFEASIBLE,INFEASIBLE,INFEASIBLE,INFEASIBLE,INFEASIBLE,INFEASIBLE,INFEASIBLE,INFEASIBLE,INFEASIBLE,INFEASIBLE,,INFEASIBLE,INFEASIBLE,INFEASIBLE,INFEASIBLE,INFEASIBLE,INFEASIBLE,INFEASIBLE,INFEASIBLE,INFEASIBLE,INFEASIBLE,INFEASIBLE,INFEASIBLE,INFEASIBLE,INFEASIBLE,INFEASIBLE,INFEASIBLE,INFEASIBLE,INFEASIBLE,INFEASIBLE,INFEASIBLE,INFEASIBLE,INFEASIBLE,INFEASIBLE,INFEASIBLE,INFEASIBLE,no_trials_in_band
gradual_bias,full,factor_cov_change,INFEASIBLE,0.5,budget_only,count,INFEASIBLE,INFEASIBLE,INFEASIBLE,INFEASIBLE,INFEASIBLE,INFEASIBLE,INFEASIBLE,INFEASIBLE,INFEASIBLE,INFEASIBLE,INFEASIBLE,INFEASIBLE,INFEASIBLE,INFEASIBLE,INFEASIBLE,INFEASIBLE,INFEASIBLE,INFEASIBLE,INFEASIBLE,INFEASIBLE,INFEASIBLE,INFEASIBLE,INFEASIBLE,,INFEASIBLE,INFEASIBLE,INFEASIBLE,INFEASIBLE,INFEASIBLE,INFEASIBLE,INFEASIBLE,INFEASIBLE,INFEASIBLE,INFEASIBLE,INFEASIBLE,INFEASIBLE,INFEASIBLE,INFEASIBLE,INFEASIBLE,INFEASIBLE,INFEASIBLE,INFEASIBLE,INFEASIBLE,INFEASIBLE,INFEASIBLE,INFEASIBLE,INFEASIBLE,INFEASIBLE,INFEASIBLE,no_trials_in_band
gradual_bias,full,factor_cov_change,INFEASIBLE,0.75,budget_only,count,INFEASIBLE,INFEASIBLE,INFEASIBLE,INFEASIBLE,INFEASIBLE,INFEASIBLE,INFEASIBLE,INFEASIBLE,INFEASIBLE,INFEASIBLE,INFEASIBLE,INFEASIBLE,INFEASIBLE,INFEASIBLE,INFEASIBLE,INFEASIBLE,INFEASIBLE,INFEASIBLE,INFEASIBLE,INFEASIBLE,INFEASIBLE,INFEASIBLE,INFEASIBLE,,INFEASIBLE,INFEASIBLE,INFEASIBLE,INFEASIBLE,INFEASIBLE,INFEASIBLE,INFEASIBLE,INFEASIBLE,INFEASIBLE,INFEASIBLE,INFEASIBLE,INFEASIBLE,INFEASIBLE,INFEASIBLE,INFEASIBLE,INFEASIBLE,INFEASIBLE,INFEASIBLE,INFEASIBLE,INFEASIBLE,INFEASIBLE,INFEASIBLE,INFEASIBLE,INFEASIBLE,INFEASIBLE,no_trials_in_band
gradual_bias,full,factor_cov_change,INFEASIBLE,1.0,budget_only,count,INFEASIBLE,INFEASIBLE,INFEASIBLE,INFEASIBLE,INFEASIBLE,INFEASIBLE,INFEASIBLE,INFEASIBLE,INFEASIBLE,INFEASIBLE,INFEASIBLE,INFEASIBLE,INFEASIBLE,INFEASIBLE,INFEASIBLE,INFEASIBLE,INFEASIBLE,INFEASIBLE,INFEASIBLE,INFEASIBLE,INFEASIBLE,INFEASIBLE,INFEASIBLE,,INFEASIBLE,INFEASIBLE,INFEASIBLE,INFEASIBLE,INFEASIBLE,INFEASIBLE,INFEASIBLE,INFEASIBLE,INFEASIBLE,INFEASIBLE,INFEASIBLE,INFEASIBLE,INFEASIBLE,INFEASIBLE,INFEASIBLE,INFEASIBLE,INFEASIBLE,INFEASIBLE,INFEASIBLE,INFEASIBLE,INFEASIBLE,INFEASIBLE,INFEASIBLE,INFEASIBLE,INFEASIBLE,no_trials_in_band
gradual_bias,full,factor_cov_delta,1.0,0.25,budget_only,count,0.1,0.15,0.1,30,30,30,30,1.0,1.0,1.0,1.0532008830022077,0.020253863134657834,24.466666666666665,0.5333333333333333,0.5333333333333333,0.0,0.5333333333333333,0.1,0.5333333333333333,0.1,0.0,0.1,0.1,4.0,22.0,22.0,22.0,26.0,22.0,26.0,22.0,26.0,22.0,26.0,13.0,13.0,1.0532008830022077,1.0532008830022077,0.020253863134657834,0.05651446491651182,0.11412763058753225,1.0532008830022077,0.020253863134657834,0.0,0.0,0.0,0.0,0.0,OK,
gradual_bias,full,factor_cov_delta,1.0,0.5,budget_only,count,0.1,0.15,0.1,30,30,30,30,1.0,1.0,1.0,1.0532008830022077,0.020253863134657834,24.466666666666665,0.5333333333333333,0.5333333333333333,0.0,0.5333333333333333,0.1,0.5333333333333333,0.1,0.0,0.1,0.1,4.0,22.0,22.0,22.0,26.0,22.0,26.0,22.0,26.0,22.0,26.0,13.0,13.0,1.0532008830022077,1.0532008830022077,0.020253863134657834,0.05651446491651182,0.1141278462567393,1.0532008830022077,0.020253863134657834,0.0,0.0,0.0,0.0,0.0,OK,
gradual_bias,full,factor_cov_delta,1.0,0.75,budget_only,count,0.1,0.15,0.1,30,30,30,30,1.0,1.0,1.0,1.0532008830022077,0.020253863134657834,24.466666666666665,0.5333333333333333,0.5333333333333333,0.0,0.5333333333333333,0.1,0.5333333333333333,0.1,0.0,0.1,0.1,4.0,22.0,22.0,22.0,26.0,22.0,26.0,22.0,26.0,22.0,26.0,13.0,13.0,1.0532008830022077,1.0532008830022077,0.020253863134657834,0.05651446491651182,0.11412806192601709,1.0532008830022077,0.020253863134657834,0.0,0.0,0.0,0.0,0.0,OK,
gradual_bias,full,factor_cov_delta,1.0,1.0,budget_only,count,0.1,0.15,0.1,30,30,30,30,1.0,1.0,1.0,1.0532008830022077,0.020253863134657834,24.466666666666665,0.5333333333333333,0.5333333333333333,0.0,0.5333333333333333,0.1,0.5333333333333333,0.1,0.0,0.1,0.1,4.0,22.0,22.0,22.0,26.0,22.0,26.0,22.0,26.0,22.0,26.0,13.0,13.0,1.0532008830022077,1.0532008830022077,0.020253863134657834,0.05651446491651182,0.11412827759536578,1.0532008830022077,0.020253863134657834,0.0,0.0,0.0,0.0,0.0,OK,
gradual_bias,full,factor_cov_delta,INFEASIBLE,0.25,budget_only,count,INFEASIBLE,INFEASIBLE,INFEASIBLE,INFEASIBLE,INFEASIBLE,INFEASIBLE,INFEASIBLE,INFEASIBLE,INFEASIBLE,INFEASIBLE,INFEASIBLE,INFEASIBLE,INFEASIBLE,INFEASIBLE,INFEASIBLE,INFEASIBLE,INFEASIBLE,INFEASIBLE,INFEASIBLE,INFEASIBLE,INFEASIBLE,INFEASIBLE,INFEASIBLE,,INFEASIBLE,INFEASIBLE,INFEASIBLE,INFEASIBLE,INFEASIBLE,INFEASIBLE,INFEASIBLE,INFEASIBLE,INFEASIBLE,INFEASIBLE,INFEASIBLE,INFEASIBLE,INFEASIBLE,INFEASIBLE,INFEASIBLE,INFEASIBLE,INFEASIBLE,INFEASIBLE,INFEASIBLE,INFEASIBLE,INFEASIBLE,INFEASIBLE,INFEASIBLE,INFEASIBLE,INFEASIBLE,no_trials_in_band
gradual_bias,full,factor_cov_delta,INFEASIBLE,0.5,budget_only,count,INFEASIBLE,INFEASIBLE,INFEASIBLE,INFEASIBLE,INFEASIBLE,INFEASIBLE,INFEASIBLE,INFEASIBLE,INFEASIBLE,INFEASIBLE,INFEASIBLE,INFEASIBLE,INFEASIBLE,INFEASIBLE,INFEASIBLE,INFEASIBLE,INFEASIBLE,INFEASIBLE,INFEASIBLE,INFEASIBLE,INFEASIBLE,INFEASIBLE,INFEASIBLE,,INFEASIBLE,INFEASIBLE,INFEASIBLE,INFEASIBLE,INFEASIBLE,INFEASIBLE,INFEASIBLE,INFEASIBLE,INFEASIBLE,INFEASIBLE,INFEASIBLE,INFEASIBLE,INFEASIBLE,INFEASIBLE,INFEASIBLE,INFEASIBLE,INFEASIBLE,INFEASIBLE,INFEASIBLE,INFEASIBLE,INFEASIBLE,INFEASIBLE,INFEASIBLE,INFEASIBLE,INFEASIBLE,no_trials_in_band
gradual_bias,full,factor_cov_delta,INFEASIBLE,0.75,budget_only,count,INFEASIBLE,INFEASIBLE,INFEASIBLE,INFEASIBLE,INFEASIBLE,INFEASIBLE,INFEASIBLE,INFEASIBLE,INFEASIBLE,INFEASIBLE,INFEASIBLE,INFEASIBLE,INFEASIBLE,INFEASIBLE,INFEASIBLE,INFEASIBLE,INFEASIBLE,INFEASIBLE,INFEASIBLE,INFEASIBLE,INFEASIBLE,INFEASIBLE,INFEASIBLE,,INFEASIBLE,INFEASIBLE,INFEASIBLE,INFEASIBLE,INFEASIBLE,INFEASIBLE,INFEASIBLE,INFEASIBLE,INFEASIBLE,INFEASIBLE,INFEASIBLE,INFEASIBLE,INFEASIBLE,INFEASIBLE,INFEASIBLE,INFEASIBLE,INFEASIBLE,INFEASIBLE,INFEASIBLE,INFEASIBLE,INFEASIBLE,INFEASIBLE,INFEASIBLE,INFEASIBLE,INFEASIBLE,no_trials_in_band
gradual_bias,full,factor_cov_delta,INFEASIBLE,1.0,budget_only,count,INFEASIBLE,INFEASIBLE,INFEASIBLE,INFEASIBLE,INFEASIBLE,INFEASIBLE,INFEASIBLE,INFEASIBLE,INFEASIBLE,INFEASIBLE,INFEASIBLE,INFEASIBLE,INFEASIBLE,INFEASIBLE,INFEASIBLE,INFEASIBLE,INFEASIBLE,INFEASIBLE,INFEASIBLE,INFEASIBLE,INFEASIBLE,INFEASIBLE,INFEASIBLE,,INFEASIBLE,INFEASIBLE,INFEASIBLE,INFEASIBLE,INFEASIBLE,INFEASIBLE,INFEASIBLE,INFEASIBLE,INFEASIBLE,INFEASIBLE,INFEASIBLE,INFEASIBLE,INFEASIBLE,INFEASIBLE,INFEASIBLE,INFEASIBLE,INFEASIBLE,INFEASIBLE,INFEASIBLE,INFEASIBLE,INFEASIBLE,INFEASIBLE,INFEASIBLE,INFEASIBLE,INFEASIBLE,no_trials_in_band
gradual_bias,full,factor_cov_lrt,1.0,0.25,budget_only,count,0.1,0.15,0.1,30,30,30,30,1.0,1.0,1.0,0.9671081677704196,0.10929911699779248,22.466666666666665,0.6333333333333333,0.6333333333333333,0.0,0.7333333333333333,0.3,0.7333333333333333,0.3,0.1,0.3,0.3,4.0,20.5,20.5,20.5,26.0,20.5,26.0,17.5,26.0,20.5,26.0,11.0,11.0,5.769646799116997,0.9685430463576161,0.11095474613686532,0.2724353561220793,-0.03681409864703711,0.9671081677704196,0.10929911699779248,0.09102564102564102,0.06666666666666667,0.03717948717948718,0.07820512820512819,0.0,OK,
gradual_bias,full,factor_cov_lrt,1.0,0.5,budget_only,count,0.1,0.15,0.1,30,30,30,30,1.0,1.0,1.0,0.9671081677704196,0.10929911699779248,22.466666666666665,0.6333333333333333,0.6333333333333333,0.0,0.7333333333333333,0.26666666666666666,0.7333333333333333,0.26666666666666666,0.1,0.26666666666666666,0.26666666666666666,4.0,20.5,20.5,20.5,26.0,20.5,26.0,17.5,26.0,20.5,26.0,11.0,11.0,5.815562913907286,0.9671081677704196,0.11183774834437085,0.2724353561220793,-0.06360874132081677,0.9671081677704196,0.10929911699779248,0.0923076923076923,0.03333333333333333,0.05897435897435899,0.07179487179487179,0.03333333333333333,OK,
gradual_bias,full,factor_cov_lrt,1.0,0.75,budget_only,count,0.1,0.15,0.1,30,30,30,30,1.0,1.0,1.0,0.9671081677704196,0.10929911699779248,22.466666666666665,0.6333333333333333,0.6333333333333333,0.0,0.7333333333333333,0.26666666666666666,0.7333333333333333,0.26666666666666666,0.1,0.26666666666666666,0.26666666666666666,4.0,20.5,20.5,20.5,26.0,20.5,26.0,17.5,26.0,20.5,26.0,13.0,11.0,5.808388520971302,0.9685430463576161,0.11169977924944811,0.2724353561220793,-0.08401445740600637,0.9671081677704196,0.10929911699779248,0.0358974358974359,0.06666666666666667,0.005128205128205127,0.02307692307692308,0.06666666666666667,OK,
gradual_bias,full,factor_cov_lrt,1.0,1.0,budget_only,count,0.1,0.15,0.1,30,30,30,30,1.0,1.0,1.0,0.9671081677704196,0.10929911699779248,22.466666666666665,0.6333333333333333,0.6333333333333333,0.0,0.7333333333333333,0.3,0.7333333333333333,0.3,0.1,0.3,0.3,4.0,20.5,20.5,20.5,26.0,20.5,26.0,17.5,26.0,20.5,26.0,11.0,11.0,5.8471302428256084,0.9656732891832233,0.1124448123620309,0.2724353561220793,-0.04629781997808009,0.9671081677704196,0.10929911699779248,0.08846153846153845,0.1111111111111111,0.05512820512820514,0.07307692307692308,0.11111111111111112,OK,
gradual_bias,full,factor_cov_lrt,INFEASIBLE,0.25,budget_only,count,INFEASIBLE,INFEASIBLE,INFEASIBLE,INFEASIBLE,INFEASIBLE,INFEASIBLE,INFEASIBLE,INFEASIBLE,INFEASIBLE,INFEASIBLE,INFEASIBLE,INFEASIBLE,INFEASIBLE,INFEASIBLE,INFEASIBLE,INFEASIBLE,INFEASIBLE,INFEASIBLE,INFEASIBLE,INFEASIBLE,INFEASIBLE,INFEASIBLE,INFEASIBLE,,INFEASIBLE,INFEASIBLE,INFEASIBLE,INFEASIBLE,INFEASIBLE,INFEASIBLE,INFEASIBLE,INFEASIBLE,INFEASIBLE,INFEASIBLE,INFEASIBLE,INFEASIBLE,INFEASIBLE,INFEASIBLE,INFEASIBLE,INFEASIBLE,INFEASIBLE,INFEASIBLE,INFEASIBLE,INFEASIBLE,INFEASIBLE,INFEASIBLE,INFEASIBLE,INFEASIBLE,INFEASIBLE,no_trials_in_band
gradual_bias,full,factor_cov_lrt,INFEASIBLE,0.5,budget_only,count,INFEASIBLE,INFEASIBLE,INFEASIBLE,INFEASIBLE,INFEASIBLE,INFEASIBLE,INFEASIBLE,INFEASIBLE,INFEASIBLE,INFEASIBLE,INFEASIBLE,INFEASIBLE,INFEASIBLE,INFEASIBLE,INFEASIBLE,INFEASIBLE,INFEASIBLE,INFEASIBLE,INFEASIBLE,INFEASIBLE,INFEASIBLE,INFEASIBLE,INFEASIBLE,,INFEASIBLE,INFEASIBLE,INFEASIBLE,INFEASIBLE,INFEASIBLE,INFEASIBLE,INFEASIBLE,INFEASIBLE,INFEASIBLE,INFEASIBLE,INFEASIBLE,INFEASIBLE,INFEASIBLE,INFEASIBLE,INFEASIBLE,INFEASIBLE,INFEASIBLE,INFEASIBLE,INFEASIBLE,INFEASIBLE,INFEASIBLE,INFEASIBLE,INFEASIBLE,INFEASIBLE,INFEASIBLE,no_trials_in_band
gradual_bias,full,factor_cov_lrt,INFEASIBLE,0.75,budget_only,count,INFEASIBLE,INFEASIBLE,INFEASIBLE,INFEASIBLE,INFEASIBLE,INFEASIBLE,INFEASIBLE,INFEASIBLE,INFEASIBLE,INFEASIBLE,INFEASIBLE,INFEASIBLE,INFEASIBLE,INFEASIBLE,INFEASIBLE,INFEASIBLE,INFEASIBLE,INFEASIBLE,INFEASIBLE,INFEASIBLE,INFEASIBLE,INFEASIBLE,INFEASIBLE,,INFEASIBLE,INFEASIBLE,INFEASIBLE,INFEASIBLE,INFEASIBLE,INFEASIBLE,INFEASIBLE,INFEASIBLE,INFEASIBLE,INFEASIBLE,INFEASIBLE,INFEASIBLE,INFEASIBLE,INFEASIBLE,INFEASIBLE,INFEASIBLE,INFEASIBLE,INFEASIBLE,INFEASIBLE,INFEASIBLE,INFEASIBLE,INFEASIBLE,INFEASIBLE,INFEASIBLE,INFEASIBLE,no_trials_in_band
gradual_bias,full,factor_cov_lrt,INFEASIBLE,1.0,budget_only,count,INFEASIBLE,INFEASIBLE,INFEASIBLE,INFEASIBLE,INFEASIBLE,INFEASIBLE,INFEASIBLE,INFEASIBLE,INFEASIBLE,INFEASIBLE,INFEASIBLE,INFEASIBLE,INFEASIBLE,INFEASIBLE,INFEASIBLE,INFEASIBLE,INFEASIBLE,INFEASIBLE,INFEASIBLE,INFEASIBLE,INFEASIBLE,INFEASIBLE,INFEASIBLE,,INFEASIBLE,INFEASIBLE,INFEASIBLE,INFEASIBLE,INFEASIBLE,INFEASIBLE,INFEASIBLE,INFEASIBLE,INFEASIBLE,INFEASIBLE,INFEASIBLE,INFEASIBLE,INFEASIBLE,INFEASIBLE,INFEASIBLE,INFEASIBLE,INFEASIBLE,INFEASIBLE,INFEASIBLE,INFEASIBLE,INFEASIBLE,INFEASIBLE,INFEASIBLE,INFEASIBLE,INFEASIBLE,no_trials_in_band
gradual_bias,full,factor_cov_lrt_delta,1.0,0.25,budget_only,count,0.1,0.15,0.1,30,30,30,30,1.0,1.0,1.0,0.928366445916115,0.017853200883002206,21.566666666666666,0.36666666666666664,0.43333333333333335,-0.06666666666666671,0.36666666666666664,0.13333333333333333,0.36666666666666664,0.13333333333333333,0.0,0.13333333333333333,0.13333333333333333,4.0,26.0,26.0,26.0,26.0,26.0,26.0,26.0,26.0,26.0,26.0,8.0,8.0,0.9269315673289183,0.9269315673289183,0.01782560706401766,0.00034734485213977197,0.02654661461889724,0.928366445916115,0.017853200883002206,0.002564102564102564,0.0,-0.002564102564102564,0.002564102564102564,0.0,OK,
gradual_bias,full,factor_cov_lrt_delta,1.0,0.5,budget_only,count,0.1,0.15,0.1,30,30,30,30,1.0,1.0,1.0,0.928366445916115,0.017853200883002206,21.566666666666666,0.36666666666666664,0.43333333333333335,-0.06666666666666671,0.36666666666666664,0.13333333333333333,0.36666666666666664,0.13333333333333333,0.0,0.13333333333333333,0.13333333333333333,4.0,26.0,26.0,26.0,26.0,26.0,26.0,26.0,26.0,26.0,26.0,8.0,8.0,0.9269315673289183,0.9269315673289183,0.01782560706401766,0.00034734485213977197,0.06206829196079409,0.928366445916115,0.017853200883002206,0.002564102564102564,0.0,-0.002564102564102564,0.002564102564102564,0.0,OK,
gradual_bias,full,factor_cov_lrt_delta,1.0,0.75,budget_only,count,0.1,0.15,0.1,30,30,30,30,1.0,1.0,1.0,0.928366445916115,0.017853200883002206,21.566666666666666,0.36666666666666664,0.43333333333333335,-0.06666666666666671,0.36666666666666664,0.13333333333333333,0.36666666666666664,0.13333333333333333,0.0,0.13333333333333333,0.13333333333333333,4.0,26.0,26.0,26.0,26.0,26.0,26.0,26.0,26.0,26.0,26.0,8.0,8.0,0.9269315673289183,0.9269315673289183,0.01782560706401766,0.00034734485213977197,0.041658716447855036,0.928366445916115,0.017853200883002206,0.002564102564102564,0.0,-0.002564102564102564,0.002564102564102564,0.0,OK,
gradual_bias,full,factor_cov_lrt_delta,1.0,1.0,budget_only,count,0.1,0.15,0.1,30,30,30,30,1.0,1.0,1.0,0.928366445916115,0.017853200883002206,21.566666666666666,0.36666666666666664,0.43333333333333335,-0.06666666666666671,0.36666666666666664,0.13333333333333333,0.36666666666666664,0.13333333333333333,0.0,0.13333333333333333,0.13333333333333333,4.0,26.0,26.0,26.0,26.0,26.0,26.0,26.0,26.0,26.0,26.0,8.0,8.0,0.9269315673289183,0.9269315673289183,0.01782560706401766,0.00034734485213977197,0.09415932869326288,0.928366445916115,0.017853200883002206,0.002564102564102564,0.0,-0.002564102564102564,0.002564102564102564,0.0,OK,
gradual_bias,full,factor_cov_lrt_delta,INFEASIBLE,0.25,budget_only,count,INFEASIBLE,INFEASIBLE,INFEASIBLE,INFEASIBLE,INFEASIBLE,INFEASIBLE,INFEASIBLE,INFEASIBLE,INFEASIBLE,INFEASIBLE,INFEASIBLE,INFEASIBLE,INFEASIBLE,INFEASIBLE,INFEASIBLE,INFEASIBLE,INFEASIBLE,INFEASIBLE,INFEASIBLE,INFEASIBLE,INFEASIBLE,INFEASIBLE,INFEASIBLE,,INFEASIBLE,INFEASIBLE,INFEASIBLE,INFEASIBLE,INFEASIBLE,INFEASIBLE,INFEASIBLE,INFEASIBLE,INFEASIBLE,INFEASIBLE,INFEASIBLE,INFEASIBLE,INFEASIBLE,INFEASIBLE,INFEASIBLE,INFEASIBLE,INFEASIBLE,INFEASIBLE,INFEASIBLE,INFEASIBLE,INFEASIBLE,INFEASIBLE,INFEASIBLE,INFEASIBLE,INFEASIBLE,no_trials_in_band
gradual_bias,full,factor_cov_lrt_delta,INFEASIBLE,0.5,budget_only,count,INFEASIBLE,INFEASIBLE,INFEASIBLE,INFEASIBLE,INFEASIBLE,INFEASIBLE,INFEASIBLE,INFEASIBLE,INFEASIBLE,INFEASIBLE,INFEASIBLE,INFEASIBLE,INFEASIBLE,INFEASIBLE,INFEASIBLE,INFEASIBLE,INFEASIBLE,INFEASIBLE,INFEASIBLE,INFEASIBLE,INFEASIBLE,INFEASIBLE,INFEASIBLE,,INFEASIBLE,INFEASIBLE,INFEASIBLE,INFEASIBLE,INFEASIBLE,INFEASIBLE,INFEASIBLE,INFEASIBLE,INFEASIBLE,INFEASIBLE,INFEASIBLE,INFEASIBLE,INFEASIBLE,INFEASIBLE,INFEASIBLE,INFEASIBLE,INFEASIBLE,INFEASIBLE,INFEASIBLE,INFEASIBLE,INFEASIBLE,INFEASIBLE,INFEASIBLE,INFEASIBLE,INFEASIBLE,no_trials_in_band
gradual_bias,full,factor_cov_lrt_delta,INFEASIBLE,0.75,budget_only,count,INFEASIBLE,INFEASIBLE,INFEASIBLE,INFEASIBLE,INFEASIBLE,INFEASIBLE,INFEASIBLE,INFEASIBLE,INFEASIBLE,INFEASIBLE,INFEASIBLE,INFEASIBLE,INFEASIBLE,INFEASIBLE,INFEASIBLE,INFEASIBLE,INFEASIBLE,INFEASIBLE,INFEASIBLE,INFEASIBLE,INFEASIBLE,INFEASIBLE,INFEASIBLE,,INFEASIBLE,INFEASIBLE,INFEASIBLE,INFEASIBLE,INFEASIBLE,INFEASIBLE,INFEASIBLE,INFEASIBLE,INFEASIBLE,INFEASIBLE,INFEASIBLE,INFEASIBLE,INFEASIBLE,INFEASIBLE,INFEASIBLE,INFEASIBLE,INFEASIBLE,INFEASIBLE,INFEASIBLE,INFEASIBLE,INFEASIBLE,INFEASIBLE,INFEASIBLE,INFEASIBLE,INFEASIBLE,no_trials_in_band
gradual_bias,full,factor_cov_lrt_delta,INFEASIBLE,1.0,budget_only,count,INFEASIBLE,INFEASIBLE,INFEASIBLE,INFEASIBLE,INFEASIBLE,INFEASIBLE,INFEASIBLE,INFEASIBLE,INFEASIBLE,INFEASIBLE,INFEASIBLE,INFEASIBLE,INFEASIBLE,INFEASIBLE,INFEASIBLE,INFEASIBLE,INFEASIBLE,INFEASIBLE,INFEASIBLE,INFEASIBLE,INFEASIBLE,INFEASIBLE,INFEASIBLE,,INFEASIBLE,INFEASIBLE,INFEASIBLE,INFEASIBLE,INFEASIBLE,INFEASIBLE,INFEASIBLE,INFEASIBLE,INFEASIBLE,INFEASIBLE,INFEASIBLE,INFEASIBLE,INFEASIBLE,INFEASIBLE,INFEASIBLE,INFEASIBLE,INFEASIBLE,INFEASIBLE,INFEASIBLE,INFEASIBLE,INFEASIBLE,INFEASIBLE,INFEASIBLE,INFEASIBLE,INFEASIBLE,no_trials_in_band
gradual_bias,full,fused_fisher,1.0,0.25,budget_only,count,0.1,0.15,0.1,30,30,30,30,1.0,1.0,1.0,0.9699779249448125,0.05060706401766005,22.533333333333335,0.5,0.5,0.0,0.5666666666666667,0.13333333333333333,0.5666666666666667,0.13333333333333333,0.06666666666666667,0.13333333333333333,0.13333333333333333,4.0,25.5,25.5,25.5,26.0,25.5,26.0,21.0,26.0,25.5,26.0,13.0,13.0,2.611479028697571,0.9728476821192055,0.05022075055187638,0.03430374547984691,0.06675604714665369,0.9699779249448125,0.05060706401766005,0.017948717948717947,0.06666666666666667,0.017948717948717947,0.017948717948717947,0.06666666666666667,OK,
gradual_bias,full,fused_fisher,1.0,0.5,budget_only,count,0.1,0.15,0.1,30,30,30,30,1.0,1.0,1.0,0.9699779249448125,0.05060706401766005,22.533333333333335,0.5,0.5,0.0,0.5666666666666667,0.13333333333333333,0.5666666666666667,0.13333333333333333,0.06666666666666667,0.13333333333333333,0.13333333333333333,4.0,25.5,25.5,25.5,26.0,25.5,26.0,21.0,26.0,25.5,26.0,13.0,13.0,2.611479028697571,0.9728476821192055,0.05022075055187638,0.03430374547984691,0.06675604714665369,0.9699779249448125,0.05060706401766005,0.017948717948717947,0.06666666666666667,0.017948717948717947,0.017948717948717947,0.06666666666666667,OK,
gradual_bias,full,fused_fisher,1.0,0.75,budget_only,count,0.1,0.15,0.1,30,30,30,30,1.0,1.0,1.0,0.9699779249448125,0.05060706401766005,22.533333333333335,0.5,0.5,0.0,0.5666666666666667,0.13333333333333333,0.5666666666666667,0.13333333333333333,0.06666666666666667,0.13333333333333333,0.13333333333333333,4.0,25.5,25.5,25.5,26.0,25.5,26.0,21.0,26.0,25.5,26.0,13.0,13.0,2.611479028697571,0.9728476821192055,0.05022075055187638,0.03430374547984691,0.06675604714665369,0.9699779249448125,0.05060706401766005,0.017948717948717947,0.06666666666666667,0.017948717948717947,0.017948717948717947,0.06666666666666667,OK,
gradual_bias,full,fused_fisher,1.0,1.0,budget_only,count,0.1,0.15,0.1,30,30,30,30,1.0,1.0,1.0,0.9699779249448125,0.05060706401766005,22.533333333333335,0.5,0.5,0.0,0.5666666666666667,0.13333333333333333,0.5666666666666667,0.13333333333333333,0.06666666666666667,0.13333333333333333,0.13333333333333333,4.0,25.5,25.5,25.5,26.0,25.5,26.0,21.0,26.0,25.5,26.0,13.0,13.0,2.611479028697571,0.9728476821192055,0.05022075055187638,0.03430374547984691,0.06675604714665369,0.9699779249448125,0.05060706401766005,0.017948717948717947,0.06666666666666667,0.017948717948717947,0.017948717948717947,0.06666666666666667,OK,
gradual_bias,full,fused_fisher,INFEASIBLE,0.25,budget_only,count,INFEASIBLE,INFEASIBLE,INFEASIBLE,INFEASIBLE,INFEASIBLE,INFEASIBLE,INFEASIBLE,INFEASIBLE,INFEASIBLE,INFEASIBLE,INFEASIBLE,INFEASIBLE,INFEASIBLE,INFEASIBLE,INFEASIBLE,INFEASIBLE,INFEASIBLE,INFEASIBLE,INFEASIBLE,INFEASIBLE,INFEASIBLE,INFEASIBLE,INFEASIBLE,,INFEASIBLE,INFEASIBLE,INFEASIBLE,INFEASIBLE,INFEASIBLE,INFEASIBLE,INFEASIBLE,INFEASIBLE,INFEASIBLE,INFEASIBLE,INFEASIBLE,INFEASIBLE,INFEASIBLE,INFEASIBLE,INFEASIBLE,INFEASIBLE,INFEASIBLE,INFEASIBLE,INFEASIBLE,INFEASIBLE,INFEASIBLE,INFEASIBLE,INFEASIBLE,INFEASIBLE,INFEASIBLE,no_trials_in_band
gradual_bias,full,fused_fisher,INFEASIBLE,0.5,budget_only,count,INFEASIBLE,INFEASIBLE,INFEASIBLE,INFEASIBLE,INFEASIBLE,INFEASIBLE,INFEASIBLE,INFEASIBLE,INFEASIBLE,INFEASIBLE,INFEASIBLE,INFEASIBLE,INFEASIBLE,INFEASIBLE,INFEASIBLE,INFEASIBLE,INFEASIBLE,INFEASIBLE,INFEASIBLE,INFEASIBLE,INFEASIBLE,INFEASIBLE,INFEASIBLE,,INFEASIBLE,INFEASIBLE,INFEASIBLE,INFEASIBLE,INFEASIBLE,INFEASIBLE,INFEASIBLE,INFEASIBLE,INFEASIBLE,INFEASIBLE,INFEASIBLE,INFEASIBLE,INFEASIBLE,INFEASIBLE,INFEASIBLE,INFEASIBLE,INFEASIBLE,INFEASIBLE,INFEASIBLE,INFEASIBLE,INFEASIBLE,INFEASIBLE,INFEASIBLE,INFEASIBLE,INFEASIBLE,no_trials_in_band
gradual_bias,full,fused_fisher,INFEASIBLE,0.75,budget_only,count,INFEASIBLE,INFEASIBLE,INFEASIBLE,INFEASIBLE,INFEASIBLE,INFEASIBLE,INFEASIBLE,INFEASIBLE,INFEASIBLE,INFEASIBLE,INFEASIBLE,INFEASIBLE,INFEASIBLE,INFEASIBLE,INFEASIBLE,INFEASIBLE,INFEASIBLE,INFEASIBLE,INFEASIBLE,INFEASIBLE,INFEASIBLE,INFEASIBLE,INFEASIBLE,,INFEASIBLE,INFEASIBLE,INFEASIBLE,INFEASIBLE,INFEASIBLE,INFEASIBLE,INFEASIBLE,INFEASIBLE,INFEASIBLE,INFEASIBLE,INFEASIBLE,INFEASIBLE,INFEASIBLE,INFEASIBLE,INFEASIBLE,INFEASIBLE,INFEASIBLE,INFEASIBLE,INFEASIBLE,INFEASIBLE,INFEASIBLE,INFEASIBLE,INFEASIBLE,INFEASIBLE,INFEASIBLE,no_trials_in_band
gradual_bias,full,fused_fisher,INFEASIBLE,1.0,budget_only,count,INFEASIBLE,INFEASIBLE,INFEASIBLE,INFEASIBLE,INFEASIBLE,INFEASIBLE,INFEASIBLE,INFEASIBLE,INFEASIBLE,INFEASIBLE,INFEASIBLE,INFEASIBLE,INFEASIBLE,INFEASIBLE,INFEASIBLE,INFEASIBLE,INFEASIBLE,INFEASIBLE,INFEASIBLE,INFEASIBLE,INFEASIBLE,INFEASIBLE,INFEASIBLE,,INFEASIBLE,INFEASIBLE,INFEASIBLE,INFEASIBLE,INFEASIBLE,INFEASIBLE,INFEASIBLE,INFEASIBLE,INFEASIBLE,INFEASIBLE,INFEASIBLE,INFEASIBLE,INFEASIBLE,INFEASIBLE,INFEASIBLE,INFEASIBLE,INFEASIBLE,INFEASIBLE,INFEASIBLE,INFEASIBLE,INFEASIBLE,INFEASIBLE,INFEASIBLE,INFEASIBLE,INFEASIBLE,no_trials_in_band
gradual_bias,full,fused_fisher_lrt_delta,1.0,0.25,budget_only,count,0.1,0.15,0.1,30,30,30,30,1.0,1.0,1.0,1.01158940397351,0.025855408388520972,23.5,0.6333333333333333,0.5,0.1333333333333333,0.6333333333333333,0.06666666666666667,0.6333333333333333,0.06666666666666667,0.0,0.06666666666666667,0.06666666666666667,4.0,14.0,23.5,14.0,26.0,23.5,26.0,14.0,26.0,14.0,26.0,8.0,11.0,1.3373068432671082,1.0101545253863136,0.025717439293598234,0.014241159089097342,-0.07937799299377397,1.01158940397351,0.025855408388520972,0.026923076923076925,0.02222222222222222,0.011538461538461537,0.019230769230769232,0.0,OK,
gradual_bias,full,fused_fisher_lrt_delta,1.0,0.5,budget_only,count,0.1,0.15,0.1,30,30,30,30,1.0,1.0,1.0,1.01158940397351,0.025855408388520972,23.5,0.6666666666666666,0.5,0.16666666666666663,0.6666666666666666,0.06666666666666667,0.6666666666666666,0.06666666666666667,0.0,0.06666666666666667,0.06666666666666667,4.0,13.5,23.5,13.5,26.0,23.5,26.0,13.5,26.0,13.5,26.0,8.0,11.0,1.3344370860927153,1.0072847682119206,0.02566225165562914,0.014241159089097342,-0.026689606785228238,1.01158940397351,0.025855408388520972,0.03333333333333333,0.02222222222222222,0.01282051282051282,0.02307692307692307,0.0,OK,
gradual_bias,full,fused_fisher_lrt_delta,1.0,0.75,budget_only,count,0.1,0.15,0.1,30,30,30,30,1.0,1.0,1.0,1.01158940397351,0.025855408388520972,23.5,0.6666666666666666,0.5,0.16666666666666663,0.6666666666666666,0.1,0.6666666666666666,0.1,0.0,0.1,0.1,4.0,13.5,23.5,13.5,26.0,23.5,26.0,13.5,26.0,13.5,26.0,8.0,11.0,1.3358719646799115,1.0072847682119206,0.025689845474613685,0.014241159089097342,-0.021281297031627112,1.01158940397351,0.025855408388520972,0.03333333333333333,0.02222222222222222,0.01282051282051282,0.02307692307692307,0.0,OK,
gradual_bias,full,fused_fisher_lrt_delta,1.0,1.0,budget_only,count,0.1,0.15,0.1,30,30,30,30,1.0,1.0,1.0,1.01158940397351,0.025855408388520972,23.5,0.7,0.5,0.19999999999999996,0.7,0.1,0.7,0.1,0.0,0.1,0.1,4.0,13.5,23.5,13.5,26.0,23.5,26.0,13.5,26.0,13.5,26.0,8.0,11.0,1.3330022075055188,1.005849889624724,0.025634657836644592,0.014241159089097342,-0.029389218946754045,1.01158940397351,0.025855408388520972,0.03461538461538462,0.02222222222222222,0.014102564102564105,0.02435897435897436,0.0,OK,
gradual_bias,full,fused_fisher_lrt_delta,INFEASIBLE,0.25,budget_only,count,INFEASIBLE,INFEASIBLE,INFEASIBLE,INFEASIBLE,INFEASIBLE,INFEASIBLE,INFEASIBLE,INFEASIBLE,INFEASIBLE,INFEASIBLE,INFEASIBLE,INFEASIBLE,INFEASIBLE,INFEASIBLE,INFEASIBLE,INFEASIBLE,INFEASIBLE,INFEASIBLE,INFEASIBLE,INFEASIBLE,INFEASIBLE,INFEASIBLE,INFEASIBLE,,INFEASIBLE,INFEASIBLE,INFEASIBLE,INFEASIBLE,INFEASIBLE,INFEASIBLE,INFEASIBLE,INFEASIBLE,INFEASIBLE,INFEASIBLE,INFEASIBLE,INFEASIBLE,INFEASIBLE,INFEASIBLE,INFEASIBLE,INFEASIBLE,INFEASIBLE,INFEASIBLE,INFEASIBLE,INFEASIBLE,INFEASIBLE,INFEASIBLE,INFEASIBLE,INFEASIBLE,INFEASIBLE,no_trials_in_band
gradual_bias,full,fused_fisher_lrt_delta,INFEASIBLE,0.5,budget_only,count,INFEASIBLE,INFEASIBLE,INFEASIBLE,INFEASIBLE,INFEASIBLE,INFEASIBLE,INFEASIBLE,INFEASIBLE,INFEASIBLE,INFEASIBLE,INFEASIBLE,INFEASIBLE,INFEASIBLE,INFEASIBLE,INFEASIBLE,INFEASIBLE,INFEASIBLE,INFEASIBLE,INFEASIBLE,INFEASIBLE,INFEASIBLE,INFEASIBLE,INFEASIBLE,,INFEASIBLE,INFEASIBLE,INFEASIBLE,INFEASIBLE,INFEASIBLE,INFEASIBLE,INFEASIBLE,INFEASIBLE,INFEASIBLE,INFEASIBLE,INFEASIBLE,INFEASIBLE,INFEASIBLE,INFEASIBLE,INFEASIBLE,INFEASIBLE,INFEASIBLE,INFEASIBLE,INFEASIBLE,INFEASIBLE,INFEASIBLE,INFEASIBLE,INFEASIBLE,INFEASIBLE,INFEASIBLE,no_trials_in_band
gradual_bias,full,fused_fisher_lrt_delta,INFEASIBLE,0.75,budget_only,count,INFEASIBLE,INFEASIBLE,INFEASIBLE,INFEASIBLE,INFEASIBLE,INFEASIBLE,INFEASIBLE,INFEASIBLE,INFEASIBLE,INFEASIBLE,INFEASIBLE,INFEASIBLE,INFEASIBLE,INFEASIBLE,INFEASIBLE,INFEASIBLE,INFEASIBLE,INFEASIBLE,INFEASIBLE,INFEASIBLE,INFEASIBLE,INFEASIBLE,INFEASIBLE,,INFEASIBLE,INFEASIBLE,INFEASIBLE,INFEASIBLE,INFEASIBLE,INFEASIBLE,INFEASIBLE,INFEASIBLE,INFEASIBLE,INFEASIBLE,INFEASIBLE,INFEASIBLE,INFEASIBLE,INFEASIBLE,INFEASIBLE,INFEASIBLE,INFEASIBLE,INFEASIBLE,INFEASIBLE,INFEASIBLE,INFEASIBLE,INFEASIBLE,INFEASIBLE,INFEASIBLE,INFEASIBLE,no_trials_in_band
gradual_bias,full,fused_fisher_lrt_delta,INFEASIBLE,1.0,budget_only,count,INFEASIBLE,INFEASIBLE,INFEASIBLE,INFEASIBLE,INFEASIBLE,INFEASIBLE,INFEASIBLE,INFEASIBLE,INFEASIBLE,INFEASIBLE,INFEASIBLE,INFEASIBLE,INFEASIBLE,INFEASIBLE,INFEASIBLE,INFEASIBLE,INFEASIBLE,INFEASIBLE,INFEASIBLE,INFEASIBLE,INFEASIBLE,INFEASIBLE,INFEASIBLE,,INFEASIBLE,INFEASIBLE,INFEASIBLE,INFEASIBLE,INFEASIBLE,INFEASIBLE,INFEASIBLE,INFEASIBLE,INFEASIBLE,INFEASIBLE,INFEASIBLE,INFEASIBLE,INFEASIBLE,INFEASIBLE,INFEASIBLE,INFEASIBLE,INFEASIBLE,INFEASIBLE,INFEASIBLE,INFEASIBLE,INFEASIBLE,INFEASIBLE,INFEASIBLE,INFEASIBLE,INFEASIBLE,no_trials_in_band
gradual_bias,full,fused_sp,1.0,0.25,budget_only,count,0.1,0.15,0.1,30,30,30,30,1.0,1.0,1.0,0.971412803532009,0.0416942604856512,22.566666666666666,0.43333333333333335,0.43333333333333335,0.0,0.43333333333333335,0.06666666666666667,0.43333333333333335,0.06666666666666667,0.0,0.06666666666666667,0.06666666666666667,4.0,26.0,26.0,26.0,26.0,26.0,26.0,26.0,26.0,26.0,26.0,12.0,12.0,2.168101545253863,0.971412803532009,0.0416942604856512,0.022211727528968155,-0.27317144708460894,0.971412803532009,0.0416942604856512,0.0,0.0,0.0,0.0,0.0,OK,
gradual_bias,full,fused_sp,1.0,0.5,budget_only,count,0.1,0.15,0.1,30,30,30,30,1.0,1.0,1.0,0.971412803532009,0.0416942604856512,22.566666666666666,0.43333333333333335,0.43333333333333335,0.0,0.43333333333333335,0.06666666666666667,0.43333333333333335,0.06666666666666667,0.0,0.06666666666666667,0.06666666666666667,4.0,26.0,26.0,26.0,26.0,26.0,26.0,26.0,26.0,26.0,26.0,12.0,12.0,2.168101545253863,0.971412803532009,0.0416942604856512,0.022211727528968155,-0.27317145579297,0.971412803532009,0.0416942604856512,0.0,0.0,0.0,0.0,0.0,OK,
gradual_bias,full,fused_sp,1.0,0.75,budget_only,count,0.1,0.15,0.1,30,30,30,30,1.0,1.0,1.0,0.971412803532009,0.0416942604856512,22.566666666666666,0.43333333333333335,0.43333333333333335,0.0,0.43333333333333335,0.06666666666666667,0.43333333333333335,0.06666666666666667,0.0,0.06666666666666667,0.06666666666666667,4.0,26.0,26.0,26.0,26.0,26.0,26.0,26.0,26.0,26.0,26.0,12.0,12.0,2.168101545253863,0.971412803532009,0.0416942604856512,0.022211727528968155,-0.2731714645012834,0.971412803532009,0.0416942604856512,0.0,0.0,0.0,0.0,0.0,OK,
gradual_bias,full,fused_sp,1.0,1.0,budget_only,count,0.1,0.15,0.1,30,30,30,30,1.0,1.0,1.0,0.971412803532009,0.0416942604856512,22.566666666666666,0.43333333333333335,0.43333333333333335,0.0,0.43333333333333335,0.06666666666666667,0.43333333333333335,0.06666666666666667,0.0,0.06666666666666667,0.06666666666666667,4.0,26.0,26.0,26.0,26.0,26.0,26.0,26.0,26.0,26.0,26.0,12.0,12.0,2.168101545253863,0.971412803532009,0.0416942604856512,0.022211727528968155,-0.27317147320954943,0.971412803532009,0.0416942604856512,0.0,0.0,0.0,0.0,0.0,OK,
gradual_bias,full,fused_sp,INFEASIBLE,0.25,budget_only,count,INFEASIBLE,INFEASIBLE,INFEASIBLE,INFEASIBLE,INFEASIBLE,INFEASIBLE,INFEASIBLE,INFEASIBLE,INFEASIBLE,INFEASIBLE,INFEASIBLE,INFEASIBLE,INFEASIBLE,INFEASIBLE,INFEASIBLE,INFEASIBLE,INFEASIBLE,INFEASIBLE,INFEASIBLE,INFEASIBLE,INFEASIBLE,INFEASIBLE,INFEASIBLE,,INFEASIBLE,INFEASIBLE,INFEASIBLE,INFEASIBLE,INFEASIBLE,INFEASIBLE,INFEASIBLE,INFEASIBLE,INFEASIBLE,INFEASIBLE,INFEASIBLE,INFEASIBLE,INFEASIBLE,INFEASIBLE,INFEASIBLE,INFEASIBLE,INFEASIBLE,INFEASIBLE,INFEASIBLE,INFEASIBLE,INFEASIBLE,INFEASIBLE,INFEASIBLE,INFEASIBLE,INFEASIBLE,no_trials_in_band
gradual_bias,full,fused_sp,INFEASIBLE,0.5,budget_only,count,INFEASIBLE,INFEASIBLE,INFEASIBLE,INFEASIBLE,INFEASIBLE,INFEASIBLE,INFEASIBLE,INFEASIBLE,INFEASIBLE,INFEASIBLE,INFEASIBLE,INFEASIBLE,INFEASIBLE,INFEASIBLE,INFEASIBLE,INFEASIBLE,INFEASIBLE,INFEASIBLE,INFEASIBLE,INFEASIBLE,INFEASIBLE,INFEASIBLE,INFEASIBLE,,INFEASIBLE,INFEASIBLE,INFEASIBLE,INFEASIBLE,INFEASIBLE,INFEASIBLE,INFEASIBLE,INFEASIBLE,INFEASIBLE,INFEASIBLE,INFEASIBLE,INFEASIBLE,INFEASIBLE,INFEASIBLE,INFEASIBLE,INFEASIBLE,INFEASIBLE,INFEASIBLE,INFEASIBLE,INFEASIBLE,INFEASIBLE,INFEASIBLE,INFEASIBLE,INFEASIBLE,INFEASIBLE,no_trials_in_band
gradual_bias,full,fused_sp,INFEASIBLE,0.75,budget_only,count,INFEASIBLE,INFEASIBLE,INFEASIBLE,INFEASIBLE,INFEASIBLE,INFEASIBLE,INFEASIBLE,INFEASIBLE,INFEASIBLE,INFEASIBLE,INFEASIBLE,INFEASIBLE,INFEASIBLE,INFEASIBLE,INFEASIBLE,INFEASIBLE,INFEASIBLE,INFEASIBLE,INFEASIBLE,INFEASIBLE,INFEASIBLE,INFEASIBLE,INFEASIBLE,,INFEASIBLE,INFEASIBLE,INFEASIBLE,INFEASIBLE,INFEASIBLE,INFEASIBLE,INFEASIBLE,INFEASIBLE,INFEASIBLE,INFEASIBLE,INFEASIBLE,INFEASIBLE,INFEASIBLE,INFEASIBLE,INFEASIBLE,INFEASIBLE,INFEASIBLE,INFEASIBLE,INFEASIBLE,INFEASIBLE,INFEASIBLE,INFEASIBLE,INFEASIBLE,INFEASIBLE,INFEASIBLE,no_trials_in_band
gradual_bias,full,fused_sp,INFEASIBLE,1.0,budget_only,count,INFEASIBLE,INFEASIBLE,INFEASIBLE,INFEASIBLE,INFEASIBLE,INFEASIBLE,INFEASIBLE,INFEASIBLE,INFEASIBLE,INFEASIBLE,INFEASIBLE,INFEASIBLE,INFEASIBLE,INFEASIBLE,INFEASIBLE,INFEASIBLE,INFEASIBLE,INFEASIBLE,INFEASIBLE,INFEASIBLE,INFEASIBLE,INFEASIBLE,INFEASIBLE,,INFEASIBLE,INFEASIBLE,INFEASIBLE,INFEASIBLE,INFEASIBLE,INFEASIBLE,INFEASIBLE,INFEASIBLE,INFEASIBLE,INFEASIBLE,INFEASIBLE,INFEASIBLE,INFEASIBLE,INFEASIBLE,INFEASIBLE,INFEASIBLE,INFEASIBLE,INFEASIBLE,INFEASIBLE,INFEASIBLE,INFEASIBLE,INFEASIBLE,INFEASIBLE,INFEASIBLE,INFEASIBLE,no_trials_in_band
gradual_bias,full,fused_sp_lrt_delta,1.0,0.25,budget_only,count,0.1,0.15,0.1,30,30,30,30,1.0,1.0,1.0,0.928366445916115,0.018681015452538634,21.566666666666666,0.36666666666666664,0.43333333333333335,-0.06666666666666671,0.36666666666666664,0.13333333333333333,0.36666666666666664,0.13333333333333333,0.0,0.13333333333333333,0.13333333333333333,4.0,26.0,26.0,26.0,26.0,26.0,26.0,26.0,26.0,26.0,26.0,8.0,8.0,0.9685430463576161,0.9269315673289183,0.018625827814569538,0.00034734485213977197,-0.34449370489558456,0.928366445916115,0.018681015452538634,0.002564102564102564,0.0,-0.002564102564102564,0.002564102564102564,0.0,OK,
gradual_bias,full,fused_sp_lrt_delta,1.0,0.5,budget_only,count,0.1,0.15,0.1,30,30,30,30,1.0,1.0,1.0,0.928366445916115,0.018681015452538634,21.566666666666666,0.36666666666666664,0.43333333333333335,-0.06666666666666671,0.36666666666666664,0.13333333333333333,0.36666666666666664,0.13333333333333333,0.0,0.13333333333333333,0.13333333333333333,4.0,26.0,26.0,26.0,26.0,26.0,26.0,26.0,26.0,26.0,26.0,8.0,8.0,0.9685430463576161,0.9269315673289183,0.018625827814569538,0.00034734485213977197,-0.3330129109634363,0.928366445916115,0.018681015452538634,0.002564102564102564,0.0,-0.002564102564102564,0.002564102564102564,0.0,OK,
gradual_bias,full,fused_sp_lrt_delta,1.0,0.75,budget_only,count,0.1,0.15,0.1,30,30,30,30,1.0,1.0,1.0,0.928366445916115,0.018681015452538634,21.566666666666666,0.36666666666666664,0.43333333333333335,-0.06666666666666671,0.36666666666666664,0.13333333333333333,0.36666666666666664,0.13333333333333333,0.0,0.13333333333333333,0.13333333333333333,4.0,26.0,26.0,26.0,26.0,26.0,26.0,26.0,26.0,26.0,26.0,8.0,8.0,0.9685430463576161,0.9269315673289183,0.018625827814569538,0.00034734485213977197,-0.35009628336931964,0.928366445916115,0.018681015452538634,0.002564102564102564,0.0,-0.002564102564102564,0.002564102564102564,0.0,OK,
gradual_bias,full,fused_sp_lrt_delta,1.0,1.0,budget_only,count,0.1,0.15,0.1,30,30,30,30,1.0,1.0,1.0,0.928366445916115,0.018681015452538634,21.566666666666666,0.36666666666666664,0.43333333333333335,-0.06666666666666671,0.36666666666666664,0.13333333333333333,0.36666666666666664,0.13333333333333333,0.0,0.13333333333333333,0.13333333333333333,4.0,26.0,26.0,26.0,26.0,26.0,26.0,26.0,26.0,26.0,26.0,8.0,8.0,0.9685430463576161,0.9269315673289183,0.018625827814569538,0.00034734485213977197,-0.34930537969042325,0.928366445916115,0.018681015452538634,0.002564102564102564,0.0,-0.002564102564102564,0.002564102564102564,0.0,OK,
gradual_bias,full,fused_sp_lrt_delta,INFEASIBLE,0.25,budget_only,count,INFEASIBLE,INFEASIBLE,INFEASIBLE,INFEASIBLE,INFEASIBLE,INFEASIBLE,INFEASIBLE,INFEASIBLE,INFEASIBLE,INFEASIBLE,INFEASIBLE,INFEASIBLE,INFEASIBLE,INFEASIBLE,INFEASIBLE,INFEASIBLE,INFEASIBLE,INFEASIBLE,INFEASIBLE,INFEASIBLE,INFEASIBLE,INFEASIBLE,INFEASIBLE,,INFEASIBLE,INFEASIBLE,INFEASIBLE,INFEASIBLE,INFEASIBLE,INFEASIBLE,INFEASIBLE,INFEASIBLE,INFEASIBLE,INFEASIBLE,INFEASIBLE,INFEASIBLE,INFEASIBLE,INFEASIBLE,INFEASIBLE,INFEASIBLE,INFEASIBLE,INFEASIBLE,INFEASIBLE,INFEASIBLE,INFEASIBLE,INFEASIBLE,INFEASIBLE,INFEASIBLE,INFEASIBLE,no_trials_in_band
gradual_bias,full,fused_sp_lrt_delta,INFEASIBLE,0.5,budget_only,count,INFEASIBLE,INFEASIBLE,INFEASIBLE,INFEASIBLE,INFEASIBLE,INFEASIBLE,INFEASIBLE,INFEASIBLE,INFEASIBLE,INFEASIBLE,INFEASIBLE,INFEASIBLE,INFEASIBLE,INFEASIBLE,INFEASIBLE,INFEASIBLE,INFEASIBLE,INFEASIBLE,INFEASIBLE,INFEASIBLE,INFEASIBLE,INFEASIBLE,INFEASIBLE,,INFEASIBLE,INFEASIBLE,INFEASIBLE,INFEASIBLE,INFEASIBLE,INFEASIBLE,INFEASIBLE,INFEASIBLE,INFEASIBLE,INFEASIBLE,INFEASIBLE,INFEASIBLE,INFEASIBLE,INFEASIBLE,INFEASIBLE,INFEASIBLE,INFEASIBLE,INFEASIBLE,INFEASIBLE,INFEASIBLE,INFEASIBLE,INFEASIBLE,INFEASIBLE,INFEASIBLE,INFEASIBLE,no_trials_in_band
gradual_bias,full,fused_sp_lrt_delta,INFEASIBLE,0.75,budget_only,count,INFEASIBLE,INFEASIBLE,INFEASIBLE,INFEASIBLE,INFEASIBLE,INFEASIBLE,INFEASIBLE,INFEASIBLE,INFEASIBLE,INFEASIBLE,INFEASIBLE,INFEASIBLE,INFEASIBLE,INFEASIBLE,INFEASIBLE,INFEASIBLE,INFEASIBLE,INFEASIBLE,INFEASIBLE,INFEASIBLE,INFEASIBLE,INFEASIBLE,INFEASIBLE,,INFEASIBLE,INFEASIBLE,INFEASIBLE,INFEASIBLE,INFEASIBLE,INFEASIBLE,INFEASIBLE,INFEASIBLE,INFEASIBLE,INFEASIBLE,INFEASIBLE,INFEASIBLE,INFEASIBLE,INFEASIBLE,INFEASIBLE,INFEASIBLE,INFEASIBLE,INFEASIBLE,INFEASIBLE,INFEASIBLE,INFEASIBLE,INFEASIBLE,INFEASIBLE,INFEASIBLE,INFEASIBLE,no_trials_in_band
gradual_bias,full,fused_sp_lrt_delta,INFEASIBLE,1.0,budget_only,count,INFEASIBLE,INFEASIBLE,INFEASIBLE,INFEASIBLE,INFEASIBLE,INFEASIBLE,INFEASIBLE,INFEASIBLE,INFEASIBLE,INFEASIBLE,INFEASIBLE,INFEASIBLE,INFEASIBLE,INFEASIBLE,INFEASIBLE,INFEASIBLE,INFEASIBLE,INFEASIBLE,INFEASIBLE,INFEASIBLE,INFEASIBLE,INFEASIBLE,INFEASIBLE,,INFEASIBLE,INFEASIBLE,INFEASIBLE,INFEASIBLE,INFEASIBLE,INFEASIBLE,INFEASIBLE,INFEASIBLE,INFEASIBLE,INFEASIBLE,INFEASIBLE,INFEASIBLE,INFEASIBLE,INFEASIBLE,INFEASIBLE,INFEASIBLE,INFEASIBLE,INFEASIBLE,INFEASIBLE,INFEASIBLE,INFEASIBLE,INFEASIBLE,INFEASIBLE,INFEASIBLE,INFEASIBLE,no_trials_in_band
gradual_bias,full,max_abs,1.0,0.25,budget_only,count,0.1,0.15,0.1,30,30,30,30,1.0,1.0,1.0,1.057505518763797,0.03824503311258278,24.566666666666666,0.7,0.43333333333333335,0.2666666666666666,0.7333333333333333,0.16666666666666666,0.7333333333333333,0.16666666666666666,0.03333333333333333,0.16666666666666666,0.16666666666666666,4.0,15.0,26.0,15.0,26.0,26.0,26.0,13.5,26.0,15.0,26.0,9.0,9.0,1.9887417218543049,1.057505518763797,0.03824503311258278,0.12491668246408093,0.0,1.057505518763797,0.03824503311258278,0.010256410256410256,0.0,0.010256410256410256,0.010256410256410256,0.0,OK,
gradual_bias,full,max_abs,1.0,0.5,budget_only,count,0.1,0.15,0.1,30,30,30,30,1.0,1.0,1.0,1.057505518763797,0.03824503311258278,24.566666666666666,0.7,0.43333333333333335,0.2666666666666666,0.7333333333333333,0.16666666666666666,0.7333333333333333,0.16666666666666666,0.03333333333333333,0.16666666666666666,0.16666666666666666,4.0,15.0,26.0,15.0,26.0,26.0,26.0,13.5,26.0,15.0,26.0,9.0,9.0,1.9887417218543049,1.057505518763797,0.03824503311258278,0.12491668246408093,0.0,1.057505518763797,0.03824503311258278,0.010256410256410256,0.0,0.010256410256410256,0.010256410256410256,0.0,OK,
gradual_bias,full,max_abs,1.0,0.75,budget_only,count,0.1,0.15,0.1,30,30,30,30,1.0,1.0,1.0,1.057505518763797,0.03824503311258278,24.566666666666666,0.7,0.43333333333333335,0.2666666666666666,0.7333333333333333,0.16666666666666666,0.7333333333333333,0.16666666666666666,0.03333333333333333,0.16666666666666666,0.16666666666666666,4.0,15.0,26.0,15.0,26.0,26.0,26.0,13.5,26.0,15.0,26.0,9.0,9.0,1.9887417218543049,1.057505518763797,0.03824503311258278,0.12491668246408093,0.0,1.057505518763797,0.03824503311258278,0.010256410256410256,0.0,0.010256410256410256,0.010256410256410256,0.0,OK,
gradual_bias,full,max_abs,1.0,1.0,budget_only,count,0.1,0.15,0.1,30,30,30,30,1.0,1.0,1.0,1.057505518763797,0.03824503311258278,24.566666666666666,0.7,0.43333333333333335,0.2666666666666666,0.7333333333333333,0.16666666666666666,0.7333333333333333,0.16666666666666666,0.03333333333333333,0.16666666666666666,0.16666666666666666,4.0,15.0,26.0,15.0,26.0,26.0,26.0,13.5,26.0,15.0,26.0,9.0,9.0,1.9887417218543049,1.057505518763797,0.03824503311258278,0.12491668246408093,0.0,1.057505518763797,0.03824503311258278,0.010256410256410256,0.0,0.010256410256410256,0.010256410256410256,0.0,OK,
gradual_bias,full,max_abs,INFEASIBLE,0.25,budget_only,count,INFEASIBLE,INFEASIBLE,INFEASIBLE,INFEASIBLE,INFEASIBLE,INFEASIBLE,INFEASIBLE,INFEASIBLE,INFEASIBLE,INFEASIBLE,INFEASIBLE,INFEASIBLE,INFEASIBLE,INFEASIBLE,INFEASIBLE,INFEASIBLE,INFEASIBLE,INFEASIBLE,INFEASIBLE,INFEASIBLE,INFEASIBLE,INFEASIBLE,INFEASIBLE,,INFEASIBLE,INFEASIBLE,INFEASIBLE,INFEASIBLE,INFEASIBLE,INFEASIBLE,INFEASIBLE,INFEASIBLE,INFEASIBLE,INFEASIBLE,INFEASIBLE,INFEASIBLE,INFEASIBLE,INFEASIBLE,INFEASIBLE,INFEASIBLE,INFEASIBLE,INFEASIBLE,INFEASIBLE,INFEASIBLE,INFEASIBLE,INFEASIBLE,INFEASIBLE,INFEASIBLE,INFEASIBLE,no_trials_in_band
gradual_bias,full,max_abs,INFEASIBLE,0.5,budget_only,count,INFEASIBLE,INFEASIBLE,INFEASIBLE,INFEASIBLE,INFEASIBLE,INFEASIBLE,INFEASIBLE,INFEASIBLE,INFEASIBLE,INFEASIBLE,INFEASIBLE,INFEASIBLE,INFEASIBLE,INFEASIBLE,INFEASIBLE,INFEASIBLE,INFEASIBLE,INFEASIBLE,INFEASIBLE,INFEASIBLE,INFEASIBLE,INFEASIBLE,INFEASIBLE,,INFEASIBLE,INFEASIBLE,INFEASIBLE,INFEASIBLE,INFEASIBLE,INFEASIBLE,INFEASIBLE,INFEASIBLE,INFEASIBLE,INFEASIBLE,INFEASIBLE,INFEASIBLE,INFEASIBLE,INFEASIBLE,INFEASIBLE,INFEASIBLE,INFEASIBLE,INFEASIBLE,INFEASIBLE,INFEASIBLE,INFEASIBLE,INFEASIBLE,INFEASIBLE,INFEASIBLE,INFEASIBLE,no_trials_in_band
gradual_bias,full,max_abs,INFEASIBLE,0.75,budget_only,count,INFEASIBLE,INFEASIBLE,INFEASIBLE,INFEASIBLE,INFEASIBLE,INFEASIBLE,INFEASIBLE,INFEASIBLE,INFEASIBLE,INFEASIBLE,INFEASIBLE,INFEASIBLE,INFEASIBLE,INFEASIBLE,INFEASIBLE,INFEASIBLE,INFEASIBLE,INFEASIBLE,INFEASIBLE,INFEASIBLE,INFEASIBLE,INFEASIBLE,INFEASIBLE,,INFEASIBLE,INFEASIBLE,INFEASIBLE,INFEASIBLE,INFEASIBLE,INFEASIBLE,INFEASIBLE,INFEASIBLE,INFEASIBLE,INFEASIBLE,INFEASIBLE,INFEASIBLE,INFEASIBLE,INFEASIBLE,INFEASIBLE,INFEASIBLE,INFEASIBLE,INFEASIBLE,INFEASIBLE,INFEASIBLE,INFEASIBLE,INFEASIBLE,INFEASIBLE,INFEASIBLE,INFEASIBLE,no_trials_in_band
gradual_bias,full,max_abs,INFEASIBLE,1.0,budget_only,count,INFEASIBLE,INFEASIBLE,INFEASIBLE,INFEASIBLE,INFEASIBLE,INFEASIBLE,INFEASIBLE,INFEASIBLE,INFEASIBLE,INFEASIBLE,INFEASIBLE,INFEASIBLE,INFEASIBLE,INFEASIBLE,INFEASIBLE,INFEASIBLE,INFEASIBLE,INFEASIBLE,INFEASIBLE,INFEASIBLE,INFEASIBLE,INFEASIBLE,INFEASIBLE,,INFEASIBLE,INFEASIBLE,INFEASIBLE,INFEASIBLE,INFEASIBLE,INFEASIBLE,INFEASIBLE,INFEASIBLE,INFEASIBLE,INFEASIBLE,INFEASIBLE,INFEASIBLE,INFEASIBLE,INFEASIBLE,INFEASIBLE,INFEASIBLE,INFEASIBLE,INFEASIBLE,INFEASIBLE,INFEASIBLE,INFEASIBLE,INFEASIBLE,INFEASIBLE,INFEASIBLE,INFEASIBLE,no_trials_in_band
gradual_bias,full,pc_t2,1.0,0.25,budget_only,count,0.1,0.15,0.1,30,30,30,30,1.0,1.0,1.0,0.9685430463576161,0.022654525386313466,22.5,0.5666666666666667,0.5,0.06666666666666665,0.5666666666666667,0.1,0.5666666666666667,0.1,0.0,0.1,0.1,4.0,20.5,24.5,20.5,26.0,24.5,26.0,20.5,26.0,20.5,26.0,11.0,11.0,1.1751655629139073,0.9656732891832233,0.022599337748344373,0.019973545099172808,-9.108614268005374e-08,0.9685430463576161,0.022654525386313466,0.0038461538461538464,0.01111111111111111,0.0038461538461538464,0.0038461538461538464,-0.01111111111111111,OK,
gradual_bias,full,pc_t2,1.0,0.5,budget_only,count,0.1,0.15,0.1,30,30,30,30,1.0,1.0,1.0,0.9685430463576161,0.022654525386313466,22.5,0.5666666666666667,0.5,0.06666666666666665,0.5666666666666667,0.1,0.5666666666666667,0.1,0.0,0.1,0.1,4.0,20.5,24.5,20.5,26.0,24.5,26.0,20.5,26.0,20.5,26.0,11.0,11.0,1.1751655629139073,0.9656732891832233,0.022599337748344373,0.019973545099172808,-1.8217008790552917e-07,0.9685430463576161,0.022654525386313466,0.0038461538461538464,0.01111111111111111,0.0038461538461538464,0.0038461538461538464,-0.01111111111111111,OK,
gradual_bias,full,pc_t2,1.0,0.75,budget_only,count,0.1,0.15,0.1,30,30,30,30,1.0,1.0,1.0,0.9685430463576161,0.022654525386313466,22.5,0.5666666666666667,0.5,0.06666666666666665,0.5666666666666667,0.1,0.5666666666666667,0.1,0.0,0.1,0.1,4.0,20.5,24.5,20.5,26.0,24.5,26.0,20.5,26.0,20.5,26.0,11.0,11.0,1.1751655629139073,0.9656732891832233,0.022599337748344373,0.019973545099172808,-2.732518356647677e-07,0.9685430463576161,0.022654525386313466,0.0038461538461538464,0.01111111111111111,0.0038461538461538464,0.0038461538461538464,-0.01111111111111111,OK,
gradual_bias,full,pc_t2,1.0,1.0,budget_only,count,0.1,0.15,0.1,30,30,30,30,1.0,1.0,1.0,0.9685430463576161,0.022654525386313466,22.5,0.5666666666666667,0.5,0.06666666666666665,0.5666666666666667,0.1,0.5666666666666667,0.1,0.0,0.1,0.1,4.0,20.5,24.5,20.5,26.0,24.5,26.0,20.5,26.0,20.5,26.0,11.0,11.0,1.1751655629139073,0.9656732891832233,0.022599337748344373,0.019973545099172808,-3.6433138597001083e-07,0.9685430463576161,0.022654525386313466,0.0038461538461538464,0.01111111111111111,0.0038461538461538464,0.0038461538461538464,-0.01111111111111111,OK,
gradual_bias,full,pc_t2,INFEASIBLE,0.25,budget_only,count,INFEASIBLE,INFEASIBLE,INFEASIBLE,INFEASIBLE,INFEASIBLE,INFEASIBLE,INFEASIBLE,INFEASIBLE,INFEASIBLE,INFEASIBLE,INFEASIBLE,INFEASIBLE,INFEASIBLE,INFEASIBLE,INFEASIBLE,INFEASIBLE,INFEASIBLE,INFEASIBLE,INFEASIBLE,INFEASIBLE,INFEASIBLE,INFEASIBLE,INFEASIBLE,,INFEASIBLE,INFEASIBLE,INFEASIBLE,INFEASIBLE,INFEASIBLE,INFEASIBLE,INFEASIBLE,INFEASIBLE,INFEASIBLE,INFEASIBLE,INFEASIBLE,INFEASIBLE,INFEASIBLE,INFEASIBLE,INFEASIBLE,INFEASIBLE,INFEASIBLE,INFEASIBLE,INFEASIBLE,INFEASIBLE,INFEASIBLE,INFEASIBLE,INFEASIBLE,INFEASIBLE,INFEASIBLE,no_trials_in_band
gradual_bias,full,pc_t2,INFEASIBLE,0.5,budget_only,count,INFEASIBLE,INFEASIBLE,INFEASIBLE,INFEASIBLE,INFEASIBLE,INFEASIBLE,INFEASIBLE,INFEASIBLE,INFEASIBLE,INFEASIBLE,INFEASIBLE,INFEASIBLE,INFEASIBLE,INFEASIBLE,INFEASIBLE,INFEASIBLE,INFEASIBLE,INFEASIBLE,INFEASIBLE,INFEASIBLE,INFEASIBLE,INFEASIBLE,INFEASIBLE,,INFEASIBLE,INFEASIBLE,INFEASIBLE,INFEASIBLE,INFEASIBLE,INFEASIBLE,INFEASIBLE,INFEASIBLE,INFEASIBLE,INFEASIBLE,INFEASIBLE,INFEASIBLE,INFEASIBLE,INFEASIBLE,INFEASIBLE,INFEASIBLE,INFEASIBLE,INFEASIBLE,INFEASIBLE,INFEASIBLE,INFEASIBLE,INFEASIBLE,INFEASIBLE,INFEASIBLE,INFEASIBLE,no_trials_in_band
gradual_bias,full,pc_t2,INFEASIBLE,0.75,budget_only,count,INFEASIBLE,INFEASIBLE,INFEASIBLE,INFEASIBLE,INFEASIBLE,INFEASIBLE,INFEASIBLE,INFEASIBLE,INFEASIBLE,INFEASIBLE,INFEASIBLE,INFEASIBLE,INFEASIBLE,INFEASIBLE,INFEASIBLE,INFEASIBLE,INFEASIBLE,INFEASIBLE,INFEASIBLE,INFEASIBLE,INFEASIBLE,INFEASIBLE,INFEASIBLE,,INFEASIBLE,INFEASIBLE,INFEASIBLE,INFEASIBLE,INFEASIBLE,INFEASIBLE,INFEASIBLE,INFEASIBLE,INFEASIBLE,INFEASIBLE,INFEASIBLE,INFEASIBLE,INFEASIBLE,INFEASIBLE,INFEASIBLE,INFEASIBLE,INFEASIBLE,INFEASIBLE,INFEASIBLE,INFEASIBLE,INFEASIBLE,INFEASIBLE,INFEASIBLE,INFEASIBLE,INFEASIBLE,no_trials_in_band
gradual_bias,full,pc_t2,INFEASIBLE,1.0,budget_only,count,INFEASIBLE,INFEASIBLE,INFEASIBLE,INFEASIBLE,INFEASIBLE,INFEASIBLE,INFEASIBLE,INFEASIBLE,INFEASIBLE,INFEASIBLE,INFEASIBLE,INFEASIBLE,INFEASIBLE,INFEASIBLE,INFEASIBLE,INFEASIBLE,INFEASIBLE,INFEASIBLE,INFEASIBLE,INFEASIBLE,INFEASIBLE,INFEASIBLE,INFEASIBLE,,INFEASIBLE,INFEASIBLE,INFEASIBLE,INFEASIBLE,INFEASIBLE,INFEASIBLE,INFEASIBLE,INFEASIBLE,INFEASIBLE,INFEASIBLE,INFEASIBLE,INFEASIBLE,INFEASIBLE,INFEASIBLE,INFEASIBLE,INFEASIBLE,INFEASIBLE,INFEASIBLE,INFEASIBLE,INFEASIBLE,INFEASIBLE,INFEASIBLE,INFEASIBLE,INFEASIBLE,INFEASIBLE,no_trials_in_band
gradual_bias,full,res_energy,1.0,0.25,budget_only,count,0.1,0.15,0.1,30,30,30,30,1.0,1.0,1.0,0.974282560706402,0.03184326710816777,22.633333333333333,0.36666666666666664,0.36666666666666664,0.0,0.36666666666666664,0.1,0.36666666666666664,0.1,0.0,0.1,0.1,4.0,26.0,26.0,26.0,26.0,26.0,26.0,26.0,26.0,26.0,26.0,8.0,8.0,1.6859823399558502,0.9728476821192055,0.032422737306843266,0.016725002102715374,-7.233962696422453e-07,0.974282560706402,0.03184326710816777,0.0,0.01111111111111111,0.0,0.0,0.011111111111111112,OK,
gradual_bias,full,res_energy,1.0,0.5,budget_only,count,0.1,0.15,0.1,30,30,30,30,1.0,1.0,1.0,0.974282560706402,0.03184326710816777,22.633333333333333,0.36666666666666664,0.36666666666666664,0.0,0.36666666666666664,0.1,0.36666666666666664,0.1,0.0,0.1,0.1,4.0,26.0,26.0,26.0,26.0,26.0,26.0,26.0,26.0,26.0,26.0,8.0,8.0,1.6859823399558502,0.9728476821192055,0.032422737306843266,0.016725002102715374,-1.4467163380159857e-06,0.974282560706402,0.03184326710816777,0.0,0.01111111111111111,0.0,0.0,0.011111111111111112,OK,
gradual_bias,full,res_energy,1.0,0.75,budget_only,count,0.1,0.15,0.1,30,30,30,30,1.0,1.0,1.0,0.974282560706402,0.03184326710816777,22.633333333333333,0.36666666666666664,0.36666666666666664,0.0,0.36666666666666664,0.1,0.36666666666666664,0.1,0.0,0.1,0.1,4.0,26.0,26.0,26.0,26.0,26.0,26.0,26.0,26.0,26.0,26.0,8.0,8.0,1.6859823399558502,0.9728476821192055,0.032422737306843266,0.016725002102715374,-2.1699601798484027e-06,0.974282560706402,0.03184326710816777,0.0,0.01111111111111111,0.0,0.0,0.011111111111111112,OK,
gradual_bias,full,res_energy,1.0,1.0,budget_only,count,0.1,0.15,0.1,30,30,30,30,1.0,1.0,1.0,0.974282560706402,0.03184326710816777,22.633333333333333,0.36666666666666664,0.36666666666666664,0.0,0.36666666666666664,0.1,0.36666666666666664,0.1,0.0,0.1,0.1,4.0,26.0,26.0,26.0,26.0,26.0,26.0,26.0,26.0,26.0,26.0,8.0,8.0,1.6859823399558502,0.9728476821192055,0.032422737306843266,0.016725002102715374,-2.893127806793112e-06,0.974282560706402,0.03184326710816777,0.0,0.01111111111111111,0.0,0.0,0.011111111111111112,OK,
gradual_bias,full,res_energy,INFEASIBLE,0.25,budget_only,count,INFEASIBLE,INFEASIBLE,INFEASIBLE,INFEASIBLE,INFEASIBLE,INFEASIBLE,INFEASIBLE,INFEASIBLE,INFEASIBLE,INFEASIBLE,INFEASIBLE,INFEASIBLE,INFEASIBLE,INFEASIBLE,INFEASIBLE,INFEASIBLE,INFEASIBLE,INFEASIBLE,INFEASIBLE,INFEASIBLE,INFEASIBLE,INFEASIBLE,INFEASIBLE,,INFEASIBLE,INFEASIBLE,INFEASIBLE,INFEASIBLE,INFEASIBLE,INFEASIBLE,INFEASIBLE,INFEASIBLE,INFEASIBLE,INFEASIBLE,INFEASIBLE,INFEASIBLE,INFEASIBLE,INFEASIBLE,INFEASIBLE,INFEASIBLE,INFEASIBLE,INFEASIBLE,INFEASIBLE,INFEASIBLE,INFEASIBLE,INFEASIBLE,INFEASIBLE,INFEASIBLE,INFEASIBLE,no_trials_in_band
gradual_bias,full,res_energy,INFEASIBLE,0.5,budget_only,count,INFEASIBLE,INFEASIBLE,INFEASIBLE,INFEASIBLE,INFEASIBLE,INFEASIBLE,INFEASIBLE,INFEASIBLE,INFEASIBLE,INFEASIBLE,INFEASIBLE,INFEASIBLE,INFEASIBLE,INFEASIBLE,INFEASIBLE,INFEASIBLE,INFEASIBLE,INFEASIBLE,INFEASIBLE,INFEASIBLE,INFEASIBLE,INFEASIBLE,INFEASIBLE,,INFEASIBLE,INFEASIBLE,INFEASIBLE,INFEASIBLE,INFEASIBLE,INFEASIBLE,INFEASIBLE,INFEASIBLE,INFEASIBLE,INFEASIBLE,INFEASIBLE,INFEASIBLE,INFEASIBLE,INFEASIBLE,INFEASIBLE,INFEASIBLE,INFEASIBLE,INFEASIBLE,INFEASIBLE,INFEASIBLE,INFEASIBLE,INFEASIBLE,INFEASIBLE,INFEASIBLE,INFEASIBLE,no_trials_in_band
gradual_bias,full,res_energy,INFEASIBLE,0.75,budget_only,count,INFEASIBLE,INFEASIBLE,INFEASIBLE,INFEASIBLE,INFEASIBLE,INFEASIBLE,INFEASIBLE,INFEASIBLE,INFEASIBLE,INFEASIBLE,INFEASIBLE,INFEASIBLE,INFEASIBLE,INFEASIBLE,INFEASIBLE,INFEASIBLE,INFEASIBLE,INFEASIBLE,INFEASIBLE,INFEASIBLE,INFEASIBLE,INFEASIBLE,INFEASIBLE,,INFEASIBLE,INFEASIBLE,INFEASIBLE,INFEASIBLE,INFEASIBLE,INFEASIBLE,INFEASIBLE,INFEASIBLE,INFEASIBLE,INFEASIBLE,INFEASIBLE,INFEASIBLE,INFEASIBLE,INFEASIBLE,INFEASIBLE,INFEASIBLE,INFEASIBLE,INFEASIBLE,INFEASIBLE,INFEASIBLE,INFEASIBLE,INFEASIBLE,INFEASIBLE,INFEASIBLE,INFEASIBLE,no_trials_in_band
gradual_bias,full,res_energy,INFEASIBLE,1.0,budget_only,count,INFEASIBLE,INFEASIBLE,INFEASIBLE,INFEASIBLE,INFEASIBLE,INFEASIBLE,INFEASIBLE,INFEASIBLE,INFEASIBLE,INFEASIBLE,INFEASIBLE,INFEASIBLE,INFEASIBLE,INFEASIBLE,INFEASIBLE,INFEASIBLE,INFEASIBLE,INFEASIBLE,INFEASIBLE,INFEASIBLE,INFEASIBLE,INFEASIBLE,INFEASIBLE,,INFEASIBLE,INFEASIBLE,INFEASIBLE,INFEASIBLE,INFEASIBLE,INFEASIBLE,INFEASIBLE,INFEASIBLE,INFEASIBLE,INFEASIBLE,INFEASIBLE,INFEASIBLE,INFEASIBLE,INFEASIBLE,INFEASIBLE,INFEASIBLE,INFEASIBLE,INFEASIBLE,INFEASIBLE,INFEASIBLE,INFEASIBLE,INFEASIBLE,INFEASIBLE,INFEASIBLE,INFEASIBLE,no_trials_in_band
gradual_bias,full,stale,1.0,0.25,budget_only,count,0.1,0.15,0.1,30,30,0,30,1.0,0.0,1.0,1.0316777041942602,0.49130794701986763,23.966666666666665,0.6,0.6,0.0,1.0,0.5666666666666667,1.0,0.5666666666666667,0.4,0.0,0.0,4.0,19.0,19.0,19.0,26.0,19.0,26.0,3.0,18.200000000000003,19.0,26.0,10.5,10.5,25.548013245033115,1.0316777041942602,0.49130794701986763,1.0000000000000002e-06,0.061576028458122795,1.0316777041942602,0.49130794701986763,0.0,0.0,0.0,0.0,0.0,OK,
gradual_bias,full,stale,1.0,0.5,budget_only,count,0.1,0.15,0.1,30,30,0,30,1.0,0.0,1.0,1.0316777041942602,0.49130794701986763,23.966666666666665,0.6,0.6,0.0,1.0,0.5666666666666667,1.0,0.5666666666666667,0.4,0.0,0.0,4.0,19.0,19.0,19.0,26.0,19.0,26.0,3.0,18.200000000000003,19.0,26.0,10.5,10.5,25.548013245033115,1.0316777041942602,0.49130794701986763,1.0000000000000002e-06,0.061576028458122795,1.0316777041942602,0.49130794701986763,0.0,0.0,0.0,0.0,0.0,OK,
gradual_bias,full,stale,1.0,0.75,budget_only,count,0.1,0.15,0.1,30,30,0,30,1.0,0.0,1.0,1.0316777041942602,0.49130794701986763,23.966666666666665,0.6,0.6,0.0,1.0,0.5666666666666667,1.0,0.5666666666666667,0.4,0.0,0.0,4.0,19.0,19.0,19.0,26.0,19.0,26.0,3.0,18.200000000000003,19.0,26.0,10.5,10.5,25.548013245033115,1.0316777041942602,0.49130794701986763,1.0000000000000002e-06,0.061576028458122795,1.0316777041942602,0.49130794701986763,0.0,0.0,0.0,0.0,0.0,OK,
gradual_bias,full,stale,1.0,1.0,budget_only,count,0.1,0.15,0.1,30,30,0,30,1.0,0.0,1.0,1.0316777041942602,0.49130794701986763,23.966666666666665,0.6,0.6,0.0,1.0,0.5666666666666667,1.0,0.5666666666666667,0.4,0.0,0.0,4.0,19.0,19.0,19.0,26.0,19.0,26.0,3.0,18.200000000000003,19.0,26.0,10.5,10.5,25.548013245033115,1.0316777041942602,0.49130794701986763,1.0000000000000002e-06,0.061576028458122795,1.0316777041942602,0.49130794701986763,0.0,0.0,0.0,0.0,0.0,OK,
gradual_bias,full,stale,INFEASIBLE,0.25,budget_only,count,INFEASIBLE,INFEASIBLE,INFEASIBLE,INFEASIBLE,INFEASIBLE,INFEASIBLE,INFEASIBLE,INFEASIBLE,INFEASIBLE,INFEASIBLE,INFEASIBLE,INFEASIBLE,INFEASIBLE,INFEASIBLE,INFEASIBLE,INFEASIBLE,INFEASIBLE,INFEASIBLE,INFEASIBLE,INFEASIBLE,INFEASIBLE,INFEASIBLE,INFEASIBLE,,INFEASIBLE,INFEASIBLE,INFEASIBLE,INFEASIBLE,INFEASIBLE,INFEASIBLE,INFEASIBLE,INFEASIBLE,INFEASIBLE,INFEASIBLE,INFEASIBLE,INFEASIBLE,INFEASIBLE,INFEASIBLE,INFEASIBLE,INFEASIBLE,INFEASIBLE,INFEASIBLE,INFEASIBLE,INFEASIBLE,INFEASIBLE,INFEASIBLE,INFEASIBLE,INFEASIBLE,INFEASIBLE,no_trials_in_band
gradual_bias,full,stale,INFEASIBLE,0.5,budget_only,count,INFEASIBLE,INFEASIBLE,INFEASIBLE,INFEASIBLE,INFEASIBLE,INFEASIBLE,INFEASIBLE,INFEASIBLE,INFEASIBLE,INFEASIBLE,INFEASIBLE,INFEASIBLE,INFEASIBLE,INFEASIBLE,INFEASIBLE,INFEASIBLE,INFEASIBLE,INFEASIBLE,INFEASIBLE,INFEASIBLE,INFEASIBLE,INFEASIBLE,INFEASIBLE,,INFEASIBLE,INFEASIBLE,INFEASIBLE,INFEASIBLE,INFEASIBLE,INFEASIBLE,INFEASIBLE,INFEASIBLE,INFEASIBLE,INFEASIBLE,INFEASIBLE,INFEASIBLE,INFEASIBLE,INFEASIBLE,INFEASIBLE,INFEASIBLE,INFEASIBLE,INFEASIBLE,INFEASIBLE,INFEASIBLE,INFEASIBLE,INFEASIBLE,INFEASIBLE,INFEASIBLE,INFEASIBLE,no_trials_in_band
gradual_bias,full,stale,INFEASIBLE,0.75,budget_only,count,INFEASIBLE,INFEASIBLE,INFEASIBLE,INFEASIBLE,INFEASIBLE,INFEASIBLE,INFEASIBLE,INFEASIBLE,INFEASIBLE,INFEASIBLE,INFEASIBLE,INFEASIBLE,INFEASIBLE,INFEASIBLE,INFEASIBLE,INFEASIBLE,INFEASIBLE,INFEASIBLE,INFEASIBLE,INFEASIBLE,INFEASIBLE,INFEASIBLE,INFEASIBLE,,INFEASIBLE,INFEASIBLE,INFEASIBLE,INFEASIBLE,INFEASIBLE,INFEASIBLE,INFEASIBLE,INFEASIBLE,INFEASIBLE,INFEASIBLE,INFEASIBLE,INFEASIBLE,INFEASIBLE,INFEASIBLE,INFEASIBLE,INFEASIBLE,INFEASIBLE,INFEASIBLE,INFEASIBLE,INFEASIBLE,INFEASIBLE,INFEASIBLE,INFEASIBLE,INFEASIBLE,INFEASIBLE,no_trials_in_band
gradual_bias,full,stale,INFEASIBLE,1.0,budget_only,count,INFEASIBLE,INFEASIBLE,INFEASIBLE,INFEASIBLE,INFEASIBLE,INFEASIBLE,INFEASIBLE,INFEASIBLE,INFEASIBLE,INFEASIBLE,INFEASIBLE,INFEASIBLE,INFEASIBLE,INFEASIBLE,INFEASIBLE,INFEASIBLE,INFEASIBLE,INFEASIBLE,INFEASIBLE,INFEASIBLE,INFEASIBLE,INFEASIBLE,INFEASIBLE,,INFEASIBLE,INFEASIBLE,INFEASIBLE,INFEASIBLE,INFEASIBLE,INFEASIBLE,INFEASIBLE,INFEASIBLE,INFEASIBLE,INFEASIBLE,INFEASIBLE,INFEASIBLE,INFEASIBLE,INFEASIBLE,INFEASIBLE,INFEASIBLE,INFEASIBLE,INFEASIBLE,INFEASIBLE,INFEASIBLE,INFEASIBLE,INFEASIBLE,INFEASIBLE,INFEASIBLE,INFEASIBLE,no_trials_in_band
gradual_bias,score_only,T2,1.0,0.25,budget_only,count,0.1,0.15,0.1,30,30,30,30,1.0,1.0,1.0,0.9671081677704196,0.027511037527593818,22.466666666666665,0.5333333333333333,0.5333333333333333,0.0,0.5666666666666667,0.1,0.5666666666666667,0.1,0.03333333333333333,0.1,0.1,4.0,22.5,22.5,22.5,26.0,22.5,26.0,20.0,26.0,22.5,26.0,11.0,11.0,1.4305739514348792,0.9671081677704196,0.027511037527593818,0.024415077161048883,-3.660716843608622e-07,0.9671081677704196,0.027511037527593818,0.0,0.0,0.0,0.0,0.0,OK,
gradual_bias,score_only,T2,1.0,0.5,budget_only,count,0.1,0.15,0.1,30,30,30,30,1.0,1.0,1.0,0.9671081677704196,0.027511037527593818,22.466666666666665,0.5333333333333333,0.5333333333333333,0.0,0.5666666666666667,0.1,0.5666666666666667,0.1,0.03333333333333333,0.1,0.1,4.0,22.5,22.5,22.5,26.0,22.5,26.0,20.0,26.0,22.5,26.0,11.0,11.0,1.4305739514348792,0.9671081677704196,0.027511037527593818,0.024415077161048883,-7.320679769558188e-07,0.9671081677704196,0.027511037527593818,0.0,0.0,0.0,0.0,0.0,OK,
gradual_bias,score_only,T2,1.0,0.75,budget_only,count,0.1,0.15,0.1,30,30,30,30,1.0,1.0,1.0,0.9671081677704196,0.027511037527593818,22.466666666666665,0.5333333333333333,0.5333333333333333,0.0,0.5666666666666667,0.1,0.5666666666666667,0.1,0.03333333333333333,0.1,0.1,4.0,22.5,22.5,22.5,26.0,22.5,26.0,20.0,26.0,22.5,26.0,11.0,11.0,1.4305739514348792,0.9671081677704196,0.027511037527593818,0.024415077161048883,-1.0979888768287595e-06,0.9671081677704196,0.027511037527593818,0.0,0.0,0.0,0.0,0.0,OK,
gradual_bias,score_only,T2,1.0,1.0,budget_only,count,0.1,0.15,0.1,30,30,30,30,1.0,1.0,1.0,0.9671081677704196,0.027511037527593818,22.466666666666665,0.5333333333333333,0.5333333333333333,0.0,0.5666666666666667,0.1,0.5666666666666667,0.1,0.03333333333333333,0.1,0.1,4.0,22.5,22.5,22.5,26.0,22.5,26.0,20.0,26.0,22.5,26.0,11.0,11.0,1.4305739514348792,0.9671081677704196,0.027511037527593818,0.024415077161048883,-1.463834385508145e-06,0.9671081677704196,0.027511037527593818,0.0,0.0,0.0,0.0,0.0,OK,
gradual_bias,score_only,T2,INFEASIBLE,0.25,budget_only,count,INFEASIBLE,INFEASIBLE,INFEASIBLE,INFEASIBLE,INFEASIBLE,INFEASIBLE,INFEASIBLE,INFEASIBLE,INFEASIBLE,INFEASIBLE,INFEASIBLE,INFEASIBLE,INFEASIBLE,INFEASIBLE,INFEASIBLE,INFEASIBLE,INFEASIBLE,INFEASIBLE,INFEASIBLE,INFEASIBLE,INFEASIBLE,INFEASIBLE,INFEASIBLE,,INFEASIBLE,INFEASIBLE,INFEASIBLE,INFEASIBLE,INFEASIBLE,INFEASIBLE,INFEASIBLE,INFEASIBLE,INFEASIBLE,INFEASIBLE,INFEASIBLE,INFEASIBLE,INFEASIBLE,INFEASIBLE,INFEASIBLE,INFEASIBLE,INFEASIBLE,INFEASIBLE,INFEASIBLE,INFEASIBLE,INFEASIBLE,INFEASIBLE,INFEASIBLE,INFEASIBLE,INFEASIBLE,no_trials_in_band
gradual_bias,score_only,T2,INFEASIBLE,0.5,budget_only,count,INFEASIBLE,INFEASIBLE,INFEASIBLE,INFEASIBLE,INFEASIBLE,INFEASIBLE,INFEASIBLE,INFEASIBLE,INFEASIBLE,INFEASIBLE,INFEASIBLE,INFEASIBLE,INFEASIBLE,INFEASIBLE,INFEASIBLE,INFEASIBLE,INFEASIBLE,INFEASIBLE,INFEASIBLE,INFEASIBLE,INFEASIBLE,INFEASIBLE,INFEASIBLE,,INFEASIBLE,INFEASIBLE,INFEASIBLE,INFEASIBLE,INFEASIBLE,INFEASIBLE,INFEASIBLE,INFEASIBLE,INFEASIBLE,INFEASIBLE,INFEASIBLE,INFEASIBLE,INFEASIBLE,INFEASIBLE,INFEASIBLE,INFEASIBLE,INFEASIBLE,INFEASIBLE,INFEASIBLE,INFEASIBLE,INFEASIBLE,INFEASIBLE,INFEASIBLE,INFEASIBLE,INFEASIBLE,no_trials_in_band
gradual_bias,score_only,T2,INFEASIBLE,0.75,budget_only,count,INFEASIBLE,INFEASIBLE,INFEASIBLE,INFEASIBLE,INFEASIBLE,INFEASIBLE,INFEASIBLE,INFEASIBLE,INFEASIBLE,INFEASIBLE,INFEASIBLE,INFEASIBLE,INFEASIBLE,INFEASIBLE,INFEASIBLE,INFEASIBLE,INFEASIBLE,INFEASIBLE,INFEASIBLE,INFEASIBLE,INFEASIBLE,INFEASIBLE,INFEASIBLE,,INFEASIBLE,INFEASIBLE,INFEASIBLE,INFEASIBLE,INFEASIBLE,INFEASIBLE,INFEASIBLE,INFEASIBLE,INFEASIBLE,INFEASIBLE,INFEASIBLE,INFEASIBLE,INFEASIBLE,INFEASIBLE,INFEASIBLE,INFEASIBLE,INFEASIBLE,INFEASIBLE,INFEASIBLE,INFEASIBLE,INFEASIBLE,INFEASIBLE,INFEASIBLE,INFEASIBLE,INFEASIBLE,no_trials_in_band
gradual_bias,score_only,T2,INFEASIBLE,1.0,budget_only,count,INFEASIBLE,INFEASIBLE,INFEASIBLE,INFEASIBLE,INFEASIBLE,INFEASIBLE,INFEASIBLE,INFEASIBLE,INFEASIBLE,INFEASIBLE,INFEASIBLE,INFEASIBLE,INFEASIBLE,INFEASIBLE,INFEASIBLE,INFEASIBLE,INFEASIBLE,INFEASIBLE,INFEASIBLE,INFEASIBLE,INFEASIBLE,INFEASIBLE,INFEASIBLE,,INFEASIBLE,INFEASIBLE,INFEASIBLE,INFEASIBLE,INFEASIBLE,INFEASIBLE,INFEASIBLE,INFEASIBLE,INFEASIBLE,INFEASIBLE,INFEASIBLE,INFEASIBLE,INFEASIBLE,INFEASIBLE,INFEASIBLE,INFEASIBLE,INFEASIBLE,INFEASIBLE,INFEASIBLE,INFEASIBLE,INFEASIBLE,INFEASIBLE,INFEASIBLE,INFEASIBLE,INFEASIBLE,no_trials_in_band
gradual_bias,score_only,coh_resid_energy,1.0,0.25,budget_only,count,0.1,0.15,0.1,30,30,30,30,1.0,1.0,1.0,0.9298013245033115,0.019481236203090505,21.6,0.4,0.4,0.0,0.4,0.13333333333333333,0.4,0.13333333333333333,0.0,0.13333333333333333,0.13333333333333333,4.0,26.0,26.0,26.0,26.0,26.0,26.0,26.0,26.0,26.0,26.0,13.5,13.5,1.0130242825607063,0.9298013245033115,0.019481236203090505,0.014241159089097342,-3.3934769524844777e-07,0.9298013245033115,0.019481236203090505,0.0,0.0,0.0,0.0,0.0,OK,
gradual_bias,score_only,coh_resid_energy,1.0,0.5,budget_only,count,0.1,0.15,0.1,30,30,30,30,1.0,1.0,1.0,0.9298013245033115,0.019481236203090505,21.6,0.4,0.4,0.0,0.4,0.13333333333333333,0.4,0.13333333333333333,0.0,0.13333333333333333,0.13333333333333333,4.0,26.0,26.0,26.0,26.0,26.0,26.0,26.0,26.0,26.0,26.0,13.5,13.5,1.0130242825607063,0.9298013245033115,0.019481236203090505,0.014241159089097342,-6.786929288815414e-07,0.9298013245033115,0.019481236203090505,0.0,0.0,0.0,0.0,0.0,OK,
gradual_bias,score_only,coh_resid_energy,1.0,0.75,budget_only,count,0.1,0.15,0.1,30,30,30,30,1.0,1.0,1.0,0.9298013245033115,0.019481236203090505,21.6,0.4,0.4,0.0,0.4,0.13333333333333333,0.4,0.13333333333333333,0.0,0.13333333333333333,0.13333333333333333,4.0,26.0,26.0,26.0,26.0,26.0,26.0,26.0,26.0,26.0,26.0,13.5,13.5,1.0130242825607063,0.9298013245033115,0.019481236203090505,0.014241159089097342,-1.0180357008957887e-06,0.9298013245033115,0.019481236203090505,0.0,0.0,0.0,0.0,0.0,OK,
gradual_bias,score_only,coh_resid_energy,1.0,1.0,budget_only,count,0.1,0.15,0.1,30,30,30,30,1.0,1.0,1.0,0.9298013245033115,0.019481236203090505,21.6,0.4,0.4,0.0,0.4,0.13333333333333333,0.4,0.13333333333333333,0.0,0.13333333333333333,0.13333333333333333,4.0,26.0,26.0,26.0,26.0,26.0,26.0,26.0,26.0,26.0,26.0,13.5,13.5,1.0130242825607063,0.9298013245033115,0.019481236203090505,0.014241159089097342,-1.3573760112716022e-06,0.9298013245033115,0.019481236203090505,0.0,0.0,0.0,0.0,0.0,OK,
gradual_bias,score_only,coh_resid_energy,INFEASIBLE,0.25,budget_only,count,INFEASIBLE,INFEASIBLE,INFEASIBLE,INFEASIBLE,INFEASIBLE,INFEASIBLE,INFEASIBLE,INFEASIBLE,INFEASIBLE,INFEASIBLE,INFEASIBLE,INFEASIBLE,INFEASIBLE,INFEASIBLE,INFEASIBLE,INFEASIBLE,INFEASIBLE,INFEASIBLE,INFEASIBLE,INFEASIBLE,INFEASIBLE,INFEASIBLE,INFEASIBLE,,INFEASIBLE,INFEASIBLE,INFEASIBLE,INFEASIBLE,INFEASIBLE,INFEASIBLE,INFEASIBLE,INFEASIBLE,INFEASIBLE,INFEASIBLE,INFEASIBLE,INFEASIBLE,INFEASIBLE,INFEASIBLE,INFEASIBLE,INFEASIBLE,INFEASIBLE,INFEASIBLE,INFEASIBLE,INFEASIBLE,INFEASIBLE,INFEASIBLE,INFEASIBLE,INFEASIBLE,INFEASIBLE,no_trials_in_band
gradual_bias,score_only,coh_resid_energy,INFEASIBLE,0.5,budget_only,count,INFEASIBLE,INFEASIBLE,INFEASIBLE,INFEASIBLE,INFEASIBLE,INFEASIBLE,INFEASIBLE,INFEASIBLE,INFEASIBLE,INFEASIBLE,INFEASIBLE,INFEASIBLE,INFEASIBLE,INFEASIBLE,INFEASIBLE,INFEASIBLE,INFEASIBLE,INFEASIBLE,INFEASIBLE,INFEASIBLE,INFEASIBLE,INFEASIBLE,INFEASIBLE,,INFEASIBLE,INFEASIBLE,INFEASIBLE,INFEASIBLE,INFEASIBLE,INFEASIBLE,INFEASIBLE,INFEASIBLE,INFEASIBLE,INFEASIBLE,INFEASIBLE,INFEASIBLE,INFEASIBLE,INFEASIBLE,INFEASIBLE,INFEASIBLE,INFEASIBLE,INFEASIBLE,INFEASIBLE,INFEASIBLE,INFEASIBLE,INFEASIBLE,INFEASIBLE,INFEASIBLE,INFEASIBLE,no_trials_in_band
gradual_bias,score_only,coh_resid_energy,INFEASIBLE,0.75,budget_only,count,INFEASIBLE,INFEASIBLE,INFEASIBLE,INFEASIBLE,INFEASIBLE,INFEASIBLE,INFEASIBLE,INFEASIBLE,INFEASIBLE,INFEASIBLE,INFEASIBLE,INFEASIBLE,INFEASIBLE,INFEASIBLE,INFEASIBLE,INFEASIBLE,INFEASIBLE,INFEASIBLE,INFEASIBLE,INFEASIBLE,INFEASIBLE,INFEASIBLE,INFEASIBLE,,INFEASIBLE,INFEASIBLE,INFEASIBLE,INFEASIBLE,INFEASIBLE,INFEASIBLE,INFEASIBLE,INFEASIBLE,INFEASIBLE,INFEASIBLE,INFEASIBLE,INFEASIBLE,INFEASIBLE,INFEASIBLE,INFEASIBLE,INFEASIBLE,INFEASIBLE,INFEASIBLE,INFEASIBLE,INFEASIBLE,INFEASIBLE,INFEASIBLE,INFEASIBLE,INFEASIBLE,INFEASIBLE,no_trials_in_band
gradual_bias,score_only,coh_resid_energy,INFEASIBLE,1.0,budget_only,count,INFEASIBLE,INFEASIBLE,INFEASIBLE,INFEASIBLE,INFEASIBLE,INFEASIBLE,INFEASIBLE,INFEASIBLE,INFEASIBLE,INFEASIBLE,INFEASIBLE,INFEASIBLE,INFEASIBLE,INFEASIBLE,INFEASIBLE,INFEASIBLE,INFEASIBLE,INFEASIBLE,INFEASIBLE,INFEASIBLE,INFEASIBLE,INFEASIBLE,INFEASIBLE,,INFEASIBLE,INFEASIBLE,INFEASIBLE,INFEASIBLE,INFEASIBLE,INFEASIBLE,INFEASIBLE,INFEASIBLE,INFEASIBLE,INFEASIBLE,INFEASIBLE,INFEASIBLE,INFEASIBLE,INFEASIBLE,INFEASIBLE,INFEASIBLE,INFEASIBLE,INFEASIBLE,INFEASIBLE,INFEASIBLE,INFEASIBLE,INFEASIBLE,INFEASIBLE,INFEASIBLE,INFEASIBLE,no_trials_in_band
gradual_bias,score_only,coh_resid_t2,1.0,0.25,budget_only,count,0.1,0.15,0.1,30,30,30,30,1.0,1.0,1.0,1.0115894039735098,0.021937086092715236,23.5,0.5,0.5,0.0,0.5,0.16666666666666666,0.5,0.16666666666666666,0.0,0.16666666666666666,0.16666666666666666,4.0,24.5,24.5,24.5,26.0,24.5,26.0,24.5,26.0,24.5,26.0,9.0,9.0,1.140728476821192,1.0115894039735098,0.021937086092715236,0.017120457464649675,-3.856490797620039e-07,1.0115894039735098,0.021937086092715236,0.0,0.0,0.0,0.0,0.0,OK,
gradual_bias,score_only,coh_resid_t2,1.0,0.5,budget_only,count,0.1,0.15,0.1,30,30,30,30,1.0,1.0,1.0,1.0115894039735098,0.021937086092715236,23.5,0.5,0.5,0.0,0.5,0.16666666666666666,0.5,0.16666666666666666,0.0,0.16666666666666666,0.16666666666666666,4.0,24.5,24.5,24.5,26.0,24.5,26.0,24.5,26.0,24.5,26.0,9.0,9.0,1.140728476821192,1.0115894039735098,0.021937086092715236,0.017120457464649675,-7.711377079931882e-07,1.0115894039735098,0.021937086092715236,0.0,0.0,0.0,0.0,0.0,OK,
gradual_bias,score_only,coh_resid_t2,1.0,0.75,budget_only,count,0.1,0.15,0.1,30,30,30,30,1.0,1.0,1.0,1.0115894039735098,0.021937086092715236,23.5,0.5,0.5,0.0,0.5,0.16666666666666666,0.5,0.16666666666666666,0.0,0.16666666666666666,0.16666666666666666,4.0,24.5,24.5,24.5,26.0,24.5,26.0,24.5,26.0,24.5,26.0,9.0,9.0,1.140728476821192,1.0115894039735098,0.021937086092715236,0.017120457464649675,-1.1564658847009022e-06,1.0115894039735098,0.021937086092715236,0.0,0.0,0.0,0.0,0.0,OK,
gradual_bias,score_only,coh_resid_t2,1.0,1.0,budget_only,count,0.1,0.15,0.1,30,30,30,30,1.0,1.0,1.0,1.0115894039735098,0.021937086092715236,23.5,0.5,0.5,0.0,0.5,0.16666666666666666,0.5,0.16666666666666666,0.0,0.16666666666666666,0.16666666666666666,4.0,24.5,24.5,24.5,26.0,24.5,26.0,24.5,26.0,24.5,26.0,9.0,9.0,1.140728476821192,1.0115894039735098,0.021937086092715236,0.017120457464649675,-1.541633609896481e-06,1.0115894039735098,0.021937086092715236,0.0,0.0,0.0,0.0,0.0,OK,
gradual_bias,score_only,coh_resid_t2,INFEASIBLE,0.25,budget_only,count,INFEASIBLE,INFEASIBLE,INFEASIBLE,INFEASIBLE,INFEASIBLE,INFEASIBLE,INFEASIBLE,INFEASIBLE,INFEASIBLE,INFEASIBLE,INFEASIBLE,INFEASIBLE,INFEASIBLE,INFEASIBLE,INFEASIBLE,INFEASIBLE,INFEASIBLE,INFEASIBLE,INFEASIBLE,INFEASIBLE,INFEASIBLE,INFEASIBLE,INFEASIBLE,,INFEASIBLE,INFEASIBLE,INFEASIBLE,INFEASIBLE,INFEASIBLE,INFEASIBLE,INFEASIBLE,INFEASIBLE,INFEASIBLE,INFEASIBLE,INFEASIBLE,INFEASIBLE,INFEASIBLE,INFEASIBLE,INFEASIBLE,INFEASIBLE,INFEASIBLE,INFEASIBLE,INFEASIBLE,INFEASIBLE,INFEASIBLE,INFEASIBLE,INFEASIBLE,INFEASIBLE,INFEASIBLE,no_trials_in_band
gradual_bias,score_only,coh_resid_t2,INFEASIBLE,0.5,budget_only,count,INFEASIBLE,INFEASIBLE,INFEASIBLE,INFEASIBLE,INFEASIBLE,INFEASIBLE,INFEASIBLE,INFEASIBLE,INFEASIBLE,INFEASIBLE,INFEASIBLE,INFEASIBLE,INFEASIBLE,INFEASIBLE,INFEASIBLE,INFEASIBLE,INFEASIBLE,INFEASIBLE,INFEASIBLE,INFEASIBLE,INFEASIBLE,INFEASIBLE,INFEASIBLE,,INFEASIBLE,INFEASIBLE,INFEASIBLE,INFEASIBLE,INFEASIBLE,INFEASIBLE,INFEASIBLE,INFEASIBLE,INFEASIBLE,INFEASIBLE,INFEASIBLE,INFEASIBLE,INFEASIBLE,INFEASIBLE,INFEASIBLE,INFEASIBLE,INFEASIBLE,INFEASIBLE,INFEASIBLE,INFEASIBLE,INFEASIBLE,INFEASIBLE,INFEASIBLE,INFEASIBLE,INFEASIBLE,no_trials_in_band
gradual_bias,score_only,coh_resid_t2,INFEASIBLE,0.75,budget_only,count,INFEASIBLE,INFEASIBLE,INFEASIBLE,INFEASIBLE,INFEASIBLE,INFEASIBLE,INFEASIBLE,INFEASIBLE,INFEASIBLE,INFEASIBLE,INFEASIBLE,INFEASIBLE,INFEASIBLE,INFEASIBLE,INFEASIBLE,INFEASIBLE,INFEASIBLE,INFEASIBLE,INFEASIBLE,INFEASIBLE,INFEASIBLE,INFEASIBLE,INFEASIBLE,,INFEASIBLE,INFEASIBLE,INFEASIBLE,INFEASIBLE,INFEASIBLE,INFEASIBLE,INFEASIBLE,INFEASIBLE,INFEASIBLE,INFEASIBLE,INFEASIBLE,INFEASIBLE,INFEASIBLE,INFEASIBLE,INFEASIBLE,INFEASIBLE,INFEASIBLE,INFEASIBLE,INFEASIBLE,INFEASIBLE,INFEASIBLE,INFEASIBLE,INFEASIBLE,INFEASIBLE,INFEASIBLE,no_trials_in_band
gradual_bias,score_only,coh_resid_t2,INFEASIBLE,1.0,budget_only,count,INFEASIBLE,INFEASIBLE,INFEASIBLE,INFEASIBLE,INFEASIBLE,INFEASIBLE,INFEASIBLE,INFEASIBLE,INFEASIBLE,INFEASIBLE,INFEASIBLE,INFEASIBLE,INFEASIBLE,INFEASIBLE,INFEASIBLE,INFEASIBLE,INFEASIBLE,INFEASIBLE,INFEASIBLE,INFEASIBLE,INFEASIBLE,INFEASIBLE,INFEASIBLE,,INFEASIBLE,INFEASIBLE,INFEASIBLE,INFEASIBLE,INFEASIBLE,INFEASIBLE,INFEASIBLE,INFEASIBLE,INFEASIBLE,INFEASIBLE,INFEASIBLE,INFEASIBLE,INFEASIBLE,INFEASIBLE,INFEASIBLE,INFEASIBLE,INFEASIBLE,INFEASIBLE,INFEASIBLE,INFEASIBLE,INFEASIBLE,INFEASIBLE,INFEASIBLE,INFEASIBLE,INFEASIBLE,no_trials_in_band
gradual_bias,score_only,cusum_coh_resid_t2,1.0,0.25,budget_only,count,0.1,0.15,0.1,30,12,12,12,0.4,0.4,0.4,0.9685430463576159,0.02207505518763797,22.5,0.5,0.5,0.0,0.5,0.4166666666666667,0.5,0.4166666666666667,0.0,0.4166666666666667,0.4166666666666667,4.0,18.5,18.5,18.5,26.0,18.5,26.0,18.5,26.0,18.5,26.0,1.0,1.0,1.1479028697571743,0.9685430463576159,0.02207505518763797,NA,-4.050857952430489e-07,0.9685430463576159,0.02207505518763797,0.0,0.0,0.0,0.0,0.0,OK,
gradual_bias,score_only,cusum_coh_resid_t2,1.0,0.5,budget_only,count,0.1,0.15,0.1,30,12,12,12,0.4,0.4,0.4,0.9685430463576159,0.02207505518763797,22.5,0.5,0.5,0.0,0.5,0.4166666666666667,0.5,0.4166666666666667,0.0,0.4166666666666667,0.4166666666666667,4.0,18.5,18.5,18.5,26.0,18.5,26.0,18.5,26.0,18.5,26.0,1.0,1.0,1.1479028697571743,0.9685430463576159,0.02207505518763797,NA,-8.100011148503146e-07,0.9685430463576159,0.02207505518763797,0.0,0.0,0.0,0.0,0.0,OK,
gradual_bias,score_only,cusum_coh_resid_t2,1.0,0.75,budget_only,count,0.1,0.15,0.1,30,12,12,12,0.4,0.4,0.4,0.9685430463576159,0.02207505518763797,22.5,0.5,0.5,0.0,0.5,0.4166666666666667,0.5,0.4166666666666667,0.0,0.4166666666666667,0.4166666666666667,4.0,18.5,18.5,18.5,26.0,18.5,26.0,18.5,26.0,18.5,26.0,1.0,1.0,1.1479028697571743,0.9685430463576159,0.02207505518763797,NA,-1.2147459588231359e-06,0.9685430463576159,0.02207505518763797,0.0,0.0,0.0,0.0,0.0,OK,
gradual_bias,score_only,cusum_coh_resid_t2,1.0,1.0,budget_only,count,0.1,0.15,0.1,30,12,12,12,0.4,0.4,0.4,0.9685430463576159,0.02207505518763797,22.5,0.5,0.5,0.0,0.5,0.4166666666666667,0.5,0.4166666666666667,0.0,0.4166666666666667,0.4166666666666667,4.0,18.5,18.5,18.5,26.0,18.5,26.0,18.5,26.0,18.5,26.0,1.0,1.0,1.1479028697571743,0.9685430463576159,0.02207505518763797,NA,-1.6193203271759792e-06,0.9685430463576159,0.02207505518763797,0.0,0.0,0.0,0.0,0.0,OK,
gradual_bias,score_only,cusum_coh_resid_t2,INFEASIBLE,0.25,budget_only,count,INFEASIBLE,INFEASIBLE,INFEASIBLE,INFEASIBLE,INFEASIBLE,INFEASIBLE,INFEASIBLE,INFEASIBLE,INFEASIBLE,INFEASIBLE,INFEASIBLE,INFEASIBLE,INFEASIBLE,INFEASIBLE,INFEASIBLE,INFEASIBLE,INFEASIBLE,INFEASIBLE,INFEASIBLE,INFEASIBLE,INFEASIBLE,INFEASIBLE,INFEASIBLE,,INFEASIBLE,INFEASIBLE,INFEASIBLE,INFEASIBLE,INFEASIBLE,INFEASIBLE,INFEASIBLE,INFEASIBLE,INFEASIBLE,INFEASIBLE,INFEASIBLE,INFEASIBLE,INFEASIBLE,INFEASIBLE,INFEASIBLE,INFEASIBLE,INFEASIBLE,INFEASIBLE,INFEASIBLE,INFEASIBLE,INFEASIBLE,INFEASIBLE,INFEASIBLE,INFEASIBLE,INFEASIBLE,no_trials_in_band
gradual_bias,score_only,cusum_coh_resid_t2,INFEASIBLE,0.5,budget_only,count,INFEASIBLE,INFEASIBLE,INFEASIBLE,INFEASIBLE,INFEASIBLE,INFEASIBLE,INFEASIBLE,INFEASIBLE,INFEASIBLE,INFEASIBLE,INFEASIBLE,INFEASIBLE,INFEASIBLE,INFEASIBLE,INFEASIBLE,INFEASIBLE,INFEASIBLE,INFEASIBLE,INFEASIBLE,INFEASIBLE,INFEASIBLE,INFEASIBLE,INFEASIBLE,,INFEASIBLE,INFEASIBLE,INFEASIBLE,INFEASIBLE,INFEASIBLE,INFEASIBLE,INFEASIBLE,INFEASIBLE,INFEASIBLE,INFEASIBLE,INFEASIBLE,INFEASIBLE,INFEASIBLE,INFEASIBLE,INFEASIBLE,INFEASIBLE,INFEASIBLE,INFEASIBLE,INFEASIBLE,INFEASIBLE,INFEASIBLE,INFEASIBLE,INFEASIBLE,INFEASIBLE,INFEASIBLE,no_trials_in_band
gradual_bias,score_only,cusum_coh_resid_t2,INFEASIBLE,0.75,budget_only,count,INFEASIBLE,INFEASIBLE,INFEASIBLE,INFEASIBLE,INFEASIBLE,INFEASIBLE,INFEASIBLE,INFEASIBLE,INFEASIBLE,INFEASIBLE,INFEASIBLE,INFEASIBLE,INFEASIBLE,INFEASIBLE,INFEASIBLE,INFEASIBLE,INFEASIBLE,INFEASIBLE,INFEASIBLE,INFEASIBLE,INFEASIBLE,INFEASIBLE,INFEASIBLE,,INFEASIBLE,INFEASIBLE,INFEASIBLE,INFEASIBLE,INFEASIBLE,INFEASIBLE,INFEASIBLE,INFEASIBLE,INFEASIBLE,INFEASIBLE,INFEASIBLE,INFEASIBLE,INFEASIBLE,INFEASIBLE,INFEASIBLE,INFEASIBLE,INFEASIBLE,INFEASIBLE,INFEASIBLE,INFEASIBLE,INFEASIBLE,INFEASIBLE,INFEASIBLE,INFEASIBLE,INFEASIBLE,no_trials_in_band
gradual_bias,score_only,cusum_coh_resid_t2,INFEASIBLE,1.0,budget_only,count,INFEASIBLE,INFEASIBLE,INFEASIBLE,INFEASIBLE,INFEASIBLE,INFEASIBLE,INFEASIBLE,INFEASIBLE,INFEASIBLE,INFEASIBLE,INFEASIBLE,INFEASIBLE,INFEASIBLE,INFEASIBLE,INFEASIBLE,INFEASIBLE,INFEASIBLE,INFEASIBLE,INFEASIBLE,INFEASIBLE,INFEASIBLE,INFEASIBLE,INFEASIBLE,,INFEASIBLE,INFEASIBLE,INFEASIBLE,INFEASIBLE,INFEASIBLE,INFEASIBLE,INFEASIBLE,INFEASIBLE,INFEASIBLE,INFEASIBLE,INFEASIBLE,INFEASIBLE,INFEASIBLE,INFEASIBLE,INFEASIBLE,INFEASIBLE,INFEASIBLE,INFEASIBLE,INFEASIBLE,INFEASIBLE,INFEASIBLE,INFEASIBLE,INFEASIBLE,INFEASIBLE,INFEASIBLE,no_trials_in_band
gradual_bias,score_only,cusum_factor_cov_lrt,INFEASIBLE,0.25,budget_only,count,INFEASIBLE,INFEASIBLE,INFEASIBLE,INFEASIBLE,INFEASIBLE,INFEASIBLE,INFEASIBLE,INFEASIBLE,INFEASIBLE,INFEASIBLE,INFEASIBLE,INFEASIBLE,INFEASIBLE,INFEASIBLE,INFEASIBLE,INFEASIBLE,INFEASIBLE,INFEASIBLE,INFEASIBLE,INFEASIBLE,INFEASIBLE,INFEASIBLE,INFEASIBLE,,INFEASIBLE,INFEASIBLE,INFEASIBLE,INFEASIBLE,INFEASIBLE,INFEASIBLE,INFEASIBLE,INFEASIBLE,INFEASIBLE,INFEASIBLE,INFEASIBLE,INFEASIBLE,INFEASIBLE,INFEASIBLE,INFEASIBLE,INFEASIBLE,INFEASIBLE,INFEASIBLE,INFEASIBLE,INFEASIBLE,INFEASIBLE,INFEASIBLE,INFEASIBLE,INFEASIBLE,INFEASIBLE,no_trials_in_band
gradual_bias,score_only,cusum_factor_cov_lrt,INFEASIBLE,0.5,budget_only,count,INFEASIBLE,INFEASIBLE,INFEASIBLE,INFEASIBLE,INFEASIBLE,INFEASIBLE,INFEASIBLE,INFEASIBLE,INFEASIBLE,INFEASIBLE,INFEASIBLE,INFEASIBLE,INFEASIBLE,INFEASIBLE,INFEASIBLE,INFEASIBLE,INFEASIBLE,INFEASIBLE,INFEASIBLE,INFEASIBLE,INFEASIBLE,INFEASIBLE,INFEASIBLE,,INFEASIBLE,INFEASIBLE,INFEASIBLE,INFEASIBLE,INFEASIBLE,INFEASIBLE,INFEASIBLE,INFEASIBLE,INFEASIBLE,INFEASIBLE,INFEASIBLE,INFEASIBLE,INFEASIBLE,INFEASIBLE,INFEASIBLE,INFEASIBLE,INFEASIBLE,INFEASIBLE,INFEASIBLE,INFEASIBLE,INFEASIBLE,INFEASIBLE,INFEASIBLE,INFEASIBLE,INFEASIBLE,no_trials_in_band
gradual_bias,score_only,cusum_factor_cov_lrt,INFEASIBLE,0.75,budget_only,count,INFEASIBLE,INFEASIBLE,INFEASIBLE,INFEASIBLE,INFEASIBLE,INFEASIBLE,INFEASIBLE,INFEASIBLE,INFEASIBLE,INFEASIBLE,INFEASIBLE,INFEASIBLE,INFEASIBLE,INFEASIBLE,INFEASIBLE,INFEASIBLE,INFEASIBLE,INFEASIBLE,INFEASIBLE,INFEASIBLE,INFEASIBLE,INFEASIBLE,INFEASIBLE,,INFEASIBLE,INFEASIBLE,INFEASIBLE,INFEASIBLE,INFEASIBLE,INFEASIBLE,INFEASIBLE,INFEASIBLE,INFEASIBLE,INFEASIBLE,INFEASIBLE,INFEASIBLE,INFEASIBLE,INFEASIBLE,INFEASIBLE,INFEASIBLE,INFEASIBLE,INFEASIBLE,INFEASIBLE,INFEASIBLE,INFEASIBLE,INFEASIBLE,INFEASIBLE,INFEASIBLE,INFEASIBLE,no_trials_in_band
gradual_bias,score_only,cusum_factor_cov_lrt,INFEASIBLE,1.0,budget_only,count,INFEASIBLE,INFEASIBLE,INFEASIBLE,INFEASIBLE,INFEASIBLE,INFEASIBLE,INFEASIBLE,INFEASIBLE,INFEASIBLE,INFEASIBLE,INFEASIBLE,INFEASIBLE,INFEASIBLE,INFEASIBLE,INFEASIBLE,INFEASIBLE,INFEASIBLE,INFEASIBLE,INFEASIBLE,INFEASIBLE,INFEASIBLE,INFEASIBLE,INFEASIBLE,,INFEASIBLE,INFEASIBLE,INFEASIBLE,INFEASIBLE,INFEASIBLE,INFEASIBLE,INFEASIBLE,INFEASIBLE,INFEASIBLE,INFEASIBLE,INFEASIBLE,INFEASIBLE,INFEASIBLE,INFEASIBLE,INFEASIBLE,INFEASIBLE,INFEASIBLE,INFEASIBLE,INFEASIBLE,INFEASIBLE,INFEASIBLE,INFEASIBLE,INFEASIBLE,INFEASIBLE,INFEASIBLE,no_trials_in_band
gradual_bias,score_only,cusum_factor_cov_lrt,INFEASIBLE,0.25,budget_only,count,INFEASIBLE,INFEASIBLE,INFEASIBLE,INFEASIBLE,INFEASIBLE,INFEASIBLE,INFEASIBLE,INFEASIBLE,INFEASIBLE,INFEASIBLE,INFEASIBLE,INFEASIBLE,INFEASIBLE,INFEASIBLE,INFEASIBLE,INFEASIBLE,INFEASIBLE,INFEASIBLE,INFEASIBLE,INFEASIBLE,INFEASIBLE,INFEASIBLE,INFEASIBLE,,INFEASIBLE,INFEASIBLE,INFEASIBLE,INFEASIBLE,INFEASIBLE,INFEASIBLE,INFEASIBLE,INFEASIBLE,INFEASIBLE,INFEASIBLE,INFEASIBLE,INFEASIBLE,INFEASIBLE,INFEASIBLE,INFEASIBLE,INFEASIBLE,INFEASIBLE,INFEASIBLE,INFEASIBLE,INFEASIBLE,INFEASIBLE,INFEASIBLE,INFEASIBLE,INFEASIBLE,INFEASIBLE,no_trials_in_band
gradual_bias,score_only,cusum_factor_cov_lrt,INFEASIBLE,0.5,budget_only,count,INFEASIBLE,INFEASIBLE,INFEASIBLE,INFEASIBLE,INFEASIBLE,INFEASIBLE,INFEASIBLE,INFEASIBLE,INFEASIBLE,INFEASIBLE,INFEASIBLE,INFEASIBLE,INFEASIBLE,INFEASIBLE,INFEASIBLE,INFEASIBLE,INFEASIBLE,INFEASIBLE,INFEASIBLE,INFEASIBLE,INFEASIBLE,INFEASIBLE,INFEASIBLE,,INFEASIBLE,INFEASIBLE,INFEASIBLE,INFEASIBLE,INFEASIBLE,INFEASIBLE,INFEASIBLE,INFEASIBLE,INFEASIBLE,INFEASIBLE,INFEASIBLE,INFEASIBLE,INFEASIBLE,INFEASIBLE,INFEASIBLE,INFEASIBLE,INFEASIBLE,INFEASIBLE,INFEASIBLE,INFEASIBLE,INFEASIBLE,INFEASIBLE,INFEASIBLE,INFEASIBLE,INFEASIBLE,no_trials_in_band
gradual_bias,score_only,cusum_factor_cov_lrt,INFEASIBLE,0.75,budget_only,count,INFEASIBLE,INFEASIBLE,INFEASIBLE,INFEASIBLE,INFEASIBLE,INFEASIBLE,INFEASIBLE,INFEASIBLE,INFEASIBLE,INFEASIBLE,INFEASIBLE,INFEASIBLE,INFEASIBLE,INFEASIBLE,INFEASIBLE,INFEASIBLE,INFEASIBLE,INFEASIBLE,INFEASIBLE,INFEASIBLE,INFEASIBLE,INFEASIBLE,INFEASIBLE,,INFEASIBLE,INFEASIBLE,INFEASIBLE,INFEASIBLE,INFEASIBLE,INFEASIBLE,INFEASIBLE,INFEASIBLE,INFEASIBLE,INFEASIBLE,INFEASIBLE,INFEASIBLE,INFEASIBLE,INFEASIBLE,INFEASIBLE,INFEASIBLE,INFEASIBLE,INFEASIBLE,INFEASIBLE,INFEASIBLE,INFEASIBLE,INFEASIBLE,INFEASIBLE,INFEASIBLE,INFEASIBLE,no_trials_in_band
gradual_bias,score_only,cusum_factor_cov_lrt,INFEASIBLE,1.0,budget_only,count,INFEASIBLE,INFEASIBLE,INFEASIBLE,INFEASIBLE,INFEASIBLE,INFEASIBLE,INFEASIBLE,INFEASIBLE,INFEASIBLE,INFEASIBLE,INFEASIBLE,INFEASIBLE,INFEASIBLE,INFEASIBLE,INFEASIBLE,INFEASIBLE,INFEASIBLE,INFEASIBLE,INFEASIBLE,INFEASIBLE,INFEASIBLE,INFEASIBLE,INFEASIBLE,,INFEASIBLE,INFEASIBLE,INFEASIBLE,INFEASIBLE,INFEASIBLE,INFEASIBLE,INFEASIBLE,INFEASIBLE,INFEASIBLE,INFEASIBLE,INFEASIBLE,INFEASIBLE,INFEASIBLE,INFEASIBLE,INFEASIBLE,INFEASIBLE,INFEASIBLE,INFEASIBLE,INFEASIBLE,INFEASIBLE,INFEASIBLE,INFEASIBLE,INFEASIBLE,INFEASIBLE,INFEASIBLE,no_trials_in_band
gradual_bias,score_only,ewma_coh_resid_t2,1.0,0.25,budget_only,count,0.1,0.15,0.1,30,19,19,19,0.6333333333333333,0.6333333333333333,0.6333333333333333,0.8609271523178809,0.09175670965493203,20.0,0.0,0.0,0.0,0.15789473684210525,0.15789473684210525,0.15789473684210525,0.15789473684210525,0.15789473684210525,0.15789473684210525,0.15789473684210525,4.0,26.0,26.0,26.0,26.0,26.0,26.0,26.0,26.0,26.0,26.0,NA,NA,4.771348902056466,0.8609271523178809,0.09175670965493203,0.04121453227134665,0.41343006265003124,0.8609271523178809,0.09175670965493203,0.0,0.0,0.0,0.0,0.0,OK,
gradual_bias,score_only,ewma_coh_resid_t2,1.0,0.5,budget_only,count,0.1,0.15,0.1,30,19,19,19,0.6333333333333333,0.6333333333333333,0.6333333333333333,0.8609271523178809,0.09175670965493203,20.0,0.0,0.0,0.0,0.15789473684210525,0.15789473684210525,0.15789473684210525,0.15789473684210525,0.15789473684210525,0.15789473684210525,0.15789473684210525,4.0,26.0,26.0,26.0,26.0,26.0,26.0,26.0,26.0,26.0,26.0,NA,NA,4.771348902056466,0.8609271523178809,0.09175670965493203,0.04121453227134665,0.4134296155419978,0.8609271523178809,0.09175670965493203,0.0,0.0,0.0,0.0,0.0,OK,
gradual_bias,score_only,ewma_coh_resid_t2,1.0,0.75,budget_only,count,0.1,0.15,0.1,30,19,19,19,0.6333333333333333,0.6333333333333333,0.6333333333333333,0.8609271523178809,0.09175670965493203,20.0,0.0,0.0,0.0,0.15789473684210525,0.15789473684210525,0.15789473684210525,0.15789473684210525,0.15789473684210525,0.15789473684210525,0.15789473684210525,4.0,26.0,26.0,26.0,26.0,26.0,26.0,26.0,26.0,26.0,26.0,NA,NA,4.771348902056466,0.8609271523178809,0.09175670965493203,0.04121453227134665,0.4134291686147126,0.8609271523178809,0.09175670965493203,0.0,0.0,0.0,0.0,0.0,OK,
gradual_bias,score_only,ewma_coh_resid_t2,1.0,1.0,budget_only,count,0.1,0.15,0.1,30,19,19,19,0.6333333333333333,0.6333333333333333,0.6333333333333333,0.8609271523178809,0.09175670965493203,20.0,0.0,0.0,0.0,0.15789473684210525,0.15789473684210525,0.15789473684210525,0.15789473684210525,0.15789473684210525,0.15789473684210525,0.15789473684210525,4.0,26.0,26.0,26.0,26.0,26.0,26.0,26.0,26.0,26.0,26.0,NA,NA,4.771348902056466,0.8609271523178809,0.09175670965493203,0.04121453227134665,0.4134287218681755,0.8609271523178809,0.09175670965493203,0.0,0.0,0.0,0.0,0.0,OK,
gradual_bias,score_only,ewma_coh_resid_t2,INFEASIBLE,0.25,budget_only,count,INFEASIBLE,INFEASIBLE,INFEASIBLE,INFEASIBLE,INFEASIBLE,INFEASIBLE,INFEASIBLE,INFEASIBLE,INFEASIBLE,INFEASIBLE,INFEASIBLE,INFEASIBLE,INFEASIBLE,INFEASIBLE,INFEASIBLE,INFEASIBLE,INFEASIBLE,INFEASIBLE,INFEASIBLE,INFEASIBLE,INFEASIBLE,INFEASIBLE,INFEASIBLE,,INFEASIBLE,INFEASIBLE,INFEASIBLE,INFEASIBLE,INFEASIBLE,INFEASIBLE,INFEASIBLE,INFEASIBLE,INFEASIBLE,INFEASIBLE,INFEASIBLE,INFEASIBLE,INFEASIBLE,INFEASIBLE,INFEASIBLE,INFEASIBLE,INFEASIBLE,INFEASIBLE,INFEASIBLE,INFEASIBLE,INFEASIBLE,INFEASIBLE,INFEASIBLE,INFEASIBLE,INFEASIBLE,no_trials_in_band
gradual_bias,score_only,ewma_coh_resid_t2,INFEASIBLE,0.5,budget_only,count,INFEASIBLE,INFEASIBLE,INFEASIBLE,INFEASIBLE,INFEASIBLE,INFEASIBLE,INFEASIBLE,INFEASIBLE,INFEASIBLE,INFEASIBLE,INFEASIBLE,INFEASIBLE,INFEASIBLE,INFEASIBLE,INFEASIBLE,INFEASIBLE,INFEASIBLE,INFEASIBLE,INFEASIBLE,INFEASIBLE,INFEASIBLE,INFEASIBLE,INFEASIBLE,,INFEASIBLE,INFEASIBLE,INFEASIBLE,INFEASIBLE,INFEASIBLE,INFEASIBLE,INFEASIBLE,INFEASIBLE,INFEASIBLE,INFEASIBLE,INFEASIBLE,INFEASIBLE,INFEASIBLE,INFEASIBLE,INFEASIBLE,INFEASIBLE,INFEASIBLE,INFEASIBLE,INFEASIBLE,INFEASIBLE,INFEASIBLE,INFEASIBLE,INFEASIBLE,INFEASIBLE,INFEASIBLE,no_trials_in_band
gradual_bias,score_only,ewma_coh_resid_t2,INFEASIBLE,0.75,budget_only,count,INFEASIBLE,INFEASIBLE,INFEASIBLE,INFEASIBLE,INFEASIBLE,INFEASIBLE,INFEASIBLE,INFEASIBLE,INFEASIBLE,INFEASIBLE,INFEASIBLE,INFEASIBLE,INFEASIBLE,INFEASIBLE,INFEASIBLE,INFEASIBLE,INFEASIBLE,INFEASIBLE,INFEASIBLE,INFEASIBLE,INFEASIBLE,INFEASIBLE,INFEASIBLE,,INFEASIBLE,INFEASIBLE,INFEASIBLE,INFEASIBLE,INFEASIBLE,INFEASIBLE,INFEASIBLE,INFEASIBLE,INFEASIBLE,INFEASIBLE,INFEASIBLE,INFEASIBLE,INFEASIBLE,INFEASIBLE,INFEASIBLE,INFEASIBLE,INFEASIBLE,INFEASIBLE,INFEASIBLE,INFEASIBLE,INFEASIBLE,INFEASIBLE,INFEASIBLE,INFEASIBLE,INFEASIBLE,no_trials_in_band
gradual_bias,score_only,ewma_coh_resid_t2,INFEASIBLE,1.0,budget_only,count,INFEASIBLE,INFEASIBLE,INFEASIBLE,INFEASIBLE,INFEASIBLE,INFEASIBLE,INFEASIBLE,INFEASIBLE,INFEASIBLE,INFEASIBLE,INFEASIBLE,INFEASIBLE,INFEASIBLE,INFEASIBLE,INFEASIBLE,INFEASIBLE,INFEASIBLE,INFEASIBLE,INFEASIBLE,INFEASIBLE,INFEASIBLE,INFEASIBLE,INFEASIBLE,,INFEASIBLE,INFEASIBLE,INFEASIBLE,INFEASIBLE,INFEASIBLE,INFEASIBLE,INFEASIBLE,INFEASIBLE,INFEASIBLE,INFEASIBLE,INFEASIBLE,INFEASIBLE,INFEASIBLE,INFEASIBLE,INFEASIBLE,INFEASIBLE,INFEASIBLE,INFEASIBLE,INFEASIBLE,INFEASIBLE,INFEASIBLE,INFEASIBLE,INFEASIBLE,INFEASIBLE,INFEASIBLE,no_trials_in_band
gradual_bias,score_only,ewma_factor_cov_lrt,1.0,0.25,budget_only,count,0.1,0.15,0.1,30,30,30,30,1.0,1.0,1.0,1.014459161147903,0.07146799116997792,23.566666666666666,0.3333333333333333,0.4666666666666667,-0.13333333333333336,0.3333333333333333,0.06666666666666667,0.3333333333333333,0.06666666666666667,0.0,0.06666666666666667,0.06666666666666667,4.0,26.0,26.0,26.0,26.0,26.0,26.0,26.0,26.0,26.0,26.0,9.5,12.0,3.7392935982339965,1.025938189845475,0.07190949227373068,0.12699209930326175,0.11520955403507549,1.014459161147903,0.07146799116997792,0.02051282051282051,0.02222222222222222,-0.02051282051282051,0.02051282051282051,-0.02222222222222222,OK,
gradual_bias,score_only,ewma_factor_cov_lrt,1.0,0.5,budget_only,count,0.1,0.15,0.1,30,30,30,30,1.0,1.0,1.0,1.014459161147903,0.07146799116997792,23.566666666666666,0.4,0.4666666666666667,-0.06666666666666665,0.4,0.1,0.4,0.1,0.0,0.1,0.1,4.0,26.0,26.0,26.0,26.0,26.0,26.0,26.0,26.0,26.0,26.0,9.0,12.0,3.742163355408389,1.0216335540838852,0.07196467991169977,0.12699209930326175,0.15632995186920942,1.014459161147903,0.07146799116997792,0.029487179487179487,0.02222222222222222,-0.02179487179487179,0.024358974358974363,-0.02222222222222222,OK,
gradual_bias,score_only,ewma_factor_cov_lrt,1.0,0.75,budget_only,count,0.1,0.15,0.1,30,30,30,30,1.0,1.0,1.0,1.014459161147903,0.07146799116997792,23.566666666666666,0.3333333333333333,0.4666666666666667,-0.13333333333333336,0.3333333333333333,0.03333333333333333,0.3333333333333333,0.03333333333333333,0.0,0.03333333333333333,0.03333333333333333,4.0,26.0,26.0,26.0,26.0,26.0,26.0,26.0,26.0,26.0,26.0,8.5,12.0,3.7407284768211926,1.0230684326710817,0.07193708609271524,0.12699209930326175,0.08964209035628934,1.014459161147903,0.07146799116997792,0.04230769230769231,0.01111111111111111,-0.03717948717948718,0.03717948717948718,-0.01111111111111111,OK,
gradual_bias,score_only,ewma_factor_cov_lrt,1.0,1.0,budget_only,count,0.1,0.15,0.1,30,30,30,30,1.0,1.0,1.0,1.014459161147903,0.07146799116997792,23.566666666666666,0.3333333333333333,0.4666666666666667,-0.13333333333333336,0.3333333333333333,0.1,0.3333333333333333,0.1,0.0,0.1,0.1,4.0,26.0,26.0,26.0,26.0,26.0,26.0,26.0,26.0,26.0,26.0,6.0,12.0,3.7665562913907293,1.0230684326710817,0.07243377483443708,0.12699209930326175,0.09541384462461582,1.014459161147903,0.07146799116997792,0.03846153846153846,0.02222222222222222,-0.02564102564102564,0.03333333333333333,-0.02222222222222222,OK,
gradual_bias,score_only,ewma_factor_cov_lrt,INFEASIBLE,0.25,budget_only,count,INFEASIBLE,INFEASIBLE,INFEASIBLE,INFEASIBLE,INFEASIBLE,INFEASIBLE,INFEASIBLE,INFEASIBLE,INFEASIBLE,INFEASIBLE,INFEASIBLE,INFEASIBLE,INFEASIBLE,INFEASIBLE,INFEASIBLE,INFEASIBLE,INFEASIBLE,INFEASIBLE,INFEASIBLE,INFEASIBLE,INFEASIBLE,INFEASIBLE,INFEASIBLE,,INFEASIBLE,INFEASIBLE,INFEASIBLE,INFEASIBLE,INFEASIBLE,INFEASIBLE,INFEASIBLE,INFEASIBLE,INFEASIBLE,INFEASIBLE,INFEASIBLE,INFEASIBLE,INFEASIBLE,INFEASIBLE,INFEASIBLE,INFEASIBLE,INFEASIBLE,INFEASIBLE,INFEASIBLE,INFEASIBLE,INFEASIBLE,INFEASIBLE,INFEASIBLE,INFEASIBLE,INFEASIBLE,no_trials_in_band
gradual_bias,score_only,ewma_factor_cov_lrt,INFEASIBLE,0.5,budget_only,count,INFEASIBLE,INFEASIBLE,INFEASIBLE,INFEASIBLE,INFEASIBLE,INFEASIBLE,INFEASIBLE,INFEASIBLE,INFEASIBLE,INFEASIBLE,INFEASIBLE,INFEASIBLE,INFEASIBLE,INFEASIBLE,INFEASIBLE,INFEASIBLE,INFEASIBLE,INFEASIBLE,INFEASIBLE,INFEASIBLE,INFEASIBLE,INFEASIBLE,INFEASIBLE,,INFEASIBLE,INFEASIBLE,INFEASIBLE,INFEASIBLE,INFEASIBLE,INFEASIBLE,INFEASIBLE,INFEASIBLE,INFEASIBLE,INFEASIBLE,INFEASIBLE,INFEASIBLE,INFEASIBLE,INFEASIBLE,INFEASIBLE,INFEASIBLE,INFEASIBLE,INFEASIBLE,INFEASIBLE,INFEASIBLE,INFEASIBLE,INFEASIBLE,INFEASIBLE,INFEASIBLE,INFEASIBLE,no_trials_in_band
gradual_bias,score_only,ewma_factor_cov_lrt,INFEASIBLE,0.75,budget_only,count,INFEASIBLE,INFEASIBLE,INFEASIBLE,INFEASIBLE,INFEASIBLE,INFEASIBLE,INFEASIBLE,INFEASIBLE,INFEASIBLE,INFEASIBLE,INFEASIBLE,INFEASIBLE,INFEASIBLE,INFEASIBLE,INFEASIBLE,INFEASIBLE,INFEASIBLE,INFEASIBLE,INFEASIBLE,INFEASIBLE,INFEASIBLE,INFEASIBLE,INFEASIBLE,,INFEASIBLE,INFEASIBLE,INFEASIBLE,INFEASIBLE,INFEASIBLE,INFEASIBLE,INFEASIBLE,INFEASIBLE,INFEASIBLE,INFEASIBLE,INFEASIBLE,INFEASIBLE,INFEASIBLE,INFEASIBLE,INFEASIBLE,INFEASIBLE,INFEASIBLE,INFEASIBLE,INFEASIBLE,INFEASIBLE,INFEASIBLE,INFEASIBLE,INFEASIBLE,INFEASIBLE,INFEASIBLE,no_trials_in_band
gradual_bias,score_only,ewma_factor_cov_lrt,INFEASIBLE,1.0,budget_only,count,INFEASIBLE,INFEASIBLE,INFEASIBLE,INFEASIBLE,INFEASIBLE,INFEASIBLE,INFEASIBLE,INFEASIBLE,INFEASIBLE,INFEASIBLE,INFEASIBLE,INFEASIBLE,INFEASIBLE,INFEASIBLE,INFEASIBLE,INFEASIBLE,INFEASIBLE,INFEASIBLE,INFEASIBLE,INFEASIBLE,INFEASIBLE,INFEASIBLE,INFEASIBLE,,INFEASIBLE,INFEASIBLE,INFEASIBLE,INFEASIBLE,INFEASIBLE,INFEASIBLE,INFEASIBLE,INFEASIBLE,INFEASIBLE,INFEASIBLE,INFEASIBLE,INFEASIBLE,INFEASIBLE,INFEASIBLE,INFEASIBLE,INFEASIBLE,INFEASIBLE,INFEASIBLE,INFEASIBLE,INFEASIBLE,INFEASIBLE,INFEASIBLE,INFEASIBLE,INFEASIBLE,INFEASIBLE,no_trials_in_band
gradual_bias,score_only,factor_cov_change,1.0,0.25,budget_only,count,0.1,0.15,0.1,30,30,30,30,1.0,1.0,1.0,0.9714128035320092,0.055849889624724064,22.566666666666666,0.4666666666666667,0.4666666666666667,0.0,0.4666666666666667,0.13333333333333333,0.4666666666666667,0.13333333333333333,0.0,0.13333333333333333,0.13333333333333333,4.0,26.0,26.0,26.0,26.0,26.0,26.0,26.0,26.0,26.0,26.0,8.0,8.0,2.9070640176600446,0.9714128035320092,0.055905077262693156,0.09142781782314015,0.024522011182074595,0.9714128035320092,0.055849889624724064,0.0,0.0,0.0,0.0,0.0,OK,
gradual_bias,score_only,factor_cov_change,1.0,0.5,budget_only,count,0.1,0.15,0.1,30,30,30,30,1.0,1.0,1.0,0.9714128035320092,0.055849889624724064,22.566666666666666,0.4666666666666667,0.4666666666666667,0.0,0.4666666666666667,0.13333333333333333,0.4666666666666667,0.13333333333333333,0.0,0.13333333333333333,0.13333333333333333,4.0,26.0,26.0,26.0,26.0,26.0,26.0,26.0,26.0,26.0,26.0,8.0,8.0,2.9070640176600446,0.9714128035320092,0.055905077262693156,0.09142781782314015,0.024522045336351276,0.9714128035320092,0.055849889624724064,0.0,0.0,0.0,0.0,0.0,OK,
gradual_bias,score_only,factor_cov_change,1.0,0.75,budget_only,count,0.1,0.15,0.1,30,30,30,30,1.0,1.0,1.0,0.9714128035320092,0.055849889624724064,22.566666666666666,0.4666666666666667,0.4666666666666667,0.0,0.4666666666666667,0.13333333333333333,0.4666666666666667,0.13333333333333333,0.0,0.13333333333333333,0.13333333333333333,4.0,26.0,26.0,26.0,26.0,26.0,26.0,26.0,26.0,26.0,26.0,8.0,8.0,2.9070640176600446,0.9714128035320092,0.055905077262693156,0.09142781782314015,0.024522079490901405,0.9714128035320092,0.055849889624724064,0.0,0.0,0.0,0.0,0.0,OK,
gradual_bias,score_only,factor_cov_change,1.0,1.0,budget_only,count,0.1,0.15,0.1,30,30,30,30,1.0,1.0,1.0,0.9714128035320092,0.055849889624724064,22.566666666666666,0.4666666666666667,0.4666666666666667,0.0,0.4666666666666667,0.13333333333333333,0.4666666666666667,0.13333333333333333,0.0,0.13333333333333333,0.13333333333333333,4.0,26.0,26.0,26.0,26.0,26.0,26.0,26.0,26.0,26.0,26.0,8.0,8.0,2.9070640176600446,0.9714128035320092,0.055905077262693156,0.09142781782314015,0.02452211364572516,0.9714128035320092,0.055849889624724064,0.0,0.0,0.0,0.0,0.0,OK,
gradual_bias,score_only,factor_cov_change,INFEASIBLE,0.25,budget_only,count,INFEASIBLE,INFEASIBLE,INFEASIBLE,INFEASIBLE,INFEASIBLE,INFEASIBLE,INFEASIBLE,INFEASIBLE,INFEASIBLE,INFEASIBLE,INFEASIBLE,INFEASIBLE,INFEASIBLE,INFEASIBLE,INFEASIBLE,INFEASIBLE,INFEASIBLE,INFEASIBLE,INFEASIBLE,INFEASIBLE,INFEASIBLE,INFEASIBLE,INFEASIBLE,,INFEASIBLE,INFEASIBLE,INFEASIBLE,INFEASIBLE,INFEASIBLE,INFEASIBLE,INFEASIBLE,INFEASIBLE,INFEASIBLE,INFEASIBLE,INFEASIBLE,INFEASIBLE,INFEASIBLE,INFEASIBLE,INFEASIBLE,INFEASIBLE,INFEASIBLE,INFEASIBLE,INFEASIBLE,INFEASIBLE,INFEASIBLE,INFEASIBLE,INFEASIBLE,INFEASIBLE,INFEASIBLE,no_trials_in_band
gradual_bias,score_only,factor_cov_change,INFEASIBLE,0.5,budget_only,count,INFEASIBLE,INFEASIBLE,INFEASIBLE,INFEASIBLE,INFEASIBLE,INFEASIBLE,INFEASIBLE,INFEASIBLE,INFEASIBLE,INFEASIBLE,INFEASIBLE,INFEASIBLE,INFEASIBLE,INFEASIBLE,INFEASIBLE,INFEASIBLE,INFEASIBLE,INFEASIBLE,INFEASIBLE,INFEASIBLE,INFEASIBLE,INFEASIBLE,INFEASIBLE,,INFEASIBLE,INFEASIBLE,INFEASIBLE,INFEASIBLE,INFEASIBLE,INFEASIBLE,INFEASIBLE,INFEASIBLE,INFEASIBLE,INFEASIBLE,INFEASIBLE,INFEASIBLE,INFEASIBLE,INFEASIBLE,INFEASIBLE,INFEASIBLE,INFEASIBLE,INFEASIBLE,INFEASIBLE,INFEASIBLE,INFEASIBLE,INFEASIBLE,INFEASIBLE,INFEASIBLE,INFEASIBLE,no_trials_in_band
gradual_bias,score_only,factor_cov_change,INFEASIBLE,0.75,budget_only,count,INFEASIBLE,INFEASIBLE,INFEASIBLE,INFEASIBLE,INFEASIBLE,INFEASIBLE,INFEASIBLE,INFEASIBLE,INFEASIBLE,INFEASIBLE,INFEASIBLE,INFEASIBLE,INFEASIBLE,INFEASIBLE,INFEASIBLE,INFEASIBLE,INFEASIBLE,INFEASIBLE,INFEASIBLE,INFEASIBLE,INFEASIBLE,INFEASIBLE,INFEASIBLE,,INFEASIBLE,INFEASIBLE,INFEASIBLE,INFEASIBLE,INFEASIBLE,INFEASIBLE,INFEASIBLE,INFEASIBLE,INFEASIBLE,INFEASIBLE,INFEASIBLE,INFEASIBLE,INFEASIBLE,INFEASIBLE,INFEASIBLE,INFEASIBLE,INFEASIBLE,INFEASIBLE,INFEASIBLE,INFEASIBLE,INFEASIBLE,INFEASIBLE,INFEASIBLE,INFEASIBLE,INFEASIBLE,no_trials_in_band
gradual_bias,score_only,factor_cov_change,INFEASIBLE,1.0,budget_only,count,INFEASIBLE,INFEASIBLE,INFEASIBLE,INFEASIBLE,INFEASIBLE,INFEASIBLE,INFEASIBLE,INFEASIBLE,INFEASIBLE,INFEASIBLE,INFEASIBLE,INFEASIBLE,INFEASIBLE,INFEASIBLE,INFEASIBLE,INFEASIBLE,INFEASIBLE,INFEASIBLE,INFEASIBLE,INFEASIBLE,INFEASIBLE,INFEASIBLE,INFEASIBLE,,INFEASIBLE,INFEASIBLE,INFEASIBLE,INFEASIBLE,INFEASIBLE,INFEASIBLE,INFEASIBLE,INFEASIBLE,INFEASIBLE,INFEASIBLE,INFEASIBLE,INFEASIBLE,INFEASIBLE,INFEASIBLE,INFEASIBLE,INFEASIBLE,INFEASIBLE,INFEASIBLE,INFEASIBLE,INFEASIBLE,INFEASIBLE,INFEASIBLE,INFEASIBLE,INFEASIBLE,INFEASIBLE,no_trials_in_band
gradual_bias,score_only,factor_cov_delta,1.0,0.25,budget_only,count,0.1,0.15,0.1,30,30,30,30,1.0,1.0,1.0,0.9699779249448125,0.018653421633554088,22.533333333333335,0.4666666666666667,0.4666666666666667,0.0,0.4666666666666667,0.03333333333333333,0.4666666666666667,0.03333333333333333,0.0,0.03333333333333333,0.03333333333333333,4.0,26.0,26.0,26.0,26.0,26.0,26.0,26.0,26.0,26.0,26.0,9.5,9.5,0.9699779249448125,0.9699779249448125,0.018653421633554088,0.015593327187977506,0.013605395287907189,0.9699779249448125,0.018653421633554088,0.0,0.0,0.0,0.0,0.0,OK,
gradual_bias,score_only,factor_cov_delta,1.0,0.5,budget_only,count,0.1,0.15,0.1,30,30,30,30,1.0,1.0,1.0,0.9699779249448125,0.018653421633554088,22.533333333333335,0.4666666666666667,0.4666666666666667,0.0,0.4666666666666667,0.03333333333333333,0.4666666666666667,0.03333333333333333,0.0,0.03333333333333333,0.03333333333333333,4.0,26.0,26.0,26.0,26.0,26.0,26.0,26.0,26.0,26.0,26.0,9.5,9.5,0.9699779249448125,0.9699779249448125,0.018653421633554088,0.015593327187977506,0.013605818713438885,0.9699779249448125,0.018653421633554088,0.0,0.0,0.0,0.0,0.0,OK,
gradual_bias,score_only,factor_cov_delta,1.0,0.75,budget_only,count,0.1,0.15,0.1,30,30,30,30,1.0,1.0,1.0,0.9699779249448125,0.018653421633554088,22.533333333333335,0.4666666666666667,0.4666666666666667,0.0,0.4666666666666667,0.03333333333333333,0.4666666666666667,0.03333333333333333,0.0,0.03333333333333333,0.03333333333333333,4.0,26.0,26.0,26.0,26.0,26.0,26.0,26.0,26.0,26.0,26.0,9.5,9.5,0.9699779249448125,0.9699779249448125,0.018653421633554088,0.015593327187977506,0.013606242138403979,0.9699779249448125,0.018653421633554088,0.0,0.0,0.0,0.0,0.0,OK,
gradual_bias,score_only,factor_cov_delta,1.0,1.0,budget_only,count,0.1,0.15,0.1,30,30,30,30,1.0,1.0,1.0,0.9699779249448125,0.018653421633554088,22.533333333333335,0.4666666666666667,0.4666666666666667,0.0,0.4666666666666667,0.03333333333333333,0.4666666666666667,0.03333333333333333,0.0,0.03333333333333333,0.03333333333333333,4.0,26.0,26.0,26.0,26.0,26.0,26.0,26.0,26.0,26.0,26.0,9.5,9.5,0.9699779249448125,0.9699779249448125,0.018653421633554088,0.015593327187977506,0.013606665562802437,0.9699779249448125,0.018653421633554088,0.0,0.0,0.0,0.0,0.0,OK,
gradual_bias,score_only,factor_cov_delta,INFEASIBLE,0.25,budget_only,count,INFEASIBLE,INFEASIBLE,INFEASIBLE,INFEASIBLE,INFEASIBLE,INFEASIBLE,INFEASIBLE,INFEASIBLE,INFEASIBLE,INFEASIBLE,INFEASIBLE,INFEASIBLE,INFEASIBLE,INFEASIBLE,INFEASIBLE,INFEASIBLE,INFEASIBLE,INFEASIBLE,INFEASIBLE,INFEASIBLE,INFEASIBLE,INFEASIBLE,INFEASIBLE,,INFEASIBLE,INFEASIBLE,INFEASIBLE,INFEASIBLE,INFEASIBLE,INFEASIBLE,INFEASIBLE,INFEASIBLE,INFEASIBLE,INFEASIBLE,INFEASIBLE,INFEASIBLE,INFEASIBLE,INFEASIBLE,INFEASIBLE,INFEASIBLE,INFEASIBLE,INFEASIBLE,INFEASIBLE,INFEASIBLE,INFEASIBLE,INFEASIBLE,INFEASIBLE,INFEASIBLE,INFEASIBLE,no_trials_in_band
gradual_bias,score_only,factor_cov_delta,INFEASIBLE,0.5,budget_only,count,INFEASIBLE,INFEASIBLE,INFEASIBLE,INFEASIBLE,INFEASIBLE,INFEASIBLE,INFEASIBLE,INFEASIBLE,INFEASIBLE,INFEASIBLE,INFEASIBLE,INFEASIBLE,INFEASIBLE,INFEASIBLE,INFEASIBLE,INFEASIBLE,INFEASIBLE,INFEASIBLE,INFEASIBLE,INFEASIBLE,INFEASIBLE,INFEASIBLE,INFEASIBLE,,INFEASIBLE,INFEASIBLE,INFEASIBLE,INFEASIBLE,INFEASIBLE,INFEASIBLE,INFEASIBLE,INFEASIBLE,INFEASIBLE,INFEASIBLE,INFEASIBLE,INFEASIBLE,INFEASIBLE,INFEASIBLE,INFEASIBLE,INFEASIBLE,INFEASIBLE,INFEASIBLE,INFEASIBLE,INFEASIBLE,INFEASIBLE,INFEASIBLE,INFEASIBLE,INFEASIBLE,INFEASIBLE,no_trials_in_band
gradual_bias,score_only,factor_cov_delta,INFEASIBLE,0.75,budget_only,count,INFEASIBLE,INFEASIBLE,INFEASIBLE,INFEASIBLE,INFEASIBLE,INFEASIBLE,INFEASIBLE,INFEASIBLE,INFEASIBLE,INFEASIBLE,INFEASIBLE,INFEASIBLE,INFEASIBLE,INFEASIBLE,INFEASIBLE,INFEASIBLE,INFEASIBLE,INFEASIBLE,INFEASIBLE,INFEASIBLE,INFEASIBLE,INFEASIBLE,INFEASIBLE,,INFEASIBLE,INFEASIBLE,INFEASIBLE,INFEASIBLE,INFEASIBLE,INFEASIBLE,INFEASIBLE,INFEASIBLE,INFEASIBLE,INFEASIBLE,INFEASIBLE,INFEASIBLE,INFEASIBLE,INFEASIBLE,INFEASIBLE,INFEASIBLE,INFEASIBLE,INFEASIBLE,INFEASIBLE,INFEASIBLE,INFEASIBLE,INFEASIBLE,INFEASIBLE,INFEASIBLE,INFEASIBLE,no_trials_in_band
gradual_bias,score_only,factor_cov_delta,INFEASIBLE,1.0,budget_only,count,INFEASIBLE,INFEASIBLE,INFEASIBLE,INFEASIBLE,INFEASIBLE,INFEASIBLE,INFEASIBLE,INFEASIBLE,INFEASIBLE,INFEASIBLE,INFEASIBLE,INFEASIBLE,INFEASIBLE,INFEASIBLE,INFEASIBLE,INFEASIBLE,INFEASIBLE,INFEASIBLE,INFEASIBLE,INFEASIBLE,INFEASIBLE,INFEASIBLE,INFEASIBLE,,INFEASIBLE,INFEASIBLE,INFEASIBLE,INFEASIBLE,INFEASIBLE,INFEASIBLE,INFEASIBLE,INFEASIBLE,INFEASIBLE,INFEASIBLE,INFEASIBLE,INFEASIBLE,INFEASIBLE,INFEASIBLE,INFEASIBLE,INFEASIBLE,INFEASIBLE,INFEASIBLE,INFEASIBLE,INFEASIBLE,INFEASIBLE,INFEASIBLE,INFEASIBLE,INFEASIBLE,INFEASIBLE,no_trials_in_band
gradual_bias,score_only,factor_cov_lrt,1.0,0.25,budget_only,count,0.1,0.15,0.1,30,30,30,30,1.0,1.0,1.0,0.9742825607064021,0.0975717439293598,22.633333333333333,0.4,0.43333333333333335,-0.033333333333333326,0.5,0.16666666666666666,0.5,0.16666666666666666,0.1,0.16666666666666666,0.16666666666666666,4.0,26.0,26.0,26.0,26.0,26.0,26.0,25.0,26.0,26.0,26.0,11.0,8.0,5.158388520971303,0.9828918322295809,0.09919977924944812,0.24222861062157472,-0.08179692195410801,0.9742825607064021,0.0975717439293598,0.026923076923076925,0.07777777777777778,-0.008974358974358975,0.016666666666666666,0.05555555555555556,OK,
gradual_bias,score_only,factor_cov_lrt,1.0,0.5,budget_only,count,0.1,0.15,0.1,30,30,30,30,1.0,1.0,1.0,0.9742825607064021,0.0975717439293598,22.633333333333333,0.43333333333333335,0.43333333333333335,0.0,0.5333333333333333,0.16666666666666666,0.5333333333333333,0.16666666666666666,0.1,0.16666666666666666,0.16666666666666666,4.0,26.0,26.0,26.0,26.0,26.0,26.0,24.5,26.0,26.0,26.0,11.0,8.0,5.141169977924945,0.9843267108167773,0.09886865342163355,0.24222861062157472,-0.042158114576572835,0.9742825607064021,0.0975717439293598,0.02820512820512821,0.11111111111111112,-0.002564102564102564,0.023076923076923075,0.08888888888888888,OK,
gradual_bias,score_only,factor_cov_lrt,1.0,0.75,budget_only,count,0.1,0.15,0.1,30,30,30,30,1.0,1.0,1.0,0.9742825607064021,0.0975717439293598,22.633333333333333,0.4,0.43333333333333335,-0.033333333333333326,0.5,0.16666666666666666,0.5,0.16666666666666666,0.1,0.16666666666666666,0.16666666666666666,4.0,26.0,26.0,26.0,26.0,26.0,26.0,25.5,26.0,26.0,26.0,10.5,8.0,5.141169977924945,0.9800220750551879,0.09886865342163352,0.24222861062157472,-0.04404943454766092,0.9742825607064021,0.0975717439293598,0.03333333333333334,0.06666666666666667,-0.015384615384615384,0.020512820512820513,0.04444444444444444,OK,
gradual_bias,score_only,factor_cov_lrt,1.0,1.0,budget_only,count,0.1,0.15,0.1,30,30,30,30,1.0,1.0,1.0,0.9742825607064021,0.0975717439293598,22.633333333333333,0.36666666666666664,0.43333333333333335,-0.06666666666666671,0.4666666666666667,0.13333333333333333,0.4666666666666667,0.13333333333333333,0.1,0.13333333333333333,0.13333333333333333,4.0,26.0,26.0,26.0,26.0,26.0,26.0,26.0,26.0,26.0,26.0,7.0,8.0,5.138300220750551,0.9814569536423844,0.09881346578366443,0.24222861062157472,-0.09646401356294353,0.9742825607064021,0.0975717439293598,0.02820512820512821,0.06666666666666667,-0.010256410256410256,0.023076923076923075,0.04444444444444444,OK,
gradual_bias,score_only,factor_cov_lrt,INFEASIBLE,0.25,budget_only,count,INFEASIBLE,INFEASIBLE,INFEASIBLE,INFEASIBLE,INFEASIBLE,INFEASIBLE,INFEASIBLE,INFEASIBLE,INFEASIBLE,INFEASIBLE,INFEASIBLE,INFEASIBLE,INFEASIBLE,INFEASIBLE,INFEASIBLE,INFEASIBLE,INFEASIBLE,INFEASIBLE,INFEASIBLE,INFEASIBLE,INFEASIBLE,INFEASIBLE,INFEASIBLE,,INFEASIBLE,INFEASIBLE,INFEASIBLE,INFEASIBLE,INFEASIBLE,INFEASIBLE,INFEASIBLE,INFEASIBLE,INFEASIBLE,INFEASIBLE,INFEASIBLE,INFEASIBLE,INFEASIBLE,INFEASIBLE,INFEASIBLE,INFEASIBLE,INFEASIBLE,INFEASIBLE,INFEASIBLE,INFEASIBLE,INFEASIBLE,INFEASIBLE,INFEASIBLE,INFEASIBLE,INFEASIBLE,no_trials_in_band
gradual_bias,score_only,factor_cov_lrt,INFEASIBLE,0.5,budget_only,count,INFEASIBLE,INFEASIBLE,INFEASIBLE,INFEASIBLE,INFEASIBLE,INFEASIBLE,INFEASIBLE,INFEASIBLE,INFEASIBLE,INFEASIBLE,INFEASIBLE,INFEASIBLE,INFEASIBLE,INFEASIBLE,INFEASIBLE,INFEASIBLE,INFEASIBLE,INFEASIBLE,INFEASIBLE,INFEASIBLE,INFEASIBLE,INFEASIBLE,INFEASIBLE,,INFEASIBLE,INFEASIBLE,INFEASIBLE,INFEASIBLE,INFEASIBLE,INFEASIBLE,INFEASIBLE,INFEASIBLE,INFEASIBLE,INFEASIBLE,INFEASIBLE,INFEASIBLE,INFEASIBLE,INFEASIBLE,INFEASIBLE,INFEASIBLE,INFEASIBLE,INFEASIBLE,INFEASIBLE,INFEASIBLE,INFEASIBLE,INFEASIBLE,INFEASIBLE,INFEASIBLE,INFEASIBLE,no_trials_in_band
gradual_bias,score_only,factor_cov_lrt,INFEASIBLE,0.75,budget_only,count,INFEASIBLE,INFEASIBLE,INFEASIBLE,INFEASIBLE,INFEASIBLE,INFEASIBLE,INFEASIBLE,INFEASIBLE,INFEASIBLE,INFEASIBLE,INFEASIBLE,INFEASIBLE,INFEASIBLE,INFEASIBLE,INFEASIBLE,INFEASIBLE,INFEASIBLE,INFEASIBLE,INFEASIBLE,INFEASIBLE,INFEASIBLE,INFEASIBLE,INFEASIBLE,,INFEASIBLE,INFEASIBLE,INFEASIBLE,INFEASIBLE,INFEASIBLE,INFEASIBLE,INFEASIBLE,INFEASIBLE,INFEASIBLE,INFEASIBLE,INFEASIBLE,INFEASIBLE,INFEASIBLE,INFEASIBLE,INFEASIBLE,INFEASIBLE,INFEASIBLE,INFEASIBLE,INFEASIBLE,INFEASIBLE,INFEASIBLE,INFEASIBLE,INFEASIBLE,INFEASIBLE,INFEASIBLE,no_trials_in_band
gradual_bias,score_only,factor_cov_lrt,INFEASIBLE,1.0,budget_only,count,INFEASIBLE,INFEASIBLE,INFEASIBLE,INFEASIBLE,INFEASIBLE,INFEASIBLE,INFEASIBLE,INFEASIBLE,INFEASIBLE,INFEASIBLE,INFEASIBLE,INFEASIBLE,INFEASIBLE,INFEASIBLE,INFEASIBLE,INFEASIBLE,INFEASIBLE,INFEASIBLE,INFEASIBLE,INFEASIBLE,INFEASIBLE,INFEASIBLE,INFEASIBLE,,INFEASIBLE,INFEASIBLE,INFEASIBLE,INFEASIBLE,INFEASIBLE,INFEASIBLE,INFEASIBLE,INFEASIBLE,INFEASIBLE,INFEASIBLE,INFEASIBLE,INFEASIBLE,INFEASIBLE,INFEASIBLE,INFEASIBLE,INFEASIBLE,INFEASIBLE,INFEASIBLE,INFEASIBLE,INFEASIBLE,INFEASIBLE,INFEASIBLE,INFEASIBLE,INFEASIBLE,INFEASIBLE,no_trials_in_band
gradual_bias,score_only,factor_cov_lrt_delta,1.0,0.25,budget_only,count,0.1,0.15,0.1,30,30,30,30,1.0,1.0,1.0,1.0115894039735098,0.021054083885209716,23.5,0.4,0.5,-0.09999999999999998,0.4,0.1,0.4,0.1,0.0,0.1,0.1,4.0,26.0,25.5,26.0,26.0,25.5,26.0,26.0,26.0,26.0,26.0,15.5,15.0,1.1034216335540838,1.0158940397350993,0.02121964679911701,0.020294593204858803,0.06508865662451656,1.0115894039735098,0.021054083885209716,0.014102564102564103,0.03333333333333333,-0.001282051282051282,0.008974358974358975,0.03333333333333333,OK,
gradual_bias,score_only,factor_cov_lrt_delta,1.0,0.5,budget_only,count,0.1,0.15,0.1,30,30,30,30,1.0,1.0,1.0,1.0115894039735098,0.021054083885209716,23.5,0.4,0.5,-0.09999999999999998,0.4,0.1,0.4,0.1,0.0,0.1,0.1,4.0,26.0,25.5,26.0,26.0,25.5,26.0,26.0,26.0,26.0,26.0,15.5,15.0,1.1019867549668874,1.0158940397350993,0.02119205298013246,0.020294593204858803,0.11567341589705525,1.0115894039735098,0.021054083885209716,0.01794871794871795,0.03333333333333333,-0.002564102564102564,0.010256410256410256,0.03333333333333333,OK,
gradual_bias,score_only,factor_cov_lrt_delta,1.0,0.75,budget_only,count,0.1,0.15,0.1,30,30,30,30,1.0,1.0,1.0,1.0115894039735098,0.021054083885209716,23.5,0.4,0.5,-0.09999999999999998,0.4,0.1,0.4,0.1,0.0,0.1,0.1,4.0,26.0,25.5,26.0,26.0,25.5,26.0,26.0,26.0,26.0,26.0,14.5,15.0,1.1034216335540838,1.0158940397350993,0.02121964679911701,0.020294593204858803,0.11149759854665568,1.0115894039735098,0.021054083885209716,0.014102564102564103,0.03333333333333333,-0.0038461538461538464,0.006410256410256411,0.03333333333333333,OK,
gradual_bias,score_only,factor_cov_lrt_delta,1.0,1.0,budget_only,count,0.1,0.15,0.1,30,30,30,30,1.0,1.0,1.0,1.0115894039735098,0.021054083885209716,23.5,0.4,0.5,-0.09999999999999998,0.4,0.06666666666666667,0.4,0.06666666666666667,0.0,0.06666666666666667,0.06666666666666667,4.0,26.0,25.5,26.0,26.0,25.5,26.0,26.0,26.0,26.0,26.0,15.5,15.0,1.1019867549668874,1.0144591611479028,0.021192052980132454,0.020294593204858803,0.10907023722956084,1.0115894039735098,0.021054083885209716,0.014102564102564103,0.03333333333333333,0.001282051282051282,0.01153846153846154,0.03333333333333333,OK,
gradual_bias,score_only,factor_cov_lrt_delta,INFEASIBLE,0.25,budget_only,count,INFEASIBLE,INFEASIBLE,INFEASIBLE,INFEASIBLE,INFEASIBLE,INFEASIBLE,INFEASIBLE,INFEASIBLE,INFEASIBLE,INFEASIBLE,INFEASIBLE,INFEASIBLE,INFEASIBLE,INFEASIBLE,INFEASIBLE,INFEASIBLE,INFEASIBLE,INFEASIBLE,INFEASIBLE,INFEASIBLE,INFEASIBLE,INFEASIBLE,INFEASIBLE,,INFEASIBLE,INFEASIBLE,INFEASIBLE,INFEASIBLE,INFEASIBLE,INFEASIBLE,INFEASIBLE,INFEASIBLE,INFEASIBLE,INFEASIBLE,INFEASIBLE,INFEASIBLE,INFEASIBLE,INFEASIBLE,INFEASIBLE,INFEASIBLE,INFEASIBLE,INFEASIBLE,INFEASIBLE,INFEASIBLE,INFEASIBLE,INFEASIBLE,INFEASIBLE,INFEASIBLE,INFEASIBLE,no_trials_in_band
gradual_bias,score_only,factor_cov_lrt_delta,INFEASIBLE,0.5,budget_only,count,INFEASIBLE,INFEASIBLE,INFEASIBLE,INFEASIBLE,INFEASIBLE,INFEASIBLE,INFEASIBLE,INFEASIBLE,INFEASIBLE,INFEASIBLE,INFEASIBLE,INFEASIBLE,INFEASIBLE,INFEASIBLE,INFEASIBLE,INFEASIBLE,INFEASIBLE,INFEASIBLE,INFEASIBLE,INFEASIBLE,INFEASIBLE,INFEASIBLE,INFEASIBLE,,INFEASIBLE,INFEASIBLE,INFEASIBLE,INFEASIBLE,INFEASIBLE,INFEASIBLE,INFEASIBLE,INFEASIBLE,INFEASIBLE,INFEASIBLE,INFEASIBLE,INFEASIBLE,INFEASIBLE,INFEASIBLE,INFEASIBLE,INFEASIBLE,INFEASIBLE,INFEASIBLE,INFEASIBLE,INFEASIBLE,INFEASIBLE,INFEASIBLE,INFEASIBLE,INFEASIBLE,INFEASIBLE,no_trials_in_band
gradual_bias,score_only,factor_cov_lrt_delta,INFEASIBLE,0.75,budget_only,count,INFEASIBLE,INFEASIBLE,INFEASIBLE,INFEASIBLE,INFEASIBLE,INFEASIBLE,INFEASIBLE,INFEASIBLE,INFEASIBLE,INFEASIBLE,INFEASIBLE,INFEASIBLE,INFEASIBLE,INFEASIBLE,INFEASIBLE,INFEASIBLE,INFEASIBLE,INFEASIBLE,INFEASIBLE,INFEASIBLE,INFEASIBLE,INFEASIBLE,INFEASIBLE,,INFEASIBLE,INFEASIBLE,INFEASIBLE,INFEASIBLE,INFEASIBLE,INFEASIBLE,INFEASIBLE,INFEASIBLE,INFEASIBLE,INFEASIBLE,INFEASIBLE,INFEASIBLE,INFEASIBLE,INFEASIBLE,INFEASIBLE,INFEASIBLE,INFEASIBLE,INFEASIBLE,INFEASIBLE,INFEASIBLE,INFEASIBLE,INFEASIBLE,INFEASIBLE,INFEASIBLE,INFEASIBLE,no_trials_in_band
gradual_bias,score_only,factor_cov_lrt_delta,INFEASIBLE,1.0,budget_only,count,INFEASIBLE,INFEASIBLE,INFEASIBLE,INFEASIBLE,INFEASIBLE,INFEASIBLE,INFEASIBLE,INFEASIBLE,INFEASIBLE,INFEASIBLE,INFEASIBLE,INFEASIBLE,INFEASIBLE,INFEASIBLE,INFEASIBLE,INFEASIBLE,INFEASIBLE,INFEASIBLE,INFEASIBLE,INFEASIBLE,INFEASIBLE,INFEASIBLE,INFEASIBLE,,INFEASIBLE,INFEASIBLE,INFEASIBLE,INFEASIBLE,INFEASIBLE,INFEASIBLE,INFEASIBLE,INFEASIBLE,INFEASIBLE,INFEASIBLE,INFEASIBLE,INFEASIBLE,INFEASIBLE,INFEASIBLE,INFEASIBLE,INFEASIBLE,INFEASIBLE,INFEASIBLE,INFEASIBLE,INFEASIBLE,INFEASIBLE,INFEASIBLE,INFEASIBLE,INFEASIBLE,INFEASIBLE,no_trials_in_band
gradual_bias,score_only,fused_fisher,1.0,0.25,budget_only,count,0.1,0.15,0.1,30,20,20,20,0.6666666666666666,0.6666666666666666,0.6666666666666666,0.8609271523178809,0.02566225165562914,20.0,0.0,0.0,0.0,0.0,0.0,0.0,0.0,0.0,0.0,0.0,4.0,26.0,26.0,26.0,26.0,26.0,26.0,26.0,26.0,26.0,26.0,NA,NA,1.3559602649006623,0.8480132450331128,0.026076158940397352,0.002310826594375938,0.18280192441858562,0.8609271523178809,0.02566225165562914,0.0,0.05,0.0,0.0,-0.05,OK,
gradual_bias,score_only,fused_fisher,1.0,0.5,budget_only,count,0.1,0.15,0.1,30,20,20,20,0.6666666666666666,0.6666666666666666,0.6666666666666666,0.8609271523178809,0.02566225165562914,20.0,0.0,0.0,0.0,0.0,0.0,0.0,0.0,0.0,0.0,0.0,4.0,26.0,26.0,26.0,26.0,26.0,26.0,26.0,26.0,26.0,26.0,NA,NA,1.3559602649006623,0.8480132450331128,0.026076158940397352,0.002310826594375938,0.18280192441858562,0.8609271523178809,0.02566225165562914,0.0,0.05,0.0,0.0,-0.05,OK,
gradual_bias,score_only,fused_fisher,1.0,0.75,budget_only,count,0.1,0.15,0.1,30,20,20,20,0.6666666666666666,0.6666666666666666,0.6666666666666666,0.8609271523178809,0.02566225165562914,20.0,0.0,0.0,0.0,0.0,0.0,0.0,0.0,0.0,0.0,0.0,4.0,26.0,26.0,26.0,26.0,26.0,26.0,26.0,26.0,26.0,26.0,NA,NA,1.3559602649006623,0.8480132450331128,0.026076158940397352,0.002310826594375938,0.18280192441858562,0.8609271523178809,0.02566225165562914,0.0,0.05,0.0,0.0,-0.05,OK,
gradual_bias,score_only,fused_fisher,1.0,1.0,budget_only,count,0.1,0.15,0.1,30,20,20,20,0.6666666666666666,0.6666666666666666,0.6666666666666666,0.8609271523178809,0.02566225165562914,20.0,0.0,0.0,0.0,0.0,0.0,0.0,0.0,0.0,0.0,0.0,4.0,26.0,26.0,26.0,26.0,26.0,26.0,26.0,26.0,26.0,26.0,NA,NA,1.3559602649006623,0.8480132450331128,0.026076158940397352,0.002310826594375938,0.18280192441858562,0.8609271523178809,0.02566225165562914,0.0,0.05,0.0,0.0,-0.05,OK,
gradual_bias,score_only,fused_fisher,INFEASIBLE,0.25,budget_only,count,INFEASIBLE,INFEASIBLE,INFEASIBLE,INFEASIBLE,INFEASIBLE,INFEASIBLE,INFEASIBLE,INFEASIBLE,INFEASIBLE,INFEASIBLE,INFEASIBLE,INFEASIBLE,INFEASIBLE,INFEASIBLE,INFEASIBLE,INFEASIBLE,INFEASIBLE,INFEASIBLE,INFEASIBLE,INFEASIBLE,INFEASIBLE,INFEASIBLE,INFEASIBLE,,INFEASIBLE,INFEASIBLE,INFEASIBLE,INFEASIBLE,INFEASIBLE,INFEASIBLE,INFEASIBLE,INFEASIBLE,INFEASIBLE,INFEASIBLE,INFEASIBLE,INFEASIBLE,INFEASIBLE,INFEASIBLE,INFEASIBLE,INFEASIBLE,INFEASIBLE,INFEASIBLE,INFEASIBLE,INFEASIBLE,INFEASIBLE,INFEASIBLE,INFEASIBLE,INFEASIBLE,INFEASIBLE,no_trials_in_band
gradual_bias,score_only,fused_fisher,INFEASIBLE,0.5,budget_only,count,INFEASIBLE,INFEASIBLE,INFEASIBLE,INFEASIBLE,INFEASIBLE,INFEASIBLE,INFEASIBLE,INFEASIBLE,INFEASIBLE,INFEASIBLE,INFEASIBLE,INFEASIBLE,INFEASIBLE,INFEASIBLE,INFEASIBLE,INFEASIBLE,INFEASIBLE,INFEASIBLE,INFEASIBLE,INFEASIBLE,INFEASIBLE,INFEASIBLE,INFEASIBLE,,INFEASIBLE,INFEASIBLE,INFEASIBLE,INFEASIBLE,INFEASIBLE,INFEASIBLE,INFEASIBLE,INFEASIBLE,INFEASIBLE,INFEASIBLE,INFEASIBLE,INFEASIBLE,INFEASIBLE,INFEASIBLE,INFEASIBLE,INFEASIBLE,INFEASIBLE,INFEASIBLE,INFEASIBLE,INFEASIBLE,INFEASIBLE,INFEASIBLE,INFEASIBLE,INFEASIBLE,INFEASIBLE,no_trials_in_band
gradual_bias,score_only,fused_fisher,INFEASIBLE,0.75,budget_only,count,INFEASIBLE,INFEASIBLE,INFEASIBLE,INFEASIBLE,INFEASIBLE,INFEASIBLE,INFEASIBLE,INFEASIBLE,INFEASIBLE,INFEASIBLE,INFEASIBLE,INFEASIBLE,INFEASIBLE,INFEASIBLE,INFEASIBLE,INFEASIBLE,INFEASIBLE,INFEASIBLE,INFEASIBLE,INFEASIBLE,INFEASIBLE,INFEASIBLE,INFEASIBLE,,INFEASIBLE,INFEASIBLE,INFEASIBLE,INFEASIBLE,INFEASIBLE,INFEASIBLE,INFEASIBLE,INFEASIBLE,INFEASIBLE,INFEASIBLE,INFEASIBLE,INFEASIBLE,INFEASIBLE,INFEASIBLE,INFEASIBLE,INFEASIBLE,INFEASIBLE,INFEASIBLE,INFEASIBLE,INFEASIBLE,INFEASIBLE,INFEASIBLE,INFEASIBLE,INFEASIBLE,INFEASIBLE,no_trials_in_band
gradual_bias,score_only,fused_fisher,INFEASIBLE,1.0,budget_only,count,INFEASIBLE,INFEASIBLE,INFEASIBLE,INFEASIBLE,INFEASIBLE,INFEASIBLE,INFEASIBLE,INFEASIBLE,INFEASIBLE,INFEASIBLE,INFEASIBLE,INFEASIBLE,INFEASIBLE,INFEASIBLE,INFEASIBLE,INFEASIBLE,INFEASIBLE,INFEASIBLE,INFEASIBLE,INFEASIBLE,INFEASIBLE,INFEASIBLE,INFEASIBLE,,INFEASIBLE,INFEASIBLE,INFEASIBLE,INFEASIBLE,INFEASIBLE,INFEASIBLE,INFEASIBLE,INFEASIBLE,INFEASIBLE,INFEASIBLE,INFEASIBLE,INFEASIBLE,INFEASIBLE,INFEASIBLE,INFEASIBLE,INFEASIBLE,INFEASIBLE,INFEASIBLE,INFEASIBLE,INFEASIBLE,INFEASIBLE,INFEASIBLE,INFEASIBLE,INFEASIBLE,INFEASIBLE,no_trials_in_band
gradual_bias,score_only,fused_fisher_lrt_delta,1.0,0.25,budget_only,count,0.1,0.15,0.1,30,30,30,30,1.0,1.0,1.0,0.925496688741722,0.018625827814569538,21.5,0.5,0.5,0.0,0.5,0.03333333333333333,0.5,0.03333333333333333,0.0,0.03333333333333333,0.03333333333333333,4.0,25.5,25.5,25.5,26.0,25.5,26.0,25.5,26.0,25.5,26.0,9.0,11.0,0.9642384105960266,0.9111479028697573,0.018543046357615892,0.018065242040447467,0.10722122626608097,0.925496688741722,0.018625827814569538,0.02051282051282051,0.0,0.007692307692307694,0.01282051282051282,0.0,OK,
gradual_bias,score_only,fused_fisher_lrt_delta,1.0,0.5,budget_only,count,0.1,0.15,0.1,30,30,30,30,1.0,1.0,1.0,0.925496688741722,0.018625827814569538,21.5,0.5,0.5,0.0,0.5,0.03333333333333333,0.5,0.03333333333333333,0.0,0.03333333333333333,0.03333333333333333,4.0,25.5,25.5,25.5,26.0,25.5,26.0,25.5,26.0,25.5,26.0,9.0,11.0,0.9642384105960266,0.9111479028697573,0.018543046357615892,0.018065242040447467,0.1278913855387024,0.925496688741722,0.018625827814569538,0.02051282051282051,0.0,0.007692307692307694,0.01282051282051282,0.0,OK,
gradual_bias,score_only,fused_fisher_lrt_delta,1.0,0.75,budget_only,count,0.1,0.15,0.1,30,30,30,30,1.0,1.0,1.0,0.925496688741722,0.018625827814569538,21.5,0.5,0.5,0.0,0.5,0.03333333333333333,0.5,0.03333333333333333,0.0,0.03333333333333333,0.03333333333333333,4.0,25.5,25.5,25.5,26.0,25.5,26.0,25.5,26.0,25.5,26.0,9.0,11.0,0.9642384105960266,0.9111479028697573,0.018543046357615892,0.018065242040447467,0.12777312780818578,0.925496688741722,0.018625827814569538,0.02051282051282051,0.0,0.007692307692307694,0.01282051282051282,0.0,OK,
gradual_bias,score_only,fused_fisher_lrt_delta,1.0,1.0,budget_only,count,0.1,0.15,0.1,30,30,30,30,1.0,1.0,1.0,0.925496688741722,0.018625827814569538,21.5,0.5,0.5,0.0,0.5,0.03333333333333333,0.5,0.03333333333333333,0.0,0.03333333333333333,0.03333333333333333,4.0,25.5,25.5,25.5,26.0,25.5,26.0,25.5,26.0,25.5,26.0,9.0,11.0,0.9642384105960266,0.9111479028697573,0.018543046357615892,0.018065242040447467,0.12218096151673621,0.925496688741722,0.018625827814569538,0.02051282051282051,0.0,0.007692307692307694,0.01282051282051282,0.0,OK,
gradual_bias,score_only,fused_fisher_lrt_delta,INFEASIBLE,0.25,budget_only,count,INFEASIBLE,INFEASIBLE,INFEASIBLE,INFEASIBLE,INFEASIBLE,INFEASIBLE,INFEASIBLE,INFEASIBLE,INFEASIBLE,INFEASIBLE,INFEASIBLE,INFEASIBLE,INFEASIBLE,INFEASIBLE,INFEASIBLE,INFEASIBLE,INFEASIBLE,INFEASIBLE,INFEASIBLE,INFEASIBLE,INFEASIBLE,INFEASIBLE,INFEASIBLE,,INFEASIBLE,INFEASIBLE,INFEASIBLE,INFEASIBLE,INFEASIBLE,INFEASIBLE,INFEASIBLE,INFEASIBLE,INFEASIBLE,INFEASIBLE,INFEASIBLE,INFEASIBLE,INFEASIBLE,INFEASIBLE,INFEASIBLE,INFEASIBLE,INFEASIBLE,INFEASIBLE,INFEASIBLE,INFEASIBLE,INFEASIBLE,INFEASIBLE,INFEASIBLE,INFEASIBLE,INFEASIBLE,no_trials_in_band
gradual_bias,score_only,fused_fisher_lrt_delta,INFEASIBLE,0.5,budget_only,count,INFEASIBLE,INFEASIBLE,INFEASIBLE,INFEASIBLE,INFEASIBLE,INFEASIBLE,INFEASIBLE,INFEASIBLE,INFEASIBLE,INFEASIBLE,INFEASIBLE,INFEASIBLE,INFEASIBLE,INFEASIBLE,INFEASIBLE,INFEASIBLE,INFEASIBLE,INFEASIBLE,INFEASIBLE,INFEASIBLE,INFEASIBLE,INFEASIBLE,INFEASIBLE,,INFEASIBLE,INFEASIBLE,INFEASIBLE,INFEASIBLE,INFEASIBLE,INFEASIBLE,INFEASIBLE,INFEASIBLE,INFEASIBLE,INFEASIBLE,INFEASIBLE,INFEASIBLE,INFEASIBLE,INFEASIBLE,INFEASIBLE,INFEASIBLE,INFEASIBLE,INFEASIBLE,INFEASIBLE,INFEASIBLE,INFEASIBLE,INFEASIBLE,INFEASIBLE,INFEASIBLE,INFEASIBLE,no_trials_in_band
gradual_bias,score_only,fused_fisher_lrt_delta,INFEASIBLE,0.75,budget_only,count,INFEASIBLE,INFEASIBLE,INFEASIBLE,INFEASIBLE,INFEASIBLE,INFEASIBLE,INFEASIBLE,INFEASIBLE,INFEASIBLE,INFEASIBLE,INFEASIBLE,INFEASIBLE,INFEASIBLE,INFEASIBLE,INFEASIBLE,INFEASIBLE,INFEASIBLE,INFEASIBLE,INFEASIBLE,INFEASIBLE,INFEASIBLE,INFEASIBLE,INFEASIBLE,,INFEASIBLE,INFEASIBLE,INFEASIBLE,INFEASIBLE,INFEASIBLE,INFEASIBLE,INFEASIBLE,INFEASIBLE,INFEASIBLE,INFEASIBLE,INFEASIBLE,INFEASIBLE,INFEASIBLE,INFEASIBLE,INFEASIBLE,INFEASIBLE,INFEASIBLE,INFEASIBLE,INFEASIBLE,INFEASIBLE,INFEASIBLE,INFEASIBLE,INFEASIBLE,INFEASIBLE,INFEASIBLE,no_trials_in_band
gradual_bias,score_only,fused_fisher_lrt_delta,INFEASIBLE,1.0,budget_only,count,INFEASIBLE,INFEASIBLE,INFEASIBLE,INFEASIBLE,INFEASIBLE,INFEASIBLE,INFEASIBLE,INFEASIBLE,INFEASIBLE,INFEASIBLE,INFEASIBLE,INFEASIBLE,INFEASIBLE,INFEASIBLE,INFEASIBLE,INFEASIBLE,INFEASIBLE,INFEASIBLE,INFEASIBLE,INFEASIBLE,INFEASIBLE,INFEASIBLE,INFEASIBLE,,INFEASIBLE,INFEASIBLE,INFEASIBLE,INFEASIBLE,INFEASIBLE,INFEASIBLE,INFEASIBLE,INFEASIBLE,INFEASIBLE,INFEASIBLE,INFEASIBLE,INFEASIBLE,INFEASIBLE,INFEASIBLE,INFEASIBLE,INFEASIBLE,INFEASIBLE,INFEASIBLE,INFEASIBLE,INFEASIBLE,INFEASIBLE,INFEASIBLE,INFEASIBLE,INFEASIBLE,INFEASIBLE,no_trials_in_band
gradual_bias,score_only,fused_sp,1.0,0.25,budget_only,count,0.1,0.15,0.1,30,30,30,30,1.0,1.0,1.0,0.8881898454746138,0.04191501103752759,20.633333333333333,0.36666666666666664,0.36666666666666664,0.0,0.36666666666666664,0.03333333333333333,0.36666666666666664,0.03333333333333333,0.0,0.03333333333333333,0.03333333333333333,4.0,26.0,26.0,26.0,26.0,26.0,26.0,26.0,26.0,26.0,26.0,16.0,16.0,2.007395143487859,0.8881898454746138,0.038603752759381896,0.053449507330432175,-0.02245714424848864,0.8881898454746138,0.04191501103752759,0.0,0.0,0.0,0.0,0.0,OK,
gradual_bias,score_only,fused_sp,1.0,0.5,budget_only,count,0.1,0.15,0.1,30,30,30,30,1.0,1.0,1.0,0.8881898454746138,0.04191501103752759,20.633333333333333,0.36666666666666664,0.36666666666666664,0.0,0.36666666666666664,0.03333333333333333,0.36666666666666664,0.03333333333333333,0.0,0.03333333333333333,0.03333333333333333,4.0,26.0,26.0,26.0,26.0,26.0,26.0,26.0,26.0,26.0,26.0,16.0,16.0,2.007395143487859,0.8881898454746138,0.038603752759381896,0.053449507330432175,-0.022450177836845445,0.8881898454746138,0.04191501103752759,0.0,0.0,0.0,0.0,0.0,OK,
gradual_bias,score_only,fused_sp,1.0,0.75,budget_only,count,0.1,0.15,0.1,30,30,30,30,1.0,1.0,1.0,0.8881898454746138,0.04191501103752759,20.633333333333333,0.36666666666666664,0.36666666666666664,0.0,0.36666666666666664,0.03333333333333333,0.36666666666666664,0.03333333333333333,0.0,0.03333333333333333,0.03333333333333333,4.0,26.0,26.0,26.0,26.0,26.0,26.0,26.0,26.0,26.0,26.0,16.0,16.0,2.007395143487859,0.8881898454746138,0.038603752759381896,0.053449507330432175,-0.0224431980134937,0.8881898454746138,0.04191501103752759,0.0,0.0,0.0,0.0,0.0,OK,
gradual_bias,score_only,fused_sp,1.0,1.0,budget_only,count,0.1,0.15,0.1,30,30,30,30,1.0,1.0,1.0,0.8881898454746138,0.04191501103752759,20.633333333333333,0.36666666666666664,0.36666666666666664,0.0,0.36666666666666664,0.03333333333333333,0.36666666666666664,0.03333333333333333,0.0,0.03333333333333333,0.03333333333333333,4.0,26.0,26.0,26.0,26.0,26.0,26.0,26.0,26.0,26.0,26.0,16.0,16.0,2.007395143487859,0.8881898454746138,0.038603752759381896,0.053449507330432175,-0.022436204779665212,0.8881898454746138,0.04191501103752759,0.0,0.0,0.0,0.0,0.0,OK,
gradual_bias,score_only,fused_sp,INFEASIBLE,0.25,budget_only,count,INFEASIBLE,INFEASIBLE,INFEASIBLE,INFEASIBLE,INFEASIBLE,INFEASIBLE,INFEASIBLE,INFEASIBLE,INFEASIBLE,INFEASIBLE,INFEASIBLE,INFEASIBLE,INFEASIBLE,INFEASIBLE,INFEASIBLE,INFEASIBLE,INFEASIBLE,INFEASIBLE,INFEASIBLE,INFEASIBLE,INFEASIBLE,INFEASIBLE,INFEASIBLE,,INFEASIBLE,INFEASIBLE,INFEASIBLE,INFEASIBLE,INFEASIBLE,INFEASIBLE,INFEASIBLE,INFEASIBLE,INFEASIBLE,INFEASIBLE,INFEASIBLE,INFEASIBLE,INFEASIBLE,INFEASIBLE,INFEASIBLE,INFEASIBLE,INFEASIBLE,INFEASIBLE,INFEASIBLE,INFEASIBLE,INFEASIBLE,INFEASIBLE,INFEASIBLE,INFEASIBLE,INFEASIBLE,no_trials_in_band
gradual_bias,score_only,fused_sp,INFEASIBLE,0.5,budget_only,count,INFEASIBLE,INFEASIBLE,INFEASIBLE,INFEASIBLE,INFEASIBLE,INFEASIBLE,INFEASIBLE,INFEASIBLE,INFEASIBLE,INFEASIBLE,INFEASIBLE,INFEASIBLE,INFEASIBLE,INFEASIBLE,INFEASIBLE,INFEASIBLE,INFEASIBLE,INFEASIBLE,INFEASIBLE,INFEASIBLE,INFEASIBLE,INFEASIBLE,INFEASIBLE,,INFEASIBLE,INFEASIBLE,INFEASIBLE,INFEASIBLE,INFEASIBLE,INFEASIBLE,INFEASIBLE,INFEASIBLE,INFEASIBLE,INFEASIBLE,INFEASIBLE,INFEASIBLE,INFEASIBLE,INFEASIBLE,INFEASIBLE,INFEASIBLE,INFEASIBLE,INFEASIBLE,INFEASIBLE,INFEASIBLE,INFEASIBLE,INFEASIBLE,INFEASIBLE,INFEASIBLE,INFEASIBLE,no_trials_in_band
gradual_bias,score_only,fused_sp,INFEASIBLE,0.75,budget_only,count,INFEASIBLE,INFEASIBLE,INFEASIBLE,INFEASIBLE,INFEASIBLE,INFEASIBLE,INFEASIBLE,INFEASIBLE,INFEASIBLE,INFEASIBLE,INFEASIBLE,INFEASIBLE,INFEASIBLE,INFEASIBLE,INFEASIBLE,INFEASIBLE,INFEASIBLE,INFEASIBLE,INFEASIBLE,INFEASIBLE,INFEASIBLE,INFEASIBLE,INFEASIBLE,,INFEASIBLE,INFEASIBLE,INFEASIBLE,INFEASIBLE,INFEASIBLE,INFEASIBLE,INFEASIBLE,INFEASIBLE,INFEASIBLE,INFEASIBLE,INFEASIBLE,INFEASIBLE,INFEASIBLE,INFEASIBLE,INFEASIBLE,INFEASIBLE,INFEASIBLE,INFEASIBLE,INFEASIBLE,INFEASIBLE,INFEASIBLE,INFEASIBLE,INFEASIBLE,INFEASIBLE,INFEASIBLE,no_trials_in_band
gradual_bias,score_only,fused_sp,INFEASIBLE,1.0,budget_only,count,INFEASIBLE,INFEASIBLE,INFEASIBLE,INFEASIBLE,INFEASIBLE,INFEASIBLE,INFEASIBLE,INFEASIBLE,INFEASIBLE,INFEASIBLE,INFEASIBLE,INFEASIBLE,INFEASIBLE,INFEASIBLE,INFEASIBLE,INFEASIBLE,INFEASIBLE,INFEASIBLE,INFEASIBLE,INFEASIBLE,INFEASIBLE,INFEASIBLE,INFEASIBLE,,INFEASIBLE,INFEASIBLE,INFEASIBLE,INFEASIBLE,INFEASIBLE,INFEASIBLE,INFEASIBLE,INFEASIBLE,INFEASIBLE,INFEASIBLE,INFEASIBLE,INFEASIBLE,INFEASIBLE,INFEASIBLE,INFEASIBLE,INFEASIBLE,INFEASIBLE,INFEASIBLE,INFEASIBLE,INFEASIBLE,INFEASIBLE,INFEASIBLE,INFEASIBLE,INFEASIBLE,INFEASIBLE,no_trials_in_band
gradual_bias,score_only,fused_sp_lrt_delta,1.0,0.25,budget_only,count,0.1,0.15,0.1,30,30,30,30,1.0,1.0,1.0,1.0130242825607063,0.01948123620309051,23.533333333333335,0.4,0.4666666666666667,-0.06666666666666665,0.4,0.06666666666666667,0.4,0.06666666666666667,0.0,0.06666666666666667,0.06666666666666667,4.0,26.0,26.0,26.0,26.0,26.0,26.0,26.0,26.0,26.0,26.0,15.5,15.5,1.0201986754966887,1.0158940397350993,0.019619205298013243,0.020294593204858803,-0.0541779422287658,1.0130242825607063,0.01948123620309051,0.01153846153846154,0.03333333333333333,0.006410256410256411,0.01153846153846154,0.03333333333333333,OK,
gradual_bias,score_only,fused_sp_lrt_delta,1.0,0.5,budget_only,count,0.1,0.15,0.1,30,30,30,30,1.0,1.0,1.0,1.0130242825607063,0.01948123620309051,23.533333333333335,0.4,0.4666666666666667,-0.06666666666666665,0.4,0.06666666666666667,0.4,0.06666666666666667,0.0,0.06666666666666667,0.06666666666666667,4.0,26.0,26.0,26.0,26.0,26.0,26.0,26.0,26.0,26.0,26.0,15.5,15.5,1.0216335540838852,1.0158940397350993,0.019646799116997793,0.020294593204858803,-0.05600996407583914,1.0130242825607063,0.01948123620309051,0.01153846153846154,0.03333333333333333,0.006410256410256411,0.01153846153846154,0.03333333333333333,OK,
gradual_bias,score_only,fused_sp_lrt_delta,1.0,0.75,budget_only,count,0.1,0.15,0.1,30,30,30,30,1.0,1.0,1.0,1.0130242825607063,0.01948123620309051,23.533333333333335,0.4,0.4666666666666667,-0.06666666666666665,0.4,0.06666666666666667,0.4,0.06666666666666667,0.0,0.06666666666666667,0.06666666666666667,4.0,26.0,26.0,26.0,26.0,26.0,26.0,26.0,26.0,26.0,26.0,15.5,15.5,1.0230684326710817,1.0158940397350993,0.01967439293598234,0.020294593204858803,-0.056188048757095724,1.0130242825607063,0.01948123620309051,0.01153846153846154,0.03333333333333333,0.006410256410256411,0.01153846153846154,0.03333333333333333,OK,
gradual_bias,score_only,fused_sp_lrt_delta,1.0,1.0,budget_only,count,0.1,0.15,0.1,30,30,30,30,1.0,1.0,1.0,1.0130242825607063,0.01948123620309051,23.533333333333335,0.4,0.4666666666666667,-0.06666666666666665,0.4,0.06666666666666667,0.4,0.06666666666666667,0.0,0.06666666666666667,0.06666666666666667,4.0,26.0,26.0,26.0,26.0,26.0,26.0,26.0,26.0,26.0,26.0,15.5,15.5,1.0230684326710817,1.0158940397350993,0.01967439293598234,0.020294593204858803,-0.05618743385422307,1.0130242825607063,0.01948123620309051,0.01153846153846154,0.03333333333333333,0.006410256410256411,0.01153846153846154,0.03333333333333333,OK,
gradual_bias,score_only,fused_sp_lrt_delta,INFEASIBLE,0.25,budget_only,count,INFEASIBLE,INFEASIBLE,INFEASIBLE,INFEASIBLE,INFEASIBLE,INFEASIBLE,INFEASIBLE,INFEASIBLE,INFEASIBLE,INFEASIBLE,INFEASIBLE,INFEASIBLE,INFEASIBLE,INFEASIBLE,INFEASIBLE,INFEASIBLE,INFEASIBLE,INFEASIBLE,INFEASIBLE,INFEASIBLE,INFEASIBLE,INFEASIBLE,INFEASIBLE,,INFEASIBLE,INFEASIBLE,INFEASIBLE,INFEASIBLE,INFEASIBLE,INFEASIBLE,INFEASIBLE,INFEASIBLE,INFEASIBLE,INFEASIBLE,INFEASIBLE,INFEASIBLE,INFEASIBLE,INFEASIBLE,INFEASIBLE,INFEASIBLE,INFEASIBLE,INFEASIBLE,INFEASIBLE,INFEASIBLE,INFEASIBLE,INFEASIBLE,INFEASIBLE,INFEASIBLE,INFEASIBLE,no_trials_in_band
gradual_bias,score_only,fused_sp_lrt_delta,INFEASIBLE,0.5,budget_only,count,INFEASIBLE,INFEASIBLE,INFEASIBLE,INFEASIBLE,INFEASIBLE,INFEASIBLE,INFEASIBLE,INFEASIBLE,INFEASIBLE,INFEASIBLE,INFEASIBLE,INFEASIBLE,INFEASIBLE,INFEASIBLE,INFEASIBLE,INFEASIBLE,INFEASIBLE,INFEASIBLE,INFEASIBLE,INFEASIBLE,INFEASIBLE,INFEASIBLE,INFEASIBLE,,INFEASIBLE,INFEASIBLE,INFEASIBLE,INFEASIBLE,INFEASIBLE,INFEASIBLE,INFEASIBLE,INFEASIBLE,INFEASIBLE,INFEASIBLE,INFEASIBLE,INFEASIBLE,INFEASIBLE,INFEASIBLE,INFEASIBLE,INFEASIBLE,INFEASIBLE,INFEASIBLE,INFEASIBLE,INFEASIBLE,INFEASIBLE,INFEASIBLE,INFEASIBLE,INFEASIBLE,INFEASIBLE,no_trials_in_band
gradual_bias,score_only,fused_sp_lrt_delta,INFEASIBLE,0.75,budget_only,count,INFEASIBLE,INFEASIBLE,INFEASIBLE,INFEASIBLE,INFEASIBLE,INFEASIBLE,INFEASIBLE,INFEASIBLE,INFEASIBLE,INFEASIBLE,INFEASIBLE,INFEASIBLE,INFEASIBLE,INFEASIBLE,INFEASIBLE,INFEASIBLE,INFEASIBLE,INFEASIBLE,INFEASIBLE,INFEASIBLE,INFEASIBLE,INFEASIBLE,INFEASIBLE,,INFEASIBLE,INFEASIBLE,INFEASIBLE,INFEASIBLE,INFEASIBLE,INFEASIBLE,INFEASIBLE,INFEASIBLE,INFEASIBLE,INFEASIBLE,INFEASIBLE,INFEASIBLE,INFEASIBLE,INFEASIBLE,INFEASIBLE,INFEASIBLE,INFEASIBLE,INFEASIBLE,INFEASIBLE,INFEASIBLE,INFEASIBLE,INFEASIBLE,INFEASIBLE,INFEASIBLE,INFEASIBLE,no_trials_in_band
gradual_bias,score_only,fused_sp_lrt_delta,INFEASIBLE,1.0,budget_only,count,INFEASIBLE,INFEASIBLE,INFEASIBLE,INFEASIBLE,INFEASIBLE,INFEASIBLE,INFEASIBLE,INFEASIBLE,INFEASIBLE,INFEASIBLE,INFEASIBLE,INFEASIBLE,INFEASIBLE,INFEASIBLE,INFEASIBLE,INFEASIBLE,INFEASIBLE,INFEASIBLE,INFEASIBLE,INFEASIBLE,INFEASIBLE,INFEASIBLE,INFEASIBLE,,INFEASIBLE,INFEASIBLE,INFEASIBLE,INFEASIBLE,INFEASIBLE,INFEASIBLE,INFEASIBLE,INFEASIBLE,INFEASIBLE,INFEASIBLE,INFEASIBLE,INFEASIBLE,INFEASIBLE,INFEASIBLE,INFEASIBLE,INFEASIBLE,INFEASIBLE,INFEASIBLE,INFEASIBLE,INFEASIBLE,INFEASIBLE,INFEASIBLE,INFEASIBLE,INFEASIBLE,INFEASIBLE,no_trials_in_band
gradual_bias,score_only,max_abs,1.0,0.25,budget_only,count,0.1,0.15,0.1,30,30,30,30,1.0,1.0,1.0,1.057505518763797,0.03984547461368653,24.566666666666666,0.7,0.43333333333333335,0.2666666666666666,0.7333333333333333,0.2,0.7333333333333333,0.2,0.03333333333333333,0.2,0.2,4.0,15.0,26.0,15.0,26.0,26.0,26.0,13.5,26.0,15.0,26.0,9.0,9.0,2.054746136865342,1.0474613686534218,0.03951434878587197,0.14365846378005873,1.2705000000000006e-06,1.057505518763797,0.03984547461368653,0.2269230769230769,0.02222222222222222,0.2269230769230769,0.2269230769230769,0.02222222222222222,OK,
gradual_bias,score_only,max_abs,1.0,0.5,budget_only,count,0.1,0.15,0.1,30,30,30,30,1.0,1.0,1.0,1.057505518763797,0.03984547461368653,24.566666666666666,0.7,0.43333333333333335,0.2666666666666666,0.7333333333333333,0.2,0.7333333333333333,0.2,0.03333333333333333,0.2,0.2,4.0,15.0,26.0,15.0,26.0,26.0,26.0,13.5,26.0,15.0,26.0,9.0,9.0,2.054746136865342,1.0474613686534218,0.03951434878587197,0.14365846378005873,2.541000000000001e-06,1.057505518763797,0.03984547461368653,0.2269230769230769,0.02222222222222222,0.2269230769230769,0.2269230769230769,0.02222222222222222,OK,
gradual_bias,score_only,max_abs,1.0,0.75,budget_only,count,0.1,0.15,0.1,30,30,30,30,1.0,1.0,1.0,1.057505518763797,0.03984547461368653,24.566666666666666,0.7,0.43333333333333335,0.2666666666666666,0.7333333333333333,0.2,0.7333333333333333,0.2,0.03333333333333333,0.2,0.2,4.0,15.0,26.0,15.0,26.0,26.0,26.0,13.5,26.0,15.0,26.0,9.0,9.0,2.054746136865342,1.0474613686534218,0.03951434878587197,0.14365846378005873,3.8115000000000015e-06,1.057505518763797,0.03984547461368653,0.2269230769230769,0.02222222222222222,0.2269230769230769,0.2269230769230769,0.02222222222222222,OK,
gradual_bias,score_only,max_abs,1.0,1.0,budget_only,count,0.1,0.15,0.1,30,30,30,30,1.0,1.0,1.0,1.057505518763797,0.03984547461368653,24.566666666666666,0.7,0.43333333333333335,0.2666666666666666,0.7333333333333333,0.2,0.7333333333333333,0.2,0.03333333333333333,0.2,0.2,4.0,15.0,26.0,15.0,26.0,26.0,26.0,13.5,26.0,15.0,26.0,9.0,9.0,2.054746136865342,1.0474613686534218,0.03951434878587197,0.14365846378005873,5.082000000000002e-06,1.057505518763797,0.03984547461368653,0.2269230769230769,0.02222222222222222,0.2269230769230769,0.2269230769230769,0.02222222222222222,OK,
gradual_bias,score_only,max_abs,INFEASIBLE,0.25,budget_only,count,INFEASIBLE,INFEASIBLE,INFEASIBLE,INFEASIBLE,INFEASIBLE,INFEASIBLE,INFEASIBLE,INFEASIBLE,INFEASIBLE,INFEASIBLE,INFEASIBLE,INFEASIBLE,INFEASIBLE,INFEASIBLE,INFEASIBLE,INFEASIBLE,INFEASIBLE,INFEASIBLE,INFEASIBLE,INFEASIBLE,INFEASIBLE,INFEASIBLE,INFEASIBLE,,INFEASIBLE,INFEASIBLE,INFEASIBLE,INFEASIBLE,INFEASIBLE,INFEASIBLE,INFEASIBLE,INFEASIBLE,INFEASIBLE,INFEASIBLE,INFEASIBLE,INFEASIBLE,INFEASIBLE,INFEASIBLE,INFEASIBLE,INFEASIBLE,INFEASIBLE,INFEASIBLE,INFEASIBLE,INFEASIBLE,INFEASIBLE,INFEASIBLE,INFEASIBLE,INFEASIBLE,INFEASIBLE,no_trials_in_band
gradual_bias,score_only,max_abs,INFEASIBLE,0.5,budget_only,count,INFEASIBLE,INFEASIBLE,INFEASIBLE,INFEASIBLE,INFEASIBLE,INFEASIBLE,INFEASIBLE,INFEASIBLE,INFEASIBLE,INFEASIBLE,INFEASIBLE,INFEASIBLE,INFEASIBLE,INFEASIBLE,INFEASIBLE,INFEASIBLE,INFEASIBLE,INFEASIBLE,INFEASIBLE,INFEASIBLE,INFEASIBLE,INFEASIBLE,INFEASIBLE,,INFEASIBLE,INFEASIBLE,INFEASIBLE,INFEASIBLE,INFEASIBLE,INFEASIBLE,INFEASIBLE,INFEASIBLE,INFEASIBLE,INFEASIBLE,INFEASIBLE,INFEASIBLE,INFEASIBLE,INFEASIBLE,INFEASIBLE,INFEASIBLE,INFEASIBLE,INFEASIBLE,INFEASIBLE,INFEASIBLE,INFEASIBLE,INFEASIBLE,INFEASIBLE,INFEASIBLE,INFEASIBLE,no_trials_in_band
gradual_bias,score_only,max_abs,INFEASIBLE,0.75,budget_only,count,INFEASIBLE,INFEASIBLE,INFEASIBLE,INFEASIBLE,INFEASIBLE,INFEASIBLE,INFEASIBLE,INFEASIBLE,INFEASIBLE,INFEASIBLE,INFEASIBLE,INFEASIBLE,INFEASIBLE,INFEASIBLE,INFEASIBLE,INFEASIBLE,INFEASIBLE,INFEASIBLE,INFEASIBLE,INFEASIBLE,INFEASIBLE,INFEASIBLE,INFEASIBLE,,INFEASIBLE,INFEASIBLE,INFEASIBLE,INFEASIBLE,INFEASIBLE,INFEASIBLE,INFEASIBLE,INFEASIBLE,INFEASIBLE,INFEASIBLE,INFEASIBLE,INFEASIBLE,INFEASIBLE,INFEASIBLE,INFEASIBLE,INFEASIBLE,INFEASIBLE,INFEASIBLE,INFEASIBLE,INFEASIBLE,INFEASIBLE,INFEASIBLE,INFEASIBLE,INFEASIBLE,INFEASIBLE,no_trials_in_band
gradual_bias,score_only,max_abs,INFEASIBLE,1.0,budget_only,count,INFEASIBLE,INFEASIBLE,INFEASIBLE,INFEASIBLE,INFEASIBLE,INFEASIBLE,INFEASIBLE,INFEASIBLE,INFEASIBLE,INFEASIBLE,INFEASIBLE,INFEASIBLE,INFEASIBLE,INFEASIBLE,INFEASIBLE,INFEASIBLE,INFEASIBLE,INFEASIBLE,INFEASIBLE,INFEASIBLE,INFEASIBLE,INFEASIBLE,INFEASIBLE,,INFEASIBLE,INFEASIBLE,INFEASIBLE,INFEASIBLE,INFEASIBLE,INFEASIBLE,INFEASIBLE,INFEASIBLE,INFEASIBLE,INFEASIBLE,INFEASIBLE,INFEASIBLE,INFEASIBLE,INFEASIBLE,INFEASIBLE,INFEASIBLE,INFEASIBLE,INFEASIBLE,INFEASIBLE,INFEASIBLE,INFEASIBLE,INFEASIBLE,INFEASIBLE,INFEASIBLE,INFEASIBLE,no_trials_in_band
gradual_bias,score_only,pc_t2,1.0,0.25,budget_only,count,0.1,0.15,0.1,30,30,30,30,1.0,1.0,1.0,0.9671081677704196,0.026655629139072854,22.466666666666665,0.5333333333333333,0.5333333333333333,0.0,0.5666666666666667,0.1,0.5666666666666667,0.1,0.03333333333333333,0.1,0.1,4.0,22.5,22.5,22.5,26.0,22.5,26.0,20.0,26.0,22.5,26.0,10.0,10.0,1.430573951434879,0.9656732891832233,0.027511037527593825,0.020294593204858803,-4.1248344599210894e-07,0.9671081677704196,0.026655629139072854,0.0,0.01111111111111111,0.0,0.0,0.01111111111111111,OK,
gradual_bias,score_only,pc_t2,1.0,0.5,budget_only,count,0.1,0.15,0.1,30,30,30,30,1.0,1.0,1.0,0.9671081677704196,0.026655629139072854,22.466666666666665,0.5333333333333333,0.5333333333333333,0.0,0.5666666666666667,0.1,0.5666666666666667,0.1,0.03333333333333333,0.1,0.1,4.0,22.5,22.5,22.5,26.0,22.5,26.0,20.0,26.0,22.5,26.0,10.0,10.0,1.430573951434879,0.9656732891832233,0.027511037527593825,0.020294593204858803,-8.24925555520897e-07,0.9671081677704196,0.026655629139072854,0.0,0.01111111111111111,0.0,0.0,0.01111111111111111,OK,
gradual_bias,score_only,pc_t2,1.0,0.75,budget_only,count,0.1,0.15,0.1,30,30,30,30,1.0,1.0,1.0,0.9671081677704196,0.026655629139072854,22.466666666666665,0.5333333333333333,0.5333333333333333,0.0,0.5666666666666667,0.1,0.5666666666666667,0.1,0.03333333333333333,0.1,0.1,4.0,22.5,22.5,22.5,26.0,22.5,26.0,20.0,26.0,22.5,26.0,10.0,10.0,1.430573951434879,0.9656732891832233,0.027511037527593825,0.020294593204858803,-1.2373263285926474e-06,0.9671081677704196,0.026655629139072854,0.0,0.01111111111111111,0.0,0.0,0.01111111111111111,OK,
gradual_bias,score_only,pc_t2,1.0,1.0,budget_only,count,0.1,0.15,0.1,30,30,30,30,1.0,1.0,1.0,0.9671081677704196,0.026655629139072854,22.466666666666665,0.5333333333333333,0.5333333333333333,0.0,0.5666666666666667,0.1,0.5666666666666667,0.1,0.03333333333333333,0.1,0.1,4.0,22.5,22.5,22.5,26.0,22.5,26.0,20.0,26.0,22.5,26.0,10.0,10.0,1.430573951434879,0.9656732891832233,0.027511037527593825,0.020294593204858803,-1.6496857652331202e-06,0.9671081677704196,0.026655629139072854,0.0,0.01111111111111111,0.0,0.0,0.01111111111111111,OK,
gradual_bias,score_only,pc_t2,INFEASIBLE,0.25,budget_only,count,INFEASIBLE,INFEASIBLE,INFEASIBLE,INFEASIBLE,INFEASIBLE,INFEASIBLE,INFEASIBLE,INFEASIBLE,INFEASIBLE,INFEASIBLE,INFEASIBLE,INFEASIBLE,INFEASIBLE,INFEASIBLE,INFEASIBLE,INFEASIBLE,INFEASIBLE,INFEASIBLE,INFEASIBLE,INFEASIBLE,INFEASIBLE,INFEASIBLE,INFEASIBLE,,INFEASIBLE,INFEASIBLE,INFEASIBLE,INFEASIBLE,INFEASIBLE,INFEASIBLE,INFEASIBLE,INFEASIBLE,INFEASIBLE,INFEASIBLE,INFEASIBLE,INFEASIBLE,INFEASIBLE,INFEASIBLE,INFEASIBLE,INFEASIBLE,INFEASIBLE,INFEASIBLE,INFEASIBLE,INFEASIBLE,INFEASIBLE,INFEASIBLE,INFEASIBLE,INFEASIBLE,INFEASIBLE,no_trials_in_band
gradual_bias,score_only,pc_t2,INFEASIBLE,0.5,budget_only,count,INFEASIBLE,INFEASIBLE,INFEASIBLE,INFEASIBLE,INFEASIBLE,INFEASIBLE,INFEASIBLE,INFEASIBLE,INFEASIBLE,INFEASIBLE,INFEASIBLE,INFEASIBLE,INFEASIBLE,INFEASIBLE,INFEASIBLE,INFEASIBLE,INFEASIBLE,INFEASIBLE,INFEASIBLE,INFEASIBLE,INFEASIBLE,INFEASIBLE,INFEASIBLE,,INFEASIBLE,INFEASIBLE,INFEASIBLE,INFEASIBLE,INFEASIBLE,INFEASIBLE,INFEASIBLE,INFEASIBLE,INFEASIBLE,INFEASIBLE,INFEASIBLE,INFEASIBLE,INFEASIBLE,INFEASIBLE,INFEASIBLE,INFEASIBLE,INFEASIBLE,INFEASIBLE,INFEASIBLE,INFEASIBLE,INFEASIBLE,INFEASIBLE,INFEASIBLE,INFEASIBLE,INFEASIBLE,no_trials_in_band
gradual_bias,score_only,pc_t2,INFEASIBLE,0.75,budget_only,count,INFEASIBLE,INFEASIBLE,INFEASIBLE,INFEASIBLE,INFEASIBLE,INFEASIBLE,INFEASIBLE,INFEASIBLE,INFEASIBLE,INFEASIBLE,INFEASIBLE,INFEASIBLE,INFEASIBLE,INFEASIBLE,INFEASIBLE,INFEASIBLE,INFEASIBLE,INFEASIBLE,INFEASIBLE,INFEASIBLE,INFEASIBLE,INFEASIBLE,INFEASIBLE,,INFEASIBLE,INFEASIBLE,INFEASIBLE,INFEASIBLE,INFEASIBLE,INFEASIBLE,INFEASIBLE,INFEASIBLE,INFEASIBLE,INFEASIBLE,INFEASIBLE,INFEASIBLE,INFEASIBLE,INFEASIBLE,INFEASIBLE,INFEASIBLE,INFEASIBLE,INFEASIBLE,INFEASIBLE,INFEASIBLE,INFEASIBLE,INFEASIBLE,INFEASIBLE,INFEASIBLE,INFEASIBLE,no_trials_in_band
gradual_bias,score_only,pc_t2,INFEASIBLE,1.0,budget_only,count,INFEASIBLE,INFEASIBLE,INFEASIBLE,INFEASIBLE,INFEASIBLE,INFEASIBLE,INFEASIBLE,INFEASIBLE,INFEASIBLE,INFEASIBLE,INFEASIBLE,INFEASIBLE,INFEASIBLE,INFEASIBLE,INFEASIBLE,INFEASIBLE,INFEASIBLE,INFEASIBLE,INFEASIBLE,INFEASIBLE,INFEASIBLE,INFEASIBLE,INFEASIBLE,,INFEASIBLE,INFEASIBLE,INFEASIBLE,INFEASIBLE,INFEASIBLE,INFEASIBLE,INFEASIBLE,INFEASIBLE,INFEASIBLE,INFEASIBLE,INFEASIBLE,INFEASIBLE,INFEASIBLE,INFEASIBLE,INFEASIBLE,INFEASIBLE,INFEASIBLE,INFEASIBLE,INFEASIBLE,INFEASIBLE,INFEASIBLE,INFEASIBLE,INFEASIBLE,INFEASIBLE,INFEASIBLE,no_trials_in_band
gradual_bias,score_only,res_energy,1.0,0.25,budget_only,count,0.1,0.15,0.1,30,30,30,30,1.0,1.0,1.0,0.9714128035320091,0.02682119205298013,22.566666666666666,0.43333333333333335,0.43333333333333335,0.0,0.43333333333333335,0.03333333333333333,0.43333333333333335,0.03333333333333333,0.0,0.03333333333333333,0.03333333333333333,4.0,26.0,26.0,26.0,26.0,26.0,26.0,26.0,26.0,26.0,26.0,15.0,15.0,1.3947019867549673,0.9714128035320091,0.02682119205298013,0.0037856749954723696,0.0005404674562616834,0.9714128035320091,0.02682119205298013,0.0,0.0,0.0,0.0,0.0,OK,
gradual_bias,score_only,res_energy,1.0,0.5,budget_only,count,0.1,0.15,0.1,30,30,30,30,1.0,1.0,1.0,0.9714128035320091,0.02682119205298013,22.566666666666666,0.43333333333333335,0.43333333333333335,0.0,0.43333333333333335,0.03333333333333333,0.43333333333333335,0.03333333333333333,0.0,0.03333333333333333,0.03333333333333333,4.0,26.0,26.0,26.0,26.0,26.0,26.0,26.0,26.0,26.0,26.0,15.0,15.0,1.3947019867549673,0.9714128035320091,0.02682119205298013,0.0037856749954723696,0.0010818730297878997,0.9714128035320091,0.02682119205298013,0.0,0.0,0.0,0.0,0.0,OK,
gradual_bias,score_only,res_energy,1.0,0.75,budget_only,count,0.1,0.15,0.1,30,30,30,30,1.0,1.0,1.0,0.9714128035320091,0.02682119205298013,22.566666666666666,0.43333333333333335,0.43333333333333335,0.0,0.43333333333333335,0.03333333333333333,0.43333333333333335,0.03333333333333333,0.0,0.03333333333333333,0.03333333333333333,4.0,26.0,26.0,26.0,26.0,26.0,26.0,26.0,26.0,26.0,26.0,15.0,15.0,1.3947019867549673,0.9714128035320091,0.02682119205298013,0.0037856749954723696,0.0016242167601975253,0.9714128035320091,0.02682119205298013,0.0,0.0,0.0,0.0,0.0,OK,
gradual_bias,score_only,res_energy,1.0,1.0,budget_only,count,0.1,0.15,0.1,30,30,30,30,1.0,1.0,1.0,0.9714128035320091,0.02682119205298013,22.566666666666666,0.43333333333333335,0.43333333333333335,0.0,0.43333333333333335,0.03333333333333333,0.43333333333333335,0.03333333333333333,0.0,0.03333333333333333,0.03333333333333333,4.0,26.0,26.0,26.0,26.0,26.0,26.0,26.0,26.0,26.0,26.0,15.0,15.0,1.3947019867549673,0.9714128035320091,0.02682119205298013,0.0037856749954723696,0.0021674986596423775,0.9714128035320091,0.02682119205298013,0.0,0.0,0.0,0.0,0.0,OK,
gradual_bias,score_only,res_energy,INFEASIBLE,0.25,budget_only,count,INFEASIBLE,INFEASIBLE,INFEASIBLE,INFEASIBLE,INFEASIBLE,INFEASIBLE,INFEASIBLE,INFEASIBLE,INFEASIBLE,INFEASIBLE,INFEASIBLE,INFEASIBLE,INFEASIBLE,INFEASIBLE,INFEASIBLE,INFEASIBLE,INFEASIBLE,INFEASIBLE,INFEASIBLE,INFEASIBLE,INFEASIBLE,INFEASIBLE,INFEASIBLE,,INFEASIBLE,INFEASIBLE,INFEASIBLE,INFEASIBLE,INFEASIBLE,INFEASIBLE,INFEASIBLE,INFEASIBLE,INFEASIBLE,INFEASIBLE,INFEASIBLE,INFEASIBLE,INFEASIBLE,INFEASIBLE,INFEASIBLE,INFEASIBLE,INFEASIBLE,INFEASIBLE,INFEASIBLE,INFEASIBLE,INFEASIBLE,INFEASIBLE,INFEASIBLE,INFEASIBLE,INFEASIBLE,no_trials_in_band
gradual_bias,score_only,res_energy,INFEASIBLE,0.5,budget_only,count,INFEASIBLE,INFEASIBLE,INFEASIBLE,INFEASIBLE,INFEASIBLE,INFEASIBLE,INFEASIBLE,INFEASIBLE,INFEASIBLE,INFEASIBLE,INFEASIBLE,INFEASIBLE,INFEASIBLE,INFEASIBLE,INFEASIBLE,INFEASIBLE,INFEASIBLE,INFEASIBLE,INFEASIBLE,INFEASIBLE,INFEASIBLE,INFEASIBLE,INFEASIBLE,,INFEASIBLE,INFEASIBLE,INFEASIBLE,INFEASIBLE,INFEASIBLE,INFEASIBLE,INFEASIBLE,INFEASIBLE,INFEASIBLE,INFEASIBLE,INFEASIBLE,INFEASIBLE,INFEASIBLE,INFEASIBLE,INFEASIBLE,INFEASIBLE,INFEASIBLE,INFEASIBLE,INFEASIBLE,INFEASIBLE,INFEASIBLE,INFEASIBLE,INFEASIBLE,INFEASIBLE,INFEASIBLE,no_trials_in_band
gradual_bias,score_only,res_energy,INFEASIBLE,0.75,budget_only,count,INFEASIBLE,INFEASIBLE,INFEASIBLE,INFEASIBLE,INFEASIBLE,INFEASIBLE,INFEASIBLE,INFEASIBLE,INFEASIBLE,INFEASIBLE,INFEASIBLE,INFEASIBLE,INFEASIBLE,INFEASIBLE,INFEASIBLE,INFEASIBLE,INFEASIBLE,INFEASIBLE,INFEASIBLE,INFEASIBLE,INFEASIBLE,INFEASIBLE,INFEASIBLE,,INFEASIBLE,INFEASIBLE,INFEASIBLE,INFEASIBLE,INFEASIBLE,INFEASIBLE,INFEASIBLE,INFEASIBLE,INFEASIBLE,INFEASIBLE,INFEASIBLE,INFEASIBLE,INFEASIBLE,INFEASIBLE,INFEASIBLE,INFEASIBLE,INFEASIBLE,INFEASIBLE,INFEASIBLE,INFEASIBLE,INFEASIBLE,INFEASIBLE,INFEASIBLE,INFEASIBLE,INFEASIBLE,no_trials_in_band
gradual_bias,score_only,res_energy,INFEASIBLE,1.0,budget_only,count,INFEASIBLE,INFEASIBLE,INFEASIBLE,INFEASIBLE,INFEASIBLE,INFEASIBLE,INFEASIBLE,INFEASIBLE,INFEASIBLE,INFEASIBLE,INFEASIBLE,INFEASIBLE,INFEASIBLE,INFEASIBLE,INFEASIBLE,INFEASIBLE,INFEASIBLE,INFEASIBLE,INFEASIBLE,INFEASIBLE,INFEASIBLE,INFEASIBLE,INFEASIBLE,,INFEASIBLE,INFEASIBLE,INFEASIBLE,INFEASIBLE,INFEASIBLE,INFEASIBLE,INFEASIBLE,INFEASIBLE,INFEASIBLE,INFEASIBLE,INFEASIBLE,INFEASIBLE,INFEASIBLE,INFEASIBLE,INFEASIBLE,INFEASIBLE,INFEASIBLE,INFEASIBLE,INFEASIBLE,INFEASIBLE,INFEASIBLE,INFEASIBLE,INFEASIBLE,INFEASIBLE,INFEASIBLE,no_trials_in_band
gradual_bias,score_only,stale,1.0,0.25,budget_only,count,0.1,0.15,0.1,30,30,0,30,1.0,0.0,1.0,0.9470198675496692,0.448896247240618,22.0,0.4,0.4,0.0,0.8666666666666667,0.5666666666666667,0.8666666666666667,0.5666666666666667,0.4666666666666667,0.0,0.0,4.0,26.0,26.0,26.0,26.0,26.0,26.0,2.0,26.0,26.0,26.0,9.5,9.5,22.758609271523177,0.919757174392936,0.4376655629139073,1.0000000000000002e-06,0.7197811340293262,0.9470198675496692,0.448896247240618,0.0,0.4333333333333333,0.0,0.0,-0.4333333333333333,OK,
gradual_bias,score_only,stale,1.0,0.5,budget_only,count,0.1,0.15,0.1,30,30,0,30,1.0,0.0,1.0,0.9470198675496692,0.448896247240618,22.0,0.4,0.4,0.0,0.8666666666666667,0.5666666666666667,0.8666666666666667,0.5666666666666667,0.4666666666666667,0.0,0.0,4.0,26.0,26.0,26.0,26.0,26.0,26.0,2.0,26.0,26.0,26.0,9.5,9.5,22.758609271523177,0.919757174392936,0.4376655629139073,1.0000000000000002e-06,0.7197811340293262,0.9470198675496692,0.448896247240618,0.0,0.4333333333333333,0.0,0.0,-0.4333333333333333,OK,
gradual_bias,score_only,stale,1.0,0.75,budget_only,count,0.1,0.15,0.1,30,30,0,30,1.0,0.0,1.0,0.9470198675496692,0.448896247240618,22.0,0.4,0.4,0.0,0.8666666666666667,0.5666666666666667,0.8666666666666667,0.5666666666666667,0.4666666666666667,0.0,0.0,4.0,26.0,26.0,26.0,26.0,26.0,26.0,2.0,26.0,26.0,26.0,9.5,9.5,22.758609271523177,0.919757174392936,0.4376655629139073,1.0000000000000002e-06,0.7197811340293262,0.9470198675496692,0.448896247240618,0.0,0.4333333333333333,0.0,0.0,-0.4333333333333333,OK,
gradual_bias,score_only,stale,1.0,1.0,budget_only,count,0.1,0.15,0.1,30,30,0,30,1.0,0.0,1.0,0.9470198675496692,0.448896247240618,22.0,0.4,0.4,0.0,0.8666666666666667,0.5666666666666667,0.8666666666666667,0.5666666666666667,0.4666666666666667,0.0,0.0,4.0,26.0,26.0,26.0,26.0,26.0,26.0,2.0,26.0,26.0,26.0,9.5,9.5,22.758609271523177,0.919757174392936,0.4376655629139073,1.0000000000000002e-06,0.7197811340293262,0.9470198675496692,0.448896247240618,0.0,0.4333333333333333,0.0,0.0,-0.4333333333333333,OK,
gradual_bias,score_only,stale,INFEASIBLE,0.25,budget_only,count,INFEASIBLE,INFEASIBLE,INFEASIBLE,INFEASIBLE,INFEASIBLE,INFEASIBLE,INFEASIBLE,INFEASIBLE,INFEASIBLE,INFEASIBLE,INFEASIBLE,INFEASIBLE,INFEASIBLE,INFEASIBLE,INFEASIBLE,INFEASIBLE,INFEASIBLE,INFEASIBLE,INFEASIBLE,INFEASIBLE,INFEASIBLE,INFEASIBLE,INFEASIBLE,,INFEASIBLE,INFEASIBLE,INFEASIBLE,INFEASIBLE,INFEASIBLE,INFEASIBLE,INFEASIBLE,INFEASIBLE,INFEASIBLE,INFEASIBLE,INFEASIBLE,INFEASIBLE,INFEASIBLE,INFEASIBLE,INFEASIBLE,INFEASIBLE,INFEASIBLE,INFEASIBLE,INFEASIBLE,INFEASIBLE,INFEASIBLE,INFEASIBLE,INFEASIBLE,INFEASIBLE,INFEASIBLE,no_trials_in_band
gradual_bias,score_only,stale,INFEASIBLE,0.5,budget_only,count,INFEASIBLE,INFEASIBLE,INFEASIBLE,INFEASIBLE,INFEASIBLE,INFEASIBLE,INFEASIBLE,INFEASIBLE,INFEASIBLE,INFEASIBLE,INFEASIBLE,INFEASIBLE,INFEASIBLE,INFEASIBLE,INFEASIBLE,INFEASIBLE,INFEASIBLE,INFEASIBLE,INFEASIBLE,INFEASIBLE,INFEASIBLE,INFEASIBLE,INFEASIBLE,,INFEASIBLE,INFEASIBLE,INFEASIBLE,INFEASIBLE,INFEASIBLE,INFEASIBLE,INFEASIBLE,INFEASIBLE,INFEASIBLE,INFEASIBLE,INFEASIBLE,INFEASIBLE,INFEASIBLE,INFEASIBLE,INFEASIBLE,INFEASIBLE,INFEASIBLE,INFEASIBLE,INFEASIBLE,INFEASIBLE,INFEASIBLE,INFEASIBLE,INFEASIBLE,INFEASIBLE,INFEASIBLE,no_trials_in_band
gradual_bias,score_only,stale,INFEASIBLE,0.75,budget_only,count,INFEASIBLE,INFEASIBLE,INFEASIBLE,INFEASIBLE,INFEASIBLE,INFEASIBLE,INFEASIBLE,INFEASIBLE,INFEASIBLE,INFEASIBLE,INFEASIBLE,INFEASIBLE,INFEASIBLE,INFEASIBLE,INFEASIBLE,INFEASIBLE,INFEASIBLE,INFEASIBLE,INFEASIBLE,INFEASIBLE,INFEASIBLE,INFEASIBLE,INFEASIBLE,,INFEASIBLE,INFEASIBLE,INFEASIBLE,INFEASIBLE,INFEASIBLE,INFEASIBLE,INFEASIBLE,INFEASIBLE,INFEASIBLE,INFEASIBLE,INFEASIBLE,INFEASIBLE,INFEASIBLE,INFEASIBLE,INFEASIBLE,INFEASIBLE,INFEASIBLE,INFEASIBLE,INFEASIBLE,INFEASIBLE,INFEASIBLE,INFEASIBLE,INFEASIBLE,INFEASIBLE,INFEASIBLE,no_trials_in_band
gradual_bias,score_only,stale,INFEASIBLE,1.0,budget_only,count,INFEASIBLE,INFEASIBLE,INFEASIBLE,INFEASIBLE,INFEASIBLE,INFEASIBLE,INFEASIBLE,INFEASIBLE,INFEASIBLE,INFEASIBLE,INFEASIBLE,INFEASIBLE,INFEASIBLE,INFEASIBLE,INFEASIBLE,INFEASIBLE,INFEASIBLE,INFEASIBLE,INFEASIBLE,INFEASIBLE,INFEASIBLE,INFEASIBLE,INFEASIBLE,,INFEASIBLE,INFEASIBLE,INFEASIBLE,INFEASIBLE,INFEASIBLE,INFEASIBLE,INFEASIBLE,INFEASIBLE,INFEASIBLE,INFEASIBLE,INFEASIBLE,INFEASIBLE,INFEASIBLE,INFEASIBLE,INFEASIBLE,INFEASIBLE,INFEASIBLE,INFEASIBLE,INFEASIBLE,INFEASIBLE,INFEASIBLE,INFEASIBLE,INFEASIBLE,INFEASIBLE,INFEASIBLE,no_trials_in_band
