kind,panel,detector,budget,attack_strength,matched_mode,matched_budget_band,matched_tol_budget,tiw_cap,matched_tol_tiw,n_trials_total,n_trials_budget,n_trials_joint,n_trials_primary,coverage_budget,coverage_joint,coverage_primary,fae_null_mean_primary,tiw_null_mean_primary,false_alert_events_count_mean_primary,detect_rate,detect_rate_null,uplift_detect_rate,event_success_rate,event_timely_sla_rate,event_anywarn_success_rate,event_anywarn_timely_sla_rate,event_preexisting_warning_rate,contract_pass_full_rate,contract_pass_full_anywarn_rate,event_sla_months,median_delay,median_delay_null,delay_p50,delay_p90,delay_null_p50,delay_null_p90,event_delay_p50,event_delay_p90,event_time_to_trigger_p50,event_time_to_trigger_p90,median_delay_uncens,median_delay_null_uncens,mean_false_alarm_months_per_year,mean_false_alert_events_per_year,mean_time_in_warning,mean_p_star,mean_effect_size,mean_fae_null,mean_tiw_null,mean_cad_win,mean_cad_post,mean_dtiw_win,mean_abs_dtiw_win,mean_dtiw_post,row_status,infeasible_reason
corr_mix,all_only,T2,1.0,0.0,budget_only,count,0.1,0.15,0.1,30,30,30,30,1.0,1.0,1.0,0.9226269315673291,0.02160596026490066,21.433333333333334,0.5666666666666667,0.5666666666666667,0.0,0.5666666666666667,0.1,0.5666666666666667,0.1,0.0,0.1,0.1,4.0,18.0,18.0,18.0,26.0,18.0,26.0,18.0,26.0,18.0,26.0,8.0,8.0,1.1235099337748344,0.9226269315673291,0.02160596026490066,0.009993332221728103,0.0,0.9226269315673291,0.02160596026490066,0.0,0.0,0.0,0.0,0.0,OK,
corr_mix,all_only,T2,1.0,0.25,budget_only,count,0.1,0.15,0.1,30,30,30,30,1.0,1.0,1.0,0.9226269315673291,0.02160596026490066,21.433333333333334,0.5666666666666667,0.5666666666666667,0.0,0.5666666666666667,0.1,0.5666666666666667,0.1,0.0,0.1,0.1,4.0,18.0,18.0,18.0,26.0,18.0,26.0,18.0,26.0,18.0,26.0,8.0,8.0,1.1235099337748344,0.9226269315673291,0.02160596026490066,0.009993332221728103,0.0,0.9226269315673291,0.02160596026490066,0.0,0.0,0.0,0.0,0.0,OK,
corr_mix,all_only,T2,1.0,0.5,budget_only,count,0.1,0.15,0.1,30,30,30,30,1.0,1.0,1.0,0.9226269315673291,0.02160596026490066,21.433333333333334,0.5666666666666667,0.5666666666666667,0.0,0.5666666666666667,0.1,0.5666666666666667,0.1,0.0,0.1,0.1,4.0,18.0,18.0,18.0,26.0,18.0,26.0,18.0,26.0,18.0,26.0,8.0,8.0,1.1235099337748344,0.9226269315673291,0.02160596026490066,0.009993332221728103,0.0,0.9226269315673291,0.02160596026490066,0.0,0.0,0.0,0.0,0.0,OK,
corr_mix,all_only,T2,1.0,0.75,budget_only,count,0.1,0.15,0.1,30,30,30,30,1.0,1.0,1.0,0.9226269315673291,0.02160596026490066,21.433333333333334,0.5666666666666667,0.5666666666666667,0.0,0.5666666666666667,0.1,0.5666666666666667,0.1,0.0,0.1,0.1,4.0,18.0,18.0,18.0,26.0,18.0,26.0,18.0,26.0,18.0,26.0,8.0,8.0,1.1235099337748344,0.9226269315673291,0.02160596026490066,0.009993332221728103,0.0,0.9226269315673291,0.02160596026490066,0.0,0.0,0.0,0.0,0.0,OK,
corr_mix,all_only,T2,1.0,1.0,budget_only,count,0.1,0.15,0.1,30,30,30,30,1.0,1.0,1.0,0.9226269315673291,0.02160596026490066,21.433333333333334,0.5666666666666667,0.5666666666666667,0.0,0.5666666666666667,0.1,0.5666666666666667,0.1,0.0,0.1,0.1,4.0,18.0,18.0,18.0,26.0,18.0,26.0,18.0,26.0,18.0,26.0,8.0,8.0,1.1235099337748344,0.9226269315673291,0.02160596026490066,0.009993332221728103,0.0,0.9226269315673291,0.02160596026490066,0.0,0.0,0.0,0.0,0.0,OK,
corr_mix,all_only,T2,INFEASIBLE,0.0,budget_only,count,INFEASIBLE,INFEASIBLE,INFEASIBLE,INFEASIBLE,INFEASIBLE,INFEASIBLE,INFEASIBLE,INFEASIBLE,INFEASIBLE,INFEASIBLE,INFEASIBLE,INFEASIBLE,INFEASIBLE,INFEASIBLE,INFEASIBLE,INFEASIBLE,INFEASIBLE,INFEASIBLE,INFEASIBLE,INFEASIBLE,INFEASIBLE,INFEASIBLE,INFEASIBLE,,INFEASIBLE,INFEASIBLE,INFEASIBLE,INFEASIBLE,INFEASIBLE,INFEASIBLE,INFEASIBLE,INFEASIBLE,INFEASIBLE,INFEASIBLE,INFEASIBLE,INFEASIBLE,INFEASIBLE,INFEASIBLE,INFEASIBLE,INFEASIBLE,INFEASIBLE,INFEASIBLE,INFEASIBLE,INFEASIBLE,INFEASIBLE,INFEASIBLE,INFEASIBLE,INFEASIBLE,INFEASIBLE,no_trials_in_band
corr_mix,all_only,T2,INFEASIBLE,0.25,budget_only,count,INFEASIBLE,INFEASIBLE,INFEASIBLE,INFEASIBLE,INFEASIBLE,INFEASIBLE,INFEASIBLE,INFEASIBLE,INFEASIBLE,INFEASIBLE,INFEASIBLE,INFEASIBLE,INFEASIBLE,INFEASIBLE,INFEASIBLE,INFEASIBLE,INFEASIBLE,INFEASIBLE,INFEASIBLE,INFEASIBLE,INFEASIBLE,INFEASIBLE,INFEASIBLE,,INFEASIBLE,INFEASIBLE,INFEASIBLE,INFEASIBLE,INFEASIBLE,INFEASIBLE,INFEASIBLE,INFEASIBLE,INFEASIBLE,INFEASIBLE,INFEASIBLE,INFEASIBLE,INFEASIBLE,INFEASIBLE,INFEASIBLE,INFEASIBLE,INFEASIBLE,INFEASIBLE,INFEASIBLE,INFEASIBLE,INFEASIBLE,INFEASIBLE,INFEASIBLE,INFEASIBLE,INFEASIBLE,no_trials_in_band
corr_mix,all_only,T2,INFEASIBLE,0.5,budget_only,count,INFEASIBLE,INFEASIBLE,INFEASIBLE,INFEASIBLE,INFEASIBLE,INFEASIBLE,INFEASIBLE,INFEASIBLE,INFEASIBLE,INFEASIBLE,INFEASIBLE,INFEASIBLE,INFEASIBLE,INFEASIBLE,INFEASIBLE,INFEASIBLE,INFEASIBLE,INFEASIBLE,INFEASIBLE,INFEASIBLE,INFEASIBLE,INFEASIBLE,INFEASIBLE,,INFEASIBLE,INFEASIBLE,INFEASIBLE,INFEASIBLE,INFEASIBLE,INFEASIBLE,INFEASIBLE,INFEASIBLE,INFEASIBLE,INFEASIBLE,INFEASIBLE,INFEASIBLE,INFEASIBLE,INFEASIBLE,INFEASIBLE,INFEASIBLE,INFEASIBLE,INFEASIBLE,INFEASIBLE,INFEASIBLE,INFEASIBLE,INFEASIBLE,INFEASIBLE,INFEASIBLE,INFEASIBLE,no_trials_in_band
corr_mix,all_only,T2,INFEASIBLE,0.75,budget_only,count,INFEASIBLE,INFEASIBLE,INFEASIBLE,INFEASIBLE,INFEASIBLE,INFEASIBLE,INFEASIBLE,INFEASIBLE,INFEASIBLE,INFEASIBLE,INFEASIBLE,INFEASIBLE,INFEASIBLE,INFEASIBLE,INFEASIBLE,INFEASIBLE,INFEASIBLE,INFEASIBLE,INFEASIBLE,INFEASIBLE,INFEASIBLE,INFEASIBLE,INFEASIBLE,,INFEASIBLE,INFEASIBLE,INFEASIBLE,INFEASIBLE,INFEASIBLE,INFEASIBLE,INFEASIBLE,INFEASIBLE,INFEASIBLE,INFEASIBLE,INFEASIBLE,INFEASIBLE,INFEASIBLE,INFEASIBLE,INFEASIBLE,INFEASIBLE,INFEASIBLE,INFEASIBLE,INFEASIBLE,INFEASIBLE,INFEASIBLE,INFEASIBLE,INFEASIBLE,INFEASIBLE,INFEASIBLE,no_trials_in_band
corr_mix,all_only,T2,INFEASIBLE,1.0,budget_only,count,INFEASIBLE,INFEASIBLE,INFEASIBLE,INFEASIBLE,INFEASIBLE,INFEASIBLE,INFEASIBLE,INFEASIBLE,INFEASIBLE,INFEASIBLE,INFEASIBLE,INFEASIBLE,INFEASIBLE,INFEASIBLE,INFEASIBLE,INFEASIBLE,INFEASIBLE,INFEASIBLE,INFEASIBLE,INFEASIBLE,INFEASIBLE,INFEASIBLE,INFEASIBLE,,INFEASIBLE,INFEASIBLE,INFEASIBLE,INFEASIBLE,INFEASIBLE,INFEASIBLE,INFEASIBLE,INFEASIBLE,INFEASIBLE,INFEASIBLE,INFEASIBLE,INFEASIBLE,INFEASIBLE,INFEASIBLE,INFEASIBLE,INFEASIBLE,INFEASIBLE,INFEASIBLE,INFEASIBLE,INFEASIBLE,INFEASIBLE,INFEASIBLE,INFEASIBLE,INFEASIBLE,INFEASIBLE,no_trials_in_band
corr_mix,all_only,cusum_factor_cov_lrt,INFEASIBLE,0.0,budget_only,count,INFEASIBLE,INFEASIBLE,INFEASIBLE,INFEASIBLE,INFEASIBLE,INFEASIBLE,INFEASIBLE,INFEASIBLE,INFEASIBLE,INFEASIBLE,INFEASIBLE,INFEASIBLE,INFEASIBLE,INFEASIBLE,INFEASIBLE,INFEASIBLE,INFEASIBLE,INFEASIBLE,INFEASIBLE,INFEASIBLE,INFEASIBLE,INFEASIBLE,INFEASIBLE,,INFEASIBLE,INFEASIBLE,INFEASIBLE,INFEASIBLE,INFEASIBLE,INFEASIBLE,INFEASIBLE,INFEASIBLE,INFEASIBLE,INFEASIBLE,INFEASIBLE,INFEASIBLE,INFEASIBLE,INFEASIBLE,INFEASIBLE,INFEASIBLE,INFEASIBLE,INFEASIBLE,INFEASIBLE,INFEASIBLE,INFEASIBLE,INFEASIBLE,INFEASIBLE,INFEASIBLE,INFEASIBLE,no_trials_in_band
corr_mix,all_only,cusum_factor_cov_lrt,INFEASIBLE,0.25,budget_only,count,INFEASIBLE,INFEASIBLE,INFEASIBLE,INFEASIBLE,INFEASIBLE,INFEASIBLE,INFEASIBLE,INFEASIBLE,INFEASIBLE,INFEASIBLE,INFEASIBLE,INFEASIBLE,INFEASIBLE,INFEASIBLE,INFEASIBLE,INFEASIBLE,INFEASIBLE,INFEASIBLE,INFEASIBLE,INFEASIBLE,INFEASIBLE,INFEASIBLE,INFEASIBLE,,INFEASIBLE,INFEASIBLE,INFEASIBLE,INFEASIBLE,INFEASIBLE,INFEASIBLE,INFEASIBLE,INFEASIBLE,INFEASIBLE,INFEASIBLE,INFEASIBLE,INFEASIBLE,INFEASIBLE,INFEASIBLE,INFEASIBLE,INFEASIBLE,INFEASIBLE,INFEASIBLE,INFEASIBLE,INFEASIBLE,INFEASIBLE,INFEASIBLE,INFEASIBLE,INFEASIBLE,INFEASIBLE,no_trials_in_band
corr_mix,all_only,cusum_factor_cov_lrt,INFEASIBLE,0.5,budget_only,count,INFEASIBLE,INFEASIBLE,INFEASIBLE,INFEASIBLE,INFEASIBLE,INFEASIBLE,INFEASIBLE,INFEASIBLE,INFEASIBLE,INFEASIBLE,INFEASIBLE,INFEASIBLE,INFEASIBLE,INFEASIBLE,INFEASIBLE,INFEASIBLE,INFEASIBLE,INFEASIBLE,INFEASIBLE,INFEASIBLE,INFEASIBLE,INFEASIBLE,INFEASIBLE,,INFEASIBLE,INFEASIBLE,INFEASIBLE,INFEASIBLE,INFEASIBLE,INFEASIBLE,INFEASIBLE,INFEASIBLE,INFEASIBLE,INFEASIBLE,INFEASIBLE,INFEASIBLE,INFEASIBLE,INFEASIBLE,INFEASIBLE,INFEASIBLE,INFEASIBLE,INFEASIBLE,INFEASIBLE,INFEASIBLE,INFEASIBLE,INFEASIBLE,INFEASIBLE,INFEASIBLE,INFEASIBLE,no_trials_in_band
corr_mix,all_only,cusum_factor_cov_lrt,INFEASIBLE,0.75,budget_only,count,INFEASIBLE,INFEASIBLE,INFEASIBLE,INFEASIBLE,INFEASIBLE,INFEASIBLE,INFEASIBLE,INFEASIBLE,INFEASIBLE,INFEASIBLE,INFEASIBLE,INFEASIBLE,INFEASIBLE,INFEASIBLE,INFEASIBLE,INFEASIBLE,INFEASIBLE,INFEASIBLE,INFEASIBLE,INFEASIBLE,INFEASIBLE,INFEASIBLE,INFEASIBLE,,INFEASIBLE,INFEASIBLE,INFEASIBLE,INFEASIBLE,INFEASIBLE,INFEASIBLE,INFEASIBLE,INFEASIBLE,INFEASIBLE,INFEASIBLE,INFEASIBLE,INFEASIBLE,INFEASIBLE,INFEASIBLE,INFEASIBLE,INFEASIBLE,INFEASIBLE,INFEASIBLE,INFEASIBLE,INFEASIBLE,INFEASIBLE,INFEASIBLE,INFEASIBLE,INFEASIBLE,INFEASIBLE,no_trials_in_band
corr_mix,all_only,cusum_factor_cov_lrt,INFEASIBLE,1.0,budget_only,count,INFEASIBLE,INFEASIBLE,INFEASIBLE,INFEASIBLE,INFEASIBLE,INFEASIBLE,INFEASIBLE,INFEASIBLE,INFEASIBLE,INFEASIBLE,INFEASIBLE,INFEASIBLE,INFEASIBLE,INFEASIBLE,INFEASIBLE,INFEASIBLE,INFEASIBLE,INFEASIBLE,INFEASIBLE,INFEASIBLE,INFEASIBLE,INFEASIBLE,INFEASIBLE,,INFEASIBLE,INFEASIBLE,INFEASIBLE,INFEASIBLE,INFEASIBLE,INFEASIBLE,INFEASIBLE,INFEASIBLE,INFEASIBLE,INFEASIBLE,INFEASIBLE,INFEASIBLE,INFEASIBLE,INFEASIBLE,INFEASIBLE,INFEASIBLE,INFEASIBLE,INFEASIBLE,INFEASIBLE,INFEASIBLE,INFEASIBLE,INFEASIBLE,INFEASIBLE,INFEASIBLE,INFEASIBLE,no_trials_in_band
corr_mix,all_only,cusum_factor_cov_lrt,INFEASIBLE,0.0,budget_only,count,INFEASIBLE,INFEASIBLE,INFEASIBLE,INFEASIBLE,INFEASIBLE,INFEASIBLE,INFEASIBLE,INFEASIBLE,INFEASIBLE,INFEASIBLE,INFEASIBLE,INFEASIBLE,INFEASIBLE,INFEASIBLE,INFEASIBLE,INFEASIBLE,INFEASIBLE,INFEASIBLE,INFEASIBLE,INFEASIBLE,INFEASIBLE,INFEASIBLE,INFEASIBLE,,INFEASIBLE,INFEASIBLE,INFEASIBLE,INFEASIBLE,INFEASIBLE,INFEASIBLE,INFEASIBLE,INFEASIBLE,INFEASIBLE,INFEASIBLE,INFEASIBLE,INFEASIBLE,INFEASIBLE,INFEASIBLE,INFEASIBLE,INFEASIBLE,INFEASIBLE,INFEASIBLE,INFEASIBLE,INFEASIBLE,INFEASIBLE,INFEASIBLE,INFEASIBLE,INFEASIBLE,INFEASIBLE,no_trials_in_band
corr_mix,all_only,cusum_factor_cov_lrt,INFEASIBLE,0.25,budget_only,count,INFEASIBLE,INFEASIBLE,INFEASIBLE,INFEASIBLE,INFEASIBLE,INFEASIBLE,INFEASIBLE,INFEASIBLE,INFEASIBLE,INFEASIBLE,INFEASIBLE,INFEASIBLE,INFEASIBLE,INFEASIBLE,INFEASIBLE,INFEASIBLE,INFEASIBLE,INFEASIBLE,INFEASIBLE,INFEASIBLE,INFEASIBLE,INFEASIBLE,INFEASIBLE,,INFEASIBLE,INFEASIBLE,INFEASIBLE,INFEASIBLE,INFEASIBLE,INFEASIBLE,INFEASIBLE,INFEASIBLE,INFEASIBLE,INFEASIBLE,INFEASIBLE,INFEASIBLE,INFEASIBLE,INFEASIBLE,INFEASIBLE,INFEASIBLE,INFEASIBLE,INFEASIBLE,INFEASIBLE,INFEASIBLE,INFEASIBLE,INFEASIBLE,INFEASIBLE,INFEASIBLE,INFEASIBLE,no_trials_in_band
corr_mix,all_only,cusum_factor_cov_lrt,INFEASIBLE,0.5,budget_only,count,INFEASIBLE,INFEASIBLE,INFEASIBLE,INFEASIBLE,INFEASIBLE,INFEASIBLE,INFEASIBLE,INFEASIBLE,INFEASIBLE,INFEASIBLE,INFEASIBLE,INFEASIBLE,INFEASIBLE,INFEASIBLE,INFEASIBLE,INFEASIBLE,INFEASIBLE,INFEASIBLE,INFEASIBLE,INFEASIBLE,INFEASIBLE,INFEASIBLE,INFEASIBLE,,INFEASIBLE,INFEASIBLE,INFEASIBLE,INFEASIBLE,INFEASIBLE,INFEASIBLE,INFEASIBLE,INFEASIBLE,INFEASIBLE,INFEASIBLE,INFEASIBLE,INFEASIBLE,INFEASIBLE,INFEASIBLE,INFEASIBLE,INFEASIBLE,INFEASIBLE,INFEASIBLE,INFEASIBLE,INFEASIBLE,INFEASIBLE,INFEASIBLE,INFEASIBLE,INFEASIBLE,INFEASIBLE,no_trials_in_band
corr_mix,all_only,cusum_factor_cov_lrt,INFEASIBLE,0.75,budget_only,count,INFEASIBLE,INFEASIBLE,INFEASIBLE,INFEASIBLE,INFEASIBLE,INFEASIBLE,INFEASIBLE,INFEASIBLE,INFEASIBLE,INFEASIBLE,INFEASIBLE,INFEASIBLE,INFEASIBLE,INFEASIBLE,INFEASIBLE,INFEASIBLE,INFEASIBLE,INFEASIBLE,INFEASIBLE,INFEASIBLE,INFEASIBLE,INFEASIBLE,INFEASIBLE,,INFEASIBLE,INFEASIBLE,INFEASIBLE,INFEASIBLE,INFEASIBLE,INFEASIBLE,INFEASIBLE,INFEASIBLE,INFEASIBLE,INFEASIBLE,INFEASIBLE,INFEASIBLE,INFEASIBLE,INFEASIBLE,INFEASIBLE,INFEASIBLE,INFEASIBLE,INFEASIBLE,INFEASIBLE,INFEASIBLE,INFEASIBLE,INFEASIBLE,INFEASIBLE,INFEASIBLE,INFEASIBLE,no_trials_in_band
corr_mix,all_only,cusum_factor_cov_lrt,INFEASIBLE,1.0,budget_only,count,INFEASIBLE,INFEASIBLE,INFEASIBLE,INFEASIBLE,INFEASIBLE,INFEASIBLE,INFEASIBLE,INFEASIBLE,INFEASIBLE,INFEASIBLE,INFEASIBLE,INFEASIBLE,INFEASIBLE,INFEASIBLE,INFEASIBLE,INFEASIBLE,INFEASIBLE,INFEASIBLE,INFEASIBLE,INFEASIBLE,INFEASIBLE,INFEASIBLE,INFEASIBLE,,INFEASIBLE,INFEASIBLE,INFEASIBLE,INFEASIBLE,INFEASIBLE,INFEASIBLE,INFEASIBLE,INFEASIBLE,INFEASIBLE,INFEASIBLE,INFEASIBLE,INFEASIBLE,INFEASIBLE,INFEASIBLE,INFEASIBLE,INFEASIBLE,INFEASIBLE,INFEASIBLE,INFEASIBLE,INFEASIBLE,INFEASIBLE,INFEASIBLE,INFEASIBLE,INFEASIBLE,INFEASIBLE,no_trials_in_band
corr_mix,all_only,ewma_factor_cov_lrt,1.0,0.0,budget_only,count,0.1,0.15,0.1,30,14,14,14,0.4666666666666667,0.4666666666666667,0.4666666666666667,0.860927152317881,0.02962393566698202,20.0,0.0,0.0,0.0,0.07142857142857142,0.07142857142857142,0.07142857142857142,0.07142857142857142,0.07142857142857142,0.07142857142857142,0.07142857142857142,4.0,26.0,26.0,26.0,26.0,26.0,26.0,26.0,26.0,26.0,26.0,NA,NA,1.5404446546830652,0.860927152317881,0.02962393566698202,0.0202945932048588,0.12019113419315919,0.860927152317881,0.02962393566698202,0.0,0.0,0.0,0.0,0.0,OK,
corr_mix,all_only,ewma_factor_cov_lrt,1.0,0.25,budget_only,count,0.1,0.15,0.1,30,14,14,14,0.4666666666666667,0.4666666666666667,0.4666666666666667,0.860927152317881,0.02962393566698202,20.0,0.0,0.0,0.0,0.07142857142857142,0.07142857142857142,0.07142857142857142,0.07142857142857142,0.07142857142857142,0.07142857142857142,0.07142857142857142,4.0,26.0,26.0,26.0,26.0,26.0,26.0,26.0,26.0,26.0,26.0,NA,NA,1.5404446546830652,0.860927152317881,0.02962393566698202,0.0202945932048588,0.12019113419315919,0.860927152317881,0.02962393566698202,0.0,0.0,0.0,0.0,0.0,OK,
corr_mix,all_only,ewma_factor_cov_lrt,1.0,0.5,budget_only,count,0.1,0.15,0.1,30,14,14,14,0.4666666666666667,0.4666666666666667,0.4666666666666667,0.860927152317881,0.02962393566698202,20.0,0.0,0.0,0.0,0.07142857142857142,0.07142857142857142,0.07142857142857142,0.07142857142857142,0.07142857142857142,0.07142857142857142,0.07142857142857142,4.0,26.0,26.0,26.0,26.0,26.0,26.0,26.0,26.0,26.0,26.0,NA,NA,1.5404446546830652,0.860927152317881,0.02962393566698202,0.0202945932048588,0.12019113419315919,0.860927152317881,0.02962393566698202,0.0,0.0,0.0,0.0,0.0,OK,
corr_mix,all_only,ewma_factor_cov_lrt,1.0,0.75,budget_only,count,0.1,0.15,0.1,30,14,14,14,0.4666666666666667,0.4666666666666667,0.4666666666666667,0.860927152317881,0.02962393566698202,20.0,0.0,0.0,0.0,0.07142857142857142,0.07142857142857142,0.07142857142857142,0.07142857142857142,0.07142857142857142,0.07142857142857142,0.07142857142857142,4.0,26.0,26.0,26.0,26.0,26.0,26.0,26.0,26.0,26.0,26.0,NA,NA,1.5404446546830652,0.860927152317881,0.02962393566698202,0.0202945932048588,0.12019113419315919,0.860927152317881,0.02962393566698202,0.0,0.0,0.0,0.0,0.0,OK,
corr_mix,all_only,ewma_factor_cov_lrt,1.0,1.0,budget_only,count,0.1,0.15,0.1,30,14,14,14,0.4666666666666667,0.4666666666666667,0.4666666666666667,0.860927152317881,0.02962393566698202,20.0,0.0,0.0,0.0,0.07142857142857142,0.07142857142857142,0.07142857142857142,0.07142857142857142,0.07142857142857142,0.07142857142857142,0.07142857142857142,4.0,26.0,26.0,26.0,26.0,26.0,26.0,26.0,26.0,26.0,26.0,NA,NA,1.5404446546830652,0.860927152317881,0.02962393566698202,0.0202945932048588,0.12019113419315919,0.860927152317881,0.02962393566698202,0.0,0.0,0.0,0.0,0.0,OK,
corr_mix,all_only,ewma_factor_cov_lrt,INFEASIBLE,0.0,budget_only,count,INFEASIBLE,INFEASIBLE,INFEASIBLE,INFEASIBLE,INFEASIBLE,INFEASIBLE,INFEASIBLE,INFEASIBLE,INFEASIBLE,INFEASIBLE,INFEASIBLE,INFEASIBLE,INFEASIBLE,INFEASIBLE,INFEASIBLE,INFEASIBLE,INFEASIBLE,INFEASIBLE,INFEASIBLE,INFEASIBLE,INFEASIBLE,INFEASIBLE,INFEASIBLE,,INFEASIBLE,INFEASIBLE,INFEASIBLE,INFEASIBLE,INFEASIBLE,INFEASIBLE,INFEASIBLE,INFEASIBLE,INFEASIBLE,INFEASIBLE,INFEASIBLE,INFEASIBLE,INFEASIBLE,INFEASIBLE,INFEASIBLE,INFEASIBLE,INFEASIBLE,INFEASIBLE,INFEASIBLE,INFEASIBLE,INFEASIBLE,INFEASIBLE,INFEASIBLE,INFEASIBLE,INFEASIBLE,no_trials_in_band
corr_mix,all_only,ewma_factor_cov_lrt,INFEASIBLE,0.25,budget_only,count,INFEASIBLE,INFEASIBLE,INFEASIBLE,INFEASIBLE,INFEASIBLE,INFEASIBLE,INFEASIBLE,INFEASIBLE,INFEASIBLE,INFEASIBLE,INFEASIBLE,INFEASIBLE,INFEASIBLE,INFEASIBLE,INFEASIBLE,INFEASIBLE,INFEASIBLE,INFEASIBLE,INFEASIBLE,INFEASIBLE,INFEASIBLE,INFEASIBLE,INFEASIBLE,,INFEASIBLE,INFEASIBLE,INFEASIBLE,INFEASIBLE,INFEASIBLE,INFEASIBLE,INFEASIBLE,INFEASIBLE,INFEASIBLE,INFEASIBLE,INFEASIBLE,INFEASIBLE,INFEASIBLE,INFEASIBLE,INFEASIBLE,INFEASIBLE,INFEASIBLE,INFEASIBLE,INFEASIBLE,INFEASIBLE,INFEASIBLE,INFEASIBLE,INFEASIBLE,INFEASIBLE,INFEASIBLE,no_trials_in_band
corr_mix,all_only,ewma_factor_cov_lrt,INFEASIBLE,0.5,budget_only,count,INFEASIBLE,INFEASIBLE,INFEASIBLE,INFEASIBLE,INFEASIBLE,INFEASIBLE,INFEASIBLE,INFEASIBLE,INFEASIBLE,INFEASIBLE,INFEASIBLE,INFEASIBLE,INFEASIBLE,INFEASIBLE,INFEASIBLE,INFEASIBLE,INFEASIBLE,INFEASIBLE,INFEASIBLE,INFEASIBLE,INFEASIBLE,INFEASIBLE,INFEASIBLE,,INFEASIBLE,INFEASIBLE,INFEASIBLE,INFEASIBLE,INFEASIBLE,INFEASIBLE,INFEASIBLE,INFEASIBLE,INFEASIBLE,INFEASIBLE,INFEASIBLE,INFEASIBLE,INFEASIBLE,INFEASIBLE,INFEASIBLE,INFEASIBLE,INFEASIBLE,INFEASIBLE,INFEASIBLE,INFEASIBLE,INFEASIBLE,INFEASIBLE,INFEASIBLE,INFEASIBLE,INFEASIBLE,no_trials_in_band
corr_mix,all_only,ewma_factor_cov_lrt,INFEASIBLE,0.75,budget_only,count,INFEASIBLE,INFEASIBLE,INFEASIBLE,INFEASIBLE,INFEASIBLE,INFEASIBLE,INFEASIBLE,INFEASIBLE,INFEASIBLE,INFEASIBLE,INFEASIBLE,INFEASIBLE,INFEASIBLE,INFEASIBLE,INFEASIBLE,INFEASIBLE,INFEASIBLE,INFEASIBLE,INFEASIBLE,INFEASIBLE,INFEASIBLE,INFEASIBLE,INFEASIBLE,,INFEASIBLE,INFEASIBLE,INFEASIBLE,INFEASIBLE,INFEASIBLE,INFEASIBLE,INFEASIBLE,INFEASIBLE,INFEASIBLE,INFEASIBLE,INFEASIBLE,INFEASIBLE,INFEASIBLE,INFEASIBLE,INFEASIBLE,INFEASIBLE,INFEASIBLE,INFEASIBLE,INFEASIBLE,INFEASIBLE,INFEASIBLE,INFEASIBLE,INFEASIBLE,INFEASIBLE,INFEASIBLE,no_trials_in_band
corr_mix,all_only,ewma_factor_cov_lrt,INFEASIBLE,1.0,budget_only,count,INFEASIBLE,INFEASIBLE,INFEASIBLE,INFEASIBLE,INFEASIBLE,INFEASIBLE,INFEASIBLE,INFEASIBLE,INFEASIBLE,INFEASIBLE,INFEASIBLE,INFEASIBLE,INFEASIBLE,INFEASIBLE,INFEASIBLE,INFEASIBLE,INFEASIBLE,INFEASIBLE,INFEASIBLE,INFEASIBLE,INFEASIBLE,INFEASIBLE,INFEASIBLE,,INFEASIBLE,INFEASIBLE,INFEASIBLE,INFEASIBLE,INFEASIBLE,INFEASIBLE,INFEASIBLE,INFEASIBLE,INFEASIBLE,INFEASIBLE,INFEASIBLE,INFEASIBLE,INFEASIBLE,INFEASIBLE,INFEASIBLE,INFEASIBLE,INFEASIBLE,INFEASIBLE,INFEASIBLE,INFEASIBLE,INFEASIBLE,INFEASIBLE,INFEASIBLE,INFEASIBLE,INFEASIBLE,no_trials_in_band
corr_mix,all_only,factor_cov_change,1.0,0.0,budget_only,count,0.1,0.15,0.1,30,30,30,30,1.0,1.0,1.0,1.0173289183222958,0.07488962472406183,23.633333333333333,0.36666666666666664,0.36666666666666664,0.0,0.4,0.03333333333333333,0.4,0.03333333333333333,0.03333333333333333,0.03333333333333333,0.03333333333333333,4.0,26.0,26.0,26.0,26.0,26.0,26.0,26.0,26.0,26.0,26.0,13.0,13.0,3.8942604856512144,1.0173289183222958,0.07488962472406183,0.11927664452862602,-0.09230199211254096,1.0173289183222958,0.07488962472406183,0.0,0.0,0.0,0.0,0.0,OK,
corr_mix,all_only,factor_cov_change,1.0,0.25,budget_only,count,0.1,0.15,0.1,30,30,30,30,1.0,1.0,1.0,1.0173289183222958,0.07488962472406183,23.633333333333333,0.36666666666666664,0.36666666666666664,0.0,0.4,0.03333333333333333,0.4,0.03333333333333333,0.03333333333333333,0.03333333333333333,0.03333333333333333,4.0,26.0,26.0,26.0,26.0,26.0,26.0,26.0,26.0,26.0,26.0,13.0,13.0,3.8942604856512144,1.0173289183222958,0.07488962472406183,0.11927664452862602,-0.09230199211254096,1.0173289183222958,0.07488962472406183,0.0,0.0,0.0,0.0,0.0,OK,
corr_mix,all_only,factor_cov_change,1.0,0.5,budget_only,count,0.1,0.15,0.1,30,30,30,30,1.0,1.0,1.0,1.0173289183222958,0.07488962472406183,23.633333333333333,0.36666666666666664,0.36666666666666664,0.0,0.4,0.03333333333333333,0.4,0.03333333333333333,0.03333333333333333,0.03333333333333333,0.03333333333333333,4.0,26.0,26.0,26.0,26.0,26.0,26.0,26.0,26.0,26.0,26.0,13.0,13.0,3.8942604856512144,1.0173289183222958,0.07488962472406183,0.11927664452862602,-0.09230199211254096,1.0173289183222958,0.07488962472406183,0.0,0.0,0.0,0.0,0.0,OK,
corr_mix,all_only,factor_cov_change,1.0,0.75,budget_only,count,0.1,0.15,0.1,30,30,30,30,1.0,1.0,1.0,1.0173289183222958,0.07488962472406183,23.633333333333333,0.36666666666666664,0.36666666666666664,0.0,0.4,0.03333333333333333,0.4,0.03333333333333333,0.03333333333333333,0.03333333333333333,0.03333333333333333,4.0,26.0,26.0,26.0,26.0,26.0,26.0,26.0,26.0,26.0,26.0,13.0,13.0,3.8942604856512144,1.0173289183222958,0.07488962472406183,0.11927664452862602,-0.09230199211254096,1.0173289183222958,0.07488962472406183,0.0,0.0,0.0,0.0,0.0,OK,
corr_mix,all_only,factor_cov_change,1.0,1.0,budget_only,count,0.1,0.15,0.1,30,30,30,30,1.0,1.0,1.0,1.0173289183222958,0.07488962472406183,23.633333333333333,0.36666666666666664,0.36666666666666664,0.0,0.4,0.03333333333333333,0.4,0.03333333333333333,0.03333333333333333,0.03333333333333333,0.03333333333333333,4.0,26.0,26.0,26.0,26.0,26.0,26.0,26.0,26.0,26.0,26.0,13.0,13.0,3.8942604856512144,1.0173289183222958,0.07488962472406183,0.11927664452862602,-0.09230199211254096,1.0173289183222958,0.07488962472406183,0.0,0.0,0.0,0.0,0.0,OK,
corr_mix,all_only,factor_cov_change,INFEASIBLE,0.0,budget_only,count,INFEASIBLE,INFEASIBLE,INFEASIBLE,INFEASIBLE,INFEASIBLE,INFEASIBLE,INFEASIBLE,INFEASIBLE,INFEASIBLE,INFEASIBLE,INFEASIBLE,INFEASIBLE,INFEASIBLE,INFEASIBLE,INFEASIBLE,INFEASIBLE,INFEASIBLE,INFEASIBLE,INFEASIBLE,INFEASIBLE,INFEASIBLE,INFEASIBLE,INFEASIBLE,,INFEASIBLE,INFEASIBLE,INFEASIBLE,INFEASIBLE,INFEASIBLE,INFEASIBLE,INFEASIBLE,INFEASIBLE,INFEASIBLE,INFEASIBLE,INFEASIBLE,INFEASIBLE,INFEASIBLE,INFEASIBLE,INFEASIBLE,INFEASIBLE,INFEASIBLE,INFEASIBLE,INFEASIBLE,INFEASIBLE,INFEASIBLE,INFEASIBLE,INFEASIBLE,INFEASIBLE,INFEASIBLE,no_trials_in_band
corr_mix,all_only,factor_cov_change,INFEASIBLE,0.25,budget_only,count,INFEASIBLE,INFEASIBLE,INFEASIBLE,INFEASIBLE,INFEASIBLE,INFEASIBLE,INFEASIBLE,INFEASIBLE,INFEASIBLE,INFEASIBLE,INFEASIBLE,INFEASIBLE,INFEASIBLE,INFEASIBLE,INFEASIBLE,INFEASIBLE,INFEASIBLE,INFEASIBLE,INFEASIBLE,INFEASIBLE,INFEASIBLE,INFEASIBLE,INFEASIBLE,,INFEASIBLE,INFEASIBLE,INFEASIBLE,INFEASIBLE,INFEASIBLE,INFEASIBLE,INFEASIBLE,INFEASIBLE,INFEASIBLE,INFEASIBLE,INFEASIBLE,INFEASIBLE,INFEASIBLE,INFEASIBLE,INFEASIBLE,INFEASIBLE,INFEASIBLE,INFEASIBLE,INFEASIBLE,INFEASIBLE,INFEASIBLE,INFEASIBLE,INFEASIBLE,INFEASIBLE,INFEASIBLE,no_trials_in_band
corr_mix,all_only,factor_cov_change,INFEASIBLE,0.5,budget_only,count,INFEASIBLE,INFEASIBLE,INFEASIBLE,INFEASIBLE,INFEASIBLE,INFEASIBLE,INFEASIBLE,INFEASIBLE,INFEASIBLE,INFEASIBLE,INFEASIBLE,INFEASIBLE,INFEASIBLE,INFEASIBLE,INFEASIBLE,INFEASIBLE,INFEASIBLE,INFEASIBLE,INFEASIBLE,INFEASIBLE,INFEASIBLE,INFEASIBLE,INFEASIBLE,,INFEASIBLE,INFEASIBLE,INFEASIBLE,INFEASIBLE,INFEASIBLE,INFEASIBLE,INFEASIBLE,INFEASIBLE,INFEASIBLE,INFEASIBLE,INFEASIBLE,INFEASIBLE,INFEASIBLE,INFEASIBLE,INFEASIBLE,INFEASIBLE,INFEASIBLE,INFEASIBLE,INFEASIBLE,INFEASIBLE,INFEASIBLE,INFEASIBLE,INFEASIBLE,INFEASIBLE,INFEASIBLE,no_trials_in_band
corr_mix,all_only,factor_cov_change,INFEASIBLE,0.75,budget_only,count,INFEASIBLE,INFEASIBLE,INFEASIBLE,INFEASIBLE,INFEASIBLE,INFEASIBLE,INFEASIBLE,INFEASIBLE,INFEASIBLE,INFEASIBLE,INFEASIBLE,INFEASIBLE,INFEASIBLE,INFEASIBLE,INFEASIBLE,INFEASIBLE,INFEASIBLE,INFEASIBLE,INFEASIBLE,INFEASIBLE,INFEASIBLE,INFEASIBLE,INFEASIBLE,,INFEASIBLE,INFEASIBLE,INFEASIBLE,INFEASIBLE,INFEASIBLE,INFEASIBLE,INFEASIBLE,INFEASIBLE,INFEASIBLE,INFEASIBLE,INFEASIBLE,INFEASIBLE,INFEASIBLE,INFEASIBLE,INFEASIBLE,INFEASIBLE,INFEASIBLE,INFEASIBLE,INFEASIBLE,INFEASIBLE,INFEASIBLE,INFEASIBLE,INFEASIBLE,INFEASIBLE,INFEASIBLE,no_trials_in_band
corr_mix,all_only,factor_cov_change,INFEASIBLE,1.0,budget_only,count,INFEASIBLE,INFEASIBLE,INFEASIBLE,INFEASIBLE,INFEASIBLE,INFEASIBLE,INFEASIBLE,INFEASIBLE,INFEASIBLE,INFEASIBLE,INFEASIBLE,INFEASIBLE,INFEASIBLE,INFEASIBLE,INFEASIBLE,INFEASIBLE,INFEASIBLE,INFEASIBLE,INFEASIBLE,INFEASIBLE,INFEASIBLE,INFEASIBLE,INFEASIBLE,,INFEASIBLE,INFEASIBLE,INFEASIBLE,INFEASIBLE,INFEASIBLE,INFEASIBLE,INFEASIBLE,INFEASIBLE,INFEASIBLE,INFEASIBLE,INFEASIBLE,INFEASIBLE,INFEASIBLE,INFEASIBLE,INFEASIBLE,INFEASIBLE,INFEASIBLE,INFEASIBLE,INFEASIBLE,INFEASIBLE,INFEASIBLE,INFEASIBLE,INFEASIBLE,INFEASIBLE,INFEASIBLE,no_trials_in_band
corr_mix,all_only,factor_cov_delta,1.0,0.0,budget_only,count,0.1,0.15,0.1,30,30,30,30,1.0,1.0,1.0,0.9326710816777044,0.031181015452538628,21.666666666666668,0.36666666666666664,0.36666666666666664,0.0,0.36666666666666664,0.03333333333333333,0.36666666666666664,0.03333333333333333,0.0,0.03333333333333333,0.03333333333333333,4.0,26.0,26.0,26.0,26.0,26.0,26.0,26.0,26.0,26.0,26.0,14.0,14.0,1.6214128035320092,0.9326710816777044,0.031181015452538628,0.02222152213948248,0.10091852157382622,0.9326710816777044,0.031181015452538628,0.0,0.0,0.0,0.0,0.0,OK,
corr_mix,all_only,factor_cov_delta,1.0,0.25,budget_only,count,0.1,0.15,0.1,30,30,30,30,1.0,1.0,1.0,0.9326710816777044,0.031181015452538628,21.666666666666668,0.36666666666666664,0.36666666666666664,0.0,0.36666666666666664,0.03333333333333333,0.36666666666666664,0.03333333333333333,0.0,0.03333333333333333,0.03333333333333333,4.0,26.0,26.0,26.0,26.0,26.0,26.0,26.0,26.0,26.0,26.0,14.0,14.0,1.6214128035320092,0.9326710816777044,0.031181015452538628,0.02222152213948248,0.10091852157382622,0.9326710816777044,0.031181015452538628,0.0,0.0,0.0,0.0,0.0,OK,
corr_mix,all_only,factor_cov_delta,1.0,0.5,budget_only,count,0.1,0.15,0.1,30,30,30,30,1.0,1.0,1.0,0.9326710816777044,0.031181015452538628,21.666666666666668,0.36666666666666664,0.36666666666666664,0.0,0.36666666666666664,0.03333333333333333,0.36666666666666664,0.03333333333333333,0.0,0.03333333333333333,0.03333333333333333,4.0,26.0,26.0,26.0,26.0,26.0,26.0,26.0,26.0,26.0,26.0,14.0,14.0,1.6214128035320092,0.9326710816777044,0.031181015452538628,0.02222152213948248,0.10091852157382622,0.9326710816777044,0.031181015452538628,0.0,0.0,0.0,0.0,0.0,OK,
corr_mix,all_only,factor_cov_delta,1.0,0.75,budget_only,count,0.1,0.15,0.1,30,30,30,30,1.0,1.0,1.0,0.9326710816777044,0.031181015452538628,21.666666666666668,0.36666666666666664,0.36666666666666664,0.0,0.36666666666666664,0.03333333333333333,0.36666666666666664,0.03333333333333333,0.0,0.03333333333333333,0.03333333333333333,4.0,26.0,26.0,26.0,26.0,26.0,26.0,26.0,26.0,26.0,26.0,14.0,14.0,1.6214128035320092,0.9326710816777044,0.031181015452538628,0.02222152213948248,0.10091852157382622,0.9326710816777044,0.031181015452538628,0.0,0.0,0.0,0.0,0.0,OK,
corr_mix,all_only,factor_cov_delta,1.0,1.0,budget_only,count,0.1,0.15,0.1,30,30,30,30,1.0,1.0,1.0,0.9326710816777044,0.031181015452538628,21.666666666666668,0.36666666666666664,0.36666666666666664,0.0,0.36666666666666664,0.03333333333333333,0.36666666666666664,0.03333333333333333,0.0,0.03333333333333333,0.03333333333333333,4.0,26.0,26.0,26.0,26.0,26.0,26.0,26.0,26.0,26.0,26.0,14.0,14.0,1.6214128035320092,0.9326710816777044,0.031181015452538628,0.02222152213948248,0.10091852157382622,0.9326710816777044,0.031181015452538628,0.0,0.0,0.0,0.0,0.0,OK,
corr_mix,all_only,factor_cov_delta,INFEASIBLE,0.0,budget_only,count,INFEASIBLE,INFEASIBLE,INFEASIBLE,INFEASIBLE,INFEASIBLE,INFEASIBLE,INFEASIBLE,INFEASIBLE,INFEASIBLE,INFEASIBLE,INFEASIBLE,INFEASIBLE,INFEASIBLE,INFEASIBLE,INFEASIBLE,INFEASIBLE,INFEASIBLE,INFEASIBLE,INFEASIBLE,INFEASIBLE,INFEASIBLE,INFEASIBLE,INFEASIBLE,,INFEASIBLE,INFEASIBLE,INFEASIBLE,INFEASIBLE,INFEASIBLE,INFEASIBLE,INFEASIBLE,INFEASIBLE,INFEASIBLE,INFEASIBLE,INFEASIBLE,INFEASIBLE,INFEASIBLE,INFEASIBLE,INFEASIBLE,INFEASIBLE,INFEASIBLE,INFEASIBLE,INFEASIBLE,INFEASIBLE,INFEASIBLE,INFEASIBLE,INFEASIBLE,INFEASIBLE,INFEASIBLE,no_trials_in_band
corr_mix,all_only,factor_cov_delta,INFEASIBLE,0.25,budget_only,count,INFEASIBLE,INFEASIBLE,INFEASIBLE,INFEASIBLE,INFEASIBLE,INFEASIBLE,INFEASIBLE,INFEASIBLE,INFEASIBLE,INFEASIBLE,INFEASIBLE,INFEASIBLE,INFEASIBLE,INFEASIBLE,INFEASIBLE,INFEASIBLE,INFEASIBLE,INFEASIBLE,INFEASIBLE,INFEASIBLE,INFEASIBLE,INFEASIBLE,INFEASIBLE,,INFEASIBLE,INFEASIBLE,INFEASIBLE,INFEASIBLE,INFEASIBLE,INFEASIBLE,INFEASIBLE,INFEASIBLE,INFEASIBLE,INFEASIBLE,INFEASIBLE,INFEASIBLE,INFEASIBLE,INFEASIBLE,INFEASIBLE,INFEASIBLE,INFEASIBLE,INFEASIBLE,INFEASIBLE,INFEASIBLE,INFEASIBLE,INFEASIBLE,INFEASIBLE,INFEASIBLE,INFEASIBLE,no_trials_in_band
corr_mix,all_only,factor_cov_delta,INFEASIBLE,0.5,budget_only,count,INFEASIBLE,INFEASIBLE,INFEASIBLE,INFEASIBLE,INFEASIBLE,INFEASIBLE,INFEASIBLE,INFEASIBLE,INFEASIBLE,INFEASIBLE,INFEASIBLE,INFEASIBLE,INFEASIBLE,INFEASIBLE,INFEASIBLE,INFEASIBLE,INFEASIBLE,INFEASIBLE,INFEASIBLE,INFEASIBLE,INFEASIBLE,INFEASIBLE,INFEASIBLE,,INFEASIBLE,INFEASIBLE,INFEASIBLE,INFEASIBLE,INFEASIBLE,INFEASIBLE,INFEASIBLE,INFEASIBLE,INFEASIBLE,INFEASIBLE,INFEASIBLE,INFEASIBLE,INFEASIBLE,INFEASIBLE,INFEASIBLE,INFEASIBLE,INFEASIBLE,INFEASIBLE,INFEASIBLE,INFEASIBLE,INFEASIBLE,INFEASIBLE,INFEASIBLE,INFEASIBLE,INFEASIBLE,no_trials_in_band
corr_mix,all_only,factor_cov_delta,INFEASIBLE,0.75,budget_only,count,INFEASIBLE,INFEASIBLE,INFEASIBLE,INFEASIBLE,INFEASIBLE,INFEASIBLE,INFEASIBLE,INFEASIBLE,INFEASIBLE,INFEASIBLE,INFEASIBLE,INFEASIBLE,INFEASIBLE,INFEASIBLE,INFEASIBLE,INFEASIBLE,INFEASIBLE,INFEASIBLE,INFEASIBLE,INFEASIBLE,INFEASIBLE,INFEASIBLE,INFEASIBLE,,INFEASIBLE,INFEASIBLE,INFEASIBLE,INFEASIBLE,INFEASIBLE,INFEASIBLE,INFEASIBLE,INFEASIBLE,INFEASIBLE,INFEASIBLE,INFEASIBLE,INFEASIBLE,INFEASIBLE,INFEASIBLE,INFEASIBLE,INFEASIBLE,INFEASIBLE,INFEASIBLE,INFEASIBLE,INFEASIBLE,INFEASIBLE,INFEASIBLE,INFEASIBLE,INFEASIBLE,INFEASIBLE,no_trials_in_band
corr_mix,all_only,factor_cov_delta,INFEASIBLE,1.0,budget_only,count,INFEASIBLE,INFEASIBLE,INFEASIBLE,INFEASIBLE,INFEASIBLE,INFEASIBLE,INFEASIBLE,INFEASIBLE,INFEASIBLE,INFEASIBLE,INFEASIBLE,INFEASIBLE,INFEASIBLE,INFEASIBLE,INFEASIBLE,INFEASIBLE,INFEASIBLE,INFEASIBLE,INFEASIBLE,INFEASIBLE,INFEASIBLE,INFEASIBLE,INFEASIBLE,,INFEASIBLE,INFEASIBLE,INFEASIBLE,INFEASIBLE,INFEASIBLE,INFEASIBLE,INFEASIBLE,INFEASIBLE,INFEASIBLE,INFEASIBLE,INFEASIBLE,INFEASIBLE,INFEASIBLE,INFEASIBLE,INFEASIBLE,INFEASIBLE,INFEASIBLE,INFEASIBLE,INFEASIBLE,INFEASIBLE,INFEASIBLE,INFEASIBLE,INFEASIBLE,INFEASIBLE,INFEASIBLE,no_trials_in_band
corr_mix,all_only,factor_cov_lrt,1.0,0.0,budget_only,count,0.1,0.15,0.1,30,30,30,30,1.0,1.0,1.0,0.971412803532009,0.08027041942604855,22.566666666666666,0.5666666666666667,0.5666666666666667,0.0,0.6,0.13333333333333333,0.6,0.13333333333333333,0.03333333333333333,0.13333333333333333,0.13333333333333333,4.0,23.5,23.5,23.5,26.0,23.5,26.0,21.0,26.0,23.5,26.0,13.0,13.0,4.174061810154526,0.971412803532009,0.08027041942604855,0.3425684930178129,-0.0651654324822125,0.971412803532009,0.08027041942604855,0.0,0.0,0.0,0.0,0.0,OK,
corr_mix,all_only,factor_cov_lrt,1.0,0.25,budget_only,count,0.1,0.15,0.1,30,30,30,30,1.0,1.0,1.0,0.971412803532009,0.08027041942604855,22.566666666666666,0.5666666666666667,0.5666666666666667,0.0,0.6,0.13333333333333333,0.6,0.13333333333333333,0.03333333333333333,0.13333333333333333,0.13333333333333333,4.0,23.5,23.5,23.5,26.0,23.5,26.0,21.0,26.0,23.5,26.0,13.0,13.0,4.174061810154526,0.971412803532009,0.08027041942604855,0.3425684930178129,-0.0651654324822125,0.971412803532009,0.08027041942604855,0.0,0.0,0.0,0.0,0.0,OK,
corr_mix,all_only,factor_cov_lrt,1.0,0.5,budget_only,count,0.1,0.15,0.1,30,30,30,30,1.0,1.0,1.0,0.971412803532009,0.08027041942604855,22.566666666666666,0.5666666666666667,0.5666666666666667,0.0,0.6,0.13333333333333333,0.6,0.13333333333333333,0.03333333333333333,0.13333333333333333,0.13333333333333333,4.0,23.5,23.5,23.5,26.0,23.5,26.0,21.0,26.0,23.5,26.0,13.0,13.0,4.174061810154526,0.971412803532009,0.08027041942604855,0.3425684930178129,-0.0651654324822125,0.971412803532009,0.08027041942604855,0.0,0.0,0.0,0.0,0.0,OK,
corr_mix,all_only,factor_cov_lrt,1.0,0.75,budget_only,count,0.1,0.15,0.1,30,30,30,30,1.0,1.0,1.0,0.971412803532009,0.08027041942604855,22.566666666666666,0.5666666666666667,0.5666666666666667,0.0,0.6,0.13333333333333333,0.6,0.13333333333333333,0.03333333333333333,0.13333333333333333,0.13333333333333333,4.0,23.5,23.5,23.5,26.0,23.5,26.0,21.0,26.0,23.5,26.0,13.0,13.0,4.174061810154526,0.971412803532009,0.08027041942604855,0.3425684930178129,-0.0651654324822125,0.971412803532009,0.08027041942604855,0.0,0.0,0.0,0.0,0.0,OK,
corr_mix,all_only,factor_cov_lrt,1.0,1.0,budget_only,count,0.1,0.15,0.1,30,30,30,30,1.0,1.0,1.0,0.971412803532009,0.08027041942604855,22.566666666666666,0.5666666666666667,0.5666666666666667,0.0,0.6,0.13333333333333333,0.6,0.13333333333333333,0.03333333333333333,0.13333333333333333,0.13333333333333333,4.0,23.5,23.5,23.5,26.0,23.5,26.0,21.0,26.0,23.5,26.0,13.0,13.0,4.174061810154526,0.971412803532009,0.08027041942604855,0.3425684930178129,-0.0651654324822125,0.971412803532009,0.08027041942604855,0.0,0.0,0.0,0.0,0.0,OK,
corr_mix,all_only,factor_cov_lrt,INFEASIBLE,0.0,budget_only,count,INFEASIBLE,INFEASIBLE,INFEASIBLE,INFEASIBLE,INFEASIBLE,INFEASIBLE,INFEASIBLE,INFEASIBLE,INFEASIBLE,INFEASIBLE,INFEASIBLE,INFEASIBLE,INFEASIBLE,INFEASIBLE,INFEASIBLE,INFEASIBLE,INFEASIBLE,INFEASIBLE,INFEASIBLE,INFEASIBLE,INFEASIBLE,INFEASIBLE,INFEASIBLE,,INFEASIBLE,INFEASIBLE,INFEASIBLE,INFEASIBLE,INFEASIBLE,INFEASIBLE,INFEASIBLE,INFEASIBLE,INFEASIBLE,INFEASIBLE,INFEASIBLE,INFEASIBLE,INFEASIBLE,INFEASIBLE,INFEASIBLE,INFEASIBLE,INFEASIBLE,INFEASIBLE,INFEASIBLE,INFEASIBLE,INFEASIBLE,INFEASIBLE,INFEASIBLE,INFEASIBLE,INFEASIBLE,no_trials_in_band
corr_mix,all_only,factor_cov_lrt,INFEASIBLE,0.25,budget_only,count,INFEASIBLE,INFEASIBLE,INFEASIBLE,INFEASIBLE,INFEASIBLE,INFEASIBLE,INFEASIBLE,INFEASIBLE,INFEASIBLE,INFEASIBLE,INFEASIBLE,INFEASIBLE,INFEASIBLE,INFEASIBLE,INFEASIBLE,INFEASIBLE,INFEASIBLE,INFEASIBLE,INFEASIBLE,INFEASIBLE,INFEASIBLE,INFEASIBLE,INFEASIBLE,,INFEASIBLE,INFEASIBLE,INFEASIBLE,INFEASIBLE,INFEASIBLE,INFEASIBLE,INFEASIBLE,INFEASIBLE,INFEASIBLE,INFEASIBLE,INFEASIBLE,INFEASIBLE,INFEASIBLE,INFEASIBLE,INFEASIBLE,INFEASIBLE,INFEASIBLE,INFEASIBLE,INFEASIBLE,INFEASIBLE,INFEASIBLE,INFEASIBLE,INFEASIBLE,INFEASIBLE,INFEASIBLE,no_trials_in_band
corr_mix,all_only,factor_cov_lrt,INFEASIBLE,0.5,budget_only,count,INFEASIBLE,INFEASIBLE,INFEASIBLE,INFEASIBLE,INFEASIBLE,INFEASIBLE,INFEASIBLE,INFEASIBLE,INFEASIBLE,INFEASIBLE,INFEASIBLE,INFEASIBLE,INFEASIBLE,INFEASIBLE,INFEASIBLE,INFEASIBLE,INFEASIBLE,INFEASIBLE,INFEASIBLE,INFEASIBLE,INFEASIBLE,INFEASIBLE,INFEASIBLE,,INFEASIBLE,INFEASIBLE,INFEASIBLE,INFEASIBLE,INFEASIBLE,INFEASIBLE,INFEASIBLE,INFEASIBLE,INFEASIBLE,INFEASIBLE,INFEASIBLE,INFEASIBLE,INFEASIBLE,INFEASIBLE,INFEASIBLE,INFEASIBLE,INFEASIBLE,INFEASIBLE,INFEASIBLE,INFEASIBLE,INFEASIBLE,INFEASIBLE,INFEASIBLE,INFEASIBLE,INFEASIBLE,no_trials_in_band
corr_mix,all_only,factor_cov_lrt,INFEASIBLE,0.75,budget_only,count,INFEASIBLE,INFEASIBLE,INFEASIBLE,INFEASIBLE,INFEASIBLE,INFEASIBLE,INFEASIBLE,INFEASIBLE,INFEASIBLE,INFEASIBLE,INFEASIBLE,INFEASIBLE,INFEASIBLE,INFEASIBLE,INFEASIBLE,INFEASIBLE,INFEASIBLE,INFEASIBLE,INFEASIBLE,INFEASIBLE,INFEASIBLE,INFEASIBLE,INFEASIBLE,,INFEASIBLE,INFEASIBLE,INFEASIBLE,INFEASIBLE,INFEASIBLE,INFEASIBLE,INFEASIBLE,INFEASIBLE,INFEASIBLE,INFEASIBLE,INFEASIBLE,INFEASIBLE,INFEASIBLE,INFEASIBLE,INFEASIBLE,INFEASIBLE,INFEASIBLE,INFEASIBLE,INFEASIBLE,INFEASIBLE,INFEASIBLE,INFEASIBLE,INFEASIBLE,INFEASIBLE,INFEASIBLE,no_trials_in_band
corr_mix,all_only,factor_cov_lrt,INFEASIBLE,1.0,budget_only,count,INFEASIBLE,INFEASIBLE,INFEASIBLE,INFEASIBLE,INFEASIBLE,INFEASIBLE,INFEASIBLE,INFEASIBLE,INFEASIBLE,INFEASIBLE,INFEASIBLE,INFEASIBLE,INFEASIBLE,INFEASIBLE,INFEASIBLE,INFEASIBLE,INFEASIBLE,INFEASIBLE,INFEASIBLE,INFEASIBLE,INFEASIBLE,INFEASIBLE,INFEASIBLE,,INFEASIBLE,INFEASIBLE,INFEASIBLE,INFEASIBLE,INFEASIBLE,INFEASIBLE,INFEASIBLE,INFEASIBLE,INFEASIBLE,INFEASIBLE,INFEASIBLE,INFEASIBLE,INFEASIBLE,INFEASIBLE,INFEASIBLE,INFEASIBLE,INFEASIBLE,INFEASIBLE,INFEASIBLE,INFEASIBLE,INFEASIBLE,INFEASIBLE,INFEASIBLE,INFEASIBLE,INFEASIBLE,no_trials_in_band
corr_mix,all_only,factor_cov_lrt_delta,1.0,0.0,budget_only,count,0.1,0.15,0.1,30,30,30,30,1.0,1.0,1.0,1.014459161147903,0.023509933774834436,23.566666666666666,0.4666666666666667,0.4666666666666667,0.0,0.4666666666666667,0.06666666666666667,0.4666666666666667,0.06666666666666667,0.0,0.06666666666666667,0.06666666666666667,4.0,26.0,26.0,26.0,26.0,26.0,26.0,26.0,26.0,26.0,26.0,14.0,14.0,1.2225165562913909,1.014459161147903,0.023509933774834436,0.0010359789696915745,0.042608561990901864,1.014459161147903,0.023509933774834436,0.0,0.0,0.0,0.0,0.0,OK,
corr_mix,all_only,factor_cov_lrt_delta,1.0,0.25,budget_only,count,0.1,0.15,0.1,30,30,30,30,1.0,1.0,1.0,1.014459161147903,0.023509933774834436,23.566666666666666,0.4666666666666667,0.4666666666666667,0.0,0.4666666666666667,0.06666666666666667,0.4666666666666667,0.06666666666666667,0.0,0.06666666666666667,0.06666666666666667,4.0,26.0,26.0,26.0,26.0,26.0,26.0,26.0,26.0,26.0,26.0,14.0,14.0,1.2225165562913909,1.014459161147903,0.023509933774834436,0.0010359789696915745,0.042608561990901864,1.014459161147903,0.023509933774834436,0.0,0.0,0.0,0.0,0.0,OK,
corr_mix,all_only,factor_cov_lrt_delta,1.0,0.5,budget_only,count,0.1,0.15,0.1,30,30,30,30,1.0,1.0,1.0,1.014459161147903,0.023509933774834436,23.566666666666666,0.4666666666666667,0.4666666666666667,0.0,0.4666666666666667,0.06666666666666667,0.4666666666666667,0.06666666666666667,0.0,0.06666666666666667,0.06666666666666667,4.0,26.0,26.0,26.0,26.0,26.0,26.0,26.0,26.0,26.0,26.0,14.0,14.0,1.2225165562913909,1.014459161147903,0.023509933774834436,0.0010359789696915745,0.042608561990901864,1.014459161147903,0.023509933774834436,0.0,0.0,0.0,0.0,0.0,OK,
corr_mix,all_only,factor_cov_lrt_delta,1.0,0.75,budget_only,count,0.1,0.15,0.1,30,30,30,30,1.0,1.0,1.0,1.014459161147903,0.023509933774834436,23.566666666666666,0.4666666666666667,0.4666666666666667,0.0,0.4666666666666667,0.06666666666666667,0.4666666666666667,0.06666666666666667,0.0,0.06666666666666667,0.06666666666666667,4.0,26.0,26.0,26.0,26.0,26.0,26.0,26.0,26.0,26.0,26.0,14.0,14.0,1.2225165562913909,1.014459161147903,0.023509933774834436,0.0010359789696915745,0.042608561990901864,1.014459161147903,0.023509933774834436,0.0,0.0,0.0,0.0,0.0,OK,
corr_mix,all_only,factor_cov_lrt_delta,1.0,1.0,budget_only,count,0.1,0.15,0.1,30,30,30,30,1.0,1.0,1.0,1.014459161147903,0.023509933774834436,23.566666666666666,0.4666666666666667,0.4666666666666667,0.0,0.4666666666666667,0.06666666666666667,0.4666666666666667,0.06666666666666667,0.0,0.06666666666666667,0.06666666666666667,4.0,26.0,26.0,26.0,26.0,26.0,26.0,26.0,26.0,26.0,26.0,14.0,14.0,1.2225165562913909,1.014459161147903,0.023509933774834436,0.0010359789696915745,0.042608561990901864,1.014459161147903,0.023509933774834436,0.0,0.0,0.0,0.0,0.0,OK,
corr_mix,all_only,factor_cov_lrt_delta,INFEASIBLE,0.0,budget_only,count,INFEASIBLE,INFEASIBLE,INFEASIBLE,INFEASIBLE,INFEASIBLE,INFEASIBLE,INFEASIBLE,INFEASIBLE,INFEASIBLE,INFEASIBLE,INFEASIBLE,INFEASIBLE,INFEASIBLE,INFEASIBLE,INFEASIBLE,INFEASIBLE,INFEASIBLE,INFEASIBLE,INFEASIBLE,INFEASIBLE,INFEASIBLE,INFEASIBLE,INFEASIBLE,,INFEASIBLE,INFEASIBLE,INFEASIBLE,INFEASIBLE,INFEASIBLE,INFEASIBLE,INFEASIBLE,INFEASIBLE,INFEASIBLE,INFEASIBLE,INFEASIBLE,INFEASIBLE,INFEASIBLE,INFEASIBLE,INFEASIBLE,INFEASIBLE,INFEASIBLE,INFEASIBLE,INFEASIBLE,INFEASIBLE,INFEASIBLE,INFEASIBLE,INFEASIBLE,INFEASIBLE,INFEASIBLE,no_trials_in_band
corr_mix,all_only,factor_cov_lrt_delta,INFEASIBLE,0.25,budget_only,count,INFEASIBLE,INFEASIBLE,INFEASIBLE,INFEASIBLE,INFEASIBLE,INFEASIBLE,INFEASIBLE,INFEASIBLE,INFEASIBLE,INFEASIBLE,INFEASIBLE,INFEASIBLE,INFEASIBLE,INFEASIBLE,INFEASIBLE,INFEASIBLE,INFEASIBLE,INFEASIBLE,INFEASIBLE,INFEASIBLE,INFEASIBLE,INFEASIBLE,INFEASIBLE,,INFEASIBLE,INFEASIBLE,INFEASIBLE,INFEASIBLE,INFEASIBLE,INFEASIBLE,INFEASIBLE,INFEASIBLE,INFEASIBLE,INFEASIBLE,INFEASIBLE,INFEASIBLE,INFEASIBLE,INFEASIBLE,INFEASIBLE,INFEASIBLE,INFEASIBLE,INFEASIBLE,INFEASIBLE,INFEASIBLE,INFEASIBLE,INFEASIBLE,INFEASIBLE,INFEASIBLE,INFEASIBLE,no_trials_in_band
corr_mix,all_only,factor_cov_lrt_delta,INFEASIBLE,0.5,budget_only,count,INFEASIBLE,INFEASIBLE,INFEASIBLE,INFEASIBLE,INFEASIBLE,INFEASIBLE,INFEASIBLE,INFEASIBLE,INFEASIBLE,INFEASIBLE,INFEASIBLE,INFEASIBLE,INFEASIBLE,INFEASIBLE,INFEASIBLE,INFEASIBLE,INFEASIBLE,INFEASIBLE,INFEASIBLE,INFEASIBLE,INFEASIBLE,INFEASIBLE,INFEASIBLE,,INFEASIBLE,INFEASIBLE,INFEASIBLE,INFEASIBLE,INFEASIBLE,INFEASIBLE,INFEASIBLE,INFEASIBLE,INFEASIBLE,INFEASIBLE,INFEASIBLE,INFEASIBLE,INFEASIBLE,INFEASIBLE,INFEASIBLE,INFEASIBLE,INFEASIBLE,INFEASIBLE,INFEASIBLE,INFEASIBLE,INFEASIBLE,INFEASIBLE,INFEASIBLE,INFEASIBLE,INFEASIBLE,no_trials_in_band
corr_mix,all_only,factor_cov_lrt_delta,INFEASIBLE,0.75,budget_only,count,INFEASIBLE,INFEASIBLE,INFEASIBLE,INFEASIBLE,INFEASIBLE,INFEASIBLE,INFEASIBLE,INFEASIBLE,INFEASIBLE,INFEASIBLE,INFEASIBLE,INFEASIBLE,INFEASIBLE,INFEASIBLE,INFEASIBLE,INFEASIBLE,INFEASIBLE,INFEASIBLE,INFEASIBLE,INFEASIBLE,INFEASIBLE,INFEASIBLE,INFEASIBLE,,INFEASIBLE,INFEASIBLE,INFEASIBLE,INFEASIBLE,INFEASIBLE,INFEASIBLE,INFEASIBLE,INFEASIBLE,INFEASIBLE,INFEASIBLE,INFEASIBLE,INFEASIBLE,INFEASIBLE,INFEASIBLE,INFEASIBLE,INFEASIBLE,INFEASIBLE,INFEASIBLE,INFEASIBLE,INFEASIBLE,INFEASIBLE,INFEASIBLE,INFEASIBLE,INFEASIBLE,INFEASIBLE,no_trials_in_band
corr_mix,all_only,factor_cov_lrt_delta,INFEASIBLE,1.0,budget_only,count,INFEASIBLE,INFEASIBLE,INFEASIBLE,INFEASIBLE,INFEASIBLE,INFEASIBLE,INFEASIBLE,INFEASIBLE,INFEASIBLE,INFEASIBLE,INFEASIBLE,INFEASIBLE,INFEASIBLE,INFEASIBLE,INFEASIBLE,INFEASIBLE,INFEASIBLE,INFEASIBLE,INFEASIBLE,INFEASIBLE,INFEASIBLE,INFEASIBLE,INFEASIBLE,,INFEASIBLE,INFEASIBLE,INFEASIBLE,INFEASIBLE,INFEASIBLE,INFEASIBLE,INFEASIBLE,INFEASIBLE,INFEASIBLE,INFEASIBLE,INFEASIBLE,INFEASIBLE,INFEASIBLE,INFEASIBLE,INFEASIBLE,INFEASIBLE,INFEASIBLE,INFEASIBLE,INFEASIBLE,INFEASIBLE,INFEASIBLE,INFEASIBLE,INFEASIBLE,INFEASIBLE,INFEASIBLE,no_trials_in_band
corr_mix,all_only,fused_fisher,1.0,0.0,budget_only,count,0.1,0.15,0.1,30,30,30,30,1.0,1.0,1.0,1.0158940397350993,0.027759381898454744,23.6,0.4,0.4,0.0,0.4,0.03333333333333333,0.4,0.03333333333333333,0.0,0.03333333333333333,0.03333333333333333,4.0,26.0,26.0,26.0,26.0,26.0,26.0,26.0,26.0,26.0,26.0,8.5,8.5,1.4434878587196471,1.0158940397350993,0.027759381898454744,0.028921137020793422,-0.13505730683536188,1.0158940397350993,0.027759381898454744,0.0,0.0,0.0,0.0,0.0,OK,
corr_mix,all_only,fused_fisher,1.0,0.25,budget_only,count,0.1,0.15,0.1,30,30,30,30,1.0,1.0,1.0,1.0158940397350993,0.027759381898454744,23.6,0.4,0.4,0.0,0.4,0.03333333333333333,0.4,0.03333333333333333,0.0,0.03333333333333333,0.03333333333333333,4.0,26.0,26.0,26.0,26.0,26.0,26.0,26.0,26.0,26.0,26.0,8.5,8.5,1.4434878587196471,1.0158940397350993,0.027759381898454744,0.028921137020793422,-0.13505730683536188,1.0158940397350993,0.027759381898454744,0.0,0.0,0.0,0.0,0.0,OK,
corr_mix,all_only,fused_fisher,1.0,0.5,budget_only,count,0.1,0.15,0.1,30,30,30,30,1.0,1.0,1.0,1.0158940397350993,0.027759381898454744,23.6,0.4,0.4,0.0,0.4,0.03333333333333333,0.4,0.03333333333333333,0.0,0.03333333333333333,0.03333333333333333,4.0,26.0,26.0,26.0,26.0,26.0,26.0,26.0,26.0,26.0,26.0,8.5,8.5,1.4434878587196471,1.0158940397350993,0.027759381898454744,0.028921137020793422,-0.13505730683536188,1.0158940397350993,0.027759381898454744,0.0,0.0,0.0,0.0,0.0,OK,
corr_mix,all_only,fused_fisher,1.0,0.75,budget_only,count,0.1,0.15,0.1,30,30,30,30,1.0,1.0,1.0,1.0158940397350993,0.027759381898454744,23.6,0.4,0.4,0.0,0.4,0.03333333333333333,0.4,0.03333333333333333,0.0,0.03333333333333333,0.03333333333333333,4.0,26.0,26.0,26.0,26.0,26.0,26.0,26.0,26.0,26.0,26.0,8.5,8.5,1.4434878587196471,1.0158940397350993,0.027759381898454744,0.028921137020793422,-0.13505730683536188,1.0158940397350993,0.027759381898454744,0.0,0.0,0.0,0.0,0.0,OK,
corr_mix,all_only,fused_fisher,1.0,1.0,budget_only,count,0.1,0.15,0.1,30,30,30,30,1.0,1.0,1.0,1.0158940397350993,0.027759381898454744,23.6,0.4,0.4,0.0,0.4,0.03333333333333333,0.4,0.03333333333333333,0.0,0.03333333333333333,0.03333333333333333,4.0,26.0,26.0,26.0,26.0,26.0,26.0,26.0,26.0,26.0,26.0,8.5,8.5,1.4434878587196471,1.0158940397350993,0.027759381898454744,0.028921137020793422,-0.13505730683536188,1.0158940397350993,0.027759381898454744,0.0,0.0,0.0,0.0,0.0,OK,
corr_mix,all_only,fused_fisher,INFEASIBLE,0.0,budget_only,count,INFEASIBLE,INFEASIBLE,INFEASIBLE,INFEASIBLE,INFEASIBLE,INFEASIBLE,INFEASIBLE,INFEASIBLE,INFEASIBLE,INFEASIBLE,INFEASIBLE,INFEASIBLE,INFEASIBLE,INFEASIBLE,INFEASIBLE,INFEASIBLE,INFEASIBLE,INFEASIBLE,INFEASIBLE,INFEASIBLE,INFEASIBLE,INFEASIBLE,INFEASIBLE,,INFEASIBLE,INFEASIBLE,INFEASIBLE,INFEASIBLE,INFEASIBLE,INFEASIBLE,INFEASIBLE,INFEASIBLE,INFEASIBLE,INFEASIBLE,INFEASIBLE,INFEASIBLE,INFEASIBLE,INFEASIBLE,INFEASIBLE,INFEASIBLE,INFEASIBLE,INFEASIBLE,INFEASIBLE,INFEASIBLE,INFEASIBLE,INFEASIBLE,INFEASIBLE,INFEASIBLE,INFEASIBLE,no_trials_in_band
corr_mix,all_only,fused_fisher,INFEASIBLE,0.25,budget_only,count,INFEASIBLE,INFEASIBLE,INFEASIBLE,INFEASIBLE,INFEASIBLE,INFEASIBLE,INFEASIBLE,INFEASIBLE,INFEASIBLE,INFEASIBLE,INFEASIBLE,INFEASIBLE,INFEASIBLE,INFEASIBLE,INFEASIBLE,INFEASIBLE,INFEASIBLE,INFEASIBLE,INFEASIBLE,INFEASIBLE,INFEASIBLE,INFEASIBLE,INFEASIBLE,,INFEASIBLE,INFEASIBLE,INFEASIBLE,INFEASIBLE,INFEASIBLE,INFEASIBLE,INFEASIBLE,INFEASIBLE,INFEASIBLE,INFEASIBLE,INFEASIBLE,INFEASIBLE,INFEASIBLE,INFEASIBLE,INFEASIBLE,INFEASIBLE,INFEASIBLE,INFEASIBLE,INFEASIBLE,INFEASIBLE,INFEASIBLE,INFEASIBLE,INFEASIBLE,INFEASIBLE,INFEASIBLE,no_trials_in_band
corr_mix,all_only,fused_fisher,INFEASIBLE,0.5,budget_only,count,INFEASIBLE,INFEASIBLE,INFEASIBLE,INFEASIBLE,INFEASIBLE,INFEASIBLE,INFEASIBLE,INFEASIBLE,INFEASIBLE,INFEASIBLE,INFEASIBLE,INFEASIBLE,INFEASIBLE,INFEASIBLE,INFEASIBLE,INFEASIBLE,INFEASIBLE,INFEASIBLE,INFEASIBLE,INFEASIBLE,INFEASIBLE,INFEASIBLE,INFEASIBLE,,INFEASIBLE,INFEASIBLE,INFEASIBLE,INFEASIBLE,INFEASIBLE,INFEASIBLE,INFEASIBLE,INFEASIBLE,INFEASIBLE,INFEASIBLE,INFEASIBLE,INFEASIBLE,INFEASIBLE,INFEASIBLE,INFEASIBLE,INFEASIBLE,INFEASIBLE,INFEASIBLE,INFEASIBLE,INFEASIBLE,INFEASIBLE,INFEASIBLE,INFEASIBLE,INFEASIBLE,INFEASIBLE,no_trials_in_band
corr_mix,all_only,fused_fisher,INFEASIBLE,0.75,budget_only,count,INFEASIBLE,INFEASIBLE,INFEASIBLE,INFEASIBLE,INFEASIBLE,INFEASIBLE,INFEASIBLE,INFEASIBLE,INFEASIBLE,INFEASIBLE,INFEASIBLE,INFEASIBLE,INFEASIBLE,INFEASIBLE,INFEASIBLE,INFEASIBLE,INFEASIBLE,INFEASIBLE,INFEASIBLE,INFEASIBLE,INFEASIBLE,INFEASIBLE,INFEASIBLE,,INFEASIBLE,INFEASIBLE,INFEASIBLE,INFEASIBLE,INFEASIBLE,INFEASIBLE,INFEASIBLE,INFEASIBLE,INFEASIBLE,INFEASIBLE,INFEASIBLE,INFEASIBLE,INFEASIBLE,INFEASIBLE,INFEASIBLE,INFEASIBLE,INFEASIBLE,INFEASIBLE,INFEASIBLE,INFEASIBLE,INFEASIBLE,INFEASIBLE,INFEASIBLE,INFEASIBLE,INFEASIBLE,no_trials_in_band
corr_mix,all_only,fused_fisher,INFEASIBLE,1.0,budget_only,count,INFEASIBLE,INFEASIBLE,INFEASIBLE,INFEASIBLE,INFEASIBLE,INFEASIBLE,INFEASIBLE,INFEASIBLE,INFEASIBLE,INFEASIBLE,INFEASIBLE,INFEASIBLE,INFEASIBLE,INFEASIBLE,INFEASIBLE,INFEASIBLE,INFEASIBLE,INFEASIBLE,INFEASIBLE,INFEASIBLE,INFEASIBLE,INFEASIBLE,INFEASIBLE,,INFEASIBLE,INFEASIBLE,INFEASIBLE,INFEASIBLE,INFEASIBLE,INFEASIBLE,INFEASIBLE,INFEASIBLE,INFEASIBLE,INFEASIBLE,INFEASIBLE,INFEASIBLE,INFEASIBLE,INFEASIBLE,INFEASIBLE,INFEASIBLE,INFEASIBLE,INFEASIBLE,INFEASIBLE,INFEASIBLE,INFEASIBLE,INFEASIBLE,INFEASIBLE,INFEASIBLE,INFEASIBLE,no_trials_in_band
corr_mix,all_only,fused_fisher_lrt_delta,1.0,0.0,budget_only,count,0.1,0.15,0.1,30,30,30,30,1.0,1.0,1.0,1.0144591611479028,0.028421633554083878,23.566666666666666,0.43333333333333335,0.43333333333333335,0.0,0.43333333333333335,0.03333333333333333,0.43333333333333335,0.03333333333333333,0.0,0.03333333333333333,0.03333333333333333,4.0,26.0,26.0,26.0,26.0,26.0,26.0,26.0,26.0,26.0,26.0,8.0,8.0,1.4779249448123621,1.0144591611479028,0.028421633554083878,0.05114696188607205,-0.025157043257137465,1.0144591611479028,0.028421633554083878,0.0,0.0,0.0,0.0,0.0,OK,
corr_mix,all_only,fused_fisher_lrt_delta,1.0,0.25,budget_only,count,0.1,0.15,0.1,30,30,30,30,1.0,1.0,1.0,1.0144591611479028,0.028421633554083878,23.566666666666666,0.43333333333333335,0.43333333333333335,0.0,0.43333333333333335,0.03333333333333333,0.43333333333333335,0.03333333333333333,0.0,0.03333333333333333,0.03333333333333333,4.0,26.0,26.0,26.0,26.0,26.0,26.0,26.0,26.0,26.0,26.0,8.0,8.0,1.4779249448123621,1.0144591611479028,0.028421633554083878,0.05114696188607205,-0.025157043257137465,1.0144591611479028,0.028421633554083878,0.0,0.0,0.0,0.0,0.0,OK,
corr_mix,all_only,fused_fisher_lrt_delta,1.0,0.5,budget_only,count,0.1,0.15,0.1,30,30,30,30,1.0,1.0,1.0,1.0144591611479028,0.028421633554083878,23.566666666666666,0.43333333333333335,0.43333333333333335,0.0,0.43333333333333335,0.03333333333333333,0.43333333333333335,0.03333333333333333,0.0,0.03333333333333333,0.03333333333333333,4.0,26.0,26.0,26.0,26.0,26.0,26.0,26.0,26.0,26.0,26.0,8.0,8.0,1.4779249448123621,1.0144591611479028,0.028421633554083878,0.05114696188607205,-0.025157043257137465,1.0144591611479028,0.028421633554083878,0.0,0.0,0.0,0.0,0.0,OK,
corr_mix,all_only,fused_fisher_lrt_delta,1.0,0.75,budget_only,count,0.1,0.15,0.1,30,30,30,30,1.0,1.0,1.0,1.0144591611479028,0.028421633554083878,23.566666666666666,0.43333333333333335,0.43333333333333335,0.0,0.43333333333333335,0.03333333333333333,0.43333333333333335,0.03333333333333333,0.0,0.03333333333333333,0.03333333333333333,4.0,26.0,26.0,26.0,26.0,26.0,26.0,26.0,26.0,26.0,26.0,8.0,8.0,1.4779249448123621,1.0144591611479028,0.028421633554083878,0.05114696188607205,-0.025157043257137465,1.0144591611479028,0.028421633554083878,0.0,0.0,0.0,0.0,0.0,OK,
corr_mix,all_only,fused_fisher_lrt_delta,1.0,1.0,budget_only,count,0.1,0.15,0.1,30,30,30,30,1.0,1.0,1.0,1.0144591611479028,0.028421633554083878,23.566666666666666,0.43333333333333335,0.43333333333333335,0.0,0.43333333333333335,0.03333333333333333,0.43333333333333335,0.03333333333333333,0.0,0.03333333333333333,0.03333333333333333,4.0,26.0,26.0,26.0,26.0,26.0,26.0,26.0,26.0,26.0,26.0,8.0,8.0,1.4779249448123621,1.0144591611479028,0.028421633554083878,0.05114696188607205,-0.025157043257137465,1.0144591611479028,0.028421633554083878,0.0,0.0,0.0,0.0,0.0,OK,
corr_mix,all_only,fused_fisher_lrt_delta,INFEASIBLE,0.0,budget_only,count,INFEASIBLE,INFEASIBLE,INFEASIBLE,INFEASIBLE,INFEASIBLE,INFEASIBLE,INFEASIBLE,INFEASIBLE,INFEASIBLE,INFEASIBLE,INFEASIBLE,INFEASIBLE,INFEASIBLE,INFEASIBLE,INFEASIBLE,INFEASIBLE,INFEASIBLE,INFEASIBLE,INFEASIBLE,INFEASIBLE,INFEASIBLE,INFEASIBLE,INFEASIBLE,,INFEASIBLE,INFEASIBLE,INFEASIBLE,INFEASIBLE,INFEASIBLE,INFEASIBLE,INFEASIBLE,INFEASIBLE,INFEASIBLE,INFEASIBLE,INFEASIBLE,INFEASIBLE,INFEASIBLE,INFEASIBLE,INFEASIBLE,INFEASIBLE,INFEASIBLE,INFEASIBLE,INFEASIBLE,INFEASIBLE,INFEASIBLE,INFEASIBLE,INFEASIBLE,INFEASIBLE,INFEASIBLE,no_trials_in_band
corr_mix,all_only,fused_fisher_lrt_delta,INFEASIBLE,0.25,budget_only,count,INFEASIBLE,INFEASIBLE,INFEASIBLE,INFEASIBLE,INFEASIBLE,INFEASIBLE,INFEASIBLE,INFEASIBLE,INFEASIBLE,INFEASIBLE,INFEASIBLE,INFEASIBLE,INFEASIBLE,INFEASIBLE,INFEASIBLE,INFEASIBLE,INFEASIBLE,INFEASIBLE,INFEASIBLE,INFEASIBLE,INFEASIBLE,INFEASIBLE,INFEASIBLE,,INFEASIBLE,INFEASIBLE,INFEASIBLE,INFEASIBLE,INFEASIBLE,INFEASIBLE,INFEASIBLE,INFEASIBLE,INFEASIBLE,INFEASIBLE,INFEASIBLE,INFEASIBLE,INFEASIBLE,INFEASIBLE,INFEASIBLE,INFEASIBLE,INFEASIBLE,INFEASIBLE,INFEASIBLE,INFEASIBLE,INFEASIBLE,INFEASIBLE,INFEASIBLE,INFEASIBLE,INFEASIBLE,no_trials_in_band
corr_mix,all_only,fused_fisher_lrt_delta,INFEASIBLE,0.5,budget_only,count,INFEASIBLE,INFEASIBLE,INFEASIBLE,INFEASIBLE,INFEASIBLE,INFEASIBLE,INFEASIBLE,INFEASIBLE,INFEASIBLE,INFEASIBLE,INFEASIBLE,INFEASIBLE,INFEASIBLE,INFEASIBLE,INFEASIBLE,INFEASIBLE,INFEASIBLE,INFEASIBLE,INFEASIBLE,INFEASIBLE,INFEASIBLE,INFEASIBLE,INFEASIBLE,,INFEASIBLE,INFEASIBLE,INFEASIBLE,INFEASIBLE,INFEASIBLE,INFEASIBLE,INFEASIBLE,INFEASIBLE,INFEASIBLE,INFEASIBLE,INFEASIBLE,INFEASIBLE,INFEASIBLE,INFEASIBLE,INFEASIBLE,INFEASIBLE,INFEASIBLE,INFEASIBLE,INFEASIBLE,INFEASIBLE,INFEASIBLE,INFEASIBLE,INFEASIBLE,INFEASIBLE,INFEASIBLE,no_trials_in_band
corr_mix,all_only,fused_fisher_lrt_delta,INFEASIBLE,0.75,budget_only,count,INFEASIBLE,INFEASIBLE,INFEASIBLE,INFEASIBLE,INFEASIBLE,INFEASIBLE,INFEASIBLE,INFEASIBLE,INFEASIBLE,INFEASIBLE,INFEASIBLE,INFEASIBLE,INFEASIBLE,INFEASIBLE,INFEASIBLE,INFEASIBLE,INFEASIBLE,INFEASIBLE,INFEASIBLE,INFEASIBLE,INFEASIBLE,INFEASIBLE,INFEASIBLE,,INFEASIBLE,INFEASIBLE,INFEASIBLE,INFEASIBLE,INFEASIBLE,INFEASIBLE,INFEASIBLE,INFEASIBLE,INFEASIBLE,INFEASIBLE,INFEASIBLE,INFEASIBLE,INFEASIBLE,INFEASIBLE,INFEASIBLE,INFEASIBLE,INFEASIBLE,INFEASIBLE,INFEASIBLE,INFEASIBLE,INFEASIBLE,INFEASIBLE,INFEASIBLE,INFEASIBLE,INFEASIBLE,no_trials_in_band
corr_mix,all_only,fused_fisher_lrt_delta,INFEASIBLE,1.0,budget_only,count,INFEASIBLE,INFEASIBLE,INFEASIBLE,INFEASIBLE,INFEASIBLE,INFEASIBLE,INFEASIBLE,INFEASIBLE,INFEASIBLE,INFEASIBLE,INFEASIBLE,INFEASIBLE,INFEASIBLE,INFEASIBLE,INFEASIBLE,INFEASIBLE,INFEASIBLE,INFEASIBLE,INFEASIBLE,INFEASIBLE,INFEASIBLE,INFEASIBLE,INFEASIBLE,,INFEASIBLE,INFEASIBLE,INFEASIBLE,INFEASIBLE,INFEASIBLE,INFEASIBLE,INFEASIBLE,INFEASIBLE,INFEASIBLE,INFEASIBLE,INFEASIBLE,INFEASIBLE,INFEASIBLE,INFEASIBLE,INFEASIBLE,INFEASIBLE,INFEASIBLE,INFEASIBLE,INFEASIBLE,INFEASIBLE,INFEASIBLE,INFEASIBLE,INFEASIBLE,INFEASIBLE,INFEASIBLE,no_trials_in_band
corr_mix,all_only,fused_sp,INFEASIBLE,0.0,budget_only,count,INFEASIBLE,INFEASIBLE,INFEASIBLE,INFEASIBLE,INFEASIBLE,INFEASIBLE,INFEASIBLE,INFEASIBLE,INFEASIBLE,INFEASIBLE,INFEASIBLE,INFEASIBLE,INFEASIBLE,INFEASIBLE,INFEASIBLE,INFEASIBLE,INFEASIBLE,INFEASIBLE,INFEASIBLE,INFEASIBLE,INFEASIBLE,INFEASIBLE,INFEASIBLE,,INFEASIBLE,INFEASIBLE,INFEASIBLE,INFEASIBLE,INFEASIBLE,INFEASIBLE,INFEASIBLE,INFEASIBLE,INFEASIBLE,INFEASIBLE,INFEASIBLE,INFEASIBLE,INFEASIBLE,INFEASIBLE,INFEASIBLE,INFEASIBLE,INFEASIBLE,INFEASIBLE,INFEASIBLE,INFEASIBLE,INFEASIBLE,INFEASIBLE,INFEASIBLE,INFEASIBLE,INFEASIBLE,no_trials_in_band
corr_mix,all_only,fused_sp,INFEASIBLE,0.25,budget_only,count,INFEASIBLE,INFEASIBLE,INFEASIBLE,INFEASIBLE,INFEASIBLE,INFEASIBLE,INFEASIBLE,INFEASIBLE,INFEASIBLE,INFEASIBLE,INFEASIBLE,INFEASIBLE,INFEASIBLE,INFEASIBLE,INFEASIBLE,INFEASIBLE,INFEASIBLE,INFEASIBLE,INFEASIBLE,INFEASIBLE,INFEASIBLE,INFEASIBLE,INFEASIBLE,,INFEASIBLE,INFEASIBLE,INFEASIBLE,INFEASIBLE,INFEASIBLE,INFEASIBLE,INFEASIBLE,INFEASIBLE,INFEASIBLE,INFEASIBLE,INFEASIBLE,INFEASIBLE,INFEASIBLE,INFEASIBLE,INFEASIBLE,INFEASIBLE,INFEASIBLE,INFEASIBLE,INFEASIBLE,INFEASIBLE,INFEASIBLE,INFEASIBLE,INFEASIBLE,INFEASIBLE,INFEASIBLE,no_trials_in_band
corr_mix,all_only,fused_sp,INFEASIBLE,0.5,budget_only,count,INFEASIBLE,INFEASIBLE,INFEASIBLE,INFEASIBLE,INFEASIBLE,INFEASIBLE,INFEASIBLE,INFEASIBLE,INFEASIBLE,INFEASIBLE,INFEASIBLE,INFEASIBLE,INFEASIBLE,INFEASIBLE,INFEASIBLE,INFEASIBLE,INFEASIBLE,INFEASIBLE,INFEASIBLE,INFEASIBLE,INFEASIBLE,INFEASIBLE,INFEASIBLE,,INFEASIBLE,INFEASIBLE,INFEASIBLE,INFEASIBLE,INFEASIBLE,INFEASIBLE,INFEASIBLE,INFEASIBLE,INFEASIBLE,INFEASIBLE,INFEASIBLE,INFEASIBLE,INFEASIBLE,INFEASIBLE,INFEASIBLE,INFEASIBLE,INFEASIBLE,INFEASIBLE,INFEASIBLE,INFEASIBLE,INFEASIBLE,INFEASIBLE,INFEASIBLE,INFEASIBLE,INFEASIBLE,no_trials_in_band
corr_mix,all_only,fused_sp,INFEASIBLE,0.75,budget_only,count,INFEASIBLE,INFEASIBLE,INFEASIBLE,INFEASIBLE,INFEASIBLE,INFEASIBLE,INFEASIBLE,INFEASIBLE,INFEASIBLE,INFEASIBLE,INFEASIBLE,INFEASIBLE,INFEASIBLE,INFEASIBLE,INFEASIBLE,INFEASIBLE,INFEASIBLE,INFEASIBLE,INFEASIBLE,INFEASIBLE,INFEASIBLE,INFEASIBLE,INFEASIBLE,,INFEASIBLE,INFEASIBLE,INFEASIBLE,INFEASIBLE,INFEASIBLE,INFEASIBLE,INFEASIBLE,INFEASIBLE,INFEASIBLE,INFEASIBLE,INFEASIBLE,INFEASIBLE,INFEASIBLE,INFEASIBLE,INFEASIBLE,INFEASIBLE,INFEASIBLE,INFEASIBLE,INFEASIBLE,INFEASIBLE,INFEASIBLE,INFEASIBLE,INFEASIBLE,INFEASIBLE,INFEASIBLE,no_trials_in_band
corr_mix,all_only,fused_sp,INFEASIBLE,1.0,budget_only,count,INFEASIBLE,INFEASIBLE,INFEASIBLE,INFEASIBLE,INFEASIBLE,INFEASIBLE,INFEASIBLE,INFEASIBLE,INFEASIBLE,INFEASIBLE,INFEASIBLE,INFEASIBLE,INFEASIBLE,INFEASIBLE,INFEASIBLE,INFEASIBLE,INFEASIBLE,INFEASIBLE,INFEASIBLE,INFEASIBLE,INFEASIBLE,INFEASIBLE,INFEASIBLE,,INFEASIBLE,INFEASIBLE,INFEASIBLE,INFEASIBLE,INFEASIBLE,INFEASIBLE,INFEASIBLE,INFEASIBLE,INFEASIBLE,INFEASIBLE,INFEASIBLE,INFEASIBLE,INFEASIBLE,INFEASIBLE,INFEASIBLE,INFEASIBLE,INFEASIBLE,INFEASIBLE,INFEASIBLE,INFEASIBLE,INFEASIBLE,INFEASIBLE,INFEASIBLE,INFEASIBLE,INFEASIBLE,no_trials_in_band
corr_mix,all_only,fused_sp,INFEASIBLE,0.0,budget_only,count,INFEASIBLE,INFEASIBLE,INFEASIBLE,INFEASIBLE,INFEASIBLE,INFEASIBLE,INFEASIBLE,INFEASIBLE,INFEASIBLE,INFEASIBLE,INFEASIBLE,INFEASIBLE,INFEASIBLE,INFEASIBLE,INFEASIBLE,INFEASIBLE,INFEASIBLE,INFEASIBLE,INFEASIBLE,INFEASIBLE,INFEASIBLE,INFEASIBLE,INFEASIBLE,,INFEASIBLE,INFEASIBLE,INFEASIBLE,INFEASIBLE,INFEASIBLE,INFEASIBLE,INFEASIBLE,INFEASIBLE,INFEASIBLE,INFEASIBLE,INFEASIBLE,INFEASIBLE,INFEASIBLE,INFEASIBLE,INFEASIBLE,INFEASIBLE,INFEASIBLE,INFEASIBLE,INFEASIBLE,INFEASIBLE,INFEASIBLE,INFEASIBLE,INFEASIBLE,INFEASIBLE,INFEASIBLE,no_trials_in_band
corr_mix,all_only,fused_sp,INFEASIBLE,0.25,budget_only,count,INFEASIBLE,INFEASIBLE,INFEASIBLE,INFEASIBLE,INFEASIBLE,INFEASIBLE,INFEASIBLE,INFEASIBLE,INFEASIBLE,INFEASIBLE,INFEASIBLE,INFEASIBLE,INFEASIBLE,INFEASIBLE,INFEASIBLE,INFEASIBLE,INFEASIBLE,INFEASIBLE,INFEASIBLE,INFEASIBLE,INFEASIBLE,INFEASIBLE,INFEASIBLE,,INFEASIBLE,INFEASIBLE,INFEASIBLE,INFEASIBLE,INFEASIBLE,INFEASIBLE,INFEASIBLE,INFEASIBLE,INFEASIBLE,INFEASIBLE,INFEASIBLE,INFEASIBLE,INFEASIBLE,INFEASIBLE,INFEASIBLE,INFEASIBLE,INFEASIBLE,INFEASIBLE,INFEASIBLE,INFEASIBLE,INFEASIBLE,INFEASIBLE,INFEASIBLE,INFEASIBLE,INFEASIBLE,no_trials_in_band
corr_mix,all_only,fused_sp,INFEASIBLE,0.5,budget_only,count,INFEASIBLE,INFEASIBLE,INFEASIBLE,INFEASIBLE,INFEASIBLE,INFEASIBLE,INFEASIBLE,INFEASIBLE,INFEASIBLE,INFEASIBLE,INFEASIBLE,INFEASIBLE,INFEASIBLE,INFEASIBLE,INFEASIBLE,INFEASIBLE,INFEASIBLE,INFEASIBLE,INFEASIBLE,INFEASIBLE,INFEASIBLE,INFEASIBLE,INFEASIBLE,,INFEASIBLE,INFEASIBLE,INFEASIBLE,INFEASIBLE,INFEASIBLE,INFEASIBLE,INFEASIBLE,INFEASIBLE,INFEASIBLE,INFEASIBLE,INFEASIBLE,INFEASIBLE,INFEASIBLE,INFEASIBLE,INFEASIBLE,INFEASIBLE,INFEASIBLE,INFEASIBLE,INFEASIBLE,INFEASIBLE,INFEASIBLE,INFEASIBLE,INFEASIBLE,INFEASIBLE,INFEASIBLE,no_trials_in_band
corr_mix,all_only,fused_sp,INFEASIBLE,0.75,budget_only,count,INFEASIBLE,INFEASIBLE,INFEASIBLE,INFEASIBLE,INFEASIBLE,INFEASIBLE,INFEASIBLE,INFEASIBLE,INFEASIBLE,INFEASIBLE,INFEASIBLE,INFEASIBLE,INFEASIBLE,INFEASIBLE,INFEASIBLE,INFEASIBLE,INFEASIBLE,INFEASIBLE,INFEASIBLE,INFEASIBLE,INFEASIBLE,INFEASIBLE,INFEASIBLE,,INFEASIBLE,INFEASIBLE,INFEASIBLE,INFEASIBLE,INFEASIBLE,INFEASIBLE,INFEASIBLE,INFEASIBLE,INFEASIBLE,INFEASIBLE,INFEASIBLE,INFEASIBLE,INFEASIBLE,INFEASIBLE,INFEASIBLE,INFEASIBLE,INFEASIBLE,INFEASIBLE,INFEASIBLE,INFEASIBLE,INFEASIBLE,INFEASIBLE,INFEASIBLE,INFEASIBLE,INFEASIBLE,no_trials_in_band
corr_mix,all_only,fused_sp,INFEASIBLE,1.0,budget_only,count,INFEASIBLE,INFEASIBLE,INFEASIBLE,INFEASIBLE,INFEASIBLE,INFEASIBLE,INFEASIBLE,INFEASIBLE,INFEASIBLE,INFEASIBLE,INFEASIBLE,INFEASIBLE,INFEASIBLE,INFEASIBLE,INFEASIBLE,INFEASIBLE,INFEASIBLE,INFEASIBLE,INFEASIBLE,INFEASIBLE,INFEASIBLE,INFEASIBLE,INFEASIBLE,,INFEASIBLE,INFEASIBLE,INFEASIBLE,INFEASIBLE,INFEASIBLE,INFEASIBLE,INFEASIBLE,INFEASIBLE,INFEASIBLE,INFEASIBLE,INFEASIBLE,INFEASIBLE,INFEASIBLE,INFEASIBLE,INFEASIBLE,INFEASIBLE,INFEASIBLE,INFEASIBLE,INFEASIBLE,INFEASIBLE,INFEASIBLE,INFEASIBLE,INFEASIBLE,INFEASIBLE,INFEASIBLE,no_trials_in_band
corr_mix,all_only,fused_sp_lrt_delta,1.0,0.0,budget_only,count,0.1,0.15,0.1,30,30,30,30,1.0,1.0,1.0,0.9714128035320091,0.018681015452538634,22.566666666666666,0.43333333333333335,0.43333333333333335,0.0,0.43333333333333335,0.03333333333333333,0.43333333333333335,0.03333333333333333,0.0,0.03333333333333333,0.03333333333333333,4.0,26.0,26.0,26.0,26.0,26.0,26.0,26.0,26.0,26.0,26.0,15.0,15.0,0.9714128035320091,0.9714128035320091,0.018681015452538634,0.0010359789696915745,0.0,0.9714128035320091,0.018681015452538634,0.0,0.0,0.0,0.0,0.0,OK,
corr_mix,all_only,fused_sp_lrt_delta,1.0,0.25,budget_only,count,0.1,0.15,0.1,30,30,30,30,1.0,1.0,1.0,0.9714128035320091,0.018681015452538634,22.566666666666666,0.43333333333333335,0.43333333333333335,0.0,0.43333333333333335,0.03333333333333333,0.43333333333333335,0.03333333333333333,0.0,0.03333333333333333,0.03333333333333333,4.0,26.0,26.0,26.0,26.0,26.0,26.0,26.0,26.0,26.0,26.0,15.0,15.0,0.9714128035320091,0.9714128035320091,0.018681015452538634,0.0010359789696915745,0.0,0.9714128035320091,0.018681015452538634,0.0,0.0,0.0,0.0,0.0,OK,
corr_mix,all_only,fused_sp_lrt_delta,1.0,0.5,budget_only,count,0.1,0.15,0.1,30,30,30,30,1.0,1.0,1.0,0.9714128035320091,0.018681015452538634,22.566666666666666,0.43333333333333335,0.43333333333333335,0.0,0.43333333333333335,0.03333333333333333,0.43333333333333335,0.03333333333333333,0.0,0.03333333333333333,0.03333333333333333,4.0,26.0,26.0,26.0,26.0,26.0,26.0,26.0,26.0,26.0,26.0,15.0,15.0,0.9714128035320091,0.9714128035320091,0.018681015452538634,0.0010359789696915745,0.0,0.9714128035320091,0.018681015452538634,0.0,0.0,0.0,0.0,0.0,OK,
corr_mix,all_only,fused_sp_lrt_delta,1.0,0.75,budget_only,count,0.1,0.15,0.1,30,30,30,30,1.0,1.0,1.0,0.9714128035320091,0.018681015452538634,22.566666666666666,0.43333333333333335,0.43333333333333335,0.0,0.43333333333333335,0.03333333333333333,0.43333333333333335,0.03333333333333333,0.0,0.03333333333333333,0.03333333333333333,4.0,26.0,26.0,26.0,26.0,26.0,26.0,26.0,26.0,26.0,26.0,15.0,15.0,0.9714128035320091,0.9714128035320091,0.018681015452538634,0.0010359789696915745,0.0,0.9714128035320091,0.018681015452538634,0.0,0.0,0.0,0.0,0.0,OK,
corr_mix,all_only,fused_sp_lrt_delta,1.0,1.0,budget_only,count,0.1,0.15,0.1,30,30,30,30,1.0,1.0,1.0,0.9714128035320091,0.018681015452538634,22.566666666666666,0.43333333333333335,0.43333333333333335,0.0,0.43333333333333335,0.03333333333333333,0.43333333333333335,0.03333333333333333,0.0,0.03333333333333333,0.03333333333333333,4.0,26.0,26.0,26.0,26.0,26.0,26.0,26.0,26.0,26.0,26.0,15.0,15.0,0.9714128035320091,0.9714128035320091,0.018681015452538634,0.0010359789696915745,0.0,0.9714128035320091,0.018681015452538634,0.0,0.0,0.0,0.0,0.0,OK,
corr_mix,all_only,fused_sp_lrt_delta,INFEASIBLE,0.0,budget_only,count,INFEASIBLE,INFEASIBLE,INFEASIBLE,INFEASIBLE,INFEASIBLE,INFEASIBLE,INFEASIBLE,INFEASIBLE,INFEASIBLE,INFEASIBLE,INFEASIBLE,INFEASIBLE,INFEASIBLE,INFEASIBLE,INFEASIBLE,INFEASIBLE,INFEASIBLE,INFEASIBLE,INFEASIBLE,INFEASIBLE,INFEASIBLE,INFEASIBLE,INFEASIBLE,,INFEASIBLE,INFEASIBLE,INFEASIBLE,INFEASIBLE,INFEASIBLE,INFEASIBLE,INFEASIBLE,INFEASIBLE,INFEASIBLE,INFEASIBLE,INFEASIBLE,INFEASIBLE,INFEASIBLE,INFEASIBLE,INFEASIBLE,INFEASIBLE,INFEASIBLE,INFEASIBLE,INFEASIBLE,INFEASIBLE,INFEASIBLE,INFEASIBLE,INFEASIBLE,INFEASIBLE,INFEASIBLE,no_trials_in_band
corr_mix,all_only,fused_sp_lrt_delta,INFEASIBLE,0.25,budget_only,count,INFEASIBLE,INFEASIBLE,INFEASIBLE,INFEASIBLE,INFEASIBLE,INFEASIBLE,INFEASIBLE,INFEASIBLE,INFEASIBLE,INFEASIBLE,INFEASIBLE,INFEASIBLE,INFEASIBLE,INFEASIBLE,INFEASIBLE,INFEASIBLE,INFEASIBLE,INFEASIBLE,INFEASIBLE,INFEASIBLE,INFEASIBLE,INFEASIBLE,INFEASIBLE,,INFEASIBLE,INFEASIBLE,INFEASIBLE,INFEASIBLE,INFEASIBLE,INFEASIBLE,INFEASIBLE,INFEASIBLE,INFEASIBLE,INFEASIBLE,INFEASIBLE,INFEASIBLE,INFEASIBLE,INFEASIBLE,INFEASIBLE,INFEASIBLE,INFEASIBLE,INFEASIBLE,INFEASIBLE,INFEASIBLE,INFEASIBLE,INFEASIBLE,INFEASIBLE,INFEASIBLE,INFEASIBLE,no_trials_in_band
corr_mix,all_only,fused_sp_lrt_delta,INFEASIBLE,0.5,budget_only,count,INFEASIBLE,INFEASIBLE,INFEASIBLE,INFEASIBLE,INFEASIBLE,INFEASIBLE,INFEASIBLE,INFEASIBLE,INFEASIBLE,INFEASIBLE,INFEASIBLE,INFEASIBLE,INFEASIBLE,INFEASIBLE,INFEASIBLE,INFEASIBLE,INFEASIBLE,INFEASIBLE,INFEASIBLE,INFEASIBLE,INFEASIBLE,INFEASIBLE,INFEASIBLE,,INFEASIBLE,INFEASIBLE,INFEASIBLE,INFEASIBLE,INFEASIBLE,INFEASIBLE,INFEASIBLE,INFEASIBLE,INFEASIBLE,INFEASIBLE,INFEASIBLE,INFEASIBLE,INFEASIBLE,INFEASIBLE,INFEASIBLE,INFEASIBLE,INFEASIBLE,INFEASIBLE,INFEASIBLE,INFEASIBLE,INFEASIBLE,INFEASIBLE,INFEASIBLE,INFEASIBLE,INFEASIBLE,no_trials_in_band
corr_mix,all_only,fused_sp_lrt_delta,INFEASIBLE,0.75,budget_only,count,INFEASIBLE,INFEASIBLE,INFEASIBLE,INFEASIBLE,INFEASIBLE,INFEASIBLE,INFEASIBLE,INFEASIBLE,INFEASIBLE,INFEASIBLE,INFEASIBLE,INFEASIBLE,INFEASIBLE,INFEASIBLE,INFEASIBLE,INFEASIBLE,INFEASIBLE,INFEASIBLE,INFEASIBLE,INFEASIBLE,INFEASIBLE,INFEASIBLE,INFEASIBLE,,INFEASIBLE,INFEASIBLE,INFEASIBLE,INFEASIBLE,INFEASIBLE,INFEASIBLE,INFEASIBLE,INFEASIBLE,INFEASIBLE,INFEASIBLE,INFEASIBLE,INFEASIBLE,INFEASIBLE,INFEASIBLE,INFEASIBLE,INFEASIBLE,INFEASIBLE,INFEASIBLE,INFEASIBLE,INFEASIBLE,INFEASIBLE,INFEASIBLE,INFEASIBLE,INFEASIBLE,INFEASIBLE,no_trials_in_band
corr_mix,all_only,fused_sp_lrt_delta,INFEASIBLE,1.0,budget_only,count,INFEASIBLE,INFEASIBLE,INFEASIBLE,INFEASIBLE,INFEASIBLE,INFEASIBLE,INFEASIBLE,INFEASIBLE,INFEASIBLE,INFEASIBLE,INFEASIBLE,INFEASIBLE,INFEASIBLE,INFEASIBLE,INFEASIBLE,INFEASIBLE,INFEASIBLE,INFEASIBLE,INFEASIBLE,INFEASIBLE,INFEASIBLE,INFEASIBLE,INFEASIBLE,,INFEASIBLE,INFEASIBLE,INFEASIBLE,INFEASIBLE,INFEASIBLE,INFEASIBLE,INFEASIBLE,INFEASIBLE,INFEASIBLE,INFEASIBLE,INFEASIBLE,INFEASIBLE,INFEASIBLE,INFEASIBLE,INFEASIBLE,INFEASIBLE,INFEASIBLE,INFEASIBLE,INFEASIBLE,INFEASIBLE,INFEASIBLE,INFEASIBLE,INFEASIBLE,INFEASIBLE,INFEASIBLE,no_trials_in_band
corr_mix,all_only,max_abs,1.0,0.0,budget_only,count,0.1,0.15,0.1,30,30,30,30,1.0,1.0,1.0,0.9298013245033114,0.01788079470198675,21.6,0.4,0.4,0.0,0.4,0.03333333333333333,0.4,0.03333333333333333,0.0,0.03333333333333333,0.03333333333333333,4.0,26.0,26.0,26.0,26.0,26.0,26.0,26.0,26.0,26.0,26.0,10.5,10.5,0.9298013245033114,0.9298013245033114,0.01788079470198675,0.020294593204858803,0.0,0.9298013245033114,0.01788079470198675,0.0,0.0,0.0,0.0,0.0,OK,
corr_mix,all_only,max_abs,1.0,0.25,budget_only,count,0.1,0.15,0.1,30,30,30,30,1.0,1.0,1.0,0.9298013245033114,0.01788079470198675,21.6,0.4,0.4,0.0,0.4,0.03333333333333333,0.4,0.03333333333333333,0.0,0.03333333333333333,0.03333333333333333,4.0,26.0,26.0,26.0,26.0,26.0,26.0,26.0,26.0,26.0,26.0,10.5,10.5,0.9298013245033114,0.9298013245033114,0.01788079470198675,0.020294593204858803,0.0,0.9298013245033114,0.01788079470198675,0.0,0.0,0.0,0.0,0.0,OK,
corr_mix,all_only,max_abs,1.0,0.5,budget_only,count,0.1,0.15,0.1,30,30,30,30,1.0,1.0,1.0,0.9298013245033114,0.01788079470198675,21.6,0.4,0.4,0.0,0.4,0.03333333333333333,0.4,0.03333333333333333,0.0,0.03333333333333333,0.03333333333333333,4.0,26.0,26.0,26.0,26.0,26.0,26.0,26.0,26.0,26.0,26.0,10.5,10.5,0.9298013245033114,0.9298013245033114,0.01788079470198675,0.020294593204858803,0.0,0.9298013245033114,0.01788079470198675,0.0,0.0,0.0,0.0,0.0,OK,
corr_mix,all_only,max_abs,1.0,0.75,budget_only,count,0.1,0.15,0.1,30,30,30,30,1.0,1.0,1.0,0.9298013245033114,0.01788079470198675,21.6,0.4,0.4,0.0,0.4,0.03333333333333333,0.4,0.03333333333333333,0.0,0.03333333333333333,0.03333333333333333,4.0,26.0,26.0,26.0,26.0,26.0,26.0,26.0,26.0,26.0,26.0,10.5,10.5,0.9298013245033114,0.9298013245033114,0.01788079470198675,0.020294593204858803,0.0,0.9298013245033114,0.01788079470198675,0.0,0.0,0.0,0.0,0.0,OK,
corr_mix,all_only,max_abs,1.0,1.0,budget_only,count,0.1,0.15,0.1,30,30,30,30,1.0,1.0,1.0,0.9298013245033114,0.01788079470198675,21.6,0.4,0.4,0.0,0.4,0.03333333333333333,0.4,0.03333333333333333,0.0,0.03333333333333333,0.03333333333333333,4.0,26.0,26.0,26.0,26.0,26.0,26.0,26.0,26.0,26.0,26.0,10.5,10.5,0.9298013245033114,0.9298013245033114,0.01788079470198675,0.020294593204858803,0.0,0.9298013245033114,0.01788079470198675,0.0,0.0,0.0,0.0,0.0,OK,
corr_mix,all_only,max_abs,INFEASIBLE,0.0,budget_only,count,INFEASIBLE,INFEASIBLE,INFEASIBLE,INFEASIBLE,INFEASIBLE,INFEASIBLE,INFEASIBLE,INFEASIBLE,INFEASIBLE,INFEASIBLE,INFEASIBLE,INFEASIBLE,INFEASIBLE,INFEASIBLE,INFEASIBLE,INFEASIBLE,INFEASIBLE,INFEASIBLE,INFEASIBLE,INFEASIBLE,INFEASIBLE,INFEASIBLE,INFEASIBLE,,INFEASIBLE,INFEASIBLE,INFEASIBLE,INFEASIBLE,INFEASIBLE,INFEASIBLE,INFEASIBLE,INFEASIBLE,INFEASIBLE,INFEASIBLE,INFEASIBLE,INFEASIBLE,INFEASIBLE,INFEASIBLE,INFEASIBLE,INFEASIBLE,INFEASIBLE,INFEASIBLE,INFEASIBLE,INFEASIBLE,INFEASIBLE,INFEASIBLE,INFEASIBLE,INFEASIBLE,INFEASIBLE,no_trials_in_band
corr_mix,all_only,max_abs,INFEASIBLE,0.25,budget_only,count,INFEASIBLE,INFEASIBLE,INFEASIBLE,INFEASIBLE,INFEASIBLE,INFEASIBLE,INFEASIBLE,INFEASIBLE,INFEASIBLE,INFEASIBLE,INFEASIBLE,INFEASIBLE,INFEASIBLE,INFEASIBLE,INFEASIBLE,INFEASIBLE,INFEASIBLE,INFEASIBLE,INFEASIBLE,INFEASIBLE,INFEASIBLE,INFEASIBLE,INFEASIBLE,,INFEASIBLE,INFEASIBLE,INFEASIBLE,INFEASIBLE,INFEASIBLE,INFEASIBLE,INFEASIBLE,INFEASIBLE,INFEASIBLE,INFEASIBLE,INFEASIBLE,INFEASIBLE,INFEASIBLE,INFEASIBLE,INFEASIBLE,INFEASIBLE,INFEASIBLE,INFEASIBLE,INFEASIBLE,INFEASIBLE,INFEASIBLE,INFEASIBLE,INFEASIBLE,INFEASIBLE,INFEASIBLE,no_trials_in_band
corr_mix,all_only,max_abs,INFEASIBLE,0.5,budget_only,count,INFEASIBLE,INFEASIBLE,INFEASIBLE,INFEASIBLE,INFEASIBLE,INFEASIBLE,INFEASIBLE,INFEASIBLE,INFEASIBLE,INFEASIBLE,INFEASIBLE,INFEASIBLE,INFEASIBLE,INFEASIBLE,INFEASIBLE,INFEASIBLE,INFEASIBLE,INFEASIBLE,INFEASIBLE,INFEASIBLE,INFEASIBLE,INFEASIBLE,INFEASIBLE,,INFEASIBLE,INFEASIBLE,INFEASIBLE,INFEASIBLE,INFEASIBLE,INFEASIBLE,INFEASIBLE,INFEASIBLE,INFEASIBLE,INFEASIBLE,INFEASIBLE,INFEASIBLE,INFEASIBLE,INFEASIBLE,INFEASIBLE,INFEASIBLE,INFEASIBLE,INFEASIBLE,INFEASIBLE,INFEASIBLE,INFEASIBLE,INFEASIBLE,INFEASIBLE,INFEASIBLE,INFEASIBLE,no_trials_in_band
corr_mix,all_only,max_abs,INFEASIBLE,0.75,budget_only,count,INFEASIBLE,INFEASIBLE,INFEASIBLE,INFEASIBLE,INFEASIBLE,INFEASIBLE,INFEASIBLE,INFEASIBLE,INFEASIBLE,INFEASIBLE,INFEASIBLE,INFEASIBLE,INFEASIBLE,INFEASIBLE,INFEASIBLE,INFEASIBLE,INFEASIBLE,INFEASIBLE,INFEASIBLE,INFEASIBLE,INFEASIBLE,INFEASIBLE,INFEASIBLE,,INFEASIBLE,INFEASIBLE,INFEASIBLE,INFEASIBLE,INFEASIBLE,INFEASIBLE,INFEASIBLE,INFEASIBLE,INFEASIBLE,INFEASIBLE,INFEASIBLE,INFEASIBLE,INFEASIBLE,INFEASIBLE,INFEASIBLE,INFEASIBLE,INFEASIBLE,INFEASIBLE,INFEASIBLE,INFEASIBLE,INFEASIBLE,INFEASIBLE,INFEASIBLE,INFEASIBLE,INFEASIBLE,no_trials_in_band
corr_mix,all_only,max_abs,INFEASIBLE,1.0,budget_only,count,INFEASIBLE,INFEASIBLE,INFEASIBLE,INFEASIBLE,INFEASIBLE,INFEASIBLE,INFEASIBLE,INFEASIBLE,INFEASIBLE,INFEASIBLE,INFEASIBLE,INFEASIBLE,INFEASIBLE,INFEASIBLE,INFEASIBLE,INFEASIBLE,INFEASIBLE,INFEASIBLE,INFEASIBLE,INFEASIBLE,INFEASIBLE,INFEASIBLE,INFEASIBLE,,INFEASIBLE,INFEASIBLE,INFEASIBLE,INFEASIBLE,INFEASIBLE,INFEASIBLE,INFEASIBLE,INFEASIBLE,INFEASIBLE,INFEASIBLE,INFEASIBLE,INFEASIBLE,INFEASIBLE,INFEASIBLE,INFEASIBLE,INFEASIBLE,INFEASIBLE,INFEASIBLE,INFEASIBLE,INFEASIBLE,INFEASIBLE,INFEASIBLE,INFEASIBLE,INFEASIBLE,INFEASIBLE,no_trials_in_band
corr_mix,all_only,pc_t2,1.0,0.0,budget_only,count,0.1,0.15,0.1,30,30,30,30,1.0,1.0,1.0,0.9240618101545254,0.020115894039735096,21.466666666666665,0.5333333333333333,0.5333333333333333,0.0,0.5333333333333333,0.1,0.5333333333333333,0.1,0.0,0.1,0.1,4.0,21.5,21.5,21.5,26.0,21.5,26.0,21.5,26.0,21.5,26.0,8.5,8.5,1.0460264900662253,0.9240618101545254,0.020115894039735096,0.013074472449781053,0.0,0.9240618101545254,0.020115894039735096,0.0,0.0,0.0,0.0,0.0,OK,
corr_mix,all_only,pc_t2,1.0,0.25,budget_only,count,0.1,0.15,0.1,30,30,30,30,1.0,1.0,1.0,0.9240618101545254,0.020115894039735096,21.466666666666665,0.5333333333333333,0.5333333333333333,0.0,0.5333333333333333,0.1,0.5333333333333333,0.1,0.0,0.1,0.1,4.0,21.5,21.5,21.5,26.0,21.5,26.0,21.5,26.0,21.5,26.0,8.5,8.5,1.0460264900662253,0.9240618101545254,0.020115894039735096,0.013074472449781053,0.0,0.9240618101545254,0.020115894039735096,0.0,0.0,0.0,0.0,0.0,OK,
corr_mix,all_only,pc_t2,1.0,0.5,budget_only,count,0.1,0.15,0.1,30,30,30,30,1.0,1.0,1.0,0.9240618101545254,0.020115894039735096,21.466666666666665,0.5333333333333333,0.5333333333333333,0.0,0.5333333333333333,0.1,0.5333333333333333,0.1,0.0,0.1,0.1,4.0,21.5,21.5,21.5,26.0,21.5,26.0,21.5,26.0,21.5,26.0,8.5,8.5,1.0460264900662253,0.9240618101545254,0.020115894039735096,0.013074472449781053,0.0,0.9240618101545254,0.020115894039735096,0.0,0.0,0.0,0.0,0.0,OK,
corr_mix,all_only,pc_t2,1.0,0.75,budget_only,count,0.1,0.15,0.1,30,30,30,30,1.0,1.0,1.0,0.9240618101545254,0.020115894039735096,21.466666666666665,0.5333333333333333,0.5333333333333333,0.0,0.5333333333333333,0.1,0.5333333333333333,0.1,0.0,0.1,0.1,4.0,21.5,21.5,21.5,26.0,21.5,26.0,21.5,26.0,21.5,26.0,8.5,8.5,1.0460264900662253,0.9240618101545254,0.020115894039735096,0.013074472449781053,0.0,0.9240618101545254,0.020115894039735096,0.0,0.0,0.0,0.0,0.0,OK,
corr_mix,all_only,pc_t2,1.0,1.0,budget_only,count,0.1,0.15,0.1,30,30,30,30,1.0,1.0,1.0,0.9240618101545254,0.020115894039735096,21.466666666666665,0.5333333333333333,0.5333333333333333,0.0,0.5333333333333333,0.1,0.5333333333333333,0.1,0.0,0.1,0.1,4.0,21.5,21.5,21.5,26.0,21.5,26.0,21.5,26.0,21.5,26.0,8.5,8.5,1.0460264900662253,0.9240618101545254,0.020115894039735096,0.013074472449781053,0.0,0.9240618101545254,0.020115894039735096,0.0,0.0,0.0,0.0,0.0,OK,
corr_mix,all_only,pc_t2,INFEASIBLE,0.0,budget_only,count,INFEASIBLE,INFEASIBLE,INFEASIBLE,INFEASIBLE,INFEASIBLE,INFEASIBLE,INFEASIBLE,INFEASIBLE,INFEASIBLE,INFEASIBLE,INFEASIBLE,INFEASIBLE,INFEASIBLE,INFEASIBLE,INFEASIBLE,INFEASIBLE,INFEASIBLE,INFEASIBLE,INFEASIBLE,INFEASIBLE,INFEASIBLE,INFEASIBLE,INFEASIBLE,,INFEASIBLE,INFEASIBLE,INFEASIBLE,INFEASIBLE,INFEASIBLE,INFEASIBLE,INFEASIBLE,INFEASIBLE,INFEASIBLE,INFEASIBLE,INFEASIBLE,INFEASIBLE,INFEASIBLE,INFEASIBLE,INFEASIBLE,INFEASIBLE,INFEASIBLE,INFEASIBLE,INFEASIBLE,INFEASIBLE,INFEASIBLE,INFEASIBLE,INFEASIBLE,INFEASIBLE,INFEASIBLE,no_trials_in_band
corr_mix,all_only,pc_t2,INFEASIBLE,0.25,budget_only,count,INFEASIBLE,INFEASIBLE,INFEASIBLE,INFEASIBLE,INFEASIBLE,INFEASIBLE,INFEASIBLE,INFEASIBLE,INFEASIBLE,INFEASIBLE,INFEASIBLE,INFEASIBLE,INFEASIBLE,INFEASIBLE,INFEASIBLE,INFEASIBLE,INFEASIBLE,INFEASIBLE,INFEASIBLE,INFEASIBLE,INFEASIBLE,INFEASIBLE,INFEASIBLE,,INFEASIBLE,INFEASIBLE,INFEASIBLE,INFEASIBLE,INFEASIBLE,INFEASIBLE,INFEASIBLE,INFEASIBLE,INFEASIBLE,INFEASIBLE,INFEASIBLE,INFEASIBLE,INFEASIBLE,INFEASIBLE,INFEASIBLE,INFEASIBLE,INFEASIBLE,INFEASIBLE,INFEASIBLE,INFEASIBLE,INFEASIBLE,INFEASIBLE,INFEASIBLE,INFEASIBLE,INFEASIBLE,no_trials_in_band
corr_mix,all_only,pc_t2,INFEASIBLE,0.5,budget_only,count,INFEASIBLE,INFEASIBLE,INFEASIBLE,INFEASIBLE,INFEASIBLE,INFEASIBLE,INFEASIBLE,INFEASIBLE,INFEASIBLE,INFEASIBLE,INFEASIBLE,INFEASIBLE,INFEASIBLE,INFEASIBLE,INFEASIBLE,INFEASIBLE,INFEASIBLE,INFEASIBLE,INFEASIBLE,INFEASIBLE,INFEASIBLE,INFEASIBLE,INFEASIBLE,,INFEASIBLE,INFEASIBLE,INFEASIBLE,INFEASIBLE,INFEASIBLE,INFEASIBLE,INFEASIBLE,INFEASIBLE,INFEASIBLE,INFEASIBLE,INFEASIBLE,INFEASIBLE,INFEASIBLE,INFEASIBLE,INFEASIBLE,INFEASIBLE,INFEASIBLE,INFEASIBLE,INFEASIBLE,INFEASIBLE,INFEASIBLE,INFEASIBLE,INFEASIBLE,INFEASIBLE,INFEASIBLE,no_trials_in_band
corr_mix,all_only,pc_t2,INFEASIBLE,0.75,budget_only,count,INFEASIBLE,INFEASIBLE,INFEASIBLE,INFEASIBLE,INFEASIBLE,INFEASIBLE,INFEASIBLE,INFEASIBLE,INFEASIBLE,INFEASIBLE,INFEASIBLE,INFEASIBLE,INFEASIBLE,INFEASIBLE,INFEASIBLE,INFEASIBLE,INFEASIBLE,INFEASIBLE,INFEASIBLE,INFEASIBLE,INFEASIBLE,INFEASIBLE,INFEASIBLE,,INFEASIBLE,INFEASIBLE,INFEASIBLE,INFEASIBLE,INFEASIBLE,INFEASIBLE,INFEASIBLE,INFEASIBLE,INFEASIBLE,INFEASIBLE,INFEASIBLE,INFEASIBLE,INFEASIBLE,INFEASIBLE,INFEASIBLE,INFEASIBLE,INFEASIBLE,INFEASIBLE,INFEASIBLE,INFEASIBLE,INFEASIBLE,INFEASIBLE,INFEASIBLE,INFEASIBLE,INFEASIBLE,no_trials_in_band
corr_mix,all_only,pc_t2,INFEASIBLE,1.0,budget_only,count,INFEASIBLE,INFEASIBLE,INFEASIBLE,INFEASIBLE,INFEASIBLE,INFEASIBLE,INFEASIBLE,INFEASIBLE,INFEASIBLE,INFEASIBLE,INFEASIBLE,INFEASIBLE,INFEASIBLE,INFEASIBLE,INFEASIBLE,INFEASIBLE,INFEASIBLE,INFEASIBLE,INFEASIBLE,INFEASIBLE,INFEASIBLE,INFEASIBLE,INFEASIBLE,,INFEASIBLE,INFEASIBLE,INFEASIBLE,INFEASIBLE,INFEASIBLE,INFEASIBLE,INFEASIBLE,INFEASIBLE,INFEASIBLE,INFEASIBLE,INFEASIBLE,INFEASIBLE,INFEASIBLE,INFEASIBLE,INFEASIBLE,INFEASIBLE,INFEASIBLE,INFEASIBLE,INFEASIBLE,INFEASIBLE,INFEASIBLE,INFEASIBLE,INFEASIBLE,INFEASIBLE,INFEASIBLE,no_trials_in_band
corr_mix,all_only,res_energy,1.0,0.0,budget_only,count,0.1,0.15,0.1,30,30,30,30,1.0,1.0,1.0,0.8881898454746137,0.10532560706401767,20.633333333333333,0.4666666666666667,0.4666666666666667,0.0,0.5,0.1,0.5,0.1,0.03333333333333333,0.1,0.1,4.0,26.0,26.0,26.0,26.0,26.0,26.0,24.5,26.0,26.0,26.0,13.5,13.5,5.476931567328919,0.8881898454746137,0.10532560706401767,0.2708875900176909,0.0,0.8881898454746137,0.10532560706401767,0.0,0.0,0.0,0.0,0.0,OK,
corr_mix,all_only,res_energy,1.0,0.25,budget_only,count,0.1,0.15,0.1,30,30,30,30,1.0,1.0,1.0,0.8881898454746137,0.10532560706401767,20.633333333333333,0.4666666666666667,0.4666666666666667,0.0,0.5,0.1,0.5,0.1,0.03333333333333333,0.1,0.1,4.0,26.0,26.0,26.0,26.0,26.0,26.0,24.5,26.0,26.0,26.0,13.5,13.5,5.476931567328919,0.8881898454746137,0.10532560706401767,0.2708875900176909,0.0,0.8881898454746137,0.10532560706401767,0.0,0.0,0.0,0.0,0.0,OK,
corr_mix,all_only,res_energy,1.0,0.5,budget_only,count,0.1,0.15,0.1,30,30,30,30,1.0,1.0,1.0,0.8881898454746137,0.10532560706401767,20.633333333333333,0.4666666666666667,0.4666666666666667,0.0,0.5,0.1,0.5,0.1,0.03333333333333333,0.1,0.1,4.0,26.0,26.0,26.0,26.0,26.0,26.0,24.5,26.0,26.0,26.0,13.5,13.5,5.476931567328919,0.8881898454746137,0.10532560706401767,0.2708875900176909,0.0,0.8881898454746137,0.10532560706401767,0.0,0.0,0.0,0.0,0.0,OK,
corr_mix,all_only,res_energy,1.0,0.75,budget_only,count,0.1,0.15,0.1,30,30,30,30,1.0,1.0,1.0,0.8881898454746137,0.10532560706401767,20.633333333333333,0.4666666666666667,0.4666666666666667,0.0,0.5,0.1,0.5,0.1,0.03333333333333333,0.1,0.1,4.0,26.0,26.0,26.0,26.0,26.0,26.0,24.5,26.0,26.0,26.0,13.5,13.5,5.476931567328919,0.8881898454746137,0.10532560706401767,0.2708875900176909,0.0,0.8881898454746137,0.10532560706401767,0.0,0.0,0.0,0.0,0.0,OK,
corr_mix,all_only,res_energy,1.0,1.0,budget_only,count,0.1,0.15,0.1,30,30,30,30,1.0,1.0,1.0,0.8881898454746137,0.10532560706401767,20.633333333333333,0.4666666666666667,0.4666666666666667,0.0,0.5,0.1,0.5,0.1,0.03333333333333333,0.1,0.1,4.0,26.0,26.0,26.0,26.0,26.0,26.0,24.5,26.0,26.0,26.0,13.5,13.5,5.476931567328919,0.8881898454746137,0.10532560706401767,0.2708875900176909,0.0,0.8881898454746137,0.10532560706401767,0.0,0.0,0.0,0.0,0.0,OK,
corr_mix,all_only,res_energy,INFEASIBLE,0.0,budget_only,count,INFEASIBLE,INFEASIBLE,INFEASIBLE,INFEASIBLE,INFEASIBLE,INFEASIBLE,INFEASIBLE,INFEASIBLE,INFEASIBLE,INFEASIBLE,INFEASIBLE,INFEASIBLE,INFEASIBLE,INFEASIBLE,INFEASIBLE,INFEASIBLE,INFEASIBLE,INFEASIBLE,INFEASIBLE,INFEASIBLE,INFEASIBLE,INFEASIBLE,INFEASIBLE,,INFEASIBLE,INFEASIBLE,INFEASIBLE,INFEASIBLE,INFEASIBLE,INFEASIBLE,INFEASIBLE,INFEASIBLE,INFEASIBLE,INFEASIBLE,INFEASIBLE,INFEASIBLE,INFEASIBLE,INFEASIBLE,INFEASIBLE,INFEASIBLE,INFEASIBLE,INFEASIBLE,INFEASIBLE,INFEASIBLE,INFEASIBLE,INFEASIBLE,INFEASIBLE,INFEASIBLE,INFEASIBLE,no_trials_in_band
corr_mix,all_only,res_energy,INFEASIBLE,0.25,budget_only,count,INFEASIBLE,INFEASIBLE,INFEASIBLE,INFEASIBLE,INFEASIBLE,INFEASIBLE,INFEASIBLE,INFEASIBLE,INFEASIBLE,INFEASIBLE,INFEASIBLE,INFEASIBLE,INFEASIBLE,INFEASIBLE,INFEASIBLE,INFEASIBLE,INFEASIBLE,INFEASIBLE,INFEASIBLE,INFEASIBLE,INFEASIBLE,INFEASIBLE,INFEASIBLE,,INFEASIBLE,INFEASIBLE,INFEASIBLE,INFEASIBLE,INFEASIBLE,INFEASIBLE,INFEASIBLE,INFEASIBLE,INFEASIBLE,INFEASIBLE,INFEASIBLE,INFEASIBLE,INFEASIBLE,INFEASIBLE,INFEASIBLE,INFEASIBLE,INFEASIBLE,INFEASIBLE,INFEASIBLE,INFEASIBLE,INFEASIBLE,INFEASIBLE,INFEASIBLE,INFEASIBLE,INFEASIBLE,no_trials_in_band
corr_mix,all_only,res_energy,INFEASIBLE,0.5,budget_only,count,INFEASIBLE,INFEASIBLE,INFEASIBLE,INFEASIBLE,INFEASIBLE,INFEASIBLE,INFEASIBLE,INFEASIBLE,INFEASIBLE,INFEASIBLE,INFEASIBLE,INFEASIBLE,INFEASIBLE,INFEASIBLE,INFEASIBLE,INFEASIBLE,INFEASIBLE,INFEASIBLE,INFEASIBLE,INFEASIBLE,INFEASIBLE,INFEASIBLE,INFEASIBLE,,INFEASIBLE,INFEASIBLE,INFEASIBLE,INFEASIBLE,INFEASIBLE,INFEASIBLE,INFEASIBLE,INFEASIBLE,INFEASIBLE,INFEASIBLE,INFEASIBLE,INFEASIBLE,INFEASIBLE,INFEASIBLE,INFEASIBLE,INFEASIBLE,INFEASIBLE,INFEASIBLE,INFEASIBLE,INFEASIBLE,INFEASIBLE,INFEASIBLE,INFEASIBLE,INFEASIBLE,INFEASIBLE,no_trials_in_band
corr_mix,all_only,res_energy,INFEASIBLE,0.75,budget_only,count,INFEASIBLE,INFEASIBLE,INFEASIBLE,INFEASIBLE,INFEASIBLE,INFEASIBLE,INFEASIBLE,INFEASIBLE,INFEASIBLE,INFEASIBLE,INFEASIBLE,INFEASIBLE,INFEASIBLE,INFEASIBLE,INFEASIBLE,INFEASIBLE,INFEASIBLE,INFEASIBLE,INFEASIBLE,INFEASIBLE,INFEASIBLE,INFEASIBLE,INFEASIBLE,,INFEASIBLE,INFEASIBLE,INFEASIBLE,INFEASIBLE,INFEASIBLE,INFEASIBLE,INFEASIBLE,INFEASIBLE,INFEASIBLE,INFEASIBLE,INFEASIBLE,INFEASIBLE,INFEASIBLE,INFEASIBLE,INFEASIBLE,INFEASIBLE,INFEASIBLE,INFEASIBLE,INFEASIBLE,INFEASIBLE,INFEASIBLE,INFEASIBLE,INFEASIBLE,INFEASIBLE,INFEASIBLE,no_trials_in_band
corr_mix,all_only,res_energy,INFEASIBLE,1.0,budget_only,count,INFEASIBLE,INFEASIBLE,INFEASIBLE,INFEASIBLE,INFEASIBLE,INFEASIBLE,INFEASIBLE,INFEASIBLE,INFEASIBLE,INFEASIBLE,INFEASIBLE,INFEASIBLE,INFEASIBLE,INFEASIBLE,INFEASIBLE,INFEASIBLE,INFEASIBLE,INFEASIBLE,INFEASIBLE,INFEASIBLE,INFEASIBLE,INFEASIBLE,INFEASIBLE,,INFEASIBLE,INFEASIBLE,INFEASIBLE,INFEASIBLE,INFEASIBLE,INFEASIBLE,INFEASIBLE,INFEASIBLE,INFEASIBLE,INFEASIBLE,INFEASIBLE,INFEASIBLE,INFEASIBLE,INFEASIBLE,INFEASIBLE,INFEASIBLE,INFEASIBLE,INFEASIBLE,INFEASIBLE,INFEASIBLE,INFEASIBLE,INFEASIBLE,INFEASIBLE,INFEASIBLE,INFEASIBLE,no_trials_in_band
corr_mix,all_only,stale,1.0,0.0,budget_only,count,0.1,0.15,0.1,30,30,0,30,1.0,0.0,1.0,1.0316777041942602,0.49130794701986763,23.966666666666665,0.6,0.6,0.0,1.0,0.5666666666666667,1.0,0.5666666666666667,0.4,0.0,0.0,4.0,19.0,19.0,19.0,26.0,19.0,26.0,3.0,18.200000000000003,19.0,26.0,10.5,10.5,25.548013245033115,1.0316777041942602,0.49130794701986763,1.0000000000000002e-06,0.061576028458122795,1.0316777041942602,0.49130794701986763,0.0,0.0,0.0,0.0,0.0,OK,
corr_mix,all_only,stale,1.0,0.25,budget_only,count,0.1,0.15,0.1,30,30,0,30,1.0,0.0,1.0,1.0316777041942602,0.49130794701986763,23.966666666666665,0.6,0.6,0.0,1.0,0.5666666666666667,1.0,0.5666666666666667,0.4,0.0,0.0,4.0,19.0,19.0,19.0,26.0,19.0,26.0,3.0,18.200000000000003,19.0,26.0,10.5,10.5,25.548013245033115,1.0316777041942602,0.49130794701986763,1.0000000000000002e-06,0.061576028458122795,1.0316777041942602,0.49130794701986763,0.0,0.0,0.0,0.0,0.0,OK,
corr_mix,all_only,stale,1.0,0.5,budget_only,count,0.1,0.15,0.1,30,30,0,30,1.0,0.0,1.0,1.0316777041942602,0.49130794701986763,23.966666666666665,0.6,0.6,0.0,1.0,0.5666666666666667,1.0,0.5666666666666667,0.4,0.0,0.0,4.0,19.0,19.0,19.0,26.0,19.0,26.0,3.0,18.200000000000003,19.0,26.0,10.5,10.5,25.548013245033115,1.0316777041942602,0.49130794701986763,1.0000000000000002e-06,0.061576028458122795,1.0316777041942602,0.49130794701986763,0.0,0.0,0.0,0.0,0.0,OK,
corr_mix,all_only,stale,1.0,0.75,budget_only,count,0.1,0.15,0.1,30,30,0,30,1.0,0.0,1.0,1.0316777041942602,0.49130794701986763,23.966666666666665,0.6,0.6,0.0,1.0,0.5666666666666667,1.0,0.5666666666666667,0.4,0.0,0.0,4.0,19.0,19.0,19.0,26.0,19.0,26.0,3.0,18.200000000000003,19.0,26.0,10.5,10.5,25.548013245033115,1.0316777041942602,0.49130794701986763,1.0000000000000002e-06,0.061576028458122795,1.0316777041942602,0.49130794701986763,0.0,0.0,0.0,0.0,0.0,OK,
corr_mix,all_only,stale,1.0,1.0,budget_only,count,0.1,0.15,0.1,30,30,0,30,1.0,0.0,1.0,1.0316777041942602,0.49130794701986763,23.966666666666665,0.6,0.6,0.0,1.0,0.5666666666666667,1.0,0.5666666666666667,0.4,0.0,0.0,4.0,19.0,19.0,19.0,26.0,19.0,26.0,3.0,18.200000000000003,19.0,26.0,10.5,10.5,25.548013245033115,1.0316777041942602,0.49130794701986763,1.0000000000000002e-06,0.061576028458122795,1.0316777041942602,0.49130794701986763,0.0,0.0,0.0,0.0,0.0,OK,
corr_mix,all_only,stale,INFEASIBLE,0.0,budget_only,count,INFEASIBLE,INFEASIBLE,INFEASIBLE,INFEASIBLE,INFEASIBLE,INFEASIBLE,INFEASIBLE,INFEASIBLE,INFEASIBLE,INFEASIBLE,INFEASIBLE,INFEASIBLE,INFEASIBLE,INFEASIBLE,INFEASIBLE,INFEASIBLE,INFEASIBLE,INFEASIBLE,INFEASIBLE,INFEASIBLE,INFEASIBLE,INFEASIBLE,INFEASIBLE,,INFEASIBLE,INFEASIBLE,INFEASIBLE,INFEASIBLE,INFEASIBLE,INFEASIBLE,INFEASIBLE,INFEASIBLE,INFEASIBLE,INFEASIBLE,INFEASIBLE,INFEASIBLE,INFEASIBLE,INFEASIBLE,INFEASIBLE,INFEASIBLE,INFEASIBLE,INFEASIBLE,INFEASIBLE,INFEASIBLE,INFEASIBLE,INFEASIBLE,INFEASIBLE,INFEASIBLE,INFEASIBLE,no_trials_in_band
corr_mix,all_only,stale,INFEASIBLE,0.25,budget_only,count,INFEASIBLE,INFEASIBLE,INFEASIBLE,INFEASIBLE,INFEASIBLE,INFEASIBLE,INFEASIBLE,INFEASIBLE,INFEASIBLE,INFEASIBLE,INFEASIBLE,INFEASIBLE,INFEASIBLE,INFEASIBLE,INFEASIBLE,INFEASIBLE,INFEASIBLE,INFEASIBLE,INFEASIBLE,INFEASIBLE,INFEASIBLE,INFEASIBLE,INFEASIBLE,,INFEASIBLE,INFEASIBLE,INFEASIBLE,INFEASIBLE,INFEASIBLE,INFEASIBLE,INFEASIBLE,INFEASIBLE,INFEASIBLE,INFEASIBLE,INFEASIBLE,INFEASIBLE,INFEASIBLE,INFEASIBLE,INFEASIBLE,INFEASIBLE,INFEASIBLE,INFEASIBLE,INFEASIBLE,INFEASIBLE,INFEASIBLE,INFEASIBLE,INFEASIBLE,INFEASIBLE,INFEASIBLE,no_trials_in_band
corr_mix,all_only,stale,INFEASIBLE,0.5,budget_only,count,INFEASIBLE,INFEASIBLE,INFEASIBLE,INFEASIBLE,INFEASIBLE,INFEASIBLE,INFEASIBLE,INFEASIBLE,INFEASIBLE,INFEASIBLE,INFEASIBLE,INFEASIBLE,INFEASIBLE,INFEASIBLE,INFEASIBLE,INFEASIBLE,INFEASIBLE,INFEASIBLE,INFEASIBLE,INFEASIBLE,INFEASIBLE,INFEASIBLE,INFEASIBLE,,INFEASIBLE,INFEASIBLE,INFEASIBLE,INFEASIBLE,INFEASIBLE,INFEASIBLE,INFEASIBLE,INFEASIBLE,INFEASIBLE,INFEASIBLE,INFEASIBLE,INFEASIBLE,INFEASIBLE,INFEASIBLE,INFEASIBLE,INFEASIBLE,INFEASIBLE,INFEASIBLE,INFEASIBLE,INFEASIBLE,INFEASIBLE,INFEASIBLE,INFEASIBLE,INFEASIBLE,INFEASIBLE,no_trials_in_band
corr_mix,all_only,stale,INFEASIBLE,0.75,budget_only,count,INFEASIBLE,INFEASIBLE,INFEASIBLE,INFEASIBLE,INFEASIBLE,INFEASIBLE,INFEASIBLE,INFEASIBLE,INFEASIBLE,INFEASIBLE,INFEASIBLE,INFEASIBLE,INFEASIBLE,INFEASIBLE,INFEASIBLE,INFEASIBLE,INFEASIBLE,INFEASIBLE,INFEASIBLE,INFEASIBLE,INFEASIBLE,INFEASIBLE,INFEASIBLE,,INFEASIBLE,INFEASIBLE,INFEASIBLE,INFEASIBLE,INFEASIBLE,INFEASIBLE,INFEASIBLE,INFEASIBLE,INFEASIBLE,INFEASIBLE,INFEASIBLE,INFEASIBLE,INFEASIBLE,INFEASIBLE,INFEASIBLE,INFEASIBLE,INFEASIBLE,INFEASIBLE,INFEASIBLE,INFEASIBLE,INFEASIBLE,INFEASIBLE,INFEASIBLE,INFEASIBLE,INFEASIBLE,no_trials_in_band
corr_mix,all_only,stale,INFEASIBLE,1.0,budget_only,count,INFEASIBLE,INFEASIBLE,INFEASIBLE,INFEASIBLE,INFEASIBLE,INFEASIBLE,INFEASIBLE,INFEASIBLE,INFEASIBLE,INFEASIBLE,INFEASIBLE,INFEASIBLE,INFEASIBLE,INFEASIBLE,INFEASIBLE,INFEASIBLE,INFEASIBLE,INFEASIBLE,INFEASIBLE,INFEASIBLE,INFEASIBLE,INFEASIBLE,INFEASIBLE,,INFEASIBLE,INFEASIBLE,INFEASIBLE,INFEASIBLE,INFEASIBLE,INFEASIBLE,INFEASIBLE,INFEASIBLE,INFEASIBLE,INFEASIBLE,INFEASIBLE,INFEASIBLE,INFEASIBLE,INFEASIBLE,INFEASIBLE,INFEASIBLE,INFEASIBLE,INFEASIBLE,INFEASIBLE,INFEASIBLE,INFEASIBLE,INFEASIBLE,INFEASIBLE,INFEASIBLE,INFEASIBLE,no_trials_in_band
corr_mix,full,T2,1.0,0.0,budget_only,count,0.1,0.15,0.1,30,30,30,30,1.0,1.0,1.0,1.054635761589404,0.02673841059602649,24.5,0.5,0.5,0.0,0.5,0.06666666666666667,0.5,0.06666666666666667,0.0,0.06666666666666667,0.06666666666666667,4.0,23.5,23.5,23.5,26.0,23.5,26.0,23.5,26.0,23.5,26.0,8.0,8.0,1.390397350993378,1.054635761589404,0.02673841059602649,0.03198793120090359,0.0,1.054635761589404,0.02673841059602649,0.0,0.0,0.0,0.0,0.0,OK,
corr_mix,full,T2,1.0,0.25,budget_only,count,0.1,0.15,0.1,30,30,30,30,1.0,1.0,1.0,1.054635761589404,0.02673841059602649,24.5,0.6666666666666666,0.5,0.16666666666666663,0.7333333333333333,0.36666666666666664,0.7333333333333333,0.36666666666666664,0.06666666666666667,0.36666666666666664,0.36666666666666664,4.0,17.0,23.5,17.0,26.0,23.5,26.0,12.5,26.0,17.0,26.0,6.5,8.0,1.3516556291390731,1.0201986754966887,0.025993377483443714,0.03198793120090359,5221033162.859665,1.054635761589404,0.02673841059602649,0.05897435897435898,0.0,0.035897435897435895,0.035897435897435895,0.0,OK,
corr_mix,full,T2,1.0,0.5,budget_only,count,0.1,0.15,0.1,30,30,30,30,1.0,1.0,1.0,1.054635761589404,0.02673841059602649,24.5,0.7333333333333333,0.5,0.23333333333333328,0.8,0.4,0.8,0.4,0.06666666666666667,0.4,0.4,4.0,14.0,23.5,14.0,26.0,23.5,26.0,9.5,26.0,14.0,26.0,6.5,8.0,1.3459161147902874,1.0187637969094923,0.02588300220750552,0.03198793120090359,20884132651.447353,1.054635761589404,0.02673841059602649,0.0653846153846154,0.0,0.04230769230769232,0.04230769230769232,0.0,OK,
corr_mix,full,T2,1.0,0.75,budget_only,count,0.1,0.15,0.1,30,30,30,30,1.0,1.0,1.0,1.054635761589404,0.02673841059602649,24.5,0.8,0.5,0.30000000000000004,0.8666666666666667,0.43333333333333335,0.8666666666666667,0.43333333333333335,0.06666666666666667,0.43333333333333335,0.43333333333333335,4.0,12.5,23.5,12.5,26.0,23.5,26.0,8.0,26.0,12.5,26.0,6.5,8.0,1.3416114790286977,1.0158940397350993,0.02580022075055188,0.03198793120090359,46989298465.76319,1.054635761589404,0.02673841059602649,0.0653846153846154,0.0,0.04230769230769232,0.04230769230769232,0.0,OK,
corr_mix,full,T2,1.0,1.0,budget_only,count,0.1,0.15,0.1,30,30,30,30,1.0,1.0,1.0,1.054635761589404,0.02673841059602649,24.5,0.8,0.5,0.30000000000000004,0.8666666666666667,0.4666666666666667,0.8666666666666667,0.4666666666666667,0.06666666666666667,0.4666666666666667,0.4666666666666667,4.0,9.5,23.5,9.5,26.0,23.5,26.0,6.5,26.0,9.5,26.0,3.5,8.0,1.337306843267108,1.014459161147903,0.02571743929359824,0.03198793120090359,83536530605.8067,1.054635761589404,0.02673841059602649,0.0653846153846154,0.0,0.04230769230769232,0.04230769230769232,0.0,OK,
corr_mix,full,T2,INFEASIBLE,0.0,budget_only,count,INFEASIBLE,INFEASIBLE,INFEASIBLE,INFEASIBLE,INFEASIBLE,INFEASIBLE,INFEASIBLE,INFEASIBLE,INFEASIBLE,INFEASIBLE,INFEASIBLE,INFEASIBLE,INFEASIBLE,INFEASIBLE,INFEASIBLE,INFEASIBLE,INFEASIBLE,INFEASIBLE,INFEASIBLE,INFEASIBLE,INFEASIBLE,INFEASIBLE,INFEASIBLE,,INFEASIBLE,INFEASIBLE,INFEASIBLE,INFEASIBLE,INFEASIBLE,INFEASIBLE,INFEASIBLE,INFEASIBLE,INFEASIBLE,INFEASIBLE,INFEASIBLE,INFEASIBLE,INFEASIBLE,INFEASIBLE,INFEASIBLE,INFEASIBLE,INFEASIBLE,INFEASIBLE,INFEASIBLE,INFEASIBLE,INFEASIBLE,INFEASIBLE,INFEASIBLE,INFEASIBLE,INFEASIBLE,no_trials_in_band
corr_mix,full,T2,INFEASIBLE,0.25,budget_only,count,INFEASIBLE,INFEASIBLE,INFEASIBLE,INFEASIBLE,INFEASIBLE,INFEASIBLE,INFEASIBLE,INFEASIBLE,INFEASIBLE,INFEASIBLE,INFEASIBLE,INFEASIBLE,INFEASIBLE,INFEASIBLE,INFEASIBLE,INFEASIBLE,INFEASIBLE,INFEASIBLE,INFEASIBLE,INFEASIBLE,INFEASIBLE,INFEASIBLE,INFEASIBLE,,INFEASIBLE,INFEASIBLE,INFEASIBLE,INFEASIBLE,INFEASIBLE,INFEASIBLE,INFEASIBLE,INFEASIBLE,INFEASIBLE,INFEASIBLE,INFEASIBLE,INFEASIBLE,INFEASIBLE,INFEASIBLE,INFEASIBLE,INFEASIBLE,INFEASIBLE,INFEASIBLE,INFEASIBLE,INFEASIBLE,INFEASIBLE,INFEASIBLE,INFEASIBLE,INFEASIBLE,INFEASIBLE,no_trials_in_band
corr_mix,full,T2,INFEASIBLE,0.5,budget_only,count,INFEASIBLE,INFEASIBLE,INFEASIBLE,INFEASIBLE,INFEASIBLE,INFEASIBLE,INFEASIBLE,INFEASIBLE,INFEASIBLE,INFEASIBLE,INFEASIBLE,INFEASIBLE,INFEASIBLE,INFEASIBLE,INFEASIBLE,INFEASIBLE,INFEASIBLE,INFEASIBLE,INFEASIBLE,INFEASIBLE,INFEASIBLE,INFEASIBLE,INFEASIBLE,,INFEASIBLE,INFEASIBLE,INFEASIBLE,INFEASIBLE,INFEASIBLE,INFEASIBLE,INFEASIBLE,INFEASIBLE,INFEASIBLE,INFEASIBLE,INFEASIBLE,INFEASIBLE,INFEASIBLE,INFEASIBLE,INFEASIBLE,INFEASIBLE,INFEASIBLE,INFEASIBLE,INFEASIBLE,INFEASIBLE,INFEASIBLE,INFEASIBLE,INFEASIBLE,INFEASIBLE,INFEASIBLE,no_trials_in_band
corr_mix,full,T2,INFEASIBLE,0.75,budget_only,count,INFEASIBLE,INFEASIBLE,INFEASIBLE,INFEASIBLE,INFEASIBLE,INFEASIBLE,INFEASIBLE,INFEASIBLE,INFEASIBLE,INFEASIBLE,INFEASIBLE,INFEASIBLE,INFEASIBLE,INFEASIBLE,INFEASIBLE,INFEASIBLE,INFEASIBLE,INFEASIBLE,INFEASIBLE,INFEASIBLE,INFEASIBLE,INFEASIBLE,INFEASIBLE,,INFEASIBLE,INFEASIBLE,INFEASIBLE,INFEASIBLE,INFEASIBLE,INFEASIBLE,INFEASIBLE,INFEASIBLE,INFEASIBLE,INFEASIBLE,INFEASIBLE,INFEASIBLE,INFEASIBLE,INFEASIBLE,INFEASIBLE,INFEASIBLE,INFEASIBLE,INFEASIBLE,INFEASIBLE,INFEASIBLE,INFEASIBLE,INFEASIBLE,INFEASIBLE,INFEASIBLE,INFEASIBLE,no_trials_in_band
corr_mix,full,T2,INFEASIBLE,1.0,budget_only,count,INFEASIBLE,INFEASIBLE,INFEASIBLE,INFEASIBLE,INFEASIBLE,INFEASIBLE,INFEASIBLE,INFEASIBLE,INFEASIBLE,INFEASIBLE,INFEASIBLE,INFEASIBLE,INFEASIBLE,INFEASIBLE,INFEASIBLE,INFEASIBLE,INFEASIBLE,INFEASIBLE,INFEASIBLE,INFEASIBLE,INFEASIBLE,INFEASIBLE,INFEASIBLE,,INFEASIBLE,INFEASIBLE,INFEASIBLE,INFEASIBLE,INFEASIBLE,INFEASIBLE,INFEASIBLE,INFEASIBLE,INFEASIBLE,INFEASIBLE,INFEASIBLE,INFEASIBLE,INFEASIBLE,INFEASIBLE,INFEASIBLE,INFEASIBLE,INFEASIBLE,INFEASIBLE,INFEASIBLE,INFEASIBLE,INFEASIBLE,INFEASIBLE,INFEASIBLE,INFEASIBLE,INFEASIBLE,no_trials_in_band
corr_mix,full,cusum_factor_cov_lrt,1.0,0.0,budget_only,count,0.1,0.15,0.1,30,4,4,4,0.13333333333333333,0.13333333333333333,0.13333333333333333,1.076158940397351,0.020695364238410598,25.0,0.5,0.5,0.0,0.5,0.0,0.5,0.0,0.0,0.0,0.0,4.0,24.5,24.5,24.5,26.0,24.5,26.0,24.5,26.0,24.5,26.0,21.5,21.5,1.076158940397351,1.076158940397351,0.020695364238410598,NA,-0.28780677346608596,1.076158940397351,0.020695364238410598,0.0,0.0,0.0,0.0,0.0,OK,
corr_mix,full,cusum_factor_cov_lrt,1.0,0.25,budget_only,count,0.1,0.15,0.1,30,4,4,4,0.13333333333333333,0.13333333333333333,0.13333333333333333,1.076158940397351,0.020695364238410598,25.0,0.5,0.5,0.0,0.5,0.0,0.5,0.0,0.0,0.0,0.0,4.0,24.5,24.5,24.5,26.0,24.5,26.0,24.5,26.0,24.5,26.0,21.5,21.5,1.076158940397351,1.076158940397351,0.020695364238410598,NA,-0.1430509192961129,1.076158940397351,0.020695364238410598,0.0,0.0,0.0,0.0,0.0,OK,
corr_mix,full,cusum_factor_cov_lrt,1.0,0.5,budget_only,count,0.1,0.15,0.1,30,4,4,4,0.13333333333333333,0.13333333333333333,0.13333333333333333,1.076158940397351,0.020695364238410598,25.0,0.5,0.5,0.0,0.5,0.0,0.5,0.0,0.0,0.0,0.0,4.0,24.5,24.5,24.5,26.0,24.5,26.0,24.5,26.0,24.5,26.0,21.5,21.5,1.076158940397351,1.076158940397351,0.020695364238410598,NA,-0.16815332732998334,1.076158940397351,0.020695364238410598,0.0,0.0,0.0,0.0,0.0,OK,
corr_mix,full,cusum_factor_cov_lrt,1.0,0.75,budget_only,count,0.1,0.15,0.1,30,4,4,4,0.13333333333333333,0.13333333333333333,0.13333333333333333,1.076158940397351,0.020695364238410598,25.0,0.5,0.5,0.0,0.5,0.0,0.5,0.0,0.0,0.0,0.0,4.0,24.5,24.5,24.5,26.0,24.5,26.0,24.5,26.0,24.5,26.0,21.5,21.5,1.076158940397351,1.076158940397351,0.020695364238410598,NA,-0.09753469450613664,1.076158940397351,0.020695364238410598,0.0,0.0,0.0,0.0,0.0,OK,
corr_mix,full,cusum_factor_cov_lrt,1.0,1.0,budget_only,count,0.1,0.15,0.1,30,4,4,4,0.13333333333333333,0.13333333333333333,0.13333333333333333,1.076158940397351,0.020695364238410598,25.0,0.5,0.5,0.0,0.5,0.0,0.5,0.0,0.0,0.0,0.0,4.0,24.5,24.5,24.5,26.0,24.5,26.0,24.5,26.0,24.5,26.0,21.5,21.5,1.076158940397351,1.076158940397351,0.020695364238410598,NA,-0.2657178723746929,1.076158940397351,0.020695364238410598,0.0,0.0,0.0,0.0,0.0,OK,
corr_mix,full,cusum_factor_cov_lrt,INFEASIBLE,0.0,budget_only,count,INFEASIBLE,INFEASIBLE,INFEASIBLE,INFEASIBLE,INFEASIBLE,INFEASIBLE,INFEASIBLE,INFEASIBLE,INFEASIBLE,INFEASIBLE,INFEASIBLE,INFEASIBLE,INFEASIBLE,INFEASIBLE,INFEASIBLE,INFEASIBLE,INFEASIBLE,INFEASIBLE,INFEASIBLE,INFEASIBLE,INFEASIBLE,INFEASIBLE,INFEASIBLE,,INFEASIBLE,INFEASIBLE,INFEASIBLE,INFEASIBLE,INFEASIBLE,INFEASIBLE,INFEASIBLE,INFEASIBLE,INFEASIBLE,INFEASIBLE,INFEASIBLE,INFEASIBLE,INFEASIBLE,INFEASIBLE,INFEASIBLE,INFEASIBLE,INFEASIBLE,INFEASIBLE,INFEASIBLE,INFEASIBLE,INFEASIBLE,INFEASIBLE,INFEASIBLE,INFEASIBLE,INFEASIBLE,no_trials_in_band
corr_mix,full,cusum_factor_cov_lrt,INFEASIBLE,0.25,budget_only,count,INFEASIBLE,INFEASIBLE,INFEASIBLE,INFEASIBLE,INFEASIBLE,INFEASIBLE,INFEASIBLE,INFEASIBLE,INFEASIBLE,INFEASIBLE,INFEASIBLE,INFEASIBLE,INFEASIBLE,INFEASIBLE,INFEASIBLE,INFEASIBLE,INFEASIBLE,INFEASIBLE,INFEASIBLE,INFEASIBLE,INFEASIBLE,INFEASIBLE,INFEASIBLE,,INFEASIBLE,INFEASIBLE,INFEASIBLE,INFEASIBLE,INFEASIBLE,INFEASIBLE,INFEASIBLE,INFEASIBLE,INFEASIBLE,INFEASIBLE,INFEASIBLE,INFEASIBLE,INFEASIBLE,INFEASIBLE,INFEASIBLE,INFEASIBLE,INFEASIBLE,INFEASIBLE,INFEASIBLE,INFEASIBLE,INFEASIBLE,INFEASIBLE,INFEASIBLE,INFEASIBLE,INFEASIBLE,no_trials_in_band
corr_mix,full,cusum_factor_cov_lrt,INFEASIBLE,0.5,budget_only,count,INFEASIBLE,INFEASIBLE,INFEASIBLE,INFEASIBLE,INFEASIBLE,INFEASIBLE,INFEASIBLE,INFEASIBLE,INFEASIBLE,INFEASIBLE,INFEASIBLE,INFEASIBLE,INFEASIBLE,INFEASIBLE,INFEASIBLE,INFEASIBLE,INFEASIBLE,INFEASIBLE,INFEASIBLE,INFEASIBLE,INFEASIBLE,INFEASIBLE,INFEASIBLE,,INFEASIBLE,INFEASIBLE,INFEASIBLE,INFEASIBLE,INFEASIBLE,INFEASIBLE,INFEASIBLE,INFEASIBLE,INFEASIBLE,INFEASIBLE,INFEASIBLE,INFEASIBLE,INFEASIBLE,INFEASIBLE,INFEASIBLE,INFEASIBLE,INFEASIBLE,INFEASIBLE,INFEASIBLE,INFEASIBLE,INFEASIBLE,INFEASIBLE,INFEASIBLE,INFEASIBLE,INFEASIBLE,no_trials_in_band
corr_mix,full,cusum_factor_cov_lrt,INFEASIBLE,0.75,budget_only,count,INFEASIBLE,INFEASIBLE,INFEASIBLE,INFEASIBLE,INFEASIBLE,INFEASIBLE,INFEASIBLE,INFEASIBLE,INFEASIBLE,INFEASIBLE,INFEASIBLE,INFEASIBLE,INFEASIBLE,INFEASIBLE,INFEASIBLE,INFEASIBLE,INFEASIBLE,INFEASIBLE,INFEASIBLE,INFEASIBLE,INFEASIBLE,INFEASIBLE,INFEASIBLE,,INFEASIBLE,INFEASIBLE,INFEASIBLE,INFEASIBLE,INFEASIBLE,INFEASIBLE,INFEASIBLE,INFEASIBLE,INFEASIBLE,INFEASIBLE,INFEASIBLE,INFEASIBLE,INFEASIBLE,INFEASIBLE,INFEASIBLE,INFEASIBLE,INFEASIBLE,INFEASIBLE,INFEASIBLE,INFEASIBLE,INFEASIBLE,INFEASIBLE,INFEASIBLE,INFEASIBLE,INFEASIBLE,no_trials_in_band
corr_mix,full,cusum_factor_cov_lrt,INFEASIBLE,1.0,budget_only,count,INFEASIBLE,INFEASIBLE,INFEASIBLE,INFEASIBLE,INFEASIBLE,INFEASIBLE,INFEASIBLE,INFEASIBLE,INFEASIBLE,INFEASIBLE,INFEASIBLE,INFEASIBLE,INFEASIBLE,INFEASIBLE,INFEASIBLE,INFEASIBLE,INFEASIBLE,INFEASIBLE,INFEASIBLE,INFEASIBLE,INFEASIBLE,INFEASIBLE,INFEASIBLE,,INFEASIBLE,INFEASIBLE,INFEASIBLE,INFEASIBLE,INFEASIBLE,INFEASIBLE,INFEASIBLE,INFEASIBLE,INFEASIBLE,INFEASIBLE,INFEASIBLE,INFEASIBLE,INFEASIBLE,INFEASIBLE,INFEASIBLE,INFEASIBLE,INFEASIBLE,INFEASIBLE,INFEASIBLE,INFEASIBLE,INFEASIBLE,INFEASIBLE,INFEASIBLE,INFEASIBLE,INFEASIBLE,no_trials_in_band
corr_mix,full,ewma_factor_cov_lrt,1.0,0.0,budget_only,count,0.1,0.15,0.1,30,30,30,30,1.0,1.0,1.0,0.9642384105960267,0.04594370860927153,22.4,0.6,0.6,0.0,0.6333333333333333,0.06666666666666667,0.6333333333333333,0.06666666666666667,0.03333333333333333,0.06666666666666667,0.06666666666666667,4.0,20.0,20.0,20.0,26.0,20.0,26.0,17.5,26.0,20.0,26.0,12.0,12.0,2.3890728476821197,0.9642384105960267,0.04594370860927153,0.058733433236895574,0.22403995999890378,0.9642384105960267,0.04594370860927153,0.0,0.0,0.0,0.0,0.0,OK,
corr_mix,full,ewma_factor_cov_lrt,1.0,0.25,budget_only,count,0.1,0.15,0.1,30,30,30,30,1.0,1.0,1.0,0.9642384105960267,0.04594370860927153,22.4,0.5666666666666667,0.6,-0.033333333333333326,0.6,0.03333333333333333,0.6,0.03333333333333333,0.03333333333333333,0.03333333333333333,0.03333333333333333,4.0,21.5,20.0,21.5,26.0,20.0,26.0,21.0,26.0,21.5,26.0,17.0,12.0,2.3775938189845482,0.9570640176600443,0.045722958057395145,0.058733433236895574,0.2264538839875832,0.9642384105960267,0.04594370860927153,0.023076923076923075,0.02222222222222222,0.0,0.017948717948717947,-0.02222222222222222,OK,
corr_mix,full,ewma_factor_cov_lrt,1.0,0.5,budget_only,count,0.1,0.15,0.1,30,30,30,30,1.0,1.0,1.0,0.9642384105960267,0.04594370860927153,22.4,0.5666666666666667,0.6,-0.033333333333333326,0.6,0.03333333333333333,0.6,0.03333333333333333,0.03333333333333333,0.03333333333333333,0.03333333333333333,4.0,21.5,20.0,21.5,26.0,20.0,26.0,21.0,26.0,21.5,26.0,15.0,12.0,2.3847682119205302,0.9570640176600442,0.04586092715231789,0.058733433236895574,0.17988234662364996,0.9642384105960267,0.04594370860927153,0.024358974358974363,0.02222222222222222,-0.001282051282051282,0.01923076923076923,-0.02222222222222222,OK,
corr_mix,full,ewma_factor_cov_lrt,1.0,0.75,budget_only,count,0.1,0.15,0.1,30,30,30,30,1.0,1.0,1.0,0.9642384105960267,0.04594370860927153,22.4,0.5333333333333333,0.6,-0.06666666666666665,0.5666666666666667,0.03333333333333333,0.5666666666666667,0.03333333333333333,0.03333333333333333,0.03333333333333333,0.03333333333333333,4.0,23.5,20.0,23.5,26.0,20.0,26.0,21.5,26.0,23.5,26.0,16.0,12.0,2.4105960264900665,0.9599337748344374,0.046357615894039736,0.058733433236895574,0.13803910429500893,0.9642384105960267,0.04594370860927153,0.024358974358974352,0.02222222222222222,-0.011538461538461537,0.016666666666666666,-0.02222222222222222,OK,
corr_mix,full,ewma_factor_cov_lrt,1.0,1.0,budget_only,count,0.1,0.15,0.1,30,30,30,30,1.0,1.0,1.0,0.9642384105960267,0.04594370860927153,22.4,0.5333333333333333,0.6,-0.06666666666666665,0.5666666666666667,0.03333333333333333,0.5666666666666667,0.03333333333333333,0.03333333333333333,0.03333333333333333,0.03333333333333333,4.0,21.0,20.0,21.0,26.0,20.0,26.0,20.0,26.0,21.0,26.0,14.5,12.0,2.3933774834437087,0.9570640176600443,0.04602649006622516,0.058733433236895574,0.12739403052394402,0.9642384105960267,0.04594370860927153,0.026923076923076925,0.02222222222222222,-0.0038461538461538455,0.01923076923076923,-0.02222222222222222,OK,
corr_mix,full,ewma_factor_cov_lrt,INFEASIBLE,0.0,budget_only,count,INFEASIBLE,INFEASIBLE,INFEASIBLE,INFEASIBLE,INFEASIBLE,INFEASIBLE,INFEASIBLE,INFEASIBLE,INFEASIBLE,INFEASIBLE,INFEASIBLE,INFEASIBLE,INFEASIBLE,INFEASIBLE,INFEASIBLE,INFEASIBLE,INFEASIBLE,INFEASIBLE,INFEASIBLE,INFEASIBLE,INFEASIBLE,INFEASIBLE,INFEASIBLE,,INFEASIBLE,INFEASIBLE,INFEASIBLE,INFEASIBLE,INFEASIBLE,INFEASIBLE,INFEASIBLE,INFEASIBLE,INFEASIBLE,INFEASIBLE,INFEASIBLE,INFEASIBLE,INFEASIBLE,INFEASIBLE,INFEASIBLE,INFEASIBLE,INFEASIBLE,INFEASIBLE,INFEASIBLE,INFEASIBLE,INFEASIBLE,INFEASIBLE,INFEASIBLE,INFEASIBLE,INFEASIBLE,no_trials_in_band
corr_mix,full,ewma_factor_cov_lrt,INFEASIBLE,0.25,budget_only,count,INFEASIBLE,INFEASIBLE,INFEASIBLE,INFEASIBLE,INFEASIBLE,INFEASIBLE,INFEASIBLE,INFEASIBLE,INFEASIBLE,INFEASIBLE,INFEASIBLE,INFEASIBLE,INFEASIBLE,INFEASIBLE,INFEASIBLE,INFEASIBLE,INFEASIBLE,INFEASIBLE,INFEASIBLE,INFEASIBLE,INFEASIBLE,INFEASIBLE,INFEASIBLE,,INFEASIBLE,INFEASIBLE,INFEASIBLE,INFEASIBLE,INFEASIBLE,INFEASIBLE,INFEASIBLE,INFEASIBLE,INFEASIBLE,INFEASIBLE,INFEASIBLE,INFEASIBLE,INFEASIBLE,INFEASIBLE,INFEASIBLE,INFEASIBLE,INFEASIBLE,INFEASIBLE,INFEASIBLE,INFEASIBLE,INFEASIBLE,INFEASIBLE,INFEASIBLE,INFEASIBLE,INFEASIBLE,no_trials_in_band
corr_mix,full,ewma_factor_cov_lrt,INFEASIBLE,0.5,budget_only,count,INFEASIBLE,INFEASIBLE,INFEASIBLE,INFEASIBLE,INFEASIBLE,INFEASIBLE,INFEASIBLE,INFEASIBLE,INFEASIBLE,INFEASIBLE,INFEASIBLE,INFEASIBLE,INFEASIBLE,INFEASIBLE,INFEASIBLE,INFEASIBLE,INFEASIBLE,INFEASIBLE,INFEASIBLE,INFEASIBLE,INFEASIBLE,INFEASIBLE,INFEASIBLE,,INFEASIBLE,INFEASIBLE,INFEASIBLE,INFEASIBLE,INFEASIBLE,INFEASIBLE,INFEASIBLE,INFEASIBLE,INFEASIBLE,INFEASIBLE,INFEASIBLE,INFEASIBLE,INFEASIBLE,INFEASIBLE,INFEASIBLE,INFEASIBLE,INFEASIBLE,INFEASIBLE,INFEASIBLE,INFEASIBLE,INFEASIBLE,INFEASIBLE,INFEASIBLE,INFEASIBLE,INFEASIBLE,no_trials_in_band
corr_mix,full,ewma_factor_cov_lrt,INFEASIBLE,0.75,budget_only,count,INFEASIBLE,INFEASIBLE,INFEASIBLE,INFEASIBLE,INFEASIBLE,INFEASIBLE,INFEASIBLE,INFEASIBLE,INFEASIBLE,INFEASIBLE,INFEASIBLE,INFEASIBLE,INFEASIBLE,INFEASIBLE,INFEASIBLE,INFEASIBLE,INFEASIBLE,INFEASIBLE,INFEASIBLE,INFEASIBLE,INFEASIBLE,INFEASIBLE,INFEASIBLE,,INFEASIBLE,INFEASIBLE,INFEASIBLE,INFEASIBLE,INFEASIBLE,INFEASIBLE,INFEASIBLE,INFEASIBLE,INFEASIBLE,INFEASIBLE,INFEASIBLE,INFEASIBLE,INFEASIBLE,INFEASIBLE,INFEASIBLE,INFEASIBLE,INFEASIBLE,INFEASIBLE,INFEASIBLE,INFEASIBLE,INFEASIBLE,INFEASIBLE,INFEASIBLE,INFEASIBLE,INFEASIBLE,no_trials_in_band
corr_mix,full,ewma_factor_cov_lrt,INFEASIBLE,1.0,budget_only,count,INFEASIBLE,INFEASIBLE,INFEASIBLE,INFEASIBLE,INFEASIBLE,INFEASIBLE,INFEASIBLE,INFEASIBLE,INFEASIBLE,INFEASIBLE,INFEASIBLE,INFEASIBLE,INFEASIBLE,INFEASIBLE,INFEASIBLE,INFEASIBLE,INFEASIBLE,INFEASIBLE,INFEASIBLE,INFEASIBLE,INFEASIBLE,INFEASIBLE,INFEASIBLE,,INFEASIBLE,INFEASIBLE,INFEASIBLE,INFEASIBLE,INFEASIBLE,INFEASIBLE,INFEASIBLE,INFEASIBLE,INFEASIBLE,INFEASIBLE,INFEASIBLE,INFEASIBLE,INFEASIBLE,INFEASIBLE,INFEASIBLE,INFEASIBLE,INFEASIBLE,INFEASIBLE,INFEASIBLE,INFEASIBLE,INFEASIBLE,INFEASIBLE,INFEASIBLE,INFEASIBLE,INFEASIBLE,no_trials_in_band
corr_mix,full,factor_cov_change,1.0,0.0,budget_only,count,0.1,0.15,0.1,30,30,30,30,1.0,1.0,1.0,0.8867549668874172,0.06846026490066226,20.6,0.4,0.4,0.0,0.4,0.1,0.4,0.1,0.0,0.1,0.1,4.0,26.0,26.0,26.0,26.0,26.0,26.0,26.0,26.0,26.0,26.0,8.5,8.5,3.5599337748344366,0.8867549668874172,0.06846026490066226,0.006053218642576155,-0.04571031370628788,0.8867549668874172,0.06846026490066226,0.0,0.0,0.0,0.0,0.0,OK,
corr_mix,full,factor_cov_change,1.0,0.25,budget_only,count,0.1,0.15,0.1,30,30,30,30,1.0,1.0,1.0,0.8867549668874172,0.06846026490066226,20.6,0.36666666666666664,0.4,-0.03333333333333338,0.36666666666666664,0.1,0.36666666666666664,0.1,0.0,0.1,0.1,4.0,26.0,26.0,26.0,26.0,26.0,26.0,26.0,26.0,26.0,26.0,8.0,8.5,3.5699779249448116,0.8881898454746135,0.06865342163355409,0.006053218642576155,-0.06830135753276291,0.8867549668874172,0.06846026490066226,0.020512820512820513,0.0,-0.007692307692307693,0.007692307692307693,0.0,OK,
corr_mix,full,factor_cov_change,1.0,0.5,budget_only,count,0.1,0.15,0.1,30,30,30,30,1.0,1.0,1.0,0.8867549668874172,0.06846026490066226,20.6,0.3333333333333333,0.4,-0.06666666666666671,0.3333333333333333,0.1,0.3333333333333333,0.1,0.0,0.1,0.1,4.0,26.0,26.0,26.0,26.0,26.0,26.0,26.0,26.0,26.0,26.0,8.0,8.5,3.578587196467991,0.8881898454746135,0.06881898454746137,0.006053218642576155,-0.0835079455176864,0.8867549668874172,0.06846026490066226,0.029487179487179487,0.02222222222222222,-0.014102564102564103,0.024358974358974363,0.02222222222222222,OK,
corr_mix,full,factor_cov_change,1.0,0.75,budget_only,count,0.1,0.15,0.1,30,30,30,30,1.0,1.0,1.0,0.8867549668874172,0.06846026490066226,20.6,0.3333333333333333,0.4,-0.06666666666666671,0.3333333333333333,0.1,0.3333333333333333,0.1,0.0,0.1,0.1,4.0,26.0,26.0,26.0,26.0,26.0,26.0,26.0,26.0,26.0,26.0,8.0,8.5,3.5771523178807945,0.8881898454746135,0.06879139072847681,0.006053218642576155,-0.09181906044443557,0.8867549668874172,0.06846026490066226,0.029487179487179487,0.02222222222222222,-0.014102564102564103,0.024358974358974363,0.02222222222222222,OK,
corr_mix,full,factor_cov_change,1.0,1.0,budget_only,count,0.1,0.15,0.1,30,30,30,30,1.0,1.0,1.0,0.8867549668874172,0.06846026490066226,20.6,0.3333333333333333,0.4,-0.06666666666666671,0.3333333333333333,0.1,0.3333333333333333,0.1,0.0,0.1,0.1,4.0,26.0,26.0,26.0,26.0,26.0,26.0,26.0,26.0,26.0,26.0,8.0,8.5,3.5800220750551874,0.8924944812362029,0.0688465783664459,0.006053218642576155,-0.09263619597574037,0.8867549668874172,0.06846026490066226,0.03076923076923077,0.03333333333333333,-0.015384615384615387,0.025641025641025647,0.01111111111111111,OK,
corr_mix,full,factor_cov_change,INFEASIBLE,0.0,budget_only,count,INFEASIBLE,INFEASIBLE,INFEASIBLE,INFEASIBLE,INFEASIBLE,INFEASIBLE,INFEASIBLE,INFEASIBLE,INFEASIBLE,INFEASIBLE,INFEASIBLE,INFEASIBLE,INFEASIBLE,INFEASIBLE,INFEASIBLE,INFEASIBLE,INFEASIBLE,INFEASIBLE,INFEASIBLE,INFEASIBLE,INFEASIBLE,INFEASIBLE,INFEASIBLE,,INFEASIBLE,INFEASIBLE,INFEASIBLE,INFEASIBLE,INFEASIBLE,INFEASIBLE,INFEASIBLE,INFEASIBLE,INFEASIBLE,INFEASIBLE,INFEASIBLE,INFEASIBLE,INFEASIBLE,INFEASIBLE,INFEASIBLE,INFEASIBLE,INFEASIBLE,INFEASIBLE,INFEASIBLE,INFEASIBLE,INFEASIBLE,INFEASIBLE,INFEASIBLE,INFEASIBLE,INFEASIBLE,no_trials_in_band
corr_mix,full,factor_cov_change,INFEASIBLE,0.25,budget_only,count,INFEASIBLE,INFEASIBLE,INFEASIBLE,INFEASIBLE,INFEASIBLE,INFEASIBLE,INFEASIBLE,INFEASIBLE,INFEASIBLE,INFEASIBLE,INFEASIBLE,INFEASIBLE,INFEASIBLE,INFEASIBLE,INFEASIBLE,INFEASIBLE,INFEASIBLE,INFEASIBLE,INFEASIBLE,INFEASIBLE,INFEASIBLE,INFEASIBLE,INFEASIBLE,,INFEASIBLE,INFEASIBLE,INFEASIBLE,INFEASIBLE,INFEASIBLE,INFEASIBLE,INFEASIBLE,INFEASIBLE,INFEASIBLE,INFEASIBLE,INFEASIBLE,INFEASIBLE,INFEASIBLE,INFEASIBLE,INFEASIBLE,INFEASIBLE,INFEASIBLE,INFEASIBLE,INFEASIBLE,INFEASIBLE,INFEASIBLE,INFEASIBLE,INFEASIBLE,INFEASIBLE,INFEASIBLE,no_trials_in_band
corr_mix,full,factor_cov_change,INFEASIBLE,0.5,budget_only,count,INFEASIBLE,INFEASIBLE,INFEASIBLE,INFEASIBLE,INFEASIBLE,INFEASIBLE,INFEASIBLE,INFEASIBLE,INFEASIBLE,INFEASIBLE,INFEASIBLE,INFEASIBLE,INFEASIBLE,INFEASIBLE,INFEASIBLE,INFEASIBLE,INFEASIBLE,INFEASIBLE,INFEASIBLE,INFEASIBLE,INFEASIBLE,INFEASIBLE,INFEASIBLE,,INFEASIBLE,INFEASIBLE,INFEASIBLE,INFEASIBLE,INFEASIBLE,INFEASIBLE,INFEASIBLE,INFEASIBLE,INFEASIBLE,INFEASIBLE,INFEASIBLE,INFEASIBLE,INFEASIBLE,INFEASIBLE,INFEASIBLE,INFEASIBLE,INFEASIBLE,INFEASIBLE,INFEASIBLE,INFEASIBLE,INFEASIBLE,INFEASIBLE,INFEASIBLE,INFEASIBLE,INFEASIBLE,no_trials_in_band
corr_mix,full,factor_cov_change,INFEASIBLE,0.75,budget_only,count,INFEASIBLE,INFEASIBLE,INFEASIBLE,INFEASIBLE,INFEASIBLE,INFEASIBLE,INFEASIBLE,INFEASIBLE,INFEASIBLE,INFEASIBLE,INFEASIBLE,INFEASIBLE,INFEASIBLE,INFEASIBLE,INFEASIBLE,INFEASIBLE,INFEASIBLE,INFEASIBLE,INFEASIBLE,INFEASIBLE,INFEASIBLE,INFEASIBLE,INFEASIBLE,,INFEASIBLE,INFEASIBLE,INFEASIBLE,INFEASIBLE,INFEASIBLE,INFEASIBLE,INFEASIBLE,INFEASIBLE,INFEASIBLE,INFEASIBLE,INFEASIBLE,INFEASIBLE,INFEASIBLE,INFEASIBLE,INFEASIBLE,INFEASIBLE,INFEASIBLE,INFEASIBLE,INFEASIBLE,INFEASIBLE,INFEASIBLE,INFEASIBLE,INFEASIBLE,INFEASIBLE,INFEASIBLE,no_trials_in_band
corr_mix,full,factor_cov_change,INFEASIBLE,1.0,budget_only,count,INFEASIBLE,INFEASIBLE,INFEASIBLE,INFEASIBLE,INFEASIBLE,INFEASIBLE,INFEASIBLE,INFEASIBLE,INFEASIBLE,INFEASIBLE,INFEASIBLE,INFEASIBLE,INFEASIBLE,INFEASIBLE,INFEASIBLE,INFEASIBLE,INFEASIBLE,INFEASIBLE,INFEASIBLE,INFEASIBLE,INFEASIBLE,INFEASIBLE,INFEASIBLE,,INFEASIBLE,INFEASIBLE,INFEASIBLE,INFEASIBLE,INFEASIBLE,INFEASIBLE,INFEASIBLE,INFEASIBLE,INFEASIBLE,INFEASIBLE,INFEASIBLE,INFEASIBLE,INFEASIBLE,INFEASIBLE,INFEASIBLE,INFEASIBLE,INFEASIBLE,INFEASIBLE,INFEASIBLE,INFEASIBLE,INFEASIBLE,INFEASIBLE,INFEASIBLE,INFEASIBLE,INFEASIBLE,no_trials_in_band
corr_mix,full,factor_cov_delta,1.0,0.0,budget_only,count,0.1,0.15,0.1,30,30,30,30,1.0,1.0,1.0,1.0532008830022077,0.020253863134657834,24.466666666666665,0.5333333333333333,0.5333333333333333,0.0,0.5333333333333333,0.1,0.5333333333333333,0.1,0.0,0.1,0.1,4.0,22.0,22.0,22.0,26.0,22.0,26.0,22.0,26.0,22.0,26.0,13.0,13.0,1.0532008830022077,1.0532008830022077,0.020253863134657834,0.05651446491651182,0.1141274149183979,1.0532008830022077,0.020253863134657834,0.0,0.0,0.0,0.0,0.0,OK,
corr_mix,full,factor_cov_delta,1.0,0.25,budget_only,count,0.1,0.15,0.1,30,30,30,30,1.0,1.0,1.0,1.0532008830022077,0.020253863134657834,24.466666666666665,0.5333333333333333,0.5333333333333333,0.0,0.5333333333333333,0.1,0.5333333333333333,0.1,0.0,0.1,0.1,4.0,22.0,22.0,22.0,26.0,22.0,26.0,22.0,26.0,22.0,26.0,13.0,13.0,1.0589403973509934,1.057505518763797,0.020364238410596022,0.05651446491651182,0.1129076180086383,1.0532008830022077,0.020253863134657834,0.0,0.0,0.0,0.0,0.0,OK,
corr_mix,full,factor_cov_delta,1.0,0.5,budget_only,count,0.1,0.15,0.1,30,30,30,30,1.0,1.0,1.0,1.0532008830022077,0.020253863134657834,24.466666666666665,0.5333333333333333,0.5333333333333333,0.0,0.5333333333333333,0.1,0.5333333333333333,0.1,0.0,0.1,0.1,4.0,22.0,22.0,22.0,26.0,22.0,26.0,22.0,26.0,22.0,26.0,13.0,13.0,1.0589403973509934,1.057505518763797,0.020364238410596022,0.05651446491651182,0.11003344267157092,1.0532008830022077,0.020253863134657834,0.0,0.0,0.0,0.0,0.0,OK,
corr_mix,full,factor_cov_delta,1.0,0.75,budget_only,count,0.1,0.15,0.1,30,30,30,30,1.0,1.0,1.0,1.0532008830022077,0.020253863134657834,24.466666666666665,0.5333333333333333,0.5333333333333333,0.0,0.5333333333333333,0.1,0.5333333333333333,0.1,0.0,0.1,0.1,4.0,22.0,22.0,22.0,26.0,22.0,26.0,22.0,26.0,22.0,26.0,13.0,13.0,1.0589403973509934,1.057505518763797,0.020364238410596022,0.05651446491651182,0.10249688764961352,1.0532008830022077,0.020253863134657834,0.002564102564102564,0.0,0.0,0.0,0.0,OK,
corr_mix,full,factor_cov_delta,1.0,1.0,budget_only,count,0.1,0.15,0.1,30,30,30,30,1.0,1.0,1.0,1.0532008830022077,0.020253863134657834,24.466666666666665,0.5333333333333333,0.5333333333333333,0.0,0.5333333333333333,0.1,0.5333333333333333,0.1,0.0,0.1,0.1,4.0,22.0,22.0,22.0,26.0,22.0,26.0,22.0,26.0,22.0,26.0,13.0,13.0,1.0589403973509934,1.057505518763797,0.020364238410596022,0.05651446491651182,0.09714012350145396,1.0532008830022077,0.020253863134657834,0.002564102564102564,0.0,0.0,0.0,0.0,OK,
corr_mix,full,factor_cov_delta,INFEASIBLE,0.0,budget_only,count,INFEASIBLE,INFEASIBLE,INFEASIBLE,INFEASIBLE,INFEASIBLE,INFEASIBLE,INFEASIBLE,INFEASIBLE,INFEASIBLE,INFEASIBLE,INFEASIBLE,INFEASIBLE,INFEASIBLE,INFEASIBLE,INFEASIBLE,INFEASIBLE,INFEASIBLE,INFEASIBLE,INFEASIBLE,INFEASIBLE,INFEASIBLE,INFEASIBLE,INFEASIBLE,,INFEASIBLE,INFEASIBLE,INFEASIBLE,INFEASIBLE,INFEASIBLE,INFEASIBLE,INFEASIBLE,INFEASIBLE,INFEASIBLE,INFEASIBLE,INFEASIBLE,INFEASIBLE,INFEASIBLE,INFEASIBLE,INFEASIBLE,INFEASIBLE,INFEASIBLE,INFEASIBLE,INFEASIBLE,INFEASIBLE,INFEASIBLE,INFEASIBLE,INFEASIBLE,INFEASIBLE,INFEASIBLE,no_trials_in_band
corr_mix,full,factor_cov_delta,INFEASIBLE,0.25,budget_only,count,INFEASIBLE,INFEASIBLE,INFEASIBLE,INFEASIBLE,INFEASIBLE,INFEASIBLE,INFEASIBLE,INFEASIBLE,INFEASIBLE,INFEASIBLE,INFEASIBLE,INFEASIBLE,INFEASIBLE,INFEASIBLE,INFEASIBLE,INFEASIBLE,INFEASIBLE,INFEASIBLE,INFEASIBLE,INFEASIBLE,INFEASIBLE,INFEASIBLE,INFEASIBLE,,INFEASIBLE,INFEASIBLE,INFEASIBLE,INFEASIBLE,INFEASIBLE,INFEASIBLE,INFEASIBLE,INFEASIBLE,INFEASIBLE,INFEASIBLE,INFEASIBLE,INFEASIBLE,INFEASIBLE,INFEASIBLE,INFEASIBLE,INFEASIBLE,INFEASIBLE,INFEASIBLE,INFEASIBLE,INFEASIBLE,INFEASIBLE,INFEASIBLE,INFEASIBLE,INFEASIBLE,INFEASIBLE,no_trials_in_band
corr_mix,full,factor_cov_delta,INFEASIBLE,0.5,budget_only,count,INFEASIBLE,INFEASIBLE,INFEASIBLE,INFEASIBLE,INFEASIBLE,INFEASIBLE,INFEASIBLE,INFEASIBLE,INFEASIBLE,INFEASIBLE,INFEASIBLE,INFEASIBLE,INFEASIBLE,INFEASIBLE,INFEASIBLE,INFEASIBLE,INFEASIBLE,INFEASIBLE,INFEASIBLE,INFEASIBLE,INFEASIBLE,INFEASIBLE,INFEASIBLE,,INFEASIBLE,INFEASIBLE,INFEASIBLE,INFEASIBLE,INFEASIBLE,INFEASIBLE,INFEASIBLE,INFEASIBLE,INFEASIBLE,INFEASIBLE,INFEASIBLE,INFEASIBLE,INFEASIBLE,INFEASIBLE,INFEASIBLE,INFEASIBLE,INFEASIBLE,INFEASIBLE,INFEASIBLE,INFEASIBLE,INFEASIBLE,INFEASIBLE,INFEASIBLE,INFEASIBLE,INFEASIBLE,no_trials_in_band
corr_mix,full,factor_cov_delta,INFEASIBLE,0.75,budget_only,count,INFEASIBLE,INFEASIBLE,INFEASIBLE,INFEASIBLE,INFEASIBLE,INFEASIBLE,INFEASIBLE,INFEASIBLE,INFEASIBLE,INFEASIBLE,INFEASIBLE,INFEASIBLE,INFEASIBLE,INFEASIBLE,INFEASIBLE,INFEASIBLE,INFEASIBLE,INFEASIBLE,INFEASIBLE,INFEASIBLE,INFEASIBLE,INFEASIBLE,INFEASIBLE,,INFEASIBLE,INFEASIBLE,INFEASIBLE,INFEASIBLE,INFEASIBLE,INFEASIBLE,INFEASIBLE,INFEASIBLE,INFEASIBLE,INFEASIBLE,INFEASIBLE,INFEASIBLE,INFEASIBLE,INFEASIBLE,INFEASIBLE,INFEASIBLE,INFEASIBLE,INFEASIBLE,INFEASIBLE,INFEASIBLE,INFEASIBLE,INFEASIBLE,INFEASIBLE,INFEASIBLE,INFEASIBLE,no_trials_in_band
corr_mix,full,factor_cov_delta,INFEASIBLE,1.0,budget_only,count,INFEASIBLE,INFEASIBLE,INFEASIBLE,INFEASIBLE,INFEASIBLE,INFEASIBLE,INFEASIBLE,INFEASIBLE,INFEASIBLE,INFEASIBLE,INFEASIBLE,INFEASIBLE,INFEASIBLE,INFEASIBLE,INFEASIBLE,INFEASIBLE,INFEASIBLE,INFEASIBLE,INFEASIBLE,INFEASIBLE,INFEASIBLE,INFEASIBLE,INFEASIBLE,,INFEASIBLE,INFEASIBLE,INFEASIBLE,INFEASIBLE,INFEASIBLE,INFEASIBLE,INFEASIBLE,INFEASIBLE,INFEASIBLE,INFEASIBLE,INFEASIBLE,INFEASIBLE,INFEASIBLE,INFEASIBLE,INFEASIBLE,INFEASIBLE,INFEASIBLE,INFEASIBLE,INFEASIBLE,INFEASIBLE,INFEASIBLE,INFEASIBLE,INFEASIBLE,INFEASIBLE,INFEASIBLE,no_trials_in_band
corr_mix,full,factor_cov_lrt,1.0,0.0,budget_only,count,0.1,0.15,0.1,30,30,30,30,1.0,1.0,1.0,0.9671081677704196,0.10929911699779248,22.466666666666665,0.6333333333333333,0.6333333333333333,0.0,0.7333333333333333,0.23333333333333334,0.7333333333333333,0.23333333333333334,0.1,0.23333333333333334,0.23333333333333334,4.0,20.5,20.5,20.5,26.0,20.5,26.0,17.5,26.0,20.5,26.0,11.0,11.0,5.68355408388521,0.9671081677704196,0.10929911699779248,0.2724353561220793,-0.004450553346317241,0.9671081677704196,0.10929911699779248,0.0,0.0,0.0,0.0,0.0,OK,
corr_mix,full,factor_cov_lrt,1.0,0.25,budget_only,count,0.1,0.15,0.1,30,30,30,30,1.0,1.0,1.0,0.9671081677704196,0.10929911699779248,22.466666666666665,0.6,0.6333333333333333,-0.033333333333333326,0.6666666666666666,0.23333333333333334,0.6666666666666666,0.23333333333333334,0.06666666666666667,0.23333333333333334,0.23333333333333334,4.0,20.5,20.5,20.5,26.0,20.5,26.0,18.0,26.0,20.5,26.0,9.0,11.0,5.775386313465783,0.9599337748344373,0.11106512141280353,0.2724353561220793,0.005981557571214863,0.9671081677704196,0.10929911699779248,0.06410256410256411,0.06666666666666667,0.038461538461538464,0.06153846153846155,0.06666666666666667,OK,
corr_mix,full,factor_cov_lrt,1.0,0.5,budget_only,count,0.1,0.15,0.1,30,30,30,30,1.0,1.0,1.0,0.9671081677704196,0.10929911699779248,22.466666666666665,0.7666666666666667,0.6333333333333333,0.13333333333333341,0.8333333333333334,0.2,0.8333333333333334,0.2,0.06666666666666667,0.2,0.2,4.0,16.5,20.5,16.5,26.0,20.5,26.0,11.5,26.0,16.5,26.0,10.0,11.0,5.728035320088299,0.9628035320088303,0.11015452538631347,0.2724353561220793,-0.04338538671042622,0.9671081677704196,0.10929911699779248,0.0846153846153846,0.05555555555555555,0.05897435897435898,0.08205128205128205,0.03333333333333333,OK,
corr_mix,full,factor_cov_lrt,1.0,0.75,budget_only,count,0.1,0.15,0.1,30,30,30,30,1.0,1.0,1.0,0.9671081677704196,0.10929911699779248,22.466666666666665,0.7666666666666667,0.6333333333333333,0.13333333333333341,0.8333333333333334,0.23333333333333334,0.8333333333333334,0.23333333333333334,0.06666666666666667,0.23333333333333334,0.23333333333333334,4.0,16.5,20.5,16.5,26.0,20.5,26.0,11.5,26.0,16.5,26.0,10.0,11.0,5.76534216335541,0.9613686534216337,0.1108719646799117,0.2724353561220793,0.0005893799807577195,0.9671081677704196,0.10929911699779248,0.08333333333333333,0.07777777777777777,-0.016666666666666666,0.07564102564102565,-0.011111111111111108,OK,
corr_mix,full,factor_cov_lrt,1.0,1.0,budget_only,count,0.1,0.15,0.1,30,30,30,30,1.0,1.0,1.0,0.9671081677704196,0.10929911699779248,22.466666666666665,0.6333333333333333,0.6333333333333333,0.0,0.7,0.2,0.7,0.2,0.06666666666666667,0.2,0.2,4.0,20.5,20.5,20.5,26.0,20.5,26.0,18.0,26.0,20.5,26.0,11.0,11.0,5.82130242825607,0.9628035320088303,0.11194812362030905,0.2724353561220793,-0.09419528954765198,0.9671081677704196,0.10929911699779248,0.06025641025641026,0.12222222222222222,-0.032051282051282055,0.05256410256410257,0.12222222222222222,OK,
corr_mix,full,factor_cov_lrt,INFEASIBLE,0.0,budget_only,count,INFEASIBLE,INFEASIBLE,INFEASIBLE,INFEASIBLE,INFEASIBLE,INFEASIBLE,INFEASIBLE,INFEASIBLE,INFEASIBLE,INFEASIBLE,INFEASIBLE,INFEASIBLE,INFEASIBLE,INFEASIBLE,INFEASIBLE,INFEASIBLE,INFEASIBLE,INFEASIBLE,INFEASIBLE,INFEASIBLE,INFEASIBLE,INFEASIBLE,INFEASIBLE,,INFEASIBLE,INFEASIBLE,INFEASIBLE,INFEASIBLE,INFEASIBLE,INFEASIBLE,INFEASIBLE,INFEASIBLE,INFEASIBLE,INFEASIBLE,INFEASIBLE,INFEASIBLE,INFEASIBLE,INFEASIBLE,INFEASIBLE,INFEASIBLE,INFEASIBLE,INFEASIBLE,INFEASIBLE,INFEASIBLE,INFEASIBLE,INFEASIBLE,INFEASIBLE,INFEASIBLE,INFEASIBLE,no_trials_in_band
corr_mix,full,factor_cov_lrt,INFEASIBLE,0.25,budget_only,count,INFEASIBLE,INFEASIBLE,INFEASIBLE,INFEASIBLE,INFEASIBLE,INFEASIBLE,INFEASIBLE,INFEASIBLE,INFEASIBLE,INFEASIBLE,INFEASIBLE,INFEASIBLE,INFEASIBLE,INFEASIBLE,INFEASIBLE,INFEASIBLE,INFEASIBLE,INFEASIBLE,INFEASIBLE,INFEASIBLE,INFEASIBLE,INFEASIBLE,INFEASIBLE,,INFEASIBLE,INFEASIBLE,INFEASIBLE,INFEASIBLE,INFEASIBLE,INFEASIBLE,INFEASIBLE,INFEASIBLE,INFEASIBLE,INFEASIBLE,INFEASIBLE,INFEASIBLE,INFEASIBLE,INFEASIBLE,INFEASIBLE,INFEASIBLE,INFEASIBLE,INFEASIBLE,INFEASIBLE,INFEASIBLE,INFEASIBLE,INFEASIBLE,INFEASIBLE,INFEASIBLE,INFEASIBLE,no_trials_in_band
corr_mix,full,factor_cov_lrt,INFEASIBLE,0.5,budget_only,count,INFEASIBLE,INFEASIBLE,INFEASIBLE,INFEASIBLE,INFEASIBLE,INFEASIBLE,INFEASIBLE,INFEASIBLE,INFEASIBLE,INFEASIBLE,INFEASIBLE,INFEASIBLE,INFEASIBLE,INFEASIBLE,INFEASIBLE,INFEASIBLE,INFEASIBLE,INFEASIBLE,INFEASIBLE,INFEASIBLE,INFEASIBLE,INFEASIBLE,INFEASIBLE,,INFEASIBLE,INFEASIBLE,INFEASIBLE,INFEASIBLE,INFEASIBLE,INFEASIBLE,INFEASIBLE,INFEASIBLE,INFEASIBLE,INFEASIBLE,INFEASIBLE,INFEASIBLE,INFEASIBLE,INFEASIBLE,INFEASIBLE,INFEASIBLE,INFEASIBLE,INFEASIBLE,INFEASIBLE,INFEASIBLE,INFEASIBLE,INFEASIBLE,INFEASIBLE,INFEASIBLE,INFEASIBLE,no_trials_in_band
corr_mix,full,factor_cov_lrt,INFEASIBLE,0.75,budget_only,count,INFEASIBLE,INFEASIBLE,INFEASIBLE,INFEASIBLE,INFEASIBLE,INFEASIBLE,INFEASIBLE,INFEASIBLE,INFEASIBLE,INFEASIBLE,INFEASIBLE,INFEASIBLE,INFEASIBLE,INFEASIBLE,INFEASIBLE,INFEASIBLE,INFEASIBLE,INFEASIBLE,INFEASIBLE,INFEASIBLE,INFEASIBLE,INFEASIBLE,INFEASIBLE,,INFEASIBLE,INFEASIBLE,INFEASIBLE,INFEASIBLE,INFEASIBLE,INFEASIBLE,INFEASIBLE,INFEASIBLE,INFEASIBLE,INFEASIBLE,INFEASIBLE,INFEASIBLE,INFEASIBLE,INFEASIBLE,INFEASIBLE,INFEASIBLE,INFEASIBLE,INFEASIBLE,INFEASIBLE,INFEASIBLE,INFEASIBLE,INFEASIBLE,INFEASIBLE,INFEASIBLE,INFEASIBLE,no_trials_in_band
corr_mix,full,factor_cov_lrt,INFEASIBLE,1.0,budget_only,count,INFEASIBLE,INFEASIBLE,INFEASIBLE,INFEASIBLE,INFEASIBLE,INFEASIBLE,INFEASIBLE,INFEASIBLE,INFEASIBLE,INFEASIBLE,INFEASIBLE,INFEASIBLE,INFEASIBLE,INFEASIBLE,INFEASIBLE,INFEASIBLE,INFEASIBLE,INFEASIBLE,INFEASIBLE,INFEASIBLE,INFEASIBLE,INFEASIBLE,INFEASIBLE,,INFEASIBLE,INFEASIBLE,INFEASIBLE,INFEASIBLE,INFEASIBLE,INFEASIBLE,INFEASIBLE,INFEASIBLE,INFEASIBLE,INFEASIBLE,INFEASIBLE,INFEASIBLE,INFEASIBLE,INFEASIBLE,INFEASIBLE,INFEASIBLE,INFEASIBLE,INFEASIBLE,INFEASIBLE,INFEASIBLE,INFEASIBLE,INFEASIBLE,INFEASIBLE,INFEASIBLE,INFEASIBLE,no_trials_in_band
corr_mix,full,factor_cov_lrt_delta,1.0,0.0,budget_only,count,0.1,0.15,0.1,30,30,30,30,1.0,1.0,1.0,0.928366445916115,0.017853200883002206,21.566666666666666,0.43333333333333335,0.43333333333333335,0.0,0.43333333333333335,0.13333333333333333,0.43333333333333335,0.13333333333333333,0.0,0.13333333333333333,0.13333333333333333,4.0,26.0,26.0,26.0,26.0,26.0,26.0,26.0,26.0,26.0,26.0,8.0,8.0,0.928366445916115,0.928366445916115,0.017853200883002206,0.00034734485213977197,0.04177820292578306,0.928366445916115,0.017853200883002206,0.0,0.0,0.0,0.0,0.0,OK,
corr_mix,full,factor_cov_lrt_delta,1.0,0.25,budget_only,count,0.1,0.15,0.1,30,30,30,30,1.0,1.0,1.0,0.928366445916115,0.017853200883002206,21.566666666666666,0.43333333333333335,0.43333333333333335,0.0,0.43333333333333335,0.13333333333333333,0.43333333333333335,0.13333333333333333,0.0,0.13333333333333333,0.13333333333333333,4.0,26.0,26.0,26.0,26.0,26.0,26.0,26.0,26.0,26.0,26.0,8.0,8.0,0.928366445916115,0.928366445916115,0.017853200883002206,0.00034734485213977197,0.07357866900808321,0.928366445916115,0.017853200883002206,0.002564102564102564,0.0,0.0,0.0,0.0,OK,
corr_mix,full,factor_cov_lrt_delta,1.0,0.5,budget_only,count,0.1,0.15,0.1,30,30,30,30,1.0,1.0,1.0,0.928366445916115,0.017853200883002206,21.566666666666666,0.43333333333333335,0.43333333333333335,0.0,0.43333333333333335,0.13333333333333333,0.43333333333333335,0.13333333333333333,0.0,0.13333333333333333,0.13333333333333333,4.0,26.0,26.0,26.0,26.0,26.0,26.0,26.0,26.0,26.0,26.0,8.0,8.0,0.9269315673289185,0.9269315673289185,0.01782560706401766,0.00034734485213977197,0.014800633048884343,0.928366445916115,0.017853200883002206,0.002564102564102564,0.0,0.0,0.0,0.0,OK,
corr_mix,full,factor_cov_lrt_delta,1.0,0.75,budget_only,count,0.1,0.15,0.1,30,30,30,30,1.0,1.0,1.0,0.928366445916115,0.017853200883002206,21.566666666666666,0.43333333333333335,0.43333333333333335,0.0,0.43333333333333335,0.13333333333333333,0.43333333333333335,0.13333333333333333,0.0,0.13333333333333333,0.13333333333333333,4.0,26.0,26.0,26.0,26.0,26.0,26.0,26.0,26.0,26.0,26.0,8.0,8.0,0.9269315673289185,0.9269315673289185,0.01782560706401766,0.00034734485213977197,0.02294222069066373,0.928366445916115,0.017853200883002206,0.002564102564102564,0.0,0.0,0.0,0.0,OK,
corr_mix,full,factor_cov_lrt_delta,1.0,1.0,budget_only,count,0.1,0.15,0.1,30,30,30,30,1.0,1.0,1.0,0.928366445916115,0.017853200883002206,21.566666666666666,0.43333333333333335,0.43333333333333335,0.0,0.43333333333333335,0.13333333333333333,0.43333333333333335,0.13333333333333333,0.0,0.13333333333333333,0.13333333333333333,4.0,26.0,26.0,26.0,26.0,26.0,26.0,26.0,26.0,26.0,26.0,8.0,8.0,0.9269315673289185,0.9269315673289185,0.01782560706401766,0.00034734485213977197,0.06691025019858253,0.928366445916115,0.017853200883002206,0.002564102564102564,0.0,0.0,0.0,0.0,OK,
corr_mix,full,factor_cov_lrt_delta,INFEASIBLE,0.0,budget_only,count,INFEASIBLE,INFEASIBLE,INFEASIBLE,INFEASIBLE,INFEASIBLE,INFEASIBLE,INFEASIBLE,INFEASIBLE,INFEASIBLE,INFEASIBLE,INFEASIBLE,INFEASIBLE,INFEASIBLE,INFEASIBLE,INFEASIBLE,INFEASIBLE,INFEASIBLE,INFEASIBLE,INFEASIBLE,INFEASIBLE,INFEASIBLE,INFEASIBLE,INFEASIBLE,,INFEASIBLE,INFEASIBLE,INFEASIBLE,INFEASIBLE,INFEASIBLE,INFEASIBLE,INFEASIBLE,INFEASIBLE,INFEASIBLE,INFEASIBLE,INFEASIBLE,INFEASIBLE,INFEASIBLE,INFEASIBLE,INFEASIBLE,INFEASIBLE,INFEASIBLE,INFEASIBLE,INFEASIBLE,INFEASIBLE,INFEASIBLE,INFEASIBLE,INFEASIBLE,INFEASIBLE,INFEASIBLE,no_trials_in_band
corr_mix,full,factor_cov_lrt_delta,INFEASIBLE,0.25,budget_only,count,INFEASIBLE,INFEASIBLE,INFEASIBLE,INFEASIBLE,INFEASIBLE,INFEASIBLE,INFEASIBLE,INFEASIBLE,INFEASIBLE,INFEASIBLE,INFEASIBLE,INFEASIBLE,INFEASIBLE,INFEASIBLE,INFEASIBLE,INFEASIBLE,INFEASIBLE,INFEASIBLE,INFEASIBLE,INFEASIBLE,INFEASIBLE,INFEASIBLE,INFEASIBLE,,INFEASIBLE,INFEASIBLE,INFEASIBLE,INFEASIBLE,INFEASIBLE,INFEASIBLE,INFEASIBLE,INFEASIBLE,INFEASIBLE,INFEASIBLE,INFEASIBLE,INFEASIBLE,INFEASIBLE,INFEASIBLE,INFEASIBLE,INFEASIBLE,INFEASIBLE,INFEASIBLE,INFEASIBLE,INFEASIBLE,INFEASIBLE,INFEASIBLE,INFEASIBLE,INFEASIBLE,INFEASIBLE,no_trials_in_band
corr_mix,full,factor_cov_lrt_delta,INFEASIBLE,0.5,budget_only,count,INFEASIBLE,INFEASIBLE,INFEASIBLE,INFEASIBLE,INFEASIBLE,INFEASIBLE,INFEASIBLE,INFEASIBLE,INFEASIBLE,INFEASIBLE,INFEASIBLE,INFEASIBLE,INFEASIBLE,INFEASIBLE,INFEASIBLE,INFEASIBLE,INFEASIBLE,INFEASIBLE,INFEASIBLE,INFEASIBLE,INFEASIBLE,INFEASIBLE,INFEASIBLE,,INFEASIBLE,INFEASIBLE,INFEASIBLE,INFEASIBLE,INFEASIBLE,INFEASIBLE,INFEASIBLE,INFEASIBLE,INFEASIBLE,INFEASIBLE,INFEASIBLE,INFEASIBLE,INFEASIBLE,INFEASIBLE,INFEASIBLE,INFEASIBLE,INFEASIBLE,INFEASIBLE,INFEASIBLE,INFEASIBLE,INFEASIBLE,INFEASIBLE,INFEASIBLE,INFEASIBLE,INFEASIBLE,no_trials_in_band
corr_mix,full,factor_cov_lrt_delta,INFEASIBLE,0.75,budget_only,count,INFEASIBLE,INFEASIBLE,INFEASIBLE,INFEASIBLE,INFEASIBLE,INFEASIBLE,INFEASIBLE,INFEASIBLE,INFEASIBLE,INFEASIBLE,INFEASIBLE,INFEASIBLE,INFEASIBLE,INFEASIBLE,INFEASIBLE,INFEASIBLE,INFEASIBLE,INFEASIBLE,INFEASIBLE,INFEASIBLE,INFEASIBLE,INFEASIBLE,INFEASIBLE,,INFEASIBLE,INFEASIBLE,INFEASIBLE,INFEASIBLE,INFEASIBLE,INFEASIBLE,INFEASIBLE,INFEASIBLE,INFEASIBLE,INFEASIBLE,INFEASIBLE,INFEASIBLE,INFEASIBLE,INFEASIBLE,INFEASIBLE,INFEASIBLE,INFEASIBLE,INFEASIBLE,INFEASIBLE,INFEASIBLE,INFEASIBLE,INFEASIBLE,INFEASIBLE,INFEASIBLE,INFEASIBLE,no_trials_in_band
corr_mix,full,factor_cov_lrt_delta,INFEASIBLE,1.0,budget_only,count,INFEASIBLE,INFEASIBLE,INFEASIBLE,INFEASIBLE,INFEASIBLE,INFEASIBLE,INFEASIBLE,INFEASIBLE,INFEASIBLE,INFEASIBLE,INFEASIBLE,INFEASIBLE,INFEASIBLE,INFEASIBLE,INFEASIBLE,INFEASIBLE,INFEASIBLE,INFEASIBLE,INFEASIBLE,INFEASIBLE,INFEASIBLE,INFEASIBLE,INFEASIBLE,,INFEASIBLE,INFEASIBLE,INFEASIBLE,INFEASIBLE,INFEASIBLE,INFEASIBLE,INFEASIBLE,INFEASIBLE,INFEASIBLE,INFEASIBLE,INFEASIBLE,INFEASIBLE,INFEASIBLE,INFEASIBLE,INFEASIBLE,INFEASIBLE,INFEASIBLE,INFEASIBLE,INFEASIBLE,INFEASIBLE,INFEASIBLE,INFEASIBLE,INFEASIBLE,INFEASIBLE,INFEASIBLE,no_trials_in_band
corr_mix,full,fused_fisher,1.0,0.0,budget_only,count,0.1,0.15,0.1,30,30,30,30,1.0,1.0,1.0,0.9699779249448125,0.05060706401766005,22.533333333333335,0.5,0.5,0.0,0.5666666666666667,0.13333333333333333,0.5666666666666667,0.13333333333333333,0.06666666666666667,0.13333333333333333,0.13333333333333333,4.0,25.5,25.5,25.5,26.0,25.5,26.0,21.0,26.0,25.5,26.0,13.0,13.0,2.631567328918322,0.9699779249448125,0.05060706401766005,0.03430374547984691,0.061740463067486547,0.9699779249448125,0.05060706401766005,0.0,0.0,0.0,0.0,0.0,OK,
corr_mix,full,fused_fisher,1.0,0.25,budget_only,count,0.1,0.15,0.1,30,30,30,30,1.0,1.0,1.0,0.9699779249448125,0.05060706401766005,22.533333333333335,0.5333333333333333,0.5,0.033333333333333326,0.6,0.13333333333333333,0.6,0.13333333333333333,0.06666666666666667,0.13333333333333333,0.13333333333333333,4.0,23.0,25.5,23.0,26.0,25.5,26.0,19.0,26.0,23.0,26.0,13.0,13.0,2.631567328918322,0.9699779249448125,0.05060706401766005,0.03430374547984691,0.0433590624927324,0.9699779249448125,0.05060706401766005,0.0038461538461538464,0.0,0.001282051282051282,0.001282051282051282,0.0,OK,
corr_mix,full,fused_fisher,1.0,0.5,budget_only,count,0.1,0.15,0.1,30,30,30,30,1.0,1.0,1.0,0.9699779249448125,0.05060706401766005,22.533333333333335,0.6333333333333333,0.5,0.1333333333333333,0.7,0.13333333333333333,0.7,0.13333333333333333,0.06666666666666667,0.13333333333333333,0.13333333333333333,4.0,18.0,25.5,18.0,26.0,25.5,26.0,15.0,26.0,18.0,26.0,13.0,13.0,2.598565121412803,0.9656732891832231,0.04997240618101546,0.03430374547984691,0.08141378850437507,0.9699779249448125,0.05060706401766005,0.028205128205128206,0.07777777777777777,0.025641025641025644,0.025641025641025644,0.05555555555555556,OK,
corr_mix,full,fused_fisher,1.0,0.75,budget_only,count,0.1,0.15,0.1,30,30,30,30,1.0,1.0,1.0,0.9699779249448125,0.05060706401766005,22.533333333333335,0.6333333333333333,0.5,0.1333333333333333,0.7,0.13333333333333333,0.7,0.13333333333333333,0.06666666666666667,0.13333333333333333,0.13333333333333333,4.0,18.0,25.5,18.0,26.0,25.5,26.0,15.0,26.0,18.0,26.0,13.0,13.0,2.5842163355408383,0.9613686534216336,0.04969646799116999,0.03430374547984691,0.3022228565278697,0.9699779249448125,0.05060706401766005,0.029487179487179483,0.07777777777777777,0.02692307692307692,0.02692307692307692,0.05555555555555556,OK,
corr_mix,full,fused_fisher,1.0,1.0,budget_only,count,0.1,0.15,0.1,30,30,30,30,1.0,1.0,1.0,0.9699779249448125,0.05060706401766005,22.533333333333335,0.6333333333333333,0.5,0.1333333333333333,0.7,0.13333333333333333,0.7,0.13333333333333333,0.06666666666666667,0.13333333333333333,0.13333333333333333,4.0,18.0,25.5,18.0,26.0,25.5,26.0,15.0,26.0,18.0,26.0,11.0,13.0,2.5512141280353196,0.9599337748344372,0.04906181015452538,0.03430374547984691,0.7118877717455554,0.9699779249448125,0.05060706401766005,0.06282051282051283,0.08888888888888888,0.0576923076923077,0.0576923076923077,0.044444444444444446,OK,
corr_mix,full,fused_fisher,INFEASIBLE,0.0,budget_only,count,INFEASIBLE,INFEASIBLE,INFEASIBLE,INFEASIBLE,INFEASIBLE,INFEASIBLE,INFEASIBLE,INFEASIBLE,INFEASIBLE,INFEASIBLE,INFEASIBLE,INFEASIBLE,INFEASIBLE,INFEASIBLE,INFEASIBLE,INFEASIBLE,INFEASIBLE,INFEASIBLE,INFEASIBLE,INFEASIBLE,INFEASIBLE,INFEASIBLE,INFEASIBLE,,INFEASIBLE,INFEASIBLE,INFEASIBLE,INFEASIBLE,INFEASIBLE,INFEASIBLE,INFEASIBLE,INFEASIBLE,INFEASIBLE,INFEASIBLE,INFEASIBLE,INFEASIBLE,INFEASIBLE,INFEASIBLE,INFEASIBLE,INFEASIBLE,INFEASIBLE,INFEASIBLE,INFEASIBLE,INFEASIBLE,INFEASIBLE,INFEASIBLE,INFEASIBLE,INFEASIBLE,INFEASIBLE,no_trials_in_band
corr_mix,full,fused_fisher,INFEASIBLE,0.25,budget_only,count,INFEASIBLE,INFEASIBLE,INFEASIBLE,INFEASIBLE,INFEASIBLE,INFEASIBLE,INFEASIBLE,INFEASIBLE,INFEASIBLE,INFEASIBLE,INFEASIBLE,INFEASIBLE,INFEASIBLE,INFEASIBLE,INFEASIBLE,INFEASIBLE,INFEASIBLE,INFEASIBLE,INFEASIBLE,INFEASIBLE,INFEASIBLE,INFEASIBLE,INFEASIBLE,,INFEASIBLE,INFEASIBLE,INFEASIBLE,INFEASIBLE,INFEASIBLE,INFEASIBLE,INFEASIBLE,INFEASIBLE,INFEASIBLE,INFEASIBLE,INFEASIBLE,INFEASIBLE,INFEASIBLE,INFEASIBLE,INFEASIBLE,INFEASIBLE,INFEASIBLE,INFEASIBLE,INFEASIBLE,INFEASIBLE,INFEASIBLE,INFEASIBLE,INFEASIBLE,INFEASIBLE,INFEASIBLE,no_trials_in_band
corr_mix,full,fused_fisher,INFEASIBLE,0.5,budget_only,count,INFEASIBLE,INFEASIBLE,INFEASIBLE,INFEASIBLE,INFEASIBLE,INFEASIBLE,INFEASIBLE,INFEASIBLE,INFEASIBLE,INFEASIBLE,INFEASIBLE,INFEASIBLE,INFEASIBLE,INFEASIBLE,INFEASIBLE,INFEASIBLE,INFEASIBLE,INFEASIBLE,INFEASIBLE,INFEASIBLE,INFEASIBLE,INFEASIBLE,INFEASIBLE,,INFEASIBLE,INFEASIBLE,INFEASIBLE,INFEASIBLE,INFEASIBLE,INFEASIBLE,INFEASIBLE,INFEASIBLE,INFEASIBLE,INFEASIBLE,INFEASIBLE,INFEASIBLE,INFEASIBLE,INFEASIBLE,INFEASIBLE,INFEASIBLE,INFEASIBLE,INFEASIBLE,INFEASIBLE,INFEASIBLE,INFEASIBLE,INFEASIBLE,INFEASIBLE,INFEASIBLE,INFEASIBLE,no_trials_in_band
corr_mix,full,fused_fisher,INFEASIBLE,0.75,budget_only,count,INFEASIBLE,INFEASIBLE,INFEASIBLE,INFEASIBLE,INFEASIBLE,INFEASIBLE,INFEASIBLE,INFEASIBLE,INFEASIBLE,INFEASIBLE,INFEASIBLE,INFEASIBLE,INFEASIBLE,INFEASIBLE,INFEASIBLE,INFEASIBLE,INFEASIBLE,INFEASIBLE,INFEASIBLE,INFEASIBLE,INFEASIBLE,INFEASIBLE,INFEASIBLE,,INFEASIBLE,INFEASIBLE,INFEASIBLE,INFEASIBLE,INFEASIBLE,INFEASIBLE,INFEASIBLE,INFEASIBLE,INFEASIBLE,INFEASIBLE,INFEASIBLE,INFEASIBLE,INFEASIBLE,INFEASIBLE,INFEASIBLE,INFEASIBLE,INFEASIBLE,INFEASIBLE,INFEASIBLE,INFEASIBLE,INFEASIBLE,INFEASIBLE,INFEASIBLE,INFEASIBLE,INFEASIBLE,no_trials_in_band
corr_mix,full,fused_fisher,INFEASIBLE,1.0,budget_only,count,INFEASIBLE,INFEASIBLE,INFEASIBLE,INFEASIBLE,INFEASIBLE,INFEASIBLE,INFEASIBLE,INFEASIBLE,INFEASIBLE,INFEASIBLE,INFEASIBLE,INFEASIBLE,INFEASIBLE,INFEASIBLE,INFEASIBLE,INFEASIBLE,INFEASIBLE,INFEASIBLE,INFEASIBLE,INFEASIBLE,INFEASIBLE,INFEASIBLE,INFEASIBLE,,INFEASIBLE,INFEASIBLE,INFEASIBLE,INFEASIBLE,INFEASIBLE,INFEASIBLE,INFEASIBLE,INFEASIBLE,INFEASIBLE,INFEASIBLE,INFEASIBLE,INFEASIBLE,INFEASIBLE,INFEASIBLE,INFEASIBLE,INFEASIBLE,INFEASIBLE,INFEASIBLE,INFEASIBLE,INFEASIBLE,INFEASIBLE,INFEASIBLE,INFEASIBLE,INFEASIBLE,INFEASIBLE,no_trials_in_band
corr_mix,full,fused_fisher_lrt_delta,1.0,0.0,budget_only,count,0.1,0.15,0.1,30,30,30,30,1.0,1.0,1.0,1.01158940397351,0.025855408388520972,23.5,0.5,0.5,0.0,0.5,0.06666666666666667,0.5,0.06666666666666667,0.0,0.06666666666666667,0.06666666666666667,4.0,23.5,23.5,23.5,26.0,23.5,26.0,23.5,26.0,23.5,26.0,11.0,11.0,1.3444812362030905,1.01158940397351,0.025855408388520972,0.014241159089097342,-0.04124461731213242,1.01158940397351,0.025855408388520972,0.0,0.0,0.0,0.0,0.0,OK,
corr_mix,full,fused_fisher_lrt_delta,1.0,0.25,budget_only,count,0.1,0.15,0.1,30,30,30,30,1.0,1.0,1.0,1.01158940397351,0.025855408388520972,23.5,0.5333333333333333,0.5,0.033333333333333326,0.5333333333333333,0.1,0.5333333333333333,0.1,0.0,0.1,0.1,4.0,22.0,23.5,22.0,26.0,23.5,26.0,22.0,26.0,22.0,26.0,9.5,11.0,1.345916114790287,1.0130242825607065,0.025883002207505522,0.014241159089097342,-0.026148733604589813,1.01158940397351,0.025855408388520972,0.008974358974358975,0.01111111111111111,0.001282051282051282,0.006410256410256411,0.01111111111111111,OK,
corr_mix,full,fused_fisher_lrt_delta,1.0,0.5,budget_only,count,0.1,0.15,0.1,30,30,30,30,1.0,1.0,1.0,1.01158940397351,0.025855408388520972,23.5,0.5666666666666667,0.5,0.06666666666666665,0.5666666666666667,0.1,0.5666666666666667,0.1,0.0,0.1,0.1,4.0,17.5,23.5,17.5,26.0,23.5,26.0,17.5,26.0,17.5,26.0,8.0,11.0,1.3444812362030905,1.0101545253863133,0.025855408388520976,0.014241159089097342,0.014898507200087676,1.01158940397351,0.025855408388520972,0.019230769230769232,0.0,0.0038461538461538464,0.008974358974358975,0.0,OK,
corr_mix,full,fused_fisher_lrt_delta,1.0,0.75,budget_only,count,0.1,0.15,0.1,30,30,30,30,1.0,1.0,1.0,1.01158940397351,0.025855408388520972,23.5,0.6333333333333333,0.5,0.1333333333333333,0.6333333333333333,0.1,0.6333333333333333,0.1,0.0,0.1,0.1,4.0,15.5,23.5,15.5,26.0,23.5,26.0,15.5,26.0,15.5,26.0,8.0,11.0,1.3401766004415012,1.008719646799117,0.025772626931567334,0.014241159089097342,0.26543042683170076,1.01158940397351,0.025855408388520972,0.026923076923076925,0.0,0.006410256410256412,0.01923076923076923,0.0,OK,
corr_mix,full,fused_fisher_lrt_delta,1.0,1.0,budget_only,count,0.1,0.15,0.1,30,30,30,30,1.0,1.0,1.0,1.01158940397351,0.025855408388520972,23.5,0.6666666666666666,0.5,0.16666666666666663,0.6666666666666666,0.1,0.6666666666666666,0.1,0.0,0.1,0.1,4.0,13.5,23.5,13.5,26.0,23.5,26.0,13.5,26.0,13.5,26.0,7.0,11.0,1.3387417218543047,1.0072847682119206,0.025745033112582784,0.014241159089097342,0.640497144739314,1.01158940397351,0.025855408388520972,0.03333333333333333,0.0,0.010256410256410256,0.023076923076923075,0.0,OK,
corr_mix,full,fused_fisher_lrt_delta,INFEASIBLE,0.0,budget_only,count,INFEASIBLE,INFEASIBLE,INFEASIBLE,INFEASIBLE,INFEASIBLE,INFEASIBLE,INFEASIBLE,INFEASIBLE,INFEASIBLE,INFEASIBLE,INFEASIBLE,INFEASIBLE,INFEASIBLE,INFEASIBLE,INFEASIBLE,INFEASIBLE,INFEASIBLE,INFEASIBLE,INFEASIBLE,INFEASIBLE,INFEASIBLE,INFEASIBLE,INFEASIBLE,,INFEASIBLE,INFEASIBLE,INFEASIBLE,INFEASIBLE,INFEASIBLE,INFEASIBLE,INFEASIBLE,INFEASIBLE,INFEASIBLE,INFEASIBLE,INFEASIBLE,INFEASIBLE,INFEASIBLE,INFEASIBLE,INFEASIBLE,INFEASIBLE,INFEASIBLE,INFEASIBLE,INFEASIBLE,INFEASIBLE,INFEASIBLE,INFEASIBLE,INFEASIBLE,INFEASIBLE,INFEASIBLE,no_trials_in_band
corr_mix,full,fused_fisher_lrt_delta,INFEASIBLE,0.25,budget_only,count,INFEASIBLE,INFEASIBLE,INFEASIBLE,INFEASIBLE,INFEASIBLE,INFEASIBLE,INFEASIBLE,INFEASIBLE,INFEASIBLE,INFEASIBLE,INFEASIBLE,INFEASIBLE,INFEASIBLE,INFEASIBLE,INFEASIBLE,INFEASIBLE,INFEASIBLE,INFEASIBLE,INFEASIBLE,INFEASIBLE,INFEASIBLE,INFEASIBLE,INFEASIBLE,,INFEASIBLE,INFEASIBLE,INFEASIBLE,INFEASIBLE,INFEASIBLE,INFEASIBLE,INFEASIBLE,INFEASIBLE,INFEASIBLE,INFEASIBLE,INFEASIBLE,INFEASIBLE,INFEASIBLE,INFEASIBLE,INFEASIBLE,INFEASIBLE,INFEASIBLE,INFEASIBLE,INFEASIBLE,INFEASIBLE,INFEASIBLE,INFEASIBLE,INFEASIBLE,INFEASIBLE,INFEASIBLE,no_trials_in_band
corr_mix,full,fused_fisher_lrt_delta,INFEASIBLE,0.5,budget_only,count,INFEASIBLE,INFEASIBLE,INFEASIBLE,INFEASIBLE,INFEASIBLE,INFEASIBLE,INFEASIBLE,INFEASIBLE,INFEASIBLE,INFEASIBLE,INFEASIBLE,INFEASIBLE,INFEASIBLE,INFEASIBLE,INFEASIBLE,INFEASIBLE,INFEASIBLE,INFEASIBLE,INFEASIBLE,INFEASIBLE,INFEASIBLE,INFEASIBLE,INFEASIBLE,,INFEASIBLE,INFEASIBLE,INFEASIBLE,INFEASIBLE,INFEASIBLE,INFEASIBLE,INFEASIBLE,INFEASIBLE,INFEASIBLE,INFEASIBLE,INFEASIBLE,INFEASIBLE,INFEASIBLE,INFEASIBLE,INFEASIBLE,INFEASIBLE,INFEASIBLE,INFEASIBLE,INFEASIBLE,INFEASIBLE,INFEASIBLE,INFEASIBLE,INFEASIBLE,INFEASIBLE,INFEASIBLE,no_trials_in_band
corr_mix,full,fused_fisher_lrt_delta,INFEASIBLE,0.75,budget_only,count,INFEASIBLE,INFEASIBLE,INFEASIBLE,INFEASIBLE,INFEASIBLE,INFEASIBLE,INFEASIBLE,INFEASIBLE,INFEASIBLE,INFEASIBLE,INFEASIBLE,INFEASIBLE,INFEASIBLE,INFEASIBLE,INFEASIBLE,INFEASIBLE,INFEASIBLE,INFEASIBLE,INFEASIBLE,INFEASIBLE,INFEASIBLE,INFEASIBLE,INFEASIBLE,,INFEASIBLE,INFEASIBLE,INFEASIBLE,INFEASIBLE,INFEASIBLE,INFEASIBLE,INFEASIBLE,INFEASIBLE,INFEASIBLE,INFEASIBLE,INFEASIBLE,INFEASIBLE,INFEASIBLE,INFEASIBLE,INFEASIBLE,INFEASIBLE,INFEASIBLE,INFEASIBLE,INFEASIBLE,INFEASIBLE,INFEASIBLE,INFEASIBLE,INFEASIBLE,INFEASIBLE,INFEASIBLE,no_trials_in_band
corr_mix,full,fused_fisher_lrt_delta,INFEASIBLE,1.0,budget_only,count,INFEASIBLE,INFEASIBLE,INFEASIBLE,INFEASIBLE,INFEASIBLE,INFEASIBLE,INFEASIBLE,INFEASIBLE,INFEASIBLE,INFEASIBLE,INFEASIBLE,INFEASIBLE,INFEASIBLE,INFEASIBLE,INFEASIBLE,INFEASIBLE,INFEASIBLE,INFEASIBLE,INFEASIBLE,INFEASIBLE,INFEASIBLE,INFEASIBLE,INFEASIBLE,,INFEASIBLE,INFEASIBLE,INFEASIBLE,INFEASIBLE,INFEASIBLE,INFEASIBLE,INFEASIBLE,INFEASIBLE,INFEASIBLE,INFEASIBLE,INFEASIBLE,INFEASIBLE,INFEASIBLE,INFEASIBLE,INFEASIBLE,INFEASIBLE,INFEASIBLE,INFEASIBLE,INFEASIBLE,INFEASIBLE,INFEASIBLE,INFEASIBLE,INFEASIBLE,INFEASIBLE,INFEASIBLE,no_trials_in_band
corr_mix,full,fused_sp,1.0,0.0,budget_only,count,0.1,0.15,0.1,30,30,30,30,1.0,1.0,1.0,0.971412803532009,0.0416942604856512,22.566666666666666,0.43333333333333335,0.43333333333333335,0.0,0.43333333333333335,0.06666666666666667,0.43333333333333335,0.06666666666666667,0.0,0.06666666666666667,0.06666666666666667,4.0,26.0,26.0,26.0,26.0,26.0,26.0,26.0,26.0,26.0,26.0,12.0,12.0,2.168101545253863,0.971412803532009,0.0416942604856512,0.022211727528968155,-0.27317143837620045,0.971412803532009,0.0416942604856512,0.0,0.0,0.0,0.0,0.0,OK,
corr_mix,full,fused_sp,1.0,0.25,budget_only,count,0.1,0.15,0.1,30,30,30,30,1.0,1.0,1.0,0.971412803532009,0.0416942604856512,22.566666666666666,0.4666666666666667,0.43333333333333335,0.033333333333333326,0.4666666666666667,0.1,0.4666666666666667,0.1,0.0,0.1,0.1,4.0,26.0,26.0,26.0,26.0,26.0,26.0,26.0,26.0,26.0,26.0,11.5,12.0,2.1666666666666665,0.9671081677704196,0.04166666666666665,0.022211727528968155,-0.30211968028659775,0.971412803532009,0.0416942604856512,0.012820512820512822,0.0,0.0,0.005128205128205128,0.0,OK,
corr_mix,full,fused_sp,1.0,0.5,budget_only,count,0.1,0.15,0.1,30,30,30,30,1.0,1.0,1.0,0.971412803532009,0.0416942604856512,22.566666666666666,0.6333333333333333,0.43333333333333335,0.19999999999999996,0.6333333333333333,0.2,0.6333333333333333,0.2,0.0,0.2,0.2,4.0,16.5,26.0,16.5,26.0,26.0,26.0,16.5,26.0,16.5,26.0,11.0,12.0,2.1322295805739517,0.9671081677704196,0.041004415011037514,0.022211727528968155,-0.27990862128332705,0.971412803532009,0.0416942604856512,0.028205128205128206,0.02222222222222222,0.010256410256410256,0.010256410256410256,-0.02222222222222222,OK,
corr_mix,full,fused_sp,1.0,0.75,budget_only,count,0.1,0.15,0.1,30,30,30,30,1.0,1.0,1.0,0.971412803532009,0.0416942604856512,22.566666666666666,0.7,0.43333333333333335,0.2666666666666666,0.7,0.2,0.7,0.2,0.0,0.2,0.2,4.0,15.0,26.0,15.0,26.0,26.0,26.0,15.0,26.0,15.0,26.0,11.0,12.0,2.1193156732891834,0.9584988962472408,0.04075607064017659,0.022211727528968155,0.8971478852674173,0.971412803532009,0.0416942604856512,0.037179487179487186,0.02222222222222222,0.016666666666666666,0.016666666666666666,-0.02222222222222222,OK,
corr_mix,full,fused_sp,1.0,1.0,budget_only,count,0.1,0.15,0.1,30,30,30,30,1.0,1.0,1.0,0.971412803532009,0.0416942604856512,22.566666666666666,0.7333333333333333,0.43333333333333335,0.29999999999999993,0.7333333333333333,0.2,0.7333333333333333,0.2,0.0,0.2,0.2,4.0,13.5,26.0,13.5,26.0,26.0,26.0,13.5,26.0,13.5,26.0,9.5,12.0,2.1107064017660044,0.9513245033112585,0.0405905077262693,0.022211727528968155,3.735853618052755,0.971412803532009,0.0416942604856512,0.044871794871794886,0.02222222222222222,0.021794871794871794,0.02435897435897436,-0.02222222222222222,OK,
corr_mix,full,fused_sp,INFEASIBLE,0.0,budget_only,count,INFEASIBLE,INFEASIBLE,INFEASIBLE,INFEASIBLE,INFEASIBLE,INFEASIBLE,INFEASIBLE,INFEASIBLE,INFEASIBLE,INFEASIBLE,INFEASIBLE,INFEASIBLE,INFEASIBLE,INFEASIBLE,INFEASIBLE,INFEASIBLE,INFEASIBLE,INFEASIBLE,INFEASIBLE,INFEASIBLE,INFEASIBLE,INFEASIBLE,INFEASIBLE,,INFEASIBLE,INFEASIBLE,INFEASIBLE,INFEASIBLE,INFEASIBLE,INFEASIBLE,INFEASIBLE,INFEASIBLE,INFEASIBLE,INFEASIBLE,INFEASIBLE,INFEASIBLE,INFEASIBLE,INFEASIBLE,INFEASIBLE,INFEASIBLE,INFEASIBLE,INFEASIBLE,INFEASIBLE,INFEASIBLE,INFEASIBLE,INFEASIBLE,INFEASIBLE,INFEASIBLE,INFEASIBLE,no_trials_in_band
corr_mix,full,fused_sp,INFEASIBLE,0.25,budget_only,count,INFEASIBLE,INFEASIBLE,INFEASIBLE,INFEASIBLE,INFEASIBLE,INFEASIBLE,INFEASIBLE,INFEASIBLE,INFEASIBLE,INFEASIBLE,INFEASIBLE,INFEASIBLE,INFEASIBLE,INFEASIBLE,INFEASIBLE,INFEASIBLE,INFEASIBLE,INFEASIBLE,INFEASIBLE,INFEASIBLE,INFEASIBLE,INFEASIBLE,INFEASIBLE,,INFEASIBLE,INFEASIBLE,INFEASIBLE,INFEASIBLE,INFEASIBLE,INFEASIBLE,INFEASIBLE,INFEASIBLE,INFEASIBLE,INFEASIBLE,INFEASIBLE,INFEASIBLE,INFEASIBLE,INFEASIBLE,INFEASIBLE,INFEASIBLE,INFEASIBLE,INFEASIBLE,INFEASIBLE,INFEASIBLE,INFEASIBLE,INFEASIBLE,INFEASIBLE,INFEASIBLE,INFEASIBLE,no_trials_in_band
corr_mix,full,fused_sp,INFEASIBLE,0.5,budget_only,count,INFEASIBLE,INFEASIBLE,INFEASIBLE,INFEASIBLE,INFEASIBLE,INFEASIBLE,INFEASIBLE,INFEASIBLE,INFEASIBLE,INFEASIBLE,INFEASIBLE,INFEASIBLE,INFEASIBLE,INFEASIBLE,INFEASIBLE,INFEASIBLE,INFEASIBLE,INFEASIBLE,INFEASIBLE,INFEASIBLE,INFEASIBLE,INFEASIBLE,INFEASIBLE,,INFEASIBLE,INFEASIBLE,INFEASIBLE,INFEASIBLE,INFEASIBLE,INFEASIBLE,INFEASIBLE,INFEASIBLE,INFEASIBLE,INFEASIBLE,INFEASIBLE,INFEASIBLE,INFEASIBLE,INFEASIBLE,INFEASIBLE,INFEASIBLE,INFEASIBLE,INFEASIBLE,INFEASIBLE,INFEASIBLE,INFEASIBLE,INFEASIBLE,INFEASIBLE,INFEASIBLE,INFEASIBLE,no_trials_in_band
corr_mix,full,fused_sp,INFEASIBLE,0.75,budget_only,count,INFEASIBLE,INFEASIBLE,INFEASIBLE,INFEASIBLE,INFEASIBLE,INFEASIBLE,INFEASIBLE,INFEASIBLE,INFEASIBLE,INFEASIBLE,INFEASIBLE,INFEASIBLE,INFEASIBLE,INFEASIBLE,INFEASIBLE,INFEASIBLE,INFEASIBLE,INFEASIBLE,INFEASIBLE,INFEASIBLE,INFEASIBLE,INFEASIBLE,INFEASIBLE,,INFEASIBLE,INFEASIBLE,INFEASIBLE,INFEASIBLE,INFEASIBLE,INFEASIBLE,INFEASIBLE,INFEASIBLE,INFEASIBLE,INFEASIBLE,INFEASIBLE,INFEASIBLE,INFEASIBLE,INFEASIBLE,INFEASIBLE,INFEASIBLE,INFEASIBLE,INFEASIBLE,INFEASIBLE,INFEASIBLE,INFEASIBLE,INFEASIBLE,INFEASIBLE,INFEASIBLE,INFEASIBLE,no_trials_in_band
corr_mix,full,fused_sp,INFEASIBLE,1.0,budget_only,count,INFEASIBLE,INFEASIBLE,INFEASIBLE,INFEASIBLE,INFEASIBLE,INFEASIBLE,INFEASIBLE,INFEASIBLE,INFEASIBLE,INFEASIBLE,INFEASIBLE,INFEASIBLE,INFEASIBLE,INFEASIBLE,INFEASIBLE,INFEASIBLE,INFEASIBLE,INFEASIBLE,INFEASIBLE,INFEASIBLE,INFEASIBLE,INFEASIBLE,INFEASIBLE,,INFEASIBLE,INFEASIBLE,INFEASIBLE,INFEASIBLE,INFEASIBLE,INFEASIBLE,INFEASIBLE,INFEASIBLE,INFEASIBLE,INFEASIBLE,INFEASIBLE,INFEASIBLE,INFEASIBLE,INFEASIBLE,INFEASIBLE,INFEASIBLE,INFEASIBLE,INFEASIBLE,INFEASIBLE,INFEASIBLE,INFEASIBLE,INFEASIBLE,INFEASIBLE,INFEASIBLE,INFEASIBLE,no_trials_in_band
corr_mix,full,fused_sp_lrt_delta,1.0,0.0,budget_only,count,0.1,0.15,0.1,30,30,30,30,1.0,1.0,1.0,0.928366445916115,0.018681015452538634,21.566666666666666,0.43333333333333335,0.43333333333333335,0.0,0.43333333333333335,0.13333333333333333,0.43333333333333335,0.13333333333333333,0.0,0.13333333333333333,0.13333333333333333,4.0,26.0,26.0,26.0,26.0,26.0,26.0,26.0,26.0,26.0,26.0,8.0,8.0,0.9714128035320091,0.928366445916115,0.018681015452538634,0.00034734485213977197,-0.31659255990596663,0.928366445916115,0.018681015452538634,0.0,0.0,0.0,0.0,0.0,OK,
corr_mix,full,fused_sp_lrt_delta,1.0,0.25,budget_only,count,0.1,0.15,0.1,30,30,30,30,1.0,1.0,1.0,0.928366445916115,0.018681015452538634,21.566666666666666,0.43333333333333335,0.43333333333333335,0.0,0.43333333333333335,0.13333333333333333,0.43333333333333335,0.13333333333333333,0.0,0.13333333333333333,0.13333333333333333,4.0,26.0,26.0,26.0,26.0,26.0,26.0,26.0,26.0,26.0,26.0,8.0,8.0,0.9699779249448125,0.928366445916115,0.018653421633554084,0.00034734485213977197,-0.2967452074594477,0.928366445916115,0.018681015452538634,0.002564102564102564,0.0,0.0,0.0,0.0,OK,
corr_mix,full,fused_sp_lrt_delta,1.0,0.5,budget_only,count,0.1,0.15,0.1,30,30,30,30,1.0,1.0,1.0,0.928366445916115,0.018681015452538634,21.566666666666666,0.43333333333333335,0.43333333333333335,0.0,0.43333333333333335,0.13333333333333333,0.43333333333333335,0.13333333333333333,0.0,0.13333333333333333,0.13333333333333333,4.0,26.0,26.0,26.0,26.0,26.0,26.0,26.0,26.0,26.0,26.0,8.0,8.0,0.9685430463576161,0.9269315673289185,0.018625827814569538,0.00034734485213977197,-0.28008263155123514,0.928366445916115,0.018681015452538634,0.002564102564102564,0.0,0.0,0.0,0.0,OK,
corr_mix,full,fused_sp_lrt_delta,1.0,0.75,budget_only,count,0.1,0.15,0.1,30,30,30,30,1.0,1.0,1.0,0.928366445916115,0.018681015452538634,21.566666666666666,0.43333333333333335,0.43333333333333335,0.0,0.43333333333333335,0.13333333333333333,0.43333333333333335,0.13333333333333333,0.0,0.13333333333333333,0.13333333333333333,4.0,26.0,26.0,26.0,26.0,26.0,26.0,26.0,26.0,26.0,26.0,8.0,8.0,0.9685430463576161,0.9269315673289185,0.018625827814569538,0.00034734485213977197,0.7018760673037892,0.928366445916115,0.018681015452538634,0.002564102564102564,0.0,0.0,0.0,0.0,OK,
corr_mix,full,fused_sp_lrt_delta,1.0,1.0,budget_only,count,0.1,0.15,0.1,30,30,30,30,1.0,1.0,1.0,0.928366445916115,0.018681015452538634,21.566666666666666,0.43333333333333335,0.43333333333333335,0.0,0.43333333333333335,0.13333333333333333,0.43333333333333335,0.13333333333333333,0.0,0.13333333333333333,0.13333333333333333,4.0,26.0,26.0,26.0,26.0,26.0,26.0,26.0,26.0,26.0,26.0,8.0,8.0,0.9685430463576161,0.9269315673289185,0.018625827814569538,0.00034734485213977197,3.1173077019127757,0.928366445916115,0.018681015452538634,0.002564102564102564,0.0,0.0,0.0,0.0,OK,
corr_mix,full,fused_sp_lrt_delta,INFEASIBLE,0.0,budget_only,count,INFEASIBLE,INFEASIBLE,INFEASIBLE,INFEASIBLE,INFEASIBLE,INFEASIBLE,INFEASIBLE,INFEASIBLE,INFEASIBLE,INFEASIBLE,INFEASIBLE,INFEASIBLE,INFEASIBLE,INFEASIBLE,INFEASIBLE,INFEASIBLE,INFEASIBLE,INFEASIBLE,INFEASIBLE,INFEASIBLE,INFEASIBLE,INFEASIBLE,INFEASIBLE,,INFEASIBLE,INFEASIBLE,INFEASIBLE,INFEASIBLE,INFEASIBLE,INFEASIBLE,INFEASIBLE,INFEASIBLE,INFEASIBLE,INFEASIBLE,INFEASIBLE,INFEASIBLE,INFEASIBLE,INFEASIBLE,INFEASIBLE,INFEASIBLE,INFEASIBLE,INFEASIBLE,INFEASIBLE,INFEASIBLE,INFEASIBLE,INFEASIBLE,INFEASIBLE,INFEASIBLE,INFEASIBLE,no_trials_in_band
corr_mix,full,fused_sp_lrt_delta,INFEASIBLE,0.25,budget_only,count,INFEASIBLE,INFEASIBLE,INFEASIBLE,INFEASIBLE,INFEASIBLE,INFEASIBLE,INFEASIBLE,INFEASIBLE,INFEASIBLE,INFEASIBLE,INFEASIBLE,INFEASIBLE,INFEASIBLE,INFEASIBLE,INFEASIBLE,INFEASIBLE,INFEASIBLE,INFEASIBLE,INFEASIBLE,INFEASIBLE,INFEASIBLE,INFEASIBLE,INFEASIBLE,,INFEASIBLE,INFEASIBLE,INFEASIBLE,INFEASIBLE,INFEASIBLE,INFEASIBLE,INFEASIBLE,INFEASIBLE,INFEASIBLE,INFEASIBLE,INFEASIBLE,INFEASIBLE,INFEASIBLE,INFEASIBLE,INFEASIBLE,INFEASIBLE,INFEASIBLE,INFEASIBLE,INFEASIBLE,INFEASIBLE,INFEASIBLE,INFEASIBLE,INFEASIBLE,INFEASIBLE,INFEASIBLE,no_trials_in_band
corr_mix,full,fused_sp_lrt_delta,INFEASIBLE,0.5,budget_only,count,INFEASIBLE,INFEASIBLE,INFEASIBLE,INFEASIBLE,INFEASIBLE,INFEASIBLE,INFEASIBLE,INFEASIBLE,INFEASIBLE,INFEASIBLE,INFEASIBLE,INFEASIBLE,INFEASIBLE,INFEASIBLE,INFEASIBLE,INFEASIBLE,INFEASIBLE,INFEASIBLE,INFEASIBLE,INFEASIBLE,INFEASIBLE,INFEASIBLE,INFEASIBLE,,INFEASIBLE,INFEASIBLE,INFEASIBLE,INFEASIBLE,INFEASIBLE,INFEASIBLE,INFEASIBLE,INFEASIBLE,INFEASIBLE,INFEASIBLE,INFEASIBLE,INFEASIBLE,INFEASIBLE,INFEASIBLE,INFEASIBLE,INFEASIBLE,INFEASIBLE,INFEASIBLE,INFEASIBLE,INFEASIBLE,INFEASIBLE,INFEASIBLE,INFEASIBLE,INFEASIBLE,INFEASIBLE,no_trials_in_band
corr_mix,full,fused_sp_lrt_delta,INFEASIBLE,0.75,budget_only,count,INFEASIBLE,INFEASIBLE,INFEASIBLE,INFEASIBLE,INFEASIBLE,INFEASIBLE,INFEASIBLE,INFEASIBLE,INFEASIBLE,INFEASIBLE,INFEASIBLE,INFEASIBLE,INFEASIBLE,INFEASIBLE,INFEASIBLE,INFEASIBLE,INFEASIBLE,INFEASIBLE,INFEASIBLE,INFEASIBLE,INFEASIBLE,INFEASIBLE,INFEASIBLE,,INFEASIBLE,INFEASIBLE,INFEASIBLE,INFEASIBLE,INFEASIBLE,INFEASIBLE,INFEASIBLE,INFEASIBLE,INFEASIBLE,INFEASIBLE,INFEASIBLE,INFEASIBLE,INFEASIBLE,INFEASIBLE,INFEASIBLE,INFEASIBLE,INFEASIBLE,INFEASIBLE,INFEASIBLE,INFEASIBLE,INFEASIBLE,INFEASIBLE,INFEASIBLE,INFEASIBLE,INFEASIBLE,no_trials_in_band
corr_mix,full,fused_sp_lrt_delta,INFEASIBLE,1.0,budget_only,count,INFEASIBLE,INFEASIBLE,INFEASIBLE,INFEASIBLE,INFEASIBLE,INFEASIBLE,INFEASIBLE,INFEASIBLE,INFEASIBLE,INFEASIBLE,INFEASIBLE,INFEASIBLE,INFEASIBLE,INFEASIBLE,INFEASIBLE,INFEASIBLE,INFEASIBLE,INFEASIBLE,INFEASIBLE,INFEASIBLE,INFEASIBLE,INFEASIBLE,INFEASIBLE,,INFEASIBLE,INFEASIBLE,INFEASIBLE,INFEASIBLE,INFEASIBLE,INFEASIBLE,INFEASIBLE,INFEASIBLE,INFEASIBLE,INFEASIBLE,INFEASIBLE,INFEASIBLE,INFEASIBLE,INFEASIBLE,INFEASIBLE,INFEASIBLE,INFEASIBLE,INFEASIBLE,INFEASIBLE,INFEASIBLE,INFEASIBLE,INFEASIBLE,INFEASIBLE,INFEASIBLE,INFEASIBLE,no_trials_in_band
corr_mix,full,max_abs,1.0,0.0,budget_only,count,0.1,0.15,0.1,30,30,30,30,1.0,1.0,1.0,1.057505518763797,0.03824503311258278,24.566666666666666,0.43333333333333335,0.43333333333333335,0.0,0.4666666666666667,0.1,0.4666666666666667,0.1,0.03333333333333333,0.1,0.1,4.0,26.0,26.0,26.0,26.0,26.0,26.0,26.0,26.0,26.0,26.0,9.0,9.0,1.9887417218543049,1.057505518763797,0.03824503311258278,0.12491668246408093,0.0,1.057505518763797,0.03824503311258278,0.0,0.0,0.0,0.0,0.0,OK,
corr_mix,full,max_abs,1.0,0.25,budget_only,count,0.1,0.15,0.1,30,30,30,30,1.0,1.0,1.0,1.057505518763797,0.03824503311258278,24.566666666666666,0.43333333333333335,0.43333333333333335,0.0,0.5,0.2,0.5,0.2,0.06666666666666667,0.2,0.2,4.0,26.0,26.0,26.0,26.0,26.0,26.0,25.0,26.0,26.0,26.0,9.0,9.0,1.967218543046358,1.0460264900662253,0.037831125827814574,0.12491668246408093,0.07319607079207184,1.057505518763797,0.03824503311258278,0.20769230769230773,0.0,0.20769230769230773,0.20769230769230773,0.0,OK,
corr_mix,full,max_abs,1.0,0.5,budget_only,count,0.1,0.15,0.1,30,30,30,30,1.0,1.0,1.0,1.057505518763797,0.03824503311258278,24.566666666666666,0.43333333333333335,0.43333333333333335,0.0,0.5,0.2,0.5,0.2,0.06666666666666667,0.2,0.2,4.0,26.0,26.0,26.0,26.0,26.0,26.0,25.0,26.0,26.0,26.0,9.0,9.0,1.967218543046358,1.0460264900662253,0.037831125827814574,0.12491668246408093,0.15344148700206914,1.057505518763797,0.03824503311258278,0.20769230769230773,0.0,0.20769230769230773,0.20769230769230773,0.0,OK,
corr_mix,full,max_abs,1.0,0.75,budget_only,count,0.1,0.15,0.1,30,30,30,30,1.0,1.0,1.0,1.057505518763797,0.03824503311258278,24.566666666666666,0.43333333333333335,0.43333333333333335,0.0,0.5,0.2,0.5,0.2,0.06666666666666667,0.2,0.2,4.0,26.0,26.0,26.0,26.0,26.0,26.0,25.0,26.0,26.0,26.0,9.0,9.0,1.967218543046358,1.0460264900662253,0.037831125827814574,0.12491668246408093,0.23368690321206648,1.057505518763797,0.03824503311258278,0.20769230769230773,0.0,0.20769230769230773,0.20769230769230773,0.0,OK,
corr_mix,full,max_abs,1.0,1.0,budget_only,count,0.1,0.15,0.1,30,30,30,30,1.0,1.0,1.0,1.057505518763797,0.03824503311258278,24.566666666666666,0.43333333333333335,0.43333333333333335,0.0,0.5,0.2,0.5,0.2,0.06666666666666667,0.2,0.2,4.0,26.0,26.0,26.0,26.0,26.0,26.0,25.0,26.0,26.0,26.0,9.0,9.0,1.967218543046358,1.0460264900662253,0.037831125827814574,0.12491668246408093,0.3139323194220637,1.057505518763797,0.03824503311258278,0.20769230769230773,0.0,0.20769230769230773,0.20769230769230773,0.0,OK,
corr_mix,full,max_abs,INFEASIBLE,0.0,budget_only,count,INFEASIBLE,INFEASIBLE,INFEASIBLE,INFEASIBLE,INFEASIBLE,INFEASIBLE,INFEASIBLE,INFEASIBLE,INFEASIBLE,INFEASIBLE,INFEASIBLE,INFEASIBLE,INFEASIBLE,INFEASIBLE,INFEASIBLE,INFEASIBLE,INFEASIBLE,INFEASIBLE,INFEASIBLE,INFEASIBLE,INFEASIBLE,INFEASIBLE,INFEASIBLE,,INFEASIBLE,INFEASIBLE,INFEASIBLE,INFEASIBLE,INFEASIBLE,INFEASIBLE,INFEASIBLE,INFEASIBLE,INFEASIBLE,INFEASIBLE,INFEASIBLE,INFEASIBLE,INFEASIBLE,INFEASIBLE,INFEASIBLE,INFEASIBLE,INFEASIBLE,INFEASIBLE,INFEASIBLE,INFEASIBLE,INFEASIBLE,INFEASIBLE,INFEASIBLE,INFEASIBLE,INFEASIBLE,no_trials_in_band
corr_mix,full,max_abs,INFEASIBLE,0.25,budget_only,count,INFEASIBLE,INFEASIBLE,INFEASIBLE,INFEASIBLE,INFEASIBLE,INFEASIBLE,INFEASIBLE,INFEASIBLE,INFEASIBLE,INFEASIBLE,INFEASIBLE,INFEASIBLE,INFEASIBLE,INFEASIBLE,INFEASIBLE,INFEASIBLE,INFEASIBLE,INFEASIBLE,INFEASIBLE,INFEASIBLE,INFEASIBLE,INFEASIBLE,INFEASIBLE,,INFEASIBLE,INFEASIBLE,INFEASIBLE,INFEASIBLE,INFEASIBLE,INFEASIBLE,INFEASIBLE,INFEASIBLE,INFEASIBLE,INFEASIBLE,INFEASIBLE,INFEASIBLE,INFEASIBLE,INFEASIBLE,INFEASIBLE,INFEASIBLE,INFEASIBLE,INFEASIBLE,INFEASIBLE,INFEASIBLE,INFEASIBLE,INFEASIBLE,INFEASIBLE,INFEASIBLE,INFEASIBLE,no_trials_in_band
corr_mix,full,max_abs,INFEASIBLE,0.5,budget_only,count,INFEASIBLE,INFEASIBLE,INFEASIBLE,INFEASIBLE,INFEASIBLE,INFEASIBLE,INFEASIBLE,INFEASIBLE,INFEASIBLE,INFEASIBLE,INFEASIBLE,INFEASIBLE,INFEASIBLE,INFEASIBLE,INFEASIBLE,INFEASIBLE,INFEASIBLE,INFEASIBLE,INFEASIBLE,INFEASIBLE,INFEASIBLE,INFEASIBLE,INFEASIBLE,,INFEASIBLE,INFEASIBLE,INFEASIBLE,INFEASIBLE,INFEASIBLE,INFEASIBLE,INFEASIBLE,INFEASIBLE,INFEASIBLE,INFEASIBLE,INFEASIBLE,INFEASIBLE,INFEASIBLE,INFEASIBLE,INFEASIBLE,INFEASIBLE,INFEASIBLE,INFEASIBLE,INFEASIBLE,INFEASIBLE,INFEASIBLE,INFEASIBLE,INFEASIBLE,INFEASIBLE,INFEASIBLE,no_trials_in_band
corr_mix,full,max_abs,INFEASIBLE,0.75,budget_only,count,INFEASIBLE,INFEASIBLE,INFEASIBLE,INFEASIBLE,INFEASIBLE,INFEASIBLE,INFEASIBLE,INFEASIBLE,INFEASIBLE,INFEASIBLE,INFEASIBLE,INFEASIBLE,INFEASIBLE,INFEASIBLE,INFEASIBLE,INFEASIBLE,INFEASIBLE,INFEASIBLE,INFEASIBLE,INFEASIBLE,INFEASIBLE,INFEASIBLE,INFEASIBLE,,INFEASIBLE,INFEASIBLE,INFEASIBLE,INFEASIBLE,INFEASIBLE,INFEASIBLE,INFEASIBLE,INFEASIBLE,INFEASIBLE,INFEASIBLE,INFEASIBLE,INFEASIBLE,INFEASIBLE,INFEASIBLE,INFEASIBLE,INFEASIBLE,INFEASIBLE,INFEASIBLE,INFEASIBLE,INFEASIBLE,INFEASIBLE,INFEASIBLE,INFEASIBLE,INFEASIBLE,INFEASIBLE,no_trials_in_band
corr_mix,full,max_abs,INFEASIBLE,1.0,budget_only,count,INFEASIBLE,INFEASIBLE,INFEASIBLE,INFEASIBLE,INFEASIBLE,INFEASIBLE,INFEASIBLE,INFEASIBLE,INFEASIBLE,INFEASIBLE,INFEASIBLE,INFEASIBLE,INFEASIBLE,INFEASIBLE,INFEASIBLE,INFEASIBLE,INFEASIBLE,INFEASIBLE,INFEASIBLE,INFEASIBLE,INFEASIBLE,INFEASIBLE,INFEASIBLE,,INFEASIBLE,INFEASIBLE,INFEASIBLE,INFEASIBLE,INFEASIBLE,INFEASIBLE,INFEASIBLE,INFEASIBLE,INFEASIBLE,INFEASIBLE,INFEASIBLE,INFEASIBLE,INFEASIBLE,INFEASIBLE,INFEASIBLE,INFEASIBLE,INFEASIBLE,INFEASIBLE,INFEASIBLE,INFEASIBLE,INFEASIBLE,INFEASIBLE,INFEASIBLE,INFEASIBLE,INFEASIBLE,no_trials_in_band
corr_mix,full,pc_t2,1.0,0.0,budget_only,count,0.1,0.15,0.1,30,30,30,30,1.0,1.0,1.0,0.9685430463576161,0.022654525386313466,22.5,0.5,0.5,0.0,0.5,0.1,0.5,0.1,0.0,0.1,0.1,4.0,24.5,24.5,24.5,26.0,24.5,26.0,24.5,26.0,24.5,26.0,11.0,11.0,1.1780353200883,0.9685430463576161,0.022654525386313466,0.019973545099172808,0.0,0.9685430463576161,0.022654525386313466,0.0,0.0,0.0,0.0,0.0,OK,
corr_mix,full,pc_t2,1.0,0.25,budget_only,count,0.1,0.15,0.1,30,30,30,30,1.0,1.0,1.0,0.9685430463576161,0.022654525386313466,22.5,0.5,0.5,0.0,0.5,0.1,0.5,0.1,0.0,0.1,0.1,4.0,24.5,24.5,24.5,26.0,24.5,26.0,24.5,26.0,24.5,26.0,11.0,11.0,1.183774834437086,0.9699779249448125,0.02276490066225166,0.019973545099172808,-0.004008482342624546,0.9685430463576161,0.022654525386313466,0.0,0.01111111111111111,0.0,0.0,0.01111111111111111,OK,
corr_mix,full,pc_t2,1.0,0.5,budget_only,count,0.1,0.15,0.1,30,30,30,30,1.0,1.0,1.0,0.9685430463576161,0.022654525386313466,22.5,0.43333333333333335,0.5,-0.06666666666666665,0.43333333333333335,0.06666666666666667,0.43333333333333335,0.06666666666666667,0.0,0.06666666666666667,0.06666666666666667,4.0,26.0,24.5,26.0,26.0,24.5,26.0,26.0,26.0,26.0,26.0,14.0,11.0,1.176600441501104,0.9685430463576161,0.02262693156732892,0.019973545099172808,-0.0048544676597555,0.9685430463576161,0.022654525386313466,0.007692307692307693,0.02222222222222222,-0.005128205128205128,0.005128205128205128,0.02222222222222222,OK,
corr_mix,full,pc_t2,1.0,0.75,budget_only,count,0.1,0.15,0.1,30,30,30,30,1.0,1.0,1.0,0.9685430463576161,0.022654525386313466,22.5,0.5,0.5,0.0,0.5,0.1,0.5,0.1,0.0,0.1,0.1,4.0,24.5,24.5,24.5,26.0,24.5,26.0,24.5,26.0,24.5,26.0,12.0,11.0,1.1809050772626932,0.9671081677704196,0.022709713024282565,0.019973545099172808,-0.00253795595139281,0.9685430463576161,0.022654525386313466,0.010256410256410256,0.01111111111111111,-0.002564102564102564,0.005128205128205128,0.01111111111111111,OK,
corr_mix,full,pc_t2,1.0,1.0,budget_only,count,0.1,0.15,0.1,30,30,30,30,1.0,1.0,1.0,0.9685430463576161,0.022654525386313466,22.5,0.5,0.5,0.0,0.5,0.1,0.5,0.1,0.0,0.1,0.1,4.0,24.5,24.5,24.5,26.0,24.5,26.0,24.5,26.0,24.5,26.0,12.0,11.0,1.1780353200883005,0.9671081677704196,0.022654525386313466,0.019973545099172808,0.0029410527824634846,0.9685430463576161,0.022654525386313466,0.01282051282051282,0.01111111111111111,0.0,0.007692307692307693,0.01111111111111111,OK,
corr_mix,full,pc_t2,INFEASIBLE,0.0,budget_only,count,INFEASIBLE,INFEASIBLE,INFEASIBLE,INFEASIBLE,INFEASIBLE,INFEASIBLE,INFEASIBLE,INFEASIBLE,INFEASIBLE,INFEASIBLE,INFEASIBLE,INFEASIBLE,INFEASIBLE,INFEASIBLE,INFEASIBLE,INFEASIBLE,INFEASIBLE,INFEASIBLE,INFEASIBLE,INFEASIBLE,INFEASIBLE,INFEASIBLE,INFEASIBLE,,INFEASIBLE,INFEASIBLE,INFEASIBLE,INFEASIBLE,INFEASIBLE,INFEASIBLE,INFEASIBLE,INFEASIBLE,INFEASIBLE,INFEASIBLE,INFEASIBLE,INFEASIBLE,INFEASIBLE,INFEASIBLE,INFEASIBLE,INFEASIBLE,INFEASIBLE,INFEASIBLE,INFEASIBLE,INFEASIBLE,INFEASIBLE,INFEASIBLE,INFEASIBLE,INFEASIBLE,INFEASIBLE,no_trials_in_band
corr_mix,full,pc_t2,INFEASIBLE,0.25,budget_only,count,INFEASIBLE,INFEASIBLE,INFEASIBLE,INFEASIBLE,INFEASIBLE,INFEASIBLE,INFEASIBLE,INFEASIBLE,INFEASIBLE,INFEASIBLE,INFEASIBLE,INFEASIBLE,INFEASIBLE,INFEASIBLE,INFEASIBLE,INFEASIBLE,INFEASIBLE,INFEASIBLE,INFEASIBLE,INFEASIBLE,INFEASIBLE,INFEASIBLE,INFEASIBLE,,INFEASIBLE,INFEASIBLE,INFEASIBLE,INFEASIBLE,INFEASIBLE,INFEASIBLE,INFEASIBLE,INFEASIBLE,INFEASIBLE,INFEASIBLE,INFEASIBLE,INFEASIBLE,INFEASIBLE,INFEASIBLE,INFEASIBLE,INFEASIBLE,INFEASIBLE,INFEASIBLE,INFEASIBLE,INFEASIBLE,INFEASIBLE,INFEASIBLE,INFEASIBLE,INFEASIBLE,INFEASIBLE,no_trials_in_band
corr_mix,full,pc_t2,INFEASIBLE,0.5,budget_only,count,INFEASIBLE,INFEASIBLE,INFEASIBLE,INFEASIBLE,INFEASIBLE,INFEASIBLE,INFEASIBLE,INFEASIBLE,INFEASIBLE,INFEASIBLE,INFEASIBLE,INFEASIBLE,INFEASIBLE,INFEASIBLE,INFEASIBLE,INFEASIBLE,INFEASIBLE,INFEASIBLE,INFEASIBLE,INFEASIBLE,INFEASIBLE,INFEASIBLE,INFEASIBLE,,INFEASIBLE,INFEASIBLE,INFEASIBLE,INFEASIBLE,INFEASIBLE,INFEASIBLE,INFEASIBLE,INFEASIBLE,INFEASIBLE,INFEASIBLE,INFEASIBLE,INFEASIBLE,INFEASIBLE,INFEASIBLE,INFEASIBLE,INFEASIBLE,INFEASIBLE,INFEASIBLE,INFEASIBLE,INFEASIBLE,INFEASIBLE,INFEASIBLE,INFEASIBLE,INFEASIBLE,INFEASIBLE,no_trials_in_band
corr_mix,full,pc_t2,INFEASIBLE,0.75,budget_only,count,INFEASIBLE,INFEASIBLE,INFEASIBLE,INFEASIBLE,INFEASIBLE,INFEASIBLE,INFEASIBLE,INFEASIBLE,INFEASIBLE,INFEASIBLE,INFEASIBLE,INFEASIBLE,INFEASIBLE,INFEASIBLE,INFEASIBLE,INFEASIBLE,INFEASIBLE,INFEASIBLE,INFEASIBLE,INFEASIBLE,INFEASIBLE,INFEASIBLE,INFEASIBLE,,INFEASIBLE,INFEASIBLE,INFEASIBLE,INFEASIBLE,INFEASIBLE,INFEASIBLE,INFEASIBLE,INFEASIBLE,INFEASIBLE,INFEASIBLE,INFEASIBLE,INFEASIBLE,INFEASIBLE,INFEASIBLE,INFEASIBLE,INFEASIBLE,INFEASIBLE,INFEASIBLE,INFEASIBLE,INFEASIBLE,INFEASIBLE,INFEASIBLE,INFEASIBLE,INFEASIBLE,INFEASIBLE,no_trials_in_band
corr_mix,full,pc_t2,INFEASIBLE,1.0,budget_only,count,INFEASIBLE,INFEASIBLE,INFEASIBLE,INFEASIBLE,INFEASIBLE,INFEASIBLE,INFEASIBLE,INFEASIBLE,INFEASIBLE,INFEASIBLE,INFEASIBLE,INFEASIBLE,INFEASIBLE,INFEASIBLE,INFEASIBLE,INFEASIBLE,INFEASIBLE,INFEASIBLE,INFEASIBLE,INFEASIBLE,INFEASIBLE,INFEASIBLE,INFEASIBLE,,INFEASIBLE,INFEASIBLE,INFEASIBLE,INFEASIBLE,INFEASIBLE,INFEASIBLE,INFEASIBLE,INFEASIBLE,INFEASIBLE,INFEASIBLE,INFEASIBLE,INFEASIBLE,INFEASIBLE,INFEASIBLE,INFEASIBLE,INFEASIBLE,INFEASIBLE,INFEASIBLE,INFEASIBLE,INFEASIBLE,INFEASIBLE,INFEASIBLE,INFEASIBLE,INFEASIBLE,INFEASIBLE,no_trials_in_band
corr_mix,full,res_energy,1.0,0.0,budget_only,count,0.1,0.15,0.1,30,30,30,30,1.0,1.0,1.0,0.974282560706402,0.03184326710816777,22.633333333333333,0.36666666666666664,0.36666666666666664,0.0,0.36666666666666664,0.1,0.36666666666666664,0.1,0.0,0.1,0.1,4.0,26.0,26.0,26.0,26.0,26.0,26.0,26.0,26.0,26.0,26.0,8.0,8.0,1.6558498896247245,0.974282560706402,0.03184326710816777,0.016725002102715374,0.0,0.974282560706402,0.03184326710816777,0.0,0.0,0.0,0.0,0.0,OK,
corr_mix,full,res_energy,1.0,0.25,budget_only,count,0.1,0.15,0.1,30,30,30,30,1.0,1.0,1.0,0.974282560706402,0.03184326710816777,22.633333333333333,0.5333333333333333,0.36666666666666664,0.16666666666666669,0.5333333333333333,0.13333333333333333,0.5333333333333333,0.13333333333333333,0.0,0.13333333333333333,0.13333333333333333,4.0,20.0,26.0,20.0,26.0,26.0,26.0,20.0,26.0,20.0,26.0,8.0,8.0,1.657284768211921,0.9728476821192055,0.031870860927152314,0.016725002102715374,0.20351653887298998,0.974282560706402,0.03184326710816777,0.06666666666666667,0.06666666666666667,0.05641025641025642,0.05641025641025642,-0.02222222222222222,OK,
corr_mix,full,res_energy,1.0,0.5,budget_only,count,0.1,0.15,0.1,30,30,30,30,1.0,1.0,1.0,0.974282560706402,0.03184326710816777,22.633333333333333,0.6666666666666666,0.36666666666666664,0.3,0.6666666666666666,0.23333333333333334,0.6666666666666666,0.23333333333333334,0.0,0.23333333333333334,0.23333333333333334,4.0,13.5,26.0,13.5,26.0,26.0,26.0,13.5,26.0,13.5,26.0,8.0,8.0,1.6429359823399563,0.9728476821192055,0.03159492273730684,0.016725002102715374,0.8297189935851522,0.974282560706402,0.03184326710816777,0.07564102564102564,0.06666666666666667,0.06794871794871794,0.06794871794871794,-0.02222222222222222,OK,
corr_mix,full,res_energy,1.0,0.75,budget_only,count,0.1,0.15,0.1,30,30,30,30,1.0,1.0,1.0,0.974282560706402,0.03184326710816777,22.633333333333333,0.7,0.36666666666666664,0.3333333333333333,0.7,0.23333333333333334,0.7,0.23333333333333334,0.0,0.23333333333333334,0.23333333333333334,4.0,13.5,26.0,13.5,26.0,26.0,26.0,13.5,26.0,13.5,26.0,8.0,8.0,1.6386313465783668,0.9685430463576161,0.0315121412803532,0.016725002102715374,1.878607364136409,0.974282560706402,0.03184326710816777,0.08076923076923075,0.06666666666666667,0.0705128205128205,0.0705128205128205,-0.02222222222222222,OK,
corr_mix,full,res_energy,1.0,1.0,budget_only,count,0.1,0.15,0.1,30,30,30,30,1.0,1.0,1.0,0.974282560706402,0.03184326710816777,22.633333333333333,0.7,0.36666666666666664,0.3333333333333333,0.7333333333333333,0.26666666666666666,0.7333333333333333,0.26666666666666666,0.03333333333333333,0.26666666666666666,0.26666666666666666,4.0,13.5,26.0,13.5,26.0,26.0,26.0,12.0,26.0,13.5,26.0,8.0,8.0,1.6400662251655633,0.9642384105960267,0.031539735099337746,0.016725002102715374,3.35018165052685,0.974282560706402,0.03184326710816777,0.09102564102564101,0.06666666666666667,0.07564102564102564,0.07820512820512819,-0.02222222222222222,OK,
corr_mix,full,res_energy,INFEASIBLE,0.0,budget_only,count,INFEASIBLE,INFEASIBLE,INFEASIBLE,INFEASIBLE,INFEASIBLE,INFEASIBLE,INFEASIBLE,INFEASIBLE,INFEASIBLE,INFEASIBLE,INFEASIBLE,INFEASIBLE,INFEASIBLE,INFEASIBLE,INFEASIBLE,INFEASIBLE,INFEASIBLE,INFEASIBLE,INFEASIBLE,INFEASIBLE,INFEASIBLE,INFEASIBLE,INFEASIBLE,,INFEASIBLE,INFEASIBLE,INFEASIBLE,INFEASIBLE,INFEASIBLE,INFEASIBLE,INFEASIBLE,INFEASIBLE,INFEASIBLE,INFEASIBLE,INFEASIBLE,INFEASIBLE,INFEASIBLE,INFEASIBLE,INFEASIBLE,INFEASIBLE,INFEASIBLE,INFEASIBLE,INFEASIBLE,INFEASIBLE,INFEASIBLE,INFEASIBLE,INFEASIBLE,INFEASIBLE,INFEASIBLE,no_trials_in_band
corr_mix,full,res_energy,INFEASIBLE,0.25,budget_only,count,INFEASIBLE,INFEASIBLE,INFEASIBLE,INFEASIBLE,INFEASIBLE,INFEASIBLE,INFEASIBLE,INFEASIBLE,INFEASIBLE,INFEASIBLE,INFEASIBLE,INFEASIBLE,INFEASIBLE,INFEASIBLE,INFEASIBLE,INFEASIBLE,INFEASIBLE,INFEASIBLE,INFEASIBLE,INFEASIBLE,INFEASIBLE,INFEASIBLE,INFEASIBLE,,INFEASIBLE,INFEASIBLE,INFEASIBLE,INFEASIBLE,INFEASIBLE,INFEASIBLE,INFEASIBLE,INFEASIBLE,INFEASIBLE,INFEASIBLE,INFEASIBLE,INFEASIBLE,INFEASIBLE,INFEASIBLE,INFEASIBLE,INFEASIBLE,INFEASIBLE,INFEASIBLE,INFEASIBLE,INFEASIBLE,INFEASIBLE,INFEASIBLE,INFEASIBLE,INFEASIBLE,INFEASIBLE,no_trials_in_band
corr_mix,full,res_energy,INFEASIBLE,0.5,budget_only,count,INFEASIBLE,INFEASIBLE,INFEASIBLE,INFEASIBLE,INFEASIBLE,INFEASIBLE,INFEASIBLE,INFEASIBLE,INFEASIBLE,INFEASIBLE,INFEASIBLE,INFEASIBLE,INFEASIBLE,INFEASIBLE,INFEASIBLE,INFEASIBLE,INFEASIBLE,INFEASIBLE,INFEASIBLE,INFEASIBLE,INFEASIBLE,INFEASIBLE,INFEASIBLE,,INFEASIBLE,INFEASIBLE,INFEASIBLE,INFEASIBLE,INFEASIBLE,INFEASIBLE,INFEASIBLE,INFEASIBLE,INFEASIBLE,INFEASIBLE,INFEASIBLE,INFEASIBLE,INFEASIBLE,INFEASIBLE,INFEASIBLE,INFEASIBLE,INFEASIBLE,INFEASIBLE,INFEASIBLE,INFEASIBLE,INFEASIBLE,INFEASIBLE,INFEASIBLE,INFEASIBLE,INFEASIBLE,no_trials_in_band
corr_mix,full,res_energy,INFEASIBLE,0.75,budget_only,count,INFEASIBLE,INFEASIBLE,INFEASIBLE,INFEASIBLE,INFEASIBLE,INFEASIBLE,INFEASIBLE,INFEASIBLE,INFEASIBLE,INFEASIBLE,INFEASIBLE,INFEASIBLE,INFEASIBLE,INFEASIBLE,INFEASIBLE,INFEASIBLE,INFEASIBLE,INFEASIBLE,INFEASIBLE,INFEASIBLE,INFEASIBLE,INFEASIBLE,INFEASIBLE,,INFEASIBLE,INFEASIBLE,INFEASIBLE,INFEASIBLE,INFEASIBLE,INFEASIBLE,INFEASIBLE,INFEASIBLE,INFEASIBLE,INFEASIBLE,INFEASIBLE,INFEASIBLE,INFEASIBLE,INFEASIBLE,INFEASIBLE,INFEASIBLE,INFEASIBLE,INFEASIBLE,INFEASIBLE,INFEASIBLE,INFEASIBLE,INFEASIBLE,INFEASIBLE,INFEASIBLE,INFEASIBLE,no_trials_in_band
corr_mix,full,res_energy,INFEASIBLE,1.0,budget_only,count,INFEASIBLE,INFEASIBLE,INFEASIBLE,INFEASIBLE,INFEASIBLE,INFEASIBLE,INFEASIBLE,INFEASIBLE,INFEASIBLE,INFEASIBLE,INFEASIBLE,INFEASIBLE,INFEASIBLE,INFEASIBLE,INFEASIBLE,INFEASIBLE,INFEASIBLE,INFEASIBLE,INFEASIBLE,INFEASIBLE,INFEASIBLE,INFEASIBLE,INFEASIBLE,,INFEASIBLE,INFEASIBLE,INFEASIBLE,INFEASIBLE,INFEASIBLE,INFEASIBLE,INFEASIBLE,INFEASIBLE,INFEASIBLE,INFEASIBLE,INFEASIBLE,INFEASIBLE,INFEASIBLE,INFEASIBLE,INFEASIBLE,INFEASIBLE,INFEASIBLE,INFEASIBLE,INFEASIBLE,INFEASIBLE,INFEASIBLE,INFEASIBLE,INFEASIBLE,INFEASIBLE,INFEASIBLE,no_trials_in_band
corr_mix,full,stale,1.0,0.0,budget_only,count,0.1,0.15,0.1,30,30,0,30,1.0,0.0,1.0,1.0316777041942602,0.49130794701986763,23.966666666666665,0.6,0.6,0.0,1.0,0.5666666666666667,1.0,0.5666666666666667,0.4,0.0,0.0,4.0,19.0,19.0,19.0,26.0,19.0,26.0,3.0,18.200000000000003,19.0,26.0,10.5,10.5,25.548013245033115,1.0316777041942602,0.49130794701986763,1.0000000000000002e-06,0.061576028458122795,1.0316777041942602,0.49130794701986763,0.0,0.0,0.0,0.0,0.0,OK,
corr_mix,full,stale,1.0,0.25,budget_only,count,0.1,0.15,0.1,30,30,0,30,1.0,0.0,1.0,1.0316777041942602,0.49130794701986763,23.966666666666665,0.6,0.6,0.0,1.0,0.5666666666666667,1.0,0.5666666666666667,0.4,0.0,0.0,4.0,19.0,19.0,19.0,26.0,19.0,26.0,3.0,18.200000000000003,19.0,26.0,10.5,10.5,25.548013245033115,1.0316777041942602,0.49130794701986763,1.0000000000000002e-06,0.061576028458122795,1.0316777041942602,0.49130794701986763,0.0,0.0,0.0,0.0,0.0,OK,
corr_mix,full,stale,1.0,0.5,budget_only,count,0.1,0.15,0.1,30,30,0,30,1.0,0.0,1.0,1.0316777041942602,0.49130794701986763,23.966666666666665,0.6,0.6,0.0,1.0,0.5666666666666667,1.0,0.5666666666666667,0.4,0.0,0.0,4.0,19.0,19.0,19.0,26.0,19.0,26.0,3.0,18.200000000000003,19.0,26.0,10.5,10.5,25.548013245033115,1.0316777041942602,0.49130794701986763,1.0000000000000002e-06,0.061576028458122795,1.0316777041942602,0.49130794701986763,0.0,0.0,0.0,0.0,0.0,OK,
corr_mix,full,stale,1.0,0.75,budget_only,count,0.1,0.15,0.1,30,30,0,30,1.0,0.0,1.0,1.0316777041942602,0.49130794701986763,23.966666666666665,0.6,0.6,0.0,1.0,0.5666666666666667,1.0,0.5666666666666667,0.4,0.0,0.0,4.0,19.0,19.0,19.0,26.0,19.0,26.0,3.0,18.200000000000003,19.0,26.0,10.5,10.5,25.548013245033115,1.0316777041942602,0.49130794701986763,1.0000000000000002e-06,0.061576028458122795,1.0316777041942602,0.49130794701986763,0.0,0.0,0.0,0.0,0.0,OK,
corr_mix,full,stale,1.0,1.0,budget_only,count,0.1,0.15,0.1,30,30,0,30,1.0,0.0,1.0,1.0316777041942602,0.49130794701986763,23.966666666666665,0.6,0.6,0.0,1.0,0.5666666666666667,1.0,0.5666666666666667,0.4,0.0,0.0,4.0,19.0,19.0,19.0,26.0,19.0,26.0,3.0,18.200000000000003,19.0,26.0,10.5,10.5,25.548013245033115,1.0316777041942602,0.49130794701986763,1.0000000000000002e-06,0.061576028458122795,1.0316777041942602,0.49130794701986763,0.0,0.0,0.0,0.0,0.0,OK,
corr_mix,full,stale,INFEASIBLE,0.0,budget_only,count,INFEASIBLE,INFEASIBLE,INFEASIBLE,INFEASIBLE,INFEASIBLE,INFEASIBLE,INFEASIBLE,INFEASIBLE,INFEASIBLE,INFEASIBLE,INFEASIBLE,INFEASIBLE,INFEASIBLE,INFEASIBLE,INFEASIBLE,INFEASIBLE,INFEASIBLE,INFEASIBLE,INFEASIBLE,INFEASIBLE,INFEASIBLE,INFEASIBLE,INFEASIBLE,,INFEASIBLE,INFEASIBLE,INFEASIBLE,INFEASIBLE,INFEASIBLE,INFEASIBLE,INFEASIBLE,INFEASIBLE,INFEASIBLE,INFEASIBLE,INFEASIBLE,INFEASIBLE,INFEASIBLE,INFEASIBLE,INFEASIBLE,INFEASIBLE,INFEASIBLE,INFEASIBLE,INFEASIBLE,INFEASIBLE,INFEASIBLE,INFEASIBLE,INFEASIBLE,INFEASIBLE,INFEASIBLE,no_trials_in_band
corr_mix,full,stale,INFEASIBLE,0.25,budget_only,count,INFEASIBLE,INFEASIBLE,INFEASIBLE,INFEASIBLE,INFEASIBLE,INFEASIBLE,INFEASIBLE,INFEASIBLE,INFEASIBLE,INFEASIBLE,INFEASIBLE,INFEASIBLE,INFEASIBLE,INFEASIBLE,INFEASIBLE,INFEASIBLE,INFEASIBLE,INFEASIBLE,INFEASIBLE,INFEASIBLE,INFEASIBLE,INFEASIBLE,INFEASIBLE,,INFEASIBLE,INFEASIBLE,INFEASIBLE,INFEASIBLE,INFEASIBLE,INFEASIBLE,INFEASIBLE,INFEASIBLE,INFEASIBLE,INFEASIBLE,INFEASIBLE,INFEASIBLE,INFEASIBLE,INFEASIBLE,INFEASIBLE,INFEASIBLE,INFEASIBLE,INFEASIBLE,INFEASIBLE,INFEASIBLE,INFEASIBLE,INFEASIBLE,INFEASIBLE,INFEASIBLE,INFEASIBLE,no_trials_in_band
corr_mix,full,stale,INFEASIBLE,0.5,budget_only,count,INFEASIBLE,INFEASIBLE,INFEASIBLE,INFEASIBLE,INFEASIBLE,INFEASIBLE,INFEASIBLE,INFEASIBLE,INFEASIBLE,INFEASIBLE,INFEASIBLE,INFEASIBLE,INFEASIBLE,INFEASIBLE,INFEASIBLE,INFEASIBLE,INFEASIBLE,INFEASIBLE,INFEASIBLE,INFEASIBLE,INFEASIBLE,INFEASIBLE,INFEASIBLE,,INFEASIBLE,INFEASIBLE,INFEASIBLE,INFEASIBLE,INFEASIBLE,INFEASIBLE,INFEASIBLE,INFEASIBLE,INFEASIBLE,INFEASIBLE,INFEASIBLE,INFEASIBLE,INFEASIBLE,INFEASIBLE,INFEASIBLE,INFEASIBLE,INFEASIBLE,INFEASIBLE,INFEASIBLE,INFEASIBLE,INFEASIBLE,INFEASIBLE,INFEASIBLE,INFEASIBLE,INFEASIBLE,no_trials_in_band
corr_mix,full,stale,INFEASIBLE,0.75,budget_only,count,INFEASIBLE,INFEASIBLE,INFEASIBLE,INFEASIBLE,INFEASIBLE,INFEASIBLE,INFEASIBLE,INFEASIBLE,INFEASIBLE,INFEASIBLE,INFEASIBLE,INFEASIBLE,INFEASIBLE,INFEASIBLE,INFEASIBLE,INFEASIBLE,INFEASIBLE,INFEASIBLE,INFEASIBLE,INFEASIBLE,INFEASIBLE,INFEASIBLE,INFEASIBLE,,INFEASIBLE,INFEASIBLE,INFEASIBLE,INFEASIBLE,INFEASIBLE,INFEASIBLE,INFEASIBLE,INFEASIBLE,INFEASIBLE,INFEASIBLE,INFEASIBLE,INFEASIBLE,INFEASIBLE,INFEASIBLE,INFEASIBLE,INFEASIBLE,INFEASIBLE,INFEASIBLE,INFEASIBLE,INFEASIBLE,INFEASIBLE,INFEASIBLE,INFEASIBLE,INFEASIBLE,INFEASIBLE,no_trials_in_band
corr_mix,full,stale,INFEASIBLE,1.0,budget_only,count,INFEASIBLE,INFEASIBLE,INFEASIBLE,INFEASIBLE,INFEASIBLE,INFEASIBLE,INFEASIBLE,INFEASIBLE,INFEASIBLE,INFEASIBLE,INFEASIBLE,INFEASIBLE,INFEASIBLE,INFEASIBLE,INFEASIBLE,INFEASIBLE,INFEASIBLE,INFEASIBLE,INFEASIBLE,INFEASIBLE,INFEASIBLE,INFEASIBLE,INFEASIBLE,,INFEASIBLE,INFEASIBLE,INFEASIBLE,INFEASIBLE,INFEASIBLE,INFEASIBLE,INFEASIBLE,INFEASIBLE,INFEASIBLE,INFEASIBLE,INFEASIBLE,INFEASIBLE,INFEASIBLE,INFEASIBLE,INFEASIBLE,INFEASIBLE,INFEASIBLE,INFEASIBLE,INFEASIBLE,INFEASIBLE,INFEASIBLE,INFEASIBLE,INFEASIBLE,INFEASIBLE,INFEASIBLE,no_trials_in_band
corr_mix,score_only,T2,1.0,0.0,budget_only,count,0.1,0.15,0.1,30,30,30,30,1.0,1.0,1.0,0.9671081677704196,0.027511037527593818,22.466666666666665,0.5333333333333333,0.5333333333333333,0.0,0.5666666666666667,0.1,0.5666666666666667,0.1,0.03333333333333333,0.1,0.1,4.0,22.5,22.5,22.5,26.0,22.5,26.0,20.0,26.0,22.5,26.0,11.0,11.0,1.4305739514348792,0.9671081677704196,0.027511037527593818,0.024415077161048883,0.0,0.9671081677704196,0.027511037527593818,0.0,0.0,0.0,0.0,0.0,OK,
corr_mix,score_only,T2,1.0,0.25,budget_only,count,0.1,0.15,0.1,30,30,30,30,1.0,1.0,1.0,0.9671081677704196,0.027511037527593818,22.466666666666665,0.6,0.5333333333333333,0.06666666666666665,0.6333333333333333,0.13333333333333333,0.6333333333333333,0.13333333333333333,0.03333333333333333,0.13333333333333333,0.13333333333333333,4.0,19.5,22.5,19.5,26.0,22.5,26.0,17.0,26.0,19.5,26.0,11.0,11.0,1.4248344370860935,0.9599337748344373,0.027400662251655626,0.024415077161048883,0.5248882095055267,0.9671081677704196,0.027511037527593818,0.017948717948717947,0.01111111111111111,0.010256410256410256,0.010256410256410256,-0.01111111111111111,OK,
corr_mix,score_only,T2,1.0,0.5,budget_only,count,0.1,0.15,0.1,30,30,30,30,1.0,1.0,1.0,0.9671081677704196,0.027511037527593818,22.466666666666665,0.6666666666666666,0.5333333333333333,0.1333333333333333,0.7,0.23333333333333334,0.7,0.23333333333333334,0.03333333333333333,0.23333333333333334,0.23333333333333334,4.0,15.5,22.5,15.5,26.0,22.5,26.0,14.0,26.0,15.5,26.0,8.0,11.0,1.4090507726269323,0.9527593818984551,0.02709713024282561,0.024415077161048883,2.1048427090158826,0.9671081677704196,0.027511037527593818,0.044871794871794886,0.01111111111111111,0.02179487179487179,0.029487179487179487,-0.01111111111111111,OK,
corr_mix,score_only,T2,1.0,0.75,budget_only,count,0.1,0.15,0.1,30,30,30,30,1.0,1.0,1.0,0.9671081677704196,0.027511037527593818,22.466666666666665,0.7333333333333333,0.5333333333333333,0.19999999999999996,0.7666666666666667,0.23333333333333334,0.7666666666666667,0.23333333333333334,0.03333333333333333,0.23333333333333334,0.23333333333333334,4.0,13.5,22.5,13.5,26.0,22.5,26.0,13.0,26.0,13.5,26.0,8.0,11.0,1.4033112582781464,0.9484547461368656,0.02698675496688742,0.024415077161048883,4.739863498531063,0.9671081677704196,0.027511037527593818,0.06153846153846155,0.01111111111111111,0.038461538461538464,0.04102564102564103,-0.01111111111111111,OK,
corr_mix,score_only,T2,1.0,1.0,budget_only,count,0.1,0.15,0.1,30,30,30,30,1.0,1.0,1.0,0.9671081677704196,0.027511037527593818,22.466666666666665,0.7333333333333333,0.5333333333333333,0.19999999999999996,0.7666666666666667,0.23333333333333334,0.7666666666666667,0.23333333333333334,0.03333333333333333,0.23333333333333334,0.23333333333333334,4.0,13.5,22.5,13.5,26.0,22.5,26.0,13.0,26.0,13.5,26.0,8.0,11.0,1.4004415011037534,0.9441501103752763,0.026931567328918327,0.024415077161048883,8.429950578051086,0.9671081677704196,0.027511037527593818,0.06538461538461539,0.01111111111111111,0.04487179487179487,0.04743589743589744,-0.01111111111111111,OK,
corr_mix,score_only,T2,INFEASIBLE,0.0,budget_only,count,INFEASIBLE,INFEASIBLE,INFEASIBLE,INFEASIBLE,INFEASIBLE,INFEASIBLE,INFEASIBLE,INFEASIBLE,INFEASIBLE,INFEASIBLE,INFEASIBLE,INFEASIBLE,INFEASIBLE,INFEASIBLE,INFEASIBLE,INFEASIBLE,INFEASIBLE,INFEASIBLE,INFEASIBLE,INFEASIBLE,INFEASIBLE,INFEASIBLE,INFEASIBLE,,INFEASIBLE,INFEASIBLE,INFEASIBLE,INFEASIBLE,INFEASIBLE,INFEASIBLE,INFEASIBLE,INFEASIBLE,INFEASIBLE,INFEASIBLE,INFEASIBLE,INFEASIBLE,INFEASIBLE,INFEASIBLE,INFEASIBLE,INFEASIBLE,INFEASIBLE,INFEASIBLE,INFEASIBLE,INFEASIBLE,INFEASIBLE,INFEASIBLE,INFEASIBLE,INFEASIBLE,INFEASIBLE,no_trials_in_band
corr_mix,score_only,T2,INFEASIBLE,0.25,budget_only,count,INFEASIBLE,INFEASIBLE,INFEASIBLE,INFEASIBLE,INFEASIBLE,INFEASIBLE,INFEASIBLE,INFEASIBLE,INFEASIBLE,INFEASIBLE,INFEASIBLE,INFEASIBLE,INFEASIBLE,INFEASIBLE,INFEASIBLE,INFEASIBLE,INFEASIBLE,INFEASIBLE,INFEASIBLE,INFEASIBLE,INFEASIBLE,INFEASIBLE,INFEASIBLE,,INFEASIBLE,INFEASIBLE,INFEASIBLE,INFEASIBLE,INFEASIBLE,INFEASIBLE,INFEASIBLE,INFEASIBLE,INFEASIBLE,INFEASIBLE,INFEASIBLE,INFEASIBLE,INFEASIBLE,INFEASIBLE,INFEASIBLE,INFEASIBLE,INFEASIBLE,INFEASIBLE,INFEASIBLE,INFEASIBLE,INFEASIBLE,INFEASIBLE,INFEASIBLE,INFEASIBLE,INFEASIBLE,no_trials_in_band
corr_mix,score_only,T2,INFEASIBLE,0.5,budget_only,count,INFEASIBLE,INFEASIBLE,INFEASIBLE,INFEASIBLE,INFEASIBLE,INFEASIBLE,INFEASIBLE,INFEASIBLE,INFEASIBLE,INFEASIBLE,INFEASIBLE,INFEASIBLE,INFEASIBLE,INFEASIBLE,INFEASIBLE,INFEASIBLE,INFEASIBLE,INFEASIBLE,INFEASIBLE,INFEASIBLE,INFEASIBLE,INFEASIBLE,INFEASIBLE,,INFEASIBLE,INFEASIBLE,INFEASIBLE,INFEASIBLE,INFEASIBLE,INFEASIBLE,INFEASIBLE,INFEASIBLE,INFEASIBLE,INFEASIBLE,INFEASIBLE,INFEASIBLE,INFEASIBLE,INFEASIBLE,INFEASIBLE,INFEASIBLE,INFEASIBLE,INFEASIBLE,INFEASIBLE,INFEASIBLE,INFEASIBLE,INFEASIBLE,INFEASIBLE,INFEASIBLE,INFEASIBLE,no_trials_in_band
corr_mix,score_only,T2,INFEASIBLE,0.75,budget_only,count,INFEASIBLE,INFEASIBLE,INFEASIBLE,INFEASIBLE,INFEASIBLE,INFEASIBLE,INFEASIBLE,INFEASIBLE,INFEASIBLE,INFEASIBLE,INFEASIBLE,INFEASIBLE,INFEASIBLE,INFEASIBLE,INFEASIBLE,INFEASIBLE,INFEASIBLE,INFEASIBLE,INFEASIBLE,INFEASIBLE,INFEASIBLE,INFEASIBLE,INFEASIBLE,,INFEASIBLE,INFEASIBLE,INFEASIBLE,INFEASIBLE,INFEASIBLE,INFEASIBLE,INFEASIBLE,INFEASIBLE,INFEASIBLE,INFEASIBLE,INFEASIBLE,INFEASIBLE,INFEASIBLE,INFEASIBLE,INFEASIBLE,INFEASIBLE,INFEASIBLE,INFEASIBLE,INFEASIBLE,INFEASIBLE,INFEASIBLE,INFEASIBLE,INFEASIBLE,INFEASIBLE,INFEASIBLE,no_trials_in_band
corr_mix,score_only,T2,INFEASIBLE,1.0,budget_only,count,INFEASIBLE,INFEASIBLE,INFEASIBLE,INFEASIBLE,INFEASIBLE,INFEASIBLE,INFEASIBLE,INFEASIBLE,INFEASIBLE,INFEASIBLE,INFEASIBLE,INFEASIBLE,INFEASIBLE,INFEASIBLE,INFEASIBLE,INFEASIBLE,INFEASIBLE,INFEASIBLE,INFEASIBLE,INFEASIBLE,INFEASIBLE,INFEASIBLE,INFEASIBLE,,INFEASIBLE,INFEASIBLE,INFEASIBLE,INFEASIBLE,INFEASIBLE,INFEASIBLE,INFEASIBLE,INFEASIBLE,INFEASIBLE,INFEASIBLE,INFEASIBLE,INFEASIBLE,INFEASIBLE,INFEASIBLE,INFEASIBLE,INFEASIBLE,INFEASIBLE,INFEASIBLE,INFEASIBLE,INFEASIBLE,INFEASIBLE,INFEASIBLE,INFEASIBLE,INFEASIBLE,INFEASIBLE,no_trials_in_band
corr_mix,score_only,coh_resid_energy,1.0,0.0,budget_only,count,0.1,0.15,0.1,30,30,30,30,1.0,1.0,1.0,0.9298013245033115,0.019481236203090505,21.6,0.4,0.4,0.0,0.4,0.13333333333333333,0.4,0.13333333333333333,0.0,0.13333333333333333,0.13333333333333333,4.0,26.0,26.0,26.0,26.0,26.0,26.0,26.0,26.0,26.0,26.0,13.5,13.5,1.0130242825607063,0.9298013245033115,0.019481236203090505,0.014241159089097342,0.0,0.9298013245033115,0.019481236203090505,0.0,0.0,0.0,0.0,0.0,OK,
corr_mix,score_only,coh_resid_energy,1.0,0.25,budget_only,count,0.1,0.15,0.1,30,30,30,30,1.0,1.0,1.0,0.9298013245033115,0.019481236203090505,21.6,0.4,0.4,0.0,0.4,0.13333333333333333,0.4,0.13333333333333333,0.0,0.13333333333333333,0.13333333333333333,4.0,26.0,26.0,26.0,26.0,26.0,26.0,26.0,26.0,26.0,26.0,13.5,13.5,1.0130242825607063,0.9298013245033115,0.019481236203090505,0.014241159089097342,-0.0007176269099733762,0.9298013245033115,0.019481236203090505,0.0,0.0,0.0,0.0,0.0,OK,
corr_mix,score_only,coh_resid_energy,1.0,0.5,budget_only,count,0.1,0.15,0.1,30,30,30,30,1.0,1.0,1.0,0.9298013245033115,0.019481236203090505,21.6,0.43333333333333335,0.4,0.033333333333333326,0.43333333333333335,0.13333333333333333,0.43333333333333335,0.13333333333333333,0.0,0.13333333333333333,0.13333333333333333,4.0,26.0,26.0,26.0,26.0,26.0,26.0,26.0,26.0,26.0,26.0,14.0,13.5,1.0115894039735098,0.9283664459161151,0.01945364238410596,0.014241159089097342,0.007188546831084039,0.9298013245033115,0.019481236203090505,0.001282051282051282,0.01111111111111111,0.001282051282051282,0.001282051282051282,-0.01111111111111111,OK,
corr_mix,score_only,coh_resid_energy,1.0,0.75,budget_only,count,0.1,0.15,0.1,30,30,30,30,1.0,1.0,1.0,0.9298013245033115,0.019481236203090505,21.6,0.43333333333333335,0.4,0.033333333333333326,0.43333333333333335,0.13333333333333333,0.43333333333333335,0.13333333333333333,0.0,0.13333333333333333,0.13333333333333333,4.0,26.0,26.0,26.0,26.0,26.0,26.0,26.0,26.0,26.0,26.0,14.0,13.5,1.0087196467991169,0.9283664459161151,0.019398454746136867,0.014241159089097342,0.023718521223172202,0.9298013245033115,0.019481236203090505,0.001282051282051282,0.01111111111111111,0.001282051282051282,0.001282051282051282,-0.01111111111111111,OK,
corr_mix,score_only,coh_resid_energy,1.0,1.0,budget_only,count,0.1,0.15,0.1,30,30,30,30,1.0,1.0,1.0,0.9298013245033115,0.019481236203090505,21.6,0.43333333333333335,0.4,0.033333333333333326,0.43333333333333335,0.13333333333333333,0.43333333333333335,0.13333333333333333,0.0,0.13333333333333333,0.13333333333333333,4.0,26.0,26.0,26.0,26.0,26.0,26.0,26.0,26.0,26.0,26.0,14.0,13.5,1.0058498896247239,0.9254966887417222,0.019343267108167767,0.014241159089097342,0.04887229626629116,0.9298013245033115,0.019481236203090505,0.002564102564102564,0.01111111111111111,0.002564102564102564,0.002564102564102564,-0.01111111111111111,OK,
corr_mix,score_only,coh_resid_energy,INFEASIBLE,0.0,budget_only,count,INFEASIBLE,INFEASIBLE,INFEASIBLE,INFEASIBLE,INFEASIBLE,INFEASIBLE,INFEASIBLE,INFEASIBLE,INFEASIBLE,INFEASIBLE,INFEASIBLE,INFEASIBLE,INFEASIBLE,INFEASIBLE,INFEASIBLE,INFEASIBLE,INFEASIBLE,INFEASIBLE,INFEASIBLE,INFEASIBLE,INFEASIBLE,INFEASIBLE,INFEASIBLE,,INFEASIBLE,INFEASIBLE,INFEASIBLE,INFEASIBLE,INFEASIBLE,INFEASIBLE,INFEASIBLE,INFEASIBLE,INFEASIBLE,INFEASIBLE,INFEASIBLE,INFEASIBLE,INFEASIBLE,INFEASIBLE,INFEASIBLE,INFEASIBLE,INFEASIBLE,INFEASIBLE,INFEASIBLE,INFEASIBLE,INFEASIBLE,INFEASIBLE,INFEASIBLE,INFEASIBLE,INFEASIBLE,no_trials_in_band
corr_mix,score_only,coh_resid_energy,INFEASIBLE,0.25,budget_only,count,INFEASIBLE,INFEASIBLE,INFEASIBLE,INFEASIBLE,INFEASIBLE,INFEASIBLE,INFEASIBLE,INFEASIBLE,INFEASIBLE,INFEASIBLE,INFEASIBLE,INFEASIBLE,INFEASIBLE,INFEASIBLE,INFEASIBLE,INFEASIBLE,INFEASIBLE,INFEASIBLE,INFEASIBLE,INFEASIBLE,INFEASIBLE,INFEASIBLE,INFEASIBLE,,INFEASIBLE,INFEASIBLE,INFEASIBLE,INFEASIBLE,INFEASIBLE,INFEASIBLE,INFEASIBLE,INFEASIBLE,INFEASIBLE,INFEASIBLE,INFEASIBLE,INFEASIBLE,INFEASIBLE,INFEASIBLE,INFEASIBLE,INFEASIBLE,INFEASIBLE,INFEASIBLE,INFEASIBLE,INFEASIBLE,INFEASIBLE,INFEASIBLE,INFEASIBLE,INFEASIBLE,INFEASIBLE,no_trials_in_band
corr_mix,score_only,coh_resid_energy,INFEASIBLE,0.5,budget_only,count,INFEASIBLE,INFEASIBLE,INFEASIBLE,INFEASIBLE,INFEASIBLE,INFEASIBLE,INFEASIBLE,INFEASIBLE,INFEASIBLE,INFEASIBLE,INFEASIBLE,INFEASIBLE,INFEASIBLE,INFEASIBLE,INFEASIBLE,INFEASIBLE,INFEASIBLE,INFEASIBLE,INFEASIBLE,INFEASIBLE,INFEASIBLE,INFEASIBLE,INFEASIBLE,,INFEASIBLE,INFEASIBLE,INFEASIBLE,INFEASIBLE,INFEASIBLE,INFEASIBLE,INFEASIBLE,INFEASIBLE,INFEASIBLE,INFEASIBLE,INFEASIBLE,INFEASIBLE,INFEASIBLE,INFEASIBLE,INFEASIBLE,INFEASIBLE,INFEASIBLE,INFEASIBLE,INFEASIBLE,INFEASIBLE,INFEASIBLE,INFEASIBLE,INFEASIBLE,INFEASIBLE,INFEASIBLE,no_trials_in_band
corr_mix,score_only,coh_resid_energy,INFEASIBLE,0.75,budget_only,count,INFEASIBLE,INFEASIBLE,INFEASIBLE,INFEASIBLE,INFEASIBLE,INFEASIBLE,INFEASIBLE,INFEASIBLE,INFEASIBLE,INFEASIBLE,INFEASIBLE,INFEASIBLE,INFEASIBLE,INFEASIBLE,INFEASIBLE,INFEASIBLE,INFEASIBLE,INFEASIBLE,INFEASIBLE,INFEASIBLE,INFEASIBLE,INFEASIBLE,INFEASIBLE,,INFEASIBLE,INFEASIBLE,INFEASIBLE,INFEASIBLE,INFEASIBLE,INFEASIBLE,INFEASIBLE,INFEASIBLE,INFEASIBLE,INFEASIBLE,INFEASIBLE,INFEASIBLE,INFEASIBLE,INFEASIBLE,INFEASIBLE,INFEASIBLE,INFEASIBLE,INFEASIBLE,INFEASIBLE,INFEASIBLE,INFEASIBLE,INFEASIBLE,INFEASIBLE,INFEASIBLE,INFEASIBLE,no_trials_in_band
corr_mix,score_only,coh_resid_energy,INFEASIBLE,1.0,budget_only,count,INFEASIBLE,INFEASIBLE,INFEASIBLE,INFEASIBLE,INFEASIBLE,INFEASIBLE,INFEASIBLE,INFEASIBLE,INFEASIBLE,INFEASIBLE,INFEASIBLE,INFEASIBLE,INFEASIBLE,INFEASIBLE,INFEASIBLE,INFEASIBLE,INFEASIBLE,INFEASIBLE,INFEASIBLE,INFEASIBLE,INFEASIBLE,INFEASIBLE,INFEASIBLE,,INFEASIBLE,INFEASIBLE,INFEASIBLE,INFEASIBLE,INFEASIBLE,INFEASIBLE,INFEASIBLE,INFEASIBLE,INFEASIBLE,INFEASIBLE,INFEASIBLE,INFEASIBLE,INFEASIBLE,INFEASIBLE,INFEASIBLE,INFEASIBLE,INFEASIBLE,INFEASIBLE,INFEASIBLE,INFEASIBLE,INFEASIBLE,INFEASIBLE,INFEASIBLE,INFEASIBLE,INFEASIBLE,no_trials_in_band
corr_mix,score_only,coh_resid_t2,1.0,0.0,budget_only,count,0.1,0.15,0.1,30,30,30,30,1.0,1.0,1.0,1.0115894039735098,0.021937086092715236,23.5,0.5,0.5,0.0,0.5,0.16666666666666666,0.5,0.16666666666666666,0.0,0.16666666666666666,0.16666666666666666,4.0,24.5,24.5,24.5,26.0,24.5,26.0,24.5,26.0,24.5,26.0,9.0,9.0,1.140728476821192,1.0115894039735098,0.021937086092715236,0.017120457464649675,0.0,1.0115894039735098,0.021937086092715236,0.0,0.0,0.0,0.0,0.0,OK,
corr_mix,score_only,coh_resid_t2,1.0,0.25,budget_only,count,0.1,0.15,0.1,30,30,30,30,1.0,1.0,1.0,1.0115894039735098,0.021937086092715236,23.5,0.5666666666666667,0.5,0.06666666666666665,0.5666666666666667,0.23333333333333334,0.5666666666666667,0.23333333333333334,0.0,0.23333333333333334,0.23333333333333334,4.0,15.5,24.5,15.5,26.0,24.5,26.0,15.5,26.0,15.5,26.0,8.0,9.0,1.1378587196467993,1.008719646799117,0.021881898454746144,0.017120457464649675,0.23015488305817886,1.0115894039735098,0.021937086092715236,0.011538461538461537,0.01111111111111111,0.0038461538461538464,0.0038461538461538464,-0.01111111111111111,OK,
corr_mix,score_only,coh_resid_t2,1.0,0.5,budget_only,count,0.1,0.15,0.1,30,30,30,30,1.0,1.0,1.0,1.0115894039735098,0.021937086092715236,23.5,0.6666666666666666,0.5,0.16666666666666663,0.6666666666666666,0.26666666666666666,0.6666666666666666,0.26666666666666666,0.0,0.26666666666666666,0.26666666666666666,4.0,14.0,24.5,14.0,26.0,24.5,26.0,14.0,26.0,14.0,26.0,8.5,9.0,1.1278145695364237,1.0015452538631346,0.02168874172185431,0.017120457464649675,0.9696410266040564,1.0115894039735098,0.021937086092715236,0.025641025641025644,0.01111111111111111,0.01282051282051282,0.01282051282051282,-0.01111111111111111,OK,
corr_mix,score_only,coh_resid_t2,1.0,0.75,budget_only,count,0.1,0.15,0.1,30,30,30,30,1.0,1.0,1.0,1.0115894039735098,0.021937086092715236,23.5,0.6666666666666666,0.5,0.16666666666666663,0.6666666666666666,0.26666666666666666,0.6666666666666666,0.26666666666666666,0.0,0.26666666666666666,0.26666666666666666,4.0,14.0,24.5,14.0,26.0,24.5,26.0,14.0,26.0,14.0,26.0,7.5,9.0,1.122075055187638,0.9958057395143488,0.021578366445916115,0.017120457464649675,2.21845843063763,1.0115894039735098,0.021937086092715236,0.03333333333333333,0.01111111111111111,0.015384615384615384,0.015384615384615384,-0.01111111111111111,OK,
corr_mix,score_only,coh_resid_t2,1.0,1.0,budget_only,count,0.1,0.15,0.1,30,30,30,30,1.0,1.0,1.0,1.0115894039735098,0.021937086092715236,23.5,0.7666666666666667,0.5,0.2666666666666667,0.8,0.3,0.8,0.3,0.03333333333333333,0.3,0.3,4.0,14.0,24.5,14.0,26.0,24.5,26.0,13.5,26.0,14.0,26.0,9.0,9.0,1.1149006622516557,0.9915011037527593,0.021440397350993384,0.017120457464649675,3.9766070951589056,1.0115894039735098,0.021937086092715236,0.044871794871794886,0.01111111111111111,0.02692307692307692,0.02692307692307692,-0.01111111111111111,OK,
corr_mix,score_only,coh_resid_t2,INFEASIBLE,0.0,budget_only,count,INFEASIBLE,INFEASIBLE,INFEASIBLE,INFEASIBLE,INFEASIBLE,INFEASIBLE,INFEASIBLE,INFEASIBLE,INFEASIBLE,INFEASIBLE,INFEASIBLE,INFEASIBLE,INFEASIBLE,INFEASIBLE,INFEASIBLE,INFEASIBLE,INFEASIBLE,INFEASIBLE,INFEASIBLE,INFEASIBLE,INFEASIBLE,INFEASIBLE,INFEASIBLE,,INFEASIBLE,INFEASIBLE,INFEASIBLE,INFEASIBLE,INFEASIBLE,INFEASIBLE,INFEASIBLE,INFEASIBLE,INFEASIBLE,INFEASIBLE,INFEASIBLE,INFEASIBLE,INFEASIBLE,INFEASIBLE,INFEASIBLE,INFEASIBLE,INFEASIBLE,INFEASIBLE,INFEASIBLE,INFEASIBLE,INFEASIBLE,INFEASIBLE,INFEASIBLE,INFEASIBLE,INFEASIBLE,no_trials_in_band
corr_mix,score_only,coh_resid_t2,INFEASIBLE,0.25,budget_only,count,INFEASIBLE,INFEASIBLE,INFEASIBLE,INFEASIBLE,INFEASIBLE,INFEASIBLE,INFEASIBLE,INFEASIBLE,INFEASIBLE,INFEASIBLE,INFEASIBLE,INFEASIBLE,INFEASIBLE,INFEASIBLE,INFEASIBLE,INFEASIBLE,INFEASIBLE,INFEASIBLE,INFEASIBLE,INFEASIBLE,INFEASIBLE,INFEASIBLE,INFEASIBLE,,INFEASIBLE,INFEASIBLE,INFEASIBLE,INFEASIBLE,INFEASIBLE,INFEASIBLE,INFEASIBLE,INFEASIBLE,INFEASIBLE,INFEASIBLE,INFEASIBLE,INFEASIBLE,INFEASIBLE,INFEASIBLE,INFEASIBLE,INFEASIBLE,INFEASIBLE,INFEASIBLE,INFEASIBLE,INFEASIBLE,INFEASIBLE,INFEASIBLE,INFEASIBLE,INFEASIBLE,INFEASIBLE,no_trials_in_band
corr_mix,score_only,coh_resid_t2,INFEASIBLE,0.5,budget_only,count,INFEASIBLE,INFEASIBLE,INFEASIBLE,INFEASIBLE,INFEASIBLE,INFEASIBLE,INFEASIBLE,INFEASIBLE,INFEASIBLE,INFEASIBLE,INFEASIBLE,INFEASIBLE,INFEASIBLE,INFEASIBLE,INFEASIBLE,INFEASIBLE,INFEASIBLE,INFEASIBLE,INFEASIBLE,INFEASIBLE,INFEASIBLE,INFEASIBLE,INFEASIBLE,,INFEASIBLE,INFEASIBLE,INFEASIBLE,INFEASIBLE,INFEASIBLE,INFEASIBLE,INFEASIBLE,INFEASIBLE,INFEASIBLE,INFEASIBLE,INFEASIBLE,INFEASIBLE,INFEASIBLE,INFEASIBLE,INFEASIBLE,INFEASIBLE,INFEASIBLE,INFEASIBLE,INFEASIBLE,INFEASIBLE,INFEASIBLE,INFEASIBLE,INFEASIBLE,INFEASIBLE,INFEASIBLE,no_trials_in_band
corr_mix,score_only,coh_resid_t2,INFEASIBLE,0.75,budget_only,count,INFEASIBLE,INFEASIBLE,INFEASIBLE,INFEASIBLE,INFEASIBLE,INFEASIBLE,INFEASIBLE,INFEASIBLE,INFEASIBLE,INFEASIBLE,INFEASIBLE,INFEASIBLE,INFEASIBLE,INFEASIBLE,INFEASIBLE,INFEASIBLE,INFEASIBLE,INFEASIBLE,INFEASIBLE,INFEASIBLE,INFEASIBLE,INFEASIBLE,INFEASIBLE,,INFEASIBLE,INFEASIBLE,INFEASIBLE,INFEASIBLE,INFEASIBLE,INFEASIBLE,INFEASIBLE,INFEASIBLE,INFEASIBLE,INFEASIBLE,INFEASIBLE,INFEASIBLE,INFEASIBLE,INFEASIBLE,INFEASIBLE,INFEASIBLE,INFEASIBLE,INFEASIBLE,INFEASIBLE,INFEASIBLE,INFEASIBLE,INFEASIBLE,INFEASIBLE,INFEASIBLE,INFEASIBLE,no_trials_in_band
corr_mix,score_only,coh_resid_t2,INFEASIBLE,1.0,budget_only,count,INFEASIBLE,INFEASIBLE,INFEASIBLE,INFEASIBLE,INFEASIBLE,INFEASIBLE,INFEASIBLE,INFEASIBLE,INFEASIBLE,INFEASIBLE,INFEASIBLE,INFEASIBLE,INFEASIBLE,INFEASIBLE,INFEASIBLE,INFEASIBLE,INFEASIBLE,INFEASIBLE,INFEASIBLE,INFEASIBLE,INFEASIBLE,INFEASIBLE,INFEASIBLE,,INFEASIBLE,INFEASIBLE,INFEASIBLE,INFEASIBLE,INFEASIBLE,INFEASIBLE,INFEASIBLE,INFEASIBLE,INFEASIBLE,INFEASIBLE,INFEASIBLE,INFEASIBLE,INFEASIBLE,INFEASIBLE,INFEASIBLE,INFEASIBLE,INFEASIBLE,INFEASIBLE,INFEASIBLE,INFEASIBLE,INFEASIBLE,INFEASIBLE,INFEASIBLE,INFEASIBLE,INFEASIBLE,no_trials_in_band
corr_mix,score_only,cusum_coh_resid_t2,1.0,0.0,budget_only,count,0.1,0.15,0.1,30,12,12,12,0.4,0.4,0.4,0.9685430463576159,0.02207505518763797,22.5,0.5,0.5,0.0,0.5,0.4166666666666667,0.5,0.4166666666666667,0.0,0.4166666666666667,0.4166666666666667,4.0,18.5,18.5,18.5,26.0,18.5,26.0,18.5,26.0,18.5,26.0,1.0,1.0,1.1479028697571743,0.9685430463576159,0.02207505518763797,NA,0.0,0.9685430463576159,0.02207505518763797,0.0,0.0,0.0,0.0,0.0,OK,
corr_mix,score_only,cusum_coh_resid_t2,1.0,0.25,budget_only,count,0.1,0.15,0.1,30,12,12,12,0.4,0.4,0.4,0.9685430463576159,0.02207505518763797,22.5,0.5833333333333334,0.5,0.08333333333333337,0.5833333333333334,0.4166666666666667,0.5833333333333334,0.4166666666666667,0.0,0.4166666666666667,0.4166666666666667,4.0,9.0,18.5,9.0,26.0,18.5,26.0,9.0,26.0,9.0,26.0,2.0,1.0,1.1479028697571743,0.9649558498896248,0.02207505518763797,NA,0.23120801158093504,0.9685430463576159,0.02207505518763797,0.019230769230769232,0.0,0.0,0.006410256410256411,0.0,OK,
corr_mix,score_only,cusum_coh_resid_t2,1.0,0.5,budget_only,count,0.1,0.15,0.1,30,12,12,12,0.4,0.4,0.4,0.9685430463576159,0.02207505518763797,22.5,0.8333333333333334,0.5,0.33333333333333337,0.8333333333333334,0.5,0.8333333333333334,0.5,0.0,0.5,0.5,4.0,6.5,18.5,6.5,25.6,18.5,26.0,6.5,25.6,6.5,25.6,1.5,1.0,1.1514900662251655,0.9685430463576159,0.022144039735099336,NA,0.9740778502264043,0.9685430463576159,0.02207505518763797,0.03205128205128205,0.0,0.012820512820512822,0.019230769230769232,0.0,OK,
corr_mix,score_only,cusum_coh_resid_t2,1.0,0.75,budget_only,count,0.1,0.15,0.1,30,12,12,12,0.4,0.4,0.4,0.9685430463576159,0.02207505518763797,22.5,0.9166666666666666,0.5,0.41666666666666663,0.9166666666666666,0.5,0.9166666666666666,0.5,0.0,0.5,0.5,4.0,5.5,18.5,5.5,23.8,18.5,26.0,5.5,23.8,5.5,23.8,0.0,1.0,1.1514900662251655,0.9685430463576159,0.022144039735099336,NA,2.228609515936405,0.9685430463576159,0.02207505518763797,0.04487179487179487,0.0,0.012820512820512822,0.025641025641025644,0.0,OK,
corr_mix,score_only,cusum_coh_resid_t2,1.0,1.0,budget_only,count,0.1,0.15,0.1,30,12,12,12,0.4,0.4,0.4,0.9685430463576159,0.02207505518763797,22.5,0.9166666666666666,0.5,0.41666666666666663,0.9166666666666666,0.5,0.9166666666666666,0.5,0.0,0.5,0.5,4.0,3.0,18.5,3.0,21.9,18.5,26.0,3.0,21.9,3.0,21.9,0.0,1.0,1.1479028697571743,0.9649558498896248,0.02207505518763797,NA,3.994803008710944,0.9685430463576159,0.02207505518763797,0.04487179487179487,0.0,0.012820512820512822,0.025641025641025644,0.0,OK,
corr_mix,score_only,cusum_coh_resid_t2,INFEASIBLE,0.0,budget_only,count,INFEASIBLE,INFEASIBLE,INFEASIBLE,INFEASIBLE,INFEASIBLE,INFEASIBLE,INFEASIBLE,INFEASIBLE,INFEASIBLE,INFEASIBLE,INFEASIBLE,INFEASIBLE,INFEASIBLE,INFEASIBLE,INFEASIBLE,INFEASIBLE,INFEASIBLE,INFEASIBLE,INFEASIBLE,INFEASIBLE,INFEASIBLE,INFEASIBLE,INFEASIBLE,,INFEASIBLE,INFEASIBLE,INFEASIBLE,INFEASIBLE,INFEASIBLE,INFEASIBLE,INFEASIBLE,INFEASIBLE,INFEASIBLE,INFEASIBLE,INFEASIBLE,INFEASIBLE,INFEASIBLE,INFEASIBLE,INFEASIBLE,INFEASIBLE,INFEASIBLE,INFEASIBLE,INFEASIBLE,INFEASIBLE,INFEASIBLE,INFEASIBLE,INFEASIBLE,INFEASIBLE,INFEASIBLE,no_trials_in_band
corr_mix,score_only,cusum_coh_resid_t2,INFEASIBLE,0.25,budget_only,count,INFEASIBLE,INFEASIBLE,INFEASIBLE,INFEASIBLE,INFEASIBLE,INFEASIBLE,INFEASIBLE,INFEASIBLE,INFEASIBLE,INFEASIBLE,INFEASIBLE,INFEASIBLE,INFEASIBLE,INFEASIBLE,INFEASIBLE,INFEASIBLE,INFEASIBLE,INFEASIBLE,INFEASIBLE,INFEASIBLE,INFEASIBLE,INFEASIBLE,INFEASIBLE,,INFEASIBLE,INFEASIBLE,INFEASIBLE,INFEASIBLE,INFEASIBLE,INFEASIBLE,INFEASIBLE,INFEASIBLE,INFEASIBLE,INFEASIBLE,INFEASIBLE,INFEASIBLE,INFEASIBLE,INFEASIBLE,INFEASIBLE,INFEASIBLE,INFEASIBLE,INFEASIBLE,INFEASIBLE,INFEASIBLE,INFEASIBLE,INFEASIBLE,INFEASIBLE,INFEASIBLE,INFEASIBLE,no_trials_in_band
corr_mix,score_only,cusum_coh_resid_t2,INFEASIBLE,0.5,budget_only,count,INFEASIBLE,INFEASIBLE,INFEASIBLE,INFEASIBLE,INFEASIBLE,INFEASIBLE,INFEASIBLE,INFEASIBLE,INFEASIBLE,INFEASIBLE,INFEASIBLE,INFEASIBLE,INFEASIBLE,INFEASIBLE,INFEASIBLE,INFEASIBLE,INFEASIBLE,INFEASIBLE,INFEASIBLE,INFEASIBLE,INFEASIBLE,INFEASIBLE,INFEASIBLE,,INFEASIBLE,INFEASIBLE,INFEASIBLE,INFEASIBLE,INFEASIBLE,INFEASIBLE,INFEASIBLE,INFEASIBLE,INFEASIBLE,INFEASIBLE,INFEASIBLE,INFEASIBLE,INFEASIBLE,INFEASIBLE,INFEASIBLE,INFEASIBLE,INFEASIBLE,INFEASIBLE,INFEASIBLE,INFEASIBLE,INFEASIBLE,INFEASIBLE,INFEASIBLE,INFEASIBLE,INFEASIBLE,no_trials_in_band
corr_mix,score_only,cusum_coh_resid_t2,INFEASIBLE,0.75,budget_only,count,INFEASIBLE,INFEASIBLE,INFEASIBLE,INFEASIBLE,INFEASIBLE,INFEASIBLE,INFEASIBLE,INFEASIBLE,INFEASIBLE,INFEASIBLE,INFEASIBLE,INFEASIBLE,INFEASIBLE,INFEASIBLE,INFEASIBLE,INFEASIBLE,INFEASIBLE,INFEASIBLE,INFEASIBLE,INFEASIBLE,INFEASIBLE,INFEASIBLE,INFEASIBLE,,INFEASIBLE,INFEASIBLE,INFEASIBLE,INFEASIBLE,INFEASIBLE,INFEASIBLE,INFEASIBLE,INFEASIBLE,INFEASIBLE,INFEASIBLE,INFEASIBLE,INFEASIBLE,INFEASIBLE,INFEASIBLE,INFEASIBLE,INFEASIBLE,INFEASIBLE,INFEASIBLE,INFEASIBLE,INFEASIBLE,INFEASIBLE,INFEASIBLE,INFEASIBLE,INFEASIBLE,INFEASIBLE,no_trials_in_band
corr_mix,score_only,cusum_coh_resid_t2,INFEASIBLE,1.0,budget_only,count,INFEASIBLE,INFEASIBLE,INFEASIBLE,INFEASIBLE,INFEASIBLE,INFEASIBLE,INFEASIBLE,INFEASIBLE,INFEASIBLE,INFEASIBLE,INFEASIBLE,INFEASIBLE,INFEASIBLE,INFEASIBLE,INFEASIBLE,INFEASIBLE,INFEASIBLE,INFEASIBLE,INFEASIBLE,INFEASIBLE,INFEASIBLE,INFEASIBLE,INFEASIBLE,,INFEASIBLE,INFEASIBLE,INFEASIBLE,INFEASIBLE,INFEASIBLE,INFEASIBLE,INFEASIBLE,INFEASIBLE,INFEASIBLE,INFEASIBLE,INFEASIBLE,INFEASIBLE,INFEASIBLE,INFEASIBLE,INFEASIBLE,INFEASIBLE,INFEASIBLE,INFEASIBLE,INFEASIBLE,INFEASIBLE,INFEASIBLE,INFEASIBLE,INFEASIBLE,INFEASIBLE,INFEASIBLE,no_trials_in_band
corr_mix,score_only,cusum_factor_cov_lrt,INFEASIBLE,0.0,budget_only,count,INFEASIBLE,INFEASIBLE,INFEASIBLE,INFEASIBLE,INFEASIBLE,INFEASIBLE,INFEASIBLE,INFEASIBLE,INFEASIBLE,INFEASIBLE,INFEASIBLE,INFEASIBLE,INFEASIBLE,INFEASIBLE,INFEASIBLE,INFEASIBLE,INFEASIBLE,INFEASIBLE,INFEASIBLE,INFEASIBLE,INFEASIBLE,INFEASIBLE,INFEASIBLE,,INFEASIBLE,INFEASIBLE,INFEASIBLE,INFEASIBLE,INFEASIBLE,INFEASIBLE,INFEASIBLE,INFEASIBLE,INFEASIBLE,INFEASIBLE,INFEASIBLE,INFEASIBLE,INFEASIBLE,INFEASIBLE,INFEASIBLE,INFEASIBLE,INFEASIBLE,INFEASIBLE,INFEASIBLE,INFEASIBLE,INFEASIBLE,INFEASIBLE,INFEASIBLE,INFEASIBLE,INFEASIBLE,no_trials_in_band
corr_mix,score_only,cusum_factor_cov_lrt,INFEASIBLE,0.25,budget_only,count,INFEASIBLE,INFEASIBLE,INFEASIBLE,INFEASIBLE,INFEASIBLE,INFEASIBLE,INFEASIBLE,INFEASIBLE,INFEASIBLE,INFEASIBLE,INFEASIBLE,INFEASIBLE,INFEASIBLE,INFEASIBLE,INFEASIBLE,INFEASIBLE,INFEASIBLE,INFEASIBLE,INFEASIBLE,INFEASIBLE,INFEASIBLE,INFEASIBLE,INFEASIBLE,,INFEASIBLE,INFEASIBLE,INFEASIBLE,INFEASIBLE,INFEASIBLE,INFEASIBLE,INFEASIBLE,INFEASIBLE,INFEASIBLE,INFEASIBLE,INFEASIBLE,INFEASIBLE,INFEASIBLE,INFEASIBLE,INFEASIBLE,INFEASIBLE,INFEASIBLE,INFEASIBLE,INFEASIBLE,INFEASIBLE,INFEASIBLE,INFEASIBLE,INFEASIBLE,INFEASIBLE,INFEASIBLE,no_trials_in_band
corr_mix,score_only,cusum_factor_cov_lrt,INFEASIBLE,0.5,budget_only,count,INFEASIBLE,INFEASIBLE,INFEASIBLE,INFEASIBLE,INFEASIBLE,INFEASIBLE,INFEASIBLE,INFEASIBLE,INFEASIBLE,INFEASIBLE,INFEASIBLE,INFEASIBLE,INFEASIBLE,INFEASIBLE,INFEASIBLE,INFEASIBLE,INFEASIBLE,INFEASIBLE,INFEASIBLE,INFEASIBLE,INFEASIBLE,INFEASIBLE,INFEASIBLE,,INFEASIBLE,INFEASIBLE,INFEASIBLE,INFEASIBLE,INFEASIBLE,INFEASIBLE,INFEASIBLE,INFEASIBLE,INFEASIBLE,INFEASIBLE,INFEASIBLE,INFEASIBLE,INFEASIBLE,INFEASIBLE,INFEASIBLE,INFEASIBLE,INFEASIBLE,INFEASIBLE,INFEASIBLE,INFEASIBLE,INFEASIBLE,INFEASIBLE,INFEASIBLE,INFEASIBLE,INFEASIBLE,no_trials_in_band
corr_mix,score_only,cusum_factor_cov_lrt,INFEASIBLE,0.75,budget_only,count,INFEASIBLE,INFEASIBLE,INFEASIBLE,INFEASIBLE,INFEASIBLE,INFEASIBLE,INFEASIBLE,INFEASIBLE,INFEASIBLE,INFEASIBLE,INFEASIBLE,INFEASIBLE,INFEASIBLE,INFEASIBLE,INFEASIBLE,INFEASIBLE,INFEASIBLE,INFEASIBLE,INFEASIBLE,INFEASIBLE,INFEASIBLE,INFEASIBLE,INFEASIBLE,,INFEASIBLE,INFEASIBLE,INFEASIBLE,INFEASIBLE,INFEASIBLE,INFEASIBLE,INFEASIBLE,INFEASIBLE,INFEASIBLE,INFEASIBLE,INFEASIBLE,INFEASIBLE,INFEASIBLE,INFEASIBLE,INFEASIBLE,INFEASIBLE,INFEASIBLE,INFEASIBLE,INFEASIBLE,INFEASIBLE,INFEASIBLE,INFEASIBLE,INFEASIBLE,INFEASIBLE,INFEASIBLE,no_trials_in_band
corr_mix,score_only,cusum_factor_cov_lrt,INFEASIBLE,1.0,budget_only,count,INFEASIBLE,INFEASIBLE,INFEASIBLE,INFEASIBLE,INFEASIBLE,INFEASIBLE,INFEASIBLE,INFEASIBLE,INFEASIBLE,INFEASIBLE,INFEASIBLE,INFEASIBLE,INFEASIBLE,INFEASIBLE,INFEASIBLE,INFEASIBLE,INFEASIBLE,INFEASIBLE,INFEASIBLE,INFEASIBLE,INFEASIBLE,INFEASIBLE,INFEASIBLE,,INFEASIBLE,INFEASIBLE,INFEASIBLE,INFEASIBLE,INFEASIBLE,INFEASIBLE,INFEASIBLE,INFEASIBLE,INFEASIBLE,INFEASIBLE,INFEASIBLE,INFEASIBLE,INFEASIBLE,INFEASIBLE,INFEASIBLE,INFEASIBLE,INFEASIBLE,INFEASIBLE,INFEASIBLE,INFEASIBLE,INFEASIBLE,INFEASIBLE,INFEASIBLE,INFEASIBLE,INFEASIBLE,no_trials_in_band
corr_mix,score_only,cusum_factor_cov_lrt,INFEASIBLE,0.0,budget_only,count,INFEASIBLE,INFEASIBLE,INFEASIBLE,INFEASIBLE,INFEASIBLE,INFEASIBLE,INFEASIBLE,INFEASIBLE,INFEASIBLE,INFEASIBLE,INFEASIBLE,INFEASIBLE,INFEASIBLE,INFEASIBLE,INFEASIBLE,INFEASIBLE,INFEASIBLE,INFEASIBLE,INFEASIBLE,INFEASIBLE,INFEASIBLE,INFEASIBLE,INFEASIBLE,,INFEASIBLE,INFEASIBLE,INFEASIBLE,INFEASIBLE,INFEASIBLE,INFEASIBLE,INFEASIBLE,INFEASIBLE,INFEASIBLE,INFEASIBLE,INFEASIBLE,INFEASIBLE,INFEASIBLE,INFEASIBLE,INFEASIBLE,INFEASIBLE,INFEASIBLE,INFEASIBLE,INFEASIBLE,INFEASIBLE,INFEASIBLE,INFEASIBLE,INFEASIBLE,INFEASIBLE,INFEASIBLE,no_trials_in_band
corr_mix,score_only,cusum_factor_cov_lrt,INFEASIBLE,0.25,budget_only,count,INFEASIBLE,INFEASIBLE,INFEASIBLE,INFEASIBLE,INFEASIBLE,INFEASIBLE,INFEASIBLE,INFEASIBLE,INFEASIBLE,INFEASIBLE,INFEASIBLE,INFEASIBLE,INFEASIBLE,INFEASIBLE,INFEASIBLE,INFEASIBLE,INFEASIBLE,INFEASIBLE,INFEASIBLE,INFEASIBLE,INFEASIBLE,INFEASIBLE,INFEASIBLE,,INFEASIBLE,INFEASIBLE,INFEASIBLE,INFEASIBLE,INFEASIBLE,INFEASIBLE,INFEASIBLE,INFEASIBLE,INFEASIBLE,INFEASIBLE,INFEASIBLE,INFEASIBLE,INFEASIBLE,INFEASIBLE,INFEASIBLE,INFEASIBLE,INFEASIBLE,INFEASIBLE,INFEASIBLE,INFEASIBLE,INFEASIBLE,INFEASIBLE,INFEASIBLE,INFEASIBLE,INFEASIBLE,no_trials_in_band
corr_mix,score_only,cusum_factor_cov_lrt,INFEASIBLE,0.5,budget_only,count,INFEASIBLE,INFEASIBLE,INFEASIBLE,INFEASIBLE,INFEASIBLE,INFEASIBLE,INFEASIBLE,INFEASIBLE,INFEASIBLE,INFEASIBLE,INFEASIBLE,INFEASIBLE,INFEASIBLE,INFEASIBLE,INFEASIBLE,INFEASIBLE,INFEASIBLE,INFEASIBLE,INFEASIBLE,INFEASIBLE,INFEASIBLE,INFEASIBLE,INFEASIBLE,,INFEASIBLE,INFEASIBLE,INFEASIBLE,INFEASIBLE,INFEASIBLE,INFEASIBLE,INFEASIBLE,INFEASIBLE,INFEASIBLE,INFEASIBLE,INFEASIBLE,INFEASIBLE,INFEASIBLE,INFEASIBLE,INFEASIBLE,INFEASIBLE,INFEASIBLE,INFEASIBLE,INFEASIBLE,INFEASIBLE,INFEASIBLE,INFEASIBLE,INFEASIBLE,INFEASIBLE,INFEASIBLE,no_trials_in_band
corr_mix,score_only,cusum_factor_cov_lrt,INFEASIBLE,0.75,budget_only,count,INFEASIBLE,INFEASIBLE,INFEASIBLE,INFEASIBLE,INFEASIBLE,INFEASIBLE,INFEASIBLE,INFEASIBLE,INFEASIBLE,INFEASIBLE,INFEASIBLE,INFEASIBLE,INFEASIBLE,INFEASIBLE,INFEASIBLE,INFEASIBLE,INFEASIBLE,INFEASIBLE,INFEASIBLE,INFEASIBLE,INFEASIBLE,INFEASIBLE,INFEASIBLE,,INFEASIBLE,INFEASIBLE,INFEASIBLE,INFEASIBLE,INFEASIBLE,INFEASIBLE,INFEASIBLE,INFEASIBLE,INFEASIBLE,INFEASIBLE,INFEASIBLE,INFEASIBLE,INFEASIBLE,INFEASIBLE,INFEASIBLE,INFEASIBLE,INFEASIBLE,INFEASIBLE,INFEASIBLE,INFEASIBLE,INFEASIBLE,INFEASIBLE,INFEASIBLE,INFEASIBLE,INFEASIBLE,no_trials_in_band
corr_mix,score_only,cusum_factor_cov_lrt,INFEASIBLE,1.0,budget_only,count,INFEASIBLE,INFEASIBLE,INFEASIBLE,INFEASIBLE,INFEASIBLE,INFEASIBLE,INFEASIBLE,INFEASIBLE,INFEASIBLE,INFEASIBLE,INFEASIBLE,INFEASIBLE,INFEASIBLE,INFEASIBLE,INFEASIBLE,INFEASIBLE,INFEASIBLE,INFEASIBLE,INFEASIBLE,INFEASIBLE,INFEASIBLE,INFEASIBLE,INFEASIBLE,,INFEASIBLE,INFEASIBLE,INFEASIBLE,INFEASIBLE,INFEASIBLE,INFEASIBLE,INFEASIBLE,INFEASIBLE,INFEASIBLE,INFEASIBLE,INFEASIBLE,INFEASIBLE,INFEASIBLE,INFEASIBLE,INFEASIBLE,INFEASIBLE,INFEASIBLE,INFEASIBLE,INFEASIBLE,INFEASIBLE,INFEASIBLE,INFEASIBLE,INFEASIBLE,INFEASIBLE,INFEASIBLE,no_trials_in_band
corr_mix,score_only,ewma_coh_resid_t2,1.0,0.0,budget_only,count,0.1,0.15,0.1,30,19,19,19,0.6333333333333333,0.6333333333333333,0.6333333333333333,0.8609271523178809,0.09175670965493203,20.0,0.0,0.0,0.0,0.15789473684210525,0.15789473684210525,0.15789473684210525,0.15789473684210525,0.15789473684210525,0.15789473684210525,0.15789473684210525,4.0,26.0,26.0,26.0,26.0,26.0,26.0,26.0,26.0,26.0,26.0,NA,NA,4.771348902056466,0.8609271523178809,0.09175670965493203,0.04121453227134665,0.41343050993881236,0.8609271523178809,0.09175670965493203,0.0,0.0,0.0,0.0,0.0,OK,
corr_mix,score_only,ewma_coh_resid_t2,1.0,0.25,budget_only,count,0.1,0.15,0.1,30,19,19,19,0.6333333333333333,0.6333333333333333,0.6333333333333333,0.8609271523178809,0.09175670965493203,20.0,0.21052631578947367,0.0,0.21052631578947367,0.3684210526315789,0.15789473684210525,0.3684210526315789,0.15789473684210525,0.15789473684210525,0.15789473684210525,0.15789473684210525,4.0,26.0,26.0,26.0,26.0,26.0,26.0,26.0,26.0,26.0,26.0,14.5,NA,4.732833739979087,0.854130359010108,0.09101603346113628,0.04121453227134665,0.6964851855346016,0.8609271523178809,0.09175670965493203,0.012145748987854251,0.0,0.012145748987854251,0.012145748987854251,0.0,OK,
corr_mix,score_only,ewma_coh_resid_t2,1.0,0.5,budget_only,count,0.1,0.15,0.1,30,19,19,19,0.6333333333333333,0.6333333333333333,0.6333333333333333,0.8609271523178809,0.09175670965493203,20.0,0.3157894736842105,0.0,0.3157894736842105,0.47368421052631576,0.21052631578947367,0.47368421052631576,0.21052631578947367,0.15789473684210525,0.21052631578947367,0.21052631578947367,4.0,26.0,26.0,26.0,26.0,26.0,26.0,26.0,26.0,26.0,26.0,9.5,NA,4.676193795747648,0.8495991634715928,0.08992680376437782,0.04121453227134665,1.5055025133499504,0.8609271523178809,0.09175670965493203,0.03036437246963563,0.0,0.03036437246963563,0.03036437246963563,0.0,OK,
corr_mix,score_only,ewma_coh_resid_t2,1.0,0.75,budget_only,count,0.1,0.15,0.1,30,19,19,19,0.6333333333333333,0.6333333333333333,0.6333333333333333,0.8609271523178809,0.09175670965493203,20.0,0.3684210526315789,0.0,0.3684210526315789,0.5263157894736842,0.3157894736842105,0.5263157894736842,0.3157894736842105,0.15789473684210525,0.3157894736842105,0.3157894736842105,4.0,26.0,26.0,26.0,26.0,26.0,26.0,16.0,26.0,26.0,26.0,8.0,NA,4.642209829208784,0.8428023701638201,0.08927326594632276,0.04121453227134665,2.844880971049088,0.8609271523178809,0.09175670965493203,0.05263157894736842,0.0,0.05263157894736842,0.05263157894736842,0.0,OK,
corr_mix,score_only,ewma_coh_resid_t2,1.0,1.0,budget_only,count,0.1,0.15,0.1,30,19,19,19,0.6333333333333333,0.6333333333333333,0.6333333333333333,0.8609271523178809,0.09175670965493203,20.0,0.5263157894736842,0.0,0.5263157894736842,0.6842105263157895,0.3157894736842105,0.6842105263157895,0.3157894736842105,0.15789473684210525,0.3157894736842105,0.3157894736842105,4.0,24.0,26.0,24.0,26.0,26.0,26.0,11.0,26.0,24.0,26.0,7.5,NA,4.624085047054723,0.8382711746253051,0.08892471244336005,0.04121453227134665,4.657462341146698,0.8609271523178809,0.09175670965493203,0.10728744939271255,0.0,0.10728744939271255,0.10728744939271255,0.0,OK,
corr_mix,score_only,ewma_coh_resid_t2,INFEASIBLE,0.0,budget_only,count,INFEASIBLE,INFEASIBLE,INFEASIBLE,INFEASIBLE,INFEASIBLE,INFEASIBLE,INFEASIBLE,INFEASIBLE,INFEASIBLE,INFEASIBLE,INFEASIBLE,INFEASIBLE,INFEASIBLE,INFEASIBLE,INFEASIBLE,INFEASIBLE,INFEASIBLE,INFEASIBLE,INFEASIBLE,INFEASIBLE,INFEASIBLE,INFEASIBLE,INFEASIBLE,,INFEASIBLE,INFEASIBLE,INFEASIBLE,INFEASIBLE,INFEASIBLE,INFEASIBLE,INFEASIBLE,INFEASIBLE,INFEASIBLE,INFEASIBLE,INFEASIBLE,INFEASIBLE,INFEASIBLE,INFEASIBLE,INFEASIBLE,INFEASIBLE,INFEASIBLE,INFEASIBLE,INFEASIBLE,INFEASIBLE,INFEASIBLE,INFEASIBLE,INFEASIBLE,INFEASIBLE,INFEASIBLE,no_trials_in_band
corr_mix,score_only,ewma_coh_resid_t2,INFEASIBLE,0.25,budget_only,count,INFEASIBLE,INFEASIBLE,INFEASIBLE,INFEASIBLE,INFEASIBLE,INFEASIBLE,INFEASIBLE,INFEASIBLE,INFEASIBLE,INFEASIBLE,INFEASIBLE,INFEASIBLE,INFEASIBLE,INFEASIBLE,INFEASIBLE,INFEASIBLE,INFEASIBLE,INFEASIBLE,INFEASIBLE,INFEASIBLE,INFEASIBLE,INFEASIBLE,INFEASIBLE,,INFEASIBLE,INFEASIBLE,INFEASIBLE,INFEASIBLE,INFEASIBLE,INFEASIBLE,INFEASIBLE,INFEASIBLE,INFEASIBLE,INFEASIBLE,INFEASIBLE,INFEASIBLE,INFEASIBLE,INFEASIBLE,INFEASIBLE,INFEASIBLE,INFEASIBLE,INFEASIBLE,INFEASIBLE,INFEASIBLE,INFEASIBLE,INFEASIBLE,INFEASIBLE,INFEASIBLE,INFEASIBLE,no_trials_in_band
corr_mix,score_only,ewma_coh_resid_t2,INFEASIBLE,0.5,budget_only,count,INFEASIBLE,INFEASIBLE,INFEASIBLE,INFEASIBLE,INFEASIBLE,INFEASIBLE,INFEASIBLE,INFEASIBLE,INFEASIBLE,INFEASIBLE,INFEASIBLE,INFEASIBLE,INFEASIBLE,INFEASIBLE,INFEASIBLE,INFEASIBLE,INFEASIBLE,INFEASIBLE,INFEASIBLE,INFEASIBLE,INFEASIBLE,INFEASIBLE,INFEASIBLE,,INFEASIBLE,INFEASIBLE,INFEASIBLE,INFEASIBLE,INFEASIBLE,INFEASIBLE,INFEASIBLE,INFEASIBLE,INFEASIBLE,INFEASIBLE,INFEASIBLE,INFEASIBLE,INFEASIBLE,INFEASIBLE,INFEASIBLE,INFEASIBLE,INFEASIBLE,INFEASIBLE,INFEASIBLE,INFEASIBLE,INFEASIBLE,INFEASIBLE,INFEASIBLE,INFEASIBLE,INFEASIBLE,no_trials_in_band
corr_mix,score_only,ewma_coh_resid_t2,INFEASIBLE,0.75,budget_only,count,INFEASIBLE,INFEASIBLE,INFEASIBLE,INFEASIBLE,INFEASIBLE,INFEASIBLE,INFEASIBLE,INFEASIBLE,INFEASIBLE,INFEASIBLE,INFEASIBLE,INFEASIBLE,INFEASIBLE,INFEASIBLE,INFEASIBLE,INFEASIBLE,INFEASIBLE,INFEASIBLE,INFEASIBLE,INFEASIBLE,INFEASIBLE,INFEASIBLE,INFEASIBLE,,INFEASIBLE,INFEASIBLE,INFEASIBLE,INFEASIBLE,INFEASIBLE,INFEASIBLE,INFEASIBLE,INFEASIBLE,INFEASIBLE,INFEASIBLE,INFEASIBLE,INFEASIBLE,INFEASIBLE,INFEASIBLE,INFEASIBLE,INFEASIBLE,INFEASIBLE,INFEASIBLE,INFEASIBLE,INFEASIBLE,INFEASIBLE,INFEASIBLE,INFEASIBLE,INFEASIBLE,INFEASIBLE,no_trials_in_band
corr_mix,score_only,ewma_coh_resid_t2,INFEASIBLE,1.0,budget_only,count,INFEASIBLE,INFEASIBLE,INFEASIBLE,INFEASIBLE,INFEASIBLE,INFEASIBLE,INFEASIBLE,INFEASIBLE,INFEASIBLE,INFEASIBLE,INFEASIBLE,INFEASIBLE,INFEASIBLE,INFEASIBLE,INFEASIBLE,INFEASIBLE,INFEASIBLE,INFEASIBLE,INFEASIBLE,INFEASIBLE,INFEASIBLE,INFEASIBLE,INFEASIBLE,,INFEASIBLE,INFEASIBLE,INFEASIBLE,INFEASIBLE,INFEASIBLE,INFEASIBLE,INFEASIBLE,INFEASIBLE,INFEASIBLE,INFEASIBLE,INFEASIBLE,INFEASIBLE,INFEASIBLE,INFEASIBLE,INFEASIBLE,INFEASIBLE,INFEASIBLE,INFEASIBLE,INFEASIBLE,INFEASIBLE,INFEASIBLE,INFEASIBLE,INFEASIBLE,INFEASIBLE,INFEASIBLE,no_trials_in_band
corr_mix,score_only,ewma_factor_cov_lrt,1.0,0.0,budget_only,count,0.1,0.15,0.1,30,30,30,30,1.0,1.0,1.0,1.014459161147903,0.07146799116997792,23.566666666666666,0.4666666666666667,0.4666666666666667,0.0,0.4666666666666667,0.06666666666666667,0.4666666666666667,0.06666666666666667,0.0,0.06666666666666667,0.06666666666666667,4.0,26.0,26.0,26.0,26.0,26.0,26.0,26.0,26.0,26.0,26.0,12.0,12.0,3.7163355408388523,1.014459161147903,0.07146799116997792,0.12699209930326175,0.2427309191528589,1.014459161147903,0.07146799116997792,0.0,0.0,0.0,0.0,0.0,OK,
corr_mix,score_only,ewma_factor_cov_lrt,1.0,0.25,budget_only,count,0.1,0.15,0.1,30,30,30,30,1.0,1.0,1.0,1.014459161147903,0.07146799116997792,23.566666666666666,0.43333333333333335,0.4666666666666667,-0.033333333333333326,0.4666666666666667,0.1,0.4666666666666667,0.1,0.03333333333333333,0.1,0.1,4.0,26.0,26.0,26.0,26.0,26.0,26.0,26.0,26.0,26.0,26.0,11.0,12.0,3.7479028697571746,1.0245033112582782,0.07207505518763797,0.12699209930326175,0.1654019560653417,1.014459161147903,0.07146799116997792,0.03846153846153846,0.02222222222222222,-0.023076923076923085,0.03076923076923077,-0.02222222222222222,OK,
corr_mix,score_only,ewma_factor_cov_lrt,1.0,0.5,budget_only,count,0.1,0.15,0.1,30,30,30,30,1.0,1.0,1.0,1.014459161147903,0.07146799116997792,23.566666666666666,0.6,0.4666666666666667,0.1333333333333333,0.6,0.0,0.6,0.0,0.0,0.0,0.0,4.0,18.5,26.0,18.5,26.0,26.0,26.0,18.5,26.0,18.5,26.0,12.5,12.0,3.6991169977924945,1.0130242825607065,0.07113686534216335,0.12699209930326175,0.37825378056980674,1.014459161147903,0.07146799116997792,0.053846153846153856,0.02222222222222222,0.010256410256410256,0.01794871794871795,-0.02222222222222222,OK,
corr_mix,score_only,ewma_factor_cov_lrt,1.0,0.75,budget_only,count,0.1,0.15,0.1,30,30,30,30,1.0,1.0,1.0,1.014459161147903,0.07146799116997792,23.566666666666666,0.7333333333333333,0.4666666666666667,0.2666666666666666,0.7333333333333333,0.0,0.7333333333333333,0.0,0.0,0.0,0.0,4.0,16.0,26.0,16.0,26.0,26.0,26.0,16.0,26.0,16.0,26.0,12.5,12.0,3.6761589403973507,1.0072847682119206,0.0706953642384106,0.12699209930326175,0.8911665609333531,1.014459161147903,0.07146799116997792,0.1230769230769231,0.08888888888888888,0.03333333333333333,0.08205128205128204,-0.022222222222222216,OK,
corr_mix,score_only,ewma_factor_cov_lrt,1.0,1.0,budget_only,count,0.1,0.15,0.1,30,30,30,30,1.0,1.0,1.0,1.014459161147903,0.07146799116997792,23.566666666666666,0.9,0.4666666666666667,0.43333333333333335,0.9,0.03333333333333333,0.9,0.03333333333333333,0.0,0.03333333333333333,0.03333333333333333,4.0,13.0,26.0,13.0,24.200000000000003,26.0,26.0,13.0,24.200000000000003,13.0,24.200000000000003,12.0,12.0,3.638852097130243,0.9943708609271523,0.06997792494481235,0.12699209930326175,1.9758141179246531,1.014459161147903,0.07146799116997792,0.19743589743589737,0.14444444444444443,0.15128205128205124,0.1538461538461538,0.03333333333333333,OK,
corr_mix,score_only,ewma_factor_cov_lrt,INFEASIBLE,0.0,budget_only,count,INFEASIBLE,INFEASIBLE,INFEASIBLE,INFEASIBLE,INFEASIBLE,INFEASIBLE,INFEASIBLE,INFEASIBLE,INFEASIBLE,INFEASIBLE,INFEASIBLE,INFEASIBLE,INFEASIBLE,INFEASIBLE,INFEASIBLE,INFEASIBLE,INFEASIBLE,INFEASIBLE,INFEASIBLE,INFEASIBLE,INFEASIBLE,INFEASIBLE,INFEASIBLE,,INFEASIBLE,INFEASIBLE,INFEASIBLE,INFEASIBLE,INFEASIBLE,INFEASIBLE,INFEASIBLE,INFEASIBLE,INFEASIBLE,INFEASIBLE,INFEASIBLE,INFEASIBLE,INFEASIBLE,INFEASIBLE,INFEASIBLE,INFEASIBLE,INFEASIBLE,INFEASIBLE,INFEASIBLE,INFEASIBLE,INFEASIBLE,INFEASIBLE,INFEASIBLE,INFEASIBLE,INFEASIBLE,no_trials_in_band
corr_mix,score_only,ewma_factor_cov_lrt,INFEASIBLE,0.25,budget_only,count,INFEASIBLE,INFEASIBLE,INFEASIBLE,INFEASIBLE,INFEASIBLE,INFEASIBLE,INFEASIBLE,INFEASIBLE,INFEASIBLE,INFEASIBLE,INFEASIBLE,INFEASIBLE,INFEASIBLE,INFEASIBLE,INFEASIBLE,INFEASIBLE,INFEASIBLE,INFEASIBLE,INFEASIBLE,INFEASIBLE,INFEASIBLE,INFEASIBLE,INFEASIBLE,,INFEASIBLE,INFEASIBLE,INFEASIBLE,INFEASIBLE,INFEASIBLE,INFEASIBLE,INFEASIBLE,INFEASIBLE,INFEASIBLE,INFEASIBLE,INFEASIBLE,INFEASIBLE,INFEASIBLE,INFEASIBLE,INFEASIBLE,INFEASIBLE,INFEASIBLE,INFEASIBLE,INFEASIBLE,INFEASIBLE,INFEASIBLE,INFEASIBLE,INFEASIBLE,INFEASIBLE,INFEASIBLE,no_trials_in_band
corr_mix,score_only,ewma_factor_cov_lrt,INFEASIBLE,0.5,budget_only,count,INFEASIBLE,INFEASIBLE,INFEASIBLE,INFEASIBLE,INFEASIBLE,INFEASIBLE,INFEASIBLE,INFEASIBLE,INFEASIBLE,INFEASIBLE,INFEASIBLE,INFEASIBLE,INFEASIBLE,INFEASIBLE,INFEASIBLE,INFEASIBLE,INFEASIBLE,INFEASIBLE,INFEASIBLE,INFEASIBLE,INFEASIBLE,INFEASIBLE,INFEASIBLE,,INFEASIBLE,INFEASIBLE,INFEASIBLE,INFEASIBLE,INFEASIBLE,INFEASIBLE,INFEASIBLE,INFEASIBLE,INFEASIBLE,INFEASIBLE,INFEASIBLE,INFEASIBLE,INFEASIBLE,INFEASIBLE,INFEASIBLE,INFEASIBLE,INFEASIBLE,INFEASIBLE,INFEASIBLE,INFEASIBLE,INFEASIBLE,INFEASIBLE,INFEASIBLE,INFEASIBLE,INFEASIBLE,no_trials_in_band
corr_mix,score_only,ewma_factor_cov_lrt,INFEASIBLE,0.75,budget_only,count,INFEASIBLE,INFEASIBLE,INFEASIBLE,INFEASIBLE,INFEASIBLE,INFEASIBLE,INFEASIBLE,INFEASIBLE,INFEASIBLE,INFEASIBLE,INFEASIBLE,INFEASIBLE,INFEASIBLE,INFEASIBLE,INFEASIBLE,INFEASIBLE,INFEASIBLE,INFEASIBLE,INFEASIBLE,INFEASIBLE,INFEASIBLE,INFEASIBLE,INFEASIBLE,,INFEASIBLE,INFEASIBLE,INFEASIBLE,INFEASIBLE,INFEASIBLE,INFEASIBLE,INFEASIBLE,INFEASIBLE,INFEASIBLE,INFEASIBLE,INFEASIBLE,INFEASIBLE,INFEASIBLE,INFEASIBLE,INFEASIBLE,INFEASIBLE,INFEASIBLE,INFEASIBLE,INFEASIBLE,INFEASIBLE,INFEASIBLE,INFEASIBLE,INFEASIBLE,INFEASIBLE,INFEASIBLE,no_trials_in_band
corr_mix,score_only,ewma_factor_cov_lrt,INFEASIBLE,1.0,budget_only,count,INFEASIBLE,INFEASIBLE,INFEASIBLE,INFEASIBLE,INFEASIBLE,INFEASIBLE,INFEASIBLE,INFEASIBLE,INFEASIBLE,INFEASIBLE,INFEASIBLE,INFEASIBLE,INFEASIBLE,INFEASIBLE,INFEASIBLE,INFEASIBLE,INFEASIBLE,INFEASIBLE,INFEASIBLE,INFEASIBLE,INFEASIBLE,INFEASIBLE,INFEASIBLE,,INFEASIBLE,INFEASIBLE,INFEASIBLE,INFEASIBLE,INFEASIBLE,INFEASIBLE,INFEASIBLE,INFEASIBLE,INFEASIBLE,INFEASIBLE,INFEASIBLE,INFEASIBLE,INFEASIBLE,INFEASIBLE,INFEASIBLE,INFEASIBLE,INFEASIBLE,INFEASIBLE,INFEASIBLE,INFEASIBLE,INFEASIBLE,INFEASIBLE,INFEASIBLE,INFEASIBLE,INFEASIBLE,no_trials_in_band
corr_mix,score_only,factor_cov_change,1.0,0.0,budget_only,count,0.1,0.15,0.1,30,30,30,30,1.0,1.0,1.0,0.9714128035320092,0.055849889624724064,22.566666666666666,0.4666666666666667,0.4666666666666667,0.0,0.4666666666666667,0.13333333333333333,0.4666666666666667,0.13333333333333333,0.0,0.13333333333333333,0.13333333333333333,4.0,26.0,26.0,26.0,26.0,26.0,26.0,26.0,26.0,26.0,26.0,8.0,8.0,2.9041942604856517,0.9714128035320092,0.055849889624724064,0.09142781782314015,0.024521977028071625,0.9714128035320092,0.055849889624724064,0.0,0.0,0.0,0.0,0.0,OK,
corr_mix,score_only,factor_cov_change,1.0,0.25,budget_only,count,0.1,0.15,0.1,30,30,30,30,1.0,1.0,1.0,0.9714128035320092,0.055849889624724064,22.566666666666666,0.43333333333333335,0.4666666666666667,-0.033333333333333326,0.43333333333333335,0.13333333333333333,0.43333333333333335,0.13333333333333333,0.0,0.13333333333333333,0.13333333333333333,4.0,26.0,26.0,26.0,26.0,26.0,26.0,26.0,26.0,26.0,26.0,8.0,8.0,2.9142384105960266,0.9728476821192056,0.0560430463576159,0.09142781782314015,0.013239032754795921,0.9714128035320092,0.055849889624724064,0.001282051282051282,0.0,-0.001282051282051282,0.001282051282051282,0.0,OK,
corr_mix,score_only,factor_cov_change,1.0,0.5,budget_only,count,0.1,0.15,0.1,30,30,30,30,1.0,1.0,1.0,0.9714128035320092,0.055849889624724064,22.566666666666666,0.43333333333333335,0.4666666666666667,-0.033333333333333326,0.43333333333333335,0.13333333333333333,0.43333333333333335,0.13333333333333333,0.0,0.13333333333333333,0.13333333333333333,4.0,26.0,26.0,26.0,26.0,26.0,26.0,26.0,26.0,26.0,26.0,8.0,8.0,2.909933774834437,0.9714128035320092,0.055960264900662256,0.09142781782314015,0.06020056790797333,0.9714128035320092,0.055849889624724064,0.001282051282051282,0.01111111111111111,-0.001282051282051282,0.001282051282051282,-0.01111111111111111,OK,
corr_mix,score_only,factor_cov_change,1.0,0.75,budget_only,count,0.1,0.15,0.1,30,30,30,30,1.0,1.0,1.0,0.9714128035320092,0.055849889624724064,22.566666666666666,0.5,0.4666666666666667,0.033333333333333326,0.5,0.13333333333333333,0.5,0.13333333333333333,0.0,0.13333333333333333,0.13333333333333333,4.0,24.5,26.0,24.5,26.0,26.0,26.0,24.5,26.0,24.5,26.0,8.0,8.0,2.902759381898455,0.9628035320088304,0.05582229580573952,0.09142781782314015,0.12332566353625542,0.9714128035320092,0.055849889624724064,0.02307692307692308,0.02222222222222222,0.02051282051282051,0.02307692307692308,0.0,OK,
corr_mix,score_only,factor_cov_change,1.0,1.0,budget_only,count,0.1,0.15,0.1,30,30,30,30,1.0,1.0,1.0,0.9714128035320092,0.055849889624724064,22.566666666666666,0.6,0.4666666666666667,0.1333333333333333,0.6,0.16666666666666666,0.6,0.16666666666666666,0.0,0.16666666666666666,0.16666666666666666,4.0,22.5,26.0,22.5,26.0,26.0,26.0,22.5,26.0,22.5,26.0,8.0,8.0,2.8726269315673294,0.9613686534216339,0.055242825607064026,0.09142781782314015,0.2026484486429121,0.9714128035320092,0.055849889624724064,0.038461538461538464,0.01111111111111111,0.035897435897435895,0.035897435897435895,-0.01111111111111111,OK,
corr_mix,score_only,factor_cov_change,INFEASIBLE,0.0,budget_only,count,INFEASIBLE,INFEASIBLE,INFEASIBLE,INFEASIBLE,INFEASIBLE,INFEASIBLE,INFEASIBLE,INFEASIBLE,INFEASIBLE,INFEASIBLE,INFEASIBLE,INFEASIBLE,INFEASIBLE,INFEASIBLE,INFEASIBLE,INFEASIBLE,INFEASIBLE,INFEASIBLE,INFEASIBLE,INFEASIBLE,INFEASIBLE,INFEASIBLE,INFEASIBLE,,INFEASIBLE,INFEASIBLE,INFEASIBLE,INFEASIBLE,INFEASIBLE,INFEASIBLE,INFEASIBLE,INFEASIBLE,INFEASIBLE,INFEASIBLE,INFEASIBLE,INFEASIBLE,INFEASIBLE,INFEASIBLE,INFEASIBLE,INFEASIBLE,INFEASIBLE,INFEASIBLE,INFEASIBLE,INFEASIBLE,INFEASIBLE,INFEASIBLE,INFEASIBLE,INFEASIBLE,INFEASIBLE,no_trials_in_band
corr_mix,score_only,factor_cov_change,INFEASIBLE,0.25,budget_only,count,INFEASIBLE,INFEASIBLE,INFEASIBLE,INFEASIBLE,INFEASIBLE,INFEASIBLE,INFEASIBLE,INFEASIBLE,INFEASIBLE,INFEASIBLE,INFEASIBLE,INFEASIBLE,INFEASIBLE,INFEASIBLE,INFEASIBLE,INFEASIBLE,INFEASIBLE,INFEASIBLE,INFEASIBLE,INFEASIBLE,INFEASIBLE,INFEASIBLE,INFEASIBLE,,INFEASIBLE,INFEASIBLE,INFEASIBLE,INFEASIBLE,INFEASIBLE,INFEASIBLE,INFEASIBLE,INFEASIBLE,INFEASIBLE,INFEASIBLE,INFEASIBLE,INFEASIBLE,INFEASIBLE,INFEASIBLE,INFEASIBLE,INFEASIBLE,INFEASIBLE,INFEASIBLE,INFEASIBLE,INFEASIBLE,INFEASIBLE,INFEASIBLE,INFEASIBLE,INFEASIBLE,INFEASIBLE,no_trials_in_band
corr_mix,score_only,factor_cov_change,INFEASIBLE,0.5,budget_only,count,INFEASIBLE,INFEASIBLE,INFEASIBLE,INFEASIBLE,INFEASIBLE,INFEASIBLE,INFEASIBLE,INFEASIBLE,INFEASIBLE,INFEASIBLE,INFEASIBLE,INFEASIBLE,INFEASIBLE,INFEASIBLE,INFEASIBLE,INFEASIBLE,INFEASIBLE,INFEASIBLE,INFEASIBLE,INFEASIBLE,INFEASIBLE,INFEASIBLE,INFEASIBLE,,INFEASIBLE,INFEASIBLE,INFEASIBLE,INFEASIBLE,INFEASIBLE,INFEASIBLE,INFEASIBLE,INFEASIBLE,INFEASIBLE,INFEASIBLE,INFEASIBLE,INFEASIBLE,INFEASIBLE,INFEASIBLE,INFEASIBLE,INFEASIBLE,INFEASIBLE,INFEASIBLE,INFEASIBLE,INFEASIBLE,INFEASIBLE,INFEASIBLE,INFEASIBLE,INFEASIBLE,INFEASIBLE,no_trials_in_band
corr_mix,score_only,factor_cov_change,INFEASIBLE,0.75,budget_only,count,INFEASIBLE,INFEASIBLE,INFEASIBLE,INFEASIBLE,INFEASIBLE,INFEASIBLE,INFEASIBLE,INFEASIBLE,INFEASIBLE,INFEASIBLE,INFEASIBLE,INFEASIBLE,INFEASIBLE,INFEASIBLE,INFEASIBLE,INFEASIBLE,INFEASIBLE,INFEASIBLE,INFEASIBLE,INFEASIBLE,INFEASIBLE,INFEASIBLE,INFEASIBLE,,INFEASIBLE,INFEASIBLE,INFEASIBLE,INFEASIBLE,INFEASIBLE,INFEASIBLE,INFEASIBLE,INFEASIBLE,INFEASIBLE,INFEASIBLE,INFEASIBLE,INFEASIBLE,INFEASIBLE,INFEASIBLE,INFEASIBLE,INFEASIBLE,INFEASIBLE,INFEASIBLE,INFEASIBLE,INFEASIBLE,INFEASIBLE,INFEASIBLE,INFEASIBLE,INFEASIBLE,INFEASIBLE,no_trials_in_band
corr_mix,score_only,factor_cov_change,INFEASIBLE,1.0,budget_only,count,INFEASIBLE,INFEASIBLE,INFEASIBLE,INFEASIBLE,INFEASIBLE,INFEASIBLE,INFEASIBLE,INFEASIBLE,INFEASIBLE,INFEASIBLE,INFEASIBLE,INFEASIBLE,INFEASIBLE,INFEASIBLE,INFEASIBLE,INFEASIBLE,INFEASIBLE,INFEASIBLE,INFEASIBLE,INFEASIBLE,INFEASIBLE,INFEASIBLE,INFEASIBLE,,INFEASIBLE,INFEASIBLE,INFEASIBLE,INFEASIBLE,INFEASIBLE,INFEASIBLE,INFEASIBLE,INFEASIBLE,INFEASIBLE,INFEASIBLE,INFEASIBLE,INFEASIBLE,INFEASIBLE,INFEASIBLE,INFEASIBLE,INFEASIBLE,INFEASIBLE,INFEASIBLE,INFEASIBLE,INFEASIBLE,INFEASIBLE,INFEASIBLE,INFEASIBLE,INFEASIBLE,INFEASIBLE,no_trials_in_band
corr_mix,score_only,factor_cov_delta,1.0,0.0,budget_only,count,0.1,0.15,0.1,30,30,30,30,1.0,1.0,1.0,0.9699779249448125,0.018653421633554088,22.533333333333335,0.4666666666666667,0.4666666666666667,0.0,0.4666666666666667,0.03333333333333333,0.4666666666666667,0.03333333333333333,0.0,0.03333333333333333,0.03333333333333333,4.0,26.0,26.0,26.0,26.0,26.0,26.0,26.0,26.0,26.0,26.0,9.5,9.5,0.9699779249448125,0.9699779249448125,0.018653421633554088,0.015593327187977506,0.013604971861811628,0.9699779249448125,0.018653421633554088,0.0,0.0,0.0,0.0,0.0,OK,
corr_mix,score_only,factor_cov_delta,1.0,0.25,budget_only,count,0.1,0.15,0.1,30,30,30,30,1.0,1.0,1.0,0.9699779249448125,0.018653421633554088,22.533333333333335,0.4,0.4666666666666667,-0.06666666666666665,0.4,0.03333333333333333,0.4,0.03333333333333333,0.0,0.03333333333333333,0.03333333333333333,4.0,26.0,26.0,26.0,26.0,26.0,26.0,26.0,26.0,26.0,26.0,13.5,9.5,0.9714128035320091,0.9714128035320091,0.018681015452538637,0.015593327187977506,0.02259047873047299,0.9699779249448125,0.018653421633554088,0.012820512820512822,0.01111111111111111,-0.002564102564102564,0.002564102564102564,0.01111111111111111,OK,
corr_mix,score_only,factor_cov_delta,1.0,0.5,budget_only,count,0.1,0.15,0.1,30,30,30,30,1.0,1.0,1.0,0.9699779249448125,0.018653421633554088,22.533333333333335,0.43333333333333335,0.4666666666666667,-0.033333333333333326,0.43333333333333335,0.03333333333333333,0.43333333333333335,0.03333333333333333,0.0,0.03333333333333333,0.03333333333333333,4.0,26.0,26.0,26.0,26.0,26.0,26.0,26.0,26.0,26.0,26.0,12.0,9.5,0.9714128035320091,0.9714128035320091,0.018681015452538637,0.015593327187977506,0.03422977000788818,0.9699779249448125,0.018653421633554088,0.01153846153846154,0.01111111111111111,-0.001282051282051282,0.001282051282051282,0.01111111111111111,OK,
corr_mix,score_only,factor_cov_delta,1.0,0.75,budget_only,count,0.1,0.15,0.1,30,30,30,30,1.0,1.0,1.0,0.9699779249448125,0.018653421633554088,22.533333333333335,0.3333333333333333,0.4666666666666667,-0.13333333333333336,0.3333333333333333,0.03333333333333333,0.3333333333333333,0.03333333333333333,0.0,0.03333333333333333,0.03333333333333333,4.0,26.0,26.0,26.0,26.0,26.0,26.0,26.0,26.0,26.0,26.0,8.5,9.5,0.9714128035320091,0.9714128035320091,0.018681015452538637,0.015593327187977506,0.047679827779150336,0.9699779249448125,0.018653421633554088,0.007692307692307693,0.01111111111111111,-0.005128205128205128,0.005128205128205128,0.01111111111111111,OK,
corr_mix,score_only,factor_cov_delta,1.0,1.0,budget_only,count,0.1,0.15,0.1,30,30,30,30,1.0,1.0,1.0,0.9699779249448125,0.018653421633554088,22.533333333333335,0.4,0.4666666666666667,-0.06666666666666665,0.4,0.06666666666666667,0.4,0.06666666666666667,0.0,0.06666666666666667,0.06666666666666667,4.0,26.0,26.0,26.0,26.0,26.0,26.0,26.0,26.0,26.0,26.0,8.0,9.5,0.9656732891832233,0.9656732891832233,0.018570640176600442,0.015593327187977506,0.07211309426345845,0.9699779249448125,0.018653421633554088,0.010256410256410256,0.0,-0.002564102564102564,0.005128205128205128,0.0,OK,
corr_mix,score_only,factor_cov_delta,INFEASIBLE,0.0,budget_only,count,INFEASIBLE,INFEASIBLE,INFEASIBLE,INFEASIBLE,INFEASIBLE,INFEASIBLE,INFEASIBLE,INFEASIBLE,INFEASIBLE,INFEASIBLE,INFEASIBLE,INFEASIBLE,INFEASIBLE,INFEASIBLE,INFEASIBLE,INFEASIBLE,INFEASIBLE,INFEASIBLE,INFEASIBLE,INFEASIBLE,INFEASIBLE,INFEASIBLE,INFEASIBLE,,INFEASIBLE,INFEASIBLE,INFEASIBLE,INFEASIBLE,INFEASIBLE,INFEASIBLE,INFEASIBLE,INFEASIBLE,INFEASIBLE,INFEASIBLE,INFEASIBLE,INFEASIBLE,INFEASIBLE,INFEASIBLE,INFEASIBLE,INFEASIBLE,INFEASIBLE,INFEASIBLE,INFEASIBLE,INFEASIBLE,INFEASIBLE,INFEASIBLE,INFEASIBLE,INFEASIBLE,INFEASIBLE,no_trials_in_band
corr_mix,score_only,factor_cov_delta,INFEASIBLE,0.25,budget_only,count,INFEASIBLE,INFEASIBLE,INFEASIBLE,INFEASIBLE,INFEASIBLE,INFEASIBLE,INFEASIBLE,INFEASIBLE,INFEASIBLE,INFEASIBLE,INFEASIBLE,INFEASIBLE,INFEASIBLE,INFEASIBLE,INFEASIBLE,INFEASIBLE,INFEASIBLE,INFEASIBLE,INFEASIBLE,INFEASIBLE,INFEASIBLE,INFEASIBLE,INFEASIBLE,,INFEASIBLE,INFEASIBLE,INFEASIBLE,INFEASIBLE,INFEASIBLE,INFEASIBLE,INFEASIBLE,INFEASIBLE,INFEASIBLE,INFEASIBLE,INFEASIBLE,INFEASIBLE,INFEASIBLE,INFEASIBLE,INFEASIBLE,INFEASIBLE,INFEASIBLE,INFEASIBLE,INFEASIBLE,INFEASIBLE,INFEASIBLE,INFEASIBLE,INFEASIBLE,INFEASIBLE,INFEASIBLE,no_trials_in_band
corr_mix,score_only,factor_cov_delta,INFEASIBLE,0.5,budget_only,count,INFEASIBLE,INFEASIBLE,INFEASIBLE,INFEASIBLE,INFEASIBLE,INFEASIBLE,INFEASIBLE,INFEASIBLE,INFEASIBLE,INFEASIBLE,INFEASIBLE,INFEASIBLE,INFEASIBLE,INFEASIBLE,INFEASIBLE,INFEASIBLE,INFEASIBLE,INFEASIBLE,INFEASIBLE,INFEASIBLE,INFEASIBLE,INFEASIBLE,INFEASIBLE,,INFEASIBLE,INFEASIBLE,INFEASIBLE,INFEASIBLE,INFEASIBLE,INFEASIBLE,INFEASIBLE,INFEASIBLE,INFEASIBLE,INFEASIBLE,INFEASIBLE,INFEASIBLE,INFEASIBLE,INFEASIBLE,INFEASIBLE,INFEASIBLE,INFEASIBLE,INFEASIBLE,INFEASIBLE,INFEASIBLE,INFEASIBLE,INFEASIBLE,INFEASIBLE,INFEASIBLE,INFEASIBLE,no_trials_in_band
corr_mix,score_only,factor_cov_delta,INFEASIBLE,0.75,budget_only,count,INFEASIBLE,INFEASIBLE,INFEASIBLE,INFEASIBLE,INFEASIBLE,INFEASIBLE,INFEASIBLE,INFEASIBLE,INFEASIBLE,INFEASIBLE,INFEASIBLE,INFEASIBLE,INFEASIBLE,INFEASIBLE,INFEASIBLE,INFEASIBLE,INFEASIBLE,INFEASIBLE,INFEASIBLE,INFEASIBLE,INFEASIBLE,INFEASIBLE,INFEASIBLE,,INFEASIBLE,INFEASIBLE,INFEASIBLE,INFEASIBLE,INFEASIBLE,INFEASIBLE,INFEASIBLE,INFEASIBLE,INFEASIBLE,INFEASIBLE,INFEASIBLE,INFEASIBLE,INFEASIBLE,INFEASIBLE,INFEASIBLE,INFEASIBLE,INFEASIBLE,INFEASIBLE,INFEASIBLE,INFEASIBLE,INFEASIBLE,INFEASIBLE,INFEASIBLE,INFEASIBLE,INFEASIBLE,no_trials_in_band
corr_mix,score_only,factor_cov_delta,INFEASIBLE,1.0,budget_only,count,INFEASIBLE,INFEASIBLE,INFEASIBLE,INFEASIBLE,INFEASIBLE,INFEASIBLE,INFEASIBLE,INFEASIBLE,INFEASIBLE,INFEASIBLE,INFEASIBLE,INFEASIBLE,INFEASIBLE,INFEASIBLE,INFEASIBLE,INFEASIBLE,INFEASIBLE,INFEASIBLE,INFEASIBLE,INFEASIBLE,INFEASIBLE,INFEASIBLE,INFEASIBLE,,INFEASIBLE,INFEASIBLE,INFEASIBLE,INFEASIBLE,INFEASIBLE,INFEASIBLE,INFEASIBLE,INFEASIBLE,INFEASIBLE,INFEASIBLE,INFEASIBLE,INFEASIBLE,INFEASIBLE,INFEASIBLE,INFEASIBLE,INFEASIBLE,INFEASIBLE,INFEASIBLE,INFEASIBLE,INFEASIBLE,INFEASIBLE,INFEASIBLE,INFEASIBLE,INFEASIBLE,INFEASIBLE,no_trials_in_band
corr_mix,score_only,factor_cov_lrt,1.0,0.0,budget_only,count,0.1,0.15,0.1,30,30,30,30,1.0,1.0,1.0,0.9742825607064021,0.0975717439293598,22.633333333333333,0.43333333333333335,0.43333333333333335,0.0,0.5333333333333333,0.16666666666666666,0.5333333333333333,0.16666666666666666,0.1,0.16666666666666666,0.16666666666666666,4.0,26.0,26.0,26.0,26.0,26.0,26.0,23.5,26.0,26.0,26.0,8.0,8.0,5.07373068432671,0.9742825607064021,0.0975717439293598,0.24222861062157472,-0.06327563341274908,0.9742825607064021,0.0975717439293598,0.0,0.0,0.0,0.0,0.0,OK,
corr_mix,score_only,factor_cov_lrt,1.0,0.25,budget_only,count,0.1,0.15,0.1,30,30,30,30,1.0,1.0,1.0,0.9742825607064021,0.0975717439293598,22.633333333333333,0.43333333333333335,0.43333333333333335,0.0,0.5333333333333333,0.16666666666666666,0.5333333333333333,0.16666666666666666,0.1,0.16666666666666666,0.16666666666666666,4.0,26.0,26.0,26.0,26.0,26.0,26.0,24.5,26.0,26.0,26.0,11.0,8.0,5.105298013245034,0.9757174392935984,0.09817880794701986,0.24222861062157472,-0.022055233871616568,0.9742825607064021,0.0975717439293598,0.03717948717948717,0.06666666666666667,0.003846153846153848,0.029487179487179493,0.04444444444444444,OK,
corr_mix,score_only,factor_cov_lrt,1.0,0.5,budget_only,count,0.1,0.15,0.1,30,30,30,30,1.0,1.0,1.0,0.9742825607064021,0.0975717439293598,22.633333333333333,0.6,0.43333333333333335,0.16666666666666663,0.7,0.2,0.7,0.2,0.1,0.2,0.2,4.0,22.0,26.0,22.0,26.0,26.0,26.0,19.0,26.0,22.0,26.0,10.5,8.0,5.096688741721854,0.9714128035320092,0.09801324503311257,0.24222861062157472,0.029197462450116018,0.9742825607064021,0.0975717439293598,0.03974358974358974,0.04444444444444444,0.021794871794871794,0.03461538461538462,0.022222222222222223,OK,
corr_mix,score_only,factor_cov_lrt,1.0,0.75,budget_only,count,0.1,0.15,0.1,30,30,30,30,1.0,1.0,1.0,0.9742825607064021,0.0975717439293598,22.633333333333333,0.7666666666666667,0.43333333333333335,0.33333333333333337,0.9,0.2,0.9,0.2,0.13333333333333333,0.2,0.2,4.0,19.5,26.0,19.5,26.0,26.0,26.0,11.0,25.1,19.5,26.0,11.0,8.0,5.067991169977925,0.9628035320088303,0.09746136865342162,0.24222861062157472,0.17399832425444828,0.9742825607064021,0.0975717439293598,0.07692307692307691,0.08888888888888888,0.023076923076923075,0.05384615384615386,-0.022222222222222216,OK,
corr_mix,score_only,factor_cov_lrt,1.0,1.0,budget_only,count,0.1,0.15,0.1,30,30,30,30,1.0,1.0,1.0,0.9742825607064021,0.0975717439293598,22.633333333333333,0.8666666666666667,0.43333333333333335,0.43333333333333335,0.9333333333333333,0.23333333333333334,0.9333333333333333,0.23333333333333334,0.06666666666666667,0.23333333333333334,0.23333333333333334,4.0,11.0,26.0,11.0,26.0,26.0,26.0,7.5,24.1,11.0,26.0,7.5,8.0,5.067991169977925,0.9628035320088303,0.09746136865342163,0.24222861062157472,0.33972516621772125,0.9742825607064021,0.0975717439293598,0.08846153846153847,0.06666666666666667,0.03717948717948718,0.057692307692307696,3.7007434154171884e-18,OK,
corr_mix,score_only,factor_cov_lrt,INFEASIBLE,0.0,budget_only,count,INFEASIBLE,INFEASIBLE,INFEASIBLE,INFEASIBLE,INFEASIBLE,INFEASIBLE,INFEASIBLE,INFEASIBLE,INFEASIBLE,INFEASIBLE,INFEASIBLE,INFEASIBLE,INFEASIBLE,INFEASIBLE,INFEASIBLE,INFEASIBLE,INFEASIBLE,INFEASIBLE,INFEASIBLE,INFEASIBLE,INFEASIBLE,INFEASIBLE,INFEASIBLE,,INFEASIBLE,INFEASIBLE,INFEASIBLE,INFEASIBLE,INFEASIBLE,INFEASIBLE,INFEASIBLE,INFEASIBLE,INFEASIBLE,INFEASIBLE,INFEASIBLE,INFEASIBLE,INFEASIBLE,INFEASIBLE,INFEASIBLE,INFEASIBLE,INFEASIBLE,INFEASIBLE,INFEASIBLE,INFEASIBLE,INFEASIBLE,INFEASIBLE,INFEASIBLE,INFEASIBLE,INFEASIBLE,no_trials_in_band
corr_mix,score_only,factor_cov_lrt,INFEASIBLE,0.25,budget_only,count,INFEASIBLE,INFEASIBLE,INFEASIBLE,INFEASIBLE,INFEASIBLE,INFEASIBLE,INFEASIBLE,INFEASIBLE,INFEASIBLE,INFEASIBLE,INFEASIBLE,INFEASIBLE,INFEASIBLE,INFEASIBLE,INFEASIBLE,INFEASIBLE,INFEASIBLE,INFEASIBLE,INFEASIBLE,INFEASIBLE,INFEASIBLE,INFEASIBLE,INFEASIBLE,,INFEASIBLE,INFEASIBLE,INFEASIBLE,INFEASIBLE,INFEASIBLE,INFEASIBLE,INFEASIBLE,INFEASIBLE,INFEASIBLE,INFEASIBLE,INFEASIBLE,INFEASIBLE,INFEASIBLE,INFEASIBLE,INFEASIBLE,INFEASIBLE,INFEASIBLE,INFEASIBLE,INFEASIBLE,INFEASIBLE,INFEASIBLE,INFEASIBLE,INFEASIBLE,INFEASIBLE,INFEASIBLE,no_trials_in_band
corr_mix,score_only,factor_cov_lrt,INFEASIBLE,0.5,budget_only,count,INFEASIBLE,INFEASIBLE,INFEASIBLE,INFEASIBLE,INFEASIBLE,INFEASIBLE,INFEASIBLE,INFEASIBLE,INFEASIBLE,INFEASIBLE,INFEASIBLE,INFEASIBLE,INFEASIBLE,INFEASIBLE,INFEASIBLE,INFEASIBLE,INFEASIBLE,INFEASIBLE,INFEASIBLE,INFEASIBLE,INFEASIBLE,INFEASIBLE,INFEASIBLE,,INFEASIBLE,INFEASIBLE,INFEASIBLE,INFEASIBLE,INFEASIBLE,INFEASIBLE,INFEASIBLE,INFEASIBLE,INFEASIBLE,INFEASIBLE,INFEASIBLE,INFEASIBLE,INFEASIBLE,INFEASIBLE,INFEASIBLE,INFEASIBLE,INFEASIBLE,INFEASIBLE,INFEASIBLE,INFEASIBLE,INFEASIBLE,INFEASIBLE,INFEASIBLE,INFEASIBLE,INFEASIBLE,no_trials_in_band
corr_mix,score_only,factor_cov_lrt,INFEASIBLE,0.75,budget_only,count,INFEASIBLE,INFEASIBLE,INFEASIBLE,INFEASIBLE,INFEASIBLE,INFEASIBLE,INFEASIBLE,INFEASIBLE,INFEASIBLE,INFEASIBLE,INFEASIBLE,INFEASIBLE,INFEASIBLE,INFEASIBLE,INFEASIBLE,INFEASIBLE,INFEASIBLE,INFEASIBLE,INFEASIBLE,INFEASIBLE,INFEASIBLE,INFEASIBLE,INFEASIBLE,,INFEASIBLE,INFEASIBLE,INFEASIBLE,INFEASIBLE,INFEASIBLE,INFEASIBLE,INFEASIBLE,INFEASIBLE,INFEASIBLE,INFEASIBLE,INFEASIBLE,INFEASIBLE,INFEASIBLE,INFEASIBLE,INFEASIBLE,INFEASIBLE,INFEASIBLE,INFEASIBLE,INFEASIBLE,INFEASIBLE,INFEASIBLE,INFEASIBLE,INFEASIBLE,INFEASIBLE,INFEASIBLE,no_trials_in_band
corr_mix,score_only,factor_cov_lrt,INFEASIBLE,1.0,budget_only,count,INFEASIBLE,INFEASIBLE,INFEASIBLE,INFEASIBLE,INFEASIBLE,INFEASIBLE,INFEASIBLE,INFEASIBLE,INFEASIBLE,INFEASIBLE,INFEASIBLE,INFEASIBLE,INFEASIBLE,INFEASIBLE,INFEASIBLE,INFEASIBLE,INFEASIBLE,INFEASIBLE,INFEASIBLE,INFEASIBLE,INFEASIBLE,INFEASIBLE,INFEASIBLE,,INFEASIBLE,INFEASIBLE,INFEASIBLE,INFEASIBLE,INFEASIBLE,INFEASIBLE,INFEASIBLE,INFEASIBLE,INFEASIBLE,INFEASIBLE,INFEASIBLE,INFEASIBLE,INFEASIBLE,INFEASIBLE,INFEASIBLE,INFEASIBLE,INFEASIBLE,INFEASIBLE,INFEASIBLE,INFEASIBLE,INFEASIBLE,INFEASIBLE,INFEASIBLE,INFEASIBLE,INFEASIBLE,no_trials_in_band
corr_mix,score_only,factor_cov_lrt_delta,1.0,0.0,budget_only,count,0.1,0.15,0.1,30,30,30,30,1.0,1.0,1.0,1.0115894039735098,0.021054083885209716,23.5,0.5,0.5,0.0,0.5,0.06666666666666667,0.5,0.06666666666666667,0.0,0.06666666666666667,0.06666666666666667,4.0,25.5,25.5,25.5,26.0,25.5,26.0,25.5,26.0,25.5,26.0,15.0,15.0,1.094812362030905,1.0115894039735098,0.021054083885209716,0.020294593204858803,0.2691935383443128,1.0115894039735098,0.021054083885209716,0.0,0.0,0.0,0.0,0.0,OK,
corr_mix,score_only,factor_cov_lrt_delta,1.0,0.25,budget_only,count,0.1,0.15,0.1,30,30,30,30,1.0,1.0,1.0,1.0115894039735098,0.021054083885209716,23.5,0.4666666666666667,0.5,-0.033333333333333326,0.4666666666666667,0.1,0.4666666666666667,0.1,0.0,0.1,0.1,4.0,26.0,25.5,26.0,26.0,25.5,26.0,26.0,26.0,26.0,26.0,15.5,15.0,1.0991169977924946,1.0101545253863133,0.021136865342163354,0.020294593204858803,0.05431100954299372,1.0115894039735098,0.021054083885209716,0.015384615384615385,0.01111111111111111,0.0,0.005128205128205128,0.01111111111111111,OK,
corr_mix,score_only,factor_cov_lrt_delta,1.0,0.5,budget_only,count,0.1,0.15,0.1,30,30,30,30,1.0,1.0,1.0,1.0115894039735098,0.021054083885209716,23.5,0.43333333333333335,0.5,-0.06666666666666665,0.43333333333333335,0.13333333333333333,0.43333333333333335,0.13333333333333333,0.0,0.13333333333333333,0.13333333333333333,4.0,26.0,25.5,26.0,26.0,25.5,26.0,26.0,26.0,26.0,26.0,15.0,15.0,1.0976821192052981,1.0130242825607063,0.021109271523178808,0.020294593204858803,0.17186117023960576,1.0115894039735098,0.021054083885209716,0.02307692307692308,0.02222222222222222,0.002564102564102564,0.01282051282051282,0.02222222222222222,OK,
corr_mix,score_only,factor_cov_lrt_delta,1.0,0.75,budget_only,count,0.1,0.15,0.1,30,30,30,30,1.0,1.0,1.0,1.0115894039735098,0.021054083885209716,23.5,0.43333333333333335,0.5,-0.06666666666666665,0.43333333333333335,0.13333333333333333,0.43333333333333335,0.13333333333333333,0.0,0.13333333333333333,0.13333333333333333,4.0,26.0,25.5,26.0,26.0,25.5,26.0,26.0,26.0,26.0,26.0,16.0,15.0,1.094812362030905,1.0144591611479028,0.021054083885209716,0.020294593204858803,0.1031761641307118,1.0115894039735098,0.021054083885209716,0.02179487179487179,0.02222222222222222,0.001282051282051282,0.006410256410256411,0.02222222222222222,OK,
corr_mix,score_only,factor_cov_lrt_delta,1.0,1.0,budget_only,count,0.1,0.15,0.1,30,30,30,30,1.0,1.0,1.0,1.0115894039735098,0.021054083885209716,23.5,0.43333333333333335,0.5,-0.06666666666666665,0.43333333333333335,0.06666666666666667,0.43333333333333335,0.06666666666666667,0.0,0.06666666666666667,0.06666666666666667,4.0,26.0,25.5,26.0,26.0,25.5,26.0,26.0,26.0,26.0,26.0,16.0,15.0,1.1048565121412801,1.0144591611479028,0.02124724061810155,0.020294593204858803,0.04963246272667232,1.0115894039735098,0.021054083885209716,0.015384615384615387,0.03333333333333333,-0.002564102564102564,0.005128205128205128,0.03333333333333333,OK,
corr_mix,score_only,factor_cov_lrt_delta,INFEASIBLE,0.0,budget_only,count,INFEASIBLE,INFEASIBLE,INFEASIBLE,INFEASIBLE,INFEASIBLE,INFEASIBLE,INFEASIBLE,INFEASIBLE,INFEASIBLE,INFEASIBLE,INFEASIBLE,INFEASIBLE,INFEASIBLE,INFEASIBLE,INFEASIBLE,INFEASIBLE,INFEASIBLE,INFEASIBLE,INFEASIBLE,INFEASIBLE,INFEASIBLE,INFEASIBLE,INFEASIBLE,,INFEASIBLE,INFEASIBLE,INFEASIBLE,INFEASIBLE,INFEASIBLE,INFEASIBLE,INFEASIBLE,INFEASIBLE,INFEASIBLE,INFEASIBLE,INFEASIBLE,INFEASIBLE,INFEASIBLE,INFEASIBLE,INFEASIBLE,INFEASIBLE,INFEASIBLE,INFEASIBLE,INFEASIBLE,INFEASIBLE,INFEASIBLE,INFEASIBLE,INFEASIBLE,INFEASIBLE,INFEASIBLE,no_trials_in_band
corr_mix,score_only,factor_cov_lrt_delta,INFEASIBLE,0.25,budget_only,count,INFEASIBLE,INFEASIBLE,INFEASIBLE,INFEASIBLE,INFEASIBLE,INFEASIBLE,INFEASIBLE,INFEASIBLE,INFEASIBLE,INFEASIBLE,INFEASIBLE,INFEASIBLE,INFEASIBLE,INFEASIBLE,INFEASIBLE,INFEASIBLE,INFEASIBLE,INFEASIBLE,INFEASIBLE,INFEASIBLE,INFEASIBLE,INFEASIBLE,INFEASIBLE,,INFEASIBLE,INFEASIBLE,INFEASIBLE,INFEASIBLE,INFEASIBLE,INFEASIBLE,INFEASIBLE,INFEASIBLE,INFEASIBLE,INFEASIBLE,INFEASIBLE,INFEASIBLE,INFEASIBLE,INFEASIBLE,INFEASIBLE,INFEASIBLE,INFEASIBLE,INFEASIBLE,INFEASIBLE,INFEASIBLE,INFEASIBLE,INFEASIBLE,INFEASIBLE,INFEASIBLE,INFEASIBLE,no_trials_in_band
corr_mix,score_only,factor_cov_lrt_delta,INFEASIBLE,0.5,budget_only,count,INFEASIBLE,INFEASIBLE,INFEASIBLE,INFEASIBLE,INFEASIBLE,INFEASIBLE,INFEASIBLE,INFEASIBLE,INFEASIBLE,INFEASIBLE,INFEASIBLE,INFEASIBLE,INFEASIBLE,INFEASIBLE,INFEASIBLE,INFEASIBLE,INFEASIBLE,INFEASIBLE,INFEASIBLE,INFEASIBLE,INFEASIBLE,INFEASIBLE,INFEASIBLE,,INFEASIBLE,INFEASIBLE,INFEASIBLE,INFEASIBLE,INFEASIBLE,INFEASIBLE,INFEASIBLE,INFEASIBLE,INFEASIBLE,INFEASIBLE,INFEASIBLE,INFEASIBLE,INFEASIBLE,INFEASIBLE,INFEASIBLE,INFEASIBLE,INFEASIBLE,INFEASIBLE,INFEASIBLE,INFEASIBLE,INFEASIBLE,INFEASIBLE,INFEASIBLE,INFEASIBLE,INFEASIBLE,no_trials_in_band
corr_mix,score_only,factor_cov_lrt_delta,INFEASIBLE,0.75,budget_only,count,INFEASIBLE,INFEASIBLE,INFEASIBLE,INFEASIBLE,INFEASIBLE,INFEASIBLE,INFEASIBLE,INFEASIBLE,INFEASIBLE,INFEASIBLE,INFEASIBLE,INFEASIBLE,INFEASIBLE,INFEASIBLE,INFEASIBLE,INFEASIBLE,INFEASIBLE,INFEASIBLE,INFEASIBLE,INFEASIBLE,INFEASIBLE,INFEASIBLE,INFEASIBLE,,INFEASIBLE,INFEASIBLE,INFEASIBLE,INFEASIBLE,INFEASIBLE,INFEASIBLE,INFEASIBLE,INFEASIBLE,INFEASIBLE,INFEASIBLE,INFEASIBLE,INFEASIBLE,INFEASIBLE,INFEASIBLE,INFEASIBLE,INFEASIBLE,INFEASIBLE,INFEASIBLE,INFEASIBLE,INFEASIBLE,INFEASIBLE,INFEASIBLE,INFEASIBLE,INFEASIBLE,INFEASIBLE,no_trials_in_band
corr_mix,score_only,factor_cov_lrt_delta,INFEASIBLE,1.0,budget_only,count,INFEASIBLE,INFEASIBLE,INFEASIBLE,INFEASIBLE,INFEASIBLE,INFEASIBLE,INFEASIBLE,INFEASIBLE,INFEASIBLE,INFEASIBLE,INFEASIBLE,INFEASIBLE,INFEASIBLE,INFEASIBLE,INFEASIBLE,INFEASIBLE,INFEASIBLE,INFEASIBLE,INFEASIBLE,INFEASIBLE,INFEASIBLE,INFEASIBLE,INFEASIBLE,,INFEASIBLE,INFEASIBLE,INFEASIBLE,INFEASIBLE,INFEASIBLE,INFEASIBLE,INFEASIBLE,INFEASIBLE,INFEASIBLE,INFEASIBLE,INFEASIBLE,INFEASIBLE,INFEASIBLE,INFEASIBLE,INFEASIBLE,INFEASIBLE,INFEASIBLE,INFEASIBLE,INFEASIBLE,INFEASIBLE,INFEASIBLE,INFEASIBLE,INFEASIBLE,INFEASIBLE,INFEASIBLE,no_trials_in_band
corr_mix,score_only,fused_fisher,1.0,0.0,budget_only,count,0.1,0.15,0.1,30,20,20,20,0.6666666666666666,0.6666666666666666,0.6666666666666666,0.8609271523178809,0.02566225165562914,20.0,0.0,0.0,0.0,0.0,0.0,0.0,0.0,0.0,0.0,0.0,4.0,26.0,26.0,26.0,26.0,26.0,26.0,26.0,26.0,26.0,26.0,NA,NA,1.3344370860927155,0.8609271523178809,0.02566225165562914,0.002310826594375938,-0.15449005783355022,0.8609271523178809,0.02566225165562914,0.0,0.0,0.0,0.0,0.0,OK,
corr_mix,score_only,fused_fisher,1.0,0.25,budget_only,count,0.1,0.15,0.1,30,20,20,20,0.6666666666666666,0.6666666666666666,0.6666666666666666,0.8609271523178809,0.02566225165562914,20.0,0.1,0.0,0.1,0.1,0.05,0.1,0.05,0.0,0.05,0.05,4.0,26.0,26.0,26.0,26.0,26.0,26.0,26.0,26.0,26.0,26.0,5.5,NA,1.3279801324503313,0.8609271523178809,0.02553807947019867,0.002310826594375938,0.171097400271031,0.8609271523178809,0.02566225165562914,0.0038461538461538464,0.0,0.0038461538461538464,0.0038461538461538464,0.0,OK,
corr_mix,score_only,fused_fisher,1.0,0.5,budget_only,count,0.1,0.15,0.1,30,20,20,20,0.6666666666666666,0.6666666666666666,0.6666666666666666,0.8609271523178809,0.02566225165562914,20.0,0.3,0.0,0.3,0.3,0.15,0.3,0.15,0.0,0.15,0.15,4.0,26.0,26.0,26.0,26.0,26.0,26.0,26.0,26.0,26.0,26.0,5.5,NA,1.3064569536423845,0.8480132450331126,0.02512417218543046,0.002310826594375938,0.7338466936246826,0.8609271523178809,0.02566225165562914,0.011538461538461539,0.05,0.011538461538461539,0.011538461538461539,-0.05,OK,
corr_mix,score_only,fused_fisher,1.0,0.75,budget_only,count,0.1,0.15,0.1,30,20,20,20,0.6666666666666666,0.6666666666666666,0.6666666666666666,0.8609271523178809,0.02566225165562914,20.0,0.55,0.0,0.55,0.55,0.15,0.55,0.15,0.0,0.15,0.15,4.0,23.5,26.0,23.5,26.0,26.0,26.0,23.5,26.0,23.5,26.0,11.0,NA,1.3000000000000003,0.8350993377483444,0.025,0.002310826594375938,0.9995824790378955,0.8609271523178809,0.02566225165562914,0.023076923076923078,0.05,0.023076923076923078,0.023076923076923078,-0.05,OK,
corr_mix,score_only,fused_fisher,1.0,1.0,budget_only,count,0.1,0.15,0.1,30,20,20,20,0.6666666666666666,0.6666666666666666,0.6666666666666666,0.8609271523178809,0.02566225165562914,20.0,0.45,0.0,0.45,0.45,0.15,0.45,0.15,0.0,0.15,0.15,4.0,26.0,26.0,26.0,26.0,26.0,26.0,26.0,26.0,26.0,26.0,8.0,NA,1.2978476821192053,0.8350993377483444,0.02495860927152318,0.002310826594375938,1.1855757974134435,0.8609271523178809,0.02566225165562914,0.023076923076923078,0.05,0.023076923076923078,0.023076923076923078,-0.05,OK,
corr_mix,score_only,fused_fisher,INFEASIBLE,0.0,budget_only,count,INFEASIBLE,INFEASIBLE,INFEASIBLE,INFEASIBLE,INFEASIBLE,INFEASIBLE,INFEASIBLE,INFEASIBLE,INFEASIBLE,INFEASIBLE,INFEASIBLE,INFEASIBLE,INFEASIBLE,INFEASIBLE,INFEASIBLE,INFEASIBLE,INFEASIBLE,INFEASIBLE,INFEASIBLE,INFEASIBLE,INFEASIBLE,INFEASIBLE,INFEASIBLE,,INFEASIBLE,INFEASIBLE,INFEASIBLE,INFEASIBLE,INFEASIBLE,INFEASIBLE,INFEASIBLE,INFEASIBLE,INFEASIBLE,INFEASIBLE,INFEASIBLE,INFEASIBLE,INFEASIBLE,INFEASIBLE,INFEASIBLE,INFEASIBLE,INFEASIBLE,INFEASIBLE,INFEASIBLE,INFEASIBLE,INFEASIBLE,INFEASIBLE,INFEASIBLE,INFEASIBLE,INFEASIBLE,no_trials_in_band
corr_mix,score_only,fused_fisher,INFEASIBLE,0.25,budget_only,count,INFEASIBLE,INFEASIBLE,INFEASIBLE,INFEASIBLE,INFEASIBLE,INFEASIBLE,INFEASIBLE,INFEASIBLE,INFEASIBLE,INFEASIBLE,INFEASIBLE,INFEASIBLE,INFEASIBLE,INFEASIBLE,INFEASIBLE,INFEASIBLE,INFEASIBLE,INFEASIBLE,INFEASIBLE,INFEASIBLE,INFEASIBLE,INFEASIBLE,INFEASIBLE,,INFEASIBLE,INFEASIBLE,INFEASIBLE,INFEASIBLE,INFEASIBLE,INFEASIBLE,INFEASIBLE,INFEASIBLE,INFEASIBLE,INFEASIBLE,INFEASIBLE,INFEASIBLE,INFEASIBLE,INFEASIBLE,INFEASIBLE,INFEASIBLE,INFEASIBLE,INFEASIBLE,INFEASIBLE,INFEASIBLE,INFEASIBLE,INFEASIBLE,INFEASIBLE,INFEASIBLE,INFEASIBLE,no_trials_in_band
corr_mix,score_only,fused_fisher,INFEASIBLE,0.5,budget_only,count,INFEASIBLE,INFEASIBLE,INFEASIBLE,INFEASIBLE,INFEASIBLE,INFEASIBLE,INFEASIBLE,INFEASIBLE,INFEASIBLE,INFEASIBLE,INFEASIBLE,INFEASIBLE,INFEASIBLE,INFEASIBLE,INFEASIBLE,INFEASIBLE,INFEASIBLE,INFEASIBLE,INFEASIBLE,INFEASIBLE,INFEASIBLE,INFEASIBLE,INFEASIBLE,,INFEASIBLE,INFEASIBLE,INFEASIBLE,INFEASIBLE,INFEASIBLE,INFEASIBLE,INFEASIBLE,INFEASIBLE,INFEASIBLE,INFEASIBLE,INFEASIBLE,INFEASIBLE,INFEASIBLE,INFEASIBLE,INFEASIBLE,INFEASIBLE,INFEASIBLE,INFEASIBLE,INFEASIBLE,INFEASIBLE,INFEASIBLE,INFEASIBLE,INFEASIBLE,INFEASIBLE,INFEASIBLE,no_trials_in_band
corr_mix,score_only,fused_fisher,INFEASIBLE,0.75,budget_only,count,INFEASIBLE,INFEASIBLE,INFEASIBLE,INFEASIBLE,INFEASIBLE,INFEASIBLE,INFEASIBLE,INFEASIBLE,INFEASIBLE,INFEASIBLE,INFEASIBLE,INFEASIBLE,INFEASIBLE,INFEASIBLE,INFEASIBLE,INFEASIBLE,INFEASIBLE,INFEASIBLE,INFEASIBLE,INFEASIBLE,INFEASIBLE,INFEASIBLE,INFEASIBLE,,INFEASIBLE,INFEASIBLE,INFEASIBLE,INFEASIBLE,INFEASIBLE,INFEASIBLE,INFEASIBLE,INFEASIBLE,INFEASIBLE,INFEASIBLE,INFEASIBLE,INFEASIBLE,INFEASIBLE,INFEASIBLE,INFEASIBLE,INFEASIBLE,INFEASIBLE,INFEASIBLE,INFEASIBLE,INFEASIBLE,INFEASIBLE,INFEASIBLE,INFEASIBLE,INFEASIBLE,INFEASIBLE,no_trials_in_band
corr_mix,score_only,fused_fisher,INFEASIBLE,1.0,budget_only,count,INFEASIBLE,INFEASIBLE,INFEASIBLE,INFEASIBLE,INFEASIBLE,INFEASIBLE,INFEASIBLE,INFEASIBLE,INFEASIBLE,INFEASIBLE,INFEASIBLE,INFEASIBLE,INFEASIBLE,INFEASIBLE,INFEASIBLE,INFEASIBLE,INFEASIBLE,INFEASIBLE,INFEASIBLE,INFEASIBLE,INFEASIBLE,INFEASIBLE,INFEASIBLE,,INFEASIBLE,INFEASIBLE,INFEASIBLE,INFEASIBLE,INFEASIBLE,INFEASIBLE,INFEASIBLE,INFEASIBLE,INFEASIBLE,INFEASIBLE,INFEASIBLE,INFEASIBLE,INFEASIBLE,INFEASIBLE,INFEASIBLE,INFEASIBLE,INFEASIBLE,INFEASIBLE,INFEASIBLE,INFEASIBLE,INFEASIBLE,INFEASIBLE,INFEASIBLE,INFEASIBLE,INFEASIBLE,no_trials_in_band
corr_mix,score_only,fused_fisher_lrt_delta,1.0,0.0,budget_only,count,0.1,0.15,0.1,30,30,30,30,1.0,1.0,1.0,0.925496688741722,0.018625827814569538,21.5,0.5,0.5,0.0,0.5,0.03333333333333333,0.5,0.03333333333333333,0.0,0.03333333333333333,0.03333333333333333,4.0,25.5,25.5,25.5,26.0,25.5,26.0,25.5,26.0,25.5,26.0,11.0,11.0,0.9685430463576161,0.925496688741722,0.018625827814569538,0.018065242040447467,-0.25514178670375587,0.925496688741722,0.018625827814569538,0.0,0.0,0.0,0.0,0.0,OK,
corr_mix,score_only,fused_fisher_lrt_delta,1.0,0.25,budget_only,count,0.1,0.15,0.1,30,30,30,30,1.0,1.0,1.0,0.925496688741722,0.018625827814569538,21.5,0.6333333333333333,0.5,0.1333333333333333,0.6333333333333333,0.1,0.6333333333333333,0.1,0.0,0.1,0.1,4.0,15.0,25.5,15.0,26.0,25.5,26.0,15.0,26.0,15.0,26.0,11.0,11.0,0.9556291390728479,0.9125827814569537,0.01837748344370861,0.018065242040447467,0.1057268063738909,0.925496688741722,0.018625827814569538,0.016666666666666666,0.02222222222222222,0.006410256410256411,0.008974358974358975,-0.02222222222222222,OK,
corr_mix,score_only,fused_fisher_lrt_delta,1.0,0.5,budget_only,count,0.1,0.15,0.1,30,30,30,30,1.0,1.0,1.0,0.925496688741722,0.018625827814569538,21.5,0.6333333333333333,0.5,0.1333333333333333,0.6333333333333333,0.16666666666666666,0.6333333333333333,0.16666666666666666,0.0,0.16666666666666666,0.16666666666666666,4.0,13.5,25.5,13.5,26.0,25.5,26.0,13.5,26.0,13.5,26.0,7.0,11.0,0.9455849889624727,0.9025386313465784,0.018184326710816778,0.018065242040447467,0.8192402578703167,0.925496688741722,0.018625827814569538,0.026923076923076925,0.02222222222222222,0.008974358974358975,0.008974358974358975,-0.02222222222222222,OK,
corr_mix,score_only,fused_fisher_lrt_delta,1.0,0.75,budget_only,count,0.1,0.15,0.1,30,30,30,30,1.0,1.0,1.0,0.925496688741722,0.018625827814569538,21.5,0.7333333333333333,0.5,0.23333333333333328,0.7333333333333333,0.26666666666666666,0.7333333333333333,0.26666666666666666,0.0,0.26666666666666666,0.26666666666666666,4.0,12.5,25.5,12.5,26.0,25.5,26.0,12.5,26.0,12.5,26.0,7.0,11.0,0.9412803532008832,0.8982339955849891,0.01810154525386314,0.018065242040447467,1.0618454041493455,0.925496688741722,0.018625827814569538,0.03974358974358974,0.02222222222222222,0.014102564102564105,0.014102564102564105,-0.02222222222222222,OK,
corr_mix,score_only,fused_fisher_lrt_delta,1.0,1.0,budget_only,count,0.1,0.15,0.1,30,30,30,30,1.0,1.0,1.0,0.925496688741722,0.018625827814569538,21.5,0.7666666666666667,0.5,0.2666666666666667,0.7666666666666667,0.3,0.7666666666666667,0.3,0.0,0.3,0.3,4.0,12.0,25.5,12.0,26.0,25.5,26.0,12.0,26.0,12.0,26.0,7.0,11.0,0.9412803532008832,0.8982339955849891,0.01810154525386314,0.018065242040447467,1.2059988567261894,0.925496688741722,0.018625827814569538,0.04102564102564103,0.02222222222222222,0.017948717948717947,0.017948717948717947,-0.02222222222222222,OK,
corr_mix,score_only,fused_fisher_lrt_delta,INFEASIBLE,0.0,budget_only,count,INFEASIBLE,INFEASIBLE,INFEASIBLE,INFEASIBLE,INFEASIBLE,INFEASIBLE,INFEASIBLE,INFEASIBLE,INFEASIBLE,INFEASIBLE,INFEASIBLE,INFEASIBLE,INFEASIBLE,INFEASIBLE,INFEASIBLE,INFEASIBLE,INFEASIBLE,INFEASIBLE,INFEASIBLE,INFEASIBLE,INFEASIBLE,INFEASIBLE,INFEASIBLE,,INFEASIBLE,INFEASIBLE,INFEASIBLE,INFEASIBLE,INFEASIBLE,INFEASIBLE,INFEASIBLE,INFEASIBLE,INFEASIBLE,INFEASIBLE,INFEASIBLE,INFEASIBLE,INFEASIBLE,INFEASIBLE,INFEASIBLE,INFEASIBLE,INFEASIBLE,INFEASIBLE,INFEASIBLE,INFEASIBLE,INFEASIBLE,INFEASIBLE,INFEASIBLE,INFEASIBLE,INFEASIBLE,no_trials_in_band
corr_mix,score_only,fused_fisher_lrt_delta,INFEASIBLE,0.25,budget_only,count,INFEASIBLE,INFEASIBLE,INFEASIBLE,INFEASIBLE,INFEASIBLE,INFEASIBLE,INFEASIBLE,INFEASIBLE,INFEASIBLE,INFEASIBLE,INFEASIBLE,INFEASIBLE,INFEASIBLE,INFEASIBLE,INFEASIBLE,INFEASIBLE,INFEASIBLE,INFEASIBLE,INFEASIBLE,INFEASIBLE,INFEASIBLE,INFEASIBLE,INFEASIBLE,,INFEASIBLE,INFEASIBLE,INFEASIBLE,INFEASIBLE,INFEASIBLE,INFEASIBLE,INFEASIBLE,INFEASIBLE,INFEASIBLE,INFEASIBLE,INFEASIBLE,INFEASIBLE,INFEASIBLE,INFEASIBLE,INFEASIBLE,INFEASIBLE,INFEASIBLE,INFEASIBLE,INFEASIBLE,INFEASIBLE,INFEASIBLE,INFEASIBLE,INFEASIBLE,INFEASIBLE,INFEASIBLE,no_trials_in_band
corr_mix,score_only,fused_fisher_lrt_delta,INFEASIBLE,0.5,budget_only,count,INFEASIBLE,INFEASIBLE,INFEASIBLE,INFEASIBLE,INFEASIBLE,INFEASIBLE,INFEASIBLE,INFEASIBLE,INFEASIBLE,INFEASIBLE,INFEASIBLE,INFEASIBLE,INFEASIBLE,INFEASIBLE,INFEASIBLE,INFEASIBLE,INFEASIBLE,INFEASIBLE,INFEASIBLE,INFEASIBLE,INFEASIBLE,INFEASIBLE,INFEASIBLE,,INFEASIBLE,INFEASIBLE,INFEASIBLE,INFEASIBLE,INFEASIBLE,INFEASIBLE,INFEASIBLE,INFEASIBLE,INFEASIBLE,INFEASIBLE,INFEASIBLE,INFEASIBLE,INFEASIBLE,INFEASIBLE,INFEASIBLE,INFEASIBLE,INFEASIBLE,INFEASIBLE,INFEASIBLE,INFEASIBLE,INFEASIBLE,INFEASIBLE,INFEASIBLE,INFEASIBLE,INFEASIBLE,no_trials_in_band
corr_mix,score_only,fused_fisher_lrt_delta,INFEASIBLE,0.75,budget_only,count,INFEASIBLE,INFEASIBLE,INFEASIBLE,INFEASIBLE,INFEASIBLE,INFEASIBLE,INFEASIBLE,INFEASIBLE,INFEASIBLE,INFEASIBLE,INFEASIBLE,INFEASIBLE,INFEASIBLE,INFEASIBLE,INFEASIBLE,INFEASIBLE,INFEASIBLE,INFEASIBLE,INFEASIBLE,INFEASIBLE,INFEASIBLE,INFEASIBLE,INFEASIBLE,,INFEASIBLE,INFEASIBLE,INFEASIBLE,INFEASIBLE,INFEASIBLE,INFEASIBLE,INFEASIBLE,INFEASIBLE,INFEASIBLE,INFEASIBLE,INFEASIBLE,INFEASIBLE,INFEASIBLE,INFEASIBLE,INFEASIBLE,INFEASIBLE,INFEASIBLE,INFEASIBLE,INFEASIBLE,INFEASIBLE,INFEASIBLE,INFEASIBLE,INFEASIBLE,INFEASIBLE,INFEASIBLE,no_trials_in_band
corr_mix,score_only,fused_fisher_lrt_delta,INFEASIBLE,1.0,budget_only,count,INFEASIBLE,INFEASIBLE,INFEASIBLE,INFEASIBLE,INFEASIBLE,INFEASIBLE,INFEASIBLE,INFEASIBLE,INFEASIBLE,INFEASIBLE,INFEASIBLE,INFEASIBLE,INFEASIBLE,INFEASIBLE,INFEASIBLE,INFEASIBLE,INFEASIBLE,INFEASIBLE,INFEASIBLE,INFEASIBLE,INFEASIBLE,INFEASIBLE,INFEASIBLE,,INFEASIBLE,INFEASIBLE,INFEASIBLE,INFEASIBLE,INFEASIBLE,INFEASIBLE,INFEASIBLE,INFEASIBLE,INFEASIBLE,INFEASIBLE,INFEASIBLE,INFEASIBLE,INFEASIBLE,INFEASIBLE,INFEASIBLE,INFEASIBLE,INFEASIBLE,INFEASIBLE,INFEASIBLE,INFEASIBLE,INFEASIBLE,INFEASIBLE,INFEASIBLE,INFEASIBLE,INFEASIBLE,no_trials_in_band
corr_mix,score_only,fused_sp,1.0,0.0,budget_only,count,0.1,0.15,0.1,30,30,30,30,1.0,1.0,1.0,0.8881898454746138,0.04191501103752759,20.633333333333333,0.36666666666666664,0.36666666666666664,0.0,0.36666666666666664,0.03333333333333333,0.36666666666666664,0.03333333333333333,0.0,0.03333333333333333,0.03333333333333333,4.0,26.0,26.0,26.0,26.0,26.0,26.0,26.0,26.0,26.0,26.0,16.0,16.0,2.1795805739514353,0.8881898454746138,0.04191501103752759,0.053449507330432175,-0.17777371116176532,0.8881898454746138,0.04191501103752759,0.0,0.0,0.0,0.0,0.0,OK,
corr_mix,score_only,fused_sp,1.0,0.25,budget_only,count,0.1,0.15,0.1,30,30,30,30,1.0,1.0,1.0,0.8881898454746138,0.04191501103752759,20.633333333333333,0.36666666666666664,0.36666666666666664,0.0,0.36666666666666664,0.06666666666666667,0.36666666666666664,0.06666666666666667,0.0,0.06666666666666667,0.06666666666666667,4.0,26.0,26.0,26.0,26.0,26.0,26.0,26.0,26.0,26.0,26.0,11.0,16.0,2.183885209713025,0.8924944812362032,0.04199779249448123,0.053449507330432175,-0.1657251954006221,0.8881898454746138,0.04191501103752759,0.020512820512820513,0.01111111111111111,0.002564102564102564,0.007692307692307693,0.01111111111111111,OK,
corr_mix,score_only,fused_sp,1.0,0.5,budget_only,count,0.1,0.15,0.1,30,30,30,30,1.0,1.0,1.0,0.8881898454746138,0.04191501103752759,20.633333333333333,0.6,0.36666666666666664,0.23333333333333334,0.6,0.16666666666666666,0.6,0.16666666666666666,0.0,0.16666666666666666,0.16666666666666666,4.0,18.0,26.0,18.0,26.0,26.0,26.0,18.0,26.0,18.0,26.0,8.0,16.0,2.1307947019867557,0.8709713024282563,0.04097682119205296,0.053449507330432175,-0.022445291252947887,0.8881898454746138,0.04191501103752759,0.026923076923076925,0.03333333333333333,0.01153846153846154,0.01153846153846154,-0.03333333333333333,OK,
corr_mix,score_only,fused_sp,1.0,0.75,budget_only,count,0.1,0.15,0.1,30,30,30,30,1.0,1.0,1.0,0.8881898454746138,0.04191501103752759,20.633333333333333,0.6,0.36666666666666664,0.23333333333333334,0.6,0.2,0.6,0.2,0.0,0.2,0.2,4.0,17.0,26.0,17.0,26.0,26.0,26.0,17.0,26.0,17.0,26.0,6.5,16.0,2.1236203090507733,0.8637969094922738,0.04083885209713023,0.053449507330432175,0.7905155888245207,0.8881898454746138,0.04191501103752759,0.03076923076923077,0.03333333333333333,0.015384615384615385,0.017948717948717947,-0.03333333333333333,OK,
corr_mix,score_only,fused_sp,1.0,1.0,budget_only,count,0.1,0.15,0.1,30,30,30,30,1.0,1.0,1.0,0.8881898454746138,0.04191501103752759,20.633333333333333,0.5666666666666667,0.36666666666666664,0.2,0.5666666666666667,0.2,0.5666666666666667,0.2,0.0,0.2,0.2,4.0,17.0,26.0,17.0,26.0,26.0,26.0,17.0,26.0,17.0,26.0,6.0,16.0,2.1221854304635768,0.8623620309050773,0.04081125827814568,0.053449507330432175,2.0593569803876313,0.8881898454746138,0.04191501103752759,0.03333333333333333,0.03333333333333333,0.017948717948717947,0.020512820512820513,-0.03333333333333333,OK,
corr_mix,score_only,fused_sp,INFEASIBLE,0.0,budget_only,count,INFEASIBLE,INFEASIBLE,INFEASIBLE,INFEASIBLE,INFEASIBLE,INFEASIBLE,INFEASIBLE,INFEASIBLE,INFEASIBLE,INFEASIBLE,INFEASIBLE,INFEASIBLE,INFEASIBLE,INFEASIBLE,INFEASIBLE,INFEASIBLE,INFEASIBLE,INFEASIBLE,INFEASIBLE,INFEASIBLE,INFEASIBLE,INFEASIBLE,INFEASIBLE,,INFEASIBLE,INFEASIBLE,INFEASIBLE,INFEASIBLE,INFEASIBLE,INFEASIBLE,INFEASIBLE,INFEASIBLE,INFEASIBLE,INFEASIBLE,INFEASIBLE,INFEASIBLE,INFEASIBLE,INFEASIBLE,INFEASIBLE,INFEASIBLE,INFEASIBLE,INFEASIBLE,INFEASIBLE,INFEASIBLE,INFEASIBLE,INFEASIBLE,INFEASIBLE,INFEASIBLE,INFEASIBLE,no_trials_in_band
corr_mix,score_only,fused_sp,INFEASIBLE,0.25,budget_only,count,INFEASIBLE,INFEASIBLE,INFEASIBLE,INFEASIBLE,INFEASIBLE,INFEASIBLE,INFEASIBLE,INFEASIBLE,INFEASIBLE,INFEASIBLE,INFEASIBLE,INFEASIBLE,INFEASIBLE,INFEASIBLE,INFEASIBLE,INFEASIBLE,INFEASIBLE,INFEASIBLE,INFEASIBLE,INFEASIBLE,INFEASIBLE,INFEASIBLE,INFEASIBLE,,INFEASIBLE,INFEASIBLE,INFEASIBLE,INFEASIBLE,INFEASIBLE,INFEASIBLE,INFEASIBLE,INFEASIBLE,INFEASIBLE,INFEASIBLE,INFEASIBLE,INFEASIBLE,INFEASIBLE,INFEASIBLE,INFEASIBLE,INFEASIBLE,INFEASIBLE,INFEASIBLE,INFEASIBLE,INFEASIBLE,INFEASIBLE,INFEASIBLE,INFEASIBLE,INFEASIBLE,INFEASIBLE,no_trials_in_band
corr_mix,score_only,fused_sp,INFEASIBLE,0.5,budget_only,count,INFEASIBLE,INFEASIBLE,INFEASIBLE,INFEASIBLE,INFEASIBLE,INFEASIBLE,INFEASIBLE,INFEASIBLE,INFEASIBLE,INFEASIBLE,INFEASIBLE,INFEASIBLE,INFEASIBLE,INFEASIBLE,INFEASIBLE,INFEASIBLE,INFEASIBLE,INFEASIBLE,INFEASIBLE,INFEASIBLE,INFEASIBLE,INFEASIBLE,INFEASIBLE,,INFEASIBLE,INFEASIBLE,INFEASIBLE,INFEASIBLE,INFEASIBLE,INFEASIBLE,INFEASIBLE,INFEASIBLE,INFEASIBLE,INFEASIBLE,INFEASIBLE,INFEASIBLE,INFEASIBLE,INFEASIBLE,INFEASIBLE,INFEASIBLE,INFEASIBLE,INFEASIBLE,INFEASIBLE,INFEASIBLE,INFEASIBLE,INFEASIBLE,INFEASIBLE,INFEASIBLE,INFEASIBLE,no_trials_in_band
corr_mix,score_only,fused_sp,INFEASIBLE,0.75,budget_only,count,INFEASIBLE,INFEASIBLE,INFEASIBLE,INFEASIBLE,INFEASIBLE,INFEASIBLE,INFEASIBLE,INFEASIBLE,INFEASIBLE,INFEASIBLE,INFEASIBLE,INFEASIBLE,INFEASIBLE,INFEASIBLE,INFEASIBLE,INFEASIBLE,INFEASIBLE,INFEASIBLE,INFEASIBLE,INFEASIBLE,INFEASIBLE,INFEASIBLE,INFEASIBLE,,INFEASIBLE,INFEASIBLE,INFEASIBLE,INFEASIBLE,INFEASIBLE,INFEASIBLE,INFEASIBLE,INFEASIBLE,INFEASIBLE,INFEASIBLE,INFEASIBLE,INFEASIBLE,INFEASIBLE,INFEASIBLE,INFEASIBLE,INFEASIBLE,INFEASIBLE,INFEASIBLE,INFEASIBLE,INFEASIBLE,INFEASIBLE,INFEASIBLE,INFEASIBLE,INFEASIBLE,INFEASIBLE,no_trials_in_band
corr_mix,score_only,fused_sp,INFEASIBLE,1.0,budget_only,count,INFEASIBLE,INFEASIBLE,INFEASIBLE,INFEASIBLE,INFEASIBLE,INFEASIBLE,INFEASIBLE,INFEASIBLE,INFEASIBLE,INFEASIBLE,INFEASIBLE,INFEASIBLE,INFEASIBLE,INFEASIBLE,INFEASIBLE,INFEASIBLE,INFEASIBLE,INFEASIBLE,INFEASIBLE,INFEASIBLE,INFEASIBLE,INFEASIBLE,INFEASIBLE,,INFEASIBLE,INFEASIBLE,INFEASIBLE,INFEASIBLE,INFEASIBLE,INFEASIBLE,INFEASIBLE,INFEASIBLE,INFEASIBLE,INFEASIBLE,INFEASIBLE,INFEASIBLE,INFEASIBLE,INFEASIBLE,INFEASIBLE,INFEASIBLE,INFEASIBLE,INFEASIBLE,INFEASIBLE,INFEASIBLE,INFEASIBLE,INFEASIBLE,INFEASIBLE,INFEASIBLE,INFEASIBLE,no_trials_in_band
corr_mix,score_only,fused_sp_lrt_delta,1.0,0.0,budget_only,count,0.1,0.15,0.1,30,30,30,30,1.0,1.0,1.0,1.0130242825607063,0.01948123620309051,23.533333333333335,0.4666666666666667,0.4666666666666667,0.0,0.4666666666666667,0.06666666666666667,0.4666666666666667,0.06666666666666667,0.0,0.06666666666666667,0.06666666666666667,4.0,26.0,26.0,26.0,26.0,26.0,26.0,26.0,26.0,26.0,26.0,15.5,15.5,1.0130242825607063,1.0130242825607063,0.01948123620309051,0.020294593204858803,-0.19347509287055004,1.0130242825607063,0.01948123620309051,0.0,0.0,0.0,0.0,0.0,OK,
corr_mix,score_only,fused_sp_lrt_delta,1.0,0.25,budget_only,count,0.1,0.15,0.1,30,30,30,30,1.0,1.0,1.0,1.0130242825607063,0.01948123620309051,23.533333333333335,0.43333333333333335,0.4666666666666667,-0.033333333333333326,0.43333333333333335,0.06666666666666667,0.43333333333333335,0.06666666666666667,0.0,0.06666666666666667,0.06666666666666667,4.0,26.0,26.0,26.0,26.0,26.0,26.0,26.0,26.0,26.0,26.0,15.0,15.5,1.0130242825607063,1.0130242825607063,0.01948123620309051,0.020294593204858803,-0.18398907429305505,1.0130242825607063,0.01948123620309051,0.005128205128205128,0.01111111111111111,0.0,0.002564102564102564,0.01111111111111111,OK,
corr_mix,score_only,fused_sp_lrt_delta,1.0,0.5,budget_only,count,0.1,0.15,0.1,30,30,30,30,1.0,1.0,1.0,1.0130242825607063,0.01948123620309051,23.533333333333335,0.4,0.4666666666666667,-0.06666666666666665,0.4,0.06666666666666667,0.4,0.06666666666666667,0.0,0.06666666666666667,0.06666666666666667,4.0,26.0,26.0,26.0,26.0,26.0,26.0,26.0,26.0,26.0,26.0,15.5,15.5,1.0158940397350993,1.0158940397350993,0.0195364238410596,0.020294593204858803,-0.02841008360872015,1.0130242825607063,0.01948123620309051,0.0038461538461538464,0.02222222222222222,-0.001282051282051282,0.0038461538461538464,0.02222222222222222,OK,
corr_mix,score_only,fused_sp_lrt_delta,1.0,0.75,budget_only,count,0.1,0.15,0.1,30,30,30,30,1.0,1.0,1.0,1.0130242825607063,0.01948123620309051,23.533333333333335,0.43333333333333335,0.4666666666666667,-0.033333333333333326,0.43333333333333335,0.06666666666666667,0.43333333333333335,0.06666666666666667,0.0,0.06666666666666667,0.06666666666666667,4.0,26.0,26.0,26.0,26.0,26.0,26.0,26.0,26.0,26.0,26.0,15.0,15.5,1.0144591611479028,1.0144591611479028,0.019508830022075055,0.020294593204858803,0.7935774698994609,1.0130242825607063,0.01948123620309051,0.005128205128205128,0.03333333333333333,0.0,0.005128205128205128,0.01111111111111111,OK,
corr_mix,score_only,fused_sp_lrt_delta,1.0,1.0,budget_only,count,0.1,0.15,0.1,30,30,30,30,1.0,1.0,1.0,1.0130242825607063,0.01948123620309051,23.533333333333335,0.43333333333333335,0.4666666666666667,-0.033333333333333326,0.43333333333333335,0.06666666666666667,0.43333333333333335,0.06666666666666667,0.0,0.06666666666666667,0.06666666666666667,4.0,26.0,26.0,26.0,26.0,26.0,26.0,26.0,26.0,26.0,26.0,15.0,15.5,1.0158940397350993,1.0158940397350993,0.0195364238410596,0.020294593204858803,2.0766532796238746,1.0130242825607063,0.01948123620309051,0.005128205128205128,0.02222222222222222,0.0,0.005128205128205128,0.0,OK,
corr_mix,score_only,fused_sp_lrt_delta,INFEASIBLE,0.0,budget_only,count,INFEASIBLE,INFEASIBLE,INFEASIBLE,INFEASIBLE,INFEASIBLE,INFEASIBLE,INFEASIBLE,INFEASIBLE,INFEASIBLE,INFEASIBLE,INFEASIBLE,INFEASIBLE,INFEASIBLE,INFEASIBLE,INFEASIBLE,INFEASIBLE,INFEASIBLE,INFEASIBLE,INFEASIBLE,INFEASIBLE,INFEASIBLE,INFEASIBLE,INFEASIBLE,,INFEASIBLE,INFEASIBLE,INFEASIBLE,INFEASIBLE,INFEASIBLE,INFEASIBLE,INFEASIBLE,INFEASIBLE,INFEASIBLE,INFEASIBLE,INFEASIBLE,INFEASIBLE,INFEASIBLE,INFEASIBLE,INFEASIBLE,INFEASIBLE,INFEASIBLE,INFEASIBLE,INFEASIBLE,INFEASIBLE,INFEASIBLE,INFEASIBLE,INFEASIBLE,INFEASIBLE,INFEASIBLE,no_trials_in_band
corr_mix,score_only,fused_sp_lrt_delta,INFEASIBLE,0.25,budget_only,count,INFEASIBLE,INFEASIBLE,INFEASIBLE,INFEASIBLE,INFEASIBLE,INFEASIBLE,INFEASIBLE,INFEASIBLE,INFEASIBLE,INFEASIBLE,INFEASIBLE,INFEASIBLE,INFEASIBLE,INFEASIBLE,INFEASIBLE,INFEASIBLE,INFEASIBLE,INFEASIBLE,INFEASIBLE,INFEASIBLE,INFEASIBLE,INFEASIBLE,INFEASIBLE,,INFEASIBLE,INFEASIBLE,INFEASIBLE,INFEASIBLE,INFEASIBLE,INFEASIBLE,INFEASIBLE,INFEASIBLE,INFEASIBLE,INFEASIBLE,INFEASIBLE,INFEASIBLE,INFEASIBLE,INFEASIBLE,INFEASIBLE,INFEASIBLE,INFEASIBLE,INFEASIBLE,INFEASIBLE,INFEASIBLE,INFEASIBLE,INFEASIBLE,INFEASIBLE,INFEASIBLE,INFEASIBLE,no_trials_in_band
corr_mix,score_only,fused_sp_lrt_delta,INFEASIBLE,0.5,budget_only,count,INFEASIBLE,INFEASIBLE,INFEASIBLE,INFEASIBLE,INFEASIBLE,INFEASIBLE,INFEASIBLE,INFEASIBLE,INFEASIBLE,INFEASIBLE,INFEASIBLE,INFEASIBLE,INFEASIBLE,INFEASIBLE,INFEASIBLE,INFEASIBLE,INFEASIBLE,INFEASIBLE,INFEASIBLE,INFEASIBLE,INFEASIBLE,INFEASIBLE,INFEASIBLE,,INFEASIBLE,INFEASIBLE,INFEASIBLE,INFEASIBLE,INFEASIBLE,INFEASIBLE,INFEASIBLE,INFEASIBLE,INFEASIBLE,INFEASIBLE,INFEASIBLE,INFEASIBLE,INFEASIBLE,INFEASIBLE,INFEASIBLE,INFEASIBLE,INFEASIBLE,INFEASIBLE,INFEASIBLE,INFEASIBLE,INFEASIBLE,INFEASIBLE,INFEASIBLE,INFEASIBLE,INFEASIBLE,no_trials_in_band
corr_mix,score_only,fused_sp_lrt_delta,INFEASIBLE,0.75,budget_only,count,INFEASIBLE,INFEASIBLE,INFEASIBLE,INFEASIBLE,INFEASIBLE,INFEASIBLE,INFEASIBLE,INFEASIBLE,INFEASIBLE,INFEASIBLE,INFEASIBLE,INFEASIBLE,INFEASIBLE,INFEASIBLE,INFEASIBLE,INFEASIBLE,INFEASIBLE,INFEASIBLE,INFEASIBLE,INFEASIBLE,INFEASIBLE,INFEASIBLE,INFEASIBLE,,INFEASIBLE,INFEASIBLE,INFEASIBLE,INFEASIBLE,INFEASIBLE,INFEASIBLE,INFEASIBLE,INFEASIBLE,INFEASIBLE,INFEASIBLE,INFEASIBLE,INFEASIBLE,INFEASIBLE,INFEASIBLE,INFEASIBLE,INFEASIBLE,INFEASIBLE,INFEASIBLE,INFEASIBLE,INFEASIBLE,INFEASIBLE,INFEASIBLE,INFEASIBLE,INFEASIBLE,INFEASIBLE,no_trials_in_band
corr_mix,score_only,fused_sp_lrt_delta,INFEASIBLE,1.0,budget_only,count,INFEASIBLE,INFEASIBLE,INFEASIBLE,INFEASIBLE,INFEASIBLE,INFEASIBLE,INFEASIBLE,INFEASIBLE,INFEASIBLE,INFEASIBLE,INFEASIBLE,INFEASIBLE,INFEASIBLE,INFEASIBLE,INFEASIBLE,INFEASIBLE,INFEASIBLE,INFEASIBLE,INFEASIBLE,INFEASIBLE,INFEASIBLE,INFEASIBLE,INFEASIBLE,,INFEASIBLE,INFEASIBLE,INFEASIBLE,INFEASIBLE,INFEASIBLE,INFEASIBLE,INFEASIBLE,INFEASIBLE,INFEASIBLE,INFEASIBLE,INFEASIBLE,INFEASIBLE,INFEASIBLE,INFEASIBLE,INFEASIBLE,INFEASIBLE,INFEASIBLE,INFEASIBLE,INFEASIBLE,INFEASIBLE,INFEASIBLE,INFEASIBLE,INFEASIBLE,INFEASIBLE,INFEASIBLE,no_trials_in_band
corr_mix,score_only,max_abs,1.0,0.0,budget_only,count,0.1,0.15,0.1,30,30,30,30,1.0,1.0,1.0,1.057505518763797,0.03984547461368653,24.566666666666666,0.43333333333333335,0.43333333333333335,0.0,0.4666666666666667,0.1,0.4666666666666667,0.1,0.03333333333333333,0.1,0.1,4.0,26.0,26.0,26.0,26.0,26.0,26.0,26.0,26.0,26.0,26.0,9.0,9.0,2.0719646799116993,1.057505518763797,0.03984547461368653,0.14365846378005873,0.0,1.057505518763797,0.03984547461368653,0.0,0.0,0.0,0.0,0.0,OK,
corr_mix,score_only,max_abs,1.0,0.25,budget_only,count,0.1,0.15,0.1,30,30,30,30,1.0,1.0,1.0,1.057505518763797,0.03984547461368653,24.566666666666666,0.43333333333333335,0.43333333333333335,0.0,0.5333333333333333,0.2,0.5333333333333333,0.2,0.1,0.2,0.2,4.0,26.0,26.0,26.0,26.0,26.0,26.0,23.5,26.0,26.0,26.0,9.0,9.0,2.049006622516556,1.0445916114790288,0.03940397350993377,0.14365846378005873,0.07968369829652737,1.057505518763797,0.03984547461368653,0.27564102564102566,0.04444444444444444,0.27564102564102566,0.27564102564102566,0.0,OK,
corr_mix,score_only,max_abs,1.0,0.5,budget_only,count,0.1,0.15,0.1,30,30,30,30,1.0,1.0,1.0,1.057505518763797,0.03984547461368653,24.566666666666666,0.43333333333333335,0.43333333333333335,0.0,0.5333333333333333,0.2,0.5333333333333333,0.2,0.1,0.2,0.2,4.0,26.0,26.0,26.0,26.0,26.0,26.0,23.5,26.0,26.0,26.0,9.0,9.0,2.049006622516556,1.0445916114790288,0.03940397350993377,0.14365846378005873,0.15936739659305474,1.057505518763797,0.03984547461368653,0.27564102564102566,0.04444444444444444,0.27564102564102566,0.27564102564102566,0.0,OK,
corr_mix,score_only,max_abs,1.0,0.75,budget_only,count,0.1,0.15,0.1,30,30,30,30,1.0,1.0,1.0,1.057505518763797,0.03984547461368653,24.566666666666666,0.43333333333333335,0.43333333333333335,0.0,0.5333333333333333,0.2,0.5333333333333333,0.2,0.1,0.2,0.2,4.0,26.0,26.0,26.0,26.0,26.0,26.0,23.5,26.0,26.0,26.0,9.0,9.0,2.049006622516556,1.0445916114790288,0.03940397350993377,0.14365846378005873,0.23905109488958207,1.057505518763797,0.03984547461368653,0.27564102564102566,0.04444444444444444,0.27564102564102566,0.27564102564102566,0.0,OK,
corr_mix,score_only,max_abs,1.0,1.0,budget_only,count,0.1,0.15,0.1,30,30,30,30,1.0,1.0,1.0,1.057505518763797,0.03984547461368653,24.566666666666666,0.43333333333333335,0.43333333333333335,0.0,0.5333333333333333,0.2,0.5333333333333333,0.2,0.1,0.2,0.2,4.0,26.0,26.0,26.0,26.0,26.0,26.0,23.5,26.0,26.0,26.0,9.0,9.0,2.049006622516556,1.0445916114790288,0.03940397350993377,0.14365846378005873,0.3187347931861095,1.057505518763797,0.03984547461368653,0.27564102564102566,0.04444444444444444,0.27564102564102566,0.27564102564102566,0.0,OK,
corr_mix,score_only,max_abs,INFEASIBLE,0.0,budget_only,count,INFEASIBLE,INFEASIBLE,INFEASIBLE,INFEASIBLE,INFEASIBLE,INFEASIBLE,INFEASIBLE,INFEASIBLE,INFEASIBLE,INFEASIBLE,INFEASIBLE,INFEASIBLE,INFEASIBLE,INFEASIBLE,INFEASIBLE,INFEASIBLE,INFEASIBLE,INFEASIBLE,INFEASIBLE,INFEASIBLE,INFEASIBLE,INFEASIBLE,INFEASIBLE,,INFEASIBLE,INFEASIBLE,INFEASIBLE,INFEASIBLE,INFEASIBLE,INFEASIBLE,INFEASIBLE,INFEASIBLE,INFEASIBLE,INFEASIBLE,INFEASIBLE,INFEASIBLE,INFEASIBLE,INFEASIBLE,INFEASIBLE,INFEASIBLE,INFEASIBLE,INFEASIBLE,INFEASIBLE,INFEASIBLE,INFEASIBLE,INFEASIBLE,INFEASIBLE,INFEASIBLE,INFEASIBLE,no_trials_in_band
corr_mix,score_only,max_abs,INFEASIBLE,0.25,budget_only,count,INFEASIBLE,INFEASIBLE,INFEASIBLE,INFEASIBLE,INFEASIBLE,INFEASIBLE,INFEASIBLE,INFEASIBLE,INFEASIBLE,INFEASIBLE,INFEASIBLE,INFEASIBLE,INFEASIBLE,INFEASIBLE,INFEASIBLE,INFEASIBLE,INFEASIBLE,INFEASIBLE,INFEASIBLE,INFEASIBLE,INFEASIBLE,INFEASIBLE,INFEASIBLE,,INFEASIBLE,INFEASIBLE,INFEASIBLE,INFEASIBLE,INFEASIBLE,INFEASIBLE,INFEASIBLE,INFEASIBLE,INFEASIBLE,INFEASIBLE,INFEASIBLE,INFEASIBLE,INFEASIBLE,INFEASIBLE,INFEASIBLE,INFEASIBLE,INFEASIBLE,INFEASIBLE,INFEASIBLE,INFEASIBLE,INFEASIBLE,INFEASIBLE,INFEASIBLE,INFEASIBLE,INFEASIBLE,no_trials_in_band
corr_mix,score_only,max_abs,INFEASIBLE,0.5,budget_only,count,INFEASIBLE,INFEASIBLE,INFEASIBLE,INFEASIBLE,INFEASIBLE,INFEASIBLE,INFEASIBLE,INFEASIBLE,INFEASIBLE,INFEASIBLE,INFEASIBLE,INFEASIBLE,INFEASIBLE,INFEASIBLE,INFEASIBLE,INFEASIBLE,INFEASIBLE,INFEASIBLE,INFEASIBLE,INFEASIBLE,INFEASIBLE,INFEASIBLE,INFEASIBLE,,INFEASIBLE,INFEASIBLE,INFEASIBLE,INFEASIBLE,INFEASIBLE,INFEASIBLE,INFEASIBLE,INFEASIBLE,INFEASIBLE,INFEASIBLE,INFEASIBLE,INFEASIBLE,INFEASIBLE,INFEASIBLE,INFEASIBLE,INFEASIBLE,INFEASIBLE,INFEASIBLE,INFEASIBLE,INFEASIBLE,INFEASIBLE,INFEASIBLE,INFEASIBLE,INFEASIBLE,INFEASIBLE,no_trials_in_band
corr_mix,score_only,max_abs,INFEASIBLE,0.75,budget_only,count,INFEASIBLE,INFEASIBLE,INFEASIBLE,INFEASIBLE,INFEASIBLE,INFEASIBLE,INFEASIBLE,INFEASIBLE,INFEASIBLE,INFEASIBLE,INFEASIBLE,INFEASIBLE,INFEASIBLE,INFEASIBLE,INFEASIBLE,INFEASIBLE,INFEASIBLE,INFEASIBLE,INFEASIBLE,INFEASIBLE,INFEASIBLE,INFEASIBLE,INFEASIBLE,,INFEASIBLE,INFEASIBLE,INFEASIBLE,INFEASIBLE,INFEASIBLE,INFEASIBLE,INFEASIBLE,INFEASIBLE,INFEASIBLE,INFEASIBLE,INFEASIBLE,INFEASIBLE,INFEASIBLE,INFEASIBLE,INFEASIBLE,INFEASIBLE,INFEASIBLE,INFEASIBLE,INFEASIBLE,INFEASIBLE,INFEASIBLE,INFEASIBLE,INFEASIBLE,INFEASIBLE,INFEASIBLE,no_trials_in_band
corr_mix,score_only,max_abs,INFEASIBLE,1.0,budget_only,count,INFEASIBLE,INFEASIBLE,INFEASIBLE,INFEASIBLE,INFEASIBLE,INFEASIBLE,INFEASIBLE,INFEASIBLE,INFEASIBLE,INFEASIBLE,INFEASIBLE,INFEASIBLE,INFEASIBLE,INFEASIBLE,INFEASIBLE,INFEASIBLE,INFEASIBLE,INFEASIBLE,INFEASIBLE,INFEASIBLE,INFEASIBLE,INFEASIBLE,INFEASIBLE,,INFEASIBLE,INFEASIBLE,INFEASIBLE,INFEASIBLE,INFEASIBLE,INFEASIBLE,INFEASIBLE,INFEASIBLE,INFEASIBLE,INFEASIBLE,INFEASIBLE,INFEASIBLE,INFEASIBLE,INFEASIBLE,INFEASIBLE,INFEASIBLE,INFEASIBLE,INFEASIBLE,INFEASIBLE,INFEASIBLE,INFEASIBLE,INFEASIBLE,INFEASIBLE,INFEASIBLE,INFEASIBLE,no_trials_in_band
corr_mix,score_only,pc_t2,1.0,0.0,budget_only,count,0.1,0.15,0.1,30,30,30,30,1.0,1.0,1.0,0.9671081677704196,0.026655629139072854,22.466666666666665,0.5333333333333333,0.5333333333333333,0.0,0.5666666666666667,0.1,0.5666666666666667,0.1,0.03333333333333333,0.1,0.1,4.0,22.5,22.5,22.5,26.0,22.5,26.0,20.0,26.0,22.5,26.0,10.0,10.0,1.3860927152317886,0.9671081677704196,0.026655629139072854,0.020294593204858803,0.0,0.9671081677704196,0.026655629139072854,0.0,0.0,0.0,0.0,0.0,OK,
corr_mix,score_only,pc_t2,1.0,0.25,budget_only,count,0.1,0.15,0.1,30,30,30,30,1.0,1.0,1.0,0.9671081677704196,0.026655629139072854,22.466666666666665,0.6,0.5333333333333333,0.06666666666666665,0.6666666666666666,0.2,0.6666666666666666,0.2,0.06666666666666667,0.2,0.2,4.0,19.0,22.5,19.0,26.0,22.5,26.0,15.0,26.0,19.0,26.0,10.0,10.0,1.3717439293598237,0.9613686534216337,0.026379690949227378,0.020294593204858803,0.5263851275297872,0.9671081677704196,0.026655629139072854,0.07564102564102564,0.0,0.06538461538461539,0.06794871794871794,0.0,OK,
corr_mix,score_only,pc_t2,1.0,0.5,budget_only,count,0.1,0.15,0.1,30,30,30,30,1.0,1.0,1.0,0.9671081677704196,0.026655629139072854,22.466666666666665,0.6333333333333333,0.5333333333333333,0.09999999999999998,0.7,0.26666666666666666,0.7,0.26666666666666666,0.06666666666666667,0.26666666666666666,0.26666666666666666,4.0,15.5,22.5,15.5,26.0,22.5,26.0,13.0,26.0,15.5,26.0,7.0,10.0,1.366004415011038,0.9570640176600443,0.026269315673289183,0.020294593204858803,2.1106971950407276,0.9671081677704196,0.026655629139072854,0.09487179487179488,0.0,0.0717948717948718,0.08205128205128204,0.0,OK,
corr_mix,score_only,pc_t2,1.0,0.75,budget_only,count,0.1,0.15,0.1,30,30,30,30,1.0,1.0,1.0,0.9671081677704196,0.026655629139072854,22.466666666666665,0.7,0.5333333333333333,0.16666666666666663,0.8,0.3333333333333333,0.8,0.3333333333333333,0.1,0.3333333333333333,0.3333333333333333,4.0,14.5,22.5,14.5,26.0,22.5,26.0,8.5,26.0,14.5,26.0,7.0,10.0,1.364569536423841,0.9513245033112585,0.026241721854304637,0.020294593204858803,4.752936202532821,0.9671081677704196,0.026655629139072854,0.11282051282051282,0.0,0.08974358974358974,0.09487179487179488,0.0,OK,
corr_mix,score_only,pc_t2,1.0,1.0,budget_only,count,0.1,0.15,0.1,30,30,30,30,1.0,1.0,1.0,0.9671081677704196,0.026655629139072854,22.466666666666665,0.7,0.5333333333333333,0.16666666666666663,0.8,0.36666666666666664,0.8,0.36666666666666664,0.1,0.36666666666666664,0.36666666666666664,4.0,14.5,22.5,14.5,26.0,22.5,26.0,8.0,26.0,14.5,26.0,7.0,10.0,1.3602649006622518,0.9441501103752762,0.026158940397350998,0.020294593204858803,8.453102150006064,0.9671081677704196,0.026655629139072854,0.12307692307692308,0.0,0.10256410256410259,0.1076923076923077,0.0,OK,
corr_mix,score_only,pc_t2,INFEASIBLE,0.0,budget_only,count,INFEASIBLE,INFEASIBLE,INFEASIBLE,INFEASIBLE,INFEASIBLE,INFEASIBLE,INFEASIBLE,INFEASIBLE,INFEASIBLE,INFEASIBLE,INFEASIBLE,INFEASIBLE,INFEASIBLE,INFEASIBLE,INFEASIBLE,INFEASIBLE,INFEASIBLE,INFEASIBLE,INFEASIBLE,INFEASIBLE,INFEASIBLE,INFEASIBLE,INFEASIBLE,,INFEASIBLE,INFEASIBLE,INFEASIBLE,INFEASIBLE,INFEASIBLE,INFEASIBLE,INFEASIBLE,INFEASIBLE,INFEASIBLE,INFEASIBLE,INFEASIBLE,INFEASIBLE,INFEASIBLE,INFEASIBLE,INFEASIBLE,INFEASIBLE,INFEASIBLE,INFEASIBLE,INFEASIBLE,INFEASIBLE,INFEASIBLE,INFEASIBLE,INFEASIBLE,INFEASIBLE,INFEASIBLE,no_trials_in_band
corr_mix,score_only,pc_t2,INFEASIBLE,0.25,budget_only,count,INFEASIBLE,INFEASIBLE,INFEASIBLE,INFEASIBLE,INFEASIBLE,INFEASIBLE,INFEASIBLE,INFEASIBLE,INFEASIBLE,INFEASIBLE,INFEASIBLE,INFEASIBLE,INFEASIBLE,INFEASIBLE,INFEASIBLE,INFEASIBLE,INFEASIBLE,INFEASIBLE,INFEASIBLE,INFEASIBLE,INFEASIBLE,INFEASIBLE,INFEASIBLE,,INFEASIBLE,INFEASIBLE,INFEASIBLE,INFEASIBLE,INFEASIBLE,INFEASIBLE,INFEASIBLE,INFEASIBLE,INFEASIBLE,INFEASIBLE,INFEASIBLE,INFEASIBLE,INFEASIBLE,INFEASIBLE,INFEASIBLE,INFEASIBLE,INFEASIBLE,INFEASIBLE,INFEASIBLE,INFEASIBLE,INFEASIBLE,INFEASIBLE,INFEASIBLE,INFEASIBLE,INFEASIBLE,no_trials_in_band
corr_mix,score_only,pc_t2,INFEASIBLE,0.5,budget_only,count,INFEASIBLE,INFEASIBLE,INFEASIBLE,INFEASIBLE,INFEASIBLE,INFEASIBLE,INFEASIBLE,INFEASIBLE,INFEASIBLE,INFEASIBLE,INFEASIBLE,INFEASIBLE,INFEASIBLE,INFEASIBLE,INFEASIBLE,INFEASIBLE,INFEASIBLE,INFEASIBLE,INFEASIBLE,INFEASIBLE,INFEASIBLE,INFEASIBLE,INFEASIBLE,,INFEASIBLE,INFEASIBLE,INFEASIBLE,INFEASIBLE,INFEASIBLE,INFEASIBLE,INFEASIBLE,INFEASIBLE,INFEASIBLE,INFEASIBLE,INFEASIBLE,INFEASIBLE,INFEASIBLE,INFEASIBLE,INFEASIBLE,INFEASIBLE,INFEASIBLE,INFEASIBLE,INFEASIBLE,INFEASIBLE,INFEASIBLE,INFEASIBLE,INFEASIBLE,INFEASIBLE,INFEASIBLE,no_trials_in_band
corr_mix,score_only,pc_t2,INFEASIBLE,0.75,budget_only,count,INFEASIBLE,INFEASIBLE,INFEASIBLE,INFEASIBLE,INFEASIBLE,INFEASIBLE,INFEASIBLE,INFEASIBLE,INFEASIBLE,INFEASIBLE,INFEASIBLE,INFEASIBLE,INFEASIBLE,INFEASIBLE,INFEASIBLE,INFEASIBLE,INFEASIBLE,INFEASIBLE,INFEASIBLE,INFEASIBLE,INFEASIBLE,INFEASIBLE,INFEASIBLE,,INFEASIBLE,INFEASIBLE,INFEASIBLE,INFEASIBLE,INFEASIBLE,INFEASIBLE,INFEASIBLE,INFEASIBLE,INFEASIBLE,INFEASIBLE,INFEASIBLE,INFEASIBLE,INFEASIBLE,INFEASIBLE,INFEASIBLE,INFEASIBLE,INFEASIBLE,INFEASIBLE,INFEASIBLE,INFEASIBLE,INFEASIBLE,INFEASIBLE,INFEASIBLE,INFEASIBLE,INFEASIBLE,no_trials_in_band
corr_mix,score_only,pc_t2,INFEASIBLE,1.0,budget_only,count,INFEASIBLE,INFEASIBLE,INFEASIBLE,INFEASIBLE,INFEASIBLE,INFEASIBLE,INFEASIBLE,INFEASIBLE,INFEASIBLE,INFEASIBLE,INFEASIBLE,INFEASIBLE,INFEASIBLE,INFEASIBLE,INFEASIBLE,INFEASIBLE,INFEASIBLE,INFEASIBLE,INFEASIBLE,INFEASIBLE,INFEASIBLE,INFEASIBLE,INFEASIBLE,,INFEASIBLE,INFEASIBLE,INFEASIBLE,INFEASIBLE,INFEASIBLE,INFEASIBLE,INFEASIBLE,INFEASIBLE,INFEASIBLE,INFEASIBLE,INFEASIBLE,INFEASIBLE,INFEASIBLE,INFEASIBLE,INFEASIBLE,INFEASIBLE,INFEASIBLE,INFEASIBLE,INFEASIBLE,INFEASIBLE,INFEASIBLE,INFEASIBLE,INFEASIBLE,INFEASIBLE,INFEASIBLE,no_trials_in_band
corr_mix,score_only,res_energy,1.0,0.0,budget_only,count,0.1,0.15,0.1,30,30,30,30,1.0,1.0,1.0,0.9714128035320091,0.02682119205298013,22.566666666666666,0.43333333333333335,0.43333333333333335,0.0,0.43333333333333335,0.03333333333333333,0.43333333333333335,0.03333333333333333,0.0,0.03333333333333333,0.03333333333333333,4.0,26.0,26.0,26.0,26.0,26.0,26.0,26.0,26.0,26.0,26.0,15.0,15.0,1.3947019867549673,0.9714128035320091,0.02682119205298013,0.0037856749954723696,0.0,0.9714128035320091,0.02682119205298013,0.0,0.0,0.0,0.0,0.0,OK,
corr_mix,score_only,res_energy,1.0,0.25,budget_only,count,0.1,0.15,0.1,30,30,30,30,1.0,1.0,1.0,0.9714128035320091,0.02682119205298013,22.566666666666666,0.26666666666666666,0.43333333333333335,-0.16666666666666669,0.26666666666666666,0.0,0.26666666666666666,0.0,0.0,0.0,0.0,4.0,26.0,26.0,26.0,26.0,26.0,26.0,26.0,26.0,26.0,26.0,13.5,15.0,1.4076158940397356,0.9785871964679913,0.02706953642384106,0.0037856749954723696,-0.15833360502791835,0.9714128035320091,0.02682119205298013,0.012820512820512822,0.04444444444444444,-0.005128205128205128,0.007692307692307693,0.04444444444444444,OK,
corr_mix,score_only,res_energy,1.0,0.5,budget_only,count,0.1,0.15,0.1,30,30,30,30,1.0,1.0,1.0,0.9714128035320091,0.02682119205298013,22.566666666666666,0.4,0.43333333333333335,-0.033333333333333326,0.4,0.06666666666666667,0.4,0.06666666666666667,0.0,0.06666666666666667,0.06666666666666667,4.0,26.0,26.0,26.0,26.0,26.0,26.0,26.0,26.0,26.0,26.0,10.5,15.0,1.3961368653421637,0.974282560706402,0.026848785871964678,0.0037856749954723696,0.059477766479047345,0.9714128035320091,0.02682119205298013,0.025641025641025647,0.02222222222222222,-0.002564102564102564,0.002564102564102564,0.02222222222222222,OK,
corr_mix,score_only,res_energy,1.0,0.75,budget_only,count,0.1,0.15,0.1,30,30,30,30,1.0,1.0,1.0,0.9714128035320091,0.02682119205298013,22.566666666666666,0.4666666666666667,0.43333333333333335,0.033333333333333326,0.4666666666666667,0.06666666666666667,0.4666666666666667,0.06666666666666667,0.0,0.06666666666666667,0.06666666666666667,4.0,26.0,26.0,26.0,26.0,26.0,26.0,26.0,26.0,26.0,26.0,11.5,15.0,1.3990066225165567,0.9699779249448125,0.026903973509933773,0.0037856749954723696,0.6534341143026959,0.9714128035320091,0.02682119205298013,0.03461538461538462,0.0,-0.001282051282051282,0.008974358974358975,0.0,OK,
corr_mix,score_only,res_energy,1.0,1.0,budget_only,count,0.1,0.15,0.1,30,30,30,30,1.0,1.0,1.0,0.9714128035320091,0.02682119205298013,22.566666666666666,0.5,0.43333333333333335,0.06666666666666665,0.5,0.1,0.5,0.1,0.0,0.1,0.1,4.0,24.0,26.0,24.0,26.0,26.0,26.0,24.0,26.0,24.0,26.0,11.0,15.0,1.3889624724061813,0.9714128035320091,0.02671081677704194,0.0037856749954723696,1.6235354393158323,0.9714128035320091,0.02682119205298013,0.03461538461538462,0.0,-0.001282051282051282,0.008974358974358975,0.0,OK,
corr_mix,score_only,res_energy,INFEASIBLE,0.0,budget_only,count,INFEASIBLE,INFEASIBLE,INFEASIBLE,INFEASIBLE,INFEASIBLE,INFEASIBLE,INFEASIBLE,INFEASIBLE,INFEASIBLE,INFEASIBLE,INFEASIBLE,INFEASIBLE,INFEASIBLE,INFEASIBLE,INFEASIBLE,INFEASIBLE,INFEASIBLE,INFEASIBLE,INFEASIBLE,INFEASIBLE,INFEASIBLE,INFEASIBLE,INFEASIBLE,,INFEASIBLE,INFEASIBLE,INFEASIBLE,INFEASIBLE,INFEASIBLE,INFEASIBLE,INFEASIBLE,INFEASIBLE,INFEASIBLE,INFEASIBLE,INFEASIBLE,INFEASIBLE,INFEASIBLE,INFEASIBLE,INFEASIBLE,INFEASIBLE,INFEASIBLE,INFEASIBLE,INFEASIBLE,INFEASIBLE,INFEASIBLE,INFEASIBLE,INFEASIBLE,INFEASIBLE,INFEASIBLE,no_trials_in_band
corr_mix,score_only,res_energy,INFEASIBLE,0.25,budget_only,count,INFEASIBLE,INFEASIBLE,INFEASIBLE,INFEASIBLE,INFEASIBLE,INFEASIBLE,INFEASIBLE,INFEASIBLE,INFEASIBLE,INFEASIBLE,INFEASIBLE,INFEASIBLE,INFEASIBLE,INFEASIBLE,INFEASIBLE,INFEASIBLE,INFEASIBLE,INFEASIBLE,INFEASIBLE,INFEASIBLE,INFEASIBLE,INFEASIBLE,INFEASIBLE,,INFEASIBLE,INFEASIBLE,INFEASIBLE,INFEASIBLE,INFEASIBLE,INFEASIBLE,INFEASIBLE,INFEASIBLE,INFEASIBLE,INFEASIBLE,INFEASIBLE,INFEASIBLE,INFEASIBLE,INFEASIBLE,INFEASIBLE,INFEASIBLE,INFEASIBLE,INFEASIBLE,INFEASIBLE,INFEASIBLE,INFEASIBLE,INFEASIBLE,INFEASIBLE,INFEASIBLE,INFEASIBLE,no_trials_in_band
corr_mix,score_only,res_energy,INFEASIBLE,0.5,budget_only,count,INFEASIBLE,INFEASIBLE,INFEASIBLE,INFEASIBLE,INFEASIBLE,INFEASIBLE,INFEASIBLE,INFEASIBLE,INFEASIBLE,INFEASIBLE,INFEASIBLE,INFEASIBLE,INFEASIBLE,INFEASIBLE,INFEASIBLE,INFEASIBLE,INFEASIBLE,INFEASIBLE,INFEASIBLE,INFEASIBLE,INFEASIBLE,INFEASIBLE,INFEASIBLE,,INFEASIBLE,INFEASIBLE,INFEASIBLE,INFEASIBLE,INFEASIBLE,INFEASIBLE,INFEASIBLE,INFEASIBLE,INFEASIBLE,INFEASIBLE,INFEASIBLE,INFEASIBLE,INFEASIBLE,INFEASIBLE,INFEASIBLE,INFEASIBLE,INFEASIBLE,INFEASIBLE,INFEASIBLE,INFEASIBLE,INFEASIBLE,INFEASIBLE,INFEASIBLE,INFEASIBLE,INFEASIBLE,no_trials_in_band
corr_mix,score_only,res_energy,INFEASIBLE,0.75,budget_only,count,INFEASIBLE,INFEASIBLE,INFEASIBLE,INFEASIBLE,INFEASIBLE,INFEASIBLE,INFEASIBLE,INFEASIBLE,INFEASIBLE,INFEASIBLE,INFEASIBLE,INFEASIBLE,INFEASIBLE,INFEASIBLE,INFEASIBLE,INFEASIBLE,INFEASIBLE,INFEASIBLE,INFEASIBLE,INFEASIBLE,INFEASIBLE,INFEASIBLE,INFEASIBLE,,INFEASIBLE,INFEASIBLE,INFEASIBLE,INFEASIBLE,INFEASIBLE,INFEASIBLE,INFEASIBLE,INFEASIBLE,INFEASIBLE,INFEASIBLE,INFEASIBLE,INFEASIBLE,INFEASIBLE,INFEASIBLE,INFEASIBLE,INFEASIBLE,INFEASIBLE,INFEASIBLE,INFEASIBLE,INFEASIBLE,INFEASIBLE,INFEASIBLE,INFEASIBLE,INFEASIBLE,INFEASIBLE,no_trials_in_band
corr_mix,score_only,res_energy,INFEASIBLE,1.0,budget_only,count,INFEASIBLE,INFEASIBLE,INFEASIBLE,INFEASIBLE,INFEASIBLE,INFEASIBLE,INFEASIBLE,INFEASIBLE,INFEASIBLE,INFEASIBLE,INFEASIBLE,INFEASIBLE,INFEASIBLE,INFEASIBLE,INFEASIBLE,INFEASIBLE,INFEASIBLE,INFEASIBLE,INFEASIBLE,INFEASIBLE,INFEASIBLE,INFEASIBLE,INFEASIBLE,,INFEASIBLE,INFEASIBLE,INFEASIBLE,INFEASIBLE,INFEASIBLE,INFEASIBLE,INFEASIBLE,INFEASIBLE,INFEASIBLE,INFEASIBLE,INFEASIBLE,INFEASIBLE,INFEASIBLE,INFEASIBLE,INFEASIBLE,INFEASIBLE,INFEASIBLE,INFEASIBLE,INFEASIBLE,INFEASIBLE,INFEASIBLE,INFEASIBLE,INFEASIBLE,INFEASIBLE,INFEASIBLE,no_trials_in_band
corr_mix,score_only,stale,1.0,0.0,budget_only,count,0.1,0.15,0.1,30,30,0,30,1.0,0.0,1.0,0.9470198675496692,0.448896247240618,22.0,0.4,0.4,0.0,0.8666666666666667,0.5666666666666667,0.8666666666666667,0.5666666666666667,0.4666666666666667,0.0,0.0,4.0,26.0,26.0,26.0,26.0,26.0,26.0,2.0,26.0,26.0,26.0,9.5,9.5,23.342604856512146,0.9470198675496692,0.448896247240618,1.0000000000000002e-06,0.12458972558583446,0.9470198675496692,0.448896247240618,0.0,0.0,0.0,0.0,0.0,OK,
corr_mix,score_only,stale,1.0,0.25,budget_only,count,0.1,0.15,0.1,30,30,0,30,1.0,0.0,1.0,0.9470198675496692,0.448896247240618,22.0,0.4,0.4,0.0,0.8666666666666667,0.5666666666666667,0.8666666666666667,0.5666666666666667,0.4666666666666667,0.0,0.0,4.0,26.0,26.0,26.0,26.0,26.0,26.0,2.0,26.0,26.0,26.0,9.5,9.5,23.342604856512146,0.9470198675496692,0.448896247240618,1.0000000000000002e-06,0.12458972558583446,0.9470198675496692,0.448896247240618,0.0,0.0,0.0,0.0,0.0,OK,
corr_mix,score_only,stale,1.0,0.5,budget_only,count,0.1,0.15,0.1,30,30,0,30,1.0,0.0,1.0,0.9470198675496692,0.448896247240618,22.0,0.4,0.4,0.0,0.8666666666666667,0.5666666666666667,0.8666666666666667,0.5666666666666667,0.4666666666666667,0.0,0.0,4.0,26.0,26.0,26.0,26.0,26.0,26.0,2.0,26.0,26.0,26.0,9.5,9.5,23.342604856512146,0.9470198675496692,0.448896247240618,1.0000000000000002e-06,0.12458972558583446,0.9470198675496692,0.448896247240618,0.0,0.0,0.0,0.0,0.0,OK,
corr_mix,score_only,stale,1.0,0.75,budget_only,count,0.1,0.15,0.1,30,30,0,30,1.0,0.0,1.0,0.9470198675496692,0.448896247240618,22.0,0.4,0.4,0.0,0.8666666666666667,0.5666666666666667,0.8666666666666667,0.5666666666666667,0.4666666666666667,0.0,0.0,4.0,26.0,26.0,26.0,26.0,26.0,26.0,2.0,26.0,26.0,26.0,9.5,9.5,23.342604856512146,0.9470198675496692,0.448896247240618,1.0000000000000002e-06,0.12458972558583446,0.9470198675496692,0.448896247240618,0.0,0.0,0.0,0.0,0.0,OK,
corr_mix,score_only,stale,1.0,1.0,budget_only,count,0.1,0.15,0.1,30,30,0,30,1.0,0.0,1.0,0.9470198675496692,0.448896247240618,22.0,0.4,0.4,0.0,0.8666666666666667,0.5666666666666667,0.8666666666666667,0.5666666666666667,0.4666666666666667,0.0,0.0,4.0,26.0,26.0,26.0,26.0,26.0,26.0,2.0,26.0,26.0,26.0,9.5,9.5,23.342604856512146,0.9470198675496692,0.448896247240618,1.0000000000000002e-06,0.12458972558583446,0.9470198675496692,0.448896247240618,0.0,0.0,0.0,0.0,0.0,OK,
corr_mix,score_only,stale,INFEASIBLE,0.0,budget_only,count,INFEASIBLE,INFEASIBLE,INFEASIBLE,INFEASIBLE,INFEASIBLE,INFEASIBLE,INFEASIBLE,INFEASIBLE,INFEASIBLE,INFEASIBLE,INFEASIBLE,INFEASIBLE,INFEASIBLE,INFEASIBLE,INFEASIBLE,INFEASIBLE,INFEASIBLE,INFEASIBLE,INFEASIBLE,INFEASIBLE,INFEASIBLE,INFEASIBLE,INFEASIBLE,,INFEASIBLE,INFEASIBLE,INFEASIBLE,INFEASIBLE,INFEASIBLE,INFEASIBLE,INFEASIBLE,INFEASIBLE,INFEASIBLE,INFEASIBLE,INFEASIBLE,INFEASIBLE,INFEASIBLE,INFEASIBLE,INFEASIBLE,INFEASIBLE,INFEASIBLE,INFEASIBLE,INFEASIBLE,INFEASIBLE,INFEASIBLE,INFEASIBLE,INFEASIBLE,INFEASIBLE,INFEASIBLE,no_trials_in_band
corr_mix,score_only,stale,INFEASIBLE,0.25,budget_only,count,INFEASIBLE,INFEASIBLE,INFEASIBLE,INFEASIBLE,INFEASIBLE,INFEASIBLE,INFEASIBLE,INFEASIBLE,INFEASIBLE,INFEASIBLE,INFEASIBLE,INFEASIBLE,INFEASIBLE,INFEASIBLE,INFEASIBLE,INFEASIBLE,INFEASIBLE,INFEASIBLE,INFEASIBLE,INFEASIBLE,INFEASIBLE,INFEASIBLE,INFEASIBLE,,INFEASIBLE,INFEASIBLE,INFEASIBLE,INFEASIBLE,INFEASIBLE,INFEASIBLE,INFEASIBLE,INFEASIBLE,INFEASIBLE,INFEASIBLE,INFEASIBLE,INFEASIBLE,INFEASIBLE,INFEASIBLE,INFEASIBLE,INFEASIBLE,INFEASIBLE,INFEASIBLE,INFEASIBLE,INFEASIBLE,INFEASIBLE,INFEASIBLE,INFEASIBLE,INFEASIBLE,INFEASIBLE,no_trials_in_band
corr_mix,score_only,stale,INFEASIBLE,0.5,budget_only,count,INFEASIBLE,INFEASIBLE,INFEASIBLE,INFEASIBLE,INFEASIBLE,INFEASIBLE,INFEASIBLE,INFEASIBLE,INFEASIBLE,INFEASIBLE,INFEASIBLE,INFEASIBLE,INFEASIBLE,INFEASIBLE,INFEASIBLE,INFEASIBLE,INFEASIBLE,INFEASIBLE,INFEASIBLE,INFEASIBLE,INFEASIBLE,INFEASIBLE,INFEASIBLE,,INFEASIBLE,INFEASIBLE,INFEASIBLE,INFEASIBLE,INFEASIBLE,INFEASIBLE,INFEASIBLE,INFEASIBLE,INFEASIBLE,INFEASIBLE,INFEASIBLE,INFEASIBLE,INFEASIBLE,INFEASIBLE,INFEASIBLE,INFEASIBLE,INFEASIBLE,INFEASIBLE,INFEASIBLE,INFEASIBLE,INFEASIBLE,INFEASIBLE,INFEASIBLE,INFEASIBLE,INFEASIBLE,no_trials_in_band
corr_mix,score_only,stale,INFEASIBLE,0.75,budget_only,count,INFEASIBLE,INFEASIBLE,INFEASIBLE,INFEASIBLE,INFEASIBLE,INFEASIBLE,INFEASIBLE,INFEASIBLE,INFEASIBLE,INFEASIBLE,INFEASIBLE,INFEASIBLE,INFEASIBLE,INFEASIBLE,INFEASIBLE,INFEASIBLE,INFEASIBLE,INFEASIBLE,INFEASIBLE,INFEASIBLE,INFEASIBLE,INFEASIBLE,INFEASIBLE,,INFEASIBLE,INFEASIBLE,INFEASIBLE,INFEASIBLE,INFEASIBLE,INFEASIBLE,INFEASIBLE,INFEASIBLE,INFEASIBLE,INFEASIBLE,INFEASIBLE,INFEASIBLE,INFEASIBLE,INFEASIBLE,INFEASIBLE,INFEASIBLE,INFEASIBLE,INFEASIBLE,INFEASIBLE,INFEASIBLE,INFEASIBLE,INFEASIBLE,INFEASIBLE,INFEASIBLE,INFEASIBLE,no_trials_in_band
corr_mix,score_only,stale,INFEASIBLE,1.0,budget_only,count,INFEASIBLE,INFEASIBLE,INFEASIBLE,INFEASIBLE,INFEASIBLE,INFEASIBLE,INFEASIBLE,INFEASIBLE,INFEASIBLE,INFEASIBLE,INFEASIBLE,INFEASIBLE,INFEASIBLE,INFEASIBLE,INFEASIBLE,INFEASIBLE,INFEASIBLE,INFEASIBLE,INFEASIBLE,INFEASIBLE,INFEASIBLE,INFEASIBLE,INFEASIBLE,,INFEASIBLE,INFEASIBLE,INFEASIBLE,INFEASIBLE,INFEASIBLE,INFEASIBLE,INFEASIBLE,INFEASIBLE,INFEASIBLE,INFEASIBLE,INFEASIBLE,INFEASIBLE,INFEASIBLE,INFEASIBLE,INFEASIBLE,INFEASIBLE,INFEASIBLE,INFEASIBLE,INFEASIBLE,INFEASIBLE,INFEASIBLE,INFEASIBLE,INFEASIBLE,INFEASIBLE,INFEASIBLE,no_trials_in_band
freeze,all_only,T2,1.0,0.0,budget_only,count,0.1,0.15,0.1,30,30,30,30,1.0,1.0,1.0,0.9226269315673291,0.02160596026490066,21.433333333333334,0.5666666666666667,0.5666666666666667,0.0,0.5666666666666667,0.1,0.5666666666666667,0.1,0.0,0.1,0.1,4.0,18.0,18.0,18.0,26.0,18.0,26.0,18.0,26.0,18.0,26.0,8.0,8.0,1.1235099337748344,0.9226269315673291,0.02160596026490066,0.009993332221728103,0.0,0.9226269315673291,0.02160596026490066,0.0,0.0,0.0,0.0,0.0,OK,
freeze,all_only,T2,1.0,0.25,budget_only,count,0.1,0.15,0.1,30,30,30,30,1.0,1.0,1.0,0.9226269315673291,0.02160596026490066,21.433333333333334,0.5666666666666667,0.5666666666666667,0.0,0.5666666666666667,0.1,0.5666666666666667,0.1,0.0,0.1,0.1,4.0,18.0,18.0,18.0,26.0,18.0,26.0,18.0,26.0,18.0,26.0,8.0,8.0,1.1235099337748344,0.9226269315673291,0.02160596026490066,0.009993332221728103,0.0,0.9226269315673291,0.02160596026490066,0.0,0.0,0.0,0.0,0.0,OK,
freeze,all_only,T2,1.0,0.5,budget_only,count,0.1,0.15,0.1,30,30,30,30,1.0,1.0,1.0,0.9226269315673291,0.02160596026490066,21.433333333333334,0.5666666666666667,0.5666666666666667,0.0,0.5666666666666667,0.1,0.5666666666666667,0.1,0.0,0.1,0.1,4.0,18.0,18.0,18.0,26.0,18.0,26.0,18.0,26.0,18.0,26.0,8.0,8.0,1.1235099337748344,0.9226269315673291,0.02160596026490066,0.009993332221728103,0.0,0.9226269315673291,0.02160596026490066,0.0,0.0,0.0,0.0,0.0,OK,
freeze,all_only,T2,1.0,0.75,budget_only,count,0.1,0.15,0.1,30,30,30,30,1.0,1.0,1.0,0.9226269315673291,0.02160596026490066,21.433333333333334,0.5666666666666667,0.5666666666666667,0.0,0.5666666666666667,0.1,0.5666666666666667,0.1,0.0,0.1,0.1,4.0,18.0,18.0,18.0,26.0,18.0,26.0,18.0,26.0,18.0,26.0,8.0,8.0,1.1235099337748344,0.9226269315673291,0.02160596026490066,0.009993332221728103,0.0,0.9226269315673291,0.02160596026490066,0.0,0.0,0.0,0.0,0.0,OK,
freeze,all_only,T2,1.0,1.0,budget_only,count,0.1,0.15,0.1,30,30,30,30,1.0,1.0,1.0,0.9226269315673291,0.02160596026490066,21.433333333333334,0.5666666666666667,0.5666666666666667,0.0,0.5666666666666667,0.1,0.5666666666666667,0.1,0.0,0.1,0.1,4.0,18.0,18.0,18.0,26.0,18.0,26.0,18.0,26.0,18.0,26.0,8.0,8.0,1.1235099337748344,0.9226269315673291,0.02160596026490066,0.009993332221728103,0.0,0.9226269315673291,0.02160596026490066,0.0,0.0,0.0,0.0,0.0,OK,
freeze,all_only,T2,INFEASIBLE,0.0,budget_only,count,INFEASIBLE,INFEASIBLE,INFEASIBLE,INFEASIBLE,INFEASIBLE,INFEASIBLE,INFEASIBLE,INFEASIBLE,INFEASIBLE,INFEASIBLE,INFEASIBLE,INFEASIBLE,INFEASIBLE,INFEASIBLE,INFEASIBLE,INFEASIBLE,INFEASIBLE,INFEASIBLE,INFEASIBLE,INFEASIBLE,INFEASIBLE,INFEASIBLE,INFEASIBLE,,INFEASIBLE,INFEASIBLE,INFEASIBLE,INFEASIBLE,INFEASIBLE,INFEASIBLE,INFEASIBLE,INFEASIBLE,INFEASIBLE,INFEASIBLE,INFEASIBLE,INFEASIBLE,INFEASIBLE,INFEASIBLE,INFEASIBLE,INFEASIBLE,INFEASIBLE,INFEASIBLE,INFEASIBLE,INFEASIBLE,INFEASIBLE,INFEASIBLE,INFEASIBLE,INFEASIBLE,INFEASIBLE,no_trials_in_band
freeze,all_only,T2,INFEASIBLE,0.25,budget_only,count,INFEASIBLE,INFEASIBLE,INFEASIBLE,INFEASIBLE,INFEASIBLE,INFEASIBLE,INFEASIBLE,INFEASIBLE,INFEASIBLE,INFEASIBLE,INFEASIBLE,INFEASIBLE,INFEASIBLE,INFEASIBLE,INFEASIBLE,INFEASIBLE,INFEASIBLE,INFEASIBLE,INFEASIBLE,INFEASIBLE,INFEASIBLE,INFEASIBLE,INFEASIBLE,,INFEASIBLE,INFEASIBLE,INFEASIBLE,INFEASIBLE,INFEASIBLE,INFEASIBLE,INFEASIBLE,INFEASIBLE,INFEASIBLE,INFEASIBLE,INFEASIBLE,INFEASIBLE,INFEASIBLE,INFEASIBLE,INFEASIBLE,INFEASIBLE,INFEASIBLE,INFEASIBLE,INFEASIBLE,INFEASIBLE,INFEASIBLE,INFEASIBLE,INFEASIBLE,INFEASIBLE,INFEASIBLE,no_trials_in_band
freeze,all_only,T2,INFEASIBLE,0.5,budget_only,count,INFEASIBLE,INFEASIBLE,INFEASIBLE,INFEASIBLE,INFEASIBLE,INFEASIBLE,INFEASIBLE,INFEASIBLE,INFEASIBLE,INFEASIBLE,INFEASIBLE,INFEASIBLE,INFEASIBLE,INFEASIBLE,INFEASIBLE,INFEASIBLE,INFEASIBLE,INFEASIBLE,INFEASIBLE,INFEASIBLE,INFEASIBLE,INFEASIBLE,INFEASIBLE,,INFEASIBLE,INFEASIBLE,INFEASIBLE,INFEASIBLE,INFEASIBLE,INFEASIBLE,INFEASIBLE,INFEASIBLE,INFEASIBLE,INFEASIBLE,INFEASIBLE,INFEASIBLE,INFEASIBLE,INFEASIBLE,INFEASIBLE,INFEASIBLE,INFEASIBLE,INFEASIBLE,INFEASIBLE,INFEASIBLE,INFEASIBLE,INFEASIBLE,INFEASIBLE,INFEASIBLE,INFEASIBLE,no_trials_in_band
freeze,all_only,T2,INFEASIBLE,0.75,budget_only,count,INFEASIBLE,INFEASIBLE,INFEASIBLE,INFEASIBLE,INFEASIBLE,INFEASIBLE,INFEASIBLE,INFEASIBLE,INFEASIBLE,INFEASIBLE,INFEASIBLE,INFEASIBLE,INFEASIBLE,INFEASIBLE,INFEASIBLE,INFEASIBLE,INFEASIBLE,INFEASIBLE,INFEASIBLE,INFEASIBLE,INFEASIBLE,INFEASIBLE,INFEASIBLE,,INFEASIBLE,INFEASIBLE,INFEASIBLE,INFEASIBLE,INFEASIBLE,INFEASIBLE,INFEASIBLE,INFEASIBLE,INFEASIBLE,INFEASIBLE,INFEASIBLE,INFEASIBLE,INFEASIBLE,INFEASIBLE,INFEASIBLE,INFEASIBLE,INFEASIBLE,INFEASIBLE,INFEASIBLE,INFEASIBLE,INFEASIBLE,INFEASIBLE,INFEASIBLE,INFEASIBLE,INFEASIBLE,no_trials_in_band
freeze,all_only,T2,INFEASIBLE,1.0,budget_only,count,INFEASIBLE,INFEASIBLE,INFEASIBLE,INFEASIBLE,INFEASIBLE,INFEASIBLE,INFEASIBLE,INFEASIBLE,INFEASIBLE,INFEASIBLE,INFEASIBLE,INFEASIBLE,INFEASIBLE,INFEASIBLE,INFEASIBLE,INFEASIBLE,INFEASIBLE,INFEASIBLE,INFEASIBLE,INFEASIBLE,INFEASIBLE,INFEASIBLE,INFEASIBLE,,INFEASIBLE,INFEASIBLE,INFEASIBLE,INFEASIBLE,INFEASIBLE,INFEASIBLE,INFEASIBLE,INFEASIBLE,INFEASIBLE,INFEASIBLE,INFEASIBLE,INFEASIBLE,INFEASIBLE,INFEASIBLE,INFEASIBLE,INFEASIBLE,INFEASIBLE,INFEASIBLE,INFEASIBLE,INFEASIBLE,INFEASIBLE,INFEASIBLE,INFEASIBLE,INFEASIBLE,INFEASIBLE,no_trials_in_band
freeze,all_only,cusum_factor_cov_lrt,INFEASIBLE,0.0,budget_only,count,INFEASIBLE,INFEASIBLE,INFEASIBLE,INFEASIBLE,INFEASIBLE,INFEASIBLE,INFEASIBLE,INFEASIBLE,INFEASIBLE,INFEASIBLE,INFEASIBLE,INFEASIBLE,INFEASIBLE,INFEASIBLE,INFEASIBLE,INFEASIBLE,INFEASIBLE,INFEASIBLE,INFEASIBLE,INFEASIBLE,INFEASIBLE,INFEASIBLE,INFEASIBLE,,INFEASIBLE,INFEASIBLE,INFEASIBLE,INFEASIBLE,INFEASIBLE,INFEASIBLE,INFEASIBLE,INFEASIBLE,INFEASIBLE,INFEASIBLE,INFEASIBLE,INFEASIBLE,INFEASIBLE,INFEASIBLE,INFEASIBLE,INFEASIBLE,INFEASIBLE,INFEASIBLE,INFEASIBLE,INFEASIBLE,INFEASIBLE,INFEASIBLE,INFEASIBLE,INFEASIBLE,INFEASIBLE,no_trials_in_band
freeze,all_only,cusum_factor_cov_lrt,INFEASIBLE,0.25,budget_only,count,INFEASIBLE,INFEASIBLE,INFEASIBLE,INFEASIBLE,INFEASIBLE,INFEASIBLE,INFEASIBLE,INFEASIBLE,INFEASIBLE,INFEASIBLE,INFEASIBLE,INFEASIBLE,INFEASIBLE,INFEASIBLE,INFEASIBLE,INFEASIBLE,INFEASIBLE,INFEASIBLE,INFEASIBLE,INFEASIBLE,INFEASIBLE,INFEASIBLE,INFEASIBLE,,INFEASIBLE,INFEASIBLE,INFEASIBLE,INFEASIBLE,INFEASIBLE,INFEASIBLE,INFEASIBLE,INFEASIBLE,INFEASIBLE,INFEASIBLE,INFEASIBLE,INFEASIBLE,INFEASIBLE,INFEASIBLE,INFEASIBLE,INFEASIBLE,INFEASIBLE,INFEASIBLE,INFEASIBLE,INFEASIBLE,INFEASIBLE,INFEASIBLE,INFEASIBLE,INFEASIBLE,INFEASIBLE,no_trials_in_band
freeze,all_only,cusum_factor_cov_lrt,INFEASIBLE,0.5,budget_only,count,INFEASIBLE,INFEASIBLE,INFEASIBLE,INFEASIBLE,INFEASIBLE,INFEASIBLE,INFEASIBLE,INFEASIBLE,INFEASIBLE,INFEASIBLE,INFEASIBLE,INFEASIBLE,INFEASIBLE,INFEASIBLE,INFEASIBLE,INFEASIBLE,INFEASIBLE,INFEASIBLE,INFEASIBLE,INFEASIBLE,INFEASIBLE,INFEASIBLE,INFEASIBLE,,INFEASIBLE,INFEASIBLE,INFEASIBLE,INFEASIBLE,INFEASIBLE,INFEASIBLE,INFEASIBLE,INFEASIBLE,INFEASIBLE,INFEASIBLE,INFEASIBLE,INFEASIBLE,INFEASIBLE,INFEASIBLE,INFEASIBLE,INFEASIBLE,INFEASIBLE,INFEASIBLE,INFEASIBLE,INFEASIBLE,INFEASIBLE,INFEASIBLE,INFEASIBLE,INFEASIBLE,INFEASIBLE,no_trials_in_band
freeze,all_only,cusum_factor_cov_lrt,INFEASIBLE,0.75,budget_only,count,INFEASIBLE,INFEASIBLE,INFEASIBLE,INFEASIBLE,INFEASIBLE,INFEASIBLE,INFEASIBLE,INFEASIBLE,INFEASIBLE,INFEASIBLE,INFEASIBLE,INFEASIBLE,INFEASIBLE,INFEASIBLE,INFEASIBLE,INFEASIBLE,INFEASIBLE,INFEASIBLE,INFEASIBLE,INFEASIBLE,INFEASIBLE,INFEASIBLE,INFEASIBLE,,INFEASIBLE,INFEASIBLE,INFEASIBLE,INFEASIBLE,INFEASIBLE,INFEASIBLE,INFEASIBLE,INFEASIBLE,INFEASIBLE,INFEASIBLE,INFEASIBLE,INFEASIBLE,INFEASIBLE,INFEASIBLE,INFEASIBLE,INFEASIBLE,INFEASIBLE,INFEASIBLE,INFEASIBLE,INFEASIBLE,INFEASIBLE,INFEASIBLE,INFEASIBLE,INFEASIBLE,INFEASIBLE,no_trials_in_band
freeze,all_only,cusum_factor_cov_lrt,INFEASIBLE,1.0,budget_only,count,INFEASIBLE,INFEASIBLE,INFEASIBLE,INFEASIBLE,INFEASIBLE,INFEASIBLE,INFEASIBLE,INFEASIBLE,INFEASIBLE,INFEASIBLE,INFEASIBLE,INFEASIBLE,INFEASIBLE,INFEASIBLE,INFEASIBLE,INFEASIBLE,INFEASIBLE,INFEASIBLE,INFEASIBLE,INFEASIBLE,INFEASIBLE,INFEASIBLE,INFEASIBLE,,INFEASIBLE,INFEASIBLE,INFEASIBLE,INFEASIBLE,INFEASIBLE,INFEASIBLE,INFEASIBLE,INFEASIBLE,INFEASIBLE,INFEASIBLE,INFEASIBLE,INFEASIBLE,INFEASIBLE,INFEASIBLE,INFEASIBLE,INFEASIBLE,INFEASIBLE,INFEASIBLE,INFEASIBLE,INFEASIBLE,INFEASIBLE,INFEASIBLE,INFEASIBLE,INFEASIBLE,INFEASIBLE,no_trials_in_band
freeze,all_only,cusum_factor_cov_lrt,INFEASIBLE,0.0,budget_only,count,INFEASIBLE,INFEASIBLE,INFEASIBLE,INFEASIBLE,INFEASIBLE,INFEASIBLE,INFEASIBLE,INFEASIBLE,INFEASIBLE,INFEASIBLE,INFEASIBLE,INFEASIBLE,INFEASIBLE,INFEASIBLE,INFEASIBLE,INFEASIBLE,INFEASIBLE,INFEASIBLE,INFEASIBLE,INFEASIBLE,INFEASIBLE,INFEASIBLE,INFEASIBLE,,INFEASIBLE,INFEASIBLE,INFEASIBLE,INFEASIBLE,INFEASIBLE,INFEASIBLE,INFEASIBLE,INFEASIBLE,INFEASIBLE,INFEASIBLE,INFEASIBLE,INFEASIBLE,INFEASIBLE,INFEASIBLE,INFEASIBLE,INFEASIBLE,INFEASIBLE,INFEASIBLE,INFEASIBLE,INFEASIBLE,INFEASIBLE,INFEASIBLE,INFEASIBLE,INFEASIBLE,INFEASIBLE,no_trials_in_band
freeze,all_only,cusum_factor_cov_lrt,INFEASIBLE,0.25,budget_only,count,INFEASIBLE,INFEASIBLE,INFEASIBLE,INFEASIBLE,INFEASIBLE,INFEASIBLE,INFEASIBLE,INFEASIBLE,INFEASIBLE,INFEASIBLE,INFEASIBLE,INFEASIBLE,INFEASIBLE,INFEASIBLE,INFEASIBLE,INFEASIBLE,INFEASIBLE,INFEASIBLE,INFEASIBLE,INFEASIBLE,INFEASIBLE,INFEASIBLE,INFEASIBLE,,INFEASIBLE,INFEASIBLE,INFEASIBLE,INFEASIBLE,INFEASIBLE,INFEASIBLE,INFEASIBLE,INFEASIBLE,INFEASIBLE,INFEASIBLE,INFEASIBLE,INFEASIBLE,INFEASIBLE,INFEASIBLE,INFEASIBLE,INFEASIBLE,INFEASIBLE,INFEASIBLE,INFEASIBLE,INFEASIBLE,INFEASIBLE,INFEASIBLE,INFEASIBLE,INFEASIBLE,INFEASIBLE,no_trials_in_band
freeze,all_only,cusum_factor_cov_lrt,INFEASIBLE,0.5,budget_only,count,INFEASIBLE,INFEASIBLE,INFEASIBLE,INFEASIBLE,INFEASIBLE,INFEASIBLE,INFEASIBLE,INFEASIBLE,INFEASIBLE,INFEASIBLE,INFEASIBLE,INFEASIBLE,INFEASIBLE,INFEASIBLE,INFEASIBLE,INFEASIBLE,INFEASIBLE,INFEASIBLE,INFEASIBLE,INFEASIBLE,INFEASIBLE,INFEASIBLE,INFEASIBLE,,INFEASIBLE,INFEASIBLE,INFEASIBLE,INFEASIBLE,INFEASIBLE,INFEASIBLE,INFEASIBLE,INFEASIBLE,INFEASIBLE,INFEASIBLE,INFEASIBLE,INFEASIBLE,INFEASIBLE,INFEASIBLE,INFEASIBLE,INFEASIBLE,INFEASIBLE,INFEASIBLE,INFEASIBLE,INFEASIBLE,INFEASIBLE,INFEASIBLE,INFEASIBLE,INFEASIBLE,INFEASIBLE,no_trials_in_band
freeze,all_only,cusum_factor_cov_lrt,INFEASIBLE,0.75,budget_only,count,INFEASIBLE,INFEASIBLE,INFEASIBLE,INFEASIBLE,INFEASIBLE,INFEASIBLE,INFEASIBLE,INFEASIBLE,INFEASIBLE,INFEASIBLE,INFEASIBLE,INFEASIBLE,INFEASIBLE,INFEASIBLE,INFEASIBLE,INFEASIBLE,INFEASIBLE,INFEASIBLE,INFEASIBLE,INFEASIBLE,INFEASIBLE,INFEASIBLE,INFEASIBLE,,INFEASIBLE,INFEASIBLE,INFEASIBLE,INFEASIBLE,INFEASIBLE,INFEASIBLE,INFEASIBLE,INFEASIBLE,INFEASIBLE,INFEASIBLE,INFEASIBLE,INFEASIBLE,INFEASIBLE,INFEASIBLE,INFEASIBLE,INFEASIBLE,INFEASIBLE,INFEASIBLE,INFEASIBLE,INFEASIBLE,INFEASIBLE,INFEASIBLE,INFEASIBLE,INFEASIBLE,INFEASIBLE,no_trials_in_band
freeze,all_only,cusum_factor_cov_lrt,INFEASIBLE,1.0,budget_only,count,INFEASIBLE,INFEASIBLE,INFEASIBLE,INFEASIBLE,INFEASIBLE,INFEASIBLE,INFEASIBLE,INFEASIBLE,INFEASIBLE,INFEASIBLE,INFEASIBLE,INFEASIBLE,INFEASIBLE,INFEASIBLE,INFEASIBLE,INFEASIBLE,INFEASIBLE,INFEASIBLE,INFEASIBLE,INFEASIBLE,INFEASIBLE,INFEASIBLE,INFEASIBLE,,INFEASIBLE,INFEASIBLE,INFEASIBLE,INFEASIBLE,INFEASIBLE,INFEASIBLE,INFEASIBLE,INFEASIBLE,INFEASIBLE,INFEASIBLE,INFEASIBLE,INFEASIBLE,INFEASIBLE,INFEASIBLE,INFEASIBLE,INFEASIBLE,INFEASIBLE,INFEASIBLE,INFEASIBLE,INFEASIBLE,INFEASIBLE,INFEASIBLE,INFEASIBLE,INFEASIBLE,INFEASIBLE,no_trials_in_band
freeze,all_only,ewma_factor_cov_lrt,1.0,0.0,budget_only,count,0.1,0.15,0.1,30,14,14,14,0.4666666666666667,0.4666666666666667,0.4666666666666667,0.860927152317881,0.02962393566698202,20.0,0.0,0.0,0.0,0.07142857142857142,0.07142857142857142,0.07142857142857142,0.07142857142857142,0.07142857142857142,0.07142857142857142,0.07142857142857142,4.0,26.0,26.0,26.0,26.0,26.0,26.0,26.0,26.0,26.0,26.0,NA,NA,1.5404446546830652,0.860927152317881,0.02962393566698202,0.0202945932048588,0.12019113419315919,0.860927152317881,0.02962393566698202,0.0,0.0,0.0,0.0,0.0,OK,
freeze,all_only,ewma_factor_cov_lrt,1.0,0.25,budget_only,count,0.1,0.15,0.1,30,14,14,14,0.4666666666666667,0.4666666666666667,0.4666666666666667,0.860927152317881,0.02962393566698202,20.0,0.0,0.0,0.0,0.07142857142857142,0.07142857142857142,0.07142857142857142,0.07142857142857142,0.07142857142857142,0.07142857142857142,0.07142857142857142,4.0,26.0,26.0,26.0,26.0,26.0,26.0,26.0,26.0,26.0,26.0,NA,NA,1.5404446546830652,0.860927152317881,0.02962393566698202,0.0202945932048588,0.12019113419315919,0.860927152317881,0.02962393566698202,0.0,0.0,0.0,0.0,0.0,OK,
freeze,all_only,ewma_factor_cov_lrt,1.0,0.5,budget_only,count,0.1,0.15,0.1,30,14,14,14,0.4666666666666667,0.4666666666666667,0.4666666666666667,0.860927152317881,0.02962393566698202,20.0,0.0,0.0,0.0,0.07142857142857142,0.07142857142857142,0.07142857142857142,0.07142857142857142,0.07142857142857142,0.07142857142857142,0.07142857142857142,4.0,26.0,26.0,26.0,26.0,26.0,26.0,26.0,26.0,26.0,26.0,NA,NA,1.5404446546830652,0.860927152317881,0.02962393566698202,0.0202945932048588,0.12019113419315919,0.860927152317881,0.02962393566698202,0.0,0.0,0.0,0.0,0.0,OK,
freeze,all_only,ewma_factor_cov_lrt,1.0,0.75,budget_only,count,0.1,0.15,0.1,30,14,14,14,0.4666666666666667,0.4666666666666667,0.4666666666666667,0.860927152317881,0.02962393566698202,20.0,0.0,0.0,0.0,0.07142857142857142,0.07142857142857142,0.07142857142857142,0.07142857142857142,0.07142857142857142,0.07142857142857142,0.07142857142857142,4.0,26.0,26.0,26.0,26.0,26.0,26.0,26.0,26.0,26.0,26.0,NA,NA,1.5404446546830652,0.860927152317881,0.02962393566698202,0.0202945932048588,0.12019113419315919,0.860927152317881,0.02962393566698202,0.0,0.0,0.0,0.0,0.0,OK,
freeze,all_only,ewma_factor_cov_lrt,1.0,1.0,budget_only,count,0.1,0.15,0.1,30,14,14,14,0.4666666666666667,0.4666666666666667,0.4666666666666667,0.860927152317881,0.02962393566698202,20.0,0.0,0.0,0.0,0.07142857142857142,0.07142857142857142,0.07142857142857142,0.07142857142857142,0.07142857142857142,0.07142857142857142,0.07142857142857142,4.0,26.0,26.0,26.0,26.0,26.0,26.0,26.0,26.0,26.0,26.0,NA,NA,1.5404446546830652,0.860927152317881,0.02962393566698202,0.0202945932048588,0.12019113419315919,0.860927152317881,0.02962393566698202,0.0,0.0,0.0,0.0,0.0,OK,
freeze,all_only,ewma_factor_cov_lrt,INFEASIBLE,0.0,budget_only,count,INFEASIBLE,INFEASIBLE,INFEASIBLE,INFEASIBLE,INFEASIBLE,INFEASIBLE,INFEASIBLE,INFEASIBLE,INFEASIBLE,INFEASIBLE,INFEASIBLE,INFEASIBLE,INFEASIBLE,INFEASIBLE,INFEASIBLE,INFEASIBLE,INFEASIBLE,INFEASIBLE,INFEASIBLE,INFEASIBLE,INFEASIBLE,INFEASIBLE,INFEASIBLE,,INFEASIBLE,INFEASIBLE,INFEASIBLE,INFEASIBLE,INFEASIBLE,INFEASIBLE,INFEASIBLE,INFEASIBLE,INFEASIBLE,INFEASIBLE,INFEASIBLE,INFEASIBLE,INFEASIBLE,INFEASIBLE,INFEASIBLE,INFEASIBLE,INFEASIBLE,INFEASIBLE,INFEASIBLE,INFEASIBLE,INFEASIBLE,INFEASIBLE,INFEASIBLE,INFEASIBLE,INFEASIBLE,no_trials_in_band
freeze,all_only,ewma_factor_cov_lrt,INFEASIBLE,0.25,budget_only,count,INFEASIBLE,INFEASIBLE,INFEASIBLE,INFEASIBLE,INFEASIBLE,INFEASIBLE,INFEASIBLE,INFEASIBLE,INFEASIBLE,INFEASIBLE,INFEASIBLE,INFEASIBLE,INFEASIBLE,INFEASIBLE,INFEASIBLE,INFEASIBLE,INFEASIBLE,INFEASIBLE,INFEASIBLE,INFEASIBLE,INFEASIBLE,INFEASIBLE,INFEASIBLE,,INFEASIBLE,INFEASIBLE,INFEASIBLE,INFEASIBLE,INFEASIBLE,INFEASIBLE,INFEASIBLE,INFEASIBLE,INFEASIBLE,INFEASIBLE,INFEASIBLE,INFEASIBLE,INFEASIBLE,INFEASIBLE,INFEASIBLE,INFEASIBLE,INFEASIBLE,INFEASIBLE,INFEASIBLE,INFEASIBLE,INFEASIBLE,INFEASIBLE,INFEASIBLE,INFEASIBLE,INFEASIBLE,no_trials_in_band
freeze,all_only,ewma_factor_cov_lrt,INFEASIBLE,0.5,budget_only,count,INFEASIBLE,INFEASIBLE,INFEASIBLE,INFEASIBLE,INFEASIBLE,INFEASIBLE,INFEASIBLE,INFEASIBLE,INFEASIBLE,INFEASIBLE,INFEASIBLE,INFEASIBLE,INFEASIBLE,INFEASIBLE,INFEASIBLE,INFEASIBLE,INFEASIBLE,INFEASIBLE,INFEASIBLE,INFEASIBLE,INFEASIBLE,INFEASIBLE,INFEASIBLE,,INFEASIBLE,INFEASIBLE,INFEASIBLE,INFEASIBLE,INFEASIBLE,INFEASIBLE,INFEASIBLE,INFEASIBLE,INFEASIBLE,INFEASIBLE,INFEASIBLE,INFEASIBLE,INFEASIBLE,INFEASIBLE,INFEASIBLE,INFEASIBLE,INFEASIBLE,INFEASIBLE,INFEASIBLE,INFEASIBLE,INFEASIBLE,INFEASIBLE,INFEASIBLE,INFEASIBLE,INFEASIBLE,no_trials_in_band
freeze,all_only,ewma_factor_cov_lrt,INFEASIBLE,0.75,budget_only,count,INFEASIBLE,INFEASIBLE,INFEASIBLE,INFEASIBLE,INFEASIBLE,INFEASIBLE,INFEASIBLE,INFEASIBLE,INFEASIBLE,INFEASIBLE,INFEASIBLE,INFEASIBLE,INFEASIBLE,INFEASIBLE,INFEASIBLE,INFEASIBLE,INFEASIBLE,INFEASIBLE,INFEASIBLE,INFEASIBLE,INFEASIBLE,INFEASIBLE,INFEASIBLE,,INFEASIBLE,INFEASIBLE,INFEASIBLE,INFEASIBLE,INFEASIBLE,INFEASIBLE,INFEASIBLE,INFEASIBLE,INFEASIBLE,INFEASIBLE,INFEASIBLE,INFEASIBLE,INFEASIBLE,INFEASIBLE,INFEASIBLE,INFEASIBLE,INFEASIBLE,INFEASIBLE,INFEASIBLE,INFEASIBLE,INFEASIBLE,INFEASIBLE,INFEASIBLE,INFEASIBLE,INFEASIBLE,no_trials_in_band
freeze,all_only,ewma_factor_cov_lrt,INFEASIBLE,1.0,budget_only,count,INFEASIBLE,INFEASIBLE,INFEASIBLE,INFEASIBLE,INFEASIBLE,INFEASIBLE,INFEASIBLE,INFEASIBLE,INFEASIBLE,INFEASIBLE,INFEASIBLE,INFEASIBLE,INFEASIBLE,INFEASIBLE,INFEASIBLE,INFEASIBLE,INFEASIBLE,INFEASIBLE,INFEASIBLE,INFEASIBLE,INFEASIBLE,INFEASIBLE,INFEASIBLE,,INFEASIBLE,INFEASIBLE,INFEASIBLE,INFEASIBLE,INFEASIBLE,INFEASIBLE,INFEASIBLE,INFEASIBLE,INFEASIBLE,INFEASIBLE,INFEASIBLE,INFEASIBLE,INFEASIBLE,INFEASIBLE,INFEASIBLE,INFEASIBLE,INFEASIBLE,INFEASIBLE,INFEASIBLE,INFEASIBLE,INFEASIBLE,INFEASIBLE,INFEASIBLE,INFEASIBLE,INFEASIBLE,no_trials_in_band
freeze,all_only,factor_cov_change,1.0,0.0,budget_only,count,0.1,0.15,0.1,30,30,30,30,1.0,1.0,1.0,1.0173289183222958,0.07488962472406183,23.633333333333333,0.36666666666666664,0.36666666666666664,0.0,0.4,0.03333333333333333,0.4,0.03333333333333333,0.03333333333333333,0.03333333333333333,0.03333333333333333,4.0,26.0,26.0,26.0,26.0,26.0,26.0,26.0,26.0,26.0,26.0,13.0,13.0,3.8942604856512144,1.0173289183222958,0.07488962472406183,0.11927664452862602,-0.09230199211254096,1.0173289183222958,0.07488962472406183,0.0,0.0,0.0,0.0,0.0,OK,
freeze,all_only,factor_cov_change,1.0,0.25,budget_only,count,0.1,0.15,0.1,30,30,30,30,1.0,1.0,1.0,1.0173289183222958,0.07488962472406183,23.633333333333333,0.36666666666666664,0.36666666666666664,0.0,0.4,0.03333333333333333,0.4,0.03333333333333333,0.03333333333333333,0.03333333333333333,0.03333333333333333,4.0,26.0,26.0,26.0,26.0,26.0,26.0,26.0,26.0,26.0,26.0,13.0,13.0,3.8942604856512144,1.0173289183222958,0.07488962472406183,0.11927664452862602,-0.09230199211254096,1.0173289183222958,0.07488962472406183,0.0,0.0,0.0,0.0,0.0,OK,
freeze,all_only,factor_cov_change,1.0,0.5,budget_only,count,0.1,0.15,0.1,30,30,30,30,1.0,1.0,1.0,1.0173289183222958,0.07488962472406183,23.633333333333333,0.36666666666666664,0.36666666666666664,0.0,0.4,0.03333333333333333,0.4,0.03333333333333333,0.03333333333333333,0.03333333333333333,0.03333333333333333,4.0,26.0,26.0,26.0,26.0,26.0,26.0,26.0,26.0,26.0,26.0,13.0,13.0,3.8942604856512144,1.0173289183222958,0.07488962472406183,0.11927664452862602,-0.09230199211254096,1.0173289183222958,0.07488962472406183,0.0,0.0,0.0,0.0,0.0,OK,
freeze,all_only,factor_cov_change,1.0,0.75,budget_only,count,0.1,0.15,0.1,30,30,30,30,1.0,1.0,1.0,1.0173289183222958,0.07488962472406183,23.633333333333333,0.36666666666666664,0.36666666666666664,0.0,0.4,0.03333333333333333,0.4,0.03333333333333333,0.03333333333333333,0.03333333333333333,0.03333333333333333,4.0,26.0,26.0,26.0,26.0,26.0,26.0,26.0,26.0,26.0,26.0,13.0,13.0,3.8942604856512144,1.0173289183222958,0.07488962472406183,0.11927664452862602,-0.09230199211254096,1.0173289183222958,0.07488962472406183,0.0,0.0,0.0,0.0,0.0,OK,
freeze,all_only,factor_cov_change,1.0,1.0,budget_only,count,0.1,0.15,0.1,30,30,30,30,1.0,1.0,1.0,1.0173289183222958,0.07488962472406183,23.633333333333333,0.36666666666666664,0.36666666666666664,0.0,0.4,0.03333333333333333,0.4,0.03333333333333333,0.03333333333333333,0.03333333333333333,0.03333333333333333,4.0,26.0,26.0,26.0,26.0,26.0,26.0,26.0,26.0,26.0,26.0,13.0,13.0,3.8942604856512144,1.0173289183222958,0.07488962472406183,0.11927664452862602,-0.09230199211254096,1.0173289183222958,0.07488962472406183,0.0,0.0,0.0,0.0,0.0,OK,
freeze,all_only,factor_cov_change,INFEASIBLE,0.0,budget_only,count,INFEASIBLE,INFEASIBLE,INFEASIBLE,INFEASIBLE,INFEASIBLE,INFEASIBLE,INFEASIBLE,INFEASIBLE,INFEASIBLE,INFEASIBLE,INFEASIBLE,INFEASIBLE,INFEASIBLE,INFEASIBLE,INFEASIBLE,INFEASIBLE,INFEASIBLE,INFEASIBLE,INFEASIBLE,INFEASIBLE,INFEASIBLE,INFEASIBLE,INFEASIBLE,,INFEASIBLE,INFEASIBLE,INFEASIBLE,INFEASIBLE,INFEASIBLE,INFEASIBLE,INFEASIBLE,INFEASIBLE,INFEASIBLE,INFEASIBLE,INFEASIBLE,INFEASIBLE,INFEASIBLE,INFEASIBLE,INFEASIBLE,INFEASIBLE,INFEASIBLE,INFEASIBLE,INFEASIBLE,INFEASIBLE,INFEASIBLE,INFEASIBLE,INFEASIBLE,INFEASIBLE,INFEASIBLE,no_trials_in_band
freeze,all_only,factor_cov_change,INFEASIBLE,0.25,budget_only,count,INFEASIBLE,INFEASIBLE,INFEASIBLE,INFEASIBLE,INFEASIBLE,INFEASIBLE,INFEASIBLE,INFEASIBLE,INFEASIBLE,INFEASIBLE,INFEASIBLE,INFEASIBLE,INFEASIBLE,INFEASIBLE,INFEASIBLE,INFEASIBLE,INFEASIBLE,INFEASIBLE,INFEASIBLE,INFEASIBLE,INFEASIBLE,INFEASIBLE,INFEASIBLE,,INFEASIBLE,INFEASIBLE,INFEASIBLE,INFEASIBLE,INFEASIBLE,INFEASIBLE,INFEASIBLE,INFEASIBLE,INFEASIBLE,INFEASIBLE,INFEASIBLE,INFEASIBLE,INFEASIBLE,INFEASIBLE,INFEASIBLE,INFEASIBLE,INFEASIBLE,INFEASIBLE,INFEASIBLE,INFEASIBLE,INFEASIBLE,INFEASIBLE,INFEASIBLE,INFEASIBLE,INFEASIBLE,no_trials_in_band
freeze,all_only,factor_cov_change,INFEASIBLE,0.5,budget_only,count,INFEASIBLE,INFEASIBLE,INFEASIBLE,INFEASIBLE,INFEASIBLE,INFEASIBLE,INFEASIBLE,INFEASIBLE,INFEASIBLE,INFEASIBLE,INFEASIBLE,INFEASIBLE,INFEASIBLE,INFEASIBLE,INFEASIBLE,INFEASIBLE,INFEASIBLE,INFEASIBLE,INFEASIBLE,INFEASIBLE,INFEASIBLE,INFEASIBLE,INFEASIBLE,,INFEASIBLE,INFEASIBLE,INFEASIBLE,INFEASIBLE,INFEASIBLE,INFEASIBLE,INFEASIBLE,INFEASIBLE,INFEASIBLE,INFEASIBLE,INFEASIBLE,INFEASIBLE,INFEASIBLE,INFEASIBLE,INFEASIBLE,INFEASIBLE,INFEASIBLE,INFEASIBLE,INFEASIBLE,INFEASIBLE,INFEASIBLE,INFEASIBLE,INFEASIBLE,INFEASIBLE,INFEASIBLE,no_trials_in_band
freeze,all_only,factor_cov_change,INFEASIBLE,0.75,budget_only,count,INFEASIBLE,INFEASIBLE,INFEASIBLE,INFEASIBLE,INFEASIBLE,INFEASIBLE,INFEASIBLE,INFEASIBLE,INFEASIBLE,INFEASIBLE,INFEASIBLE,INFEASIBLE,INFEASIBLE,INFEASIBLE,INFEASIBLE,INFEASIBLE,INFEASIBLE,INFEASIBLE,INFEASIBLE,INFEASIBLE,INFEASIBLE,INFEASIBLE,INFEASIBLE,,INFEASIBLE,INFEASIBLE,INFEASIBLE,INFEASIBLE,INFEASIBLE,INFEASIBLE,INFEASIBLE,INFEASIBLE,INFEASIBLE,INFEASIBLE,INFEASIBLE,INFEASIBLE,INFEASIBLE,INFEASIBLE,INFEASIBLE,INFEASIBLE,INFEASIBLE,INFEASIBLE,INFEASIBLE,INFEASIBLE,INFEASIBLE,INFEASIBLE,INFEASIBLE,INFEASIBLE,INFEASIBLE,no_trials_in_band
freeze,all_only,factor_cov_change,INFEASIBLE,1.0,budget_only,count,INFEASIBLE,INFEASIBLE,INFEASIBLE,INFEASIBLE,INFEASIBLE,INFEASIBLE,INFEASIBLE,INFEASIBLE,INFEASIBLE,INFEASIBLE,INFEASIBLE,INFEASIBLE,INFEASIBLE,INFEASIBLE,INFEASIBLE,INFEASIBLE,INFEASIBLE,INFEASIBLE,INFEASIBLE,INFEASIBLE,INFEASIBLE,INFEASIBLE,INFEASIBLE,,INFEASIBLE,INFEASIBLE,INFEASIBLE,INFEASIBLE,INFEASIBLE,INFEASIBLE,INFEASIBLE,INFEASIBLE,INFEASIBLE,INFEASIBLE,INFEASIBLE,INFEASIBLE,INFEASIBLE,INFEASIBLE,INFEASIBLE,INFEASIBLE,INFEASIBLE,INFEASIBLE,INFEASIBLE,INFEASIBLE,INFEASIBLE,INFEASIBLE,INFEASIBLE,INFEASIBLE,INFEASIBLE,no_trials_in_band
freeze,all_only,factor_cov_delta,1.0,0.0,budget_only,count,0.1,0.15,0.1,30,30,30,30,1.0,1.0,1.0,0.9326710816777044,0.031181015452538628,21.666666666666668,0.36666666666666664,0.36666666666666664,0.0,0.36666666666666664,0.03333333333333333,0.36666666666666664,0.03333333333333333,0.0,0.03333333333333333,0.03333333333333333,4.0,26.0,26.0,26.0,26.0,26.0,26.0,26.0,26.0,26.0,26.0,14.0,14.0,1.6214128035320092,0.9326710816777044,0.031181015452538628,0.02222152213948248,0.10091852157382622,0.9326710816777044,0.031181015452538628,0.0,0.0,0.0,0.0,0.0,OK,
freeze,all_only,factor_cov_delta,1.0,0.25,budget_only,count,0.1,0.15,0.1,30,30,30,30,1.0,1.0,1.0,0.9326710816777044,0.031181015452538628,21.666666666666668,0.36666666666666664,0.36666666666666664,0.0,0.36666666666666664,0.03333333333333333,0.36666666666666664,0.03333333333333333,0.0,0.03333333333333333,0.03333333333333333,4.0,26.0,26.0,26.0,26.0,26.0,26.0,26.0,26.0,26.0,26.0,14.0,14.0,1.6214128035320092,0.9326710816777044,0.031181015452538628,0.02222152213948248,0.10091852157382622,0.9326710816777044,0.031181015452538628,0.0,0.0,0.0,0.0,0.0,OK,
freeze,all_only,factor_cov_delta,1.0,0.5,budget_only,count,0.1,0.15,0.1,30,30,30,30,1.0,1.0,1.0,0.9326710816777044,0.031181015452538628,21.666666666666668,0.36666666666666664,0.36666666666666664,0.0,0.36666666666666664,0.03333333333333333,0.36666666666666664,0.03333333333333333,0.0,0.03333333333333333,0.03333333333333333,4.0,26.0,26.0,26.0,26.0,26.0,26.0,26.0,26.0,26.0,26.0,14.0,14.0,1.6214128035320092,0.9326710816777044,0.031181015452538628,0.02222152213948248,0.10091852157382622,0.9326710816777044,0.031181015452538628,0.0,0.0,0.0,0.0,0.0,OK,
freeze,all_only,factor_cov_delta,1.0,0.75,budget_only,count,0.1,0.15,0.1,30,30,30,30,1.0,1.0,1.0,0.9326710816777044,0.031181015452538628,21.666666666666668,0.36666666666666664,0.36666666666666664,0.0,0.36666666666666664,0.03333333333333333,0.36666666666666664,0.03333333333333333,0.0,0.03333333333333333,0.03333333333333333,4.0,26.0,26.0,26.0,26.0,26.0,26.0,26.0,26.0,26.0,26.0,14.0,14.0,1.6214128035320092,0.9326710816777044,0.031181015452538628,0.02222152213948248,0.10091852157382622,0.9326710816777044,0.031181015452538628,0.0,0.0,0.0,0.0,0.0,OK,
freeze,all_only,factor_cov_delta,1.0,1.0,budget_only,count,0.1,0.15,0.1,30,30,30,30,1.0,1.0,1.0,0.9326710816777044,0.031181015452538628,21.666666666666668,0.36666666666666664,0.36666666666666664,0.0,0.36666666666666664,0.03333333333333333,0.36666666666666664,0.03333333333333333,0.0,0.03333333333333333,0.03333333333333333,4.0,26.0,26.0,26.0,26.0,26.0,26.0,26.0,26.0,26.0,26.0,14.0,14.0,1.6214128035320092,0.9326710816777044,0.031181015452538628,0.02222152213948248,0.10091852157382622,0.9326710816777044,0.031181015452538628,0.0,0.0,0.0,0.0,0.0,OK,
freeze,all_only,factor_cov_delta,INFEASIBLE,0.0,budget_only,count,INFEASIBLE,INFEASIBLE,INFEASIBLE,INFEASIBLE,INFEASIBLE,INFEASIBLE,INFEASIBLE,INFEASIBLE,INFEASIBLE,INFEASIBLE,INFEASIBLE,INFEASIBLE,INFEASIBLE,INFEASIBLE,INFEASIBLE,INFEASIBLE,INFEASIBLE,INFEASIBLE,INFEASIBLE,INFEASIBLE,INFEASIBLE,INFEASIBLE,INFEASIBLE,,INFEASIBLE,INFEASIBLE,INFEASIBLE,INFEASIBLE,INFEASIBLE,INFEASIBLE,INFEASIBLE,INFEASIBLE,INFEASIBLE,INFEASIBLE,INFEASIBLE,INFEASIBLE,INFEASIBLE,INFEASIBLE,INFEASIBLE,INFEASIBLE,INFEASIBLE,INFEASIBLE,INFEASIBLE,INFEASIBLE,INFEASIBLE,INFEASIBLE,INFEASIBLE,INFEASIBLE,INFEASIBLE,no_trials_in_band
freeze,all_only,factor_cov_delta,INFEASIBLE,0.25,budget_only,count,INFEASIBLE,INFEASIBLE,INFEASIBLE,INFEASIBLE,INFEASIBLE,INFEASIBLE,INFEASIBLE,INFEASIBLE,INFEASIBLE,INFEASIBLE,INFEASIBLE,INFEASIBLE,INFEASIBLE,INFEASIBLE,INFEASIBLE,INFEASIBLE,INFEASIBLE,INFEASIBLE,INFEASIBLE,INFEASIBLE,INFEASIBLE,INFEASIBLE,INFEASIBLE,,INFEASIBLE,INFEASIBLE,INFEASIBLE,INFEASIBLE,INFEASIBLE,INFEASIBLE,INFEASIBLE,INFEASIBLE,INFEASIBLE,INFEASIBLE,INFEASIBLE,INFEASIBLE,INFEASIBLE,INFEASIBLE,INFEASIBLE,INFEASIBLE,INFEASIBLE,INFEASIBLE,INFEASIBLE,INFEASIBLE,INFEASIBLE,INFEASIBLE,INFEASIBLE,INFEASIBLE,INFEASIBLE,no_trials_in_band
freeze,all_only,factor_cov_delta,INFEASIBLE,0.5,budget_only,count,INFEASIBLE,INFEASIBLE,INFEASIBLE,INFEASIBLE,INFEASIBLE,INFEASIBLE,INFEASIBLE,INFEASIBLE,INFEASIBLE,INFEASIBLE,INFEASIBLE,INFEASIBLE,INFEASIBLE,INFEASIBLE,INFEASIBLE,INFEASIBLE,INFEASIBLE,INFEASIBLE,INFEASIBLE,INFEASIBLE,INFEASIBLE,INFEASIBLE,INFEASIBLE,,INFEASIBLE,INFEASIBLE,INFEASIBLE,INFEASIBLE,INFEASIBLE,INFEASIBLE,INFEASIBLE,INFEASIBLE,INFEASIBLE,INFEASIBLE,INFEASIBLE,INFEASIBLE,INFEASIBLE,INFEASIBLE,INFEASIBLE,INFEASIBLE,INFEASIBLE,INFEASIBLE,INFEASIBLE,INFEASIBLE,INFEASIBLE,INFEASIBLE,INFEASIBLE,INFEASIBLE,INFEASIBLE,no_trials_in_band
freeze,all_only,factor_cov_delta,INFEASIBLE,0.75,budget_only,count,INFEASIBLE,INFEASIBLE,INFEASIBLE,INFEASIBLE,INFEASIBLE,INFEASIBLE,INFEASIBLE,INFEASIBLE,INFEASIBLE,INFEASIBLE,INFEASIBLE,INFEASIBLE,INFEASIBLE,INFEASIBLE,INFEASIBLE,INFEASIBLE,INFEASIBLE,INFEASIBLE,INFEASIBLE,INFEASIBLE,INFEASIBLE,INFEASIBLE,INFEASIBLE,,INFEASIBLE,INFEASIBLE,INFEASIBLE,INFEASIBLE,INFEASIBLE,INFEASIBLE,INFEASIBLE,INFEASIBLE,INFEASIBLE,INFEASIBLE,INFEASIBLE,INFEASIBLE,INFEASIBLE,INFEASIBLE,INFEASIBLE,INFEASIBLE,INFEASIBLE,INFEASIBLE,INFEASIBLE,INFEASIBLE,INFEASIBLE,INFEASIBLE,INFEASIBLE,INFEASIBLE,INFEASIBLE,no_trials_in_band
freeze,all_only,factor_cov_delta,INFEASIBLE,1.0,budget_only,count,INFEASIBLE,INFEASIBLE,INFEASIBLE,INFEASIBLE,INFEASIBLE,INFEASIBLE,INFEASIBLE,INFEASIBLE,INFEASIBLE,INFEASIBLE,INFEASIBLE,INFEASIBLE,INFEASIBLE,INFEASIBLE,INFEASIBLE,INFEASIBLE,INFEASIBLE,INFEASIBLE,INFEASIBLE,INFEASIBLE,INFEASIBLE,INFEASIBLE,INFEASIBLE,,INFEASIBLE,INFEASIBLE,INFEASIBLE,INFEASIBLE,INFEASIBLE,INFEASIBLE,INFEASIBLE,INFEASIBLE,INFEASIBLE,INFEASIBLE,INFEASIBLE,INFEASIBLE,INFEASIBLE,INFEASIBLE,INFEASIBLE,INFEASIBLE,INFEASIBLE,INFEASIBLE,INFEASIBLE,INFEASIBLE,INFEASIBLE,INFEASIBLE,INFEASIBLE,INFEASIBLE,INFEASIBLE,no_trials_in_band
freeze,all_only,factor_cov_lrt,1.0,0.0,budget_only,count,0.1,0.15,0.1,30,30,30,30,1.0,1.0,1.0,0.971412803532009,0.08027041942604855,22.566666666666666,0.5666666666666667,0.5666666666666667,0.0,0.6,0.13333333333333333,0.6,0.13333333333333333,0.03333333333333333,0.13333333333333333,0.13333333333333333,4.0,23.5,23.5,23.5,26.0,23.5,26.0,21.0,26.0,23.5,26.0,13.0,13.0,4.174061810154526,0.971412803532009,0.08027041942604855,0.3425684930178129,-0.0651654324822125,0.971412803532009,0.08027041942604855,0.0,0.0,0.0,0.0,0.0,OK,
freeze,all_only,factor_cov_lrt,1.0,0.25,budget_only,count,0.1,0.15,0.1,30,30,30,30,1.0,1.0,1.0,0.971412803532009,0.08027041942604855,22.566666666666666,0.5666666666666667,0.5666666666666667,0.0,0.6,0.13333333333333333,0.6,0.13333333333333333,0.03333333333333333,0.13333333333333333,0.13333333333333333,4.0,23.5,23.5,23.5,26.0,23.5,26.0,21.0,26.0,23.5,26.0,13.0,13.0,4.174061810154526,0.971412803532009,0.08027041942604855,0.3425684930178129,-0.0651654324822125,0.971412803532009,0.08027041942604855,0.0,0.0,0.0,0.0,0.0,OK,
freeze,all_only,factor_cov_lrt,1.0,0.5,budget_only,count,0.1,0.15,0.1,30,30,30,30,1.0,1.0,1.0,0.971412803532009,0.08027041942604855,22.566666666666666,0.5666666666666667,0.5666666666666667,0.0,0.6,0.13333333333333333,0.6,0.13333333333333333,0.03333333333333333,0.13333333333333333,0.13333333333333333,4.0,23.5,23.5,23.5,26.0,23.5,26.0,21.0,26.0,23.5,26.0,13.0,13.0,4.174061810154526,0.971412803532009,0.08027041942604855,0.3425684930178129,-0.0651654324822125,0.971412803532009,0.08027041942604855,0.0,0.0,0.0,0.0,0.0,OK,
freeze,all_only,factor_cov_lrt,1.0,0.75,budget_only,count,0.1,0.15,0.1,30,30,30,30,1.0,1.0,1.0,0.971412803532009,0.08027041942604855,22.566666666666666,0.5666666666666667,0.5666666666666667,0.0,0.6,0.13333333333333333,0.6,0.13333333333333333,0.03333333333333333,0.13333333333333333,0.13333333333333333,4.0,23.5,23.5,23.5,26.0,23.5,26.0,21.0,26.0,23.5,26.0,13.0,13.0,4.174061810154526,0.971412803532009,0.08027041942604855,0.3425684930178129,-0.0651654324822125,0.971412803532009,0.08027041942604855,0.0,0.0,0.0,0.0,0.0,OK,
freeze,all_only,factor_cov_lrt,1.0,1.0,budget_only,count,0.1,0.15,0.1,30,30,30,30,1.0,1.0,1.0,0.971412803532009,0.08027041942604855,22.566666666666666,0.5666666666666667,0.5666666666666667,0.0,0.6,0.13333333333333333,0.6,0.13333333333333333,0.03333333333333333,0.13333333333333333,0.13333333333333333,4.0,23.5,23.5,23.5,26.0,23.5,26.0,21.0,26.0,23.5,26.0,13.0,13.0,4.174061810154526,0.971412803532009,0.08027041942604855,0.3425684930178129,-0.0651654324822125,0.971412803532009,0.08027041942604855,0.0,0.0,0.0,0.0,0.0,OK,
freeze,all_only,factor_cov_lrt,INFEASIBLE,0.0,budget_only,count,INFEASIBLE,INFEASIBLE,INFEASIBLE,INFEASIBLE,INFEASIBLE,INFEASIBLE,INFEASIBLE,INFEASIBLE,INFEASIBLE,INFEASIBLE,INFEASIBLE,INFEASIBLE,INFEASIBLE,INFEASIBLE,INFEASIBLE,INFEASIBLE,INFEASIBLE,INFEASIBLE,INFEASIBLE,INFEASIBLE,INFEASIBLE,INFEASIBLE,INFEASIBLE,,INFEASIBLE,INFEASIBLE,INFEASIBLE,INFEASIBLE,INFEASIBLE,INFEASIBLE,INFEASIBLE,INFEASIBLE,INFEASIBLE,INFEASIBLE,INFEASIBLE,INFEASIBLE,INFEASIBLE,INFEASIBLE,INFEASIBLE,INFEASIBLE,INFEASIBLE,INFEASIBLE,INFEASIBLE,INFEASIBLE,INFEASIBLE,INFEASIBLE,INFEASIBLE,INFEASIBLE,INFEASIBLE,no_trials_in_band
freeze,all_only,factor_cov_lrt,INFEASIBLE,0.25,budget_only,count,INFEASIBLE,INFEASIBLE,INFEASIBLE,INFEASIBLE,INFEASIBLE,INFEASIBLE,INFEASIBLE,INFEASIBLE,INFEASIBLE,INFEASIBLE,INFEASIBLE,INFEASIBLE,INFEASIBLE,INFEASIBLE,INFEASIBLE,INFEASIBLE,INFEASIBLE,INFEASIBLE,INFEASIBLE,INFEASIBLE,INFEASIBLE,INFEASIBLE,INFEASIBLE,,INFEASIBLE,INFEASIBLE,INFEASIBLE,INFEASIBLE,INFEASIBLE,INFEASIBLE,INFEASIBLE,INFEASIBLE,INFEASIBLE,INFEASIBLE,INFEASIBLE,INFEASIBLE,INFEASIBLE,INFEASIBLE,INFEASIBLE,INFEASIBLE,INFEASIBLE,INFEASIBLE,INFEASIBLE,INFEASIBLE,INFEASIBLE,INFEASIBLE,INFEASIBLE,INFEASIBLE,INFEASIBLE,no_trials_in_band
freeze,all_only,factor_cov_lrt,INFEASIBLE,0.5,budget_only,count,INFEASIBLE,INFEASIBLE,INFEASIBLE,INFEASIBLE,INFEASIBLE,INFEASIBLE,INFEASIBLE,INFEASIBLE,INFEASIBLE,INFEASIBLE,INFEASIBLE,INFEASIBLE,INFEASIBLE,INFEASIBLE,INFEASIBLE,INFEASIBLE,INFEASIBLE,INFEASIBLE,INFEASIBLE,INFEASIBLE,INFEASIBLE,INFEASIBLE,INFEASIBLE,,INFEASIBLE,INFEASIBLE,INFEASIBLE,INFEASIBLE,INFEASIBLE,INFEASIBLE,INFEASIBLE,INFEASIBLE,INFEASIBLE,INFEASIBLE,INFEASIBLE,INFEASIBLE,INFEASIBLE,INFEASIBLE,INFEASIBLE,INFEASIBLE,INFEASIBLE,INFEASIBLE,INFEASIBLE,INFEASIBLE,INFEASIBLE,INFEASIBLE,INFEASIBLE,INFEASIBLE,INFEASIBLE,no_trials_in_band
freeze,all_only,factor_cov_lrt,INFEASIBLE,0.75,budget_only,count,INFEASIBLE,INFEASIBLE,INFEASIBLE,INFEASIBLE,INFEASIBLE,INFEASIBLE,INFEASIBLE,INFEASIBLE,INFEASIBLE,INFEASIBLE,INFEASIBLE,INFEASIBLE,INFEASIBLE,INFEASIBLE,INFEASIBLE,INFEASIBLE,INFEASIBLE,INFEASIBLE,INFEASIBLE,INFEASIBLE,INFEASIBLE,INFEASIBLE,INFEASIBLE,,INFEASIBLE,INFEASIBLE,INFEASIBLE,INFEASIBLE,INFEASIBLE,INFEASIBLE,INFEASIBLE,INFEASIBLE,INFEASIBLE,INFEASIBLE,INFEASIBLE,INFEASIBLE,INFEASIBLE,INFEASIBLE,INFEASIBLE,INFEASIBLE,INFEASIBLE,INFEASIBLE,INFEASIBLE,INFEASIBLE,INFEASIBLE,INFEASIBLE,INFEASIBLE,INFEASIBLE,INFEASIBLE,no_trials_in_band
freeze,all_only,factor_cov_lrt,INFEASIBLE,1.0,budget_only,count,INFEASIBLE,INFEASIBLE,INFEASIBLE,INFEASIBLE,INFEASIBLE,INFEASIBLE,INFEASIBLE,INFEASIBLE,INFEASIBLE,INFEASIBLE,INFEASIBLE,INFEASIBLE,INFEASIBLE,INFEASIBLE,INFEASIBLE,INFEASIBLE,INFEASIBLE,INFEASIBLE,INFEASIBLE,INFEASIBLE,INFEASIBLE,INFEASIBLE,INFEASIBLE,,INFEASIBLE,INFEASIBLE,INFEASIBLE,INFEASIBLE,INFEASIBLE,INFEASIBLE,INFEASIBLE,INFEASIBLE,INFEASIBLE,INFEASIBLE,INFEASIBLE,INFEASIBLE,INFEASIBLE,INFEASIBLE,INFEASIBLE,INFEASIBLE,INFEASIBLE,INFEASIBLE,INFEASIBLE,INFEASIBLE,INFEASIBLE,INFEASIBLE,INFEASIBLE,INFEASIBLE,INFEASIBLE,no_trials_in_band
freeze,all_only,factor_cov_lrt_delta,1.0,0.0,budget_only,count,0.1,0.15,0.1,30,30,30,30,1.0,1.0,1.0,1.014459161147903,0.023509933774834436,23.566666666666666,0.4666666666666667,0.4666666666666667,0.0,0.4666666666666667,0.06666666666666667,0.4666666666666667,0.06666666666666667,0.0,0.06666666666666667,0.06666666666666667,4.0,26.0,26.0,26.0,26.0,26.0,26.0,26.0,26.0,26.0,26.0,14.0,14.0,1.2225165562913909,1.014459161147903,0.023509933774834436,0.0010359789696915745,0.042608561990901864,1.014459161147903,0.023509933774834436,0.0,0.0,0.0,0.0,0.0,OK,
freeze,all_only,factor_cov_lrt_delta,1.0,0.25,budget_only,count,0.1,0.15,0.1,30,30,30,30,1.0,1.0,1.0,1.014459161147903,0.023509933774834436,23.566666666666666,0.4666666666666667,0.4666666666666667,0.0,0.4666666666666667,0.06666666666666667,0.4666666666666667,0.06666666666666667,0.0,0.06666666666666667,0.06666666666666667,4.0,26.0,26.0,26.0,26.0,26.0,26.0,26.0,26.0,26.0,26.0,14.0,14.0,1.2225165562913909,1.014459161147903,0.023509933774834436,0.0010359789696915745,0.042608561990901864,1.014459161147903,0.023509933774834436,0.0,0.0,0.0,0.0,0.0,OK,
freeze,all_only,factor_cov_lrt_delta,1.0,0.5,budget_only,count,0.1,0.15,0.1,30,30,30,30,1.0,1.0,1.0,1.014459161147903,0.023509933774834436,23.566666666666666,0.4666666666666667,0.4666666666666667,0.0,0.4666666666666667,0.06666666666666667,0.4666666666666667,0.06666666666666667,0.0,0.06666666666666667,0.06666666666666667,4.0,26.0,26.0,26.0,26.0,26.0,26.0,26.0,26.0,26.0,26.0,14.0,14.0,1.2225165562913909,1.014459161147903,0.023509933774834436,0.0010359789696915745,0.042608561990901864,1.014459161147903,0.023509933774834436,0.0,0.0,0.0,0.0,0.0,OK,
freeze,all_only,factor_cov_lrt_delta,1.0,0.75,budget_only,count,0.1,0.15,0.1,30,30,30,30,1.0,1.0,1.0,1.014459161147903,0.023509933774834436,23.566666666666666,0.4666666666666667,0.4666666666666667,0.0,0.4666666666666667,0.06666666666666667,0.4666666666666667,0.06666666666666667,0.0,0.06666666666666667,0.06666666666666667,4.0,26.0,26.0,26.0,26.0,26.0,26.0,26.0,26.0,26.0,26.0,14.0,14.0,1.2225165562913909,1.014459161147903,0.023509933774834436,0.0010359789696915745,0.042608561990901864,1.014459161147903,0.023509933774834436,0.0,0.0,0.0,0.0,0.0,OK,
freeze,all_only,factor_cov_lrt_delta,1.0,1.0,budget_only,count,0.1,0.15,0.1,30,30,30,30,1.0,1.0,1.0,1.014459161147903,0.023509933774834436,23.566666666666666,0.4666666666666667,0.4666666666666667,0.0,0.4666666666666667,0.06666666666666667,0.4666666666666667,0.06666666666666667,0.0,0.06666666666666667,0.06666666666666667,4.0,26.0,26.0,26.0,26.0,26.0,26.0,26.0,26.0,26.0,26.0,14.0,14.0,1.2225165562913909,1.014459161147903,0.023509933774834436,0.0010359789696915745,0.042608561990901864,1.014459161147903,0.023509933774834436,0.0,0.0,0.0,0.0,0.0,OK,
freeze,all_only,factor_cov_lrt_delta,INFEASIBLE,0.0,budget_only,count,INFEASIBLE,INFEASIBLE,INFEASIBLE,INFEASIBLE,INFEASIBLE,INFEASIBLE,INFEASIBLE,INFEASIBLE,INFEASIBLE,INFEASIBLE,INFEASIBLE,INFEASIBLE,INFEASIBLE,INFEASIBLE,INFEASIBLE,INFEASIBLE,INFEASIBLE,INFEASIBLE,INFEASIBLE,INFEASIBLE,INFEASIBLE,INFEASIBLE,INFEASIBLE,,INFEASIBLE,INFEASIBLE,INFEASIBLE,INFEASIBLE,INFEASIBLE,INFEASIBLE,INFEASIBLE,INFEASIBLE,INFEASIBLE,INFEASIBLE,INFEASIBLE,INFEASIBLE,INFEASIBLE,INFEASIBLE,INFEASIBLE,INFEASIBLE,INFEASIBLE,INFEASIBLE,INFEASIBLE,INFEASIBLE,INFEASIBLE,INFEASIBLE,INFEASIBLE,INFEASIBLE,INFEASIBLE,no_trials_in_band
freeze,all_only,factor_cov_lrt_delta,INFEASIBLE,0.25,budget_only,count,INFEASIBLE,INFEASIBLE,INFEASIBLE,INFEASIBLE,INFEASIBLE,INFEASIBLE,INFEASIBLE,INFEASIBLE,INFEASIBLE,INFEASIBLE,INFEASIBLE,INFEASIBLE,INFEASIBLE,INFEASIBLE,INFEASIBLE,INFEASIBLE,INFEASIBLE,INFEASIBLE,INFEASIBLE,INFEASIBLE,INFEASIBLE,INFEASIBLE,INFEASIBLE,,INFEASIBLE,INFEASIBLE,INFEASIBLE,INFEASIBLE,INFEASIBLE,INFEASIBLE,INFEASIBLE,INFEASIBLE,INFEASIBLE,INFEASIBLE,INFEASIBLE,INFEASIBLE,INFEASIBLE,INFEASIBLE,INFEASIBLE,INFEASIBLE,INFEASIBLE,INFEASIBLE,INFEASIBLE,INFEASIBLE,INFEASIBLE,INFEASIBLE,INFEASIBLE,INFEASIBLE,INFEASIBLE,no_trials_in_band
freeze,all_only,factor_cov_lrt_delta,INFEASIBLE,0.5,budget_only,count,INFEASIBLE,INFEASIBLE,INFEASIBLE,INFEASIBLE,INFEASIBLE,INFEASIBLE,INFEASIBLE,INFEASIBLE,INFEASIBLE,INFEASIBLE,INFEASIBLE,INFEASIBLE,INFEASIBLE,INFEASIBLE,INFEASIBLE,INFEASIBLE,INFEASIBLE,INFEASIBLE,INFEASIBLE,INFEASIBLE,INFEASIBLE,INFEASIBLE,INFEASIBLE,,INFEASIBLE,INFEASIBLE,INFEASIBLE,INFEASIBLE,INFEASIBLE,INFEASIBLE,INFEASIBLE,INFEASIBLE,INFEASIBLE,INFEASIBLE,INFEASIBLE,INFEASIBLE,INFEASIBLE,INFEASIBLE,INFEASIBLE,INFEASIBLE,INFEASIBLE,INFEASIBLE,INFEASIBLE,INFEASIBLE,INFEASIBLE,INFEASIBLE,INFEASIBLE,INFEASIBLE,INFEASIBLE,no_trials_in_band
freeze,all_only,factor_cov_lrt_delta,INFEASIBLE,0.75,budget_only,count,INFEASIBLE,INFEASIBLE,INFEASIBLE,INFEASIBLE,INFEASIBLE,INFEASIBLE,INFEASIBLE,INFEASIBLE,INFEASIBLE,INFEASIBLE,INFEASIBLE,INFEASIBLE,INFEASIBLE,INFEASIBLE,INFEASIBLE,INFEASIBLE,INFEASIBLE,INFEASIBLE,INFEASIBLE,INFEASIBLE,INFEASIBLE,INFEASIBLE,INFEASIBLE,,INFEASIBLE,INFEASIBLE,INFEASIBLE,INFEASIBLE,INFEASIBLE,INFEASIBLE,INFEASIBLE,INFEASIBLE,INFEASIBLE,INFEASIBLE,INFEASIBLE,INFEASIBLE,INFEASIBLE,INFEASIBLE,INFEASIBLE,INFEASIBLE,INFEASIBLE,INFEASIBLE,INFEASIBLE,INFEASIBLE,INFEASIBLE,INFEASIBLE,INFEASIBLE,INFEASIBLE,INFEASIBLE,no_trials_in_band
freeze,all_only,factor_cov_lrt_delta,INFEASIBLE,1.0,budget_only,count,INFEASIBLE,INFEASIBLE,INFEASIBLE,INFEASIBLE,INFEASIBLE,INFEASIBLE,INFEASIBLE,INFEASIBLE,INFEASIBLE,INFEASIBLE,INFEASIBLE,INFEASIBLE,INFEASIBLE,INFEASIBLE,INFEASIBLE,INFEASIBLE,INFEASIBLE,INFEASIBLE,INFEASIBLE,INFEASIBLE,INFEASIBLE,INFEASIBLE,INFEASIBLE,,INFEASIBLE,INFEASIBLE,INFEASIBLE,INFEASIBLE,INFEASIBLE,INFEASIBLE,INFEASIBLE,INFEASIBLE,INFEASIBLE,INFEASIBLE,INFEASIBLE,INFEASIBLE,INFEASIBLE,INFEASIBLE,INFEASIBLE,INFEASIBLE,INFEASIBLE,INFEASIBLE,INFEASIBLE,INFEASIBLE,INFEASIBLE,INFEASIBLE,INFEASIBLE,INFEASIBLE,INFEASIBLE,no_trials_in_band
freeze,all_only,fused_fisher,1.0,0.0,budget_only,count,0.1,0.15,0.1,30,30,30,30,1.0,1.0,1.0,1.0158940397350993,0.027759381898454744,23.6,0.4,0.4,0.0,0.4,0.03333333333333333,0.4,0.03333333333333333,0.0,0.03333333333333333,0.03333333333333333,4.0,26.0,26.0,26.0,26.0,26.0,26.0,26.0,26.0,26.0,26.0,8.5,8.5,1.4434878587196471,1.0158940397350993,0.027759381898454744,0.028921137020793422,-0.13505730683536188,1.0158940397350993,0.027759381898454744,0.0,0.0,0.0,0.0,0.0,OK,
freeze,all_only,fused_fisher,1.0,0.25,budget_only,count,0.1,0.15,0.1,30,30,30,30,1.0,1.0,1.0,1.0158940397350993,0.027759381898454744,23.6,0.4,0.4,0.0,0.4,0.03333333333333333,0.4,0.03333333333333333,0.0,0.03333333333333333,0.03333333333333333,4.0,26.0,26.0,26.0,26.0,26.0,26.0,26.0,26.0,26.0,26.0,8.5,8.5,1.4434878587196471,1.0158940397350993,0.027759381898454744,0.028921137020793422,-0.13505730683536188,1.0158940397350993,0.027759381898454744,0.0,0.0,0.0,0.0,0.0,OK,
freeze,all_only,fused_fisher,1.0,0.5,budget_only,count,0.1,0.15,0.1,30,30,30,30,1.0,1.0,1.0,1.0158940397350993,0.027759381898454744,23.6,0.4,0.4,0.0,0.4,0.03333333333333333,0.4,0.03333333333333333,0.0,0.03333333333333333,0.03333333333333333,4.0,26.0,26.0,26.0,26.0,26.0,26.0,26.0,26.0,26.0,26.0,8.5,8.5,1.4434878587196471,1.0158940397350993,0.027759381898454744,0.028921137020793422,-0.13505730683536188,1.0158940397350993,0.027759381898454744,0.0,0.0,0.0,0.0,0.0,OK,
freeze,all_only,fused_fisher,1.0,0.75,budget_only,count,0.1,0.15,0.1,30,30,30,30,1.0,1.0,1.0,1.0158940397350993,0.027759381898454744,23.6,0.4,0.4,0.0,0.4,0.03333333333333333,0.4,0.03333333333333333,0.0,0.03333333333333333,0.03333333333333333,4.0,26.0,26.0,26.0,26.0,26.0,26.0,26.0,26.0,26.0,26.0,8.5,8.5,1.4434878587196471,1.0158940397350993,0.027759381898454744,0.028921137020793422,-0.13505730683536188,1.0158940397350993,0.027759381898454744,0.0,0.0,0.0,0.0,0.0,OK,
freeze,all_only,fused_fisher,1.0,1.0,budget_only,count,0.1,0.15,0.1,30,30,30,30,1.0,1.0,1.0,1.0158940397350993,0.027759381898454744,23.6,0.4,0.4,0.0,0.4,0.03333333333333333,0.4,0.03333333333333333,0.0,0.03333333333333333,0.03333333333333333,4.0,26.0,26.0,26.0,26.0,26.0,26.0,26.0,26.0,26.0,26.0,8.5,8.5,1.4434878587196471,1.0158940397350993,0.027759381898454744,0.028921137020793422,-0.13505730683536188,1.0158940397350993,0.027759381898454744,0.0,0.0,0.0,0.0,0.0,OK,
freeze,all_only,fused_fisher,INFEASIBLE,0.0,budget_only,count,INFEASIBLE,INFEASIBLE,INFEASIBLE,INFEASIBLE,INFEASIBLE,INFEASIBLE,INFEASIBLE,INFEASIBLE,INFEASIBLE,INFEASIBLE,INFEASIBLE,INFEASIBLE,INFEASIBLE,INFEASIBLE,INFEASIBLE,INFEASIBLE,INFEASIBLE,INFEASIBLE,INFEASIBLE,INFEASIBLE,INFEASIBLE,INFEASIBLE,INFEASIBLE,,INFEASIBLE,INFEASIBLE,INFEASIBLE,INFEASIBLE,INFEASIBLE,INFEASIBLE,INFEASIBLE,INFEASIBLE,INFEASIBLE,INFEASIBLE,INFEASIBLE,INFEASIBLE,INFEASIBLE,INFEASIBLE,INFEASIBLE,INFEASIBLE,INFEASIBLE,INFEASIBLE,INFEASIBLE,INFEASIBLE,INFEASIBLE,INFEASIBLE,INFEASIBLE,INFEASIBLE,INFEASIBLE,no_trials_in_band
freeze,all_only,fused_fisher,INFEASIBLE,0.25,budget_only,count,INFEASIBLE,INFEASIBLE,INFEASIBLE,INFEASIBLE,INFEASIBLE,INFEASIBLE,INFEASIBLE,INFEASIBLE,INFEASIBLE,INFEASIBLE,INFEASIBLE,INFEASIBLE,INFEASIBLE,INFEASIBLE,INFEASIBLE,INFEASIBLE,INFEASIBLE,INFEASIBLE,INFEASIBLE,INFEASIBLE,INFEASIBLE,INFEASIBLE,INFEASIBLE,,INFEASIBLE,INFEASIBLE,INFEASIBLE,INFEASIBLE,INFEASIBLE,INFEASIBLE,INFEASIBLE,INFEASIBLE,INFEASIBLE,INFEASIBLE,INFEASIBLE,INFEASIBLE,INFEASIBLE,INFEASIBLE,INFEASIBLE,INFEASIBLE,INFEASIBLE,INFEASIBLE,INFEASIBLE,INFEASIBLE,INFEASIBLE,INFEASIBLE,INFEASIBLE,INFEASIBLE,INFEASIBLE,no_trials_in_band
freeze,all_only,fused_fisher,INFEASIBLE,0.5,budget_only,count,INFEASIBLE,INFEASIBLE,INFEASIBLE,INFEASIBLE,INFEASIBLE,INFEASIBLE,INFEASIBLE,INFEASIBLE,INFEASIBLE,INFEASIBLE,INFEASIBLE,INFEASIBLE,INFEASIBLE,INFEASIBLE,INFEASIBLE,INFEASIBLE,INFEASIBLE,INFEASIBLE,INFEASIBLE,INFEASIBLE,INFEASIBLE,INFEASIBLE,INFEASIBLE,,INFEASIBLE,INFEASIBLE,INFEASIBLE,INFEASIBLE,INFEASIBLE,INFEASIBLE,INFEASIBLE,INFEASIBLE,INFEASIBLE,INFEASIBLE,INFEASIBLE,INFEASIBLE,INFEASIBLE,INFEASIBLE,INFEASIBLE,INFEASIBLE,INFEASIBLE,INFEASIBLE,INFEASIBLE,INFEASIBLE,INFEASIBLE,INFEASIBLE,INFEASIBLE,INFEASIBLE,INFEASIBLE,no_trials_in_band
freeze,all_only,fused_fisher,INFEASIBLE,0.75,budget_only,count,INFEASIBLE,INFEASIBLE,INFEASIBLE,INFEASIBLE,INFEASIBLE,INFEASIBLE,INFEASIBLE,INFEASIBLE,INFEASIBLE,INFEASIBLE,INFEASIBLE,INFEASIBLE,INFEASIBLE,INFEASIBLE,INFEASIBLE,INFEASIBLE,INFEASIBLE,INFEASIBLE,INFEASIBLE,INFEASIBLE,INFEASIBLE,INFEASIBLE,INFEASIBLE,,INFEASIBLE,INFEASIBLE,INFEASIBLE,INFEASIBLE,INFEASIBLE,INFEASIBLE,INFEASIBLE,INFEASIBLE,INFEASIBLE,INFEASIBLE,INFEASIBLE,INFEASIBLE,INFEASIBLE,INFEASIBLE,INFEASIBLE,INFEASIBLE,INFEASIBLE,INFEASIBLE,INFEASIBLE,INFEASIBLE,INFEASIBLE,INFEASIBLE,INFEASIBLE,INFEASIBLE,INFEASIBLE,no_trials_in_band
freeze,all_only,fused_fisher,INFEASIBLE,1.0,budget_only,count,INFEASIBLE,INFEASIBLE,INFEASIBLE,INFEASIBLE,INFEASIBLE,INFEASIBLE,INFEASIBLE,INFEASIBLE,INFEASIBLE,INFEASIBLE,INFEASIBLE,INFEASIBLE,INFEASIBLE,INFEASIBLE,INFEASIBLE,INFEASIBLE,INFEASIBLE,INFEASIBLE,INFEASIBLE,INFEASIBLE,INFEASIBLE,INFEASIBLE,INFEASIBLE,,INFEASIBLE,INFEASIBLE,INFEASIBLE,INFEASIBLE,INFEASIBLE,INFEASIBLE,INFEASIBLE,INFEASIBLE,INFEASIBLE,INFEASIBLE,INFEASIBLE,INFEASIBLE,INFEASIBLE,INFEASIBLE,INFEASIBLE,INFEASIBLE,INFEASIBLE,INFEASIBLE,INFEASIBLE,INFEASIBLE,INFEASIBLE,INFEASIBLE,INFEASIBLE,INFEASIBLE,INFEASIBLE,no_trials_in_band
freeze,all_only,fused_fisher_lrt_delta,1.0,0.0,budget_only,count,0.1,0.15,0.1,30,30,30,30,1.0,1.0,1.0,1.0144591611479028,0.028421633554083878,23.566666666666666,0.43333333333333335,0.43333333333333335,0.0,0.43333333333333335,0.03333333333333333,0.43333333333333335,0.03333333333333333,0.0,0.03333333333333333,0.03333333333333333,4.0,26.0,26.0,26.0,26.0,26.0,26.0,26.0,26.0,26.0,26.0,8.0,8.0,1.4779249448123621,1.0144591611479028,0.028421633554083878,0.05114696188607205,-0.025157043257137465,1.0144591611479028,0.028421633554083878,0.0,0.0,0.0,0.0,0.0,OK,
freeze,all_only,fused_fisher_lrt_delta,1.0,0.25,budget_only,count,0.1,0.15,0.1,30,30,30,30,1.0,1.0,1.0,1.0144591611479028,0.028421633554083878,23.566666666666666,0.43333333333333335,0.43333333333333335,0.0,0.43333333333333335,0.03333333333333333,0.43333333333333335,0.03333333333333333,0.0,0.03333333333333333,0.03333333333333333,4.0,26.0,26.0,26.0,26.0,26.0,26.0,26.0,26.0,26.0,26.0,8.0,8.0,1.4779249448123621,1.0144591611479028,0.028421633554083878,0.05114696188607205,-0.025157043257137465,1.0144591611479028,0.028421633554083878,0.0,0.0,0.0,0.0,0.0,OK,
freeze,all_only,fused_fisher_lrt_delta,1.0,0.5,budget_only,count,0.1,0.15,0.1,30,30,30,30,1.0,1.0,1.0,1.0144591611479028,0.028421633554083878,23.566666666666666,0.43333333333333335,0.43333333333333335,0.0,0.43333333333333335,0.03333333333333333,0.43333333333333335,0.03333333333333333,0.0,0.03333333333333333,0.03333333333333333,4.0,26.0,26.0,26.0,26.0,26.0,26.0,26.0,26.0,26.0,26.0,8.0,8.0,1.4779249448123621,1.0144591611479028,0.028421633554083878,0.05114696188607205,-0.025157043257137465,1.0144591611479028,0.028421633554083878,0.0,0.0,0.0,0.0,0.0,OK,
freeze,all_only,fused_fisher_lrt_delta,1.0,0.75,budget_only,count,0.1,0.15,0.1,30,30,30,30,1.0,1.0,1.0,1.0144591611479028,0.028421633554083878,23.566666666666666,0.43333333333333335,0.43333333333333335,0.0,0.43333333333333335,0.03333333333333333,0.43333333333333335,0.03333333333333333,0.0,0.03333333333333333,0.03333333333333333,4.0,26.0,26.0,26.0,26.0,26.0,26.0,26.0,26.0,26.0,26.0,8.0,8.0,1.4779249448123621,1.0144591611479028,0.028421633554083878,0.05114696188607205,-0.025157043257137465,1.0144591611479028,0.028421633554083878,0.0,0.0,0.0,0.0,0.0,OK,
freeze,all_only,fused_fisher_lrt_delta,1.0,1.0,budget_only,count,0.1,0.15,0.1,30,30,30,30,1.0,1.0,1.0,1.0144591611479028,0.028421633554083878,23.566666666666666,0.43333333333333335,0.43333333333333335,0.0,0.43333333333333335,0.03333333333333333,0.43333333333333335,0.03333333333333333,0.0,0.03333333333333333,0.03333333333333333,4.0,26.0,26.0,26.0,26.0,26.0,26.0,26.0,26.0,26.0,26.0,8.0,8.0,1.4779249448123621,1.0144591611479028,0.028421633554083878,0.05114696188607205,-0.025157043257137465,1.0144591611479028,0.028421633554083878,0.0,0.0,0.0,0.0,0.0,OK,
freeze,all_only,fused_fisher_lrt_delta,INFEASIBLE,0.0,budget_only,count,INFEASIBLE,INFEASIBLE,INFEASIBLE,INFEASIBLE,INFEASIBLE,INFEASIBLE,INFEASIBLE,INFEASIBLE,INFEASIBLE,INFEASIBLE,INFEASIBLE,INFEASIBLE,INFEASIBLE,INFEASIBLE,INFEASIBLE,INFEASIBLE,INFEASIBLE,INFEASIBLE,INFEASIBLE,INFEASIBLE,INFEASIBLE,INFEASIBLE,INFEASIBLE,,INFEASIBLE,INFEASIBLE,INFEASIBLE,INFEASIBLE,INFEASIBLE,INFEASIBLE,INFEASIBLE,INFEASIBLE,INFEASIBLE,INFEASIBLE,INFEASIBLE,INFEASIBLE,INFEASIBLE,INFEASIBLE,INFEASIBLE,INFEASIBLE,INFEASIBLE,INFEASIBLE,INFEASIBLE,INFEASIBLE,INFEASIBLE,INFEASIBLE,INFEASIBLE,INFEASIBLE,INFEASIBLE,no_trials_in_band
freeze,all_only,fused_fisher_lrt_delta,INFEASIBLE,0.25,budget_only,count,INFEASIBLE,INFEASIBLE,INFEASIBLE,INFEASIBLE,INFEASIBLE,INFEASIBLE,INFEASIBLE,INFEASIBLE,INFEASIBLE,INFEASIBLE,INFEASIBLE,INFEASIBLE,INFEASIBLE,INFEASIBLE,INFEASIBLE,INFEASIBLE,INFEASIBLE,INFEASIBLE,INFEASIBLE,INFEASIBLE,INFEASIBLE,INFEASIBLE,INFEASIBLE,,INFEASIBLE,INFEASIBLE,INFEASIBLE,INFEASIBLE,INFEASIBLE,INFEASIBLE,INFEASIBLE,INFEASIBLE,INFEASIBLE,INFEASIBLE,INFEASIBLE,INFEASIBLE,INFEASIBLE,INFEASIBLE,INFEASIBLE,INFEASIBLE,INFEASIBLE,INFEASIBLE,INFEASIBLE,INFEASIBLE,INFEASIBLE,INFEASIBLE,INFEASIBLE,INFEASIBLE,INFEASIBLE,no_trials_in_band
freeze,all_only,fused_fisher_lrt_delta,INFEASIBLE,0.5,budget_only,count,INFEASIBLE,INFEASIBLE,INFEASIBLE,INFEASIBLE,INFEASIBLE,INFEASIBLE,INFEASIBLE,INFEASIBLE,INFEASIBLE,INFEASIBLE,INFEASIBLE,INFEASIBLE,INFEASIBLE,INFEASIBLE,INFEASIBLE,INFEASIBLE,INFEASIBLE,INFEASIBLE,INFEASIBLE,INFEASIBLE,INFEASIBLE,INFEASIBLE,INFEASIBLE,,INFEASIBLE,INFEASIBLE,INFEASIBLE,INFEASIBLE,INFEASIBLE,INFEASIBLE,INFEASIBLE,INFEASIBLE,INFEASIBLE,INFEASIBLE,INFEASIBLE,INFEASIBLE,INFEASIBLE,INFEASIBLE,INFEASIBLE,INFEASIBLE,INFEASIBLE,INFEASIBLE,INFEASIBLE,INFEASIBLE,INFEASIBLE,INFEASIBLE,INFEASIBLE,INFEASIBLE,INFEASIBLE,no_trials_in_band
freeze,all_only,fused_fisher_lrt_delta,INFEASIBLE,0.75,budget_only,count,INFEASIBLE,INFEASIBLE,INFEASIBLE,INFEASIBLE,INFEASIBLE,INFEASIBLE,INFEASIBLE,INFEASIBLE,INFEASIBLE,INFEASIBLE,INFEASIBLE,INFEASIBLE,INFEASIBLE,INFEASIBLE,INFEASIBLE,INFEASIBLE,INFEASIBLE,INFEASIBLE,INFEASIBLE,INFEASIBLE,INFEASIBLE,INFEASIBLE,INFEASIBLE,,INFEASIBLE,INFEASIBLE,INFEASIBLE,INFEASIBLE,INFEASIBLE,INFEASIBLE,INFEASIBLE,INFEASIBLE,INFEASIBLE,INFEASIBLE,INFEASIBLE,INFEASIBLE,INFEASIBLE,INFEASIBLE,INFEASIBLE,INFEASIBLE,INFEASIBLE,INFEASIBLE,INFEASIBLE,INFEASIBLE,INFEASIBLE,INFEASIBLE,INFEASIBLE,INFEASIBLE,INFEASIBLE,no_trials_in_band
freeze,all_only,fused_fisher_lrt_delta,INFEASIBLE,1.0,budget_only,count,INFEASIBLE,INFEASIBLE,INFEASIBLE,INFEASIBLE,INFEASIBLE,INFEASIBLE,INFEASIBLE,INFEASIBLE,INFEASIBLE,INFEASIBLE,INFEASIBLE,INFEASIBLE,INFEASIBLE,INFEASIBLE,INFEASIBLE,INFEASIBLE,INFEASIBLE,INFEASIBLE,INFEASIBLE,INFEASIBLE,INFEASIBLE,INFEASIBLE,INFEASIBLE,,INFEASIBLE,INFEASIBLE,INFEASIBLE,INFEASIBLE,INFEASIBLE,INFEASIBLE,INFEASIBLE,INFEASIBLE,INFEASIBLE,INFEASIBLE,INFEASIBLE,INFEASIBLE,INFEASIBLE,INFEASIBLE,INFEASIBLE,INFEASIBLE,INFEASIBLE,INFEASIBLE,INFEASIBLE,INFEASIBLE,INFEASIBLE,INFEASIBLE,INFEASIBLE,INFEASIBLE,INFEASIBLE,no_trials_in_band
freeze,all_only,fused_sp,INFEASIBLE,0.0,budget_only,count,INFEASIBLE,INFEASIBLE,INFEASIBLE,INFEASIBLE,INFEASIBLE,INFEASIBLE,INFEASIBLE,INFEASIBLE,INFEASIBLE,INFEASIBLE,INFEASIBLE,INFEASIBLE,INFEASIBLE,INFEASIBLE,INFEASIBLE,INFEASIBLE,INFEASIBLE,INFEASIBLE,INFEASIBLE,INFEASIBLE,INFEASIBLE,INFEASIBLE,INFEASIBLE,,INFEASIBLE,INFEASIBLE,INFEASIBLE,INFEASIBLE,INFEASIBLE,INFEASIBLE,INFEASIBLE,INFEASIBLE,INFEASIBLE,INFEASIBLE,INFEASIBLE,INFEASIBLE,INFEASIBLE,INFEASIBLE,INFEASIBLE,INFEASIBLE,INFEASIBLE,INFEASIBLE,INFEASIBLE,INFEASIBLE,INFEASIBLE,INFEASIBLE,INFEASIBLE,INFEASIBLE,INFEASIBLE,no_trials_in_band
freeze,all_only,fused_sp,INFEASIBLE,0.25,budget_only,count,INFEASIBLE,INFEASIBLE,INFEASIBLE,INFEASIBLE,INFEASIBLE,INFEASIBLE,INFEASIBLE,INFEASIBLE,INFEASIBLE,INFEASIBLE,INFEASIBLE,INFEASIBLE,INFEASIBLE,INFEASIBLE,INFEASIBLE,INFEASIBLE,INFEASIBLE,INFEASIBLE,INFEASIBLE,INFEASIBLE,INFEASIBLE,INFEASIBLE,INFEASIBLE,,INFEASIBLE,INFEASIBLE,INFEASIBLE,INFEASIBLE,INFEASIBLE,INFEASIBLE,INFEASIBLE,INFEASIBLE,INFEASIBLE,INFEASIBLE,INFEASIBLE,INFEASIBLE,INFEASIBLE,INFEASIBLE,INFEASIBLE,INFEASIBLE,INFEASIBLE,INFEASIBLE,INFEASIBLE,INFEASIBLE,INFEASIBLE,INFEASIBLE,INFEASIBLE,INFEASIBLE,INFEASIBLE,no_trials_in_band
freeze,all_only,fused_sp,INFEASIBLE,0.5,budget_only,count,INFEASIBLE,INFEASIBLE,INFEASIBLE,INFEASIBLE,INFEASIBLE,INFEASIBLE,INFEASIBLE,INFEASIBLE,INFEASIBLE,INFEASIBLE,INFEASIBLE,INFEASIBLE,INFEASIBLE,INFEASIBLE,INFEASIBLE,INFEASIBLE,INFEASIBLE,INFEASIBLE,INFEASIBLE,INFEASIBLE,INFEASIBLE,INFEASIBLE,INFEASIBLE,,INFEASIBLE,INFEASIBLE,INFEASIBLE,INFEASIBLE,INFEASIBLE,INFEASIBLE,INFEASIBLE,INFEASIBLE,INFEASIBLE,INFEASIBLE,INFEASIBLE,INFEASIBLE,INFEASIBLE,INFEASIBLE,INFEASIBLE,INFEASIBLE,INFEASIBLE,INFEASIBLE,INFEASIBLE,INFEASIBLE,INFEASIBLE,INFEASIBLE,INFEASIBLE,INFEASIBLE,INFEASIBLE,no_trials_in_band
freeze,all_only,fused_sp,INFEASIBLE,0.75,budget_only,count,INFEASIBLE,INFEASIBLE,INFEASIBLE,INFEASIBLE,INFEASIBLE,INFEASIBLE,INFEASIBLE,INFEASIBLE,INFEASIBLE,INFEASIBLE,INFEASIBLE,INFEASIBLE,INFEASIBLE,INFEASIBLE,INFEASIBLE,INFEASIBLE,INFEASIBLE,INFEASIBLE,INFEASIBLE,INFEASIBLE,INFEASIBLE,INFEASIBLE,INFEASIBLE,,INFEASIBLE,INFEASIBLE,INFEASIBLE,INFEASIBLE,INFEASIBLE,INFEASIBLE,INFEASIBLE,INFEASIBLE,INFEASIBLE,INFEASIBLE,INFEASIBLE,INFEASIBLE,INFEASIBLE,INFEASIBLE,INFEASIBLE,INFEASIBLE,INFEASIBLE,INFEASIBLE,INFEASIBLE,INFEASIBLE,INFEASIBLE,INFEASIBLE,INFEASIBLE,INFEASIBLE,INFEASIBLE,no_trials_in_band
freeze,all_only,fused_sp,INFEASIBLE,1.0,budget_only,count,INFEASIBLE,INFEASIBLE,INFEASIBLE,INFEASIBLE,INFEASIBLE,INFEASIBLE,INFEASIBLE,INFEASIBLE,INFEASIBLE,INFEASIBLE,INFEASIBLE,INFEASIBLE,INFEASIBLE,INFEASIBLE,INFEASIBLE,INFEASIBLE,INFEASIBLE,INFEASIBLE,INFEASIBLE,INFEASIBLE,INFEASIBLE,INFEASIBLE,INFEASIBLE,,INFEASIBLE,INFEASIBLE,INFEASIBLE,INFEASIBLE,INFEASIBLE,INFEASIBLE,INFEASIBLE,INFEASIBLE,INFEASIBLE,INFEASIBLE,INFEASIBLE,INFEASIBLE,INFEASIBLE,INFEASIBLE,INFEASIBLE,INFEASIBLE,INFEASIBLE,INFEASIBLE,INFEASIBLE,INFEASIBLE,INFEASIBLE,INFEASIBLE,INFEASIBLE,INFEASIBLE,INFEASIBLE,no_trials_in_band
freeze,all_only,fused_sp,INFEASIBLE,0.0,budget_only,count,INFEASIBLE,INFEASIBLE,INFEASIBLE,INFEASIBLE,INFEASIBLE,INFEASIBLE,INFEASIBLE,INFEASIBLE,INFEASIBLE,INFEASIBLE,INFEASIBLE,INFEASIBLE,INFEASIBLE,INFEASIBLE,INFEASIBLE,INFEASIBLE,INFEASIBLE,INFEASIBLE,INFEASIBLE,INFEASIBLE,INFEASIBLE,INFEASIBLE,INFEASIBLE,,INFEASIBLE,INFEASIBLE,INFEASIBLE,INFEASIBLE,INFEASIBLE,INFEASIBLE,INFEASIBLE,INFEASIBLE,INFEASIBLE,INFEASIBLE,INFEASIBLE,INFEASIBLE,INFEASIBLE,INFEASIBLE,INFEASIBLE,INFEASIBLE,INFEASIBLE,INFEASIBLE,INFEASIBLE,INFEASIBLE,INFEASIBLE,INFEASIBLE,INFEASIBLE,INFEASIBLE,INFEASIBLE,no_trials_in_band
freeze,all_only,fused_sp,INFEASIBLE,0.25,budget_only,count,INFEASIBLE,INFEASIBLE,INFEASIBLE,INFEASIBLE,INFEASIBLE,INFEASIBLE,INFEASIBLE,INFEASIBLE,INFEASIBLE,INFEASIBLE,INFEASIBLE,INFEASIBLE,INFEASIBLE,INFEASIBLE,INFEASIBLE,INFEASIBLE,INFEASIBLE,INFEASIBLE,INFEASIBLE,INFEASIBLE,INFEASIBLE,INFEASIBLE,INFEASIBLE,,INFEASIBLE,INFEASIBLE,INFEASIBLE,INFEASIBLE,INFEASIBLE,INFEASIBLE,INFEASIBLE,INFEASIBLE,INFEASIBLE,INFEASIBLE,INFEASIBLE,INFEASIBLE,INFEASIBLE,INFEASIBLE,INFEASIBLE,INFEASIBLE,INFEASIBLE,INFEASIBLE,INFEASIBLE,INFEASIBLE,INFEASIBLE,INFEASIBLE,INFEASIBLE,INFEASIBLE,INFEASIBLE,no_trials_in_band
freeze,all_only,fused_sp,INFEASIBLE,0.5,budget_only,count,INFEASIBLE,INFEASIBLE,INFEASIBLE,INFEASIBLE,INFEASIBLE,INFEASIBLE,INFEASIBLE,INFEASIBLE,INFEASIBLE,INFEASIBLE,INFEASIBLE,INFEASIBLE,INFEASIBLE,INFEASIBLE,INFEASIBLE,INFEASIBLE,INFEASIBLE,INFEASIBLE,INFEASIBLE,INFEASIBLE,INFEASIBLE,INFEASIBLE,INFEASIBLE,,INFEASIBLE,INFEASIBLE,INFEASIBLE,INFEASIBLE,INFEASIBLE,INFEASIBLE,INFEASIBLE,INFEASIBLE,INFEASIBLE,INFEASIBLE,INFEASIBLE,INFEASIBLE,INFEASIBLE,INFEASIBLE,INFEASIBLE,INFEASIBLE,INFEASIBLE,INFEASIBLE,INFEASIBLE,INFEASIBLE,INFEASIBLE,INFEASIBLE,INFEASIBLE,INFEASIBLE,INFEASIBLE,no_trials_in_band
freeze,all_only,fused_sp,INFEASIBLE,0.75,budget_only,count,INFEASIBLE,INFEASIBLE,INFEASIBLE,INFEASIBLE,INFEASIBLE,INFEASIBLE,INFEASIBLE,INFEASIBLE,INFEASIBLE,INFEASIBLE,INFEASIBLE,INFEASIBLE,INFEASIBLE,INFEASIBLE,INFEASIBLE,INFEASIBLE,INFEASIBLE,INFEASIBLE,INFEASIBLE,INFEASIBLE,INFEASIBLE,INFEASIBLE,INFEASIBLE,,INFEASIBLE,INFEASIBLE,INFEASIBLE,INFEASIBLE,INFEASIBLE,INFEASIBLE,INFEASIBLE,INFEASIBLE,INFEASIBLE,INFEASIBLE,INFEASIBLE,INFEASIBLE,INFEASIBLE,INFEASIBLE,INFEASIBLE,INFEASIBLE,INFEASIBLE,INFEASIBLE,INFEASIBLE,INFEASIBLE,INFEASIBLE,INFEASIBLE,INFEASIBLE,INFEASIBLE,INFEASIBLE,no_trials_in_band
freeze,all_only,fused_sp,INFEASIBLE,1.0,budget_only,count,INFEASIBLE,INFEASIBLE,INFEASIBLE,INFEASIBLE,INFEASIBLE,INFEASIBLE,INFEASIBLE,INFEASIBLE,INFEASIBLE,INFEASIBLE,INFEASIBLE,INFEASIBLE,INFEASIBLE,INFEASIBLE,INFEASIBLE,INFEASIBLE,INFEASIBLE,INFEASIBLE,INFEASIBLE,INFEASIBLE,INFEASIBLE,INFEASIBLE,INFEASIBLE,,INFEASIBLE,INFEASIBLE,INFEASIBLE,INFEASIBLE,INFEASIBLE,INFEASIBLE,INFEASIBLE,INFEASIBLE,INFEASIBLE,INFEASIBLE,INFEASIBLE,INFEASIBLE,INFEASIBLE,INFEASIBLE,INFEASIBLE,INFEASIBLE,INFEASIBLE,INFEASIBLE,INFEASIBLE,INFEASIBLE,INFEASIBLE,INFEASIBLE,INFEASIBLE,INFEASIBLE,INFEASIBLE,no_trials_in_band
freeze,all_only,fused_sp_lrt_delta,1.0,0.0,budget_only,count,0.1,0.15,0.1,30,30,30,30,1.0,1.0,1.0,0.9714128035320091,0.018681015452538634,22.566666666666666,0.43333333333333335,0.43333333333333335,0.0,0.43333333333333335,0.03333333333333333,0.43333333333333335,0.03333333333333333,0.0,0.03333333333333333,0.03333333333333333,4.0,26.0,26.0,26.0,26.0,26.0,26.0,26.0,26.0,26.0,26.0,15.0,15.0,0.9714128035320091,0.9714128035320091,0.018681015452538634,0.0010359789696915745,0.0,0.9714128035320091,0.018681015452538634,0.0,0.0,0.0,0.0,0.0,OK,
freeze,all_only,fused_sp_lrt_delta,1.0,0.25,budget_only,count,0.1,0.15,0.1,30,30,30,30,1.0,1.0,1.0,0.9714128035320091,0.018681015452538634,22.566666666666666,0.43333333333333335,0.43333333333333335,0.0,0.43333333333333335,0.03333333333333333,0.43333333333333335,0.03333333333333333,0.0,0.03333333333333333,0.03333333333333333,4.0,26.0,26.0,26.0,26.0,26.0,26.0,26.0,26.0,26.0,26.0,15.0,15.0,0.9714128035320091,0.9714128035320091,0.018681015452538634,0.0010359789696915745,0.0,0.9714128035320091,0.018681015452538634,0.0,0.0,0.0,0.0,0.0,OK,
freeze,all_only,fused_sp_lrt_delta,1.0,0.5,budget_only,count,0.1,0.15,0.1,30,30,30,30,1.0,1.0,1.0,0.9714128035320091,0.018681015452538634,22.566666666666666,0.43333333333333335,0.43333333333333335,0.0,0.43333333333333335,0.03333333333333333,0.43333333333333335,0.03333333333333333,0.0,0.03333333333333333,0.03333333333333333,4.0,26.0,26.0,26.0,26.0,26.0,26.0,26.0,26.0,26.0,26.0,15.0,15.0,0.9714128035320091,0.9714128035320091,0.018681015452538634,0.0010359789696915745,0.0,0.9714128035320091,0.018681015452538634,0.0,0.0,0.0,0.0,0.0,OK,
freeze,all_only,fused_sp_lrt_delta,1.0,0.75,budget_only,count,0.1,0.15,0.1,30,30,30,30,1.0,1.0,1.0,0.9714128035320091,0.018681015452538634,22.566666666666666,0.43333333333333335,0.43333333333333335,0.0,0.43333333333333335,0.03333333333333333,0.43333333333333335,0.03333333333333333,0.0,0.03333333333333333,0.03333333333333333,4.0,26.0,26.0,26.0,26.0,26.0,26.0,26.0,26.0,26.0,26.0,15.0,15.0,0.9714128035320091,0.9714128035320091,0.018681015452538634,0.0010359789696915745,0.0,0.9714128035320091,0.018681015452538634,0.0,0.0,0.0,0.0,0.0,OK,
freeze,all_only,fused_sp_lrt_delta,1.0,1.0,budget_only,count,0.1,0.15,0.1,30,30,30,30,1.0,1.0,1.0,0.9714128035320091,0.018681015452538634,22.566666666666666,0.43333333333333335,0.43333333333333335,0.0,0.43333333333333335,0.03333333333333333,0.43333333333333335,0.03333333333333333,0.0,0.03333333333333333,0.03333333333333333,4.0,26.0,26.0,26.0,26.0,26.0,26.0,26.0,26.0,26.0,26.0,15.0,15.0,0.9714128035320091,0.9714128035320091,0.018681015452538634,0.0010359789696915745,0.0,0.9714128035320091,0.018681015452538634,0.0,0.0,0.0,0.0,0.0,OK,
freeze,all_only,fused_sp_lrt_delta,INFEASIBLE,0.0,budget_only,count,INFEASIBLE,INFEASIBLE,INFEASIBLE,INFEASIBLE,INFEASIBLE,INFEASIBLE,INFEASIBLE,INFEASIBLE,INFEASIBLE,INFEASIBLE,INFEASIBLE,INFEASIBLE,INFEASIBLE,INFEASIBLE,INFEASIBLE,INFEASIBLE,INFEASIBLE,INFEASIBLE,INFEASIBLE,INFEASIBLE,INFEASIBLE,INFEASIBLE,INFEASIBLE,,INFEASIBLE,INFEASIBLE,INFEASIBLE,INFEASIBLE,INFEASIBLE,INFEASIBLE,INFEASIBLE,INFEASIBLE,INFEASIBLE,INFEASIBLE,INFEASIBLE,INFEASIBLE,INFEASIBLE,INFEASIBLE,INFEASIBLE,INFEASIBLE,INFEASIBLE,INFEASIBLE,INFEASIBLE,INFEASIBLE,INFEASIBLE,INFEASIBLE,INFEASIBLE,INFEASIBLE,INFEASIBLE,no_trials_in_band
freeze,all_only,fused_sp_lrt_delta,INFEASIBLE,0.25,budget_only,count,INFEASIBLE,INFEASIBLE,INFEASIBLE,INFEASIBLE,INFEASIBLE,INFEASIBLE,INFEASIBLE,INFEASIBLE,INFEASIBLE,INFEASIBLE,INFEASIBLE,INFEASIBLE,INFEASIBLE,INFEASIBLE,INFEASIBLE,INFEASIBLE,INFEASIBLE,INFEASIBLE,INFEASIBLE,INFEASIBLE,INFEASIBLE,INFEASIBLE,INFEASIBLE,,INFEASIBLE,INFEASIBLE,INFEASIBLE,INFEASIBLE,INFEASIBLE,INFEASIBLE,INFEASIBLE,INFEASIBLE,INFEASIBLE,INFEASIBLE,INFEASIBLE,INFEASIBLE,INFEASIBLE,INFEASIBLE,INFEASIBLE,INFEASIBLE,INFEASIBLE,INFEASIBLE,INFEASIBLE,INFEASIBLE,INFEASIBLE,INFEASIBLE,INFEASIBLE,INFEASIBLE,INFEASIBLE,no_trials_in_band
freeze,all_only,fused_sp_lrt_delta,INFEASIBLE,0.5,budget_only,count,INFEASIBLE,INFEASIBLE,INFEASIBLE,INFEASIBLE,INFEASIBLE,INFEASIBLE,INFEASIBLE,INFEASIBLE,INFEASIBLE,INFEASIBLE,INFEASIBLE,INFEASIBLE,INFEASIBLE,INFEASIBLE,INFEASIBLE,INFEASIBLE,INFEASIBLE,INFEASIBLE,INFEASIBLE,INFEASIBLE,INFEASIBLE,INFEASIBLE,INFEASIBLE,,INFEASIBLE,INFEASIBLE,INFEASIBLE,INFEASIBLE,INFEASIBLE,INFEASIBLE,INFEASIBLE,INFEASIBLE,INFEASIBLE,INFEASIBLE,INFEASIBLE,INFEASIBLE,INFEASIBLE,INFEASIBLE,INFEASIBLE,INFEASIBLE,INFEASIBLE,INFEASIBLE,INFEASIBLE,INFEASIBLE,INFEASIBLE,INFEASIBLE,INFEASIBLE,INFEASIBLE,INFEASIBLE,no_trials_in_band
freeze,all_only,fused_sp_lrt_delta,INFEASIBLE,0.75,budget_only,count,INFEASIBLE,INFEASIBLE,INFEASIBLE,INFEASIBLE,INFEASIBLE,INFEASIBLE,INFEASIBLE,INFEASIBLE,INFEASIBLE,INFEASIBLE,INFEASIBLE,INFEASIBLE,INFEASIBLE,INFEASIBLE,INFEASIBLE,INFEASIBLE,INFEASIBLE,INFEASIBLE,INFEASIBLE,INFEASIBLE,INFEASIBLE,INFEASIBLE,INFEASIBLE,,INFEASIBLE,INFEASIBLE,INFEASIBLE,INFEASIBLE,INFEASIBLE,INFEASIBLE,INFEASIBLE,INFEASIBLE,INFEASIBLE,INFEASIBLE,INFEASIBLE,INFEASIBLE,INFEASIBLE,INFEASIBLE,INFEASIBLE,INFEASIBLE,INFEASIBLE,INFEASIBLE,INFEASIBLE,INFEASIBLE,INFEASIBLE,INFEASIBLE,INFEASIBLE,INFEASIBLE,INFEASIBLE,no_trials_in_band
freeze,all_only,fused_sp_lrt_delta,INFEASIBLE,1.0,budget_only,count,INFEASIBLE,INFEASIBLE,INFEASIBLE,INFEASIBLE,INFEASIBLE,INFEASIBLE,INFEASIBLE,INFEASIBLE,INFEASIBLE,INFEASIBLE,INFEASIBLE,INFEASIBLE,INFEASIBLE,INFEASIBLE,INFEASIBLE,INFEASIBLE,INFEASIBLE,INFEASIBLE,INFEASIBLE,INFEASIBLE,INFEASIBLE,INFEASIBLE,INFEASIBLE,,INFEASIBLE,INFEASIBLE,INFEASIBLE,INFEASIBLE,INFEASIBLE,INFEASIBLE,INFEASIBLE,INFEASIBLE,INFEASIBLE,INFEASIBLE,INFEASIBLE,INFEASIBLE,INFEASIBLE,INFEASIBLE,INFEASIBLE,INFEASIBLE,INFEASIBLE,INFEASIBLE,INFEASIBLE,INFEASIBLE,INFEASIBLE,INFEASIBLE,INFEASIBLE,INFEASIBLE,INFEASIBLE,no_trials_in_band
freeze,all_only,max_abs,1.0,0.0,budget_only,count,0.1,0.15,0.1,30,30,30,30,1.0,1.0,1.0,0.9298013245033114,0.01788079470198675,21.6,0.4,0.4,0.0,0.4,0.03333333333333333,0.4,0.03333333333333333,0.0,0.03333333333333333,0.03333333333333333,4.0,26.0,26.0,26.0,26.0,26.0,26.0,26.0,26.0,26.0,26.0,10.5,10.5,0.9298013245033114,0.9298013245033114,0.01788079470198675,0.020294593204858803,0.0,0.9298013245033114,0.01788079470198675,0.0,0.0,0.0,0.0,0.0,OK,
freeze,all_only,max_abs,1.0,0.25,budget_only,count,0.1,0.15,0.1,30,30,30,30,1.0,1.0,1.0,0.9298013245033114,0.01788079470198675,21.6,0.4,0.4,0.0,0.4,0.03333333333333333,0.4,0.03333333333333333,0.0,0.03333333333333333,0.03333333333333333,4.0,26.0,26.0,26.0,26.0,26.0,26.0,26.0,26.0,26.0,26.0,10.5,10.5,0.9298013245033114,0.9298013245033114,0.01788079470198675,0.020294593204858803,0.0,0.9298013245033114,0.01788079470198675,0.0,0.0,0.0,0.0,0.0,OK,
freeze,all_only,max_abs,1.0,0.5,budget_only,count,0.1,0.15,0.1,30,30,30,30,1.0,1.0,1.0,0.9298013245033114,0.01788079470198675,21.6,0.4,0.4,0.0,0.4,0.03333333333333333,0.4,0.03333333333333333,0.0,0.03333333333333333,0.03333333333333333,4.0,26.0,26.0,26.0,26.0,26.0,26.0,26.0,26.0,26.0,26.0,10.5,10.5,0.9298013245033114,0.9298013245033114,0.01788079470198675,0.020294593204858803,0.0,0.9298013245033114,0.01788079470198675,0.0,0.0,0.0,0.0,0.0,OK,
freeze,all_only,max_abs,1.0,0.75,budget_only,count,0.1,0.15,0.1,30,30,30,30,1.0,1.0,1.0,0.9298013245033114,0.01788079470198675,21.6,0.4,0.4,0.0,0.4,0.03333333333333333,0.4,0.03333333333333333,0.0,0.03333333333333333,0.03333333333333333,4.0,26.0,26.0,26.0,26.0,26.0,26.0,26.0,26.0,26.0,26.0,10.5,10.5,0.9298013245033114,0.9298013245033114,0.01788079470198675,0.020294593204858803,0.0,0.9298013245033114,0.01788079470198675,0.0,0.0,0.0,0.0,0.0,OK,
freeze,all_only,max_abs,1.0,1.0,budget_only,count,0.1,0.15,0.1,30,30,30,30,1.0,1.0,1.0,0.9298013245033114,0.01788079470198675,21.6,0.4,0.4,0.0,0.4,0.03333333333333333,0.4,0.03333333333333333,0.0,0.03333333333333333,0.03333333333333333,4.0,26.0,26.0,26.0,26.0,26.0,26.0,26.0,26.0,26.0,26.0,10.5,10.5,0.9298013245033114,0.9298013245033114,0.01788079470198675,0.020294593204858803,0.0,0.9298013245033114,0.01788079470198675,0.0,0.0,0.0,0.0,0.0,OK,
freeze,all_only,max_abs,INFEASIBLE,0.0,budget_only,count,INFEASIBLE,INFEASIBLE,INFEASIBLE,INFEASIBLE,INFEASIBLE,INFEASIBLE,INFEASIBLE,INFEASIBLE,INFEASIBLE,INFEASIBLE,INFEASIBLE,INFEASIBLE,INFEASIBLE,INFEASIBLE,INFEASIBLE,INFEASIBLE,INFEASIBLE,INFEASIBLE,INFEASIBLE,INFEASIBLE,INFEASIBLE,INFEASIBLE,INFEASIBLE,,INFEASIBLE,INFEASIBLE,INFEASIBLE,INFEASIBLE,INFEASIBLE,INFEASIBLE,INFEASIBLE,INFEASIBLE,INFEASIBLE,INFEASIBLE,INFEASIBLE,INFEASIBLE,INFEASIBLE,INFEASIBLE,INFEASIBLE,INFEASIBLE,INFEASIBLE,INFEASIBLE,INFEASIBLE,INFEASIBLE,INFEASIBLE,INFEASIBLE,INFEASIBLE,INFEASIBLE,INFEASIBLE,no_trials_in_band
freeze,all_only,max_abs,INFEASIBLE,0.25,budget_only,count,INFEASIBLE,INFEASIBLE,INFEASIBLE,INFEASIBLE,INFEASIBLE,INFEASIBLE,INFEASIBLE,INFEASIBLE,INFEASIBLE,INFEASIBLE,INFEASIBLE,INFEASIBLE,INFEASIBLE,INFEASIBLE,INFEASIBLE,INFEASIBLE,INFEASIBLE,INFEASIBLE,INFEASIBLE,INFEASIBLE,INFEASIBLE,INFEASIBLE,INFEASIBLE,,INFEASIBLE,INFEASIBLE,INFEASIBLE,INFEASIBLE,INFEASIBLE,INFEASIBLE,INFEASIBLE,INFEASIBLE,INFEASIBLE,INFEASIBLE,INFEASIBLE,INFEASIBLE,INFEASIBLE,INFEASIBLE,INFEASIBLE,INFEASIBLE,INFEASIBLE,INFEASIBLE,INFEASIBLE,INFEASIBLE,INFEASIBLE,INFEASIBLE,INFEASIBLE,INFEASIBLE,INFEASIBLE,no_trials_in_band
freeze,all_only,max_abs,INFEASIBLE,0.5,budget_only,count,INFEASIBLE,INFEASIBLE,INFEASIBLE,INFEASIBLE,INFEASIBLE,INFEASIBLE,INFEASIBLE,INFEASIBLE,INFEASIBLE,INFEASIBLE,INFEASIBLE,INFEASIBLE,INFEASIBLE,INFEASIBLE,INFEASIBLE,INFEASIBLE,INFEASIBLE,INFEASIBLE,INFEASIBLE,INFEASIBLE,INFEASIBLE,INFEASIBLE,INFEASIBLE,,INFEASIBLE,INFEASIBLE,INFEASIBLE,INFEASIBLE,INFEASIBLE,INFEASIBLE,INFEASIBLE,INFEASIBLE,INFEASIBLE,INFEASIBLE,INFEASIBLE,INFEASIBLE,INFEASIBLE,INFEASIBLE,INFEASIBLE,INFEASIBLE,INFEASIBLE,INFEASIBLE,INFEASIBLE,INFEASIBLE,INFEASIBLE,INFEASIBLE,INFEASIBLE,INFEASIBLE,INFEASIBLE,no_trials_in_band
freeze,all_only,max_abs,INFEASIBLE,0.75,budget_only,count,INFEASIBLE,INFEASIBLE,INFEASIBLE,INFEASIBLE,INFEASIBLE,INFEASIBLE,INFEASIBLE,INFEASIBLE,INFEASIBLE,INFEASIBLE,INFEASIBLE,INFEASIBLE,INFEASIBLE,INFEASIBLE,INFEASIBLE,INFEASIBLE,INFEASIBLE,INFEASIBLE,INFEASIBLE,INFEASIBLE,INFEASIBLE,INFEASIBLE,INFEASIBLE,,INFEASIBLE,INFEASIBLE,INFEASIBLE,INFEASIBLE,INFEASIBLE,INFEASIBLE,INFEASIBLE,INFEASIBLE,INFEASIBLE,INFEASIBLE,INFEASIBLE,INFEASIBLE,INFEASIBLE,INFEASIBLE,INFEASIBLE,INFEASIBLE,INFEASIBLE,INFEASIBLE,INFEASIBLE,INFEASIBLE,INFEASIBLE,INFEASIBLE,INFEASIBLE,INFEASIBLE,INFEASIBLE,no_trials_in_band
freeze,all_only,max_abs,INFEASIBLE,1.0,budget_only,count,INFEASIBLE,INFEASIBLE,INFEASIBLE,INFEASIBLE,INFEASIBLE,INFEASIBLE,INFEASIBLE,INFEASIBLE,INFEASIBLE,INFEASIBLE,INFEASIBLE,INFEASIBLE,INFEASIBLE,INFEASIBLE,INFEASIBLE,INFEASIBLE,INFEASIBLE,INFEASIBLE,INFEASIBLE,INFEASIBLE,INFEASIBLE,INFEASIBLE,INFEASIBLE,,INFEASIBLE,INFEASIBLE,INFEASIBLE,INFEASIBLE,INFEASIBLE,INFEASIBLE,INFEASIBLE,INFEASIBLE,INFEASIBLE,INFEASIBLE,INFEASIBLE,INFEASIBLE,INFEASIBLE,INFEASIBLE,INFEASIBLE,INFEASIBLE,INFEASIBLE,INFEASIBLE,INFEASIBLE,INFEASIBLE,INFEASIBLE,INFEASIBLE,INFEASIBLE,INFEASIBLE,INFEASIBLE,no_trials_in_band
freeze,all_only,pc_t2,1.0,0.0,budget_only,count,0.1,0.15,0.1,30,30,30,30,1.0,1.0,1.0,0.9240618101545254,0.020115894039735096,21.466666666666665,0.5333333333333333,0.5333333333333333,0.0,0.5333333333333333,0.1,0.5333333333333333,0.1,0.0,0.1,0.1,4.0,21.5,21.5,21.5,26.0,21.5,26.0,21.5,26.0,21.5,26.0,8.5,8.5,1.0460264900662253,0.9240618101545254,0.020115894039735096,0.013074472449781053,0.0,0.9240618101545254,0.020115894039735096,0.0,0.0,0.0,0.0,0.0,OK,
freeze,all_only,pc_t2,1.0,0.25,budget_only,count,0.1,0.15,0.1,30,30,30,30,1.0,1.0,1.0,0.9240618101545254,0.020115894039735096,21.466666666666665,0.5333333333333333,0.5333333333333333,0.0,0.5333333333333333,0.1,0.5333333333333333,0.1,0.0,0.1,0.1,4.0,21.5,21.5,21.5,26.0,21.5,26.0,21.5,26.0,21.5,26.0,8.5,8.5,1.0460264900662253,0.9240618101545254,0.020115894039735096,0.013074472449781053,0.0,0.9240618101545254,0.020115894039735096,0.0,0.0,0.0,0.0,0.0,OK,
freeze,all_only,pc_t2,1.0,0.5,budget_only,count,0.1,0.15,0.1,30,30,30,30,1.0,1.0,1.0,0.9240618101545254,0.020115894039735096,21.466666666666665,0.5333333333333333,0.5333333333333333,0.0,0.5333333333333333,0.1,0.5333333333333333,0.1,0.0,0.1,0.1,4.0,21.5,21.5,21.5,26.0,21.5,26.0,21.5,26.0,21.5,26.0,8.5,8.5,1.0460264900662253,0.9240618101545254,0.020115894039735096,0.013074472449781053,0.0,0.9240618101545254,0.020115894039735096,0.0,0.0,0.0,0.0,0.0,OK,
freeze,all_only,pc_t2,1.0,0.75,budget_only,count,0.1,0.15,0.1,30,30,30,30,1.0,1.0,1.0,0.9240618101545254,0.020115894039735096,21.466666666666665,0.5333333333333333,0.5333333333333333,0.0,0.5333333333333333,0.1,0.5333333333333333,0.1,0.0,0.1,0.1,4.0,21.5,21.5,21.5,26.0,21.5,26.0,21.5,26.0,21.5,26.0,8.5,8.5,1.0460264900662253,0.9240618101545254,0.020115894039735096,0.013074472449781053,0.0,0.9240618101545254,0.020115894039735096,0.0,0.0,0.0,0.0,0.0,OK,
freeze,all_only,pc_t2,1.0,1.0,budget_only,count,0.1,0.15,0.1,30,30,30,30,1.0,1.0,1.0,0.9240618101545254,0.020115894039735096,21.466666666666665,0.5333333333333333,0.5333333333333333,0.0,0.5333333333333333,0.1,0.5333333333333333,0.1,0.0,0.1,0.1,4.0,21.5,21.5,21.5,26.0,21.5,26.0,21.5,26.0,21.5,26.0,8.5,8.5,1.0460264900662253,0.9240618101545254,0.020115894039735096,0.013074472449781053,0.0,0.9240618101545254,0.020115894039735096,0.0,0.0,0.0,0.0,0.0,OK,
freeze,all_only,pc_t2,INFEASIBLE,0.0,budget_only,count,INFEASIBLE,INFEASIBLE,INFEASIBLE,INFEASIBLE,INFEASIBLE,INFEASIBLE,INFEASIBLE,INFEASIBLE,INFEASIBLE,INFEASIBLE,INFEASIBLE,INFEASIBLE,INFEASIBLE,INFEASIBLE,INFEASIBLE,INFEASIBLE,INFEASIBLE,INFEASIBLE,INFEASIBLE,INFEASIBLE,INFEASIBLE,INFEASIBLE,INFEASIBLE,,INFEASIBLE,INFEASIBLE,INFEASIBLE,INFEASIBLE,INFEASIBLE,INFEASIBLE,INFEASIBLE,INFEASIBLE,INFEASIBLE,INFEASIBLE,INFEASIBLE,INFEASIBLE,INFEASIBLE,INFEASIBLE,INFEASIBLE,INFEASIBLE,INFEASIBLE,INFEASIBLE,INFEASIBLE,INFEASIBLE,INFEASIBLE,INFEASIBLE,INFEASIBLE,INFEASIBLE,INFEASIBLE,no_trials_in_band
freeze,all_only,pc_t2,INFEASIBLE,0.25,budget_only,count,INFEASIBLE,INFEASIBLE,INFEASIBLE,INFEASIBLE,INFEASIBLE,INFEASIBLE,INFEASIBLE,INFEASIBLE,INFEASIBLE,INFEASIBLE,INFEASIBLE,INFEASIBLE,INFEASIBLE,INFEASIBLE,INFEASIBLE,INFEASIBLE,INFEASIBLE,INFEASIBLE,INFEASIBLE,INFEASIBLE,INFEASIBLE,INFEASIBLE,INFEASIBLE,,INFEASIBLE,INFEASIBLE,INFEASIBLE,INFEASIBLE,INFEASIBLE,INFEASIBLE,INFEASIBLE,INFEASIBLE,INFEASIBLE,INFEASIBLE,INFEASIBLE,INFEASIBLE,INFEASIBLE,INFEASIBLE,INFEASIBLE,INFEASIBLE,INFEASIBLE,INFEASIBLE,INFEASIBLE,INFEASIBLE,INFEASIBLE,INFEASIBLE,INFEASIBLE,INFEASIBLE,INFEASIBLE,no_trials_in_band
freeze,all_only,pc_t2,INFEASIBLE,0.5,budget_only,count,INFEASIBLE,INFEASIBLE,INFEASIBLE,INFEASIBLE,INFEASIBLE,INFEASIBLE,INFEASIBLE,INFEASIBLE,INFEASIBLE,INFEASIBLE,INFEASIBLE,INFEASIBLE,INFEASIBLE,INFEASIBLE,INFEASIBLE,INFEASIBLE,INFEASIBLE,INFEASIBLE,INFEASIBLE,INFEASIBLE,INFEASIBLE,INFEASIBLE,INFEASIBLE,,INFEASIBLE,INFEASIBLE,INFEASIBLE,INFEASIBLE,INFEASIBLE,INFEASIBLE,INFEASIBLE,INFEASIBLE,INFEASIBLE,INFEASIBLE,INFEASIBLE,INFEASIBLE,INFEASIBLE,INFEASIBLE,INFEASIBLE,INFEASIBLE,INFEASIBLE,INFEASIBLE,INFEASIBLE,INFEASIBLE,INFEASIBLE,INFEASIBLE,INFEASIBLE,INFEASIBLE,INFEASIBLE,no_trials_in_band
freeze,all_only,pc_t2,INFEASIBLE,0.75,budget_only,count,INFEASIBLE,INFEASIBLE,INFEASIBLE,INFEASIBLE,INFEASIBLE,INFEASIBLE,INFEASIBLE,INFEASIBLE,INFEASIBLE,INFEASIBLE,INFEASIBLE,INFEASIBLE,INFEASIBLE,INFEASIBLE,INFEASIBLE,INFEASIBLE,INFEASIBLE,INFEASIBLE,INFEASIBLE,INFEASIBLE,INFEASIBLE,INFEASIBLE,INFEASIBLE,,INFEASIBLE,INFEASIBLE,INFEASIBLE,INFEASIBLE,INFEASIBLE,INFEASIBLE,INFEASIBLE,INFEASIBLE,INFEASIBLE,INFEASIBLE,INFEASIBLE,INFEASIBLE,INFEASIBLE,INFEASIBLE,INFEASIBLE,INFEASIBLE,INFEASIBLE,INFEASIBLE,INFEASIBLE,INFEASIBLE,INFEASIBLE,INFEASIBLE,INFEASIBLE,INFEASIBLE,INFEASIBLE,no_trials_in_band
freeze,all_only,pc_t2,INFEASIBLE,1.0,budget_only,count,INFEASIBLE,INFEASIBLE,INFEASIBLE,INFEASIBLE,INFEASIBLE,INFEASIBLE,INFEASIBLE,INFEASIBLE,INFEASIBLE,INFEASIBLE,INFEASIBLE,INFEASIBLE,INFEASIBLE,INFEASIBLE,INFEASIBLE,INFEASIBLE,INFEASIBLE,INFEASIBLE,INFEASIBLE,INFEASIBLE,INFEASIBLE,INFEASIBLE,INFEASIBLE,,INFEASIBLE,INFEASIBLE,INFEASIBLE,INFEASIBLE,INFEASIBLE,INFEASIBLE,INFEASIBLE,INFEASIBLE,INFEASIBLE,INFEASIBLE,INFEASIBLE,INFEASIBLE,INFEASIBLE,INFEASIBLE,INFEASIBLE,INFEASIBLE,INFEASIBLE,INFEASIBLE,INFEASIBLE,INFEASIBLE,INFEASIBLE,INFEASIBLE,INFEASIBLE,INFEASIBLE,INFEASIBLE,no_trials_in_band
freeze,all_only,res_energy,1.0,0.0,budget_only,count,0.1,0.15,0.1,30,30,30,30,1.0,1.0,1.0,0.8881898454746137,0.10532560706401767,20.633333333333333,0.4666666666666667,0.4666666666666667,0.0,0.5,0.1,0.5,0.1,0.03333333333333333,0.1,0.1,4.0,26.0,26.0,26.0,26.0,26.0,26.0,24.5,26.0,26.0,26.0,13.5,13.5,5.476931567328919,0.8881898454746137,0.10532560706401767,0.2708875900176909,0.0,0.8881898454746137,0.10532560706401767,0.0,0.0,0.0,0.0,0.0,OK,
freeze,all_only,res_energy,1.0,0.25,budget_only,count,0.1,0.15,0.1,30,30,30,30,1.0,1.0,1.0,0.8881898454746137,0.10532560706401767,20.633333333333333,0.4666666666666667,0.4666666666666667,0.0,0.5,0.1,0.5,0.1,0.03333333333333333,0.1,0.1,4.0,26.0,26.0,26.0,26.0,26.0,26.0,24.5,26.0,26.0,26.0,13.5,13.5,5.476931567328919,0.8881898454746137,0.10532560706401767,0.2708875900176909,0.0,0.8881898454746137,0.10532560706401767,0.0,0.0,0.0,0.0,0.0,OK,
freeze,all_only,res_energy,1.0,0.5,budget_only,count,0.1,0.15,0.1,30,30,30,30,1.0,1.0,1.0,0.8881898454746137,0.10532560706401767,20.633333333333333,0.4666666666666667,0.4666666666666667,0.0,0.5,0.1,0.5,0.1,0.03333333333333333,0.1,0.1,4.0,26.0,26.0,26.0,26.0,26.0,26.0,24.5,26.0,26.0,26.0,13.5,13.5,5.476931567328919,0.8881898454746137,0.10532560706401767,0.2708875900176909,0.0,0.8881898454746137,0.10532560706401767,0.0,0.0,0.0,0.0,0.0,OK,
freeze,all_only,res_energy,1.0,0.75,budget_only,count,0.1,0.15,0.1,30,30,30,30,1.0,1.0,1.0,0.8881898454746137,0.10532560706401767,20.633333333333333,0.4666666666666667,0.4666666666666667,0.0,0.5,0.1,0.5,0.1,0.03333333333333333,0.1,0.1,4.0,26.0,26.0,26.0,26.0,26.0,26.0,24.5,26.0,26.0,26.0,13.5,13.5,5.476931567328919,0.8881898454746137,0.10532560706401767,0.2708875900176909,0.0,0.8881898454746137,0.10532560706401767,0.0,0.0,0.0,0.0,0.0,OK,
freeze,all_only,res_energy,1.0,1.0,budget_only,count,0.1,0.15,0.1,30,30,30,30,1.0,1.0,1.0,0.8881898454746137,0.10532560706401767,20.633333333333333,0.4666666666666667,0.4666666666666667,0.0,0.5,0.1,0.5,0.1,0.03333333333333333,0.1,0.1,4.0,26.0,26.0,26.0,26.0,26.0,26.0,24.5,26.0,26.0,26.0,13.5,13.5,5.476931567328919,0.8881898454746137,0.10532560706401767,0.2708875900176909,0.0,0.8881898454746137,0.10532560706401767,0.0,0.0,0.0,0.0,0.0,OK,
freeze,all_only,res_energy,INFEASIBLE,0.0,budget_only,count,INFEASIBLE,INFEASIBLE,INFEASIBLE,INFEASIBLE,INFEASIBLE,INFEASIBLE,INFEASIBLE,INFEASIBLE,INFEASIBLE,INFEASIBLE,INFEASIBLE,INFEASIBLE,INFEASIBLE,INFEASIBLE,INFEASIBLE,INFEASIBLE,INFEASIBLE,INFEASIBLE,INFEASIBLE,INFEASIBLE,INFEASIBLE,INFEASIBLE,INFEASIBLE,,INFEASIBLE,INFEASIBLE,INFEASIBLE,INFEASIBLE,INFEASIBLE,INFEASIBLE,INFEASIBLE,INFEASIBLE,INFEASIBLE,INFEASIBLE,INFEASIBLE,INFEASIBLE,INFEASIBLE,INFEASIBLE,INFEASIBLE,INFEASIBLE,INFEASIBLE,INFEASIBLE,INFEASIBLE,INFEASIBLE,INFEASIBLE,INFEASIBLE,INFEASIBLE,INFEASIBLE,INFEASIBLE,no_trials_in_band
freeze,all_only,res_energy,INFEASIBLE,0.25,budget_only,count,INFEASIBLE,INFEASIBLE,INFEASIBLE,INFEASIBLE,INFEASIBLE,INFEASIBLE,INFEASIBLE,INFEASIBLE,INFEASIBLE,INFEASIBLE,INFEASIBLE,INFEASIBLE,INFEASIBLE,INFEASIBLE,INFEASIBLE,INFEASIBLE,INFEASIBLE,INFEASIBLE,INFEASIBLE,INFEASIBLE,INFEASIBLE,INFEASIBLE,INFEASIBLE,,INFEASIBLE,INFEASIBLE,INFEASIBLE,INFEASIBLE,INFEASIBLE,INFEASIBLE,INFEASIBLE,INFEASIBLE,INFEASIBLE,INFEASIBLE,INFEASIBLE,INFEASIBLE,INFEASIBLE,INFEASIBLE,INFEASIBLE,INFEASIBLE,INFEASIBLE,INFEASIBLE,INFEASIBLE,INFEASIBLE,INFEASIBLE,INFEASIBLE,INFEASIBLE,INFEASIBLE,INFEASIBLE,no_trials_in_band
freeze,all_only,res_energy,INFEASIBLE,0.5,budget_only,count,INFEASIBLE,INFEASIBLE,INFEASIBLE,INFEASIBLE,INFEASIBLE,INFEASIBLE,INFEASIBLE,INFEASIBLE,INFEASIBLE,INFEASIBLE,INFEASIBLE,INFEASIBLE,INFEASIBLE,INFEASIBLE,INFEASIBLE,INFEASIBLE,INFEASIBLE,INFEASIBLE,INFEASIBLE,INFEASIBLE,INFEASIBLE,INFEASIBLE,INFEASIBLE,,INFEASIBLE,INFEASIBLE,INFEASIBLE,INFEASIBLE,INFEASIBLE,INFEASIBLE,INFEASIBLE,INFEASIBLE,INFEASIBLE,INFEASIBLE,INFEASIBLE,INFEASIBLE,INFEASIBLE,INFEASIBLE,INFEASIBLE,INFEASIBLE,INFEASIBLE,INFEASIBLE,INFEASIBLE,INFEASIBLE,INFEASIBLE,INFEASIBLE,INFEASIBLE,INFEASIBLE,INFEASIBLE,no_trials_in_band
freeze,all_only,res_energy,INFEASIBLE,0.75,budget_only,count,INFEASIBLE,INFEASIBLE,INFEASIBLE,INFEASIBLE,INFEASIBLE,INFEASIBLE,INFEASIBLE,INFEASIBLE,INFEASIBLE,INFEASIBLE,INFEASIBLE,INFEASIBLE,INFEASIBLE,INFEASIBLE,INFEASIBLE,INFEASIBLE,INFEASIBLE,INFEASIBLE,INFEASIBLE,INFEASIBLE,INFEASIBLE,INFEASIBLE,INFEASIBLE,,INFEASIBLE,INFEASIBLE,INFEASIBLE,INFEASIBLE,INFEASIBLE,INFEASIBLE,INFEASIBLE,INFEASIBLE,INFEASIBLE,INFEASIBLE,INFEASIBLE,INFEASIBLE,INFEASIBLE,INFEASIBLE,INFEASIBLE,INFEASIBLE,INFEASIBLE,INFEASIBLE,INFEASIBLE,INFEASIBLE,INFEASIBLE,INFEASIBLE,INFEASIBLE,INFEASIBLE,INFEASIBLE,no_trials_in_band
freeze,all_only,res_energy,INFEASIBLE,1.0,budget_only,count,INFEASIBLE,INFEASIBLE,INFEASIBLE,INFEASIBLE,INFEASIBLE,INFEASIBLE,INFEASIBLE,INFEASIBLE,INFEASIBLE,INFEASIBLE,INFEASIBLE,INFEASIBLE,INFEASIBLE,INFEASIBLE,INFEASIBLE,INFEASIBLE,INFEASIBLE,INFEASIBLE,INFEASIBLE,INFEASIBLE,INFEASIBLE,INFEASIBLE,INFEASIBLE,,INFEASIBLE,INFEASIBLE,INFEASIBLE,INFEASIBLE,INFEASIBLE,INFEASIBLE,INFEASIBLE,INFEASIBLE,INFEASIBLE,INFEASIBLE,INFEASIBLE,INFEASIBLE,INFEASIBLE,INFEASIBLE,INFEASIBLE,INFEASIBLE,INFEASIBLE,INFEASIBLE,INFEASIBLE,INFEASIBLE,INFEASIBLE,INFEASIBLE,INFEASIBLE,INFEASIBLE,INFEASIBLE,no_trials_in_band
freeze,all_only,stale,1.0,0.0,budget_only,count,0.1,0.15,0.1,30,30,0,30,1.0,0.0,1.0,1.0316777041942602,0.49130794701986763,23.966666666666665,0.6,0.6,0.0,1.0,0.5666666666666667,1.0,0.5666666666666667,0.4,0.0,0.0,4.0,19.0,19.0,19.0,26.0,19.0,26.0,3.0,18.200000000000003,19.0,26.0,10.5,10.5,25.548013245033115,1.0316777041942602,0.49130794701986763,1.0000000000000002e-06,0.061576028458122795,1.0316777041942602,0.49130794701986763,0.0,0.0,0.0,0.0,0.0,OK,
freeze,all_only,stale,1.0,0.25,budget_only,count,0.1,0.15,0.1,30,30,0,30,1.0,0.0,1.0,1.0316777041942602,0.49130794701986763,23.966666666666665,0.6,0.6,0.0,1.0,0.5666666666666667,1.0,0.5666666666666667,0.4,0.0,0.0,4.0,19.0,19.0,19.0,26.0,19.0,26.0,3.0,18.200000000000003,19.0,26.0,10.5,10.5,25.548013245033115,1.0316777041942602,0.49130794701986763,1.0000000000000002e-06,0.061576028458122795,1.0316777041942602,0.49130794701986763,0.0,0.0,0.0,0.0,0.0,OK,
freeze,all_only,stale,1.0,0.5,budget_only,count,0.1,0.15,0.1,30,30,0,30,1.0,0.0,1.0,1.0316777041942602,0.49130794701986763,23.966666666666665,0.6,0.6,0.0,1.0,0.5666666666666667,1.0,0.5666666666666667,0.4,0.0,0.0,4.0,19.0,19.0,19.0,26.0,19.0,26.0,3.0,18.200000000000003,19.0,26.0,10.5,10.5,25.548013245033115,1.0316777041942602,0.49130794701986763,1.0000000000000002e-06,0.061576028458122795,1.0316777041942602,0.49130794701986763,0.0,0.0,0.0,0.0,0.0,OK,
freeze,all_only,stale,1.0,0.75,budget_only,count,0.1,0.15,0.1,30,30,0,30,1.0,0.0,1.0,1.0316777041942602,0.49130794701986763,23.966666666666665,0.6,0.6,0.0,1.0,0.5666666666666667,1.0,0.5666666666666667,0.4,0.0,0.0,4.0,19.0,19.0,19.0,26.0,19.0,26.0,3.0,18.200000000000003,19.0,26.0,10.5,10.5,25.548013245033115,1.0316777041942602,0.49130794701986763,1.0000000000000002e-06,0.061576028458122795,1.0316777041942602,0.49130794701986763,0.0,0.0,0.0,0.0,0.0,OK,
freeze,all_only,stale,1.0,1.0,budget_only,count,0.1,0.15,0.1,30,30,0,30,1.0,0.0,1.0,1.0316777041942602,0.49130794701986763,23.966666666666665,0.6,0.6,0.0,1.0,0.5666666666666667,1.0,0.5666666666666667,0.4,0.0,0.0,4.0,19.0,19.0,19.0,26.0,19.0,26.0,3.0,18.200000000000003,19.0,26.0,10.5,10.5,25.548013245033115,1.0316777041942602,0.49130794701986763,1.0000000000000002e-06,0.061576028458122795,1.0316777041942602,0.49130794701986763,0.0,0.0,0.0,0.0,0.0,OK,
freeze,all_only,stale,INFEASIBLE,0.0,budget_only,count,INFEASIBLE,INFEASIBLE,INFEASIBLE,INFEASIBLE,INFEASIBLE,INFEASIBLE,INFEASIBLE,INFEASIBLE,INFEASIBLE,INFEASIBLE,INFEASIBLE,INFEASIBLE,INFEASIBLE,INFEASIBLE,INFEASIBLE,INFEASIBLE,INFEASIBLE,INFEASIBLE,INFEASIBLE,INFEASIBLE,INFEASIBLE,INFEASIBLE,INFEASIBLE,,INFEASIBLE,INFEASIBLE,INFEASIBLE,INFEASIBLE,INFEASIBLE,INFEASIBLE,INFEASIBLE,INFEASIBLE,INFEASIBLE,INFEASIBLE,INFEASIBLE,INFEASIBLE,INFEASIBLE,INFEASIBLE,INFEASIBLE,INFEASIBLE,INFEASIBLE,INFEASIBLE,INFEASIBLE,INFEASIBLE,INFEASIBLE,INFEASIBLE,INFEASIBLE,INFEASIBLE,INFEASIBLE,no_trials_in_band
freeze,all_only,stale,INFEASIBLE,0.25,budget_only,count,INFEASIBLE,INFEASIBLE,INFEASIBLE,INFEASIBLE,INFEASIBLE,INFEASIBLE,INFEASIBLE,INFEASIBLE,INFEASIBLE,INFEASIBLE,INFEASIBLE,INFEASIBLE,INFEASIBLE,INFEASIBLE,INFEASIBLE,INFEASIBLE,INFEASIBLE,INFEASIBLE,INFEASIBLE,INFEASIBLE,INFEASIBLE,INFEASIBLE,INFEASIBLE,,INFEASIBLE,INFEASIBLE,INFEASIBLE,INFEASIBLE,INFEASIBLE,INFEASIBLE,INFEASIBLE,INFEASIBLE,INFEASIBLE,INFEASIBLE,INFEASIBLE,INFEASIBLE,INFEASIBLE,INFEASIBLE,INFEASIBLE,INFEASIBLE,INFEASIBLE,INFEASIBLE,INFEASIBLE,INFEASIBLE,INFEASIBLE,INFEASIBLE,INFEASIBLE,INFEASIBLE,INFEASIBLE,no_trials_in_band
freeze,all_only,stale,INFEASIBLE,0.5,budget_only,count,INFEASIBLE,INFEASIBLE,INFEASIBLE,INFEASIBLE,INFEASIBLE,INFEASIBLE,INFEASIBLE,INFEASIBLE,INFEASIBLE,INFEASIBLE,INFEASIBLE,INFEASIBLE,INFEASIBLE,INFEASIBLE,INFEASIBLE,INFEASIBLE,INFEASIBLE,INFEASIBLE,INFEASIBLE,INFEASIBLE,INFEASIBLE,INFEASIBLE,INFEASIBLE,,INFEASIBLE,INFEASIBLE,INFEASIBLE,INFEASIBLE,INFEASIBLE,INFEASIBLE,INFEASIBLE,INFEASIBLE,INFEASIBLE,INFEASIBLE,INFEASIBLE,INFEASIBLE,INFEASIBLE,INFEASIBLE,INFEASIBLE,INFEASIBLE,INFEASIBLE,INFEASIBLE,INFEASIBLE,INFEASIBLE,INFEASIBLE,INFEASIBLE,INFEASIBLE,INFEASIBLE,INFEASIBLE,no_trials_in_band
freeze,all_only,stale,INFEASIBLE,0.75,budget_only,count,INFEASIBLE,INFEASIBLE,INFEASIBLE,INFEASIBLE,INFEASIBLE,INFEASIBLE,INFEASIBLE,INFEASIBLE,INFEASIBLE,INFEASIBLE,INFEASIBLE,INFEASIBLE,INFEASIBLE,INFEASIBLE,INFEASIBLE,INFEASIBLE,INFEASIBLE,INFEASIBLE,INFEASIBLE,INFEASIBLE,INFEASIBLE,INFEASIBLE,INFEASIBLE,,INFEASIBLE,INFEASIBLE,INFEASIBLE,INFEASIBLE,INFEASIBLE,INFEASIBLE,INFEASIBLE,INFEASIBLE,INFEASIBLE,INFEASIBLE,INFEASIBLE,INFEASIBLE,INFEASIBLE,INFEASIBLE,INFEASIBLE,INFEASIBLE,INFEASIBLE,INFEASIBLE,INFEASIBLE,INFEASIBLE,INFEASIBLE,INFEASIBLE,INFEASIBLE,INFEASIBLE,INFEASIBLE,no_trials_in_band
freeze,all_only,stale,INFEASIBLE,1.0,budget_only,count,INFEASIBLE,INFEASIBLE,INFEASIBLE,INFEASIBLE,INFEASIBLE,INFEASIBLE,INFEASIBLE,INFEASIBLE,INFEASIBLE,INFEASIBLE,INFEASIBLE,INFEASIBLE,INFEASIBLE,INFEASIBLE,INFEASIBLE,INFEASIBLE,INFEASIBLE,INFEASIBLE,INFEASIBLE,INFEASIBLE,INFEASIBLE,INFEASIBLE,INFEASIBLE,,INFEASIBLE,INFEASIBLE,INFEASIBLE,INFEASIBLE,INFEASIBLE,INFEASIBLE,INFEASIBLE,INFEASIBLE,INFEASIBLE,INFEASIBLE,INFEASIBLE,INFEASIBLE,INFEASIBLE,INFEASIBLE,INFEASIBLE,INFEASIBLE,INFEASIBLE,INFEASIBLE,INFEASIBLE,INFEASIBLE,INFEASIBLE,INFEASIBLE,INFEASIBLE,INFEASIBLE,INFEASIBLE,no_trials_in_band
freeze,full,T2,1.0,0.0,budget_only,count,0.1,0.15,0.1,30,30,30,30,1.0,1.0,1.0,1.054635761589404,0.02673841059602649,24.5,0.5,0.5,0.0,0.5,0.06666666666666667,0.5,0.06666666666666667,0.0,0.06666666666666667,0.06666666666666667,4.0,23.5,23.5,23.5,26.0,23.5,26.0,23.5,26.0,23.5,26.0,8.0,8.0,1.390397350993378,1.054635761589404,0.02673841059602649,0.03198793120090359,0.0,1.054635761589404,0.02673841059602649,0.0,0.0,0.0,0.0,0.0,OK,
freeze,full,T2,1.0,0.25,budget_only,count,0.1,0.15,0.1,30,30,30,30,1.0,1.0,1.0,1.054635761589404,0.02673841059602649,24.5,0.4666666666666667,0.5,-0.033333333333333326,0.5,0.1,0.5,0.1,0.03333333333333333,0.1,0.1,4.0,26.0,23.5,26.0,26.0,23.5,26.0,23.5,26.0,26.0,26.0,11.0,8.0,1.3789183222958061,1.0532008830022075,0.026517660044150113,0.03198793120090359,675022792.2813541,1.054635761589404,0.02673841059602649,0.011538461538461537,0.02222222222222222,0.001282051282051282,0.008974358974358975,0.02222222222222222,OK,
freeze,full,T2,1.0,0.5,budget_only,count,0.1,0.15,0.1,30,30,30,30,1.0,1.0,1.0,1.054635761589404,0.02673841059602649,24.5,0.5,0.5,0.0,0.5333333333333333,0.1,0.5333333333333333,0.1,0.03333333333333333,0.1,0.1,4.0,23.5,23.5,23.5,26.0,23.5,26.0,18.5,26.0,23.5,26.0,11.0,8.0,1.381788079470199,1.051766004415011,0.026572847682119205,0.03198793120090359,2700091169.1695805,1.054635761589404,0.02673841059602649,0.016666666666666666,0.01111111111111111,0.0038461538461538464,0.008974358974358975,0.01111111111111111,OK,
freeze,full,T2,1.0,0.75,budget_only,count,0.1,0.15,0.1,30,30,30,30,1.0,1.0,1.0,1.054635761589404,0.02673841059602649,24.5,0.5,0.5,0.0,0.5333333333333333,0.1,0.5333333333333333,0.1,0.03333333333333333,0.1,0.1,4.0,23.5,23.5,23.5,26.0,23.5,26.0,19.0,26.0,23.5,26.0,11.0,8.0,1.3803532008830028,1.0503311258278147,0.02654525386313466,0.03198793120090359,6075205130.664674,1.054635761589404,0.02673841059602649,0.015384615384615385,0.01111111111111111,0.002564102564102564,0.007692307692307693,0.01111111111111111,OK,
freeze,full,T2,1.0,1.0,budget_only,count,0.1,0.15,0.1,30,30,30,30,1.0,1.0,1.0,1.054635761589404,0.02673841059602649,24.5,0.6,0.5,0.09999999999999998,0.6666666666666666,0.16666666666666666,0.6666666666666666,0.16666666666666666,0.06666666666666667,0.16666666666666666,0.16666666666666666,4.0,15.5,23.5,15.5,26.0,23.5,26.0,13.0,26.0,15.5,26.0,8.0,8.0,1.3774834437086096,1.0474613686534218,0.026490066225165563,0.03198793120090359,10800364676.76664,1.054635761589404,0.02673841059602649,0.026923076923076925,0.0,0.01153846153846154,0.01153846153846154,0.0,OK,
freeze,full,T2,INFEASIBLE,0.0,budget_only,count,INFEASIBLE,INFEASIBLE,INFEASIBLE,INFEASIBLE,INFEASIBLE,INFEASIBLE,INFEASIBLE,INFEASIBLE,INFEASIBLE,INFEASIBLE,INFEASIBLE,INFEASIBLE,INFEASIBLE,INFEASIBLE,INFEASIBLE,INFEASIBLE,INFEASIBLE,INFEASIBLE,INFEASIBLE,INFEASIBLE,INFEASIBLE,INFEASIBLE,INFEASIBLE,,INFEASIBLE,INFEASIBLE,INFEASIBLE,INFEASIBLE,INFEASIBLE,INFEASIBLE,INFEASIBLE,INFEASIBLE,INFEASIBLE,INFEASIBLE,INFEASIBLE,INFEASIBLE,INFEASIBLE,INFEASIBLE,INFEASIBLE,INFEASIBLE,INFEASIBLE,INFEASIBLE,INFEASIBLE,INFEASIBLE,INFEASIBLE,INFEASIBLE,INFEASIBLE,INFEASIBLE,INFEASIBLE,no_trials_in_band
freeze,full,T2,INFEASIBLE,0.25,budget_only,count,INFEASIBLE,INFEASIBLE,INFEASIBLE,INFEASIBLE,INFEASIBLE,INFEASIBLE,INFEASIBLE,INFEASIBLE,INFEASIBLE,INFEASIBLE,INFEASIBLE,INFEASIBLE,INFEASIBLE,INFEASIBLE,INFEASIBLE,INFEASIBLE,INFEASIBLE,INFEASIBLE,INFEASIBLE,INFEASIBLE,INFEASIBLE,INFEASIBLE,INFEASIBLE,,INFEASIBLE,INFEASIBLE,INFEASIBLE,INFEASIBLE,INFEASIBLE,INFEASIBLE,INFEASIBLE,INFEASIBLE,INFEASIBLE,INFEASIBLE,INFEASIBLE,INFEASIBLE,INFEASIBLE,INFEASIBLE,INFEASIBLE,INFEASIBLE,INFEASIBLE,INFEASIBLE,INFEASIBLE,INFEASIBLE,INFEASIBLE,INFEASIBLE,INFEASIBLE,INFEASIBLE,INFEASIBLE,no_trials_in_band
freeze,full,T2,INFEASIBLE,0.5,budget_only,count,INFEASIBLE,INFEASIBLE,INFEASIBLE,INFEASIBLE,INFEASIBLE,INFEASIBLE,INFEASIBLE,INFEASIBLE,INFEASIBLE,INFEASIBLE,INFEASIBLE,INFEASIBLE,INFEASIBLE,INFEASIBLE,INFEASIBLE,INFEASIBLE,INFEASIBLE,INFEASIBLE,INFEASIBLE,INFEASIBLE,INFEASIBLE,INFEASIBLE,INFEASIBLE,,INFEASIBLE,INFEASIBLE,INFEASIBLE,INFEASIBLE,INFEASIBLE,INFEASIBLE,INFEASIBLE,INFEASIBLE,INFEASIBLE,INFEASIBLE,INFEASIBLE,INFEASIBLE,INFEASIBLE,INFEASIBLE,INFEASIBLE,INFEASIBLE,INFEASIBLE,INFEASIBLE,INFEASIBLE,INFEASIBLE,INFEASIBLE,INFEASIBLE,INFEASIBLE,INFEASIBLE,INFEASIBLE,no_trials_in_band
freeze,full,T2,INFEASIBLE,0.75,budget_only,count,INFEASIBLE,INFEASIBLE,INFEASIBLE,INFEASIBLE,INFEASIBLE,INFEASIBLE,INFEASIBLE,INFEASIBLE,INFEASIBLE,INFEASIBLE,INFEASIBLE,INFEASIBLE,INFEASIBLE,INFEASIBLE,INFEASIBLE,INFEASIBLE,INFEASIBLE,INFEASIBLE,INFEASIBLE,INFEASIBLE,INFEASIBLE,INFEASIBLE,INFEASIBLE,,INFEASIBLE,INFEASIBLE,INFEASIBLE,INFEASIBLE,INFEASIBLE,INFEASIBLE,INFEASIBLE,INFEASIBLE,INFEASIBLE,INFEASIBLE,INFEASIBLE,INFEASIBLE,INFEASIBLE,INFEASIBLE,INFEASIBLE,INFEASIBLE,INFEASIBLE,INFEASIBLE,INFEASIBLE,INFEASIBLE,INFEASIBLE,INFEASIBLE,INFEASIBLE,INFEASIBLE,INFEASIBLE,no_trials_in_band
freeze,full,T2,INFEASIBLE,1.0,budget_only,count,INFEASIBLE,INFEASIBLE,INFEASIBLE,INFEASIBLE,INFEASIBLE,INFEASIBLE,INFEASIBLE,INFEASIBLE,INFEASIBLE,INFEASIBLE,INFEASIBLE,INFEASIBLE,INFEASIBLE,INFEASIBLE,INFEASIBLE,INFEASIBLE,INFEASIBLE,INFEASIBLE,INFEASIBLE,INFEASIBLE,INFEASIBLE,INFEASIBLE,INFEASIBLE,,INFEASIBLE,INFEASIBLE,INFEASIBLE,INFEASIBLE,INFEASIBLE,INFEASIBLE,INFEASIBLE,INFEASIBLE,INFEASIBLE,INFEASIBLE,INFEASIBLE,INFEASIBLE,INFEASIBLE,INFEASIBLE,INFEASIBLE,INFEASIBLE,INFEASIBLE,INFEASIBLE,INFEASIBLE,INFEASIBLE,INFEASIBLE,INFEASIBLE,INFEASIBLE,INFEASIBLE,INFEASIBLE,no_trials_in_band
freeze,full,cusum_factor_cov_lrt,1.0,0.0,budget_only,count,0.1,0.15,0.1,30,4,4,4,0.13333333333333333,0.13333333333333333,0.13333333333333333,1.076158940397351,0.020695364238410598,25.0,0.5,0.5,0.0,0.5,0.0,0.5,0.0,0.0,0.0,0.0,4.0,24.5,24.5,24.5,26.0,24.5,26.0,24.5,26.0,24.5,26.0,21.5,21.5,1.076158940397351,1.076158940397351,0.020695364238410598,NA,-0.28780677346608596,1.076158940397351,0.020695364238410598,0.0,0.0,0.0,0.0,0.0,OK,
freeze,full,cusum_factor_cov_lrt,1.0,0.25,budget_only,count,0.1,0.15,0.1,30,4,4,4,0.13333333333333333,0.13333333333333333,0.13333333333333333,1.076158940397351,0.020695364238410598,25.0,0.5,0.5,0.0,0.5,0.0,0.5,0.0,0.0,0.0,0.0,4.0,24.5,24.5,24.5,26.0,24.5,26.0,24.5,26.0,24.5,26.0,21.5,21.5,1.076158940397351,1.076158940397351,0.020695364238410598,NA,-0.24362513519535406,1.076158940397351,0.020695364238410598,0.0,0.0,0.0,0.0,0.0,OK,
freeze,full,cusum_factor_cov_lrt,1.0,0.5,budget_only,count,0.1,0.15,0.1,30,4,4,4,0.13333333333333333,0.13333333333333333,0.13333333333333333,1.076158940397351,0.020695364238410598,25.0,0.5,0.5,0.0,0.5,0.0,0.5,0.0,0.0,0.0,0.0,4.0,24.5,24.5,24.5,26.0,24.5,26.0,24.5,26.0,24.5,26.0,21.5,21.5,1.076158940397351,1.076158940397351,0.020695364238410598,NA,-0.20405612956719227,1.076158940397351,0.020695364238410598,0.0,0.0,0.0,0.0,0.0,OK,
freeze,full,cusum_factor_cov_lrt,1.0,0.75,budget_only,count,0.1,0.15,0.1,30,4,4,4,0.13333333333333333,0.13333333333333333,0.13333333333333333,1.076158940397351,0.020695364238410598,25.0,0.5,0.5,0.0,0.5,0.0,0.5,0.0,0.0,0.0,0.0,4.0,24.5,24.5,24.5,26.0,24.5,26.0,24.5,26.0,24.5,26.0,21.5,21.5,1.076158940397351,1.076158940397351,0.020695364238410598,NA,-0.16511871367981124,1.076158940397351,0.020695364238410598,0.0,0.0,0.0,0.0,0.0,OK,
freeze,full,cusum_factor_cov_lrt,1.0,1.0,budget_only,count,0.1,0.15,0.1,30,4,4,4,0.13333333333333333,0.13333333333333333,0.13333333333333333,1.076158940397351,0.020695364238410598,25.0,0.5,0.5,0.0,0.5,0.0,0.5,0.0,0.0,0.0,0.0,4.0,24.5,24.5,24.5,26.0,24.5,26.0,24.5,26.0,24.5,26.0,21.5,21.5,1.076158940397351,1.076158940397351,0.020695364238410598,NA,0.07355904087602297,1.076158940397351,0.020695364238410598,0.0,0.0,0.0,0.0,0.0,OK,
freeze,full,cusum_factor_cov_lrt,INFEASIBLE,0.0,budget_only,count,INFEASIBLE,INFEASIBLE,INFEASIBLE,INFEASIBLE,INFEASIBLE,INFEASIBLE,INFEASIBLE,INFEASIBLE,INFEASIBLE,INFEASIBLE,INFEASIBLE,INFEASIBLE,INFEASIBLE,INFEASIBLE,INFEASIBLE,INFEASIBLE,INFEASIBLE,INFEASIBLE,INFEASIBLE,INFEASIBLE,INFEASIBLE,INFEASIBLE,INFEASIBLE,,INFEASIBLE,INFEASIBLE,INFEASIBLE,INFEASIBLE,INFEASIBLE,INFEASIBLE,INFEASIBLE,INFEASIBLE,INFEASIBLE,INFEASIBLE,INFEASIBLE,INFEASIBLE,INFEASIBLE,INFEASIBLE,INFEASIBLE,INFEASIBLE,INFEASIBLE,INFEASIBLE,INFEASIBLE,INFEASIBLE,INFEASIBLE,INFEASIBLE,INFEASIBLE,INFEASIBLE,INFEASIBLE,no_trials_in_band
freeze,full,cusum_factor_cov_lrt,INFEASIBLE,0.25,budget_only,count,INFEASIBLE,INFEASIBLE,INFEASIBLE,INFEASIBLE,INFEASIBLE,INFEASIBLE,INFEASIBLE,INFEASIBLE,INFEASIBLE,INFEASIBLE,INFEASIBLE,INFEASIBLE,INFEASIBLE,INFEASIBLE,INFEASIBLE,INFEASIBLE,INFEASIBLE,INFEASIBLE,INFEASIBLE,INFEASIBLE,INFEASIBLE,INFEASIBLE,INFEASIBLE,,INFEASIBLE,INFEASIBLE,INFEASIBLE,INFEASIBLE,INFEASIBLE,INFEASIBLE,INFEASIBLE,INFEASIBLE,INFEASIBLE,INFEASIBLE,INFEASIBLE,INFEASIBLE,INFEASIBLE,INFEASIBLE,INFEASIBLE,INFEASIBLE,INFEASIBLE,INFEASIBLE,INFEASIBLE,INFEASIBLE,INFEASIBLE,INFEASIBLE,INFEASIBLE,INFEASIBLE,INFEASIBLE,no_trials_in_band
freeze,full,cusum_factor_cov_lrt,INFEASIBLE,0.5,budget_only,count,INFEASIBLE,INFEASIBLE,INFEASIBLE,INFEASIBLE,INFEASIBLE,INFEASIBLE,INFEASIBLE,INFEASIBLE,INFEASIBLE,INFEASIBLE,INFEASIBLE,INFEASIBLE,INFEASIBLE,INFEASIBLE,INFEASIBLE,INFEASIBLE,INFEASIBLE,INFEASIBLE,INFEASIBLE,INFEASIBLE,INFEASIBLE,INFEASIBLE,INFEASIBLE,,INFEASIBLE,INFEASIBLE,INFEASIBLE,INFEASIBLE,INFEASIBLE,INFEASIBLE,INFEASIBLE,INFEASIBLE,INFEASIBLE,INFEASIBLE,INFEASIBLE,INFEASIBLE,INFEASIBLE,INFEASIBLE,INFEASIBLE,INFEASIBLE,INFEASIBLE,INFEASIBLE,INFEASIBLE,INFEASIBLE,INFEASIBLE,INFEASIBLE,INFEASIBLE,INFEASIBLE,INFEASIBLE,no_trials_in_band
freeze,full,cusum_factor_cov_lrt,INFEASIBLE,0.75,budget_only,count,INFEASIBLE,INFEASIBLE,INFEASIBLE,INFEASIBLE,INFEASIBLE,INFEASIBLE,INFEASIBLE,INFEASIBLE,INFEASIBLE,INFEASIBLE,INFEASIBLE,INFEASIBLE,INFEASIBLE,INFEASIBLE,INFEASIBLE,INFEASIBLE,INFEASIBLE,INFEASIBLE,INFEASIBLE,INFEASIBLE,INFEASIBLE,INFEASIBLE,INFEASIBLE,,INFEASIBLE,INFEASIBLE,INFEASIBLE,INFEASIBLE,INFEASIBLE,INFEASIBLE,INFEASIBLE,INFEASIBLE,INFEASIBLE,INFEASIBLE,INFEASIBLE,INFEASIBLE,INFEASIBLE,INFEASIBLE,INFEASIBLE,INFEASIBLE,INFEASIBLE,INFEASIBLE,INFEASIBLE,INFEASIBLE,INFEASIBLE,INFEASIBLE,INFEASIBLE,INFEASIBLE,INFEASIBLE,no_trials_in_band
freeze,full,cusum_factor_cov_lrt,INFEASIBLE,1.0,budget_only,count,INFEASIBLE,INFEASIBLE,INFEASIBLE,INFEASIBLE,INFEASIBLE,INFEASIBLE,INFEASIBLE,INFEASIBLE,INFEASIBLE,INFEASIBLE,INFEASIBLE,INFEASIBLE,INFEASIBLE,INFEASIBLE,INFEASIBLE,INFEASIBLE,INFEASIBLE,INFEASIBLE,INFEASIBLE,INFEASIBLE,INFEASIBLE,INFEASIBLE,INFEASIBLE,,INFEASIBLE,INFEASIBLE,INFEASIBLE,INFEASIBLE,INFEASIBLE,INFEASIBLE,INFEASIBLE,INFEASIBLE,INFEASIBLE,INFEASIBLE,INFEASIBLE,INFEASIBLE,INFEASIBLE,INFEASIBLE,INFEASIBLE,INFEASIBLE,INFEASIBLE,INFEASIBLE,INFEASIBLE,INFEASIBLE,INFEASIBLE,INFEASIBLE,INFEASIBLE,INFEASIBLE,INFEASIBLE,no_trials_in_band
freeze,full,ewma_factor_cov_lrt,1.0,0.0,budget_only,count,0.1,0.15,0.1,30,30,30,30,1.0,1.0,1.0,0.9642384105960267,0.04594370860927153,22.4,0.6,0.6,0.0,0.6333333333333333,0.06666666666666667,0.6333333333333333,0.06666666666666667,0.03333333333333333,0.06666666666666667,0.06666666666666667,4.0,20.0,20.0,20.0,26.0,20.0,26.0,17.5,26.0,20.0,26.0,12.0,12.0,2.3890728476821197,0.9642384105960267,0.04594370860927153,0.058733433236895574,0.22403995999890378,0.9642384105960267,0.04594370860927153,0.0,0.0,0.0,0.0,0.0,OK,
freeze,full,ewma_factor_cov_lrt,1.0,0.25,budget_only,count,0.1,0.15,0.1,30,30,30,30,1.0,1.0,1.0,0.9642384105960267,0.04594370860927153,22.4,0.5666666666666667,0.6,-0.033333333333333326,0.6,0.06666666666666667,0.6,0.06666666666666667,0.03333333333333333,0.06666666666666667,0.06666666666666667,4.0,19.0,20.0,19.0,26.0,20.0,26.0,17.5,26.0,19.0,26.0,12.0,12.0,2.3890728476821192,0.9628035320088303,0.04594370860927152,0.058733433236895574,0.17600716277829595,0.9642384105960267,0.04594370860927153,0.01794871794871795,0.01111111111111111,-0.002564102564102564,0.01794871794871795,0.01111111111111111,OK,
freeze,full,ewma_factor_cov_lrt,1.0,0.5,budget_only,count,0.1,0.15,0.1,30,30,30,30,1.0,1.0,1.0,0.9642384105960267,0.04594370860927153,22.4,0.6,0.6,0.0,0.6333333333333333,0.06666666666666667,0.6333333333333333,0.06666666666666667,0.03333333333333333,0.06666666666666667,0.06666666666666667,4.0,19.5,20.0,19.5,26.0,20.0,26.0,18.0,26.0,19.5,26.0,12.0,12.0,2.377593818984548,0.9584988962472407,0.04572295805739513,0.058733433236895574,0.20845915599473172,0.9642384105960267,0.04594370860927153,0.021794871794871797,0.02222222222222222,0.001282051282051282,0.021794871794871797,-0.02222222222222222,OK,
freeze,full,ewma_factor_cov_lrt,1.0,0.75,budget_only,count,0.1,0.15,0.1,30,30,30,30,1.0,1.0,1.0,0.9642384105960267,0.04594370860927153,22.4,0.5333333333333333,0.6,-0.06666666666666665,0.5666666666666667,0.06666666666666667,0.5666666666666667,0.06666666666666667,0.03333333333333333,0.06666666666666667,0.06666666666666667,4.0,22.0,20.0,22.0,26.0,20.0,26.0,19.5,26.0,22.0,26.0,12.0,12.0,2.400551876379691,0.9628035320088303,0.046164459161147905,0.058733433236895574,0.16052372863017086,0.9642384105960267,0.04594370860927153,0.016666666666666666,0.02222222222222222,-0.008974358974358975,0.016666666666666666,-0.02222222222222222,OK,
freeze,full,ewma_factor_cov_lrt,1.0,1.0,budget_only,count,0.1,0.15,0.1,30,30,30,30,1.0,1.0,1.0,0.9642384105960267,0.04594370860927153,22.4,0.6666666666666666,0.6,0.06666666666666665,0.7,0.06666666666666667,0.7,0.06666666666666667,0.03333333333333333,0.06666666666666667,0.06666666666666667,4.0,17.5,20.0,17.5,26.0,20.0,26.0,16.5,26.0,17.5,26.0,12.5,12.0,2.367549668874172,0.9541942604856514,0.04552980132450331,0.058733433236895574,0.3594019345970089,0.9642384105960267,0.04594370860927153,0.017948717948717947,0.01111111111111111,0.010256410256410256,0.017948717948717947,-0.01111111111111111,OK,
freeze,full,ewma_factor_cov_lrt,INFEASIBLE,0.0,budget_only,count,INFEASIBLE,INFEASIBLE,INFEASIBLE,INFEASIBLE,INFEASIBLE,INFEASIBLE,INFEASIBLE,INFEASIBLE,INFEASIBLE,INFEASIBLE,INFEASIBLE,INFEASIBLE,INFEASIBLE,INFEASIBLE,INFEASIBLE,INFEASIBLE,INFEASIBLE,INFEASIBLE,INFEASIBLE,INFEASIBLE,INFEASIBLE,INFEASIBLE,INFEASIBLE,,INFEASIBLE,INFEASIBLE,INFEASIBLE,INFEASIBLE,INFEASIBLE,INFEASIBLE,INFEASIBLE,INFEASIBLE,INFEASIBLE,INFEASIBLE,INFEASIBLE,INFEASIBLE,INFEASIBLE,INFEASIBLE,INFEASIBLE,INFEASIBLE,INFEASIBLE,INFEASIBLE,INFEASIBLE,INFEASIBLE,INFEASIBLE,INFEASIBLE,INFEASIBLE,INFEASIBLE,INFEASIBLE,no_trials_in_band
freeze,full,ewma_factor_cov_lrt,INFEASIBLE,0.25,budget_only,count,INFEASIBLE,INFEASIBLE,INFEASIBLE,INFEASIBLE,INFEASIBLE,INFEASIBLE,INFEASIBLE,INFEASIBLE,INFEASIBLE,INFEASIBLE,INFEASIBLE,INFEASIBLE,INFEASIBLE,INFEASIBLE,INFEASIBLE,INFEASIBLE,INFEASIBLE,INFEASIBLE,INFEASIBLE,INFEASIBLE,INFEASIBLE,INFEASIBLE,INFEASIBLE,,INFEASIBLE,INFEASIBLE,INFEASIBLE,INFEASIBLE,INFEASIBLE,INFEASIBLE,INFEASIBLE,INFEASIBLE,INFEASIBLE,INFEASIBLE,INFEASIBLE,INFEASIBLE,INFEASIBLE,INFEASIBLE,INFEASIBLE,INFEASIBLE,INFEASIBLE,INFEASIBLE,INFEASIBLE,INFEASIBLE,INFEASIBLE,INFEASIBLE,INFEASIBLE,INFEASIBLE,INFEASIBLE,no_trials_in_band
freeze,full,ewma_factor_cov_lrt,INFEASIBLE,0.5,budget_only,count,INFEASIBLE,INFEASIBLE,INFEASIBLE,INFEASIBLE,INFEASIBLE,INFEASIBLE,INFEASIBLE,INFEASIBLE,INFEASIBLE,INFEASIBLE,INFEASIBLE,INFEASIBLE,INFEASIBLE,INFEASIBLE,INFEASIBLE,INFEASIBLE,INFEASIBLE,INFEASIBLE,INFEASIBLE,INFEASIBLE,INFEASIBLE,INFEASIBLE,INFEASIBLE,,INFEASIBLE,INFEASIBLE,INFEASIBLE,INFEASIBLE,INFEASIBLE,INFEASIBLE,INFEASIBLE,INFEASIBLE,INFEASIBLE,INFEASIBLE,INFEASIBLE,INFEASIBLE,INFEASIBLE,INFEASIBLE,INFEASIBLE,INFEASIBLE,INFEASIBLE,INFEASIBLE,INFEASIBLE,INFEASIBLE,INFEASIBLE,INFEASIBLE,INFEASIBLE,INFEASIBLE,INFEASIBLE,no_trials_in_band
freeze,full,ewma_factor_cov_lrt,INFEASIBLE,0.75,budget_only,count,INFEASIBLE,INFEASIBLE,INFEASIBLE,INFEASIBLE,INFEASIBLE,INFEASIBLE,INFEASIBLE,INFEASIBLE,INFEASIBLE,INFEASIBLE,INFEASIBLE,INFEASIBLE,INFEASIBLE,INFEASIBLE,INFEASIBLE,INFEASIBLE,INFEASIBLE,INFEASIBLE,INFEASIBLE,INFEASIBLE,INFEASIBLE,INFEASIBLE,INFEASIBLE,,INFEASIBLE,INFEASIBLE,INFEASIBLE,INFEASIBLE,INFEASIBLE,INFEASIBLE,INFEASIBLE,INFEASIBLE,INFEASIBLE,INFEASIBLE,INFEASIBLE,INFEASIBLE,INFEASIBLE,INFEASIBLE,INFEASIBLE,INFEASIBLE,INFEASIBLE,INFEASIBLE,INFEASIBLE,INFEASIBLE,INFEASIBLE,INFEASIBLE,INFEASIBLE,INFEASIBLE,INFEASIBLE,no_trials_in_band
freeze,full,ewma_factor_cov_lrt,INFEASIBLE,1.0,budget_only,count,INFEASIBLE,INFEASIBLE,INFEASIBLE,INFEASIBLE,INFEASIBLE,INFEASIBLE,INFEASIBLE,INFEASIBLE,INFEASIBLE,INFEASIBLE,INFEASIBLE,INFEASIBLE,INFEASIBLE,INFEASIBLE,INFEASIBLE,INFEASIBLE,INFEASIBLE,INFEASIBLE,INFEASIBLE,INFEASIBLE,INFEASIBLE,INFEASIBLE,INFEASIBLE,,INFEASIBLE,INFEASIBLE,INFEASIBLE,INFEASIBLE,INFEASIBLE,INFEASIBLE,INFEASIBLE,INFEASIBLE,INFEASIBLE,INFEASIBLE,INFEASIBLE,INFEASIBLE,INFEASIBLE,INFEASIBLE,INFEASIBLE,INFEASIBLE,INFEASIBLE,INFEASIBLE,INFEASIBLE,INFEASIBLE,INFEASIBLE,INFEASIBLE,INFEASIBLE,INFEASIBLE,INFEASIBLE,no_trials_in_band
freeze,full,factor_cov_change,1.0,0.0,budget_only,count,0.1,0.15,0.1,30,30,30,30,1.0,1.0,1.0,0.8867549668874172,0.06846026490066226,20.6,0.4,0.4,0.0,0.4,0.1,0.4,0.1,0.0,0.1,0.1,4.0,26.0,26.0,26.0,26.0,26.0,26.0,26.0,26.0,26.0,26.0,8.5,8.5,3.5599337748344366,0.8867549668874172,0.06846026490066226,0.006053218642576155,-0.04571031370628788,0.8867549668874172,0.06846026490066226,0.0,0.0,0.0,0.0,0.0,OK,
freeze,full,factor_cov_change,1.0,0.25,budget_only,count,0.1,0.15,0.1,30,30,30,30,1.0,1.0,1.0,0.8867549668874172,0.06846026490066226,20.6,0.2,0.4,-0.2,0.2,0.06666666666666667,0.2,0.06666666666666667,0.0,0.06666666666666667,0.06666666666666667,4.0,26.0,26.0,26.0,26.0,26.0,26.0,26.0,26.0,26.0,26.0,8.0,8.5,3.630242825607064,0.8910596026490066,0.06981236203090509,0.006053218642576155,-0.23937108590230163,0.8867549668874172,0.06846026490066226,0.024358974358974363,0.04444444444444444,-0.024358974358974363,0.024358974358974363,0.022222222222222223,OK,
freeze,full,factor_cov_change,1.0,0.5,budget_only,count,0.1,0.15,0.1,30,30,30,30,1.0,1.0,1.0,0.8867549668874172,0.06846026490066226,20.6,0.16666666666666666,0.4,-0.23333333333333336,0.16666666666666666,0.1,0.16666666666666666,0.1,0.0,0.1,0.1,4.0,26.0,26.0,26.0,26.0,26.0,26.0,26.0,26.0,26.0,26.0,4.0,8.5,3.6388520971302425,0.8982339955849891,0.06997792494481238,0.006053218642576155,-0.3753899535340059,0.8867549668874172,0.06846026490066226,0.02820512820512821,0.05555555555555555,-0.02564102564102564,0.02820512820512821,0.03333333333333333,OK,
freeze,full,factor_cov_change,1.0,0.75,budget_only,count,0.1,0.15,0.1,30,30,30,30,1.0,1.0,1.0,0.8867549668874172,0.06846026490066226,20.6,0.16666666666666666,0.4,-0.23333333333333336,0.16666666666666666,0.1,0.16666666666666666,0.1,0.0,0.1,0.1,4.0,26.0,26.0,26.0,26.0,26.0,26.0,26.0,26.0,26.0,26.0,4.0,8.5,3.6488962472406183,0.8996688741721856,0.0701710816777042,0.006053218642576155,-0.4477559280155569,0.8867549668874172,0.06846026490066226,0.02820512820512821,0.06666666666666667,-0.02564102564102564,0.02564102564102564,0.04444444444444444,OK,
freeze,full,factor_cov_change,1.0,1.0,budget_only,count,0.1,0.15,0.1,30,30,30,30,1.0,1.0,1.0,0.8867549668874172,0.06846026490066226,20.6,0.16666666666666666,0.4,-0.23333333333333336,0.16666666666666666,0.1,0.16666666666666666,0.1,0.0,0.1,0.1,4.0,26.0,26.0,26.0,26.0,26.0,26.0,26.0,26.0,26.0,26.0,4.0,8.5,3.6618101545253863,0.8967991169977926,0.07041942604856512,0.006053218642576155,-0.5062965028046534,0.8867549668874172,0.06846026490066226,0.029487179487179487,0.06666666666666667,-0.024358974358974363,0.026923076923076925,0.04444444444444444,OK,
freeze,full,factor_cov_change,INFEASIBLE,0.0,budget_only,count,INFEASIBLE,INFEASIBLE,INFEASIBLE,INFEASIBLE,INFEASIBLE,INFEASIBLE,INFEASIBLE,INFEASIBLE,INFEASIBLE,INFEASIBLE,INFEASIBLE,INFEASIBLE,INFEASIBLE,INFEASIBLE,INFEASIBLE,INFEASIBLE,INFEASIBLE,INFEASIBLE,INFEASIBLE,INFEASIBLE,INFEASIBLE,INFEASIBLE,INFEASIBLE,,INFEASIBLE,INFEASIBLE,INFEASIBLE,INFEASIBLE,INFEASIBLE,INFEASIBLE,INFEASIBLE,INFEASIBLE,INFEASIBLE,INFEASIBLE,INFEASIBLE,INFEASIBLE,INFEASIBLE,INFEASIBLE,INFEASIBLE,INFEASIBLE,INFEASIBLE,INFEASIBLE,INFEASIBLE,INFEASIBLE,INFEASIBLE,INFEASIBLE,INFEASIBLE,INFEASIBLE,INFEASIBLE,no_trials_in_band
freeze,full,factor_cov_change,INFEASIBLE,0.25,budget_only,count,INFEASIBLE,INFEASIBLE,INFEASIBLE,INFEASIBLE,INFEASIBLE,INFEASIBLE,INFEASIBLE,INFEASIBLE,INFEASIBLE,INFEASIBLE,INFEASIBLE,INFEASIBLE,INFEASIBLE,INFEASIBLE,INFEASIBLE,INFEASIBLE,INFEASIBLE,INFEASIBLE,INFEASIBLE,INFEASIBLE,INFEASIBLE,INFEASIBLE,INFEASIBLE,,INFEASIBLE,INFEASIBLE,INFEASIBLE,INFEASIBLE,INFEASIBLE,INFEASIBLE,INFEASIBLE,INFEASIBLE,INFEASIBLE,INFEASIBLE,INFEASIBLE,INFEASIBLE,INFEASIBLE,INFEASIBLE,INFEASIBLE,INFEASIBLE,INFEASIBLE,INFEASIBLE,INFEASIBLE,INFEASIBLE,INFEASIBLE,INFEASIBLE,INFEASIBLE,INFEASIBLE,INFEASIBLE,no_trials_in_band
freeze,full,factor_cov_change,INFEASIBLE,0.5,budget_only,count,INFEASIBLE,INFEASIBLE,INFEASIBLE,INFEASIBLE,INFEASIBLE,INFEASIBLE,INFEASIBLE,INFEASIBLE,INFEASIBLE,INFEASIBLE,INFEASIBLE,INFEASIBLE,INFEASIBLE,INFEASIBLE,INFEASIBLE,INFEASIBLE,INFEASIBLE,INFEASIBLE,INFEASIBLE,INFEASIBLE,INFEASIBLE,INFEASIBLE,INFEASIBLE,,INFEASIBLE,INFEASIBLE,INFEASIBLE,INFEASIBLE,INFEASIBLE,INFEASIBLE,INFEASIBLE,INFEASIBLE,INFEASIBLE,INFEASIBLE,INFEASIBLE,INFEASIBLE,INFEASIBLE,INFEASIBLE,INFEASIBLE,INFEASIBLE,INFEASIBLE,INFEASIBLE,INFEASIBLE,INFEASIBLE,INFEASIBLE,INFEASIBLE,INFEASIBLE,INFEASIBLE,INFEASIBLE,no_trials_in_band
freeze,full,factor_cov_change,INFEASIBLE,0.75,budget_only,count,INFEASIBLE,INFEASIBLE,INFEASIBLE,INFEASIBLE,INFEASIBLE,INFEASIBLE,INFEASIBLE,INFEASIBLE,INFEASIBLE,INFEASIBLE,INFEASIBLE,INFEASIBLE,INFEASIBLE,INFEASIBLE,INFEASIBLE,INFEASIBLE,INFEASIBLE,INFEASIBLE,INFEASIBLE,INFEASIBLE,INFEASIBLE,INFEASIBLE,INFEASIBLE,,INFEASIBLE,INFEASIBLE,INFEASIBLE,INFEASIBLE,INFEASIBLE,INFEASIBLE,INFEASIBLE,INFEASIBLE,INFEASIBLE,INFEASIBLE,INFEASIBLE,INFEASIBLE,INFEASIBLE,INFEASIBLE,INFEASIBLE,INFEASIBLE,INFEASIBLE,INFEASIBLE,INFEASIBLE,INFEASIBLE,INFEASIBLE,INFEASIBLE,INFEASIBLE,INFEASIBLE,INFEASIBLE,no_trials_in_band
freeze,full,factor_cov_change,INFEASIBLE,1.0,budget_only,count,INFEASIBLE,INFEASIBLE,INFEASIBLE,INFEASIBLE,INFEASIBLE,INFEASIBLE,INFEASIBLE,INFEASIBLE,INFEASIBLE,INFEASIBLE,INFEASIBLE,INFEASIBLE,INFEASIBLE,INFEASIBLE,INFEASIBLE,INFEASIBLE,INFEASIBLE,INFEASIBLE,INFEASIBLE,INFEASIBLE,INFEASIBLE,INFEASIBLE,INFEASIBLE,,INFEASIBLE,INFEASIBLE,INFEASIBLE,INFEASIBLE,INFEASIBLE,INFEASIBLE,INFEASIBLE,INFEASIBLE,INFEASIBLE,INFEASIBLE,INFEASIBLE,INFEASIBLE,INFEASIBLE,INFEASIBLE,INFEASIBLE,INFEASIBLE,INFEASIBLE,INFEASIBLE,INFEASIBLE,INFEASIBLE,INFEASIBLE,INFEASIBLE,INFEASIBLE,INFEASIBLE,INFEASIBLE,no_trials_in_band
freeze,full,factor_cov_delta,1.0,0.0,budget_only,count,0.1,0.15,0.1,30,30,30,30,1.0,1.0,1.0,1.0532008830022077,0.020253863134657834,24.466666666666665,0.5333333333333333,0.5333333333333333,0.0,0.5333333333333333,0.1,0.5333333333333333,0.1,0.0,0.1,0.1,4.0,22.0,22.0,22.0,26.0,22.0,26.0,22.0,26.0,22.0,26.0,13.0,13.0,1.0532008830022077,1.0532008830022077,0.020253863134657834,0.05651446491651182,0.1141274149183979,1.0532008830022077,0.020253863134657834,0.0,0.0,0.0,0.0,0.0,OK,
freeze,full,factor_cov_delta,1.0,0.25,budget_only,count,0.1,0.15,0.1,30,30,30,30,1.0,1.0,1.0,1.0532008830022077,0.020253863134657834,24.466666666666665,0.3,0.5333333333333333,-0.23333333333333334,0.3,0.06666666666666667,0.3,0.06666666666666667,0.0,0.06666666666666667,0.06666666666666667,4.0,26.0,22.0,26.0,26.0,22.0,26.0,26.0,26.0,26.0,26.0,11.0,13.0,1.0689845474613688,1.0661147902869759,0.020557395143487856,0.05651446491651182,0.08532515621758775,1.0532008830022077,0.020253863134657834,0.008974358974358975,0.03333333333333333,-0.008974358974358975,0.008974358974358975,0.01111111111111111,OK,
freeze,full,factor_cov_delta,1.0,0.5,budget_only,count,0.1,0.15,0.1,30,30,30,30,1.0,1.0,1.0,1.0532008830022077,0.020253863134657834,24.466666666666665,0.1,0.5333333333333333,-0.43333333333333335,0.1,0.03333333333333333,0.1,0.03333333333333333,0.0,0.03333333333333333,0.03333333333333333,4.0,26.0,22.0,26.0,26.0,22.0,26.0,26.0,26.0,26.0,26.0,8.0,13.0,1.073289183222958,1.0689845474613688,0.020640176600441495,0.05651446491651182,0.053880788399495616,1.0532008830022077,0.020253863134657834,0.016666666666666666,0.03333333333333333,-0.016666666666666666,0.016666666666666666,0.01111111111111111,OK,
freeze,full,factor_cov_delta,1.0,0.75,budget_only,count,0.1,0.15,0.1,30,30,30,30,1.0,1.0,1.0,1.0532008830022077,0.020253863134657834,24.466666666666665,0.0,0.5333333333333333,-0.5333333333333333,0.0,0.0,0.0,0.0,0.0,0.0,0.0,4.0,26.0,22.0,26.0,26.0,22.0,26.0,26.0,26.0,26.0,26.0,NA,13.0,1.0761589403973513,1.0704194260485653,0.020695364238410587,0.05651446491651182,0.005647698131886762,1.0532008830022077,0.020253863134657834,0.020512820512820513,0.04444444444444444,-0.020512820512820513,0.020512820512820513,0.0,OK,
freeze,full,factor_cov_delta,1.0,1.0,budget_only,count,0.1,0.15,0.1,30,30,30,30,1.0,1.0,1.0,1.0532008830022077,0.020253863134657834,24.466666666666665,0.03333333333333333,0.5333333333333333,-0.5,0.03333333333333333,0.03333333333333333,0.03333333333333333,0.03333333333333333,0.0,0.03333333333333333,0.03333333333333333,4.0,26.0,22.0,26.0,26.0,22.0,26.0,26.0,26.0,26.0,26.0,0.0,13.0,1.0747240618101548,1.0704194260485653,0.02066777041942604,0.05651446491651182,-0.036473914566175436,1.0532008830022077,0.020253863134657834,0.021794871794871794,0.05555555555555555,-0.01923076923076923,0.01923076923076923,0.01111111111111111,OK,
freeze,full,factor_cov_delta,INFEASIBLE,0.0,budget_only,count,INFEASIBLE,INFEASIBLE,INFEASIBLE,INFEASIBLE,INFEASIBLE,INFEASIBLE,INFEASIBLE,INFEASIBLE,INFEASIBLE,INFEASIBLE,INFEASIBLE,INFEASIBLE,INFEASIBLE,INFEASIBLE,INFEASIBLE,INFEASIBLE,INFEASIBLE,INFEASIBLE,INFEASIBLE,INFEASIBLE,INFEASIBLE,INFEASIBLE,INFEASIBLE,,INFEASIBLE,INFEASIBLE,INFEASIBLE,INFEASIBLE,INFEASIBLE,INFEASIBLE,INFEASIBLE,INFEASIBLE,INFEASIBLE,INFEASIBLE,INFEASIBLE,INFEASIBLE,INFEASIBLE,INFEASIBLE,INFEASIBLE,INFEASIBLE,INFEASIBLE,INFEASIBLE,INFEASIBLE,INFEASIBLE,INFEASIBLE,INFEASIBLE,INFEASIBLE,INFEASIBLE,INFEASIBLE,no_trials_in_band
freeze,full,factor_cov_delta,INFEASIBLE,0.25,budget_only,count,INFEASIBLE,INFEASIBLE,INFEASIBLE,INFEASIBLE,INFEASIBLE,INFEASIBLE,INFEASIBLE,INFEASIBLE,INFEASIBLE,INFEASIBLE,INFEASIBLE,INFEASIBLE,INFEASIBLE,INFEASIBLE,INFEASIBLE,INFEASIBLE,INFEASIBLE,INFEASIBLE,INFEASIBLE,INFEASIBLE,INFEASIBLE,INFEASIBLE,INFEASIBLE,,INFEASIBLE,INFEASIBLE,INFEASIBLE,INFEASIBLE,INFEASIBLE,INFEASIBLE,INFEASIBLE,INFEASIBLE,INFEASIBLE,INFEASIBLE,INFEASIBLE,INFEASIBLE,INFEASIBLE,INFEASIBLE,INFEASIBLE,INFEASIBLE,INFEASIBLE,INFEASIBLE,INFEASIBLE,INFEASIBLE,INFEASIBLE,INFEASIBLE,INFEASIBLE,INFEASIBLE,INFEASIBLE,no_trials_in_band
freeze,full,factor_cov_delta,INFEASIBLE,0.5,budget_only,count,INFEASIBLE,INFEASIBLE,INFEASIBLE,INFEASIBLE,INFEASIBLE,INFEASIBLE,INFEASIBLE,INFEASIBLE,INFEASIBLE,INFEASIBLE,INFEASIBLE,INFEASIBLE,INFEASIBLE,INFEASIBLE,INFEASIBLE,INFEASIBLE,INFEASIBLE,INFEASIBLE,INFEASIBLE,INFEASIBLE,INFEASIBLE,INFEASIBLE,INFEASIBLE,,INFEASIBLE,INFEASIBLE,INFEASIBLE,INFEASIBLE,INFEASIBLE,INFEASIBLE,INFEASIBLE,INFEASIBLE,INFEASIBLE,INFEASIBLE,INFEASIBLE,INFEASIBLE,INFEASIBLE,INFEASIBLE,INFEASIBLE,INFEASIBLE,INFEASIBLE,INFEASIBLE,INFEASIBLE,INFEASIBLE,INFEASIBLE,INFEASIBLE,INFEASIBLE,INFEASIBLE,INFEASIBLE,no_trials_in_band
freeze,full,factor_cov_delta,INFEASIBLE,0.75,budget_only,count,INFEASIBLE,INFEASIBLE,INFEASIBLE,INFEASIBLE,INFEASIBLE,INFEASIBLE,INFEASIBLE,INFEASIBLE,INFEASIBLE,INFEASIBLE,INFEASIBLE,INFEASIBLE,INFEASIBLE,INFEASIBLE,INFEASIBLE,INFEASIBLE,INFEASIBLE,INFEASIBLE,INFEASIBLE,INFEASIBLE,INFEASIBLE,INFEASIBLE,INFEASIBLE,,INFEASIBLE,INFEASIBLE,INFEASIBLE,INFEASIBLE,INFEASIBLE,INFEASIBLE,INFEASIBLE,INFEASIBLE,INFEASIBLE,INFEASIBLE,INFEASIBLE,INFEASIBLE,INFEASIBLE,INFEASIBLE,INFEASIBLE,INFEASIBLE,INFEASIBLE,INFEASIBLE,INFEASIBLE,INFEASIBLE,INFEASIBLE,INFEASIBLE,INFEASIBLE,INFEASIBLE,INFEASIBLE,no_trials_in_band
freeze,full,factor_cov_delta,INFEASIBLE,1.0,budget_only,count,INFEASIBLE,INFEASIBLE,INFEASIBLE,INFEASIBLE,INFEASIBLE,INFEASIBLE,INFEASIBLE,INFEASIBLE,INFEASIBLE,INFEASIBLE,INFEASIBLE,INFEASIBLE,INFEASIBLE,INFEASIBLE,INFEASIBLE,INFEASIBLE,INFEASIBLE,INFEASIBLE,INFEASIBLE,INFEASIBLE,INFEASIBLE,INFEASIBLE,INFEASIBLE,,INFEASIBLE,INFEASIBLE,INFEASIBLE,INFEASIBLE,INFEASIBLE,INFEASIBLE,INFEASIBLE,INFEASIBLE,INFEASIBLE,INFEASIBLE,INFEASIBLE,INFEASIBLE,INFEASIBLE,INFEASIBLE,INFEASIBLE,INFEASIBLE,INFEASIBLE,INFEASIBLE,INFEASIBLE,INFEASIBLE,INFEASIBLE,INFEASIBLE,INFEASIBLE,INFEASIBLE,INFEASIBLE,no_trials_in_band
freeze,full,factor_cov_lrt,1.0,0.0,budget_only,count,0.1,0.15,0.1,30,30,30,30,1.0,1.0,1.0,0.9671081677704196,0.10929911699779248,22.466666666666665,0.6333333333333333,0.6333333333333333,0.0,0.7333333333333333,0.23333333333333334,0.7333333333333333,0.23333333333333334,0.1,0.23333333333333334,0.23333333333333334,4.0,20.5,20.5,20.5,26.0,20.5,26.0,17.5,26.0,20.5,26.0,11.0,11.0,5.68355408388521,0.9671081677704196,0.10929911699779248,0.2724353561220793,-0.004450553346317241,0.9671081677704196,0.10929911699779248,0.0,0.0,0.0,0.0,0.0,OK,
freeze,full,factor_cov_lrt,1.0,0.25,budget_only,count,0.1,0.15,0.1,30,30,30,30,1.0,1.0,1.0,0.9671081677704196,0.10929911699779248,22.466666666666665,0.6666666666666666,0.6333333333333333,0.033333333333333326,0.7666666666666667,0.23333333333333334,0.7666666666666667,0.23333333333333334,0.1,0.23333333333333334,0.23333333333333334,4.0,19.0,20.5,19.0,26.0,20.5,26.0,16.5,26.0,19.0,26.0,11.5,11.0,5.877262693156733,0.9541942604856515,0.1130242825607064,0.2724353561220793,-0.0408840381348002,0.9671081677704196,0.10929911699779248,0.08333333333333333,0.04444444444444444,0.011538461538461537,0.07307692307692308,-0.02222222222222222,OK,
freeze,full,factor_cov_lrt,1.0,0.5,budget_only,count,0.1,0.15,0.1,30,30,30,30,1.0,1.0,1.0,0.9671081677704196,0.10929911699779248,22.466666666666665,0.6666666666666666,0.6333333333333333,0.033333333333333326,0.7666666666666667,0.3333333333333333,0.7666666666666667,0.3333333333333333,0.1,0.3333333333333333,0.3333333333333333,4.0,19.0,20.5,19.0,26.0,20.5,26.0,16.5,26.0,19.0,26.0,11.5,11.0,5.822737306843268,0.9584988962472408,0.11197571743929359,0.2724353561220793,-0.024222391207035582,0.9671081677704196,0.10929911699779248,0.08333333333333333,0.07777777777777778,0.026923076923076925,0.07564102564102562,-0.01111111111111111,OK,
freeze,full,factor_cov_lrt,1.0,0.75,budget_only,count,0.1,0.15,0.1,30,30,30,30,1.0,1.0,1.0,0.9671081677704196,0.10929911699779248,22.466666666666665,0.6333333333333333,0.6333333333333333,0.0,0.7333333333333333,0.26666666666666666,0.7333333333333333,0.26666666666666666,0.1,0.26666666666666666,0.26666666666666666,4.0,20.0,20.5,20.0,26.0,20.5,26.0,17.5,26.0,20.0,26.0,11.0,11.0,5.872958057395143,0.9584988962472408,0.11294150110375274,0.2724353561220793,-0.06003410717598313,0.9671081677704196,0.10929911699779248,0.06153846153846155,0.01111111111111111,-0.023076923076923075,0.05128205128205129,-0.01111111111111111,OK,
freeze,full,factor_cov_lrt,1.0,1.0,budget_only,count,0.1,0.15,0.1,30,30,30,30,1.0,1.0,1.0,0.9671081677704196,0.10929911699779248,22.466666666666665,0.6666666666666666,0.6333333333333333,0.033333333333333326,0.7666666666666667,0.3333333333333333,0.7666666666666667,0.3333333333333333,0.1,0.3333333333333333,0.3333333333333333,4.0,19.0,20.5,19.0,26.0,20.5,26.0,15.5,26.0,19.0,26.0,10.0,11.0,5.789735099337748,0.9584988962472408,0.111341059602649,0.2724353561220793,0.16214475407202222,0.9671081677704196,0.10929911699779248,0.08974358974358974,0.05555555555555555,0.035897435897435895,0.07435897435897436,0.05555555555555555,OK,
freeze,full,factor_cov_lrt,INFEASIBLE,0.0,budget_only,count,INFEASIBLE,INFEASIBLE,INFEASIBLE,INFEASIBLE,INFEASIBLE,INFEASIBLE,INFEASIBLE,INFEASIBLE,INFEASIBLE,INFEASIBLE,INFEASIBLE,INFEASIBLE,INFEASIBLE,INFEASIBLE,INFEASIBLE,INFEASIBLE,INFEASIBLE,INFEASIBLE,INFEASIBLE,INFEASIBLE,INFEASIBLE,INFEASIBLE,INFEASIBLE,,INFEASIBLE,INFEASIBLE,INFEASIBLE,INFEASIBLE,INFEASIBLE,INFEASIBLE,INFEASIBLE,INFEASIBLE,INFEASIBLE,INFEASIBLE,INFEASIBLE,INFEASIBLE,INFEASIBLE,INFEASIBLE,INFEASIBLE,INFEASIBLE,INFEASIBLE,INFEASIBLE,INFEASIBLE,INFEASIBLE,INFEASIBLE,INFEASIBLE,INFEASIBLE,INFEASIBLE,INFEASIBLE,no_trials_in_band
freeze,full,factor_cov_lrt,INFEASIBLE,0.25,budget_only,count,INFEASIBLE,INFEASIBLE,INFEASIBLE,INFEASIBLE,INFEASIBLE,INFEASIBLE,INFEASIBLE,INFEASIBLE,INFEASIBLE,INFEASIBLE,INFEASIBLE,INFEASIBLE,INFEASIBLE,INFEASIBLE,INFEASIBLE,INFEASIBLE,INFEASIBLE,INFEASIBLE,INFEASIBLE,INFEASIBLE,INFEASIBLE,INFEASIBLE,INFEASIBLE,,INFEASIBLE,INFEASIBLE,INFEASIBLE,INFEASIBLE,INFEASIBLE,INFEASIBLE,INFEASIBLE,INFEASIBLE,INFEASIBLE,INFEASIBLE,INFEASIBLE,INFEASIBLE,INFEASIBLE,INFEASIBLE,INFEASIBLE,INFEASIBLE,INFEASIBLE,INFEASIBLE,INFEASIBLE,INFEASIBLE,INFEASIBLE,INFEASIBLE,INFEASIBLE,INFEASIBLE,INFEASIBLE,no_trials_in_band
freeze,full,factor_cov_lrt,INFEASIBLE,0.5,budget_only,count,INFEASIBLE,INFEASIBLE,INFEASIBLE,INFEASIBLE,INFEASIBLE,INFEASIBLE,INFEASIBLE,INFEASIBLE,INFEASIBLE,INFEASIBLE,INFEASIBLE,INFEASIBLE,INFEASIBLE,INFEASIBLE,INFEASIBLE,INFEASIBLE,INFEASIBLE,INFEASIBLE,INFEASIBLE,INFEASIBLE,INFEASIBLE,INFEASIBLE,INFEASIBLE,,INFEASIBLE,INFEASIBLE,INFEASIBLE,INFEASIBLE,INFEASIBLE,INFEASIBLE,INFEASIBLE,INFEASIBLE,INFEASIBLE,INFEASIBLE,INFEASIBLE,INFEASIBLE,INFEASIBLE,INFEASIBLE,INFEASIBLE,INFEASIBLE,INFEASIBLE,INFEASIBLE,INFEASIBLE,INFEASIBLE,INFEASIBLE,INFEASIBLE,INFEASIBLE,INFEASIBLE,INFEASIBLE,no_trials_in_band
freeze,full,factor_cov_lrt,INFEASIBLE,0.75,budget_only,count,INFEASIBLE,INFEASIBLE,INFEASIBLE,INFEASIBLE,INFEASIBLE,INFEASIBLE,INFEASIBLE,INFEASIBLE,INFEASIBLE,INFEASIBLE,INFEASIBLE,INFEASIBLE,INFEASIBLE,INFEASIBLE,INFEASIBLE,INFEASIBLE,INFEASIBLE,INFEASIBLE,INFEASIBLE,INFEASIBLE,INFEASIBLE,INFEASIBLE,INFEASIBLE,,INFEASIBLE,INFEASIBLE,INFEASIBLE,INFEASIBLE,INFEASIBLE,INFEASIBLE,INFEASIBLE,INFEASIBLE,INFEASIBLE,INFEASIBLE,INFEASIBLE,INFEASIBLE,INFEASIBLE,INFEASIBLE,INFEASIBLE,INFEASIBLE,INFEASIBLE,INFEASIBLE,INFEASIBLE,INFEASIBLE,INFEASIBLE,INFEASIBLE,INFEASIBLE,INFEASIBLE,INFEASIBLE,no_trials_in_band
freeze,full,factor_cov_lrt,INFEASIBLE,1.0,budget_only,count,INFEASIBLE,INFEASIBLE,INFEASIBLE,INFEASIBLE,INFEASIBLE,INFEASIBLE,INFEASIBLE,INFEASIBLE,INFEASIBLE,INFEASIBLE,INFEASIBLE,INFEASIBLE,INFEASIBLE,INFEASIBLE,INFEASIBLE,INFEASIBLE,INFEASIBLE,INFEASIBLE,INFEASIBLE,INFEASIBLE,INFEASIBLE,INFEASIBLE,INFEASIBLE,,INFEASIBLE,INFEASIBLE,INFEASIBLE,INFEASIBLE,INFEASIBLE,INFEASIBLE,INFEASIBLE,INFEASIBLE,INFEASIBLE,INFEASIBLE,INFEASIBLE,INFEASIBLE,INFEASIBLE,INFEASIBLE,INFEASIBLE,INFEASIBLE,INFEASIBLE,INFEASIBLE,INFEASIBLE,INFEASIBLE,INFEASIBLE,INFEASIBLE,INFEASIBLE,INFEASIBLE,INFEASIBLE,no_trials_in_band
freeze,full,factor_cov_lrt_delta,1.0,0.0,budget_only,count,0.1,0.15,0.1,30,30,30,30,1.0,1.0,1.0,0.928366445916115,0.017853200883002206,21.566666666666666,0.43333333333333335,0.43333333333333335,0.0,0.43333333333333335,0.13333333333333333,0.43333333333333335,0.13333333333333333,0.0,0.13333333333333333,0.13333333333333333,4.0,26.0,26.0,26.0,26.0,26.0,26.0,26.0,26.0,26.0,26.0,8.0,8.0,0.928366445916115,0.928366445916115,0.017853200883002206,0.00034734485213977197,0.04177820292578306,0.928366445916115,0.017853200883002206,0.0,0.0,0.0,0.0,0.0,OK,
freeze,full,factor_cov_lrt_delta,1.0,0.25,budget_only,count,0.1,0.15,0.1,30,30,30,30,1.0,1.0,1.0,0.928366445916115,0.017853200883002206,21.566666666666666,0.43333333333333335,0.43333333333333335,0.0,0.43333333333333335,0.13333333333333333,0.43333333333333335,0.13333333333333333,0.0,0.13333333333333333,0.13333333333333333,4.0,26.0,26.0,26.0,26.0,26.0,26.0,26.0,26.0,26.0,26.0,8.0,8.0,0.928366445916115,0.928366445916115,0.017853200883002206,0.00034734485213977197,0.0007380021399555549,0.928366445916115,0.017853200883002206,0.0,0.02222222222222222,0.0,0.0,-0.02222222222222222,OK,
freeze,full,factor_cov_lrt_delta,1.0,0.5,budget_only,count,0.1,0.15,0.1,30,30,30,30,1.0,1.0,1.0,0.928366445916115,0.017853200883002206,21.566666666666666,0.3333333333333333,0.43333333333333335,-0.10000000000000003,0.3333333333333333,0.1,0.3333333333333333,0.1,0.0,0.1,0.1,4.0,26.0,26.0,26.0,26.0,26.0,26.0,26.0,26.0,26.0,26.0,12.0,8.0,0.9298013245033114,0.9298013245033114,0.01788079470198676,0.00034734485213977197,0.020113476473297864,0.928366445916115,0.017853200883002206,0.0038461538461538464,0.03333333333333333,-0.0038461538461538464,0.0038461538461538464,-0.01111111111111111,OK,
freeze,full,factor_cov_lrt_delta,1.0,0.75,budget_only,count,0.1,0.15,0.1,30,30,30,30,1.0,1.0,1.0,0.928366445916115,0.017853200883002206,21.566666666666666,0.3,0.43333333333333335,-0.13333333333333336,0.3,0.1,0.3,0.1,0.0,0.1,0.1,4.0,26.0,26.0,26.0,26.0,26.0,26.0,26.0,26.0,26.0,26.0,8.0,8.0,0.9312362030905079,0.9312362030905079,0.017908388520971305,0.00034734485213977197,0.011270498987394323,0.928366445916115,0.017853200883002206,0.005128205128205128,0.03333333333333333,-0.005128205128205128,0.005128205128205128,-0.01111111111111111,OK,
freeze,full,factor_cov_lrt_delta,1.0,1.0,budget_only,count,0.1,0.15,0.1,30,30,30,30,1.0,1.0,1.0,0.928366445916115,0.017853200883002206,21.566666666666666,0.3,0.43333333333333335,-0.13333333333333336,0.3,0.1,0.3,0.1,0.0,0.1,0.1,4.0,26.0,26.0,26.0,26.0,26.0,26.0,26.0,26.0,26.0,26.0,8.0,8.0,0.9312362030905079,0.9312362030905079,0.017908388520971305,0.00034734485213977197,0.039422803861391936,0.928366445916115,0.017853200883002206,0.005128205128205128,0.03333333333333333,-0.005128205128205128,0.005128205128205128,-0.01111111111111111,OK,
freeze,full,factor_cov_lrt_delta,INFEASIBLE,0.0,budget_only,count,INFEASIBLE,INFEASIBLE,INFEASIBLE,INFEASIBLE,INFEASIBLE,INFEASIBLE,INFEASIBLE,INFEASIBLE,INFEASIBLE,INFEASIBLE,INFEASIBLE,INFEASIBLE,INFEASIBLE,INFEASIBLE,INFEASIBLE,INFEASIBLE,INFEASIBLE,INFEASIBLE,INFEASIBLE,INFEASIBLE,INFEASIBLE,INFEASIBLE,INFEASIBLE,,INFEASIBLE,INFEASIBLE,INFEASIBLE,INFEASIBLE,INFEASIBLE,INFEASIBLE,INFEASIBLE,INFEASIBLE,INFEASIBLE,INFEASIBLE,INFEASIBLE,INFEASIBLE,INFEASIBLE,INFEASIBLE,INFEASIBLE,INFEASIBLE,INFEASIBLE,INFEASIBLE,INFEASIBLE,INFEASIBLE,INFEASIBLE,INFEASIBLE,INFEASIBLE,INFEASIBLE,INFEASIBLE,no_trials_in_band
freeze,full,factor_cov_lrt_delta,INFEASIBLE,0.25,budget_only,count,INFEASIBLE,INFEASIBLE,INFEASIBLE,INFEASIBLE,INFEASIBLE,INFEASIBLE,INFEASIBLE,INFEASIBLE,INFEASIBLE,INFEASIBLE,INFEASIBLE,INFEASIBLE,INFEASIBLE,INFEASIBLE,INFEASIBLE,INFEASIBLE,INFEASIBLE,INFEASIBLE,INFEASIBLE,INFEASIBLE,INFEASIBLE,INFEASIBLE,INFEASIBLE,,INFEASIBLE,INFEASIBLE,INFEASIBLE,INFEASIBLE,INFEASIBLE,INFEASIBLE,INFEASIBLE,INFEASIBLE,INFEASIBLE,INFEASIBLE,INFEASIBLE,INFEASIBLE,INFEASIBLE,INFEASIBLE,INFEASIBLE,INFEASIBLE,INFEASIBLE,INFEASIBLE,INFEASIBLE,INFEASIBLE,INFEASIBLE,INFEASIBLE,INFEASIBLE,INFEASIBLE,INFEASIBLE,no_trials_in_band
freeze,full,factor_cov_lrt_delta,INFEASIBLE,0.5,budget_only,count,INFEASIBLE,INFEASIBLE,INFEASIBLE,INFEASIBLE,INFEASIBLE,INFEASIBLE,INFEASIBLE,INFEASIBLE,INFEASIBLE,INFEASIBLE,INFEASIBLE,INFEASIBLE,INFEASIBLE,INFEASIBLE,INFEASIBLE,INFEASIBLE,INFEASIBLE,INFEASIBLE,INFEASIBLE,INFEASIBLE,INFEASIBLE,INFEASIBLE,INFEASIBLE,,INFEASIBLE,INFEASIBLE,INFEASIBLE,INFEASIBLE,INFEASIBLE,INFEASIBLE,INFEASIBLE,INFEASIBLE,INFEASIBLE,INFEASIBLE,INFEASIBLE,INFEASIBLE,INFEASIBLE,INFEASIBLE,INFEASIBLE,INFEASIBLE,INFEASIBLE,INFEASIBLE,INFEASIBLE,INFEASIBLE,INFEASIBLE,INFEASIBLE,INFEASIBLE,INFEASIBLE,INFEASIBLE,no_trials_in_band
freeze,full,factor_cov_lrt_delta,INFEASIBLE,0.75,budget_only,count,INFEASIBLE,INFEASIBLE,INFEASIBLE,INFEASIBLE,INFEASIBLE,INFEASIBLE,INFEASIBLE,INFEASIBLE,INFEASIBLE,INFEASIBLE,INFEASIBLE,INFEASIBLE,INFEASIBLE,INFEASIBLE,INFEASIBLE,INFEASIBLE,INFEASIBLE,INFEASIBLE,INFEASIBLE,INFEASIBLE,INFEASIBLE,INFEASIBLE,INFEASIBLE,,INFEASIBLE,INFEASIBLE,INFEASIBLE,INFEASIBLE,INFEASIBLE,INFEASIBLE,INFEASIBLE,INFEASIBLE,INFEASIBLE,INFEASIBLE,INFEASIBLE,INFEASIBLE,INFEASIBLE,INFEASIBLE,INFEASIBLE,INFEASIBLE,INFEASIBLE,INFEASIBLE,INFEASIBLE,INFEASIBLE,INFEASIBLE,INFEASIBLE,INFEASIBLE,INFEASIBLE,INFEASIBLE,no_trials_in_band
freeze,full,factor_cov_lrt_delta,INFEASIBLE,1.0,budget_only,count,INFEASIBLE,INFEASIBLE,INFEASIBLE,INFEASIBLE,INFEASIBLE,INFEASIBLE,INFEASIBLE,INFEASIBLE,INFEASIBLE,INFEASIBLE,INFEASIBLE,INFEASIBLE,INFEASIBLE,INFEASIBLE,INFEASIBLE,INFEASIBLE,INFEASIBLE,INFEASIBLE,INFEASIBLE,INFEASIBLE,INFEASIBLE,INFEASIBLE,INFEASIBLE,,INFEASIBLE,INFEASIBLE,INFEASIBLE,INFEASIBLE,INFEASIBLE,INFEASIBLE,INFEASIBLE,INFEASIBLE,INFEASIBLE,INFEASIBLE,INFEASIBLE,INFEASIBLE,INFEASIBLE,INFEASIBLE,INFEASIBLE,INFEASIBLE,INFEASIBLE,INFEASIBLE,INFEASIBLE,INFEASIBLE,INFEASIBLE,INFEASIBLE,INFEASIBLE,INFEASIBLE,INFEASIBLE,no_trials_in_band
freeze,full,fused_fisher,1.0,0.0,budget_only,count,0.1,0.15,0.1,30,30,30,30,1.0,1.0,1.0,0.9699779249448125,0.05060706401766005,22.533333333333335,0.5,0.5,0.0,0.5666666666666667,0.13333333333333333,0.5666666666666667,0.13333333333333333,0.06666666666666667,0.13333333333333333,0.13333333333333333,4.0,25.5,25.5,25.5,26.0,25.5,26.0,21.0,26.0,25.5,26.0,13.0,13.0,2.631567328918322,0.9699779249448125,0.05060706401766005,0.03430374547984691,0.061740463067486547,0.9699779249448125,0.05060706401766005,0.0,0.0,0.0,0.0,0.0,OK,
freeze,full,fused_fisher,1.0,0.25,budget_only,count,0.1,0.15,0.1,30,30,30,30,1.0,1.0,1.0,0.9699779249448125,0.05060706401766005,22.533333333333335,0.43333333333333335,0.5,-0.06666666666666665,0.5,0.1,0.5,0.1,0.06666666666666667,0.1,0.1,4.0,26.0,25.5,26.0,26.0,25.5,26.0,25.5,26.0,26.0,26.0,14.0,13.0,2.605739514348785,0.9714128035320091,0.050110375275938195,0.03430374547984691,0.1451268847420448,0.9699779249448125,0.05060706401766005,0.03974358974358974,0.01111111111111111,0.026923076923076925,0.03461538461538462,-0.01111111111111111,OK,
freeze,full,fused_fisher,1.0,0.5,budget_only,count,0.1,0.15,0.1,30,30,30,30,1.0,1.0,1.0,0.9699779249448125,0.05060706401766005,22.533333333333335,0.43333333333333335,0.5,-0.06666666666666665,0.5,0.1,0.5,0.1,0.06666666666666667,0.1,0.1,4.0,26.0,25.5,26.0,26.0,25.5,26.0,25.5,26.0,26.0,26.0,14.0,13.0,2.6071743929359816,0.9728476821192055,0.05013796909492274,0.03430374547984691,0.1773493254968715,0.9699779249448125,0.05060706401766005,0.041025641025641026,0.01111111111111111,0.028205128205128206,0.0358974358974359,-0.01111111111111111,OK,
freeze,full,fused_fisher,1.0,0.75,budget_only,count,0.1,0.15,0.1,30,30,30,30,1.0,1.0,1.0,0.9699779249448125,0.05060706401766005,22.533333333333335,0.43333333333333335,0.5,-0.06666666666666665,0.5,0.1,0.5,0.1,0.06666666666666667,0.1,0.1,4.0,26.0,25.5,26.0,26.0,25.5,26.0,25.5,26.0,26.0,26.0,14.0,13.0,2.6043046357615887,0.9728476821192055,0.050082781456953655,0.03430374547984691,0.30222901387698287,0.9699779249448125,0.05060706401766005,0.04743589743589743,0.01111111111111111,0.021794871794871797,0.044871794871794865,-0.01111111111111111,OK,
freeze,full,fused_fisher,1.0,1.0,budget_only,count,0.1,0.15,0.1,30,30,30,30,1.0,1.0,1.0,0.9699779249448125,0.05060706401766005,22.533333333333335,0.43333333333333335,0.5,-0.06666666666666665,0.5,0.1,0.5,0.1,0.06666666666666667,0.1,0.1,4.0,26.0,25.5,26.0,26.0,25.5,26.0,25.5,26.0,26.0,26.0,13.0,13.0,2.602869757174392,0.971412803532009,0.05005518763796911,0.03430374547984691,0.4323589964652183,0.9699779249448125,0.05060706401766005,0.05384615384615385,0.01111111111111111,0.025641025641025647,0.048717948717948725,-0.01111111111111111,OK,
freeze,full,fused_fisher,INFEASIBLE,0.0,budget_only,count,INFEASIBLE,INFEASIBLE,INFEASIBLE,INFEASIBLE,INFEASIBLE,INFEASIBLE,INFEASIBLE,INFEASIBLE,INFEASIBLE,INFEASIBLE,INFEASIBLE,INFEASIBLE,INFEASIBLE,INFEASIBLE,INFEASIBLE,INFEASIBLE,INFEASIBLE,INFEASIBLE,INFEASIBLE,INFEASIBLE,INFEASIBLE,INFEASIBLE,INFEASIBLE,,INFEASIBLE,INFEASIBLE,INFEASIBLE,INFEASIBLE,INFEASIBLE,INFEASIBLE,INFEASIBLE,INFEASIBLE,INFEASIBLE,INFEASIBLE,INFEASIBLE,INFEASIBLE,INFEASIBLE,INFEASIBLE,INFEASIBLE,INFEASIBLE,INFEASIBLE,INFEASIBLE,INFEASIBLE,INFEASIBLE,INFEASIBLE,INFEASIBLE,INFEASIBLE,INFEASIBLE,INFEASIBLE,no_trials_in_band
freeze,full,fused_fisher,INFEASIBLE,0.25,budget_only,count,INFEASIBLE,INFEASIBLE,INFEASIBLE,INFEASIBLE,INFEASIBLE,INFEASIBLE,INFEASIBLE,INFEASIBLE,INFEASIBLE,INFEASIBLE,INFEASIBLE,INFEASIBLE,INFEASIBLE,INFEASIBLE,INFEASIBLE,INFEASIBLE,INFEASIBLE,INFEASIBLE,INFEASIBLE,INFEASIBLE,INFEASIBLE,INFEASIBLE,INFEASIBLE,,INFEASIBLE,INFEASIBLE,INFEASIBLE,INFEASIBLE,INFEASIBLE,INFEASIBLE,INFEASIBLE,INFEASIBLE,INFEASIBLE,INFEASIBLE,INFEASIBLE,INFEASIBLE,INFEASIBLE,INFEASIBLE,INFEASIBLE,INFEASIBLE,INFEASIBLE,INFEASIBLE,INFEASIBLE,INFEASIBLE,INFEASIBLE,INFEASIBLE,INFEASIBLE,INFEASIBLE,INFEASIBLE,no_trials_in_band
freeze,full,fused_fisher,INFEASIBLE,0.5,budget_only,count,INFEASIBLE,INFEASIBLE,INFEASIBLE,INFEASIBLE,INFEASIBLE,INFEASIBLE,INFEASIBLE,INFEASIBLE,INFEASIBLE,INFEASIBLE,INFEASIBLE,INFEASIBLE,INFEASIBLE,INFEASIBLE,INFEASIBLE,INFEASIBLE,INFEASIBLE,INFEASIBLE,INFEASIBLE,INFEASIBLE,INFEASIBLE,INFEASIBLE,INFEASIBLE,,INFEASIBLE,INFEASIBLE,INFEASIBLE,INFEASIBLE,INFEASIBLE,INFEASIBLE,INFEASIBLE,INFEASIBLE,INFEASIBLE,INFEASIBLE,INFEASIBLE,INFEASIBLE,INFEASIBLE,INFEASIBLE,INFEASIBLE,INFEASIBLE,INFEASIBLE,INFEASIBLE,INFEASIBLE,INFEASIBLE,INFEASIBLE,INFEASIBLE,INFEASIBLE,INFEASIBLE,INFEASIBLE,no_trials_in_band
freeze,full,fused_fisher,INFEASIBLE,0.75,budget_only,count,INFEASIBLE,INFEASIBLE,INFEASIBLE,INFEASIBLE,INFEASIBLE,INFEASIBLE,INFEASIBLE,INFEASIBLE,INFEASIBLE,INFEASIBLE,INFEASIBLE,INFEASIBLE,INFEASIBLE,INFEASIBLE,INFEASIBLE,INFEASIBLE,INFEASIBLE,INFEASIBLE,INFEASIBLE,INFEASIBLE,INFEASIBLE,INFEASIBLE,INFEASIBLE,,INFEASIBLE,INFEASIBLE,INFEASIBLE,INFEASIBLE,INFEASIBLE,INFEASIBLE,INFEASIBLE,INFEASIBLE,INFEASIBLE,INFEASIBLE,INFEASIBLE,INFEASIBLE,INFEASIBLE,INFEASIBLE,INFEASIBLE,INFEASIBLE,INFEASIBLE,INFEASIBLE,INFEASIBLE,INFEASIBLE,INFEASIBLE,INFEASIBLE,INFEASIBLE,INFEASIBLE,INFEASIBLE,no_trials_in_band
freeze,full,fused_fisher,INFEASIBLE,1.0,budget_only,count,INFEASIBLE,INFEASIBLE,INFEASIBLE,INFEASIBLE,INFEASIBLE,INFEASIBLE,INFEASIBLE,INFEASIBLE,INFEASIBLE,INFEASIBLE,INFEASIBLE,INFEASIBLE,INFEASIBLE,INFEASIBLE,INFEASIBLE,INFEASIBLE,INFEASIBLE,INFEASIBLE,INFEASIBLE,INFEASIBLE,INFEASIBLE,INFEASIBLE,INFEASIBLE,,INFEASIBLE,INFEASIBLE,INFEASIBLE,INFEASIBLE,INFEASIBLE,INFEASIBLE,INFEASIBLE,INFEASIBLE,INFEASIBLE,INFEASIBLE,INFEASIBLE,INFEASIBLE,INFEASIBLE,INFEASIBLE,INFEASIBLE,INFEASIBLE,INFEASIBLE,INFEASIBLE,INFEASIBLE,INFEASIBLE,INFEASIBLE,INFEASIBLE,INFEASIBLE,INFEASIBLE,INFEASIBLE,no_trials_in_band
freeze,full,fused_fisher_lrt_delta,1.0,0.0,budget_only,count,0.1,0.15,0.1,30,30,30,30,1.0,1.0,1.0,1.01158940397351,0.025855408388520972,23.5,0.5,0.5,0.0,0.5,0.06666666666666667,0.5,0.06666666666666667,0.0,0.06666666666666667,0.06666666666666667,4.0,23.5,23.5,23.5,26.0,23.5,26.0,23.5,26.0,23.5,26.0,11.0,11.0,1.3444812362030905,1.01158940397351,0.025855408388520972,0.014241159089097342,-0.04124461731213242,1.01158940397351,0.025855408388520972,0.0,0.0,0.0,0.0,0.0,OK,
freeze,full,fused_fisher_lrt_delta,1.0,0.25,budget_only,count,0.1,0.15,0.1,30,30,30,30,1.0,1.0,1.0,1.01158940397351,0.025855408388520972,23.5,0.5333333333333333,0.5,0.033333333333333326,0.5333333333333333,0.06666666666666667,0.5333333333333333,0.06666666666666667,0.0,0.06666666666666667,0.06666666666666667,4.0,20.5,23.5,20.5,26.0,23.5,26.0,20.5,26.0,20.5,26.0,11.5,11.0,1.3487858719646801,1.0158940397350993,0.025938189845474618,0.014241159089097342,0.17813473152252612,1.01158940397351,0.025855408388520972,0.01282051282051282,0.0,0.002564102564102564,0.010256410256410256,0.0,OK,
freeze,full,fused_fisher_lrt_delta,1.0,0.5,budget_only,count,0.1,0.15,0.1,30,30,30,30,1.0,1.0,1.0,1.01158940397351,0.025855408388520972,23.5,0.5,0.5,0.0,0.5,0.1,0.5,0.1,0.0,0.1,0.1,4.0,23.5,23.5,23.5,26.0,23.5,26.0,23.5,26.0,23.5,26.0,8.0,11.0,1.3545253863134659,1.0187637969094923,0.026048565121412803,0.014241159089097342,0.2594728637337768,1.01158940397351,0.025855408388520972,0.016666666666666666,0.0,-0.006410256410256411,0.008974358974358975,0.0,OK,
freeze,full,fused_fisher_lrt_delta,1.0,0.75,budget_only,count,0.1,0.15,0.1,30,30,30,30,1.0,1.0,1.0,1.01158940397351,0.025855408388520972,23.5,0.5333333333333333,0.5,0.033333333333333326,0.5333333333333333,0.16666666666666666,0.5333333333333333,0.16666666666666666,0.0,0.16666666666666666,0.16666666666666666,4.0,22.0,23.5,22.0,26.0,23.5,26.0,22.0,26.0,22.0,26.0,7.0,11.0,1.3530905077262692,1.0158940397350993,0.026020971302428256,0.014241159089097342,0.40155195844582553,1.01158940397351,0.025855408388520972,0.032051282051282055,0.01111111111111111,-0.008974358974358975,0.016666666666666666,0.01111111111111111,OK,
freeze,full,fused_fisher_lrt_delta,1.0,1.0,budget_only,count,0.1,0.15,0.1,30,30,30,30,1.0,1.0,1.0,1.01158940397351,0.025855408388520972,23.5,0.6333333333333333,0.5,0.1333333333333333,0.6666666666666666,0.2,0.6666666666666666,0.2,0.03333333333333333,0.2,0.2,4.0,14.0,23.5,14.0,26.0,23.5,26.0,13.0,26.0,14.0,26.0,8.0,11.0,1.3344370860927153,1.005849889624724,0.025662251655629142,0.014241159089097342,0.5476220416778911,1.01158940397351,0.025855408388520972,0.04871794871794872,0.0,0.007692307692307693,0.03076923076923077,0.0,OK,
freeze,full,fused_fisher_lrt_delta,INFEASIBLE,0.0,budget_only,count,INFEASIBLE,INFEASIBLE,INFEASIBLE,INFEASIBLE,INFEASIBLE,INFEASIBLE,INFEASIBLE,INFEASIBLE,INFEASIBLE,INFEASIBLE,INFEASIBLE,INFEASIBLE,INFEASIBLE,INFEASIBLE,INFEASIBLE,INFEASIBLE,INFEASIBLE,INFEASIBLE,INFEASIBLE,INFEASIBLE,INFEASIBLE,INFEASIBLE,INFEASIBLE,,INFEASIBLE,INFEASIBLE,INFEASIBLE,INFEASIBLE,INFEASIBLE,INFEASIBLE,INFEASIBLE,INFEASIBLE,INFEASIBLE,INFEASIBLE,INFEASIBLE,INFEASIBLE,INFEASIBLE,INFEASIBLE,INFEASIBLE,INFEASIBLE,INFEASIBLE,INFEASIBLE,INFEASIBLE,INFEASIBLE,INFEASIBLE,INFEASIBLE,INFEASIBLE,INFEASIBLE,INFEASIBLE,no_trials_in_band
freeze,full,fused_fisher_lrt_delta,INFEASIBLE,0.25,budget_only,count,INFEASIBLE,INFEASIBLE,INFEASIBLE,INFEASIBLE,INFEASIBLE,INFEASIBLE,INFEASIBLE,INFEASIBLE,INFEASIBLE,INFEASIBLE,INFEASIBLE,INFEASIBLE,INFEASIBLE,INFEASIBLE,INFEASIBLE,INFEASIBLE,INFEASIBLE,INFEASIBLE,INFEASIBLE,INFEASIBLE,INFEASIBLE,INFEASIBLE,INFEASIBLE,,INFEASIBLE,INFEASIBLE,INFEASIBLE,INFEASIBLE,INFEASIBLE,INFEASIBLE,INFEASIBLE,INFEASIBLE,INFEASIBLE,INFEASIBLE,INFEASIBLE,INFEASIBLE,INFEASIBLE,INFEASIBLE,INFEASIBLE,INFEASIBLE,INFEASIBLE,INFEASIBLE,INFEASIBLE,INFEASIBLE,INFEASIBLE,INFEASIBLE,INFEASIBLE,INFEASIBLE,INFEASIBLE,no_trials_in_band
freeze,full,fused_fisher_lrt_delta,INFEASIBLE,0.5,budget_only,count,INFEASIBLE,INFEASIBLE,INFEASIBLE,INFEASIBLE,INFEASIBLE,INFEASIBLE,INFEASIBLE,INFEASIBLE,INFEASIBLE,INFEASIBLE,INFEASIBLE,INFEASIBLE,INFEASIBLE,INFEASIBLE,INFEASIBLE,INFEASIBLE,INFEASIBLE,INFEASIBLE,INFEASIBLE,INFEASIBLE,INFEASIBLE,INFEASIBLE,INFEASIBLE,,INFEASIBLE,INFEASIBLE,INFEASIBLE,INFEASIBLE,INFEASIBLE,INFEASIBLE,INFEASIBLE,INFEASIBLE,INFEASIBLE,INFEASIBLE,INFEASIBLE,INFEASIBLE,INFEASIBLE,INFEASIBLE,INFEASIBLE,INFEASIBLE,INFEASIBLE,INFEASIBLE,INFEASIBLE,INFEASIBLE,INFEASIBLE,INFEASIBLE,INFEASIBLE,INFEASIBLE,INFEASIBLE,no_trials_in_band
freeze,full,fused_fisher_lrt_delta,INFEASIBLE,0.75,budget_only,count,INFEASIBLE,INFEASIBLE,INFEASIBLE,INFEASIBLE,INFEASIBLE,INFEASIBLE,INFEASIBLE,INFEASIBLE,INFEASIBLE,INFEASIBLE,INFEASIBLE,INFEASIBLE,INFEASIBLE,INFEASIBLE,INFEASIBLE,INFEASIBLE,INFEASIBLE,INFEASIBLE,INFEASIBLE,INFEASIBLE,INFEASIBLE,INFEASIBLE,INFEASIBLE,,INFEASIBLE,INFEASIBLE,INFEASIBLE,INFEASIBLE,INFEASIBLE,INFEASIBLE,INFEASIBLE,INFEASIBLE,INFEASIBLE,INFEASIBLE,INFEASIBLE,INFEASIBLE,INFEASIBLE,INFEASIBLE,INFEASIBLE,INFEASIBLE,INFEASIBLE,INFEASIBLE,INFEASIBLE,INFEASIBLE,INFEASIBLE,INFEASIBLE,INFEASIBLE,INFEASIBLE,INFEASIBLE,no_trials_in_band
freeze,full,fused_fisher_lrt_delta,INFEASIBLE,1.0,budget_only,count,INFEASIBLE,INFEASIBLE,INFEASIBLE,INFEASIBLE,INFEASIBLE,INFEASIBLE,INFEASIBLE,INFEASIBLE,INFEASIBLE,INFEASIBLE,INFEASIBLE,INFEASIBLE,INFEASIBLE,INFEASIBLE,INFEASIBLE,INFEASIBLE,INFEASIBLE,INFEASIBLE,INFEASIBLE,INFEASIBLE,INFEASIBLE,INFEASIBLE,INFEASIBLE,,INFEASIBLE,INFEASIBLE,INFEASIBLE,INFEASIBLE,INFEASIBLE,INFEASIBLE,INFEASIBLE,INFEASIBLE,INFEASIBLE,INFEASIBLE,INFEASIBLE,INFEASIBLE,INFEASIBLE,INFEASIBLE,INFEASIBLE,INFEASIBLE,INFEASIBLE,INFEASIBLE,INFEASIBLE,INFEASIBLE,INFEASIBLE,INFEASIBLE,INFEASIBLE,INFEASIBLE,INFEASIBLE,no_trials_in_band
freeze,full,fused_sp,1.0,0.0,budget_only,count,0.1,0.15,0.1,30,30,30,30,1.0,1.0,1.0,0.971412803532009,0.0416942604856512,22.566666666666666,0.43333333333333335,0.43333333333333335,0.0,0.43333333333333335,0.06666666666666667,0.43333333333333335,0.06666666666666667,0.0,0.06666666666666667,0.06666666666666667,4.0,26.0,26.0,26.0,26.0,26.0,26.0,26.0,26.0,26.0,26.0,12.0,12.0,2.168101545253863,0.971412803532009,0.0416942604856512,0.022211727528968155,-0.27317143837620045,0.971412803532009,0.0416942604856512,0.0,0.0,0.0,0.0,0.0,OK,
freeze,full,fused_sp,1.0,0.25,budget_only,count,0.1,0.15,0.1,30,30,30,30,1.0,1.0,1.0,0.971412803532009,0.0416942604856512,22.566666666666666,0.36666666666666664,0.43333333333333335,-0.06666666666666671,0.36666666666666664,0.03333333333333333,0.36666666666666664,0.03333333333333333,0.0,0.03333333333333333,0.03333333333333333,4.0,26.0,26.0,26.0,26.0,26.0,26.0,26.0,26.0,26.0,26.0,12.0,12.0,2.176710816777042,0.974282560706402,0.04185982339955848,0.022211727528968155,0.6687484499160745,0.971412803532009,0.0416942604856512,0.007692307692307693,0.0,-0.005128205128205128,0.005128205128205128,0.0,OK,
freeze,full,fused_sp,1.0,0.5,budget_only,count,0.1,0.15,0.1,30,30,30,30,1.0,1.0,1.0,0.971412803532009,0.0416942604856512,22.566666666666666,0.4,0.43333333333333335,-0.033333333333333326,0.4,0.03333333333333333,0.4,0.03333333333333333,0.0,0.03333333333333333,0.03333333333333333,4.0,26.0,26.0,26.0,26.0,26.0,26.0,26.0,26.0,26.0,26.0,13.0,12.0,2.1724061810154525,0.9685430463576161,0.041777041942604835,0.022211727528968155,4.644634818661729,0.971412803532009,0.0416942604856512,0.01794871794871795,0.0,-0.005128205128205128,0.010256410256410256,0.0,OK,
freeze,full,fused_sp,1.0,0.75,budget_only,count,0.1,0.15,0.1,30,30,30,30,1.0,1.0,1.0,0.971412803532009,0.0416942604856512,22.566666666666666,0.5333333333333333,0.43333333333333335,0.09999999999999998,0.5333333333333333,0.1,0.5333333333333333,0.1,0.0,0.1,0.1,4.0,22.0,26.0,22.0,26.0,26.0,26.0,22.0,26.0,22.0,26.0,11.5,12.0,2.1279249448123623,0.9671081677704196,0.04092163355408387,0.022211727528968155,11.7586554629829,0.971412803532009,0.0416942604856512,0.03076923076923077,0.01111111111111111,-0.002564102564102564,0.015384615384615385,-0.01111111111111111,OK,
freeze,full,fused_sp,1.0,1.0,budget_only,count,0.1,0.15,0.1,30,30,30,30,1.0,1.0,1.0,0.971412803532009,0.0416942604856512,22.566666666666666,0.5666666666666667,0.43333333333333335,0.1333333333333333,0.6,0.16666666666666666,0.6,0.16666666666666666,0.03333333333333333,0.16666666666666666,0.16666666666666666,4.0,21.0,26.0,21.0,26.0,26.0,26.0,18.5,26.0,21.0,26.0,11.0,12.0,2.1279249448123623,0.9656732891832231,0.04092163355408387,0.022211727528968155,21.90575825357958,0.971412803532009,0.0416942604856512,0.03589743589743591,0.01111111111111111,0.002564102564102564,0.015384615384615382,-0.01111111111111111,OK,
freeze,full,fused_sp,INFEASIBLE,0.0,budget_only,count,INFEASIBLE,INFEASIBLE,INFEASIBLE,INFEASIBLE,INFEASIBLE,INFEASIBLE,INFEASIBLE,INFEASIBLE,INFEASIBLE,INFEASIBLE,INFEASIBLE,INFEASIBLE,INFEASIBLE,INFEASIBLE,INFEASIBLE,INFEASIBLE,INFEASIBLE,INFEASIBLE,INFEASIBLE,INFEASIBLE,INFEASIBLE,INFEASIBLE,INFEASIBLE,,INFEASIBLE,INFEASIBLE,INFEASIBLE,INFEASIBLE,INFEASIBLE,INFEASIBLE,INFEASIBLE,INFEASIBLE,INFEASIBLE,INFEASIBLE,INFEASIBLE,INFEASIBLE,INFEASIBLE,INFEASIBLE,INFEASIBLE,INFEASIBLE,INFEASIBLE,INFEASIBLE,INFEASIBLE,INFEASIBLE,INFEASIBLE,INFEASIBLE,INFEASIBLE,INFEASIBLE,INFEASIBLE,no_trials_in_band
freeze,full,fused_sp,INFEASIBLE,0.25,budget_only,count,INFEASIBLE,INFEASIBLE,INFEASIBLE,INFEASIBLE,INFEASIBLE,INFEASIBLE,INFEASIBLE,INFEASIBLE,INFEASIBLE,INFEASIBLE,INFEASIBLE,INFEASIBLE,INFEASIBLE,INFEASIBLE,INFEASIBLE,INFEASIBLE,INFEASIBLE,INFEASIBLE,INFEASIBLE,INFEASIBLE,INFEASIBLE,INFEASIBLE,INFEASIBLE,,INFEASIBLE,INFEASIBLE,INFEASIBLE,INFEASIBLE,INFEASIBLE,INFEASIBLE,INFEASIBLE,INFEASIBLE,INFEASIBLE,INFEASIBLE,INFEASIBLE,INFEASIBLE,INFEASIBLE,INFEASIBLE,INFEASIBLE,INFEASIBLE,INFEASIBLE,INFEASIBLE,INFEASIBLE,INFEASIBLE,INFEASIBLE,INFEASIBLE,INFEASIBLE,INFEASIBLE,INFEASIBLE,no_trials_in_band
freeze,full,fused_sp,INFEASIBLE,0.5,budget_only,count,INFEASIBLE,INFEASIBLE,INFEASIBLE,INFEASIBLE,INFEASIBLE,INFEASIBLE,INFEASIBLE,INFEASIBLE,INFEASIBLE,INFEASIBLE,INFEASIBLE,INFEASIBLE,INFEASIBLE,INFEASIBLE,INFEASIBLE,INFEASIBLE,INFEASIBLE,INFEASIBLE,INFEASIBLE,INFEASIBLE,INFEASIBLE,INFEASIBLE,INFEASIBLE,,INFEASIBLE,INFEASIBLE,INFEASIBLE,INFEASIBLE,INFEASIBLE,INFEASIBLE,INFEASIBLE,INFEASIBLE,INFEASIBLE,INFEASIBLE,INFEASIBLE,INFEASIBLE,INFEASIBLE,INFEASIBLE,INFEASIBLE,INFEASIBLE,INFEASIBLE,INFEASIBLE,INFEASIBLE,INFEASIBLE,INFEASIBLE,INFEASIBLE,INFEASIBLE,INFEASIBLE,INFEASIBLE,no_trials_in_band
freeze,full,fused_sp,INFEASIBLE,0.75,budget_only,count,INFEASIBLE,INFEASIBLE,INFEASIBLE,INFEASIBLE,INFEASIBLE,INFEASIBLE,INFEASIBLE,INFEASIBLE,INFEASIBLE,INFEASIBLE,INFEASIBLE,INFEASIBLE,INFEASIBLE,INFEASIBLE,INFEASIBLE,INFEASIBLE,INFEASIBLE,INFEASIBLE,INFEASIBLE,INFEASIBLE,INFEASIBLE,INFEASIBLE,INFEASIBLE,,INFEASIBLE,INFEASIBLE,INFEASIBLE,INFEASIBLE,INFEASIBLE,INFEASIBLE,INFEASIBLE,INFEASIBLE,INFEASIBLE,INFEASIBLE,INFEASIBLE,INFEASIBLE,INFEASIBLE,INFEASIBLE,INFEASIBLE,INFEASIBLE,INFEASIBLE,INFEASIBLE,INFEASIBLE,INFEASIBLE,INFEASIBLE,INFEASIBLE,INFEASIBLE,INFEASIBLE,INFEASIBLE,no_trials_in_band
freeze,full,fused_sp,INFEASIBLE,1.0,budget_only,count,INFEASIBLE,INFEASIBLE,INFEASIBLE,INFEASIBLE,INFEASIBLE,INFEASIBLE,INFEASIBLE,INFEASIBLE,INFEASIBLE,INFEASIBLE,INFEASIBLE,INFEASIBLE,INFEASIBLE,INFEASIBLE,INFEASIBLE,INFEASIBLE,INFEASIBLE,INFEASIBLE,INFEASIBLE,INFEASIBLE,INFEASIBLE,INFEASIBLE,INFEASIBLE,,INFEASIBLE,INFEASIBLE,INFEASIBLE,INFEASIBLE,INFEASIBLE,INFEASIBLE,INFEASIBLE,INFEASIBLE,INFEASIBLE,INFEASIBLE,INFEASIBLE,INFEASIBLE,INFEASIBLE,INFEASIBLE,INFEASIBLE,INFEASIBLE,INFEASIBLE,INFEASIBLE,INFEASIBLE,INFEASIBLE,INFEASIBLE,INFEASIBLE,INFEASIBLE,INFEASIBLE,INFEASIBLE,no_trials_in_band
freeze,full,fused_sp_lrt_delta,1.0,0.0,budget_only,count,0.1,0.15,0.1,30,30,30,30,1.0,1.0,1.0,0.928366445916115,0.018681015452538634,21.566666666666666,0.43333333333333335,0.43333333333333335,0.0,0.43333333333333335,0.13333333333333333,0.43333333333333335,0.13333333333333333,0.0,0.13333333333333333,0.13333333333333333,4.0,26.0,26.0,26.0,26.0,26.0,26.0,26.0,26.0,26.0,26.0,8.0,8.0,0.9714128035320091,0.928366445916115,0.018681015452538634,0.00034734485213977197,-0.31659255990596663,0.928366445916115,0.018681015452538634,0.0,0.0,0.0,0.0,0.0,OK,
freeze,full,fused_sp_lrt_delta,1.0,0.25,budget_only,count,0.1,0.15,0.1,30,30,30,30,1.0,1.0,1.0,0.928366445916115,0.018681015452538634,21.566666666666666,0.43333333333333335,0.43333333333333335,0.0,0.43333333333333335,0.13333333333333333,0.43333333333333335,0.13333333333333333,0.0,0.13333333333333333,0.13333333333333333,4.0,26.0,26.0,26.0,26.0,26.0,26.0,26.0,26.0,26.0,26.0,8.0,8.0,0.9728476821192055,0.928366445916115,0.01870860927152318,0.00034734485213977197,0.519532379710667,0.928366445916115,0.018681015452538634,0.0,0.02222222222222222,0.0,0.0,-0.02222222222222222,OK,
freeze,full,fused_sp_lrt_delta,1.0,0.5,budget_only,count,0.1,0.15,0.1,30,30,30,30,1.0,1.0,1.0,0.928366445916115,0.018681015452538634,21.566666666666666,0.3333333333333333,0.43333333333333335,-0.10000000000000003,0.3333333333333333,0.1,0.3333333333333333,0.1,0.0,0.1,0.1,4.0,26.0,26.0,26.0,26.0,26.0,26.0,26.0,26.0,26.0,26.0,12.0,8.0,0.9728476821192056,0.9298013245033114,0.01870860927152318,0.00034734485213977197,3.963503037634932,0.928366445916115,0.018681015452538634,0.0038461538461538464,0.03333333333333333,-0.0038461538461538464,0.0038461538461538464,-0.01111111111111111,OK,
freeze,full,fused_sp_lrt_delta,1.0,0.75,budget_only,count,0.1,0.15,0.1,30,30,30,30,1.0,1.0,1.0,0.928366445916115,0.018681015452538634,21.566666666666666,0.3,0.43333333333333335,-0.13333333333333336,0.3,0.1,0.3,0.1,0.0,0.1,0.1,4.0,26.0,26.0,26.0,26.0,26.0,26.0,26.0,26.0,26.0,26.0,8.0,8.0,0.9742825607064021,0.9312362030905079,0.018736203090507726,0.00034734485213977197,10.11087442050148,0.928366445916115,0.018681015452538634,0.005128205128205128,0.03333333333333333,-0.005128205128205128,0.005128205128205128,-0.01111111111111111,OK,
freeze,full,fused_sp_lrt_delta,1.0,1.0,budget_only,count,0.1,0.15,0.1,30,30,30,30,1.0,1.0,1.0,0.928366445916115,0.018681015452538634,21.566666666666666,0.3,0.43333333333333335,-0.13333333333333336,0.3,0.1,0.3,0.1,0.0,0.1,0.1,4.0,26.0,26.0,26.0,26.0,26.0,26.0,26.0,26.0,26.0,26.0,8.0,8.0,0.9742825607064021,0.9312362030905079,0.018736203090507726,0.00034734485213977197,18.889952267664903,0.928366445916115,0.018681015452538634,0.005128205128205128,0.03333333333333333,-0.005128205128205128,0.005128205128205128,-0.01111111111111111,OK,
freeze,full,fused_sp_lrt_delta,INFEASIBLE,0.0,budget_only,count,INFEASIBLE,INFEASIBLE,INFEASIBLE,INFEASIBLE,INFEASIBLE,INFEASIBLE,INFEASIBLE,INFEASIBLE,INFEASIBLE,INFEASIBLE,INFEASIBLE,INFEASIBLE,INFEASIBLE,INFEASIBLE,INFEASIBLE,INFEASIBLE,INFEASIBLE,INFEASIBLE,INFEASIBLE,INFEASIBLE,INFEASIBLE,INFEASIBLE,INFEASIBLE,,INFEASIBLE,INFEASIBLE,INFEASIBLE,INFEASIBLE,INFEASIBLE,INFEASIBLE,INFEASIBLE,INFEASIBLE,INFEASIBLE,INFEASIBLE,INFEASIBLE,INFEASIBLE,INFEASIBLE,INFEASIBLE,INFEASIBLE,INFEASIBLE,INFEASIBLE,INFEASIBLE,INFEASIBLE,INFEASIBLE,INFEASIBLE,INFEASIBLE,INFEASIBLE,INFEASIBLE,INFEASIBLE,no_trials_in_band
freeze,full,fused_sp_lrt_delta,INFEASIBLE,0.25,budget_only,count,INFEASIBLE,INFEASIBLE,INFEASIBLE,INFEASIBLE,INFEASIBLE,INFEASIBLE,INFEASIBLE,INFEASIBLE,INFEASIBLE,INFEASIBLE,INFEASIBLE,INFEASIBLE,INFEASIBLE,INFEASIBLE,INFEASIBLE,INFEASIBLE,INFEASIBLE,INFEASIBLE,INFEASIBLE,INFEASIBLE,INFEASIBLE,INFEASIBLE,INFEASIBLE,,INFEASIBLE,INFEASIBLE,INFEASIBLE,INFEASIBLE,INFEASIBLE,INFEASIBLE,INFEASIBLE,INFEASIBLE,INFEASIBLE,INFEASIBLE,INFEASIBLE,INFEASIBLE,INFEASIBLE,INFEASIBLE,INFEASIBLE,INFEASIBLE,INFEASIBLE,INFEASIBLE,INFEASIBLE,INFEASIBLE,INFEASIBLE,INFEASIBLE,INFEASIBLE,INFEASIBLE,INFEASIBLE,no_trials_in_band
freeze,full,fused_sp_lrt_delta,INFEASIBLE,0.5,budget_only,count,INFEASIBLE,INFEASIBLE,INFEASIBLE,INFEASIBLE,INFEASIBLE,INFEASIBLE,INFEASIBLE,INFEASIBLE,INFEASIBLE,INFEASIBLE,INFEASIBLE,INFEASIBLE,INFEASIBLE,INFEASIBLE,INFEASIBLE,INFEASIBLE,INFEASIBLE,INFEASIBLE,INFEASIBLE,INFEASIBLE,INFEASIBLE,INFEASIBLE,INFEASIBLE,,INFEASIBLE,INFEASIBLE,INFEASIBLE,INFEASIBLE,INFEASIBLE,INFEASIBLE,INFEASIBLE,INFEASIBLE,INFEASIBLE,INFEASIBLE,INFEASIBLE,INFEASIBLE,INFEASIBLE,INFEASIBLE,INFEASIBLE,INFEASIBLE,INFEASIBLE,INFEASIBLE,INFEASIBLE,INFEASIBLE,INFEASIBLE,INFEASIBLE,INFEASIBLE,INFEASIBLE,INFEASIBLE,no_trials_in_band
freeze,full,fused_sp_lrt_delta,INFEASIBLE,0.75,budget_only,count,INFEASIBLE,INFEASIBLE,INFEASIBLE,INFEASIBLE,INFEASIBLE,INFEASIBLE,INFEASIBLE,INFEASIBLE,INFEASIBLE,INFEASIBLE,INFEASIBLE,INFEASIBLE,INFEASIBLE,INFEASIBLE,INFEASIBLE,INFEASIBLE,INFEASIBLE,INFEASIBLE,INFEASIBLE,INFEASIBLE,INFEASIBLE,INFEASIBLE,INFEASIBLE,,INFEASIBLE,INFEASIBLE,INFEASIBLE,INFEASIBLE,INFEASIBLE,INFEASIBLE,INFEASIBLE,INFEASIBLE,INFEASIBLE,INFEASIBLE,INFEASIBLE,INFEASIBLE,INFEASIBLE,INFEASIBLE,INFEASIBLE,INFEASIBLE,INFEASIBLE,INFEASIBLE,INFEASIBLE,INFEASIBLE,INFEASIBLE,INFEASIBLE,INFEASIBLE,INFEASIBLE,INFEASIBLE,no_trials_in_band
freeze,full,fused_sp_lrt_delta,INFEASIBLE,1.0,budget_only,count,INFEASIBLE,INFEASIBLE,INFEASIBLE,INFEASIBLE,INFEASIBLE,INFEASIBLE,INFEASIBLE,INFEASIBLE,INFEASIBLE,INFEASIBLE,INFEASIBLE,INFEASIBLE,INFEASIBLE,INFEASIBLE,INFEASIBLE,INFEASIBLE,INFEASIBLE,INFEASIBLE,INFEASIBLE,INFEASIBLE,INFEASIBLE,INFEASIBLE,INFEASIBLE,,INFEASIBLE,INFEASIBLE,INFEASIBLE,INFEASIBLE,INFEASIBLE,INFEASIBLE,INFEASIBLE,INFEASIBLE,INFEASIBLE,INFEASIBLE,INFEASIBLE,INFEASIBLE,INFEASIBLE,INFEASIBLE,INFEASIBLE,INFEASIBLE,INFEASIBLE,INFEASIBLE,INFEASIBLE,INFEASIBLE,INFEASIBLE,INFEASIBLE,INFEASIBLE,INFEASIBLE,INFEASIBLE,no_trials_in_band
freeze,full,max_abs,1.0,0.0,budget_only,count,0.1,0.15,0.1,30,30,30,30,1.0,1.0,1.0,1.057505518763797,0.03824503311258278,24.566666666666666,0.43333333333333335,0.43333333333333335,0.0,0.4666666666666667,0.1,0.4666666666666667,0.1,0.03333333333333333,0.1,0.1,4.0,26.0,26.0,26.0,26.0,26.0,26.0,26.0,26.0,26.0,26.0,9.0,9.0,1.9887417218543049,1.057505518763797,0.03824503311258278,0.12491668246408093,0.0,1.057505518763797,0.03824503311258278,0.0,0.0,0.0,0.0,0.0,OK,
freeze,full,max_abs,1.0,0.25,budget_only,count,0.1,0.15,0.1,30,30,30,30,1.0,1.0,1.0,1.057505518763797,0.03824503311258278,24.566666666666666,0.43333333333333335,0.43333333333333335,0.0,0.5,0.13333333333333333,0.5,0.13333333333333333,0.06666666666666667,0.13333333333333333,0.13333333333333333,4.0,26.0,26.0,26.0,26.0,26.0,26.0,25.0,26.0,26.0,26.0,11.0,9.0,1.9743929359823402,1.0560706401766005,0.037969094922737305,0.12491668246408093,0.4834508224236322,1.057505518763797,0.03824503311258278,0.10512820512820513,0.0,0.10256410256410257,0.10256410256410257,0.0,OK,
freeze,full,max_abs,1.0,0.5,budget_only,count,0.1,0.15,0.1,30,30,30,30,1.0,1.0,1.0,1.057505518763797,0.03824503311258278,24.566666666666666,0.43333333333333335,0.43333333333333335,0.0,0.5,0.13333333333333333,0.5,0.13333333333333333,0.06666666666666667,0.13333333333333333,0.13333333333333333,4.0,26.0,26.0,26.0,26.0,26.0,26.0,25.0,26.0,26.0,26.0,11.0,9.0,1.9758278145695365,1.0575055187637967,0.03799668874172186,0.12491668246408093,0.9701913393756297,1.057505518763797,0.03824503311258278,0.11282051282051281,0.0,0.11025641025641025,0.11025641025641025,0.0,OK,
freeze,full,max_abs,1.0,0.75,budget_only,count,0.1,0.15,0.1,30,30,30,30,1.0,1.0,1.0,1.057505518763797,0.03824503311258278,24.566666666666666,0.43333333333333335,0.43333333333333335,0.0,0.5,0.13333333333333333,0.5,0.13333333333333333,0.06666666666666667,0.13333333333333333,0.13333333333333333,4.0,26.0,26.0,26.0,26.0,26.0,26.0,25.0,26.0,26.0,26.0,11.0,9.0,1.9758278145695365,1.0560706401766005,0.03799668874172186,0.12491668246408093,1.456931856327627,1.057505518763797,0.03824503311258278,0.12179487179487178,0.0,0.11923076923076922,0.11923076923076922,0.0,OK,
freeze,full,max_abs,1.0,1.0,budget_only,count,0.1,0.15,0.1,30,30,30,30,1.0,1.0,1.0,1.057505518763797,0.03824503311258278,24.566666666666666,0.4,0.43333333333333335,-0.033333333333333326,0.4666666666666667,0.13333333333333333,0.4666666666666667,0.13333333333333333,0.06666666666666667,0.13333333333333333,0.13333333333333333,4.0,26.0,26.0,26.0,26.0,26.0,26.0,26.0,26.0,26.0,26.0,10.0,9.0,1.9801324503311257,1.057505518763797,0.038079470198675504,0.12491668246408093,1.9436723732796244,1.057505518763797,0.03824503311258278,0.1217948717948718,0.04444444444444444,0.11666666666666667,0.1217948717948718,0.022222222222222223,OK,
freeze,full,max_abs,INFEASIBLE,0.0,budget_only,count,INFEASIBLE,INFEASIBLE,INFEASIBLE,INFEASIBLE,INFEASIBLE,INFEASIBLE,INFEASIBLE,INFEASIBLE,INFEASIBLE,INFEASIBLE,INFEASIBLE,INFEASIBLE,INFEASIBLE,INFEASIBLE,INFEASIBLE,INFEASIBLE,INFEASIBLE,INFEASIBLE,INFEASIBLE,INFEASIBLE,INFEASIBLE,INFEASIBLE,INFEASIBLE,,INFEASIBLE,INFEASIBLE,INFEASIBLE,INFEASIBLE,INFEASIBLE,INFEASIBLE,INFEASIBLE,INFEASIBLE,INFEASIBLE,INFEASIBLE,INFEASIBLE,INFEASIBLE,INFEASIBLE,INFEASIBLE,INFEASIBLE,INFEASIBLE,INFEASIBLE,INFEASIBLE,INFEASIBLE,INFEASIBLE,INFEASIBLE,INFEASIBLE,INFEASIBLE,INFEASIBLE,INFEASIBLE,no_trials_in_band
freeze,full,max_abs,INFEASIBLE,0.25,budget_only,count,INFEASIBLE,INFEASIBLE,INFEASIBLE,INFEASIBLE,INFEASIBLE,INFEASIBLE,INFEASIBLE,INFEASIBLE,INFEASIBLE,INFEASIBLE,INFEASIBLE,INFEASIBLE,INFEASIBLE,INFEASIBLE,INFEASIBLE,INFEASIBLE,INFEASIBLE,INFEASIBLE,INFEASIBLE,INFEASIBLE,INFEASIBLE,INFEASIBLE,INFEASIBLE,,INFEASIBLE,INFEASIBLE,INFEASIBLE,INFEASIBLE,INFEASIBLE,INFEASIBLE,INFEASIBLE,INFEASIBLE,INFEASIBLE,INFEASIBLE,INFEASIBLE,INFEASIBLE,INFEASIBLE,INFEASIBLE,INFEASIBLE,INFEASIBLE,INFEASIBLE,INFEASIBLE,INFEASIBLE,INFEASIBLE,INFEASIBLE,INFEASIBLE,INFEASIBLE,INFEASIBLE,INFEASIBLE,no_trials_in_band
freeze,full,max_abs,INFEASIBLE,0.5,budget_only,count,INFEASIBLE,INFEASIBLE,INFEASIBLE,INFEASIBLE,INFEASIBLE,INFEASIBLE,INFEASIBLE,INFEASIBLE,INFEASIBLE,INFEASIBLE,INFEASIBLE,INFEASIBLE,INFEASIBLE,INFEASIBLE,INFEASIBLE,INFEASIBLE,INFEASIBLE,INFEASIBLE,INFEASIBLE,INFEASIBLE,INFEASIBLE,INFEASIBLE,INFEASIBLE,,INFEASIBLE,INFEASIBLE,INFEASIBLE,INFEASIBLE,INFEASIBLE,INFEASIBLE,INFEASIBLE,INFEASIBLE,INFEASIBLE,INFEASIBLE,INFEASIBLE,INFEASIBLE,INFEASIBLE,INFEASIBLE,INFEASIBLE,INFEASIBLE,INFEASIBLE,INFEASIBLE,INFEASIBLE,INFEASIBLE,INFEASIBLE,INFEASIBLE,INFEASIBLE,INFEASIBLE,INFEASIBLE,no_trials_in_band
freeze,full,max_abs,INFEASIBLE,0.75,budget_only,count,INFEASIBLE,INFEASIBLE,INFEASIBLE,INFEASIBLE,INFEASIBLE,INFEASIBLE,INFEASIBLE,INFEASIBLE,INFEASIBLE,INFEASIBLE,INFEASIBLE,INFEASIBLE,INFEASIBLE,INFEASIBLE,INFEASIBLE,INFEASIBLE,INFEASIBLE,INFEASIBLE,INFEASIBLE,INFEASIBLE,INFEASIBLE,INFEASIBLE,INFEASIBLE,,INFEASIBLE,INFEASIBLE,INFEASIBLE,INFEASIBLE,INFEASIBLE,INFEASIBLE,INFEASIBLE,INFEASIBLE,INFEASIBLE,INFEASIBLE,INFEASIBLE,INFEASIBLE,INFEASIBLE,INFEASIBLE,INFEASIBLE,INFEASIBLE,INFEASIBLE,INFEASIBLE,INFEASIBLE,INFEASIBLE,INFEASIBLE,INFEASIBLE,INFEASIBLE,INFEASIBLE,INFEASIBLE,no_trials_in_band
freeze,full,max_abs,INFEASIBLE,1.0,budget_only,count,INFEASIBLE,INFEASIBLE,INFEASIBLE,INFEASIBLE,INFEASIBLE,INFEASIBLE,INFEASIBLE,INFEASIBLE,INFEASIBLE,INFEASIBLE,INFEASIBLE,INFEASIBLE,INFEASIBLE,INFEASIBLE,INFEASIBLE,INFEASIBLE,INFEASIBLE,INFEASIBLE,INFEASIBLE,INFEASIBLE,INFEASIBLE,INFEASIBLE,INFEASIBLE,,INFEASIBLE,INFEASIBLE,INFEASIBLE,INFEASIBLE,INFEASIBLE,INFEASIBLE,INFEASIBLE,INFEASIBLE,INFEASIBLE,INFEASIBLE,INFEASIBLE,INFEASIBLE,INFEASIBLE,INFEASIBLE,INFEASIBLE,INFEASIBLE,INFEASIBLE,INFEASIBLE,INFEASIBLE,INFEASIBLE,INFEASIBLE,INFEASIBLE,INFEASIBLE,INFEASIBLE,INFEASIBLE,no_trials_in_band
freeze,full,pc_t2,1.0,0.0,budget_only,count,0.1,0.15,0.1,30,30,30,30,1.0,1.0,1.0,0.9685430463576161,0.022654525386313466,22.5,0.5,0.5,0.0,0.5,0.1,0.5,0.1,0.0,0.1,0.1,4.0,24.5,24.5,24.5,26.0,24.5,26.0,24.5,26.0,24.5,26.0,11.0,11.0,1.1780353200883,0.9685430463576161,0.022654525386313466,0.019973545099172808,0.0,0.9685430463576161,0.022654525386313466,0.0,0.0,0.0,0.0,0.0,OK,
freeze,full,pc_t2,1.0,0.25,budget_only,count,0.1,0.15,0.1,30,30,30,30,1.0,1.0,1.0,0.9685430463576161,0.022654525386313466,22.5,0.26666666666666666,0.5,-0.23333333333333334,0.26666666666666666,0.03333333333333333,0.26666666666666666,0.03333333333333333,0.0,0.03333333333333333,0.03333333333333333,4.0,26.0,24.5,26.0,26.0,24.5,26.0,26.0,26.0,26.0,26.0,11.0,11.0,1.1809050772626932,0.9714128035320091,0.022709713024282565,0.019973545099172808,0.057284958337704375,0.9685430463576161,0.022654525386313466,0.016666666666666666,0.01111111111111111,-0.014102564102564103,0.014102564102564103,0.01111111111111111,OK,
freeze,full,pc_t2,1.0,0.5,budget_only,count,0.1,0.15,0.1,30,30,30,30,1.0,1.0,1.0,0.9685430463576161,0.022654525386313466,22.5,0.3,0.5,-0.2,0.3,0.06666666666666667,0.3,0.06666666666666667,0.0,0.06666666666666667,0.06666666666666667,4.0,26.0,24.5,26.0,26.0,24.5,26.0,26.0,26.0,26.0,26.0,8.0,11.0,1.192384105960265,0.9785871964679913,0.022930463576158945,0.019973545099172808,0.3000150160738481,0.9685430463576161,0.022654525386313466,0.01794871794871795,0.02222222222222222,-0.012820512820512822,0.012820512820512822,0.02222222222222222,OK,
freeze,full,pc_t2,1.0,0.75,budget_only,count,0.1,0.15,0.1,30,30,30,30,1.0,1.0,1.0,0.9685430463576161,0.022654525386313466,22.5,0.3333333333333333,0.5,-0.16666666666666669,0.3333333333333333,0.1,0.3333333333333333,0.1,0.0,0.1,0.1,4.0,26.0,24.5,26.0,26.0,24.5,26.0,26.0,26.0,26.0,26.0,7.5,11.0,1.1852097130242825,0.9771523178807949,0.022792494481236204,0.019973545099172808,0.728190173208431,0.9685430463576161,0.022654525386313466,0.021794871794871797,0.02222222222222222,-0.008974358974358975,0.016666666666666666,0.02222222222222222,OK,
freeze,full,pc_t2,1.0,1.0,budget_only,count,0.1,0.15,0.1,30,30,30,30,1.0,1.0,1.0,0.9685430463576161,0.022654525386313466,22.5,0.4666666666666667,0.5,-0.033333333333333326,0.4666666666666667,0.1,0.4666666666666667,0.1,0.0,0.1,0.1,4.0,26.0,24.5,26.0,26.0,24.5,26.0,26.0,26.0,26.0,26.0,8.0,11.0,1.1636865342163354,0.9642384105960268,0.022378587196467993,0.019973545099172808,1.3418104297414535,0.9685430463576161,0.022654525386313466,0.03461538461538462,0.01111111111111111,0.001282051282051282,0.024358974358974363,-0.01111111111111111,OK,
freeze,full,pc_t2,INFEASIBLE,0.0,budget_only,count,INFEASIBLE,INFEASIBLE,INFEASIBLE,INFEASIBLE,INFEASIBLE,INFEASIBLE,INFEASIBLE,INFEASIBLE,INFEASIBLE,INFEASIBLE,INFEASIBLE,INFEASIBLE,INFEASIBLE,INFEASIBLE,INFEASIBLE,INFEASIBLE,INFEASIBLE,INFEASIBLE,INFEASIBLE,INFEASIBLE,INFEASIBLE,INFEASIBLE,INFEASIBLE,,INFEASIBLE,INFEASIBLE,INFEASIBLE,INFEASIBLE,INFEASIBLE,INFEASIBLE,INFEASIBLE,INFEASIBLE,INFEASIBLE,INFEASIBLE,INFEASIBLE,INFEASIBLE,INFEASIBLE,INFEASIBLE,INFEASIBLE,INFEASIBLE,INFEASIBLE,INFEASIBLE,INFEASIBLE,INFEASIBLE,INFEASIBLE,INFEASIBLE,INFEASIBLE,INFEASIBLE,INFEASIBLE,no_trials_in_band
freeze,full,pc_t2,INFEASIBLE,0.25,budget_only,count,INFEASIBLE,INFEASIBLE,INFEASIBLE,INFEASIBLE,INFEASIBLE,INFEASIBLE,INFEASIBLE,INFEASIBLE,INFEASIBLE,INFEASIBLE,INFEASIBLE,INFEASIBLE,INFEASIBLE,INFEASIBLE,INFEASIBLE,INFEASIBLE,INFEASIBLE,INFEASIBLE,INFEASIBLE,INFEASIBLE,INFEASIBLE,INFEASIBLE,INFEASIBLE,,INFEASIBLE,INFEASIBLE,INFEASIBLE,INFEASIBLE,INFEASIBLE,INFEASIBLE,INFEASIBLE,INFEASIBLE,INFEASIBLE,INFEASIBLE,INFEASIBLE,INFEASIBLE,INFEASIBLE,INFEASIBLE,INFEASIBLE,INFEASIBLE,INFEASIBLE,INFEASIBLE,INFEASIBLE,INFEASIBLE,INFEASIBLE,INFEASIBLE,INFEASIBLE,INFEASIBLE,INFEASIBLE,no_trials_in_band
freeze,full,pc_t2,INFEASIBLE,0.5,budget_only,count,INFEASIBLE,INFEASIBLE,INFEASIBLE,INFEASIBLE,INFEASIBLE,INFEASIBLE,INFEASIBLE,INFEASIBLE,INFEASIBLE,INFEASIBLE,INFEASIBLE,INFEASIBLE,INFEASIBLE,INFEASIBLE,INFEASIBLE,INFEASIBLE,INFEASIBLE,INFEASIBLE,INFEASIBLE,INFEASIBLE,INFEASIBLE,INFEASIBLE,INFEASIBLE,,INFEASIBLE,INFEASIBLE,INFEASIBLE,INFEASIBLE,INFEASIBLE,INFEASIBLE,INFEASIBLE,INFEASIBLE,INFEASIBLE,INFEASIBLE,INFEASIBLE,INFEASIBLE,INFEASIBLE,INFEASIBLE,INFEASIBLE,INFEASIBLE,INFEASIBLE,INFEASIBLE,INFEASIBLE,INFEASIBLE,INFEASIBLE,INFEASIBLE,INFEASIBLE,INFEASIBLE,INFEASIBLE,no_trials_in_band
freeze,full,pc_t2,INFEASIBLE,0.75,budget_only,count,INFEASIBLE,INFEASIBLE,INFEASIBLE,INFEASIBLE,INFEASIBLE,INFEASIBLE,INFEASIBLE,INFEASIBLE,INFEASIBLE,INFEASIBLE,INFEASIBLE,INFEASIBLE,INFEASIBLE,INFEASIBLE,INFEASIBLE,INFEASIBLE,INFEASIBLE,INFEASIBLE,INFEASIBLE,INFEASIBLE,INFEASIBLE,INFEASIBLE,INFEASIBLE,,INFEASIBLE,INFEASIBLE,INFEASIBLE,INFEASIBLE,INFEASIBLE,INFEASIBLE,INFEASIBLE,INFEASIBLE,INFEASIBLE,INFEASIBLE,INFEASIBLE,INFEASIBLE,INFEASIBLE,INFEASIBLE,INFEASIBLE,INFEASIBLE,INFEASIBLE,INFEASIBLE,INFEASIBLE,INFEASIBLE,INFEASIBLE,INFEASIBLE,INFEASIBLE,INFEASIBLE,INFEASIBLE,no_trials_in_band
freeze,full,pc_t2,INFEASIBLE,1.0,budget_only,count,INFEASIBLE,INFEASIBLE,INFEASIBLE,INFEASIBLE,INFEASIBLE,INFEASIBLE,INFEASIBLE,INFEASIBLE,INFEASIBLE,INFEASIBLE,INFEASIBLE,INFEASIBLE,INFEASIBLE,INFEASIBLE,INFEASIBLE,INFEASIBLE,INFEASIBLE,INFEASIBLE,INFEASIBLE,INFEASIBLE,INFEASIBLE,INFEASIBLE,INFEASIBLE,,INFEASIBLE,INFEASIBLE,INFEASIBLE,INFEASIBLE,INFEASIBLE,INFEASIBLE,INFEASIBLE,INFEASIBLE,INFEASIBLE,INFEASIBLE,INFEASIBLE,INFEASIBLE,INFEASIBLE,INFEASIBLE,INFEASIBLE,INFEASIBLE,INFEASIBLE,INFEASIBLE,INFEASIBLE,INFEASIBLE,INFEASIBLE,INFEASIBLE,INFEASIBLE,INFEASIBLE,INFEASIBLE,no_trials_in_band
freeze,full,res_energy,1.0,0.0,budget_only,count,0.1,0.15,0.1,30,30,30,30,1.0,1.0,1.0,0.974282560706402,0.03184326710816777,22.633333333333333,0.36666666666666664,0.36666666666666664,0.0,0.36666666666666664,0.1,0.36666666666666664,0.1,0.0,0.1,0.1,4.0,26.0,26.0,26.0,26.0,26.0,26.0,26.0,26.0,26.0,26.0,8.0,8.0,1.6558498896247245,0.974282560706402,0.03184326710816777,0.016725002102715374,0.0,0.974282560706402,0.03184326710816777,0.0,0.0,0.0,0.0,0.0,OK,
freeze,full,res_energy,1.0,0.25,budget_only,count,0.1,0.15,0.1,30,30,30,30,1.0,1.0,1.0,0.974282560706402,0.03184326710816777,22.633333333333333,0.36666666666666664,0.36666666666666664,0.0,0.36666666666666664,0.1,0.36666666666666664,0.1,0.0,0.1,0.1,4.0,26.0,26.0,26.0,26.0,26.0,26.0,26.0,26.0,26.0,26.0,8.0,8.0,1.6529801324503313,0.9757174392935983,0.03178807947019867,0.016725002102715374,0.7791640148237442,0.974282560706402,0.03184326710816777,0.023076923076923075,0.02222222222222222,0.015384615384615385,0.015384615384615385,0.02222222222222222,OK,
freeze,full,res_energy,1.0,0.5,budget_only,count,0.1,0.15,0.1,30,30,30,30,1.0,1.0,1.0,0.974282560706402,0.03184326710816777,22.633333333333333,0.4666666666666667,0.36666666666666664,0.10000000000000003,0.4666666666666667,0.1,0.4666666666666667,0.1,0.0,0.1,0.1,4.0,26.0,26.0,26.0,26.0,26.0,26.0,26.0,26.0,26.0,26.0,9.5,8.0,1.651545253863135,0.9728476821192055,0.03176048565121412,0.016725002102715374,3.1392462341568668,0.974282560706402,0.03184326710816777,0.02692307692307692,0.02222222222222222,0.01923076923076923,0.01923076923076923,0.02222222222222222,OK,
freeze,full,res_energy,1.0,0.75,budget_only,count,0.1,0.15,0.1,30,30,30,30,1.0,1.0,1.0,0.974282560706402,0.03184326710816777,22.633333333333333,0.5666666666666667,0.36666666666666664,0.2,0.6,0.16666666666666666,0.6,0.16666666666666666,0.03333333333333333,0.16666666666666666,0.16666666666666666,4.0,16.0,26.0,16.0,26.0,26.0,26.0,14.5,26.0,16.0,26.0,8.0,8.0,1.654415011037528,0.9728476821192055,0.031815673289183215,0.016725002102715374,7.080246657999284,0.974282560706402,0.03184326710816777,0.03974358974358975,0.04444444444444444,0.02435897435897436,0.029487179487179487,0.0,OK,
freeze,full,res_energy,1.0,1.0,budget_only,count,0.1,0.15,0.1,30,30,30,30,1.0,1.0,1.0,0.974282560706402,0.03184326710816777,22.633333333333333,0.6,0.36666666666666664,0.23333333333333334,0.6333333333333333,0.2,0.6333333333333333,0.2,0.03333333333333333,0.2,0.2,4.0,14.5,26.0,14.5,26.0,26.0,26.0,14.0,26.0,14.5,26.0,8.0,8.0,1.6529801324503313,0.974282560706402,0.03178807947019867,0.016725002102715374,12.60216528635115,0.974282560706402,0.03184326710816777,0.05256410256410257,0.04444444444444444,0.03461538461538462,0.03974358974358975,0.0,OK,
freeze,full,res_energy,INFEASIBLE,0.0,budget_only,count,INFEASIBLE,INFEASIBLE,INFEASIBLE,INFEASIBLE,INFEASIBLE,INFEASIBLE,INFEASIBLE,INFEASIBLE,INFEASIBLE,INFEASIBLE,INFEASIBLE,INFEASIBLE,INFEASIBLE,INFEASIBLE,INFEASIBLE,INFEASIBLE,INFEASIBLE,INFEASIBLE,INFEASIBLE,INFEASIBLE,INFEASIBLE,INFEASIBLE,INFEASIBLE,,INFEASIBLE,INFEASIBLE,INFEASIBLE,INFEASIBLE,INFEASIBLE,INFEASIBLE,INFEASIBLE,INFEASIBLE,INFEASIBLE,INFEASIBLE,INFEASIBLE,INFEASIBLE,INFEASIBLE,INFEASIBLE,INFEASIBLE,INFEASIBLE,INFEASIBLE,INFEASIBLE,INFEASIBLE,INFEASIBLE,INFEASIBLE,INFEASIBLE,INFEASIBLE,INFEASIBLE,INFEASIBLE,no_trials_in_band
freeze,full,res_energy,INFEASIBLE,0.25,budget_only,count,INFEASIBLE,INFEASIBLE,INFEASIBLE,INFEASIBLE,INFEASIBLE,INFEASIBLE,INFEASIBLE,INFEASIBLE,INFEASIBLE,INFEASIBLE,INFEASIBLE,INFEASIBLE,INFEASIBLE,INFEASIBLE,INFEASIBLE,INFEASIBLE,INFEASIBLE,INFEASIBLE,INFEASIBLE,INFEASIBLE,INFEASIBLE,INFEASIBLE,INFEASIBLE,,INFEASIBLE,INFEASIBLE,INFEASIBLE,INFEASIBLE,INFEASIBLE,INFEASIBLE,INFEASIBLE,INFEASIBLE,INFEASIBLE,INFEASIBLE,INFEASIBLE,INFEASIBLE,INFEASIBLE,INFEASIBLE,INFEASIBLE,INFEASIBLE,INFEASIBLE,INFEASIBLE,INFEASIBLE,INFEASIBLE,INFEASIBLE,INFEASIBLE,INFEASIBLE,INFEASIBLE,INFEASIBLE,no_trials_in_band
freeze,full,res_energy,INFEASIBLE,0.5,budget_only,count,INFEASIBLE,INFEASIBLE,INFEASIBLE,INFEASIBLE,INFEASIBLE,INFEASIBLE,INFEASIBLE,INFEASIBLE,INFEASIBLE,INFEASIBLE,INFEASIBLE,INFEASIBLE,INFEASIBLE,INFEASIBLE,INFEASIBLE,INFEASIBLE,INFEASIBLE,INFEASIBLE,INFEASIBLE,INFEASIBLE,INFEASIBLE,INFEASIBLE,INFEASIBLE,,INFEASIBLE,INFEASIBLE,INFEASIBLE,INFEASIBLE,INFEASIBLE,INFEASIBLE,INFEASIBLE,INFEASIBLE,INFEASIBLE,INFEASIBLE,INFEASIBLE,INFEASIBLE,INFEASIBLE,INFEASIBLE,INFEASIBLE,INFEASIBLE,INFEASIBLE,INFEASIBLE,INFEASIBLE,INFEASIBLE,INFEASIBLE,INFEASIBLE,INFEASIBLE,INFEASIBLE,INFEASIBLE,no_trials_in_band
freeze,full,res_energy,INFEASIBLE,0.75,budget_only,count,INFEASIBLE,INFEASIBLE,INFEASIBLE,INFEASIBLE,INFEASIBLE,INFEASIBLE,INFEASIBLE,INFEASIBLE,INFEASIBLE,INFEASIBLE,INFEASIBLE,INFEASIBLE,INFEASIBLE,INFEASIBLE,INFEASIBLE,INFEASIBLE,INFEASIBLE,INFEASIBLE,INFEASIBLE,INFEASIBLE,INFEASIBLE,INFEASIBLE,INFEASIBLE,,INFEASIBLE,INFEASIBLE,INFEASIBLE,INFEASIBLE,INFEASIBLE,INFEASIBLE,INFEASIBLE,INFEASIBLE,INFEASIBLE,INFEASIBLE,INFEASIBLE,INFEASIBLE,INFEASIBLE,INFEASIBLE,INFEASIBLE,INFEASIBLE,INFEASIBLE,INFEASIBLE,INFEASIBLE,INFEASIBLE,INFEASIBLE,INFEASIBLE,INFEASIBLE,INFEASIBLE,INFEASIBLE,no_trials_in_band
freeze,full,res_energy,INFEASIBLE,1.0,budget_only,count,INFEASIBLE,INFEASIBLE,INFEASIBLE,INFEASIBLE,INFEASIBLE,INFEASIBLE,INFEASIBLE,INFEASIBLE,INFEASIBLE,INFEASIBLE,INFEASIBLE,INFEASIBLE,INFEASIBLE,INFEASIBLE,INFEASIBLE,INFEASIBLE,INFEASIBLE,INFEASIBLE,INFEASIBLE,INFEASIBLE,INFEASIBLE,INFEASIBLE,INFEASIBLE,,INFEASIBLE,INFEASIBLE,INFEASIBLE,INFEASIBLE,INFEASIBLE,INFEASIBLE,INFEASIBLE,INFEASIBLE,INFEASIBLE,INFEASIBLE,INFEASIBLE,INFEASIBLE,INFEASIBLE,INFEASIBLE,INFEASIBLE,INFEASIBLE,INFEASIBLE,INFEASIBLE,INFEASIBLE,INFEASIBLE,INFEASIBLE,INFEASIBLE,INFEASIBLE,INFEASIBLE,INFEASIBLE,no_trials_in_band
freeze,full,stale,1.0,0.0,budget_only,count,0.1,0.15,0.1,30,30,0,30,1.0,0.0,1.0,1.0316777041942602,0.49130794701986763,23.966666666666665,0.6,0.6,0.0,1.0,0.5666666666666667,1.0,0.5666666666666667,0.4,0.0,0.0,4.0,19.0,19.0,19.0,26.0,19.0,26.0,3.0,18.200000000000003,19.0,26.0,10.5,10.5,25.548013245033115,1.0316777041942602,0.49130794701986763,1.0000000000000002e-06,0.061576028458122795,1.0316777041942602,0.49130794701986763,0.0,0.0,0.0,0.0,0.0,OK,
freeze,full,stale,1.0,0.25,budget_only,count,0.1,0.15,0.1,30,30,0,30,1.0,0.0,1.0,1.0316777041942602,0.49130794701986763,23.966666666666665,0.6,0.6,0.0,1.0,0.5666666666666667,1.0,0.5666666666666667,0.4,0.0,0.0,4.0,19.0,19.0,19.0,26.0,19.0,26.0,3.0,18.200000000000003,19.0,26.0,10.5,10.5,25.548013245033115,1.0316777041942602,0.49130794701986763,1.0000000000000002e-06,0.061576028458122795,1.0316777041942602,0.49130794701986763,0.0,0.0,0.0,0.0,0.0,OK,
freeze,full,stale,1.0,0.5,budget_only,count,0.1,0.15,0.1,30,30,0,30,1.0,0.0,1.0,1.0316777041942602,0.49130794701986763,23.966666666666665,0.6,0.6,0.0,1.0,0.5666666666666667,1.0,0.5666666666666667,0.4,0.0,0.0,4.0,19.0,19.0,19.0,26.0,19.0,26.0,3.0,18.200000000000003,19.0,26.0,10.5,10.5,25.548013245033115,1.0316777041942602,0.49130794701986763,1.0000000000000002e-06,0.061576028458122795,1.0316777041942602,0.49130794701986763,0.0,0.0,0.0,0.0,0.0,OK,
freeze,full,stale,1.0,0.75,budget_only,count,0.1,0.15,0.1,30,30,0,30,1.0,0.0,1.0,1.0316777041942602,0.49130794701986763,23.966666666666665,0.6,0.6,0.0,1.0,0.5666666666666667,1.0,0.5666666666666667,0.4,0.0,0.0,4.0,19.0,19.0,19.0,26.0,19.0,26.0,3.0,18.200000000000003,19.0,26.0,10.5,10.5,25.548013245033115,1.0316777041942602,0.49130794701986763,1.0000000000000002e-06,0.061576028458122795,1.0316777041942602,0.49130794701986763,0.0,0.0,0.0,0.0,0.0,OK,
freeze,full,stale,1.0,1.0,budget_only,count,0.1,0.15,0.1,30,30,0,30,1.0,0.0,1.0,1.0316777041942602,0.49130794701986763,23.966666666666665,0.6,0.6,0.0,1.0,0.5666666666666667,1.0,0.5666666666666667,0.4,0.0,0.0,4.0,19.0,19.0,19.0,26.0,19.0,26.0,3.0,18.200000000000003,19.0,26.0,10.5,10.5,25.548013245033115,1.0316777041942602,0.49130794701986763,1.0000000000000002e-06,0.061576028458122795,1.0316777041942602,0.49130794701986763,0.0,0.0,0.0,0.0,0.0,OK,
freeze,full,stale,INFEASIBLE,0.0,budget_only,count,INFEASIBLE,INFEASIBLE,INFEASIBLE,INFEASIBLE,INFEASIBLE,INFEASIBLE,INFEASIBLE,INFEASIBLE,INFEASIBLE,INFEASIBLE,INFEASIBLE,INFEASIBLE,INFEASIBLE,INFEASIBLE,INFEASIBLE,INFEASIBLE,INFEASIBLE,INFEASIBLE,INFEASIBLE,INFEASIBLE,INFEASIBLE,INFEASIBLE,INFEASIBLE,,INFEASIBLE,INFEASIBLE,INFEASIBLE,INFEASIBLE,INFEASIBLE,INFEASIBLE,INFEASIBLE,INFEASIBLE,INFEASIBLE,INFEASIBLE,INFEASIBLE,INFEASIBLE,INFEASIBLE,INFEASIBLE,INFEASIBLE,INFEASIBLE,INFEASIBLE,INFEASIBLE,INFEASIBLE,INFEASIBLE,INFEASIBLE,INFEASIBLE,INFEASIBLE,INFEASIBLE,INFEASIBLE,no_trials_in_band
freeze,full,stale,INFEASIBLE,0.25,budget_only,count,INFEASIBLE,INFEASIBLE,INFEASIBLE,INFEASIBLE,INFEASIBLE,INFEASIBLE,INFEASIBLE,INFEASIBLE,INFEASIBLE,INFEASIBLE,INFEASIBLE,INFEASIBLE,INFEASIBLE,INFEASIBLE,INFEASIBLE,INFEASIBLE,INFEASIBLE,INFEASIBLE,INFEASIBLE,INFEASIBLE,INFEASIBLE,INFEASIBLE,INFEASIBLE,,INFEASIBLE,INFEASIBLE,INFEASIBLE,INFEASIBLE,INFEASIBLE,INFEASIBLE,INFEASIBLE,INFEASIBLE,INFEASIBLE,INFEASIBLE,INFEASIBLE,INFEASIBLE,INFEASIBLE,INFEASIBLE,INFEASIBLE,INFEASIBLE,INFEASIBLE,INFEASIBLE,INFEASIBLE,INFEASIBLE,INFEASIBLE,INFEASIBLE,INFEASIBLE,INFEASIBLE,INFEASIBLE,no_trials_in_band
freeze,full,stale,INFEASIBLE,0.5,budget_only,count,INFEASIBLE,INFEASIBLE,INFEASIBLE,INFEASIBLE,INFEASIBLE,INFEASIBLE,INFEASIBLE,INFEASIBLE,INFEASIBLE,INFEASIBLE,INFEASIBLE,INFEASIBLE,INFEASIBLE,INFEASIBLE,INFEASIBLE,INFEASIBLE,INFEASIBLE,INFEASIBLE,INFEASIBLE,INFEASIBLE,INFEASIBLE,INFEASIBLE,INFEASIBLE,,INFEASIBLE,INFEASIBLE,INFEASIBLE,INFEASIBLE,INFEASIBLE,INFEASIBLE,INFEASIBLE,INFEASIBLE,INFEASIBLE,INFEASIBLE,INFEASIBLE,INFEASIBLE,INFEASIBLE,INFEASIBLE,INFEASIBLE,INFEASIBLE,INFEASIBLE,INFEASIBLE,INFEASIBLE,INFEASIBLE,INFEASIBLE,INFEASIBLE,INFEASIBLE,INFEASIBLE,INFEASIBLE,no_trials_in_band
freeze,full,stale,INFEASIBLE,0.75,budget_only,count,INFEASIBLE,INFEASIBLE,INFEASIBLE,INFEASIBLE,INFEASIBLE,INFEASIBLE,INFEASIBLE,INFEASIBLE,INFEASIBLE,INFEASIBLE,INFEASIBLE,INFEASIBLE,INFEASIBLE,INFEASIBLE,INFEASIBLE,INFEASIBLE,INFEASIBLE,INFEASIBLE,INFEASIBLE,INFEASIBLE,INFEASIBLE,INFEASIBLE,INFEASIBLE,,INFEASIBLE,INFEASIBLE,INFEASIBLE,INFEASIBLE,INFEASIBLE,INFEASIBLE,INFEASIBLE,INFEASIBLE,INFEASIBLE,INFEASIBLE,INFEASIBLE,INFEASIBLE,INFEASIBLE,INFEASIBLE,INFEASIBLE,INFEASIBLE,INFEASIBLE,INFEASIBLE,INFEASIBLE,INFEASIBLE,INFEASIBLE,INFEASIBLE,INFEASIBLE,INFEASIBLE,INFEASIBLE,no_trials_in_band
freeze,full,stale,INFEASIBLE,1.0,budget_only,count,INFEASIBLE,INFEASIBLE,INFEASIBLE,INFEASIBLE,INFEASIBLE,INFEASIBLE,INFEASIBLE,INFEASIBLE,INFEASIBLE,INFEASIBLE,INFEASIBLE,INFEASIBLE,INFEASIBLE,INFEASIBLE,INFEASIBLE,INFEASIBLE,INFEASIBLE,INFEASIBLE,INFEASIBLE,INFEASIBLE,INFEASIBLE,INFEASIBLE,INFEASIBLE,,INFEASIBLE,INFEASIBLE,INFEASIBLE,INFEASIBLE,INFEASIBLE,INFEASIBLE,INFEASIBLE,INFEASIBLE,INFEASIBLE,INFEASIBLE,INFEASIBLE,INFEASIBLE,INFEASIBLE,INFEASIBLE,INFEASIBLE,INFEASIBLE,INFEASIBLE,INFEASIBLE,INFEASIBLE,INFEASIBLE,INFEASIBLE,INFEASIBLE,INFEASIBLE,INFEASIBLE,INFEASIBLE,no_trials_in_band
freeze,score_only,T2,1.0,0.0,budget_only,count,0.1,0.15,0.1,30,30,30,30,1.0,1.0,1.0,0.9671081677704196,0.027511037527593818,22.466666666666665,0.5333333333333333,0.5333333333333333,0.0,0.5666666666666667,0.1,0.5666666666666667,0.1,0.03333333333333333,0.1,0.1,4.0,22.5,22.5,22.5,26.0,22.5,26.0,20.0,26.0,22.5,26.0,11.0,11.0,1.4305739514348792,0.9671081677704196,0.027511037527593818,0.024415077161048883,0.0,0.9671081677704196,0.027511037527593818,0.0,0.0,0.0,0.0,0.0,OK,
freeze,score_only,T2,1.0,0.25,budget_only,count,0.1,0.15,0.1,30,30,30,30,1.0,1.0,1.0,0.9671081677704196,0.027511037527593818,22.466666666666665,0.5,0.5333333333333333,-0.033333333333333326,0.5333333333333333,0.1,0.5333333333333333,0.1,0.03333333333333333,0.1,0.1,4.0,24.5,22.5,24.5,26.0,22.5,26.0,22.5,26.0,24.5,26.0,11.0,11.0,1.439183222958058,0.971412803532009,0.027676600441501102,0.024415077161048883,0.2295587517181098,0.9671081677704196,0.027511037527593818,0.005128205128205128,0.0,0.0,0.002564102564102564,0.0,OK,
freeze,score_only,T2,1.0,0.5,budget_only,count,0.1,0.15,0.1,30,30,30,30,1.0,1.0,1.0,0.9671081677704196,0.027511037527593818,22.466666666666665,0.4,0.5333333333333333,-0.1333333333333333,0.43333333333333335,0.1,0.43333333333333335,0.1,0.03333333333333333,0.1,0.1,4.0,26.0,22.5,26.0,26.0,22.5,26.0,26.0,26.0,26.0,26.0,9.5,11.0,1.4434878587196471,0.9757174392935984,0.027759381898454748,0.024415077161048883,1.0280513644848839,0.9671081677704196,0.027511037527593818,0.02051282051282051,0.01111111111111111,0.0025641025641025632,0.017948717948717947,0.01111111111111111,OK,
freeze,score_only,T2,1.0,0.75,budget_only,count,0.1,0.15,0.1,30,30,30,30,1.0,1.0,1.0,0.9671081677704196,0.027511037527593818,22.466666666666665,0.23333333333333334,0.5333333333333333,-0.3,0.26666666666666666,0.06666666666666667,0.26666666666666666,0.06666666666666667,0.03333333333333333,0.06666666666666667,0.06666666666666667,4.0,26.0,22.5,26.0,26.0,22.5,26.0,26.0,26.0,26.0,26.0,14.0,11.0,1.4434878587196474,0.9771523178807949,0.027759381898454744,0.024415077161048883,2.395477838300325,0.9671081677704196,0.027511037527593818,0.03846153846153846,0.01111111111111111,0.0025641025641025663,0.03076923076923077,0.01111111111111111,OK,
freeze,score_only,T2,1.0,1.0,budget_only,count,0.1,0.15,0.1,30,30,30,30,1.0,1.0,1.0,0.9671081677704196,0.027511037527593818,22.466666666666665,0.03333333333333333,0.5333333333333333,-0.5,0.06666666666666667,0.03333333333333333,0.06666666666666667,0.03333333333333333,0.03333333333333333,0.03333333333333333,0.03333333333333333,4.0,26.0,22.5,26.0,26.0,22.5,26.0,26.0,26.0,26.0,26.0,7.0,11.0,1.4477924944812368,0.9828918322295807,0.02784216335540839,0.024415077161048883,4.331838173164429,0.9671081677704196,0.027511037527593818,0.04102564102564102,0.04444444444444444,-0.010256410256410256,0.04102564102564102,0.04444444444444444,OK,
freeze,score_only,T2,INFEASIBLE,0.0,budget_only,count,INFEASIBLE,INFEASIBLE,INFEASIBLE,INFEASIBLE,INFEASIBLE,INFEASIBLE,INFEASIBLE,INFEASIBLE,INFEASIBLE,INFEASIBLE,INFEASIBLE,INFEASIBLE,INFEASIBLE,INFEASIBLE,INFEASIBLE,INFEASIBLE,INFEASIBLE,INFEASIBLE,INFEASIBLE,INFEASIBLE,INFEASIBLE,INFEASIBLE,INFEASIBLE,,INFEASIBLE,INFEASIBLE,INFEASIBLE,INFEASIBLE,INFEASIBLE,INFEASIBLE,INFEASIBLE,INFEASIBLE,INFEASIBLE,INFEASIBLE,INFEASIBLE,INFEASIBLE,INFEASIBLE,INFEASIBLE,INFEASIBLE,INFEASIBLE,INFEASIBLE,INFEASIBLE,INFEASIBLE,INFEASIBLE,INFEASIBLE,INFEASIBLE,INFEASIBLE,INFEASIBLE,INFEASIBLE,no_trials_in_band
freeze,score_only,T2,INFEASIBLE,0.25,budget_only,count,INFEASIBLE,INFEASIBLE,INFEASIBLE,INFEASIBLE,INFEASIBLE,INFEASIBLE,INFEASIBLE,INFEASIBLE,INFEASIBLE,INFEASIBLE,INFEASIBLE,INFEASIBLE,INFEASIBLE,INFEASIBLE,INFEASIBLE,INFEASIBLE,INFEASIBLE,INFEASIBLE,INFEASIBLE,INFEASIBLE,INFEASIBLE,INFEASIBLE,INFEASIBLE,,INFEASIBLE,INFEASIBLE,INFEASIBLE,INFEASIBLE,INFEASIBLE,INFEASIBLE,INFEASIBLE,INFEASIBLE,INFEASIBLE,INFEASIBLE,INFEASIBLE,INFEASIBLE,INFEASIBLE,INFEASIBLE,INFEASIBLE,INFEASIBLE,INFEASIBLE,INFEASIBLE,INFEASIBLE,INFEASIBLE,INFEASIBLE,INFEASIBLE,INFEASIBLE,INFEASIBLE,INFEASIBLE,no_trials_in_band
freeze,score_only,T2,INFEASIBLE,0.5,budget_only,count,INFEASIBLE,INFEASIBLE,INFEASIBLE,INFEASIBLE,INFEASIBLE,INFEASIBLE,INFEASIBLE,INFEASIBLE,INFEASIBLE,INFEASIBLE,INFEASIBLE,INFEASIBLE,INFEASIBLE,INFEASIBLE,INFEASIBLE,INFEASIBLE,INFEASIBLE,INFEASIBLE,INFEASIBLE,INFEASIBLE,INFEASIBLE,INFEASIBLE,INFEASIBLE,,INFEASIBLE,INFEASIBLE,INFEASIBLE,INFEASIBLE,INFEASIBLE,INFEASIBLE,INFEASIBLE,INFEASIBLE,INFEASIBLE,INFEASIBLE,INFEASIBLE,INFEASIBLE,INFEASIBLE,INFEASIBLE,INFEASIBLE,INFEASIBLE,INFEASIBLE,INFEASIBLE,INFEASIBLE,INFEASIBLE,INFEASIBLE,INFEASIBLE,INFEASIBLE,INFEASIBLE,INFEASIBLE,no_trials_in_band
freeze,score_only,T2,INFEASIBLE,0.75,budget_only,count,INFEASIBLE,INFEASIBLE,INFEASIBLE,INFEASIBLE,INFEASIBLE,INFEASIBLE,INFEASIBLE,INFEASIBLE,INFEASIBLE,INFEASIBLE,INFEASIBLE,INFEASIBLE,INFEASIBLE,INFEASIBLE,INFEASIBLE,INFEASIBLE,INFEASIBLE,INFEASIBLE,INFEASIBLE,INFEASIBLE,INFEASIBLE,INFEASIBLE,INFEASIBLE,,INFEASIBLE,INFEASIBLE,INFEASIBLE,INFEASIBLE,INFEASIBLE,INFEASIBLE,INFEASIBLE,INFEASIBLE,INFEASIBLE,INFEASIBLE,INFEASIBLE,INFEASIBLE,INFEASIBLE,INFEASIBLE,INFEASIBLE,INFEASIBLE,INFEASIBLE,INFEASIBLE,INFEASIBLE,INFEASIBLE,INFEASIBLE,INFEASIBLE,INFEASIBLE,INFEASIBLE,INFEASIBLE,no_trials_in_band
freeze,score_only,T2,INFEASIBLE,1.0,budget_only,count,INFEASIBLE,INFEASIBLE,INFEASIBLE,INFEASIBLE,INFEASIBLE,INFEASIBLE,INFEASIBLE,INFEASIBLE,INFEASIBLE,INFEASIBLE,INFEASIBLE,INFEASIBLE,INFEASIBLE,INFEASIBLE,INFEASIBLE,INFEASIBLE,INFEASIBLE,INFEASIBLE,INFEASIBLE,INFEASIBLE,INFEASIBLE,INFEASIBLE,INFEASIBLE,,INFEASIBLE,INFEASIBLE,INFEASIBLE,INFEASIBLE,INFEASIBLE,INFEASIBLE,INFEASIBLE,INFEASIBLE,INFEASIBLE,INFEASIBLE,INFEASIBLE,INFEASIBLE,INFEASIBLE,INFEASIBLE,INFEASIBLE,INFEASIBLE,INFEASIBLE,INFEASIBLE,INFEASIBLE,INFEASIBLE,INFEASIBLE,INFEASIBLE,INFEASIBLE,INFEASIBLE,INFEASIBLE,no_trials_in_band
freeze,score_only,coh_resid_energy,1.0,0.0,budget_only,count,0.1,0.15,0.1,30,30,30,30,1.0,1.0,1.0,0.9298013245033115,0.019481236203090505,21.6,0.4,0.4,0.0,0.4,0.13333333333333333,0.4,0.13333333333333333,0.0,0.13333333333333333,0.13333333333333333,4.0,26.0,26.0,26.0,26.0,26.0,26.0,26.0,26.0,26.0,26.0,13.5,13.5,1.0130242825607063,0.9298013245033115,0.019481236203090505,0.014241159089097342,0.0,0.9298013245033115,0.019481236203090505,0.0,0.0,0.0,0.0,0.0,OK,
freeze,score_only,coh_resid_energy,1.0,0.25,budget_only,count,0.1,0.15,0.1,30,30,30,30,1.0,1.0,1.0,0.9298013245033115,0.019481236203090505,21.6,0.43333333333333335,0.4,0.033333333333333326,0.43333333333333335,0.1,0.43333333333333335,0.1,0.0,0.1,0.1,4.0,26.0,26.0,26.0,26.0,26.0,26.0,26.0,26.0,26.0,26.0,15.0,13.5,1.01158940397351,0.9283664459161151,0.01945364238410596,0.014241159089097342,0.2911761887264024,0.9298013245033115,0.019481236203090505,0.007692307692307693,0.01111111111111111,0.002564102564102564,0.005128205128205128,-0.01111111111111111,OK,
freeze,score_only,coh_resid_energy,1.0,0.5,budget_only,count,0.1,0.15,0.1,30,30,30,30,1.0,1.0,1.0,0.9298013245033115,0.019481236203090505,21.6,0.4666666666666667,0.4,0.06666666666666665,0.4666666666666667,0.06666666666666667,0.4666666666666667,0.06666666666666667,0.0,0.06666666666666667,0.06666666666666667,4.0,26.0,26.0,26.0,26.0,26.0,26.0,26.0,26.0,26.0,26.0,13.5,13.5,1.0015452538631346,0.9226269315673292,0.01926048565121413,0.014241159089097342,1.6757945181499074,0.9298013245033115,0.019481236203090505,0.02307692307692308,0.04444444444444444,0.002564102564102564,0.01282051282051282,-0.02222222222222222,OK,
freeze,score_only,coh_resid_energy,1.0,0.75,budget_only,count,0.1,0.15,0.1,30,30,30,30,1.0,1.0,1.0,0.9298013245033115,0.019481236203090505,21.6,0.5333333333333333,0.4,0.1333333333333333,0.5333333333333333,0.16666666666666666,0.5333333333333333,0.16666666666666666,0.0,0.16666666666666666,0.16666666666666666,4.0,19.5,26.0,19.5,26.0,26.0,26.0,19.5,26.0,19.5,26.0,9.0,13.5,0.9972406181015453,0.9183222958057395,0.019177704194260483,0.014241159089097342,4.153854988270514,0.9298013245033115,0.019481236203090505,0.03974358974358975,0.05555555555555555,0.006410256410256411,0.016666666666666666,-0.03333333333333333,OK,
freeze,score_only,coh_resid_energy,1.0,1.0,budget_only,count,0.1,0.15,0.1,30,30,30,30,1.0,1.0,1.0,0.9298013245033115,0.019481236203090505,21.6,0.7,0.4,0.29999999999999993,0.7333333333333333,0.3333333333333333,0.7333333333333333,0.3333333333333333,0.03333333333333333,0.3333333333333333,0.3333333333333333,4.0,8.0,26.0,8.0,26.0,26.0,26.0,8.0,26.0,8.0,26.0,7.0,13.5,0.9929359823399558,0.9140176600441502,0.019094922737306844,0.014241159089097342,7.725357599088225,0.9298013245033115,0.019481236203090505,0.048717948717948725,0.05555555555555555,0.017948717948717947,0.023076923076923075,-0.05555555555555555,OK,
freeze,score_only,coh_resid_energy,INFEASIBLE,0.0,budget_only,count,INFEASIBLE,INFEASIBLE,INFEASIBLE,INFEASIBLE,INFEASIBLE,INFEASIBLE,INFEASIBLE,INFEASIBLE,INFEASIBLE,INFEASIBLE,INFEASIBLE,INFEASIBLE,INFEASIBLE,INFEASIBLE,INFEASIBLE,INFEASIBLE,INFEASIBLE,INFEASIBLE,INFEASIBLE,INFEASIBLE,INFEASIBLE,INFEASIBLE,INFEASIBLE,,INFEASIBLE,INFEASIBLE,INFEASIBLE,INFEASIBLE,INFEASIBLE,INFEASIBLE,INFEASIBLE,INFEASIBLE,INFEASIBLE,INFEASIBLE,INFEASIBLE,INFEASIBLE,INFEASIBLE,INFEASIBLE,INFEASIBLE,INFEASIBLE,INFEASIBLE,INFEASIBLE,INFEASIBLE,INFEASIBLE,INFEASIBLE,INFEASIBLE,INFEASIBLE,INFEASIBLE,INFEASIBLE,no_trials_in_band
freeze,score_only,coh_resid_energy,INFEASIBLE,0.25,budget_only,count,INFEASIBLE,INFEASIBLE,INFEASIBLE,INFEASIBLE,INFEASIBLE,INFEASIBLE,INFEASIBLE,INFEASIBLE,INFEASIBLE,INFEASIBLE,INFEASIBLE,INFEASIBLE,INFEASIBLE,INFEASIBLE,INFEASIBLE,INFEASIBLE,INFEASIBLE,INFEASIBLE,INFEASIBLE,INFEASIBLE,INFEASIBLE,INFEASIBLE,INFEASIBLE,,INFEASIBLE,INFEASIBLE,INFEASIBLE,INFEASIBLE,INFEASIBLE,INFEASIBLE,INFEASIBLE,INFEASIBLE,INFEASIBLE,INFEASIBLE,INFEASIBLE,INFEASIBLE,INFEASIBLE,INFEASIBLE,INFEASIBLE,INFEASIBLE,INFEASIBLE,INFEASIBLE,INFEASIBLE,INFEASIBLE,INFEASIBLE,INFEASIBLE,INFEASIBLE,INFEASIBLE,INFEASIBLE,no_trials_in_band
freeze,score_only,coh_resid_energy,INFEASIBLE,0.5,budget_only,count,INFEASIBLE,INFEASIBLE,INFEASIBLE,INFEASIBLE,INFEASIBLE,INFEASIBLE,INFEASIBLE,INFEASIBLE,INFEASIBLE,INFEASIBLE,INFEASIBLE,INFEASIBLE,INFEASIBLE,INFEASIBLE,INFEASIBLE,INFEASIBLE,INFEASIBLE,INFEASIBLE,INFEASIBLE,INFEASIBLE,INFEASIBLE,INFEASIBLE,INFEASIBLE,,INFEASIBLE,INFEASIBLE,INFEASIBLE,INFEASIBLE,INFEASIBLE,INFEASIBLE,INFEASIBLE,INFEASIBLE,INFEASIBLE,INFEASIBLE,INFEASIBLE,INFEASIBLE,INFEASIBLE,INFEASIBLE,INFEASIBLE,INFEASIBLE,INFEASIBLE,INFEASIBLE,INFEASIBLE,INFEASIBLE,INFEASIBLE,INFEASIBLE,INFEASIBLE,INFEASIBLE,INFEASIBLE,no_trials_in_band
freeze,score_only,coh_resid_energy,INFEASIBLE,0.75,budget_only,count,INFEASIBLE,INFEASIBLE,INFEASIBLE,INFEASIBLE,INFEASIBLE,INFEASIBLE,INFEASIBLE,INFEASIBLE,INFEASIBLE,INFEASIBLE,INFEASIBLE,INFEASIBLE,INFEASIBLE,INFEASIBLE,INFEASIBLE,INFEASIBLE,INFEASIBLE,INFEASIBLE,INFEASIBLE,INFEASIBLE,INFEASIBLE,INFEASIBLE,INFEASIBLE,,INFEASIBLE,INFEASIBLE,INFEASIBLE,INFEASIBLE,INFEASIBLE,INFEASIBLE,INFEASIBLE,INFEASIBLE,INFEASIBLE,INFEASIBLE,INFEASIBLE,INFEASIBLE,INFEASIBLE,INFEASIBLE,INFEASIBLE,INFEASIBLE,INFEASIBLE,INFEASIBLE,INFEASIBLE,INFEASIBLE,INFEASIBLE,INFEASIBLE,INFEASIBLE,INFEASIBLE,INFEASIBLE,no_trials_in_band
freeze,score_only,coh_resid_energy,INFEASIBLE,1.0,budget_only,count,INFEASIBLE,INFEASIBLE,INFEASIBLE,INFEASIBLE,INFEASIBLE,INFEASIBLE,INFEASIBLE,INFEASIBLE,INFEASIBLE,INFEASIBLE,INFEASIBLE,INFEASIBLE,INFEASIBLE,INFEASIBLE,INFEASIBLE,INFEASIBLE,INFEASIBLE,INFEASIBLE,INFEASIBLE,INFEASIBLE,INFEASIBLE,INFEASIBLE,INFEASIBLE,,INFEASIBLE,INFEASIBLE,INFEASIBLE,INFEASIBLE,INFEASIBLE,INFEASIBLE,INFEASIBLE,INFEASIBLE,INFEASIBLE,INFEASIBLE,INFEASIBLE,INFEASIBLE,INFEASIBLE,INFEASIBLE,INFEASIBLE,INFEASIBLE,INFEASIBLE,INFEASIBLE,INFEASIBLE,INFEASIBLE,INFEASIBLE,INFEASIBLE,INFEASIBLE,INFEASIBLE,INFEASIBLE,no_trials_in_band
freeze,score_only,coh_resid_t2,1.0,0.0,budget_only,count,0.1,0.15,0.1,30,30,30,30,1.0,1.0,1.0,1.0115894039735098,0.021937086092715236,23.5,0.5,0.5,0.0,0.5,0.16666666666666666,0.5,0.16666666666666666,0.0,0.16666666666666666,0.16666666666666666,4.0,24.5,24.5,24.5,26.0,24.5,26.0,24.5,26.0,24.5,26.0,9.0,9.0,1.140728476821192,1.0115894039735098,0.021937086092715236,0.017120457464649675,0.0,1.0115894039735098,0.021937086092715236,0.0,0.0,0.0,0.0,0.0,OK,
freeze,score_only,coh_resid_t2,1.0,0.25,budget_only,count,0.1,0.15,0.1,30,30,30,30,1.0,1.0,1.0,1.0115894039735098,0.021937086092715236,23.5,0.43333333333333335,0.5,-0.06666666666666665,0.43333333333333335,0.1,0.43333333333333335,0.1,0.0,0.1,0.1,4.0,26.0,24.5,26.0,26.0,24.5,26.0,26.0,26.0,26.0,26.0,13.0,9.0,1.1450331125827815,1.0144591611479028,0.02201986754966888,0.017120457464649675,0.6227824980370767,1.0115894039735098,0.021937086092715236,0.012820512820512824,0.0,0.0,0.005128205128205128,0.0,OK,
freeze,score_only,coh_resid_t2,1.0,0.5,budget_only,count,0.1,0.15,0.1,30,30,30,30,1.0,1.0,1.0,1.0115894039735098,0.021937086092715236,23.5,0.5,0.5,0.0,0.5,0.13333333333333333,0.5,0.13333333333333333,0.0,0.13333333333333333,0.13333333333333333,4.0,25.5,24.5,25.5,26.0,24.5,26.0,25.5,26.0,25.5,26.0,11.0,9.0,1.1407284768211923,1.0101545253863133,0.021937086092715236,0.017120457464649675,2.66432156647542,1.0115894039735098,0.021937086092715236,0.008974358974358975,0.01111111111111111,0.001282051282051282,0.008974358974358975,-0.01111111111111111,OK,
freeze,score_only,coh_resid_t2,1.0,0.75,budget_only,count,0.1,0.15,0.1,30,30,30,30,1.0,1.0,1.0,1.0115894039735098,0.021937086092715236,23.5,0.6,0.5,0.09999999999999998,0.6,0.2,0.6,0.2,0.0,0.2,0.2,4.0,19.0,24.5,19.0,26.0,24.5,26.0,19.0,26.0,19.0,26.0,10.0,9.0,1.130684326710817,1.0044150110375276,0.021743929359823395,0.017120457464649675,6.1246172053150305,1.0115894039735098,0.021937086092715236,0.021794871794871794,0.01111111111111111,0.011538461538461537,0.014102564102564101,-0.01111111111111111,OK,
freeze,score_only,coh_resid_t2,1.0,1.0,budget_only,count,0.1,0.15,0.1,30,30,30,30,1.0,1.0,1.0,1.0115894039735098,0.021937086092715236,23.5,0.6333333333333333,0.5,0.1333333333333333,0.6666666666666666,0.26666666666666666,0.6666666666666666,0.26666666666666666,0.03333333333333333,0.26666666666666666,0.26666666666666666,4.0,15.5,24.5,15.5,26.0,24.5,26.0,14.0,26.0,15.5,26.0,8.0,9.0,1.1235099337748347,0.9986754966887418,0.02160596026490066,0.017120457464649675,11.003669414555901,1.0115894039735098,0.021937086092715236,0.02820512820512821,0.01111111111111111,0.01794871794871795,0.01794871794871795,-0.01111111111111111,OK,
freeze,score_only,coh_resid_t2,INFEASIBLE,0.0,budget_only,count,INFEASIBLE,INFEASIBLE,INFEASIBLE,INFEASIBLE,INFEASIBLE,INFEASIBLE,INFEASIBLE,INFEASIBLE,INFEASIBLE,INFEASIBLE,INFEASIBLE,INFEASIBLE,INFEASIBLE,INFEASIBLE,INFEASIBLE,INFEASIBLE,INFEASIBLE,INFEASIBLE,INFEASIBLE,INFEASIBLE,INFEASIBLE,INFEASIBLE,INFEASIBLE,,INFEASIBLE,INFEASIBLE,INFEASIBLE,INFEASIBLE,INFEASIBLE,INFEASIBLE,INFEASIBLE,INFEASIBLE,INFEASIBLE,INFEASIBLE,INFEASIBLE,INFEASIBLE,INFEASIBLE,INFEASIBLE,INFEASIBLE,INFEASIBLE,INFEASIBLE,INFEASIBLE,INFEASIBLE,INFEASIBLE,INFEASIBLE,INFEASIBLE,INFEASIBLE,INFEASIBLE,INFEASIBLE,no_trials_in_band
freeze,score_only,coh_resid_t2,INFEASIBLE,0.25,budget_only,count,INFEASIBLE,INFEASIBLE,INFEASIBLE,INFEASIBLE,INFEASIBLE,INFEASIBLE,INFEASIBLE,INFEASIBLE,INFEASIBLE,INFEASIBLE,INFEASIBLE,INFEASIBLE,INFEASIBLE,INFEASIBLE,INFEASIBLE,INFEASIBLE,INFEASIBLE,INFEASIBLE,INFEASIBLE,INFEASIBLE,INFEASIBLE,INFEASIBLE,INFEASIBLE,,INFEASIBLE,INFEASIBLE,INFEASIBLE,INFEASIBLE,INFEASIBLE,INFEASIBLE,INFEASIBLE,INFEASIBLE,INFEASIBLE,INFEASIBLE,INFEASIBLE,INFEASIBLE,INFEASIBLE,INFEASIBLE,INFEASIBLE,INFEASIBLE,INFEASIBLE,INFEASIBLE,INFEASIBLE,INFEASIBLE,INFEASIBLE,INFEASIBLE,INFEASIBLE,INFEASIBLE,INFEASIBLE,no_trials_in_band
freeze,score_only,coh_resid_t2,INFEASIBLE,0.5,budget_only,count,INFEASIBLE,INFEASIBLE,INFEASIBLE,INFEASIBLE,INFEASIBLE,INFEASIBLE,INFEASIBLE,INFEASIBLE,INFEASIBLE,INFEASIBLE,INFEASIBLE,INFEASIBLE,INFEASIBLE,INFEASIBLE,INFEASIBLE,INFEASIBLE,INFEASIBLE,INFEASIBLE,INFEASIBLE,INFEASIBLE,INFEASIBLE,INFEASIBLE,INFEASIBLE,,INFEASIBLE,INFEASIBLE,INFEASIBLE,INFEASIBLE,INFEASIBLE,INFEASIBLE,INFEASIBLE,INFEASIBLE,INFEASIBLE,INFEASIBLE,INFEASIBLE,INFEASIBLE,INFEASIBLE,INFEASIBLE,INFEASIBLE,INFEASIBLE,INFEASIBLE,INFEASIBLE,INFEASIBLE,INFEASIBLE,INFEASIBLE,INFEASIBLE,INFEASIBLE,INFEASIBLE,INFEASIBLE,no_trials_in_band
freeze,score_only,coh_resid_t2,INFEASIBLE,0.75,budget_only,count,INFEASIBLE,INFEASIBLE,INFEASIBLE,INFEASIBLE,INFEASIBLE,INFEASIBLE,INFEASIBLE,INFEASIBLE,INFEASIBLE,INFEASIBLE,INFEASIBLE,INFEASIBLE,INFEASIBLE,INFEASIBLE,INFEASIBLE,INFEASIBLE,INFEASIBLE,INFEASIBLE,INFEASIBLE,INFEASIBLE,INFEASIBLE,INFEASIBLE,INFEASIBLE,,INFEASIBLE,INFEASIBLE,INFEASIBLE,INFEASIBLE,INFEASIBLE,INFEASIBLE,INFEASIBLE,INFEASIBLE,INFEASIBLE,INFEASIBLE,INFEASIBLE,INFEASIBLE,INFEASIBLE,INFEASIBLE,INFEASIBLE,INFEASIBLE,INFEASIBLE,INFEASIBLE,INFEASIBLE,INFEASIBLE,INFEASIBLE,INFEASIBLE,INFEASIBLE,INFEASIBLE,INFEASIBLE,no_trials_in_band
freeze,score_only,coh_resid_t2,INFEASIBLE,1.0,budget_only,count,INFEASIBLE,INFEASIBLE,INFEASIBLE,INFEASIBLE,INFEASIBLE,INFEASIBLE,INFEASIBLE,INFEASIBLE,INFEASIBLE,INFEASIBLE,INFEASIBLE,INFEASIBLE,INFEASIBLE,INFEASIBLE,INFEASIBLE,INFEASIBLE,INFEASIBLE,INFEASIBLE,INFEASIBLE,INFEASIBLE,INFEASIBLE,INFEASIBLE,INFEASIBLE,,INFEASIBLE,INFEASIBLE,INFEASIBLE,INFEASIBLE,INFEASIBLE,INFEASIBLE,INFEASIBLE,INFEASIBLE,INFEASIBLE,INFEASIBLE,INFEASIBLE,INFEASIBLE,INFEASIBLE,INFEASIBLE,INFEASIBLE,INFEASIBLE,INFEASIBLE,INFEASIBLE,INFEASIBLE,INFEASIBLE,INFEASIBLE,INFEASIBLE,INFEASIBLE,INFEASIBLE,INFEASIBLE,no_trials_in_band
freeze,score_only,cusum_coh_resid_t2,1.0,0.0,budget_only,count,0.1,0.15,0.1,30,12,12,12,0.4,0.4,0.4,0.9685430463576159,0.02207505518763797,22.5,0.5,0.5,0.0,0.5,0.4166666666666667,0.5,0.4166666666666667,0.0,0.4166666666666667,0.4166666666666667,4.0,18.5,18.5,18.5,26.0,18.5,26.0,18.5,26.0,18.5,26.0,1.0,1.0,1.1479028697571743,0.9685430463576159,0.02207505518763797,NA,0.0,0.9685430463576159,0.02207505518763797,0.0,0.0,0.0,0.0,0.0,OK,
freeze,score_only,cusum_coh_resid_t2,1.0,0.25,budget_only,count,0.1,0.15,0.1,30,12,12,12,0.4,0.4,0.4,0.9685430463576159,0.02207505518763797,22.5,0.5833333333333334,0.5,0.08333333333333337,0.5833333333333334,0.4166666666666667,0.5833333333333334,0.4166666666666667,0.0,0.4166666666666667,0.4166666666666667,4.0,9.0,18.5,9.0,26.0,18.5,26.0,9.0,26.0,9.0,26.0,2.0,1.0,1.1443156732891833,0.9649558498896248,0.0220060706401766,NA,0.6112431240458617,0.9685430463576159,0.02207505518763797,0.012820512820512822,0.0,0.0,0.006410256410256411,0.0,OK,
freeze,score_only,cusum_coh_resid_t2,1.0,0.5,budget_only,count,0.1,0.15,0.1,30,12,12,12,0.4,0.4,0.4,0.9685430463576159,0.02207505518763797,22.5,0.6666666666666666,0.5,0.16666666666666663,0.6666666666666666,0.5,0.6666666666666666,0.5,0.0,0.5,0.5,4.0,7.0,18.5,7.0,26.0,18.5,26.0,7.0,26.0,7.0,26.0,1.0,1.0,1.1443156732891833,0.9685430463576159,0.0220060706401766,NA,2.5998336376121083,0.9685430463576159,0.02207505518763797,0.02243589743589744,0.027777777777777776,0.0032051282051282055,0.009615384615384616,0.027777777777777776,OK,
freeze,score_only,cusum_coh_resid_t2,1.0,0.75,budget_only,count,0.1,0.15,0.1,30,12,12,12,0.4,0.4,0.4,0.9685430463576159,0.02207505518763797,22.5,0.6666666666666666,0.5,0.16666666666666663,0.6666666666666666,0.5,0.6666666666666666,0.5,0.0,0.5,0.5,4.0,4.5,18.5,4.5,26.0,18.5,26.0,4.5,26.0,4.5,26.0,1.0,1.0,1.1443156732891833,0.9685430463576159,0.0220060706401766,NA,5.96577154069874,0.9685430463576159,0.02207505518763797,0.041666666666666664,0.0,0.016025641025641028,0.028846153846153844,0.0,OK,
freeze,score_only,cusum_coh_resid_t2,1.0,1.0,budget_only,count,0.1,0.15,0.1,30,12,12,12,0.4,0.4,0.4,0.9685430463576159,0.02207505518763797,22.5,0.75,0.5,0.25,0.75,0.5,0.75,0.5,0.0,0.5,0.5,4.0,4.5,18.5,4.5,26.0,18.5,26.0,4.5,26.0,4.5,26.0,2.0,1.0,1.137141280353201,0.9649558498896248,0.021868101545253867,NA,10.70905683330575,0.9685430463576159,0.02207505518763797,0.1955128205128205,0.0,0.1698717948717949,0.18269230769230768,0.0,OK,
freeze,score_only,cusum_coh_resid_t2,INFEASIBLE,0.0,budget_only,count,INFEASIBLE,INFEASIBLE,INFEASIBLE,INFEASIBLE,INFEASIBLE,INFEASIBLE,INFEASIBLE,INFEASIBLE,INFEASIBLE,INFEASIBLE,INFEASIBLE,INFEASIBLE,INFEASIBLE,INFEASIBLE,INFEASIBLE,INFEASIBLE,INFEASIBLE,INFEASIBLE,INFEASIBLE,INFEASIBLE,INFEASIBLE,INFEASIBLE,INFEASIBLE,,INFEASIBLE,INFEASIBLE,INFEASIBLE,INFEASIBLE,INFEASIBLE,INFEASIBLE,INFEASIBLE,INFEASIBLE,INFEASIBLE,INFEASIBLE,INFEASIBLE,INFEASIBLE,INFEASIBLE,INFEASIBLE,INFEASIBLE,INFEASIBLE,INFEASIBLE,INFEASIBLE,INFEASIBLE,INFEASIBLE,INFEASIBLE,INFEASIBLE,INFEASIBLE,INFEASIBLE,INFEASIBLE,no_trials_in_band
freeze,score_only,cusum_coh_resid_t2,INFEASIBLE,0.25,budget_only,count,INFEASIBLE,INFEASIBLE,INFEASIBLE,INFEASIBLE,INFEASIBLE,INFEASIBLE,INFEASIBLE,INFEASIBLE,INFEASIBLE,INFEASIBLE,INFEASIBLE,INFEASIBLE,INFEASIBLE,INFEASIBLE,INFEASIBLE,INFEASIBLE,INFEASIBLE,INFEASIBLE,INFEASIBLE,INFEASIBLE,INFEASIBLE,INFEASIBLE,INFEASIBLE,,INFEASIBLE,INFEASIBLE,INFEASIBLE,INFEASIBLE,INFEASIBLE,INFEASIBLE,INFEASIBLE,INFEASIBLE,INFEASIBLE,INFEASIBLE,INFEASIBLE,INFEASIBLE,INFEASIBLE,INFEASIBLE,INFEASIBLE,INFEASIBLE,INFEASIBLE,INFEASIBLE,INFEASIBLE,INFEASIBLE,INFEASIBLE,INFEASIBLE,INFEASIBLE,INFEASIBLE,INFEASIBLE,no_trials_in_band
freeze,score_only,cusum_coh_resid_t2,INFEASIBLE,0.5,budget_only,count,INFEASIBLE,INFEASIBLE,INFEASIBLE,INFEASIBLE,INFEASIBLE,INFEASIBLE,INFEASIBLE,INFEASIBLE,INFEASIBLE,INFEASIBLE,INFEASIBLE,INFEASIBLE,INFEASIBLE,INFEASIBLE,INFEASIBLE,INFEASIBLE,INFEASIBLE,INFEASIBLE,INFEASIBLE,INFEASIBLE,INFEASIBLE,INFEASIBLE,INFEASIBLE,,INFEASIBLE,INFEASIBLE,INFEASIBLE,INFEASIBLE,INFEASIBLE,INFEASIBLE,INFEASIBLE,INFEASIBLE,INFEASIBLE,INFEASIBLE,INFEASIBLE,INFEASIBLE,INFEASIBLE,INFEASIBLE,INFEASIBLE,INFEASIBLE,INFEASIBLE,INFEASIBLE,INFEASIBLE,INFEASIBLE,INFEASIBLE,INFEASIBLE,INFEASIBLE,INFEASIBLE,INFEASIBLE,no_trials_in_band
freeze,score_only,cusum_coh_resid_t2,INFEASIBLE,0.75,budget_only,count,INFEASIBLE,INFEASIBLE,INFEASIBLE,INFEASIBLE,INFEASIBLE,INFEASIBLE,INFEASIBLE,INFEASIBLE,INFEASIBLE,INFEASIBLE,INFEASIBLE,INFEASIBLE,INFEASIBLE,INFEASIBLE,INFEASIBLE,INFEASIBLE,INFEASIBLE,INFEASIBLE,INFEASIBLE,INFEASIBLE,INFEASIBLE,INFEASIBLE,INFEASIBLE,,INFEASIBLE,INFEASIBLE,INFEASIBLE,INFEASIBLE,INFEASIBLE,INFEASIBLE,INFEASIBLE,INFEASIBLE,INFEASIBLE,INFEASIBLE,INFEASIBLE,INFEASIBLE,INFEASIBLE,INFEASIBLE,INFEASIBLE,INFEASIBLE,INFEASIBLE,INFEASIBLE,INFEASIBLE,INFEASIBLE,INFEASIBLE,INFEASIBLE,INFEASIBLE,INFEASIBLE,INFEASIBLE,no_trials_in_band
freeze,score_only,cusum_coh_resid_t2,INFEASIBLE,1.0,budget_only,count,INFEASIBLE,INFEASIBLE,INFEASIBLE,INFEASIBLE,INFEASIBLE,INFEASIBLE,INFEASIBLE,INFEASIBLE,INFEASIBLE,INFEASIBLE,INFEASIBLE,INFEASIBLE,INFEASIBLE,INFEASIBLE,INFEASIBLE,INFEASIBLE,INFEASIBLE,INFEASIBLE,INFEASIBLE,INFEASIBLE,INFEASIBLE,INFEASIBLE,INFEASIBLE,,INFEASIBLE,INFEASIBLE,INFEASIBLE,INFEASIBLE,INFEASIBLE,INFEASIBLE,INFEASIBLE,INFEASIBLE,INFEASIBLE,INFEASIBLE,INFEASIBLE,INFEASIBLE,INFEASIBLE,INFEASIBLE,INFEASIBLE,INFEASIBLE,INFEASIBLE,INFEASIBLE,INFEASIBLE,INFEASIBLE,INFEASIBLE,INFEASIBLE,INFEASIBLE,INFEASIBLE,INFEASIBLE,no_trials_in_band
freeze,score_only,cusum_factor_cov_lrt,INFEASIBLE,0.0,budget_only,count,INFEASIBLE,INFEASIBLE,INFEASIBLE,INFEASIBLE,INFEASIBLE,INFEASIBLE,INFEASIBLE,INFEASIBLE,INFEASIBLE,INFEASIBLE,INFEASIBLE,INFEASIBLE,INFEASIBLE,INFEASIBLE,INFEASIBLE,INFEASIBLE,INFEASIBLE,INFEASIBLE,INFEASIBLE,INFEASIBLE,INFEASIBLE,INFEASIBLE,INFEASIBLE,,INFEASIBLE,INFEASIBLE,INFEASIBLE,INFEASIBLE,INFEASIBLE,INFEASIBLE,INFEASIBLE,INFEASIBLE,INFEASIBLE,INFEASIBLE,INFEASIBLE,INFEASIBLE,INFEASIBLE,INFEASIBLE,INFEASIBLE,INFEASIBLE,INFEASIBLE,INFEASIBLE,INFEASIBLE,INFEASIBLE,INFEASIBLE,INFEASIBLE,INFEASIBLE,INFEASIBLE,INFEASIBLE,no_trials_in_band
freeze,score_only,cusum_factor_cov_lrt,INFEASIBLE,0.25,budget_only,count,INFEASIBLE,INFEASIBLE,INFEASIBLE,INFEASIBLE,INFEASIBLE,INFEASIBLE,INFEASIBLE,INFEASIBLE,INFEASIBLE,INFEASIBLE,INFEASIBLE,INFEASIBLE,INFEASIBLE,INFEASIBLE,INFEASIBLE,INFEASIBLE,INFEASIBLE,INFEASIBLE,INFEASIBLE,INFEASIBLE,INFEASIBLE,INFEASIBLE,INFEASIBLE,,INFEASIBLE,INFEASIBLE,INFEASIBLE,INFEASIBLE,INFEASIBLE,INFEASIBLE,INFEASIBLE,INFEASIBLE,INFEASIBLE,INFEASIBLE,INFEASIBLE,INFEASIBLE,INFEASIBLE,INFEASIBLE,INFEASIBLE,INFEASIBLE,INFEASIBLE,INFEASIBLE,INFEASIBLE,INFEASIBLE,INFEASIBLE,INFEASIBLE,INFEASIBLE,INFEASIBLE,INFEASIBLE,no_trials_in_band
freeze,score_only,cusum_factor_cov_lrt,INFEASIBLE,0.5,budget_only,count,INFEASIBLE,INFEASIBLE,INFEASIBLE,INFEASIBLE,INFEASIBLE,INFEASIBLE,INFEASIBLE,INFEASIBLE,INFEASIBLE,INFEASIBLE,INFEASIBLE,INFEASIBLE,INFEASIBLE,INFEASIBLE,INFEASIBLE,INFEASIBLE,INFEASIBLE,INFEASIBLE,INFEASIBLE,INFEASIBLE,INFEASIBLE,INFEASIBLE,INFEASIBLE,,INFEASIBLE,INFEASIBLE,INFEASIBLE,INFEASIBLE,INFEASIBLE,INFEASIBLE,INFEASIBLE,INFEASIBLE,INFEASIBLE,INFEASIBLE,INFEASIBLE,INFEASIBLE,INFEASIBLE,INFEASIBLE,INFEASIBLE,INFEASIBLE,INFEASIBLE,INFEASIBLE,INFEASIBLE,INFEASIBLE,INFEASIBLE,INFEASIBLE,INFEASIBLE,INFEASIBLE,INFEASIBLE,no_trials_in_band
freeze,score_only,cusum_factor_cov_lrt,INFEASIBLE,0.75,budget_only,count,INFEASIBLE,INFEASIBLE,INFEASIBLE,INFEASIBLE,INFEASIBLE,INFEASIBLE,INFEASIBLE,INFEASIBLE,INFEASIBLE,INFEASIBLE,INFEASIBLE,INFEASIBLE,INFEASIBLE,INFEASIBLE,INFEASIBLE,INFEASIBLE,INFEASIBLE,INFEASIBLE,INFEASIBLE,INFEASIBLE,INFEASIBLE,INFEASIBLE,INFEASIBLE,,INFEASIBLE,INFEASIBLE,INFEASIBLE,INFEASIBLE,INFEASIBLE,INFEASIBLE,INFEASIBLE,INFEASIBLE,INFEASIBLE,INFEASIBLE,INFEASIBLE,INFEASIBLE,INFEASIBLE,INFEASIBLE,INFEASIBLE,INFEASIBLE,INFEASIBLE,INFEASIBLE,INFEASIBLE,INFEASIBLE,INFEASIBLE,INFEASIBLE,INFEASIBLE,INFEASIBLE,INFEASIBLE,no_trials_in_band
freeze,score_only,cusum_factor_cov_lrt,INFEASIBLE,1.0,budget_only,count,INFEASIBLE,INFEASIBLE,INFEASIBLE,INFEASIBLE,INFEASIBLE,INFEASIBLE,INFEASIBLE,INFEASIBLE,INFEASIBLE,INFEASIBLE,INFEASIBLE,INFEASIBLE,INFEASIBLE,INFEASIBLE,INFEASIBLE,INFEASIBLE,INFEASIBLE,INFEASIBLE,INFEASIBLE,INFEASIBLE,INFEASIBLE,INFEASIBLE,INFEASIBLE,,INFEASIBLE,INFEASIBLE,INFEASIBLE,INFEASIBLE,INFEASIBLE,INFEASIBLE,INFEASIBLE,INFEASIBLE,INFEASIBLE,INFEASIBLE,INFEASIBLE,INFEASIBLE,INFEASIBLE,INFEASIBLE,INFEASIBLE,INFEASIBLE,INFEASIBLE,INFEASIBLE,INFEASIBLE,INFEASIBLE,INFEASIBLE,INFEASIBLE,INFEASIBLE,INFEASIBLE,INFEASIBLE,no_trials_in_band
freeze,score_only,cusum_factor_cov_lrt,INFEASIBLE,0.0,budget_only,count,INFEASIBLE,INFEASIBLE,INFEASIBLE,INFEASIBLE,INFEASIBLE,INFEASIBLE,INFEASIBLE,INFEASIBLE,INFEASIBLE,INFEASIBLE,INFEASIBLE,INFEASIBLE,INFEASIBLE,INFEASIBLE,INFEASIBLE,INFEASIBLE,INFEASIBLE,INFEASIBLE,INFEASIBLE,INFEASIBLE,INFEASIBLE,INFEASIBLE,INFEASIBLE,,INFEASIBLE,INFEASIBLE,INFEASIBLE,INFEASIBLE,INFEASIBLE,INFEASIBLE,INFEASIBLE,INFEASIBLE,INFEASIBLE,INFEASIBLE,INFEASIBLE,INFEASIBLE,INFEASIBLE,INFEASIBLE,INFEASIBLE,INFEASIBLE,INFEASIBLE,INFEASIBLE,INFEASIBLE,INFEASIBLE,INFEASIBLE,INFEASIBLE,INFEASIBLE,INFEASIBLE,INFEASIBLE,no_trials_in_band
freeze,score_only,cusum_factor_cov_lrt,INFEASIBLE,0.25,budget_only,count,INFEASIBLE,INFEASIBLE,INFEASIBLE,INFEASIBLE,INFEASIBLE,INFEASIBLE,INFEASIBLE,INFEASIBLE,INFEASIBLE,INFEASIBLE,INFEASIBLE,INFEASIBLE,INFEASIBLE,INFEASIBLE,INFEASIBLE,INFEASIBLE,INFEASIBLE,INFEASIBLE,INFEASIBLE,INFEASIBLE,INFEASIBLE,INFEASIBLE,INFEASIBLE,,INFEASIBLE,INFEASIBLE,INFEASIBLE,INFEASIBLE,INFEASIBLE,INFEASIBLE,INFEASIBLE,INFEASIBLE,INFEASIBLE,INFEASIBLE,INFEASIBLE,INFEASIBLE,INFEASIBLE,INFEASIBLE,INFEASIBLE,INFEASIBLE,INFEASIBLE,INFEASIBLE,INFEASIBLE,INFEASIBLE,INFEASIBLE,INFEASIBLE,INFEASIBLE,INFEASIBLE,INFEASIBLE,no_trials_in_band
freeze,score_only,cusum_factor_cov_lrt,INFEASIBLE,0.5,budget_only,count,INFEASIBLE,INFEASIBLE,INFEASIBLE,INFEASIBLE,INFEASIBLE,INFEASIBLE,INFEASIBLE,INFEASIBLE,INFEASIBLE,INFEASIBLE,INFEASIBLE,INFEASIBLE,INFEASIBLE,INFEASIBLE,INFEASIBLE,INFEASIBLE,INFEASIBLE,INFEASIBLE,INFEASIBLE,INFEASIBLE,INFEASIBLE,INFEASIBLE,INFEASIBLE,,INFEASIBLE,INFEASIBLE,INFEASIBLE,INFEASIBLE,INFEASIBLE,INFEASIBLE,INFEASIBLE,INFEASIBLE,INFEASIBLE,INFEASIBLE,INFEASIBLE,INFEASIBLE,INFEASIBLE,INFEASIBLE,INFEASIBLE,INFEASIBLE,INFEASIBLE,INFEASIBLE,INFEASIBLE,INFEASIBLE,INFEASIBLE,INFEASIBLE,INFEASIBLE,INFEASIBLE,INFEASIBLE,no_trials_in_band
freeze,score_only,cusum_factor_cov_lrt,INFEASIBLE,0.75,budget_only,count,INFEASIBLE,INFEASIBLE,INFEASIBLE,INFEASIBLE,INFEASIBLE,INFEASIBLE,INFEASIBLE,INFEASIBLE,INFEASIBLE,INFEASIBLE,INFEASIBLE,INFEASIBLE,INFEASIBLE,INFEASIBLE,INFEASIBLE,INFEASIBLE,INFEASIBLE,INFEASIBLE,INFEASIBLE,INFEASIBLE,INFEASIBLE,INFEASIBLE,INFEASIBLE,,INFEASIBLE,INFEASIBLE,INFEASIBLE,INFEASIBLE,INFEASIBLE,INFEASIBLE,INFEASIBLE,INFEASIBLE,INFEASIBLE,INFEASIBLE,INFEASIBLE,INFEASIBLE,INFEASIBLE,INFEASIBLE,INFEASIBLE,INFEASIBLE,INFEASIBLE,INFEASIBLE,INFEASIBLE,INFEASIBLE,INFEASIBLE,INFEASIBLE,INFEASIBLE,INFEASIBLE,INFEASIBLE,no_trials_in_band
freeze,score_only,cusum_factor_cov_lrt,INFEASIBLE,1.0,budget_only,count,INFEASIBLE,INFEASIBLE,INFEASIBLE,INFEASIBLE,INFEASIBLE,INFEASIBLE,INFEASIBLE,INFEASIBLE,INFEASIBLE,INFEASIBLE,INFEASIBLE,INFEASIBLE,INFEASIBLE,INFEASIBLE,INFEASIBLE,INFEASIBLE,INFEASIBLE,INFEASIBLE,INFEASIBLE,INFEASIBLE,INFEASIBLE,INFEASIBLE,INFEASIBLE,,INFEASIBLE,INFEASIBLE,INFEASIBLE,INFEASIBLE,INFEASIBLE,INFEASIBLE,INFEASIBLE,INFEASIBLE,INFEASIBLE,INFEASIBLE,INFEASIBLE,INFEASIBLE,INFEASIBLE,INFEASIBLE,INFEASIBLE,INFEASIBLE,INFEASIBLE,INFEASIBLE,INFEASIBLE,INFEASIBLE,INFEASIBLE,INFEASIBLE,INFEASIBLE,INFEASIBLE,INFEASIBLE,no_trials_in_band
freeze,score_only,ewma_coh_resid_t2,1.0,0.0,budget_only,count,0.1,0.15,0.1,30,19,19,19,0.6333333333333333,0.6333333333333333,0.6333333333333333,0.8609271523178809,0.09175670965493203,20.0,0.0,0.0,0.0,0.15789473684210525,0.15789473684210525,0.15789473684210525,0.15789473684210525,0.15789473684210525,0.15789473684210525,0.15789473684210525,4.0,26.0,26.0,26.0,26.0,26.0,26.0,26.0,26.0,26.0,26.0,NA,NA,4.771348902056466,0.8609271523178809,0.09175670965493203,0.04121453227134665,0.4134305099388125,0.8609271523178809,0.09175670965493203,0.0,0.0,0.0,0.0,0.0,OK,
freeze,score_only,ewma_coh_resid_t2,1.0,0.25,budget_only,count,0.1,0.15,0.1,30,19,19,19,0.6333333333333333,0.6333333333333333,0.6333333333333333,0.8609271523178809,0.09175670965493203,20.0,0.10526315789473684,0.0,0.10526315789473684,0.2631578947368421,0.15789473684210525,0.2631578947368421,0.15789473684210525,0.15789473684210525,0.15789473684210525,0.15789473684210525,4.0,26.0,26.0,26.0,26.0,26.0,26.0,26.0,26.0,26.0,26.0,18.0,NA,4.764552108748693,0.8586615545486233,0.09162600209132102,0.04121453227134665,0.4654433480147147,0.8609271523178809,0.09175670965493203,0.006072874493927126,0.0,0.006072874493927126,0.006072874493927126,0.0,OK,
freeze,score_only,ewma_coh_resid_t2,1.0,0.5,budget_only,count,0.1,0.15,0.1,30,19,19,19,0.6333333333333333,0.6333333333333333,0.6333333333333333,0.8609271523178809,0.09175670965493203,20.0,0.10526315789473684,0.0,0.10526315789473684,0.2631578947368421,0.15789473684210525,0.2631578947368421,0.15789473684210525,0.15789473684210525,0.15789473684210525,0.15789473684210525,4.0,26.0,26.0,26.0,26.0,26.0,26.0,26.0,26.0,26.0,26.0,15.0,NA,4.732833739979087,0.8586615545486233,0.09101603346113628,0.04121453227134665,1.2290731671307484,0.8609271523178809,0.09175670965493203,0.008097165991902834,0.0,0.008097165991902834,0.008097165991902834,0.0,OK,
freeze,score_only,ewma_coh_resid_t2,1.0,0.75,budget_only,count,0.1,0.15,0.1,30,19,19,19,0.6333333333333333,0.6333333333333333,0.6333333333333333,0.8609271523178809,0.09175670965493203,20.0,0.21052631578947367,0.0,0.21052631578947367,0.3684210526315789,0.15789473684210525,0.3684210526315789,0.15789473684210525,0.15789473684210525,0.15789473684210525,0.15789473684210525,4.0,26.0,26.0,26.0,26.0,26.0,26.0,26.0,26.0,26.0,26.0,14.0,NA,4.723771348902057,0.854130359010108,0.09084175670965493,0.04121453227134665,2.7433192881509223,0.8609271523178809,0.09175670965493203,0.04655870445344129,0.05263157894736842,0.04655870445344129,0.04655870445344129,0.05263157894736842,OK,
freeze,score_only,ewma_coh_resid_t2,1.0,1.0,budget_only,count,0.1,0.15,0.1,30,19,19,19,0.6333333333333333,0.6333333333333333,0.6333333333333333,0.8609271523178809,0.09175670965493203,20.0,0.3157894736842105,0.0,0.3157894736842105,0.47368421052631576,0.21052631578947367,0.47368421052631576,0.21052631578947367,0.15789473684210525,0.21052631578947367,0.21052631578947367,4.0,26.0,26.0,26.0,26.0,26.0,26.0,26.0,26.0,26.0,26.0,13.5,NA,4.716974555594284,0.8495991634715928,0.09071104914604392,0.04121453227134665,4.945054375414164,0.8609271523178809,0.09175670965493203,0.032388663967611336,0.0,0.032388663967611336,0.032388663967611336,0.0,OK,
freeze,score_only,ewma_coh_resid_t2,INFEASIBLE,0.0,budget_only,count,INFEASIBLE,INFEASIBLE,INFEASIBLE,INFEASIBLE,INFEASIBLE,INFEASIBLE,INFEASIBLE,INFEASIBLE,INFEASIBLE,INFEASIBLE,INFEASIBLE,INFEASIBLE,INFEASIBLE,INFEASIBLE,INFEASIBLE,INFEASIBLE,INFEASIBLE,INFEASIBLE,INFEASIBLE,INFEASIBLE,INFEASIBLE,INFEASIBLE,INFEASIBLE,,INFEASIBLE,INFEASIBLE,INFEASIBLE,INFEASIBLE,INFEASIBLE,INFEASIBLE,INFEASIBLE,INFEASIBLE,INFEASIBLE,INFEASIBLE,INFEASIBLE,INFEASIBLE,INFEASIBLE,INFEASIBLE,INFEASIBLE,INFEASIBLE,INFEASIBLE,INFEASIBLE,INFEASIBLE,INFEASIBLE,INFEASIBLE,INFEASIBLE,INFEASIBLE,INFEASIBLE,INFEASIBLE,no_trials_in_band
freeze,score_only,ewma_coh_resid_t2,INFEASIBLE,0.25,budget_only,count,INFEASIBLE,INFEASIBLE,INFEASIBLE,INFEASIBLE,INFEASIBLE,INFEASIBLE,INFEASIBLE,INFEASIBLE,INFEASIBLE,INFEASIBLE,INFEASIBLE,INFEASIBLE,INFEASIBLE,INFEASIBLE,INFEASIBLE,INFEASIBLE,INFEASIBLE,INFEASIBLE,INFEASIBLE,INFEASIBLE,INFEASIBLE,INFEASIBLE,INFEASIBLE,,INFEASIBLE,INFEASIBLE,INFEASIBLE,INFEASIBLE,INFEASIBLE,INFEASIBLE,INFEASIBLE,INFEASIBLE,INFEASIBLE,INFEASIBLE,INFEASIBLE,INFEASIBLE,INFEASIBLE,INFEASIBLE,INFEASIBLE,INFEASIBLE,INFEASIBLE,INFEASIBLE,INFEASIBLE,INFEASIBLE,INFEASIBLE,INFEASIBLE,INFEASIBLE,INFEASIBLE,INFEASIBLE,no_trials_in_band
freeze,score_only,ewma_coh_resid_t2,INFEASIBLE,0.5,budget_only,count,INFEASIBLE,INFEASIBLE,INFEASIBLE,INFEASIBLE,INFEASIBLE,INFEASIBLE,INFEASIBLE,INFEASIBLE,INFEASIBLE,INFEASIBLE,INFEASIBLE,INFEASIBLE,INFEASIBLE,INFEASIBLE,INFEASIBLE,INFEASIBLE,INFEASIBLE,INFEASIBLE,INFEASIBLE,INFEASIBLE,INFEASIBLE,INFEASIBLE,INFEASIBLE,,INFEASIBLE,INFEASIBLE,INFEASIBLE,INFEASIBLE,INFEASIBLE,INFEASIBLE,INFEASIBLE,INFEASIBLE,INFEASIBLE,INFEASIBLE,INFEASIBLE,INFEASIBLE,INFEASIBLE,INFEASIBLE,INFEASIBLE,INFEASIBLE,INFEASIBLE,INFEASIBLE,INFEASIBLE,INFEASIBLE,INFEASIBLE,INFEASIBLE,INFEASIBLE,INFEASIBLE,INFEASIBLE,no_trials_in_band
freeze,score_only,ewma_coh_resid_t2,INFEASIBLE,0.75,budget_only,count,INFEASIBLE,INFEASIBLE,INFEASIBLE,INFEASIBLE,INFEASIBLE,INFEASIBLE,INFEASIBLE,INFEASIBLE,INFEASIBLE,INFEASIBLE,INFEASIBLE,INFEASIBLE,INFEASIBLE,INFEASIBLE,INFEASIBLE,INFEASIBLE,INFEASIBLE,INFEASIBLE,INFEASIBLE,INFEASIBLE,INFEASIBLE,INFEASIBLE,INFEASIBLE,,INFEASIBLE,INFEASIBLE,INFEASIBLE,INFEASIBLE,INFEASIBLE,INFEASIBLE,INFEASIBLE,INFEASIBLE,INFEASIBLE,INFEASIBLE,INFEASIBLE,INFEASIBLE,INFEASIBLE,INFEASIBLE,INFEASIBLE,INFEASIBLE,INFEASIBLE,INFEASIBLE,INFEASIBLE,INFEASIBLE,INFEASIBLE,INFEASIBLE,INFEASIBLE,INFEASIBLE,INFEASIBLE,no_trials_in_band
freeze,score_only,ewma_coh_resid_t2,INFEASIBLE,1.0,budget_only,count,INFEASIBLE,INFEASIBLE,INFEASIBLE,INFEASIBLE,INFEASIBLE,INFEASIBLE,INFEASIBLE,INFEASIBLE,INFEASIBLE,INFEASIBLE,INFEASIBLE,INFEASIBLE,INFEASIBLE,INFEASIBLE,INFEASIBLE,INFEASIBLE,INFEASIBLE,INFEASIBLE,INFEASIBLE,INFEASIBLE,INFEASIBLE,INFEASIBLE,INFEASIBLE,,INFEASIBLE,INFEASIBLE,INFEASIBLE,INFEASIBLE,INFEASIBLE,INFEASIBLE,INFEASIBLE,INFEASIBLE,INFEASIBLE,INFEASIBLE,INFEASIBLE,INFEASIBLE,INFEASIBLE,INFEASIBLE,INFEASIBLE,INFEASIBLE,INFEASIBLE,INFEASIBLE,INFEASIBLE,INFEASIBLE,INFEASIBLE,INFEASIBLE,INFEASIBLE,INFEASIBLE,INFEASIBLE,no_trials_in_band
freeze,score_only,ewma_factor_cov_lrt,1.0,0.0,budget_only,count,0.1,0.15,0.1,30,30,30,30,1.0,1.0,1.0,1.014459161147903,0.07146799116997792,23.566666666666666,0.4666666666666667,0.4666666666666667,0.0,0.4666666666666667,0.06666666666666667,0.4666666666666667,0.06666666666666667,0.0,0.06666666666666667,0.06666666666666667,4.0,26.0,26.0,26.0,26.0,26.0,26.0,26.0,26.0,26.0,26.0,12.0,12.0,3.7163355408388523,1.014459161147903,0.07146799116997792,0.12699209930326175,0.2427309191528589,1.014459161147903,0.07146799116997792,0.0,0.0,0.0,0.0,0.0,OK,
freeze,score_only,ewma_factor_cov_lrt,1.0,0.25,budget_only,count,0.1,0.15,0.1,30,30,30,30,1.0,1.0,1.0,1.014459161147903,0.07146799116997792,23.566666666666666,0.43333333333333335,0.4666666666666667,-0.033333333333333326,0.43333333333333335,0.06666666666666667,0.43333333333333335,0.06666666666666667,0.0,0.06666666666666667,0.06666666666666667,4.0,26.0,26.0,26.0,26.0,26.0,26.0,26.0,26.0,26.0,26.0,12.0,12.0,3.746467991169978,1.0216335540838852,0.07204746136865345,0.12699209930326175,0.15618695701489801,1.014459161147903,0.07146799116997792,0.026923076923076925,0.02222222222222222,-0.01153846153846154,0.026923076923076925,-0.02222222222222222,OK,
freeze,score_only,ewma_factor_cov_lrt,1.0,0.5,budget_only,count,0.1,0.15,0.1,30,30,30,30,1.0,1.0,1.0,1.014459161147903,0.07146799116997792,23.566666666666666,0.4666666666666667,0.4666666666666667,0.0,0.4666666666666667,0.06666666666666667,0.4666666666666667,0.06666666666666667,0.0,0.06666666666666667,0.06666666666666667,4.0,26.0,26.0,26.0,26.0,26.0,26.0,26.0,26.0,26.0,26.0,11.0,12.0,3.7206401766004418,1.0216335540838852,0.07155077262693157,0.12699209930326175,0.14768948214773372,1.014459161147903,0.07146799116997792,0.044871794871794865,0.06666666666666667,-0.01923076923076923,0.03205128205128205,-0.04444444444444444,OK,
freeze,score_only,ewma_factor_cov_lrt,1.0,0.75,budget_only,count,0.1,0.15,0.1,30,30,30,30,1.0,1.0,1.0,1.014459161147903,0.07146799116997792,23.566666666666666,0.5333333333333333,0.4666666666666667,0.06666666666666665,0.5333333333333333,0.06666666666666667,0.5333333333333333,0.06666666666666667,0.0,0.06666666666666667,0.06666666666666667,4.0,25.0,26.0,25.0,26.0,26.0,26.0,25.0,26.0,25.0,26.0,12.0,12.0,3.71346578366446,1.0158940397350995,0.07141280353200882,0.12699209930326175,0.3182507501657544,1.014459161147903,0.07146799116997792,0.04358974358974359,0.05555555555555555,-0.005128205128205128,0.030769230769230767,-0.05555555555555555,OK,
freeze,score_only,ewma_factor_cov_lrt,1.0,1.0,budget_only,count,0.1,0.15,0.1,30,30,30,30,1.0,1.0,1.0,1.014459161147903,0.07146799116997792,23.566666666666666,0.9333333333333333,0.4666666666666667,0.4666666666666667,0.9666666666666667,0.2,0.9666666666666667,0.2,0.03333333333333333,0.2,0.2,4.0,10.0,26.0,10.0,23.1,26.0,26.0,9.5,22.1,10.0,23.1,9.5,12.0,3.6517660044150113,0.995805739514349,0.07022626931567327,0.12699209930326175,2.418963053211359,1.014459161147903,0.07146799116997792,0.514102564102564,0.3333333333333333,0.5141025641025642,0.5141025641025642,0.2888888888888889,OK,
freeze,score_only,ewma_factor_cov_lrt,INFEASIBLE,0.0,budget_only,count,INFEASIBLE,INFEASIBLE,INFEASIBLE,INFEASIBLE,INFEASIBLE,INFEASIBLE,INFEASIBLE,INFEASIBLE,INFEASIBLE,INFEASIBLE,INFEASIBLE,INFEASIBLE,INFEASIBLE,INFEASIBLE,INFEASIBLE,INFEASIBLE,INFEASIBLE,INFEASIBLE,INFEASIBLE,INFEASIBLE,INFEASIBLE,INFEASIBLE,INFEASIBLE,,INFEASIBLE,INFEASIBLE,INFEASIBLE,INFEASIBLE,INFEASIBLE,INFEASIBLE,INFEASIBLE,INFEASIBLE,INFEASIBLE,INFEASIBLE,INFEASIBLE,INFEASIBLE,INFEASIBLE,INFEASIBLE,INFEASIBLE,INFEASIBLE,INFEASIBLE,INFEASIBLE,INFEASIBLE,INFEASIBLE,INFEASIBLE,INFEASIBLE,INFEASIBLE,INFEASIBLE,INFEASIBLE,no_trials_in_band
freeze,score_only,ewma_factor_cov_lrt,INFEASIBLE,0.25,budget_only,count,INFEASIBLE,INFEASIBLE,INFEASIBLE,INFEASIBLE,INFEASIBLE,INFEASIBLE,INFEASIBLE,INFEASIBLE,INFEASIBLE,INFEASIBLE,INFEASIBLE,INFEASIBLE,INFEASIBLE,INFEASIBLE,INFEASIBLE,INFEASIBLE,INFEASIBLE,INFEASIBLE,INFEASIBLE,INFEASIBLE,INFEASIBLE,INFEASIBLE,INFEASIBLE,,INFEASIBLE,INFEASIBLE,INFEASIBLE,INFEASIBLE,INFEASIBLE,INFEASIBLE,INFEASIBLE,INFEASIBLE,INFEASIBLE,INFEASIBLE,INFEASIBLE,INFEASIBLE,INFEASIBLE,INFEASIBLE,INFEASIBLE,INFEASIBLE,INFEASIBLE,INFEASIBLE,INFEASIBLE,INFEASIBLE,INFEASIBLE,INFEASIBLE,INFEASIBLE,INFEASIBLE,INFEASIBLE,no_trials_in_band
freeze,score_only,ewma_factor_cov_lrt,INFEASIBLE,0.5,budget_only,count,INFEASIBLE,INFEASIBLE,INFEASIBLE,INFEASIBLE,INFEASIBLE,INFEASIBLE,INFEASIBLE,INFEASIBLE,INFEASIBLE,INFEASIBLE,INFEASIBLE,INFEASIBLE,INFEASIBLE,INFEASIBLE,INFEASIBLE,INFEASIBLE,INFEASIBLE,INFEASIBLE,INFEASIBLE,INFEASIBLE,INFEASIBLE,INFEASIBLE,INFEASIBLE,,INFEASIBLE,INFEASIBLE,INFEASIBLE,INFEASIBLE,INFEASIBLE,INFEASIBLE,INFEASIBLE,INFEASIBLE,INFEASIBLE,INFEASIBLE,INFEASIBLE,INFEASIBLE,INFEASIBLE,INFEASIBLE,INFEASIBLE,INFEASIBLE,INFEASIBLE,INFEASIBLE,INFEASIBLE,INFEASIBLE,INFEASIBLE,INFEASIBLE,INFEASIBLE,INFEASIBLE,INFEASIBLE,no_trials_in_band
freeze,score_only,ewma_factor_cov_lrt,INFEASIBLE,0.75,budget_only,count,INFEASIBLE,INFEASIBLE,INFEASIBLE,INFEASIBLE,INFEASIBLE,INFEASIBLE,INFEASIBLE,INFEASIBLE,INFEASIBLE,INFEASIBLE,INFEASIBLE,INFEASIBLE,INFEASIBLE,INFEASIBLE,INFEASIBLE,INFEASIBLE,INFEASIBLE,INFEASIBLE,INFEASIBLE,INFEASIBLE,INFEASIBLE,INFEASIBLE,INFEASIBLE,,INFEASIBLE,INFEASIBLE,INFEASIBLE,INFEASIBLE,INFEASIBLE,INFEASIBLE,INFEASIBLE,INFEASIBLE,INFEASIBLE,INFEASIBLE,INFEASIBLE,INFEASIBLE,INFEASIBLE,INFEASIBLE,INFEASIBLE,INFEASIBLE,INFEASIBLE,INFEASIBLE,INFEASIBLE,INFEASIBLE,INFEASIBLE,INFEASIBLE,INFEASIBLE,INFEASIBLE,INFEASIBLE,no_trials_in_band
freeze,score_only,ewma_factor_cov_lrt,INFEASIBLE,1.0,budget_only,count,INFEASIBLE,INFEASIBLE,INFEASIBLE,INFEASIBLE,INFEASIBLE,INFEASIBLE,INFEASIBLE,INFEASIBLE,INFEASIBLE,INFEASIBLE,INFEASIBLE,INFEASIBLE,INFEASIBLE,INFEASIBLE,INFEASIBLE,INFEASIBLE,INFEASIBLE,INFEASIBLE,INFEASIBLE,INFEASIBLE,INFEASIBLE,INFEASIBLE,INFEASIBLE,,INFEASIBLE,INFEASIBLE,INFEASIBLE,INFEASIBLE,INFEASIBLE,INFEASIBLE,INFEASIBLE,INFEASIBLE,INFEASIBLE,INFEASIBLE,INFEASIBLE,INFEASIBLE,INFEASIBLE,INFEASIBLE,INFEASIBLE,INFEASIBLE,INFEASIBLE,INFEASIBLE,INFEASIBLE,INFEASIBLE,INFEASIBLE,INFEASIBLE,INFEASIBLE,INFEASIBLE,INFEASIBLE,no_trials_in_band
freeze,score_only,factor_cov_change,1.0,0.0,budget_only,count,0.1,0.15,0.1,30,30,30,30,1.0,1.0,1.0,0.9714128035320092,0.055849889624724064,22.566666666666666,0.4666666666666667,0.4666666666666667,0.0,0.4666666666666667,0.13333333333333333,0.4666666666666667,0.13333333333333333,0.0,0.13333333333333333,0.13333333333333333,4.0,26.0,26.0,26.0,26.0,26.0,26.0,26.0,26.0,26.0,26.0,8.0,8.0,2.9041942604856517,0.9714128035320092,0.055849889624724064,0.09142781782314015,0.024521977028071625,0.9714128035320092,0.055849889624724064,0.0,0.0,0.0,0.0,0.0,OK,
freeze,score_only,factor_cov_change,1.0,0.25,budget_only,count,0.1,0.15,0.1,30,30,30,30,1.0,1.0,1.0,0.9714128035320092,0.055849889624724064,22.566666666666666,0.26666666666666666,0.4666666666666667,-0.2,0.26666666666666666,0.06666666666666667,0.26666666666666666,0.06666666666666667,0.0,0.06666666666666667,0.06666666666666667,4.0,26.0,26.0,26.0,26.0,26.0,26.0,26.0,26.0,26.0,26.0,13.0,8.0,2.9113686534216336,0.9728476821192056,0.05598785871964681,0.09142781782314015,-0.25276919288629335,0.9714128035320092,0.055849889624724064,0.05641025641025642,0.04444444444444444,-0.038461538461538464,0.04615384615384615,-1.8503717077085942e-18,OK,
freeze,score_only,factor_cov_change,1.0,0.5,budget_only,count,0.1,0.15,0.1,30,30,30,30,1.0,1.0,1.0,0.9714128035320092,0.055849889624724064,22.566666666666666,0.03333333333333333,0.4666666666666667,-0.43333333333333335,0.06666666666666667,0.06666666666666667,0.06666666666666667,0.06666666666666667,0.03333333333333333,0.06666666666666667,0.06666666666666667,4.0,26.0,26.0,26.0,26.0,26.0,26.0,26.0,26.0,26.0,26.0,0.0,8.0,2.942935982339956,0.9828918322295809,0.056594922737306846,0.09142781782314015,-0.4615212085950483,0.9714128035320092,0.055849889624724064,0.05897435897435898,0.06666666666666667,-0.056410256410256425,0.05897435897435898,-0.022222222222222223,OK,
freeze,score_only,factor_cov_change,1.0,0.75,budget_only,count,0.1,0.15,0.1,30,30,30,30,1.0,1.0,1.0,0.9714128035320092,0.055849889624724064,22.566666666666666,0.1,0.4666666666666667,-0.3666666666666667,0.13333333333333333,0.13333333333333333,0.13333333333333333,0.13333333333333333,0.03333333333333333,0.13333333333333333,0.13333333333333333,4.0,26.0,26.0,26.0,26.0,26.0,26.0,26.0,26.0,26.0,26.0,0.0,8.0,2.9415011037527594,0.9814569536423843,0.05656732891832229,0.09142781782314015,-0.5962282045351864,0.9714128035320092,0.055849889624724064,0.06410256410256411,0.06666666666666667,-0.04871794871794873,0.06153846153846155,-0.022222222222222223,OK,
freeze,score_only,factor_cov_change,1.0,1.0,budget_only,count,0.1,0.15,0.1,30,30,30,30,1.0,1.0,1.0,0.9714128035320092,0.055849889624724064,22.566666666666666,0.06666666666666667,0.4666666666666667,-0.4,0.1,0.1,0.1,0.1,0.03333333333333333,0.1,0.1,4.0,26.0,26.0,26.0,26.0,26.0,26.0,26.0,26.0,26.0,26.0,0.5,8.0,2.9443708609271524,0.9800220750551879,0.05662251655629139,0.09142781782314015,-0.6419919877253256,0.9714128035320092,0.055849889624724064,0.06410256410256412,0.08888888888888888,-0.04615384615384616,0.06153846153846155,-3.7007434154171884e-18,OK,
freeze,score_only,factor_cov_change,INFEASIBLE,0.0,budget_only,count,INFEASIBLE,INFEASIBLE,INFEASIBLE,INFEASIBLE,INFEASIBLE,INFEASIBLE,INFEASIBLE,INFEASIBLE,INFEASIBLE,INFEASIBLE,INFEASIBLE,INFEASIBLE,INFEASIBLE,INFEASIBLE,INFEASIBLE,INFEASIBLE,INFEASIBLE,INFEASIBLE,INFEASIBLE,INFEASIBLE,INFEASIBLE,INFEASIBLE,INFEASIBLE,,INFEASIBLE,INFEASIBLE,INFEASIBLE,INFEASIBLE,INFEASIBLE,INFEASIBLE,INFEASIBLE,INFEASIBLE,INFEASIBLE,INFEASIBLE,INFEASIBLE,INFEASIBLE,INFEASIBLE,INFEASIBLE,INFEASIBLE,INFEASIBLE,INFEASIBLE,INFEASIBLE,INFEASIBLE,INFEASIBLE,INFEASIBLE,INFEASIBLE,INFEASIBLE,INFEASIBLE,INFEASIBLE,no_trials_in_band
freeze,score_only,factor_cov_change,INFEASIBLE,0.25,budget_only,count,INFEASIBLE,INFEASIBLE,INFEASIBLE,INFEASIBLE,INFEASIBLE,INFEASIBLE,INFEASIBLE,INFEASIBLE,INFEASIBLE,INFEASIBLE,INFEASIBLE,INFEASIBLE,INFEASIBLE,INFEASIBLE,INFEASIBLE,INFEASIBLE,INFEASIBLE,INFEASIBLE,INFEASIBLE,INFEASIBLE,INFEASIBLE,INFEASIBLE,INFEASIBLE,,INFEASIBLE,INFEASIBLE,INFEASIBLE,INFEASIBLE,INFEASIBLE,INFEASIBLE,INFEASIBLE,INFEASIBLE,INFEASIBLE,INFEASIBLE,INFEASIBLE,INFEASIBLE,INFEASIBLE,INFEASIBLE,INFEASIBLE,INFEASIBLE,INFEASIBLE,INFEASIBLE,INFEASIBLE,INFEASIBLE,INFEASIBLE,INFEASIBLE,INFEASIBLE,INFEASIBLE,INFEASIBLE,no_trials_in_band
freeze,score_only,factor_cov_change,INFEASIBLE,0.5,budget_only,count,INFEASIBLE,INFEASIBLE,INFEASIBLE,INFEASIBLE,INFEASIBLE,INFEASIBLE,INFEASIBLE,INFEASIBLE,INFEASIBLE,INFEASIBLE,INFEASIBLE,INFEASIBLE,INFEASIBLE,INFEASIBLE,INFEASIBLE,INFEASIBLE,INFEASIBLE,INFEASIBLE,INFEASIBLE,INFEASIBLE,INFEASIBLE,INFEASIBLE,INFEASIBLE,,INFEASIBLE,INFEASIBLE,INFEASIBLE,INFEASIBLE,INFEASIBLE,INFEASIBLE,INFEASIBLE,INFEASIBLE,INFEASIBLE,INFEASIBLE,INFEASIBLE,INFEASIBLE,INFEASIBLE,INFEASIBLE,INFEASIBLE,INFEASIBLE,INFEASIBLE,INFEASIBLE,INFEASIBLE,INFEASIBLE,INFEASIBLE,INFEASIBLE,INFEASIBLE,INFEASIBLE,INFEASIBLE,no_trials_in_band
freeze,score_only,factor_cov_change,INFEASIBLE,0.75,budget_only,count,INFEASIBLE,INFEASIBLE,INFEASIBLE,INFEASIBLE,INFEASIBLE,INFEASIBLE,INFEASIBLE,INFEASIBLE,INFEASIBLE,INFEASIBLE,INFEASIBLE,INFEASIBLE,INFEASIBLE,INFEASIBLE,INFEASIBLE,INFEASIBLE,INFEASIBLE,INFEASIBLE,INFEASIBLE,INFEASIBLE,INFEASIBLE,INFEASIBLE,INFEASIBLE,,INFEASIBLE,INFEASIBLE,INFEASIBLE,INFEASIBLE,INFEASIBLE,INFEASIBLE,INFEASIBLE,INFEASIBLE,INFEASIBLE,INFEASIBLE,INFEASIBLE,INFEASIBLE,INFEASIBLE,INFEASIBLE,INFEASIBLE,INFEASIBLE,INFEASIBLE,INFEASIBLE,INFEASIBLE,INFEASIBLE,INFEASIBLE,INFEASIBLE,INFEASIBLE,INFEASIBLE,INFEASIBLE,no_trials_in_band
freeze,score_only,factor_cov_change,INFEASIBLE,1.0,budget_only,count,INFEASIBLE,INFEASIBLE,INFEASIBLE,INFEASIBLE,INFEASIBLE,INFEASIBLE,INFEASIBLE,INFEASIBLE,INFEASIBLE,INFEASIBLE,INFEASIBLE,INFEASIBLE,INFEASIBLE,INFEASIBLE,INFEASIBLE,INFEASIBLE,INFEASIBLE,INFEASIBLE,INFEASIBLE,INFEASIBLE,INFEASIBLE,INFEASIBLE,INFEASIBLE,,INFEASIBLE,INFEASIBLE,INFEASIBLE,INFEASIBLE,INFEASIBLE,INFEASIBLE,INFEASIBLE,INFEASIBLE,INFEASIBLE,INFEASIBLE,INFEASIBLE,INFEASIBLE,INFEASIBLE,INFEASIBLE,INFEASIBLE,INFEASIBLE,INFEASIBLE,INFEASIBLE,INFEASIBLE,INFEASIBLE,INFEASIBLE,INFEASIBLE,INFEASIBLE,INFEASIBLE,INFEASIBLE,no_trials_in_band
freeze,score_only,factor_cov_delta,1.0,0.0,budget_only,count,0.1,0.15,0.1,30,30,30,30,1.0,1.0,1.0,0.9699779249448125,0.018653421633554088,22.533333333333335,0.4666666666666667,0.4666666666666667,0.0,0.4666666666666667,0.03333333333333333,0.4666666666666667,0.03333333333333333,0.0,0.03333333333333333,0.03333333333333333,4.0,26.0,26.0,26.0,26.0,26.0,26.0,26.0,26.0,26.0,26.0,9.5,9.5,0.9699779249448125,0.9699779249448125,0.018653421633554088,0.015593327187977506,0.013604971861811628,0.9699779249448125,0.018653421633554088,0.0,0.0,0.0,0.0,0.0,OK,
freeze,score_only,factor_cov_delta,1.0,0.25,budget_only,count,0.1,0.15,0.1,30,30,30,30,1.0,1.0,1.0,0.9699779249448125,0.018653421633554088,22.533333333333335,0.1,0.4666666666666667,-0.3666666666666667,0.1,0.03333333333333333,0.1,0.03333333333333333,0.0,0.03333333333333333,0.03333333333333333,4.0,26.0,26.0,26.0,26.0,26.0,26.0,26.0,26.0,26.0,26.0,11.0,9.5,0.9857615894039736,0.9828918322295805,0.01895695364238411,0.015593327187977506,-0.009817142050771365,0.9699779249448125,0.018653421633554088,0.019230769230769232,0.01111111111111111,-0.014102564102564101,0.014102564102564101,0.01111111111111111,OK,
freeze,score_only,factor_cov_delta,1.0,0.5,budget_only,count,0.1,0.15,0.1,30,30,30,30,1.0,1.0,1.0,0.9699779249448125,0.018653421633554088,22.533333333333335,0.03333333333333333,0.4666666666666667,-0.43333333333333335,0.03333333333333333,0.03333333333333333,0.03333333333333333,0.03333333333333333,0.0,0.03333333333333333,0.03333333333333333,4.0,26.0,26.0,26.0,26.0,26.0,26.0,26.0,26.0,26.0,26.0,2.0,9.5,0.9886313465783665,0.9857615894039736,0.019012141280353206,0.015593327187977506,-0.06594661249336692,0.9699779249448125,0.018653421633554088,0.016666666666666666,0.02222222222222222,-0.016666666666666666,0.016666666666666666,0.02222222222222222,OK,
freeze,score_only,factor_cov_delta,1.0,0.75,budget_only,count,0.1,0.15,0.1,30,30,30,30,1.0,1.0,1.0,0.9699779249448125,0.018653421633554088,22.533333333333335,0.03333333333333333,0.4666666666666667,-0.43333333333333335,0.03333333333333333,0.03333333333333333,0.03333333333333333,0.03333333333333333,0.0,0.03333333333333333,0.03333333333333333,4.0,26.0,26.0,26.0,26.0,26.0,26.0,26.0,26.0,26.0,26.0,2.0,9.5,0.9886313465783665,0.9857615894039736,0.019012141280353206,0.015593327187977506,-0.11383259428025409,0.9699779249448125,0.018653421633554088,0.016666666666666666,0.02222222222222222,-0.016666666666666666,0.016666666666666666,0.02222222222222222,OK,
freeze,score_only,factor_cov_delta,1.0,1.0,budget_only,count,0.1,0.15,0.1,30,30,30,30,1.0,1.0,1.0,0.9699779249448125,0.018653421633554088,22.533333333333335,0.06666666666666667,0.4666666666666667,-0.4,0.06666666666666667,0.06666666666666667,0.06666666666666667,0.06666666666666667,0.0,0.06666666666666667,0.06666666666666667,4.0,26.0,26.0,26.0,26.0,26.0,26.0,26.0,26.0,26.0,26.0,3.0,9.5,0.9886313465783665,0.9871964679911701,0.019012141280353206,0.015593327187977506,-0.12670105011714947,0.9699779249448125,0.018653421633554088,0.017948717948717947,0.02222222222222222,-0.015384615384615382,0.015384615384615382,0.02222222222222222,OK,
freeze,score_only,factor_cov_delta,INFEASIBLE,0.0,budget_only,count,INFEASIBLE,INFEASIBLE,INFEASIBLE,INFEASIBLE,INFEASIBLE,INFEASIBLE,INFEASIBLE,INFEASIBLE,INFEASIBLE,INFEASIBLE,INFEASIBLE,INFEASIBLE,INFEASIBLE,INFEASIBLE,INFEASIBLE,INFEASIBLE,INFEASIBLE,INFEASIBLE,INFEASIBLE,INFEASIBLE,INFEASIBLE,INFEASIBLE,INFEASIBLE,,INFEASIBLE,INFEASIBLE,INFEASIBLE,INFEASIBLE,INFEASIBLE,INFEASIBLE,INFEASIBLE,INFEASIBLE,INFEASIBLE,INFEASIBLE,INFEASIBLE,INFEASIBLE,INFEASIBLE,INFEASIBLE,INFEASIBLE,INFEASIBLE,INFEASIBLE,INFEASIBLE,INFEASIBLE,INFEASIBLE,INFEASIBLE,INFEASIBLE,INFEASIBLE,INFEASIBLE,INFEASIBLE,no_trials_in_band
freeze,score_only,factor_cov_delta,INFEASIBLE,0.25,budget_only,count,INFEASIBLE,INFEASIBLE,INFEASIBLE,INFEASIBLE,INFEASIBLE,INFEASIBLE,INFEASIBLE,INFEASIBLE,INFEASIBLE,INFEASIBLE,INFEASIBLE,INFEASIBLE,INFEASIBLE,INFEASIBLE,INFEASIBLE,INFEASIBLE,INFEASIBLE,INFEASIBLE,INFEASIBLE,INFEASIBLE,INFEASIBLE,INFEASIBLE,INFEASIBLE,,INFEASIBLE,INFEASIBLE,INFEASIBLE,INFEASIBLE,INFEASIBLE,INFEASIBLE,INFEASIBLE,INFEASIBLE,INFEASIBLE,INFEASIBLE,INFEASIBLE,INFEASIBLE,INFEASIBLE,INFEASIBLE,INFEASIBLE,INFEASIBLE,INFEASIBLE,INFEASIBLE,INFEASIBLE,INFEASIBLE,INFEASIBLE,INFEASIBLE,INFEASIBLE,INFEASIBLE,INFEASIBLE,no_trials_in_band
freeze,score_only,factor_cov_delta,INFEASIBLE,0.5,budget_only,count,INFEASIBLE,INFEASIBLE,INFEASIBLE,INFEASIBLE,INFEASIBLE,INFEASIBLE,INFEASIBLE,INFEASIBLE,INFEASIBLE,INFEASIBLE,INFEASIBLE,INFEASIBLE,INFEASIBLE,INFEASIBLE,INFEASIBLE,INFEASIBLE,INFEASIBLE,INFEASIBLE,INFEASIBLE,INFEASIBLE,INFEASIBLE,INFEASIBLE,INFEASIBLE,,INFEASIBLE,INFEASIBLE,INFEASIBLE,INFEASIBLE,INFEASIBLE,INFEASIBLE,INFEASIBLE,INFEASIBLE,INFEASIBLE,INFEASIBLE,INFEASIBLE,INFEASIBLE,INFEASIBLE,INFEASIBLE,INFEASIBLE,INFEASIBLE,INFEASIBLE,INFEASIBLE,INFEASIBLE,INFEASIBLE,INFEASIBLE,INFEASIBLE,INFEASIBLE,INFEASIBLE,INFEASIBLE,no_trials_in_band
freeze,score_only,factor_cov_delta,INFEASIBLE,0.75,budget_only,count,INFEASIBLE,INFEASIBLE,INFEASIBLE,INFEASIBLE,INFEASIBLE,INFEASIBLE,INFEASIBLE,INFEASIBLE,INFEASIBLE,INFEASIBLE,INFEASIBLE,INFEASIBLE,INFEASIBLE,INFEASIBLE,INFEASIBLE,INFEASIBLE,INFEASIBLE,INFEASIBLE,INFEASIBLE,INFEASIBLE,INFEASIBLE,INFEASIBLE,INFEASIBLE,,INFEASIBLE,INFEASIBLE,INFEASIBLE,INFEASIBLE,INFEASIBLE,INFEASIBLE,INFEASIBLE,INFEASIBLE,INFEASIBLE,INFEASIBLE,INFEASIBLE,INFEASIBLE,INFEASIBLE,INFEASIBLE,INFEASIBLE,INFEASIBLE,INFEASIBLE,INFEASIBLE,INFEASIBLE,INFEASIBLE,INFEASIBLE,INFEASIBLE,INFEASIBLE,INFEASIBLE,INFEASIBLE,no_trials_in_band
freeze,score_only,factor_cov_delta,INFEASIBLE,1.0,budget_only,count,INFEASIBLE,INFEASIBLE,INFEASIBLE,INFEASIBLE,INFEASIBLE,INFEASIBLE,INFEASIBLE,INFEASIBLE,INFEASIBLE,INFEASIBLE,INFEASIBLE,INFEASIBLE,INFEASIBLE,INFEASIBLE,INFEASIBLE,INFEASIBLE,INFEASIBLE,INFEASIBLE,INFEASIBLE,INFEASIBLE,INFEASIBLE,INFEASIBLE,INFEASIBLE,,INFEASIBLE,INFEASIBLE,INFEASIBLE,INFEASIBLE,INFEASIBLE,INFEASIBLE,INFEASIBLE,INFEASIBLE,INFEASIBLE,INFEASIBLE,INFEASIBLE,INFEASIBLE,INFEASIBLE,INFEASIBLE,INFEASIBLE,INFEASIBLE,INFEASIBLE,INFEASIBLE,INFEASIBLE,INFEASIBLE,INFEASIBLE,INFEASIBLE,INFEASIBLE,INFEASIBLE,INFEASIBLE,no_trials_in_band
freeze,score_only,factor_cov_lrt,1.0,0.0,budget_only,count,0.1,0.15,0.1,30,30,30,30,1.0,1.0,1.0,0.9742825607064021,0.0975717439293598,22.633333333333333,0.43333333333333335,0.43333333333333335,0.0,0.5333333333333333,0.16666666666666666,0.5333333333333333,0.16666666666666666,0.1,0.16666666666666666,0.16666666666666666,4.0,26.0,26.0,26.0,26.0,26.0,26.0,23.5,26.0,26.0,26.0,8.0,8.0,5.07373068432671,0.9742825607064021,0.0975717439293598,0.24222861062157472,-0.06327563341274908,0.9742825607064021,0.0975717439293598,0.0,0.0,0.0,0.0,0.0,OK,
freeze,score_only,factor_cov_lrt,1.0,0.25,budget_only,count,0.1,0.15,0.1,30,30,30,30,1.0,1.0,1.0,0.9742825607064021,0.0975717439293598,22.633333333333333,0.43333333333333335,0.43333333333333335,0.0,0.5666666666666667,0.23333333333333334,0.5666666666666667,0.23333333333333334,0.13333333333333333,0.23333333333333334,0.23333333333333334,4.0,26.0,26.0,26.0,26.0,26.0,26.0,24.0,26.0,26.0,26.0,11.0,8.0,5.139735099337748,0.9771523178807949,0.098841059602649,0.24222861062157472,-0.044083397297660865,0.9742825607064021,0.0975717439293598,0.05256410256410256,0.12222222222222223,-0.021794871794871797,0.04743589743589743,0.011111111111111115,OK,
freeze,score_only,factor_cov_lrt,1.0,0.5,budget_only,count,0.1,0.15,0.1,30,30,30,30,1.0,1.0,1.0,0.9742825607064021,0.0975717439293598,22.633333333333333,0.43333333333333335,0.43333333333333335,0.0,0.5666666666666667,0.23333333333333334,0.5666666666666667,0.23333333333333334,0.13333333333333333,0.23333333333333334,0.23333333333333334,4.0,26.0,26.0,26.0,26.0,26.0,26.0,24.5,26.0,26.0,26.0,11.0,8.0,5.178476821192053,0.9771523178807949,0.09958609271523176,0.24222861062157472,-0.07255878531268496,0.9742825607064021,0.0975717439293598,0.057692307692307696,0.16666666666666666,-0.008974358974358972,0.05,0.07777777777777778,OK,
freeze,score_only,factor_cov_lrt,1.0,0.75,budget_only,count,0.1,0.15,0.1,30,30,30,30,1.0,1.0,1.0,0.9742825607064021,0.0975717439293598,22.633333333333333,0.43333333333333335,0.43333333333333335,0.0,0.5333333333333333,0.2,0.5333333333333333,0.2,0.1,0.2,0.2,4.0,26.0,26.0,26.0,26.0,26.0,26.0,24.0,26.0,26.0,26.0,11.0,8.0,5.1626931567328915,0.9771523178807949,0.09928256070640172,0.24222861062157472,0.007536847729715986,0.9742825607064021,0.0975717439293598,0.08974358974358974,0.14444444444444446,-0.030769230769230767,0.08205128205128204,0.011111111111111112,OK,
freeze,score_only,factor_cov_lrt,1.0,1.0,budget_only,count,0.1,0.15,0.1,30,30,30,30,1.0,1.0,1.0,0.9742825607064021,0.0975717439293598,22.633333333333333,0.43333333333333335,0.43333333333333335,0.0,0.5666666666666667,0.23333333333333334,0.5666666666666667,0.23333333333333334,0.13333333333333333,0.23333333333333334,0.23333333333333334,4.0,26.0,26.0,26.0,26.0,26.0,26.0,23.0,26.0,26.0,26.0,11.0,8.0,5.072295805739515,0.968543046357616,0.09754415011037526,0.24222861062157472,0.36934635022841006,0.9742825607064021,0.0975717439293598,0.1076923076923077,0.24444444444444444,0.08974358974358973,0.10256410256410257,0.06666666666666667,OK,
freeze,score_only,factor_cov_lrt,INFEASIBLE,0.0,budget_only,count,INFEASIBLE,INFEASIBLE,INFEASIBLE,INFEASIBLE,INFEASIBLE,INFEASIBLE,INFEASIBLE,INFEASIBLE,INFEASIBLE,INFEASIBLE,INFEASIBLE,INFEASIBLE,INFEASIBLE,INFEASIBLE,INFEASIBLE,INFEASIBLE,INFEASIBLE,INFEASIBLE,INFEASIBLE,INFEASIBLE,INFEASIBLE,INFEASIBLE,INFEASIBLE,,INFEASIBLE,INFEASIBLE,INFEASIBLE,INFEASIBLE,INFEASIBLE,INFEASIBLE,INFEASIBLE,INFEASIBLE,INFEASIBLE,INFEASIBLE,INFEASIBLE,INFEASIBLE,INFEASIBLE,INFEASIBLE,INFEASIBLE,INFEASIBLE,INFEASIBLE,INFEASIBLE,INFEASIBLE,INFEASIBLE,INFEASIBLE,INFEASIBLE,INFEASIBLE,INFEASIBLE,INFEASIBLE,no_trials_in_band
freeze,score_only,factor_cov_lrt,INFEASIBLE,0.25,budget_only,count,INFEASIBLE,INFEASIBLE,INFEASIBLE,INFEASIBLE,INFEASIBLE,INFEASIBLE,INFEASIBLE,INFEASIBLE,INFEASIBLE,INFEASIBLE,INFEASIBLE,INFEASIBLE,INFEASIBLE,INFEASIBLE,INFEASIBLE,INFEASIBLE,INFEASIBLE,INFEASIBLE,INFEASIBLE,INFEASIBLE,INFEASIBLE,INFEASIBLE,INFEASIBLE,,INFEASIBLE,INFEASIBLE,INFEASIBLE,INFEASIBLE,INFEASIBLE,INFEASIBLE,INFEASIBLE,INFEASIBLE,INFEASIBLE,INFEASIBLE,INFEASIBLE,INFEASIBLE,INFEASIBLE,INFEASIBLE,INFEASIBLE,INFEASIBLE,INFEASIBLE,INFEASIBLE,INFEASIBLE,INFEASIBLE,INFEASIBLE,INFEASIBLE,INFEASIBLE,INFEASIBLE,INFEASIBLE,no_trials_in_band
freeze,score_only,factor_cov_lrt,INFEASIBLE,0.5,budget_only,count,INFEASIBLE,INFEASIBLE,INFEASIBLE,INFEASIBLE,INFEASIBLE,INFEASIBLE,INFEASIBLE,INFEASIBLE,INFEASIBLE,INFEASIBLE,INFEASIBLE,INFEASIBLE,INFEASIBLE,INFEASIBLE,INFEASIBLE,INFEASIBLE,INFEASIBLE,INFEASIBLE,INFEASIBLE,INFEASIBLE,INFEASIBLE,INFEASIBLE,INFEASIBLE,,INFEASIBLE,INFEASIBLE,INFEASIBLE,INFEASIBLE,INFEASIBLE,INFEASIBLE,INFEASIBLE,INFEASIBLE,INFEASIBLE,INFEASIBLE,INFEASIBLE,INFEASIBLE,INFEASIBLE,INFEASIBLE,INFEASIBLE,INFEASIBLE,INFEASIBLE,INFEASIBLE,INFEASIBLE,INFEASIBLE,INFEASIBLE,INFEASIBLE,INFEASIBLE,INFEASIBLE,INFEASIBLE,no_trials_in_band
freeze,score_only,factor_cov_lrt,INFEASIBLE,0.75,budget_only,count,INFEASIBLE,INFEASIBLE,INFEASIBLE,INFEASIBLE,INFEASIBLE,INFEASIBLE,INFEASIBLE,INFEASIBLE,INFEASIBLE,INFEASIBLE,INFEASIBLE,INFEASIBLE,INFEASIBLE,INFEASIBLE,INFEASIBLE,INFEASIBLE,INFEASIBLE,INFEASIBLE,INFEASIBLE,INFEASIBLE,INFEASIBLE,INFEASIBLE,INFEASIBLE,,INFEASIBLE,INFEASIBLE,INFEASIBLE,INFEASIBLE,INFEASIBLE,INFEASIBLE,INFEASIBLE,INFEASIBLE,INFEASIBLE,INFEASIBLE,INFEASIBLE,INFEASIBLE,INFEASIBLE,INFEASIBLE,INFEASIBLE,INFEASIBLE,INFEASIBLE,INFEASIBLE,INFEASIBLE,INFEASIBLE,INFEASIBLE,INFEASIBLE,INFEASIBLE,INFEASIBLE,INFEASIBLE,no_trials_in_band
freeze,score_only,factor_cov_lrt,INFEASIBLE,1.0,budget_only,count,INFEASIBLE,INFEASIBLE,INFEASIBLE,INFEASIBLE,INFEASIBLE,INFEASIBLE,INFEASIBLE,INFEASIBLE,INFEASIBLE,INFEASIBLE,INFEASIBLE,INFEASIBLE,INFEASIBLE,INFEASIBLE,INFEASIBLE,INFEASIBLE,INFEASIBLE,INFEASIBLE,INFEASIBLE,INFEASIBLE,INFEASIBLE,INFEASIBLE,INFEASIBLE,,INFEASIBLE,INFEASIBLE,INFEASIBLE,INFEASIBLE,INFEASIBLE,INFEASIBLE,INFEASIBLE,INFEASIBLE,INFEASIBLE,INFEASIBLE,INFEASIBLE,INFEASIBLE,INFEASIBLE,INFEASIBLE,INFEASIBLE,INFEASIBLE,INFEASIBLE,INFEASIBLE,INFEASIBLE,INFEASIBLE,INFEASIBLE,INFEASIBLE,INFEASIBLE,INFEASIBLE,INFEASIBLE,no_trials_in_band
freeze,score_only,factor_cov_lrt_delta,1.0,0.0,budget_only,count,0.1,0.15,0.1,30,30,30,30,1.0,1.0,1.0,1.0115894039735098,0.021054083885209716,23.5,0.5,0.5,0.0,0.5,0.06666666666666667,0.5,0.06666666666666667,0.0,0.06666666666666667,0.06666666666666667,4.0,25.5,25.5,25.5,26.0,25.5,26.0,25.5,26.0,25.5,26.0,15.0,15.0,1.094812362030905,1.0115894039735098,0.021054083885209716,0.020294593204858803,0.2691935383443128,1.0115894039735098,0.021054083885209716,0.0,0.0,0.0,0.0,0.0,OK,
freeze,score_only,factor_cov_lrt_delta,1.0,0.25,budget_only,count,0.1,0.15,0.1,30,30,30,30,1.0,1.0,1.0,1.0115894039735098,0.021054083885209716,23.5,0.43333333333333335,0.5,-0.06666666666666665,0.43333333333333335,0.1,0.43333333333333335,0.1,0.0,0.1,0.1,4.0,26.0,25.5,26.0,26.0,25.5,26.0,26.0,26.0,26.0,26.0,15.0,15.0,1.0976821192052981,1.0130242825607063,0.021109271523178808,0.020294593204858803,0.052880373870760514,1.0115894039735098,0.021054083885209716,0.01794871794871795,0.0,-0.002564102564102564,0.005128205128205128,0.0,OK,
freeze,score_only,factor_cov_lrt_delta,1.0,0.5,budget_only,count,0.1,0.15,0.1,30,30,30,30,1.0,1.0,1.0,1.0115894039735098,0.021054083885209716,23.5,0.36666666666666664,0.5,-0.13333333333333336,0.36666666666666664,0.1,0.36666666666666664,0.1,0.0,0.1,0.1,4.0,26.0,25.5,26.0,26.0,25.5,26.0,26.0,26.0,26.0,26.0,13.0,15.0,1.1034216335540838,1.0158940397350993,0.021219646799117,0.020294593204858803,0.05654239985977942,1.0115894039735098,0.021054083885209716,0.015384615384615385,0.01111111111111111,-0.005128205128205128,0.012820512820512822,0.01111111111111111,OK,
freeze,score_only,factor_cov_lrt_delta,1.0,0.75,budget_only,count,0.1,0.15,0.1,30,30,30,30,1.0,1.0,1.0,1.0115894039735098,0.021054083885209716,23.5,0.3,0.5,-0.2,0.3,0.06666666666666667,0.3,0.06666666666666667,0.0,0.06666666666666667,0.06666666666666667,4.0,26.0,25.5,26.0,26.0,25.5,26.0,26.0,26.0,26.0,26.0,15.0,15.0,1.0991169977924946,1.0173289183222958,0.021136865342163354,0.020294593204858803,0.022726999660234882,1.0115894039735098,0.021054083885209716,0.02307692307692308,0.01111111111111111,-0.005128205128205128,0.01282051282051282,0.01111111111111111,OK,
freeze,score_only,factor_cov_lrt_delta,1.0,1.0,budget_only,count,0.1,0.15,0.1,30,30,30,30,1.0,1.0,1.0,1.0115894039735098,0.021054083885209716,23.5,0.0,0.5,-0.5,0.0,0.0,0.0,0.0,0.0,0.0,0.0,4.0,26.0,25.5,26.0,26.0,25.5,26.0,26.0,26.0,26.0,26.0,NA,15.0,1.1177704194260483,1.024503311258278,0.021495584988962476,0.020294593204858803,-0.04837221479827172,1.0115894039735098,0.021054083885209716,0.021794871794871794,0.21111111111111108,-0.021794871794871794,0.021794871794871794,0.21111111111111108,OK,
freeze,score_only,factor_cov_lrt_delta,INFEASIBLE,0.0,budget_only,count,INFEASIBLE,INFEASIBLE,INFEASIBLE,INFEASIBLE,INFEASIBLE,INFEASIBLE,INFEASIBLE,INFEASIBLE,INFEASIBLE,INFEASIBLE,INFEASIBLE,INFEASIBLE,INFEASIBLE,INFEASIBLE,INFEASIBLE,INFEASIBLE,INFEASIBLE,INFEASIBLE,INFEASIBLE,INFEASIBLE,INFEASIBLE,INFEASIBLE,INFEASIBLE,,INFEASIBLE,INFEASIBLE,INFEASIBLE,INFEASIBLE,INFEASIBLE,INFEASIBLE,INFEASIBLE,INFEASIBLE,INFEASIBLE,INFEASIBLE,INFEASIBLE,INFEASIBLE,INFEASIBLE,INFEASIBLE,INFEASIBLE,INFEASIBLE,INFEASIBLE,INFEASIBLE,INFEASIBLE,INFEASIBLE,INFEASIBLE,INFEASIBLE,INFEASIBLE,INFEASIBLE,INFEASIBLE,no_trials_in_band
freeze,score_only,factor_cov_lrt_delta,INFEASIBLE,0.25,budget_only,count,INFEASIBLE,INFEASIBLE,INFEASIBLE,INFEASIBLE,INFEASIBLE,INFEASIBLE,INFEASIBLE,INFEASIBLE,INFEASIBLE,INFEASIBLE,INFEASIBLE,INFEASIBLE,INFEASIBLE,INFEASIBLE,INFEASIBLE,INFEASIBLE,INFEASIBLE,INFEASIBLE,INFEASIBLE,INFEASIBLE,INFEASIBLE,INFEASIBLE,INFEASIBLE,,INFEASIBLE,INFEASIBLE,INFEASIBLE,INFEASIBLE,INFEASIBLE,INFEASIBLE,INFEASIBLE,INFEASIBLE,INFEASIBLE,INFEASIBLE,INFEASIBLE,INFEASIBLE,INFEASIBLE,INFEASIBLE,INFEASIBLE,INFEASIBLE,INFEASIBLE,INFEASIBLE,INFEASIBLE,INFEASIBLE,INFEASIBLE,INFEASIBLE,INFEASIBLE,INFEASIBLE,INFEASIBLE,no_trials_in_band
freeze,score_only,factor_cov_lrt_delta,INFEASIBLE,0.5,budget_only,count,INFEASIBLE,INFEASIBLE,INFEASIBLE,INFEASIBLE,INFEASIBLE,INFEASIBLE,INFEASIBLE,INFEASIBLE,INFEASIBLE,INFEASIBLE,INFEASIBLE,INFEASIBLE,INFEASIBLE,INFEASIBLE,INFEASIBLE,INFEASIBLE,INFEASIBLE,INFEASIBLE,INFEASIBLE,INFEASIBLE,INFEASIBLE,INFEASIBLE,INFEASIBLE,,INFEASIBLE,INFEASIBLE,INFEASIBLE,INFEASIBLE,INFEASIBLE,INFEASIBLE,INFEASIBLE,INFEASIBLE,INFEASIBLE,INFEASIBLE,INFEASIBLE,INFEASIBLE,INFEASIBLE,INFEASIBLE,INFEASIBLE,INFEASIBLE,INFEASIBLE,INFEASIBLE,INFEASIBLE,INFEASIBLE,INFEASIBLE,INFEASIBLE,INFEASIBLE,INFEASIBLE,INFEASIBLE,no_trials_in_band
freeze,score_only,factor_cov_lrt_delta,INFEASIBLE,0.75,budget_only,count,INFEASIBLE,INFEASIBLE,INFEASIBLE,INFEASIBLE,INFEASIBLE,INFEASIBLE,INFEASIBLE,INFEASIBLE,INFEASIBLE,INFEASIBLE,INFEASIBLE,INFEASIBLE,INFEASIBLE,INFEASIBLE,INFEASIBLE,INFEASIBLE,INFEASIBLE,INFEASIBLE,INFEASIBLE,INFEASIBLE,INFEASIBLE,INFEASIBLE,INFEASIBLE,,INFEASIBLE,INFEASIBLE,INFEASIBLE,INFEASIBLE,INFEASIBLE,INFEASIBLE,INFEASIBLE,INFEASIBLE,INFEASIBLE,INFEASIBLE,INFEASIBLE,INFEASIBLE,INFEASIBLE,INFEASIBLE,INFEASIBLE,INFEASIBLE,INFEASIBLE,INFEASIBLE,INFEASIBLE,INFEASIBLE,INFEASIBLE,INFEASIBLE,INFEASIBLE,INFEASIBLE,INFEASIBLE,no_trials_in_band
freeze,score_only,factor_cov_lrt_delta,INFEASIBLE,1.0,budget_only,count,INFEASIBLE,INFEASIBLE,INFEASIBLE,INFEASIBLE,INFEASIBLE,INFEASIBLE,INFEASIBLE,INFEASIBLE,INFEASIBLE,INFEASIBLE,INFEASIBLE,INFEASIBLE,INFEASIBLE,INFEASIBLE,INFEASIBLE,INFEASIBLE,INFEASIBLE,INFEASIBLE,INFEASIBLE,INFEASIBLE,INFEASIBLE,INFEASIBLE,INFEASIBLE,,INFEASIBLE,INFEASIBLE,INFEASIBLE,INFEASIBLE,INFEASIBLE,INFEASIBLE,INFEASIBLE,INFEASIBLE,INFEASIBLE,INFEASIBLE,INFEASIBLE,INFEASIBLE,INFEASIBLE,INFEASIBLE,INFEASIBLE,INFEASIBLE,INFEASIBLE,INFEASIBLE,INFEASIBLE,INFEASIBLE,INFEASIBLE,INFEASIBLE,INFEASIBLE,INFEASIBLE,INFEASIBLE,no_trials_in_band
freeze,score_only,fused_fisher,1.0,0.0,budget_only,count,0.1,0.15,0.1,30,20,20,20,0.6666666666666666,0.6666666666666666,0.6666666666666666,0.8609271523178809,0.02566225165562914,20.0,0.0,0.0,0.0,0.0,0.0,0.0,0.0,0.0,0.0,0.0,4.0,26.0,26.0,26.0,26.0,26.0,26.0,26.0,26.0,26.0,26.0,NA,NA,1.3344370860927155,0.8609271523178809,0.02566225165562914,0.002310826594375938,-0.15449005783355022,0.8609271523178809,0.02566225165562914,0.0,0.0,0.0,0.0,0.0,OK,
freeze,score_only,fused_fisher,1.0,0.25,budget_only,count,0.1,0.15,0.1,30,20,20,20,0.6666666666666666,0.6666666666666666,0.6666666666666666,0.8609271523178809,0.02566225165562914,20.0,0.0,0.0,0.0,0.0,0.0,0.0,0.0,0.0,0.0,0.0,4.0,26.0,26.0,26.0,26.0,26.0,26.0,26.0,26.0,26.0,26.0,NA,NA,1.3408940397350997,0.8609271523178809,0.025786423841059603,0.002310826594375938,-0.07896161685876424,0.8609271523178809,0.02566225165562914,0.0,0.03333333333333333,0.0,0.0,0.03333333333333334,OK,
freeze,score_only,fused_fisher,1.0,0.5,budget_only,count,0.1,0.15,0.1,30,20,20,20,0.6666666666666666,0.6666666666666666,0.6666666666666666,0.8609271523178809,0.02566225165562914,20.0,0.0,0.0,0.0,0.0,0.0,0.0,0.0,0.0,0.0,0.0,4.0,26.0,26.0,26.0,26.0,26.0,26.0,26.0,26.0,26.0,26.0,NA,NA,1.3473509933774837,0.8609271523178809,0.025910596026490068,0.002310826594375938,-0.011335895812118569,0.8609271523178809,0.02566225165562914,0.0,0.05,0.0,0.0,0.05,OK,
freeze,score_only,fused_fisher,1.0,0.75,budget_only,count,0.1,0.15,0.1,30,20,20,20,0.6666666666666666,0.6666666666666666,0.6666666666666666,0.8609271523178809,0.02566225165562914,20.0,0.0,0.0,0.0,0.0,0.0,0.0,0.0,0.0,0.0,0.0,4.0,26.0,26.0,26.0,26.0,26.0,26.0,26.0,26.0,26.0,26.0,NA,NA,1.3473509933774837,0.8609271523178809,0.025910596026490068,0.002310826594375938,0.09163944415159016,0.8609271523178809,0.02566225165562914,0.0,0.05,0.0,0.0,0.05,OK,
freeze,score_only,fused_fisher,1.0,1.0,budget_only,count,0.1,0.15,0.1,30,20,20,20,0.6666666666666666,0.6666666666666666,0.6666666666666666,0.8609271523178809,0.02566225165562914,20.0,0.0,0.0,0.0,0.0,0.0,0.0,0.0,0.0,0.0,0.0,4.0,26.0,26.0,26.0,26.0,26.0,26.0,26.0,26.0,26.0,26.0,NA,NA,1.3495033112582784,0.8630794701986757,0.025951986754966887,0.002310826594375938,0.07144062566709974,0.8609271523178809,0.02566225165562914,0.0,0.05,0.0,0.0,0.05,OK,
freeze,score_only,fused_fisher,INFEASIBLE,0.0,budget_only,count,INFEASIBLE,INFEASIBLE,INFEASIBLE,INFEASIBLE,INFEASIBLE,INFEASIBLE,INFEASIBLE,INFEASIBLE,INFEASIBLE,INFEASIBLE,INFEASIBLE,INFEASIBLE,INFEASIBLE,INFEASIBLE,INFEASIBLE,INFEASIBLE,INFEASIBLE,INFEASIBLE,INFEASIBLE,INFEASIBLE,INFEASIBLE,INFEASIBLE,INFEASIBLE,,INFEASIBLE,INFEASIBLE,INFEASIBLE,INFEASIBLE,INFEASIBLE,INFEASIBLE,INFEASIBLE,INFEASIBLE,INFEASIBLE,INFEASIBLE,INFEASIBLE,INFEASIBLE,INFEASIBLE,INFEASIBLE,INFEASIBLE,INFEASIBLE,INFEASIBLE,INFEASIBLE,INFEASIBLE,INFEASIBLE,INFEASIBLE,INFEASIBLE,INFEASIBLE,INFEASIBLE,INFEASIBLE,no_trials_in_band
freeze,score_only,fused_fisher,INFEASIBLE,0.25,budget_only,count,INFEASIBLE,INFEASIBLE,INFEASIBLE,INFEASIBLE,INFEASIBLE,INFEASIBLE,INFEASIBLE,INFEASIBLE,INFEASIBLE,INFEASIBLE,INFEASIBLE,INFEASIBLE,INFEASIBLE,INFEASIBLE,INFEASIBLE,INFEASIBLE,INFEASIBLE,INFEASIBLE,INFEASIBLE,INFEASIBLE,INFEASIBLE,INFEASIBLE,INFEASIBLE,,INFEASIBLE,INFEASIBLE,INFEASIBLE,INFEASIBLE,INFEASIBLE,INFEASIBLE,INFEASIBLE,INFEASIBLE,INFEASIBLE,INFEASIBLE,INFEASIBLE,INFEASIBLE,INFEASIBLE,INFEASIBLE,INFEASIBLE,INFEASIBLE,INFEASIBLE,INFEASIBLE,INFEASIBLE,INFEASIBLE,INFEASIBLE,INFEASIBLE,INFEASIBLE,INFEASIBLE,INFEASIBLE,no_trials_in_band
freeze,score_only,fused_fisher,INFEASIBLE,0.5,budget_only,count,INFEASIBLE,INFEASIBLE,INFEASIBLE,INFEASIBLE,INFEASIBLE,INFEASIBLE,INFEASIBLE,INFEASIBLE,INFEASIBLE,INFEASIBLE,INFEASIBLE,INFEASIBLE,INFEASIBLE,INFEASIBLE,INFEASIBLE,INFEASIBLE,INFEASIBLE,INFEASIBLE,INFEASIBLE,INFEASIBLE,INFEASIBLE,INFEASIBLE,INFEASIBLE,,INFEASIBLE,INFEASIBLE,INFEASIBLE,INFEASIBLE,INFEASIBLE,INFEASIBLE,INFEASIBLE,INFEASIBLE,INFEASIBLE,INFEASIBLE,INFEASIBLE,INFEASIBLE,INFEASIBLE,INFEASIBLE,INFEASIBLE,INFEASIBLE,INFEASIBLE,INFEASIBLE,INFEASIBLE,INFEASIBLE,INFEASIBLE,INFEASIBLE,INFEASIBLE,INFEASIBLE,INFEASIBLE,no_trials_in_band
freeze,score_only,fused_fisher,INFEASIBLE,0.75,budget_only,count,INFEASIBLE,INFEASIBLE,INFEASIBLE,INFEASIBLE,INFEASIBLE,INFEASIBLE,INFEASIBLE,INFEASIBLE,INFEASIBLE,INFEASIBLE,INFEASIBLE,INFEASIBLE,INFEASIBLE,INFEASIBLE,INFEASIBLE,INFEASIBLE,INFEASIBLE,INFEASIBLE,INFEASIBLE,INFEASIBLE,INFEASIBLE,INFEASIBLE,INFEASIBLE,,INFEASIBLE,INFEASIBLE,INFEASIBLE,INFEASIBLE,INFEASIBLE,INFEASIBLE,INFEASIBLE,INFEASIBLE,INFEASIBLE,INFEASIBLE,INFEASIBLE,INFEASIBLE,INFEASIBLE,INFEASIBLE,INFEASIBLE,INFEASIBLE,INFEASIBLE,INFEASIBLE,INFEASIBLE,INFEASIBLE,INFEASIBLE,INFEASIBLE,INFEASIBLE,INFEASIBLE,INFEASIBLE,no_trials_in_band
freeze,score_only,fused_fisher,INFEASIBLE,1.0,budget_only,count,INFEASIBLE,INFEASIBLE,INFEASIBLE,INFEASIBLE,INFEASIBLE,INFEASIBLE,INFEASIBLE,INFEASIBLE,INFEASIBLE,INFEASIBLE,INFEASIBLE,INFEASIBLE,INFEASIBLE,INFEASIBLE,INFEASIBLE,INFEASIBLE,INFEASIBLE,INFEASIBLE,INFEASIBLE,INFEASIBLE,INFEASIBLE,INFEASIBLE,INFEASIBLE,,INFEASIBLE,INFEASIBLE,INFEASIBLE,INFEASIBLE,INFEASIBLE,INFEASIBLE,INFEASIBLE,INFEASIBLE,INFEASIBLE,INFEASIBLE,INFEASIBLE,INFEASIBLE,INFEASIBLE,INFEASIBLE,INFEASIBLE,INFEASIBLE,INFEASIBLE,INFEASIBLE,INFEASIBLE,INFEASIBLE,INFEASIBLE,INFEASIBLE,INFEASIBLE,INFEASIBLE,INFEASIBLE,no_trials_in_band
freeze,score_only,fused_fisher_lrt_delta,1.0,0.0,budget_only,count,0.1,0.15,0.1,30,30,30,30,1.0,1.0,1.0,0.925496688741722,0.018625827814569538,21.5,0.5,0.5,0.0,0.5,0.03333333333333333,0.5,0.03333333333333333,0.0,0.03333333333333333,0.03333333333333333,4.0,25.5,25.5,25.5,26.0,25.5,26.0,25.5,26.0,25.5,26.0,11.0,11.0,0.9685430463576161,0.925496688741722,0.018625827814569538,0.018065242040447467,-0.25514178670375587,0.925496688741722,0.018625827814569538,0.0,0.0,0.0,0.0,0.0,OK,
freeze,score_only,fused_fisher_lrt_delta,1.0,0.25,budget_only,count,0.1,0.15,0.1,30,30,30,30,1.0,1.0,1.0,0.925496688741722,0.018625827814569538,21.5,0.3,0.5,-0.2,0.3,0.0,0.3,0.0,0.0,0.0,0.0,4.0,26.0,25.5,26.0,26.0,25.5,26.0,26.0,26.0,26.0,26.0,12.0,11.0,0.9757174392935986,0.928366445916115,0.018763796909492276,0.018065242040447467,0.0016515119461661962,0.925496688741722,0.018625827814569538,0.007692307692307693,0.01111111111111111,-0.007692307692307693,0.007692307692307693,-0.01111111111111111,OK,
freeze,score_only,fused_fisher_lrt_delta,1.0,0.5,budget_only,count,0.1,0.15,0.1,30,30,30,30,1.0,1.0,1.0,0.925496688741722,0.018625827814569538,21.5,0.26666666666666666,0.5,-0.23333333333333334,0.3,0.03333333333333333,0.3,0.03333333333333333,0.03333333333333333,0.03333333333333333,0.03333333333333333,4.0,26.0,25.5,26.0,26.0,25.5,26.0,26.0,26.0,26.0,26.0,13.0,11.0,0.9757174392935986,0.928366445916115,0.018763796909492276,0.018065242040447467,0.13831334458599448,0.925496688741722,0.018625827814569538,0.012820512820512824,0.01111111111111111,-0.007692307692307693,0.010256410256410256,-0.01111111111111111,OK,
freeze,score_only,fused_fisher_lrt_delta,1.0,0.75,budget_only,count,0.1,0.15,0.1,30,30,30,30,1.0,1.0,1.0,0.925496688741722,0.018625827814569538,21.5,0.16666666666666666,0.5,-0.33333333333333337,0.2,0.03333333333333333,0.2,0.03333333333333333,0.03333333333333333,0.03333333333333333,0.03333333333333333,4.0,26.0,25.5,26.0,26.0,25.5,26.0,26.0,26.0,26.0,26.0,19.0,11.0,0.9785871964679914,0.9298013245033113,0.018818984547461372,0.018065242040447467,0.23893681151123852,0.925496688741722,0.018625827814569538,0.02051282051282051,0.01111111111111111,-0.010256410256410256,0.017948717948717947,0.01111111111111111,OK,
freeze,score_only,fused_fisher_lrt_delta,1.0,1.0,budget_only,count,0.1,0.15,0.1,30,30,30,30,1.0,1.0,1.0,0.925496688741722,0.018625827814569538,21.5,0.0,0.5,-0.5,0.03333333333333333,0.03333333333333333,0.03333333333333333,0.03333333333333333,0.03333333333333333,0.03333333333333333,0.03333333333333333,4.0,26.0,25.5,26.0,26.0,25.5,26.0,26.0,26.0,26.0,26.0,NA,11.0,0.9843267108167773,0.9355408388520972,0.01892935982339956,0.018065242040447467,0.0917688184946697,0.925496688741722,0.018625827814569538,0.02179487179487179,0.06666666666666667,-0.016666666666666666,0.02179487179487179,0.06666666666666667,OK,
freeze,score_only,fused_fisher_lrt_delta,INFEASIBLE,0.0,budget_only,count,INFEASIBLE,INFEASIBLE,INFEASIBLE,INFEASIBLE,INFEASIBLE,INFEASIBLE,INFEASIBLE,INFEASIBLE,INFEASIBLE,INFEASIBLE,INFEASIBLE,INFEASIBLE,INFEASIBLE,INFEASIBLE,INFEASIBLE,INFEASIBLE,INFEASIBLE,INFEASIBLE,INFEASIBLE,INFEASIBLE,INFEASIBLE,INFEASIBLE,INFEASIBLE,,INFEASIBLE,INFEASIBLE,INFEASIBLE,INFEASIBLE,INFEASIBLE,INFEASIBLE,INFEASIBLE,INFEASIBLE,INFEASIBLE,INFEASIBLE,INFEASIBLE,INFEASIBLE,INFEASIBLE,INFEASIBLE,INFEASIBLE,INFEASIBLE,INFEASIBLE,INFEASIBLE,INFEASIBLE,INFEASIBLE,INFEASIBLE,INFEASIBLE,INFEASIBLE,INFEASIBLE,INFEASIBLE,no_trials_in_band
freeze,score_only,fused_fisher_lrt_delta,INFEASIBLE,0.25,budget_only,count,INFEASIBLE,INFEASIBLE,INFEASIBLE,INFEASIBLE,INFEASIBLE,INFEASIBLE,INFEASIBLE,INFEASIBLE,INFEASIBLE,INFEASIBLE,INFEASIBLE,INFEASIBLE,INFEASIBLE,INFEASIBLE,INFEASIBLE,INFEASIBLE,INFEASIBLE,INFEASIBLE,INFEASIBLE,INFEASIBLE,INFEASIBLE,INFEASIBLE,INFEASIBLE,,INFEASIBLE,INFEASIBLE,INFEASIBLE,INFEASIBLE,INFEASIBLE,INFEASIBLE,INFEASIBLE,INFEASIBLE,INFEASIBLE,INFEASIBLE,INFEASIBLE,INFEASIBLE,INFEASIBLE,INFEASIBLE,INFEASIBLE,INFEASIBLE,INFEASIBLE,INFEASIBLE,INFEASIBLE,INFEASIBLE,INFEASIBLE,INFEASIBLE,INFEASIBLE,INFEASIBLE,INFEASIBLE,no_trials_in_band
freeze,score_only,fused_fisher_lrt_delta,INFEASIBLE,0.5,budget_only,count,INFEASIBLE,INFEASIBLE,INFEASIBLE,INFEASIBLE,INFEASIBLE,INFEASIBLE,INFEASIBLE,INFEASIBLE,INFEASIBLE,INFEASIBLE,INFEASIBLE,INFEASIBLE,INFEASIBLE,INFEASIBLE,INFEASIBLE,INFEASIBLE,INFEASIBLE,INFEASIBLE,INFEASIBLE,INFEASIBLE,INFEASIBLE,INFEASIBLE,INFEASIBLE,,INFEASIBLE,INFEASIBLE,INFEASIBLE,INFEASIBLE,INFEASIBLE,INFEASIBLE,INFEASIBLE,INFEASIBLE,INFEASIBLE,INFEASIBLE,INFEASIBLE,INFEASIBLE,INFEASIBLE,INFEASIBLE,INFEASIBLE,INFEASIBLE,INFEASIBLE,INFEASIBLE,INFEASIBLE,INFEASIBLE,INFEASIBLE,INFEASIBLE,INFEASIBLE,INFEASIBLE,INFEASIBLE,no_trials_in_band
freeze,score_only,fused_fisher_lrt_delta,INFEASIBLE,0.75,budget_only,count,INFEASIBLE,INFEASIBLE,INFEASIBLE,INFEASIBLE,INFEASIBLE,INFEASIBLE,INFEASIBLE,INFEASIBLE,INFEASIBLE,INFEASIBLE,INFEASIBLE,INFEASIBLE,INFEASIBLE,INFEASIBLE,INFEASIBLE,INFEASIBLE,INFEASIBLE,INFEASIBLE,INFEASIBLE,INFEASIBLE,INFEASIBLE,INFEASIBLE,INFEASIBLE,,INFEASIBLE,INFEASIBLE,INFEASIBLE,INFEASIBLE,INFEASIBLE,INFEASIBLE,INFEASIBLE,INFEASIBLE,INFEASIBLE,INFEASIBLE,INFEASIBLE,INFEASIBLE,INFEASIBLE,INFEASIBLE,INFEASIBLE,INFEASIBLE,INFEASIBLE,INFEASIBLE,INFEASIBLE,INFEASIBLE,INFEASIBLE,INFEASIBLE,INFEASIBLE,INFEASIBLE,INFEASIBLE,no_trials_in_band
freeze,score_only,fused_fisher_lrt_delta,INFEASIBLE,1.0,budget_only,count,INFEASIBLE,INFEASIBLE,INFEASIBLE,INFEASIBLE,INFEASIBLE,INFEASIBLE,INFEASIBLE,INFEASIBLE,INFEASIBLE,INFEASIBLE,INFEASIBLE,INFEASIBLE,INFEASIBLE,INFEASIBLE,INFEASIBLE,INFEASIBLE,INFEASIBLE,INFEASIBLE,INFEASIBLE,INFEASIBLE,INFEASIBLE,INFEASIBLE,INFEASIBLE,,INFEASIBLE,INFEASIBLE,INFEASIBLE,INFEASIBLE,INFEASIBLE,INFEASIBLE,INFEASIBLE,INFEASIBLE,INFEASIBLE,INFEASIBLE,INFEASIBLE,INFEASIBLE,INFEASIBLE,INFEASIBLE,INFEASIBLE,INFEASIBLE,INFEASIBLE,INFEASIBLE,INFEASIBLE,INFEASIBLE,INFEASIBLE,INFEASIBLE,INFEASIBLE,INFEASIBLE,INFEASIBLE,no_trials_in_band
freeze,score_only,fused_sp,1.0,0.0,budget_only,count,0.1,0.15,0.1,30,30,30,30,1.0,1.0,1.0,0.8881898454746138,0.04191501103752759,20.633333333333333,0.36666666666666664,0.36666666666666664,0.0,0.36666666666666664,0.03333333333333333,0.36666666666666664,0.03333333333333333,0.0,0.03333333333333333,0.03333333333333333,4.0,26.0,26.0,26.0,26.0,26.0,26.0,26.0,26.0,26.0,26.0,16.0,16.0,2.1795805739514353,0.8881898454746138,0.04191501103752759,0.053449507330432175,-0.17777371116176532,0.8881898454746138,0.04191501103752759,0.0,0.0,0.0,0.0,0.0,OK,
freeze,score_only,fused_sp,1.0,0.25,budget_only,count,0.1,0.15,0.1,30,30,30,30,1.0,1.0,1.0,0.8881898454746138,0.04191501103752759,20.633333333333333,0.2,0.36666666666666664,-0.16666666666666663,0.2,0.03333333333333333,0.2,0.03333333333333333,0.0,0.03333333333333333,0.03333333333333333,4.0,26.0,26.0,26.0,26.0,26.0,26.0,26.0,26.0,26.0,26.0,13.5,16.0,2.1824503311258283,0.8910596026490067,0.04197019867549669,0.053449507330432175,1.6026605226009312,0.8881898454746138,0.04191501103752759,0.014102564102564105,0.01111111111111111,-0.0038461538461538464,0.008974358974358975,0.01111111111111111,OK,
freeze,score_only,fused_sp,1.0,0.5,budget_only,count,0.1,0.15,0.1,30,30,30,30,1.0,1.0,1.0,0.8881898454746138,0.04191501103752759,20.633333333333333,0.16666666666666666,0.36666666666666664,-0.19999999999999998,0.16666666666666666,0.03333333333333333,0.16666666666666666,0.03333333333333333,0.0,0.03333333333333333,0.03333333333333333,4.0,26.0,26.0,26.0,26.0,26.0,26.0,26.0,26.0,26.0,26.0,11.0,16.0,2.152317880794703,0.8939293598233996,0.041390728476821174,0.053449507330432175,7.011208269633523,0.8881898454746138,0.04191501103752759,0.01282051282051282,0.02222222222222222,-0.005128205128205128,0.010256410256410256,0.02222222222222222,OK,
freeze,score_only,fused_sp,1.0,0.75,budget_only,count,0.1,0.15,0.1,30,30,30,30,1.0,1.0,1.0,0.8881898454746138,0.04191501103752759,20.633333333333333,0.1,0.36666666666666664,-0.2666666666666666,0.1,0.03333333333333333,0.1,0.03333333333333333,0.0,0.03333333333333333,0.03333333333333333,4.0,26.0,26.0,26.0,26.0,26.0,26.0,26.0,26.0,26.0,26.0,12.0,16.0,2.1580573951434885,0.8982339955849892,0.04150110375275937,0.053449507330432175,16.072733239596744,0.8881898454746138,0.04191501103752759,0.015384615384615385,0.03333333333333333,-0.007692307692307694,0.012820512820512824,0.03333333333333333,OK,
freeze,score_only,fused_sp,1.0,1.0,budget_only,count,0.1,0.15,0.1,30,30,30,30,1.0,1.0,1.0,0.8881898454746138,0.04191501103752759,20.633333333333333,0.03333333333333333,0.36666666666666664,-0.3333333333333333,0.03333333333333333,0.03333333333333333,0.03333333333333333,0.03333333333333333,0.0,0.03333333333333333,0.03333333333333333,4.0,26.0,26.0,26.0,26.0,26.0,26.0,26.0,26.0,26.0,26.0,2.0,16.0,2.162362030905078,0.9025386313465784,0.04158388520971301,0.053449507330432175,28.804704168403095,0.8881898454746138,0.04191501103752759,0.014102564102564101,0.04444444444444444,-0.011538461538461537,0.014102564102564101,0.04444444444444444,OK,
freeze,score_only,fused_sp,INFEASIBLE,0.0,budget_only,count,INFEASIBLE,INFEASIBLE,INFEASIBLE,INFEASIBLE,INFEASIBLE,INFEASIBLE,INFEASIBLE,INFEASIBLE,INFEASIBLE,INFEASIBLE,INFEASIBLE,INFEASIBLE,INFEASIBLE,INFEASIBLE,INFEASIBLE,INFEASIBLE,INFEASIBLE,INFEASIBLE,INFEASIBLE,INFEASIBLE,INFEASIBLE,INFEASIBLE,INFEASIBLE,,INFEASIBLE,INFEASIBLE,INFEASIBLE,INFEASIBLE,INFEASIBLE,INFEASIBLE,INFEASIBLE,INFEASIBLE,INFEASIBLE,INFEASIBLE,INFEASIBLE,INFEASIBLE,INFEASIBLE,INFEASIBLE,INFEASIBLE,INFEASIBLE,INFEASIBLE,INFEASIBLE,INFEASIBLE,INFEASIBLE,INFEASIBLE,INFEASIBLE,INFEASIBLE,INFEASIBLE,INFEASIBLE,no_trials_in_band
freeze,score_only,fused_sp,INFEASIBLE,0.25,budget_only,count,INFEASIBLE,INFEASIBLE,INFEASIBLE,INFEASIBLE,INFEASIBLE,INFEASIBLE,INFEASIBLE,INFEASIBLE,INFEASIBLE,INFEASIBLE,INFEASIBLE,INFEASIBLE,INFEASIBLE,INFEASIBLE,INFEASIBLE,INFEASIBLE,INFEASIBLE,INFEASIBLE,INFEASIBLE,INFEASIBLE,INFEASIBLE,INFEASIBLE,INFEASIBLE,,INFEASIBLE,INFEASIBLE,INFEASIBLE,INFEASIBLE,INFEASIBLE,INFEASIBLE,INFEASIBLE,INFEASIBLE,INFEASIBLE,INFEASIBLE,INFEASIBLE,INFEASIBLE,INFEASIBLE,INFEASIBLE,INFEASIBLE,INFEASIBLE,INFEASIBLE,INFEASIBLE,INFEASIBLE,INFEASIBLE,INFEASIBLE,INFEASIBLE,INFEASIBLE,INFEASIBLE,INFEASIBLE,no_trials_in_band
freeze,score_only,fused_sp,INFEASIBLE,0.5,budget_only,count,INFEASIBLE,INFEASIBLE,INFEASIBLE,INFEASIBLE,INFEASIBLE,INFEASIBLE,INFEASIBLE,INFEASIBLE,INFEASIBLE,INFEASIBLE,INFEASIBLE,INFEASIBLE,INFEASIBLE,INFEASIBLE,INFEASIBLE,INFEASIBLE,INFEASIBLE,INFEASIBLE,INFEASIBLE,INFEASIBLE,INFEASIBLE,INFEASIBLE,INFEASIBLE,,INFEASIBLE,INFEASIBLE,INFEASIBLE,INFEASIBLE,INFEASIBLE,INFEASIBLE,INFEASIBLE,INFEASIBLE,INFEASIBLE,INFEASIBLE,INFEASIBLE,INFEASIBLE,INFEASIBLE,INFEASIBLE,INFEASIBLE,INFEASIBLE,INFEASIBLE,INFEASIBLE,INFEASIBLE,INFEASIBLE,INFEASIBLE,INFEASIBLE,INFEASIBLE,INFEASIBLE,INFEASIBLE,no_trials_in_band
freeze,score_only,fused_sp,INFEASIBLE,0.75,budget_only,count,INFEASIBLE,INFEASIBLE,INFEASIBLE,INFEASIBLE,INFEASIBLE,INFEASIBLE,INFEASIBLE,INFEASIBLE,INFEASIBLE,INFEASIBLE,INFEASIBLE,INFEASIBLE,INFEASIBLE,INFEASIBLE,INFEASIBLE,INFEASIBLE,INFEASIBLE,INFEASIBLE,INFEASIBLE,INFEASIBLE,INFEASIBLE,INFEASIBLE,INFEASIBLE,,INFEASIBLE,INFEASIBLE,INFEASIBLE,INFEASIBLE,INFEASIBLE,INFEASIBLE,INFEASIBLE,INFEASIBLE,INFEASIBLE,INFEASIBLE,INFEASIBLE,INFEASIBLE,INFEASIBLE,INFEASIBLE,INFEASIBLE,INFEASIBLE,INFEASIBLE,INFEASIBLE,INFEASIBLE,INFEASIBLE,INFEASIBLE,INFEASIBLE,INFEASIBLE,INFEASIBLE,INFEASIBLE,no_trials_in_band
freeze,score_only,fused_sp,INFEASIBLE,1.0,budget_only,count,INFEASIBLE,INFEASIBLE,INFEASIBLE,INFEASIBLE,INFEASIBLE,INFEASIBLE,INFEASIBLE,INFEASIBLE,INFEASIBLE,INFEASIBLE,INFEASIBLE,INFEASIBLE,INFEASIBLE,INFEASIBLE,INFEASIBLE,INFEASIBLE,INFEASIBLE,INFEASIBLE,INFEASIBLE,INFEASIBLE,INFEASIBLE,INFEASIBLE,INFEASIBLE,,INFEASIBLE,INFEASIBLE,INFEASIBLE,INFEASIBLE,INFEASIBLE,INFEASIBLE,INFEASIBLE,INFEASIBLE,INFEASIBLE,INFEASIBLE,INFEASIBLE,INFEASIBLE,INFEASIBLE,INFEASIBLE,INFEASIBLE,INFEASIBLE,INFEASIBLE,INFEASIBLE,INFEASIBLE,INFEASIBLE,INFEASIBLE,INFEASIBLE,INFEASIBLE,INFEASIBLE,INFEASIBLE,no_trials_in_band
freeze,score_only,fused_sp_lrt_delta,1.0,0.0,budget_only,count,0.1,0.15,0.1,30,30,30,30,1.0,1.0,1.0,1.0130242825607063,0.01948123620309051,23.533333333333335,0.4666666666666667,0.4666666666666667,0.0,0.4666666666666667,0.06666666666666667,0.4666666666666667,0.06666666666666667,0.0,0.06666666666666667,0.06666666666666667,4.0,26.0,26.0,26.0,26.0,26.0,26.0,26.0,26.0,26.0,26.0,15.5,15.5,1.0130242825607063,1.0130242825607063,0.01948123620309051,0.020294593204858803,-0.19347509287055004,1.0130242825607063,0.01948123620309051,0.0,0.0,0.0,0.0,0.0,OK,
freeze,score_only,fused_sp_lrt_delta,1.0,0.25,budget_only,count,0.1,0.15,0.1,30,30,30,30,1.0,1.0,1.0,1.0130242825607063,0.01948123620309051,23.533333333333335,0.4,0.4666666666666667,-0.06666666666666665,0.4,0.06666666666666667,0.4,0.06666666666666667,0.0,0.06666666666666667,0.06666666666666667,4.0,26.0,26.0,26.0,26.0,26.0,26.0,26.0,26.0,26.0,26.0,15.5,15.5,1.0158940397350993,1.0158940397350993,0.0195364238410596,0.020294593204858803,1.6236584847544715,1.0130242825607063,0.01948123620309051,0.002564102564102564,0.0,-0.002564102564102564,0.002564102564102564,0.0,OK,
freeze,score_only,fused_sp_lrt_delta,1.0,0.5,budget_only,count,0.1,0.15,0.1,30,30,30,30,1.0,1.0,1.0,1.0130242825607063,0.01948123620309051,23.533333333333335,0.36666666666666664,0.4666666666666667,-0.10000000000000003,0.36666666666666664,0.1,0.36666666666666664,0.1,0.0,0.1,0.1,4.0,26.0,26.0,26.0,26.0,26.0,26.0,26.0,26.0,26.0,26.0,13.0,15.5,1.0201986754966887,1.0201986754966887,0.019619205298013247,0.020294593204858803,7.090129268304026,1.0130242825607063,0.01948123620309051,0.006410256410256411,0.0,-0.0038461538461538464,0.006410256410256411,0.0,OK,
freeze,score_only,fused_sp_lrt_delta,1.0,0.75,budget_only,count,0.1,0.15,0.1,30,30,30,30,1.0,1.0,1.0,1.0130242825607063,0.01948123620309051,23.533333333333335,0.26666666666666666,0.4666666666666667,-0.2,0.26666666666666666,0.03333333333333333,0.26666666666666666,0.03333333333333333,0.0,0.03333333333333333,0.03333333333333333,4.0,26.0,26.0,26.0,26.0,26.0,26.0,26.0,26.0,26.0,26.0,14.0,15.5,1.018763796909492,1.018763796909492,0.019591611479028697,0.020294593204858803,16.25576517912252,1.0130242825607063,0.01948123620309051,0.007692307692307693,0.01111111111111111,-0.007692307692307693,0.007692307692307693,0.01111111111111111,OK,
freeze,score_only,fused_sp_lrt_delta,1.0,1.0,budget_only,count,0.1,0.15,0.1,30,30,30,30,1.0,1.0,1.0,1.0130242825607063,0.01948123620309051,23.533333333333335,0.03333333333333333,0.4666666666666667,-0.43333333333333335,0.03333333333333333,0.0,0.03333333333333333,0.0,0.0,0.0,0.0,4.0,26.0,26.0,26.0,26.0,26.0,26.0,26.0,26.0,26.0,26.0,22.0,15.5,1.0532008830022075,1.0288079470198674,0.020253863134657834,0.020294593204858803,29.13081637939988,1.0130242825607063,0.01948123620309051,0.02307692307692308,0.2222222222222222,-0.01282051282051282,0.02051282051282051,0.2222222222222222,OK,
freeze,score_only,fused_sp_lrt_delta,INFEASIBLE,0.0,budget_only,count,INFEASIBLE,INFEASIBLE,INFEASIBLE,INFEASIBLE,INFEASIBLE,INFEASIBLE,INFEASIBLE,INFEASIBLE,INFEASIBLE,INFEASIBLE,INFEASIBLE,INFEASIBLE,INFEASIBLE,INFEASIBLE,INFEASIBLE,INFEASIBLE,INFEASIBLE,INFEASIBLE,INFEASIBLE,INFEASIBLE,INFEASIBLE,INFEASIBLE,INFEASIBLE,,INFEASIBLE,INFEASIBLE,INFEASIBLE,INFEASIBLE,INFEASIBLE,INFEASIBLE,INFEASIBLE,INFEASIBLE,INFEASIBLE,INFEASIBLE,INFEASIBLE,INFEASIBLE,INFEASIBLE,INFEASIBLE,INFEASIBLE,INFEASIBLE,INFEASIBLE,INFEASIBLE,INFEASIBLE,INFEASIBLE,INFEASIBLE,INFEASIBLE,INFEASIBLE,INFEASIBLE,INFEASIBLE,no_trials_in_band
freeze,score_only,fused_sp_lrt_delta,INFEASIBLE,0.25,budget_only,count,INFEASIBLE,INFEASIBLE,INFEASIBLE,INFEASIBLE,INFEASIBLE,INFEASIBLE,INFEASIBLE,INFEASIBLE,INFEASIBLE,INFEASIBLE,INFEASIBLE,INFEASIBLE,INFEASIBLE,INFEASIBLE,INFEASIBLE,INFEASIBLE,INFEASIBLE,INFEASIBLE,INFEASIBLE,INFEASIBLE,INFEASIBLE,INFEASIBLE,INFEASIBLE,,INFEASIBLE,INFEASIBLE,INFEASIBLE,INFEASIBLE,INFEASIBLE,INFEASIBLE,INFEASIBLE,INFEASIBLE,INFEASIBLE,INFEASIBLE,INFEASIBLE,INFEASIBLE,INFEASIBLE,INFEASIBLE,INFEASIBLE,INFEASIBLE,INFEASIBLE,INFEASIBLE,INFEASIBLE,INFEASIBLE,INFEASIBLE,INFEASIBLE,INFEASIBLE,INFEASIBLE,INFEASIBLE,no_trials_in_band
freeze,score_only,fused_sp_lrt_delta,INFEASIBLE,0.5,budget_only,count,INFEASIBLE,INFEASIBLE,INFEASIBLE,INFEASIBLE,INFEASIBLE,INFEASIBLE,INFEASIBLE,INFEASIBLE,INFEASIBLE,INFEASIBLE,INFEASIBLE,INFEASIBLE,INFEASIBLE,INFEASIBLE,INFEASIBLE,INFEASIBLE,INFEASIBLE,INFEASIBLE,INFEASIBLE,INFEASIBLE,INFEASIBLE,INFEASIBLE,INFEASIBLE,,INFEASIBLE,INFEASIBLE,INFEASIBLE,INFEASIBLE,INFEASIBLE,INFEASIBLE,INFEASIBLE,INFEASIBLE,INFEASIBLE,INFEASIBLE,INFEASIBLE,INFEASIBLE,INFEASIBLE,INFEASIBLE,INFEASIBLE,INFEASIBLE,INFEASIBLE,INFEASIBLE,INFEASIBLE,INFEASIBLE,INFEASIBLE,INFEASIBLE,INFEASIBLE,INFEASIBLE,INFEASIBLE,no_trials_in_band
freeze,score_only,fused_sp_lrt_delta,INFEASIBLE,0.75,budget_only,count,INFEASIBLE,INFEASIBLE,INFEASIBLE,INFEASIBLE,INFEASIBLE,INFEASIBLE,INFEASIBLE,INFEASIBLE,INFEASIBLE,INFEASIBLE,INFEASIBLE,INFEASIBLE,INFEASIBLE,INFEASIBLE,INFEASIBLE,INFEASIBLE,INFEASIBLE,INFEASIBLE,INFEASIBLE,INFEASIBLE,INFEASIBLE,INFEASIBLE,INFEASIBLE,,INFEASIBLE,INFEASIBLE,INFEASIBLE,INFEASIBLE,INFEASIBLE,INFEASIBLE,INFEASIBLE,INFEASIBLE,INFEASIBLE,INFEASIBLE,INFEASIBLE,INFEASIBLE,INFEASIBLE,INFEASIBLE,INFEASIBLE,INFEASIBLE,INFEASIBLE,INFEASIBLE,INFEASIBLE,INFEASIBLE,INFEASIBLE,INFEASIBLE,INFEASIBLE,INFEASIBLE,INFEASIBLE,no_trials_in_band
freeze,score_only,fused_sp_lrt_delta,INFEASIBLE,1.0,budget_only,count,INFEASIBLE,INFEASIBLE,INFEASIBLE,INFEASIBLE,INFEASIBLE,INFEASIBLE,INFEASIBLE,INFEASIBLE,INFEASIBLE,INFEASIBLE,INFEASIBLE,INFEASIBLE,INFEASIBLE,INFEASIBLE,INFEASIBLE,INFEASIBLE,INFEASIBLE,INFEASIBLE,INFEASIBLE,INFEASIBLE,INFEASIBLE,INFEASIBLE,INFEASIBLE,,INFEASIBLE,INFEASIBLE,INFEASIBLE,INFEASIBLE,INFEASIBLE,INFEASIBLE,INFEASIBLE,INFEASIBLE,INFEASIBLE,INFEASIBLE,INFEASIBLE,INFEASIBLE,INFEASIBLE,INFEASIBLE,INFEASIBLE,INFEASIBLE,INFEASIBLE,INFEASIBLE,INFEASIBLE,INFEASIBLE,INFEASIBLE,INFEASIBLE,INFEASIBLE,INFEASIBLE,INFEASIBLE,no_trials_in_band
freeze,score_only,max_abs,1.0,0.0,budget_only,count,0.1,0.15,0.1,30,30,30,30,1.0,1.0,1.0,1.057505518763797,0.03984547461368653,24.566666666666666,0.43333333333333335,0.43333333333333335,0.0,0.4666666666666667,0.1,0.4666666666666667,0.1,0.03333333333333333,0.1,0.1,4.0,26.0,26.0,26.0,26.0,26.0,26.0,26.0,26.0,26.0,26.0,9.0,9.0,2.0719646799116993,1.057505518763797,0.03984547461368653,0.14365846378005873,0.0,1.057505518763797,0.03984547461368653,0.0,0.0,0.0,0.0,0.0,OK,
freeze,score_only,max_abs,1.0,0.25,budget_only,count,0.1,0.15,0.1,30,30,30,30,1.0,1.0,1.0,1.057505518763797,0.03984547461368653,24.566666666666666,0.43333333333333335,0.43333333333333335,0.0,0.5333333333333333,0.13333333333333333,0.5333333333333333,0.13333333333333333,0.1,0.13333333333333333,0.13333333333333333,4.0,26.0,26.0,26.0,26.0,26.0,26.0,23.5,26.0,26.0,26.0,11.0,9.0,2.060485651214128,1.0560706401766005,0.03962472406181016,0.14365846378005873,0.48333333333333345,1.057505518763797,0.03984547461368653,0.16666666666666666,0.04444444444444444,0.1641025641025641,0.1641025641025641,0.0,OK,
freeze,score_only,max_abs,1.0,0.5,budget_only,count,0.1,0.15,0.1,30,30,30,30,1.0,1.0,1.0,1.057505518763797,0.03984547461368653,24.566666666666666,0.43333333333333335,0.43333333333333335,0.0,0.5333333333333333,0.13333333333333333,0.5333333333333333,0.13333333333333333,0.1,0.13333333333333333,0.13333333333333333,4.0,26.0,26.0,26.0,26.0,26.0,26.0,23.5,26.0,26.0,26.0,11.0,9.0,2.060485651214128,1.0560706401766005,0.039624724061810154,0.14365846378005873,0.9666666666666669,1.057505518763797,0.03984547461368653,0.16666666666666666,0.04444444444444444,0.1641025641025641,0.1641025641025641,0.0,OK,
freeze,score_only,max_abs,1.0,0.75,budget_only,count,0.1,0.15,0.1,30,30,30,30,1.0,1.0,1.0,1.057505518763797,0.03984547461368653,24.566666666666666,0.43333333333333335,0.43333333333333335,0.0,0.5333333333333333,0.13333333333333333,0.5333333333333333,0.13333333333333333,0.1,0.13333333333333333,0.13333333333333333,4.0,26.0,26.0,26.0,26.0,26.0,26.0,23.5,26.0,26.0,26.0,11.0,9.0,2.060485651214128,1.0560706401766005,0.039624724061810154,0.14365846378005873,1.4500000000000004,1.057505518763797,0.03984547461368653,0.16666666666666666,0.04444444444444444,0.1641025641025641,0.1641025641025641,0.0,OK,
freeze,score_only,max_abs,1.0,1.0,budget_only,count,0.1,0.15,0.1,30,30,30,30,1.0,1.0,1.0,1.057505518763797,0.03984547461368653,24.566666666666666,0.16666666666666666,0.43333333333333335,-0.2666666666666667,0.26666666666666666,0.1,0.26666666666666666,0.1,0.1,0.1,0.1,4.0,26.0,26.0,26.0,26.0,26.0,26.0,26.0,26.0,26.0,26.0,11.0,9.0,2.079139072847682,1.057505518763797,0.03998344370860927,0.14365846378005873,1.9333333333333338,1.057505518763797,0.03984547461368653,0.18076923076923074,0.13333333333333333,0.14743589743589744,0.18076923076923074,0.06666666666666667,OK,
freeze,score_only,max_abs,INFEASIBLE,0.0,budget_only,count,INFEASIBLE,INFEASIBLE,INFEASIBLE,INFEASIBLE,INFEASIBLE,INFEASIBLE,INFEASIBLE,INFEASIBLE,INFEASIBLE,INFEASIBLE,INFEASIBLE,INFEASIBLE,INFEASIBLE,INFEASIBLE,INFEASIBLE,INFEASIBLE,INFEASIBLE,INFEASIBLE,INFEASIBLE,INFEASIBLE,INFEASIBLE,INFEASIBLE,INFEASIBLE,,INFEASIBLE,INFEASIBLE,INFEASIBLE,INFEASIBLE,INFEASIBLE,INFEASIBLE,INFEASIBLE,INFEASIBLE,INFEASIBLE,INFEASIBLE,INFEASIBLE,INFEASIBLE,INFEASIBLE,INFEASIBLE,INFEASIBLE,INFEASIBLE,INFEASIBLE,INFEASIBLE,INFEASIBLE,INFEASIBLE,INFEASIBLE,INFEASIBLE,INFEASIBLE,INFEASIBLE,INFEASIBLE,no_trials_in_band
freeze,score_only,max_abs,INFEASIBLE,0.25,budget_only,count,INFEASIBLE,INFEASIBLE,INFEASIBLE,INFEASIBLE,INFEASIBLE,INFEASIBLE,INFEASIBLE,INFEASIBLE,INFEASIBLE,INFEASIBLE,INFEASIBLE,INFEASIBLE,INFEASIBLE,INFEASIBLE,INFEASIBLE,INFEASIBLE,INFEASIBLE,INFEASIBLE,INFEASIBLE,INFEASIBLE,INFEASIBLE,INFEASIBLE,INFEASIBLE,,INFEASIBLE,INFEASIBLE,INFEASIBLE,INFEASIBLE,INFEASIBLE,INFEASIBLE,INFEASIBLE,INFEASIBLE,INFEASIBLE,INFEASIBLE,INFEASIBLE,INFEASIBLE,INFEASIBLE,INFEASIBLE,INFEASIBLE,INFEASIBLE,INFEASIBLE,INFEASIBLE,INFEASIBLE,INFEASIBLE,INFEASIBLE,INFEASIBLE,INFEASIBLE,INFEASIBLE,INFEASIBLE,no_trials_in_band
freeze,score_only,max_abs,INFEASIBLE,0.5,budget_only,count,INFEASIBLE,INFEASIBLE,INFEASIBLE,INFEASIBLE,INFEASIBLE,INFEASIBLE,INFEASIBLE,INFEASIBLE,INFEASIBLE,INFEASIBLE,INFEASIBLE,INFEASIBLE,INFEASIBLE,INFEASIBLE,INFEASIBLE,INFEASIBLE,INFEASIBLE,INFEASIBLE,INFEASIBLE,INFEASIBLE,INFEASIBLE,INFEASIBLE,INFEASIBLE,,INFEASIBLE,INFEASIBLE,INFEASIBLE,INFEASIBLE,INFEASIBLE,INFEASIBLE,INFEASIBLE,INFEASIBLE,INFEASIBLE,INFEASIBLE,INFEASIBLE,INFEASIBLE,INFEASIBLE,INFEASIBLE,INFEASIBLE,INFEASIBLE,INFEASIBLE,INFEASIBLE,INFEASIBLE,INFEASIBLE,INFEASIBLE,INFEASIBLE,INFEASIBLE,INFEASIBLE,INFEASIBLE,no_trials_in_band
freeze,score_only,max_abs,INFEASIBLE,0.75,budget_only,count,INFEASIBLE,INFEASIBLE,INFEASIBLE,INFEASIBLE,INFEASIBLE,INFEASIBLE,INFEASIBLE,INFEASIBLE,INFEASIBLE,INFEASIBLE,INFEASIBLE,INFEASIBLE,INFEASIBLE,INFEASIBLE,INFEASIBLE,INFEASIBLE,INFEASIBLE,INFEASIBLE,INFEASIBLE,INFEASIBLE,INFEASIBLE,INFEASIBLE,INFEASIBLE,,INFEASIBLE,INFEASIBLE,INFEASIBLE,INFEASIBLE,INFEASIBLE,INFEASIBLE,INFEASIBLE,INFEASIBLE,INFEASIBLE,INFEASIBLE,INFEASIBLE,INFEASIBLE,INFEASIBLE,INFEASIBLE,INFEASIBLE,INFEASIBLE,INFEASIBLE,INFEASIBLE,INFEASIBLE,INFEASIBLE,INFEASIBLE,INFEASIBLE,INFEASIBLE,INFEASIBLE,INFEASIBLE,no_trials_in_band
freeze,score_only,max_abs,INFEASIBLE,1.0,budget_only,count,INFEASIBLE,INFEASIBLE,INFEASIBLE,INFEASIBLE,INFEASIBLE,INFEASIBLE,INFEASIBLE,INFEASIBLE,INFEASIBLE,INFEASIBLE,INFEASIBLE,INFEASIBLE,INFEASIBLE,INFEASIBLE,INFEASIBLE,INFEASIBLE,INFEASIBLE,INFEASIBLE,INFEASIBLE,INFEASIBLE,INFEASIBLE,INFEASIBLE,INFEASIBLE,,INFEASIBLE,INFEASIBLE,INFEASIBLE,INFEASIBLE,INFEASIBLE,INFEASIBLE,INFEASIBLE,INFEASIBLE,INFEASIBLE,INFEASIBLE,INFEASIBLE,INFEASIBLE,INFEASIBLE,INFEASIBLE,INFEASIBLE,INFEASIBLE,INFEASIBLE,INFEASIBLE,INFEASIBLE,INFEASIBLE,INFEASIBLE,INFEASIBLE,INFEASIBLE,INFEASIBLE,INFEASIBLE,no_trials_in_band
freeze,score_only,pc_t2,1.0,0.0,budget_only,count,0.1,0.15,0.1,30,30,30,30,1.0,1.0,1.0,0.9671081677704196,0.026655629139072854,22.466666666666665,0.5333333333333333,0.5333333333333333,0.0,0.5666666666666667,0.1,0.5666666666666667,0.1,0.03333333333333333,0.1,0.1,4.0,22.5,22.5,22.5,26.0,22.5,26.0,20.0,26.0,22.5,26.0,10.0,10.0,1.3860927152317886,0.9671081677704196,0.026655629139072854,0.020294593204858803,0.0,0.9671081677704196,0.026655629139072854,0.0,0.0,0.0,0.0,0.0,OK,
freeze,score_only,pc_t2,1.0,0.25,budget_only,count,0.1,0.15,0.1,30,30,30,30,1.0,1.0,1.0,0.9671081677704196,0.026655629139072854,22.466666666666665,0.4666666666666667,0.5333333333333333,-0.06666666666666665,0.5,0.1,0.5,0.1,0.03333333333333333,0.1,0.1,4.0,26.0,22.5,26.0,26.0,22.5,26.0,24.5,26.0,26.0,26.0,8.5,10.0,1.3918322295805743,0.9714128035320091,0.02676600441501104,0.020294593204858803,0.22899926463364173,0.9671081677704196,0.026655629139072854,0.03333333333333333,0.03333333333333333,0.025641025641025647,0.03333333333333333,0.03333333333333333,OK,
freeze,score_only,pc_t2,1.0,0.5,budget_only,count,0.1,0.15,0.1,30,30,30,30,1.0,1.0,1.0,0.9671081677704196,0.026655629139072854,22.466666666666665,0.3333333333333333,0.5333333333333333,-0.2,0.4,0.1,0.4,0.1,0.06666666666666667,0.1,0.1,4.0,26.0,22.5,26.0,26.0,22.5,26.0,26.0,26.0,26.0,26.0,8.5,10.0,1.406181015452539,0.9757174392935984,0.02704194260485652,0.020294593204858803,1.026197224934191,0.9671081677704196,0.026655629139072854,0.04615384615384615,0.03333333333333333,0.020512820512820516,0.04615384615384617,0.03333333333333333,OK,
freeze,score_only,pc_t2,1.0,0.75,budget_only,count,0.1,0.15,0.1,30,30,30,30,1.0,1.0,1.0,0.9671081677704196,0.026655629139072854,22.466666666666665,0.1,0.5333333333333333,-0.43333333333333335,0.16666666666666666,0.06666666666666667,0.16666666666666666,0.06666666666666667,0.06666666666666667,0.06666666666666667,0.06666666666666667,4.0,26.0,22.5,26.0,26.0,22.5,26.0,26.0,26.0,26.0,26.0,17.0,10.0,1.4133554083885211,0.9757174392935984,0.027179911699779253,0.020294593204858803,2.3915938809016466,0.9671081677704196,0.026655629139072854,0.06923076923076923,0.03333333333333333,0.015384615384615387,0.06153846153846154,0.03333333333333333,OK,
freeze,score_only,pc_t2,1.0,1.0,budget_only,count,0.1,0.15,0.1,30,30,30,30,1.0,1.0,1.0,0.9671081677704196,0.026655629139072854,22.466666666666665,0.0,0.5333333333333333,-0.5333333333333333,0.06666666666666667,0.06666666666666667,0.06666666666666667,0.06666666666666667,0.06666666666666667,0.06666666666666667,0.06666666666666667,4.0,26.0,22.5,26.0,26.0,22.5,26.0,26.0,26.0,26.0,26.0,NA,10.0,1.4133554083885211,0.9785871964679913,0.027179911699779253,0.020294593204858803,4.325189232536011,0.9671081677704196,0.026655629139072854,0.06923076923076923,0.05555555555555555,0.010256410256410265,0.06923076923076923,0.05555555555555555,OK,
freeze,score_only,pc_t2,INFEASIBLE,0.0,budget_only,count,INFEASIBLE,INFEASIBLE,INFEASIBLE,INFEASIBLE,INFEASIBLE,INFEASIBLE,INFEASIBLE,INFEASIBLE,INFEASIBLE,INFEASIBLE,INFEASIBLE,INFEASIBLE,INFEASIBLE,INFEASIBLE,INFEASIBLE,INFEASIBLE,INFEASIBLE,INFEASIBLE,INFEASIBLE,INFEASIBLE,INFEASIBLE,INFEASIBLE,INFEASIBLE,,INFEASIBLE,INFEASIBLE,INFEASIBLE,INFEASIBLE,INFEASIBLE,INFEASIBLE,INFEASIBLE,INFEASIBLE,INFEASIBLE,INFEASIBLE,INFEASIBLE,INFEASIBLE,INFEASIBLE,INFEASIBLE,INFEASIBLE,INFEASIBLE,INFEASIBLE,INFEASIBLE,INFEASIBLE,INFEASIBLE,INFEASIBLE,INFEASIBLE,INFEASIBLE,INFEASIBLE,INFEASIBLE,no_trials_in_band
freeze,score_only,pc_t2,INFEASIBLE,0.25,budget_only,count,INFEASIBLE,INFEASIBLE,INFEASIBLE,INFEASIBLE,INFEASIBLE,INFEASIBLE,INFEASIBLE,INFEASIBLE,INFEASIBLE,INFEASIBLE,INFEASIBLE,INFEASIBLE,INFEASIBLE,INFEASIBLE,INFEASIBLE,INFEASIBLE,INFEASIBLE,INFEASIBLE,INFEASIBLE,INFEASIBLE,INFEASIBLE,INFEASIBLE,INFEASIBLE,,INFEASIBLE,INFEASIBLE,INFEASIBLE,INFEASIBLE,INFEASIBLE,INFEASIBLE,INFEASIBLE,INFEASIBLE,INFEASIBLE,INFEASIBLE,INFEASIBLE,INFEASIBLE,INFEASIBLE,INFEASIBLE,INFEASIBLE,INFEASIBLE,INFEASIBLE,INFEASIBLE,INFEASIBLE,INFEASIBLE,INFEASIBLE,INFEASIBLE,INFEASIBLE,INFEASIBLE,INFEASIBLE,no_trials_in_band
freeze,score_only,pc_t2,INFEASIBLE,0.5,budget_only,count,INFEASIBLE,INFEASIBLE,INFEASIBLE,INFEASIBLE,INFEASIBLE,INFEASIBLE,INFEASIBLE,INFEASIBLE,INFEASIBLE,INFEASIBLE,INFEASIBLE,INFEASIBLE,INFEASIBLE,INFEASIBLE,INFEASIBLE,INFEASIBLE,INFEASIBLE,INFEASIBLE,INFEASIBLE,INFEASIBLE,INFEASIBLE,INFEASIBLE,INFEASIBLE,,INFEASIBLE,INFEASIBLE,INFEASIBLE,INFEASIBLE,INFEASIBLE,INFEASIBLE,INFEASIBLE,INFEASIBLE,INFEASIBLE,INFEASIBLE,INFEASIBLE,INFEASIBLE,INFEASIBLE,INFEASIBLE,INFEASIBLE,INFEASIBLE,INFEASIBLE,INFEASIBLE,INFEASIBLE,INFEASIBLE,INFEASIBLE,INFEASIBLE,INFEASIBLE,INFEASIBLE,INFEASIBLE,no_trials_in_band
freeze,score_only,pc_t2,INFEASIBLE,0.75,budget_only,count,INFEASIBLE,INFEASIBLE,INFEASIBLE,INFEASIBLE,INFEASIBLE,INFEASIBLE,INFEASIBLE,INFEASIBLE,INFEASIBLE,INFEASIBLE,INFEASIBLE,INFEASIBLE,INFEASIBLE,INFEASIBLE,INFEASIBLE,INFEASIBLE,INFEASIBLE,INFEASIBLE,INFEASIBLE,INFEASIBLE,INFEASIBLE,INFEASIBLE,INFEASIBLE,,INFEASIBLE,INFEASIBLE,INFEASIBLE,INFEASIBLE,INFEASIBLE,INFEASIBLE,INFEASIBLE,INFEASIBLE,INFEASIBLE,INFEASIBLE,INFEASIBLE,INFEASIBLE,INFEASIBLE,INFEASIBLE,INFEASIBLE,INFEASIBLE,INFEASIBLE,INFEASIBLE,INFEASIBLE,INFEASIBLE,INFEASIBLE,INFEASIBLE,INFEASIBLE,INFEASIBLE,INFEASIBLE,no_trials_in_band
freeze,score_only,pc_t2,INFEASIBLE,1.0,budget_only,count,INFEASIBLE,INFEASIBLE,INFEASIBLE,INFEASIBLE,INFEASIBLE,INFEASIBLE,INFEASIBLE,INFEASIBLE,INFEASIBLE,INFEASIBLE,INFEASIBLE,INFEASIBLE,INFEASIBLE,INFEASIBLE,INFEASIBLE,INFEASIBLE,INFEASIBLE,INFEASIBLE,INFEASIBLE,INFEASIBLE,INFEASIBLE,INFEASIBLE,INFEASIBLE,,INFEASIBLE,INFEASIBLE,INFEASIBLE,INFEASIBLE,INFEASIBLE,INFEASIBLE,INFEASIBLE,INFEASIBLE,INFEASIBLE,INFEASIBLE,INFEASIBLE,INFEASIBLE,INFEASIBLE,INFEASIBLE,INFEASIBLE,INFEASIBLE,INFEASIBLE,INFEASIBLE,INFEASIBLE,INFEASIBLE,INFEASIBLE,INFEASIBLE,INFEASIBLE,INFEASIBLE,INFEASIBLE,no_trials_in_band
freeze,score_only,res_energy,1.0,0.0,budget_only,count,0.1,0.15,0.1,30,30,30,30,1.0,1.0,1.0,0.9714128035320091,0.02682119205298013,22.566666666666666,0.43333333333333335,0.43333333333333335,0.0,0.43333333333333335,0.03333333333333333,0.43333333333333335,0.03333333333333333,0.0,0.03333333333333333,0.03333333333333333,4.0,26.0,26.0,26.0,26.0,26.0,26.0,26.0,26.0,26.0,26.0,15.0,15.0,1.3947019867549673,0.9714128035320091,0.02682119205298013,0.0037856749954723696,0.0,0.9714128035320091,0.02682119205298013,0.0,0.0,0.0,0.0,0.0,OK,
freeze,score_only,res_energy,1.0,0.25,budget_only,count,0.1,0.15,0.1,30,30,30,30,1.0,1.0,1.0,0.9714128035320091,0.02682119205298013,22.566666666666666,0.3,0.43333333333333335,-0.13333333333333336,0.3,0.0,0.3,0.0,0.0,0.0,0.0,4.0,26.0,26.0,26.0,26.0,26.0,26.0,26.0,26.0,26.0,26.0,21.0,15.0,1.4018763796909497,0.9785871964679913,0.02695916114790287,0.0037856749954723696,6.571130717968061,0.9714128035320091,0.02682119205298013,0.010256410256410256,0.04444444444444444,-0.005128205128205128,0.005128205128205128,0.04444444444444444,OK,
freeze,score_only,res_energy,1.0,0.5,budget_only,count,0.1,0.15,0.1,30,30,30,30,1.0,1.0,1.0,0.9714128035320091,0.02682119205298013,22.566666666666666,0.26666666666666666,0.43333333333333335,-0.16666666666666669,0.26666666666666666,0.0,0.26666666666666666,0.0,0.0,0.0,0.0,4.0,26.0,26.0,26.0,26.0,26.0,26.0,26.0,26.0,26.0,26.0,21.5,15.0,1.406181015452539,0.9771523178807947,0.027041942604856515,0.0037856749954723696,25.80469435204855,0.9714128035320091,0.02682119205298013,0.015384615384615385,0.04444444444444444,-0.005128205128205128,0.007692307692307693,0.04444444444444444,OK,
freeze,score_only,res_energy,1.0,0.75,budget_only,count,0.1,0.15,0.1,30,30,30,30,1.0,1.0,1.0,0.9714128035320091,0.02682119205298013,22.566666666666666,0.23333333333333334,0.43333333333333335,-0.2,0.23333333333333334,0.0,0.23333333333333334,0.0,0.0,0.0,0.0,4.0,26.0,26.0,26.0,26.0,26.0,26.0,26.0,26.0,26.0,26.0,21.0,15.0,1.4076158940397356,0.9771523178807947,0.02706953642384106,0.0037856749954723696,57.7006909030105,0.9714128035320091,0.02682119205298013,0.01794871794871795,0.05555555555555555,-0.012820512820512822,0.012820512820512822,0.05555555555555555,OK,
freeze,score_only,res_energy,1.0,1.0,budget_only,count,0.1,0.15,0.1,30,30,30,30,1.0,1.0,1.0,0.9714128035320091,0.02682119205298013,22.566666666666666,0.0,0.43333333333333335,-0.43333333333333335,0.03333333333333333,0.03333333333333333,0.03333333333333333,0.03333333333333333,0.03333333333333333,0.03333333333333333,0.03333333333333333,4.0,26.0,26.0,26.0,26.0,26.0,26.0,26.0,26.0,26.0,26.0,NA,15.0,1.4176600441501108,0.9814569536423844,0.027262693156732895,0.0037856749954723696,102.25912036937808,0.9714128035320091,0.02682119205298013,0.028205128205128206,0.06666666666666667,-0.017948717948717947,0.028205128205128206,0.04444444444444444,OK,
freeze,score_only,res_energy,INFEASIBLE,0.0,budget_only,count,INFEASIBLE,INFEASIBLE,INFEASIBLE,INFEASIBLE,INFEASIBLE,INFEASIBLE,INFEASIBLE,INFEASIBLE,INFEASIBLE,INFEASIBLE,INFEASIBLE,INFEASIBLE,INFEASIBLE,INFEASIBLE,INFEASIBLE,INFEASIBLE,INFEASIBLE,INFEASIBLE,INFEASIBLE,INFEASIBLE,INFEASIBLE,INFEASIBLE,INFEASIBLE,,INFEASIBLE,INFEASIBLE,INFEASIBLE,INFEASIBLE,INFEASIBLE,INFEASIBLE,INFEASIBLE,INFEASIBLE,INFEASIBLE,INFEASIBLE,INFEASIBLE,INFEASIBLE,INFEASIBLE,INFEASIBLE,INFEASIBLE,INFEASIBLE,INFEASIBLE,INFEASIBLE,INFEASIBLE,INFEASIBLE,INFEASIBLE,INFEASIBLE,INFEASIBLE,INFEASIBLE,INFEASIBLE,no_trials_in_band
freeze,score_only,res_energy,INFEASIBLE,0.25,budget_only,count,INFEASIBLE,INFEASIBLE,INFEASIBLE,INFEASIBLE,INFEASIBLE,INFEASIBLE,INFEASIBLE,INFEASIBLE,INFEASIBLE,INFEASIBLE,INFEASIBLE,INFEASIBLE,INFEASIBLE,INFEASIBLE,INFEASIBLE,INFEASIBLE,INFEASIBLE,INFEASIBLE,INFEASIBLE,INFEASIBLE,INFEASIBLE,INFEASIBLE,INFEASIBLE,,INFEASIBLE,INFEASIBLE,INFEASIBLE,INFEASIBLE,INFEASIBLE,INFEASIBLE,INFEASIBLE,INFEASIBLE,INFEASIBLE,INFEASIBLE,INFEASIBLE,INFEASIBLE,INFEASIBLE,INFEASIBLE,INFEASIBLE,INFEASIBLE,INFEASIBLE,INFEASIBLE,INFEASIBLE,INFEASIBLE,INFEASIBLE,INFEASIBLE,INFEASIBLE,INFEASIBLE,INFEASIBLE,no_trials_in_band
freeze,score_only,res_energy,INFEASIBLE,0.5,budget_only,count,INFEASIBLE,INFEASIBLE,INFEASIBLE,INFEASIBLE,INFEASIBLE,INFEASIBLE,INFEASIBLE,INFEASIBLE,INFEASIBLE,INFEASIBLE,INFEASIBLE,INFEASIBLE,INFEASIBLE,INFEASIBLE,INFEASIBLE,INFEASIBLE,INFEASIBLE,INFEASIBLE,INFEASIBLE,INFEASIBLE,INFEASIBLE,INFEASIBLE,INFEASIBLE,,INFEASIBLE,INFEASIBLE,INFEASIBLE,INFEASIBLE,INFEASIBLE,INFEASIBLE,INFEASIBLE,INFEASIBLE,INFEASIBLE,INFEASIBLE,INFEASIBLE,INFEASIBLE,INFEASIBLE,INFEASIBLE,INFEASIBLE,INFEASIBLE,INFEASIBLE,INFEASIBLE,INFEASIBLE,INFEASIBLE,INFEASIBLE,INFEASIBLE,INFEASIBLE,INFEASIBLE,INFEASIBLE,no_trials_in_band
freeze,score_only,res_energy,INFEASIBLE,0.75,budget_only,count,INFEASIBLE,INFEASIBLE,INFEASIBLE,INFEASIBLE,INFEASIBLE,INFEASIBLE,INFEASIBLE,INFEASIBLE,INFEASIBLE,INFEASIBLE,INFEASIBLE,INFEASIBLE,INFEASIBLE,INFEASIBLE,INFEASIBLE,INFEASIBLE,INFEASIBLE,INFEASIBLE,INFEASIBLE,INFEASIBLE,INFEASIBLE,INFEASIBLE,INFEASIBLE,,INFEASIBLE,INFEASIBLE,INFEASIBLE,INFEASIBLE,INFEASIBLE,INFEASIBLE,INFEASIBLE,INFEASIBLE,INFEASIBLE,INFEASIBLE,INFEASIBLE,INFEASIBLE,INFEASIBLE,INFEASIBLE,INFEASIBLE,INFEASIBLE,INFEASIBLE,INFEASIBLE,INFEASIBLE,INFEASIBLE,INFEASIBLE,INFEASIBLE,INFEASIBLE,INFEASIBLE,INFEASIBLE,no_trials_in_band
freeze,score_only,res_energy,INFEASIBLE,1.0,budget_only,count,INFEASIBLE,INFEASIBLE,INFEASIBLE,INFEASIBLE,INFEASIBLE,INFEASIBLE,INFEASIBLE,INFEASIBLE,INFEASIBLE,INFEASIBLE,INFEASIBLE,INFEASIBLE,INFEASIBLE,INFEASIBLE,INFEASIBLE,INFEASIBLE,INFEASIBLE,INFEASIBLE,INFEASIBLE,INFEASIBLE,INFEASIBLE,INFEASIBLE,INFEASIBLE,,INFEASIBLE,INFEASIBLE,INFEASIBLE,INFEASIBLE,INFEASIBLE,INFEASIBLE,INFEASIBLE,INFEASIBLE,INFEASIBLE,INFEASIBLE,INFEASIBLE,INFEASIBLE,INFEASIBLE,INFEASIBLE,INFEASIBLE,INFEASIBLE,INFEASIBLE,INFEASIBLE,INFEASIBLE,INFEASIBLE,INFEASIBLE,INFEASIBLE,INFEASIBLE,INFEASIBLE,INFEASIBLE,no_trials_in_band
freeze,score_only,stale,1.0,0.0,budget_only,count,0.1,0.15,0.1,30,30,0,30,1.0,0.0,1.0,0.9470198675496692,0.448896247240618,22.0,0.4,0.4,0.0,0.8666666666666667,0.5666666666666667,0.8666666666666667,0.5666666666666667,0.4666666666666667,0.0,0.0,4.0,26.0,26.0,26.0,26.0,26.0,26.0,2.0,26.0,26.0,26.0,9.5,9.5,23.342604856512146,0.9470198675496692,0.448896247240618,1.0000000000000002e-06,0.12458972558583446,0.9470198675496692,0.448896247240618,0.0,0.0,0.0,0.0,0.0,OK,
freeze,score_only,stale,1.0,0.25,budget_only,count,0.1,0.15,0.1,30,30,0,30,1.0,0.0,1.0,0.9470198675496692,0.448896247240618,22.0,0.4,0.4,0.0,0.8666666666666667,0.5666666666666667,0.8666666666666667,0.5666666666666667,0.4666666666666667,0.0,0.0,4.0,26.0,26.0,26.0,26.0,26.0,26.0,2.0,26.0,26.0,26.0,9.5,9.5,23.342604856512146,0.9470198675496692,0.448896247240618,1.0000000000000002e-06,0.12458972558583446,0.9470198675496692,0.448896247240618,0.0,0.0,0.0,0.0,0.0,OK,
freeze,score_only,stale,1.0,0.5,budget_only,count,0.1,0.15,0.1,30,30,0,30,1.0,0.0,1.0,0.9470198675496692,0.448896247240618,22.0,0.4,0.4,0.0,0.8666666666666667,0.5666666666666667,0.8666666666666667,0.5666666666666667,0.4666666666666667,0.0,0.0,4.0,26.0,26.0,26.0,26.0,26.0,26.0,2.0,26.0,26.0,26.0,9.5,9.5,23.342604856512146,0.9470198675496692,0.448896247240618,1.0000000000000002e-06,0.12458972558583446,0.9470198675496692,0.448896247240618,0.0,0.0,0.0,0.0,0.0,OK,
freeze,score_only,stale,1.0,0.75,budget_only,count,0.1,0.15,0.1,30,30,0,30,1.0,0.0,1.0,0.9470198675496692,0.448896247240618,22.0,0.4,0.4,0.0,0.8666666666666667,0.5666666666666667,0.8666666666666667,0.5666666666666667,0.4666666666666667,0.0,0.0,4.0,26.0,26.0,26.0,26.0,26.0,26.0,2.0,26.0,26.0,26.0,9.5,9.5,23.342604856512146,0.9470198675496692,0.448896247240618,1.0000000000000002e-06,0.12458972558583446,0.9470198675496692,0.448896247240618,0.0,0.0,0.0,0.0,0.0,OK,
freeze,score_only,stale,1.0,1.0,budget_only,count,0.1,0.15,0.1,30,30,0,30,1.0,0.0,1.0,0.9470198675496692,0.448896247240618,22.0,0.4,0.4,0.0,0.8666666666666667,0.5666666666666667,0.8666666666666667,0.5666666666666667,0.4666666666666667,0.0,0.0,4.0,26.0,26.0,26.0,26.0,26.0,26.0,2.0,26.0,26.0,26.0,9.5,9.5,23.31103752759382,0.949889624724062,0.44828918322295797,1.0000000000000002e-06,0.13119667734930646,0.9470198675496692,0.448896247240618,0.012820512820512822,0.0,0.01282051282051282,0.01282051282051282,0.0,OK,
freeze,score_only,stale,INFEASIBLE,0.0,budget_only,count,INFEASIBLE,INFEASIBLE,INFEASIBLE,INFEASIBLE,INFEASIBLE,INFEASIBLE,INFEASIBLE,INFEASIBLE,INFEASIBLE,INFEASIBLE,INFEASIBLE,INFEASIBLE,INFEASIBLE,INFEASIBLE,INFEASIBLE,INFEASIBLE,INFEASIBLE,INFEASIBLE,INFEASIBLE,INFEASIBLE,INFEASIBLE,INFEASIBLE,INFEASIBLE,,INFEASIBLE,INFEASIBLE,INFEASIBLE,INFEASIBLE,INFEASIBLE,INFEASIBLE,INFEASIBLE,INFEASIBLE,INFEASIBLE,INFEASIBLE,INFEASIBLE,INFEASIBLE,INFEASIBLE,INFEASIBLE,INFEASIBLE,INFEASIBLE,INFEASIBLE,INFEASIBLE,INFEASIBLE,INFEASIBLE,INFEASIBLE,INFEASIBLE,INFEASIBLE,INFEASIBLE,INFEASIBLE,no_trials_in_band
freeze,score_only,stale,INFEASIBLE,0.25,budget_only,count,INFEASIBLE,INFEASIBLE,INFEASIBLE,INFEASIBLE,INFEASIBLE,INFEASIBLE,INFEASIBLE,INFEASIBLE,INFEASIBLE,INFEASIBLE,INFEASIBLE,INFEASIBLE,INFEASIBLE,INFEASIBLE,INFEASIBLE,INFEASIBLE,INFEASIBLE,INFEASIBLE,INFEASIBLE,INFEASIBLE,INFEASIBLE,INFEASIBLE,INFEASIBLE,,INFEASIBLE,INFEASIBLE,INFEASIBLE,INFEASIBLE,INFEASIBLE,INFEASIBLE,INFEASIBLE,INFEASIBLE,INFEASIBLE,INFEASIBLE,INFEASIBLE,INFEASIBLE,INFEASIBLE,INFEASIBLE,INFEASIBLE,INFEASIBLE,INFEASIBLE,INFEASIBLE,INFEASIBLE,INFEASIBLE,INFEASIBLE,INFEASIBLE,INFEASIBLE,INFEASIBLE,INFEASIBLE,no_trials_in_band
freeze,score_only,stale,INFEASIBLE,0.5,budget_only,count,INFEASIBLE,INFEASIBLE,INFEASIBLE,INFEASIBLE,INFEASIBLE,INFEASIBLE,INFEASIBLE,INFEASIBLE,INFEASIBLE,INFEASIBLE,INFEASIBLE,INFEASIBLE,INFEASIBLE,INFEASIBLE,INFEASIBLE,INFEASIBLE,INFEASIBLE,INFEASIBLE,INFEASIBLE,INFEASIBLE,INFEASIBLE,INFEASIBLE,INFEASIBLE,,INFEASIBLE,INFEASIBLE,INFEASIBLE,INFEASIBLE,INFEASIBLE,INFEASIBLE,INFEASIBLE,INFEASIBLE,INFEASIBLE,INFEASIBLE,INFEASIBLE,INFEASIBLE,INFEASIBLE,INFEASIBLE,INFEASIBLE,INFEASIBLE,INFEASIBLE,INFEASIBLE,INFEASIBLE,INFEASIBLE,INFEASIBLE,INFEASIBLE,INFEASIBLE,INFEASIBLE,INFEASIBLE,no_trials_in_band
freeze,score_only,stale,INFEASIBLE,0.75,budget_only,count,INFEASIBLE,INFEASIBLE,INFEASIBLE,INFEASIBLE,INFEASIBLE,INFEASIBLE,INFEASIBLE,INFEASIBLE,INFEASIBLE,INFEASIBLE,INFEASIBLE,INFEASIBLE,INFEASIBLE,INFEASIBLE,INFEASIBLE,INFEASIBLE,INFEASIBLE,INFEASIBLE,INFEASIBLE,INFEASIBLE,INFEASIBLE,INFEASIBLE,INFEASIBLE,,INFEASIBLE,INFEASIBLE,INFEASIBLE,INFEASIBLE,INFEASIBLE,INFEASIBLE,INFEASIBLE,INFEASIBLE,INFEASIBLE,INFEASIBLE,INFEASIBLE,INFEASIBLE,INFEASIBLE,INFEASIBLE,INFEASIBLE,INFEASIBLE,INFEASIBLE,INFEASIBLE,INFEASIBLE,INFEASIBLE,INFEASIBLE,INFEASIBLE,INFEASIBLE,INFEASIBLE,INFEASIBLE,no_trials_in_band
freeze,score_only,stale,INFEASIBLE,1.0,budget_only,count,INFEASIBLE,INFEASIBLE,INFEASIBLE,INFEASIBLE,INFEASIBLE,INFEASIBLE,INFEASIBLE,INFEASIBLE,INFEASIBLE,INFEASIBLE,INFEASIBLE,INFEASIBLE,INFEASIBLE,INFEASIBLE,INFEASIBLE,INFEASIBLE,INFEASIBLE,INFEASIBLE,INFEASIBLE,INFEASIBLE,INFEASIBLE,INFEASIBLE,INFEASIBLE,,INFEASIBLE,INFEASIBLE,INFEASIBLE,INFEASIBLE,INFEASIBLE,INFEASIBLE,INFEASIBLE,INFEASIBLE,INFEASIBLE,INFEASIBLE,INFEASIBLE,INFEASIBLE,INFEASIBLE,INFEASIBLE,INFEASIBLE,INFEASIBLE,INFEASIBLE,INFEASIBLE,INFEASIBLE,INFEASIBLE,INFEASIBLE,INFEASIBLE,INFEASIBLE,INFEASIBLE,INFEASIBLE,no_trials_in_band
