kind,panel,detector,budget,attack_strength,matched_mode,matched_budget_band,matched_tol_budget,tiw_cap,matched_tol_tiw,n_trials_total,n_trials_budget,n_trials_joint,n_trials_primary,coverage_budget,coverage_joint,coverage_primary,fae_null_mean_primary,tiw_null_mean_primary,false_alert_events_count_mean_primary,detect_rate,detect_rate_null,uplift_detect_rate,event_success_rate,event_timely_sla_rate,event_anywarn_success_rate,event_anywarn_timely_sla_rate,event_preexisting_warning_rate,contract_pass_full_rate,contract_pass_full_anywarn_rate,event_sla_months,median_delay,median_delay_null,delay_p50,delay_p90,delay_null_p50,delay_null_p90,event_delay_p50,event_delay_p90,event_time_to_trigger_p50,event_time_to_trigger_p90,median_delay_uncens,median_delay_null_uncens,mean_false_alarm_months_per_year,mean_false_alert_events_per_year,mean_time_in_warning,mean_p_star,mean_effect_size,mean_fae_null,mean_tiw_null,mean_cad_win,mean_cad_post,mean_dtiw_win,mean_abs_dtiw_win,mean_dtiw_post,row_status,infeasible_reason
corr_mix,all_only,T2,INFEASIBLE,0.15,budget_only,count,INFEASIBLE,INFEASIBLE,INFEASIBLE,INFEASIBLE,INFEASIBLE,INFEASIBLE,INFEASIBLE,INFEASIBLE,INFEASIBLE,INFEASIBLE,INFEASIBLE,INFEASIBLE,INFEASIBLE,INFEASIBLE,INFEASIBLE,INFEASIBLE,INFEASIBLE,INFEASIBLE,INFEASIBLE,INFEASIBLE,INFEASIBLE,INFEASIBLE,INFEASIBLE,,INFEASIBLE,INFEASIBLE,INFEASIBLE,INFEASIBLE,INFEASIBLE,INFEASIBLE,INFEASIBLE,INFEASIBLE,INFEASIBLE,INFEASIBLE,INFEASIBLE,INFEASIBLE,INFEASIBLE,INFEASIBLE,INFEASIBLE,INFEASIBLE,INFEASIBLE,INFEASIBLE,INFEASIBLE,INFEASIBLE,INFEASIBLE,INFEASIBLE,INFEASIBLE,INFEASIBLE,INFEASIBLE,no_trials_in_band
corr_mix,all_only,T2,INFEASIBLE,0.25,budget_only,count,INFEASIBLE,INFEASIBLE,INFEASIBLE,INFEASIBLE,INFEASIBLE,INFEASIBLE,INFEASIBLE,INFEASIBLE,INFEASIBLE,INFEASIBLE,INFEASIBLE,INFEASIBLE,INFEASIBLE,INFEASIBLE,INFEASIBLE,INFEASIBLE,INFEASIBLE,INFEASIBLE,INFEASIBLE,INFEASIBLE,INFEASIBLE,INFEASIBLE,INFEASIBLE,,INFEASIBLE,INFEASIBLE,INFEASIBLE,INFEASIBLE,INFEASIBLE,INFEASIBLE,INFEASIBLE,INFEASIBLE,INFEASIBLE,INFEASIBLE,INFEASIBLE,INFEASIBLE,INFEASIBLE,INFEASIBLE,INFEASIBLE,INFEASIBLE,INFEASIBLE,INFEASIBLE,INFEASIBLE,INFEASIBLE,INFEASIBLE,INFEASIBLE,INFEASIBLE,INFEASIBLE,INFEASIBLE,no_trials_in_band
corr_mix,all_only,T2,INFEASIBLE,0.35,budget_only,count,INFEASIBLE,INFEASIBLE,INFEASIBLE,INFEASIBLE,INFEASIBLE,INFEASIBLE,INFEASIBLE,INFEASIBLE,INFEASIBLE,INFEASIBLE,INFEASIBLE,INFEASIBLE,INFEASIBLE,INFEASIBLE,INFEASIBLE,INFEASIBLE,INFEASIBLE,INFEASIBLE,INFEASIBLE,INFEASIBLE,INFEASIBLE,INFEASIBLE,INFEASIBLE,,INFEASIBLE,INFEASIBLE,INFEASIBLE,INFEASIBLE,INFEASIBLE,INFEASIBLE,INFEASIBLE,INFEASIBLE,INFEASIBLE,INFEASIBLE,INFEASIBLE,INFEASIBLE,INFEASIBLE,INFEASIBLE,INFEASIBLE,INFEASIBLE,INFEASIBLE,INFEASIBLE,INFEASIBLE,INFEASIBLE,INFEASIBLE,INFEASIBLE,INFEASIBLE,INFEASIBLE,INFEASIBLE,no_trials_in_band
corr_mix,all_only,T2,INFEASIBLE,0.5,budget_only,count,INFEASIBLE,INFEASIBLE,INFEASIBLE,INFEASIBLE,INFEASIBLE,INFEASIBLE,INFEASIBLE,INFEASIBLE,INFEASIBLE,INFEASIBLE,INFEASIBLE,INFEASIBLE,INFEASIBLE,INFEASIBLE,INFEASIBLE,INFEASIBLE,INFEASIBLE,INFEASIBLE,INFEASIBLE,INFEASIBLE,INFEASIBLE,INFEASIBLE,INFEASIBLE,,INFEASIBLE,INFEASIBLE,INFEASIBLE,INFEASIBLE,INFEASIBLE,INFEASIBLE,INFEASIBLE,INFEASIBLE,INFEASIBLE,INFEASIBLE,INFEASIBLE,INFEASIBLE,INFEASIBLE,INFEASIBLE,INFEASIBLE,INFEASIBLE,INFEASIBLE,INFEASIBLE,INFEASIBLE,INFEASIBLE,INFEASIBLE,INFEASIBLE,INFEASIBLE,INFEASIBLE,INFEASIBLE,no_trials_in_band
corr_mix,all_only,cusum_factor_cov_lrt,1.0,0.15,budget_only,count,0.1,0.15,0.1,80,80,0,80,1.0,0.0,1.0,0.9543103448275861,0.29137931034482756,4.6125,0.55,0.55,0.0,0.75,0.4625,0.75,0.4625,0.25,0.0,0.0,1.0,5.0,5.0,5.0,6.0,5.0,6.0,2.0,6.0,5.0,6.0,2.0,2.0,3.496551724137931,0.9543103448275861,0.29137931034482756,NA,0.32033419404596924,0.9543103448275861,0.29137931034482756,0.0,0.0,0.0,0.0,0.0,OK,
corr_mix,all_only,cusum_factor_cov_lrt,1.0,0.25,budget_only,count,0.1,0.15,0.1,80,80,0,80,1.0,0.0,1.0,0.9543103448275861,0.29137931034482756,4.6125,0.55,0.55,0.0,0.75,0.4625,0.75,0.4625,0.25,0.0,0.0,1.0,5.0,5.0,5.0,6.0,5.0,6.0,2.0,6.0,5.0,6.0,2.0,2.0,3.496551724137931,0.9543103448275861,0.29137931034482756,NA,0.32033419404596924,0.9543103448275861,0.29137931034482756,0.0,0.0,0.0,0.0,0.0,OK,
corr_mix,all_only,cusum_factor_cov_lrt,1.0,0.35,budget_only,count,0.1,0.15,0.1,80,80,0,80,1.0,0.0,1.0,0.9543103448275861,0.29137931034482756,4.6125,0.55,0.55,0.0,0.75,0.4625,0.75,0.4625,0.25,0.0,0.0,1.0,5.0,5.0,5.0,6.0,5.0,6.0,2.0,6.0,5.0,6.0,2.0,2.0,3.496551724137931,0.9543103448275861,0.29137931034482756,NA,0.32033419404596924,0.9543103448275861,0.29137931034482756,0.0,0.0,0.0,0.0,0.0,OK,
corr_mix,all_only,cusum_factor_cov_lrt,1.0,0.5,budget_only,count,0.1,0.15,0.1,80,80,0,80,1.0,0.0,1.0,0.9543103448275861,0.29137931034482756,4.6125,0.55,0.55,0.0,0.75,0.4625,0.75,0.4625,0.25,0.0,0.0,1.0,5.0,5.0,5.0,6.0,5.0,6.0,2.0,6.0,5.0,6.0,2.0,2.0,3.496551724137931,0.9543103448275861,0.29137931034482756,NA,0.32033419404596924,0.9543103448275861,0.29137931034482756,0.0,0.0,0.0,0.0,0.0,OK,
corr_mix,all_only,ewma_factor_cov_lrt,INFEASIBLE,0.15,budget_only,count,INFEASIBLE,INFEASIBLE,INFEASIBLE,INFEASIBLE,INFEASIBLE,INFEASIBLE,INFEASIBLE,INFEASIBLE,INFEASIBLE,INFEASIBLE,INFEASIBLE,INFEASIBLE,INFEASIBLE,INFEASIBLE,INFEASIBLE,INFEASIBLE,INFEASIBLE,INFEASIBLE,INFEASIBLE,INFEASIBLE,INFEASIBLE,INFEASIBLE,INFEASIBLE,,INFEASIBLE,INFEASIBLE,INFEASIBLE,INFEASIBLE,INFEASIBLE,INFEASIBLE,INFEASIBLE,INFEASIBLE,INFEASIBLE,INFEASIBLE,INFEASIBLE,INFEASIBLE,INFEASIBLE,INFEASIBLE,INFEASIBLE,INFEASIBLE,INFEASIBLE,INFEASIBLE,INFEASIBLE,INFEASIBLE,INFEASIBLE,INFEASIBLE,INFEASIBLE,INFEASIBLE,INFEASIBLE,no_trials_in_band
corr_mix,all_only,ewma_factor_cov_lrt,INFEASIBLE,0.25,budget_only,count,INFEASIBLE,INFEASIBLE,INFEASIBLE,INFEASIBLE,INFEASIBLE,INFEASIBLE,INFEASIBLE,INFEASIBLE,INFEASIBLE,INFEASIBLE,INFEASIBLE,INFEASIBLE,INFEASIBLE,INFEASIBLE,INFEASIBLE,INFEASIBLE,INFEASIBLE,INFEASIBLE,INFEASIBLE,INFEASIBLE,INFEASIBLE,INFEASIBLE,INFEASIBLE,,INFEASIBLE,INFEASIBLE,INFEASIBLE,INFEASIBLE,INFEASIBLE,INFEASIBLE,INFEASIBLE,INFEASIBLE,INFEASIBLE,INFEASIBLE,INFEASIBLE,INFEASIBLE,INFEASIBLE,INFEASIBLE,INFEASIBLE,INFEASIBLE,INFEASIBLE,INFEASIBLE,INFEASIBLE,INFEASIBLE,INFEASIBLE,INFEASIBLE,INFEASIBLE,INFEASIBLE,INFEASIBLE,no_trials_in_band
corr_mix,all_only,ewma_factor_cov_lrt,INFEASIBLE,0.35,budget_only,count,INFEASIBLE,INFEASIBLE,INFEASIBLE,INFEASIBLE,INFEASIBLE,INFEASIBLE,INFEASIBLE,INFEASIBLE,INFEASIBLE,INFEASIBLE,INFEASIBLE,INFEASIBLE,INFEASIBLE,INFEASIBLE,INFEASIBLE,INFEASIBLE,INFEASIBLE,INFEASIBLE,INFEASIBLE,INFEASIBLE,INFEASIBLE,INFEASIBLE,INFEASIBLE,,INFEASIBLE,INFEASIBLE,INFEASIBLE,INFEASIBLE,INFEASIBLE,INFEASIBLE,INFEASIBLE,INFEASIBLE,INFEASIBLE,INFEASIBLE,INFEASIBLE,INFEASIBLE,INFEASIBLE,INFEASIBLE,INFEASIBLE,INFEASIBLE,INFEASIBLE,INFEASIBLE,INFEASIBLE,INFEASIBLE,INFEASIBLE,INFEASIBLE,INFEASIBLE,INFEASIBLE,INFEASIBLE,no_trials_in_band
corr_mix,all_only,ewma_factor_cov_lrt,INFEASIBLE,0.5,budget_only,count,INFEASIBLE,INFEASIBLE,INFEASIBLE,INFEASIBLE,INFEASIBLE,INFEASIBLE,INFEASIBLE,INFEASIBLE,INFEASIBLE,INFEASIBLE,INFEASIBLE,INFEASIBLE,INFEASIBLE,INFEASIBLE,INFEASIBLE,INFEASIBLE,INFEASIBLE,INFEASIBLE,INFEASIBLE,INFEASIBLE,INFEASIBLE,INFEASIBLE,INFEASIBLE,,INFEASIBLE,INFEASIBLE,INFEASIBLE,INFEASIBLE,INFEASIBLE,INFEASIBLE,INFEASIBLE,INFEASIBLE,INFEASIBLE,INFEASIBLE,INFEASIBLE,INFEASIBLE,INFEASIBLE,INFEASIBLE,INFEASIBLE,INFEASIBLE,INFEASIBLE,INFEASIBLE,INFEASIBLE,INFEASIBLE,INFEASIBLE,INFEASIBLE,INFEASIBLE,INFEASIBLE,INFEASIBLE,no_trials_in_band
corr_mix,all_only,factor_cov_change,INFEASIBLE,0.15,budget_only,count,INFEASIBLE,INFEASIBLE,INFEASIBLE,INFEASIBLE,INFEASIBLE,INFEASIBLE,INFEASIBLE,INFEASIBLE,INFEASIBLE,INFEASIBLE,INFEASIBLE,INFEASIBLE,INFEASIBLE,INFEASIBLE,INFEASIBLE,INFEASIBLE,INFEASIBLE,INFEASIBLE,INFEASIBLE,INFEASIBLE,INFEASIBLE,INFEASIBLE,INFEASIBLE,,INFEASIBLE,INFEASIBLE,INFEASIBLE,INFEASIBLE,INFEASIBLE,INFEASIBLE,INFEASIBLE,INFEASIBLE,INFEASIBLE,INFEASIBLE,INFEASIBLE,INFEASIBLE,INFEASIBLE,INFEASIBLE,INFEASIBLE,INFEASIBLE,INFEASIBLE,INFEASIBLE,INFEASIBLE,INFEASIBLE,INFEASIBLE,INFEASIBLE,INFEASIBLE,INFEASIBLE,INFEASIBLE,no_trials_in_band
corr_mix,all_only,factor_cov_change,INFEASIBLE,0.25,budget_only,count,INFEASIBLE,INFEASIBLE,INFEASIBLE,INFEASIBLE,INFEASIBLE,INFEASIBLE,INFEASIBLE,INFEASIBLE,INFEASIBLE,INFEASIBLE,INFEASIBLE,INFEASIBLE,INFEASIBLE,INFEASIBLE,INFEASIBLE,INFEASIBLE,INFEASIBLE,INFEASIBLE,INFEASIBLE,INFEASIBLE,INFEASIBLE,INFEASIBLE,INFEASIBLE,,INFEASIBLE,INFEASIBLE,INFEASIBLE,INFEASIBLE,INFEASIBLE,INFEASIBLE,INFEASIBLE,INFEASIBLE,INFEASIBLE,INFEASIBLE,INFEASIBLE,INFEASIBLE,INFEASIBLE,INFEASIBLE,INFEASIBLE,INFEASIBLE,INFEASIBLE,INFEASIBLE,INFEASIBLE,INFEASIBLE,INFEASIBLE,INFEASIBLE,INFEASIBLE,INFEASIBLE,INFEASIBLE,no_trials_in_band
corr_mix,all_only,factor_cov_change,INFEASIBLE,0.35,budget_only,count,INFEASIBLE,INFEASIBLE,INFEASIBLE,INFEASIBLE,INFEASIBLE,INFEASIBLE,INFEASIBLE,INFEASIBLE,INFEASIBLE,INFEASIBLE,INFEASIBLE,INFEASIBLE,INFEASIBLE,INFEASIBLE,INFEASIBLE,INFEASIBLE,INFEASIBLE,INFEASIBLE,INFEASIBLE,INFEASIBLE,INFEASIBLE,INFEASIBLE,INFEASIBLE,,INFEASIBLE,INFEASIBLE,INFEASIBLE,INFEASIBLE,INFEASIBLE,INFEASIBLE,INFEASIBLE,INFEASIBLE,INFEASIBLE,INFEASIBLE,INFEASIBLE,INFEASIBLE,INFEASIBLE,INFEASIBLE,INFEASIBLE,INFEASIBLE,INFEASIBLE,INFEASIBLE,INFEASIBLE,INFEASIBLE,INFEASIBLE,INFEASIBLE,INFEASIBLE,INFEASIBLE,INFEASIBLE,no_trials_in_band
corr_mix,all_only,factor_cov_change,INFEASIBLE,0.5,budget_only,count,INFEASIBLE,INFEASIBLE,INFEASIBLE,INFEASIBLE,INFEASIBLE,INFEASIBLE,INFEASIBLE,INFEASIBLE,INFEASIBLE,INFEASIBLE,INFEASIBLE,INFEASIBLE,INFEASIBLE,INFEASIBLE,INFEASIBLE,INFEASIBLE,INFEASIBLE,INFEASIBLE,INFEASIBLE,INFEASIBLE,INFEASIBLE,INFEASIBLE,INFEASIBLE,,INFEASIBLE,INFEASIBLE,INFEASIBLE,INFEASIBLE,INFEASIBLE,INFEASIBLE,INFEASIBLE,INFEASIBLE,INFEASIBLE,INFEASIBLE,INFEASIBLE,INFEASIBLE,INFEASIBLE,INFEASIBLE,INFEASIBLE,INFEASIBLE,INFEASIBLE,INFEASIBLE,INFEASIBLE,INFEASIBLE,INFEASIBLE,INFEASIBLE,INFEASIBLE,INFEASIBLE,INFEASIBLE,no_trials_in_band
corr_mix,all_only,factor_cov_delta,INFEASIBLE,0.15,budget_only,count,INFEASIBLE,INFEASIBLE,INFEASIBLE,INFEASIBLE,INFEASIBLE,INFEASIBLE,INFEASIBLE,INFEASIBLE,INFEASIBLE,INFEASIBLE,INFEASIBLE,INFEASIBLE,INFEASIBLE,INFEASIBLE,INFEASIBLE,INFEASIBLE,INFEASIBLE,INFEASIBLE,INFEASIBLE,INFEASIBLE,INFEASIBLE,INFEASIBLE,INFEASIBLE,,INFEASIBLE,INFEASIBLE,INFEASIBLE,INFEASIBLE,INFEASIBLE,INFEASIBLE,INFEASIBLE,INFEASIBLE,INFEASIBLE,INFEASIBLE,INFEASIBLE,INFEASIBLE,INFEASIBLE,INFEASIBLE,INFEASIBLE,INFEASIBLE,INFEASIBLE,INFEASIBLE,INFEASIBLE,INFEASIBLE,INFEASIBLE,INFEASIBLE,INFEASIBLE,INFEASIBLE,INFEASIBLE,no_trials_in_band
corr_mix,all_only,factor_cov_delta,INFEASIBLE,0.25,budget_only,count,INFEASIBLE,INFEASIBLE,INFEASIBLE,INFEASIBLE,INFEASIBLE,INFEASIBLE,INFEASIBLE,INFEASIBLE,INFEASIBLE,INFEASIBLE,INFEASIBLE,INFEASIBLE,INFEASIBLE,INFEASIBLE,INFEASIBLE,INFEASIBLE,INFEASIBLE,INFEASIBLE,INFEASIBLE,INFEASIBLE,INFEASIBLE,INFEASIBLE,INFEASIBLE,,INFEASIBLE,INFEASIBLE,INFEASIBLE,INFEASIBLE,INFEASIBLE,INFEASIBLE,INFEASIBLE,INFEASIBLE,INFEASIBLE,INFEASIBLE,INFEASIBLE,INFEASIBLE,INFEASIBLE,INFEASIBLE,INFEASIBLE,INFEASIBLE,INFEASIBLE,INFEASIBLE,INFEASIBLE,INFEASIBLE,INFEASIBLE,INFEASIBLE,INFEASIBLE,INFEASIBLE,INFEASIBLE,no_trials_in_band
corr_mix,all_only,factor_cov_delta,INFEASIBLE,0.35,budget_only,count,INFEASIBLE,INFEASIBLE,INFEASIBLE,INFEASIBLE,INFEASIBLE,INFEASIBLE,INFEASIBLE,INFEASIBLE,INFEASIBLE,INFEASIBLE,INFEASIBLE,INFEASIBLE,INFEASIBLE,INFEASIBLE,INFEASIBLE,INFEASIBLE,INFEASIBLE,INFEASIBLE,INFEASIBLE,INFEASIBLE,INFEASIBLE,INFEASIBLE,INFEASIBLE,,INFEASIBLE,INFEASIBLE,INFEASIBLE,INFEASIBLE,INFEASIBLE,INFEASIBLE,INFEASIBLE,INFEASIBLE,INFEASIBLE,INFEASIBLE,INFEASIBLE,INFEASIBLE,INFEASIBLE,INFEASIBLE,INFEASIBLE,INFEASIBLE,INFEASIBLE,INFEASIBLE,INFEASIBLE,INFEASIBLE,INFEASIBLE,INFEASIBLE,INFEASIBLE,INFEASIBLE,INFEASIBLE,no_trials_in_band
corr_mix,all_only,factor_cov_delta,INFEASIBLE,0.5,budget_only,count,INFEASIBLE,INFEASIBLE,INFEASIBLE,INFEASIBLE,INFEASIBLE,INFEASIBLE,INFEASIBLE,INFEASIBLE,INFEASIBLE,INFEASIBLE,INFEASIBLE,INFEASIBLE,INFEASIBLE,INFEASIBLE,INFEASIBLE,INFEASIBLE,INFEASIBLE,INFEASIBLE,INFEASIBLE,INFEASIBLE,INFEASIBLE,INFEASIBLE,INFEASIBLE,,INFEASIBLE,INFEASIBLE,INFEASIBLE,INFEASIBLE,INFEASIBLE,INFEASIBLE,INFEASIBLE,INFEASIBLE,INFEASIBLE,INFEASIBLE,INFEASIBLE,INFEASIBLE,INFEASIBLE,INFEASIBLE,INFEASIBLE,INFEASIBLE,INFEASIBLE,INFEASIBLE,INFEASIBLE,INFEASIBLE,INFEASIBLE,INFEASIBLE,INFEASIBLE,INFEASIBLE,INFEASIBLE,no_trials_in_band
corr_mix,all_only,factor_cov_lrt,INFEASIBLE,0.15,budget_only,count,INFEASIBLE,INFEASIBLE,INFEASIBLE,INFEASIBLE,INFEASIBLE,INFEASIBLE,INFEASIBLE,INFEASIBLE,INFEASIBLE,INFEASIBLE,INFEASIBLE,INFEASIBLE,INFEASIBLE,INFEASIBLE,INFEASIBLE,INFEASIBLE,INFEASIBLE,INFEASIBLE,INFEASIBLE,INFEASIBLE,INFEASIBLE,INFEASIBLE,INFEASIBLE,,INFEASIBLE,INFEASIBLE,INFEASIBLE,INFEASIBLE,INFEASIBLE,INFEASIBLE,INFEASIBLE,INFEASIBLE,INFEASIBLE,INFEASIBLE,INFEASIBLE,INFEASIBLE,INFEASIBLE,INFEASIBLE,INFEASIBLE,INFEASIBLE,INFEASIBLE,INFEASIBLE,INFEASIBLE,INFEASIBLE,INFEASIBLE,INFEASIBLE,INFEASIBLE,INFEASIBLE,INFEASIBLE,no_trials_in_band
corr_mix,all_only,factor_cov_lrt,INFEASIBLE,0.25,budget_only,count,INFEASIBLE,INFEASIBLE,INFEASIBLE,INFEASIBLE,INFEASIBLE,INFEASIBLE,INFEASIBLE,INFEASIBLE,INFEASIBLE,INFEASIBLE,INFEASIBLE,INFEASIBLE,INFEASIBLE,INFEASIBLE,INFEASIBLE,INFEASIBLE,INFEASIBLE,INFEASIBLE,INFEASIBLE,INFEASIBLE,INFEASIBLE,INFEASIBLE,INFEASIBLE,,INFEASIBLE,INFEASIBLE,INFEASIBLE,INFEASIBLE,INFEASIBLE,INFEASIBLE,INFEASIBLE,INFEASIBLE,INFEASIBLE,INFEASIBLE,INFEASIBLE,INFEASIBLE,INFEASIBLE,INFEASIBLE,INFEASIBLE,INFEASIBLE,INFEASIBLE,INFEASIBLE,INFEASIBLE,INFEASIBLE,INFEASIBLE,INFEASIBLE,INFEASIBLE,INFEASIBLE,INFEASIBLE,no_trials_in_band
corr_mix,all_only,factor_cov_lrt,INFEASIBLE,0.35,budget_only,count,INFEASIBLE,INFEASIBLE,INFEASIBLE,INFEASIBLE,INFEASIBLE,INFEASIBLE,INFEASIBLE,INFEASIBLE,INFEASIBLE,INFEASIBLE,INFEASIBLE,INFEASIBLE,INFEASIBLE,INFEASIBLE,INFEASIBLE,INFEASIBLE,INFEASIBLE,INFEASIBLE,INFEASIBLE,INFEASIBLE,INFEASIBLE,INFEASIBLE,INFEASIBLE,,INFEASIBLE,INFEASIBLE,INFEASIBLE,INFEASIBLE,INFEASIBLE,INFEASIBLE,INFEASIBLE,INFEASIBLE,INFEASIBLE,INFEASIBLE,INFEASIBLE,INFEASIBLE,INFEASIBLE,INFEASIBLE,INFEASIBLE,INFEASIBLE,INFEASIBLE,INFEASIBLE,INFEASIBLE,INFEASIBLE,INFEASIBLE,INFEASIBLE,INFEASIBLE,INFEASIBLE,INFEASIBLE,no_trials_in_band
corr_mix,all_only,factor_cov_lrt,INFEASIBLE,0.5,budget_only,count,INFEASIBLE,INFEASIBLE,INFEASIBLE,INFEASIBLE,INFEASIBLE,INFEASIBLE,INFEASIBLE,INFEASIBLE,INFEASIBLE,INFEASIBLE,INFEASIBLE,INFEASIBLE,INFEASIBLE,INFEASIBLE,INFEASIBLE,INFEASIBLE,INFEASIBLE,INFEASIBLE,INFEASIBLE,INFEASIBLE,INFEASIBLE,INFEASIBLE,INFEASIBLE,,INFEASIBLE,INFEASIBLE,INFEASIBLE,INFEASIBLE,INFEASIBLE,INFEASIBLE,INFEASIBLE,INFEASIBLE,INFEASIBLE,INFEASIBLE,INFEASIBLE,INFEASIBLE,INFEASIBLE,INFEASIBLE,INFEASIBLE,INFEASIBLE,INFEASIBLE,INFEASIBLE,INFEASIBLE,INFEASIBLE,INFEASIBLE,INFEASIBLE,INFEASIBLE,INFEASIBLE,INFEASIBLE,no_trials_in_band
corr_mix,all_only,factor_cov_lrt_delta,1.0,0.15,budget_only,count,0.1,0.15,0.1,80,56,56,56,0.7,0.7,0.7,0.8275862068965517,0.13546798029556653,4.0,0.017857142857142856,0.017857142857142856,0.0,0.14285714285714285,0.125,0.14285714285714285,0.125,0.125,0.125,0.125,1.0,6.0,6.0,6.0,6.0,6.0,6.0,6.0,6.0,6.0,6.0,5.0,5.0,1.6256157635467983,0.8275862068965517,0.13546798029556653,0.0892005405892773,-0.027752120736517484,0.8275862068965517,0.13546798029556653,0.0,0.0,0.0,0.0,0.0,OK,
corr_mix,all_only,factor_cov_lrt_delta,1.0,0.25,budget_only,count,0.1,0.15,0.1,80,56,56,56,0.7,0.7,0.7,0.8275862068965517,0.13546798029556653,4.0,0.017857142857142856,0.017857142857142856,0.0,0.14285714285714285,0.125,0.14285714285714285,0.125,0.125,0.125,0.125,1.0,6.0,6.0,6.0,6.0,6.0,6.0,6.0,6.0,6.0,6.0,5.0,5.0,1.6256157635467983,0.8275862068965517,0.13546798029556653,0.0892005405892773,-0.027752120736517484,0.8275862068965517,0.13546798029556653,0.0,0.0,0.0,0.0,0.0,OK,
corr_mix,all_only,factor_cov_lrt_delta,1.0,0.35,budget_only,count,0.1,0.15,0.1,80,56,56,56,0.7,0.7,0.7,0.8275862068965517,0.13546798029556653,4.0,0.017857142857142856,0.017857142857142856,0.0,0.14285714285714285,0.125,0.14285714285714285,0.125,0.125,0.125,0.125,1.0,6.0,6.0,6.0,6.0,6.0,6.0,6.0,6.0,6.0,6.0,5.0,5.0,1.6256157635467983,0.8275862068965517,0.13546798029556653,0.0892005405892773,-0.027752120736517484,0.8275862068965517,0.13546798029556653,0.0,0.0,0.0,0.0,0.0,OK,
corr_mix,all_only,factor_cov_lrt_delta,1.0,0.5,budget_only,count,0.1,0.15,0.1,80,56,56,56,0.7,0.7,0.7,0.8275862068965517,0.13546798029556653,4.0,0.017857142857142856,0.017857142857142856,0.0,0.14285714285714285,0.125,0.14285714285714285,0.125,0.125,0.125,0.125,1.0,6.0,6.0,6.0,6.0,6.0,6.0,6.0,6.0,6.0,6.0,5.0,5.0,1.6256157635467983,0.8275862068965517,0.13546798029556653,0.0892005405892773,-0.027752120736517484,0.8275862068965517,0.13546798029556653,0.0,0.0,0.0,0.0,0.0,OK,
corr_mix,all_only,fused_fisher,1.0,0.15,budget_only,count,0.1,0.15,0.1,80,61,11,61,0.7625,0.1375,0.7625,0.827586206896552,0.1927642736009045,4.0,0.11475409836065574,0.11475409836065574,0.0,0.22950819672131148,0.16393442622950818,0.22950819672131148,0.16393442622950818,0.11475409836065574,0.11475409836065574,0.11475409836065574,1.0,6.0,6.0,6.0,6.0,6.0,6.0,6.0,6.0,6.0,6.0,2.0,2.0,2.3131712832108535,0.827586206896552,0.1927642736009045,0.019583625576064034,-0.18156570533013644,0.827586206896552,0.1927642736009045,0.0,0.0,0.0,0.0,0.0,OK,
corr_mix,all_only,fused_fisher,1.0,0.25,budget_only,count,0.1,0.15,0.1,80,61,11,61,0.7625,0.1375,0.7625,0.827586206896552,0.1927642736009045,4.0,0.11475409836065574,0.11475409836065574,0.0,0.22950819672131148,0.16393442622950818,0.22950819672131148,0.16393442622950818,0.11475409836065574,0.11475409836065574,0.11475409836065574,1.0,6.0,6.0,6.0,6.0,6.0,6.0,6.0,6.0,6.0,6.0,2.0,2.0,2.3131712832108535,0.827586206896552,0.1927642736009045,0.019583625576064034,-0.18156570533013644,0.827586206896552,0.1927642736009045,0.0,0.0,0.0,0.0,0.0,OK,
corr_mix,all_only,fused_fisher,1.0,0.35,budget_only,count,0.1,0.15,0.1,80,61,11,61,0.7625,0.1375,0.7625,0.827586206896552,0.1927642736009045,4.0,0.11475409836065574,0.11475409836065574,0.0,0.22950819672131148,0.16393442622950818,0.22950819672131148,0.16393442622950818,0.11475409836065574,0.11475409836065574,0.11475409836065574,1.0,6.0,6.0,6.0,6.0,6.0,6.0,6.0,6.0,6.0,6.0,2.0,2.0,2.3131712832108535,0.827586206896552,0.1927642736009045,0.019583625576064034,-0.18156570533013644,0.827586206896552,0.1927642736009045,0.0,0.0,0.0,0.0,0.0,OK,
corr_mix,all_only,fused_fisher,1.0,0.5,budget_only,count,0.1,0.15,0.1,80,61,11,61,0.7625,0.1375,0.7625,0.827586206896552,0.1927642736009045,4.0,0.11475409836065574,0.11475409836065574,0.0,0.22950819672131148,0.16393442622950818,0.22950819672131148,0.16393442622950818,0.11475409836065574,0.11475409836065574,0.11475409836065574,1.0,6.0,6.0,6.0,6.0,6.0,6.0,6.0,6.0,6.0,6.0,2.0,2.0,2.3131712832108535,0.827586206896552,0.1927642736009045,0.019583625576064034,-0.18156570533013644,0.827586206896552,0.1927642736009045,0.0,0.0,0.0,0.0,0.0,OK,
corr_mix,all_only,fused_fisher_lrt_delta,INFEASIBLE,0.15,budget_only,count,INFEASIBLE,INFEASIBLE,INFEASIBLE,INFEASIBLE,INFEASIBLE,INFEASIBLE,INFEASIBLE,INFEASIBLE,INFEASIBLE,INFEASIBLE,INFEASIBLE,INFEASIBLE,INFEASIBLE,INFEASIBLE,INFEASIBLE,INFEASIBLE,INFEASIBLE,INFEASIBLE,INFEASIBLE,INFEASIBLE,INFEASIBLE,INFEASIBLE,INFEASIBLE,,INFEASIBLE,INFEASIBLE,INFEASIBLE,INFEASIBLE,INFEASIBLE,INFEASIBLE,INFEASIBLE,INFEASIBLE,INFEASIBLE,INFEASIBLE,INFEASIBLE,INFEASIBLE,INFEASIBLE,INFEASIBLE,INFEASIBLE,INFEASIBLE,INFEASIBLE,INFEASIBLE,INFEASIBLE,INFEASIBLE,INFEASIBLE,INFEASIBLE,INFEASIBLE,INFEASIBLE,INFEASIBLE,no_trials_in_band
corr_mix,all_only,fused_fisher_lrt_delta,INFEASIBLE,0.25,budget_only,count,INFEASIBLE,INFEASIBLE,INFEASIBLE,INFEASIBLE,INFEASIBLE,INFEASIBLE,INFEASIBLE,INFEASIBLE,INFEASIBLE,INFEASIBLE,INFEASIBLE,INFEASIBLE,INFEASIBLE,INFEASIBLE,INFEASIBLE,INFEASIBLE,INFEASIBLE,INFEASIBLE,INFEASIBLE,INFEASIBLE,INFEASIBLE,INFEASIBLE,INFEASIBLE,,INFEASIBLE,INFEASIBLE,INFEASIBLE,INFEASIBLE,INFEASIBLE,INFEASIBLE,INFEASIBLE,INFEASIBLE,INFEASIBLE,INFEASIBLE,INFEASIBLE,INFEASIBLE,INFEASIBLE,INFEASIBLE,INFEASIBLE,INFEASIBLE,INFEASIBLE,INFEASIBLE,INFEASIBLE,INFEASIBLE,INFEASIBLE,INFEASIBLE,INFEASIBLE,INFEASIBLE,INFEASIBLE,no_trials_in_band
corr_mix,all_only,fused_fisher_lrt_delta,INFEASIBLE,0.35,budget_only,count,INFEASIBLE,INFEASIBLE,INFEASIBLE,INFEASIBLE,INFEASIBLE,INFEASIBLE,INFEASIBLE,INFEASIBLE,INFEASIBLE,INFEASIBLE,INFEASIBLE,INFEASIBLE,INFEASIBLE,INFEASIBLE,INFEASIBLE,INFEASIBLE,INFEASIBLE,INFEASIBLE,INFEASIBLE,INFEASIBLE,INFEASIBLE,INFEASIBLE,INFEASIBLE,,INFEASIBLE,INFEASIBLE,INFEASIBLE,INFEASIBLE,INFEASIBLE,INFEASIBLE,INFEASIBLE,INFEASIBLE,INFEASIBLE,INFEASIBLE,INFEASIBLE,INFEASIBLE,INFEASIBLE,INFEASIBLE,INFEASIBLE,INFEASIBLE,INFEASIBLE,INFEASIBLE,INFEASIBLE,INFEASIBLE,INFEASIBLE,INFEASIBLE,INFEASIBLE,INFEASIBLE,INFEASIBLE,no_trials_in_band
corr_mix,all_only,fused_fisher_lrt_delta,INFEASIBLE,0.5,budget_only,count,INFEASIBLE,INFEASIBLE,INFEASIBLE,INFEASIBLE,INFEASIBLE,INFEASIBLE,INFEASIBLE,INFEASIBLE,INFEASIBLE,INFEASIBLE,INFEASIBLE,INFEASIBLE,INFEASIBLE,INFEASIBLE,INFEASIBLE,INFEASIBLE,INFEASIBLE,INFEASIBLE,INFEASIBLE,INFEASIBLE,INFEASIBLE,INFEASIBLE,INFEASIBLE,,INFEASIBLE,INFEASIBLE,INFEASIBLE,INFEASIBLE,INFEASIBLE,INFEASIBLE,INFEASIBLE,INFEASIBLE,INFEASIBLE,INFEASIBLE,INFEASIBLE,INFEASIBLE,INFEASIBLE,INFEASIBLE,INFEASIBLE,INFEASIBLE,INFEASIBLE,INFEASIBLE,INFEASIBLE,INFEASIBLE,INFEASIBLE,INFEASIBLE,INFEASIBLE,INFEASIBLE,INFEASIBLE,no_trials_in_band
corr_mix,all_only,fused_sp,INFEASIBLE,0.15,budget_only,count,INFEASIBLE,INFEASIBLE,INFEASIBLE,INFEASIBLE,INFEASIBLE,INFEASIBLE,INFEASIBLE,INFEASIBLE,INFEASIBLE,INFEASIBLE,INFEASIBLE,INFEASIBLE,INFEASIBLE,INFEASIBLE,INFEASIBLE,INFEASIBLE,INFEASIBLE,INFEASIBLE,INFEASIBLE,INFEASIBLE,INFEASIBLE,INFEASIBLE,INFEASIBLE,,INFEASIBLE,INFEASIBLE,INFEASIBLE,INFEASIBLE,INFEASIBLE,INFEASIBLE,INFEASIBLE,INFEASIBLE,INFEASIBLE,INFEASIBLE,INFEASIBLE,INFEASIBLE,INFEASIBLE,INFEASIBLE,INFEASIBLE,INFEASIBLE,INFEASIBLE,INFEASIBLE,INFEASIBLE,INFEASIBLE,INFEASIBLE,INFEASIBLE,INFEASIBLE,INFEASIBLE,INFEASIBLE,no_trials_in_band
corr_mix,all_only,fused_sp,INFEASIBLE,0.25,budget_only,count,INFEASIBLE,INFEASIBLE,INFEASIBLE,INFEASIBLE,INFEASIBLE,INFEASIBLE,INFEASIBLE,INFEASIBLE,INFEASIBLE,INFEASIBLE,INFEASIBLE,INFEASIBLE,INFEASIBLE,INFEASIBLE,INFEASIBLE,INFEASIBLE,INFEASIBLE,INFEASIBLE,INFEASIBLE,INFEASIBLE,INFEASIBLE,INFEASIBLE,INFEASIBLE,,INFEASIBLE,INFEASIBLE,INFEASIBLE,INFEASIBLE,INFEASIBLE,INFEASIBLE,INFEASIBLE,INFEASIBLE,INFEASIBLE,INFEASIBLE,INFEASIBLE,INFEASIBLE,INFEASIBLE,INFEASIBLE,INFEASIBLE,INFEASIBLE,INFEASIBLE,INFEASIBLE,INFEASIBLE,INFEASIBLE,INFEASIBLE,INFEASIBLE,INFEASIBLE,INFEASIBLE,INFEASIBLE,no_trials_in_band
corr_mix,all_only,fused_sp,INFEASIBLE,0.35,budget_only,count,INFEASIBLE,INFEASIBLE,INFEASIBLE,INFEASIBLE,INFEASIBLE,INFEASIBLE,INFEASIBLE,INFEASIBLE,INFEASIBLE,INFEASIBLE,INFEASIBLE,INFEASIBLE,INFEASIBLE,INFEASIBLE,INFEASIBLE,INFEASIBLE,INFEASIBLE,INFEASIBLE,INFEASIBLE,INFEASIBLE,INFEASIBLE,INFEASIBLE,INFEASIBLE,,INFEASIBLE,INFEASIBLE,INFEASIBLE,INFEASIBLE,INFEASIBLE,INFEASIBLE,INFEASIBLE,INFEASIBLE,INFEASIBLE,INFEASIBLE,INFEASIBLE,INFEASIBLE,INFEASIBLE,INFEASIBLE,INFEASIBLE,INFEASIBLE,INFEASIBLE,INFEASIBLE,INFEASIBLE,INFEASIBLE,INFEASIBLE,INFEASIBLE,INFEASIBLE,INFEASIBLE,INFEASIBLE,no_trials_in_band
corr_mix,all_only,fused_sp,INFEASIBLE,0.5,budget_only,count,INFEASIBLE,INFEASIBLE,INFEASIBLE,INFEASIBLE,INFEASIBLE,INFEASIBLE,INFEASIBLE,INFEASIBLE,INFEASIBLE,INFEASIBLE,INFEASIBLE,INFEASIBLE,INFEASIBLE,INFEASIBLE,INFEASIBLE,INFEASIBLE,INFEASIBLE,INFEASIBLE,INFEASIBLE,INFEASIBLE,INFEASIBLE,INFEASIBLE,INFEASIBLE,,INFEASIBLE,INFEASIBLE,INFEASIBLE,INFEASIBLE,INFEASIBLE,INFEASIBLE,INFEASIBLE,INFEASIBLE,INFEASIBLE,INFEASIBLE,INFEASIBLE,INFEASIBLE,INFEASIBLE,INFEASIBLE,INFEASIBLE,INFEASIBLE,INFEASIBLE,INFEASIBLE,INFEASIBLE,INFEASIBLE,INFEASIBLE,INFEASIBLE,INFEASIBLE,INFEASIBLE,INFEASIBLE,no_trials_in_band
corr_mix,all_only,fused_sp_lrt_delta,INFEASIBLE,0.15,budget_only,count,INFEASIBLE,INFEASIBLE,INFEASIBLE,INFEASIBLE,INFEASIBLE,INFEASIBLE,INFEASIBLE,INFEASIBLE,INFEASIBLE,INFEASIBLE,INFEASIBLE,INFEASIBLE,INFEASIBLE,INFEASIBLE,INFEASIBLE,INFEASIBLE,INFEASIBLE,INFEASIBLE,INFEASIBLE,INFEASIBLE,INFEASIBLE,INFEASIBLE,INFEASIBLE,,INFEASIBLE,INFEASIBLE,INFEASIBLE,INFEASIBLE,INFEASIBLE,INFEASIBLE,INFEASIBLE,INFEASIBLE,INFEASIBLE,INFEASIBLE,INFEASIBLE,INFEASIBLE,INFEASIBLE,INFEASIBLE,INFEASIBLE,INFEASIBLE,INFEASIBLE,INFEASIBLE,INFEASIBLE,INFEASIBLE,INFEASIBLE,INFEASIBLE,INFEASIBLE,INFEASIBLE,INFEASIBLE,no_trials_in_band
corr_mix,all_only,fused_sp_lrt_delta,INFEASIBLE,0.25,budget_only,count,INFEASIBLE,INFEASIBLE,INFEASIBLE,INFEASIBLE,INFEASIBLE,INFEASIBLE,INFEASIBLE,INFEASIBLE,INFEASIBLE,INFEASIBLE,INFEASIBLE,INFEASIBLE,INFEASIBLE,INFEASIBLE,INFEASIBLE,INFEASIBLE,INFEASIBLE,INFEASIBLE,INFEASIBLE,INFEASIBLE,INFEASIBLE,INFEASIBLE,INFEASIBLE,,INFEASIBLE,INFEASIBLE,INFEASIBLE,INFEASIBLE,INFEASIBLE,INFEASIBLE,INFEASIBLE,INFEASIBLE,INFEASIBLE,INFEASIBLE,INFEASIBLE,INFEASIBLE,INFEASIBLE,INFEASIBLE,INFEASIBLE,INFEASIBLE,INFEASIBLE,INFEASIBLE,INFEASIBLE,INFEASIBLE,INFEASIBLE,INFEASIBLE,INFEASIBLE,INFEASIBLE,INFEASIBLE,no_trials_in_band
corr_mix,all_only,fused_sp_lrt_delta,INFEASIBLE,0.35,budget_only,count,INFEASIBLE,INFEASIBLE,INFEASIBLE,INFEASIBLE,INFEASIBLE,INFEASIBLE,INFEASIBLE,INFEASIBLE,INFEASIBLE,INFEASIBLE,INFEASIBLE,INFEASIBLE,INFEASIBLE,INFEASIBLE,INFEASIBLE,INFEASIBLE,INFEASIBLE,INFEASIBLE,INFEASIBLE,INFEASIBLE,INFEASIBLE,INFEASIBLE,INFEASIBLE,,INFEASIBLE,INFEASIBLE,INFEASIBLE,INFEASIBLE,INFEASIBLE,INFEASIBLE,INFEASIBLE,INFEASIBLE,INFEASIBLE,INFEASIBLE,INFEASIBLE,INFEASIBLE,INFEASIBLE,INFEASIBLE,INFEASIBLE,INFEASIBLE,INFEASIBLE,INFEASIBLE,INFEASIBLE,INFEASIBLE,INFEASIBLE,INFEASIBLE,INFEASIBLE,INFEASIBLE,INFEASIBLE,no_trials_in_band
corr_mix,all_only,fused_sp_lrt_delta,INFEASIBLE,0.5,budget_only,count,INFEASIBLE,INFEASIBLE,INFEASIBLE,INFEASIBLE,INFEASIBLE,INFEASIBLE,INFEASIBLE,INFEASIBLE,INFEASIBLE,INFEASIBLE,INFEASIBLE,INFEASIBLE,INFEASIBLE,INFEASIBLE,INFEASIBLE,INFEASIBLE,INFEASIBLE,INFEASIBLE,INFEASIBLE,INFEASIBLE,INFEASIBLE,INFEASIBLE,INFEASIBLE,,INFEASIBLE,INFEASIBLE,INFEASIBLE,INFEASIBLE,INFEASIBLE,INFEASIBLE,INFEASIBLE,INFEASIBLE,INFEASIBLE,INFEASIBLE,INFEASIBLE,INFEASIBLE,INFEASIBLE,INFEASIBLE,INFEASIBLE,INFEASIBLE,INFEASIBLE,INFEASIBLE,INFEASIBLE,INFEASIBLE,INFEASIBLE,INFEASIBLE,INFEASIBLE,INFEASIBLE,INFEASIBLE,no_trials_in_band
corr_mix,all_only,max_abs,1.0,0.15,budget_only,count,0.1,0.15,0.1,80,56,0,56,0.7,0.0,0.7,0.8275862068965517,0.24045566502463053,4.0,0.16071428571428573,0.16071428571428573,0.0,0.2857142857142857,0.21428571428571427,0.2857142857142857,0.21428571428571427,0.125,0.0,0.0,1.0,6.0,6.0,6.0,6.0,6.0,6.0,6.0,6.0,6.0,6.0,1.0,1.0,2.8854679802955663,0.8275862068965517,0.24045566502463053,0.026279100774761612,-0.02530596498623364,0.8275862068965517,0.24045566502463053,0.0,0.0,0.0,0.0,0.0,OK,
corr_mix,all_only,max_abs,1.0,0.25,budget_only,count,0.1,0.15,0.1,80,56,0,56,0.7,0.0,0.7,0.8275862068965517,0.24045566502463053,4.0,0.16071428571428573,0.16071428571428573,0.0,0.2857142857142857,0.21428571428571427,0.2857142857142857,0.21428571428571427,0.125,0.0,0.0,1.0,6.0,6.0,6.0,6.0,6.0,6.0,6.0,6.0,6.0,6.0,1.0,1.0,2.8854679802955663,0.8275862068965517,0.24045566502463053,0.026279100774761612,-0.02530596498623364,0.8275862068965517,0.24045566502463053,0.0,0.0,0.0,0.0,0.0,OK,
corr_mix,all_only,max_abs,1.0,0.35,budget_only,count,0.1,0.15,0.1,80,56,0,56,0.7,0.0,0.7,0.8275862068965517,0.24045566502463053,4.0,0.16071428571428573,0.16071428571428573,0.0,0.2857142857142857,0.21428571428571427,0.2857142857142857,0.21428571428571427,0.125,0.0,0.0,1.0,6.0,6.0,6.0,6.0,6.0,6.0,6.0,6.0,6.0,6.0,1.0,1.0,2.8854679802955663,0.8275862068965517,0.24045566502463053,0.026279100774761612,-0.02530596498623364,0.8275862068965517,0.24045566502463053,0.0,0.0,0.0,0.0,0.0,OK,
corr_mix,all_only,max_abs,1.0,0.5,budget_only,count,0.1,0.15,0.1,80,56,0,56,0.7,0.0,0.7,0.8275862068965517,0.24045566502463053,4.0,0.16071428571428573,0.16071428571428573,0.0,0.2857142857142857,0.21428571428571427,0.2857142857142857,0.21428571428571427,0.125,0.0,0.0,1.0,6.0,6.0,6.0,6.0,6.0,6.0,6.0,6.0,6.0,6.0,1.0,1.0,2.8854679802955663,0.8275862068965517,0.24045566502463053,0.026279100774761612,-0.02530596498623364,0.8275862068965517,0.24045566502463053,0.0,0.0,0.0,0.0,0.0,OK,
corr_mix,all_only,pc_t2,1.0,0.15,budget_only,count,0.1,0.15,0.1,80,80,8,80,1.0,0.1,1.0,1.1456896551724138,0.20301724137931032,5.5375,0.55,0.55,0.0,0.6125,0.3125,0.6125,0.3125,0.1125,0.0,0.0,1.0,5.0,5.0,5.0,6.0,5.0,6.0,3.0,6.0,5.0,6.0,2.0,2.0,2.4362068965517243,1.1456896551724138,0.20301724137931032,0.049996183532316885,0.10526096272330374,1.1456896551724138,0.20301724137931032,0.0,0.0,0.0,0.0,0.0,OK,
corr_mix,all_only,pc_t2,1.0,0.25,budget_only,count,0.1,0.15,0.1,80,80,8,80,1.0,0.1,1.0,1.1456896551724138,0.20301724137931032,5.5375,0.55,0.55,0.0,0.6125,0.3125,0.6125,0.3125,0.1125,0.0,0.0,1.0,5.0,5.0,5.0,6.0,5.0,6.0,3.0,6.0,5.0,6.0,2.0,2.0,2.4362068965517243,1.1456896551724138,0.20301724137931032,0.049996183532316885,0.10526096272330374,1.1456896551724138,0.20301724137931032,0.0,0.0,0.0,0.0,0.0,OK,
corr_mix,all_only,pc_t2,1.0,0.35,budget_only,count,0.1,0.15,0.1,80,80,8,80,1.0,0.1,1.0,1.1456896551724138,0.20301724137931032,5.5375,0.55,0.55,0.0,0.6125,0.3125,0.6125,0.3125,0.1125,0.0,0.0,1.0,5.0,5.0,5.0,6.0,5.0,6.0,3.0,6.0,5.0,6.0,2.0,2.0,2.4362068965517243,1.1456896551724138,0.20301724137931032,0.049996183532316885,0.10526096272330374,1.1456896551724138,0.20301724137931032,0.0,0.0,0.0,0.0,0.0,OK,
corr_mix,all_only,pc_t2,1.0,0.5,budget_only,count,0.1,0.15,0.1,80,80,8,80,1.0,0.1,1.0,1.1456896551724138,0.20301724137931032,5.5375,0.55,0.55,0.0,0.6125,0.3125,0.6125,0.3125,0.1125,0.0,0.0,1.0,5.0,5.0,5.0,6.0,5.0,6.0,3.0,6.0,5.0,6.0,2.0,2.0,2.4362068965517243,1.1456896551724138,0.20301724137931032,0.049996183532316885,0.10526096272330374,1.1456896551724138,0.20301724137931032,0.0,0.0,0.0,0.0,0.0,OK,
corr_mix,all_only,res_energy,INFEASIBLE,0.15,budget_only,count,INFEASIBLE,INFEASIBLE,INFEASIBLE,INFEASIBLE,INFEASIBLE,INFEASIBLE,INFEASIBLE,INFEASIBLE,INFEASIBLE,INFEASIBLE,INFEASIBLE,INFEASIBLE,INFEASIBLE,INFEASIBLE,INFEASIBLE,INFEASIBLE,INFEASIBLE,INFEASIBLE,INFEASIBLE,INFEASIBLE,INFEASIBLE,INFEASIBLE,INFEASIBLE,,INFEASIBLE,INFEASIBLE,INFEASIBLE,INFEASIBLE,INFEASIBLE,INFEASIBLE,INFEASIBLE,INFEASIBLE,INFEASIBLE,INFEASIBLE,INFEASIBLE,INFEASIBLE,INFEASIBLE,INFEASIBLE,INFEASIBLE,INFEASIBLE,INFEASIBLE,INFEASIBLE,INFEASIBLE,INFEASIBLE,INFEASIBLE,INFEASIBLE,INFEASIBLE,INFEASIBLE,INFEASIBLE,no_trials_in_band
corr_mix,all_only,res_energy,INFEASIBLE,0.25,budget_only,count,INFEASIBLE,INFEASIBLE,INFEASIBLE,INFEASIBLE,INFEASIBLE,INFEASIBLE,INFEASIBLE,INFEASIBLE,INFEASIBLE,INFEASIBLE,INFEASIBLE,INFEASIBLE,INFEASIBLE,INFEASIBLE,INFEASIBLE,INFEASIBLE,INFEASIBLE,INFEASIBLE,INFEASIBLE,INFEASIBLE,INFEASIBLE,INFEASIBLE,INFEASIBLE,,INFEASIBLE,INFEASIBLE,INFEASIBLE,INFEASIBLE,INFEASIBLE,INFEASIBLE,INFEASIBLE,INFEASIBLE,INFEASIBLE,INFEASIBLE,INFEASIBLE,INFEASIBLE,INFEASIBLE,INFEASIBLE,INFEASIBLE,INFEASIBLE,INFEASIBLE,INFEASIBLE,INFEASIBLE,INFEASIBLE,INFEASIBLE,INFEASIBLE,INFEASIBLE,INFEASIBLE,INFEASIBLE,no_trials_in_band
corr_mix,all_only,res_energy,INFEASIBLE,0.35,budget_only,count,INFEASIBLE,INFEASIBLE,INFEASIBLE,INFEASIBLE,INFEASIBLE,INFEASIBLE,INFEASIBLE,INFEASIBLE,INFEASIBLE,INFEASIBLE,INFEASIBLE,INFEASIBLE,INFEASIBLE,INFEASIBLE,INFEASIBLE,INFEASIBLE,INFEASIBLE,INFEASIBLE,INFEASIBLE,INFEASIBLE,INFEASIBLE,INFEASIBLE,INFEASIBLE,,INFEASIBLE,INFEASIBLE,INFEASIBLE,INFEASIBLE,INFEASIBLE,INFEASIBLE,INFEASIBLE,INFEASIBLE,INFEASIBLE,INFEASIBLE,INFEASIBLE,INFEASIBLE,INFEASIBLE,INFEASIBLE,INFEASIBLE,INFEASIBLE,INFEASIBLE,INFEASIBLE,INFEASIBLE,INFEASIBLE,INFEASIBLE,INFEASIBLE,INFEASIBLE,INFEASIBLE,INFEASIBLE,no_trials_in_band
corr_mix,all_only,res_energy,INFEASIBLE,0.5,budget_only,count,INFEASIBLE,INFEASIBLE,INFEASIBLE,INFEASIBLE,INFEASIBLE,INFEASIBLE,INFEASIBLE,INFEASIBLE,INFEASIBLE,INFEASIBLE,INFEASIBLE,INFEASIBLE,INFEASIBLE,INFEASIBLE,INFEASIBLE,INFEASIBLE,INFEASIBLE,INFEASIBLE,INFEASIBLE,INFEASIBLE,INFEASIBLE,INFEASIBLE,INFEASIBLE,,INFEASIBLE,INFEASIBLE,INFEASIBLE,INFEASIBLE,INFEASIBLE,INFEASIBLE,INFEASIBLE,INFEASIBLE,INFEASIBLE,INFEASIBLE,INFEASIBLE,INFEASIBLE,INFEASIBLE,INFEASIBLE,INFEASIBLE,INFEASIBLE,INFEASIBLE,INFEASIBLE,INFEASIBLE,INFEASIBLE,INFEASIBLE,INFEASIBLE,INFEASIBLE,INFEASIBLE,INFEASIBLE,no_trials_in_band
corr_mix,all_only,stale,1.0,0.15,budget_only,count,0.1,0.15,0.1,80,61,61,61,0.7625,0.7625,0.7625,0.827586206896552,0.06896551724137931,4.0,0.0,0.0,0.0,0.0,0.0,0.0,0.0,0.0,0.0,0.0,1.0,6.0,6.0,6.0,6.0,6.0,6.0,6.0,6.0,6.0,6.0,NA,NA,0.827586206896552,0.827586206896552,0.06896551724137931,0.16097686159889701,0.4344262295081967,0.827586206896552,0.06896551724137931,0.0,0.0,0.0,0.0,0.0,OK,
corr_mix,all_only,stale,1.0,0.25,budget_only,count,0.1,0.15,0.1,80,61,61,61,0.7625,0.7625,0.7625,0.827586206896552,0.06896551724137931,4.0,0.0,0.0,0.0,0.0,0.0,0.0,0.0,0.0,0.0,0.0,1.0,6.0,6.0,6.0,6.0,6.0,6.0,6.0,6.0,6.0,6.0,NA,NA,0.827586206896552,0.827586206896552,0.06896551724137931,0.16097686159889701,0.4344262295081967,0.827586206896552,0.06896551724137931,0.0,0.0,0.0,0.0,0.0,OK,
corr_mix,all_only,stale,1.0,0.35,budget_only,count,0.1,0.15,0.1,80,61,61,61,0.7625,0.7625,0.7625,0.827586206896552,0.06896551724137931,4.0,0.0,0.0,0.0,0.0,0.0,0.0,0.0,0.0,0.0,0.0,1.0,6.0,6.0,6.0,6.0,6.0,6.0,6.0,6.0,6.0,6.0,NA,NA,0.827586206896552,0.827586206896552,0.06896551724137931,0.16097686159889701,0.4344262295081967,0.827586206896552,0.06896551724137931,0.0,0.0,0.0,0.0,0.0,OK,
corr_mix,all_only,stale,1.0,0.5,budget_only,count,0.1,0.15,0.1,80,61,61,61,0.7625,0.7625,0.7625,0.827586206896552,0.06896551724137931,4.0,0.0,0.0,0.0,0.0,0.0,0.0,0.0,0.0,0.0,0.0,1.0,6.0,6.0,6.0,6.0,6.0,6.0,6.0,6.0,6.0,6.0,NA,NA,0.827586206896552,0.827586206896552,0.06896551724137931,0.16097686159889701,0.4344262295081967,0.827586206896552,0.06896551724137931,0.0,0.0,0.0,0.0,0.0,OK,
corr_mix,full,T2,1.0,0.15,budget_only,count,0.1,0.15,0.1,80,80,0,80,1.0,0.0,1.0,1.1405172413793103,0.25280172413793106,5.5125,0.4625,0.5125,-0.04999999999999993,0.55,0.3125,0.55,0.3125,0.1125,0.0,0.0,1.0,6.0,5.0,6.0,6.0,5.0,6.0,4.0,6.0,6.0,6.0,2.0,2.0,3.033620689655172,1.1405172413793103,0.25280172413793106,0.04014084379318221,0.01833000635157501,1.1405172413793103,0.25280172413793106,0.01875,0.0,-0.01875,0.01875,0.0,OK,
corr_mix,full,T2,1.0,0.25,budget_only,count,0.1,0.15,0.1,80,80,0,80,1.0,0.0,1.0,1.1405172413793103,0.25280172413793106,5.5125,0.4625,0.5125,-0.04999999999999993,0.55,0.3125,0.55,0.3125,0.1125,0.0,0.0,1.0,6.0,5.0,6.0,6.0,5.0,6.0,4.0,6.0,6.0,6.0,2.0,2.0,3.0129310344827585,1.1198275862068965,0.2510775862068966,0.04014084379318221,0.029948836124613416,1.1405172413793103,0.25280172413793106,0.01875,0.0,-0.01875,0.01875,0.0,OK,
corr_mix,full,T2,1.0,0.35,budget_only,count,0.1,0.15,0.1,80,80,0,80,1.0,0.0,1.0,1.1405172413793103,0.25280172413793106,5.5125,0.5125,0.5125,0.0,0.6,0.3125,0.6,0.3125,0.1125,0.0,0.0,1.0,5.0,5.0,5.0,6.0,5.0,6.0,3.0,6.0,5.0,6.0,2.0,2.0,3.0129310344827585,1.1198275862068965,0.2510775862068966,0.04014084379318221,0.09182890712706833,1.1405172413793103,0.25280172413793106,0.0,0.0,0.0,0.0,0.0,OK,
corr_mix,full,T2,1.0,0.5,budget_only,count,0.1,0.15,0.1,80,80,0,80,1.0,0.0,1.0,1.1405172413793103,0.25280172413793106,5.5125,0.5125,0.5125,0.0,0.6125,0.325,0.6125,0.325,0.125,0.0,0.0,1.0,5.0,5.0,5.0,6.0,5.0,6.0,3.0,6.0,5.0,6.0,2.0,2.0,2.971551724137931,1.078448275862069,0.24762931034482763,0.04014084379318221,0.2947950094651134,1.1405172413793103,0.25280172413793106,0.01875,0.008438818565400843,0.01875,0.01875,-0.008438818565400843,OK,
corr_mix,full,cusum_factor_cov_lrt,1.0,0.15,budget_only,count,0.1,0.15,0.1,80,80,0,80,1.0,0.0,1.0,1.1120689655172413,0.25323275862068967,5.375,0.5625,0.5625,0.0,0.725,0.4,0.725,0.4,0.1625,0.0,0.0,1.0,4.0,4.0,4.0,6.0,4.0,6.0,3.0,6.0,4.0,6.0,2.0,2.0,3.038793103448276,1.1120689655172413,0.25323275862068967,NA,0.31710600731572214,1.1120689655172413,0.25323275862068967,0.02291666666666667,0.0,0.02291666666666667,0.02291666666666667,0.0,OK,
corr_mix,full,cusum_factor_cov_lrt,1.0,0.25,budget_only,count,0.1,0.15,0.1,80,80,0,80,1.0,0.0,1.0,1.1120689655172413,0.25323275862068967,5.375,0.5625,0.5625,0.0,0.725,0.4,0.725,0.4,0.1625,0.0,0.0,1.0,4.0,4.0,4.0,6.0,4.0,6.0,3.0,6.0,4.0,6.0,2.0,2.0,3.0543103448275866,1.1172413793103448,0.25452586206896555,NA,0.320188191200918,1.1120689655172413,0.25323275862068967,0.035416666666666666,0.04219409282700422,0.035416666666666666,0.035416666666666666,0.03375527426160338,OK,
corr_mix,full,cusum_factor_cov_lrt,1.0,0.35,budget_only,count,0.1,0.15,0.1,80,80,0,80,1.0,0.0,1.0,1.1120689655172413,0.25323275862068967,5.375,0.5625,0.5625,0.0,0.725,0.4,0.725,0.4,0.1625,0.0,0.0,1.0,4.0,4.0,4.0,6.0,4.0,6.0,3.0,6.0,4.0,6.0,2.0,2.0,3.0517241379310347,1.114655172413793,0.2543103448275862,NA,0.3215070014695073,1.1120689655172413,0.25323275862068967,0.035416666666666666,0.03797468354430379,0.035416666666666666,0.035416666666666666,0.02953586497890296,OK,
corr_mix,full,cusum_factor_cov_lrt,1.0,0.5,budget_only,count,0.1,0.15,0.1,80,80,0,80,1.0,0.0,1.0,1.1120689655172413,0.25323275862068967,5.375,0.5625,0.5625,0.0,0.725,0.4,0.725,0.4,0.1625,0.0,0.0,1.0,4.0,4.0,4.0,6.0,4.0,6.0,3.0,6.0,4.0,6.0,2.0,2.0,3.0517241379310347,1.114655172413793,0.2543103448275862,NA,0.3262847681208715,1.1120689655172413,0.25323275862068967,0.035416666666666666,0.03797468354430379,0.035416666666666666,0.035416666666666666,0.02953586497890296,OK,
corr_mix,full,ewma_factor_cov_lrt,INFEASIBLE,0.15,budget_only,count,INFEASIBLE,INFEASIBLE,INFEASIBLE,INFEASIBLE,INFEASIBLE,INFEASIBLE,INFEASIBLE,INFEASIBLE,INFEASIBLE,INFEASIBLE,INFEASIBLE,INFEASIBLE,INFEASIBLE,INFEASIBLE,INFEASIBLE,INFEASIBLE,INFEASIBLE,INFEASIBLE,INFEASIBLE,INFEASIBLE,INFEASIBLE,INFEASIBLE,INFEASIBLE,,INFEASIBLE,INFEASIBLE,INFEASIBLE,INFEASIBLE,INFEASIBLE,INFEASIBLE,INFEASIBLE,INFEASIBLE,INFEASIBLE,INFEASIBLE,INFEASIBLE,INFEASIBLE,INFEASIBLE,INFEASIBLE,INFEASIBLE,INFEASIBLE,INFEASIBLE,INFEASIBLE,INFEASIBLE,INFEASIBLE,INFEASIBLE,INFEASIBLE,INFEASIBLE,INFEASIBLE,INFEASIBLE,no_trials_in_band
corr_mix,full,ewma_factor_cov_lrt,INFEASIBLE,0.25,budget_only,count,INFEASIBLE,INFEASIBLE,INFEASIBLE,INFEASIBLE,INFEASIBLE,INFEASIBLE,INFEASIBLE,INFEASIBLE,INFEASIBLE,INFEASIBLE,INFEASIBLE,INFEASIBLE,INFEASIBLE,INFEASIBLE,INFEASIBLE,INFEASIBLE,INFEASIBLE,INFEASIBLE,INFEASIBLE,INFEASIBLE,INFEASIBLE,INFEASIBLE,INFEASIBLE,,INFEASIBLE,INFEASIBLE,INFEASIBLE,INFEASIBLE,INFEASIBLE,INFEASIBLE,INFEASIBLE,INFEASIBLE,INFEASIBLE,INFEASIBLE,INFEASIBLE,INFEASIBLE,INFEASIBLE,INFEASIBLE,INFEASIBLE,INFEASIBLE,INFEASIBLE,INFEASIBLE,INFEASIBLE,INFEASIBLE,INFEASIBLE,INFEASIBLE,INFEASIBLE,INFEASIBLE,INFEASIBLE,no_trials_in_band
corr_mix,full,ewma_factor_cov_lrt,INFEASIBLE,0.35,budget_only,count,INFEASIBLE,INFEASIBLE,INFEASIBLE,INFEASIBLE,INFEASIBLE,INFEASIBLE,INFEASIBLE,INFEASIBLE,INFEASIBLE,INFEASIBLE,INFEASIBLE,INFEASIBLE,INFEASIBLE,INFEASIBLE,INFEASIBLE,INFEASIBLE,INFEASIBLE,INFEASIBLE,INFEASIBLE,INFEASIBLE,INFEASIBLE,INFEASIBLE,INFEASIBLE,,INFEASIBLE,INFEASIBLE,INFEASIBLE,INFEASIBLE,INFEASIBLE,INFEASIBLE,INFEASIBLE,INFEASIBLE,INFEASIBLE,INFEASIBLE,INFEASIBLE,INFEASIBLE,INFEASIBLE,INFEASIBLE,INFEASIBLE,INFEASIBLE,INFEASIBLE,INFEASIBLE,INFEASIBLE,INFEASIBLE,INFEASIBLE,INFEASIBLE,INFEASIBLE,INFEASIBLE,INFEASIBLE,no_trials_in_band
corr_mix,full,ewma_factor_cov_lrt,INFEASIBLE,0.5,budget_only,count,INFEASIBLE,INFEASIBLE,INFEASIBLE,INFEASIBLE,INFEASIBLE,INFEASIBLE,INFEASIBLE,INFEASIBLE,INFEASIBLE,INFEASIBLE,INFEASIBLE,INFEASIBLE,INFEASIBLE,INFEASIBLE,INFEASIBLE,INFEASIBLE,INFEASIBLE,INFEASIBLE,INFEASIBLE,INFEASIBLE,INFEASIBLE,INFEASIBLE,INFEASIBLE,,INFEASIBLE,INFEASIBLE,INFEASIBLE,INFEASIBLE,INFEASIBLE,INFEASIBLE,INFEASIBLE,INFEASIBLE,INFEASIBLE,INFEASIBLE,INFEASIBLE,INFEASIBLE,INFEASIBLE,INFEASIBLE,INFEASIBLE,INFEASIBLE,INFEASIBLE,INFEASIBLE,INFEASIBLE,INFEASIBLE,INFEASIBLE,INFEASIBLE,INFEASIBLE,INFEASIBLE,INFEASIBLE,no_trials_in_band
corr_mix,full,factor_cov_change,INFEASIBLE,0.15,budget_only,count,INFEASIBLE,INFEASIBLE,INFEASIBLE,INFEASIBLE,INFEASIBLE,INFEASIBLE,INFEASIBLE,INFEASIBLE,INFEASIBLE,INFEASIBLE,INFEASIBLE,INFEASIBLE,INFEASIBLE,INFEASIBLE,INFEASIBLE,INFEASIBLE,INFEASIBLE,INFEASIBLE,INFEASIBLE,INFEASIBLE,INFEASIBLE,INFEASIBLE,INFEASIBLE,,INFEASIBLE,INFEASIBLE,INFEASIBLE,INFEASIBLE,INFEASIBLE,INFEASIBLE,INFEASIBLE,INFEASIBLE,INFEASIBLE,INFEASIBLE,INFEASIBLE,INFEASIBLE,INFEASIBLE,INFEASIBLE,INFEASIBLE,INFEASIBLE,INFEASIBLE,INFEASIBLE,INFEASIBLE,INFEASIBLE,INFEASIBLE,INFEASIBLE,INFEASIBLE,INFEASIBLE,INFEASIBLE,no_trials_in_band
corr_mix,full,factor_cov_change,INFEASIBLE,0.25,budget_only,count,INFEASIBLE,INFEASIBLE,INFEASIBLE,INFEASIBLE,INFEASIBLE,INFEASIBLE,INFEASIBLE,INFEASIBLE,INFEASIBLE,INFEASIBLE,INFEASIBLE,INFEASIBLE,INFEASIBLE,INFEASIBLE,INFEASIBLE,INFEASIBLE,INFEASIBLE,INFEASIBLE,INFEASIBLE,INFEASIBLE,INFEASIBLE,INFEASIBLE,INFEASIBLE,,INFEASIBLE,INFEASIBLE,INFEASIBLE,INFEASIBLE,INFEASIBLE,INFEASIBLE,INFEASIBLE,INFEASIBLE,INFEASIBLE,INFEASIBLE,INFEASIBLE,INFEASIBLE,INFEASIBLE,INFEASIBLE,INFEASIBLE,INFEASIBLE,INFEASIBLE,INFEASIBLE,INFEASIBLE,INFEASIBLE,INFEASIBLE,INFEASIBLE,INFEASIBLE,INFEASIBLE,INFEASIBLE,no_trials_in_band
corr_mix,full,factor_cov_change,INFEASIBLE,0.35,budget_only,count,INFEASIBLE,INFEASIBLE,INFEASIBLE,INFEASIBLE,INFEASIBLE,INFEASIBLE,INFEASIBLE,INFEASIBLE,INFEASIBLE,INFEASIBLE,INFEASIBLE,INFEASIBLE,INFEASIBLE,INFEASIBLE,INFEASIBLE,INFEASIBLE,INFEASIBLE,INFEASIBLE,INFEASIBLE,INFEASIBLE,INFEASIBLE,INFEASIBLE,INFEASIBLE,,INFEASIBLE,INFEASIBLE,INFEASIBLE,INFEASIBLE,INFEASIBLE,INFEASIBLE,INFEASIBLE,INFEASIBLE,INFEASIBLE,INFEASIBLE,INFEASIBLE,INFEASIBLE,INFEASIBLE,INFEASIBLE,INFEASIBLE,INFEASIBLE,INFEASIBLE,INFEASIBLE,INFEASIBLE,INFEASIBLE,INFEASIBLE,INFEASIBLE,INFEASIBLE,INFEASIBLE,INFEASIBLE,no_trials_in_band
corr_mix,full,factor_cov_change,INFEASIBLE,0.5,budget_only,count,INFEASIBLE,INFEASIBLE,INFEASIBLE,INFEASIBLE,INFEASIBLE,INFEASIBLE,INFEASIBLE,INFEASIBLE,INFEASIBLE,INFEASIBLE,INFEASIBLE,INFEASIBLE,INFEASIBLE,INFEASIBLE,INFEASIBLE,INFEASIBLE,INFEASIBLE,INFEASIBLE,INFEASIBLE,INFEASIBLE,INFEASIBLE,INFEASIBLE,INFEASIBLE,,INFEASIBLE,INFEASIBLE,INFEASIBLE,INFEASIBLE,INFEASIBLE,INFEASIBLE,INFEASIBLE,INFEASIBLE,INFEASIBLE,INFEASIBLE,INFEASIBLE,INFEASIBLE,INFEASIBLE,INFEASIBLE,INFEASIBLE,INFEASIBLE,INFEASIBLE,INFEASIBLE,INFEASIBLE,INFEASIBLE,INFEASIBLE,INFEASIBLE,INFEASIBLE,INFEASIBLE,INFEASIBLE,no_trials_in_band
corr_mix,full,factor_cov_delta,INFEASIBLE,0.15,budget_only,count,INFEASIBLE,INFEASIBLE,INFEASIBLE,INFEASIBLE,INFEASIBLE,INFEASIBLE,INFEASIBLE,INFEASIBLE,INFEASIBLE,INFEASIBLE,INFEASIBLE,INFEASIBLE,INFEASIBLE,INFEASIBLE,INFEASIBLE,INFEASIBLE,INFEASIBLE,INFEASIBLE,INFEASIBLE,INFEASIBLE,INFEASIBLE,INFEASIBLE,INFEASIBLE,,INFEASIBLE,INFEASIBLE,INFEASIBLE,INFEASIBLE,INFEASIBLE,INFEASIBLE,INFEASIBLE,INFEASIBLE,INFEASIBLE,INFEASIBLE,INFEASIBLE,INFEASIBLE,INFEASIBLE,INFEASIBLE,INFEASIBLE,INFEASIBLE,INFEASIBLE,INFEASIBLE,INFEASIBLE,INFEASIBLE,INFEASIBLE,INFEASIBLE,INFEASIBLE,INFEASIBLE,INFEASIBLE,no_trials_in_band
corr_mix,full,factor_cov_delta,INFEASIBLE,0.25,budget_only,count,INFEASIBLE,INFEASIBLE,INFEASIBLE,INFEASIBLE,INFEASIBLE,INFEASIBLE,INFEASIBLE,INFEASIBLE,INFEASIBLE,INFEASIBLE,INFEASIBLE,INFEASIBLE,INFEASIBLE,INFEASIBLE,INFEASIBLE,INFEASIBLE,INFEASIBLE,INFEASIBLE,INFEASIBLE,INFEASIBLE,INFEASIBLE,INFEASIBLE,INFEASIBLE,,INFEASIBLE,INFEASIBLE,INFEASIBLE,INFEASIBLE,INFEASIBLE,INFEASIBLE,INFEASIBLE,INFEASIBLE,INFEASIBLE,INFEASIBLE,INFEASIBLE,INFEASIBLE,INFEASIBLE,INFEASIBLE,INFEASIBLE,INFEASIBLE,INFEASIBLE,INFEASIBLE,INFEASIBLE,INFEASIBLE,INFEASIBLE,INFEASIBLE,INFEASIBLE,INFEASIBLE,INFEASIBLE,no_trials_in_band
corr_mix,full,factor_cov_delta,INFEASIBLE,0.35,budget_only,count,INFEASIBLE,INFEASIBLE,INFEASIBLE,INFEASIBLE,INFEASIBLE,INFEASIBLE,INFEASIBLE,INFEASIBLE,INFEASIBLE,INFEASIBLE,INFEASIBLE,INFEASIBLE,INFEASIBLE,INFEASIBLE,INFEASIBLE,INFEASIBLE,INFEASIBLE,INFEASIBLE,INFEASIBLE,INFEASIBLE,INFEASIBLE,INFEASIBLE,INFEASIBLE,,INFEASIBLE,INFEASIBLE,INFEASIBLE,INFEASIBLE,INFEASIBLE,INFEASIBLE,INFEASIBLE,INFEASIBLE,INFEASIBLE,INFEASIBLE,INFEASIBLE,INFEASIBLE,INFEASIBLE,INFEASIBLE,INFEASIBLE,INFEASIBLE,INFEASIBLE,INFEASIBLE,INFEASIBLE,INFEASIBLE,INFEASIBLE,INFEASIBLE,INFEASIBLE,INFEASIBLE,INFEASIBLE,no_trials_in_band
corr_mix,full,factor_cov_delta,INFEASIBLE,0.5,budget_only,count,INFEASIBLE,INFEASIBLE,INFEASIBLE,INFEASIBLE,INFEASIBLE,INFEASIBLE,INFEASIBLE,INFEASIBLE,INFEASIBLE,INFEASIBLE,INFEASIBLE,INFEASIBLE,INFEASIBLE,INFEASIBLE,INFEASIBLE,INFEASIBLE,INFEASIBLE,INFEASIBLE,INFEASIBLE,INFEASIBLE,INFEASIBLE,INFEASIBLE,INFEASIBLE,,INFEASIBLE,INFEASIBLE,INFEASIBLE,INFEASIBLE,INFEASIBLE,INFEASIBLE,INFEASIBLE,INFEASIBLE,INFEASIBLE,INFEASIBLE,INFEASIBLE,INFEASIBLE,INFEASIBLE,INFEASIBLE,INFEASIBLE,INFEASIBLE,INFEASIBLE,INFEASIBLE,INFEASIBLE,INFEASIBLE,INFEASIBLE,INFEASIBLE,INFEASIBLE,INFEASIBLE,INFEASIBLE,no_trials_in_band
corr_mix,full,factor_cov_lrt,INFEASIBLE,0.15,budget_only,count,INFEASIBLE,INFEASIBLE,INFEASIBLE,INFEASIBLE,INFEASIBLE,INFEASIBLE,INFEASIBLE,INFEASIBLE,INFEASIBLE,INFEASIBLE,INFEASIBLE,INFEASIBLE,INFEASIBLE,INFEASIBLE,INFEASIBLE,INFEASIBLE,INFEASIBLE,INFEASIBLE,INFEASIBLE,INFEASIBLE,INFEASIBLE,INFEASIBLE,INFEASIBLE,,INFEASIBLE,INFEASIBLE,INFEASIBLE,INFEASIBLE,INFEASIBLE,INFEASIBLE,INFEASIBLE,INFEASIBLE,INFEASIBLE,INFEASIBLE,INFEASIBLE,INFEASIBLE,INFEASIBLE,INFEASIBLE,INFEASIBLE,INFEASIBLE,INFEASIBLE,INFEASIBLE,INFEASIBLE,INFEASIBLE,INFEASIBLE,INFEASIBLE,INFEASIBLE,INFEASIBLE,INFEASIBLE,no_trials_in_band
corr_mix,full,factor_cov_lrt,INFEASIBLE,0.25,budget_only,count,INFEASIBLE,INFEASIBLE,INFEASIBLE,INFEASIBLE,INFEASIBLE,INFEASIBLE,INFEASIBLE,INFEASIBLE,INFEASIBLE,INFEASIBLE,INFEASIBLE,INFEASIBLE,INFEASIBLE,INFEASIBLE,INFEASIBLE,INFEASIBLE,INFEASIBLE,INFEASIBLE,INFEASIBLE,INFEASIBLE,INFEASIBLE,INFEASIBLE,INFEASIBLE,,INFEASIBLE,INFEASIBLE,INFEASIBLE,INFEASIBLE,INFEASIBLE,INFEASIBLE,INFEASIBLE,INFEASIBLE,INFEASIBLE,INFEASIBLE,INFEASIBLE,INFEASIBLE,INFEASIBLE,INFEASIBLE,INFEASIBLE,INFEASIBLE,INFEASIBLE,INFEASIBLE,INFEASIBLE,INFEASIBLE,INFEASIBLE,INFEASIBLE,INFEASIBLE,INFEASIBLE,INFEASIBLE,no_trials_in_band
corr_mix,full,factor_cov_lrt,INFEASIBLE,0.35,budget_only,count,INFEASIBLE,INFEASIBLE,INFEASIBLE,INFEASIBLE,INFEASIBLE,INFEASIBLE,INFEASIBLE,INFEASIBLE,INFEASIBLE,INFEASIBLE,INFEASIBLE,INFEASIBLE,INFEASIBLE,INFEASIBLE,INFEASIBLE,INFEASIBLE,INFEASIBLE,INFEASIBLE,INFEASIBLE,INFEASIBLE,INFEASIBLE,INFEASIBLE,INFEASIBLE,,INFEASIBLE,INFEASIBLE,INFEASIBLE,INFEASIBLE,INFEASIBLE,INFEASIBLE,INFEASIBLE,INFEASIBLE,INFEASIBLE,INFEASIBLE,INFEASIBLE,INFEASIBLE,INFEASIBLE,INFEASIBLE,INFEASIBLE,INFEASIBLE,INFEASIBLE,INFEASIBLE,INFEASIBLE,INFEASIBLE,INFEASIBLE,INFEASIBLE,INFEASIBLE,INFEASIBLE,INFEASIBLE,no_trials_in_band
corr_mix,full,factor_cov_lrt,INFEASIBLE,0.5,budget_only,count,INFEASIBLE,INFEASIBLE,INFEASIBLE,INFEASIBLE,INFEASIBLE,INFEASIBLE,INFEASIBLE,INFEASIBLE,INFEASIBLE,INFEASIBLE,INFEASIBLE,INFEASIBLE,INFEASIBLE,INFEASIBLE,INFEASIBLE,INFEASIBLE,INFEASIBLE,INFEASIBLE,INFEASIBLE,INFEASIBLE,INFEASIBLE,INFEASIBLE,INFEASIBLE,,INFEASIBLE,INFEASIBLE,INFEASIBLE,INFEASIBLE,INFEASIBLE,INFEASIBLE,INFEASIBLE,INFEASIBLE,INFEASIBLE,INFEASIBLE,INFEASIBLE,INFEASIBLE,INFEASIBLE,INFEASIBLE,INFEASIBLE,INFEASIBLE,INFEASIBLE,INFEASIBLE,INFEASIBLE,INFEASIBLE,INFEASIBLE,INFEASIBLE,INFEASIBLE,INFEASIBLE,INFEASIBLE,no_trials_in_band
corr_mix,full,factor_cov_lrt_delta,INFEASIBLE,0.15,budget_only,count,INFEASIBLE,INFEASIBLE,INFEASIBLE,INFEASIBLE,INFEASIBLE,INFEASIBLE,INFEASIBLE,INFEASIBLE,INFEASIBLE,INFEASIBLE,INFEASIBLE,INFEASIBLE,INFEASIBLE,INFEASIBLE,INFEASIBLE,INFEASIBLE,INFEASIBLE,INFEASIBLE,INFEASIBLE,INFEASIBLE,INFEASIBLE,INFEASIBLE,INFEASIBLE,,INFEASIBLE,INFEASIBLE,INFEASIBLE,INFEASIBLE,INFEASIBLE,INFEASIBLE,INFEASIBLE,INFEASIBLE,INFEASIBLE,INFEASIBLE,INFEASIBLE,INFEASIBLE,INFEASIBLE,INFEASIBLE,INFEASIBLE,INFEASIBLE,INFEASIBLE,INFEASIBLE,INFEASIBLE,INFEASIBLE,INFEASIBLE,INFEASIBLE,INFEASIBLE,INFEASIBLE,INFEASIBLE,no_trials_in_band
corr_mix,full,factor_cov_lrt_delta,INFEASIBLE,0.25,budget_only,count,INFEASIBLE,INFEASIBLE,INFEASIBLE,INFEASIBLE,INFEASIBLE,INFEASIBLE,INFEASIBLE,INFEASIBLE,INFEASIBLE,INFEASIBLE,INFEASIBLE,INFEASIBLE,INFEASIBLE,INFEASIBLE,INFEASIBLE,INFEASIBLE,INFEASIBLE,INFEASIBLE,INFEASIBLE,INFEASIBLE,INFEASIBLE,INFEASIBLE,INFEASIBLE,,INFEASIBLE,INFEASIBLE,INFEASIBLE,INFEASIBLE,INFEASIBLE,INFEASIBLE,INFEASIBLE,INFEASIBLE,INFEASIBLE,INFEASIBLE,INFEASIBLE,INFEASIBLE,INFEASIBLE,INFEASIBLE,INFEASIBLE,INFEASIBLE,INFEASIBLE,INFEASIBLE,INFEASIBLE,INFEASIBLE,INFEASIBLE,INFEASIBLE,INFEASIBLE,INFEASIBLE,INFEASIBLE,no_trials_in_band
corr_mix,full,factor_cov_lrt_delta,INFEASIBLE,0.35,budget_only,count,INFEASIBLE,INFEASIBLE,INFEASIBLE,INFEASIBLE,INFEASIBLE,INFEASIBLE,INFEASIBLE,INFEASIBLE,INFEASIBLE,INFEASIBLE,INFEASIBLE,INFEASIBLE,INFEASIBLE,INFEASIBLE,INFEASIBLE,INFEASIBLE,INFEASIBLE,INFEASIBLE,INFEASIBLE,INFEASIBLE,INFEASIBLE,INFEASIBLE,INFEASIBLE,,INFEASIBLE,INFEASIBLE,INFEASIBLE,INFEASIBLE,INFEASIBLE,INFEASIBLE,INFEASIBLE,INFEASIBLE,INFEASIBLE,INFEASIBLE,INFEASIBLE,INFEASIBLE,INFEASIBLE,INFEASIBLE,INFEASIBLE,INFEASIBLE,INFEASIBLE,INFEASIBLE,INFEASIBLE,INFEASIBLE,INFEASIBLE,INFEASIBLE,INFEASIBLE,INFEASIBLE,INFEASIBLE,no_trials_in_band
corr_mix,full,factor_cov_lrt_delta,INFEASIBLE,0.5,budget_only,count,INFEASIBLE,INFEASIBLE,INFEASIBLE,INFEASIBLE,INFEASIBLE,INFEASIBLE,INFEASIBLE,INFEASIBLE,INFEASIBLE,INFEASIBLE,INFEASIBLE,INFEASIBLE,INFEASIBLE,INFEASIBLE,INFEASIBLE,INFEASIBLE,INFEASIBLE,INFEASIBLE,INFEASIBLE,INFEASIBLE,INFEASIBLE,INFEASIBLE,INFEASIBLE,,INFEASIBLE,INFEASIBLE,INFEASIBLE,INFEASIBLE,INFEASIBLE,INFEASIBLE,INFEASIBLE,INFEASIBLE,INFEASIBLE,INFEASIBLE,INFEASIBLE,INFEASIBLE,INFEASIBLE,INFEASIBLE,INFEASIBLE,INFEASIBLE,INFEASIBLE,INFEASIBLE,INFEASIBLE,INFEASIBLE,INFEASIBLE,INFEASIBLE,INFEASIBLE,INFEASIBLE,INFEASIBLE,no_trials_in_band
corr_mix,full,fused_fisher,INFEASIBLE,0.15,budget_only,count,INFEASIBLE,INFEASIBLE,INFEASIBLE,INFEASIBLE,INFEASIBLE,INFEASIBLE,INFEASIBLE,INFEASIBLE,INFEASIBLE,INFEASIBLE,INFEASIBLE,INFEASIBLE,INFEASIBLE,INFEASIBLE,INFEASIBLE,INFEASIBLE,INFEASIBLE,INFEASIBLE,INFEASIBLE,INFEASIBLE,INFEASIBLE,INFEASIBLE,INFEASIBLE,,INFEASIBLE,INFEASIBLE,INFEASIBLE,INFEASIBLE,INFEASIBLE,INFEASIBLE,INFEASIBLE,INFEASIBLE,INFEASIBLE,INFEASIBLE,INFEASIBLE,INFEASIBLE,INFEASIBLE,INFEASIBLE,INFEASIBLE,INFEASIBLE,INFEASIBLE,INFEASIBLE,INFEASIBLE,INFEASIBLE,INFEASIBLE,INFEASIBLE,INFEASIBLE,INFEASIBLE,INFEASIBLE,no_trials_in_band
corr_mix,full,fused_fisher,INFEASIBLE,0.25,budget_only,count,INFEASIBLE,INFEASIBLE,INFEASIBLE,INFEASIBLE,INFEASIBLE,INFEASIBLE,INFEASIBLE,INFEASIBLE,INFEASIBLE,INFEASIBLE,INFEASIBLE,INFEASIBLE,INFEASIBLE,INFEASIBLE,INFEASIBLE,INFEASIBLE,INFEASIBLE,INFEASIBLE,INFEASIBLE,INFEASIBLE,INFEASIBLE,INFEASIBLE,INFEASIBLE,,INFEASIBLE,INFEASIBLE,INFEASIBLE,INFEASIBLE,INFEASIBLE,INFEASIBLE,INFEASIBLE,INFEASIBLE,INFEASIBLE,INFEASIBLE,INFEASIBLE,INFEASIBLE,INFEASIBLE,INFEASIBLE,INFEASIBLE,INFEASIBLE,INFEASIBLE,INFEASIBLE,INFEASIBLE,INFEASIBLE,INFEASIBLE,INFEASIBLE,INFEASIBLE,INFEASIBLE,INFEASIBLE,no_trials_in_band
corr_mix,full,fused_fisher,INFEASIBLE,0.35,budget_only,count,INFEASIBLE,INFEASIBLE,INFEASIBLE,INFEASIBLE,INFEASIBLE,INFEASIBLE,INFEASIBLE,INFEASIBLE,INFEASIBLE,INFEASIBLE,INFEASIBLE,INFEASIBLE,INFEASIBLE,INFEASIBLE,INFEASIBLE,INFEASIBLE,INFEASIBLE,INFEASIBLE,INFEASIBLE,INFEASIBLE,INFEASIBLE,INFEASIBLE,INFEASIBLE,,INFEASIBLE,INFEASIBLE,INFEASIBLE,INFEASIBLE,INFEASIBLE,INFEASIBLE,INFEASIBLE,INFEASIBLE,INFEASIBLE,INFEASIBLE,INFEASIBLE,INFEASIBLE,INFEASIBLE,INFEASIBLE,INFEASIBLE,INFEASIBLE,INFEASIBLE,INFEASIBLE,INFEASIBLE,INFEASIBLE,INFEASIBLE,INFEASIBLE,INFEASIBLE,INFEASIBLE,INFEASIBLE,no_trials_in_band
corr_mix,full,fused_fisher,INFEASIBLE,0.5,budget_only,count,INFEASIBLE,INFEASIBLE,INFEASIBLE,INFEASIBLE,INFEASIBLE,INFEASIBLE,INFEASIBLE,INFEASIBLE,INFEASIBLE,INFEASIBLE,INFEASIBLE,INFEASIBLE,INFEASIBLE,INFEASIBLE,INFEASIBLE,INFEASIBLE,INFEASIBLE,INFEASIBLE,INFEASIBLE,INFEASIBLE,INFEASIBLE,INFEASIBLE,INFEASIBLE,,INFEASIBLE,INFEASIBLE,INFEASIBLE,INFEASIBLE,INFEASIBLE,INFEASIBLE,INFEASIBLE,INFEASIBLE,INFEASIBLE,INFEASIBLE,INFEASIBLE,INFEASIBLE,INFEASIBLE,INFEASIBLE,INFEASIBLE,INFEASIBLE,INFEASIBLE,INFEASIBLE,INFEASIBLE,INFEASIBLE,INFEASIBLE,INFEASIBLE,INFEASIBLE,INFEASIBLE,INFEASIBLE,no_trials_in_band
corr_mix,full,fused_fisher_lrt_delta,INFEASIBLE,0.15,budget_only,count,INFEASIBLE,INFEASIBLE,INFEASIBLE,INFEASIBLE,INFEASIBLE,INFEASIBLE,INFEASIBLE,INFEASIBLE,INFEASIBLE,INFEASIBLE,INFEASIBLE,INFEASIBLE,INFEASIBLE,INFEASIBLE,INFEASIBLE,INFEASIBLE,INFEASIBLE,INFEASIBLE,INFEASIBLE,INFEASIBLE,INFEASIBLE,INFEASIBLE,INFEASIBLE,,INFEASIBLE,INFEASIBLE,INFEASIBLE,INFEASIBLE,INFEASIBLE,INFEASIBLE,INFEASIBLE,INFEASIBLE,INFEASIBLE,INFEASIBLE,INFEASIBLE,INFEASIBLE,INFEASIBLE,INFEASIBLE,INFEASIBLE,INFEASIBLE,INFEASIBLE,INFEASIBLE,INFEASIBLE,INFEASIBLE,INFEASIBLE,INFEASIBLE,INFEASIBLE,INFEASIBLE,INFEASIBLE,no_trials_in_band
corr_mix,full,fused_fisher_lrt_delta,INFEASIBLE,0.25,budget_only,count,INFEASIBLE,INFEASIBLE,INFEASIBLE,INFEASIBLE,INFEASIBLE,INFEASIBLE,INFEASIBLE,INFEASIBLE,INFEASIBLE,INFEASIBLE,INFEASIBLE,INFEASIBLE,INFEASIBLE,INFEASIBLE,INFEASIBLE,INFEASIBLE,INFEASIBLE,INFEASIBLE,INFEASIBLE,INFEASIBLE,INFEASIBLE,INFEASIBLE,INFEASIBLE,,INFEASIBLE,INFEASIBLE,INFEASIBLE,INFEASIBLE,INFEASIBLE,INFEASIBLE,INFEASIBLE,INFEASIBLE,INFEASIBLE,INFEASIBLE,INFEASIBLE,INFEASIBLE,INFEASIBLE,INFEASIBLE,INFEASIBLE,INFEASIBLE,INFEASIBLE,INFEASIBLE,INFEASIBLE,INFEASIBLE,INFEASIBLE,INFEASIBLE,INFEASIBLE,INFEASIBLE,INFEASIBLE,no_trials_in_band
corr_mix,full,fused_fisher_lrt_delta,INFEASIBLE,0.35,budget_only,count,INFEASIBLE,INFEASIBLE,INFEASIBLE,INFEASIBLE,INFEASIBLE,INFEASIBLE,INFEASIBLE,INFEASIBLE,INFEASIBLE,INFEASIBLE,INFEASIBLE,INFEASIBLE,INFEASIBLE,INFEASIBLE,INFEASIBLE,INFEASIBLE,INFEASIBLE,INFEASIBLE,INFEASIBLE,INFEASIBLE,INFEASIBLE,INFEASIBLE,INFEASIBLE,,INFEASIBLE,INFEASIBLE,INFEASIBLE,INFEASIBLE,INFEASIBLE,INFEASIBLE,INFEASIBLE,INFEASIBLE,INFEASIBLE,INFEASIBLE,INFEASIBLE,INFEASIBLE,INFEASIBLE,INFEASIBLE,INFEASIBLE,INFEASIBLE,INFEASIBLE,INFEASIBLE,INFEASIBLE,INFEASIBLE,INFEASIBLE,INFEASIBLE,INFEASIBLE,INFEASIBLE,INFEASIBLE,no_trials_in_band
corr_mix,full,fused_fisher_lrt_delta,INFEASIBLE,0.5,budget_only,count,INFEASIBLE,INFEASIBLE,INFEASIBLE,INFEASIBLE,INFEASIBLE,INFEASIBLE,INFEASIBLE,INFEASIBLE,INFEASIBLE,INFEASIBLE,INFEASIBLE,INFEASIBLE,INFEASIBLE,INFEASIBLE,INFEASIBLE,INFEASIBLE,INFEASIBLE,INFEASIBLE,INFEASIBLE,INFEASIBLE,INFEASIBLE,INFEASIBLE,INFEASIBLE,,INFEASIBLE,INFEASIBLE,INFEASIBLE,INFEASIBLE,INFEASIBLE,INFEASIBLE,INFEASIBLE,INFEASIBLE,INFEASIBLE,INFEASIBLE,INFEASIBLE,INFEASIBLE,INFEASIBLE,INFEASIBLE,INFEASIBLE,INFEASIBLE,INFEASIBLE,INFEASIBLE,INFEASIBLE,INFEASIBLE,INFEASIBLE,INFEASIBLE,INFEASIBLE,INFEASIBLE,INFEASIBLE,no_trials_in_band
corr_mix,full,fused_sp,1.0,0.15,budget_only,count,0.1,0.15,0.1,80,56,5,56,0.7,0.0625,0.7,0.8275862068965517,0.23029556650246308,4.0,0.07142857142857142,0.07142857142857142,0.0,0.16071428571428573,0.16071428571428573,0.16071428571428573,0.16071428571428573,0.08928571428571429,0.08928571428571429,0.08928571428571429,1.0,6.0,6.0,6.0,6.0,6.0,6.0,6.0,6.0,6.0,6.0,1.0,1.0,2.7635467980295565,0.8275862068965517,0.23029556650246308,0.015036182025325653,-0.26253242397090054,0.8275862068965517,0.23029556650246308,0.0,0.0,0.0,0.0,0.0,OK,
corr_mix,full,fused_sp,1.0,0.25,budget_only,count,0.1,0.15,0.1,80,56,5,56,0.7,0.0625,0.7,0.8275862068965517,0.23029556650246308,4.0,0.07142857142857142,0.07142857142857142,0.0,0.16071428571428573,0.16071428571428573,0.16071428571428573,0.16071428571428573,0.08928571428571429,0.08928571428571429,0.08928571428571429,1.0,6.0,6.0,6.0,6.0,6.0,6.0,6.0,6.0,6.0,6.0,1.0,1.0,2.7635467980295565,0.8275862068965517,0.23029556650246308,0.015036182025325653,-0.25899305966662395,0.8275862068965517,0.23029556650246308,0.0,0.0,0.0,0.0,0.0,OK,
corr_mix,full,fused_sp,1.0,0.35,budget_only,count,0.1,0.15,0.1,80,56,5,56,0.7,0.0625,0.7,0.8275862068965517,0.23029556650246308,4.0,0.07142857142857142,0.07142857142857142,0.0,0.16071428571428573,0.16071428571428573,0.16071428571428573,0.16071428571428573,0.08928571428571429,0.08928571428571429,0.08928571428571429,1.0,6.0,6.0,6.0,6.0,6.0,6.0,6.0,6.0,6.0,6.0,1.0,1.0,2.7635467980295565,0.8275862068965517,0.23029556650246308,0.015036182025325653,-0.25186139673419444,0.8275862068965517,0.23029556650246308,0.0,0.0,0.0,0.0,0.0,OK,
corr_mix,full,fused_sp,1.0,0.5,budget_only,count,0.1,0.15,0.1,80,56,5,56,0.7,0.0625,0.7,0.8275862068965517,0.23029556650246308,4.0,0.07142857142857142,0.07142857142857142,0.0,0.16071428571428573,0.16071428571428573,0.16071428571428573,0.16071428571428573,0.08928571428571429,0.08928571428571429,0.08928571428571429,1.0,6.0,6.0,6.0,6.0,6.0,6.0,6.0,6.0,6.0,6.0,1.0,1.0,2.7635467980295565,0.8275862068965517,0.23029556650246308,0.015036182025325653,-0.23401660663478077,0.8275862068965517,0.23029556650246308,0.0,0.0,0.0,0.0,0.0,OK,
corr_mix,full,fused_sp_lrt_delta,1.0,0.15,budget_only,count,0.1,0.15,0.1,80,56,5,56,0.7,0.0625,0.7,0.8275862068965517,0.1982758620689655,4.0,0.07142857142857142,0.07142857142857142,0.0,0.125,0.125,0.125,0.125,0.05357142857142857,0.08928571428571429,0.08928571428571429,1.0,6.0,6.0,6.0,6.0,6.0,6.0,6.0,6.0,6.0,6.0,1.0,1.0,2.3793103448275863,0.8275862068965517,0.1982758620689655,0.012609441847553384,-0.2946266030690593,0.8275862068965517,0.1982758620689655,0.0,0.0,0.0,0.0,0.0,OK,
corr_mix,full,fused_sp_lrt_delta,1.0,0.25,budget_only,count,0.1,0.15,0.1,80,56,5,56,0.7,0.0625,0.7,0.8275862068965517,0.1982758620689655,4.0,0.07142857142857142,0.07142857142857142,0.0,0.125,0.125,0.125,0.125,0.05357142857142857,0.08928571428571429,0.08928571428571429,1.0,6.0,6.0,6.0,6.0,6.0,6.0,6.0,6.0,6.0,6.0,1.0,1.0,2.3793103448275863,0.8275862068965517,0.1982758620689655,0.012609441847553384,-0.2908355471241701,0.8275862068965517,0.1982758620689655,0.0,0.0,0.0,0.0,0.0,OK,
corr_mix,full,fused_sp_lrt_delta,1.0,0.35,budget_only,count,0.1,0.15,0.1,80,56,5,56,0.7,0.0625,0.7,0.8275862068965517,0.1982758620689655,4.0,0.07142857142857142,0.07142857142857142,0.0,0.125,0.125,0.125,0.125,0.05357142857142857,0.08928571428571429,0.08928571428571429,1.0,6.0,6.0,6.0,6.0,6.0,6.0,6.0,6.0,6.0,6.0,1.0,1.0,2.3793103448275863,0.8275862068965517,0.1982758620689655,0.012609441847553384,-0.2830115726278154,0.8275862068965517,0.1982758620689655,0.0,0.0,0.0,0.0,0.0,OK,
corr_mix,full,fused_sp_lrt_delta,1.0,0.5,budget_only,count,0.1,0.15,0.1,80,56,5,56,0.7,0.0625,0.7,0.8275862068965517,0.1982758620689655,4.0,0.07142857142857142,0.07142857142857142,0.0,0.125,0.125,0.125,0.125,0.05357142857142857,0.08928571428571429,0.08928571428571429,1.0,6.0,6.0,6.0,6.0,6.0,6.0,6.0,6.0,6.0,6.0,1.0,1.0,2.3793103448275863,0.8275862068965517,0.1982758620689655,0.012609441847553384,-0.26298975574570027,0.8275862068965517,0.1982758620689655,0.0,0.0,0.0,0.0,0.0,OK,
corr_mix,full,max_abs,1.0,0.15,budget_only,count,0.1,0.15,0.1,80,56,1,56,0.7,0.0125,0.7,0.8275862068965517,0.23399014778325125,4.0,0.017857142857142856,0.017857142857142856,0.0,0.14285714285714285,0.125,0.14285714285714285,0.125,0.125,0.017857142857142856,0.017857142857142856,1.0,6.0,6.0,6.0,6.0,6.0,6.0,6.0,6.0,6.0,6.0,2.0,2.0,2.8078817733990147,0.8275862068965517,0.23399014778325125,0.0735172522504778,0.237544732832327,0.8275862068965517,0.23399014778325125,0.0,0.0,0.0,0.0,0.0,OK,
corr_mix,full,max_abs,1.0,0.25,budget_only,count,0.1,0.15,0.1,80,56,1,56,0.7,0.0125,0.7,0.8275862068965517,0.23399014778325125,4.0,0.017857142857142856,0.017857142857142856,0.0,0.14285714285714285,0.125,0.14285714285714285,0.125,0.125,0.017857142857142856,0.017857142857142856,1.0,6.0,6.0,6.0,6.0,6.0,6.0,6.0,6.0,6.0,6.0,2.0,2.0,2.8078817733990147,0.8275862068965517,0.23399014778325125,0.0735172522504778,0.237544732832327,0.8275862068965517,0.23399014778325125,0.0,0.0,0.0,0.0,0.0,OK,
corr_mix,full,max_abs,1.0,0.35,budget_only,count,0.1,0.15,0.1,80,56,1,56,0.7,0.0125,0.7,0.8275862068965517,0.23399014778325125,4.0,0.017857142857142856,0.017857142857142856,0.0,0.14285714285714285,0.125,0.14285714285714285,0.125,0.125,0.017857142857142856,0.017857142857142856,1.0,6.0,6.0,6.0,6.0,6.0,6.0,6.0,6.0,6.0,6.0,2.0,2.0,2.8078817733990147,0.8275862068965517,0.23399014778325125,0.0735172522504778,0.237544732832327,0.8275862068965517,0.23399014778325125,0.0,0.0,0.0,0.0,0.0,OK,
corr_mix,full,max_abs,1.0,0.5,budget_only,count,0.1,0.15,0.1,80,56,1,56,0.7,0.0125,0.7,0.8275862068965517,0.23399014778325125,4.0,0.017857142857142856,0.017857142857142856,0.0,0.14285714285714285,0.125,0.14285714285714285,0.125,0.125,0.017857142857142856,0.017857142857142856,1.0,6.0,6.0,6.0,6.0,6.0,6.0,6.0,6.0,6.0,6.0,2.0,2.0,2.8078817733990147,0.8275862068965517,0.23399014778325125,0.0735172522504778,0.237544732832327,0.8275862068965517,0.23399014778325125,0.0,0.0,0.0,0.0,0.0,OK,
corr_mix,full,pc_t2,1.0,0.15,budget_only,count,0.1,0.15,0.1,80,59,3,59,0.7375,0.0375,0.7375,0.8275862068965519,0.23027469316189364,4.0,0.05084745762711865,0.05084745762711865,0.0,0.1864406779661017,0.1864406779661017,0.1864406779661017,0.1864406779661017,0.13559322033898305,0.05084745762711865,0.05084745762711865,1.0,6.0,6.0,6.0,6.0,6.0,6.0,6.0,6.0,6.0,6.0,1.0,1.0,2.763296317942724,0.8275862068965519,0.23027469316189364,0.03613976299669936,0.04542557947763638,0.8275862068965519,0.23027469316189364,0.0,0.0,0.0,0.0,0.0,OK,
corr_mix,full,pc_t2,1.0,0.25,budget_only,count,0.1,0.15,0.1,80,59,3,59,0.7375,0.0375,0.7375,0.8275862068965519,0.23027469316189364,4.0,0.05084745762711865,0.05084745762711865,0.0,0.1864406779661017,0.1864406779661017,0.1864406779661017,0.1864406779661017,0.13559322033898305,0.05084745762711865,0.05084745762711865,1.0,6.0,6.0,6.0,6.0,6.0,6.0,6.0,6.0,6.0,6.0,1.0,1.0,2.763296317942724,0.8275862068965519,0.23027469316189364,0.03613976299669936,0.043512623690622206,0.8275862068965519,0.23027469316189364,0.0,0.0,0.0,0.0,0.0,OK,
corr_mix,full,pc_t2,1.0,0.35,budget_only,count,0.1,0.15,0.1,80,59,3,59,0.7375,0.0375,0.7375,0.8275862068965519,0.23027469316189364,4.0,0.05084745762711865,0.05084745762711865,0.0,0.1864406779661017,0.1864406779661017,0.1864406779661017,0.1864406779661017,0.13559322033898305,0.05084745762711865,0.05084745762711865,1.0,6.0,6.0,6.0,6.0,6.0,6.0,6.0,6.0,6.0,6.0,1.0,1.0,2.763296317942724,0.8275862068965519,0.23027469316189364,0.03613976299669936,0.04175150771032244,0.8275862068965519,0.23027469316189364,0.0,0.0,0.0,0.0,0.0,OK,
corr_mix,full,pc_t2,1.0,0.5,budget_only,count,0.1,0.15,0.1,80,59,3,59,0.7375,0.0375,0.7375,0.8275862068965519,0.23027469316189364,4.0,0.05084745762711865,0.05084745762711865,0.0,0.1864406779661017,0.1864406779661017,0.1864406779661017,0.1864406779661017,0.13559322033898305,0.05084745762711865,0.05084745762711865,1.0,6.0,6.0,6.0,6.0,6.0,6.0,6.0,6.0,6.0,6.0,1.0,1.0,2.763296317942724,0.8275862068965519,0.23027469316189364,0.03613976299669936,0.039394533377462404,0.8275862068965519,0.23027469316189364,0.0,0.0,0.0,0.0,0.0,OK,
corr_mix,full,res_energy,1.0,0.15,budget_only,count,0.1,0.15,0.1,80,55,5,55,0.6875,0.0625,0.6875,0.8275862068965522,0.22978056426332288,4.0,0.03636363636363636,0.03636363636363636,0.0,0.14545454545454545,0.10909090909090909,0.14545454545454545,0.10909090909090909,0.10909090909090909,0.09090909090909091,0.09090909090909091,1.0,6.0,6.0,6.0,6.0,6.0,6.0,6.0,6.0,6.0,6.0,2.0,2.0,2.7573667711598753,0.8275862068965522,0.22978056426332288,0.021616284308941087,-0.24954404390939453,0.8275862068965522,0.22978056426332288,0.0,0.0,0.0,0.0,0.0,OK,
corr_mix,full,res_energy,1.0,0.25,budget_only,count,0.1,0.15,0.1,80,55,5,55,0.6875,0.0625,0.6875,0.8275862068965522,0.22978056426332288,4.0,0.03636363636363636,0.03636363636363636,0.0,0.14545454545454545,0.10909090909090909,0.14545454545454545,0.10909090909090909,0.10909090909090909,0.09090909090909091,0.09090909090909091,1.0,6.0,6.0,6.0,6.0,6.0,6.0,6.0,6.0,6.0,6.0,2.0,2.0,2.7573667711598753,0.8275862068965522,0.22978056426332288,0.021616284308941087,-0.24548970351843918,0.8275862068965522,0.22978056426332288,0.0,0.0,0.0,0.0,0.0,OK,
corr_mix,full,res_energy,1.0,0.35,budget_only,count,0.1,0.15,0.1,80,55,5,55,0.6875,0.0625,0.6875,0.8275862068965522,0.22978056426332288,4.0,0.03636363636363636,0.03636363636363636,0.0,0.14545454545454545,0.10909090909090909,0.14545454545454545,0.10909090909090909,0.10909090909090909,0.09090909090909091,0.09090909090909091,1.0,6.0,6.0,6.0,6.0,6.0,6.0,6.0,6.0,6.0,6.0,2.0,2.0,2.7573667711598753,0.8275862068965522,0.22978056426332288,0.021616284308941087,-0.23836642245132875,0.8275862068965522,0.22978056426332288,0.0,0.0,0.0,0.0,0.0,OK,
corr_mix,full,res_energy,1.0,0.5,budget_only,count,0.1,0.15,0.1,80,55,5,55,0.6875,0.0625,0.6875,0.8275862068965522,0.22978056426332288,4.0,0.03636363636363636,0.03636363636363636,0.0,0.14545454545454545,0.10909090909090909,0.14545454545454545,0.10909090909090909,0.10909090909090909,0.09090909090909091,0.09090909090909091,1.0,6.0,6.0,6.0,6.0,6.0,6.0,6.0,6.0,6.0,6.0,2.0,2.0,2.7498432601880882,0.8200626959247653,0.229153605015674,0.021616284308941087,-0.21882553744948732,0.8275862068965522,0.22978056426332288,0.0,0.0,0.0,0.0,0.0,OK,
corr_mix,full,stale,1.0,0.15,budget_only,count,0.1,0.15,0.1,80,49,5,49,0.6125,0.0625,0.6125,0.8275862068965518,0.20619282195636876,4.0,0.1836734693877551,0.1836734693877551,0.0,0.3469387755102041,0.1836734693877551,0.3469387755102041,0.1836734693877551,0.16326530612244897,0.04081632653061224,0.04081632653061224,1.0,6.0,6.0,6.0,6.0,6.0,6.0,6.0,6.0,6.0,6.0,3.0,3.0,2.4743138634764255,0.8275862068965518,0.20619282195636876,0.34626505461351464,0.2755102040816326,0.8275862068965518,0.20619282195636876,0.0,0.0,0.0,0.0,0.0,OK,
corr_mix,full,stale,1.0,0.25,budget_only,count,0.1,0.15,0.1,80,49,5,49,0.6125,0.0625,0.6125,0.8275862068965518,0.20619282195636876,4.0,0.24489795918367346,0.1836734693877551,0.06122448979591835,0.40816326530612246,0.1836734693877551,0.40816326530612246,0.1836734693877551,0.16326530612244897,0.04081632653061224,0.04081632653061224,1.0,6.0,6.0,6.0,6.0,6.0,6.0,6.0,6.0,6.0,6.0,3.0,3.0,2.4616467276565803,0.8149190710767067,0.20513722730471498,0.34626505461351464,0.2755102040816326,0.8275862068965518,0.20619282195636876,0.01020408163265306,0.0,0.01020408163265306,0.01020408163265306,0.0,OK,
corr_mix,full,stale,1.0,0.35,budget_only,count,0.1,0.15,0.1,80,49,5,49,0.6125,0.0625,0.6125,0.8275862068965518,0.20619282195636876,4.0,0.24489795918367346,0.1836734693877551,0.06122448979591835,0.40816326530612246,0.1836734693877551,0.40816326530612246,0.1836734693877551,0.16326530612244897,0.04081632653061224,0.04081632653061224,1.0,6.0,6.0,6.0,6.0,6.0,6.0,6.0,6.0,6.0,6.0,3.0,3.0,2.4616467276565803,0.8233638282899368,0.20513722730471498,0.34626505461351464,0.2755102040816326,0.8275862068965518,0.20619282195636876,0.01020408163265306,0.013888888888888888,0.01020408163265306,0.01020408163265306,0.013888888888888888,OK,
corr_mix,full,stale,1.0,0.5,budget_only,count,0.1,0.15,0.1,80,49,5,49,0.6125,0.0625,0.6125,0.8275862068965518,0.20619282195636876,4.0,0.3469387755102041,0.1836734693877551,0.16326530612244897,0.5102040816326531,0.1836734693877551,0.5102040816326531,0.1836734693877551,0.16326530612244897,0.04081632653061224,0.04081632653061224,1.0,6.0,6.0,6.0,6.0,6.0,6.0,5.0,6.0,6.0,6.0,3.0,3.0,2.4532019704433496,0.8064743138634765,0.20443349753694579,0.34626505461351464,0.3877551020408163,0.8275862068965518,0.20619282195636876,0.05442176870748299,0.03472222222222222,0.047619047619047616,0.047619047619047616,-0.03472222222222222,OK,
corr_mix,score_only,T2,1.0,0.15,budget_only,count,0.1,0.15,0.1,80,53,0,53,0.6625,0.0,0.6625,0.827586206896552,0.2713077423552375,4.0,0.018867924528301886,0.05660377358490566,-0.03773584905660378,0.09433962264150944,0.07547169811320754,0.09433962264150944,0.07547169811320754,0.07547169811320754,0.0,0.0,1.0,6.0,6.0,6.0,6.0,6.0,6.0,6.0,6.0,6.0,6.0,2.0,5.0,3.2556929082628505,0.831489915419649,0.2713077423552375,0.028613311953760764,-0.13987510017926313,0.827586206896552,0.2713077423552375,0.006289308176100628,0.0,-0.006289308176100628,0.006289308176100628,0.0,OK,
corr_mix,score_only,T2,1.0,0.25,budget_only,count,0.1,0.15,0.1,80,53,0,53,0.6625,0.0,0.6625,0.827586206896552,0.2713077423552375,4.0,0.018867924528301886,0.05660377358490566,-0.03773584905660378,0.09433962264150944,0.07547169811320754,0.09433962264150944,0.07547169811320754,0.07547169811320754,0.0,0.0,1.0,6.0,6.0,6.0,6.0,6.0,6.0,6.0,6.0,6.0,6.0,2.0,5.0,3.2556929082628505,0.831489915419649,0.2713077423552375,0.028613311953760764,-0.12638087887917462,0.827586206896552,0.2713077423552375,0.006289308176100628,0.0,-0.006289308176100628,0.006289308176100628,0.0,OK,
corr_mix,score_only,T2,1.0,0.35,budget_only,count,0.1,0.15,0.1,80,53,0,53,0.6625,0.0,0.6625,0.827586206896552,0.2713077423552375,4.0,0.018867924528301886,0.05660377358490566,-0.03773584905660378,0.09433962264150944,0.07547169811320754,0.09433962264150944,0.07547169811320754,0.07547169811320754,0.0,0.0,1.0,6.0,6.0,6.0,6.0,6.0,6.0,6.0,6.0,6.0,6.0,2.0,5.0,3.2556929082628505,0.831489915419649,0.2713077423552375,0.028613311953760764,-0.0614161353571461,0.827586206896552,0.2713077423552375,0.006289308176100628,0.0,-0.006289308176100628,0.006289308176100628,0.0,OK,
corr_mix,score_only,T2,1.0,0.5,budget_only,count,0.1,0.15,0.1,80,53,0,53,0.6625,0.0,0.6625,0.827586206896552,0.2713077423552375,4.0,0.018867924528301886,0.05660377358490566,-0.03773584905660378,0.09433962264150944,0.07547169811320754,0.09433962264150944,0.07547169811320754,0.07547169811320754,0.0,0.0,1.0,6.0,6.0,6.0,6.0,6.0,6.0,6.0,6.0,6.0,6.0,2.0,5.0,3.2517891997397537,0.827586206896552,0.2709824333116461,0.028613311953760764,0.11427011630232571,0.827586206896552,0.2713077423552375,0.006289308176100628,0.0,-0.006289308176100628,0.006289308176100628,0.0,OK,
corr_mix,score_only,coh_resid_energy,1.0,0.15,budget_only,count,0.1,0.15,0.1,80,80,8,80,1.0,0.1,1.0,0.949137931034483,0.20237068965517238,4.5875,0.425,0.425,0.0,0.5,0.3,0.5,0.3,0.0875,0.1,0.1,1.0,6.0,6.0,6.0,6.0,6.0,6.0,5.5,6.0,6.0,6.0,1.5,1.5,2.428448275862069,0.949137931034483,0.20237068965517238,0.031416347690722234,0.1617996898914919,0.949137931034483,0.20237068965517238,0.0,0.0,0.0,0.0,0.0,OK,
corr_mix,score_only,coh_resid_energy,1.0,0.25,budget_only,count,0.1,0.15,0.1,80,80,8,80,1.0,0.1,1.0,0.949137931034483,0.20237068965517238,4.5875,0.425,0.425,0.0,0.5,0.3,0.5,0.3,0.0875,0.1,0.1,1.0,6.0,6.0,6.0,6.0,6.0,6.0,5.5,6.0,6.0,6.0,1.5,1.5,2.428448275862069,0.949137931034483,0.20237068965517238,0.031416347690722234,0.16522385754778032,0.949137931034483,0.20237068965517238,0.0,0.0,0.0,0.0,0.0,OK,
corr_mix,score_only,coh_resid_energy,1.0,0.35,budget_only,count,0.1,0.15,0.1,80,80,8,80,1.0,0.1,1.0,0.949137931034483,0.20237068965517238,4.5875,0.425,0.425,0.0,0.5,0.3,0.5,0.3,0.0875,0.1,0.1,1.0,6.0,6.0,6.0,6.0,6.0,6.0,5.5,6.0,6.0,6.0,1.5,1.5,2.428448275862069,0.949137931034483,0.20237068965517238,0.031416347690722234,0.1707905605202807,0.949137931034483,0.20237068965517238,0.0,0.0,0.0,0.0,0.0,OK,
corr_mix,score_only,coh_resid_energy,1.0,0.5,budget_only,count,0.1,0.15,0.1,80,80,8,80,1.0,0.1,1.0,0.949137931034483,0.20237068965517238,4.5875,0.425,0.425,0.0,0.5,0.3,0.5,0.3,0.0875,0.1,0.1,1.0,6.0,6.0,6.0,6.0,6.0,6.0,5.5,6.0,6.0,6.0,1.5,1.5,2.418103448275862,0.949137931034483,0.20150862068965517,0.031416347690722234,0.1830354690866514,0.949137931034483,0.20237068965517238,0.0,0.0,0.0,0.0,0.0,OK,
corr_mix,score_only,coh_resid_t2,1.0,0.15,budget_only,count,0.1,0.15,0.1,80,80,4,80,1.0,0.05,1.0,0.9543103448275861,0.23728448275862074,4.6125,0.3875,0.3875,0.0,0.4875,0.3125,0.4875,0.3125,0.175,0.05,0.05,1.0,6.0,6.0,6.0,6.0,6.0,6.0,6.0,6.0,6.0,6.0,2.0,2.0,2.847413793103448,0.9543103448275861,0.23728448275862074,0.034275449545971844,0.07486047937954202,0.9543103448275861,0.23728448275862074,0.0,0.0,0.0,0.0,0.0,OK,
corr_mix,score_only,coh_resid_t2,1.0,0.25,budget_only,count,0.1,0.15,0.1,80,80,4,80,1.0,0.05,1.0,0.9543103448275861,0.23728448275862074,4.6125,0.3875,0.3875,0.0,0.4875,0.3125,0.4875,0.3125,0.175,0.05,0.05,1.0,6.0,6.0,6.0,6.0,6.0,6.0,6.0,6.0,6.0,6.0,2.0,2.0,2.847413793103448,0.9543103448275861,0.23728448275862074,0.034275449545971844,0.09214968268741366,0.9543103448275861,0.23728448275862074,0.0,0.0,0.0,0.0,0.0,OK,
corr_mix,score_only,coh_resid_t2,1.0,0.35,budget_only,count,0.1,0.15,0.1,80,80,4,80,1.0,0.05,1.0,0.9543103448275861,0.23728448275862074,4.6125,0.3875,0.3875,0.0,0.4875,0.3125,0.4875,0.3125,0.175,0.05,0.05,1.0,6.0,6.0,6.0,6.0,6.0,6.0,6.0,6.0,6.0,6.0,2.0,2.0,2.847413793103448,0.9543103448275861,0.23728448275862074,0.034275449545971844,0.14190158654562862,0.9543103448275861,0.23728448275862074,0.0,0.0,0.0,0.0,0.0,OK,
corr_mix,score_only,coh_resid_t2,1.0,0.5,budget_only,count,0.1,0.15,0.1,80,80,4,80,1.0,0.05,1.0,0.9543103448275861,0.23728448275862074,4.6125,0.5,0.3875,0.11249999999999999,0.6125,0.325,0.6125,0.325,0.1875,0.05,0.05,1.0,5.5,6.0,5.5,6.0,6.0,6.0,3.5,6.0,5.5,6.0,3.0,2.0,2.847413793103448,0.9543103448275861,0.23728448275862074,0.034275449545971844,0.28235208729053934,0.9543103448275861,0.23728448275862074,0.020833333333333332,0.0,0.020833333333333332,0.020833333333333332,0.0,OK,
corr_mix,score_only,cusum_coh_resid_t2,1.0,0.15,budget_only,count,0.1,0.15,0.1,80,38,0,38,0.475,0.0,0.475,1.0508166969147006,0.2254990925589837,5.078947368421052,0.47368421052631576,0.47368421052631576,0.0,0.5526315789473685,0.2894736842105263,0.5526315789473685,0.2894736842105263,0.10526315789473684,0.0,0.0,1.0,6.0,6.0,6.0,6.0,6.0,6.0,3.5,6.0,6.0,6.0,2.0,2.0,2.7059891107078036,1.0508166969147006,0.2254990925589837,NA,-0.2370871349274434,1.0508166969147006,0.2254990925589837,0.0,0.0,0.0,0.0,0.0,OK,
corr_mix,score_only,cusum_coh_resid_t2,1.0,0.25,budget_only,count,0.1,0.15,0.1,80,38,0,38,0.475,0.0,0.475,1.0508166969147006,0.2254990925589837,5.078947368421052,0.47368421052631576,0.47368421052631576,0.0,0.5526315789473685,0.2894736842105263,0.5526315789473685,0.2894736842105263,0.10526315789473684,0.0,0.0,1.0,6.0,6.0,6.0,6.0,6.0,6.0,3.5,6.0,6.0,6.0,2.0,2.0,2.7059891107078036,1.0508166969147006,0.2254990925589837,NA,-0.21713308739344195,1.0508166969147006,0.2254990925589837,0.0,0.0,0.0,0.0,0.0,OK,
corr_mix,score_only,cusum_coh_resid_t2,1.0,0.35,budget_only,count,0.1,0.15,0.1,80,38,0,38,0.475,0.0,0.475,1.0508166969147006,0.2254990925589837,5.078947368421052,0.47368421052631576,0.47368421052631576,0.0,0.5526315789473685,0.2894736842105263,0.5526315789473685,0.2894736842105263,0.10526315789473684,0.0,0.0,1.0,6.0,6.0,6.0,6.0,6.0,6.0,3.5,6.0,6.0,6.0,2.0,2.0,2.7059891107078036,1.0508166969147006,0.2254990925589837,NA,-0.1678698719175187,1.0508166969147006,0.2254990925589837,0.0,0.0,0.0,0.0,0.0,OK,
corr_mix,score_only,cusum_coh_resid_t2,1.0,0.5,budget_only,count,0.1,0.15,0.1,80,38,0,38,0.475,0.0,0.475,1.0508166969147006,0.2254990925589837,5.078947368421052,0.7368421052631579,0.47368421052631576,0.2631578947368421,0.7631578947368421,0.42105263157894735,0.7631578947368421,0.42105263157894735,0.10526315789473684,0.0,0.0,1.0,3.0,6.0,3.0,6.0,6.0,6.0,2.0,6.0,3.0,6.0,2.0,2.0,2.7059891107078036,1.0508166969147006,0.2254990925589837,NA,-0.03678278179370333,1.0508166969147006,0.2254990925589837,0.04824561403508772,0.0,0.04824561403508772,0.04824561403508772,0.0,OK,
corr_mix,score_only,cusum_factor_cov_lrt,1.0,0.15,budget_only,count,0.1,0.15,0.1,80,77,0,77,0.9625,0.0,0.9625,1.1500223914017016,0.4171518137035378,5.558441558441558,0.5194805194805194,0.5194805194805194,0.0,0.9090909090909091,0.6493506493506493,0.9090909090909091,0.6493506493506493,0.42857142857142855,0.0,0.0,1.0,5.0,5.0,5.0,6.0,5.0,6.0,0.0,5.0,5.0,6.0,2.0,2.0,5.013882669055082,1.1500223914017016,0.4178235557545902,NA,0.30041496153873676,1.1500223914017016,0.4171518137035378,0.006493506493506494,0.013157894736842105,-0.0064935064935064965,0.0064935064935064965,0.013157894736842105,OK,
corr_mix,score_only,cusum_factor_cov_lrt,1.0,0.25,budget_only,count,0.1,0.15,0.1,80,77,0,77,0.9625,0.0,0.9625,1.1500223914017016,0.4171518137035378,5.558441558441558,0.5194805194805194,0.5194805194805194,0.0,0.9090909090909091,0.6493506493506493,0.9090909090909091,0.6493506493506493,0.42857142857142855,0.0,0.0,1.0,5.0,5.0,5.0,6.0,5.0,6.0,0.0,5.0,5.0,6.0,2.0,2.0,5.013882669055082,1.1500223914017016,0.4178235557545902,NA,0.3052053065877504,1.1500223914017016,0.4171518137035378,0.006493506493506494,0.013157894736842105,-0.0064935064935064965,0.0064935064935064965,0.013157894736842105,OK,
corr_mix,score_only,cusum_factor_cov_lrt,1.0,0.35,budget_only,count,0.1,0.15,0.1,80,77,0,77,0.9625,0.0,0.9625,1.1500223914017016,0.4171518137035378,5.558441558441558,0.5194805194805194,0.5194805194805194,0.0,0.9090909090909091,0.6493506493506493,0.9090909090909091,0.6493506493506493,0.42857142857142855,0.0,0.0,1.0,5.0,5.0,5.0,6.0,5.0,6.0,0.0,5.0,5.0,6.0,2.0,2.0,5.013882669055082,1.1500223914017016,0.4178235557545902,NA,0.3104952980523389,1.1500223914017016,0.4171518137035378,0.006493506493506494,0.013157894736842105,-0.0064935064935064965,0.0064935064935064965,0.013157894736842105,OK,
corr_mix,score_only,cusum_factor_cov_lrt,1.0,0.5,budget_only,count,0.1,0.15,0.1,80,77,0,77,0.9625,0.0,0.9625,1.1500223914017016,0.4171518137035378,5.558441558441558,0.5194805194805194,0.5194805194805194,0.0,0.9090909090909091,0.6493506493506493,0.9090909090909091,0.6493506493506493,0.42857142857142855,0.0,0.0,1.0,5.0,5.0,5.0,6.0,5.0,6.0,0.0,5.0,5.0,6.0,2.0,2.0,5.013882669055082,1.1500223914017016,0.4178235557545902,NA,0.3190214173950711,1.1500223914017016,0.4171518137035378,0.006493506493506494,0.013157894736842105,-0.0064935064935064965,0.0064935064935064965,0.013157894736842105,OK,
corr_mix,score_only,ewma_coh_resid_t2,1.0,0.15,budget_only,count,0.1,0.15,0.1,80,80,0,80,1.0,0.0,1.0,0.9568965517241379,0.3010775862068965,4.625,0.4,0.4125,-0.012499999999999956,0.5,0.3,0.5,0.3,0.15,0.0,0.0,1.0,6.0,6.0,6.0,6.0,6.0,6.0,5.5,6.0,6.0,6.0,2.0,2.0,3.597413793103448,0.9568965517241379,0.2997844827586207,0.03503383757469369,0.23154121053244242,0.9568965517241379,0.3010775862068965,0.0125,0.008438818565400843,-0.0125,0.0125,-0.008438818565400843,OK,
corr_mix,score_only,ewma_coh_resid_t2,1.0,0.25,budget_only,count,0.1,0.15,0.1,80,80,0,80,1.0,0.0,1.0,0.9568965517241379,0.3010775862068965,4.625,0.4,0.4125,-0.012499999999999956,0.5,0.3,0.5,0.3,0.15,0.0,0.0,1.0,6.0,6.0,6.0,6.0,6.0,6.0,5.5,6.0,6.0,6.0,2.0,2.0,3.5922413793103454,0.9465517241379311,0.2993534482758621,0.03503383757469369,0.2554407390890402,0.9568965517241379,0.3010775862068965,0.00625,0.0,-0.00625,0.00625,0.0,OK,
corr_mix,score_only,ewma_coh_resid_t2,1.0,0.35,budget_only,count,0.1,0.15,0.1,80,80,0,80,1.0,0.0,1.0,0.9568965517241379,0.3010775862068965,4.625,0.4125,0.4125,0.0,0.5125,0.3,0.5125,0.3,0.15,0.0,0.0,1.0,6.0,6.0,6.0,6.0,6.0,6.0,5.0,6.0,6.0,6.0,2.0,2.0,3.5896551724137935,0.9465517241379311,0.2991379310344827,0.03503383757469369,0.30347568606435094,0.9568965517241379,0.3010775862068965,0.0,0.0,0.0,0.0,0.0,OK,
corr_mix,score_only,ewma_coh_resid_t2,1.0,0.5,budget_only,count,0.1,0.15,0.1,80,80,0,80,1.0,0.0,1.0,0.9568965517241379,0.3010775862068965,4.625,0.4125,0.4125,0.0,0.5125,0.3,0.5125,0.3,0.15,0.0,0.0,1.0,6.0,6.0,6.0,6.0,6.0,6.0,5.0,6.0,6.0,6.0,2.0,2.0,3.5896551724137935,0.9465517241379311,0.2991379310344827,0.03503383757469369,0.4242193206969979,0.9568965517241379,0.3010775862068965,0.014583333333333332,0.0,0.014583333333333337,0.014583333333333337,0.0,OK,
corr_mix,score_only,ewma_factor_cov_lrt,INFEASIBLE,0.15,budget_only,count,INFEASIBLE,INFEASIBLE,INFEASIBLE,INFEASIBLE,INFEASIBLE,INFEASIBLE,INFEASIBLE,INFEASIBLE,INFEASIBLE,INFEASIBLE,INFEASIBLE,INFEASIBLE,INFEASIBLE,INFEASIBLE,INFEASIBLE,INFEASIBLE,INFEASIBLE,INFEASIBLE,INFEASIBLE,INFEASIBLE,INFEASIBLE,INFEASIBLE,INFEASIBLE,,INFEASIBLE,INFEASIBLE,INFEASIBLE,INFEASIBLE,INFEASIBLE,INFEASIBLE,INFEASIBLE,INFEASIBLE,INFEASIBLE,INFEASIBLE,INFEASIBLE,INFEASIBLE,INFEASIBLE,INFEASIBLE,INFEASIBLE,INFEASIBLE,INFEASIBLE,INFEASIBLE,INFEASIBLE,INFEASIBLE,INFEASIBLE,INFEASIBLE,INFEASIBLE,INFEASIBLE,INFEASIBLE,no_trials_in_band
corr_mix,score_only,ewma_factor_cov_lrt,INFEASIBLE,0.25,budget_only,count,INFEASIBLE,INFEASIBLE,INFEASIBLE,INFEASIBLE,INFEASIBLE,INFEASIBLE,INFEASIBLE,INFEASIBLE,INFEASIBLE,INFEASIBLE,INFEASIBLE,INFEASIBLE,INFEASIBLE,INFEASIBLE,INFEASIBLE,INFEASIBLE,INFEASIBLE,INFEASIBLE,INFEASIBLE,INFEASIBLE,INFEASIBLE,INFEASIBLE,INFEASIBLE,,INFEASIBLE,INFEASIBLE,INFEASIBLE,INFEASIBLE,INFEASIBLE,INFEASIBLE,INFEASIBLE,INFEASIBLE,INFEASIBLE,INFEASIBLE,INFEASIBLE,INFEASIBLE,INFEASIBLE,INFEASIBLE,INFEASIBLE,INFEASIBLE,INFEASIBLE,INFEASIBLE,INFEASIBLE,INFEASIBLE,INFEASIBLE,INFEASIBLE,INFEASIBLE,INFEASIBLE,INFEASIBLE,no_trials_in_band
corr_mix,score_only,ewma_factor_cov_lrt,INFEASIBLE,0.35,budget_only,count,INFEASIBLE,INFEASIBLE,INFEASIBLE,INFEASIBLE,INFEASIBLE,INFEASIBLE,INFEASIBLE,INFEASIBLE,INFEASIBLE,INFEASIBLE,INFEASIBLE,INFEASIBLE,INFEASIBLE,INFEASIBLE,INFEASIBLE,INFEASIBLE,INFEASIBLE,INFEASIBLE,INFEASIBLE,INFEASIBLE,INFEASIBLE,INFEASIBLE,INFEASIBLE,,INFEASIBLE,INFEASIBLE,INFEASIBLE,INFEASIBLE,INFEASIBLE,INFEASIBLE,INFEASIBLE,INFEASIBLE,INFEASIBLE,INFEASIBLE,INFEASIBLE,INFEASIBLE,INFEASIBLE,INFEASIBLE,INFEASIBLE,INFEASIBLE,INFEASIBLE,INFEASIBLE,INFEASIBLE,INFEASIBLE,INFEASIBLE,INFEASIBLE,INFEASIBLE,INFEASIBLE,INFEASIBLE,no_trials_in_band
corr_mix,score_only,ewma_factor_cov_lrt,INFEASIBLE,0.5,budget_only,count,INFEASIBLE,INFEASIBLE,INFEASIBLE,INFEASIBLE,INFEASIBLE,INFEASIBLE,INFEASIBLE,INFEASIBLE,INFEASIBLE,INFEASIBLE,INFEASIBLE,INFEASIBLE,INFEASIBLE,INFEASIBLE,INFEASIBLE,INFEASIBLE,INFEASIBLE,INFEASIBLE,INFEASIBLE,INFEASIBLE,INFEASIBLE,INFEASIBLE,INFEASIBLE,,INFEASIBLE,INFEASIBLE,INFEASIBLE,INFEASIBLE,INFEASIBLE,INFEASIBLE,INFEASIBLE,INFEASIBLE,INFEASIBLE,INFEASIBLE,INFEASIBLE,INFEASIBLE,INFEASIBLE,INFEASIBLE,INFEASIBLE,INFEASIBLE,INFEASIBLE,INFEASIBLE,INFEASIBLE,INFEASIBLE,INFEASIBLE,INFEASIBLE,INFEASIBLE,INFEASIBLE,INFEASIBLE,no_trials_in_band
corr_mix,score_only,factor_cov_change,INFEASIBLE,0.15,budget_only,count,INFEASIBLE,INFEASIBLE,INFEASIBLE,INFEASIBLE,INFEASIBLE,INFEASIBLE,INFEASIBLE,INFEASIBLE,INFEASIBLE,INFEASIBLE,INFEASIBLE,INFEASIBLE,INFEASIBLE,INFEASIBLE,INFEASIBLE,INFEASIBLE,INFEASIBLE,INFEASIBLE,INFEASIBLE,INFEASIBLE,INFEASIBLE,INFEASIBLE,INFEASIBLE,,INFEASIBLE,INFEASIBLE,INFEASIBLE,INFEASIBLE,INFEASIBLE,INFEASIBLE,INFEASIBLE,INFEASIBLE,INFEASIBLE,INFEASIBLE,INFEASIBLE,INFEASIBLE,INFEASIBLE,INFEASIBLE,INFEASIBLE,INFEASIBLE,INFEASIBLE,INFEASIBLE,INFEASIBLE,INFEASIBLE,INFEASIBLE,INFEASIBLE,INFEASIBLE,INFEASIBLE,INFEASIBLE,no_trials_in_band
corr_mix,score_only,factor_cov_change,INFEASIBLE,0.25,budget_only,count,INFEASIBLE,INFEASIBLE,INFEASIBLE,INFEASIBLE,INFEASIBLE,INFEASIBLE,INFEASIBLE,INFEASIBLE,INFEASIBLE,INFEASIBLE,INFEASIBLE,INFEASIBLE,INFEASIBLE,INFEASIBLE,INFEASIBLE,INFEASIBLE,INFEASIBLE,INFEASIBLE,INFEASIBLE,INFEASIBLE,INFEASIBLE,INFEASIBLE,INFEASIBLE,,INFEASIBLE,INFEASIBLE,INFEASIBLE,INFEASIBLE,INFEASIBLE,INFEASIBLE,INFEASIBLE,INFEASIBLE,INFEASIBLE,INFEASIBLE,INFEASIBLE,INFEASIBLE,INFEASIBLE,INFEASIBLE,INFEASIBLE,INFEASIBLE,INFEASIBLE,INFEASIBLE,INFEASIBLE,INFEASIBLE,INFEASIBLE,INFEASIBLE,INFEASIBLE,INFEASIBLE,INFEASIBLE,no_trials_in_band
corr_mix,score_only,factor_cov_change,INFEASIBLE,0.35,budget_only,count,INFEASIBLE,INFEASIBLE,INFEASIBLE,INFEASIBLE,INFEASIBLE,INFEASIBLE,INFEASIBLE,INFEASIBLE,INFEASIBLE,INFEASIBLE,INFEASIBLE,INFEASIBLE,INFEASIBLE,INFEASIBLE,INFEASIBLE,INFEASIBLE,INFEASIBLE,INFEASIBLE,INFEASIBLE,INFEASIBLE,INFEASIBLE,INFEASIBLE,INFEASIBLE,,INFEASIBLE,INFEASIBLE,INFEASIBLE,INFEASIBLE,INFEASIBLE,INFEASIBLE,INFEASIBLE,INFEASIBLE,INFEASIBLE,INFEASIBLE,INFEASIBLE,INFEASIBLE,INFEASIBLE,INFEASIBLE,INFEASIBLE,INFEASIBLE,INFEASIBLE,INFEASIBLE,INFEASIBLE,INFEASIBLE,INFEASIBLE,INFEASIBLE,INFEASIBLE,INFEASIBLE,INFEASIBLE,no_trials_in_band
corr_mix,score_only,factor_cov_change,INFEASIBLE,0.5,budget_only,count,INFEASIBLE,INFEASIBLE,INFEASIBLE,INFEASIBLE,INFEASIBLE,INFEASIBLE,INFEASIBLE,INFEASIBLE,INFEASIBLE,INFEASIBLE,INFEASIBLE,INFEASIBLE,INFEASIBLE,INFEASIBLE,INFEASIBLE,INFEASIBLE,INFEASIBLE,INFEASIBLE,INFEASIBLE,INFEASIBLE,INFEASIBLE,INFEASIBLE,INFEASIBLE,,INFEASIBLE,INFEASIBLE,INFEASIBLE,INFEASIBLE,INFEASIBLE,INFEASIBLE,INFEASIBLE,INFEASIBLE,INFEASIBLE,INFEASIBLE,INFEASIBLE,INFEASIBLE,INFEASIBLE,INFEASIBLE,INFEASIBLE,INFEASIBLE,INFEASIBLE,INFEASIBLE,INFEASIBLE,INFEASIBLE,INFEASIBLE,INFEASIBLE,INFEASIBLE,INFEASIBLE,INFEASIBLE,no_trials_in_band
corr_mix,score_only,factor_cov_delta,INFEASIBLE,0.15,budget_only,count,INFEASIBLE,INFEASIBLE,INFEASIBLE,INFEASIBLE,INFEASIBLE,INFEASIBLE,INFEASIBLE,INFEASIBLE,INFEASIBLE,INFEASIBLE,INFEASIBLE,INFEASIBLE,INFEASIBLE,INFEASIBLE,INFEASIBLE,INFEASIBLE,INFEASIBLE,INFEASIBLE,INFEASIBLE,INFEASIBLE,INFEASIBLE,INFEASIBLE,INFEASIBLE,,INFEASIBLE,INFEASIBLE,INFEASIBLE,INFEASIBLE,INFEASIBLE,INFEASIBLE,INFEASIBLE,INFEASIBLE,INFEASIBLE,INFEASIBLE,INFEASIBLE,INFEASIBLE,INFEASIBLE,INFEASIBLE,INFEASIBLE,INFEASIBLE,INFEASIBLE,INFEASIBLE,INFEASIBLE,INFEASIBLE,INFEASIBLE,INFEASIBLE,INFEASIBLE,INFEASIBLE,INFEASIBLE,no_trials_in_band
corr_mix,score_only,factor_cov_delta,INFEASIBLE,0.25,budget_only,count,INFEASIBLE,INFEASIBLE,INFEASIBLE,INFEASIBLE,INFEASIBLE,INFEASIBLE,INFEASIBLE,INFEASIBLE,INFEASIBLE,INFEASIBLE,INFEASIBLE,INFEASIBLE,INFEASIBLE,INFEASIBLE,INFEASIBLE,INFEASIBLE,INFEASIBLE,INFEASIBLE,INFEASIBLE,INFEASIBLE,INFEASIBLE,INFEASIBLE,INFEASIBLE,,INFEASIBLE,INFEASIBLE,INFEASIBLE,INFEASIBLE,INFEASIBLE,INFEASIBLE,INFEASIBLE,INFEASIBLE,INFEASIBLE,INFEASIBLE,INFEASIBLE,INFEASIBLE,INFEASIBLE,INFEASIBLE,INFEASIBLE,INFEASIBLE,INFEASIBLE,INFEASIBLE,INFEASIBLE,INFEASIBLE,INFEASIBLE,INFEASIBLE,INFEASIBLE,INFEASIBLE,INFEASIBLE,no_trials_in_band
corr_mix,score_only,factor_cov_delta,INFEASIBLE,0.35,budget_only,count,INFEASIBLE,INFEASIBLE,INFEASIBLE,INFEASIBLE,INFEASIBLE,INFEASIBLE,INFEASIBLE,INFEASIBLE,INFEASIBLE,INFEASIBLE,INFEASIBLE,INFEASIBLE,INFEASIBLE,INFEASIBLE,INFEASIBLE,INFEASIBLE,INFEASIBLE,INFEASIBLE,INFEASIBLE,INFEASIBLE,INFEASIBLE,INFEASIBLE,INFEASIBLE,,INFEASIBLE,INFEASIBLE,INFEASIBLE,INFEASIBLE,INFEASIBLE,INFEASIBLE,INFEASIBLE,INFEASIBLE,INFEASIBLE,INFEASIBLE,INFEASIBLE,INFEASIBLE,INFEASIBLE,INFEASIBLE,INFEASIBLE,INFEASIBLE,INFEASIBLE,INFEASIBLE,INFEASIBLE,INFEASIBLE,INFEASIBLE,INFEASIBLE,INFEASIBLE,INFEASIBLE,INFEASIBLE,no_trials_in_band
corr_mix,score_only,factor_cov_delta,INFEASIBLE,0.5,budget_only,count,INFEASIBLE,INFEASIBLE,INFEASIBLE,INFEASIBLE,INFEASIBLE,INFEASIBLE,INFEASIBLE,INFEASIBLE,INFEASIBLE,INFEASIBLE,INFEASIBLE,INFEASIBLE,INFEASIBLE,INFEASIBLE,INFEASIBLE,INFEASIBLE,INFEASIBLE,INFEASIBLE,INFEASIBLE,INFEASIBLE,INFEASIBLE,INFEASIBLE,INFEASIBLE,,INFEASIBLE,INFEASIBLE,INFEASIBLE,INFEASIBLE,INFEASIBLE,INFEASIBLE,INFEASIBLE,INFEASIBLE,INFEASIBLE,INFEASIBLE,INFEASIBLE,INFEASIBLE,INFEASIBLE,INFEASIBLE,INFEASIBLE,INFEASIBLE,INFEASIBLE,INFEASIBLE,INFEASIBLE,INFEASIBLE,INFEASIBLE,INFEASIBLE,INFEASIBLE,INFEASIBLE,INFEASIBLE,no_trials_in_band
corr_mix,score_only,factor_cov_lrt,INFEASIBLE,0.15,budget_only,count,INFEASIBLE,INFEASIBLE,INFEASIBLE,INFEASIBLE,INFEASIBLE,INFEASIBLE,INFEASIBLE,INFEASIBLE,INFEASIBLE,INFEASIBLE,INFEASIBLE,INFEASIBLE,INFEASIBLE,INFEASIBLE,INFEASIBLE,INFEASIBLE,INFEASIBLE,INFEASIBLE,INFEASIBLE,INFEASIBLE,INFEASIBLE,INFEASIBLE,INFEASIBLE,,INFEASIBLE,INFEASIBLE,INFEASIBLE,INFEASIBLE,INFEASIBLE,INFEASIBLE,INFEASIBLE,INFEASIBLE,INFEASIBLE,INFEASIBLE,INFEASIBLE,INFEASIBLE,INFEASIBLE,INFEASIBLE,INFEASIBLE,INFEASIBLE,INFEASIBLE,INFEASIBLE,INFEASIBLE,INFEASIBLE,INFEASIBLE,INFEASIBLE,INFEASIBLE,INFEASIBLE,INFEASIBLE,no_trials_in_band
corr_mix,score_only,factor_cov_lrt,INFEASIBLE,0.25,budget_only,count,INFEASIBLE,INFEASIBLE,INFEASIBLE,INFEASIBLE,INFEASIBLE,INFEASIBLE,INFEASIBLE,INFEASIBLE,INFEASIBLE,INFEASIBLE,INFEASIBLE,INFEASIBLE,INFEASIBLE,INFEASIBLE,INFEASIBLE,INFEASIBLE,INFEASIBLE,INFEASIBLE,INFEASIBLE,INFEASIBLE,INFEASIBLE,INFEASIBLE,INFEASIBLE,,INFEASIBLE,INFEASIBLE,INFEASIBLE,INFEASIBLE,INFEASIBLE,INFEASIBLE,INFEASIBLE,INFEASIBLE,INFEASIBLE,INFEASIBLE,INFEASIBLE,INFEASIBLE,INFEASIBLE,INFEASIBLE,INFEASIBLE,INFEASIBLE,INFEASIBLE,INFEASIBLE,INFEASIBLE,INFEASIBLE,INFEASIBLE,INFEASIBLE,INFEASIBLE,INFEASIBLE,INFEASIBLE,no_trials_in_band
corr_mix,score_only,factor_cov_lrt,INFEASIBLE,0.35,budget_only,count,INFEASIBLE,INFEASIBLE,INFEASIBLE,INFEASIBLE,INFEASIBLE,INFEASIBLE,INFEASIBLE,INFEASIBLE,INFEASIBLE,INFEASIBLE,INFEASIBLE,INFEASIBLE,INFEASIBLE,INFEASIBLE,INFEASIBLE,INFEASIBLE,INFEASIBLE,INFEASIBLE,INFEASIBLE,INFEASIBLE,INFEASIBLE,INFEASIBLE,INFEASIBLE,,INFEASIBLE,INFEASIBLE,INFEASIBLE,INFEASIBLE,INFEASIBLE,INFEASIBLE,INFEASIBLE,INFEASIBLE,INFEASIBLE,INFEASIBLE,INFEASIBLE,INFEASIBLE,INFEASIBLE,INFEASIBLE,INFEASIBLE,INFEASIBLE,INFEASIBLE,INFEASIBLE,INFEASIBLE,INFEASIBLE,INFEASIBLE,INFEASIBLE,INFEASIBLE,INFEASIBLE,INFEASIBLE,no_trials_in_band
corr_mix,score_only,factor_cov_lrt,INFEASIBLE,0.5,budget_only,count,INFEASIBLE,INFEASIBLE,INFEASIBLE,INFEASIBLE,INFEASIBLE,INFEASIBLE,INFEASIBLE,INFEASIBLE,INFEASIBLE,INFEASIBLE,INFEASIBLE,INFEASIBLE,INFEASIBLE,INFEASIBLE,INFEASIBLE,INFEASIBLE,INFEASIBLE,INFEASIBLE,INFEASIBLE,INFEASIBLE,INFEASIBLE,INFEASIBLE,INFEASIBLE,,INFEASIBLE,INFEASIBLE,INFEASIBLE,INFEASIBLE,INFEASIBLE,INFEASIBLE,INFEASIBLE,INFEASIBLE,INFEASIBLE,INFEASIBLE,INFEASIBLE,INFEASIBLE,INFEASIBLE,INFEASIBLE,INFEASIBLE,INFEASIBLE,INFEASIBLE,INFEASIBLE,INFEASIBLE,INFEASIBLE,INFEASIBLE,INFEASIBLE,INFEASIBLE,INFEASIBLE,INFEASIBLE,no_trials_in_band
corr_mix,score_only,factor_cov_lrt_delta,1.0,0.15,budget_only,count,0.1,0.15,0.1,80,80,18,80,1.0,0.225,1.0,1.1301724137931035,0.17262931034482762,5.4625,0.4625,0.4625,0.0,0.5375,0.3,0.5375,0.3,0.0875,0.15,0.15,1.0,6.0,6.0,6.0,6.0,6.0,6.0,4.5,6.0,6.0,6.0,2.0,2.0,2.0715517241379313,1.1301724137931035,0.17262931034482762,0.09529438665331338,0.08731276128823873,1.1301724137931035,0.17262931034482762,0.0,0.0,0.0,0.0,0.0,OK,
corr_mix,score_only,factor_cov_lrt_delta,1.0,0.25,budget_only,count,0.1,0.15,0.1,80,80,18,80,1.0,0.225,1.0,1.1301724137931035,0.17262931034482762,5.4625,0.4375,0.4625,-0.025000000000000022,0.5125,0.275,0.5125,0.275,0.0875,0.125,0.125,1.0,6.0,6.0,6.0,6.0,6.0,6.0,5.0,6.0,6.0,6.0,2.0,2.0,2.0715517241379313,1.1301724137931035,0.17262931034482762,0.09529438665331338,0.08510675715482241,1.1301724137931035,0.17262931034482762,0.008333333333333333,0.0,-0.008333333333333335,0.008333333333333335,0.0,OK,
corr_mix,score_only,factor_cov_lrt_delta,1.0,0.35,budget_only,count,0.1,0.15,0.1,80,80,18,80,1.0,0.225,1.0,1.1301724137931035,0.17262931034482762,5.4625,0.4375,0.4625,-0.025000000000000022,0.5125,0.275,0.5125,0.275,0.0875,0.125,0.125,1.0,6.0,6.0,6.0,6.0,6.0,6.0,5.0,6.0,6.0,6.0,2.0,2.0,2.076724137931035,1.1301724137931035,0.1730603448275862,0.09529438665331338,0.08411333442623628,1.1301724137931035,0.17262931034482762,0.008333333333333333,0.008438818565400843,-0.008333333333333335,0.008333333333333335,0.008438818565400843,OK,
corr_mix,score_only,factor_cov_lrt_delta,1.0,0.5,budget_only,count,0.1,0.15,0.1,80,80,18,80,1.0,0.225,1.0,1.1301724137931035,0.17262931034482762,5.4625,0.425,0.4625,-0.03750000000000003,0.5125,0.275,0.5125,0.275,0.0875,0.125,0.125,1.0,6.0,6.0,6.0,6.0,6.0,6.0,5.0,6.0,6.0,6.0,2.0,2.0,2.0689655172413794,1.1172413793103448,0.17241379310344832,0.09529438665331338,0.08485302557559785,1.1301724137931035,0.17262931034482762,0.010416666666666666,0.012658227848101266,-0.010416666666666666,0.010416666666666666,0.012658227848101266,OK,
corr_mix,score_only,fused_fisher,1.0,0.15,budget_only,count,0.1,0.15,0.1,80,41,4,41,0.5125,0.05,0.5125,1.2262405382674517,0.19217830109335576,5.926829268292683,1.0,1.0,0.0,1.0,0.4634146341463415,1.0,0.4634146341463415,0.14634146341463414,0.0,0.0,1.0,2.0,2.0,2.0,5.0,2.0,5.0,2.0,4.0,2.0,5.0,2.0,2.0,2.3061396131202687,1.2262405382674517,0.19217830109335576,0.026063819483318484,0.29414057953933465,1.2262405382674517,0.19217830109335576,0.012195121951219513,0.0,0.012195121951219513,0.012195121951219513,0.0,OK,
corr_mix,score_only,fused_fisher,1.0,0.25,budget_only,count,0.1,0.15,0.1,80,41,4,41,0.5125,0.05,0.5125,1.2262405382674517,0.19217830109335576,5.926829268292683,1.0,1.0,0.0,1.0,0.4634146341463415,1.0,0.4634146341463415,0.14634146341463414,0.0,0.0,1.0,2.0,2.0,2.0,5.0,2.0,5.0,2.0,4.0,2.0,5.0,2.0,2.0,2.260723296888141,1.1808242220353238,0.1883936080740118,0.026063819483318484,0.30307198604559643,1.2262405382674517,0.19217830109335576,0.036585365853658534,0.0,0.036585365853658534,0.036585365853658534,0.0,OK,
corr_mix,score_only,fused_fisher,1.0,0.35,budget_only,count,0.1,0.15,0.1,80,41,4,41,0.5125,0.05,0.5125,1.2262405382674517,0.19217830109335576,5.926829268292683,1.0,1.0,0.0,1.0,0.4634146341463415,1.0,0.4634146341463415,0.14634146341463414,0.0,0.0,1.0,2.0,2.0,2.0,5.0,2.0,5.0,2.0,4.0,2.0,5.0,2.0,2.0,2.2708158116063917,1.1808242220353238,0.1892346509671993,0.026063819483318484,0.30431277155781644,1.2262405382674517,0.19217830109335576,0.02845528455284553,0.016260162601626015,0.02845528455284553,0.02845528455284553,0.016260162601626015,OK,
corr_mix,score_only,fused_fisher,1.0,0.5,budget_only,count,0.1,0.15,0.1,80,41,4,41,0.5125,0.05,0.5125,1.2262405382674517,0.19217830109335576,5.926829268292683,1.0,1.0,0.0,1.0,0.4634146341463415,1.0,0.4634146341463415,0.14634146341463414,0.0,0.0,1.0,2.0,2.0,2.0,5.0,2.0,5.0,2.0,4.0,2.0,5.0,2.0,2.0,2.3061396131202687,1.2262405382674517,0.19217830109335576,0.026063819483318484,0.30555707541386334,1.2262405382674517,0.19217830109335576,0.0,0.0,0.0,0.0,0.0,OK,
corr_mix,score_only,fused_fisher_lrt_delta,INFEASIBLE,0.15,budget_only,count,INFEASIBLE,INFEASIBLE,INFEASIBLE,INFEASIBLE,INFEASIBLE,INFEASIBLE,INFEASIBLE,INFEASIBLE,INFEASIBLE,INFEASIBLE,INFEASIBLE,INFEASIBLE,INFEASIBLE,INFEASIBLE,INFEASIBLE,INFEASIBLE,INFEASIBLE,INFEASIBLE,INFEASIBLE,INFEASIBLE,INFEASIBLE,INFEASIBLE,INFEASIBLE,,INFEASIBLE,INFEASIBLE,INFEASIBLE,INFEASIBLE,INFEASIBLE,INFEASIBLE,INFEASIBLE,INFEASIBLE,INFEASIBLE,INFEASIBLE,INFEASIBLE,INFEASIBLE,INFEASIBLE,INFEASIBLE,INFEASIBLE,INFEASIBLE,INFEASIBLE,INFEASIBLE,INFEASIBLE,INFEASIBLE,INFEASIBLE,INFEASIBLE,INFEASIBLE,INFEASIBLE,INFEASIBLE,no_trials_in_band
corr_mix,score_only,fused_fisher_lrt_delta,INFEASIBLE,0.25,budget_only,count,INFEASIBLE,INFEASIBLE,INFEASIBLE,INFEASIBLE,INFEASIBLE,INFEASIBLE,INFEASIBLE,INFEASIBLE,INFEASIBLE,INFEASIBLE,INFEASIBLE,INFEASIBLE,INFEASIBLE,INFEASIBLE,INFEASIBLE,INFEASIBLE,INFEASIBLE,INFEASIBLE,INFEASIBLE,INFEASIBLE,INFEASIBLE,INFEASIBLE,INFEASIBLE,,INFEASIBLE,INFEASIBLE,INFEASIBLE,INFEASIBLE,INFEASIBLE,INFEASIBLE,INFEASIBLE,INFEASIBLE,INFEASIBLE,INFEASIBLE,INFEASIBLE,INFEASIBLE,INFEASIBLE,INFEASIBLE,INFEASIBLE,INFEASIBLE,INFEASIBLE,INFEASIBLE,INFEASIBLE,INFEASIBLE,INFEASIBLE,INFEASIBLE,INFEASIBLE,INFEASIBLE,INFEASIBLE,no_trials_in_band
corr_mix,score_only,fused_fisher_lrt_delta,INFEASIBLE,0.35,budget_only,count,INFEASIBLE,INFEASIBLE,INFEASIBLE,INFEASIBLE,INFEASIBLE,INFEASIBLE,INFEASIBLE,INFEASIBLE,INFEASIBLE,INFEASIBLE,INFEASIBLE,INFEASIBLE,INFEASIBLE,INFEASIBLE,INFEASIBLE,INFEASIBLE,INFEASIBLE,INFEASIBLE,INFEASIBLE,INFEASIBLE,INFEASIBLE,INFEASIBLE,INFEASIBLE,,INFEASIBLE,INFEASIBLE,INFEASIBLE,INFEASIBLE,INFEASIBLE,INFEASIBLE,INFEASIBLE,INFEASIBLE,INFEASIBLE,INFEASIBLE,INFEASIBLE,INFEASIBLE,INFEASIBLE,INFEASIBLE,INFEASIBLE,INFEASIBLE,INFEASIBLE,INFEASIBLE,INFEASIBLE,INFEASIBLE,INFEASIBLE,INFEASIBLE,INFEASIBLE,INFEASIBLE,INFEASIBLE,no_trials_in_band
corr_mix,score_only,fused_fisher_lrt_delta,INFEASIBLE,0.5,budget_only,count,INFEASIBLE,INFEASIBLE,INFEASIBLE,INFEASIBLE,INFEASIBLE,INFEASIBLE,INFEASIBLE,INFEASIBLE,INFEASIBLE,INFEASIBLE,INFEASIBLE,INFEASIBLE,INFEASIBLE,INFEASIBLE,INFEASIBLE,INFEASIBLE,INFEASIBLE,INFEASIBLE,INFEASIBLE,INFEASIBLE,INFEASIBLE,INFEASIBLE,INFEASIBLE,,INFEASIBLE,INFEASIBLE,INFEASIBLE,INFEASIBLE,INFEASIBLE,INFEASIBLE,INFEASIBLE,INFEASIBLE,INFEASIBLE,INFEASIBLE,INFEASIBLE,INFEASIBLE,INFEASIBLE,INFEASIBLE,INFEASIBLE,INFEASIBLE,INFEASIBLE,INFEASIBLE,INFEASIBLE,INFEASIBLE,INFEASIBLE,INFEASIBLE,INFEASIBLE,INFEASIBLE,INFEASIBLE,no_trials_in_band
corr_mix,score_only,fused_sp,1.0,0.15,budget_only,count,0.1,0.15,0.1,80,55,1,55,0.6875,0.0125,0.6875,0.8275862068965522,0.23385579937304074,4.0,0.01818181818181818,0.01818181818181818,0.0,0.14545454545454545,0.12727272727272726,0.14545454545454545,0.12727272727272726,0.12727272727272726,0.01818181818181818,0.01818181818181818,1.0,6.0,6.0,6.0,6.0,6.0,6.0,6.0,6.0,6.0,6.0,2.0,2.0,2.8062695924764895,0.8275862068965522,0.23385579937304074,0.013538188137975148,-0.07081691081806268,0.8275862068965522,0.23385579937304074,0.0,0.0,0.0,0.0,0.0,OK,
corr_mix,score_only,fused_sp,1.0,0.25,budget_only,count,0.1,0.15,0.1,80,55,1,55,0.6875,0.0125,0.6875,0.8275862068965522,0.23385579937304074,4.0,0.01818181818181818,0.01818181818181818,0.0,0.14545454545454545,0.12727272727272726,0.14545454545454545,0.12727272727272726,0.12727272727272726,0.01818181818181818,0.01818181818181818,1.0,6.0,6.0,6.0,6.0,6.0,6.0,6.0,6.0,6.0,6.0,2.0,2.0,2.8062695924764895,0.8275862068965522,0.23385579937304074,0.013538188137975148,-0.05857668086665587,0.8275862068965522,0.23385579937304074,0.0,0.0,0.0,0.0,0.0,OK,
corr_mix,score_only,fused_sp,1.0,0.35,budget_only,count,0.1,0.15,0.1,80,55,1,55,0.6875,0.0125,0.6875,0.8275862068965522,0.23385579937304074,4.0,0.01818181818181818,0.01818181818181818,0.0,0.14545454545454545,0.12727272727272726,0.14545454545454545,0.12727272727272726,0.12727272727272726,0.01818181818181818,0.01818181818181818,1.0,6.0,6.0,6.0,6.0,6.0,6.0,6.0,6.0,6.0,6.0,2.0,2.0,2.8062695924764895,0.8275862068965522,0.23385579937304074,0.013538188137975148,-0.03382499534539474,0.8275862068965522,0.23385579937304074,0.0,0.0,0.0,0.0,0.0,OK,
corr_mix,score_only,fused_sp,1.0,0.5,budget_only,count,0.1,0.15,0.1,80,55,1,55,0.6875,0.0125,0.6875,0.8275862068965522,0.23385579937304074,4.0,0.2,0.01818181818181818,0.18181818181818182,0.32727272727272727,0.16363636363636364,0.32727272727272727,0.16363636363636364,0.12727272727272726,0.01818181818181818,0.01818181818181818,1.0,6.0,6.0,6.0,6.0,6.0,6.0,6.0,6.0,6.0,6.0,3.0,2.0,2.8062695924764895,0.8275862068965522,0.23385579937304074,0.013538188137975148,0.022171676334911614,0.8275862068965522,0.23385579937304074,0.0303030303030303,0.0,0.0303030303030303,0.0303030303030303,0.0,OK,
corr_mix,score_only,fused_sp_lrt_delta,1.0,0.15,budget_only,count,0.1,0.15,0.1,80,55,2,55,0.6875,0.025,0.6875,0.8275862068965522,0.21849529780564259,4.0,0.01818181818181818,0.01818181818181818,0.0,0.10909090909090909,0.09090909090909091,0.10909090909090909,0.09090909090909091,0.09090909090909091,0.01818181818181818,0.01818181818181818,1.0,6.0,6.0,6.0,6.0,6.0,6.0,6.0,6.0,6.0,6.0,2.0,2.0,2.6219435736677097,0.8275862068965522,0.21849529780564259,0.01304074217539798,-0.10801111424596911,0.8275862068965522,0.21849529780564259,0.0,0.0,0.0,0.0,0.0,OK,
corr_mix,score_only,fused_sp_lrt_delta,1.0,0.25,budget_only,count,0.1,0.15,0.1,80,55,2,55,0.6875,0.025,0.6875,0.8275862068965522,0.21849529780564259,4.0,0.01818181818181818,0.01818181818181818,0.0,0.10909090909090909,0.09090909090909091,0.10909090909090909,0.09090909090909091,0.09090909090909091,0.01818181818181818,0.01818181818181818,1.0,6.0,6.0,6.0,6.0,6.0,6.0,6.0,6.0,6.0,6.0,2.0,2.0,2.6219435736677097,0.8275862068965522,0.21849529780564259,0.01304074217539798,-0.0966314091049775,0.8275862068965522,0.21849529780564259,0.0,0.0,0.0,0.0,0.0,OK,
corr_mix,score_only,fused_sp_lrt_delta,1.0,0.35,budget_only,count,0.1,0.15,0.1,80,55,2,55,0.6875,0.025,0.6875,0.8275862068965522,0.21849529780564259,4.0,0.01818181818181818,0.01818181818181818,0.0,0.10909090909090909,0.09090909090909091,0.10909090909090909,0.09090909090909091,0.09090909090909091,0.01818181818181818,0.01818181818181818,1.0,6.0,6.0,6.0,6.0,6.0,6.0,6.0,6.0,6.0,6.0,2.0,2.0,2.6219435736677097,0.8275862068965522,0.21849529780564259,0.01304074217539798,-0.0729985157555778,0.8275862068965522,0.21849529780564259,0.0,0.0,0.0,0.0,0.0,OK,
corr_mix,score_only,fused_sp_lrt_delta,1.0,0.5,budget_only,count,0.1,0.15,0.1,80,55,2,55,0.6875,0.025,0.6875,0.8275862068965522,0.21849529780564259,4.0,0.01818181818181818,0.01818181818181818,0.0,0.10909090909090909,0.09090909090909091,0.10909090909090909,0.09090909090909091,0.09090909090909091,0.01818181818181818,0.01818181818181818,1.0,6.0,6.0,6.0,6.0,6.0,6.0,6.0,6.0,6.0,6.0,2.0,2.0,2.6219435736677097,0.8275862068965522,0.21849529780564259,0.01304074217539798,-0.01292682126663817,0.8275862068965522,0.21849529780564259,0.0,0.0,0.0,0.0,0.0,OK,
corr_mix,score_only,max_abs,1.0,0.15,budget_only,count,0.1,0.15,0.1,80,59,0,59,0.7375,0.0,0.7375,0.8275862068965519,0.2457627118644068,4.0,0.05084745762711865,0.05084745762711865,0.0,0.1864406779661017,0.1864406779661017,0.1864406779661017,0.1864406779661017,0.13559322033898305,0.0,0.0,1.0,6.0,6.0,6.0,6.0,6.0,6.0,6.0,6.0,6.0,6.0,1.0,1.0,2.949152542372881,0.8275862068965519,0.2457627118644068,0.059016430848545465,0.20267215303908914,0.8275862068965519,0.2457627118644068,0.0,0.0,0.0,0.0,0.0,OK,
corr_mix,score_only,max_abs,1.0,0.25,budget_only,count,0.1,0.15,0.1,80,59,0,59,0.7375,0.0,0.7375,0.8275862068965519,0.2457627118644068,4.0,0.05084745762711865,0.05084745762711865,0.0,0.1864406779661017,0.1864406779661017,0.1864406779661017,0.1864406779661017,0.13559322033898305,0.0,0.0,1.0,6.0,6.0,6.0,6.0,6.0,6.0,6.0,6.0,6.0,6.0,1.0,1.0,2.949152542372881,0.8275862068965519,0.2457627118644068,0.059016430848545465,0.20267215303908914,0.8275862068965519,0.2457627118644068,0.0,0.0,0.0,0.0,0.0,OK,
corr_mix,score_only,max_abs,1.0,0.35,budget_only,count,0.1,0.15,0.1,80,59,0,59,0.7375,0.0,0.7375,0.8275862068965519,0.2457627118644068,4.0,0.05084745762711865,0.05084745762711865,0.0,0.1864406779661017,0.1864406779661017,0.1864406779661017,0.1864406779661017,0.13559322033898305,0.0,0.0,1.0,6.0,6.0,6.0,6.0,6.0,6.0,6.0,6.0,6.0,6.0,1.0,1.0,2.949152542372881,0.8275862068965519,0.2457627118644068,0.059016430848545465,0.20267215303908914,0.8275862068965519,0.2457627118644068,0.0,0.0,0.0,0.0,0.0,OK,
corr_mix,score_only,max_abs,1.0,0.5,budget_only,count,0.1,0.15,0.1,80,59,0,59,0.7375,0.0,0.7375,0.8275862068965519,0.2457627118644068,4.0,0.05084745762711865,0.05084745762711865,0.0,0.1864406779661017,0.1864406779661017,0.1864406779661017,0.1864406779661017,0.13559322033898305,0.0,0.0,1.0,6.0,6.0,6.0,6.0,6.0,6.0,6.0,6.0,6.0,6.0,1.0,1.0,2.949152542372881,0.8275862068965519,0.2457627118644068,0.059016430848545465,0.20267215303908914,0.8275862068965519,0.2457627118644068,0.0,0.0,0.0,0.0,0.0,OK,
corr_mix,score_only,pc_t2,1.0,0.15,budget_only,count,0.1,0.15,0.1,80,58,6,58,0.725,0.075,0.725,0.8275862068965518,0.21521997621878708,4.0,0.06896551724137931,0.06896551724137931,0.0,0.13793103448275862,0.08620689655172414,0.13793103448275862,0.08620689655172414,0.06896551724137931,0.05172413793103448,0.05172413793103448,1.0,6.0,6.0,6.0,6.0,6.0,6.0,6.0,6.0,6.0,6.0,2.0,2.0,2.582639714625445,0.8275862068965518,0.21521997621878708,0.017775384031334645,-0.017762260223012943,0.8275862068965518,0.21521997621878708,0.0,0.0,0.0,0.0,0.0,OK,
corr_mix,score_only,pc_t2,1.0,0.25,budget_only,count,0.1,0.15,0.1,80,58,6,58,0.725,0.075,0.725,0.8275862068965518,0.21521997621878708,4.0,0.06896551724137931,0.06896551724137931,0.0,0.13793103448275862,0.08620689655172414,0.13793103448275862,0.08620689655172414,0.06896551724137931,0.05172413793103448,0.05172413793103448,1.0,6.0,6.0,6.0,6.0,6.0,6.0,6.0,6.0,6.0,6.0,2.0,2.0,2.582639714625445,0.8275862068965518,0.21521997621878708,0.017775384031334645,-0.016767969819869687,0.8275862068965518,0.21521997621878708,0.0,0.0,0.0,0.0,0.0,OK,
corr_mix,score_only,pc_t2,1.0,0.35,budget_only,count,0.1,0.15,0.1,80,58,6,58,0.725,0.075,0.725,0.8275862068965518,0.21521997621878708,4.0,0.06896551724137931,0.06896551724137931,0.0,0.13793103448275862,0.08620689655172414,0.13793103448275862,0.08620689655172414,0.06896551724137931,0.05172413793103448,0.05172413793103448,1.0,6.0,6.0,6.0,6.0,6.0,6.0,6.0,6.0,6.0,6.0,2.0,2.0,2.582639714625445,0.8275862068965518,0.21521997621878708,0.017775384031334645,-0.015242548682606917,0.8275862068965518,0.21521997621878708,0.0,0.0,0.0,0.0,0.0,OK,
corr_mix,score_only,pc_t2,1.0,0.5,budget_only,count,0.1,0.15,0.1,80,58,6,58,0.725,0.075,0.725,0.8275862068965518,0.21521997621878708,4.0,0.06896551724137931,0.06896551724137931,0.0,0.13793103448275862,0.08620689655172414,0.13793103448275862,0.08620689655172414,0.06896551724137931,0.05172413793103448,0.05172413793103448,1.0,6.0,6.0,6.0,6.0,6.0,6.0,6.0,6.0,6.0,6.0,2.0,2.0,2.582639714625445,0.8275862068965518,0.21521997621878708,0.017775384031334645,-0.011883340022924353,0.8275862068965518,0.21521997621878708,0.0,0.0,0.0,0.0,0.0,OK,
corr_mix,score_only,res_energy,1.0,0.15,budget_only,count,0.1,0.15,0.1,80,55,1,55,0.6875,0.0125,0.6875,0.8275862068965522,0.23385579937304074,4.0,0.01818181818181818,0.01818181818181818,0.0,0.14545454545454545,0.12727272727272726,0.14545454545454545,0.12727272727272726,0.12727272727272726,0.01818181818181818,0.01818181818181818,1.0,6.0,6.0,6.0,6.0,6.0,6.0,6.0,6.0,6.0,6.0,2.0,2.0,2.8062695924764895,0.8275862068965522,0.23385579937304074,0.02367032024673624,-0.12439974255028327,0.8275862068965522,0.23385579937304074,0.0,0.0,0.0,0.0,0.0,OK,
corr_mix,score_only,res_energy,1.0,0.25,budget_only,count,0.1,0.15,0.1,80,55,1,55,0.6875,0.0125,0.6875,0.8275862068965522,0.23385579937304074,4.0,0.01818181818181818,0.01818181818181818,0.0,0.14545454545454545,0.12727272727272726,0.14545454545454545,0.12727272727272726,0.12727272727272726,0.01818181818181818,0.01818181818181818,1.0,6.0,6.0,6.0,6.0,6.0,6.0,6.0,6.0,6.0,6.0,2.0,2.0,2.8062695924764895,0.8275862068965522,0.23385579937304074,0.02367032024673624,-0.11243838753208693,0.8275862068965522,0.23385579937304074,0.0,0.0,0.0,0.0,0.0,OK,
corr_mix,score_only,res_energy,1.0,0.35,budget_only,count,0.1,0.15,0.1,80,55,1,55,0.6875,0.0125,0.6875,0.8275862068965522,0.23385579937304074,4.0,0.01818181818181818,0.01818181818181818,0.0,0.14545454545454545,0.12727272727272726,0.14545454545454545,0.12727272727272726,0.12727272727272726,0.01818181818181818,0.01818181818181818,1.0,6.0,6.0,6.0,6.0,6.0,6.0,6.0,6.0,6.0,6.0,2.0,2.0,2.8062695924764895,0.8275862068965522,0.23385579937304074,0.02367032024673624,-0.08745253036710653,0.8275862068965522,0.23385579937304074,0.0,0.0,0.0,0.0,0.0,OK,
corr_mix,score_only,res_energy,1.0,0.5,budget_only,count,0.1,0.15,0.1,80,55,1,55,0.6875,0.0125,0.6875,0.8275862068965522,0.23385579937304074,4.0,0.2,0.01818181818181818,0.18181818181818182,0.32727272727272727,0.16363636363636364,0.32727272727272727,0.16363636363636364,0.12727272727272726,0.01818181818181818,0.01818181818181818,1.0,6.0,6.0,6.0,6.0,6.0,6.0,6.0,6.0,6.0,6.0,3.0,2.0,2.8062695924764895,0.8275862068965522,0.23385579937304074,0.02367032024673624,-0.023832542673314163,0.8275862068965522,0.23385579937304074,0.0303030303030303,0.0,0.0303030303030303,0.0303030303030303,0.0,OK,
corr_mix,score_only,stale,INFEASIBLE,0.15,budget_only,count,INFEASIBLE,INFEASIBLE,INFEASIBLE,INFEASIBLE,INFEASIBLE,INFEASIBLE,INFEASIBLE,INFEASIBLE,INFEASIBLE,INFEASIBLE,INFEASIBLE,INFEASIBLE,INFEASIBLE,INFEASIBLE,INFEASIBLE,INFEASIBLE,INFEASIBLE,INFEASIBLE,INFEASIBLE,INFEASIBLE,INFEASIBLE,INFEASIBLE,INFEASIBLE,,INFEASIBLE,INFEASIBLE,INFEASIBLE,INFEASIBLE,INFEASIBLE,INFEASIBLE,INFEASIBLE,INFEASIBLE,INFEASIBLE,INFEASIBLE,INFEASIBLE,INFEASIBLE,INFEASIBLE,INFEASIBLE,INFEASIBLE,INFEASIBLE,INFEASIBLE,INFEASIBLE,INFEASIBLE,INFEASIBLE,INFEASIBLE,INFEASIBLE,INFEASIBLE,INFEASIBLE,INFEASIBLE,no_trials_in_band
corr_mix,score_only,stale,INFEASIBLE,0.25,budget_only,count,INFEASIBLE,INFEASIBLE,INFEASIBLE,INFEASIBLE,INFEASIBLE,INFEASIBLE,INFEASIBLE,INFEASIBLE,INFEASIBLE,INFEASIBLE,INFEASIBLE,INFEASIBLE,INFEASIBLE,INFEASIBLE,INFEASIBLE,INFEASIBLE,INFEASIBLE,INFEASIBLE,INFEASIBLE,INFEASIBLE,INFEASIBLE,INFEASIBLE,INFEASIBLE,,INFEASIBLE,INFEASIBLE,INFEASIBLE,INFEASIBLE,INFEASIBLE,INFEASIBLE,INFEASIBLE,INFEASIBLE,INFEASIBLE,INFEASIBLE,INFEASIBLE,INFEASIBLE,INFEASIBLE,INFEASIBLE,INFEASIBLE,INFEASIBLE,INFEASIBLE,INFEASIBLE,INFEASIBLE,INFEASIBLE,INFEASIBLE,INFEASIBLE,INFEASIBLE,INFEASIBLE,INFEASIBLE,no_trials_in_band
corr_mix,score_only,stale,INFEASIBLE,0.35,budget_only,count,INFEASIBLE,INFEASIBLE,INFEASIBLE,INFEASIBLE,INFEASIBLE,INFEASIBLE,INFEASIBLE,INFEASIBLE,INFEASIBLE,INFEASIBLE,INFEASIBLE,INFEASIBLE,INFEASIBLE,INFEASIBLE,INFEASIBLE,INFEASIBLE,INFEASIBLE,INFEASIBLE,INFEASIBLE,INFEASIBLE,INFEASIBLE,INFEASIBLE,INFEASIBLE,,INFEASIBLE,INFEASIBLE,INFEASIBLE,INFEASIBLE,INFEASIBLE,INFEASIBLE,INFEASIBLE,INFEASIBLE,INFEASIBLE,INFEASIBLE,INFEASIBLE,INFEASIBLE,INFEASIBLE,INFEASIBLE,INFEASIBLE,INFEASIBLE,INFEASIBLE,INFEASIBLE,INFEASIBLE,INFEASIBLE,INFEASIBLE,INFEASIBLE,INFEASIBLE,INFEASIBLE,INFEASIBLE,no_trials_in_band
corr_mix,score_only,stale,INFEASIBLE,0.5,budget_only,count,INFEASIBLE,INFEASIBLE,INFEASIBLE,INFEASIBLE,INFEASIBLE,INFEASIBLE,INFEASIBLE,INFEASIBLE,INFEASIBLE,INFEASIBLE,INFEASIBLE,INFEASIBLE,INFEASIBLE,INFEASIBLE,INFEASIBLE,INFEASIBLE,INFEASIBLE,INFEASIBLE,INFEASIBLE,INFEASIBLE,INFEASIBLE,INFEASIBLE,INFEASIBLE,,INFEASIBLE,INFEASIBLE,INFEASIBLE,INFEASIBLE,INFEASIBLE,INFEASIBLE,INFEASIBLE,INFEASIBLE,INFEASIBLE,INFEASIBLE,INFEASIBLE,INFEASIBLE,INFEASIBLE,INFEASIBLE,INFEASIBLE,INFEASIBLE,INFEASIBLE,INFEASIBLE,INFEASIBLE,INFEASIBLE,INFEASIBLE,INFEASIBLE,INFEASIBLE,INFEASIBLE,INFEASIBLE,no_trials_in_band
freeze,all_only,T2,INFEASIBLE,0.25,budget_only,count,INFEASIBLE,INFEASIBLE,INFEASIBLE,INFEASIBLE,INFEASIBLE,INFEASIBLE,INFEASIBLE,INFEASIBLE,INFEASIBLE,INFEASIBLE,INFEASIBLE,INFEASIBLE,INFEASIBLE,INFEASIBLE,INFEASIBLE,INFEASIBLE,INFEASIBLE,INFEASIBLE,INFEASIBLE,INFEASIBLE,INFEASIBLE,INFEASIBLE,INFEASIBLE,,INFEASIBLE,INFEASIBLE,INFEASIBLE,INFEASIBLE,INFEASIBLE,INFEASIBLE,INFEASIBLE,INFEASIBLE,INFEASIBLE,INFEASIBLE,INFEASIBLE,INFEASIBLE,INFEASIBLE,INFEASIBLE,INFEASIBLE,INFEASIBLE,INFEASIBLE,INFEASIBLE,INFEASIBLE,INFEASIBLE,INFEASIBLE,INFEASIBLE,INFEASIBLE,INFEASIBLE,INFEASIBLE,no_trials_in_band
freeze,all_only,T2,INFEASIBLE,0.5,budget_only,count,INFEASIBLE,INFEASIBLE,INFEASIBLE,INFEASIBLE,INFEASIBLE,INFEASIBLE,INFEASIBLE,INFEASIBLE,INFEASIBLE,INFEASIBLE,INFEASIBLE,INFEASIBLE,INFEASIBLE,INFEASIBLE,INFEASIBLE,INFEASIBLE,INFEASIBLE,INFEASIBLE,INFEASIBLE,INFEASIBLE,INFEASIBLE,INFEASIBLE,INFEASIBLE,,INFEASIBLE,INFEASIBLE,INFEASIBLE,INFEASIBLE,INFEASIBLE,INFEASIBLE,INFEASIBLE,INFEASIBLE,INFEASIBLE,INFEASIBLE,INFEASIBLE,INFEASIBLE,INFEASIBLE,INFEASIBLE,INFEASIBLE,INFEASIBLE,INFEASIBLE,INFEASIBLE,INFEASIBLE,INFEASIBLE,INFEASIBLE,INFEASIBLE,INFEASIBLE,INFEASIBLE,INFEASIBLE,no_trials_in_band
freeze,all_only,T2,INFEASIBLE,0.75,budget_only,count,INFEASIBLE,INFEASIBLE,INFEASIBLE,INFEASIBLE,INFEASIBLE,INFEASIBLE,INFEASIBLE,INFEASIBLE,INFEASIBLE,INFEASIBLE,INFEASIBLE,INFEASIBLE,INFEASIBLE,INFEASIBLE,INFEASIBLE,INFEASIBLE,INFEASIBLE,INFEASIBLE,INFEASIBLE,INFEASIBLE,INFEASIBLE,INFEASIBLE,INFEASIBLE,,INFEASIBLE,INFEASIBLE,INFEASIBLE,INFEASIBLE,INFEASIBLE,INFEASIBLE,INFEASIBLE,INFEASIBLE,INFEASIBLE,INFEASIBLE,INFEASIBLE,INFEASIBLE,INFEASIBLE,INFEASIBLE,INFEASIBLE,INFEASIBLE,INFEASIBLE,INFEASIBLE,INFEASIBLE,INFEASIBLE,INFEASIBLE,INFEASIBLE,INFEASIBLE,INFEASIBLE,INFEASIBLE,no_trials_in_band
freeze,all_only,T2,INFEASIBLE,1.0,budget_only,count,INFEASIBLE,INFEASIBLE,INFEASIBLE,INFEASIBLE,INFEASIBLE,INFEASIBLE,INFEASIBLE,INFEASIBLE,INFEASIBLE,INFEASIBLE,INFEASIBLE,INFEASIBLE,INFEASIBLE,INFEASIBLE,INFEASIBLE,INFEASIBLE,INFEASIBLE,INFEASIBLE,INFEASIBLE,INFEASIBLE,INFEASIBLE,INFEASIBLE,INFEASIBLE,,INFEASIBLE,INFEASIBLE,INFEASIBLE,INFEASIBLE,INFEASIBLE,INFEASIBLE,INFEASIBLE,INFEASIBLE,INFEASIBLE,INFEASIBLE,INFEASIBLE,INFEASIBLE,INFEASIBLE,INFEASIBLE,INFEASIBLE,INFEASIBLE,INFEASIBLE,INFEASIBLE,INFEASIBLE,INFEASIBLE,INFEASIBLE,INFEASIBLE,INFEASIBLE,INFEASIBLE,INFEASIBLE,no_trials_in_band
freeze,all_only,cusum_factor_cov_lrt,1.0,0.25,budget_only,count,0.1,0.15,0.1,80,80,0,80,1.0,0.0,1.0,0.9543103448275861,0.29137931034482756,4.6125,0.55,0.55,0.0,0.75,0.4625,0.75,0.4625,0.25,0.0,0.0,1.0,5.0,5.0,5.0,6.0,5.0,6.0,2.0,6.0,5.0,6.0,2.0,2.0,3.496551724137931,0.9543103448275861,0.29137931034482756,NA,0.32033419404596924,0.9543103448275861,0.29137931034482756,0.0,0.0,0.0,0.0,0.0,OK,
freeze,all_only,cusum_factor_cov_lrt,1.0,0.5,budget_only,count,0.1,0.15,0.1,80,80,0,80,1.0,0.0,1.0,0.9543103448275861,0.29137931034482756,4.6125,0.55,0.55,0.0,0.75,0.4625,0.75,0.4625,0.25,0.0,0.0,1.0,5.0,5.0,5.0,6.0,5.0,6.0,2.0,6.0,5.0,6.0,2.0,2.0,3.496551724137931,0.9543103448275861,0.29137931034482756,NA,0.32033419404596924,0.9543103448275861,0.29137931034482756,0.0,0.0,0.0,0.0,0.0,OK,
freeze,all_only,cusum_factor_cov_lrt,1.0,0.75,budget_only,count,0.1,0.15,0.1,80,80,0,80,1.0,0.0,1.0,0.9543103448275861,0.29137931034482756,4.6125,0.55,0.55,0.0,0.75,0.4625,0.75,0.4625,0.25,0.0,0.0,1.0,5.0,5.0,5.0,6.0,5.0,6.0,2.0,6.0,5.0,6.0,2.0,2.0,3.496551724137931,0.9543103448275861,0.29137931034482756,NA,0.32033419404596924,0.9543103448275861,0.29137931034482756,0.0,0.0,0.0,0.0,0.0,OK,
freeze,all_only,cusum_factor_cov_lrt,1.0,1.0,budget_only,count,0.1,0.15,0.1,80,80,0,80,1.0,0.0,1.0,0.9543103448275861,0.29137931034482756,4.6125,0.55,0.55,0.0,0.75,0.4625,0.75,0.4625,0.25,0.0,0.0,1.0,5.0,5.0,5.0,6.0,5.0,6.0,2.0,6.0,5.0,6.0,2.0,2.0,3.496551724137931,0.9543103448275861,0.29137931034482756,NA,0.32033419404596924,0.9543103448275861,0.29137931034482756,0.0,0.0,0.0,0.0,0.0,OK,
freeze,all_only,ewma_factor_cov_lrt,INFEASIBLE,0.25,budget_only,count,INFEASIBLE,INFEASIBLE,INFEASIBLE,INFEASIBLE,INFEASIBLE,INFEASIBLE,INFEASIBLE,INFEASIBLE,INFEASIBLE,INFEASIBLE,INFEASIBLE,INFEASIBLE,INFEASIBLE,INFEASIBLE,INFEASIBLE,INFEASIBLE,INFEASIBLE,INFEASIBLE,INFEASIBLE,INFEASIBLE,INFEASIBLE,INFEASIBLE,INFEASIBLE,,INFEASIBLE,INFEASIBLE,INFEASIBLE,INFEASIBLE,INFEASIBLE,INFEASIBLE,INFEASIBLE,INFEASIBLE,INFEASIBLE,INFEASIBLE,INFEASIBLE,INFEASIBLE,INFEASIBLE,INFEASIBLE,INFEASIBLE,INFEASIBLE,INFEASIBLE,INFEASIBLE,INFEASIBLE,INFEASIBLE,INFEASIBLE,INFEASIBLE,INFEASIBLE,INFEASIBLE,INFEASIBLE,no_trials_in_band
freeze,all_only,ewma_factor_cov_lrt,INFEASIBLE,0.5,budget_only,count,INFEASIBLE,INFEASIBLE,INFEASIBLE,INFEASIBLE,INFEASIBLE,INFEASIBLE,INFEASIBLE,INFEASIBLE,INFEASIBLE,INFEASIBLE,INFEASIBLE,INFEASIBLE,INFEASIBLE,INFEASIBLE,INFEASIBLE,INFEASIBLE,INFEASIBLE,INFEASIBLE,INFEASIBLE,INFEASIBLE,INFEASIBLE,INFEASIBLE,INFEASIBLE,,INFEASIBLE,INFEASIBLE,INFEASIBLE,INFEASIBLE,INFEASIBLE,INFEASIBLE,INFEASIBLE,INFEASIBLE,INFEASIBLE,INFEASIBLE,INFEASIBLE,INFEASIBLE,INFEASIBLE,INFEASIBLE,INFEASIBLE,INFEASIBLE,INFEASIBLE,INFEASIBLE,INFEASIBLE,INFEASIBLE,INFEASIBLE,INFEASIBLE,INFEASIBLE,INFEASIBLE,INFEASIBLE,no_trials_in_band
freeze,all_only,ewma_factor_cov_lrt,INFEASIBLE,0.75,budget_only,count,INFEASIBLE,INFEASIBLE,INFEASIBLE,INFEASIBLE,INFEASIBLE,INFEASIBLE,INFEASIBLE,INFEASIBLE,INFEASIBLE,INFEASIBLE,INFEASIBLE,INFEASIBLE,INFEASIBLE,INFEASIBLE,INFEASIBLE,INFEASIBLE,INFEASIBLE,INFEASIBLE,INFEASIBLE,INFEASIBLE,INFEASIBLE,INFEASIBLE,INFEASIBLE,,INFEASIBLE,INFEASIBLE,INFEASIBLE,INFEASIBLE,INFEASIBLE,INFEASIBLE,INFEASIBLE,INFEASIBLE,INFEASIBLE,INFEASIBLE,INFEASIBLE,INFEASIBLE,INFEASIBLE,INFEASIBLE,INFEASIBLE,INFEASIBLE,INFEASIBLE,INFEASIBLE,INFEASIBLE,INFEASIBLE,INFEASIBLE,INFEASIBLE,INFEASIBLE,INFEASIBLE,INFEASIBLE,no_trials_in_band
freeze,all_only,ewma_factor_cov_lrt,INFEASIBLE,1.0,budget_only,count,INFEASIBLE,INFEASIBLE,INFEASIBLE,INFEASIBLE,INFEASIBLE,INFEASIBLE,INFEASIBLE,INFEASIBLE,INFEASIBLE,INFEASIBLE,INFEASIBLE,INFEASIBLE,INFEASIBLE,INFEASIBLE,INFEASIBLE,INFEASIBLE,INFEASIBLE,INFEASIBLE,INFEASIBLE,INFEASIBLE,INFEASIBLE,INFEASIBLE,INFEASIBLE,,INFEASIBLE,INFEASIBLE,INFEASIBLE,INFEASIBLE,INFEASIBLE,INFEASIBLE,INFEASIBLE,INFEASIBLE,INFEASIBLE,INFEASIBLE,INFEASIBLE,INFEASIBLE,INFEASIBLE,INFEASIBLE,INFEASIBLE,INFEASIBLE,INFEASIBLE,INFEASIBLE,INFEASIBLE,INFEASIBLE,INFEASIBLE,INFEASIBLE,INFEASIBLE,INFEASIBLE,INFEASIBLE,no_trials_in_band
freeze,all_only,factor_cov_change,INFEASIBLE,0.25,budget_only,count,INFEASIBLE,INFEASIBLE,INFEASIBLE,INFEASIBLE,INFEASIBLE,INFEASIBLE,INFEASIBLE,INFEASIBLE,INFEASIBLE,INFEASIBLE,INFEASIBLE,INFEASIBLE,INFEASIBLE,INFEASIBLE,INFEASIBLE,INFEASIBLE,INFEASIBLE,INFEASIBLE,INFEASIBLE,INFEASIBLE,INFEASIBLE,INFEASIBLE,INFEASIBLE,,INFEASIBLE,INFEASIBLE,INFEASIBLE,INFEASIBLE,INFEASIBLE,INFEASIBLE,INFEASIBLE,INFEASIBLE,INFEASIBLE,INFEASIBLE,INFEASIBLE,INFEASIBLE,INFEASIBLE,INFEASIBLE,INFEASIBLE,INFEASIBLE,INFEASIBLE,INFEASIBLE,INFEASIBLE,INFEASIBLE,INFEASIBLE,INFEASIBLE,INFEASIBLE,INFEASIBLE,INFEASIBLE,no_trials_in_band
freeze,all_only,factor_cov_change,INFEASIBLE,0.5,budget_only,count,INFEASIBLE,INFEASIBLE,INFEASIBLE,INFEASIBLE,INFEASIBLE,INFEASIBLE,INFEASIBLE,INFEASIBLE,INFEASIBLE,INFEASIBLE,INFEASIBLE,INFEASIBLE,INFEASIBLE,INFEASIBLE,INFEASIBLE,INFEASIBLE,INFEASIBLE,INFEASIBLE,INFEASIBLE,INFEASIBLE,INFEASIBLE,INFEASIBLE,INFEASIBLE,,INFEASIBLE,INFEASIBLE,INFEASIBLE,INFEASIBLE,INFEASIBLE,INFEASIBLE,INFEASIBLE,INFEASIBLE,INFEASIBLE,INFEASIBLE,INFEASIBLE,INFEASIBLE,INFEASIBLE,INFEASIBLE,INFEASIBLE,INFEASIBLE,INFEASIBLE,INFEASIBLE,INFEASIBLE,INFEASIBLE,INFEASIBLE,INFEASIBLE,INFEASIBLE,INFEASIBLE,INFEASIBLE,no_trials_in_band
freeze,all_only,factor_cov_change,INFEASIBLE,0.75,budget_only,count,INFEASIBLE,INFEASIBLE,INFEASIBLE,INFEASIBLE,INFEASIBLE,INFEASIBLE,INFEASIBLE,INFEASIBLE,INFEASIBLE,INFEASIBLE,INFEASIBLE,INFEASIBLE,INFEASIBLE,INFEASIBLE,INFEASIBLE,INFEASIBLE,INFEASIBLE,INFEASIBLE,INFEASIBLE,INFEASIBLE,INFEASIBLE,INFEASIBLE,INFEASIBLE,,INFEASIBLE,INFEASIBLE,INFEASIBLE,INFEASIBLE,INFEASIBLE,INFEASIBLE,INFEASIBLE,INFEASIBLE,INFEASIBLE,INFEASIBLE,INFEASIBLE,INFEASIBLE,INFEASIBLE,INFEASIBLE,INFEASIBLE,INFEASIBLE,INFEASIBLE,INFEASIBLE,INFEASIBLE,INFEASIBLE,INFEASIBLE,INFEASIBLE,INFEASIBLE,INFEASIBLE,INFEASIBLE,no_trials_in_band
freeze,all_only,factor_cov_change,INFEASIBLE,1.0,budget_only,count,INFEASIBLE,INFEASIBLE,INFEASIBLE,INFEASIBLE,INFEASIBLE,INFEASIBLE,INFEASIBLE,INFEASIBLE,INFEASIBLE,INFEASIBLE,INFEASIBLE,INFEASIBLE,INFEASIBLE,INFEASIBLE,INFEASIBLE,INFEASIBLE,INFEASIBLE,INFEASIBLE,INFEASIBLE,INFEASIBLE,INFEASIBLE,INFEASIBLE,INFEASIBLE,,INFEASIBLE,INFEASIBLE,INFEASIBLE,INFEASIBLE,INFEASIBLE,INFEASIBLE,INFEASIBLE,INFEASIBLE,INFEASIBLE,INFEASIBLE,INFEASIBLE,INFEASIBLE,INFEASIBLE,INFEASIBLE,INFEASIBLE,INFEASIBLE,INFEASIBLE,INFEASIBLE,INFEASIBLE,INFEASIBLE,INFEASIBLE,INFEASIBLE,INFEASIBLE,INFEASIBLE,INFEASIBLE,no_trials_in_band
freeze,all_only,factor_cov_delta,INFEASIBLE,0.25,budget_only,count,INFEASIBLE,INFEASIBLE,INFEASIBLE,INFEASIBLE,INFEASIBLE,INFEASIBLE,INFEASIBLE,INFEASIBLE,INFEASIBLE,INFEASIBLE,INFEASIBLE,INFEASIBLE,INFEASIBLE,INFEASIBLE,INFEASIBLE,INFEASIBLE,INFEASIBLE,INFEASIBLE,INFEASIBLE,INFEASIBLE,INFEASIBLE,INFEASIBLE,INFEASIBLE,,INFEASIBLE,INFEASIBLE,INFEASIBLE,INFEASIBLE,INFEASIBLE,INFEASIBLE,INFEASIBLE,INFEASIBLE,INFEASIBLE,INFEASIBLE,INFEASIBLE,INFEASIBLE,INFEASIBLE,INFEASIBLE,INFEASIBLE,INFEASIBLE,INFEASIBLE,INFEASIBLE,INFEASIBLE,INFEASIBLE,INFEASIBLE,INFEASIBLE,INFEASIBLE,INFEASIBLE,INFEASIBLE,no_trials_in_band
freeze,all_only,factor_cov_delta,INFEASIBLE,0.5,budget_only,count,INFEASIBLE,INFEASIBLE,INFEASIBLE,INFEASIBLE,INFEASIBLE,INFEASIBLE,INFEASIBLE,INFEASIBLE,INFEASIBLE,INFEASIBLE,INFEASIBLE,INFEASIBLE,INFEASIBLE,INFEASIBLE,INFEASIBLE,INFEASIBLE,INFEASIBLE,INFEASIBLE,INFEASIBLE,INFEASIBLE,INFEASIBLE,INFEASIBLE,INFEASIBLE,,INFEASIBLE,INFEASIBLE,INFEASIBLE,INFEASIBLE,INFEASIBLE,INFEASIBLE,INFEASIBLE,INFEASIBLE,INFEASIBLE,INFEASIBLE,INFEASIBLE,INFEASIBLE,INFEASIBLE,INFEASIBLE,INFEASIBLE,INFEASIBLE,INFEASIBLE,INFEASIBLE,INFEASIBLE,INFEASIBLE,INFEASIBLE,INFEASIBLE,INFEASIBLE,INFEASIBLE,INFEASIBLE,no_trials_in_band
freeze,all_only,factor_cov_delta,INFEASIBLE,0.75,budget_only,count,INFEASIBLE,INFEASIBLE,INFEASIBLE,INFEASIBLE,INFEASIBLE,INFEASIBLE,INFEASIBLE,INFEASIBLE,INFEASIBLE,INFEASIBLE,INFEASIBLE,INFEASIBLE,INFEASIBLE,INFEASIBLE,INFEASIBLE,INFEASIBLE,INFEASIBLE,INFEASIBLE,INFEASIBLE,INFEASIBLE,INFEASIBLE,INFEASIBLE,INFEASIBLE,,INFEASIBLE,INFEASIBLE,INFEASIBLE,INFEASIBLE,INFEASIBLE,INFEASIBLE,INFEASIBLE,INFEASIBLE,INFEASIBLE,INFEASIBLE,INFEASIBLE,INFEASIBLE,INFEASIBLE,INFEASIBLE,INFEASIBLE,INFEASIBLE,INFEASIBLE,INFEASIBLE,INFEASIBLE,INFEASIBLE,INFEASIBLE,INFEASIBLE,INFEASIBLE,INFEASIBLE,INFEASIBLE,no_trials_in_band
freeze,all_only,factor_cov_delta,INFEASIBLE,1.0,budget_only,count,INFEASIBLE,INFEASIBLE,INFEASIBLE,INFEASIBLE,INFEASIBLE,INFEASIBLE,INFEASIBLE,INFEASIBLE,INFEASIBLE,INFEASIBLE,INFEASIBLE,INFEASIBLE,INFEASIBLE,INFEASIBLE,INFEASIBLE,INFEASIBLE,INFEASIBLE,INFEASIBLE,INFEASIBLE,INFEASIBLE,INFEASIBLE,INFEASIBLE,INFEASIBLE,,INFEASIBLE,INFEASIBLE,INFEASIBLE,INFEASIBLE,INFEASIBLE,INFEASIBLE,INFEASIBLE,INFEASIBLE,INFEASIBLE,INFEASIBLE,INFEASIBLE,INFEASIBLE,INFEASIBLE,INFEASIBLE,INFEASIBLE,INFEASIBLE,INFEASIBLE,INFEASIBLE,INFEASIBLE,INFEASIBLE,INFEASIBLE,INFEASIBLE,INFEASIBLE,INFEASIBLE,INFEASIBLE,no_trials_in_band
freeze,all_only,factor_cov_lrt,INFEASIBLE,0.25,budget_only,count,INFEASIBLE,INFEASIBLE,INFEASIBLE,INFEASIBLE,INFEASIBLE,INFEASIBLE,INFEASIBLE,INFEASIBLE,INFEASIBLE,INFEASIBLE,INFEASIBLE,INFEASIBLE,INFEASIBLE,INFEASIBLE,INFEASIBLE,INFEASIBLE,INFEASIBLE,INFEASIBLE,INFEASIBLE,INFEASIBLE,INFEASIBLE,INFEASIBLE,INFEASIBLE,,INFEASIBLE,INFEASIBLE,INFEASIBLE,INFEASIBLE,INFEASIBLE,INFEASIBLE,INFEASIBLE,INFEASIBLE,INFEASIBLE,INFEASIBLE,INFEASIBLE,INFEASIBLE,INFEASIBLE,INFEASIBLE,INFEASIBLE,INFEASIBLE,INFEASIBLE,INFEASIBLE,INFEASIBLE,INFEASIBLE,INFEASIBLE,INFEASIBLE,INFEASIBLE,INFEASIBLE,INFEASIBLE,no_trials_in_band
freeze,all_only,factor_cov_lrt,INFEASIBLE,0.5,budget_only,count,INFEASIBLE,INFEASIBLE,INFEASIBLE,INFEASIBLE,INFEASIBLE,INFEASIBLE,INFEASIBLE,INFEASIBLE,INFEASIBLE,INFEASIBLE,INFEASIBLE,INFEASIBLE,INFEASIBLE,INFEASIBLE,INFEASIBLE,INFEASIBLE,INFEASIBLE,INFEASIBLE,INFEASIBLE,INFEASIBLE,INFEASIBLE,INFEASIBLE,INFEASIBLE,,INFEASIBLE,INFEASIBLE,INFEASIBLE,INFEASIBLE,INFEASIBLE,INFEASIBLE,INFEASIBLE,INFEASIBLE,INFEASIBLE,INFEASIBLE,INFEASIBLE,INFEASIBLE,INFEASIBLE,INFEASIBLE,INFEASIBLE,INFEASIBLE,INFEASIBLE,INFEASIBLE,INFEASIBLE,INFEASIBLE,INFEASIBLE,INFEASIBLE,INFEASIBLE,INFEASIBLE,INFEASIBLE,no_trials_in_band
freeze,all_only,factor_cov_lrt,INFEASIBLE,0.75,budget_only,count,INFEASIBLE,INFEASIBLE,INFEASIBLE,INFEASIBLE,INFEASIBLE,INFEASIBLE,INFEASIBLE,INFEASIBLE,INFEASIBLE,INFEASIBLE,INFEASIBLE,INFEASIBLE,INFEASIBLE,INFEASIBLE,INFEASIBLE,INFEASIBLE,INFEASIBLE,INFEASIBLE,INFEASIBLE,INFEASIBLE,INFEASIBLE,INFEASIBLE,INFEASIBLE,,INFEASIBLE,INFEASIBLE,INFEASIBLE,INFEASIBLE,INFEASIBLE,INFEASIBLE,INFEASIBLE,INFEASIBLE,INFEASIBLE,INFEASIBLE,INFEASIBLE,INFEASIBLE,INFEASIBLE,INFEASIBLE,INFEASIBLE,INFEASIBLE,INFEASIBLE,INFEASIBLE,INFEASIBLE,INFEASIBLE,INFEASIBLE,INFEASIBLE,INFEASIBLE,INFEASIBLE,INFEASIBLE,no_trials_in_band
freeze,all_only,factor_cov_lrt,INFEASIBLE,1.0,budget_only,count,INFEASIBLE,INFEASIBLE,INFEASIBLE,INFEASIBLE,INFEASIBLE,INFEASIBLE,INFEASIBLE,INFEASIBLE,INFEASIBLE,INFEASIBLE,INFEASIBLE,INFEASIBLE,INFEASIBLE,INFEASIBLE,INFEASIBLE,INFEASIBLE,INFEASIBLE,INFEASIBLE,INFEASIBLE,INFEASIBLE,INFEASIBLE,INFEASIBLE,INFEASIBLE,,INFEASIBLE,INFEASIBLE,INFEASIBLE,INFEASIBLE,INFEASIBLE,INFEASIBLE,INFEASIBLE,INFEASIBLE,INFEASIBLE,INFEASIBLE,INFEASIBLE,INFEASIBLE,INFEASIBLE,INFEASIBLE,INFEASIBLE,INFEASIBLE,INFEASIBLE,INFEASIBLE,INFEASIBLE,INFEASIBLE,INFEASIBLE,INFEASIBLE,INFEASIBLE,INFEASIBLE,INFEASIBLE,no_trials_in_band
freeze,all_only,factor_cov_lrt_delta,1.0,0.25,budget_only,count,0.1,0.15,0.1,80,56,56,56,0.7,0.7,0.7,0.8275862068965517,0.13546798029556653,4.0,0.017857142857142856,0.017857142857142856,0.0,0.14285714285714285,0.125,0.14285714285714285,0.125,0.125,0.125,0.125,1.0,6.0,6.0,6.0,6.0,6.0,6.0,6.0,6.0,6.0,6.0,5.0,5.0,1.6256157635467983,0.8275862068965517,0.13546798029556653,0.0892005405892773,-0.027752120736517484,0.8275862068965517,0.13546798029556653,0.0,0.0,0.0,0.0,0.0,OK,
freeze,all_only,factor_cov_lrt_delta,1.0,0.5,budget_only,count,0.1,0.15,0.1,80,56,56,56,0.7,0.7,0.7,0.8275862068965517,0.13546798029556653,4.0,0.017857142857142856,0.017857142857142856,0.0,0.14285714285714285,0.125,0.14285714285714285,0.125,0.125,0.125,0.125,1.0,6.0,6.0,6.0,6.0,6.0,6.0,6.0,6.0,6.0,6.0,5.0,5.0,1.6256157635467983,0.8275862068965517,0.13546798029556653,0.0892005405892773,-0.027752120736517484,0.8275862068965517,0.13546798029556653,0.0,0.0,0.0,0.0,0.0,OK,
freeze,all_only,factor_cov_lrt_delta,1.0,0.75,budget_only,count,0.1,0.15,0.1,80,56,56,56,0.7,0.7,0.7,0.8275862068965517,0.13546798029556653,4.0,0.017857142857142856,0.017857142857142856,0.0,0.14285714285714285,0.125,0.14285714285714285,0.125,0.125,0.125,0.125,1.0,6.0,6.0,6.0,6.0,6.0,6.0,6.0,6.0,6.0,6.0,5.0,5.0,1.6256157635467983,0.8275862068965517,0.13546798029556653,0.0892005405892773,-0.027752120736517484,0.8275862068965517,0.13546798029556653,0.0,0.0,0.0,0.0,0.0,OK,
freeze,all_only,factor_cov_lrt_delta,1.0,1.0,budget_only,count,0.1,0.15,0.1,80,56,56,56,0.7,0.7,0.7,0.8275862068965517,0.13546798029556653,4.0,0.017857142857142856,0.017857142857142856,0.0,0.14285714285714285,0.125,0.14285714285714285,0.125,0.125,0.125,0.125,1.0,6.0,6.0,6.0,6.0,6.0,6.0,6.0,6.0,6.0,6.0,5.0,5.0,1.6256157635467983,0.8275862068965517,0.13546798029556653,0.0892005405892773,-0.027752120736517484,0.8275862068965517,0.13546798029556653,0.0,0.0,0.0,0.0,0.0,OK,
freeze,all_only,fused_fisher,1.0,0.25,budget_only,count,0.1,0.15,0.1,80,61,11,61,0.7625,0.1375,0.7625,0.827586206896552,0.1927642736009045,4.0,0.11475409836065574,0.11475409836065574,0.0,0.22950819672131148,0.16393442622950818,0.22950819672131148,0.16393442622950818,0.11475409836065574,0.11475409836065574,0.11475409836065574,1.0,6.0,6.0,6.0,6.0,6.0,6.0,6.0,6.0,6.0,6.0,2.0,2.0,2.3131712832108535,0.827586206896552,0.1927642736009045,0.019583625576064034,-0.18156570533013644,0.827586206896552,0.1927642736009045,0.0,0.0,0.0,0.0,0.0,OK,
freeze,all_only,fused_fisher,1.0,0.5,budget_only,count,0.1,0.15,0.1,80,61,11,61,0.7625,0.1375,0.7625,0.827586206896552,0.1927642736009045,4.0,0.11475409836065574,0.11475409836065574,0.0,0.22950819672131148,0.16393442622950818,0.22950819672131148,0.16393442622950818,0.11475409836065574,0.11475409836065574,0.11475409836065574,1.0,6.0,6.0,6.0,6.0,6.0,6.0,6.0,6.0,6.0,6.0,2.0,2.0,2.3131712832108535,0.827586206896552,0.1927642736009045,0.019583625576064034,-0.18156570533013644,0.827586206896552,0.1927642736009045,0.0,0.0,0.0,0.0,0.0,OK,
freeze,all_only,fused_fisher,1.0,0.75,budget_only,count,0.1,0.15,0.1,80,61,11,61,0.7625,0.1375,0.7625,0.827586206896552,0.1927642736009045,4.0,0.11475409836065574,0.11475409836065574,0.0,0.22950819672131148,0.16393442622950818,0.22950819672131148,0.16393442622950818,0.11475409836065574,0.11475409836065574,0.11475409836065574,1.0,6.0,6.0,6.0,6.0,6.0,6.0,6.0,6.0,6.0,6.0,2.0,2.0,2.3131712832108535,0.827586206896552,0.1927642736009045,0.019583625576064034,-0.18156570533013644,0.827586206896552,0.1927642736009045,0.0,0.0,0.0,0.0,0.0,OK,
freeze,all_only,fused_fisher,1.0,1.0,budget_only,count,0.1,0.15,0.1,80,61,11,61,0.7625,0.1375,0.7625,0.827586206896552,0.1927642736009045,4.0,0.11475409836065574,0.11475409836065574,0.0,0.22950819672131148,0.16393442622950818,0.22950819672131148,0.16393442622950818,0.11475409836065574,0.11475409836065574,0.11475409836065574,1.0,6.0,6.0,6.0,6.0,6.0,6.0,6.0,6.0,6.0,6.0,2.0,2.0,2.3131712832108535,0.827586206896552,0.1927642736009045,0.019583625576064034,-0.18156570533013644,0.827586206896552,0.1927642736009045,0.0,0.0,0.0,0.0,0.0,OK,
freeze,all_only,fused_fisher_lrt_delta,INFEASIBLE,0.25,budget_only,count,INFEASIBLE,INFEASIBLE,INFEASIBLE,INFEASIBLE,INFEASIBLE,INFEASIBLE,INFEASIBLE,INFEASIBLE,INFEASIBLE,INFEASIBLE,INFEASIBLE,INFEASIBLE,INFEASIBLE,INFEASIBLE,INFEASIBLE,INFEASIBLE,INFEASIBLE,INFEASIBLE,INFEASIBLE,INFEASIBLE,INFEASIBLE,INFEASIBLE,INFEASIBLE,,INFEASIBLE,INFEASIBLE,INFEASIBLE,INFEASIBLE,INFEASIBLE,INFEASIBLE,INFEASIBLE,INFEASIBLE,INFEASIBLE,INFEASIBLE,INFEASIBLE,INFEASIBLE,INFEASIBLE,INFEASIBLE,INFEASIBLE,INFEASIBLE,INFEASIBLE,INFEASIBLE,INFEASIBLE,INFEASIBLE,INFEASIBLE,INFEASIBLE,INFEASIBLE,INFEASIBLE,INFEASIBLE,no_trials_in_band
freeze,all_only,fused_fisher_lrt_delta,INFEASIBLE,0.5,budget_only,count,INFEASIBLE,INFEASIBLE,INFEASIBLE,INFEASIBLE,INFEASIBLE,INFEASIBLE,INFEASIBLE,INFEASIBLE,INFEASIBLE,INFEASIBLE,INFEASIBLE,INFEASIBLE,INFEASIBLE,INFEASIBLE,INFEASIBLE,INFEASIBLE,INFEASIBLE,INFEASIBLE,INFEASIBLE,INFEASIBLE,INFEASIBLE,INFEASIBLE,INFEASIBLE,,INFEASIBLE,INFEASIBLE,INFEASIBLE,INFEASIBLE,INFEASIBLE,INFEASIBLE,INFEASIBLE,INFEASIBLE,INFEASIBLE,INFEASIBLE,INFEASIBLE,INFEASIBLE,INFEASIBLE,INFEASIBLE,INFEASIBLE,INFEASIBLE,INFEASIBLE,INFEASIBLE,INFEASIBLE,INFEASIBLE,INFEASIBLE,INFEASIBLE,INFEASIBLE,INFEASIBLE,INFEASIBLE,no_trials_in_band
freeze,all_only,fused_fisher_lrt_delta,INFEASIBLE,0.75,budget_only,count,INFEASIBLE,INFEASIBLE,INFEASIBLE,INFEASIBLE,INFEASIBLE,INFEASIBLE,INFEASIBLE,INFEASIBLE,INFEASIBLE,INFEASIBLE,INFEASIBLE,INFEASIBLE,INFEASIBLE,INFEASIBLE,INFEASIBLE,INFEASIBLE,INFEASIBLE,INFEASIBLE,INFEASIBLE,INFEASIBLE,INFEASIBLE,INFEASIBLE,INFEASIBLE,,INFEASIBLE,INFEASIBLE,INFEASIBLE,INFEASIBLE,INFEASIBLE,INFEASIBLE,INFEASIBLE,INFEASIBLE,INFEASIBLE,INFEASIBLE,INFEASIBLE,INFEASIBLE,INFEASIBLE,INFEASIBLE,INFEASIBLE,INFEASIBLE,INFEASIBLE,INFEASIBLE,INFEASIBLE,INFEASIBLE,INFEASIBLE,INFEASIBLE,INFEASIBLE,INFEASIBLE,INFEASIBLE,no_trials_in_band
freeze,all_only,fused_fisher_lrt_delta,INFEASIBLE,1.0,budget_only,count,INFEASIBLE,INFEASIBLE,INFEASIBLE,INFEASIBLE,INFEASIBLE,INFEASIBLE,INFEASIBLE,INFEASIBLE,INFEASIBLE,INFEASIBLE,INFEASIBLE,INFEASIBLE,INFEASIBLE,INFEASIBLE,INFEASIBLE,INFEASIBLE,INFEASIBLE,INFEASIBLE,INFEASIBLE,INFEASIBLE,INFEASIBLE,INFEASIBLE,INFEASIBLE,,INFEASIBLE,INFEASIBLE,INFEASIBLE,INFEASIBLE,INFEASIBLE,INFEASIBLE,INFEASIBLE,INFEASIBLE,INFEASIBLE,INFEASIBLE,INFEASIBLE,INFEASIBLE,INFEASIBLE,INFEASIBLE,INFEASIBLE,INFEASIBLE,INFEASIBLE,INFEASIBLE,INFEASIBLE,INFEASIBLE,INFEASIBLE,INFEASIBLE,INFEASIBLE,INFEASIBLE,INFEASIBLE,no_trials_in_band
freeze,all_only,fused_sp,INFEASIBLE,0.25,budget_only,count,INFEASIBLE,INFEASIBLE,INFEASIBLE,INFEASIBLE,INFEASIBLE,INFEASIBLE,INFEASIBLE,INFEASIBLE,INFEASIBLE,INFEASIBLE,INFEASIBLE,INFEASIBLE,INFEASIBLE,INFEASIBLE,INFEASIBLE,INFEASIBLE,INFEASIBLE,INFEASIBLE,INFEASIBLE,INFEASIBLE,INFEASIBLE,INFEASIBLE,INFEASIBLE,,INFEASIBLE,INFEASIBLE,INFEASIBLE,INFEASIBLE,INFEASIBLE,INFEASIBLE,INFEASIBLE,INFEASIBLE,INFEASIBLE,INFEASIBLE,INFEASIBLE,INFEASIBLE,INFEASIBLE,INFEASIBLE,INFEASIBLE,INFEASIBLE,INFEASIBLE,INFEASIBLE,INFEASIBLE,INFEASIBLE,INFEASIBLE,INFEASIBLE,INFEASIBLE,INFEASIBLE,INFEASIBLE,no_trials_in_band
freeze,all_only,fused_sp,INFEASIBLE,0.5,budget_only,count,INFEASIBLE,INFEASIBLE,INFEASIBLE,INFEASIBLE,INFEASIBLE,INFEASIBLE,INFEASIBLE,INFEASIBLE,INFEASIBLE,INFEASIBLE,INFEASIBLE,INFEASIBLE,INFEASIBLE,INFEASIBLE,INFEASIBLE,INFEASIBLE,INFEASIBLE,INFEASIBLE,INFEASIBLE,INFEASIBLE,INFEASIBLE,INFEASIBLE,INFEASIBLE,,INFEASIBLE,INFEASIBLE,INFEASIBLE,INFEASIBLE,INFEASIBLE,INFEASIBLE,INFEASIBLE,INFEASIBLE,INFEASIBLE,INFEASIBLE,INFEASIBLE,INFEASIBLE,INFEASIBLE,INFEASIBLE,INFEASIBLE,INFEASIBLE,INFEASIBLE,INFEASIBLE,INFEASIBLE,INFEASIBLE,INFEASIBLE,INFEASIBLE,INFEASIBLE,INFEASIBLE,INFEASIBLE,no_trials_in_band
freeze,all_only,fused_sp,INFEASIBLE,0.75,budget_only,count,INFEASIBLE,INFEASIBLE,INFEASIBLE,INFEASIBLE,INFEASIBLE,INFEASIBLE,INFEASIBLE,INFEASIBLE,INFEASIBLE,INFEASIBLE,INFEASIBLE,INFEASIBLE,INFEASIBLE,INFEASIBLE,INFEASIBLE,INFEASIBLE,INFEASIBLE,INFEASIBLE,INFEASIBLE,INFEASIBLE,INFEASIBLE,INFEASIBLE,INFEASIBLE,,INFEASIBLE,INFEASIBLE,INFEASIBLE,INFEASIBLE,INFEASIBLE,INFEASIBLE,INFEASIBLE,INFEASIBLE,INFEASIBLE,INFEASIBLE,INFEASIBLE,INFEASIBLE,INFEASIBLE,INFEASIBLE,INFEASIBLE,INFEASIBLE,INFEASIBLE,INFEASIBLE,INFEASIBLE,INFEASIBLE,INFEASIBLE,INFEASIBLE,INFEASIBLE,INFEASIBLE,INFEASIBLE,no_trials_in_band
freeze,all_only,fused_sp,INFEASIBLE,1.0,budget_only,count,INFEASIBLE,INFEASIBLE,INFEASIBLE,INFEASIBLE,INFEASIBLE,INFEASIBLE,INFEASIBLE,INFEASIBLE,INFEASIBLE,INFEASIBLE,INFEASIBLE,INFEASIBLE,INFEASIBLE,INFEASIBLE,INFEASIBLE,INFEASIBLE,INFEASIBLE,INFEASIBLE,INFEASIBLE,INFEASIBLE,INFEASIBLE,INFEASIBLE,INFEASIBLE,,INFEASIBLE,INFEASIBLE,INFEASIBLE,INFEASIBLE,INFEASIBLE,INFEASIBLE,INFEASIBLE,INFEASIBLE,INFEASIBLE,INFEASIBLE,INFEASIBLE,INFEASIBLE,INFEASIBLE,INFEASIBLE,INFEASIBLE,INFEASIBLE,INFEASIBLE,INFEASIBLE,INFEASIBLE,INFEASIBLE,INFEASIBLE,INFEASIBLE,INFEASIBLE,INFEASIBLE,INFEASIBLE,no_trials_in_band
freeze,all_only,fused_sp_lrt_delta,INFEASIBLE,0.25,budget_only,count,INFEASIBLE,INFEASIBLE,INFEASIBLE,INFEASIBLE,INFEASIBLE,INFEASIBLE,INFEASIBLE,INFEASIBLE,INFEASIBLE,INFEASIBLE,INFEASIBLE,INFEASIBLE,INFEASIBLE,INFEASIBLE,INFEASIBLE,INFEASIBLE,INFEASIBLE,INFEASIBLE,INFEASIBLE,INFEASIBLE,INFEASIBLE,INFEASIBLE,INFEASIBLE,,INFEASIBLE,INFEASIBLE,INFEASIBLE,INFEASIBLE,INFEASIBLE,INFEASIBLE,INFEASIBLE,INFEASIBLE,INFEASIBLE,INFEASIBLE,INFEASIBLE,INFEASIBLE,INFEASIBLE,INFEASIBLE,INFEASIBLE,INFEASIBLE,INFEASIBLE,INFEASIBLE,INFEASIBLE,INFEASIBLE,INFEASIBLE,INFEASIBLE,INFEASIBLE,INFEASIBLE,INFEASIBLE,no_trials_in_band
freeze,all_only,fused_sp_lrt_delta,INFEASIBLE,0.5,budget_only,count,INFEASIBLE,INFEASIBLE,INFEASIBLE,INFEASIBLE,INFEASIBLE,INFEASIBLE,INFEASIBLE,INFEASIBLE,INFEASIBLE,INFEASIBLE,INFEASIBLE,INFEASIBLE,INFEASIBLE,INFEASIBLE,INFEASIBLE,INFEASIBLE,INFEASIBLE,INFEASIBLE,INFEASIBLE,INFEASIBLE,INFEASIBLE,INFEASIBLE,INFEASIBLE,,INFEASIBLE,INFEASIBLE,INFEASIBLE,INFEASIBLE,INFEASIBLE,INFEASIBLE,INFEASIBLE,INFEASIBLE,INFEASIBLE,INFEASIBLE,INFEASIBLE,INFEASIBLE,INFEASIBLE,INFEASIBLE,INFEASIBLE,INFEASIBLE,INFEASIBLE,INFEASIBLE,INFEASIBLE,INFEASIBLE,INFEASIBLE,INFEASIBLE,INFEASIBLE,INFEASIBLE,INFEASIBLE,no_trials_in_band
freeze,all_only,fused_sp_lrt_delta,INFEASIBLE,0.75,budget_only,count,INFEASIBLE,INFEASIBLE,INFEASIBLE,INFEASIBLE,INFEASIBLE,INFEASIBLE,INFEASIBLE,INFEASIBLE,INFEASIBLE,INFEASIBLE,INFEASIBLE,INFEASIBLE,INFEASIBLE,INFEASIBLE,INFEASIBLE,INFEASIBLE,INFEASIBLE,INFEASIBLE,INFEASIBLE,INFEASIBLE,INFEASIBLE,INFEASIBLE,INFEASIBLE,,INFEASIBLE,INFEASIBLE,INFEASIBLE,INFEASIBLE,INFEASIBLE,INFEASIBLE,INFEASIBLE,INFEASIBLE,INFEASIBLE,INFEASIBLE,INFEASIBLE,INFEASIBLE,INFEASIBLE,INFEASIBLE,INFEASIBLE,INFEASIBLE,INFEASIBLE,INFEASIBLE,INFEASIBLE,INFEASIBLE,INFEASIBLE,INFEASIBLE,INFEASIBLE,INFEASIBLE,INFEASIBLE,no_trials_in_band
freeze,all_only,fused_sp_lrt_delta,INFEASIBLE,1.0,budget_only,count,INFEASIBLE,INFEASIBLE,INFEASIBLE,INFEASIBLE,INFEASIBLE,INFEASIBLE,INFEASIBLE,INFEASIBLE,INFEASIBLE,INFEASIBLE,INFEASIBLE,INFEASIBLE,INFEASIBLE,INFEASIBLE,INFEASIBLE,INFEASIBLE,INFEASIBLE,INFEASIBLE,INFEASIBLE,INFEASIBLE,INFEASIBLE,INFEASIBLE,INFEASIBLE,,INFEASIBLE,INFEASIBLE,INFEASIBLE,INFEASIBLE,INFEASIBLE,INFEASIBLE,INFEASIBLE,INFEASIBLE,INFEASIBLE,INFEASIBLE,INFEASIBLE,INFEASIBLE,INFEASIBLE,INFEASIBLE,INFEASIBLE,INFEASIBLE,INFEASIBLE,INFEASIBLE,INFEASIBLE,INFEASIBLE,INFEASIBLE,INFEASIBLE,INFEASIBLE,INFEASIBLE,INFEASIBLE,no_trials_in_band
freeze,all_only,max_abs,1.0,0.25,budget_only,count,0.1,0.15,0.1,80,56,0,56,0.7,0.0,0.7,0.8275862068965517,0.24045566502463053,4.0,0.16071428571428573,0.16071428571428573,0.0,0.2857142857142857,0.21428571428571427,0.2857142857142857,0.21428571428571427,0.125,0.0,0.0,1.0,6.0,6.0,6.0,6.0,6.0,6.0,6.0,6.0,6.0,6.0,1.0,1.0,2.8854679802955663,0.8275862068965517,0.24045566502463053,0.026279100774761612,-0.02530596498623364,0.8275862068965517,0.24045566502463053,0.0,0.0,0.0,0.0,0.0,OK,
freeze,all_only,max_abs,1.0,0.5,budget_only,count,0.1,0.15,0.1,80,56,0,56,0.7,0.0,0.7,0.8275862068965517,0.24045566502463053,4.0,0.16071428571428573,0.16071428571428573,0.0,0.2857142857142857,0.21428571428571427,0.2857142857142857,0.21428571428571427,0.125,0.0,0.0,1.0,6.0,6.0,6.0,6.0,6.0,6.0,6.0,6.0,6.0,6.0,1.0,1.0,2.8854679802955663,0.8275862068965517,0.24045566502463053,0.026279100774761612,-0.02530596498623364,0.8275862068965517,0.24045566502463053,0.0,0.0,0.0,0.0,0.0,OK,
freeze,all_only,max_abs,1.0,0.75,budget_only,count,0.1,0.15,0.1,80,56,0,56,0.7,0.0,0.7,0.8275862068965517,0.24045566502463053,4.0,0.16071428571428573,0.16071428571428573,0.0,0.2857142857142857,0.21428571428571427,0.2857142857142857,0.21428571428571427,0.125,0.0,0.0,1.0,6.0,6.0,6.0,6.0,6.0,6.0,6.0,6.0,6.0,6.0,1.0,1.0,2.8854679802955663,0.8275862068965517,0.24045566502463053,0.026279100774761612,-0.02530596498623364,0.8275862068965517,0.24045566502463053,0.0,0.0,0.0,0.0,0.0,OK,
freeze,all_only,max_abs,1.0,1.0,budget_only,count,0.1,0.15,0.1,80,56,0,56,0.7,0.0,0.7,0.8275862068965517,0.24045566502463053,4.0,0.16071428571428573,0.16071428571428573,0.0,0.2857142857142857,0.21428571428571427,0.2857142857142857,0.21428571428571427,0.125,0.0,0.0,1.0,6.0,6.0,6.0,6.0,6.0,6.0,6.0,6.0,6.0,6.0,1.0,1.0,2.8854679802955663,0.8275862068965517,0.24045566502463053,0.026279100774761612,-0.02530596498623364,0.8275862068965517,0.24045566502463053,0.0,0.0,0.0,0.0,0.0,OK,
freeze,all_only,pc_t2,1.0,0.25,budget_only,count,0.1,0.15,0.1,80,80,8,80,1.0,0.1,1.0,1.1456896551724138,0.20301724137931032,5.5375,0.55,0.55,0.0,0.6125,0.3125,0.6125,0.3125,0.1125,0.0,0.0,1.0,5.0,5.0,5.0,6.0,5.0,6.0,3.0,6.0,5.0,6.0,2.0,2.0,2.4362068965517243,1.1456896551724138,0.20301724137931032,0.049996183532316885,0.10526096272330374,1.1456896551724138,0.20301724137931032,0.0,0.0,0.0,0.0,0.0,OK,
freeze,all_only,pc_t2,1.0,0.5,budget_only,count,0.1,0.15,0.1,80,80,8,80,1.0,0.1,1.0,1.1456896551724138,0.20301724137931032,5.5375,0.55,0.55,0.0,0.6125,0.3125,0.6125,0.3125,0.1125,0.0,0.0,1.0,5.0,5.0,5.0,6.0,5.0,6.0,3.0,6.0,5.0,6.0,2.0,2.0,2.4362068965517243,1.1456896551724138,0.20301724137931032,0.049996183532316885,0.10526096272330374,1.1456896551724138,0.20301724137931032,0.0,0.0,0.0,0.0,0.0,OK,
freeze,all_only,pc_t2,1.0,0.75,budget_only,count,0.1,0.15,0.1,80,80,8,80,1.0,0.1,1.0,1.1456896551724138,0.20301724137931032,5.5375,0.55,0.55,0.0,0.6125,0.3125,0.6125,0.3125,0.1125,0.0,0.0,1.0,5.0,5.0,5.0,6.0,5.0,6.0,3.0,6.0,5.0,6.0,2.0,2.0,2.4362068965517243,1.1456896551724138,0.20301724137931032,0.049996183532316885,0.10526096272330374,1.1456896551724138,0.20301724137931032,0.0,0.0,0.0,0.0,0.0,OK,
freeze,all_only,pc_t2,1.0,1.0,budget_only,count,0.1,0.15,0.1,80,80,8,80,1.0,0.1,1.0,1.1456896551724138,0.20301724137931032,5.5375,0.55,0.55,0.0,0.6125,0.3125,0.6125,0.3125,0.1125,0.0,0.0,1.0,5.0,5.0,5.0,6.0,5.0,6.0,3.0,6.0,5.0,6.0,2.0,2.0,2.4362068965517243,1.1456896551724138,0.20301724137931032,0.049996183532316885,0.10526096272330374,1.1456896551724138,0.20301724137931032,0.0,0.0,0.0,0.0,0.0,OK,
freeze,all_only,res_energy,INFEASIBLE,0.25,budget_only,count,INFEASIBLE,INFEASIBLE,INFEASIBLE,INFEASIBLE,INFEASIBLE,INFEASIBLE,INFEASIBLE,INFEASIBLE,INFEASIBLE,INFEASIBLE,INFEASIBLE,INFEASIBLE,INFEASIBLE,INFEASIBLE,INFEASIBLE,INFEASIBLE,INFEASIBLE,INFEASIBLE,INFEASIBLE,INFEASIBLE,INFEASIBLE,INFEASIBLE,INFEASIBLE,,INFEASIBLE,INFEASIBLE,INFEASIBLE,INFEASIBLE,INFEASIBLE,INFEASIBLE,INFEASIBLE,INFEASIBLE,INFEASIBLE,INFEASIBLE,INFEASIBLE,INFEASIBLE,INFEASIBLE,INFEASIBLE,INFEASIBLE,INFEASIBLE,INFEASIBLE,INFEASIBLE,INFEASIBLE,INFEASIBLE,INFEASIBLE,INFEASIBLE,INFEASIBLE,INFEASIBLE,INFEASIBLE,no_trials_in_band
freeze,all_only,res_energy,INFEASIBLE,0.5,budget_only,count,INFEASIBLE,INFEASIBLE,INFEASIBLE,INFEASIBLE,INFEASIBLE,INFEASIBLE,INFEASIBLE,INFEASIBLE,INFEASIBLE,INFEASIBLE,INFEASIBLE,INFEASIBLE,INFEASIBLE,INFEASIBLE,INFEASIBLE,INFEASIBLE,INFEASIBLE,INFEASIBLE,INFEASIBLE,INFEASIBLE,INFEASIBLE,INFEASIBLE,INFEASIBLE,,INFEASIBLE,INFEASIBLE,INFEASIBLE,INFEASIBLE,INFEASIBLE,INFEASIBLE,INFEASIBLE,INFEASIBLE,INFEASIBLE,INFEASIBLE,INFEASIBLE,INFEASIBLE,INFEASIBLE,INFEASIBLE,INFEASIBLE,INFEASIBLE,INFEASIBLE,INFEASIBLE,INFEASIBLE,INFEASIBLE,INFEASIBLE,INFEASIBLE,INFEASIBLE,INFEASIBLE,INFEASIBLE,no_trials_in_band
freeze,all_only,res_energy,INFEASIBLE,0.75,budget_only,count,INFEASIBLE,INFEASIBLE,INFEASIBLE,INFEASIBLE,INFEASIBLE,INFEASIBLE,INFEASIBLE,INFEASIBLE,INFEASIBLE,INFEASIBLE,INFEASIBLE,INFEASIBLE,INFEASIBLE,INFEASIBLE,INFEASIBLE,INFEASIBLE,INFEASIBLE,INFEASIBLE,INFEASIBLE,INFEASIBLE,INFEASIBLE,INFEASIBLE,INFEASIBLE,,INFEASIBLE,INFEASIBLE,INFEASIBLE,INFEASIBLE,INFEASIBLE,INFEASIBLE,INFEASIBLE,INFEASIBLE,INFEASIBLE,INFEASIBLE,INFEASIBLE,INFEASIBLE,INFEASIBLE,INFEASIBLE,INFEASIBLE,INFEASIBLE,INFEASIBLE,INFEASIBLE,INFEASIBLE,INFEASIBLE,INFEASIBLE,INFEASIBLE,INFEASIBLE,INFEASIBLE,INFEASIBLE,no_trials_in_band
freeze,all_only,res_energy,INFEASIBLE,1.0,budget_only,count,INFEASIBLE,INFEASIBLE,INFEASIBLE,INFEASIBLE,INFEASIBLE,INFEASIBLE,INFEASIBLE,INFEASIBLE,INFEASIBLE,INFEASIBLE,INFEASIBLE,INFEASIBLE,INFEASIBLE,INFEASIBLE,INFEASIBLE,INFEASIBLE,INFEASIBLE,INFEASIBLE,INFEASIBLE,INFEASIBLE,INFEASIBLE,INFEASIBLE,INFEASIBLE,,INFEASIBLE,INFEASIBLE,INFEASIBLE,INFEASIBLE,INFEASIBLE,INFEASIBLE,INFEASIBLE,INFEASIBLE,INFEASIBLE,INFEASIBLE,INFEASIBLE,INFEASIBLE,INFEASIBLE,INFEASIBLE,INFEASIBLE,INFEASIBLE,INFEASIBLE,INFEASIBLE,INFEASIBLE,INFEASIBLE,INFEASIBLE,INFEASIBLE,INFEASIBLE,INFEASIBLE,INFEASIBLE,no_trials_in_band
freeze,all_only,stale,1.0,0.25,budget_only,count,0.1,0.15,0.1,80,61,61,61,0.7625,0.7625,0.7625,0.827586206896552,0.06896551724137931,4.0,0.0,0.0,0.0,0.0,0.0,0.0,0.0,0.0,0.0,0.0,1.0,6.0,6.0,6.0,6.0,6.0,6.0,6.0,6.0,6.0,6.0,NA,NA,0.827586206896552,0.827586206896552,0.06896551724137931,0.16097686159889701,0.4344262295081967,0.827586206896552,0.06896551724137931,0.0,0.0,0.0,0.0,0.0,OK,
freeze,all_only,stale,1.0,0.5,budget_only,count,0.1,0.15,0.1,80,61,61,61,0.7625,0.7625,0.7625,0.827586206896552,0.06896551724137931,4.0,0.0,0.0,0.0,0.0,0.0,0.0,0.0,0.0,0.0,0.0,1.0,6.0,6.0,6.0,6.0,6.0,6.0,6.0,6.0,6.0,6.0,NA,NA,0.827586206896552,0.827586206896552,0.06896551724137931,0.16097686159889701,0.4344262295081967,0.827586206896552,0.06896551724137931,0.0,0.0,0.0,0.0,0.0,OK,
freeze,all_only,stale,1.0,0.75,budget_only,count,0.1,0.15,0.1,80,61,61,61,0.7625,0.7625,0.7625,0.827586206896552,0.06896551724137931,4.0,0.0,0.0,0.0,0.0,0.0,0.0,0.0,0.0,0.0,0.0,1.0,6.0,6.0,6.0,6.0,6.0,6.0,6.0,6.0,6.0,6.0,NA,NA,0.827586206896552,0.827586206896552,0.06896551724137931,0.16097686159889701,0.4344262295081967,0.827586206896552,0.06896551724137931,0.0,0.0,0.0,0.0,0.0,OK,
freeze,all_only,stale,1.0,1.0,budget_only,count,0.1,0.15,0.1,80,61,61,61,0.7625,0.7625,0.7625,0.827586206896552,0.06896551724137931,4.0,0.0,0.0,0.0,0.0,0.0,0.0,0.0,0.0,0.0,0.0,1.0,6.0,6.0,6.0,6.0,6.0,6.0,6.0,6.0,6.0,6.0,NA,NA,0.827586206896552,0.827586206896552,0.06896551724137931,0.16097686159889701,0.4344262295081967,0.827586206896552,0.06896551724137931,0.0,0.0,0.0,0.0,0.0,OK,
freeze,full,T2,1.0,0.25,budget_only,count,0.1,0.15,0.1,80,80,0,80,1.0,0.0,1.0,1.1405172413793103,0.25280172413793106,5.5125,0.5875,0.5125,0.07500000000000007,0.65,0.35,0.65,0.35,0.15,0.0,0.0,1.0,4.0,5.0,4.0,6.0,5.0,6.0,3.0,6.0,4.0,6.0,2.0,2.0,2.922413793103448,1.031896551724138,0.24353448275862072,0.04014084379318221,1.035938712953562,1.1405172413793103,0.25280172413793106,0.08333333333333334,0.02109704641350211,0.075,0.075,-0.02109704641350211,OK,
freeze,full,T2,1.0,0.5,budget_only,count,0.1,0.15,0.1,80,80,0,80,1.0,0.0,1.0,1.1405172413793103,0.25280172413793106,5.5125,0.7125,0.5125,0.20000000000000007,0.7875,0.4625,0.7875,0.4625,0.1625,0.0,0.0,1.0,2.5,5.0,2.5,6.0,5.0,6.0,2.0,6.0,2.5,6.0,2.0,2.0,2.860344827586207,0.9698275862068966,0.23836206896551726,0.04014084379318221,4.130650648992467,1.1405172413793103,0.25280172413793106,0.16666666666666669,0.02109704641350211,0.14583333333333334,0.14583333333333334,-0.02109704641350211,OK,
freeze,full,T2,1.0,0.75,budget_only,count,0.1,0.15,0.1,80,80,0,80,1.0,0.0,1.0,1.1405172413793103,0.25280172413793106,5.5125,0.8625,0.5125,0.3500000000000001,0.9625,0.5625,0.9625,0.5625,0.1625,0.0,0.0,1.0,2.0,5.0,2.0,6.0,5.0,6.0,1.0,4.0,2.0,6.0,2.0,2.0,2.7905172413793102,0.9,0.2325431034482759,0.04014084379318221,9.409058222374224,1.1405172413793103,0.25280172413793106,0.33333333333333337,0.02953586497890295,0.325,0.325,-0.02953586497890295,OK,
freeze,full,T2,1.0,1.0,budget_only,count,0.1,0.15,0.1,80,80,0,80,1.0,0.0,1.0,1.1405172413793103,0.25280172413793106,5.5125,0.9,0.5125,0.38750000000000007,1.0,0.675,1.0,0.675,0.1625,0.0,0.0,1.0,1.0,5.0,1.0,5.1000000000000085,5.0,6.0,1.0,3.0,1.0,5.1000000000000085,1.0,2.0,2.777586206896552,0.8870689655172415,0.23146551724137931,0.04014084379318221,16.832671496407972,1.1405172413793103,0.25280172413793106,0.4229166666666667,0.0379746835443038,0.4229166666666667,0.4229166666666667,-0.0379746835443038,OK,
freeze,full,cusum_factor_cov_lrt,1.0,0.25,budget_only,count,0.1,0.15,0.1,80,80,0,80,1.0,0.0,1.0,1.1120689655172413,0.25323275862068967,5.375,0.5625,0.5625,0.0,0.7,0.375,0.7,0.375,0.1375,0.0,0.0,1.0,4.0,4.0,4.0,6.0,4.0,6.0,3.0,6.0,4.0,6.0,2.0,2.0,3.010344827586207,1.114655172413793,0.25086206896551727,NA,0.3184292219821484,1.1120689655172413,0.25323275862068967,0.07916666666666665,0.06329113924050633,-0.07916666666666665,0.07916666666666665,-0.0379746835443038,OK,
freeze,full,cusum_factor_cov_lrt,1.0,0.5,budget_only,count,0.1,0.15,0.1,80,80,0,80,1.0,0.0,1.0,1.1120689655172413,0.25323275862068967,5.375,0.7,0.5625,0.13749999999999996,0.8375,0.3625,0.8375,0.3625,0.1375,0.0,0.0,1.0,4.0,4.0,4.0,6.0,4.0,6.0,3.0,6.0,4.0,6.0,3.0,2.0,3.0362068965517244,1.1198275862068967,0.2530172413793104,NA,0.4420171992794984,1.1120689655172413,0.25323275862068967,0.13958333333333334,0.16877637130801687,0.0020833333333333285,0.11875,0.008438818565400848,OK,
freeze,full,cusum_factor_cov_lrt,1.0,0.75,budget_only,count,0.1,0.15,0.1,80,80,0,80,1.0,0.0,1.0,1.1120689655172413,0.25323275862068967,5.375,0.8875,0.5625,0.32499999999999996,0.9875,0.4875,0.9875,0.4875,0.1625,0.0,0.0,1.0,2.0,4.0,2.0,6.0,4.0,6.0,2.0,4.0,2.0,6.0,2.0,2.0,3.0827586206896553,1.1663793103448277,0.25689655172413794,NA,0.6923358067577643,1.1120689655172413,0.25323275862068967,0.31875,0.4641350210970464,0.2104166666666667,0.28125,0.1350210970464135,OK,
freeze,full,cusum_factor_cov_lrt,1.0,1.0,budget_only,count,0.1,0.15,0.1,80,80,0,80,1.0,0.0,1.0,1.1120689655172413,0.25323275862068967,5.375,0.9125,0.5625,0.35,1.0,0.7125,1.0,0.7125,0.1625,0.0,0.0,1.0,1.0,4.0,1.0,5.0,4.0,6.0,1.0,2.0,1.0,5.0,1.0,2.0,3.0879310344827586,1.1793103448275863,0.25732758620689655,NA,1.1447535386691252,1.1120689655172413,0.25323275862068967,0.4854166666666666,0.5527426160337553,0.4645833333333333,0.46875,0.1308016877637131,OK,
freeze,full,ewma_factor_cov_lrt,INFEASIBLE,0.25,budget_only,count,INFEASIBLE,INFEASIBLE,INFEASIBLE,INFEASIBLE,INFEASIBLE,INFEASIBLE,INFEASIBLE,INFEASIBLE,INFEASIBLE,INFEASIBLE,INFEASIBLE,INFEASIBLE,INFEASIBLE,INFEASIBLE,INFEASIBLE,INFEASIBLE,INFEASIBLE,INFEASIBLE,INFEASIBLE,INFEASIBLE,INFEASIBLE,INFEASIBLE,INFEASIBLE,,INFEASIBLE,INFEASIBLE,INFEASIBLE,INFEASIBLE,INFEASIBLE,INFEASIBLE,INFEASIBLE,INFEASIBLE,INFEASIBLE,INFEASIBLE,INFEASIBLE,INFEASIBLE,INFEASIBLE,INFEASIBLE,INFEASIBLE,INFEASIBLE,INFEASIBLE,INFEASIBLE,INFEASIBLE,INFEASIBLE,INFEASIBLE,INFEASIBLE,INFEASIBLE,INFEASIBLE,INFEASIBLE,no_trials_in_band
freeze,full,ewma_factor_cov_lrt,INFEASIBLE,0.5,budget_only,count,INFEASIBLE,INFEASIBLE,INFEASIBLE,INFEASIBLE,INFEASIBLE,INFEASIBLE,INFEASIBLE,INFEASIBLE,INFEASIBLE,INFEASIBLE,INFEASIBLE,INFEASIBLE,INFEASIBLE,INFEASIBLE,INFEASIBLE,INFEASIBLE,INFEASIBLE,INFEASIBLE,INFEASIBLE,INFEASIBLE,INFEASIBLE,INFEASIBLE,INFEASIBLE,,INFEASIBLE,INFEASIBLE,INFEASIBLE,INFEASIBLE,INFEASIBLE,INFEASIBLE,INFEASIBLE,INFEASIBLE,INFEASIBLE,INFEASIBLE,INFEASIBLE,INFEASIBLE,INFEASIBLE,INFEASIBLE,INFEASIBLE,INFEASIBLE,INFEASIBLE,INFEASIBLE,INFEASIBLE,INFEASIBLE,INFEASIBLE,INFEASIBLE,INFEASIBLE,INFEASIBLE,INFEASIBLE,no_trials_in_band
freeze,full,ewma_factor_cov_lrt,INFEASIBLE,0.75,budget_only,count,INFEASIBLE,INFEASIBLE,INFEASIBLE,INFEASIBLE,INFEASIBLE,INFEASIBLE,INFEASIBLE,INFEASIBLE,INFEASIBLE,INFEASIBLE,INFEASIBLE,INFEASIBLE,INFEASIBLE,INFEASIBLE,INFEASIBLE,INFEASIBLE,INFEASIBLE,INFEASIBLE,INFEASIBLE,INFEASIBLE,INFEASIBLE,INFEASIBLE,INFEASIBLE,,INFEASIBLE,INFEASIBLE,INFEASIBLE,INFEASIBLE,INFEASIBLE,INFEASIBLE,INFEASIBLE,INFEASIBLE,INFEASIBLE,INFEASIBLE,INFEASIBLE,INFEASIBLE,INFEASIBLE,INFEASIBLE,INFEASIBLE,INFEASIBLE,INFEASIBLE,INFEASIBLE,INFEASIBLE,INFEASIBLE,INFEASIBLE,INFEASIBLE,INFEASIBLE,INFEASIBLE,INFEASIBLE,no_trials_in_band
freeze,full,ewma_factor_cov_lrt,INFEASIBLE,1.0,budget_only,count,INFEASIBLE,INFEASIBLE,INFEASIBLE,INFEASIBLE,INFEASIBLE,INFEASIBLE,INFEASIBLE,INFEASIBLE,INFEASIBLE,INFEASIBLE,INFEASIBLE,INFEASIBLE,INFEASIBLE,INFEASIBLE,INFEASIBLE,INFEASIBLE,INFEASIBLE,INFEASIBLE,INFEASIBLE,INFEASIBLE,INFEASIBLE,INFEASIBLE,INFEASIBLE,,INFEASIBLE,INFEASIBLE,INFEASIBLE,INFEASIBLE,INFEASIBLE,INFEASIBLE,INFEASIBLE,INFEASIBLE,INFEASIBLE,INFEASIBLE,INFEASIBLE,INFEASIBLE,INFEASIBLE,INFEASIBLE,INFEASIBLE,INFEASIBLE,INFEASIBLE,INFEASIBLE,INFEASIBLE,INFEASIBLE,INFEASIBLE,INFEASIBLE,INFEASIBLE,INFEASIBLE,INFEASIBLE,no_trials_in_band
freeze,full,factor_cov_change,INFEASIBLE,0.25,budget_only,count,INFEASIBLE,INFEASIBLE,INFEASIBLE,INFEASIBLE,INFEASIBLE,INFEASIBLE,INFEASIBLE,INFEASIBLE,INFEASIBLE,INFEASIBLE,INFEASIBLE,INFEASIBLE,INFEASIBLE,INFEASIBLE,INFEASIBLE,INFEASIBLE,INFEASIBLE,INFEASIBLE,INFEASIBLE,INFEASIBLE,INFEASIBLE,INFEASIBLE,INFEASIBLE,,INFEASIBLE,INFEASIBLE,INFEASIBLE,INFEASIBLE,INFEASIBLE,INFEASIBLE,INFEASIBLE,INFEASIBLE,INFEASIBLE,INFEASIBLE,INFEASIBLE,INFEASIBLE,INFEASIBLE,INFEASIBLE,INFEASIBLE,INFEASIBLE,INFEASIBLE,INFEASIBLE,INFEASIBLE,INFEASIBLE,INFEASIBLE,INFEASIBLE,INFEASIBLE,INFEASIBLE,INFEASIBLE,no_trials_in_band
freeze,full,factor_cov_change,INFEASIBLE,0.5,budget_only,count,INFEASIBLE,INFEASIBLE,INFEASIBLE,INFEASIBLE,INFEASIBLE,INFEASIBLE,INFEASIBLE,INFEASIBLE,INFEASIBLE,INFEASIBLE,INFEASIBLE,INFEASIBLE,INFEASIBLE,INFEASIBLE,INFEASIBLE,INFEASIBLE,INFEASIBLE,INFEASIBLE,INFEASIBLE,INFEASIBLE,INFEASIBLE,INFEASIBLE,INFEASIBLE,,INFEASIBLE,INFEASIBLE,INFEASIBLE,INFEASIBLE,INFEASIBLE,INFEASIBLE,INFEASIBLE,INFEASIBLE,INFEASIBLE,INFEASIBLE,INFEASIBLE,INFEASIBLE,INFEASIBLE,INFEASIBLE,INFEASIBLE,INFEASIBLE,INFEASIBLE,INFEASIBLE,INFEASIBLE,INFEASIBLE,INFEASIBLE,INFEASIBLE,INFEASIBLE,INFEASIBLE,INFEASIBLE,no_trials_in_band
freeze,full,factor_cov_change,INFEASIBLE,0.75,budget_only,count,INFEASIBLE,INFEASIBLE,INFEASIBLE,INFEASIBLE,INFEASIBLE,INFEASIBLE,INFEASIBLE,INFEASIBLE,INFEASIBLE,INFEASIBLE,INFEASIBLE,INFEASIBLE,INFEASIBLE,INFEASIBLE,INFEASIBLE,INFEASIBLE,INFEASIBLE,INFEASIBLE,INFEASIBLE,INFEASIBLE,INFEASIBLE,INFEASIBLE,INFEASIBLE,,INFEASIBLE,INFEASIBLE,INFEASIBLE,INFEASIBLE,INFEASIBLE,INFEASIBLE,INFEASIBLE,INFEASIBLE,INFEASIBLE,INFEASIBLE,INFEASIBLE,INFEASIBLE,INFEASIBLE,INFEASIBLE,INFEASIBLE,INFEASIBLE,INFEASIBLE,INFEASIBLE,INFEASIBLE,INFEASIBLE,INFEASIBLE,INFEASIBLE,INFEASIBLE,INFEASIBLE,INFEASIBLE,no_trials_in_band
freeze,full,factor_cov_change,INFEASIBLE,1.0,budget_only,count,INFEASIBLE,INFEASIBLE,INFEASIBLE,INFEASIBLE,INFEASIBLE,INFEASIBLE,INFEASIBLE,INFEASIBLE,INFEASIBLE,INFEASIBLE,INFEASIBLE,INFEASIBLE,INFEASIBLE,INFEASIBLE,INFEASIBLE,INFEASIBLE,INFEASIBLE,INFEASIBLE,INFEASIBLE,INFEASIBLE,INFEASIBLE,INFEASIBLE,INFEASIBLE,,INFEASIBLE,INFEASIBLE,INFEASIBLE,INFEASIBLE,INFEASIBLE,INFEASIBLE,INFEASIBLE,INFEASIBLE,INFEASIBLE,INFEASIBLE,INFEASIBLE,INFEASIBLE,INFEASIBLE,INFEASIBLE,INFEASIBLE,INFEASIBLE,INFEASIBLE,INFEASIBLE,INFEASIBLE,INFEASIBLE,INFEASIBLE,INFEASIBLE,INFEASIBLE,INFEASIBLE,INFEASIBLE,no_trials_in_band
freeze,full,factor_cov_delta,INFEASIBLE,0.25,budget_only,count,INFEASIBLE,INFEASIBLE,INFEASIBLE,INFEASIBLE,INFEASIBLE,INFEASIBLE,INFEASIBLE,INFEASIBLE,INFEASIBLE,INFEASIBLE,INFEASIBLE,INFEASIBLE,INFEASIBLE,INFEASIBLE,INFEASIBLE,INFEASIBLE,INFEASIBLE,INFEASIBLE,INFEASIBLE,INFEASIBLE,INFEASIBLE,INFEASIBLE,INFEASIBLE,,INFEASIBLE,INFEASIBLE,INFEASIBLE,INFEASIBLE,INFEASIBLE,INFEASIBLE,INFEASIBLE,INFEASIBLE,INFEASIBLE,INFEASIBLE,INFEASIBLE,INFEASIBLE,INFEASIBLE,INFEASIBLE,INFEASIBLE,INFEASIBLE,INFEASIBLE,INFEASIBLE,INFEASIBLE,INFEASIBLE,INFEASIBLE,INFEASIBLE,INFEASIBLE,INFEASIBLE,INFEASIBLE,no_trials_in_band
freeze,full,factor_cov_delta,INFEASIBLE,0.5,budget_only,count,INFEASIBLE,INFEASIBLE,INFEASIBLE,INFEASIBLE,INFEASIBLE,INFEASIBLE,INFEASIBLE,INFEASIBLE,INFEASIBLE,INFEASIBLE,INFEASIBLE,INFEASIBLE,INFEASIBLE,INFEASIBLE,INFEASIBLE,INFEASIBLE,INFEASIBLE,INFEASIBLE,INFEASIBLE,INFEASIBLE,INFEASIBLE,INFEASIBLE,INFEASIBLE,,INFEASIBLE,INFEASIBLE,INFEASIBLE,INFEASIBLE,INFEASIBLE,INFEASIBLE,INFEASIBLE,INFEASIBLE,INFEASIBLE,INFEASIBLE,INFEASIBLE,INFEASIBLE,INFEASIBLE,INFEASIBLE,INFEASIBLE,INFEASIBLE,INFEASIBLE,INFEASIBLE,INFEASIBLE,INFEASIBLE,INFEASIBLE,INFEASIBLE,INFEASIBLE,INFEASIBLE,INFEASIBLE,no_trials_in_band
freeze,full,factor_cov_delta,INFEASIBLE,0.75,budget_only,count,INFEASIBLE,INFEASIBLE,INFEASIBLE,INFEASIBLE,INFEASIBLE,INFEASIBLE,INFEASIBLE,INFEASIBLE,INFEASIBLE,INFEASIBLE,INFEASIBLE,INFEASIBLE,INFEASIBLE,INFEASIBLE,INFEASIBLE,INFEASIBLE,INFEASIBLE,INFEASIBLE,INFEASIBLE,INFEASIBLE,INFEASIBLE,INFEASIBLE,INFEASIBLE,,INFEASIBLE,INFEASIBLE,INFEASIBLE,INFEASIBLE,INFEASIBLE,INFEASIBLE,INFEASIBLE,INFEASIBLE,INFEASIBLE,INFEASIBLE,INFEASIBLE,INFEASIBLE,INFEASIBLE,INFEASIBLE,INFEASIBLE,INFEASIBLE,INFEASIBLE,INFEASIBLE,INFEASIBLE,INFEASIBLE,INFEASIBLE,INFEASIBLE,INFEASIBLE,INFEASIBLE,INFEASIBLE,no_trials_in_band
freeze,full,factor_cov_delta,INFEASIBLE,1.0,budget_only,count,INFEASIBLE,INFEASIBLE,INFEASIBLE,INFEASIBLE,INFEASIBLE,INFEASIBLE,INFEASIBLE,INFEASIBLE,INFEASIBLE,INFEASIBLE,INFEASIBLE,INFEASIBLE,INFEASIBLE,INFEASIBLE,INFEASIBLE,INFEASIBLE,INFEASIBLE,INFEASIBLE,INFEASIBLE,INFEASIBLE,INFEASIBLE,INFEASIBLE,INFEASIBLE,,INFEASIBLE,INFEASIBLE,INFEASIBLE,INFEASIBLE,INFEASIBLE,INFEASIBLE,INFEASIBLE,INFEASIBLE,INFEASIBLE,INFEASIBLE,INFEASIBLE,INFEASIBLE,INFEASIBLE,INFEASIBLE,INFEASIBLE,INFEASIBLE,INFEASIBLE,INFEASIBLE,INFEASIBLE,INFEASIBLE,INFEASIBLE,INFEASIBLE,INFEASIBLE,INFEASIBLE,INFEASIBLE,no_trials_in_band
freeze,full,factor_cov_lrt,INFEASIBLE,0.25,budget_only,count,INFEASIBLE,INFEASIBLE,INFEASIBLE,INFEASIBLE,INFEASIBLE,INFEASIBLE,INFEASIBLE,INFEASIBLE,INFEASIBLE,INFEASIBLE,INFEASIBLE,INFEASIBLE,INFEASIBLE,INFEASIBLE,INFEASIBLE,INFEASIBLE,INFEASIBLE,INFEASIBLE,INFEASIBLE,INFEASIBLE,INFEASIBLE,INFEASIBLE,INFEASIBLE,,INFEASIBLE,INFEASIBLE,INFEASIBLE,INFEASIBLE,INFEASIBLE,INFEASIBLE,INFEASIBLE,INFEASIBLE,INFEASIBLE,INFEASIBLE,INFEASIBLE,INFEASIBLE,INFEASIBLE,INFEASIBLE,INFEASIBLE,INFEASIBLE,INFEASIBLE,INFEASIBLE,INFEASIBLE,INFEASIBLE,INFEASIBLE,INFEASIBLE,INFEASIBLE,INFEASIBLE,INFEASIBLE,no_trials_in_band
freeze,full,factor_cov_lrt,INFEASIBLE,0.5,budget_only,count,INFEASIBLE,INFEASIBLE,INFEASIBLE,INFEASIBLE,INFEASIBLE,INFEASIBLE,INFEASIBLE,INFEASIBLE,INFEASIBLE,INFEASIBLE,INFEASIBLE,INFEASIBLE,INFEASIBLE,INFEASIBLE,INFEASIBLE,INFEASIBLE,INFEASIBLE,INFEASIBLE,INFEASIBLE,INFEASIBLE,INFEASIBLE,INFEASIBLE,INFEASIBLE,,INFEASIBLE,INFEASIBLE,INFEASIBLE,INFEASIBLE,INFEASIBLE,INFEASIBLE,INFEASIBLE,INFEASIBLE,INFEASIBLE,INFEASIBLE,INFEASIBLE,INFEASIBLE,INFEASIBLE,INFEASIBLE,INFEASIBLE,INFEASIBLE,INFEASIBLE,INFEASIBLE,INFEASIBLE,INFEASIBLE,INFEASIBLE,INFEASIBLE,INFEASIBLE,INFEASIBLE,INFEASIBLE,no_trials_in_band
freeze,full,factor_cov_lrt,INFEASIBLE,0.75,budget_only,count,INFEASIBLE,INFEASIBLE,INFEASIBLE,INFEASIBLE,INFEASIBLE,INFEASIBLE,INFEASIBLE,INFEASIBLE,INFEASIBLE,INFEASIBLE,INFEASIBLE,INFEASIBLE,INFEASIBLE,INFEASIBLE,INFEASIBLE,INFEASIBLE,INFEASIBLE,INFEASIBLE,INFEASIBLE,INFEASIBLE,INFEASIBLE,INFEASIBLE,INFEASIBLE,,INFEASIBLE,INFEASIBLE,INFEASIBLE,INFEASIBLE,INFEASIBLE,INFEASIBLE,INFEASIBLE,INFEASIBLE,INFEASIBLE,INFEASIBLE,INFEASIBLE,INFEASIBLE,INFEASIBLE,INFEASIBLE,INFEASIBLE,INFEASIBLE,INFEASIBLE,INFEASIBLE,INFEASIBLE,INFEASIBLE,INFEASIBLE,INFEASIBLE,INFEASIBLE,INFEASIBLE,INFEASIBLE,no_trials_in_band
freeze,full,factor_cov_lrt,INFEASIBLE,1.0,budget_only,count,INFEASIBLE,INFEASIBLE,INFEASIBLE,INFEASIBLE,INFEASIBLE,INFEASIBLE,INFEASIBLE,INFEASIBLE,INFEASIBLE,INFEASIBLE,INFEASIBLE,INFEASIBLE,INFEASIBLE,INFEASIBLE,INFEASIBLE,INFEASIBLE,INFEASIBLE,INFEASIBLE,INFEASIBLE,INFEASIBLE,INFEASIBLE,INFEASIBLE,INFEASIBLE,,INFEASIBLE,INFEASIBLE,INFEASIBLE,INFEASIBLE,INFEASIBLE,INFEASIBLE,INFEASIBLE,INFEASIBLE,INFEASIBLE,INFEASIBLE,INFEASIBLE,INFEASIBLE,INFEASIBLE,INFEASIBLE,INFEASIBLE,INFEASIBLE,INFEASIBLE,INFEASIBLE,INFEASIBLE,INFEASIBLE,INFEASIBLE,INFEASIBLE,INFEASIBLE,INFEASIBLE,INFEASIBLE,no_trials_in_band
freeze,full,factor_cov_lrt_delta,INFEASIBLE,0.25,budget_only,count,INFEASIBLE,INFEASIBLE,INFEASIBLE,INFEASIBLE,INFEASIBLE,INFEASIBLE,INFEASIBLE,INFEASIBLE,INFEASIBLE,INFEASIBLE,INFEASIBLE,INFEASIBLE,INFEASIBLE,INFEASIBLE,INFEASIBLE,INFEASIBLE,INFEASIBLE,INFEASIBLE,INFEASIBLE,INFEASIBLE,INFEASIBLE,INFEASIBLE,INFEASIBLE,,INFEASIBLE,INFEASIBLE,INFEASIBLE,INFEASIBLE,INFEASIBLE,INFEASIBLE,INFEASIBLE,INFEASIBLE,INFEASIBLE,INFEASIBLE,INFEASIBLE,INFEASIBLE,INFEASIBLE,INFEASIBLE,INFEASIBLE,INFEASIBLE,INFEASIBLE,INFEASIBLE,INFEASIBLE,INFEASIBLE,INFEASIBLE,INFEASIBLE,INFEASIBLE,INFEASIBLE,INFEASIBLE,no_trials_in_band
freeze,full,factor_cov_lrt_delta,INFEASIBLE,0.5,budget_only,count,INFEASIBLE,INFEASIBLE,INFEASIBLE,INFEASIBLE,INFEASIBLE,INFEASIBLE,INFEASIBLE,INFEASIBLE,INFEASIBLE,INFEASIBLE,INFEASIBLE,INFEASIBLE,INFEASIBLE,INFEASIBLE,INFEASIBLE,INFEASIBLE,INFEASIBLE,INFEASIBLE,INFEASIBLE,INFEASIBLE,INFEASIBLE,INFEASIBLE,INFEASIBLE,,INFEASIBLE,INFEASIBLE,INFEASIBLE,INFEASIBLE,INFEASIBLE,INFEASIBLE,INFEASIBLE,INFEASIBLE,INFEASIBLE,INFEASIBLE,INFEASIBLE,INFEASIBLE,INFEASIBLE,INFEASIBLE,INFEASIBLE,INFEASIBLE,INFEASIBLE,INFEASIBLE,INFEASIBLE,INFEASIBLE,INFEASIBLE,INFEASIBLE,INFEASIBLE,INFEASIBLE,INFEASIBLE,no_trials_in_band
freeze,full,factor_cov_lrt_delta,INFEASIBLE,0.75,budget_only,count,INFEASIBLE,INFEASIBLE,INFEASIBLE,INFEASIBLE,INFEASIBLE,INFEASIBLE,INFEASIBLE,INFEASIBLE,INFEASIBLE,INFEASIBLE,INFEASIBLE,INFEASIBLE,INFEASIBLE,INFEASIBLE,INFEASIBLE,INFEASIBLE,INFEASIBLE,INFEASIBLE,INFEASIBLE,INFEASIBLE,INFEASIBLE,INFEASIBLE,INFEASIBLE,,INFEASIBLE,INFEASIBLE,INFEASIBLE,INFEASIBLE,INFEASIBLE,INFEASIBLE,INFEASIBLE,INFEASIBLE,INFEASIBLE,INFEASIBLE,INFEASIBLE,INFEASIBLE,INFEASIBLE,INFEASIBLE,INFEASIBLE,INFEASIBLE,INFEASIBLE,INFEASIBLE,INFEASIBLE,INFEASIBLE,INFEASIBLE,INFEASIBLE,INFEASIBLE,INFEASIBLE,INFEASIBLE,no_trials_in_band
freeze,full,factor_cov_lrt_delta,INFEASIBLE,1.0,budget_only,count,INFEASIBLE,INFEASIBLE,INFEASIBLE,INFEASIBLE,INFEASIBLE,INFEASIBLE,INFEASIBLE,INFEASIBLE,INFEASIBLE,INFEASIBLE,INFEASIBLE,INFEASIBLE,INFEASIBLE,INFEASIBLE,INFEASIBLE,INFEASIBLE,INFEASIBLE,INFEASIBLE,INFEASIBLE,INFEASIBLE,INFEASIBLE,INFEASIBLE,INFEASIBLE,,INFEASIBLE,INFEASIBLE,INFEASIBLE,INFEASIBLE,INFEASIBLE,INFEASIBLE,INFEASIBLE,INFEASIBLE,INFEASIBLE,INFEASIBLE,INFEASIBLE,INFEASIBLE,INFEASIBLE,INFEASIBLE,INFEASIBLE,INFEASIBLE,INFEASIBLE,INFEASIBLE,INFEASIBLE,INFEASIBLE,INFEASIBLE,INFEASIBLE,INFEASIBLE,INFEASIBLE,INFEASIBLE,no_trials_in_band
freeze,full,fused_fisher,INFEASIBLE,0.25,budget_only,count,INFEASIBLE,INFEASIBLE,INFEASIBLE,INFEASIBLE,INFEASIBLE,INFEASIBLE,INFEASIBLE,INFEASIBLE,INFEASIBLE,INFEASIBLE,INFEASIBLE,INFEASIBLE,INFEASIBLE,INFEASIBLE,INFEASIBLE,INFEASIBLE,INFEASIBLE,INFEASIBLE,INFEASIBLE,INFEASIBLE,INFEASIBLE,INFEASIBLE,INFEASIBLE,,INFEASIBLE,INFEASIBLE,INFEASIBLE,INFEASIBLE,INFEASIBLE,INFEASIBLE,INFEASIBLE,INFEASIBLE,INFEASIBLE,INFEASIBLE,INFEASIBLE,INFEASIBLE,INFEASIBLE,INFEASIBLE,INFEASIBLE,INFEASIBLE,INFEASIBLE,INFEASIBLE,INFEASIBLE,INFEASIBLE,INFEASIBLE,INFEASIBLE,INFEASIBLE,INFEASIBLE,INFEASIBLE,no_trials_in_band
freeze,full,fused_fisher,INFEASIBLE,0.5,budget_only,count,INFEASIBLE,INFEASIBLE,INFEASIBLE,INFEASIBLE,INFEASIBLE,INFEASIBLE,INFEASIBLE,INFEASIBLE,INFEASIBLE,INFEASIBLE,INFEASIBLE,INFEASIBLE,INFEASIBLE,INFEASIBLE,INFEASIBLE,INFEASIBLE,INFEASIBLE,INFEASIBLE,INFEASIBLE,INFEASIBLE,INFEASIBLE,INFEASIBLE,INFEASIBLE,,INFEASIBLE,INFEASIBLE,INFEASIBLE,INFEASIBLE,INFEASIBLE,INFEASIBLE,INFEASIBLE,INFEASIBLE,INFEASIBLE,INFEASIBLE,INFEASIBLE,INFEASIBLE,INFEASIBLE,INFEASIBLE,INFEASIBLE,INFEASIBLE,INFEASIBLE,INFEASIBLE,INFEASIBLE,INFEASIBLE,INFEASIBLE,INFEASIBLE,INFEASIBLE,INFEASIBLE,INFEASIBLE,no_trials_in_band
freeze,full,fused_fisher,INFEASIBLE,0.75,budget_only,count,INFEASIBLE,INFEASIBLE,INFEASIBLE,INFEASIBLE,INFEASIBLE,INFEASIBLE,INFEASIBLE,INFEASIBLE,INFEASIBLE,INFEASIBLE,INFEASIBLE,INFEASIBLE,INFEASIBLE,INFEASIBLE,INFEASIBLE,INFEASIBLE,INFEASIBLE,INFEASIBLE,INFEASIBLE,INFEASIBLE,INFEASIBLE,INFEASIBLE,INFEASIBLE,,INFEASIBLE,INFEASIBLE,INFEASIBLE,INFEASIBLE,INFEASIBLE,INFEASIBLE,INFEASIBLE,INFEASIBLE,INFEASIBLE,INFEASIBLE,INFEASIBLE,INFEASIBLE,INFEASIBLE,INFEASIBLE,INFEASIBLE,INFEASIBLE,INFEASIBLE,INFEASIBLE,INFEASIBLE,INFEASIBLE,INFEASIBLE,INFEASIBLE,INFEASIBLE,INFEASIBLE,INFEASIBLE,no_trials_in_band
freeze,full,fused_fisher,INFEASIBLE,1.0,budget_only,count,INFEASIBLE,INFEASIBLE,INFEASIBLE,INFEASIBLE,INFEASIBLE,INFEASIBLE,INFEASIBLE,INFEASIBLE,INFEASIBLE,INFEASIBLE,INFEASIBLE,INFEASIBLE,INFEASIBLE,INFEASIBLE,INFEASIBLE,INFEASIBLE,INFEASIBLE,INFEASIBLE,INFEASIBLE,INFEASIBLE,INFEASIBLE,INFEASIBLE,INFEASIBLE,,INFEASIBLE,INFEASIBLE,INFEASIBLE,INFEASIBLE,INFEASIBLE,INFEASIBLE,INFEASIBLE,INFEASIBLE,INFEASIBLE,INFEASIBLE,INFEASIBLE,INFEASIBLE,INFEASIBLE,INFEASIBLE,INFEASIBLE,INFEASIBLE,INFEASIBLE,INFEASIBLE,INFEASIBLE,INFEASIBLE,INFEASIBLE,INFEASIBLE,INFEASIBLE,INFEASIBLE,INFEASIBLE,no_trials_in_band
freeze,full,fused_fisher_lrt_delta,INFEASIBLE,0.25,budget_only,count,INFEASIBLE,INFEASIBLE,INFEASIBLE,INFEASIBLE,INFEASIBLE,INFEASIBLE,INFEASIBLE,INFEASIBLE,INFEASIBLE,INFEASIBLE,INFEASIBLE,INFEASIBLE,INFEASIBLE,INFEASIBLE,INFEASIBLE,INFEASIBLE,INFEASIBLE,INFEASIBLE,INFEASIBLE,INFEASIBLE,INFEASIBLE,INFEASIBLE,INFEASIBLE,,INFEASIBLE,INFEASIBLE,INFEASIBLE,INFEASIBLE,INFEASIBLE,INFEASIBLE,INFEASIBLE,INFEASIBLE,INFEASIBLE,INFEASIBLE,INFEASIBLE,INFEASIBLE,INFEASIBLE,INFEASIBLE,INFEASIBLE,INFEASIBLE,INFEASIBLE,INFEASIBLE,INFEASIBLE,INFEASIBLE,INFEASIBLE,INFEASIBLE,INFEASIBLE,INFEASIBLE,INFEASIBLE,no_trials_in_band
freeze,full,fused_fisher_lrt_delta,INFEASIBLE,0.5,budget_only,count,INFEASIBLE,INFEASIBLE,INFEASIBLE,INFEASIBLE,INFEASIBLE,INFEASIBLE,INFEASIBLE,INFEASIBLE,INFEASIBLE,INFEASIBLE,INFEASIBLE,INFEASIBLE,INFEASIBLE,INFEASIBLE,INFEASIBLE,INFEASIBLE,INFEASIBLE,INFEASIBLE,INFEASIBLE,INFEASIBLE,INFEASIBLE,INFEASIBLE,INFEASIBLE,,INFEASIBLE,INFEASIBLE,INFEASIBLE,INFEASIBLE,INFEASIBLE,INFEASIBLE,INFEASIBLE,INFEASIBLE,INFEASIBLE,INFEASIBLE,INFEASIBLE,INFEASIBLE,INFEASIBLE,INFEASIBLE,INFEASIBLE,INFEASIBLE,INFEASIBLE,INFEASIBLE,INFEASIBLE,INFEASIBLE,INFEASIBLE,INFEASIBLE,INFEASIBLE,INFEASIBLE,INFEASIBLE,no_trials_in_band
freeze,full,fused_fisher_lrt_delta,INFEASIBLE,0.75,budget_only,count,INFEASIBLE,INFEASIBLE,INFEASIBLE,INFEASIBLE,INFEASIBLE,INFEASIBLE,INFEASIBLE,INFEASIBLE,INFEASIBLE,INFEASIBLE,INFEASIBLE,INFEASIBLE,INFEASIBLE,INFEASIBLE,INFEASIBLE,INFEASIBLE,INFEASIBLE,INFEASIBLE,INFEASIBLE,INFEASIBLE,INFEASIBLE,INFEASIBLE,INFEASIBLE,,INFEASIBLE,INFEASIBLE,INFEASIBLE,INFEASIBLE,INFEASIBLE,INFEASIBLE,INFEASIBLE,INFEASIBLE,INFEASIBLE,INFEASIBLE,INFEASIBLE,INFEASIBLE,INFEASIBLE,INFEASIBLE,INFEASIBLE,INFEASIBLE,INFEASIBLE,INFEASIBLE,INFEASIBLE,INFEASIBLE,INFEASIBLE,INFEASIBLE,INFEASIBLE,INFEASIBLE,INFEASIBLE,no_trials_in_band
freeze,full,fused_fisher_lrt_delta,INFEASIBLE,1.0,budget_only,count,INFEASIBLE,INFEASIBLE,INFEASIBLE,INFEASIBLE,INFEASIBLE,INFEASIBLE,INFEASIBLE,INFEASIBLE,INFEASIBLE,INFEASIBLE,INFEASIBLE,INFEASIBLE,INFEASIBLE,INFEASIBLE,INFEASIBLE,INFEASIBLE,INFEASIBLE,INFEASIBLE,INFEASIBLE,INFEASIBLE,INFEASIBLE,INFEASIBLE,INFEASIBLE,,INFEASIBLE,INFEASIBLE,INFEASIBLE,INFEASIBLE,INFEASIBLE,INFEASIBLE,INFEASIBLE,INFEASIBLE,INFEASIBLE,INFEASIBLE,INFEASIBLE,INFEASIBLE,INFEASIBLE,INFEASIBLE,INFEASIBLE,INFEASIBLE,INFEASIBLE,INFEASIBLE,INFEASIBLE,INFEASIBLE,INFEASIBLE,INFEASIBLE,INFEASIBLE,INFEASIBLE,INFEASIBLE,no_trials_in_band
freeze,full,fused_sp,1.0,0.25,budget_only,count,0.1,0.15,0.1,80,56,5,56,0.7,0.0625,0.7,0.8275862068965517,0.23029556650246308,4.0,0.07142857142857142,0.07142857142857142,0.0,0.16071428571428573,0.16071428571428573,0.16071428571428573,0.16071428571428573,0.08928571428571429,0.08928571428571429,0.08928571428571429,1.0,6.0,6.0,6.0,6.0,6.0,6.0,6.0,6.0,6.0,6.0,1.0,1.0,2.7635467980295565,0.8275862068965517,0.23029556650246308,0.015036182025325653,-0.3766621920123539,0.8275862068965517,0.23029556650246308,0.0,0.0,0.0,0.0,0.0,OK,
freeze,full,fused_sp,1.0,0.5,budget_only,count,0.1,0.15,0.1,80,56,5,56,0.7,0.0625,0.7,0.8275862068965517,0.23029556650246308,4.0,0.07142857142857142,0.07142857142857142,0.0,0.16071428571428573,0.16071428571428573,0.16071428571428573,0.16071428571428573,0.08928571428571429,0.08928571428571429,0.08928571428571429,1.0,6.0,6.0,6.0,6.0,6.0,6.0,6.0,6.0,6.0,6.0,1.0,1.0,2.7598522167487687,0.8238916256157636,0.22998768472906406,0.015036182025325653,-0.26619909856046714,0.8275862068965517,0.23029556650246308,0.0,0.0,0.0,0.0,0.0,OK,
freeze,full,fused_sp,1.0,0.75,budget_only,count,0.1,0.15,0.1,80,56,5,56,0.7,0.0625,0.7,0.8275862068965517,0.23029556650246308,4.0,0.08928571428571429,0.07142857142857142,0.017857142857142863,0.17857142857142858,0.16071428571428573,0.17857142857142858,0.16071428571428573,0.08928571428571429,0.08928571428571429,0.08928571428571429,1.0,6.0,6.0,6.0,6.0,6.0,6.0,6.0,6.0,6.0,6.0,1.0,1.0,2.7598522167487687,0.8238916256157636,0.22998768472906406,0.015036182025325653,0.07879137929836659,0.8275862068965517,0.23029556650246308,0.005952380952380952,0.0,0.005952380952380953,0.005952380952380953,0.0,OK,
freeze,full,fused_sp,1.0,1.0,budget_only,count,0.1,0.15,0.1,80,56,5,56,0.7,0.0625,0.7,0.8275862068965517,0.23029556650246308,4.0,0.10714285714285714,0.07142857142857142,0.03571428571428571,0.19642857142857142,0.17857142857142858,0.19642857142857142,0.17857142857142858,0.08928571428571429,0.08928571428571429,0.08928571428571429,1.0,6.0,6.0,6.0,6.0,6.0,6.0,6.0,6.0,6.0,6.0,0.0,1.0,2.756157635467981,0.8054187192118227,0.22967980295566504,0.015036182025325653,0.6388231534297726,0.8275862068965517,0.23029556650246308,0.041666666666666664,0.024242424242424242,0.041666666666666664,0.041666666666666664,-0.024242424242424242,OK,
freeze,full,fused_sp_lrt_delta,1.0,0.25,budget_only,count,0.1,0.15,0.1,80,56,5,56,0.7,0.0625,0.7,0.8275862068965517,0.1982758620689655,4.0,0.07142857142857142,0.07142857142857142,0.0,0.125,0.05357142857142857,0.125,0.05357142857142857,0.05357142857142857,0.017857142857142856,0.017857142857142856,1.0,6.0,6.0,6.0,6.0,6.0,6.0,6.0,6.0,6.0,6.0,2.0,1.0,2.3793103448275863,0.8275862068965517,0.1982758620689655,0.012609441847553384,-0.3218518049772718,0.8275862068965517,0.1982758620689655,0.011904761904761904,0.024242424242424242,-0.01190476190476191,0.01190476190476191,0.024242424242424242,OK,
freeze,full,fused_sp_lrt_delta,1.0,0.5,budget_only,count,0.1,0.15,0.1,80,56,5,56,0.7,0.0625,0.7,0.8275862068965517,0.1982758620689655,4.0,0.07142857142857142,0.07142857142857142,0.0,0.125,0.05357142857142857,0.125,0.05357142857142857,0.05357142857142857,0.017857142857142856,0.017857142857142856,1.0,6.0,6.0,6.0,6.0,6.0,6.0,6.0,6.0,6.0,6.0,2.0,1.0,2.375615763546798,0.8238916256157636,0.19796798029556648,0.012609441847553384,-0.17285234980774253,0.8275862068965517,0.1982758620689655,0.01488095238095238,0.024242424242424242,-0.008928571428571433,0.014880952380952387,0.024242424242424242,OK,
freeze,full,fused_sp_lrt_delta,1.0,0.75,budget_only,count,0.1,0.15,0.1,80,56,5,56,0.7,0.0625,0.7,0.8275862068965517,0.1982758620689655,4.0,0.08928571428571429,0.07142857142857142,0.017857142857142863,0.14285714285714285,0.05357142857142857,0.14285714285714285,0.05357142857142857,0.05357142857142857,0.017857142857142856,0.017857142857142856,1.0,6.0,6.0,6.0,6.0,6.0,6.0,6.0,6.0,6.0,6.0,2.0,1.0,2.375615763546798,0.8238916256157636,0.19796798029556648,0.012609441847553384,0.1613776336415143,0.8275862068965517,0.1982758620689655,0.026785714285714284,0.024242424242424242,0.00297619047619047,0.026785714285714284,0.024242424242424242,OK,
freeze,full,fused_sp_lrt_delta,1.0,1.0,budget_only,count,0.1,0.15,0.1,80,56,5,56,0.7,0.0625,0.7,0.8275862068965517,0.1982758620689655,4.0,0.14285714285714285,0.07142857142857142,0.07142857142857142,0.19642857142857142,0.07142857142857142,0.19642857142857142,0.07142857142857142,0.05357142857142857,0.017857142857142856,0.017857142857142856,1.0,6.0,6.0,6.0,6.0,6.0,6.0,6.0,6.0,6.0,6.0,2.0,1.0,2.3719211822660102,0.8201970443349753,0.19766009852216748,0.012609441847553384,0.7032518998120596,0.8275862068965517,0.1982758620689655,0.05357142857142857,0.024242424242424242,0.029761904761904757,0.05357142857142857,0.024242424242424242,OK,
freeze,full,max_abs,1.0,0.25,budget_only,count,0.1,0.15,0.1,80,56,1,56,0.7,0.0125,0.7,0.8275862068965517,0.23399014778325125,4.0,0.07142857142857142,0.017857142857142856,0.05357142857142857,0.14285714285714285,0.125,0.14285714285714285,0.125,0.125,0.017857142857142856,0.017857142857142856,1.0,6.0,6.0,6.0,6.0,6.0,6.0,6.0,6.0,6.0,6.0,4.0,2.0,2.8152709359605916,0.8349753694581281,0.23460591133004924,0.0735172522504778,0.1778089411501409,0.8275862068965517,0.23399014778325125,0.008928571428571428,0.0,0.008928571428571428,0.008928571428571428,0.0,OK,
freeze,full,max_abs,1.0,0.5,budget_only,count,0.1,0.15,0.1,80,56,1,56,0.7,0.0125,0.7,0.8275862068965517,0.23399014778325125,4.0,0.07142857142857142,0.017857142857142856,0.05357142857142857,0.14285714285714285,0.125,0.14285714285714285,0.125,0.125,0.017857142857142856,0.017857142857142856,1.0,6.0,6.0,6.0,6.0,6.0,6.0,6.0,6.0,6.0,6.0,4.0,2.0,2.8152709359605916,0.8349753694581281,0.23460591133004924,0.0735172522504778,0.24316014069265787,0.8275862068965517,0.23399014778325125,0.01488095238095238,0.0,0.014880952380952384,0.014880952380952384,0.0,OK,
freeze,full,max_abs,1.0,0.75,budget_only,count,0.1,0.15,0.1,80,56,1,56,0.7,0.0125,0.7,0.8275862068965517,0.23399014778325125,4.0,0.07142857142857142,0.017857142857142856,0.05357142857142857,0.14285714285714285,0.125,0.14285714285714285,0.125,0.125,0.017857142857142856,0.017857142857142856,1.0,6.0,6.0,6.0,6.0,6.0,6.0,6.0,6.0,6.0,6.0,4.0,2.0,2.8115763546798034,0.8312807881773399,0.23429802955665027,0.0735172522504778,0.45581370208889366,0.8275862068965517,0.23399014778325125,0.01488095238095238,0.0,0.014880952380952384,0.014880952380952384,0.0,OK,
freeze,full,max_abs,1.0,1.0,budget_only,count,0.1,0.15,0.1,80,56,1,56,0.7,0.0125,0.7,0.8275862068965517,0.23399014778325125,4.0,0.08928571428571429,0.017857142857142856,0.07142857142857142,0.17857142857142858,0.16071428571428573,0.17857142857142858,0.16071428571428573,0.14285714285714285,0.017857142857142856,0.017857142857142856,1.0,6.0,6.0,6.0,6.0,6.0,6.0,6.0,6.0,6.0,6.0,4.0,2.0,2.804187192118227,0.8238916256157636,0.23368226600985226,0.0735172522504778,0.7076882962935994,0.8275862068965517,0.23399014778325125,0.020833333333333332,0.0,0.020833333333333336,0.020833333333333336,0.0,OK,
freeze,full,pc_t2,1.0,0.25,budget_only,count,0.1,0.15,0.1,80,59,3,59,0.7375,0.0375,0.7375,0.8275862068965519,0.23027469316189364,4.0,0.05084745762711865,0.05084745762711865,0.0,0.1864406779661017,0.1864406779661017,0.1864406779661017,0.1864406779661017,0.13559322033898305,0.05084745762711865,0.05084745762711865,1.0,6.0,6.0,6.0,6.0,6.0,6.0,6.0,6.0,6.0,6.0,1.0,1.0,2.773816481589714,0.8275862068965519,0.23115137346580947,0.03613976299669936,-0.09283477916902694,0.8275862068965519,0.23027469316189364,0.011299435028248588,0.0,0.011299435028248588,0.011299435028248588,0.0,OK,
freeze,full,pc_t2,1.0,0.5,budget_only,count,0.1,0.15,0.1,80,59,3,59,0.7375,0.0375,0.7375,0.8275862068965519,0.23027469316189364,4.0,0.05084745762711865,0.05084745762711865,0.0,0.1864406779661017,0.1864406779661017,0.1864406779661017,0.1864406779661017,0.13559322033898305,0.05084745762711865,0.05084745762711865,1.0,6.0,6.0,6.0,6.0,6.0,6.0,6.0,6.0,6.0,6.0,1.0,1.0,2.763296317942724,0.8275862068965519,0.23027469316189364,0.03613976299669936,-0.02945650019059654,0.8275862068965519,0.23027469316189364,0.011299435028248588,0.0,0.011299435028248588,0.011299435028248588,0.0,OK,
freeze,full,pc_t2,1.0,0.75,budget_only,count,0.1,0.15,0.1,80,59,3,59,0.7375,0.0375,0.7375,0.8275862068965519,0.23027469316189364,4.0,0.05084745762711865,0.05084745762711865,0.0,0.1864406779661017,0.1864406779661017,0.1864406779661017,0.1864406779661017,0.13559322033898305,0.05084745762711865,0.05084745762711865,1.0,6.0,6.0,6.0,6.0,6.0,6.0,6.0,6.0,6.0,6.0,1.0,1.0,2.7492694330800704,0.8240794856808886,0.22910578609000584,0.03613976299669936,0.23130924749891382,0.8275862068965519,0.23027469316189364,0.01694915254237288,0.0,0.01694915254237288,0.01694915254237288,0.0,OK,
freeze,full,pc_t2,1.0,1.0,budget_only,count,0.1,0.15,0.1,80,59,3,59,0.7375,0.0375,0.7375,0.8275862068965519,0.23027469316189364,4.0,0.05084745762711865,0.05084745762711865,0.0,0.1864406779661017,0.1864406779661017,0.1864406779661017,0.1864406779661017,0.13559322033898305,0.05084745762711865,0.05084745762711865,1.0,6.0,6.0,6.0,6.0,6.0,6.0,6.0,6.0,6.0,6.0,1.0,1.0,2.7492694330800704,0.8240794856808886,0.22910578609000584,0.03613976299669936,0.6762218021868625,0.8275862068965519,0.23027469316189364,0.01694915254237288,0.0,0.01694915254237288,0.01694915254237288,0.0,OK,
freeze,full,res_energy,1.0,0.25,budget_only,count,0.1,0.15,0.1,80,55,5,55,0.6875,0.0625,0.6875,0.8275862068965522,0.22978056426332288,4.0,0.03636363636363636,0.03636363636363636,0.0,0.14545454545454545,0.10909090909090909,0.14545454545454545,0.10909090909090909,0.10909090909090909,0.09090909090909091,0.09090909090909091,1.0,6.0,6.0,6.0,6.0,6.0,6.0,6.0,6.0,6.0,6.0,2.0,2.0,2.7648902821316623,0.8351097178683391,0.23040752351097177,0.021616284308941087,-0.31994599037388366,0.8275862068965522,0.22978056426332288,0.0,0.0,0.0,0.0,0.0,OK,
freeze,full,res_energy,1.0,0.5,budget_only,count,0.1,0.15,0.1,80,55,5,55,0.6875,0.0625,0.6875,0.8275862068965522,0.22978056426332288,4.0,0.03636363636363636,0.03636363636363636,0.0,0.14545454545454545,0.10909090909090909,0.14545454545454545,0.10909090909090909,0.10909090909090909,0.09090909090909091,0.09090909090909091,1.0,6.0,6.0,6.0,6.0,6.0,6.0,6.0,6.0,6.0,6.0,2.0,2.0,2.7573667711598753,0.8275862068965522,0.22978056426332288,0.021616284308941087,-0.2525330749090404,0.8275862068965522,0.22978056426332288,0.0,0.0,0.0,0.0,0.0,OK,
freeze,full,res_energy,1.0,0.75,budget_only,count,0.1,0.15,0.1,80,55,5,55,0.6875,0.0625,0.6875,0.8275862068965522,0.22978056426332288,4.0,0.05454545454545454,0.03636363636363636,0.01818181818181818,0.16363636363636364,0.12727272727272726,0.16363636363636364,0.12727272727272726,0.10909090909090909,0.09090909090909091,0.09090909090909091,1.0,6.0,6.0,6.0,6.0,6.0,6.0,6.0,6.0,6.0,6.0,2.0,2.0,2.7498432601880882,0.8200626959247653,0.229153605015674,0.021616284308941087,-0.048671059915937544,0.8275862068965522,0.22978056426332288,0.006060606060606061,0.0,0.006060606060606061,0.006060606060606061,0.0,OK,
freeze,full,res_energy,1.0,1.0,budget_only,count,0.1,0.15,0.1,80,55,5,55,0.6875,0.0625,0.6875,0.8275862068965522,0.22978056426332288,4.0,0.07272727272727272,0.03636363636363636,0.03636363636363636,0.18181818181818182,0.12727272727272726,0.18181818181818182,0.12727272727272726,0.10909090909090909,0.09090909090909091,0.09090909090909091,1.0,6.0,6.0,6.0,6.0,6.0,6.0,6.0,6.0,6.0,6.0,2.0,2.0,2.746081504702195,0.8163009404388719,0.22884012539184953,0.021616284308941087,0.33967025203342516,0.8275862068965522,0.22978056426332288,0.01818181818181818,0.0,0.01818181818181818,0.01818181818181818,0.0,OK,
freeze,full,stale,1.0,0.25,budget_only,count,0.1,0.15,0.1,80,49,5,49,0.6125,0.0625,0.6125,0.8275862068965518,0.20619282195636876,4.0,0.4897959183673469,0.1836734693877551,0.30612244897959184,0.5918367346938775,0.32653061224489793,0.5918367346938775,0.32653061224489793,0.16326530612244897,0.04081632653061224,0.04081632653061224,1.0,6.0,6.0,6.0,6.0,6.0,6.0,3.0,6.0,6.0,6.0,2.0,3.0,2.4067558057705845,0.7938071780436313,0.20056298381421533,0.34626505461351464,0.46938775510204084,0.8275862068965518,0.20619282195636876,0.061224489795918366,0.08333333333333333,0.061224489795918366,0.061224489795918366,-0.041666666666666664,OK,
freeze,full,stale,1.0,0.5,budget_only,count,0.1,0.15,0.1,80,49,5,49,0.6125,0.0625,0.6125,0.8275862068965518,0.20619282195636876,4.0,0.8979591836734694,0.1836734693877551,0.7142857142857143,1.0,0.4489795918367347,1.0,0.4489795918367347,0.16326530612244897,0.04081632653061224,0.04081632653061224,1.0,2.0,6.0,2.0,5.200000000000003,6.0,6.0,2.0,4.0,2.0,5.200000000000003,2.0,3.0,2.174524982406756,0.6755805770584095,0.181210415200563,0.34626505461351464,1.6326530612244898,0.8275862068965518,0.20619282195636876,0.3333333333333333,0.1597222222222222,0.3333333333333333,0.3333333333333333,-0.006944444444444448,OK,
freeze,full,stale,1.0,0.75,budget_only,count,0.1,0.15,0.1,80,49,5,49,0.6125,0.0625,0.6125,0.8275862068965518,0.20619282195636876,4.0,0.8979591836734694,0.1836734693877551,0.7142857142857143,1.0,0.5510204081632653,1.0,0.5510204081632653,0.16326530612244897,0.10204081632653061,0.10204081632653061,1.0,2.0,6.0,2.0,5.200000000000003,6.0,6.0,1.0,3.0,2.0,5.200000000000003,2.0,3.0,2.106966924700915,0.6249120337790289,0.17558057705840963,0.34626505461351464,3.061224489795918,0.8275862068965518,0.20619282195636876,0.4591836734693877,0.2708333333333333,0.45918367346938777,0.45918367346938777,0.048611111111111126,OK,
freeze,full,stale,1.0,1.0,budget_only,count,0.1,0.15,0.1,80,49,5,49,0.6125,0.0625,0.6125,0.8275862068965518,0.20619282195636876,4.0,0.8979591836734694,0.1836734693877551,0.7142857142857143,1.0,0.673469387755102,1.0,0.673469387755102,0.16326530612244897,0.10204081632653061,0.10204081632653061,1.0,1.0,6.0,1.0,5.200000000000003,6.0,6.0,1.0,2.0,1.0,5.200000000000003,1.0,3.0,2.09429978888107,0.6544686840253343,0.17452498240675582,0.34626505461351464,3.663265306122449,0.8275862068965518,0.20619282195636876,0.5782312925170068,0.34027777777777773,0.5782312925170068,0.5782312925170068,0.13194444444444445,OK,
freeze,score_only,T2,1.0,0.25,budget_only,count,0.1,0.15,0.1,80,53,0,53,0.6625,0.0,0.6625,0.827586206896552,0.2713077423552375,4.0,0.018867924528301886,0.05660377358490566,-0.03773584905660378,0.09433962264150944,0.07547169811320754,0.09433962264150944,0.07547169811320754,0.07547169811320754,0.0,0.0,1.0,6.0,6.0,6.0,6.0,6.0,6.0,6.0,6.0,6.0,6.0,2.0,5.0,3.2595966167859474,0.831489915419649,0.27163305139882893,0.028613311953760764,-0.22329624030968032,0.827586206896552,0.2713077423552375,0.006289308176100628,0.0,-0.006289308176100628,0.006289308176100628,0.0,OK,
freeze,score_only,T2,1.0,0.5,budget_only,count,0.1,0.15,0.1,80,53,0,53,0.6625,0.0,0.6625,0.827586206896552,0.2713077423552375,4.0,0.018867924528301886,0.05660377358490566,-0.03773584905660378,0.09433962264150944,0.07547169811320754,0.09433962264150944,0.07547169811320754,0.07547169811320754,0.0,0.0,1.0,6.0,6.0,6.0,6.0,6.0,6.0,6.0,6.0,6.0,6.0,2.0,5.0,3.2595966167859474,0.831489915419649,0.27163305139882893,0.028613311953760764,-0.23848143842055575,0.827586206896552,0.2713077423552375,0.012578616352201257,0.0,1.047380211910525e-18,0.012578616352201257,0.0,OK,
freeze,score_only,T2,1.0,0.75,budget_only,count,0.1,0.15,0.1,80,53,0,53,0.6625,0.0,0.6625,0.827586206896552,0.2713077423552375,4.0,0.018867924528301886,0.05660377358490566,-0.03773584905660378,0.09433962264150944,0.07547169811320754,0.09433962264150944,0.07547169811320754,0.07547169811320754,0.0,0.0,1.0,6.0,6.0,6.0,6.0,6.0,6.0,6.0,6.0,6.0,6.0,2.0,5.0,3.2517891997397537,0.831489915419649,0.2709824333116461,0.028613311953760764,-0.12249392720117755,0.827586206896552,0.2713077423552375,0.015723270440251572,0.0,0.0031446540880503155,0.015723270440251572,0.0,OK,
freeze,score_only,T2,1.0,1.0,budget_only,count,0.1,0.15,0.1,80,53,0,53,0.6625,0.0,0.6625,0.827586206896552,0.2713077423552375,4.0,0.018867924528301886,0.05660377358490566,-0.03773584905660378,0.09433962264150944,0.07547169811320754,0.09433962264150944,0.07547169811320754,0.07547169811320754,0.0,0.0,1.0,6.0,6.0,6.0,6.0,6.0,6.0,6.0,6.0,6.0,6.0,2.0,5.0,3.2517891997397537,0.831489915419649,0.2709824333116461,0.028613311953760764,0.12799324039893417,0.827586206896552,0.2713077423552375,0.031446540880503145,0.0,0.012578616352201257,0.031446540880503145,0.0,OK,
freeze,score_only,coh_resid_energy,1.0,0.25,budget_only,count,0.1,0.15,0.1,80,80,8,80,1.0,0.1,1.0,0.949137931034483,0.20237068965517238,4.5875,0.425,0.425,0.0,0.5,0.3,0.5,0.3,0.0875,0.1,0.1,1.0,6.0,6.0,6.0,6.0,6.0,6.0,5.5,6.0,6.0,6.0,1.5,1.5,2.3974137931034485,0.9439655172413793,0.19978448275862065,0.031416347690722234,0.22494902380467421,0.949137931034483,0.20237068965517238,0.03125,0.0,0.006250000000000001,0.02291666666666667,0.0,OK,
freeze,score_only,coh_resid_energy,1.0,0.5,budget_only,count,0.1,0.15,0.1,80,80,8,80,1.0,0.1,1.0,0.949137931034483,0.20237068965517238,4.5875,0.4875,0.425,0.0625,0.5625,0.325,0.5625,0.325,0.0875,0.1,0.1,1.0,6.0,6.0,6.0,6.0,6.0,6.0,3.5,6.0,6.0,6.0,2.0,1.5,2.262931034482759,0.8689655172413794,0.18857758620689655,0.031416347690722234,0.5856930361629965,0.949137931034483,0.20237068965517238,0.09166666666666666,0.008438818565400843,0.05,0.0625,-0.008438818565400843,OK,
freeze,score_only,coh_resid_energy,1.0,0.75,budget_only,count,0.1,0.15,0.1,80,80,8,80,1.0,0.1,1.0,0.949137931034483,0.20237068965517238,4.5875,0.5875,0.425,0.16250000000000003,0.6875,0.35,0.6875,0.35,0.1125,0.1,0.1,1.0,5.0,6.0,5.0,6.0,6.0,6.0,3.0,6.0,5.0,6.0,2.0,1.5,2.167241379310345,0.7887931034482759,0.18060344827586208,0.031416347690722234,1.289978536846768,0.949137931034483,0.20237068965517238,0.14583333333333331,0.050632911392405056,0.11666666666666665,0.11666666666666665,-0.050632911392405056,OK,
freeze,score_only,coh_resid_energy,1.0,1.0,budget_only,count,0.1,0.15,0.1,80,80,8,80,1.0,0.1,1.0,0.949137931034483,0.20237068965517238,4.5875,0.625,0.425,0.2,0.725,0.375,0.725,0.375,0.1125,0.1,0.1,1.0,3.0,6.0,3.0,6.0,6.0,6.0,3.0,6.0,3.0,6.0,2.0,1.5,2.131034482758621,0.7732758620689655,0.17758620689655175,0.031416347690722234,2.3398188291667363,0.949137931034483,0.20237068965517238,0.19791666666666666,0.0590717299578059,0.17708333333333334,0.17708333333333334,-0.0590717299578059,OK,
freeze,score_only,coh_resid_t2,1.0,0.25,budget_only,count,0.1,0.15,0.1,80,80,4,80,1.0,0.05,1.0,0.9543103448275861,0.23728448275862074,4.6125,0.5375,0.3875,0.14999999999999997,0.65,0.325,0.65,0.325,0.1875,0.05,0.05,1.0,5.0,6.0,5.0,6.0,6.0,6.0,3.5,6.0,5.0,6.0,3.0,2.0,2.7672413793103443,0.9181034482758621,0.23060344827586204,0.034275449545971844,1.4602951857715145,0.9543103448275861,0.23728448275862074,0.08125,0.02531645569620253,0.08125,0.08125,0.008438818565400843,OK,
freeze,score_only,coh_resid_t2,1.0,0.5,budget_only,count,0.1,0.15,0.1,80,80,4,80,1.0,0.05,1.0,0.9543103448275861,0.23728448275862074,4.6125,0.6875,0.3875,0.3,0.825,0.5375,0.825,0.5375,0.1875,0.05,0.05,1.0,3.5,6.0,3.5,6.0,6.0,6.0,1.0,6.0,3.5,6.0,1.0,2.0,2.705172413793103,0.8793103448275861,0.22543103448275864,0.034275449545971844,5.684458185259572,0.9543103448275861,0.23728448275862074,0.2145833333333333,0.0379746835443038,0.20625,0.20625,-0.0379746835443038,OK,
freeze,score_only,coh_resid_t2,1.0,0.75,budget_only,count,0.1,0.15,0.1,80,80,4,80,1.0,0.05,1.0,0.9543103448275861,0.23728448275862074,4.6125,0.8625,0.3875,0.47500000000000003,1.0,0.7125,1.0,0.7125,0.1875,0.05,0.05,1.0,1.0,6.0,1.0,6.0,6.0,6.0,0.0,3.0,1.0,6.0,1.0,2.0,2.6612068965517244,0.8353448275862068,0.2217672413793103,0.034275449545971844,12.863358447481328,0.9543103448275861,0.23728448275862074,0.4270833333333333,0.04641350210970464,0.41875,0.41875,-0.04641350210970464,OK,
freeze,score_only,coh_resid_t2,1.0,1.0,budget_only,count,0.1,0.15,0.1,80,80,4,80,1.0,0.05,1.0,0.9543103448275861,0.23728448275862074,4.6125,0.8625,0.3875,0.47500000000000003,1.0,0.825,1.0,0.825,0.1875,0.05,0.05,1.0,1.0,6.0,1.0,6.0,6.0,6.0,0.0,2.0,1.0,6.0,0.0,2.0,2.632758620689655,0.8068965517241379,0.2193965517241379,0.034275449545971844,22.924072836354767,0.9543103448275861,0.23728448275862074,0.4979166666666666,0.050632911392405056,0.4895833333333333,0.4895833333333333,-0.050632911392405056,OK,
freeze,score_only,cusum_coh_resid_t2,1.0,0.25,budget_only,count,0.1,0.15,0.1,80,38,0,38,0.475,0.0,0.475,1.0508166969147006,0.2254990925589837,5.078947368421052,0.47368421052631576,0.47368421052631576,0.0,0.5789473684210527,0.3684210526315789,0.5789473684210527,0.3684210526315789,0.13157894736842105,0.0,0.0,1.0,6.0,6.0,6.0,6.0,6.0,6.0,2.0,6.0,6.0,6.0,1.5,2.0,2.7114337568058073,1.061705989110708,0.22595281306715065,NA,0.44718228895821366,1.0508166969147006,0.2254990925589837,0.14473684210526316,0.02702702702702703,0.05701754385964912,0.10087719298245613,0.009009009009009009,OK,
freeze,score_only,cusum_coh_resid_t2,1.0,0.5,budget_only,count,0.1,0.15,0.1,80,38,0,38,0.475,0.0,0.475,1.0508166969147006,0.2254990925589837,5.078947368421052,0.9210526315789473,0.47368421052631576,0.4473684210526316,1.0,0.5263157894736842,1.0,0.5263157894736842,0.13157894736842105,0.0,0.0,1.0,2.0,6.0,2.0,5.0,6.0,6.0,1.0,4.0,2.0,5.0,2.0,2.0,2.667876588021778,1.0508166969147006,0.2223230490018149,NA,2.589977022233507,1.0508166969147006,0.2254990925589837,0.4605263157894737,0.10810810810810811,0.3640350877192982,0.425438596491228,-0.07207207207207209,OK,
freeze,score_only,cusum_coh_resid_t2,1.0,0.75,budget_only,count,0.1,0.15,0.1,80,38,0,38,0.475,0.0,0.475,1.0508166969147006,0.2254990925589837,5.078947368421052,0.9210526315789473,0.47368421052631576,0.4473684210526316,1.0,0.7631578947368421,1.0,0.7631578947368421,0.13157894736842105,0.0,0.0,1.0,1.0,6.0,1.0,4.300000000000004,6.0,6.0,0.0,2.0,1.0,4.300000000000004,1.0,2.0,2.667876588021778,1.0508166969147006,0.2223230490018149,NA,6.253162161682327,1.0508166969147006,0.2254990925589837,0.605263157894737,0.13513513513513514,0.5877192982456141,0.5877192982456141,-0.09909909909909911,OK,
freeze,score_only,cusum_coh_resid_t2,1.0,1.0,budget_only,count,0.1,0.15,0.1,80,38,0,38,0.475,0.0,0.475,1.0508166969147006,0.2254990925589837,5.078947368421052,0.9210526315789473,0.47368421052631576,0.4473684210526316,1.0,0.8157894736842105,1.0,0.8157894736842105,0.13157894736842105,0.0,0.0,1.0,1.0,6.0,1.0,4.300000000000004,6.0,6.0,0.0,2.0,1.0,4.300000000000004,0.0,2.0,2.667876588021778,1.0508166969147006,0.2223230490018149,NA,11.423506050935046,1.0508166969147006,0.2254990925589837,0.6535087719298245,0.13513513513513514,0.6447368421052632,0.6447368421052632,-0.09909909909909911,OK,
freeze,score_only,cusum_factor_cov_lrt,1.0,0.25,budget_only,count,0.1,0.15,0.1,80,77,0,77,0.9625,0.0,0.9625,1.1500223914017016,0.4171518137035378,5.558441558441558,0.5324675324675324,0.5194805194805194,0.012987012987012991,0.9090909090909091,0.6103896103896104,0.9090909090909091,0.6103896103896104,0.4155844155844156,0.0,0.0,1.0,5.0,5.0,5.0,6.0,5.0,6.0,0.0,5.0,5.0,6.0,2.0,2.0,5.083743842364532,1.1580832960143304,0.4236453201970443,NA,0.12653929354063048,1.1500223914017016,0.4171518137035378,0.08441558441558443,0.13157894736842105,-0.07575757575757576,0.07575757575757576,0.07894736842105261,OK,
freeze,score_only,cusum_factor_cov_lrt,1.0,0.5,budget_only,count,0.1,0.15,0.1,80,77,0,77,0.9625,0.0,0.9625,1.1500223914017016,0.4171518137035378,5.558441558441558,0.5064935064935064,0.5194805194805194,-0.012987012987012991,0.8441558441558441,0.5974025974025974,0.8441558441558441,0.5974025974025974,0.4155844155844156,0.0,0.0,1.0,5.0,5.0,5.0,6.0,5.0,6.0,1.0,6.0,5.0,6.0,3.0,2.0,5.150918047469771,1.1715181370353782,0.429243170622481,NA,0.06192495348365584,1.1500223914017016,0.4171518137035378,0.14935064935064934,0.2763157894736842,-0.10606060606060605,0.1406926406926407,0.14473684210526316,OK,
freeze,score_only,cusum_factor_cov_lrt,1.0,0.75,budget_only,count,0.1,0.15,0.1,80,77,0,77,0.9625,0.0,0.9625,1.1500223914017016,0.4171518137035378,5.558441558441558,0.6233766233766234,0.5194805194805194,0.10389610389610393,1.0,0.7012987012987013,1.0,0.7012987012987013,0.45454545454545453,0.0,0.0,1.0,2.0,5.0,2.0,6.0,5.0,6.0,0.0,2.0,2.0,6.0,2.0,2.0,5.148231079265562,1.1957008508732645,0.42901925660546353,NA,0.20377071222811124,1.1500223914017016,0.4171518137035378,0.25541125541125537,0.36403508771929827,0.18614718614718614,0.2510822510822511,0.14473684210526316,OK,
freeze,score_only,cusum_factor_cov_lrt,1.0,1.0,budget_only,count,0.1,0.15,0.1,80,77,0,77,0.9625,0.0,0.9625,1.1500223914017016,0.4171518137035378,5.558441558441558,0.5974025974025974,0.5194805194805194,0.07792207792207795,1.0,0.8831168831168831,1.0,0.8831168831168831,0.4805194805194805,0.0,0.0,1.0,2.0,5.0,2.0,6.0,5.0,6.0,0.0,2.0,2.0,6.0,1.0,2.0,5.1697268248992385,1.1742051052395879,0.4308105687416033,NA,3.099486449450276,1.1500223914017016,0.4171518137035378,0.30519480519480513,0.4342105263157894,0.30086580086580084,0.30086580086580084,-0.004385964912280705,OK,
freeze,score_only,ewma_coh_resid_t2,1.0,0.25,budget_only,count,0.1,0.15,0.1,80,80,0,80,1.0,0.0,1.0,0.9568965517241379,0.3010775862068965,4.625,0.4875,0.4125,0.07500000000000001,0.6,0.3125,0.6,0.3125,0.1625,0.0,0.0,1.0,6.0,6.0,6.0,6.0,6.0,6.0,4.0,6.0,6.0,6.0,3.0,2.0,3.4396551724137936,0.9025862068965516,0.28663793103448276,0.03503383757469369,0.7823680762510171,0.9568965517241379,0.3010775862068965,0.08124999999999999,0.02953586497890295,0.03958333333333334,0.06458333333333334,0.02953586497890295,OK,
freeze,score_only,ewma_coh_resid_t2,1.0,0.5,budget_only,count,0.1,0.15,0.1,80,80,0,80,1.0,0.0,1.0,0.9568965517241379,0.3010775862068965,4.625,0.725,0.4125,0.3125,0.825,0.3625,0.825,0.3625,0.1625,0.0,0.0,1.0,4.0,6.0,4.0,6.0,6.0,6.0,2.0,6.0,4.0,6.0,2.5,2.0,3.3672413793103444,0.8405172413793103,0.28060344827586203,0.03503383757469369,1.8457767933147387,0.9568965517241379,0.3010775862068965,0.2104166666666667,0.0970464135021097,0.2104166666666667,0.2104166666666667,0.08860759493670886,OK,
freeze,score_only,ewma_coh_resid_t2,1.0,0.75,budget_only,count,0.1,0.15,0.1,80,80,0,80,1.0,0.0,1.0,0.9568965517241379,0.3010775862068965,4.625,0.8875,0.4125,0.475,1.0,0.5875,1.0,0.5875,0.2125,0.0,0.0,1.0,2.0,6.0,2.0,6.0,6.0,6.0,1.0,3.0,2.0,6.0,2.0,2.0,3.2974137931034484,0.7939655172413793,0.27478448275862066,0.03503383757469369,3.1137298652339984,0.9568965517241379,0.3010775862068965,0.3604166666666667,0.11392405063291139,0.3604166666666667,0.3604166666666667,0.07172995780590717,OK,
freeze,score_only,ewma_coh_resid_t2,1.0,1.0,budget_only,count,0.1,0.15,0.1,80,80,0,80,1.0,0.0,1.0,0.9568965517241379,0.3010775862068965,4.625,0.8875,0.4125,0.475,1.0,0.725,1.0,0.725,0.2125,0.0,0.0,1.0,1.0,6.0,1.0,6.0,6.0,6.0,1.0,2.0,1.0,6.0,1.0,2.0,3.276724137931035,0.778448275862069,0.2730603448275862,0.03503383757469369,4.696122179820209,0.9568965517241379,0.3010775862068965,0.4375,0.11392405063291139,0.4375,0.4375,0.07172995780590717,OK,
freeze,score_only,ewma_factor_cov_lrt,INFEASIBLE,0.25,budget_only,count,INFEASIBLE,INFEASIBLE,INFEASIBLE,INFEASIBLE,INFEASIBLE,INFEASIBLE,INFEASIBLE,INFEASIBLE,INFEASIBLE,INFEASIBLE,INFEASIBLE,INFEASIBLE,INFEASIBLE,INFEASIBLE,INFEASIBLE,INFEASIBLE,INFEASIBLE,INFEASIBLE,INFEASIBLE,INFEASIBLE,INFEASIBLE,INFEASIBLE,INFEASIBLE,,INFEASIBLE,INFEASIBLE,INFEASIBLE,INFEASIBLE,INFEASIBLE,INFEASIBLE,INFEASIBLE,INFEASIBLE,INFEASIBLE,INFEASIBLE,INFEASIBLE,INFEASIBLE,INFEASIBLE,INFEASIBLE,INFEASIBLE,INFEASIBLE,INFEASIBLE,INFEASIBLE,INFEASIBLE,INFEASIBLE,INFEASIBLE,INFEASIBLE,INFEASIBLE,INFEASIBLE,INFEASIBLE,no_trials_in_band
freeze,score_only,ewma_factor_cov_lrt,INFEASIBLE,0.5,budget_only,count,INFEASIBLE,INFEASIBLE,INFEASIBLE,INFEASIBLE,INFEASIBLE,INFEASIBLE,INFEASIBLE,INFEASIBLE,INFEASIBLE,INFEASIBLE,INFEASIBLE,INFEASIBLE,INFEASIBLE,INFEASIBLE,INFEASIBLE,INFEASIBLE,INFEASIBLE,INFEASIBLE,INFEASIBLE,INFEASIBLE,INFEASIBLE,INFEASIBLE,INFEASIBLE,,INFEASIBLE,INFEASIBLE,INFEASIBLE,INFEASIBLE,INFEASIBLE,INFEASIBLE,INFEASIBLE,INFEASIBLE,INFEASIBLE,INFEASIBLE,INFEASIBLE,INFEASIBLE,INFEASIBLE,INFEASIBLE,INFEASIBLE,INFEASIBLE,INFEASIBLE,INFEASIBLE,INFEASIBLE,INFEASIBLE,INFEASIBLE,INFEASIBLE,INFEASIBLE,INFEASIBLE,INFEASIBLE,no_trials_in_band
freeze,score_only,ewma_factor_cov_lrt,INFEASIBLE,0.75,budget_only,count,INFEASIBLE,INFEASIBLE,INFEASIBLE,INFEASIBLE,INFEASIBLE,INFEASIBLE,INFEASIBLE,INFEASIBLE,INFEASIBLE,INFEASIBLE,INFEASIBLE,INFEASIBLE,INFEASIBLE,INFEASIBLE,INFEASIBLE,INFEASIBLE,INFEASIBLE,INFEASIBLE,INFEASIBLE,INFEASIBLE,INFEASIBLE,INFEASIBLE,INFEASIBLE,,INFEASIBLE,INFEASIBLE,INFEASIBLE,INFEASIBLE,INFEASIBLE,INFEASIBLE,INFEASIBLE,INFEASIBLE,INFEASIBLE,INFEASIBLE,INFEASIBLE,INFEASIBLE,INFEASIBLE,INFEASIBLE,INFEASIBLE,INFEASIBLE,INFEASIBLE,INFEASIBLE,INFEASIBLE,INFEASIBLE,INFEASIBLE,INFEASIBLE,INFEASIBLE,INFEASIBLE,INFEASIBLE,no_trials_in_band
freeze,score_only,ewma_factor_cov_lrt,INFEASIBLE,1.0,budget_only,count,INFEASIBLE,INFEASIBLE,INFEASIBLE,INFEASIBLE,INFEASIBLE,INFEASIBLE,INFEASIBLE,INFEASIBLE,INFEASIBLE,INFEASIBLE,INFEASIBLE,INFEASIBLE,INFEASIBLE,INFEASIBLE,INFEASIBLE,INFEASIBLE,INFEASIBLE,INFEASIBLE,INFEASIBLE,INFEASIBLE,INFEASIBLE,INFEASIBLE,INFEASIBLE,,INFEASIBLE,INFEASIBLE,INFEASIBLE,INFEASIBLE,INFEASIBLE,INFEASIBLE,INFEASIBLE,INFEASIBLE,INFEASIBLE,INFEASIBLE,INFEASIBLE,INFEASIBLE,INFEASIBLE,INFEASIBLE,INFEASIBLE,INFEASIBLE,INFEASIBLE,INFEASIBLE,INFEASIBLE,INFEASIBLE,INFEASIBLE,INFEASIBLE,INFEASIBLE,INFEASIBLE,INFEASIBLE,no_trials_in_band
freeze,score_only,factor_cov_change,INFEASIBLE,0.25,budget_only,count,INFEASIBLE,INFEASIBLE,INFEASIBLE,INFEASIBLE,INFEASIBLE,INFEASIBLE,INFEASIBLE,INFEASIBLE,INFEASIBLE,INFEASIBLE,INFEASIBLE,INFEASIBLE,INFEASIBLE,INFEASIBLE,INFEASIBLE,INFEASIBLE,INFEASIBLE,INFEASIBLE,INFEASIBLE,INFEASIBLE,INFEASIBLE,INFEASIBLE,INFEASIBLE,,INFEASIBLE,INFEASIBLE,INFEASIBLE,INFEASIBLE,INFEASIBLE,INFEASIBLE,INFEASIBLE,INFEASIBLE,INFEASIBLE,INFEASIBLE,INFEASIBLE,INFEASIBLE,INFEASIBLE,INFEASIBLE,INFEASIBLE,INFEASIBLE,INFEASIBLE,INFEASIBLE,INFEASIBLE,INFEASIBLE,INFEASIBLE,INFEASIBLE,INFEASIBLE,INFEASIBLE,INFEASIBLE,no_trials_in_band
freeze,score_only,factor_cov_change,INFEASIBLE,0.5,budget_only,count,INFEASIBLE,INFEASIBLE,INFEASIBLE,INFEASIBLE,INFEASIBLE,INFEASIBLE,INFEASIBLE,INFEASIBLE,INFEASIBLE,INFEASIBLE,INFEASIBLE,INFEASIBLE,INFEASIBLE,INFEASIBLE,INFEASIBLE,INFEASIBLE,INFEASIBLE,INFEASIBLE,INFEASIBLE,INFEASIBLE,INFEASIBLE,INFEASIBLE,INFEASIBLE,,INFEASIBLE,INFEASIBLE,INFEASIBLE,INFEASIBLE,INFEASIBLE,INFEASIBLE,INFEASIBLE,INFEASIBLE,INFEASIBLE,INFEASIBLE,INFEASIBLE,INFEASIBLE,INFEASIBLE,INFEASIBLE,INFEASIBLE,INFEASIBLE,INFEASIBLE,INFEASIBLE,INFEASIBLE,INFEASIBLE,INFEASIBLE,INFEASIBLE,INFEASIBLE,INFEASIBLE,INFEASIBLE,no_trials_in_band
freeze,score_only,factor_cov_change,INFEASIBLE,0.75,budget_only,count,INFEASIBLE,INFEASIBLE,INFEASIBLE,INFEASIBLE,INFEASIBLE,INFEASIBLE,INFEASIBLE,INFEASIBLE,INFEASIBLE,INFEASIBLE,INFEASIBLE,INFEASIBLE,INFEASIBLE,INFEASIBLE,INFEASIBLE,INFEASIBLE,INFEASIBLE,INFEASIBLE,INFEASIBLE,INFEASIBLE,INFEASIBLE,INFEASIBLE,INFEASIBLE,,INFEASIBLE,INFEASIBLE,INFEASIBLE,INFEASIBLE,INFEASIBLE,INFEASIBLE,INFEASIBLE,INFEASIBLE,INFEASIBLE,INFEASIBLE,INFEASIBLE,INFEASIBLE,INFEASIBLE,INFEASIBLE,INFEASIBLE,INFEASIBLE,INFEASIBLE,INFEASIBLE,INFEASIBLE,INFEASIBLE,INFEASIBLE,INFEASIBLE,INFEASIBLE,INFEASIBLE,INFEASIBLE,no_trials_in_band
freeze,score_only,factor_cov_change,INFEASIBLE,1.0,budget_only,count,INFEASIBLE,INFEASIBLE,INFEASIBLE,INFEASIBLE,INFEASIBLE,INFEASIBLE,INFEASIBLE,INFEASIBLE,INFEASIBLE,INFEASIBLE,INFEASIBLE,INFEASIBLE,INFEASIBLE,INFEASIBLE,INFEASIBLE,INFEASIBLE,INFEASIBLE,INFEASIBLE,INFEASIBLE,INFEASIBLE,INFEASIBLE,INFEASIBLE,INFEASIBLE,,INFEASIBLE,INFEASIBLE,INFEASIBLE,INFEASIBLE,INFEASIBLE,INFEASIBLE,INFEASIBLE,INFEASIBLE,INFEASIBLE,INFEASIBLE,INFEASIBLE,INFEASIBLE,INFEASIBLE,INFEASIBLE,INFEASIBLE,INFEASIBLE,INFEASIBLE,INFEASIBLE,INFEASIBLE,INFEASIBLE,INFEASIBLE,INFEASIBLE,INFEASIBLE,INFEASIBLE,INFEASIBLE,no_trials_in_band
freeze,score_only,factor_cov_delta,INFEASIBLE,0.25,budget_only,count,INFEASIBLE,INFEASIBLE,INFEASIBLE,INFEASIBLE,INFEASIBLE,INFEASIBLE,INFEASIBLE,INFEASIBLE,INFEASIBLE,INFEASIBLE,INFEASIBLE,INFEASIBLE,INFEASIBLE,INFEASIBLE,INFEASIBLE,INFEASIBLE,INFEASIBLE,INFEASIBLE,INFEASIBLE,INFEASIBLE,INFEASIBLE,INFEASIBLE,INFEASIBLE,,INFEASIBLE,INFEASIBLE,INFEASIBLE,INFEASIBLE,INFEASIBLE,INFEASIBLE,INFEASIBLE,INFEASIBLE,INFEASIBLE,INFEASIBLE,INFEASIBLE,INFEASIBLE,INFEASIBLE,INFEASIBLE,INFEASIBLE,INFEASIBLE,INFEASIBLE,INFEASIBLE,INFEASIBLE,INFEASIBLE,INFEASIBLE,INFEASIBLE,INFEASIBLE,INFEASIBLE,INFEASIBLE,no_trials_in_band
freeze,score_only,factor_cov_delta,INFEASIBLE,0.5,budget_only,count,INFEASIBLE,INFEASIBLE,INFEASIBLE,INFEASIBLE,INFEASIBLE,INFEASIBLE,INFEASIBLE,INFEASIBLE,INFEASIBLE,INFEASIBLE,INFEASIBLE,INFEASIBLE,INFEASIBLE,INFEASIBLE,INFEASIBLE,INFEASIBLE,INFEASIBLE,INFEASIBLE,INFEASIBLE,INFEASIBLE,INFEASIBLE,INFEASIBLE,INFEASIBLE,,INFEASIBLE,INFEASIBLE,INFEASIBLE,INFEASIBLE,INFEASIBLE,INFEASIBLE,INFEASIBLE,INFEASIBLE,INFEASIBLE,INFEASIBLE,INFEASIBLE,INFEASIBLE,INFEASIBLE,INFEASIBLE,INFEASIBLE,INFEASIBLE,INFEASIBLE,INFEASIBLE,INFEASIBLE,INFEASIBLE,INFEASIBLE,INFEASIBLE,INFEASIBLE,INFEASIBLE,INFEASIBLE,no_trials_in_band
freeze,score_only,factor_cov_delta,INFEASIBLE,0.75,budget_only,count,INFEASIBLE,INFEASIBLE,INFEASIBLE,INFEASIBLE,INFEASIBLE,INFEASIBLE,INFEASIBLE,INFEASIBLE,INFEASIBLE,INFEASIBLE,INFEASIBLE,INFEASIBLE,INFEASIBLE,INFEASIBLE,INFEASIBLE,INFEASIBLE,INFEASIBLE,INFEASIBLE,INFEASIBLE,INFEASIBLE,INFEASIBLE,INFEASIBLE,INFEASIBLE,,INFEASIBLE,INFEASIBLE,INFEASIBLE,INFEASIBLE,INFEASIBLE,INFEASIBLE,INFEASIBLE,INFEASIBLE,INFEASIBLE,INFEASIBLE,INFEASIBLE,INFEASIBLE,INFEASIBLE,INFEASIBLE,INFEASIBLE,INFEASIBLE,INFEASIBLE,INFEASIBLE,INFEASIBLE,INFEASIBLE,INFEASIBLE,INFEASIBLE,INFEASIBLE,INFEASIBLE,INFEASIBLE,no_trials_in_band
freeze,score_only,factor_cov_delta,INFEASIBLE,1.0,budget_only,count,INFEASIBLE,INFEASIBLE,INFEASIBLE,INFEASIBLE,INFEASIBLE,INFEASIBLE,INFEASIBLE,INFEASIBLE,INFEASIBLE,INFEASIBLE,INFEASIBLE,INFEASIBLE,INFEASIBLE,INFEASIBLE,INFEASIBLE,INFEASIBLE,INFEASIBLE,INFEASIBLE,INFEASIBLE,INFEASIBLE,INFEASIBLE,INFEASIBLE,INFEASIBLE,,INFEASIBLE,INFEASIBLE,INFEASIBLE,INFEASIBLE,INFEASIBLE,INFEASIBLE,INFEASIBLE,INFEASIBLE,INFEASIBLE,INFEASIBLE,INFEASIBLE,INFEASIBLE,INFEASIBLE,INFEASIBLE,INFEASIBLE,INFEASIBLE,INFEASIBLE,INFEASIBLE,INFEASIBLE,INFEASIBLE,INFEASIBLE,INFEASIBLE,INFEASIBLE,INFEASIBLE,INFEASIBLE,no_trials_in_band
freeze,score_only,factor_cov_lrt,INFEASIBLE,0.25,budget_only,count,INFEASIBLE,INFEASIBLE,INFEASIBLE,INFEASIBLE,INFEASIBLE,INFEASIBLE,INFEASIBLE,INFEASIBLE,INFEASIBLE,INFEASIBLE,INFEASIBLE,INFEASIBLE,INFEASIBLE,INFEASIBLE,INFEASIBLE,INFEASIBLE,INFEASIBLE,INFEASIBLE,INFEASIBLE,INFEASIBLE,INFEASIBLE,INFEASIBLE,INFEASIBLE,,INFEASIBLE,INFEASIBLE,INFEASIBLE,INFEASIBLE,INFEASIBLE,INFEASIBLE,INFEASIBLE,INFEASIBLE,INFEASIBLE,INFEASIBLE,INFEASIBLE,INFEASIBLE,INFEASIBLE,INFEASIBLE,INFEASIBLE,INFEASIBLE,INFEASIBLE,INFEASIBLE,INFEASIBLE,INFEASIBLE,INFEASIBLE,INFEASIBLE,INFEASIBLE,INFEASIBLE,INFEASIBLE,no_trials_in_band
freeze,score_only,factor_cov_lrt,INFEASIBLE,0.5,budget_only,count,INFEASIBLE,INFEASIBLE,INFEASIBLE,INFEASIBLE,INFEASIBLE,INFEASIBLE,INFEASIBLE,INFEASIBLE,INFEASIBLE,INFEASIBLE,INFEASIBLE,INFEASIBLE,INFEASIBLE,INFEASIBLE,INFEASIBLE,INFEASIBLE,INFEASIBLE,INFEASIBLE,INFEASIBLE,INFEASIBLE,INFEASIBLE,INFEASIBLE,INFEASIBLE,,INFEASIBLE,INFEASIBLE,INFEASIBLE,INFEASIBLE,INFEASIBLE,INFEASIBLE,INFEASIBLE,INFEASIBLE,INFEASIBLE,INFEASIBLE,INFEASIBLE,INFEASIBLE,INFEASIBLE,INFEASIBLE,INFEASIBLE,INFEASIBLE,INFEASIBLE,INFEASIBLE,INFEASIBLE,INFEASIBLE,INFEASIBLE,INFEASIBLE,INFEASIBLE,INFEASIBLE,INFEASIBLE,no_trials_in_band
freeze,score_only,factor_cov_lrt,INFEASIBLE,0.75,budget_only,count,INFEASIBLE,INFEASIBLE,INFEASIBLE,INFEASIBLE,INFEASIBLE,INFEASIBLE,INFEASIBLE,INFEASIBLE,INFEASIBLE,INFEASIBLE,INFEASIBLE,INFEASIBLE,INFEASIBLE,INFEASIBLE,INFEASIBLE,INFEASIBLE,INFEASIBLE,INFEASIBLE,INFEASIBLE,INFEASIBLE,INFEASIBLE,INFEASIBLE,INFEASIBLE,,INFEASIBLE,INFEASIBLE,INFEASIBLE,INFEASIBLE,INFEASIBLE,INFEASIBLE,INFEASIBLE,INFEASIBLE,INFEASIBLE,INFEASIBLE,INFEASIBLE,INFEASIBLE,INFEASIBLE,INFEASIBLE,INFEASIBLE,INFEASIBLE,INFEASIBLE,INFEASIBLE,INFEASIBLE,INFEASIBLE,INFEASIBLE,INFEASIBLE,INFEASIBLE,INFEASIBLE,INFEASIBLE,no_trials_in_band
freeze,score_only,factor_cov_lrt,INFEASIBLE,1.0,budget_only,count,INFEASIBLE,INFEASIBLE,INFEASIBLE,INFEASIBLE,INFEASIBLE,INFEASIBLE,INFEASIBLE,INFEASIBLE,INFEASIBLE,INFEASIBLE,INFEASIBLE,INFEASIBLE,INFEASIBLE,INFEASIBLE,INFEASIBLE,INFEASIBLE,INFEASIBLE,INFEASIBLE,INFEASIBLE,INFEASIBLE,INFEASIBLE,INFEASIBLE,INFEASIBLE,,INFEASIBLE,INFEASIBLE,INFEASIBLE,INFEASIBLE,INFEASIBLE,INFEASIBLE,INFEASIBLE,INFEASIBLE,INFEASIBLE,INFEASIBLE,INFEASIBLE,INFEASIBLE,INFEASIBLE,INFEASIBLE,INFEASIBLE,INFEASIBLE,INFEASIBLE,INFEASIBLE,INFEASIBLE,INFEASIBLE,INFEASIBLE,INFEASIBLE,INFEASIBLE,INFEASIBLE,INFEASIBLE,no_trials_in_band
freeze,score_only,factor_cov_lrt_delta,1.0,0.25,budget_only,count,0.1,0.15,0.1,80,80,18,80,1.0,0.225,1.0,1.1301724137931035,0.17262931034482762,5.4625,0.3375,0.4625,-0.125,0.3875,0.1625,0.3875,0.1625,0.05,0.0625,0.0625,1.0,6.0,6.0,6.0,6.0,6.0,6.0,6.0,6.0,6.0,6.0,2.0,2.0,2.094827586206897,1.1224137931034484,0.1745689655172414,0.09529438665331338,-0.2804413242016092,1.1301724137931035,0.17262931034482762,0.075,0.0379746835443038,-0.075,0.075,-0.012658227848101266,OK,
freeze,score_only,factor_cov_lrt_delta,1.0,0.5,budget_only,count,0.1,0.15,0.1,80,80,18,80,1.0,0.225,1.0,1.1301724137931035,0.17262931034482762,5.4625,0.125,0.4625,-0.3375,0.15,0.075,0.15,0.075,0.025,0.05,0.05,1.0,6.0,6.0,6.0,6.0,6.0,6.0,6.0,6.0,6.0,6.0,2.0,2.0,2.169827586206897,1.1224137931034484,0.18081896551724141,0.09529438665331338,-0.562384087033662,1.1301724137931035,0.17262931034482762,0.13541666666666669,0.0759493670886076,-0.13541666666666669,0.13541666666666669,0.02531645569620253,OK,
freeze,score_only,factor_cov_lrt_delta,1.0,0.75,budget_only,count,0.1,0.15,0.1,80,80,18,80,1.0,0.225,1.0,1.1301724137931035,0.17262931034482762,5.4625,0.025,0.4625,-0.4375,0.025,0.0,0.025,0.0,0.0,0.0,0.0,1.0,6.0,6.0,6.0,6.0,6.0,6.0,6.0,6.0,6.0,6.0,4.0,2.0,2.195689655172414,1.1379310344827587,0.1829741379310345,0.09529438665331338,-0.7285607331956897,1.1301724137931035,0.17262931034482762,0.16041666666666665,0.12658227848101267,-0.16041666666666665,0.16041666666666665,0.0759493670886076,OK,
freeze,score_only,factor_cov_lrt_delta,1.0,1.0,budget_only,count,0.1,0.15,0.1,80,80,18,80,1.0,0.225,1.0,1.1301724137931035,0.17262931034482762,5.4625,0.0,0.4625,-0.4625,0.0,0.0,0.0,0.0,0.0,0.0,0.0,1.0,6.0,6.0,6.0,6.0,6.0,6.0,6.0,6.0,6.0,6.0,NA,2.0,2.3586206896551722,1.2336206896551727,0.19655172413793104,0.09529438665331338,-0.7363686125402487,1.1301724137931035,0.17262931034482762,0.1645833333333333,0.46624472573839654,-0.1645833333333333,0.1645833333333333,0.46624472573839654,OK,
freeze,score_only,fused_fisher,1.0,0.25,budget_only,count,0.1,0.15,0.1,80,41,4,41,0.5125,0.05,0.5125,1.2262405382674517,0.19217830109335576,5.926829268292683,0.5609756097560976,1.0,-0.4390243902439024,0.6097560975609756,0.43902439024390244,0.6097560975609756,0.43902439024390244,0.1951219512195122,0.0,0.0,1.0,5.0,2.0,5.0,6.0,2.0,5.0,2.0,6.0,5.0,6.0,2.0,2.0,2.3666947014297732,1.1606391925988224,0.19722455845248107,0.026063819483318484,0.08843314345882358,1.2262405382674517,0.19217830109335576,0.14634146341463414,0.05691056910569105,-0.01626016260162601,0.13008130081300814,-0.024390243902439025,OK,
freeze,score_only,fused_fisher,1.0,0.5,budget_only,count,0.1,0.15,0.1,80,41,4,41,0.5125,0.05,0.5125,1.2262405382674517,0.19217830109335576,5.926829268292683,0.6097560975609756,1.0,-0.3902439024390244,0.7073170731707317,0.5121951219512195,0.7073170731707317,0.5121951219512195,0.24390243902439024,0.0,0.0,1.0,4.0,2.0,4.0,6.0,2.0,5.0,1.0,6.0,4.0,6.0,2.0,2.0,2.3515559293523967,1.105130361648444,0.19596299411269977,0.026063819483318484,-0.059171238074997905,1.2262405382674517,0.19217830109335576,0.17479674796747965,0.17886178861788618,0.02032520325203253,0.13414634146341464,0.14634146341463414,OK,
freeze,score_only,fused_fisher,1.0,0.75,budget_only,count,0.1,0.15,0.1,80,41,4,41,0.5125,0.05,0.5125,1.2262405382674517,0.19217830109335576,5.926829268292683,0.6829268292682927,1.0,-0.31707317073170727,0.7804878048780488,0.6341463414634146,0.7804878048780488,0.6341463414634146,0.24390243902439024,0.0,0.0,1.0,2.0,2.0,2.0,6.0,2.0,5.0,1.0,6.0,2.0,6.0,1.0,2.0,2.3162321278385196,1.024390243902439,0.1930193439865433,0.026063819483318484,0.02644053413740353,1.2262405382674517,0.19217830109335576,0.2926829268292683,0.2682926829268293,0.008130081300813012,0.16260162601626016,0.23577235772357727,OK,
freeze,score_only,fused_fisher,1.0,1.0,budget_only,count,0.1,0.15,0.1,80,41,4,41,0.5125,0.05,0.5125,1.2262405382674517,0.19217830109335576,5.926829268292683,0.6341463414634146,1.0,-0.36585365853658536,0.7804878048780488,0.6341463414634146,0.7804878048780488,0.6341463414634146,0.24390243902439024,0.0,0.0,1.0,2.0,2.0,2.0,6.0,2.0,5.0,1.0,6.0,2.0,6.0,1.0,2.0,2.230445752733389,0.9638351555929353,0.18587047939444912,0.026063819483318484,0.12625675851323764,1.2262405382674517,0.19217830109335576,0.2926829268292683,0.25609756097560976,0.08943089430894309,0.17886178861788618,0.22357723577235772,OK,
freeze,score_only,fused_fisher_lrt_delta,INFEASIBLE,0.25,budget_only,count,INFEASIBLE,INFEASIBLE,INFEASIBLE,INFEASIBLE,INFEASIBLE,INFEASIBLE,INFEASIBLE,INFEASIBLE,INFEASIBLE,INFEASIBLE,INFEASIBLE,INFEASIBLE,INFEASIBLE,INFEASIBLE,INFEASIBLE,INFEASIBLE,INFEASIBLE,INFEASIBLE,INFEASIBLE,INFEASIBLE,INFEASIBLE,INFEASIBLE,INFEASIBLE,,INFEASIBLE,INFEASIBLE,INFEASIBLE,INFEASIBLE,INFEASIBLE,INFEASIBLE,INFEASIBLE,INFEASIBLE,INFEASIBLE,INFEASIBLE,INFEASIBLE,INFEASIBLE,INFEASIBLE,INFEASIBLE,INFEASIBLE,INFEASIBLE,INFEASIBLE,INFEASIBLE,INFEASIBLE,INFEASIBLE,INFEASIBLE,INFEASIBLE,INFEASIBLE,INFEASIBLE,INFEASIBLE,no_trials_in_band
freeze,score_only,fused_fisher_lrt_delta,INFEASIBLE,0.5,budget_only,count,INFEASIBLE,INFEASIBLE,INFEASIBLE,INFEASIBLE,INFEASIBLE,INFEASIBLE,INFEASIBLE,INFEASIBLE,INFEASIBLE,INFEASIBLE,INFEASIBLE,INFEASIBLE,INFEASIBLE,INFEASIBLE,INFEASIBLE,INFEASIBLE,INFEASIBLE,INFEASIBLE,INFEASIBLE,INFEASIBLE,INFEASIBLE,INFEASIBLE,INFEASIBLE,,INFEASIBLE,INFEASIBLE,INFEASIBLE,INFEASIBLE,INFEASIBLE,INFEASIBLE,INFEASIBLE,INFEASIBLE,INFEASIBLE,INFEASIBLE,INFEASIBLE,INFEASIBLE,INFEASIBLE,INFEASIBLE,INFEASIBLE,INFEASIBLE,INFEASIBLE,INFEASIBLE,INFEASIBLE,INFEASIBLE,INFEASIBLE,INFEASIBLE,INFEASIBLE,INFEASIBLE,INFEASIBLE,no_trials_in_band
freeze,score_only,fused_fisher_lrt_delta,INFEASIBLE,0.75,budget_only,count,INFEASIBLE,INFEASIBLE,INFEASIBLE,INFEASIBLE,INFEASIBLE,INFEASIBLE,INFEASIBLE,INFEASIBLE,INFEASIBLE,INFEASIBLE,INFEASIBLE,INFEASIBLE,INFEASIBLE,INFEASIBLE,INFEASIBLE,INFEASIBLE,INFEASIBLE,INFEASIBLE,INFEASIBLE,INFEASIBLE,INFEASIBLE,INFEASIBLE,INFEASIBLE,,INFEASIBLE,INFEASIBLE,INFEASIBLE,INFEASIBLE,INFEASIBLE,INFEASIBLE,INFEASIBLE,INFEASIBLE,INFEASIBLE,INFEASIBLE,INFEASIBLE,INFEASIBLE,INFEASIBLE,INFEASIBLE,INFEASIBLE,INFEASIBLE,INFEASIBLE,INFEASIBLE,INFEASIBLE,INFEASIBLE,INFEASIBLE,INFEASIBLE,INFEASIBLE,INFEASIBLE,INFEASIBLE,no_trials_in_band
freeze,score_only,fused_fisher_lrt_delta,INFEASIBLE,1.0,budget_only,count,INFEASIBLE,INFEASIBLE,INFEASIBLE,INFEASIBLE,INFEASIBLE,INFEASIBLE,INFEASIBLE,INFEASIBLE,INFEASIBLE,INFEASIBLE,INFEASIBLE,INFEASIBLE,INFEASIBLE,INFEASIBLE,INFEASIBLE,INFEASIBLE,INFEASIBLE,INFEASIBLE,INFEASIBLE,INFEASIBLE,INFEASIBLE,INFEASIBLE,INFEASIBLE,,INFEASIBLE,INFEASIBLE,INFEASIBLE,INFEASIBLE,INFEASIBLE,INFEASIBLE,INFEASIBLE,INFEASIBLE,INFEASIBLE,INFEASIBLE,INFEASIBLE,INFEASIBLE,INFEASIBLE,INFEASIBLE,INFEASIBLE,INFEASIBLE,INFEASIBLE,INFEASIBLE,INFEASIBLE,INFEASIBLE,INFEASIBLE,INFEASIBLE,INFEASIBLE,INFEASIBLE,INFEASIBLE,no_trials_in_band
freeze,score_only,fused_sp,1.0,0.25,budget_only,count,0.1,0.15,0.1,80,55,1,55,0.6875,0.0125,0.6875,0.8275862068965522,0.23385579937304074,4.0,0.01818181818181818,0.01818181818181818,0.0,0.14545454545454545,0.12727272727272726,0.14545454545454545,0.12727272727272726,0.12727272727272726,0.01818181818181818,0.01818181818181818,1.0,6.0,6.0,6.0,6.0,6.0,6.0,6.0,6.0,6.0,6.0,2.0,2.0,2.8137931034482757,0.8351097178683391,0.23448275862068962,0.013538188137975148,-0.3152921051920658,0.8275862068965522,0.23385579937304074,0.0,0.0,0.0,0.0,0.0,OK,
freeze,score_only,fused_sp,1.0,0.5,budget_only,count,0.1,0.15,0.1,80,55,1,55,0.6875,0.0125,0.6875,0.8275862068965522,0.23385579937304074,4.0,0.01818181818181818,0.01818181818181818,0.0,0.14545454545454545,0.12727272727272726,0.14545454545454545,0.12727272727272726,0.12727272727272726,0.01818181818181818,0.01818181818181818,1.0,6.0,6.0,6.0,6.0,6.0,6.0,6.0,6.0,6.0,6.0,2.0,2.0,2.817554858934169,0.8351097178683391,0.23479623824451407,0.013538188137975148,-0.36439999484562774,0.8275862068965522,0.23385579937304074,0.00909090909090909,0.006172839506172839,-0.00909090909090909,0.00909090909090909,0.00617283950617284,OK,
freeze,score_only,fused_sp,1.0,0.75,budget_only,count,0.1,0.15,0.1,80,55,1,55,0.6875,0.0125,0.6875,0.8275862068965522,0.23385579937304074,4.0,0.01818181818181818,0.01818181818181818,0.0,0.14545454545454545,0.12727272727272726,0.14545454545454545,0.12727272727272726,0.12727272727272726,0.01818181818181818,0.01818181818181818,1.0,6.0,6.0,6.0,6.0,6.0,6.0,6.0,6.0,6.0,6.0,2.0,2.0,2.817554858934169,0.8351097178683391,0.23479623824451407,0.013538188137975148,-0.19939739768832657,0.8275862068965522,0.23385579937304074,0.01515151515151515,0.006172839506172839,-0.01515151515151515,0.01515151515151515,0.00617283950617284,OK,
freeze,score_only,fused_sp,1.0,1.0,budget_only,count,0.1,0.15,0.1,80,55,1,55,0.6875,0.0125,0.6875,0.8275862068965522,0.23385579937304074,4.0,0.01818181818181818,0.01818181818181818,0.0,0.16363636363636364,0.14545454545454545,0.16363636363636364,0.14545454545454545,0.14545454545454545,0.01818181818181818,0.01818181818181818,1.0,6.0,6.0,6.0,6.0,6.0,6.0,6.0,6.0,6.0,6.0,2.0,2.0,2.843887147335424,0.8463949843260192,0.23699059561128524,0.013538188137975148,0.13336871161587763,0.8275862068965522,0.23385579937304074,0.0030303030303030303,0.037037037037037035,0.0030303030303030303,0.0030303030303030303,0.037037037037037035,OK,
freeze,score_only,fused_sp_lrt_delta,1.0,0.25,budget_only,count,0.1,0.15,0.1,80,55,2,55,0.6875,0.025,0.6875,0.8275862068965522,0.21849529780564259,4.0,0.01818181818181818,0.01818181818181818,0.0,0.10909090909090909,0.09090909090909091,0.10909090909090909,0.09090909090909091,0.09090909090909091,0.01818181818181818,0.01818181818181818,1.0,6.0,6.0,6.0,6.0,6.0,6.0,6.0,6.0,6.0,6.0,2.0,2.0,2.636990595611284,0.8388714733542324,0.21974921630094038,0.01304074217539798,-0.2678566477908861,0.8275862068965522,0.21849529780564259,0.00909090909090909,0.006172839506172839,-0.00909090909090909,0.00909090909090909,0.00617283950617284,OK,
freeze,score_only,fused_sp_lrt_delta,1.0,0.5,budget_only,count,0.1,0.15,0.1,80,55,2,55,0.6875,0.025,0.6875,0.8275862068965522,0.21849529780564259,4.0,0.01818181818181818,0.01818181818181818,0.0,0.10909090909090909,0.09090909090909091,0.10909090909090909,0.09090909090909091,0.09090909090909091,0.01818181818181818,0.01818181818181818,1.0,6.0,6.0,6.0,6.0,6.0,6.0,6.0,6.0,6.0,6.0,5.0,2.0,2.6445141065830704,0.8463949843260192,0.22037617554858926,0.01304074217539798,-0.286256077100383,0.8275862068965522,0.21849529780564259,0.01515151515151515,0.018518518518518517,-0.015151515151515154,0.015151515151515154,0.018518518518518517,OK,
freeze,score_only,fused_sp_lrt_delta,1.0,0.75,budget_only,count,0.1,0.15,0.1,80,55,2,55,0.6875,0.025,0.6875,0.8275862068965522,0.21849529780564259,4.0,0.01818181818181818,0.01818181818181818,0.0,0.10909090909090909,0.09090909090909091,0.10909090909090909,0.09090909090909091,0.09090909090909091,0.01818181818181818,0.01818181818181818,1.0,6.0,6.0,6.0,6.0,6.0,6.0,6.0,6.0,6.0,6.0,2.0,2.0,2.6445141065830704,0.8463949843260192,0.22037617554858926,0.01304074217539798,-0.13117117971753753,0.8275862068965522,0.21849529780564259,0.01515151515151515,0.018518518518518517,-0.015151515151515154,0.015151515151515154,0.018518518518518517,OK,
freeze,score_only,fused_sp_lrt_delta,1.0,1.0,budget_only,count,0.1,0.15,0.1,80,55,2,55,0.6875,0.025,0.6875,0.8275862068965522,0.21849529780564259,4.0,0.01818181818181818,0.01818181818181818,0.0,0.16363636363636364,0.14545454545454545,0.16363636363636364,0.14545454545454545,0.14545454545454545,0.01818181818181818,0.01818181818181818,1.0,6.0,6.0,6.0,6.0,6.0,6.0,6.0,6.0,6.0,6.0,2.0,2.0,2.6482758620689646,0.8351097178683389,0.22068965517241376,0.01304074217539798,0.13668634952212175,0.8275862068965522,0.21849529780564259,0.021212121212121213,0.12345679012345677,0.02121212121212121,0.02121212121212121,0.09876543209876541,OK,
freeze,score_only,max_abs,1.0,0.25,budget_only,count,0.1,0.15,0.1,80,59,0,59,0.7375,0.0,0.7375,0.8275862068965519,0.2457627118644068,4.0,0.05084745762711865,0.05084745762711865,0.0,0.1864406779661017,0.1864406779661017,0.1864406779661017,0.1864406779661017,0.13559322033898305,0.0,0.0,1.0,6.0,6.0,6.0,6.0,6.0,6.0,6.0,6.0,6.0,6.0,1.0,1.0,2.949152542372881,0.8275862068965519,0.2457627118644068,0.059016430848545465,0.0792160585069496,0.8275862068965519,0.2457627118644068,0.0,0.0,0.0,0.0,0.0,OK,
freeze,score_only,max_abs,1.0,0.5,budget_only,count,0.1,0.15,0.1,80,59,0,59,0.7375,0.0,0.7375,0.8275862068965519,0.2457627118644068,4.0,0.05084745762711865,0.05084745762711865,0.0,0.1864406779661017,0.1864406779661017,0.1864406779661017,0.1864406779661017,0.13559322033898305,0.0,0.0,1.0,6.0,6.0,6.0,6.0,6.0,6.0,6.0,6.0,6.0,6.0,1.0,1.0,2.949152542372881,0.8275862068965519,0.2457627118644068,0.059016430848545465,0.12218735180443857,0.8275862068965519,0.2457627118644068,0.0,0.0,0.0,0.0,0.0,OK,
freeze,score_only,max_abs,1.0,0.75,budget_only,count,0.1,0.15,0.1,80,59,0,59,0.7375,0.0,0.7375,0.8275862068965519,0.2457627118644068,4.0,0.05084745762711865,0.05084745762711865,0.0,0.1864406779661017,0.1864406779661017,0.1864406779661017,0.1864406779661017,0.13559322033898305,0.0,0.0,1.0,6.0,6.0,6.0,6.0,6.0,6.0,6.0,6.0,6.0,6.0,1.0,1.0,2.938632378725891,0.8170660432495619,0.24488603156049096,0.059016430848545465,0.36642124748642185,0.8275862068965519,0.2457627118644068,0.0,0.0,0.0,0.0,0.0,OK,
freeze,score_only,max_abs,1.0,1.0,budget_only,count,0.1,0.15,0.1,80,59,0,59,0.7375,0.0,0.7375,0.8275862068965519,0.2457627118644068,4.0,0.05084745762711865,0.05084745762711865,0.0,0.2033898305084746,0.2033898305084746,0.2033898305084746,0.2033898305084746,0.15254237288135594,0.0,0.0,1.0,6.0,6.0,6.0,6.0,6.0,6.0,6.0,6.0,6.0,6.0,1.0,1.0,2.938632378725891,0.8170660432495619,0.24488603156049096,0.059016430848545465,0.7074608957427535,0.8275862068965519,0.2457627118644068,0.002824858757062147,0.0,0.002824858757062147,0.002824858757062147,0.0,OK,
freeze,score_only,pc_t2,1.0,0.25,budget_only,count,0.1,0.15,0.1,80,58,6,58,0.725,0.075,0.725,0.8275862068965518,0.21521997621878708,4.0,0.06896551724137931,0.06896551724137931,0.0,0.13793103448275862,0.08620689655172414,0.13793103448275862,0.08620689655172414,0.06896551724137931,0.05172413793103448,0.05172413793103448,1.0,6.0,6.0,6.0,6.0,6.0,6.0,6.0,6.0,6.0,6.0,2.0,2.0,2.582639714625445,0.8275862068965518,0.21521997621878708,0.017775384031334645,-0.14892854227479368,0.8275862068965518,0.21521997621878708,0.0028735632183908046,0.0,0.0028735632183908046,0.0028735632183908046,0.0,OK,
freeze,score_only,pc_t2,1.0,0.5,budget_only,count,0.1,0.15,0.1,80,58,6,58,0.725,0.075,0.725,0.8275862068965518,0.21521997621878708,4.0,0.06896551724137931,0.06896551724137931,0.0,0.1724137931034483,0.1206896551724138,0.1724137931034483,0.1206896551724138,0.10344827586206896,0.05172413793103448,0.05172413793103448,1.0,6.0,6.0,6.0,6.0,6.0,6.0,6.0,6.0,6.0,6.0,2.0,2.0,2.582639714625445,0.8275862068965518,0.21521997621878708,0.017775384031334645,-0.09989757836461496,0.8275862068965518,0.21521997621878708,0.011494252873563218,0.0,0.01149425287356322,0.01149425287356322,0.0,OK,
freeze,score_only,pc_t2,1.0,0.75,budget_only,count,0.1,0.15,0.1,80,58,6,58,0.725,0.075,0.725,0.8275862068965518,0.21521997621878708,4.0,0.06896551724137931,0.06896551724137931,0.0,0.1724137931034483,0.1206896551724138,0.1724137931034483,0.1206896551724138,0.10344827586206896,0.05172413793103448,0.05172413793103448,1.0,6.0,6.0,6.0,6.0,6.0,6.0,6.0,6.0,6.0,6.0,2.0,2.0,2.582639714625445,0.8275862068965518,0.21521997621878708,0.017775384031334645,0.08989453004650536,0.8275862068965518,0.21521997621878708,0.014367816091954021,0.0,0.014367816091954021,0.014367816091954021,0.0,OK,
freeze,score_only,pc_t2,1.0,1.0,budget_only,count,0.1,0.15,0.1,80,58,6,58,0.725,0.075,0.725,0.8275862068965518,0.21521997621878708,4.0,0.06896551724137931,0.06896551724137931,0.0,0.1896551724137931,0.13793103448275862,0.1896551724137931,0.13793103448275862,0.1206896551724138,0.05172413793103448,0.05172413793103448,1.0,6.0,6.0,6.0,6.0,6.0,6.0,6.0,6.0,6.0,6.0,2.0,2.0,2.582639714625445,0.8275862068965518,0.21521997621878708,0.017775384031334645,0.4432058377899434,0.8275862068965518,0.21521997621878708,0.02011494252873563,0.0,0.02011494252873563,0.02011494252873563,0.0,OK,
freeze,score_only,res_energy,1.0,0.25,budget_only,count,0.1,0.15,0.1,80,55,1,55,0.6875,0.0125,0.6875,0.8275862068965522,0.23385579937304074,4.0,0.01818181818181818,0.01818181818181818,0.0,0.14545454545454545,0.12727272727272726,0.14545454545454545,0.12727272727272726,0.12727272727272726,0.01818181818181818,0.01818181818181818,1.0,6.0,6.0,6.0,6.0,6.0,6.0,6.0,6.0,6.0,6.0,2.0,2.0,2.8363636363636364,0.8463949843260192,0.23636363636363633,0.02367032024673624,-0.2839898799536471,0.8275862068965522,0.23385579937304074,0.006060606060606061,0.018518518518518517,-0.006060606060606059,0.006060606060606059,0.018518518518518517,OK,
freeze,score_only,res_energy,1.0,0.5,budget_only,count,0.1,0.15,0.1,80,55,1,55,0.6875,0.0125,0.6875,0.8275862068965522,0.23385579937304074,4.0,0.01818181818181818,0.01818181818181818,0.0,0.14545454545454545,0.12727272727272726,0.14545454545454545,0.12727272727272726,0.12727272727272726,0.01818181818181818,0.01818181818181818,1.0,6.0,6.0,6.0,6.0,6.0,6.0,6.0,6.0,6.0,6.0,2.0,2.0,2.8551724137931034,0.8463949843260192,0.23793103448275862,0.02367032024673624,-0.3030500523799501,0.8275862068965522,0.23385579937304074,0.02121212121212121,0.037037037037037035,-0.02121212121212121,0.02121212121212121,0.037037037037037035,OK,
freeze,score_only,res_energy,1.0,0.75,budget_only,count,0.1,0.15,0.1,80,55,1,55,0.6875,0.0125,0.6875,0.8275862068965522,0.23385579937304074,4.0,0.0,0.01818181818181818,-0.01818181818181818,0.12727272727272726,0.12727272727272726,0.12727272727272726,0.12727272727272726,0.12727272727272726,0.01818181818181818,0.01818181818181818,1.0,6.0,6.0,6.0,6.0,6.0,6.0,6.0,6.0,6.0,6.0,NA,2.0,2.847648902821317,0.8426332288401258,0.2373040752351097,0.02367032024673624,-0.16244656999036672,0.8275862068965522,0.23385579937304074,0.0303030303030303,0.030864197530864196,-0.0303030303030303,0.0303030303030303,0.030864197530864196,OK,
freeze,score_only,res_energy,1.0,1.0,budget_only,count,0.1,0.15,0.1,80,55,1,55,0.6875,0.0125,0.6875,0.8275862068965522,0.23385579937304074,4.0,0.0,0.01818181818181818,-0.01818181818181818,0.14545454545454545,0.14545454545454545,0.14545454545454545,0.14545454545454545,0.14545454545454545,0.01818181818181818,0.01818181818181818,1.0,6.0,6.0,6.0,6.0,6.0,6.0,6.0,6.0,6.0,6.0,NA,2.0,2.847648902821317,0.8426332288401258,0.2373040752351097,0.02367032024673624,0.13528699232344538,0.8275862068965522,0.23385579937304074,0.01515151515151515,0.030864197530864196,-0.00909090909090909,0.01515151515151515,0.030864197530864196,OK,
freeze,score_only,stale,INFEASIBLE,0.25,budget_only,count,INFEASIBLE,INFEASIBLE,INFEASIBLE,INFEASIBLE,INFEASIBLE,INFEASIBLE,INFEASIBLE,INFEASIBLE,INFEASIBLE,INFEASIBLE,INFEASIBLE,INFEASIBLE,INFEASIBLE,INFEASIBLE,INFEASIBLE,INFEASIBLE,INFEASIBLE,INFEASIBLE,INFEASIBLE,INFEASIBLE,INFEASIBLE,INFEASIBLE,INFEASIBLE,,INFEASIBLE,INFEASIBLE,INFEASIBLE,INFEASIBLE,INFEASIBLE,INFEASIBLE,INFEASIBLE,INFEASIBLE,INFEASIBLE,INFEASIBLE,INFEASIBLE,INFEASIBLE,INFEASIBLE,INFEASIBLE,INFEASIBLE,INFEASIBLE,INFEASIBLE,INFEASIBLE,INFEASIBLE,INFEASIBLE,INFEASIBLE,INFEASIBLE,INFEASIBLE,INFEASIBLE,INFEASIBLE,no_trials_in_band
freeze,score_only,stale,INFEASIBLE,0.5,budget_only,count,INFEASIBLE,INFEASIBLE,INFEASIBLE,INFEASIBLE,INFEASIBLE,INFEASIBLE,INFEASIBLE,INFEASIBLE,INFEASIBLE,INFEASIBLE,INFEASIBLE,INFEASIBLE,INFEASIBLE,INFEASIBLE,INFEASIBLE,INFEASIBLE,INFEASIBLE,INFEASIBLE,INFEASIBLE,INFEASIBLE,INFEASIBLE,INFEASIBLE,INFEASIBLE,,INFEASIBLE,INFEASIBLE,INFEASIBLE,INFEASIBLE,INFEASIBLE,INFEASIBLE,INFEASIBLE,INFEASIBLE,INFEASIBLE,INFEASIBLE,INFEASIBLE,INFEASIBLE,INFEASIBLE,INFEASIBLE,INFEASIBLE,INFEASIBLE,INFEASIBLE,INFEASIBLE,INFEASIBLE,INFEASIBLE,INFEASIBLE,INFEASIBLE,INFEASIBLE,INFEASIBLE,INFEASIBLE,no_trials_in_band
freeze,score_only,stale,INFEASIBLE,0.75,budget_only,count,INFEASIBLE,INFEASIBLE,INFEASIBLE,INFEASIBLE,INFEASIBLE,INFEASIBLE,INFEASIBLE,INFEASIBLE,INFEASIBLE,INFEASIBLE,INFEASIBLE,INFEASIBLE,INFEASIBLE,INFEASIBLE,INFEASIBLE,INFEASIBLE,INFEASIBLE,INFEASIBLE,INFEASIBLE,INFEASIBLE,INFEASIBLE,INFEASIBLE,INFEASIBLE,,INFEASIBLE,INFEASIBLE,INFEASIBLE,INFEASIBLE,INFEASIBLE,INFEASIBLE,INFEASIBLE,INFEASIBLE,INFEASIBLE,INFEASIBLE,INFEASIBLE,INFEASIBLE,INFEASIBLE,INFEASIBLE,INFEASIBLE,INFEASIBLE,INFEASIBLE,INFEASIBLE,INFEASIBLE,INFEASIBLE,INFEASIBLE,INFEASIBLE,INFEASIBLE,INFEASIBLE,INFEASIBLE,no_trials_in_band
freeze,score_only,stale,INFEASIBLE,1.0,budget_only,count,INFEASIBLE,INFEASIBLE,INFEASIBLE,INFEASIBLE,INFEASIBLE,INFEASIBLE,INFEASIBLE,INFEASIBLE,INFEASIBLE,INFEASIBLE,INFEASIBLE,INFEASIBLE,INFEASIBLE,INFEASIBLE,INFEASIBLE,INFEASIBLE,INFEASIBLE,INFEASIBLE,INFEASIBLE,INFEASIBLE,INFEASIBLE,INFEASIBLE,INFEASIBLE,,INFEASIBLE,INFEASIBLE,INFEASIBLE,INFEASIBLE,INFEASIBLE,INFEASIBLE,INFEASIBLE,INFEASIBLE,INFEASIBLE,INFEASIBLE,INFEASIBLE,INFEASIBLE,INFEASIBLE,INFEASIBLE,INFEASIBLE,INFEASIBLE,INFEASIBLE,INFEASIBLE,INFEASIBLE,INFEASIBLE,INFEASIBLE,INFEASIBLE,INFEASIBLE,INFEASIBLE,INFEASIBLE,no_trials_in_band
